SAMPLE	BIN1	BIN1_CONTIGS	BIN1_GC_BIN	BIN1_GC	BIN1_GD	BIN1_RD	BIN2	BIN2_CONTIGS	BIN2_GC_BIN	BIN2_GC	BIN2_GD	BIN2_RD	MERGE_GC_BIN	MERGE_GC	MERGE_GD	MERGE_RD	MERGE_PATH	MILP_INFEASIBLE	BINS_OVERLAP	IS_SUBSET
ecol-SAMN34360976	PBF_P1	Contig:2:605.281:Circ:4083	4	0.0	0.3921804439202341	16.344141796035434	PBF_P2	Contig:1:281.939:Circ:5167	4	0.0	0.41552772888935496	7.429865117192205	0	0	0	0		1	False	0
ecol-SAMN34360976	PBF_P1	Contig:2:605.281:Circ:4083	4	0.0	0.3921804439202341	16.344141796035434	PBF_P3	Contig:14:49.2463:2026,Contig:48:33.4734:4448,Contig:33:19.5427:5p:1:17:195,Contig:29:50.8221:6767,Contig:33:19.5427:5p:1:14:721,Contig:7:47.512:906,Contig:58:37.3871:10521,Contig:87:31.9918:14520,Contig:46:131.5:2581,Contig:33:19.5427:5p:1:25:345,Contig:57:39.0322:6279,Contig:68:266.912:1075,Contig:9:27.9971:84970,Contig:66:63.8858:3442,Contig:91:38.1459:21996,Contig:105:57.2663:683,Contig:84:33.6905:2536,Contig:85:47.5788:1950,Contig:33:19.5427:5p:1:19:758,Contig:50:36.6783:2262,Contig:75:50.0161:9115,Contig:67:17.0134:3037,Contig:17:203.796:2532,Contig:33:19.5427:5p:1:21:197,Contig:33:19.5427:5p:1:22:197	5	-0.8263251448612541	5.194068721478025	0.43435581710162185	0	0	0	0		1	False	0
ecol-SAMN34360976	PBF_P1	Contig:2:605.281:Circ:4083	4	0.0	0.3921804439202341	16.344141796035434	PBF_P4	Contig:105:57.2663:683,Contig:17:203.796:2532,Contig:109:15.6801:6676,Contig:46:131.5:2581,Contig:48:33.4734:4448,Contig:29:50.8221:6767,Contig:28:55.4552:3222,Contig:33:19.5427:5p:1:14:721,Contig:7:47.512:906	5	-0.2407271171858534	3.047599609223893	0.3997083399547814	0	0	0	0		1	False	0
ecol-SAMN34360976	PBF_P1	Contig:2:605.281:Circ:4083	4	0.0	0.3921804439202341	16.344141796035434	PBF_P5	Contig:17:203.796:2532,Contig:14:49.2463:2026,Contig:22:19.9961:7745,Contig:91:38.1459:21996,Contig:50:36.6783:2262,Contig:58:37.3871:10521	4	-0.14416845201924633	1.8105096069297442	0.569802231217614	0	0	0	0		1	False	0
ecol-SAMN34360976	PBF_P1	Contig:2:605.281:Circ:4083	4	0.0	0.3921804439202341	16.344141796035434	PBF_P6	Contig:109:15.6801:6676,Contig:35:27.1225:3p:1:5:768,Contig:33:19.5427:5p:1:17:195,Contig:48:33.4734:4448,Contig:33:19.5427:5p:1:14:721,Contig:7:47.512:906,Contig:46:131.5:2581,Contig:92:72.6673:491,Contig:68:266.912:1075,Contig:66:63.8858:3442,Contig:80:19.5415:17655,Contig:108:39.7852:216184,Contig:105:57.2663:683,Contig:56:37.6907:54984,Contig:85:47.5788:1950,Contig:20:16.1633:5161,Contig:68:266.912:3p:1:11:175,Contig:75:50.0161:9115,Contig:17:203.796:2532,Contig:15:71.2227:1085,Contig:110:29.6544:22613	5	-0.5603532000852809	2.3136883765177263	0.3997083399547814	0	0	0	0		1	False	0
ecol-SAMN34360976	PBF_P1	Contig:2:605.281:Circ:4083	4	0.0	0.3921804439202341	16.344141796035434	PBF_P7	Contig:100:21.512:3p:1:15:153,Contig:100:21.512:9730,Contig:100:21.512:3p:1:19:768	5	-0.06683380601889369	1.366072457032017	0.630194383803849	0	0	0	0		1	False	0
ecol-SAMN34360976	PBF_P1	Contig:2:605.281:Circ:4083	4	0.0	0.3921804439202341	16.344141796035434	PBF_P8	Contig:17:203.796:2532,Contig:33:19.5427:5p:1:10:197,Contig:33:19.5427:5p:1:13:662,Contig:54:19.3855:4737,Contig:7:47.512:906,Contig:33:19.5427:5p:1:6:345	5	-0.06861507075030374	1.6990618524851098	0.539689122252338	0	0	0	0		1	False	0
ecol-SAMN34360976	PBF_P1	Contig:2:605.281:Circ:4083	4	0.0	0.3921804439202341	16.344141796035434	PBF_P9	Contig:35:27.1225:3p:1:5:768,Contig:46:131.5:2581,Contig:81:30.8277:634,Contig:56:37.6907:54984,Contig:28:55.4552:3222,Contig:20:16.1633:5161	4	-0.15135903264627815	1.482246473564607	0.486251247957509	0	0	0	0		1	False	0
ecol-SAMN34360976	PBF_P1	Contig:2:605.281:Circ:4083	4	0.0	0.3921804439202341	16.344141796035434	PBF_P10	Contig:33:19.5427:5p:1:17:195,Contig:85:47.5788:1950,Contig:68:266.912:1075,Contig:66:63.8858:3442,Contig:15:71.2227:1085,Contig:31:44.343:14167,Contig:75:50.0161:9115	5	-0.13788120173319116	1.0230946176643694	1.098250812540129	0	0	0	0		1	False	0
ecol-SAMN34360976	PBF_P1	Contig:2:605.281:Circ:4083	4	0.0	0.3921804439202341	16.344141796035434	PBF_P11	Contig:100:21.512:3p:1:19:768,Contig:63:37.8939:3804	4	-0.01642460250409916	0.650641413176921	0.8780122443524789	0	0	0	0		1	False	0
ecol-SAMN34360976	PBF_P1	Contig:2:605.281:Circ:4083	4	0.0	0.3921804439202341	16.344141796035434	PBF_P12	Contig:100:21.512:3p:1:19:768,Contig:79:20.8518:13042	5	0.0	0.8346469748155008	0.6559141735370035	0	0	0	0		1	False	0
ecol-SAMN34360976	PBF_P1	Contig:2:605.281:Circ:4083	4	0.0	0.3921804439202341	16.344141796035434	PBF_P13	Contig:33:19.5427:5p:1:10:197,Contig:33:19.5427:5p:1:13:662,Contig:33:19.5427:5200,Contig:33:19.5427:5p:1:6:345	4	-0.02346739696836342	0.9604088569207765	0.5161995997906708	0	0	0	0		1	False	0
ecol-SAMN34360976	PBF_P1	Contig:2:605.281:Circ:4083	4	0.0	0.3921804439202341	16.344141796035434	PBF_P14	Contig:46:131.5:2581,Contig:38:45.546:10937	4	0.0	0.28725265796832866	1.0760570545585717	0	0	0	0		1	False	0
ecol-SAMN34360976	PBF_P1	Contig:2:605.281:Circ:4083	4	0.0	0.3921804439202341	16.344141796035434	PBF_P15	Contig:10:37.5897:21311,Contig:71:83.4099:1039	4	0.0	0.2542309679635466	0.9336474583470066	0	0	0	0		1	False	0
ecol-SAMN34360976	PBF_P1	Contig:2:605.281:Circ:4083	4	0.0	0.3921804439202341	16.344141796035434	PBF_P16	Contig:35:27.1225:3p:1:5:768,Contig:46:131.5:2581,Contig:56:37.6907:54984,Contig:28:55.4552:3222	4	-0.090303535720239	0.5395417535346272	1.0484804382555684	0	0	0	0		1	False	0
ecol-SAMN34360976	PBF_P1	Contig:2:605.281:Circ:4083	4	0.0	0.3921804439202341	16.344141796035434	PBF_P17	Contig:72:19.235:5610	5	0.0	0.49502657385116255	0.5430305579317777	0	0	0	0		1	False	0
ecol-SAMN34360976	PBF_P1	Contig:2:605.281:Circ:4083	4	0.0	0.3921804439202341	16.344141796035434	PBF_P18	Contig:19:18.0589:4727	5	0.0	0.46720675908107856	0.5362761254509049	0	0	0	0		1	False	0
ecol-SAMN34360976	PBF_P1	Contig:2:605.281:Circ:4083	4	0.0	0.3921804439202341	16.344141796035434	PBF_P19	Contig:82:16.7543:6202	4	0.0	0.4948457396136756	0.4548629802200033	0	0	0	0		1	False	0
ecol-SAMN34360976	PBF_P1	Contig:2:605.281:Circ:4083	4	0.0	0.3921804439202341	16.344141796035434	PBF_P20	Contig:117:15.8693:9882	4	0.0	0.4886923886243768	0.43593623321650865	0	0	0	0		1	False	0
ecol-SAMN34360976	PBF_P1	Contig:2:605.281:Circ:4083	4	0.0	0.3921804439202341	16.344141796035434	PBF_P21	Contig:44:16.9058:7535	4	0.0	0.32792204538485603	0.43604927166256063	0	0	0	0		1	False	0
ecol-SAMN34360976	PBF_P2	Contig:1:281.939:Circ:5167	4	0.0	0.41552772888935496	7.429865117192205	PBF_P3	Contig:14:49.2463:2026,Contig:48:33.4734:4448,Contig:33:19.5427:5p:1:17:195,Contig:29:50.8221:6767,Contig:33:19.5427:5p:1:14:721,Contig:7:47.512:906,Contig:58:37.3871:10521,Contig:87:31.9918:14520,Contig:46:131.5:2581,Contig:33:19.5427:5p:1:25:345,Contig:57:39.0322:6279,Contig:68:266.912:1075,Contig:9:27.9971:84970,Contig:66:63.8858:3442,Contig:91:38.1459:21996,Contig:105:57.2663:683,Contig:84:33.6905:2536,Contig:85:47.5788:1950,Contig:33:19.5427:5p:1:19:758,Contig:50:36.6783:2262,Contig:75:50.0161:9115,Contig:67:17.0134:3037,Contig:17:203.796:2532,Contig:33:19.5427:5p:1:21:197,Contig:33:19.5427:5p:1:22:197	5	-0.8263251448612541	5.194068721478025	0.43435581710162185	0	0	0	0		1	False	0
ecol-SAMN34360976	PBF_P2	Contig:1:281.939:Circ:5167	4	0.0	0.41552772888935496	7.429865117192205	PBF_P4	Contig:105:57.2663:683,Contig:17:203.796:2532,Contig:109:15.6801:6676,Contig:46:131.5:2581,Contig:48:33.4734:4448,Contig:29:50.8221:6767,Contig:28:55.4552:3222,Contig:33:19.5427:5p:1:14:721,Contig:7:47.512:906	5	-0.2407271171858534	3.047599609223893	0.3997083399547814	0	0	0	0		1	False	0
ecol-SAMN34360976	PBF_P2	Contig:1:281.939:Circ:5167	4	0.0	0.41552772888935496	7.429865117192205	PBF_P5	Contig:17:203.796:2532,Contig:14:49.2463:2026,Contig:22:19.9961:7745,Contig:91:38.1459:21996,Contig:50:36.6783:2262,Contig:58:37.3871:10521	4	-0.14416845201924633	1.8105096069297442	0.569802231217614	0	0	0	0		1	False	0
ecol-SAMN34360976	PBF_P2	Contig:1:281.939:Circ:5167	4	0.0	0.41552772888935496	7.429865117192205	PBF_P6	Contig:109:15.6801:6676,Contig:35:27.1225:3p:1:5:768,Contig:33:19.5427:5p:1:17:195,Contig:48:33.4734:4448,Contig:33:19.5427:5p:1:14:721,Contig:7:47.512:906,Contig:46:131.5:2581,Contig:92:72.6673:491,Contig:68:266.912:1075,Contig:66:63.8858:3442,Contig:80:19.5415:17655,Contig:108:39.7852:216184,Contig:105:57.2663:683,Contig:56:37.6907:54984,Contig:85:47.5788:1950,Contig:20:16.1633:5161,Contig:68:266.912:3p:1:11:175,Contig:75:50.0161:9115,Contig:17:203.796:2532,Contig:15:71.2227:1085,Contig:110:29.6544:22613	5	-0.5603532000852809	2.3136883765177263	0.3997083399547814	0	0	0	0		1	False	0
ecol-SAMN34360976	PBF_P2	Contig:1:281.939:Circ:5167	4	0.0	0.41552772888935496	7.429865117192205	PBF_P7	Contig:100:21.512:3p:1:15:153,Contig:100:21.512:9730,Contig:100:21.512:3p:1:19:768	5	-0.06683380601889369	1.366072457032017	0.630194383803849	0	0	0	0		1	False	0
ecol-SAMN34360976	PBF_P2	Contig:1:281.939:Circ:5167	4	0.0	0.41552772888935496	7.429865117192205	PBF_P8	Contig:17:203.796:2532,Contig:33:19.5427:5p:1:10:197,Contig:33:19.5427:5p:1:13:662,Contig:54:19.3855:4737,Contig:7:47.512:906,Contig:33:19.5427:5p:1:6:345	5	-0.06861507075030374	1.6990618524851098	0.539689122252338	0	0	0	0		1	False	0
ecol-SAMN34360976	PBF_P2	Contig:1:281.939:Circ:5167	4	0.0	0.41552772888935496	7.429865117192205	PBF_P9	Contig:35:27.1225:3p:1:5:768,Contig:46:131.5:2581,Contig:81:30.8277:634,Contig:56:37.6907:54984,Contig:28:55.4552:3222,Contig:20:16.1633:5161	4	-0.15135903264627815	1.482246473564607	0.486251247957509	0	0	0	0		1	False	0
ecol-SAMN34360976	PBF_P2	Contig:1:281.939:Circ:5167	4	0.0	0.41552772888935496	7.429865117192205	PBF_P10	Contig:33:19.5427:5p:1:17:195,Contig:85:47.5788:1950,Contig:68:266.912:1075,Contig:66:63.8858:3442,Contig:15:71.2227:1085,Contig:31:44.343:14167,Contig:75:50.0161:9115	5	-0.13788120173319116	1.0230946176643694	1.098250812540129	0	0	0	0		1	False	0
ecol-SAMN34360976	PBF_P2	Contig:1:281.939:Circ:5167	4	0.0	0.41552772888935496	7.429865117192205	PBF_P11	Contig:100:21.512:3p:1:19:768,Contig:63:37.8939:3804	4	-0.01642460250409916	0.650641413176921	0.8780122443524789	0	0	0	0		1	False	0
ecol-SAMN34360976	PBF_P2	Contig:1:281.939:Circ:5167	4	0.0	0.41552772888935496	7.429865117192205	PBF_P12	Contig:100:21.512:3p:1:19:768,Contig:79:20.8518:13042	5	0.0	0.8346469748155008	0.6559141735370035	0	0	0	0		1	False	0
ecol-SAMN34360976	PBF_P2	Contig:1:281.939:Circ:5167	4	0.0	0.41552772888935496	7.429865117192205	PBF_P13	Contig:33:19.5427:5p:1:10:197,Contig:33:19.5427:5p:1:13:662,Contig:33:19.5427:5200,Contig:33:19.5427:5p:1:6:345	4	-0.02346739696836342	0.9604088569207765	0.5161995997906708	0	0	0	0		1	False	0
ecol-SAMN34360976	PBF_P2	Contig:1:281.939:Circ:5167	4	0.0	0.41552772888935496	7.429865117192205	PBF_P14	Contig:46:131.5:2581,Contig:38:45.546:10937	4	0.0	0.28725265796832866	1.0760570545585717	0	0	0	0		1	False	0
ecol-SAMN34360976	PBF_P2	Contig:1:281.939:Circ:5167	4	0.0	0.41552772888935496	7.429865117192205	PBF_P15	Contig:10:37.5897:21311,Contig:71:83.4099:1039	4	0.0	0.2542309679635466	0.9336474583470066	0	0	0	0		1	False	0
ecol-SAMN34360976	PBF_P2	Contig:1:281.939:Circ:5167	4	0.0	0.41552772888935496	7.429865117192205	PBF_P16	Contig:35:27.1225:3p:1:5:768,Contig:46:131.5:2581,Contig:56:37.6907:54984,Contig:28:55.4552:3222	4	-0.090303535720239	0.5395417535346272	1.0484804382555684	0	0	0	0		1	False	0
ecol-SAMN34360976	PBF_P2	Contig:1:281.939:Circ:5167	4	0.0	0.41552772888935496	7.429865117192205	PBF_P17	Contig:72:19.235:5610	5	0.0	0.49502657385116255	0.5430305579317777	0	0	0	0		1	False	0
ecol-SAMN34360976	PBF_P2	Contig:1:281.939:Circ:5167	4	0.0	0.41552772888935496	7.429865117192205	PBF_P18	Contig:19:18.0589:4727	5	0.0	0.46720675908107856	0.5362761254509049	0	0	0	0		1	False	0
ecol-SAMN34360976	PBF_P2	Contig:1:281.939:Circ:5167	4	0.0	0.41552772888935496	7.429865117192205	PBF_P19	Contig:82:16.7543:6202	4	0.0	0.4948457396136756	0.4548629802200033	0	0	0	0		1	False	0
ecol-SAMN34360976	PBF_P2	Contig:1:281.939:Circ:5167	4	0.0	0.41552772888935496	7.429865117192205	PBF_P20	Contig:117:15.8693:9882	4	0.0	0.4886923886243768	0.43593623321650865	0	0	0	0		1	False	0
ecol-SAMN34360976	PBF_P2	Contig:1:281.939:Circ:5167	4	0.0	0.41552772888935496	7.429865117192205	PBF_P21	Contig:44:16.9058:7535	4	0.0	0.32792204538485603	0.43604927166256063	0	0	0	0		1	False	0
ecol-SAMN34360976	PBF_P3	Contig:14:49.2463:2026,Contig:48:33.4734:4448,Contig:33:19.5427:5p:1:17:195,Contig:29:50.8221:6767,Contig:33:19.5427:5p:1:14:721,Contig:7:47.512:906,Contig:58:37.3871:10521,Contig:87:31.9918:14520,Contig:46:131.5:2581,Contig:33:19.5427:5p:1:25:345,Contig:57:39.0322:6279,Contig:68:266.912:1075,Contig:9:27.9971:84970,Contig:66:63.8858:3442,Contig:91:38.1459:21996,Contig:105:57.2663:683,Contig:84:33.6905:2536,Contig:85:47.5788:1950,Contig:33:19.5427:5p:1:19:758,Contig:50:36.6783:2262,Contig:75:50.0161:9115,Contig:67:17.0134:3037,Contig:17:203.796:2532,Contig:33:19.5427:5p:1:21:197,Contig:33:19.5427:5p:1:22:197	5	-0.8263251448612541	5.194068721478025	0.43435581710162185	PBF_P4	Contig:105:57.2663:683,Contig:17:203.796:2532,Contig:109:15.6801:6676,Contig:46:131.5:2581,Contig:48:33.4734:4448,Contig:29:50.8221:6767,Contig:28:55.4552:3222,Contig:33:19.5427:5p:1:14:721,Contig:7:47.512:906	5	-0.2407271171858534	3.047599609223893	0.3997083399547814	5	-1.0670522620471075	8.641029621847533	0.3476492195059109	Contig:33:19.5427:5p:1:13:662	0	True	0
ecol-SAMN34360976	PBF_P3	Contig:14:49.2463:2026,Contig:48:33.4734:4448,Contig:33:19.5427:5p:1:17:195,Contig:29:50.8221:6767,Contig:33:19.5427:5p:1:14:721,Contig:7:47.512:906,Contig:58:37.3871:10521,Contig:87:31.9918:14520,Contig:46:131.5:2581,Contig:33:19.5427:5p:1:25:345,Contig:57:39.0322:6279,Contig:68:266.912:1075,Contig:9:27.9971:84970,Contig:66:63.8858:3442,Contig:91:38.1459:21996,Contig:105:57.2663:683,Contig:84:33.6905:2536,Contig:85:47.5788:1950,Contig:33:19.5427:5p:1:19:758,Contig:50:36.6783:2262,Contig:75:50.0161:9115,Contig:67:17.0134:3037,Contig:17:203.796:2532,Contig:33:19.5427:5p:1:21:197,Contig:33:19.5427:5p:1:22:197	5	-0.8263251448612541	5.194068721478025	0.43435581710162185	PBF_P5	Contig:17:203.796:2532,Contig:14:49.2463:2026,Contig:22:19.9961:7745,Contig:91:38.1459:21996,Contig:50:36.6783:2262,Contig:58:37.3871:10521	4	-0.14416845201924633	1.8105096069297442	0.569802231217614	4	-1.191632026105786	7.086069968705673	0.43435581710218685	Contig:71:83.4099:1039	0	True	0
ecol-SAMN34360976	PBF_P3	Contig:14:49.2463:2026,Contig:48:33.4734:4448,Contig:33:19.5427:5p:1:17:195,Contig:29:50.8221:6767,Contig:33:19.5427:5p:1:14:721,Contig:7:47.512:906,Contig:58:37.3871:10521,Contig:87:31.9918:14520,Contig:46:131.5:2581,Contig:33:19.5427:5p:1:25:345,Contig:57:39.0322:6279,Contig:68:266.912:1075,Contig:9:27.9971:84970,Contig:66:63.8858:3442,Contig:91:38.1459:21996,Contig:105:57.2663:683,Contig:84:33.6905:2536,Contig:85:47.5788:1950,Contig:33:19.5427:5p:1:19:758,Contig:50:36.6783:2262,Contig:75:50.0161:9115,Contig:67:17.0134:3037,Contig:17:203.796:2532,Contig:33:19.5427:5p:1:21:197,Contig:33:19.5427:5p:1:22:197	5	-0.8263251448612541	5.194068721478025	0.43435581710162185	PBF_P6	Contig:109:15.6801:6676,Contig:35:27.1225:3p:1:5:768,Contig:33:19.5427:5p:1:17:195,Contig:48:33.4734:4448,Contig:33:19.5427:5p:1:14:721,Contig:7:47.512:906,Contig:46:131.5:2581,Contig:92:72.6673:491,Contig:68:266.912:1075,Contig:66:63.8858:3442,Contig:80:19.5415:17655,Contig:108:39.7852:216184,Contig:105:57.2663:683,Contig:56:37.6907:54984,Contig:85:47.5788:1950,Contig:20:16.1633:5161,Contig:68:266.912:3p:1:11:175,Contig:75:50.0161:9115,Contig:17:203.796:2532,Contig:15:71.2227:1085,Contig:110:29.6544:22613	5	-0.5603532000852809	2.3136883765177263	0.3997083399547814	5	-1.386678344946535	7.907118389141366	0.34764921948310057	Contig:33:19.5427:5p:1:13:662	0	True	0
ecol-SAMN34360976	PBF_P3	Contig:14:49.2463:2026,Contig:48:33.4734:4448,Contig:33:19.5427:5p:1:17:195,Contig:29:50.8221:6767,Contig:33:19.5427:5p:1:14:721,Contig:7:47.512:906,Contig:58:37.3871:10521,Contig:87:31.9918:14520,Contig:46:131.5:2581,Contig:33:19.5427:5p:1:25:345,Contig:57:39.0322:6279,Contig:68:266.912:1075,Contig:9:27.9971:84970,Contig:66:63.8858:3442,Contig:91:38.1459:21996,Contig:105:57.2663:683,Contig:84:33.6905:2536,Contig:85:47.5788:1950,Contig:33:19.5427:5p:1:19:758,Contig:50:36.6783:2262,Contig:75:50.0161:9115,Contig:67:17.0134:3037,Contig:17:203.796:2532,Contig:33:19.5427:5p:1:21:197,Contig:33:19.5427:5p:1:22:197	5	-0.8263251448612541	5.194068721478025	0.43435581710162185	PBF_P7	Contig:100:21.512:3p:1:15:153,Contig:100:21.512:9730,Contig:100:21.512:3p:1:19:768	5	-0.06683380601889369	1.366072457032017	0.630194383803849	5	-0.9453376361843718	5.475238582509375	0.43435581710218685	Contig:103:38.7208:43261,Contig:95:38.2599:78400,Contig:40:37.8111:3p:1:11:127	0	False	0
ecol-SAMN34360976	PBF_P3	Contig:14:49.2463:2026,Contig:48:33.4734:4448,Contig:33:19.5427:5p:1:17:195,Contig:29:50.8221:6767,Contig:33:19.5427:5p:1:14:721,Contig:7:47.512:906,Contig:58:37.3871:10521,Contig:87:31.9918:14520,Contig:46:131.5:2581,Contig:33:19.5427:5p:1:25:345,Contig:57:39.0322:6279,Contig:68:266.912:1075,Contig:9:27.9971:84970,Contig:66:63.8858:3442,Contig:91:38.1459:21996,Contig:105:57.2663:683,Contig:84:33.6905:2536,Contig:85:47.5788:1950,Contig:33:19.5427:5p:1:19:758,Contig:50:36.6783:2262,Contig:75:50.0161:9115,Contig:67:17.0134:3037,Contig:17:203.796:2532,Contig:33:19.5427:5p:1:21:197,Contig:33:19.5427:5p:1:22:197	5	-0.8263251448612541	5.194068721478025	0.43435581710162185	PBF_P8	Contig:17:203.796:2532,Contig:33:19.5427:5p:1:10:197,Contig:33:19.5427:5p:1:13:662,Contig:54:19.3855:4737,Contig:7:47.512:906,Contig:33:19.5427:5p:1:6:345	5	-0.06861507075030374	1.6990618524851098	0.539689122252338	5	-0.8949402156115578	6.893130573963134	0.43435581710218685		0	True	0
ecol-SAMN34360976	PBF_P3	Contig:14:49.2463:2026,Contig:48:33.4734:4448,Contig:33:19.5427:5p:1:17:195,Contig:29:50.8221:6767,Contig:33:19.5427:5p:1:14:721,Contig:7:47.512:906,Contig:58:37.3871:10521,Contig:87:31.9918:14520,Contig:46:131.5:2581,Contig:33:19.5427:5p:1:25:345,Contig:57:39.0322:6279,Contig:68:266.912:1075,Contig:9:27.9971:84970,Contig:66:63.8858:3442,Contig:91:38.1459:21996,Contig:105:57.2663:683,Contig:84:33.6905:2536,Contig:85:47.5788:1950,Contig:33:19.5427:5p:1:19:758,Contig:50:36.6783:2262,Contig:75:50.0161:9115,Contig:67:17.0134:3037,Contig:17:203.796:2532,Contig:33:19.5427:5p:1:21:197,Contig:33:19.5427:5p:1:22:197	5	-0.8263251448612541	5.194068721478025	0.43435581710162185	PBF_P9	Contig:35:27.1225:3p:1:5:768,Contig:46:131.5:2581,Contig:81:30.8277:634,Contig:56:37.6907:54984,Contig:28:55.4552:3222,Contig:20:16.1633:5161	4	-0.15135903264627815	1.482246473564607	0.486251247957509	5	-1.0943395881641185	6.676315195042632	0.43435581710218685		0	True	0
ecol-SAMN34360976	PBF_P3	Contig:14:49.2463:2026,Contig:48:33.4734:4448,Contig:33:19.5427:5p:1:17:195,Contig:29:50.8221:6767,Contig:33:19.5427:5p:1:14:721,Contig:7:47.512:906,Contig:58:37.3871:10521,Contig:87:31.9918:14520,Contig:46:131.5:2581,Contig:33:19.5427:5p:1:25:345,Contig:57:39.0322:6279,Contig:68:266.912:1075,Contig:9:27.9971:84970,Contig:66:63.8858:3442,Contig:91:38.1459:21996,Contig:105:57.2663:683,Contig:84:33.6905:2536,Contig:85:47.5788:1950,Contig:33:19.5427:5p:1:19:758,Contig:50:36.6783:2262,Contig:75:50.0161:9115,Contig:67:17.0134:3037,Contig:17:203.796:2532,Contig:33:19.5427:5p:1:21:197,Contig:33:19.5427:5p:1:22:197	5	-0.8263251448612541	5.194068721478025	0.43435581710162185	PBF_P10	Contig:33:19.5427:5p:1:17:195,Contig:85:47.5788:1950,Contig:68:266.912:1075,Contig:66:63.8858:3442,Contig:15:71.2227:1085,Contig:31:44.343:14167,Contig:75:50.0161:9115	5	-0.13788120173319116	1.0230946176643694	1.098250812540129	5	-0.9642063465944453	6.468671229410184	0.43435581710218685	Contig:33:19.5427:5p:1:7:194	0	True	0
ecol-SAMN34360976	PBF_P3	Contig:14:49.2463:2026,Contig:48:33.4734:4448,Contig:33:19.5427:5p:1:17:195,Contig:29:50.8221:6767,Contig:33:19.5427:5p:1:14:721,Contig:7:47.512:906,Contig:58:37.3871:10521,Contig:87:31.9918:14520,Contig:46:131.5:2581,Contig:33:19.5427:5p:1:25:345,Contig:57:39.0322:6279,Contig:68:266.912:1075,Contig:9:27.9971:84970,Contig:66:63.8858:3442,Contig:91:38.1459:21996,Contig:105:57.2663:683,Contig:84:33.6905:2536,Contig:85:47.5788:1950,Contig:33:19.5427:5p:1:19:758,Contig:50:36.6783:2262,Contig:75:50.0161:9115,Contig:67:17.0134:3037,Contig:17:203.796:2532,Contig:33:19.5427:5p:1:21:197,Contig:33:19.5427:5p:1:22:197	5	-0.8263251448612541	5.194068721478025	0.43435581710162185	PBF_P11	Contig:100:21.512:3p:1:19:768,Contig:63:37.8939:3804	4	-0.01642460250409916	0.650641413176921	0.8780122443524789	5	-0.9902792930888883	4.759807538654279	0.43435581710400584	Contig:103:38.7208:43261,Contig:95:38.2599:78400,Contig:40:37.8111:3p:1:11:127	0	False	0
ecol-SAMN34360976	PBF_P3	Contig:14:49.2463:2026,Contig:48:33.4734:4448,Contig:33:19.5427:5p:1:17:195,Contig:29:50.8221:6767,Contig:33:19.5427:5p:1:14:721,Contig:7:47.512:906,Contig:58:37.3871:10521,Contig:87:31.9918:14520,Contig:46:131.5:2581,Contig:33:19.5427:5p:1:25:345,Contig:57:39.0322:6279,Contig:68:266.912:1075,Contig:9:27.9971:84970,Contig:66:63.8858:3442,Contig:91:38.1459:21996,Contig:105:57.2663:683,Contig:84:33.6905:2536,Contig:85:47.5788:1950,Contig:33:19.5427:5p:1:19:758,Contig:50:36.6783:2262,Contig:75:50.0161:9115,Contig:67:17.0134:3037,Contig:17:203.796:2532,Contig:33:19.5427:5p:1:21:197,Contig:33:19.5427:5p:1:22:197	5	-0.8263251448612541	5.194068721478025	0.43435581710162185	PBF_P12	Contig:100:21.512:3p:1:19:768,Contig:79:20.8518:13042	5	0.0	0.8346469748155008	0.6559141735370035	5	-0.8785038301654782	4.943813100292859	0.43435581710218685	Contig:103:38.7208:43261,Contig:95:38.2599:78400,Contig:40:37.8111:3p:1:11:127	0	False	0
ecol-SAMN34360976	PBF_P3	Contig:14:49.2463:2026,Contig:48:33.4734:4448,Contig:33:19.5427:5p:1:17:195,Contig:29:50.8221:6767,Contig:33:19.5427:5p:1:14:721,Contig:7:47.512:906,Contig:58:37.3871:10521,Contig:87:31.9918:14520,Contig:46:131.5:2581,Contig:33:19.5427:5p:1:25:345,Contig:57:39.0322:6279,Contig:68:266.912:1075,Contig:9:27.9971:84970,Contig:66:63.8858:3442,Contig:91:38.1459:21996,Contig:105:57.2663:683,Contig:84:33.6905:2536,Contig:85:47.5788:1950,Contig:33:19.5427:5p:1:19:758,Contig:50:36.6783:2262,Contig:75:50.0161:9115,Contig:67:17.0134:3037,Contig:17:203.796:2532,Contig:33:19.5427:5p:1:21:197,Contig:33:19.5427:5p:1:22:197	5	-0.8263251448612541	5.194068721478025	0.43435581710162185	PBF_P13	Contig:33:19.5427:5p:1:10:197,Contig:33:19.5427:5p:1:13:662,Contig:33:19.5427:5200,Contig:33:19.5427:5p:1:6:345	4	-0.02346739696836342	0.9604088569207765	0.5161995997906708	5	-0.9653771147179079	6.154477578398801	0.43435581710218685		0	False	0
ecol-SAMN34360976	PBF_P3	Contig:14:49.2463:2026,Contig:48:33.4734:4448,Contig:33:19.5427:5p:1:17:195,Contig:29:50.8221:6767,Contig:33:19.5427:5p:1:14:721,Contig:7:47.512:906,Contig:58:37.3871:10521,Contig:87:31.9918:14520,Contig:46:131.5:2581,Contig:33:19.5427:5p:1:25:345,Contig:57:39.0322:6279,Contig:68:266.912:1075,Contig:9:27.9971:84970,Contig:66:63.8858:3442,Contig:91:38.1459:21996,Contig:105:57.2663:683,Contig:84:33.6905:2536,Contig:85:47.5788:1950,Contig:33:19.5427:5p:1:19:758,Contig:50:36.6783:2262,Contig:75:50.0161:9115,Contig:67:17.0134:3037,Contig:17:203.796:2532,Contig:33:19.5427:5p:1:21:197,Contig:33:19.5427:5p:1:22:197	5	-0.8263251448612541	5.194068721478025	0.43435581710162185	PBF_P14	Contig:46:131.5:2581,Contig:38:45.546:10937	4	0.0	0.28725265796832866	1.0760570545585717	5	-0.9641461436762457	5.481321379446353	0.43435581710218685		0	True	0
ecol-SAMN34360976	PBF_P3	Contig:14:49.2463:2026,Contig:48:33.4734:4448,Contig:33:19.5427:5p:1:17:195,Contig:29:50.8221:6767,Contig:33:19.5427:5p:1:14:721,Contig:7:47.512:906,Contig:58:37.3871:10521,Contig:87:31.9918:14520,Contig:46:131.5:2581,Contig:33:19.5427:5p:1:25:345,Contig:57:39.0322:6279,Contig:68:266.912:1075,Contig:9:27.9971:84970,Contig:66:63.8858:3442,Contig:91:38.1459:21996,Contig:105:57.2663:683,Contig:84:33.6905:2536,Contig:85:47.5788:1950,Contig:33:19.5427:5p:1:19:758,Contig:50:36.6783:2262,Contig:75:50.0161:9115,Contig:67:17.0134:3037,Contig:17:203.796:2532,Contig:33:19.5427:5p:1:21:197,Contig:33:19.5427:5p:1:22:197	5	-0.8263251448612541	5.194068721478025	0.43435581710162185	PBF_P15	Contig:10:37.5897:21311,Contig:71:83.4099:1039	4	0.0	0.2542309679635466	0.9336474583470066	5	-0.993735846617969	5.448299689441571	0.43435581710218685		0	False	0
ecol-SAMN34360976	PBF_P3	Contig:14:49.2463:2026,Contig:48:33.4734:4448,Contig:33:19.5427:5p:1:17:195,Contig:29:50.8221:6767,Contig:33:19.5427:5p:1:14:721,Contig:7:47.512:906,Contig:58:37.3871:10521,Contig:87:31.9918:14520,Contig:46:131.5:2581,Contig:33:19.5427:5p:1:25:345,Contig:57:39.0322:6279,Contig:68:266.912:1075,Contig:9:27.9971:84970,Contig:66:63.8858:3442,Contig:91:38.1459:21996,Contig:105:57.2663:683,Contig:84:33.6905:2536,Contig:85:47.5788:1950,Contig:33:19.5427:5p:1:19:758,Contig:50:36.6783:2262,Contig:75:50.0161:9115,Contig:67:17.0134:3037,Contig:17:203.796:2532,Contig:33:19.5427:5p:1:21:197,Contig:33:19.5427:5p:1:22:197	5	-0.8263251448612541	5.194068721478025	0.43435581710162185	PBF_P16	Contig:35:27.1225:3p:1:5:768,Contig:46:131.5:2581,Contig:56:37.6907:54984,Contig:28:55.4552:3222	4	-0.090303535720239	0.5395417535346272	1.0484804382555684	5	-0.9591761127864603	5.733610475012652	0.43435581710218685		0	True	0
ecol-SAMN34360976	PBF_P3	Contig:14:49.2463:2026,Contig:48:33.4734:4448,Contig:33:19.5427:5p:1:17:195,Contig:29:50.8221:6767,Contig:33:19.5427:5p:1:14:721,Contig:7:47.512:906,Contig:58:37.3871:10521,Contig:87:31.9918:14520,Contig:46:131.5:2581,Contig:33:19.5427:5p:1:25:345,Contig:57:39.0322:6279,Contig:68:266.912:1075,Contig:9:27.9971:84970,Contig:66:63.8858:3442,Contig:91:38.1459:21996,Contig:105:57.2663:683,Contig:84:33.6905:2536,Contig:85:47.5788:1950,Contig:33:19.5427:5p:1:19:758,Contig:50:36.6783:2262,Contig:75:50.0161:9115,Contig:67:17.0134:3037,Contig:17:203.796:2532,Contig:33:19.5427:5p:1:21:197,Contig:33:19.5427:5p:1:22:197	5	-0.8263251448612541	5.194068721478025	0.43435581710162185	PBF_P17	Contig:72:19.235:5610	5	0.0	0.49502657385116255	0.5430305579317777	5	-0.9766643243996812	6.520029081963467	0.43435581710400584	Contig:103:38.7208:43261,Contig:106:86.8687:458,Contig:95:38.2599:78400,Contig:100:21.512:3p:1:15:153,Contig:100:21.512:3p:1:16:213,Contig:100:21.512:3p:1:19:768,Contig:40:37.8111:3p:1:11:127	0	False	0
ecol-SAMN34360976	PBF_P3	Contig:14:49.2463:2026,Contig:48:33.4734:4448,Contig:33:19.5427:5p:1:17:195,Contig:29:50.8221:6767,Contig:33:19.5427:5p:1:14:721,Contig:7:47.512:906,Contig:58:37.3871:10521,Contig:87:31.9918:14520,Contig:46:131.5:2581,Contig:33:19.5427:5p:1:25:345,Contig:57:39.0322:6279,Contig:68:266.912:1075,Contig:9:27.9971:84970,Contig:66:63.8858:3442,Contig:91:38.1459:21996,Contig:105:57.2663:683,Contig:84:33.6905:2536,Contig:85:47.5788:1950,Contig:33:19.5427:5p:1:19:758,Contig:50:36.6783:2262,Contig:75:50.0161:9115,Contig:67:17.0134:3037,Contig:17:203.796:2532,Contig:33:19.5427:5p:1:21:197,Contig:33:19.5427:5p:1:22:197	5	-0.8263251448612541	5.194068721478025	0.43435581710162185	PBF_P18	Contig:19:18.0589:4727	5	0.0	0.46720675908107856	0.5362761254509049	5	-1.0612975657155606	5.091912850696364	0.15853349541430362	Contig:107:39.5938:34738,Contig:30:41.7528:4564,Contig:64:87.1261:1355,Contig:74:38.3168:83749,Contig:81:30.8277:634,Contig:35:27.1225:3p:1:5:768,Contig:74:38.3168:5p:1:2:113	0	False	0
ecol-SAMN34360976	PBF_P3	Contig:14:49.2463:2026,Contig:48:33.4734:4448,Contig:33:19.5427:5p:1:17:195,Contig:29:50.8221:6767,Contig:33:19.5427:5p:1:14:721,Contig:7:47.512:906,Contig:58:37.3871:10521,Contig:87:31.9918:14520,Contig:46:131.5:2581,Contig:33:19.5427:5p:1:25:345,Contig:57:39.0322:6279,Contig:68:266.912:1075,Contig:9:27.9971:84970,Contig:66:63.8858:3442,Contig:91:38.1459:21996,Contig:105:57.2663:683,Contig:84:33.6905:2536,Contig:85:47.5788:1950,Contig:33:19.5427:5p:1:19:758,Contig:50:36.6783:2262,Contig:75:50.0161:9115,Contig:67:17.0134:3037,Contig:17:203.796:2532,Contig:33:19.5427:5p:1:21:197,Contig:33:19.5427:5p:1:22:197	5	-0.8263251448612541	5.194068721478025	0.43435581710162185	PBF_P19	Contig:82:16.7543:6202	4	0.0	0.4948457396136756	0.4548629802200033	0	0	0	0		1	False	0
ecol-SAMN34360976	PBF_P3	Contig:14:49.2463:2026,Contig:48:33.4734:4448,Contig:33:19.5427:5p:1:17:195,Contig:29:50.8221:6767,Contig:33:19.5427:5p:1:14:721,Contig:7:47.512:906,Contig:58:37.3871:10521,Contig:87:31.9918:14520,Contig:46:131.5:2581,Contig:33:19.5427:5p:1:25:345,Contig:57:39.0322:6279,Contig:68:266.912:1075,Contig:9:27.9971:84970,Contig:66:63.8858:3442,Contig:91:38.1459:21996,Contig:105:57.2663:683,Contig:84:33.6905:2536,Contig:85:47.5788:1950,Contig:33:19.5427:5p:1:19:758,Contig:50:36.6783:2262,Contig:75:50.0161:9115,Contig:67:17.0134:3037,Contig:17:203.796:2532,Contig:33:19.5427:5p:1:21:197,Contig:33:19.5427:5p:1:22:197	5	-0.8263251448612541	5.194068721478025	0.43435581710162185	PBF_P20	Contig:117:15.8693:9882	4	0.0	0.4886923886243768	0.43593623321650865	0	0	0	0		1	False	0
ecol-SAMN34360976	PBF_P3	Contig:14:49.2463:2026,Contig:48:33.4734:4448,Contig:33:19.5427:5p:1:17:195,Contig:29:50.8221:6767,Contig:33:19.5427:5p:1:14:721,Contig:7:47.512:906,Contig:58:37.3871:10521,Contig:87:31.9918:14520,Contig:46:131.5:2581,Contig:33:19.5427:5p:1:25:345,Contig:57:39.0322:6279,Contig:68:266.912:1075,Contig:9:27.9971:84970,Contig:66:63.8858:3442,Contig:91:38.1459:21996,Contig:105:57.2663:683,Contig:84:33.6905:2536,Contig:85:47.5788:1950,Contig:33:19.5427:5p:1:19:758,Contig:50:36.6783:2262,Contig:75:50.0161:9115,Contig:67:17.0134:3037,Contig:17:203.796:2532,Contig:33:19.5427:5p:1:21:197,Contig:33:19.5427:5p:1:22:197	5	-0.8263251448612541	5.194068721478025	0.43435581710162185	PBF_P21	Contig:44:16.9058:7535	4	0.0	0.32792204538485603	0.43604927166256063	0	0	0	0		1	False	0
ecol-SAMN34360976	PBF_P4	Contig:105:57.2663:683,Contig:17:203.796:2532,Contig:109:15.6801:6676,Contig:46:131.5:2581,Contig:48:33.4734:4448,Contig:29:50.8221:6767,Contig:28:55.4552:3222,Contig:33:19.5427:5p:1:14:721,Contig:7:47.512:906	5	-0.2407271171858534	3.047599609223893	0.3997083399547814	PBF_P5	Contig:17:203.796:2532,Contig:14:49.2463:2026,Contig:22:19.9961:7745,Contig:91:38.1459:21996,Contig:50:36.6783:2262,Contig:58:37.3871:10521	4	-0.14416845201924633	1.8105096069297442	0.569802231217614	5	-0.7096549732320052	5.9177827540403465	0.3643450005693012	Contig:57:39.0322:6279,Contig:84:33.6905:2536,Contig:87:31.9918:14520,Contig:33:19.5427:5p:1:19:758,Contig:33:19.5427:5p:1:21:197,Contig:33:19.5427:5p:1:25:345	0	True	0
ecol-SAMN34360976	PBF_P4	Contig:105:57.2663:683,Contig:17:203.796:2532,Contig:109:15.6801:6676,Contig:46:131.5:2581,Contig:48:33.4734:4448,Contig:29:50.8221:6767,Contig:28:55.4552:3222,Contig:33:19.5427:5p:1:14:721,Contig:7:47.512:906	5	-0.2407271171858534	3.047599609223893	0.3997083399547814	PBF_P6	Contig:109:15.6801:6676,Contig:35:27.1225:3p:1:5:768,Contig:33:19.5427:5p:1:17:195,Contig:48:33.4734:4448,Contig:33:19.5427:5p:1:14:721,Contig:7:47.512:906,Contig:46:131.5:2581,Contig:92:72.6673:491,Contig:68:266.912:1075,Contig:66:63.8858:3442,Contig:80:19.5415:17655,Contig:108:39.7852:216184,Contig:105:57.2663:683,Contig:56:37.6907:54984,Contig:85:47.5788:1950,Contig:20:16.1633:5161,Contig:68:266.912:3p:1:11:175,Contig:75:50.0161:9115,Contig:17:203.796:2532,Contig:15:71.2227:1085,Contig:110:29.6544:22613	5	-0.5603532000852809	2.3136883765177263	0.3997083399547814	5	-0.8737801039732016	6.420961523628329	0.3643450005693012	Contig:57:39.0322:6279,Contig:84:33.6905:2536,Contig:87:31.9918:14520,Contig:33:19.5427:5p:1:19:758,Contig:33:19.5427:5p:1:21:197,Contig:33:19.5427:5p:1:25:345	0	True	0
ecol-SAMN34360976	PBF_P4	Contig:105:57.2663:683,Contig:17:203.796:2532,Contig:109:15.6801:6676,Contig:46:131.5:2581,Contig:48:33.4734:4448,Contig:29:50.8221:6767,Contig:28:55.4552:3222,Contig:33:19.5427:5p:1:14:721,Contig:7:47.512:906	5	-0.2407271171858534	3.047599609223893	0.3997083399547814	PBF_P7	Contig:100:21.512:3p:1:15:153,Contig:100:21.512:9730,Contig:100:21.512:3p:1:19:768	5	-0.06683380601889369	1.366072457032017	0.630194383803849	5	-0.5246637803212132	3.949241422496011	0.27273328066621616	Contig:103:38.7208:43261,Contig:108:39.7852:216184,Contig:15:71.2227:1085,Contig:57:39.0322:6279,Contig:68:266.912:1075,Contig:84:33.6905:2536,Contig:87:31.9918:14520,Contig:92:72.6673:491,Contig:95:38.2599:78400,Contig:33:19.5427:5p:1:19:758,Contig:33:19.5427:5p:1:21:197,Contig:33:19.5427:5p:1:25:345,Contig:40:37.8111:3p:1:11:127	0	False	0
ecol-SAMN34360976	PBF_P4	Contig:105:57.2663:683,Contig:17:203.796:2532,Contig:109:15.6801:6676,Contig:46:131.5:2581,Contig:48:33.4734:4448,Contig:29:50.8221:6767,Contig:28:55.4552:3222,Contig:33:19.5427:5p:1:14:721,Contig:7:47.512:906	5	-0.2407271171858534	3.047599609223893	0.3997083399547814	PBF_P8	Contig:17:203.796:2532,Contig:33:19.5427:5p:1:10:197,Contig:33:19.5427:5p:1:13:662,Contig:54:19.3855:4737,Contig:7:47.512:906,Contig:33:19.5427:5p:1:6:345	5	-0.06861507075030374	1.6990618524851098	0.539689122252338	5	-0.38204197463822454	5.8063349995957125	0.3643450005693012	Contig:57:39.0322:6279,Contig:84:33.6905:2536,Contig:87:31.9918:14520,Contig:33:19.5427:5p:1:19:758,Contig:33:19.5427:5p:1:21:197,Contig:33:19.5427:5p:1:25:345	0	True	0
ecol-SAMN34360976	PBF_P4	Contig:105:57.2663:683,Contig:17:203.796:2532,Contig:109:15.6801:6676,Contig:46:131.5:2581,Contig:48:33.4734:4448,Contig:29:50.8221:6767,Contig:28:55.4552:3222,Contig:33:19.5427:5p:1:14:721,Contig:7:47.512:906	5	-0.2407271171858534	3.047599609223893	0.3997083399547814	PBF_P9	Contig:35:27.1225:3p:1:5:768,Contig:46:131.5:2581,Contig:81:30.8277:634,Contig:56:37.6907:54984,Contig:28:55.4552:3222,Contig:20:16.1633:5161	4	-0.15135903264627815	1.482246473564607	0.486251247957509	5	-0.5814413471907852	5.831962974097557	0.27273328066621616	Contig:15:71.2227:1085,Contig:57:39.0322:6279,Contig:84:33.6905:2536,Contig:87:31.9918:14520,Contig:33:19.5427:5p:1:19:758,Contig:33:19.5427:5p:1:21:197,Contig:33:19.5427:5p:1:25:345	0	True	0
ecol-SAMN34360976	PBF_P4	Contig:105:57.2663:683,Contig:17:203.796:2532,Contig:109:15.6801:6676,Contig:46:131.5:2581,Contig:48:33.4734:4448,Contig:29:50.8221:6767,Contig:28:55.4552:3222,Contig:33:19.5427:5p:1:14:721,Contig:7:47.512:906	5	-0.2407271171858534	3.047599609223893	0.3997083399547814	PBF_P10	Contig:33:19.5427:5p:1:17:195,Contig:85:47.5788:1950,Contig:68:266.912:1075,Contig:66:63.8858:3442,Contig:15:71.2227:1085,Contig:31:44.343:14167,Contig:75:50.0161:9115	5	-0.13788120173319116	1.0230946176643694	1.098250812540129	5	-0.4513081056211119	5.130367764774972	0.3643450005693012	Contig:57:39.0322:6279,Contig:84:33.6905:2536,Contig:87:31.9918:14520,Contig:33:19.5427:5p:1:19:758,Contig:33:19.5427:5p:1:21:197,Contig:33:19.5427:5p:1:25:345	0	False	0
ecol-SAMN34360976	PBF_P4	Contig:105:57.2663:683,Contig:17:203.796:2532,Contig:109:15.6801:6676,Contig:46:131.5:2581,Contig:48:33.4734:4448,Contig:29:50.8221:6767,Contig:28:55.4552:3222,Contig:33:19.5427:5p:1:14:721,Contig:7:47.512:906	5	-0.2407271171858534	3.047599609223893	0.3997083399547814	PBF_P11	Contig:100:21.512:3p:1:19:768,Contig:63:37.8939:3804	4	-0.01642460250409916	0.650641413176921	0.8780122443524789	5	-0.5696054372257296	3.233810378640915	0.27273328066621616	Contig:103:38.7208:43261,Contig:108:39.7852:216184,Contig:15:71.2227:1085,Contig:57:39.0322:6279,Contig:68:266.912:1075,Contig:84:33.6905:2536,Contig:87:31.9918:14520,Contig:92:72.6673:491,Contig:95:38.2599:78400,Contig:33:19.5427:5p:1:19:758,Contig:33:19.5427:5p:1:21:197,Contig:33:19.5427:5p:1:25:345,Contig:40:37.8111:3p:1:11:127	0	False	0
ecol-SAMN34360976	PBF_P4	Contig:105:57.2663:683,Contig:17:203.796:2532,Contig:109:15.6801:6676,Contig:46:131.5:2581,Contig:48:33.4734:4448,Contig:29:50.8221:6767,Contig:28:55.4552:3222,Contig:33:19.5427:5p:1:14:721,Contig:7:47.512:906	5	-0.2407271171858534	3.047599609223893	0.3997083399547814	PBF_P12	Contig:100:21.512:3p:1:19:768,Contig:79:20.8518:13042	5	0.0	0.8346469748155008	0.6559141735370035	5	-0.2407271171858534	3.882246584039394	0.3997083399553958		0	False	0
ecol-SAMN34360976	PBF_P4	Contig:105:57.2663:683,Contig:17:203.796:2532,Contig:109:15.6801:6676,Contig:46:131.5:2581,Contig:48:33.4734:4448,Contig:29:50.8221:6767,Contig:28:55.4552:3222,Contig:33:19.5427:5p:1:14:721,Contig:7:47.512:906	5	-0.2407271171858534	3.047599609223893	0.3997083399547814	PBF_P13	Contig:33:19.5427:5p:1:10:197,Contig:33:19.5427:5p:1:13:662,Contig:33:19.5427:5200,Contig:33:19.5427:5p:1:6:345	4	-0.02346739696836342	0.9604088569207765	0.5161995997906708	5	-0.4175481725515954	4.91149889986546	0.3997083399553958	Contig:57:39.0322:6279,Contig:87:31.9918:14520,Contig:33:19.5427:5p:1:19:758,Contig:33:19.5427:5p:1:21:197,Contig:33:19.5427:5p:1:25:345	0	False	0
ecol-SAMN34360976	PBF_P4	Contig:105:57.2663:683,Contig:17:203.796:2532,Contig:109:15.6801:6676,Contig:46:131.5:2581,Contig:48:33.4734:4448,Contig:29:50.8221:6767,Contig:28:55.4552:3222,Contig:33:19.5427:5p:1:14:721,Contig:7:47.512:906	5	-0.2407271171858534	3.047599609223893	0.3997083399547814	PBF_P14	Contig:46:131.5:2581,Contig:38:45.546:10937	4	0.0	0.28725265796832866	1.0760570545585717	5	-0.4512479027029124	4.636969158501278	0.27273328066621616	Contig:15:71.2227:1085,Contig:57:39.0322:6279,Contig:84:33.6905:2536,Contig:87:31.9918:14520,Contig:33:19.5427:5p:1:19:758,Contig:33:19.5427:5p:1:21:197,Contig:33:19.5427:5p:1:25:345	0	True	0
ecol-SAMN34360976	PBF_P4	Contig:105:57.2663:683,Contig:17:203.796:2532,Contig:109:15.6801:6676,Contig:46:131.5:2581,Contig:48:33.4734:4448,Contig:29:50.8221:6767,Contig:28:55.4552:3222,Contig:33:19.5427:5p:1:14:721,Contig:7:47.512:906	5	-0.2407271171858534	3.047599609223893	0.3997083399547814	PBF_P15	Contig:10:37.5897:21311,Contig:71:83.4099:1039	4	0.0	0.2542309679635466	0.9336474583470066	0	0	0	0		1	False	0
ecol-SAMN34360976	PBF_P4	Contig:105:57.2663:683,Contig:17:203.796:2532,Contig:109:15.6801:6676,Contig:46:131.5:2581,Contig:48:33.4734:4448,Contig:29:50.8221:6767,Contig:28:55.4552:3222,Contig:33:19.5427:5p:1:14:721,Contig:7:47.512:906	5	-0.2407271171858534	3.047599609223893	0.3997083399547814	PBF_P16	Contig:35:27.1225:3p:1:5:768,Contig:46:131.5:2581,Contig:56:37.6907:54984,Contig:28:55.4552:3222	4	-0.090303535720239	0.5395417535346272	1.0484804382555684	5	-0.44627787181312695	4.8892582540675775	0.27273328066621616	Contig:15:71.2227:1085,Contig:57:39.0322:6279,Contig:84:33.6905:2536,Contig:87:31.9918:14520,Contig:33:19.5427:5p:1:19:758,Contig:33:19.5427:5p:1:21:197,Contig:33:19.5427:5p:1:25:345	0	True	0
ecol-SAMN34360976	PBF_P4	Contig:105:57.2663:683,Contig:17:203.796:2532,Contig:109:15.6801:6676,Contig:46:131.5:2581,Contig:48:33.4734:4448,Contig:29:50.8221:6767,Contig:28:55.4552:3222,Contig:33:19.5427:5p:1:14:721,Contig:7:47.512:906	5	-0.2407271171858534	3.047599609223893	0.3997083399547814	PBF_P17	Contig:72:19.235:5610	5	0.0	0.49502657385116255	0.5430305579317777	5	-0.5559904685365226	4.994031921950103	0.27273328066621616	Contig:103:38.7208:43261,Contig:106:86.8687:458,Contig:108:39.7852:216184,Contig:15:71.2227:1085,Contig:57:39.0322:6279,Contig:68:266.912:1075,Contig:84:33.6905:2536,Contig:87:31.9918:14520,Contig:92:72.6673:491,Contig:95:38.2599:78400,Contig:100:21.512:3p:1:15:153,Contig:100:21.512:3p:1:16:213,Contig:100:21.512:3p:1:19:768,Contig:33:19.5427:5p:1:19:758,Contig:33:19.5427:5p:1:21:197,Contig:33:19.5427:5p:1:25:345,Contig:40:37.8111:3p:1:11:127	0	False	0
ecol-SAMN34360976	PBF_P4	Contig:105:57.2663:683,Contig:17:203.796:2532,Contig:109:15.6801:6676,Contig:46:131.5:2581,Contig:48:33.4734:4448,Contig:29:50.8221:6767,Contig:28:55.4552:3222,Contig:33:19.5427:5p:1:14:721,Contig:7:47.512:906	5	-0.2407271171858534	3.047599609223893	0.3997083399547814	PBF_P18	Contig:19:18.0589:4727	5	0.0	0.46720675908107856	0.5362761254509049	5	-0.8515399047795604	3.091647975075168	0.15853349541430362	Contig:108:39.7852:216184,Contig:112:25.4834:58780,Contig:115:39.7548:34483,Contig:15:71.2227:1085,Contig:39:178.972:1074,Contig:53:254.077:1298,Contig:57:39.0322:6279,Contig:64:87.1261:1355,Contig:68:266.912:1075,Contig:69:68.3569:740,Contig:81:30.8277:634,Contig:84:33.6905:2536,Contig:87:31.9918:14520,Contig:92:72.6673:491,Contig:98:38.9647:190899,Contig:99:94.7608:6049,Contig:33:19.5427:5p:1:19:758,Contig:33:19.5427:5p:1:21:197,Contig:33:19.5427:5p:1:25:345,Contig:53:254.077:3p:1:4:181,Contig:53:254.077:3p:1:6:295,Contig:76:60.2963:3p:1:3:355	0	False	0
ecol-SAMN34360976	PBF_P4	Contig:105:57.2663:683,Contig:17:203.796:2532,Contig:109:15.6801:6676,Contig:46:131.5:2581,Contig:48:33.4734:4448,Contig:29:50.8221:6767,Contig:28:55.4552:3222,Contig:33:19.5427:5p:1:14:721,Contig:7:47.512:906	5	-0.2407271171858534	3.047599609223893	0.3997083399547814	PBF_P19	Contig:82:16.7543:6202	4	0.0	0.4948457396136756	0.4548629802200033	0	0	0	0		1	False	0
ecol-SAMN34360976	PBF_P4	Contig:105:57.2663:683,Contig:17:203.796:2532,Contig:109:15.6801:6676,Contig:46:131.5:2581,Contig:48:33.4734:4448,Contig:29:50.8221:6767,Contig:28:55.4552:3222,Contig:33:19.5427:5p:1:14:721,Contig:7:47.512:906	5	-0.2407271171858534	3.047599609223893	0.3997083399547814	PBF_P20	Contig:117:15.8693:9882	4	0.0	0.4886923886243768	0.43593623321650865	0	0	0	0		1	False	0
ecol-SAMN34360976	PBF_P4	Contig:105:57.2663:683,Contig:17:203.796:2532,Contig:109:15.6801:6676,Contig:46:131.5:2581,Contig:48:33.4734:4448,Contig:29:50.8221:6767,Contig:28:55.4552:3222,Contig:33:19.5427:5p:1:14:721,Contig:7:47.512:906	5	-0.2407271171858534	3.047599609223893	0.3997083399547814	PBF_P21	Contig:44:16.9058:7535	4	0.0	0.32792204538485603	0.43604927166256063	0	0	0	0		1	False	0
ecol-SAMN34360976	PBF_P5	Contig:17:203.796:2532,Contig:14:49.2463:2026,Contig:22:19.9961:7745,Contig:91:38.1459:21996,Contig:50:36.6783:2262,Contig:58:37.3871:10521	4	-0.14416845201924633	1.8105096069297442	0.569802231217614	PBF_P6	Contig:109:15.6801:6676,Contig:35:27.1225:3p:1:5:768,Contig:33:19.5427:5p:1:17:195,Contig:48:33.4734:4448,Contig:33:19.5427:5p:1:14:721,Contig:7:47.512:906,Contig:46:131.5:2581,Contig:92:72.6673:491,Contig:68:266.912:1075,Contig:66:63.8858:3442,Contig:80:19.5415:17655,Contig:108:39.7852:216184,Contig:105:57.2663:683,Contig:56:37.6907:54984,Contig:85:47.5788:1950,Contig:20:16.1633:5161,Contig:68:266.912:3p:1:11:175,Contig:75:50.0161:9115,Contig:17:203.796:2532,Contig:15:71.2227:1085,Contig:110:29.6544:22613	5	-0.5603532000852809	2.3136883765177263	0.3997083399547814	5	-1.0292810561314327	5.183871521334179	0.3643450005693012	Contig:57:39.0322:6279,Contig:84:33.6905:2536,Contig:87:31.9918:14520,Contig:33:19.5427:5p:1:19:758,Contig:33:19.5427:5p:1:21:197,Contig:33:19.5427:5p:1:25:345	0	True	0
ecol-SAMN34360976	PBF_P5	Contig:17:203.796:2532,Contig:14:49.2463:2026,Contig:22:19.9961:7745,Contig:91:38.1459:21996,Contig:50:36.6783:2262,Contig:58:37.3871:10521	4	-0.14416845201924633	1.8105096069297442	0.569802231217614	PBF_P7	Contig:100:21.512:3p:1:15:153,Contig:100:21.512:9730,Contig:100:21.512:3p:1:19:768	5	-0.06683380601889369	1.366072457032017	0.630194383803849	4	-0.34167538181068213	1.9349535692154718	0.3371917922358989	Contig:103:38.7208:43261,Contig:40:37.8111:147622,Contig:68:266.912:1075,Contig:9:27.9971:84970,Contig:40:37.8111:3p:1:4:152,Contig:40:37.8111:3p:1:5:167,Contig:40:37.8111:3p:1:11:127	0	False	0
ecol-SAMN34360976	PBF_P5	Contig:17:203.796:2532,Contig:14:49.2463:2026,Contig:22:19.9961:7745,Contig:91:38.1459:21996,Contig:50:36.6783:2262,Contig:58:37.3871:10521	4	-0.14416845201924633	1.8105096069297442	0.569802231217614	PBF_P8	Contig:17:203.796:2532,Contig:33:19.5427:5p:1:10:197,Contig:33:19.5427:5p:1:13:662,Contig:54:19.3855:4737,Contig:7:47.512:906,Contig:33:19.5427:5p:1:6:345	5	-0.06861507075030374	1.6990618524851098	0.539689122252338	4	-0.27401594663532525	4.11542700246557	0.3643450005693012	Contig:57:39.0322:6279,Contig:84:33.6905:2536	0	True	0
ecol-SAMN34360976	PBF_P5	Contig:17:203.796:2532,Contig:14:49.2463:2026,Contig:22:19.9961:7745,Contig:91:38.1459:21996,Contig:50:36.6783:2262,Contig:58:37.3871:10521	4	-0.14416845201924633	1.8105096069297442	0.569802231217614	PBF_P9	Contig:35:27.1225:3p:1:5:768,Contig:46:131.5:2581,Contig:81:30.8277:634,Contig:56:37.6907:54984,Contig:28:55.4552:3222,Contig:20:16.1633:5161	4	-0.15135903264627815	1.482246473564607	0.486251247957509	4	-0.3096748720987243	4.342678032062722	0.3643450005693012	Contig:57:39.0322:6279,Contig:84:33.6905:2536,Contig:87:31.9918:14520,Contig:33:19.5427:5p:1:19:758,Contig:33:19.5427:5p:1:22:197,Contig:33:19.5427:5p:1:25:345	0	False	0
ecol-SAMN34360976	PBF_P5	Contig:17:203.796:2532,Contig:14:49.2463:2026,Contig:22:19.9961:7745,Contig:91:38.1459:21996,Contig:50:36.6783:2262,Contig:58:37.3871:10521	4	-0.14416845201924633	1.8105096069297442	0.569802231217614	PBF_P10	Contig:33:19.5427:5p:1:17:195,Contig:85:47.5788:1950,Contig:68:266.912:1075,Contig:66:63.8858:3442,Contig:15:71.2227:1085,Contig:31:44.343:14167,Contig:75:50.0161:9115	5	-0.13788120173319116	1.0230946176643694	1.098250812540129	5	-0.5690399722702548	3.4394597676448297	0.3643450005693012	Contig:57:39.0322:6279,Contig:84:33.6905:2536	0	False	0
ecol-SAMN34360976	PBF_P5	Contig:17:203.796:2532,Contig:14:49.2463:2026,Contig:22:19.9961:7745,Contig:91:38.1459:21996,Contig:50:36.6783:2262,Contig:58:37.3871:10521	4	-0.14416845201924633	1.8105096069297442	0.569802231217614	PBF_P11	Contig:100:21.512:3p:1:19:768,Contig:63:37.8939:3804	4	-0.01642460250409916	0.650641413176921	0.8780122443524789	4	-0.19161247536253057	1.2195225253603752	0.3371917922358989	Contig:103:38.7208:43261,Contig:40:37.8111:147622,Contig:68:266.912:1075,Contig:9:27.9971:84970,Contig:40:37.8111:3p:1:4:152,Contig:40:37.8111:3p:1:5:167,Contig:40:37.8111:3p:1:11:127	0	False	0
ecol-SAMN34360976	PBF_P5	Contig:17:203.796:2532,Contig:14:49.2463:2026,Contig:22:19.9961:7745,Contig:91:38.1459:21996,Contig:50:36.6783:2262,Contig:58:37.3871:10521	4	-0.14416845201924633	1.8105096069297442	0.569802231217614	PBF_P12	Contig:100:21.512:3p:1:19:768,Contig:79:20.8518:13042	5	0.0	0.8346469748155008	0.6559141735370035	4	-0.244315591899269	1.403528086998955	0.3371917922358989	Contig:103:38.7208:43261,Contig:40:37.8111:147622,Contig:68:266.912:1075,Contig:9:27.9971:84970,Contig:40:37.8111:3p:1:4:152,Contig:40:37.8111:3p:1:5:167,Contig:40:37.8111:3p:1:11:127	0	False	0
ecol-SAMN34360976	PBF_P5	Contig:17:203.796:2532,Contig:14:49.2463:2026,Contig:22:19.9961:7745,Contig:91:38.1459:21996,Contig:50:36.6783:2262,Contig:58:37.3871:10521	4	-0.14416845201924633	1.8105096069297442	0.569802231217614	PBF_P13	Contig:33:19.5427:5p:1:10:197,Contig:33:19.5427:5p:1:13:662,Contig:33:19.5427:5200,Contig:33:19.5427:5p:1:6:345	4	-0.02346739696836342	0.9604088569207765	0.5161995997906708	4	-0.17330877056320498	3.376774006901237	0.3643450005693012	Contig:57:39.0322:6279,Contig:84:33.6905:2536	0	False	0
ecol-SAMN34360976	PBF_P5	Contig:17:203.796:2532,Contig:14:49.2463:2026,Contig:22:19.9961:7745,Contig:91:38.1459:21996,Contig:50:36.6783:2262,Contig:58:37.3871:10521	4	-0.14416845201924633	1.8105096069297442	0.569802231217614	PBF_P14	Contig:46:131.5:2581,Contig:38:45.546:10937	4	0.0	0.28725265796832866	1.0760570545585717	4	-0.15831583945244615	3.147684216466443	0.3643450005693012	Contig:57:39.0322:6279,Contig:84:33.6905:2536,Contig:87:31.9918:14520,Contig:33:19.5427:5p:1:19:758,Contig:33:19.5427:5p:1:22:197,Contig:33:19.5427:5p:1:25:345	0	False	0
ecol-SAMN34360976	PBF_P5	Contig:17:203.796:2532,Contig:14:49.2463:2026,Contig:22:19.9961:7745,Contig:91:38.1459:21996,Contig:50:36.6783:2262,Contig:58:37.3871:10521	4	-0.14416845201924633	1.8105096069297442	0.569802231217614	PBF_P15	Contig:10:37.5897:21311,Contig:71:83.4099:1039	4	0.0	0.2542309679635466	0.9336474583470066	4	-0.14416845201924633	2.0647405748932908	0.5698022312171815		0	False	0
ecol-SAMN34360976	PBF_P5	Contig:17:203.796:2532,Contig:14:49.2463:2026,Contig:22:19.9961:7745,Contig:91:38.1459:21996,Contig:50:36.6783:2262,Contig:58:37.3871:10521	4	-0.14416845201924633	1.8105096069297442	0.569802231217614	PBF_P16	Contig:35:27.1225:3p:1:5:768,Contig:46:131.5:2581,Contig:56:37.6907:54984,Contig:28:55.4552:3222	4	-0.090303535720239	0.5395417535346272	1.0484804382555684	4	-0.24861937517268515	3.399973312032742	0.3643450005693012	Contig:57:39.0322:6279,Contig:84:33.6905:2536,Contig:87:31.9918:14520,Contig:33:19.5427:5p:1:19:758,Contig:33:19.5427:5p:1:22:197,Contig:33:19.5427:5p:1:25:345	0	False	0
ecol-SAMN34360976	PBF_P5	Contig:17:203.796:2532,Contig:14:49.2463:2026,Contig:22:19.9961:7745,Contig:91:38.1459:21996,Contig:50:36.6783:2262,Contig:58:37.3871:10521	4	-0.14416845201924633	1.8105096069297442	0.569802231217614	PBF_P17	Contig:72:19.235:5610	5	0.0	0.49502657385116255	0.5430305579317777	4	-0.39485497783632373	2.979744068669564	0.3371917922358989	Contig:103:38.7208:43261,Contig:106:86.8687:458,Contig:40:37.8111:147622,Contig:68:266.912:1075,Contig:9:27.9971:84970,Contig:100:21.512:3p:1:15:153,Contig:100:21.512:3p:1:16:213,Contig:100:21.512:3p:1:19:768,Contig:40:37.8111:3p:1:4:152,Contig:40:37.8111:3p:1:5:167,Contig:40:37.8111:3p:1:11:127	0	False	0
ecol-SAMN34360976	PBF_P5	Contig:17:203.796:2532,Contig:14:49.2463:2026,Contig:22:19.9961:7745,Contig:91:38.1459:21996,Contig:50:36.6783:2262,Contig:58:37.3871:10521	4	-0.14416845201924633	1.8105096069297442	0.569802231217614	PBF_P18	Contig:19:18.0589:4727	5	0.0	0.46720675908107856	0.5362761254509049	4	-0.4711248763938485	1.7083537361480836	0.15853349541430362	Contig:107:39.5938:34738,Contig:30:41.7528:4564,Contig:64:87.1261:1355,Contig:74:38.3168:83749,Contig:81:30.8277:634,Contig:35:27.1225:3p:1:5:768,Contig:74:38.3168:5p:1:2:113	0	False	0
ecol-SAMN34360976	PBF_P5	Contig:17:203.796:2532,Contig:14:49.2463:2026,Contig:22:19.9961:7745,Contig:91:38.1459:21996,Contig:50:36.6783:2262,Contig:58:37.3871:10521	4	-0.14416845201924633	1.8105096069297442	0.569802231217614	PBF_P19	Contig:82:16.7543:6202	4	0.0	0.4948457396136756	0.4548629802200033	0	0	0	0		1	False	0
ecol-SAMN34360976	PBF_P5	Contig:17:203.796:2532,Contig:14:49.2463:2026,Contig:22:19.9961:7745,Contig:91:38.1459:21996,Contig:50:36.6783:2262,Contig:58:37.3871:10521	4	-0.14416845201924633	1.8105096069297442	0.569802231217614	PBF_P20	Contig:117:15.8693:9882	4	0.0	0.4886923886243768	0.43593623321650865	0	0	0	0		1	False	0
ecol-SAMN34360976	PBF_P5	Contig:17:203.796:2532,Contig:14:49.2463:2026,Contig:22:19.9961:7745,Contig:91:38.1459:21996,Contig:50:36.6783:2262,Contig:58:37.3871:10521	4	-0.14416845201924633	1.8105096069297442	0.569802231217614	PBF_P21	Contig:44:16.9058:7535	4	0.0	0.32792204538485603	0.43604927166256063	0	0	0	0		1	False	0
ecol-SAMN34360976	PBF_P6	Contig:109:15.6801:6676,Contig:35:27.1225:3p:1:5:768,Contig:33:19.5427:5p:1:17:195,Contig:48:33.4734:4448,Contig:33:19.5427:5p:1:14:721,Contig:7:47.512:906,Contig:46:131.5:2581,Contig:92:72.6673:491,Contig:68:266.912:1075,Contig:66:63.8858:3442,Contig:80:19.5415:17655,Contig:108:39.7852:216184,Contig:105:57.2663:683,Contig:56:37.6907:54984,Contig:85:47.5788:1950,Contig:20:16.1633:5161,Contig:68:266.912:3p:1:11:175,Contig:75:50.0161:9115,Contig:17:203.796:2532,Contig:15:71.2227:1085,Contig:110:29.6544:22613	5	-0.5603532000852809	2.3136883765177263	0.3997083399547814	PBF_P7	Contig:100:21.512:3p:1:15:153,Contig:100:21.512:9730,Contig:100:21.512:3p:1:19:768	5	-0.06683380601889369	1.366072457032017	0.630194383803849	5	-0.8587166279290503	3.1157558246203396	0.15853349541430362	Contig:112:25.4834:58780,Contig:13:25.9216:186813,Contig:64:87.1261:1355,Contig:76:60.2963:386,Contig:81:30.8277:634,Contig:76:60.2963:3p:1:3:355,Contig:76:60.2963:3p:1:6:289	0	False	0
ecol-SAMN34360976	PBF_P6	Contig:109:15.6801:6676,Contig:35:27.1225:3p:1:5:768,Contig:33:19.5427:5p:1:17:195,Contig:48:33.4734:4448,Contig:33:19.5427:5p:1:14:721,Contig:7:47.512:906,Contig:46:131.5:2581,Contig:92:72.6673:491,Contig:68:266.912:1075,Contig:66:63.8858:3442,Contig:80:19.5415:17655,Contig:108:39.7852:216184,Contig:105:57.2663:683,Contig:56:37.6907:54984,Contig:85:47.5788:1950,Contig:20:16.1633:5161,Contig:68:266.912:3p:1:11:175,Contig:75:50.0161:9115,Contig:17:203.796:2532,Contig:15:71.2227:1085,Contig:110:29.6544:22613	5	-0.5603532000852809	2.3136883765177263	0.3997083399547814	PBF_P8	Contig:17:203.796:2532,Contig:33:19.5427:5p:1:10:197,Contig:33:19.5427:5p:1:13:662,Contig:54:19.3855:4737,Contig:7:47.512:906,Contig:33:19.5427:5p:1:6:345	5	-0.06861507075030374	1.6990618524851098	0.539689122252338	5	-0.7016680575376519	5.072423766889545	0.3643450005693012	Contig:57:39.0322:6279,Contig:84:33.6905:2536,Contig:87:31.9918:14520,Contig:33:19.5427:5p:1:19:758,Contig:33:19.5427:5p:1:21:197,Contig:33:19.5427:5p:1:25:345	0	True	0
ecol-SAMN34360976	PBF_P6	Contig:109:15.6801:6676,Contig:35:27.1225:3p:1:5:768,Contig:33:19.5427:5p:1:17:195,Contig:48:33.4734:4448,Contig:33:19.5427:5p:1:14:721,Contig:7:47.512:906,Contig:46:131.5:2581,Contig:92:72.6673:491,Contig:68:266.912:1075,Contig:66:63.8858:3442,Contig:80:19.5415:17655,Contig:108:39.7852:216184,Contig:105:57.2663:683,Contig:56:37.6907:54984,Contig:85:47.5788:1950,Contig:20:16.1633:5161,Contig:68:266.912:3p:1:11:175,Contig:75:50.0161:9115,Contig:17:203.796:2532,Contig:15:71.2227:1085,Contig:110:29.6544:22613	5	-0.5603532000852809	2.3136883765177263	0.3997083399547814	PBF_P9	Contig:35:27.1225:3p:1:5:768,Contig:46:131.5:2581,Contig:81:30.8277:634,Contig:56:37.6907:54984,Contig:28:55.4552:3222,Contig:20:16.1633:5161	4	-0.15135903264627815	1.482246473564607	0.486251247957509	5	-0.9010674300902127	4.855608387969043	0.3643450005693012	Contig:57:39.0322:6279,Contig:84:33.6905:2536,Contig:87:31.9918:14520,Contig:33:19.5427:5p:1:19:758,Contig:33:19.5427:5p:1:21:197,Contig:33:19.5427:5p:1:25:345	0	True	0
ecol-SAMN34360976	PBF_P6	Contig:109:15.6801:6676,Contig:35:27.1225:3p:1:5:768,Contig:33:19.5427:5p:1:17:195,Contig:48:33.4734:4448,Contig:33:19.5427:5p:1:14:721,Contig:7:47.512:906,Contig:46:131.5:2581,Contig:92:72.6673:491,Contig:68:266.912:1075,Contig:66:63.8858:3442,Contig:80:19.5415:17655,Contig:108:39.7852:216184,Contig:105:57.2663:683,Contig:56:37.6907:54984,Contig:85:47.5788:1950,Contig:20:16.1633:5161,Contig:68:266.912:3p:1:11:175,Contig:75:50.0161:9115,Contig:17:203.796:2532,Contig:15:71.2227:1085,Contig:110:29.6544:22613	5	-0.5603532000852809	2.3136883765177263	0.3997083399547814	PBF_P10	Contig:33:19.5427:5p:1:17:195,Contig:85:47.5788:1950,Contig:68:266.912:1075,Contig:66:63.8858:3442,Contig:15:71.2227:1085,Contig:31:44.343:14167,Contig:75:50.0161:9115	5	-0.13788120173319116	1.0230946176643694	1.098250812540129	5	-0.7709341885205394	4.396456532068806	0.3643450005693012	Contig:57:39.0322:6279,Contig:84:33.6905:2536,Contig:87:31.9918:14520,Contig:33:19.5427:5p:1:19:758,Contig:33:19.5427:5p:1:21:197,Contig:33:19.5427:5p:1:25:345	0	True	0
ecol-SAMN34360976	PBF_P6	Contig:109:15.6801:6676,Contig:35:27.1225:3p:1:5:768,Contig:33:19.5427:5p:1:17:195,Contig:48:33.4734:4448,Contig:33:19.5427:5p:1:14:721,Contig:7:47.512:906,Contig:46:131.5:2581,Contig:92:72.6673:491,Contig:68:266.912:1075,Contig:66:63.8858:3442,Contig:80:19.5415:17655,Contig:108:39.7852:216184,Contig:105:57.2663:683,Contig:56:37.6907:54984,Contig:85:47.5788:1950,Contig:20:16.1633:5161,Contig:68:266.912:3p:1:11:175,Contig:75:50.0161:9115,Contig:17:203.796:2532,Contig:15:71.2227:1085,Contig:110:29.6544:22613	5	-0.5603532000852809	2.3136883765177263	0.3997083399547814	PBF_P11	Contig:100:21.512:3p:1:19:768,Contig:63:37.8939:3804	4	-0.01642460250409916	0.650641413176921	0.8780122443524789	5	-0.9036582848335668	2.4003247807652435	0.15853349541430362	Contig:112:25.4834:58780,Contig:13:25.9216:186813,Contig:64:87.1261:1355,Contig:76:60.2963:386,Contig:81:30.8277:634,Contig:76:60.2963:3p:1:3:355,Contig:76:60.2963:3p:1:6:289	0	False	0
ecol-SAMN34360976	PBF_P6	Contig:109:15.6801:6676,Contig:35:27.1225:3p:1:5:768,Contig:33:19.5427:5p:1:17:195,Contig:48:33.4734:4448,Contig:33:19.5427:5p:1:14:721,Contig:7:47.512:906,Contig:46:131.5:2581,Contig:92:72.6673:491,Contig:68:266.912:1075,Contig:66:63.8858:3442,Contig:80:19.5415:17655,Contig:108:39.7852:216184,Contig:105:57.2663:683,Contig:56:37.6907:54984,Contig:85:47.5788:1950,Contig:20:16.1633:5161,Contig:68:266.912:3p:1:11:175,Contig:75:50.0161:9115,Contig:17:203.796:2532,Contig:15:71.2227:1085,Contig:110:29.6544:22613	5	-0.5603532000852809	2.3136883765177263	0.3997083399547814	PBF_P12	Contig:100:21.512:3p:1:19:768,Contig:79:20.8518:13042	5	0.0	0.8346469748155008	0.6559141735370035	5	-0.5603532000852809	3.148335351333227	0.3997083399553958		0	False	0
ecol-SAMN34360976	PBF_P6	Contig:109:15.6801:6676,Contig:35:27.1225:3p:1:5:768,Contig:33:19.5427:5p:1:17:195,Contig:48:33.4734:4448,Contig:33:19.5427:5p:1:14:721,Contig:7:47.512:906,Contig:46:131.5:2581,Contig:92:72.6673:491,Contig:68:266.912:1075,Contig:66:63.8858:3442,Contig:80:19.5415:17655,Contig:108:39.7852:216184,Contig:105:57.2663:683,Contig:56:37.6907:54984,Contig:85:47.5788:1950,Contig:20:16.1633:5161,Contig:68:266.912:3p:1:11:175,Contig:75:50.0161:9115,Contig:17:203.796:2532,Contig:15:71.2227:1085,Contig:110:29.6544:22613	5	-0.5603532000852809	2.3136883765177263	0.3997083399547814	PBF_P13	Contig:33:19.5427:5p:1:10:197,Contig:33:19.5427:5p:1:13:662,Contig:33:19.5427:5200,Contig:33:19.5427:5p:1:6:345	4	-0.02346739696836342	0.9604088569207765	0.5161995997906708	5	-0.7371742554510229	4.177587667159293	0.3997083399553958	Contig:57:39.0322:6279,Contig:87:31.9918:14520,Contig:33:19.5427:5p:1:19:758,Contig:33:19.5427:5p:1:21:197,Contig:33:19.5427:5p:1:25:345	0	False	0
ecol-SAMN34360976	PBF_P6	Contig:109:15.6801:6676,Contig:35:27.1225:3p:1:5:768,Contig:33:19.5427:5p:1:17:195,Contig:48:33.4734:4448,Contig:33:19.5427:5p:1:14:721,Contig:7:47.512:906,Contig:46:131.5:2581,Contig:92:72.6673:491,Contig:68:266.912:1075,Contig:66:63.8858:3442,Contig:80:19.5415:17655,Contig:108:39.7852:216184,Contig:105:57.2663:683,Contig:56:37.6907:54984,Contig:85:47.5788:1950,Contig:20:16.1633:5161,Contig:68:266.912:3p:1:11:175,Contig:75:50.0161:9115,Contig:17:203.796:2532,Contig:15:71.2227:1085,Contig:110:29.6544:22613	5	-0.5603532000852809	2.3136883765177263	0.3997083399547814	PBF_P14	Contig:46:131.5:2581,Contig:38:45.546:10937	4	0.0	0.28725265796832866	1.0760570545585717	5	-0.7708739856023399	3.660614572372764	0.3643450005693012	Contig:57:39.0322:6279,Contig:84:33.6905:2536,Contig:87:31.9918:14520,Contig:33:19.5427:5p:1:19:758,Contig:33:19.5427:5p:1:21:197,Contig:33:19.5427:5p:1:25:345	0	True	0
ecol-SAMN34360976	PBF_P6	Contig:109:15.6801:6676,Contig:35:27.1225:3p:1:5:768,Contig:33:19.5427:5p:1:17:195,Contig:48:33.4734:4448,Contig:33:19.5427:5p:1:14:721,Contig:7:47.512:906,Contig:46:131.5:2581,Contig:92:72.6673:491,Contig:68:266.912:1075,Contig:66:63.8858:3442,Contig:80:19.5415:17655,Contig:108:39.7852:216184,Contig:105:57.2663:683,Contig:56:37.6907:54984,Contig:85:47.5788:1950,Contig:20:16.1633:5161,Contig:68:266.912:3p:1:11:175,Contig:75:50.0161:9115,Contig:17:203.796:2532,Contig:15:71.2227:1085,Contig:110:29.6544:22613	5	-0.5603532000852809	2.3136883765177263	0.3997083399547814	PBF_P15	Contig:10:37.5897:21311,Contig:71:83.4099:1039	4	0.0	0.2542309679635466	0.9336474583470066	0	0	0	0		1	False	0
ecol-SAMN34360976	PBF_P6	Contig:109:15.6801:6676,Contig:35:27.1225:3p:1:5:768,Contig:33:19.5427:5p:1:17:195,Contig:48:33.4734:4448,Contig:33:19.5427:5p:1:14:721,Contig:7:47.512:906,Contig:46:131.5:2581,Contig:92:72.6673:491,Contig:68:266.912:1075,Contig:66:63.8858:3442,Contig:80:19.5415:17655,Contig:108:39.7852:216184,Contig:105:57.2663:683,Contig:56:37.6907:54984,Contig:85:47.5788:1950,Contig:20:16.1633:5161,Contig:68:266.912:3p:1:11:175,Contig:75:50.0161:9115,Contig:17:203.796:2532,Contig:15:71.2227:1085,Contig:110:29.6544:22613	5	-0.5603532000852809	2.3136883765177263	0.3997083399547814	PBF_P16	Contig:35:27.1225:3p:1:5:768,Contig:46:131.5:2581,Contig:56:37.6907:54984,Contig:28:55.4552:3222	4	-0.090303535720239	0.5395417535346272	1.0484804382555684	5	-0.7659039547125545	3.912903667939063	0.3643450005693012	Contig:57:39.0322:6279,Contig:84:33.6905:2536,Contig:87:31.9918:14520,Contig:33:19.5427:5p:1:19:758,Contig:33:19.5427:5p:1:21:197,Contig:33:19.5427:5p:1:25:345	0	True	0
ecol-SAMN34360976	PBF_P6	Contig:109:15.6801:6676,Contig:35:27.1225:3p:1:5:768,Contig:33:19.5427:5p:1:17:195,Contig:48:33.4734:4448,Contig:33:19.5427:5p:1:14:721,Contig:7:47.512:906,Contig:46:131.5:2581,Contig:92:72.6673:491,Contig:68:266.912:1075,Contig:66:63.8858:3442,Contig:80:19.5415:17655,Contig:108:39.7852:216184,Contig:105:57.2663:683,Contig:56:37.6907:54984,Contig:85:47.5788:1950,Contig:20:16.1633:5161,Contig:68:266.912:3p:1:11:175,Contig:75:50.0161:9115,Contig:17:203.796:2532,Contig:15:71.2227:1085,Contig:110:29.6544:22613	5	-0.5603532000852809	2.3136883765177263	0.3997083399547814	PBF_P17	Contig:72:19.235:5610	5	0.0	0.49502657385116255	0.5430305579317777	5	-0.8900433161443597	4.160546324074432	0.15853349541430362	Contig:106:86.8687:458,Contig:112:25.4834:58780,Contig:13:25.9216:186813,Contig:64:87.1261:1355,Contig:76:60.2963:386,Contig:81:30.8277:634,Contig:100:21.512:3p:1:15:153,Contig:100:21.512:3p:1:16:213,Contig:100:21.512:3p:1:19:768,Contig:76:60.2963:3p:1:3:355,Contig:76:60.2963:3p:1:6:289	0	False	0
ecol-SAMN34360976	PBF_P6	Contig:109:15.6801:6676,Contig:35:27.1225:3p:1:5:768,Contig:33:19.5427:5p:1:17:195,Contig:48:33.4734:4448,Contig:33:19.5427:5p:1:14:721,Contig:7:47.512:906,Contig:46:131.5:2581,Contig:92:72.6673:491,Contig:68:266.912:1075,Contig:66:63.8858:3442,Contig:80:19.5415:17655,Contig:108:39.7852:216184,Contig:105:57.2663:683,Contig:56:37.6907:54984,Contig:85:47.5788:1950,Contig:20:16.1633:5161,Contig:68:266.912:3p:1:11:175,Contig:75:50.0161:9115,Contig:17:203.796:2532,Contig:15:71.2227:1085,Contig:110:29.6544:22613	5	-0.5603532000852809	2.3136883765177263	0.3997083399547814	PBF_P18	Contig:19:18.0589:4727	5	0.0	0.46720675908107856	0.5362761254509049	5	-0.6830274134567973	3.5700230355945157	0.15853349541430362	Contig:64:87.1261:1355,Contig:81:30.8277:634	0	False	0
ecol-SAMN34360976	PBF_P6	Contig:109:15.6801:6676,Contig:35:27.1225:3p:1:5:768,Contig:33:19.5427:5p:1:17:195,Contig:48:33.4734:4448,Contig:33:19.5427:5p:1:14:721,Contig:7:47.512:906,Contig:46:131.5:2581,Contig:92:72.6673:491,Contig:68:266.912:1075,Contig:66:63.8858:3442,Contig:80:19.5415:17655,Contig:108:39.7852:216184,Contig:105:57.2663:683,Contig:56:37.6907:54984,Contig:85:47.5788:1950,Contig:20:16.1633:5161,Contig:68:266.912:3p:1:11:175,Contig:75:50.0161:9115,Contig:17:203.796:2532,Contig:15:71.2227:1085,Contig:110:29.6544:22613	5	-0.5603532000852809	2.3136883765177263	0.3997083399547814	PBF_P19	Contig:82:16.7543:6202	4	0.0	0.4948457396136756	0.4548629802200033	0	0	0	0		1	False	0
ecol-SAMN34360976	PBF_P6	Contig:109:15.6801:6676,Contig:35:27.1225:3p:1:5:768,Contig:33:19.5427:5p:1:17:195,Contig:48:33.4734:4448,Contig:33:19.5427:5p:1:14:721,Contig:7:47.512:906,Contig:46:131.5:2581,Contig:92:72.6673:491,Contig:68:266.912:1075,Contig:66:63.8858:3442,Contig:80:19.5415:17655,Contig:108:39.7852:216184,Contig:105:57.2663:683,Contig:56:37.6907:54984,Contig:85:47.5788:1950,Contig:20:16.1633:5161,Contig:68:266.912:3p:1:11:175,Contig:75:50.0161:9115,Contig:17:203.796:2532,Contig:15:71.2227:1085,Contig:110:29.6544:22613	5	-0.5603532000852809	2.3136883765177263	0.3997083399547814	PBF_P20	Contig:117:15.8693:9882	4	0.0	0.4886923886243768	0.43593623321650865	0	0	0	0		1	False	0
ecol-SAMN34360976	PBF_P6	Contig:109:15.6801:6676,Contig:35:27.1225:3p:1:5:768,Contig:33:19.5427:5p:1:17:195,Contig:48:33.4734:4448,Contig:33:19.5427:5p:1:14:721,Contig:7:47.512:906,Contig:46:131.5:2581,Contig:92:72.6673:491,Contig:68:266.912:1075,Contig:66:63.8858:3442,Contig:80:19.5415:17655,Contig:108:39.7852:216184,Contig:105:57.2663:683,Contig:56:37.6907:54984,Contig:85:47.5788:1950,Contig:20:16.1633:5161,Contig:68:266.912:3p:1:11:175,Contig:75:50.0161:9115,Contig:17:203.796:2532,Contig:15:71.2227:1085,Contig:110:29.6544:22613	5	-0.5603532000852809	2.3136883765177263	0.3997083399547814	PBF_P21	Contig:44:16.9058:7535	4	0.0	0.32792204538485603	0.43604927166256063	0	0	0	0		1	False	0
ecol-SAMN34360976	PBF_P7	Contig:100:21.512:3p:1:15:153,Contig:100:21.512:9730,Contig:100:21.512:3p:1:19:768	5	-0.06683380601889369	1.366072457032017	0.630194383803849	PBF_P8	Contig:17:203.796:2532,Contig:33:19.5427:5p:1:10:197,Contig:33:19.5427:5p:1:13:662,Contig:54:19.3855:4737,Contig:7:47.512:906,Contig:33:19.5427:5p:1:6:345	5	-0.06861507075030374	1.6990618524851098	0.539689122252338	5	-0.3147826483765753	2.1468856709212347	0.27273328066621616	Contig:103:38.7208:43261,Contig:108:39.7852:216184,Contig:15:71.2227:1085,Contig:57:39.0322:6279,Contig:68:266.912:1075,Contig:84:33.6905:2536,Contig:92:72.6673:491,Contig:95:38.2599:78400,Contig:40:37.8111:3p:1:11:127	0	False	0
ecol-SAMN34360976	PBF_P7	Contig:100:21.512:3p:1:15:153,Contig:100:21.512:9730,Contig:100:21.512:3p:1:19:768	5	-0.06683380601889369	1.366072457032017	0.630194383803849	PBF_P9	Contig:35:27.1225:3p:1:5:768,Contig:46:131.5:2581,Contig:81:30.8277:634,Contig:56:37.6907:54984,Contig:28:55.4552:3222,Contig:20:16.1633:5161	4	-0.15135903264627815	1.482246473564607	0.486251247957509	4	-0.37164926967038203	3.0936315049616305	0.3371917922358989	Contig:103:38.7208:43261,Contig:17:203.796:2532,Contig:40:37.8111:147622,Contig:57:39.0322:6279,Contig:68:266.912:1075,Contig:84:33.6905:2536,Contig:87:31.9918:14520,Contig:9:27.9971:84970,Contig:33:19.5427:5p:1:19:758,Contig:33:19.5427:5p:1:22:197,Contig:33:19.5427:5p:1:25:345,Contig:40:37.8111:3p:1:4:152,Contig:40:37.8111:3p:1:5:167,Contig:40:37.8111:3p:1:11:127	0	False	0
ecol-SAMN34360976	PBF_P7	Contig:100:21.512:3p:1:15:153,Contig:100:21.512:9730,Contig:100:21.512:3p:1:19:768	5	-0.06683380601889369	1.366072457032017	0.630194383803849	PBF_P10	Contig:33:19.5427:5p:1:17:195,Contig:85:47.5788:1950,Contig:68:266.912:1075,Contig:66:63.8858:3442,Contig:15:71.2227:1085,Contig:31:44.343:14167,Contig:75:50.0161:9115	5	-0.13788120173319116	1.0230946176643694	1.098250812540129	5	-0.25689369305630894	1.30426447869572	0.6301943838043371	Contig:103:38.7208:43261,Contig:95:38.2599:78400,Contig:40:37.8111:3p:1:11:127	0	False	0
ecol-SAMN34360976	PBF_P7	Contig:100:21.512:3p:1:15:153,Contig:100:21.512:9730,Contig:100:21.512:3p:1:19:768	5	-0.06683380601889369	1.366072457032017	0.630194383803849	PBF_P11	Contig:100:21.512:3p:1:19:768,Contig:63:37.8939:3804	4	-0.01642460250409916	0.650641413176921	0.8780122443524789	5	-0.17860926894230383	2.016713870208938	0.6301943838043371		0	True	0
ecol-SAMN34360976	PBF_P7	Contig:100:21.512:3p:1:15:153,Contig:100:21.512:9730,Contig:100:21.512:3p:1:19:768	5	-0.06683380601889369	1.366072457032017	0.630194383803849	PBF_P12	Contig:100:21.512:3p:1:19:768,Contig:79:20.8518:13042	5	0.0	0.8346469748155008	0.6559141735370035	5	-0.06683380601889369	2.200719431847518	0.6301943838099271		0	True	0
ecol-SAMN34360976	PBF_P7	Contig:100:21.512:3p:1:15:153,Contig:100:21.512:9730,Contig:100:21.512:3p:1:19:768	5	-0.06683380601889369	1.366072457032017	0.630194383803849	PBF_P13	Contig:33:19.5427:5p:1:10:197,Contig:33:19.5427:5p:1:13:662,Contig:33:19.5427:5200,Contig:33:19.5427:5p:1:6:345	4	-0.02346739696836342	0.9604088569207765	0.5161995997906708	4	-0.2352831681348627	2.127727479800146	0.3371917922358989	Contig:103:38.7208:43261,Contig:17:203.796:2532,Contig:40:37.8111:147622,Contig:57:39.0322:6279,Contig:68:266.912:1075,Contig:84:33.6905:2536,Contig:9:27.9971:84970,Contig:40:37.8111:3p:1:4:152,Contig:40:37.8111:3p:1:5:167,Contig:40:37.8111:3p:1:11:127	0	False	0
ecol-SAMN34360976	PBF_P7	Contig:100:21.512:3p:1:15:153,Contig:100:21.512:9730,Contig:100:21.512:3p:1:19:768	5	-0.06683380601889369	1.366072457032017	0.630194383803849	PBF_P14	Contig:46:131.5:2581,Contig:38:45.546:10937	4	0.0	0.28725265796832866	1.0760570545585717	4	-0.22029023702410386	1.898637689365352	0.3371917922358989	Contig:103:38.7208:43261,Contig:17:203.796:2532,Contig:40:37.8111:147622,Contig:57:39.0322:6279,Contig:68:266.912:1075,Contig:84:33.6905:2536,Contig:87:31.9918:14520,Contig:9:27.9971:84970,Contig:33:19.5427:5p:1:19:758,Contig:33:19.5427:5p:1:22:197,Contig:33:19.5427:5p:1:25:345,Contig:40:37.8111:3p:1:4:152,Contig:40:37.8111:3p:1:5:167,Contig:40:37.8111:3p:1:11:127	0	False	0
ecol-SAMN34360976	PBF_P7	Contig:100:21.512:3p:1:15:153,Contig:100:21.512:9730,Contig:100:21.512:3p:1:19:768	5	-0.06683380601889369	1.366072457032017	0.630194383803849	PBF_P15	Contig:10:37.5897:21311,Contig:71:83.4099:1039	4	0.0	0.2542309679635466	0.9336474583470066	0	0	0	0		1	False	0
ecol-SAMN34360976	PBF_P7	Contig:100:21.512:3p:1:15:153,Contig:100:21.512:9730,Contig:100:21.512:3p:1:19:768	5	-0.06683380601889369	1.366072457032017	0.630194383803849	PBF_P16	Contig:35:27.1225:3p:1:5:768,Contig:46:131.5:2581,Contig:56:37.6907:54984,Contig:28:55.4552:3222	4	-0.090303535720239	0.5395417535346272	1.0484804382555684	4	-0.31059377274434286	2.150926784931651	0.3371917922358989	Contig:103:38.7208:43261,Contig:17:203.796:2532,Contig:40:37.8111:147622,Contig:57:39.0322:6279,Contig:68:266.912:1075,Contig:84:33.6905:2536,Contig:87:31.9918:14520,Contig:9:27.9971:84970,Contig:33:19.5427:5p:1:19:758,Contig:33:19.5427:5p:1:22:197,Contig:33:19.5427:5p:1:25:345,Contig:40:37.8111:3p:1:4:152,Contig:40:37.8111:3p:1:5:167,Contig:40:37.8111:3p:1:11:127	0	False	0
ecol-SAMN34360976	PBF_P7	Contig:100:21.512:3p:1:15:153,Contig:100:21.512:9730,Contig:100:21.512:3p:1:19:768	5	-0.06683380601889369	1.366072457032017	0.630194383803849	PBF_P17	Contig:72:19.235:5610	5	0.0	0.49502657385116255	0.5430305579317777	5	-0.09816049423420303	2.845870999603619	0.5430305579320702	Contig:106:86.8687:458,Contig:100:21.512:3p:1:16:213	0	False	0
ecol-SAMN34360976	PBF_P7	Contig:100:21.512:3p:1:15:153,Contig:100:21.512:9730,Contig:100:21.512:3p:1:19:768	5	-0.06683380601889369	1.366072457032017	0.630194383803849	PBF_P18	Contig:19:18.0589:4727	5	0.0	0.46720675908107856	0.5362761254509049	5	-0.29836342784376946	1.2692742071836922	0.15853349541430362	Contig:112:25.4834:58780,Contig:13:25.9216:186813,Contig:64:87.1261:1355,Contig:76:60.2963:386,Contig:81:30.8277:634,Contig:76:60.2963:3p:1:3:355,Contig:76:60.2963:3p:1:6:289	0	False	0
ecol-SAMN34360976	PBF_P7	Contig:100:21.512:3p:1:15:153,Contig:100:21.512:9730,Contig:100:21.512:3p:1:19:768	5	-0.06683380601889369	1.366072457032017	0.630194383803849	PBF_P19	Contig:82:16.7543:6202	4	0.0	0.4948457396136756	0.4548629802200033	0	0	0	0		1	False	0
ecol-SAMN34360976	PBF_P7	Contig:100:21.512:3p:1:15:153,Contig:100:21.512:9730,Contig:100:21.512:3p:1:19:768	5	-0.06683380601889369	1.366072457032017	0.630194383803849	PBF_P20	Contig:117:15.8693:9882	4	0.0	0.4886923886243768	0.43593623321650865	0	0	0	0		1	False	0
ecol-SAMN34360976	PBF_P7	Contig:100:21.512:3p:1:15:153,Contig:100:21.512:9730,Contig:100:21.512:3p:1:19:768	5	-0.06683380601889369	1.366072457032017	0.630194383803849	PBF_P21	Contig:44:16.9058:7535	4	0.0	0.32792204538485603	0.43604927166256063	0	0	0	0		1	False	0
ecol-SAMN34360976	PBF_P8	Contig:17:203.796:2532,Contig:33:19.5427:5p:1:10:197,Contig:33:19.5427:5p:1:13:662,Contig:54:19.3855:4737,Contig:7:47.512:906,Contig:33:19.5427:5p:1:6:345	5	-0.06861507075030374	1.6990618524851098	0.539689122252338	PBF_P9	Contig:35:27.1225:3p:1:5:768,Contig:46:131.5:2581,Contig:81:30.8277:634,Contig:56:37.6907:54984,Contig:28:55.4552:3222,Contig:20:16.1633:5161	4	-0.15135903264627815	1.482246473564607	0.486251247957509	4	-0.35593489126534855	4.510818286383912	0.27273328066621616	Contig:15:71.2227:1085,Contig:29:50.8221:6767,Contig:57:39.0322:6279,Contig:84:33.6905:2536	0	False	0
ecol-SAMN34360976	PBF_P8	Contig:17:203.796:2532,Contig:33:19.5427:5p:1:10:197,Contig:33:19.5427:5p:1:13:662,Contig:54:19.3855:4737,Contig:7:47.512:906,Contig:33:19.5427:5p:1:6:345	5	-0.06861507075030374	1.6990618524851098	0.539689122252338	PBF_P10	Contig:33:19.5427:5p:1:17:195,Contig:85:47.5788:1950,Contig:68:266.912:1075,Contig:66:63.8858:3442,Contig:15:71.2227:1085,Contig:31:44.343:14167,Contig:75:50.0161:9115	5	-0.13788120173319116	1.0230946176643694	1.098250812540129	5	-0.24142697367647403	3.328012013200196	0.3643450005693012	Contig:57:39.0322:6279,Contig:84:33.6905:2536	0	False	0
ecol-SAMN34360976	PBF_P8	Contig:17:203.796:2532,Contig:33:19.5427:5p:1:10:197,Contig:33:19.5427:5p:1:13:662,Contig:54:19.3855:4737,Contig:7:47.512:906,Contig:33:19.5427:5p:1:6:345	5	-0.06861507075030374	1.6990618524851098	0.539689122252338	PBF_P11	Contig:100:21.512:3p:1:19:768,Contig:63:37.8939:3804	4	-0.01642460250409916	0.650641413176921	0.8780122443524789	4	-0.25201988196235464	1.475850149244564	0.27273328066621616	Contig:103:38.7208:43261,Contig:108:39.7852:216184,Contig:15:71.2227:1085,Contig:40:37.8111:147622,Contig:57:39.0322:6279,Contig:68:266.912:1075,Contig:84:33.6905:2536,Contig:92:72.6673:491,Contig:40:37.8111:3p:1:4:152,Contig:40:37.8111:3p:1:5:167,Contig:40:37.8111:3p:1:11:127	0	False	0
ecol-SAMN34360976	PBF_P8	Contig:17:203.796:2532,Contig:33:19.5427:5p:1:10:197,Contig:33:19.5427:5p:1:13:662,Contig:54:19.3855:4737,Contig:7:47.512:906,Contig:33:19.5427:5p:1:6:345	5	-0.06861507075030374	1.6990618524851098	0.539689122252338	PBF_P12	Contig:100:21.512:3p:1:19:768,Contig:79:20.8518:13042	5	0.0	0.8346469748155008	0.6559141735370035	5	-0.24794884235768166	1.6154601887047182	0.27273328066621616	Contig:103:38.7208:43261,Contig:108:39.7852:216184,Contig:15:71.2227:1085,Contig:57:39.0322:6279,Contig:68:266.912:1075,Contig:84:33.6905:2536,Contig:92:72.6673:491,Contig:95:38.2599:78400,Contig:40:37.8111:3p:1:11:127	0	False	0
ecol-SAMN34360976	PBF_P8	Contig:17:203.796:2532,Contig:33:19.5427:5p:1:10:197,Contig:33:19.5427:5p:1:13:662,Contig:54:19.3855:4737,Contig:7:47.512:906,Contig:33:19.5427:5p:1:6:345	5	-0.06861507075030374	1.6990618524851098	0.539689122252338	PBF_P13	Contig:33:19.5427:5p:1:10:197,Contig:33:19.5427:5p:1:13:662,Contig:33:19.5427:5200,Contig:33:19.5427:5p:1:6:345	4	-0.02346739696836342	0.9604088569207765	0.5161995997906708	4	-0.1476419700088471	3.294162067931536	0.5161995997914346	Contig:52:43.1686:907,Contig:33:19.5427:5p:1:11:197	0	True	0
ecol-SAMN34360976	PBF_P8	Contig:17:203.796:2532,Contig:33:19.5427:5p:1:10:197,Contig:33:19.5427:5p:1:13:662,Contig:54:19.3855:4737,Contig:7:47.512:906,Contig:33:19.5427:5p:1:6:345	5	-0.06861507075030374	1.6990618524851098	0.539689122252338	PBF_P14	Contig:46:131.5:2581,Contig:38:45.546:10937	4	0.0	0.28725265796832866	1.0760570545585717	4	-0.2045758586190704	3.315824470787633	0.27273328066621616	Contig:15:71.2227:1085,Contig:29:50.8221:6767,Contig:57:39.0322:6279,Contig:84:33.6905:2536	0	False	0
ecol-SAMN34360976	PBF_P8	Contig:17:203.796:2532,Contig:33:19.5427:5p:1:10:197,Contig:33:19.5427:5p:1:13:662,Contig:54:19.3855:4737,Contig:7:47.512:906,Contig:33:19.5427:5p:1:6:345	5	-0.06861507075030374	1.6990618524851098	0.539689122252338	PBF_P15	Contig:10:37.5897:21311,Contig:71:83.4099:1039	4	0.0	0.2542309679635466	0.9336474583470066	0	0	0	0		1	False	0
ecol-SAMN34360976	PBF_P8	Contig:17:203.796:2532,Contig:33:19.5427:5p:1:10:197,Contig:33:19.5427:5p:1:13:662,Contig:54:19.3855:4737,Contig:7:47.512:906,Contig:33:19.5427:5p:1:6:345	5	-0.06861507075030374	1.6990618524851098	0.539689122252338	PBF_P16	Contig:35:27.1225:3p:1:5:768,Contig:46:131.5:2581,Contig:56:37.6907:54984,Contig:28:55.4552:3222	4	-0.090303535720239	0.5395417535346272	1.0484804382555684	5	-0.2887578101462904	3.568113566353932	0.27273328066621616	Contig:15:71.2227:1085,Contig:29:50.8221:6767,Contig:57:39.0322:6279,Contig:84:33.6905:2536	0	False	0
ecol-SAMN34360976	PBF_P8	Contig:17:203.796:2532,Contig:33:19.5427:5p:1:10:197,Contig:33:19.5427:5p:1:13:662,Contig:54:19.3855:4737,Contig:7:47.512:906,Contig:33:19.5427:5p:1:6:345	5	-0.06861507075030374	1.6990618524851098	0.539689122252338	PBF_P17	Contig:72:19.235:5610	5	0.0	0.49502657385116255	0.5430305579317777	5	-0.3461093365918847	3.191676170375327	0.27273328066621616	Contig:103:38.7208:43261,Contig:106:86.8687:458,Contig:108:39.7852:216184,Contig:15:71.2227:1085,Contig:57:39.0322:6279,Contig:68:266.912:1075,Contig:84:33.6905:2536,Contig:92:72.6673:491,Contig:95:38.2599:78400,Contig:100:21.512:3p:1:15:153,Contig:100:21.512:3p:1:16:213,Contig:100:21.512:3p:1:19:768,Contig:40:37.8111:3p:1:11:127	0	False	0
ecol-SAMN34360976	PBF_P8	Contig:17:203.796:2532,Contig:33:19.5427:5p:1:10:197,Contig:33:19.5427:5p:1:13:662,Contig:54:19.3855:4737,Contig:7:47.512:906,Contig:33:19.5427:5p:1:6:345	5	-0.06861507075030374	1.6990618524851098	0.539689122252338	PBF_P18	Contig:19:18.0589:4727	5	0.0	0.46720675908107856	0.5362761254509049	4	-0.33898161534606985	1.3938494108165476	0.15853349541430362	Contig:101:28.8522:13507,Contig:27:26.6133:13585,Contig:62:27.2453:16084,Contig:64:87.1261:1355,Contig:73:52.1266:1070,Contig:81:30.8277:634,Contig:96:32.2592:65753	0	False	0
ecol-SAMN34360976	PBF_P8	Contig:17:203.796:2532,Contig:33:19.5427:5p:1:10:197,Contig:33:19.5427:5p:1:13:662,Contig:54:19.3855:4737,Contig:7:47.512:906,Contig:33:19.5427:5p:1:6:345	5	-0.06861507075030374	1.6990618524851098	0.539689122252338	PBF_P19	Contig:82:16.7543:6202	4	0.0	0.4948457396136756	0.4548629802200033	0	0	0	0		1	False	0
ecol-SAMN34360976	PBF_P8	Contig:17:203.796:2532,Contig:33:19.5427:5p:1:10:197,Contig:33:19.5427:5p:1:13:662,Contig:54:19.3855:4737,Contig:7:47.512:906,Contig:33:19.5427:5p:1:6:345	5	-0.06861507075030374	1.6990618524851098	0.539689122252338	PBF_P20	Contig:117:15.8693:9882	4	0.0	0.4886923886243768	0.43593623321650865	0	0	0	0		1	False	0
ecol-SAMN34360976	PBF_P8	Contig:17:203.796:2532,Contig:33:19.5427:5p:1:10:197,Contig:33:19.5427:5p:1:13:662,Contig:54:19.3855:4737,Contig:7:47.512:906,Contig:33:19.5427:5p:1:6:345	5	-0.06861507075030374	1.6990618524851098	0.539689122252338	PBF_P21	Contig:44:16.9058:7535	4	0.0	0.32792204538485603	0.43604927166256063	0	0	0	0		1	False	0
ecol-SAMN34360976	PBF_P9	Contig:35:27.1225:3p:1:5:768,Contig:46:131.5:2581,Contig:81:30.8277:634,Contig:56:37.6907:54984,Contig:28:55.4552:3222,Contig:20:16.1633:5161	4	-0.15135903264627815	1.482246473564607	0.486251247957509	PBF_P10	Contig:33:19.5427:5p:1:17:195,Contig:85:47.5788:1950,Contig:68:266.912:1075,Contig:66:63.8858:3442,Contig:15:71.2227:1085,Contig:31:44.343:14167,Contig:75:50.0161:9115	5	-0.13788120173319116	1.0230946176643694	1.098250812540129	5	-0.478595431738123	3.565014629115686	0.3643450005693012	Contig:57:39.0322:6279,Contig:84:33.6905:2536,Contig:87:31.9918:14520,Contig:33:19.5427:5p:1:19:758,Contig:33:19.5427:5p:1:21:197,Contig:33:19.5427:5p:1:25:345	0	False	0
ecol-SAMN34360976	PBF_P9	Contig:35:27.1225:3p:1:5:768,Contig:46:131.5:2581,Contig:81:30.8277:634,Contig:56:37.6907:54984,Contig:28:55.4552:3222,Contig:20:16.1633:5161	4	-0.15135903264627815	1.482246473564607	0.486251247957509	PBF_P11	Contig:100:21.512:3p:1:19:768,Contig:63:37.8939:3804	4	-0.01642460250409916	0.650641413176921	0.8780122443524789	4	-0.2215863632222304	2.3782004611065344	0.3371917922358989	Contig:103:38.7208:43261,Contig:17:203.796:2532,Contig:40:37.8111:147622,Contig:57:39.0322:6279,Contig:68:266.912:1075,Contig:84:33.6905:2536,Contig:87:31.9918:14520,Contig:9:27.9971:84970,Contig:33:19.5427:5p:1:19:758,Contig:33:19.5427:5p:1:22:197,Contig:33:19.5427:5p:1:25:345,Contig:40:37.8111:3p:1:4:152,Contig:40:37.8111:3p:1:5:167,Contig:40:37.8111:3p:1:11:127	0	False	0
ecol-SAMN34360976	PBF_P9	Contig:35:27.1225:3p:1:5:768,Contig:46:131.5:2581,Contig:81:30.8277:634,Contig:56:37.6907:54984,Contig:28:55.4552:3222,Contig:20:16.1633:5161	4	-0.15135903264627815	1.482246473564607	0.486251247957509	PBF_P12	Contig:100:21.512:3p:1:19:768,Contig:79:20.8518:13042	5	0.0	0.8346469748155008	0.6559141735370035	4	-0.27428947975896883	2.5622060227451144	0.3371917922358989	Contig:103:38.7208:43261,Contig:17:203.796:2532,Contig:40:37.8111:147622,Contig:57:39.0322:6279,Contig:68:266.912:1075,Contig:84:33.6905:2536,Contig:87:31.9918:14520,Contig:9:27.9971:84970,Contig:33:19.5427:5p:1:19:758,Contig:33:19.5427:5p:1:22:197,Contig:33:19.5427:5p:1:25:345,Contig:40:37.8111:3p:1:4:152,Contig:40:37.8111:3p:1:5:167,Contig:40:37.8111:3p:1:11:127	0	False	0
ecol-SAMN34360976	PBF_P9	Contig:35:27.1225:3p:1:5:768,Contig:46:131.5:2581,Contig:81:30.8277:634,Contig:56:37.6907:54984,Contig:28:55.4552:3222,Contig:20:16.1633:5161	4	-0.15135903264627815	1.482246473564607	0.486251247957509	PBF_P13	Contig:33:19.5427:5p:1:10:197,Contig:33:19.5427:5p:1:13:662,Contig:33:19.5427:5200,Contig:33:19.5427:5p:1:6:345	4	-0.02346739696836342	0.9604088569207765	0.5161995997906708	4	-0.2552277151932283	3.772165290819578	0.27273328066621616	Contig:15:71.2227:1085,Contig:29:50.8221:6767,Contig:57:39.0322:6279,Contig:84:33.6905:2536	0	False	0
ecol-SAMN34360976	PBF_P9	Contig:35:27.1225:3p:1:5:768,Contig:46:131.5:2581,Contig:81:30.8277:634,Contig:56:37.6907:54984,Contig:28:55.4552:3222,Contig:20:16.1633:5161	4	-0.15135903264627815	1.482246473564607	0.486251247957509	PBF_P14	Contig:46:131.5:2581,Contig:38:45.546:10937	4	0.0	0.28725265796832866	1.0760570545585717	4	-0.24023478408246945	3.5430755003847842	0.27273328066621616	Contig:15:71.2227:1085,Contig:29:50.8221:6767,Contig:57:39.0322:6279,Contig:84:33.6905:2536,Contig:87:31.9918:14520,Contig:33:19.5427:5p:1:19:758,Contig:33:19.5427:5p:1:22:197,Contig:33:19.5427:5p:1:25:345	0	True	0
ecol-SAMN34360976	PBF_P9	Contig:35:27.1225:3p:1:5:768,Contig:46:131.5:2581,Contig:81:30.8277:634,Contig:56:37.6907:54984,Contig:28:55.4552:3222,Contig:20:16.1633:5161	4	-0.15135903264627815	1.482246473564607	0.486251247957509	PBF_P15	Contig:10:37.5897:21311,Contig:71:83.4099:1039	4	0.0	0.2542309679635466	0.9336474583470066	0	0	0	0		1	False	0
ecol-SAMN34360976	PBF_P9	Contig:35:27.1225:3p:1:5:768,Contig:46:131.5:2581,Contig:81:30.8277:634,Contig:56:37.6907:54984,Contig:28:55.4552:3222,Contig:20:16.1633:5161	4	0	0	0	PBF_P16	Contig:35:27.1225:3p:1:5:768,Contig:46:131.5:2581,Contig:56:37.6907:54984,Contig:28:55.4552:3222	4	0	0	0	0	0	0	0	[]	0	1	1
ecol-SAMN34360976	PBF_P9	Contig:35:27.1225:3p:1:5:768,Contig:46:131.5:2581,Contig:81:30.8277:634,Contig:56:37.6907:54984,Contig:28:55.4552:3222,Contig:20:16.1633:5161	4	-0.15135903264627815	1.482246473564607	0.486251247957509	PBF_P17	Contig:72:19.235:5610	5	0.0	0.49502657385116255	0.5430305579317777	4	-0.42482886569602357	4.138422004415723	0.3371917922358989	Contig:103:38.7208:43261,Contig:106:86.8687:458,Contig:17:203.796:2532,Contig:40:37.8111:147622,Contig:57:39.0322:6279,Contig:68:266.912:1075,Contig:84:33.6905:2536,Contig:87:31.9918:14520,Contig:9:27.9971:84970,Contig:100:21.512:3p:1:15:153,Contig:100:21.512:3p:1:16:213,Contig:100:21.512:3p:1:19:768,Contig:33:19.5427:5p:1:19:758,Contig:33:19.5427:5p:1:22:197,Contig:33:19.5427:5p:1:25:345,Contig:40:37.8111:3p:1:4:152,Contig:40:37.8111:3p:1:5:167,Contig:40:37.8111:3p:1:11:127	0	False	0
ecol-SAMN34360976	PBF_P9	Contig:35:27.1225:3p:1:5:768,Contig:46:131.5:2581,Contig:81:30.8277:634,Contig:56:37.6907:54984,Contig:28:55.4552:3222,Contig:20:16.1633:5161	4	-0.15135903264627815	1.482246473564607	0.486251247957509	PBF_P18	Contig:19:18.0589:4727	5	0.0	0.46720675908107856	0.5362761254509049	4	-0.30511057802582514	2.2473144431692664	0.4862512479576253	Contig:64:87.1261:1355	0	False	0
ecol-SAMN34360976	PBF_P9	Contig:35:27.1225:3p:1:5:768,Contig:46:131.5:2581,Contig:81:30.8277:634,Contig:56:37.6907:54984,Contig:28:55.4552:3222,Contig:20:16.1633:5161	4	-0.15135903264627815	1.482246473564607	0.486251247957509	PBF_P19	Contig:82:16.7543:6202	4	0.0	0.4948457396136756	0.4548629802200033	0	0	0	0		1	False	0
ecol-SAMN34360976	PBF_P9	Contig:35:27.1225:3p:1:5:768,Contig:46:131.5:2581,Contig:81:30.8277:634,Contig:56:37.6907:54984,Contig:28:55.4552:3222,Contig:20:16.1633:5161	4	-0.15135903264627815	1.482246473564607	0.486251247957509	PBF_P20	Contig:117:15.8693:9882	4	0.0	0.4886923886243768	0.43593623321650865	0	0	0	0		1	False	0
ecol-SAMN34360976	PBF_P9	Contig:35:27.1225:3p:1:5:768,Contig:46:131.5:2581,Contig:81:30.8277:634,Contig:56:37.6907:54984,Contig:28:55.4552:3222,Contig:20:16.1633:5161	4	-0.15135903264627815	1.482246473564607	0.486251247957509	PBF_P21	Contig:44:16.9058:7535	4	0.0	0.32792204538485603	0.43604927166256063	0	0	0	0		1	False	0
ecol-SAMN34360976	PBF_P10	Contig:33:19.5427:5p:1:17:195,Contig:85:47.5788:1950,Contig:68:266.912:1075,Contig:66:63.8858:3442,Contig:15:71.2227:1085,Contig:31:44.343:14167,Contig:75:50.0161:9115	5	-0.13788120173319116	1.0230946176643694	1.098250812540129	PBF_P11	Contig:100:21.512:3p:1:19:768,Contig:63:37.8939:3804	4	-0.01642460250409916	0.650641413176921	0.8780122443524789	5	-0.3018353499608254	0.5888334348406241	0.8780122443531582	Contig:103:38.7208:43261,Contig:95:38.2599:78400,Contig:40:37.8111:3p:1:11:127	0	False	0
ecol-SAMN34360976	PBF_P10	Contig:33:19.5427:5p:1:17:195,Contig:85:47.5788:1950,Contig:68:266.912:1075,Contig:66:63.8858:3442,Contig:15:71.2227:1085,Contig:31:44.343:14167,Contig:75:50.0161:9115	5	-0.13788120173319116	1.0230946176643694	1.098250812540129	PBF_P12	Contig:100:21.512:3p:1:19:768,Contig:79:20.8518:13042	5	0.0	0.8346469748155008	0.6559141735370035	5	-0.19005988703741525	0.7728389964792037	0.6559141735378944	Contig:103:38.7208:43261,Contig:95:38.2599:78400,Contig:40:37.8111:3p:1:11:127	0	False	0
ecol-SAMN34360976	PBF_P10	Contig:33:19.5427:5p:1:17:195,Contig:85:47.5788:1950,Contig:68:266.912:1075,Contig:66:63.8858:3442,Contig:15:71.2227:1085,Contig:31:44.343:14167,Contig:75:50.0161:9115	5	-0.13788120173319116	1.0230946176643694	1.098250812540129	PBF_P13	Contig:33:19.5427:5p:1:10:197,Contig:33:19.5427:5p:1:13:662,Contig:33:19.5427:5200,Contig:33:19.5427:5p:1:6:345	4	-0.02346739696836342	0.9604088569207765	0.5161995997906708	5	-0.3118638727828241	2.589359017635862	0.3643450005693012	Contig:57:39.0322:6279,Contig:84:33.6905:2536	0	False	0
ecol-SAMN34360976	PBF_P10	Contig:33:19.5427:5p:1:17:195,Contig:85:47.5788:1950,Contig:68:266.912:1075,Contig:66:63.8858:3442,Contig:15:71.2227:1085,Contig:31:44.343:14167,Contig:75:50.0161:9115	5	-0.13788120173319116	1.0230946176643694	1.098250812540129	PBF_P14	Contig:46:131.5:2581,Contig:38:45.546:10937	4	0.0	0.28725265796832866	1.0760570545585717	5	-0.3484019872502502	2.370020813519407	0.3643450005693012	Contig:57:39.0322:6279,Contig:84:33.6905:2536,Contig:87:31.9918:14520,Contig:33:19.5427:5p:1:19:758,Contig:33:19.5427:5p:1:21:197,Contig:33:19.5427:5p:1:25:345	0	False	0
ecol-SAMN34360976	PBF_P10	Contig:33:19.5427:5p:1:17:195,Contig:85:47.5788:1950,Contig:68:266.912:1075,Contig:66:63.8858:3442,Contig:15:71.2227:1085,Contig:31:44.343:14167,Contig:75:50.0161:9115	5	-0.13788120173319116	1.0230946176643694	1.098250812540129	PBF_P15	Contig:10:37.5897:21311,Contig:71:83.4099:1039	4	0.0	0.2542309679635466	0.9336474583470066	0	0	0	0		1	False	0
ecol-SAMN34360976	PBF_P10	Contig:33:19.5427:5p:1:17:195,Contig:85:47.5788:1950,Contig:68:266.912:1075,Contig:66:63.8858:3442,Contig:15:71.2227:1085,Contig:31:44.343:14167,Contig:75:50.0161:9115	5	-0.13788120173319116	1.0230946176643694	1.098250812540129	PBF_P16	Contig:35:27.1225:3p:1:5:768,Contig:46:131.5:2581,Contig:56:37.6907:54984,Contig:28:55.4552:3222	4	-0.090303535720239	0.5395417535346272	1.0484804382555684	5	-0.34343195636046475	2.622309909085706	0.3643450005693012	Contig:57:39.0322:6279,Contig:84:33.6905:2536,Contig:87:31.9918:14520,Contig:33:19.5427:5p:1:19:758,Contig:33:19.5427:5p:1:21:197,Contig:33:19.5427:5p:1:25:345	0	False	0
ecol-SAMN34360976	PBF_P10	Contig:33:19.5427:5p:1:17:195,Contig:85:47.5788:1950,Contig:68:266.912:1075,Contig:66:63.8858:3442,Contig:15:71.2227:1085,Contig:31:44.343:14167,Contig:75:50.0161:9115	5	-0.13788120173319116	1.0230946176643694	1.098250812540129	PBF_P17	Contig:72:19.235:5610	5	0.0	0.49502657385116255	0.5430305579317777	5	-0.2882203812716183	2.349054978149812	0.5430305579320702	Contig:103:38.7208:43261,Contig:106:86.8687:458,Contig:95:38.2599:78400,Contig:100:21.512:3p:1:15:153,Contig:100:21.512:3p:1:16:213,Contig:100:21.512:3p:1:19:768,Contig:40:37.8111:3p:1:11:127	0	False	0
ecol-SAMN34360976	PBF_P10	Contig:33:19.5427:5p:1:17:195,Contig:85:47.5788:1950,Contig:68:266.912:1075,Contig:66:63.8858:3442,Contig:15:71.2227:1085,Contig:31:44.343:14167,Contig:75:50.0161:9115	5	-0.13788120173319116	1.0230946176643694	1.098250812540129	PBF_P18	Contig:19:18.0589:4727	5	0.0	0.46720675908107856	0.5362761254509049	5	-0.5521729992986121	1.8582892126462571	0.15853349541430362	Contig:101:28.8522:13507,Contig:17:203.796:2532,Contig:27:26.6133:13585,Contig:37:111.851:412,Contig:57:39.0322:6279,Contig:62:27.2453:16084,Contig:64:87.1261:1355,Contig:73:52.1266:1070,Contig:81:30.8277:634,Contig:84:33.6905:2536,Contig:96:32.2592:65753,Contig:27:26.6133:5p:1:13:121,Contig:27:26.6133:5p:1:36:124	0	False	0
ecol-SAMN34360976	PBF_P10	Contig:33:19.5427:5p:1:17:195,Contig:85:47.5788:1950,Contig:68:266.912:1075,Contig:66:63.8858:3442,Contig:15:71.2227:1085,Contig:31:44.343:14167,Contig:75:50.0161:9115	5	-0.13788120173319116	1.0230946176643694	1.098250812540129	PBF_P19	Contig:82:16.7543:6202	4	0.0	0.4948457396136756	0.4548629802200033	0	0	0	0		1	False	0
ecol-SAMN34360976	PBF_P10	Contig:33:19.5427:5p:1:17:195,Contig:85:47.5788:1950,Contig:68:266.912:1075,Contig:66:63.8858:3442,Contig:15:71.2227:1085,Contig:31:44.343:14167,Contig:75:50.0161:9115	5	-0.13788120173319116	1.0230946176643694	1.098250812540129	PBF_P20	Contig:117:15.8693:9882	4	0.0	0.4886923886243768	0.43593623321650865	0	0	0	0		1	False	0
ecol-SAMN34360976	PBF_P10	Contig:33:19.5427:5p:1:17:195,Contig:85:47.5788:1950,Contig:68:266.912:1075,Contig:66:63.8858:3442,Contig:15:71.2227:1085,Contig:31:44.343:14167,Contig:75:50.0161:9115	5	-0.13788120173319116	1.0230946176643694	1.098250812540129	PBF_P21	Contig:44:16.9058:7535	4	0.0	0.32792204538485603	0.43604927166256063	0	0	0	0		1	False	0
ecol-SAMN34360976	PBF_P11	Contig:100:21.512:3p:1:19:768,Contig:63:37.8939:3804	4	-0.01642460250409916	0.650641413176921	0.8780122443524789	PBF_P12	Contig:100:21.512:3p:1:19:768,Contig:79:20.8518:13042	5	0.0	0.8346469748155008	0.6559141735370035	4	-0.08555232154493675	1.9794904659943424	0.6559141735405526	Contig:100:21.512:3p:1:15:153	0	True	0
ecol-SAMN34360976	PBF_P11	Contig:100:21.512:3p:1:19:768,Contig:63:37.8939:3804	4	-0.01642460250409916	0.650641413176921	0.8780122443524789	PBF_P13	Contig:33:19.5427:5p:1:10:197,Contig:33:19.5427:5p:1:13:662,Contig:33:19.5427:5200,Contig:33:19.5427:5p:1:6:345	4	-0.02346739696836342	0.9604088569207765	0.5161995997906708	4	-0.0852202616867111	1.41229643594505	0.3371917922358989	Contig:103:38.7208:43261,Contig:17:203.796:2532,Contig:40:37.8111:147622,Contig:57:39.0322:6279,Contig:68:266.912:1075,Contig:84:33.6905:2536,Contig:9:27.9971:84970,Contig:40:37.8111:3p:1:4:152,Contig:40:37.8111:3p:1:5:167,Contig:40:37.8111:3p:1:11:127	0	False	0
ecol-SAMN34360976	PBF_P11	Contig:100:21.512:3p:1:19:768,Contig:63:37.8939:3804	4	-0.01642460250409916	0.650641413176921	0.8780122443524789	PBF_P14	Contig:46:131.5:2581,Contig:38:45.546:10937	4	0.0	0.28725265796832866	1.0760570545585717	4	-0.07022733057595226	1.1832066455102561	0.3371917922358989	Contig:103:38.7208:43261,Contig:17:203.796:2532,Contig:40:37.8111:147622,Contig:57:39.0322:6279,Contig:68:266.912:1075,Contig:84:33.6905:2536,Contig:87:31.9918:14520,Contig:9:27.9971:84970,Contig:33:19.5427:5p:1:19:758,Contig:33:19.5427:5p:1:22:197,Contig:33:19.5427:5p:1:25:345,Contig:40:37.8111:3p:1:4:152,Contig:40:37.8111:3p:1:5:167,Contig:40:37.8111:3p:1:11:127	0	False	0
ecol-SAMN34360976	PBF_P11	Contig:100:21.512:3p:1:19:768,Contig:63:37.8939:3804	4	-0.01642460250409916	0.650641413176921	0.8780122443524789	PBF_P15	Contig:10:37.5897:21311,Contig:71:83.4099:1039	4	0.0	0.2542309679635466	0.9336474583470066	0	0	0	0		1	False	0
ecol-SAMN34360976	PBF_P11	Contig:100:21.512:3p:1:19:768,Contig:63:37.8939:3804	4	-0.01642460250409916	0.650641413176921	0.8780122443524789	PBF_P16	Contig:35:27.1225:3p:1:5:768,Contig:46:131.5:2581,Contig:56:37.6907:54984,Contig:28:55.4552:3222	4	-0.090303535720239	0.5395417535346272	1.0484804382555684	4	-0.16053086629619126	1.4354957410765545	0.3371917922358989	Contig:103:38.7208:43261,Contig:17:203.796:2532,Contig:40:37.8111:147622,Contig:57:39.0322:6279,Contig:68:266.912:1075,Contig:84:33.6905:2536,Contig:87:31.9918:14520,Contig:9:27.9971:84970,Contig:33:19.5427:5p:1:19:758,Contig:33:19.5427:5p:1:22:197,Contig:33:19.5427:5p:1:25:345,Contig:40:37.8111:3p:1:4:152,Contig:40:37.8111:3p:1:5:167,Contig:40:37.8111:3p:1:11:127	0	False	0
ecol-SAMN34360976	PBF_P11	Contig:100:21.512:3p:1:19:768,Contig:63:37.8939:3804	4	-0.01642460250409916	0.650641413176921	0.8780122443524789	PBF_P17	Contig:72:19.235:5610	5	0.0	0.49502657385116255	0.5430305579317777	5	-0.20993595715761318	2.6246420337504435	0.5430305579320702	Contig:106:86.8687:458,Contig:100:21.512:3p:1:15:153,Contig:100:21.512:3p:1:16:213	0	False	0
ecol-SAMN34360976	PBF_P11	Contig:100:21.512:3p:1:19:768,Contig:63:37.8939:3804	4	-0.01642460250409916	0.650641413176921	0.8780122443524789	PBF_P18	Contig:19:18.0589:4727	5	0.0	0.46720675908107856	0.5362761254509049	5	-0.3433050847482859	0.5538431633285961	0.15853349541430362	Contig:112:25.4834:58780,Contig:13:25.9216:186813,Contig:64:87.1261:1355,Contig:76:60.2963:386,Contig:81:30.8277:634,Contig:76:60.2963:3p:1:3:355,Contig:76:60.2963:3p:1:6:289	0	False	0
ecol-SAMN34360976	PBF_P11	Contig:100:21.512:3p:1:19:768,Contig:63:37.8939:3804	4	-0.01642460250409916	0.650641413176921	0.8780122443524789	PBF_P19	Contig:82:16.7543:6202	4	0.0	0.4948457396136756	0.4548629802200033	0	0	0	0		1	False	0
ecol-SAMN34360976	PBF_P11	Contig:100:21.512:3p:1:19:768,Contig:63:37.8939:3804	4	-0.01642460250409916	0.650641413176921	0.8780122443524789	PBF_P20	Contig:117:15.8693:9882	4	0.0	0.4886923886243768	0.43593623321650865	0	0	0	0		1	False	0
ecol-SAMN34360976	PBF_P11	Contig:100:21.512:3p:1:19:768,Contig:63:37.8939:3804	4	-0.01642460250409916	0.650641413176921	0.8780122443524789	PBF_P21	Contig:44:16.9058:7535	4	0.0	0.32792204538485603	0.43604927166256063	0	0	0	0		1	False	0
ecol-SAMN34360976	PBF_P12	Contig:100:21.512:3p:1:19:768,Contig:79:20.8518:13042	5	0.0	0.8346469748155008	0.6559141735370035	PBF_P13	Contig:33:19.5427:5p:1:10:197,Contig:33:19.5427:5p:1:13:662,Contig:33:19.5427:5200,Contig:33:19.5427:5p:1:6:345	4	-0.02346739696836342	0.9604088569207765	0.5161995997906708	4	-0.13792337822344952	1.5963019975836297	0.3371917922358989	Contig:103:38.7208:43261,Contig:17:203.796:2532,Contig:40:37.8111:147622,Contig:57:39.0322:6279,Contig:68:266.912:1075,Contig:84:33.6905:2536,Contig:9:27.9971:84970,Contig:40:37.8111:3p:1:4:152,Contig:40:37.8111:3p:1:5:167,Contig:40:37.8111:3p:1:11:127	0	False	0
ecol-SAMN34360976	PBF_P12	Contig:100:21.512:3p:1:19:768,Contig:79:20.8518:13042	5	0.0	0.8346469748155008	0.6559141735370035	PBF_P14	Contig:46:131.5:2581,Contig:38:45.546:10937	4	0.0	0.28725265796832866	1.0760570545585717	4	-0.12293044711269069	1.3672122071488357	0.3371917922358989	Contig:103:38.7208:43261,Contig:17:203.796:2532,Contig:40:37.8111:147622,Contig:57:39.0322:6279,Contig:68:266.912:1075,Contig:84:33.6905:2536,Contig:87:31.9918:14520,Contig:9:27.9971:84970,Contig:33:19.5427:5p:1:19:758,Contig:33:19.5427:5p:1:22:197,Contig:33:19.5427:5p:1:25:345,Contig:40:37.8111:3p:1:4:152,Contig:40:37.8111:3p:1:5:167,Contig:40:37.8111:3p:1:11:127	0	False	0
ecol-SAMN34360976	PBF_P12	Contig:100:21.512:3p:1:19:768,Contig:79:20.8518:13042	5	0.0	0.8346469748155008	0.6559141735370035	PBF_P15	Contig:10:37.5897:21311,Contig:71:83.4099:1039	4	0.0	0.2542309679635466	0.9336474583470066	0	0	0	0		1	False	0
ecol-SAMN34360976	PBF_P12	Contig:100:21.512:3p:1:19:768,Contig:79:20.8518:13042	5	0.0	0.8346469748155008	0.6559141735370035	PBF_P16	Contig:35:27.1225:3p:1:5:768,Contig:46:131.5:2581,Contig:56:37.6907:54984,Contig:28:55.4552:3222	4	-0.090303535720239	0.5395417535346272	1.0484804382555684	4	-0.21323398283292969	1.6195013027151346	0.3371917922358989	Contig:103:38.7208:43261,Contig:17:203.796:2532,Contig:40:37.8111:147622,Contig:57:39.0322:6279,Contig:68:266.912:1075,Contig:84:33.6905:2536,Contig:87:31.9918:14520,Contig:9:27.9971:84970,Contig:33:19.5427:5p:1:19:758,Contig:33:19.5427:5p:1:22:197,Contig:33:19.5427:5p:1:25:345,Contig:40:37.8111:3p:1:4:152,Contig:40:37.8111:3p:1:5:167,Contig:40:37.8111:3p:1:11:127	0	False	0
ecol-SAMN34360976	PBF_P12	Contig:100:21.512:3p:1:19:768,Contig:79:20.8518:13042	5	0.0	0.8346469748155008	0.6559141735370035	PBF_P17	Contig:72:19.235:5610	5	0.0	0.49502657385116255	0.5430305579317777	5	-0.09816049423420303	2.808647595389023	0.5430305579320702	Contig:106:86.8687:458,Contig:100:21.512:3p:1:15:153,Contig:100:21.512:3p:1:16:213	0	False	0
ecol-SAMN34360976	PBF_P12	Contig:100:21.512:3p:1:19:768,Contig:79:20.8518:13042	5	0.0	0.8346469748155008	0.6559141735370035	PBF_P18	Contig:19:18.0589:4727	5	0.0	0.46720675908107856	0.5362761254509049	5	-0.23152962182487574	0.7378487249671758	0.15853349541430362	Contig:112:25.4834:58780,Contig:13:25.9216:186813,Contig:64:87.1261:1355,Contig:76:60.2963:386,Contig:81:30.8277:634,Contig:76:60.2963:3p:1:3:355,Contig:76:60.2963:3p:1:6:289	0	False	0
ecol-SAMN34360976	PBF_P12	Contig:100:21.512:3p:1:19:768,Contig:79:20.8518:13042	5	0.0	0.8346469748155008	0.6559141735370035	PBF_P19	Contig:82:16.7543:6202	4	0.0	0.4948457396136756	0.4548629802200033	0	0	0	0		1	False	0
ecol-SAMN34360976	PBF_P12	Contig:100:21.512:3p:1:19:768,Contig:79:20.8518:13042	5	0.0	0.8346469748155008	0.6559141735370035	PBF_P20	Contig:117:15.8693:9882	4	0.0	0.4886923886243768	0.43593623321650865	0	0	0	0		1	False	0
ecol-SAMN34360976	PBF_P12	Contig:100:21.512:3p:1:19:768,Contig:79:20.8518:13042	5	0.0	0.8346469748155008	0.6559141735370035	PBF_P21	Contig:44:16.9058:7535	4	0.0	0.32792204538485603	0.43604927166256063	0	0	0	0		1	False	0
ecol-SAMN34360976	PBF_P13	Contig:33:19.5427:5p:1:10:197,Contig:33:19.5427:5p:1:13:662,Contig:33:19.5427:5200,Contig:33:19.5427:5p:1:6:345	4	-0.02346739696836342	0.9604088569207765	0.5161995997906708	PBF_P14	Contig:46:131.5:2581,Contig:38:45.546:10937	4	0.0	0.28725265796832866	1.0760570545585717	4	-0.10386868254695014	2.5771714752232997	0.27273328066621616	Contig:15:71.2227:1085,Contig:29:50.8221:6767,Contig:57:39.0322:6279,Contig:84:33.6905:2536	0	False	0
ecol-SAMN34360976	PBF_P13	Contig:33:19.5427:5p:1:10:197,Contig:33:19.5427:5p:1:13:662,Contig:33:19.5427:5200,Contig:33:19.5427:5p:1:6:345	4	-0.02346739696836342	0.9604088569207765	0.5161995997906708	PBF_P15	Contig:10:37.5897:21311,Contig:71:83.4099:1039	4	0.0	0.2542309679635466	0.9336474583470066	0	0	0	0		1	False	0
ecol-SAMN34360976	PBF_P13	Contig:33:19.5427:5p:1:10:197,Contig:33:19.5427:5p:1:13:662,Contig:33:19.5427:5200,Contig:33:19.5427:5p:1:6:345	4	-0.02346739696836342	0.9604088569207765	0.5161995997906708	PBF_P16	Contig:35:27.1225:3p:1:5:768,Contig:46:131.5:2581,Contig:56:37.6907:54984,Contig:28:55.4552:3222	4	-0.090303535720239	0.5395417535346272	1.0484804382555684	4	-0.19417221826718914	2.829460570789598	0.27273328066621616	Contig:15:71.2227:1085,Contig:29:50.8221:6767,Contig:57:39.0322:6279,Contig:84:33.6905:2536	0	False	0
ecol-SAMN34360976	PBF_P13	Contig:33:19.5427:5p:1:10:197,Contig:33:19.5427:5p:1:13:662,Contig:33:19.5427:5200,Contig:33:19.5427:5p:1:6:345	4	-0.02346739696836342	0.9604088569207765	0.5161995997906708	PBF_P17	Contig:72:19.235:5610	5	0.0	0.49502657385116255	0.5430305579317777	4	-0.28846276416050426	3.172517979254238	0.3371917922358989	Contig:103:38.7208:43261,Contig:106:86.8687:458,Contig:17:203.796:2532,Contig:40:37.8111:147622,Contig:57:39.0322:6279,Contig:68:266.912:1075,Contig:84:33.6905:2536,Contig:9:27.9971:84970,Contig:100:21.512:3p:1:15:153,Contig:100:21.512:3p:1:16:213,Contig:100:21.512:3p:1:19:768,Contig:40:37.8111:3p:1:4:152,Contig:40:37.8111:3p:1:5:167,Contig:40:37.8111:3p:1:11:127	0	False	0
ecol-SAMN34360976	PBF_P13	Contig:33:19.5427:5p:1:10:197,Contig:33:19.5427:5p:1:13:662,Contig:33:19.5427:5200,Contig:33:19.5427:5p:1:6:345	4	-0.02346739696836342	0.9604088569207765	0.5161995997906708	PBF_P18	Contig:19:18.0589:4727	5	0.0	0.46720675908107856	0.5362761254509049	4	-0.25258328064901303	1.6980710758458564	0.15853349541430362	Contig:101:28.8522:13507,Contig:17:203.796:2532,Contig:27:26.6133:13585,Contig:57:39.0322:6279,Contig:62:27.2453:16084,Contig:64:87.1261:1355,Contig:73:52.1266:1070,Contig:81:30.8277:634,Contig:84:33.6905:2536,Contig:96:32.2592:65753	0	False	0
ecol-SAMN34360976	PBF_P13	Contig:33:19.5427:5p:1:10:197,Contig:33:19.5427:5p:1:13:662,Contig:33:19.5427:5200,Contig:33:19.5427:5p:1:6:345	4	-0.02346739696836342	0.9604088569207765	0.5161995997906708	PBF_P19	Contig:82:16.7543:6202	4	0.0	0.4948457396136756	0.4548629802200033	0	0	0	0		1	False	0
ecol-SAMN34360976	PBF_P13	Contig:33:19.5427:5p:1:10:197,Contig:33:19.5427:5p:1:13:662,Contig:33:19.5427:5200,Contig:33:19.5427:5p:1:6:345	4	-0.02346739696836342	0.9604088569207765	0.5161995997906708	PBF_P20	Contig:117:15.8693:9882	4	0.0	0.4886923886243768	0.43593623321650865	0	0	0	0		1	False	0
ecol-SAMN34360976	PBF_P13	Contig:33:19.5427:5p:1:10:197,Contig:33:19.5427:5p:1:13:662,Contig:33:19.5427:5200,Contig:33:19.5427:5p:1:6:345	4	-0.02346739696836342	0.9604088569207765	0.5161995997906708	PBF_P21	Contig:44:16.9058:7535	4	0.0	0.32792204538485603	0.43604927166256063	0	0	0	0		1	False	0
ecol-SAMN34360976	PBF_P14	Contig:46:131.5:2581,Contig:38:45.546:10937	4	0.0	0.28725265796832866	1.0760570545585717	PBF_P15	Contig:10:37.5897:21311,Contig:71:83.4099:1039	4	0.0	0.2542309679635466	0.9336474583470066	0	0	0	0		1	False	0
ecol-SAMN34360976	PBF_P14	Contig:46:131.5:2581,Contig:38:45.546:10937	4	0.0	0.28725265796832866	1.0760570545585717	PBF_P16	Contig:35:27.1225:3p:1:5:768,Contig:46:131.5:2581,Contig:56:37.6907:54984,Contig:28:55.4552:3222	4	-0.090303535720239	0.5395417535346272	1.0484804382555684	4	-0.1791792871564303	2.6003707803548046	0.27273328066621616	Contig:15:71.2227:1085,Contig:29:50.8221:6767,Contig:57:39.0322:6279,Contig:84:33.6905:2536,Contig:87:31.9918:14520,Contig:33:19.5427:5p:1:19:758,Contig:33:19.5427:5p:1:22:197,Contig:33:19.5427:5p:1:25:345	0	True	0
ecol-SAMN34360976	PBF_P14	Contig:46:131.5:2581,Contig:38:45.546:10937	4	0.0	0.28725265796832866	1.0760570545585717	PBF_P17	Contig:72:19.235:5610	5	0.0	0.49502657385116255	0.5430305579317777	4	-0.2734698330497454	2.943428188819445	0.3371917922358989	Contig:103:38.7208:43261,Contig:106:86.8687:458,Contig:17:203.796:2532,Contig:40:37.8111:147622,Contig:57:39.0322:6279,Contig:68:266.912:1075,Contig:84:33.6905:2536,Contig:87:31.9918:14520,Contig:9:27.9971:84970,Contig:100:21.512:3p:1:15:153,Contig:100:21.512:3p:1:16:213,Contig:100:21.512:3p:1:19:768,Contig:33:19.5427:5p:1:19:758,Contig:33:19.5427:5p:1:22:197,Contig:33:19.5427:5p:1:25:345,Contig:40:37.8111:3p:1:4:152,Contig:40:37.8111:3p:1:5:167,Contig:40:37.8111:3p:1:11:127	0	False	0
ecol-SAMN34360976	PBF_P14	Contig:46:131.5:2581,Contig:38:45.546:10937	4	0.0	0.28725265796832866	1.0760570545585717	PBF_P18	Contig:19:18.0589:4727	5	0.0	0.46720675908107856	0.5362761254509049	4	-0.23759034953825417	1.4689812854110624	0.15853349541430362	Contig:101:28.8522:13507,Contig:17:203.796:2532,Contig:27:26.6133:13585,Contig:57:39.0322:6279,Contig:62:27.2453:16084,Contig:64:87.1261:1355,Contig:73:52.1266:1070,Contig:81:30.8277:634,Contig:84:33.6905:2536,Contig:87:31.9918:14520,Contig:96:32.2592:65753,Contig:33:19.5427:5p:1:19:758,Contig:33:19.5427:5p:1:22:197,Contig:33:19.5427:5p:1:25:345	0	False	0
ecol-SAMN34360976	PBF_P14	Contig:46:131.5:2581,Contig:38:45.546:10937	4	0.0	0.28725265796832866	1.0760570545585717	PBF_P19	Contig:82:16.7543:6202	4	0.0	0.4948457396136756	0.4548629802200033	0	0	0	0		1	False	0
ecol-SAMN34360976	PBF_P14	Contig:46:131.5:2581,Contig:38:45.546:10937	4	0.0	0.28725265796832866	1.0760570545585717	PBF_P20	Contig:117:15.8693:9882	4	0.0	0.4886923886243768	0.43593623321650865	0	0	0	0		1	False	0
ecol-SAMN34360976	PBF_P14	Contig:46:131.5:2581,Contig:38:45.546:10937	4	0.0	0.28725265796832866	1.0760570545585717	PBF_P21	Contig:44:16.9058:7535	4	0.0	0.32792204538485603	0.43604927166256063	0	0	0	0		1	False	0
ecol-SAMN34360976	PBF_P15	Contig:10:37.5897:21311,Contig:71:83.4099:1039	4	0.0	0.2542309679635466	0.9336474583470066	PBF_P16	Contig:35:27.1225:3p:1:5:768,Contig:46:131.5:2581,Contig:56:37.6907:54984,Contig:28:55.4552:3222	4	-0.090303535720239	0.5395417535346272	1.0484804382555684	0	0	0	0		1	False	0
ecol-SAMN34360976	PBF_P15	Contig:10:37.5897:21311,Contig:71:83.4099:1039	4	0.0	0.2542309679635466	0.9336474583470066	PBF_P17	Contig:72:19.235:5610	5	0.0	0.49502657385116255	0.5430305579317777	0	0	0	0		1	False	0
ecol-SAMN34360976	PBF_P15	Contig:10:37.5897:21311,Contig:71:83.4099:1039	4	0.0	0.2542309679635466	0.9336474583470066	PBF_P18	Contig:19:18.0589:4727	5	0.0	0.46720675908107856	0.5362761254509049	0	0	0	0		1	False	0
ecol-SAMN34360976	PBF_P15	Contig:10:37.5897:21311,Contig:71:83.4099:1039	4	0.0	0.2542309679635466	0.9336474583470066	PBF_P19	Contig:82:16.7543:6202	4	0.0	0.4948457396136756	0.4548629802200033	0	0	0	0		1	False	0
ecol-SAMN34360976	PBF_P15	Contig:10:37.5897:21311,Contig:71:83.4099:1039	4	0.0	0.2542309679635466	0.9336474583470066	PBF_P20	Contig:117:15.8693:9882	4	0.0	0.4886923886243768	0.43593623321650865	0	0	0	0		1	False	0
ecol-SAMN34360976	PBF_P15	Contig:10:37.5897:21311,Contig:71:83.4099:1039	4	0.0	0.2542309679635466	0.9336474583470066	PBF_P21	Contig:44:16.9058:7535	4	0.0	0.32792204538485603	0.43604927166256063	0	0	0	0		1	False	0
ecol-SAMN34360976	PBF_P16	Contig:35:27.1225:3p:1:5:768,Contig:46:131.5:2581,Contig:56:37.6907:54984,Contig:28:55.4552:3222	4	-0.090303535720239	0.5395417535346272	1.0484804382555684	PBF_P17	Contig:72:19.235:5610	5	0.0	0.49502657385116255	0.5430305579317777	4	-0.36377336876998445	3.195717284385743	0.3371917922358989	Contig:103:38.7208:43261,Contig:106:86.8687:458,Contig:17:203.796:2532,Contig:40:37.8111:147622,Contig:57:39.0322:6279,Contig:68:266.912:1075,Contig:84:33.6905:2536,Contig:87:31.9918:14520,Contig:9:27.9971:84970,Contig:100:21.512:3p:1:15:153,Contig:100:21.512:3p:1:16:213,Contig:100:21.512:3p:1:19:768,Contig:33:19.5427:5p:1:19:758,Contig:33:19.5427:5p:1:22:197,Contig:33:19.5427:5p:1:25:345,Contig:40:37.8111:3p:1:4:152,Contig:40:37.8111:3p:1:5:167,Contig:40:37.8111:3p:1:11:127	0	False	0
ecol-SAMN34360976	PBF_P16	Contig:35:27.1225:3p:1:5:768,Contig:46:131.5:2581,Contig:56:37.6907:54984,Contig:28:55.4552:3222	4	-0.090303535720239	0.5395417535346272	1.0484804382555684	PBF_P18	Contig:19:18.0589:4727	5	0.0	0.46720675908107856	0.5362761254509049	4	-0.32789388525849317	1.7212703809773608	0.15853349541430362	Contig:101:28.8522:13507,Contig:17:203.796:2532,Contig:27:26.6133:13585,Contig:57:39.0322:6279,Contig:62:27.2453:16084,Contig:64:87.1261:1355,Contig:73:52.1266:1070,Contig:81:30.8277:634,Contig:84:33.6905:2536,Contig:87:31.9918:14520,Contig:96:32.2592:65753,Contig:33:19.5427:5p:1:19:758,Contig:33:19.5427:5p:1:22:197,Contig:33:19.5427:5p:1:25:345	0	False	0
ecol-SAMN34360976	PBF_P16	Contig:35:27.1225:3p:1:5:768,Contig:46:131.5:2581,Contig:56:37.6907:54984,Contig:28:55.4552:3222	4	-0.090303535720239	0.5395417535346272	1.0484804382555684	PBF_P19	Contig:82:16.7543:6202	4	0.0	0.4948457396136756	0.4548629802200033	0	0	0	0		1	False	0
ecol-SAMN34360976	PBF_P16	Contig:35:27.1225:3p:1:5:768,Contig:46:131.5:2581,Contig:56:37.6907:54984,Contig:28:55.4552:3222	4	-0.090303535720239	0.5395417535346272	1.0484804382555684	PBF_P20	Contig:117:15.8693:9882	4	0.0	0.4886923886243768	0.43593623321650865	0	0	0	0		1	False	0
ecol-SAMN34360976	PBF_P16	Contig:35:27.1225:3p:1:5:768,Contig:46:131.5:2581,Contig:56:37.6907:54984,Contig:28:55.4552:3222	4	-0.090303535720239	0.5395417535346272	1.0484804382555684	PBF_P21	Contig:44:16.9058:7535	4	0.0	0.32792204538485603	0.43604927166256063	0	0	0	0		1	False	0
ecol-SAMN34360976	PBF_P17	Contig:72:19.235:5610	5	0.0	0.49502657385116255	0.5430305579317777	PBF_P18	Contig:19:18.0589:4727	5	0.0	0.46720675908107856	0.5362761254509049	5	-0.32969011605907883	2.3140647066377844	0.15853349541430362	Contig:106:86.8687:458,Contig:112:25.4834:58780,Contig:13:25.9216:186813,Contig:64:87.1261:1355,Contig:76:60.2963:386,Contig:81:30.8277:634,Contig:100:21.512:3p:1:15:153,Contig:100:21.512:3p:1:16:213,Contig:100:21.512:3p:1:19:768,Contig:76:60.2963:3p:1:3:355,Contig:76:60.2963:3p:1:6:289	0	False	0
ecol-SAMN34360976	PBF_P17	Contig:72:19.235:5610	5	0.0	0.49502657385116255	0.5430305579317777	PBF_P19	Contig:82:16.7543:6202	4	0.0	0.4948457396136756	0.4548629802200033	0	0	0	0		1	False	0
ecol-SAMN34360976	PBF_P17	Contig:72:19.235:5610	5	0.0	0.49502657385116255	0.5430305579317777	PBF_P20	Contig:117:15.8693:9882	4	0.0	0.4886923886243768	0.43593623321650865	0	0	0	0		1	False	0
ecol-SAMN34360976	PBF_P17	Contig:72:19.235:5610	5	0.0	0.49502657385116255	0.5430305579317777	PBF_P21	Contig:44:16.9058:7535	4	0.0	0.32792204538485603	0.43604927166256063	0	0	0	0		1	False	0
ecol-SAMN34360976	PBF_P18	Contig:19:18.0589:4727	5	0.0	0.46720675908107856	0.5362761254509049	PBF_P19	Contig:82:16.7543:6202	4	0.0	0.4948457396136756	0.4548629802200033	0	0	0	0		1	False	0
ecol-SAMN34360976	PBF_P18	Contig:19:18.0589:4727	5	0.0	0.46720675908107856	0.5362761254509049	PBF_P20	Contig:117:15.8693:9882	4	0.0	0.4886923886243768	0.43593623321650865	0	0	0	0		1	False	0
ecol-SAMN34360976	PBF_P18	Contig:19:18.0589:4727	5	0.0	0.46720675908107856	0.5362761254509049	PBF_P21	Contig:44:16.9058:7535	4	0.0	0.32792204538485603	0.43604927166256063	0	0	0	0		1	False	0
ecol-SAMN34360976	PBF_P19	Contig:82:16.7543:6202	4	0.0	0.4948457396136756	0.4548629802200033	PBF_P20	Contig:117:15.8693:9882	4	0.0	0.4886923886243768	0.43593623321650865	0	0	0	0		1	False	0
ecol-SAMN34360976	PBF_P19	Contig:82:16.7543:6202	4	0.0	0.4948457396136756	0.4548629802200033	PBF_P21	Contig:44:16.9058:7535	4	0.0	0.32792204538485603	0.43604927166256063	0	0	0	0		1	False	0
ecol-SAMN34360976	PBF_P20	Contig:117:15.8693:9882	4	0.0	0.4886923886243768	0.43593623321650865	PBF_P21	Contig:44:16.9058:7535	4	0.0	0.32792204538485603	0.43604927166256063	0	0	0	0		1	False	0