SAMPLE	BIN1	BIN1_CONTIGS	BIN1_GC_BIN	BIN1_GC	BIN1_GD	BIN1_RD	BIN2	BIN2_CONTIGS	BIN2_GC_BIN	BIN2_GC	BIN2_GD	BIN2_RD	MERGE_GC_BIN	MERGE_GC	MERGE_GD	MERGE_RD	MERGE_PATH	MILP_INFEASIBLE	BINS_OVERLAP	IS_SUBSET
ecol-SAMN36984458	GP_0	Contig:100:70.2117:12726,Contig:101:150.391:3546,Contig:109:107.564:3031,Contig:112:88.291:880,Contig:115:32.5469:857,Contig:12:45.8538:43152,Contig:133:86.0339:1078,Contig:14:109.611:3016,Contig:18:144.773:3487,Contig:19:123.679:4092,Contig:28:437.228:2107,Contig:35:189.833:1476,Contig:37:621.049:768,Contig:3:178.691:1219,Contig:44:47.7862:7092,Contig:5:57.8788:3941,Contig:71:55.1393:7129,Contig:8:139.037:1456,Contig:92:167.721:1074,Contig:96:41.1449:4086,Contig:102:118.168:5p:1:12:119,Contig:104:49.395:5p:1:20:264,Contig:104:49.395:5p:1:25:103,Contig:104:49.395:5p:1:26:173,Contig:104:49.395:5p:1:60:568,Contig:104:49.395:5p:1:74:257,Contig:104:49.395:5p:1:79:249,Contig:104:49.395:5p:1:87:512,Contig:115:32.5469:3p:1:17:119,Contig:126:104.244:5p:1:12:536,Contig:36:193.023:5p:1:4:141,Contig:3:178.691:3p:1:3:173,Contig:75:132.869:5p:1:4:206	5	-1.4607625539726627	9.476747609635055	0.8749143768808766	GP_1	Contig:105:295.133:822,Contig:110:49.5145:12501,Contig:111:66.2141:10724,Contig:119:49.4648:48004,Contig:126:104.244:3621,Contig:130:51.4068:161657,Contig:1:92.8013:4279,Contig:24:77.2636:4192,Contig:28:437.228:2107,Contig:37:621.049:768,Contig:40:62.4026:4035,Contig:45:209.741:2901,Contig:51:102.167:1077,Contig:69:65.3792:1299,Contig:91:128.698:2505,Contig:93:51.2527:743,Contig:104:49.395:5p:1:19:201,Contig:104:49.395:5p:1:20:264,Contig:104:49.395:5p:1:25:103,Contig:104:49.395:5p:1:58:311,Contig:104:49.395:5p:1:74:257,Contig:104:49.395:5p:1:87:512,Contig:105:295.133:5p:1:9:949,Contig:115:32.5469:3p:1:17:119,Contig:126:104.244:5p:1:5:318,Contig:126:104.244:5p:1:12:536,Contig:86:57.7126:5p:1:2:484	4	-1.1951422788374764	5.0496415061564	0.9171775693966898	5	-2.957437581137549	20.80876500283785	0.5289156495346106	Contig:102:118.168:1755,Contig:117:192.357:924,Contig:122:125.069:2054,Contig:125:103.083:2656,Contig:131:147.134:1028,Contig:15:61.0292:16112,Contig:30:67.9926:11722,Contig:46:75.6624:1029,Contig:48:115.728:1555,Contig:74:163.75:1059,Contig:76:96.265:631,Contig:78:96.0062:867,Contig:80:52.3095:150052,Contig:83:163.77:3088,Contig:90:76.9578:1225,Contig:102:118.168:5p:1:5:119,Contig:102:118.168:5p:1:11:487,Contig:102:118.168:5p:1:15:487,Contig:102:118.168:5p:1:19:460,Contig:104:49.395:5p:1:82:575,Contig:105:295.133:3p:1:6:365,Contig:116:52.9408:5p:1:4:341,Contig:116:52.9408:5p:1:5:119,Contig:116:52.9408:5p:1:6:780,Contig:116:52.9408:5p:1:7:150,Contig:116:52.9408:5p:1:11:338,Contig:116:52.9408:5p:1:13:119,Contig:116:52.9408:5p:1:15:105,Contig:117:192.357:3p:1:4:252,Contig:75:132.869:5p:1:3:119,Contig:75:132.869:5p:1:5:475,Contig:75:132.869:5p:1:7:249,Contig:83:163.77:3p:1:1:119,Contig:83:163.77:3p:1:2:119,Contig:83:163.77:3p:1:3:505,Contig:90:76.9578:3p:1:1:119	0	True	0
ecol-SAMN36984458	GP_0	Contig:100:70.2117:12726,Contig:101:150.391:3546,Contig:109:107.564:3031,Contig:112:88.291:880,Contig:115:32.5469:857,Contig:12:45.8538:43152,Contig:133:86.0339:1078,Contig:14:109.611:3016,Contig:18:144.773:3487,Contig:19:123.679:4092,Contig:28:437.228:2107,Contig:35:189.833:1476,Contig:37:621.049:768,Contig:3:178.691:1219,Contig:44:47.7862:7092,Contig:5:57.8788:3941,Contig:71:55.1393:7129,Contig:8:139.037:1456,Contig:92:167.721:1074,Contig:96:41.1449:4086,Contig:102:118.168:5p:1:12:119,Contig:104:49.395:5p:1:20:264,Contig:104:49.395:5p:1:25:103,Contig:104:49.395:5p:1:26:173,Contig:104:49.395:5p:1:60:568,Contig:104:49.395:5p:1:74:257,Contig:104:49.395:5p:1:79:249,Contig:104:49.395:5p:1:87:512,Contig:115:32.5469:3p:1:17:119,Contig:126:104.244:5p:1:12:536,Contig:36:193.023:5p:1:4:141,Contig:3:178.691:3p:1:3:173,Contig:75:132.869:5p:1:4:206	5	-1.4607625539726627	9.476747609635055	0.8749143768808766	GP_3	Contig:105:295.133:822,Contig:118:166.932:1057,Contig:131:147.134:1028,Contig:34:101.7:1730,Contig:37:621.049:768,Contig:43:113.075:3757,Contig:87:123.393:1453,Contig:88:167.543:2070,Contig:89:145.243:3815,Contig:104:49.395:5p:1:20:264,Contig:104:49.395:5p:1:69:896,Contig:105:295.133:3p:1:6:365,Contig:116:52.9408:5p:1:6:780,Contig:116:52.9408:5p:1:7:150,Contig:116:52.9408:5p:1:9:560,Contig:116:52.9408:5p:1:11:338,Contig:83:163.77:3p:1:1:119,Contig:83:163.77:3p:1:2:119,Contig:83:163.77:3p:1:3:505,Contig:83:163.77:3p:1:4:505	5	-0.11404703539069058	3.879455326478514	1.0058271548519984	5	-2.071361757402474	17.258717739745933	0.57256680158207	Contig:108:93.9572:5119,Contig:15:61.0292:16112,Contig:31:57.0039:9687,Contig:4:98.015:5971,Contig:78:96.0062:867,Contig:84:47.6813:99441,Contig:90:76.9578:1225,Contig:104:49.395:5p:1:82:575,Contig:105:295.133:5p:1:9:949,Contig:108:93.9572:3p:1:5:417,Contig:108:93.9572:3p:1:7:789,Contig:108:93.9572:3p:1:12:789,Contig:108:93.9572:3p:1:13:417,Contig:108:93.9572:3p:1:15:789,Contig:108:93.9572:3p:1:16:789,Contig:90:76.9578:3p:1:1:119	0	True	0
ecol-SAMN36984458	GP_0	Contig:100:70.2117:12726,Contig:101:150.391:3546,Contig:109:107.564:3031,Contig:112:88.291:880,Contig:115:32.5469:857,Contig:12:45.8538:43152,Contig:133:86.0339:1078,Contig:14:109.611:3016,Contig:18:144.773:3487,Contig:19:123.679:4092,Contig:28:437.228:2107,Contig:35:189.833:1476,Contig:37:621.049:768,Contig:3:178.691:1219,Contig:44:47.7862:7092,Contig:5:57.8788:3941,Contig:71:55.1393:7129,Contig:8:139.037:1456,Contig:92:167.721:1074,Contig:96:41.1449:4086,Contig:102:118.168:5p:1:12:119,Contig:104:49.395:5p:1:20:264,Contig:104:49.395:5p:1:25:103,Contig:104:49.395:5p:1:26:173,Contig:104:49.395:5p:1:60:568,Contig:104:49.395:5p:1:74:257,Contig:104:49.395:5p:1:79:249,Contig:104:49.395:5p:1:87:512,Contig:115:32.5469:3p:1:17:119,Contig:126:104.244:5p:1:12:536,Contig:36:193.023:5p:1:4:141,Contig:3:178.691:3p:1:3:173,Contig:75:132.869:5p:1:4:206	5	-1.4607625539726627	9.476747609635055	0.8749143768808766	GP_4	Contig:106:46.9086:1181,Contig:57:68.7752:875,Contig:62:92.4449:2080,Contig:106:46.9086:3p:1:3:1146	5	0.0	1.1345913223531743	0.8525125086707618	0	0	0	0		1	False	0
ecol-SAMN36984458	GP_0	Contig:100:70.2117:12726,Contig:101:150.391:3546,Contig:109:107.564:3031,Contig:112:88.291:880,Contig:115:32.5469:857,Contig:12:45.8538:43152,Contig:133:86.0339:1078,Contig:14:109.611:3016,Contig:18:144.773:3487,Contig:19:123.679:4092,Contig:28:437.228:2107,Contig:35:189.833:1476,Contig:37:621.049:768,Contig:3:178.691:1219,Contig:44:47.7862:7092,Contig:5:57.8788:3941,Contig:71:55.1393:7129,Contig:8:139.037:1456,Contig:92:167.721:1074,Contig:96:41.1449:4086,Contig:102:118.168:5p:1:12:119,Contig:104:49.395:5p:1:20:264,Contig:104:49.395:5p:1:25:103,Contig:104:49.395:5p:1:26:173,Contig:104:49.395:5p:1:60:568,Contig:104:49.395:5p:1:74:257,Contig:104:49.395:5p:1:79:249,Contig:104:49.395:5p:1:87:512,Contig:115:32.5469:3p:1:17:119,Contig:126:104.244:5p:1:12:536,Contig:36:193.023:5p:1:4:141,Contig:3:178.691:3p:1:3:173,Contig:75:132.869:5p:1:4:206	5	-1.4607625539726627	9.476747609635055	0.8749143768808766	GP_2	Contig:135:82.0005:3254,Contig:16:106.465:711,Contig:26:64.5742:2058,Contig:30:67.9926:11722,Contig:63:59.1862:2974,Contig:76:96.265:631,Contig:78:96.0062:867,Contig:83:163.77:3088,Contig:85:114.162:3032,Contig:90:76.9578:1225,Contig:9:85.1583:1525,Contig:104:49.395:5p:1:79:249,Contig:104:49.395:5p:1:82:575,Contig:105:295.133:3p:1:4:111,Contig:105:295.133:3p:1:6:365,Contig:105:295.133:5p:1:9:949,Contig:3:178.691:3p:1:3:173,Contig:90:76.9578:3p:1:1:119	5	-0.7593541968206146	3.853462728041351	0.8686401066492534	5	-2.2313004837254287	18.07598222686603	0.6676488881130354	Contig:102:118.168:1755,Contig:122:125.069:2054,Contig:125:103.083:2656,Contig:131:147.134:1028,Contig:48:115.728:1555,Contig:74:163.75:1059,Contig:87:123.393:1453,Contig:89:145.243:3815,Contig:102:118.168:5p:1:5:119,Contig:102:118.168:5p:1:11:487,Contig:102:118.168:5p:1:15:487,Contig:102:118.168:5p:1:19:460,Contig:116:52.9408:5p:1:4:341,Contig:116:52.9408:5p:1:5:119,Contig:116:52.9408:5p:1:6:780,Contig:116:52.9408:5p:1:7:150,Contig:116:52.9408:5p:1:11:338,Contig:116:52.9408:5p:1:15:105,Contig:75:132.869:5p:1:3:119,Contig:75:132.869:5p:1:5:475,Contig:75:132.869:5p:1:7:249	0	True	0
ecol-SAMN36984458	GP_0	Contig:100:70.2117:12726,Contig:101:150.391:3546,Contig:109:107.564:3031,Contig:112:88.291:880,Contig:115:32.5469:857,Contig:12:45.8538:43152,Contig:133:86.0339:1078,Contig:14:109.611:3016,Contig:18:144.773:3487,Contig:19:123.679:4092,Contig:28:437.228:2107,Contig:35:189.833:1476,Contig:37:621.049:768,Contig:3:178.691:1219,Contig:44:47.7862:7092,Contig:5:57.8788:3941,Contig:71:55.1393:7129,Contig:8:139.037:1456,Contig:92:167.721:1074,Contig:96:41.1449:4086,Contig:102:118.168:5p:1:12:119,Contig:104:49.395:5p:1:20:264,Contig:104:49.395:5p:1:25:103,Contig:104:49.395:5p:1:26:173,Contig:104:49.395:5p:1:60:568,Contig:104:49.395:5p:1:74:257,Contig:104:49.395:5p:1:79:249,Contig:104:49.395:5p:1:87:512,Contig:115:32.5469:3p:1:17:119,Contig:126:104.244:5p:1:12:536,Contig:36:193.023:5p:1:4:141,Contig:3:178.691:3p:1:3:173,Contig:75:132.869:5p:1:4:206	5	-1.4607625539726627	9.476747609635055	0.8749143768808766	GP_unb_1	Contig:32:80.9818:9984	4	0.0	0.2843311345264754	1.192921231758435	5	-2.2183321952939052	16.74407069351305	0.5289156495346106	Contig:102:118.168:1755,Contig:105:295.133:822,Contig:108:93.9572:5119,Contig:117:192.357:924,Contig:122:125.069:2054,Contig:125:103.083:2656,Contig:131:147.134:1028,Contig:31:57.0039:9687,Contig:42:99.9478:670,Contig:46:75.6624:1029,Contig:48:115.728:1555,Contig:4:98.015:5971,Contig:74:163.75:1059,Contig:76:96.265:631,Contig:83:163.77:3088,Contig:102:118.168:5p:1:5:119,Contig:102:118.168:5p:1:11:487,Contig:102:118.168:5p:1:15:487,Contig:102:118.168:5p:1:19:460,Contig:105:295.133:3p:1:4:111,Contig:105:295.133:3p:1:6:365,Contig:105:295.133:5p:1:9:949,Contig:108:93.9572:3p:1:12:789,Contig:108:93.9572:3p:1:13:417,Contig:108:93.9572:3p:1:15:789,Contig:108:93.9572:3p:1:16:789,Contig:116:52.9408:5p:1:4:341,Contig:116:52.9408:5p:1:5:119,Contig:116:52.9408:5p:1:6:780,Contig:116:52.9408:5p:1:7:150,Contig:116:52.9408:5p:1:11:338,Contig:116:52.9408:5p:1:13:119,Contig:116:52.9408:5p:1:15:105,Contig:117:192.357:3p:1:4:252,Contig:75:132.869:5p:1:3:119,Contig:75:132.869:5p:1:5:475,Contig:75:132.869:5p:1:7:249,Contig:83:163.77:3p:1:1:119,Contig:83:163.77:3p:1:2:119,Contig:83:163.77:3p:1:3:505	0	False	0
ecol-SAMN36984458	GP_0	Contig:100:70.2117:12726,Contig:101:150.391:3546,Contig:109:107.564:3031,Contig:112:88.291:880,Contig:115:32.5469:857,Contig:12:45.8538:43152,Contig:133:86.0339:1078,Contig:14:109.611:3016,Contig:18:144.773:3487,Contig:19:123.679:4092,Contig:28:437.228:2107,Contig:35:189.833:1476,Contig:37:621.049:768,Contig:3:178.691:1219,Contig:44:47.7862:7092,Contig:5:57.8788:3941,Contig:71:55.1393:7129,Contig:8:139.037:1456,Contig:92:167.721:1074,Contig:96:41.1449:4086,Contig:102:118.168:5p:1:12:119,Contig:104:49.395:5p:1:20:264,Contig:104:49.395:5p:1:25:103,Contig:104:49.395:5p:1:26:173,Contig:104:49.395:5p:1:60:568,Contig:104:49.395:5p:1:74:257,Contig:104:49.395:5p:1:79:249,Contig:104:49.395:5p:1:87:512,Contig:115:32.5469:3p:1:17:119,Contig:126:104.244:5p:1:12:536,Contig:36:193.023:5p:1:4:141,Contig:3:178.691:3p:1:3:173,Contig:75:132.869:5p:1:4:206	5	-1.4607625539726627	9.476747609635055	0.8749143768808766	GP_unb_2	Contig:49:59.4901:6992	4	0.0	0.4444352540488372	0.9358642671684987	5	-2.193199089572767	17.143389328325856	0.5289156495346107	Contig:102:118.168:1755,Contig:105:295.133:822,Contig:108:93.9572:5119,Contig:117:192.357:924,Contig:122:125.069:2054,Contig:125:103.083:2656,Contig:131:147.134:1028,Contig:31:57.0039:9687,Contig:46:75.6624:1029,Contig:48:115.728:1555,Contig:4:98.015:5971,Contig:74:163.75:1059,Contig:76:96.265:631,Contig:83:163.77:3088,Contig:102:118.168:5p:1:5:119,Contig:102:118.168:5p:1:11:487,Contig:102:118.168:5p:1:15:487,Contig:102:118.168:5p:1:19:460,Contig:105:295.133:3p:1:4:111,Contig:105:295.133:3p:1:6:365,Contig:105:295.133:5p:1:9:949,Contig:108:93.9572:3p:1:5:417,Contig:108:93.9572:3p:1:7:789,Contig:108:93.9572:3p:1:12:789,Contig:108:93.9572:3p:1:13:417,Contig:108:93.9572:3p:1:15:789,Contig:108:93.9572:3p:1:16:789,Contig:116:52.9408:5p:1:4:341,Contig:116:52.9408:5p:1:5:119,Contig:116:52.9408:5p:1:6:780,Contig:116:52.9408:5p:1:7:150,Contig:116:52.9408:5p:1:11:338,Contig:116:52.9408:5p:1:13:119,Contig:116:52.9408:5p:1:15:105,Contig:117:192.357:3p:1:4:252,Contig:75:132.869:5p:1:3:119,Contig:75:132.869:5p:1:5:475,Contig:75:132.869:5p:1:7:249,Contig:83:163.77:3p:1:1:119,Contig:83:163.77:3p:1:2:119,Contig:83:163.77:3p:1:3:505	0	False	0
ecol-SAMN36984458	GP_0	Contig:100:70.2117:12726,Contig:101:150.391:3546,Contig:109:107.564:3031,Contig:112:88.291:880,Contig:115:32.5469:857,Contig:12:45.8538:43152,Contig:133:86.0339:1078,Contig:14:109.611:3016,Contig:18:144.773:3487,Contig:19:123.679:4092,Contig:28:437.228:2107,Contig:35:189.833:1476,Contig:37:621.049:768,Contig:3:178.691:1219,Contig:44:47.7862:7092,Contig:5:57.8788:3941,Contig:71:55.1393:7129,Contig:8:139.037:1456,Contig:92:167.721:1074,Contig:96:41.1449:4086,Contig:102:118.168:5p:1:12:119,Contig:104:49.395:5p:1:20:264,Contig:104:49.395:5p:1:25:103,Contig:104:49.395:5p:1:26:173,Contig:104:49.395:5p:1:60:568,Contig:104:49.395:5p:1:74:257,Contig:104:49.395:5p:1:79:249,Contig:104:49.395:5p:1:87:512,Contig:115:32.5469:3p:1:17:119,Contig:126:104.244:5p:1:12:536,Contig:36:193.023:5p:1:4:141,Contig:3:178.691:3p:1:3:173,Contig:75:132.869:5p:1:4:206	5	-1.4607625539726627	9.476747609635055	0.8749143768808766	GP_unb_3	Contig:99:154.806:376	4	0.0	0.41011662141963157	0.7432209504389865	5	-1.6259172643038795	10.20280018550599	0.7432209504386265	Contig:85:114.162:3032	0	False	0
ecol-SAMN36984458	GP_0	Contig:100:70.2117:12726,Contig:101:150.391:3546,Contig:109:107.564:3031,Contig:112:88.291:880,Contig:115:32.5469:857,Contig:12:45.8538:43152,Contig:133:86.0339:1078,Contig:14:109.611:3016,Contig:18:144.773:3487,Contig:19:123.679:4092,Contig:28:437.228:2107,Contig:35:189.833:1476,Contig:37:621.049:768,Contig:3:178.691:1219,Contig:44:47.7862:7092,Contig:5:57.8788:3941,Contig:71:55.1393:7129,Contig:8:139.037:1456,Contig:92:167.721:1074,Contig:96:41.1449:4086,Contig:102:118.168:5p:1:12:119,Contig:104:49.395:5p:1:20:264,Contig:104:49.395:5p:1:25:103,Contig:104:49.395:5p:1:26:173,Contig:104:49.395:5p:1:60:568,Contig:104:49.395:5p:1:74:257,Contig:104:49.395:5p:1:79:249,Contig:104:49.395:5p:1:87:512,Contig:115:32.5469:3p:1:17:119,Contig:126:104.244:5p:1:12:536,Contig:36:193.023:5p:1:4:141,Contig:3:178.691:3p:1:3:173,Contig:75:132.869:5p:1:4:206	5	-1.4607625539726627	9.476747609635055	0.8749143768808766	GP_unb_4	Contig:104:49.395:5p:1:61:314	4	0.0	0.29084851733958494	2.031774243897739	5	-2.263597950827209	15.983360213167833	0.5289156495346106	Contig:102:118.168:1755,Contig:104:49.395:89566,Contig:108:93.9572:5119,Contig:117:192.357:924,Contig:122:125.069:2054,Contig:125:103.083:2656,Contig:131:147.134:1028,Contig:30:67.9926:11722,Contig:31:57.0039:9687,Contig:46:75.6624:1029,Contig:48:115.728:1555,Contig:4:98.015:5971,Contig:74:163.75:1059,Contig:76:96.265:631,Contig:80:52.3095:150052,Contig:83:163.77:3088,Contig:84:47.6813:99441,Contig:95:208.818:973,Contig:102:118.168:5p:1:7:119,Contig:102:118.168:5p:1:11:487,Contig:102:118.168:5p:1:15:487,Contig:102:118.168:5p:1:19:460,Contig:105:295.133:3p:1:6:365,Contig:105:295.133:5p:1:9:949,Contig:108:93.9572:3p:1:5:417,Contig:108:93.9572:3p:1:7:789,Contig:108:93.9572:3p:1:12:789,Contig:108:93.9572:3p:1:13:417,Contig:108:93.9572:3p:1:15:789,Contig:108:93.9572:3p:1:16:789,Contig:116:52.9408:5p:1:4:341,Contig:116:52.9408:5p:1:5:119,Contig:116:52.9408:5p:1:6:780,Contig:116:52.9408:5p:1:7:150,Contig:116:52.9408:5p:1:11:338,Contig:116:52.9408:5p:1:13:119,Contig:116:52.9408:5p:1:15:105,Contig:117:192.357:3p:1:4:252,Contig:75:132.869:5p:1:3:119,Contig:75:132.869:5p:1:5:475,Contig:75:132.869:5p:1:7:249,Contig:83:163.77:3p:1:1:119,Contig:83:163.77:3p:1:2:119,Contig:83:163.77:3p:1:3:505,Contig:90:76.9578:3p:1:1:119	0	False	0
ecol-SAMN36984458	GP_0	Contig:100:70.2117:12726,Contig:101:150.391:3546,Contig:109:107.564:3031,Contig:112:88.291:880,Contig:115:32.5469:857,Contig:12:45.8538:43152,Contig:133:86.0339:1078,Contig:14:109.611:3016,Contig:18:144.773:3487,Contig:19:123.679:4092,Contig:28:437.228:2107,Contig:35:189.833:1476,Contig:37:621.049:768,Contig:3:178.691:1219,Contig:44:47.7862:7092,Contig:5:57.8788:3941,Contig:71:55.1393:7129,Contig:8:139.037:1456,Contig:92:167.721:1074,Contig:96:41.1449:4086,Contig:102:118.168:5p:1:12:119,Contig:104:49.395:5p:1:20:264,Contig:104:49.395:5p:1:25:103,Contig:104:49.395:5p:1:26:173,Contig:104:49.395:5p:1:60:568,Contig:104:49.395:5p:1:74:257,Contig:104:49.395:5p:1:79:249,Contig:104:49.395:5p:1:87:512,Contig:115:32.5469:3p:1:17:119,Contig:126:104.244:5p:1:12:536,Contig:36:193.023:5p:1:4:141,Contig:3:178.691:3p:1:3:173,Contig:75:132.869:5p:1:4:206	5	-1.4607625539726627	9.476747609635055	0.8749143768808766	GP_unb_5	Contig:104:49.395:5p:1:62:405	5	0.0	0.2514984823989824	13.34502148047909	5	-1.602192003056101	10.247283324745752	0.8749143768800423	Contig:79:52.9641:46928,Contig:104:49.395:5p:1:19:201,Contig:104:49.395:5p:1:58:311	0	False	0
ecol-SAMN36984458	GP_0	Contig:100:70.2117:12726,Contig:101:150.391:3546,Contig:109:107.564:3031,Contig:112:88.291:880,Contig:115:32.5469:857,Contig:12:45.8538:43152,Contig:133:86.0339:1078,Contig:14:109.611:3016,Contig:18:144.773:3487,Contig:19:123.679:4092,Contig:28:437.228:2107,Contig:35:189.833:1476,Contig:37:621.049:768,Contig:3:178.691:1219,Contig:44:47.7862:7092,Contig:5:57.8788:3941,Contig:71:55.1393:7129,Contig:8:139.037:1456,Contig:92:167.721:1074,Contig:96:41.1449:4086,Contig:102:118.168:5p:1:12:119,Contig:104:49.395:5p:1:20:264,Contig:104:49.395:5p:1:25:103,Contig:104:49.395:5p:1:26:173,Contig:104:49.395:5p:1:60:568,Contig:104:49.395:5p:1:74:257,Contig:104:49.395:5p:1:79:249,Contig:104:49.395:5p:1:87:512,Contig:115:32.5469:3p:1:17:119,Contig:126:104.244:5p:1:12:536,Contig:36:193.023:5p:1:4:141,Contig:3:178.691:3p:1:3:173,Contig:75:132.869:5p:1:4:206	5	-1.4607625539726627	9.476747609635055	0.8749143768808766	GP_unb_6	Contig:105:295.133:5p:1:5:682	5	0.0	0.4783319166180734	4.957421318188026	5	-2.1936333717968655	16.19811138567844	0.5289156495346106	Contig:102:118.168:1755,Contig:105:295.133:822,Contig:108:93.9572:5119,Contig:117:192.357:924,Contig:122:125.069:2054,Contig:125:103.083:2656,Contig:131:147.134:1028,Contig:30:67.9926:11722,Contig:31:57.0039:9687,Contig:46:75.6624:1029,Contig:48:115.728:1555,Contig:4:98.015:5971,Contig:74:163.75:1059,Contig:76:96.265:631,Contig:80:52.3095:150052,Contig:83:163.77:3088,Contig:84:47.6813:99441,Contig:102:118.168:5p:1:5:119,Contig:102:118.168:5p:1:11:487,Contig:102:118.168:5p:1:15:487,Contig:102:118.168:5p:1:19:460,Contig:105:295.133:3p:1:6:365,Contig:105:295.133:5p:1:9:949,Contig:108:93.9572:3p:1:5:417,Contig:108:93.9572:3p:1:7:789,Contig:108:93.9572:3p:1:12:789,Contig:108:93.9572:3p:1:13:417,Contig:108:93.9572:3p:1:15:789,Contig:108:93.9572:3p:1:16:789,Contig:116:52.9408:5p:1:4:341,Contig:116:52.9408:5p:1:5:119,Contig:116:52.9408:5p:1:6:780,Contig:116:52.9408:5p:1:7:150,Contig:116:52.9408:5p:1:11:338,Contig:116:52.9408:5p:1:13:119,Contig:116:52.9408:5p:1:15:105,Contig:117:192.357:3p:1:4:252,Contig:75:132.869:5p:1:3:119,Contig:75:132.869:5p:1:5:475,Contig:75:132.869:5p:1:7:249,Contig:83:163.77:3p:1:1:119,Contig:83:163.77:3p:1:2:119,Contig:83:163.77:3p:1:3:505,Contig:90:76.9578:3p:1:1:119	0	False	0
ecol-SAMN36984458	GP_0	Contig:100:70.2117:12726,Contig:101:150.391:3546,Contig:109:107.564:3031,Contig:112:88.291:880,Contig:115:32.5469:857,Contig:12:45.8538:43152,Contig:133:86.0339:1078,Contig:14:109.611:3016,Contig:18:144.773:3487,Contig:19:123.679:4092,Contig:28:437.228:2107,Contig:35:189.833:1476,Contig:37:621.049:768,Contig:3:178.691:1219,Contig:44:47.7862:7092,Contig:5:57.8788:3941,Contig:71:55.1393:7129,Contig:8:139.037:1456,Contig:92:167.721:1074,Contig:96:41.1449:4086,Contig:102:118.168:5p:1:12:119,Contig:104:49.395:5p:1:20:264,Contig:104:49.395:5p:1:25:103,Contig:104:49.395:5p:1:26:173,Contig:104:49.395:5p:1:60:568,Contig:104:49.395:5p:1:74:257,Contig:104:49.395:5p:1:79:249,Contig:104:49.395:5p:1:87:512,Contig:115:32.5469:3p:1:17:119,Contig:126:104.244:5p:1:12:536,Contig:36:193.023:5p:1:4:141,Contig:3:178.691:3p:1:3:173,Contig:75:132.869:5p:1:4:206	5	-1.4607625539726627	9.476747609635055	0.8749143768808766	GP_unb_7	Contig:116:52.9408:5p:1:14:312	5	0.0	0.28020601656120236	2.216446227038547	5	-2.2364757097101586	18.614359408067823	0.5289156495346106	Contig:102:118.168:1755,Contig:105:295.133:822,Contig:108:93.9572:5119,Contig:117:192.357:924,Contig:122:125.069:2054,Contig:125:103.083:2656,Contig:131:147.134:1028,Contig:15:61.0292:16112,Contig:31:57.0039:9687,Contig:46:75.6624:1029,Contig:48:115.728:1555,Contig:4:98.015:5971,Contig:74:163.75:1059,Contig:76:96.265:631,Contig:78:96.0062:867,Contig:83:163.77:3088,Contig:84:47.6813:99441,Contig:90:76.9578:1225,Contig:102:118.168:5p:1:5:119,Contig:102:118.168:5p:1:11:487,Contig:102:118.168:5p:1:15:487,Contig:102:118.168:5p:1:19:460,Contig:104:49.395:5p:1:82:575,Contig:105:295.133:3p:1:4:111,Contig:105:295.133:3p:1:6:365,Contig:105:295.133:5p:1:9:949,Contig:108:93.9572:3p:1:5:417,Contig:108:93.9572:3p:1:7:789,Contig:108:93.9572:3p:1:12:789,Contig:108:93.9572:3p:1:13:417,Contig:108:93.9572:3p:1:15:789,Contig:108:93.9572:3p:1:16:789,Contig:116:52.9408:5p:1:4:341,Contig:116:52.9408:5p:1:5:119,Contig:116:52.9408:5p:1:6:780,Contig:116:52.9408:5p:1:7:150,Contig:116:52.9408:5p:1:11:338,Contig:116:52.9408:5p:1:13:119,Contig:116:52.9408:5p:1:15:105,Contig:117:192.357:3p:1:4:252,Contig:75:132.869:5p:1:3:119,Contig:75:132.869:5p:1:5:475,Contig:75:132.869:5p:1:7:249,Contig:83:163.77:3p:1:1:119,Contig:83:163.77:3p:1:2:119,Contig:83:163.77:3p:1:3:505,Contig:90:76.9578:3p:1:1:119	0	False	0
ecol-SAMN36984458	GP_0	Contig:100:70.2117:12726,Contig:101:150.391:3546,Contig:109:107.564:3031,Contig:112:88.291:880,Contig:115:32.5469:857,Contig:12:45.8538:43152,Contig:133:86.0339:1078,Contig:14:109.611:3016,Contig:18:144.773:3487,Contig:19:123.679:4092,Contig:28:437.228:2107,Contig:35:189.833:1476,Contig:37:621.049:768,Contig:3:178.691:1219,Contig:44:47.7862:7092,Contig:5:57.8788:3941,Contig:71:55.1393:7129,Contig:8:139.037:1456,Contig:92:167.721:1074,Contig:96:41.1449:4086,Contig:102:118.168:5p:1:12:119,Contig:104:49.395:5p:1:20:264,Contig:104:49.395:5p:1:25:103,Contig:104:49.395:5p:1:26:173,Contig:104:49.395:5p:1:60:568,Contig:104:49.395:5p:1:74:257,Contig:104:49.395:5p:1:79:249,Contig:104:49.395:5p:1:87:512,Contig:115:32.5469:3p:1:17:119,Contig:126:104.244:5p:1:12:536,Contig:36:193.023:5p:1:4:141,Contig:3:178.691:3p:1:3:173,Contig:75:132.869:5p:1:4:206	5	-1.4607625539726627	9.476747609635055	0.8749143768808766	GP_unb_8	Contig:126:104.244:5p:1:17:803	5	0.0	0.41977206949054036	4.14432388639984	5	-1.4607625539726627	10.358108481549193	0.8749143768800423	Contig:36:193.023:1258	0	False	0
ecol-SAMN36984458	GP_0	Contig:100:70.2117:12726,Contig:101:150.391:3546,Contig:109:107.564:3031,Contig:112:88.291:880,Contig:115:32.5469:857,Contig:12:45.8538:43152,Contig:133:86.0339:1078,Contig:14:109.611:3016,Contig:18:144.773:3487,Contig:19:123.679:4092,Contig:28:437.228:2107,Contig:35:189.833:1476,Contig:37:621.049:768,Contig:3:178.691:1219,Contig:44:47.7862:7092,Contig:5:57.8788:3941,Contig:71:55.1393:7129,Contig:8:139.037:1456,Contig:92:167.721:1074,Contig:96:41.1449:4086,Contig:102:118.168:5p:1:12:119,Contig:104:49.395:5p:1:20:264,Contig:104:49.395:5p:1:25:103,Contig:104:49.395:5p:1:26:173,Contig:104:49.395:5p:1:60:568,Contig:104:49.395:5p:1:74:257,Contig:104:49.395:5p:1:79:249,Contig:104:49.395:5p:1:87:512,Contig:115:32.5469:3p:1:17:119,Contig:126:104.244:5p:1:12:536,Contig:36:193.023:5p:1:4:141,Contig:3:178.691:3p:1:3:173,Contig:75:132.869:5p:1:4:206	5	-1.4607625539726627	9.476747609635055	0.8749143768808766	GP_unb_9	Contig:27:270.615:3p:1:4:699	4	0.0	0.09182128860709671	4.217563138527008	5	-2.892194630131629	14.107247414029285	0.24952397455672326	Contig:102:118.168:1755,Contig:105:295.133:822,Contig:108:93.9572:5119,Contig:113:44.6988:92038,Contig:117:192.357:924,Contig:122:125.069:2054,Contig:125:103.083:2656,Contig:128:57.2396:2943,Contig:131:147.134:1028,Contig:135:82.0005:3254,Contig:22:267.298:2474,Contig:30:67.9926:11722,Contig:31:57.0039:9687,Contig:46:75.6624:1029,Contig:48:115.728:1555,Contig:4:98.015:5971,Contig:68:132.632:3333,Contig:74:163.75:1059,Contig:76:96.265:631,Contig:80:52.3095:150052,Contig:83:163.77:3088,Contig:84:47.6813:99441,Contig:98:37.177:106507,Contig:102:118.168:5p:1:7:119,Contig:102:118.168:5p:1:11:487,Contig:102:118.168:5p:1:15:487,Contig:102:118.168:5p:1:19:460,Contig:105:295.133:3p:1:4:111,Contig:105:295.133:3p:1:6:365,Contig:105:295.133:5p:1:9:949,Contig:108:93.9572:3p:1:5:417,Contig:108:93.9572:3p:1:7:789,Contig:108:93.9572:3p:1:12:789,Contig:108:93.9572:3p:1:13:417,Contig:108:93.9572:3p:1:15:789,Contig:108:93.9572:3p:1:16:789,Contig:113:44.6988:5p:1:4:134,Contig:116:52.9408:5p:1:4:341,Contig:116:52.9408:5p:1:5:119,Contig:116:52.9408:5p:1:6:780,Contig:116:52.9408:5p:1:7:150,Contig:116:52.9408:5p:1:11:338,Contig:116:52.9408:5p:1:13:119,Contig:116:52.9408:5p:1:15:105,Contig:117:192.357:3p:1:4:252,Contig:27:270.615:3p:1:8:293,Contig:63:59.1862:3p:1:5:264,Contig:68:132.632:3p:1:4:204,Contig:75:132.869:5p:1:3:119,Contig:75:132.869:5p:1:5:475,Contig:75:132.869:5p:1:7:249,Contig:83:163.77:3p:1:1:119,Contig:83:163.77:3p:1:2:119,Contig:83:163.77:3p:1:3:505,Contig:90:76.9578:3p:1:1:119	0	False	0
ecol-SAMN36984458	GP_0	Contig:100:70.2117:12726,Contig:101:150.391:3546,Contig:109:107.564:3031,Contig:112:88.291:880,Contig:115:32.5469:857,Contig:12:45.8538:43152,Contig:133:86.0339:1078,Contig:14:109.611:3016,Contig:18:144.773:3487,Contig:19:123.679:4092,Contig:28:437.228:2107,Contig:35:189.833:1476,Contig:37:621.049:768,Contig:3:178.691:1219,Contig:44:47.7862:7092,Contig:5:57.8788:3941,Contig:71:55.1393:7129,Contig:8:139.037:1456,Contig:92:167.721:1074,Contig:96:41.1449:4086,Contig:102:118.168:5p:1:12:119,Contig:104:49.395:5p:1:20:264,Contig:104:49.395:5p:1:25:103,Contig:104:49.395:5p:1:26:173,Contig:104:49.395:5p:1:60:568,Contig:104:49.395:5p:1:74:257,Contig:104:49.395:5p:1:79:249,Contig:104:49.395:5p:1:87:512,Contig:115:32.5469:3p:1:17:119,Contig:126:104.244:5p:1:12:536,Contig:36:193.023:5p:1:4:141,Contig:3:178.691:3p:1:3:173,Contig:75:132.869:5p:1:4:206	5	-1.4607625539726627	9.476747609635055	0.8749143768808766	GP_unb_10	Contig:75:132.869:3p:1:3:145	5	0.0	0.42503859778011344	1.4907299939065037	5	-1.471946286904814	14.621391441424255	0.7317543225362897	Contig:102:118.168:1755,Contig:122:125.069:2054,Contig:125:103.083:2656,Contig:131:147.134:1028,Contig:46:75.6624:1029,Contig:48:115.728:1555,Contig:74:163.75:1059,Contig:102:118.168:5p:1:7:119,Contig:102:118.168:5p:1:11:487,Contig:102:118.168:5p:1:15:487,Contig:102:118.168:5p:1:19:460,Contig:116:52.9408:5p:1:4:341,Contig:116:52.9408:5p:1:5:119,Contig:116:52.9408:5p:1:6:780,Contig:116:52.9408:5p:1:7:150,Contig:116:52.9408:5p:1:11:338,Contig:116:52.9408:5p:1:13:119,Contig:116:52.9408:5p:1:15:105,Contig:75:132.869:5p:1:3:119,Contig:75:132.869:5p:1:5:475,Contig:75:132.869:5p:1:7:249	0	False	0
ecol-SAMN36984458	GP_0	Contig:100:70.2117:12726,Contig:101:150.391:3546,Contig:109:107.564:3031,Contig:112:88.291:880,Contig:115:32.5469:857,Contig:12:45.8538:43152,Contig:133:86.0339:1078,Contig:14:109.611:3016,Contig:18:144.773:3487,Contig:19:123.679:4092,Contig:28:437.228:2107,Contig:35:189.833:1476,Contig:37:621.049:768,Contig:3:178.691:1219,Contig:44:47.7862:7092,Contig:5:57.8788:3941,Contig:71:55.1393:7129,Contig:8:139.037:1456,Contig:92:167.721:1074,Contig:96:41.1449:4086,Contig:102:118.168:5p:1:12:119,Contig:104:49.395:5p:1:20:264,Contig:104:49.395:5p:1:25:103,Contig:104:49.395:5p:1:26:173,Contig:104:49.395:5p:1:60:568,Contig:104:49.395:5p:1:74:257,Contig:104:49.395:5p:1:79:249,Contig:104:49.395:5p:1:87:512,Contig:115:32.5469:3p:1:17:119,Contig:126:104.244:5p:1:12:536,Contig:36:193.023:5p:1:4:141,Contig:3:178.691:3p:1:3:173,Contig:75:132.869:5p:1:4:206	5	-1.4607625539726627	9.476747609635055	0.8749143768808766	GP_unb_11	Contig:75:132.869:3p:1:4:145	5	0.0	0.3581528709029371	1.633297768609226	5	-1.471946286904814	14.554505714547078	0.7317543225362897	Contig:102:118.168:1755,Contig:122:125.069:2054,Contig:125:103.083:2656,Contig:131:147.134:1028,Contig:46:75.6624:1029,Contig:48:115.728:1555,Contig:74:163.75:1059,Contig:102:118.168:5p:1:7:119,Contig:102:118.168:5p:1:11:487,Contig:102:118.168:5p:1:15:487,Contig:102:118.168:5p:1:19:460,Contig:116:52.9408:5p:1:4:341,Contig:116:52.9408:5p:1:5:119,Contig:116:52.9408:5p:1:6:780,Contig:116:52.9408:5p:1:7:150,Contig:116:52.9408:5p:1:11:338,Contig:116:52.9408:5p:1:13:119,Contig:116:52.9408:5p:1:15:105,Contig:75:132.869:5p:1:3:119,Contig:75:132.869:5p:1:5:475,Contig:75:132.869:5p:1:7:249	0	False	0
ecol-SAMN36984458	GP_0	Contig:100:70.2117:12726,Contig:101:150.391:3546,Contig:109:107.564:3031,Contig:112:88.291:880,Contig:115:32.5469:857,Contig:12:45.8538:43152,Contig:133:86.0339:1078,Contig:14:109.611:3016,Contig:18:144.773:3487,Contig:19:123.679:4092,Contig:28:437.228:2107,Contig:35:189.833:1476,Contig:37:621.049:768,Contig:3:178.691:1219,Contig:44:47.7862:7092,Contig:5:57.8788:3941,Contig:71:55.1393:7129,Contig:8:139.037:1456,Contig:92:167.721:1074,Contig:96:41.1449:4086,Contig:102:118.168:5p:1:12:119,Contig:104:49.395:5p:1:20:264,Contig:104:49.395:5p:1:25:103,Contig:104:49.395:5p:1:26:173,Contig:104:49.395:5p:1:60:568,Contig:104:49.395:5p:1:74:257,Contig:104:49.395:5p:1:79:249,Contig:104:49.395:5p:1:87:512,Contig:115:32.5469:3p:1:17:119,Contig:126:104.244:5p:1:12:536,Contig:36:193.023:5p:1:4:141,Contig:3:178.691:3p:1:3:173,Contig:75:132.869:5p:1:4:206	5	-1.4607625539726627	9.476747609635055	0.8749143768808766	GP_unb_12	Contig:75:132.869:5p:1:1:269	4	0.0	0.21795771926231589	1.801768465227087	5	-2.23205292912076	14.498261645489297	0.5289156495346107	Contig:102:118.168:1755,Contig:105:295.133:822,Contig:108:93.9572:5119,Contig:117:192.357:924,Contig:131:147.134:1028,Contig:15:61.0292:16112,Contig:31:57.0039:9687,Contig:46:75.6624:1029,Contig:4:98.015:5971,Contig:74:163.75:1059,Contig:76:96.265:631,Contig:78:96.0062:867,Contig:83:163.77:3088,Contig:84:47.6813:99441,Contig:90:76.9578:1225,Contig:102:118.168:5p:1:5:119,Contig:102:118.168:5p:1:11:487,Contig:102:118.168:5p:1:15:487,Contig:102:118.168:5p:1:19:460,Contig:104:49.395:5p:1:82:575,Contig:105:295.133:3p:1:4:111,Contig:105:295.133:3p:1:6:365,Contig:105:295.133:5p:1:9:949,Contig:108:93.9572:3p:1:5:417,Contig:108:93.9572:3p:1:7:789,Contig:108:93.9572:3p:1:12:789,Contig:108:93.9572:3p:1:13:417,Contig:108:93.9572:3p:1:15:789,Contig:108:93.9572:3p:1:16:789,Contig:117:192.357:3p:1:4:252,Contig:75:132.869:5p:1:3:119,Contig:75:132.869:5p:1:5:475,Contig:75:132.869:5p:1:6:249,Contig:83:163.77:3p:1:1:119,Contig:83:163.77:3p:1:2:119,Contig:83:163.77:3p:1:3:505,Contig:90:76.9578:3p:1:1:119	0	False	0
ecol-SAMN36984458	GP_1	Contig:105:295.133:822,Contig:110:49.5145:12501,Contig:111:66.2141:10724,Contig:119:49.4648:48004,Contig:126:104.244:3621,Contig:130:51.4068:161657,Contig:1:92.8013:4279,Contig:24:77.2636:4192,Contig:28:437.228:2107,Contig:37:621.049:768,Contig:40:62.4026:4035,Contig:45:209.741:2901,Contig:51:102.167:1077,Contig:69:65.3792:1299,Contig:91:128.698:2505,Contig:93:51.2527:743,Contig:104:49.395:5p:1:19:201,Contig:104:49.395:5p:1:20:264,Contig:104:49.395:5p:1:25:103,Contig:104:49.395:5p:1:58:311,Contig:104:49.395:5p:1:74:257,Contig:104:49.395:5p:1:87:512,Contig:105:295.133:5p:1:9:949,Contig:115:32.5469:3p:1:17:119,Contig:126:104.244:5p:1:5:318,Contig:126:104.244:5p:1:12:536,Contig:86:57.7126:5p:1:2:484	4	-1.1951422788374764	5.0496415061564	0.9171775693966898	GP_3	Contig:105:295.133:822,Contig:118:166.932:1057,Contig:131:147.134:1028,Contig:34:101.7:1730,Contig:37:621.049:768,Contig:43:113.075:3757,Contig:87:123.393:1453,Contig:88:167.543:2070,Contig:89:145.243:3815,Contig:104:49.395:5p:1:20:264,Contig:104:49.395:5p:1:69:896,Contig:105:295.133:3p:1:6:365,Contig:116:52.9408:5p:1:6:780,Contig:116:52.9408:5p:1:7:150,Contig:116:52.9408:5p:1:9:560,Contig:116:52.9408:5p:1:11:338,Contig:83:163.77:3p:1:1:119,Contig:83:163.77:3p:1:2:119,Contig:83:163.77:3p:1:3:505,Contig:83:163.77:3p:1:4:505	5	-0.11404703539069058	3.879455326478514	1.0058271548519984	5	-2.7869154339756035	15.48695985351539	0.11301366256884648	Contig:100:70.2117:12726,Contig:108:93.9572:5119,Contig:112:88.291:880,Contig:125:103.083:2656,Contig:127:49.2736:38684,Contig:135:82.0005:3254,Contig:14:109.611:3016,Contig:15:61.0292:16112,Contig:19:123.679:4092,Contig:30:67.9926:11722,Contig:31:57.0039:9687,Contig:35:189.833:1476,Contig:3:178.691:1219,Contig:48:115.728:1555,Contig:6:52.5462:32885,Contig:78:96.0062:867,Contig:80:52.3095:150052,Contig:81:91:1533,Contig:84:47.6813:99441,Contig:8:139.037:1456,Contig:90:76.9578:1225,Contig:92:167.721:1074,Contig:98:37.177:106507,Contig:104:49.395:5p:1:26:173,Contig:104:49.395:5p:1:82:575,Contig:108:93.9572:3p:1:5:417,Contig:108:93.9572:3p:1:7:789,Contig:108:93.9572:3p:1:11:268,Contig:108:93.9572:3p:1:12:789,Contig:108:93.9572:3p:1:13:417,Contig:108:93.9572:3p:1:15:789,Contig:108:93.9572:3p:1:16:789,Contig:116:52.9408:5p:1:5:119,Contig:116:52.9408:5p:1:13:119,Contig:3:178.691:3p:1:3:173,Contig:63:59.1862:3p:1:5:264,Contig:63:59.1862:3p:1:8:623,Contig:75:132.869:5p:1:3:119,Contig:75:132.869:5p:1:4:206,Contig:75:132.869:5p:1:5:475,Contig:75:132.869:5p:1:7:249,Contig:90:76.9578:3p:1:1:119	0	True	0
ecol-SAMN36984458	GP_1	Contig:105:295.133:822,Contig:110:49.5145:12501,Contig:111:66.2141:10724,Contig:119:49.4648:48004,Contig:126:104.244:3621,Contig:130:51.4068:161657,Contig:1:92.8013:4279,Contig:24:77.2636:4192,Contig:28:437.228:2107,Contig:37:621.049:768,Contig:40:62.4026:4035,Contig:45:209.741:2901,Contig:51:102.167:1077,Contig:69:65.3792:1299,Contig:91:128.698:2505,Contig:93:51.2527:743,Contig:104:49.395:5p:1:19:201,Contig:104:49.395:5p:1:20:264,Contig:104:49.395:5p:1:25:103,Contig:104:49.395:5p:1:58:311,Contig:104:49.395:5p:1:74:257,Contig:104:49.395:5p:1:87:512,Contig:105:295.133:5p:1:9:949,Contig:115:32.5469:3p:1:17:119,Contig:126:104.244:5p:1:5:318,Contig:126:104.244:5p:1:12:536,Contig:86:57.7126:5p:1:2:484	4	-1.1951422788374764	5.0496415061564	0.9171775693966898	GP_4	Contig:106:46.9086:1181,Contig:57:68.7752:875,Contig:62:92.4449:2080,Contig:106:46.9086:3p:1:3:1146	5	0.0	1.1345913223531743	0.8525125086707618	0	0	0	0		1	False	0
ecol-SAMN36984458	GP_1	Contig:105:295.133:822,Contig:110:49.5145:12501,Contig:111:66.2141:10724,Contig:119:49.4648:48004,Contig:126:104.244:3621,Contig:130:51.4068:161657,Contig:1:92.8013:4279,Contig:24:77.2636:4192,Contig:28:437.228:2107,Contig:37:621.049:768,Contig:40:62.4026:4035,Contig:45:209.741:2901,Contig:51:102.167:1077,Contig:69:65.3792:1299,Contig:91:128.698:2505,Contig:93:51.2527:743,Contig:104:49.395:5p:1:19:201,Contig:104:49.395:5p:1:20:264,Contig:104:49.395:5p:1:25:103,Contig:104:49.395:5p:1:58:311,Contig:104:49.395:5p:1:74:257,Contig:104:49.395:5p:1:87:512,Contig:105:295.133:5p:1:9:949,Contig:115:32.5469:3p:1:17:119,Contig:126:104.244:5p:1:5:318,Contig:126:104.244:5p:1:12:536,Contig:86:57.7126:5p:1:2:484	4	-1.1951422788374764	5.0496415061564	0.9171775693966898	GP_2	Contig:135:82.0005:3254,Contig:16:106.465:711,Contig:26:64.5742:2058,Contig:30:67.9926:11722,Contig:63:59.1862:2974,Contig:76:96.265:631,Contig:78:96.0062:867,Contig:83:163.77:3088,Contig:85:114.162:3032,Contig:90:76.9578:1225,Contig:9:85.1583:1525,Contig:104:49.395:5p:1:79:249,Contig:104:49.395:5p:1:82:575,Contig:105:295.133:3p:1:4:111,Contig:105:295.133:3p:1:6:365,Contig:105:295.133:5p:1:9:949,Contig:3:178.691:3p:1:3:173,Contig:90:76.9578:3p:1:1:119	5	-0.7593541968206146	3.853462728041351	0.8686401066492534	5	-2.153990501490239	15.362852259813087	0.08903345424914733	Contig:102:118.168:1755,Contig:117:192.357:924,Contig:122:125.069:2054,Contig:125:103.083:2656,Contig:131:147.134:1028,Contig:14:109.611:3016,Contig:19:123.679:4092,Contig:35:189.833:1476,Contig:46:75.6624:1029,Contig:48:115.728:1555,Contig:71:55.1393:7129,Contig:74:163.75:1059,Contig:88:167.543:2070,Contig:8:139.037:1456,Contig:92:167.721:1074,Contig:102:118.168:5p:1:7:119,Contig:102:118.168:5p:1:11:487,Contig:102:118.168:5p:1:15:487,Contig:102:118.168:5p:1:19:460,Contig:116:52.9408:5p:1:4:341,Contig:116:52.9408:5p:1:5:119,Contig:116:52.9408:5p:1:6:780,Contig:116:52.9408:5p:1:7:150,Contig:116:52.9408:5p:1:11:338,Contig:116:52.9408:5p:1:13:119,Contig:116:52.9408:5p:1:15:105,Contig:117:192.357:3p:1:4:252,Contig:75:132.869:5p:1:3:119,Contig:75:132.869:5p:1:4:206,Contig:83:163.77:3p:1:1:119,Contig:83:163.77:3p:1:2:119,Contig:83:163.77:3p:1:3:505	0	True	0
ecol-SAMN36984458	GP_1	Contig:105:295.133:822,Contig:110:49.5145:12501,Contig:111:66.2141:10724,Contig:119:49.4648:48004,Contig:126:104.244:3621,Contig:130:51.4068:161657,Contig:1:92.8013:4279,Contig:24:77.2636:4192,Contig:28:437.228:2107,Contig:37:621.049:768,Contig:40:62.4026:4035,Contig:45:209.741:2901,Contig:51:102.167:1077,Contig:69:65.3792:1299,Contig:91:128.698:2505,Contig:93:51.2527:743,Contig:104:49.395:5p:1:19:201,Contig:104:49.395:5p:1:20:264,Contig:104:49.395:5p:1:25:103,Contig:104:49.395:5p:1:58:311,Contig:104:49.395:5p:1:74:257,Contig:104:49.395:5p:1:87:512,Contig:105:295.133:5p:1:9:949,Contig:115:32.5469:3p:1:17:119,Contig:126:104.244:5p:1:5:318,Contig:126:104.244:5p:1:12:536,Contig:86:57.7126:5p:1:2:484	4	-1.1951422788374764	5.0496415061564	0.9171775693966898	GP_unb_1	Contig:32:80.9818:9984	4	0.0	0.2843311345264754	1.192921231758435	5	-2.6092911502302343	16.952457533585427	0.11301366256884648	Contig:100:70.2117:12726,Contig:102:118.168:1755,Contig:108:93.9572:5119,Contig:112:88.291:880,Contig:117:192.357:924,Contig:122:125.069:2054,Contig:125:103.083:2656,Contig:131:147.134:1028,Contig:133:86.0339:1078,Contig:14:109.611:3016,Contig:18:144.773:3487,Contig:19:123.679:4092,Contig:30:67.9926:11722,Contig:31:57.0039:9687,Contig:3:178.691:1219,Contig:42:99.9478:670,Contig:46:75.6624:1029,Contig:48:115.728:1555,Contig:72:100.81:8059,Contig:74:163.75:1059,Contig:76:96.265:631,Contig:78:96.0062:867,Contig:79:52.9641:46928,Contig:80:52.3095:150052,Contig:81:91:1533,Contig:83:163.77:3088,Contig:87:123.393:1453,Contig:88:167.543:2070,Contig:8:139.037:1456,Contig:90:76.9578:1225,Contig:92:167.721:1074,Contig:9:85.1583:1525,Contig:102:118.168:5p:1:7:119,Contig:102:118.168:5p:1:11:487,Contig:102:118.168:5p:1:15:487,Contig:102:118.168:5p:1:19:460,Contig:104:49.395:5p:1:26:173,Contig:104:49.395:5p:1:60:568,Contig:104:49.395:5p:1:69:896,Contig:104:49.395:5p:1:79:249,Contig:104:49.395:5p:1:81:442,Contig:105:295.133:3p:1:6:365,Contig:108:93.9572:3p:1:11:268,Contig:108:93.9572:3p:1:12:789,Contig:108:93.9572:3p:1:13:417,Contig:108:93.9572:3p:1:15:789,Contig:108:93.9572:3p:1:16:789,Contig:116:52.9408:5p:1:4:341,Contig:116:52.9408:5p:1:5:119,Contig:116:52.9408:5p:1:6:780,Contig:116:52.9408:5p:1:7:150,Contig:116:52.9408:5p:1:11:338,Contig:116:52.9408:5p:1:13:119,Contig:116:52.9408:5p:1:15:105,Contig:117:192.357:3p:1:4:252,Contig:3:178.691:3p:1:3:173,Contig:75:132.869:5p:1:3:119,Contig:75:132.869:5p:1:4:206,Contig:83:163.77:3p:1:1:119,Contig:83:163.77:3p:1:2:119,Contig:83:163.77:3p:1:3:505,Contig:90:76.9578:3p:1:1:119	0	False	0
ecol-SAMN36984458	GP_1	Contig:105:295.133:822,Contig:110:49.5145:12501,Contig:111:66.2141:10724,Contig:119:49.4648:48004,Contig:126:104.244:3621,Contig:130:51.4068:161657,Contig:1:92.8013:4279,Contig:24:77.2636:4192,Contig:28:437.228:2107,Contig:37:621.049:768,Contig:40:62.4026:4035,Contig:45:209.741:2901,Contig:51:102.167:1077,Contig:69:65.3792:1299,Contig:91:128.698:2505,Contig:93:51.2527:743,Contig:104:49.395:5p:1:19:201,Contig:104:49.395:5p:1:20:264,Contig:104:49.395:5p:1:25:103,Contig:104:49.395:5p:1:58:311,Contig:104:49.395:5p:1:74:257,Contig:104:49.395:5p:1:87:512,Contig:105:295.133:5p:1:9:949,Contig:115:32.5469:3p:1:17:119,Contig:126:104.244:5p:1:5:318,Contig:126:104.244:5p:1:12:536,Contig:86:57.7126:5p:1:2:484	4	-1.1951422788374764	5.0496415061564	0.9171775693966898	GP_unb_2	Contig:49:59.4901:6992	4	0.0	0.4444352540488372	0.9358642671684987	5	-2.584158044509096	17.35177616839823	0.11301366256933111	Contig:100:70.2117:12726,Contig:102:118.168:1755,Contig:108:93.9572:5119,Contig:112:88.291:880,Contig:117:192.357:924,Contig:122:125.069:2054,Contig:125:103.083:2656,Contig:131:147.134:1028,Contig:133:86.0339:1078,Contig:14:109.611:3016,Contig:18:144.773:3487,Contig:19:123.679:4092,Contig:30:67.9926:11722,Contig:31:57.0039:9687,Contig:3:178.691:1219,Contig:46:75.6624:1029,Contig:48:115.728:1555,Contig:72:100.81:8059,Contig:74:163.75:1059,Contig:76:96.265:631,Contig:78:96.0062:867,Contig:79:52.9641:46928,Contig:80:52.3095:150052,Contig:81:91:1533,Contig:83:163.77:3088,Contig:87:123.393:1453,Contig:88:167.543:2070,Contig:8:139.037:1456,Contig:90:76.9578:1225,Contig:92:167.721:1074,Contig:9:85.1583:1525,Contig:102:118.168:5p:1:7:119,Contig:102:118.168:5p:1:11:487,Contig:102:118.168:5p:1:15:487,Contig:102:118.168:5p:1:19:460,Contig:104:49.395:5p:1:26:173,Contig:104:49.395:5p:1:60:568,Contig:104:49.395:5p:1:69:896,Contig:104:49.395:5p:1:79:249,Contig:104:49.395:5p:1:81:442,Contig:105:295.133:3p:1:6:365,Contig:108:93.9572:3p:1:5:417,Contig:108:93.9572:3p:1:7:789,Contig:108:93.9572:3p:1:11:268,Contig:108:93.9572:3p:1:12:789,Contig:108:93.9572:3p:1:13:417,Contig:108:93.9572:3p:1:15:789,Contig:108:93.9572:3p:1:16:789,Contig:116:52.9408:5p:1:4:341,Contig:116:52.9408:5p:1:5:119,Contig:116:52.9408:5p:1:6:780,Contig:116:52.9408:5p:1:7:150,Contig:116:52.9408:5p:1:11:338,Contig:116:52.9408:5p:1:13:119,Contig:116:52.9408:5p:1:15:105,Contig:117:192.357:3p:1:4:252,Contig:3:178.691:3p:1:3:173,Contig:75:132.869:5p:1:3:119,Contig:75:132.869:5p:1:4:206,Contig:83:163.77:3p:1:1:119,Contig:83:163.77:3p:1:2:119,Contig:83:163.77:3p:1:3:505,Contig:90:76.9578:3p:1:1:119	0	False	0
ecol-SAMN36984458	GP_1	Contig:105:295.133:822,Contig:110:49.5145:12501,Contig:111:66.2141:10724,Contig:119:49.4648:48004,Contig:126:104.244:3621,Contig:130:51.4068:161657,Contig:1:92.8013:4279,Contig:24:77.2636:4192,Contig:28:437.228:2107,Contig:37:621.049:768,Contig:40:62.4026:4035,Contig:45:209.741:2901,Contig:51:102.167:1077,Contig:69:65.3792:1299,Contig:91:128.698:2505,Contig:93:51.2527:743,Contig:104:49.395:5p:1:19:201,Contig:104:49.395:5p:1:20:264,Contig:104:49.395:5p:1:25:103,Contig:104:49.395:5p:1:58:311,Contig:104:49.395:5p:1:74:257,Contig:104:49.395:5p:1:87:512,Contig:105:295.133:5p:1:9:949,Contig:115:32.5469:3p:1:17:119,Contig:126:104.244:5p:1:5:318,Contig:126:104.244:5p:1:12:536,Contig:86:57.7126:5p:1:2:484	4	-1.1951422788374764	5.0496415061564	0.9171775693966898	GP_unb_3	Contig:99:154.806:376	4	0.0	0.41011662141963157	0.7432209504389865	5	-3.175117824590105	16.973092671814925	0.11301366256884648	Contig:100:70.2117:12726,Contig:102:118.168:1755,Contig:108:93.9572:5119,Contig:112:88.291:880,Contig:117:192.357:924,Contig:122:125.069:2054,Contig:125:103.083:2656,Contig:127:49.2736:38684,Contig:131:147.134:1028,Contig:133:86.0339:1078,Contig:135:82.0005:3254,Contig:14:109.611:3016,Contig:18:144.773:3487,Contig:19:123.679:4092,Contig:30:67.9926:11722,Contig:31:57.0039:9687,Contig:3:178.691:1219,Contig:46:75.6624:1029,Contig:48:115.728:1555,Contig:6:52.5462:32885,Contig:72:100.81:8059,Contig:74:163.75:1059,Contig:76:96.265:631,Contig:78:96.0062:867,Contig:79:52.9641:46928,Contig:81:91:1533,Contig:83:163.77:3088,Contig:84:47.6813:99441,Contig:85:114.162:3032,Contig:87:123.393:1453,Contig:88:167.543:2070,Contig:8:139.037:1456,Contig:90:76.9578:1225,Contig:92:167.721:1074,Contig:98:37.177:106507,Contig:9:85.1583:1525,Contig:102:118.168:5p:1:11:487,Contig:102:118.168:5p:1:12:119,Contig:102:118.168:5p:1:15:487,Contig:102:118.168:5p:1:19:460,Contig:104:49.395:5p:1:26:173,Contig:104:49.395:5p:1:60:568,Contig:104:49.395:5p:1:69:896,Contig:104:49.395:5p:1:79:249,Contig:105:295.133:3p:1:6:365,Contig:108:93.9572:3p:1:5:417,Contig:108:93.9572:3p:1:7:789,Contig:108:93.9572:3p:1:11:268,Contig:108:93.9572:3p:1:12:789,Contig:108:93.9572:3p:1:13:417,Contig:108:93.9572:3p:1:15:789,Contig:108:93.9572:3p:1:16:789,Contig:116:52.9408:5p:1:4:341,Contig:116:52.9408:5p:1:5:119,Contig:116:52.9408:5p:1:6:780,Contig:116:52.9408:5p:1:7:150,Contig:116:52.9408:5p:1:11:338,Contig:116:52.9408:5p:1:13:119,Contig:116:52.9408:5p:1:15:105,Contig:117:192.357:3p:1:4:252,Contig:3:178.691:3p:1:3:173,Contig:63:59.1862:3p:1:5:264,Contig:63:59.1862:3p:1:8:623,Contig:75:132.869:5p:1:3:119,Contig:75:132.869:5p:1:4:206,Contig:83:163.77:3p:1:1:119,Contig:83:163.77:3p:1:2:119,Contig:83:163.77:3p:1:3:505,Contig:90:76.9578:3p:1:1:119	0	False	0
ecol-SAMN36984458	GP_1	Contig:105:295.133:822,Contig:110:49.5145:12501,Contig:111:66.2141:10724,Contig:119:49.4648:48004,Contig:126:104.244:3621,Contig:130:51.4068:161657,Contig:1:92.8013:4279,Contig:24:77.2636:4192,Contig:28:437.228:2107,Contig:37:621.049:768,Contig:40:62.4026:4035,Contig:45:209.741:2901,Contig:51:102.167:1077,Contig:69:65.3792:1299,Contig:91:128.698:2505,Contig:93:51.2527:743,Contig:104:49.395:5p:1:19:201,Contig:104:49.395:5p:1:20:264,Contig:104:49.395:5p:1:25:103,Contig:104:49.395:5p:1:58:311,Contig:104:49.395:5p:1:74:257,Contig:104:49.395:5p:1:87:512,Contig:105:295.133:5p:1:9:949,Contig:115:32.5469:3p:1:17:119,Contig:126:104.244:5p:1:5:318,Contig:126:104.244:5p:1:12:536,Contig:86:57.7126:5p:1:2:484	4	-1.1951422788374764	5.0496415061564	0.9171775693966898	GP_unb_4	Contig:104:49.395:5p:1:61:314	4	0.0	0.29084851733958494	2.031774243897739	5	-2.4664902362415195	15.436613589966957	0.11380220990079759	Contig:100:70.2117:12726,Contig:102:118.168:1755,Contig:104:49.395:89566,Contig:108:93.9572:5119,Contig:112:88.291:880,Contig:117:192.357:924,Contig:122:125.069:2054,Contig:125:103.083:2656,Contig:131:147.134:1028,Contig:133:86.0339:1078,Contig:14:109.611:3016,Contig:17:124.085:7263,Contig:18:144.773:3487,Contig:19:123.679:4092,Contig:31:57.0039:9687,Contig:3:178.691:1219,Contig:46:75.6624:1029,Contig:48:115.728:1555,Contig:72:100.81:8059,Contig:74:163.75:1059,Contig:78:96.0062:867,Contig:79:52.9641:46928,Contig:81:91:1533,Contig:84:47.6813:99441,Contig:87:123.393:1453,Contig:88:167.543:2070,Contig:8:139.037:1456,Contig:90:76.9578:1225,Contig:92:167.721:1074,Contig:9:85.1583:1525,Contig:102:118.168:5p:1:7:119,Contig:102:118.168:5p:1:11:487,Contig:102:118.168:5p:1:15:487,Contig:102:118.168:5p:1:19:460,Contig:104:49.395:5p:1:26:173,Contig:104:49.395:5p:1:60:568,Contig:104:49.395:5p:1:69:896,Contig:104:49.395:5p:1:79:249,Contig:104:49.395:5p:1:81:442,Contig:108:93.9572:3p:1:5:417,Contig:108:93.9572:3p:1:7:789,Contig:108:93.9572:3p:1:11:268,Contig:108:93.9572:3p:1:12:789,Contig:108:93.9572:3p:1:13:417,Contig:108:93.9572:3p:1:15:789,Contig:108:93.9572:3p:1:16:789,Contig:116:52.9408:5p:1:4:341,Contig:116:52.9408:5p:1:5:119,Contig:116:52.9408:5p:1:6:780,Contig:116:52.9408:5p:1:7:150,Contig:116:52.9408:5p:1:11:338,Contig:116:52.9408:5p:1:13:119,Contig:116:52.9408:5p:1:15:105,Contig:117:192.357:3p:1:4:252,Contig:3:178.691:3p:1:3:173,Contig:75:132.869:5p:1:3:119,Contig:75:132.869:5p:1:4:206,Contig:83:163.77:3p:1:1:119,Contig:83:163.77:3p:1:2:119,Contig:83:163.77:3p:1:3:505,Contig:90:76.9578:3p:1:1:119	0	False	0
ecol-SAMN36984458	GP_1	Contig:105:295.133:822,Contig:110:49.5145:12501,Contig:111:66.2141:10724,Contig:119:49.4648:48004,Contig:126:104.244:3621,Contig:130:51.4068:161657,Contig:1:92.8013:4279,Contig:24:77.2636:4192,Contig:28:437.228:2107,Contig:37:621.049:768,Contig:40:62.4026:4035,Contig:45:209.741:2901,Contig:51:102.167:1077,Contig:69:65.3792:1299,Contig:91:128.698:2505,Contig:93:51.2527:743,Contig:104:49.395:5p:1:19:201,Contig:104:49.395:5p:1:20:264,Contig:104:49.395:5p:1:25:103,Contig:104:49.395:5p:1:58:311,Contig:104:49.395:5p:1:74:257,Contig:104:49.395:5p:1:87:512,Contig:105:295.133:5p:1:9:949,Contig:115:32.5469:3p:1:17:119,Contig:126:104.244:5p:1:5:318,Contig:126:104.244:5p:1:12:536,Contig:86:57.7126:5p:1:2:484	4	-1.1951422788374764	5.0496415061564	0.9171775693966898	GP_unb_5	Contig:104:49.395:5p:1:62:405	5	0.0	0.2514984823989824	13.34502148047909	5	-1.228949864564644	5.3011399885553825	0.9171775693957898		0	False	0
ecol-SAMN36984458	GP_1	Contig:105:295.133:822,Contig:110:49.5145:12501,Contig:111:66.2141:10724,Contig:119:49.4648:48004,Contig:126:104.244:3621,Contig:130:51.4068:161657,Contig:1:92.8013:4279,Contig:24:77.2636:4192,Contig:28:437.228:2107,Contig:37:621.049:768,Contig:40:62.4026:4035,Contig:45:209.741:2901,Contig:51:102.167:1077,Contig:69:65.3792:1299,Contig:91:128.698:2505,Contig:93:51.2527:743,Contig:104:49.395:5p:1:19:201,Contig:104:49.395:5p:1:20:264,Contig:104:49.395:5p:1:25:103,Contig:104:49.395:5p:1:58:311,Contig:104:49.395:5p:1:74:257,Contig:104:49.395:5p:1:87:512,Contig:105:295.133:5p:1:9:949,Contig:115:32.5469:3p:1:17:119,Contig:126:104.244:5p:1:5:318,Contig:126:104.244:5p:1:12:536,Contig:86:57.7126:5p:1:2:484	4	-1.1951422788374764	5.0496415061564	0.9171775693966898	GP_unb_6	Contig:105:295.133:5p:1:5:682	5	0.0	0.4783319166180734	4.957421318188026	5	-2.5512221841790383	15.425987130890162	0.1130136625688465	Contig:100:70.2117:12726,Contig:102:118.168:1755,Contig:104:49.395:89566,Contig:108:93.9572:5119,Contig:112:88.291:880,Contig:117:192.357:924,Contig:122:125.069:2054,Contig:125:103.083:2656,Contig:131:147.134:1028,Contig:133:86.0339:1078,Contig:14:109.611:3016,Contig:17:124.085:7263,Contig:18:144.773:3487,Contig:19:123.679:4092,Contig:31:57.0039:9687,Contig:3:178.691:1219,Contig:46:75.6624:1029,Contig:48:115.728:1555,Contig:72:100.81:8059,Contig:74:163.75:1059,Contig:78:96.0062:867,Contig:79:52.9641:46928,Contig:81:91:1533,Contig:84:47.6813:99441,Contig:87:123.393:1453,Contig:88:167.543:2070,Contig:8:139.037:1456,Contig:90:76.9578:1225,Contig:92:167.721:1074,Contig:95:208.818:973,Contig:9:85.1583:1525,Contig:102:118.168:5p:1:7:119,Contig:102:118.168:5p:1:11:487,Contig:102:118.168:5p:1:15:487,Contig:102:118.168:5p:1:19:460,Contig:104:49.395:5p:1:26:173,Contig:104:49.395:5p:1:60:568,Contig:104:49.395:5p:1:69:896,Contig:104:49.395:5p:1:79:249,Contig:104:49.395:5p:1:81:442,Contig:105:295.133:5p:1:6:163,Contig:108:93.9572:3p:1:5:417,Contig:108:93.9572:3p:1:7:789,Contig:108:93.9572:3p:1:11:268,Contig:108:93.9572:3p:1:12:789,Contig:108:93.9572:3p:1:13:417,Contig:108:93.9572:3p:1:15:789,Contig:108:93.9572:3p:1:16:789,Contig:116:52.9408:5p:1:4:341,Contig:116:52.9408:5p:1:5:119,Contig:116:52.9408:5p:1:6:780,Contig:116:52.9408:5p:1:7:150,Contig:116:52.9408:5p:1:11:338,Contig:116:52.9408:5p:1:13:119,Contig:116:52.9408:5p:1:15:105,Contig:117:192.357:3p:1:4:252,Contig:3:178.691:3p:1:3:173,Contig:75:132.869:5p:1:3:119,Contig:75:132.869:5p:1:4:206,Contig:83:163.77:3p:1:1:119,Contig:83:163.77:3p:1:2:119,Contig:83:163.77:3p:1:3:505,Contig:90:76.9578:3p:1:1:119	0	False	0
ecol-SAMN36984458	GP_1	Contig:105:295.133:822,Contig:110:49.5145:12501,Contig:111:66.2141:10724,Contig:119:49.4648:48004,Contig:126:104.244:3621,Contig:130:51.4068:161657,Contig:1:92.8013:4279,Contig:24:77.2636:4192,Contig:28:437.228:2107,Contig:37:621.049:768,Contig:40:62.4026:4035,Contig:45:209.741:2901,Contig:51:102.167:1077,Contig:69:65.3792:1299,Contig:91:128.698:2505,Contig:93:51.2527:743,Contig:104:49.395:5p:1:19:201,Contig:104:49.395:5p:1:20:264,Contig:104:49.395:5p:1:25:103,Contig:104:49.395:5p:1:58:311,Contig:104:49.395:5p:1:74:257,Contig:104:49.395:5p:1:87:512,Contig:105:295.133:5p:1:9:949,Contig:115:32.5469:3p:1:17:119,Contig:126:104.244:5p:1:5:318,Contig:126:104.244:5p:1:12:536,Contig:86:57.7126:5p:1:2:484	4	-1.1951422788374764	5.0496415061564	0.9171775693966898	GP_unb_7	Contig:116:52.9408:5p:1:14:312	5	0.0	0.28020601656120236	2.216446227038547	5	-2.56148104332244	17.125343512421367	0.22150457289171754	Contig:100:70.2117:12726,Contig:102:118.168:1755,Contig:108:93.9572:5119,Contig:112:88.291:880,Contig:117:192.357:924,Contig:122:125.069:2054,Contig:125:103.083:2656,Contig:131:147.134:1028,Contig:133:86.0339:1078,Contig:14:109.611:3016,Contig:18:144.773:3487,Contig:19:123.679:4092,Contig:30:67.9926:11722,Contig:31:57.0039:9687,Contig:35:189.833:1476,Contig:46:75.6624:1029,Contig:48:115.728:1555,Contig:72:100.81:8059,Contig:74:163.75:1059,Contig:76:96.265:631,Contig:78:96.0062:867,Contig:79:52.9641:46928,Contig:80:52.3095:150052,Contig:81:91:1533,Contig:83:163.77:3088,Contig:84:47.6813:99441,Contig:87:123.393:1453,Contig:88:167.543:2070,Contig:8:139.037:1456,Contig:90:76.9578:1225,Contig:92:167.721:1074,Contig:9:85.1583:1525,Contig:102:118.168:5p:1:11:487,Contig:102:118.168:5p:1:12:119,Contig:102:118.168:5p:1:15:487,Contig:102:118.168:5p:1:19:460,Contig:104:49.395:5p:1:26:173,Contig:104:49.395:5p:1:60:568,Contig:104:49.395:5p:1:69:896,Contig:104:49.395:5p:1:79:249,Contig:104:49.395:5p:1:81:442,Contig:105:295.133:3p:1:6:365,Contig:108:93.9572:3p:1:5:417,Contig:108:93.9572:3p:1:7:789,Contig:108:93.9572:3p:1:11:268,Contig:108:93.9572:3p:1:12:789,Contig:108:93.9572:3p:1:13:417,Contig:108:93.9572:3p:1:15:789,Contig:108:93.9572:3p:1:16:789,Contig:116:52.9408:5p:1:4:341,Contig:116:52.9408:5p:1:5:119,Contig:116:52.9408:5p:1:6:780,Contig:116:52.9408:5p:1:7:150,Contig:116:52.9408:5p:1:11:338,Contig:116:52.9408:5p:1:13:119,Contig:116:52.9408:5p:1:15:105,Contig:117:192.357:3p:1:4:252,Contig:3:178.691:3p:1:3:173,Contig:75:132.869:5p:1:3:119,Contig:75:132.869:5p:1:4:206,Contig:83:163.77:3p:1:1:119,Contig:83:163.77:3p:1:2:119,Contig:83:163.77:3p:1:3:505,Contig:90:76.9578:3p:1:1:119	0	False	0
ecol-SAMN36984458	GP_1	Contig:105:295.133:822,Contig:110:49.5145:12501,Contig:111:66.2141:10724,Contig:119:49.4648:48004,Contig:126:104.244:3621,Contig:130:51.4068:161657,Contig:1:92.8013:4279,Contig:24:77.2636:4192,Contig:28:437.228:2107,Contig:37:621.049:768,Contig:40:62.4026:4035,Contig:45:209.741:2901,Contig:51:102.167:1077,Contig:69:65.3792:1299,Contig:91:128.698:2505,Contig:93:51.2527:743,Contig:104:49.395:5p:1:19:201,Contig:104:49.395:5p:1:20:264,Contig:104:49.395:5p:1:25:103,Contig:104:49.395:5p:1:58:311,Contig:104:49.395:5p:1:74:257,Contig:104:49.395:5p:1:87:512,Contig:105:295.133:5p:1:9:949,Contig:115:32.5469:3p:1:17:119,Contig:126:104.244:5p:1:5:318,Contig:126:104.244:5p:1:12:536,Contig:86:57.7126:5p:1:2:484	4	-1.1951422788374764	5.0496415061564	0.9171775693966898	GP_unb_8	Contig:126:104.244:5p:1:17:803	5	0.0	0.41977206949054036	4.14432388639984	5	-2.56148104332244	17.49677457211673	0.11301366256884648	Contig:100:70.2117:12726,Contig:102:118.168:1755,Contig:108:93.9572:5119,Contig:112:88.291:880,Contig:117:192.357:924,Contig:122:125.069:2054,Contig:125:103.083:2656,Contig:131:147.134:1028,Contig:133:86.0339:1078,Contig:14:109.611:3016,Contig:18:144.773:3487,Contig:19:123.679:4092,Contig:23:126.583:2486,Contig:30:67.9926:11722,Contig:31:57.0039:9687,Contig:35:189.833:1476,Contig:3:178.691:1219,Contig:46:75.6624:1029,Contig:48:115.728:1555,Contig:72:100.81:8059,Contig:74:163.75:1059,Contig:76:96.265:631,Contig:78:96.0062:867,Contig:79:52.9641:46928,Contig:80:52.3095:150052,Contig:81:91:1533,Contig:83:163.77:3088,Contig:84:47.6813:99441,Contig:87:123.393:1453,Contig:88:167.543:2070,Contig:8:139.037:1456,Contig:90:76.9578:1225,Contig:92:167.721:1074,Contig:9:85.1583:1525,Contig:102:118.168:5p:1:11:487,Contig:102:118.168:5p:1:12:119,Contig:102:118.168:5p:1:15:487,Contig:102:118.168:5p:1:19:460,Contig:104:49.395:5p:1:26:173,Contig:104:49.395:5p:1:60:568,Contig:104:49.395:5p:1:69:896,Contig:104:49.395:5p:1:79:249,Contig:104:49.395:5p:1:81:442,Contig:105:295.133:3p:1:6:365,Contig:108:93.9572:3p:1:5:417,Contig:108:93.9572:3p:1:7:789,Contig:108:93.9572:3p:1:11:268,Contig:108:93.9572:3p:1:12:789,Contig:108:93.9572:3p:1:13:417,Contig:108:93.9572:3p:1:15:789,Contig:108:93.9572:3p:1:16:789,Contig:116:52.9408:5p:1:4:341,Contig:116:52.9408:5p:1:5:119,Contig:116:52.9408:5p:1:6:780,Contig:116:52.9408:5p:1:7:150,Contig:116:52.9408:5p:1:11:338,Contig:116:52.9408:5p:1:13:119,Contig:116:52.9408:5p:1:15:105,Contig:117:192.357:3p:1:4:252,Contig:3:178.691:3p:1:3:173,Contig:75:132.869:5p:1:3:119,Contig:75:132.869:5p:1:4:206,Contig:83:163.77:3p:1:1:119,Contig:83:163.77:3p:1:2:119,Contig:83:163.77:3p:1:3:505,Contig:90:76.9578:3p:1:1:119	0	False	0
ecol-SAMN36984458	GP_1	Contig:105:295.133:822,Contig:110:49.5145:12501,Contig:111:66.2141:10724,Contig:119:49.4648:48004,Contig:126:104.244:3621,Contig:130:51.4068:161657,Contig:1:92.8013:4279,Contig:24:77.2636:4192,Contig:28:437.228:2107,Contig:37:621.049:768,Contig:40:62.4026:4035,Contig:45:209.741:2901,Contig:51:102.167:1077,Contig:69:65.3792:1299,Contig:91:128.698:2505,Contig:93:51.2527:743,Contig:104:49.395:5p:1:19:201,Contig:104:49.395:5p:1:20:264,Contig:104:49.395:5p:1:25:103,Contig:104:49.395:5p:1:58:311,Contig:104:49.395:5p:1:74:257,Contig:104:49.395:5p:1:87:512,Contig:105:295.133:5p:1:9:949,Contig:115:32.5469:3p:1:17:119,Contig:126:104.244:5p:1:5:318,Contig:126:104.244:5p:1:12:536,Contig:86:57.7126:5p:1:2:484	4	-1.1951422788374764	5.0496415061564	0.9171775693966898	GP_unb_9	Contig:27:270.615:3p:1:4:699	4	0.0	0.09182128860709671	4.217563138527008	5	-3.1513404719002103	14.901983625659218	0.11301366256884648	Contig:100:70.2117:12726,Contig:102:118.168:1755,Contig:108:93.9572:5119,Contig:112:88.291:880,Contig:113:44.6988:92038,Contig:117:192.357:924,Contig:122:125.069:2054,Contig:125:103.083:2656,Contig:128:57.2396:2943,Contig:131:147.134:1028,Contig:133:86.0339:1078,Contig:135:82.0005:3254,Contig:14:109.611:3016,Contig:18:144.773:3487,Contig:19:123.679:4092,Contig:22:267.298:2474,Contig:30:67.9926:11722,Contig:31:57.0039:9687,Contig:3:178.691:1219,Contig:46:75.6624:1029,Contig:48:115.728:1555,Contig:68:132.632:3333,Contig:72:100.81:8059,Contig:74:163.75:1059,Contig:76:96.265:631,Contig:78:96.0062:867,Contig:79:52.9641:46928,Contig:81:91:1533,Contig:83:163.77:3088,Contig:84:47.6813:99441,Contig:87:123.393:1453,Contig:88:167.543:2070,Contig:8:139.037:1456,Contig:90:76.9578:1225,Contig:92:167.721:1074,Contig:98:37.177:106507,Contig:9:85.1583:1525,Contig:102:118.168:5p:1:11:487,Contig:102:118.168:5p:1:12:119,Contig:102:118.168:5p:1:15:487,Contig:102:118.168:5p:1:19:460,Contig:104:49.395:5p:1:26:173,Contig:104:49.395:5p:1:60:568,Contig:104:49.395:5p:1:69:896,Contig:104:49.395:5p:1:79:249,Contig:104:49.395:5p:1:81:442,Contig:105:295.133:3p:1:6:365,Contig:108:93.9572:3p:1:5:417,Contig:108:93.9572:3p:1:7:789,Contig:108:93.9572:3p:1:11:268,Contig:108:93.9572:3p:1:12:789,Contig:108:93.9572:3p:1:13:417,Contig:108:93.9572:3p:1:15:789,Contig:108:93.9572:3p:1:16:789,Contig:113:44.6988:5p:1:4:134,Contig:116:52.9408:5p:1:4:341,Contig:116:52.9408:5p:1:5:119,Contig:116:52.9408:5p:1:6:780,Contig:116:52.9408:5p:1:7:150,Contig:116:52.9408:5p:1:11:338,Contig:116:52.9408:5p:1:13:119,Contig:116:52.9408:5p:1:15:105,Contig:117:192.357:3p:1:4:252,Contig:27:270.615:3p:1:8:293,Contig:3:178.691:3p:1:3:173,Contig:63:59.1862:3p:1:5:264,Contig:68:132.632:3p:1:4:204,Contig:75:132.869:5p:1:3:119,Contig:75:132.869:5p:1:4:206,Contig:83:163.77:3p:1:1:119,Contig:83:163.77:3p:1:2:119,Contig:83:163.77:3p:1:3:505,Contig:90:76.9578:3p:1:1:119	0	False	0
ecol-SAMN36984458	GP_1	Contig:105:295.133:822,Contig:110:49.5145:12501,Contig:111:66.2141:10724,Contig:119:49.4648:48004,Contig:126:104.244:3621,Contig:130:51.4068:161657,Contig:1:92.8013:4279,Contig:24:77.2636:4192,Contig:28:437.228:2107,Contig:37:621.049:768,Contig:40:62.4026:4035,Contig:45:209.741:2901,Contig:51:102.167:1077,Contig:69:65.3792:1299,Contig:91:128.698:2505,Contig:93:51.2527:743,Contig:104:49.395:5p:1:19:201,Contig:104:49.395:5p:1:20:264,Contig:104:49.395:5p:1:25:103,Contig:104:49.395:5p:1:58:311,Contig:104:49.395:5p:1:74:257,Contig:104:49.395:5p:1:87:512,Contig:105:295.133:5p:1:9:949,Contig:115:32.5469:3p:1:17:119,Contig:126:104.244:5p:1:5:318,Contig:126:104.244:5p:1:12:536,Contig:86:57.7126:5p:1:2:484	4	-1.1951422788374764	5.0496415061564	0.9171775693966898	GP_unb_10	Contig:75:132.869:3p:1:3:145	5	0.0	0.42503859778011344	1.4907299939065037	5	-2.370893234978397	17.404808176321804	0.1130136625690704	Contig:100:70.2117:12726,Contig:102:118.168:1755,Contig:108:93.9572:5119,Contig:112:88.291:880,Contig:122:125.069:2054,Contig:125:103.083:2656,Contig:131:147.134:1028,Contig:133:86.0339:1078,Contig:14:109.611:3016,Contig:18:144.773:3487,Contig:19:123.679:4092,Contig:31:57.0039:9687,Contig:3:178.691:1219,Contig:46:75.6624:1029,Contig:48:115.728:1555,Contig:72:100.81:8059,Contig:74:163.75:1059,Contig:78:96.0062:867,Contig:79:52.9641:46928,Contig:81:91:1533,Contig:84:47.6813:99441,Contig:87:123.393:1453,Contig:88:167.543:2070,Contig:8:139.037:1456,Contig:90:76.9578:1225,Contig:92:167.721:1074,Contig:9:85.1583:1525,Contig:102:118.168:5p:1:11:487,Contig:102:118.168:5p:1:12:119,Contig:102:118.168:5p:1:15:487,Contig:102:118.168:5p:1:19:460,Contig:104:49.395:5p:1:26:173,Contig:104:49.395:5p:1:60:568,Contig:104:49.395:5p:1:69:896,Contig:104:49.395:5p:1:79:249,Contig:104:49.395:5p:1:81:442,Contig:108:93.9572:3p:1:5:417,Contig:108:93.9572:3p:1:7:789,Contig:108:93.9572:3p:1:11:268,Contig:108:93.9572:3p:1:12:789,Contig:108:93.9572:3p:1:13:417,Contig:108:93.9572:3p:1:15:789,Contig:108:93.9572:3p:1:16:789,Contig:116:52.9408:5p:1:4:341,Contig:116:52.9408:5p:1:5:119,Contig:116:52.9408:5p:1:6:780,Contig:116:52.9408:5p:1:7:150,Contig:116:52.9408:5p:1:11:338,Contig:116:52.9408:5p:1:13:119,Contig:116:52.9408:5p:1:15:105,Contig:3:178.691:3p:1:3:173,Contig:75:132.869:5p:1:3:119,Contig:75:132.869:5p:1:4:206,Contig:90:76.9578:3p:1:1:119	0	False	0
ecol-SAMN36984458	GP_1	Contig:105:295.133:822,Contig:110:49.5145:12501,Contig:111:66.2141:10724,Contig:119:49.4648:48004,Contig:126:104.244:3621,Contig:130:51.4068:161657,Contig:1:92.8013:4279,Contig:24:77.2636:4192,Contig:28:437.228:2107,Contig:37:621.049:768,Contig:40:62.4026:4035,Contig:45:209.741:2901,Contig:51:102.167:1077,Contig:69:65.3792:1299,Contig:91:128.698:2505,Contig:93:51.2527:743,Contig:104:49.395:5p:1:19:201,Contig:104:49.395:5p:1:20:264,Contig:104:49.395:5p:1:25:103,Contig:104:49.395:5p:1:58:311,Contig:104:49.395:5p:1:74:257,Contig:104:49.395:5p:1:87:512,Contig:105:295.133:5p:1:9:949,Contig:115:32.5469:3p:1:17:119,Contig:126:104.244:5p:1:5:318,Contig:126:104.244:5p:1:12:536,Contig:86:57.7126:5p:1:2:484	4	-1.1951422788374764	5.0496415061564	0.9171775693966898	GP_unb_11	Contig:75:132.869:3p:1:4:145	5	0.0	0.3581528709029371	1.633297768609226	5	-2.370893234978397	17.33792244944463	0.11301366256884643	Contig:100:70.2117:12726,Contig:102:118.168:1755,Contig:108:93.9572:5119,Contig:112:88.291:880,Contig:122:125.069:2054,Contig:125:103.083:2656,Contig:131:147.134:1028,Contig:133:86.0339:1078,Contig:14:109.611:3016,Contig:18:144.773:3487,Contig:19:123.679:4092,Contig:31:57.0039:9687,Contig:3:178.691:1219,Contig:46:75.6624:1029,Contig:48:115.728:1555,Contig:72:100.81:8059,Contig:74:163.75:1059,Contig:78:96.0062:867,Contig:79:52.9641:46928,Contig:81:91:1533,Contig:84:47.6813:99441,Contig:87:123.393:1453,Contig:88:167.543:2070,Contig:8:139.037:1456,Contig:90:76.9578:1225,Contig:92:167.721:1074,Contig:9:85.1583:1525,Contig:102:118.168:5p:1:11:487,Contig:102:118.168:5p:1:12:119,Contig:102:118.168:5p:1:15:487,Contig:102:118.168:5p:1:19:460,Contig:104:49.395:5p:1:26:173,Contig:104:49.395:5p:1:60:568,Contig:104:49.395:5p:1:69:896,Contig:104:49.395:5p:1:79:249,Contig:104:49.395:5p:1:81:442,Contig:108:93.9572:3p:1:5:417,Contig:108:93.9572:3p:1:7:789,Contig:108:93.9572:3p:1:11:268,Contig:108:93.9572:3p:1:12:789,Contig:108:93.9572:3p:1:13:417,Contig:108:93.9572:3p:1:15:789,Contig:108:93.9572:3p:1:16:789,Contig:116:52.9408:5p:1:4:341,Contig:116:52.9408:5p:1:5:119,Contig:116:52.9408:5p:1:6:780,Contig:116:52.9408:5p:1:7:150,Contig:116:52.9408:5p:1:11:338,Contig:116:52.9408:5p:1:13:119,Contig:116:52.9408:5p:1:15:105,Contig:3:178.691:3p:1:3:173,Contig:75:132.869:5p:1:3:119,Contig:75:132.869:5p:1:4:206,Contig:90:76.9578:3p:1:1:119	0	False	0
ecol-SAMN36984458	GP_1	Contig:105:295.133:822,Contig:110:49.5145:12501,Contig:111:66.2141:10724,Contig:119:49.4648:48004,Contig:126:104.244:3621,Contig:130:51.4068:161657,Contig:1:92.8013:4279,Contig:24:77.2636:4192,Contig:28:437.228:2107,Contig:37:621.049:768,Contig:40:62.4026:4035,Contig:45:209.741:2901,Contig:51:102.167:1077,Contig:69:65.3792:1299,Contig:91:128.698:2505,Contig:93:51.2527:743,Contig:104:49.395:5p:1:19:201,Contig:104:49.395:5p:1:20:264,Contig:104:49.395:5p:1:25:103,Contig:104:49.395:5p:1:58:311,Contig:104:49.395:5p:1:74:257,Contig:104:49.395:5p:1:87:512,Contig:105:295.133:5p:1:9:949,Contig:115:32.5469:3p:1:17:119,Contig:126:104.244:5p:1:5:318,Contig:126:104.244:5p:1:12:536,Contig:86:57.7126:5p:1:2:484	4	-1.1951422788374764	5.0496415061564	0.9171775693966898	GP_unb_12	Contig:75:132.869:5p:1:1:269	4	0.0	0.21795771926231589	1.801768465227087	5	-2.5682419956651925	16.824930819666854	0.22150457289211878	Contig:100:70.2117:12726,Contig:102:118.168:1755,Contig:108:93.9572:5119,Contig:112:88.291:880,Contig:117:192.357:924,Contig:122:125.069:2054,Contig:125:103.083:2656,Contig:131:147.134:1028,Contig:133:86.0339:1078,Contig:18:144.773:3487,Contig:19:123.679:4092,Contig:30:67.9926:11722,Contig:31:57.0039:9687,Contig:35:189.833:1476,Contig:46:75.6624:1029,Contig:48:115.728:1555,Contig:72:100.81:8059,Contig:74:163.75:1059,Contig:76:96.265:631,Contig:78:96.0062:867,Contig:79:52.9641:46928,Contig:80:52.3095:150052,Contig:81:91:1533,Contig:83:163.77:3088,Contig:84:47.6813:99441,Contig:87:123.393:1453,Contig:88:167.543:2070,Contig:8:139.037:1456,Contig:90:76.9578:1225,Contig:92:167.721:1074,Contig:9:85.1583:1525,Contig:102:118.168:5p:1:11:487,Contig:102:118.168:5p:1:12:119,Contig:102:118.168:5p:1:15:487,Contig:102:118.168:5p:1:19:460,Contig:104:49.395:5p:1:26:173,Contig:104:49.395:5p:1:60:568,Contig:104:49.395:5p:1:69:896,Contig:104:49.395:5p:1:79:249,Contig:104:49.395:5p:1:81:442,Contig:105:295.133:3p:1:6:365,Contig:108:93.9572:3p:1:5:417,Contig:108:93.9572:3p:1:7:789,Contig:108:93.9572:3p:1:11:268,Contig:108:93.9572:3p:1:12:789,Contig:108:93.9572:3p:1:13:417,Contig:108:93.9572:3p:1:15:789,Contig:108:93.9572:3p:1:16:789,Contig:116:52.9408:5p:1:4:341,Contig:116:52.9408:5p:1:5:119,Contig:116:52.9408:5p:1:6:780,Contig:116:52.9408:5p:1:7:150,Contig:116:52.9408:5p:1:11:338,Contig:116:52.9408:5p:1:13:119,Contig:116:52.9408:5p:1:15:105,Contig:117:192.357:3p:1:4:252,Contig:3:178.691:3p:1:3:173,Contig:75:132.869:5p:1:3:119,Contig:75:132.869:5p:1:4:206,Contig:83:163.77:3p:1:1:119,Contig:83:163.77:3p:1:2:119,Contig:83:163.77:3p:1:3:505,Contig:90:76.9578:3p:1:1:119	0	False	0
ecol-SAMN36984458	GP_3	Contig:105:295.133:822,Contig:118:166.932:1057,Contig:131:147.134:1028,Contig:34:101.7:1730,Contig:37:621.049:768,Contig:43:113.075:3757,Contig:87:123.393:1453,Contig:88:167.543:2070,Contig:89:145.243:3815,Contig:104:49.395:5p:1:20:264,Contig:104:49.395:5p:1:69:896,Contig:105:295.133:3p:1:6:365,Contig:116:52.9408:5p:1:6:780,Contig:116:52.9408:5p:1:7:150,Contig:116:52.9408:5p:1:9:560,Contig:116:52.9408:5p:1:11:338,Contig:83:163.77:3p:1:1:119,Contig:83:163.77:3p:1:2:119,Contig:83:163.77:3p:1:3:505,Contig:83:163.77:3p:1:4:505	5	-0.11404703539069058	3.879455326478514	1.0058271548519984	GP_4	Contig:106:46.9086:1181,Contig:57:68.7752:875,Contig:62:92.4449:2080,Contig:106:46.9086:3p:1:3:1146	5	0.0	1.1345913223531743	0.8525125086707618	0	0	0	0		1	False	0
ecol-SAMN36984458	GP_3	Contig:105:295.133:822,Contig:118:166.932:1057,Contig:131:147.134:1028,Contig:34:101.7:1730,Contig:37:621.049:768,Contig:43:113.075:3757,Contig:87:123.393:1453,Contig:88:167.543:2070,Contig:89:145.243:3815,Contig:104:49.395:5p:1:20:264,Contig:104:49.395:5p:1:69:896,Contig:105:295.133:3p:1:6:365,Contig:116:52.9408:5p:1:6:780,Contig:116:52.9408:5p:1:7:150,Contig:116:52.9408:5p:1:9:560,Contig:116:52.9408:5p:1:11:338,Contig:83:163.77:3p:1:1:119,Contig:83:163.77:3p:1:2:119,Contig:83:163.77:3p:1:3:505,Contig:83:163.77:3p:1:4:505	5	-0.11404703539069058	3.879455326478514	1.0058271548519984	GP_2	Contig:135:82.0005:3254,Contig:16:106.465:711,Contig:26:64.5742:2058,Contig:30:67.9926:11722,Contig:63:59.1862:2974,Contig:76:96.265:631,Contig:78:96.0062:867,Contig:83:163.77:3088,Contig:85:114.162:3032,Contig:90:76.9578:1225,Contig:9:85.1583:1525,Contig:104:49.395:5p:1:79:249,Contig:104:49.395:5p:1:82:575,Contig:105:295.133:3p:1:4:111,Contig:105:295.133:3p:1:6:365,Contig:105:295.133:5p:1:9:949,Contig:3:178.691:3p:1:3:173,Contig:90:76.9578:3p:1:1:119	5	-0.7593541968206146	3.853462728041351	0.8686401066492534	5	-2.1319227523706403	13.968276871883793	0.056671338632319004	Contig:100:70.2117:12726,Contig:108:93.9572:5119,Contig:119:49.4648:48004,Contig:12:45.8538:43152,Contig:132:58.0439:52243,Contig:134:88.3366:8241,Contig:1:92.8013:4279,Contig:28:437.228:2107,Contig:31:57.0039:9687,Contig:35:189.833:1476,Contig:36:193.023:1258,Contig:42:99.9478:670,Contig:51:102.167:1077,Contig:55:41.8468:246157,Contig:71:55.1393:7129,Contig:79:52.9641:46928,Contig:81:91:1533,Contig:8:139.037:1456,Contig:92:167.721:1074,Contig:104:49.395:5p:1:25:103,Contig:104:49.395:5p:1:26:173,Contig:104:49.395:5p:1:58:311,Contig:104:49.395:5p:1:74:257,Contig:104:49.395:5p:1:87:512,Contig:108:93.9572:3p:1:11:268,Contig:108:93.9572:3p:1:12:789,Contig:108:93.9572:3p:1:13:417,Contig:108:93.9572:3p:1:15:789,Contig:108:93.9572:3p:1:16:789,Contig:126:104.244:5p:1:5:318,Contig:126:104.244:5p:1:12:536,Contig:36:193.023:5p:1:3:130,Contig:36:193.023:5p:1:4:141,Contig:55:41.8468:5p:1:2:139	0	True	0
ecol-SAMN36984458	GP_3	Contig:105:295.133:822,Contig:118:166.932:1057,Contig:131:147.134:1028,Contig:34:101.7:1730,Contig:37:621.049:768,Contig:43:113.075:3757,Contig:87:123.393:1453,Contig:88:167.543:2070,Contig:89:145.243:3815,Contig:104:49.395:5p:1:20:264,Contig:104:49.395:5p:1:69:896,Contig:105:295.133:3p:1:6:365,Contig:116:52.9408:5p:1:6:780,Contig:116:52.9408:5p:1:7:150,Contig:116:52.9408:5p:1:9:560,Contig:116:52.9408:5p:1:11:338,Contig:83:163.77:3p:1:1:119,Contig:83:163.77:3p:1:2:119,Contig:83:163.77:3p:1:3:505,Contig:83:163.77:3p:1:4:505	5	-0.11404703539069058	3.879455326478514	1.0058271548519984	GP_unb_1	Contig:32:80.9818:9984	4	0.0	0.2843311345264754	1.192921231758435	5	-1.7190770131806103	15.726218492083552	0.056671338631211036	Contig:108:93.9572:5119,Contig:112:88.291:880,Contig:125:103.083:2656,Contig:12:45.8538:43152,Contig:132:58.0439:52243,Contig:134:88.3366:8241,Contig:14:109.611:3016,Contig:15:61.0292:16112,Contig:18:144.773:3487,Contig:19:123.679:4092,Contig:28:437.228:2107,Contig:31:57.0039:9687,Contig:35:189.833:1476,Contig:36:193.023:1258,Contig:42:99.9478:670,Contig:45:209.741:2901,Contig:48:115.728:1555,Contig:71:55.1393:7129,Contig:72:100.81:8059,Contig:78:96.0062:867,Contig:79:52.9641:46928,Contig:84:47.6813:99441,Contig:8:139.037:1456,Contig:90:76.9578:1225,Contig:91:128.698:2505,Contig:92:167.721:1074,Contig:9:85.1583:1525,Contig:104:49.395:5p:1:25:103,Contig:104:49.395:5p:1:26:173,Contig:104:49.395:5p:1:58:311,Contig:104:49.395:5p:1:74:257,Contig:104:49.395:5p:1:79:249,Contig:104:49.395:5p:1:81:442,Contig:104:49.395:5p:1:82:575,Contig:104:49.395:5p:1:87:512,Contig:108:93.9572:3p:1:5:417,Contig:108:93.9572:3p:1:7:789,Contig:108:93.9572:3p:1:13:417,Contig:108:93.9572:3p:1:15:789,Contig:108:93.9572:3p:1:16:789,Contig:116:52.9408:5p:1:5:119,Contig:116:52.9408:5p:1:13:119,Contig:126:104.244:5p:1:5:318,Contig:126:104.244:5p:1:12:536,Contig:36:193.023:5p:1:3:130,Contig:36:193.023:5p:1:4:141,Contig:3:178.691:3p:1:3:173,Contig:75:132.869:5p:1:3:119,Contig:75:132.869:5p:1:4:206,Contig:75:132.869:5p:1:5:475,Contig:75:132.869:5p:1:7:249,Contig:90:76.9578:3p:1:1:119	0	False	0
ecol-SAMN36984458	GP_3	Contig:105:295.133:822,Contig:118:166.932:1057,Contig:131:147.134:1028,Contig:34:101.7:1730,Contig:37:621.049:768,Contig:43:113.075:3757,Contig:87:123.393:1453,Contig:88:167.543:2070,Contig:89:145.243:3815,Contig:104:49.395:5p:1:20:264,Contig:104:49.395:5p:1:69:896,Contig:105:295.133:3p:1:6:365,Contig:116:52.9408:5p:1:6:780,Contig:116:52.9408:5p:1:7:150,Contig:116:52.9408:5p:1:9:560,Contig:116:52.9408:5p:1:11:338,Contig:83:163.77:3p:1:1:119,Contig:83:163.77:3p:1:2:119,Contig:83:163.77:3p:1:3:505,Contig:83:163.77:3p:1:4:505	5	-0.11404703539069058	3.879455326478514	1.0058271548519984	GP_unb_2	Contig:49:59.4901:6992	4	0.0	0.4444352540488372	0.9358642671684987	5	-1.6333784208102062	15.550159855431628	0.056671338630621904	Contig:108:93.9572:5119,Contig:112:88.291:880,Contig:125:103.083:2656,Contig:12:45.8538:43152,Contig:132:58.0439:52243,Contig:134:88.3366:8241,Contig:14:109.611:3016,Contig:15:61.0292:16112,Contig:18:144.773:3487,Contig:19:123.679:4092,Contig:28:437.228:2107,Contig:31:57.0039:9687,Contig:35:189.833:1476,Contig:36:193.023:1258,Contig:45:209.741:2901,Contig:48:115.728:1555,Contig:71:55.1393:7129,Contig:72:100.81:8059,Contig:78:96.0062:867,Contig:79:52.9641:46928,Contig:84:47.6813:99441,Contig:8:139.037:1456,Contig:90:76.9578:1225,Contig:91:128.698:2505,Contig:92:167.721:1074,Contig:9:85.1583:1525,Contig:104:49.395:5p:1:25:103,Contig:104:49.395:5p:1:26:173,Contig:104:49.395:5p:1:58:311,Contig:104:49.395:5p:1:74:257,Contig:104:49.395:5p:1:79:249,Contig:104:49.395:5p:1:81:442,Contig:104:49.395:5p:1:82:575,Contig:104:49.395:5p:1:87:512,Contig:108:93.9572:3p:1:5:417,Contig:108:93.9572:3p:1:7:789,Contig:108:93.9572:3p:1:12:789,Contig:108:93.9572:3p:1:13:417,Contig:108:93.9572:3p:1:16:789,Contig:116:52.9408:5p:1:5:119,Contig:116:52.9408:5p:1:13:119,Contig:126:104.244:5p:1:5:318,Contig:126:104.244:5p:1:12:536,Contig:36:193.023:5p:1:3:130,Contig:36:193.023:5p:1:4:141,Contig:3:178.691:3p:1:3:173,Contig:75:132.869:5p:1:3:119,Contig:75:132.869:5p:1:4:206,Contig:75:132.869:5p:1:5:475,Contig:75:132.869:5p:1:7:249,Contig:90:76.9578:3p:1:1:119	0	False	0
ecol-SAMN36984458	GP_3	Contig:105:295.133:822,Contig:118:166.932:1057,Contig:131:147.134:1028,Contig:34:101.7:1730,Contig:37:621.049:768,Contig:43:113.075:3757,Contig:87:123.393:1453,Contig:88:167.543:2070,Contig:89:145.243:3815,Contig:104:49.395:5p:1:20:264,Contig:104:49.395:5p:1:69:896,Contig:105:295.133:3p:1:6:365,Contig:116:52.9408:5p:1:6:780,Contig:116:52.9408:5p:1:7:150,Contig:116:52.9408:5p:1:9:560,Contig:116:52.9408:5p:1:11:338,Contig:83:163.77:3p:1:1:119,Contig:83:163.77:3p:1:2:119,Contig:83:163.77:3p:1:3:505,Contig:83:163.77:3p:1:4:505	5	-0.11404703539069058	3.879455326478514	1.0058271548519984	GP_unb_3	Contig:99:154.806:376	4	0.0	0.41011662141963157	0.7432209504389865	5	-1.8936825930519143	15.38342263620093	0.0566713386306219	Contig:100:70.2117:12726,Contig:108:93.9572:5119,Contig:112:88.291:880,Contig:125:103.083:2656,Contig:126:104.244:3621,Contig:12:45.8538:43152,Contig:132:58.0439:52243,Contig:134:88.3366:8241,Contig:14:109.611:3016,Contig:15:61.0292:16112,Contig:19:123.679:4092,Contig:28:437.228:2107,Contig:31:57.0039:9687,Contig:35:189.833:1476,Contig:36:193.023:1258,Contig:3:178.691:1219,Contig:48:115.728:1555,Contig:71:55.1393:7129,Contig:78:96.0062:867,Contig:79:52.9641:46928,Contig:81:91:1533,Contig:84:47.6813:99441,Contig:85:114.162:3032,Contig:8:139.037:1456,Contig:90:76.9578:1225,Contig:92:167.721:1074,Contig:104:49.395:5p:1:26:173,Contig:104:49.395:5p:1:58:311,Contig:104:49.395:5p:1:74:257,Contig:104:49.395:5p:1:79:249,Contig:104:49.395:5p:1:81:442,Contig:104:49.395:5p:1:82:575,Contig:104:49.395:5p:1:87:512,Contig:108:93.9572:3p:1:5:417,Contig:108:93.9572:3p:1:7:789,Contig:108:93.9572:3p:1:11:268,Contig:108:93.9572:3p:1:12:789,Contig:108:93.9572:3p:1:13:417,Contig:108:93.9572:3p:1:15:789,Contig:108:93.9572:3p:1:16:789,Contig:116:52.9408:5p:1:5:119,Contig:116:52.9408:5p:1:13:119,Contig:126:104.244:5p:1:12:536,Contig:36:193.023:5p:1:3:130,Contig:36:193.023:5p:1:4:141,Contig:3:178.691:3p:1:3:173,Contig:75:132.869:5p:1:3:119,Contig:75:132.869:5p:1:4:206,Contig:75:132.869:5p:1:5:475,Contig:75:132.869:5p:1:7:249,Contig:90:76.9578:3p:1:1:119	0	False	0
ecol-SAMN36984458	GP_3	Contig:105:295.133:822,Contig:118:166.932:1057,Contig:131:147.134:1028,Contig:34:101.7:1730,Contig:37:621.049:768,Contig:43:113.075:3757,Contig:87:123.393:1453,Contig:88:167.543:2070,Contig:89:145.243:3815,Contig:104:49.395:5p:1:20:264,Contig:104:49.395:5p:1:69:896,Contig:105:295.133:3p:1:6:365,Contig:116:52.9408:5p:1:6:780,Contig:116:52.9408:5p:1:7:150,Contig:116:52.9408:5p:1:9:560,Contig:116:52.9408:5p:1:11:338,Contig:83:163.77:3p:1:1:119,Contig:83:163.77:3p:1:2:119,Contig:83:163.77:3p:1:3:505,Contig:83:163.77:3p:1:4:505	5	-0.11404703539069058	3.879455326478514	1.0058271548519984	GP_unb_4	Contig:104:49.395:5p:1:61:314	4	0.0	0.29084851733958494	2.031774243897739	5	-1.3172091522782186	15.40706330717589	0.056671338630621904	Contig:100:70.2117:12726,Contig:101:150.391:3546,Contig:108:93.9572:5119,Contig:112:88.291:880,Contig:125:103.083:2656,Contig:12:45.8538:43152,Contig:14:109.611:3016,Contig:15:61.0292:16112,Contig:19:123.679:4092,Contig:28:437.228:2107,Contig:2:186.773:584,Contig:31:57.0039:9687,Contig:35:189.833:1476,Contig:45:209.741:2901,Contig:48:115.728:1555,Contig:71:55.1393:7129,Contig:78:96.0062:867,Contig:79:52.9641:46928,Contig:81:91:1533,Contig:84:47.6813:99441,Contig:8:139.037:1456,Contig:90:76.9578:1225,Contig:91:128.698:2505,Contig:92:167.721:1074,Contig:104:49.395:5p:1:25:103,Contig:104:49.395:5p:1:26:173,Contig:104:49.395:5p:1:58:311,Contig:104:49.395:5p:1:74:257,Contig:104:49.395:5p:1:82:575,Contig:104:49.395:5p:1:87:512,Contig:108:93.9572:3p:1:5:417,Contig:108:93.9572:3p:1:7:789,Contig:108:93.9572:3p:1:11:268,Contig:108:93.9572:3p:1:12:789,Contig:108:93.9572:3p:1:13:417,Contig:108:93.9572:3p:1:15:789,Contig:108:93.9572:3p:1:16:789,Contig:116:52.9408:5p:1:5:119,Contig:116:52.9408:5p:1:13:119,Contig:126:104.244:5p:1:5:318,Contig:126:104.244:5p:1:12:536,Contig:3:178.691:3p:1:3:173,Contig:75:132.869:5p:1:3:119,Contig:75:132.869:5p:1:4:206,Contig:75:132.869:5p:1:5:475,Contig:75:132.869:5p:1:7:249,Contig:90:76.9578:3p:1:1:119	0	False	0
ecol-SAMN36984458	GP_3	Contig:105:295.133:822,Contig:118:166.932:1057,Contig:131:147.134:1028,Contig:34:101.7:1730,Contig:37:621.049:768,Contig:43:113.075:3757,Contig:87:123.393:1453,Contig:88:167.543:2070,Contig:89:145.243:3815,Contig:104:49.395:5p:1:20:264,Contig:104:49.395:5p:1:69:896,Contig:105:295.133:3p:1:6:365,Contig:116:52.9408:5p:1:6:780,Contig:116:52.9408:5p:1:7:150,Contig:116:52.9408:5p:1:9:560,Contig:116:52.9408:5p:1:11:338,Contig:83:163.77:3p:1:1:119,Contig:83:163.77:3p:1:2:119,Contig:83:163.77:3p:1:3:505,Contig:83:163.77:3p:1:4:505	5	-0.11404703539069058	3.879455326478514	1.0058271548519984	GP_unb_5	Contig:104:49.395:5p:1:62:405	5	0.0	0.2514984823989824	13.34502148047909	5	-1.2884527695634325	15.528129634334233	0.056671338630621904	Contig:100:70.2117:12726,Contig:101:150.391:3546,Contig:108:93.9572:5119,Contig:112:88.291:880,Contig:125:103.083:2656,Contig:12:45.8538:43152,Contig:14:109.611:3016,Contig:15:61.0292:16112,Contig:19:123.679:4092,Contig:28:437.228:2107,Contig:2:186.773:584,Contig:31:57.0039:9687,Contig:35:189.833:1476,Contig:45:209.741:2901,Contig:48:115.728:1555,Contig:71:55.1393:7129,Contig:78:96.0062:867,Contig:79:52.9641:46928,Contig:81:91:1533,Contig:84:47.6813:99441,Contig:8:139.037:1456,Contig:90:76.9578:1225,Contig:91:128.698:2505,Contig:92:167.721:1074,Contig:104:49.395:5p:1:19:201,Contig:104:49.395:5p:1:25:103,Contig:104:49.395:5p:1:26:173,Contig:104:49.395:5p:1:58:311,Contig:104:49.395:5p:1:74:257,Contig:104:49.395:5p:1:82:575,Contig:104:49.395:5p:1:87:512,Contig:108:93.9572:3p:1:5:417,Contig:108:93.9572:3p:1:7:789,Contig:108:93.9572:3p:1:11:268,Contig:108:93.9572:3p:1:12:789,Contig:108:93.9572:3p:1:13:417,Contig:108:93.9572:3p:1:15:789,Contig:108:93.9572:3p:1:16:789,Contig:116:52.9408:5p:1:5:119,Contig:116:52.9408:5p:1:13:119,Contig:126:104.244:5p:1:5:318,Contig:126:104.244:5p:1:12:536,Contig:3:178.691:3p:1:3:173,Contig:75:132.869:5p:1:3:119,Contig:75:132.869:5p:1:4:206,Contig:75:132.869:5p:1:5:475,Contig:75:132.869:5p:1:7:249,Contig:90:76.9578:3p:1:1:119	0	False	0
ecol-SAMN36984458	GP_3	Contig:105:295.133:822,Contig:118:166.932:1057,Contig:131:147.134:1028,Contig:34:101.7:1730,Contig:37:621.049:768,Contig:43:113.075:3757,Contig:87:123.393:1453,Contig:88:167.543:2070,Contig:89:145.243:3815,Contig:104:49.395:5p:1:20:264,Contig:104:49.395:5p:1:69:896,Contig:105:295.133:3p:1:6:365,Contig:116:52.9408:5p:1:6:780,Contig:116:52.9408:5p:1:7:150,Contig:116:52.9408:5p:1:9:560,Contig:116:52.9408:5p:1:11:338,Contig:83:163.77:3p:1:1:119,Contig:83:163.77:3p:1:2:119,Contig:83:163.77:3p:1:3:505,Contig:83:163.77:3p:1:4:505	5	-0.11404703539069058	3.879455326478514	1.0058271548519984	GP_unb_6	Contig:105:295.133:5p:1:5:682	5	0.0	0.4783319166180734	4.957421318188026	5	-1.7503661988740866	15.55315395136695	0.056671338630621904	Contig:108:93.9572:5119,Contig:112:88.291:880,Contig:125:103.083:2656,Contig:12:45.8538:43152,Contig:132:58.0439:52243,Contig:134:88.3366:8241,Contig:14:109.611:3016,Contig:15:61.0292:16112,Contig:18:144.773:3487,Contig:19:123.679:4092,Contig:28:437.228:2107,Contig:31:57.0039:9687,Contig:35:189.833:1476,Contig:36:193.023:1258,Contig:45:209.741:2901,Contig:48:115.728:1555,Contig:4:98.015:5971,Contig:71:55.1393:7129,Contig:72:100.81:8059,Contig:78:96.0062:867,Contig:79:52.9641:46928,Contig:84:47.6813:99441,Contig:8:139.037:1456,Contig:90:76.9578:1225,Contig:91:128.698:2505,Contig:92:167.721:1074,Contig:95:208.818:973,Contig:9:85.1583:1525,Contig:104:49.395:5p:1:25:103,Contig:104:49.395:5p:1:26:173,Contig:104:49.395:5p:1:58:311,Contig:104:49.395:5p:1:74:257,Contig:104:49.395:5p:1:79:249,Contig:104:49.395:5p:1:81:442,Contig:104:49.395:5p:1:82:575,Contig:104:49.395:5p:1:87:512,Contig:105:295.133:5p:1:6:163,Contig:105:295.133:5p:1:9:949,Contig:108:93.9572:3p:1:5:417,Contig:108:93.9572:3p:1:7:789,Contig:108:93.9572:3p:1:12:789,Contig:108:93.9572:3p:1:13:417,Contig:108:93.9572:3p:1:15:789,Contig:108:93.9572:3p:1:16:789,Contig:116:52.9408:5p:1:5:119,Contig:116:52.9408:5p:1:13:119,Contig:126:104.244:5p:1:5:318,Contig:126:104.244:5p:1:12:536,Contig:36:193.023:5p:1:3:130,Contig:36:193.023:5p:1:4:141,Contig:3:178.691:3p:1:3:173,Contig:75:132.869:5p:1:3:119,Contig:75:132.869:5p:1:4:206,Contig:75:132.869:5p:1:5:475,Contig:75:132.869:5p:1:7:249,Contig:90:76.9578:3p:1:1:119	0	False	0
ecol-SAMN36984458	GP_3	Contig:105:295.133:822,Contig:118:166.932:1057,Contig:131:147.134:1028,Contig:34:101.7:1730,Contig:37:621.049:768,Contig:43:113.075:3757,Contig:87:123.393:1453,Contig:88:167.543:2070,Contig:89:145.243:3815,Contig:104:49.395:5p:1:20:264,Contig:104:49.395:5p:1:69:896,Contig:105:295.133:3p:1:6:365,Contig:116:52.9408:5p:1:6:780,Contig:116:52.9408:5p:1:7:150,Contig:116:52.9408:5p:1:9:560,Contig:116:52.9408:5p:1:11:338,Contig:83:163.77:3p:1:1:119,Contig:83:163.77:3p:1:2:119,Contig:83:163.77:3p:1:3:505,Contig:83:163.77:3p:1:4:505	5	-0.11404703539069058	3.879455326478514	1.0058271548519984	GP_unb_7	Contig:116:52.9408:5p:1:14:312	5	0.0	0.28020601656120236	2.216446227038547	5	-1.2347211298276204	14.884467974688835	0.056671338630621904	Contig:100:70.2117:12726,Contig:101:150.391:3546,Contig:108:93.9572:5119,Contig:112:88.291:880,Contig:125:103.083:2656,Contig:12:45.8538:43152,Contig:14:109.611:3016,Contig:15:61.0292:16112,Contig:19:123.679:4092,Contig:28:437.228:2107,Contig:2:186.773:584,Contig:31:57.0039:9687,Contig:35:189.833:1476,Contig:45:209.741:2901,Contig:71:55.1393:7129,Contig:78:96.0062:867,Contig:79:52.9641:46928,Contig:81:91:1533,Contig:84:47.6813:99441,Contig:8:139.037:1456,Contig:90:76.9578:1225,Contig:91:128.698:2505,Contig:92:167.721:1074,Contig:104:49.395:5p:1:25:103,Contig:104:49.395:5p:1:26:173,Contig:104:49.395:5p:1:60:568,Contig:104:49.395:5p:1:74:257,Contig:104:49.395:5p:1:82:575,Contig:104:49.395:5p:1:87:512,Contig:108:93.9572:3p:1:5:417,Contig:108:93.9572:3p:1:7:789,Contig:108:93.9572:3p:1:11:268,Contig:108:93.9572:3p:1:12:789,Contig:108:93.9572:3p:1:13:417,Contig:108:93.9572:3p:1:15:789,Contig:108:93.9572:3p:1:16:789,Contig:116:52.9408:5p:1:13:119,Contig:126:104.244:5p:1:5:318,Contig:126:104.244:5p:1:12:536,Contig:3:178.691:3p:1:3:173,Contig:75:132.869:5p:1:3:119,Contig:75:132.869:5p:1:4:206,Contig:75:132.869:5p:1:5:475,Contig:75:132.869:5p:1:7:249,Contig:90:76.9578:3p:1:1:119	0	False	0
ecol-SAMN36984458	GP_3	Contig:105:295.133:822,Contig:118:166.932:1057,Contig:131:147.134:1028,Contig:34:101.7:1730,Contig:37:621.049:768,Contig:43:113.075:3757,Contig:87:123.393:1453,Contig:88:167.543:2070,Contig:89:145.243:3815,Contig:104:49.395:5p:1:20:264,Contig:104:49.395:5p:1:69:896,Contig:105:295.133:3p:1:6:365,Contig:116:52.9408:5p:1:6:780,Contig:116:52.9408:5p:1:7:150,Contig:116:52.9408:5p:1:9:560,Contig:116:52.9408:5p:1:11:338,Contig:83:163.77:3p:1:1:119,Contig:83:163.77:3p:1:2:119,Contig:83:163.77:3p:1:3:505,Contig:83:163.77:3p:1:4:505	5	-0.11404703539069058	3.879455326478514	1.0058271548519984	GP_unb_8	Contig:126:104.244:5p:1:17:803	5	0.0	0.41977206949054036	4.14432388639984	5	-1.3957647056860836	15.767861951025925	0.056671338630621904	Contig:100:70.2117:12726,Contig:101:150.391:3546,Contig:108:93.9572:5119,Contig:112:88.291:880,Contig:125:103.083:2656,Contig:12:45.8538:43152,Contig:132:58.0439:52243,Contig:134:88.3366:8241,Contig:14:109.611:3016,Contig:15:61.0292:16112,Contig:19:123.679:4092,Contig:28:437.228:2107,Contig:2:186.773:584,Contig:31:57.0039:9687,Contig:35:189.833:1476,Contig:36:193.023:1258,Contig:45:209.741:2901,Contig:48:115.728:1555,Contig:71:55.1393:7129,Contig:78:96.0062:867,Contig:79:52.9641:46928,Contig:81:91:1533,Contig:84:47.6813:99441,Contig:8:139.037:1456,Contig:90:76.9578:1225,Contig:91:128.698:2505,Contig:92:167.721:1074,Contig:104:49.395:5p:1:25:103,Contig:104:49.395:5p:1:26:173,Contig:104:49.395:5p:1:58:311,Contig:104:49.395:5p:1:74:257,Contig:104:49.395:5p:1:82:575,Contig:104:49.395:5p:1:87:512,Contig:108:93.9572:3p:1:5:417,Contig:108:93.9572:3p:1:7:789,Contig:108:93.9572:3p:1:11:268,Contig:108:93.9572:3p:1:12:789,Contig:108:93.9572:3p:1:13:417,Contig:108:93.9572:3p:1:15:789,Contig:108:93.9572:3p:1:16:789,Contig:116:52.9408:5p:1:5:119,Contig:116:52.9408:5p:1:13:119,Contig:126:104.244:5p:1:5:318,Contig:126:104.244:5p:1:12:536,Contig:36:193.023:5p:1:3:130,Contig:36:193.023:5p:1:4:141,Contig:3:178.691:3p:1:3:173,Contig:75:132.869:5p:1:3:119,Contig:75:132.869:5p:1:4:206,Contig:75:132.869:5p:1:5:475,Contig:75:132.869:5p:1:7:249,Contig:90:76.9578:3p:1:1:119	0	False	0
ecol-SAMN36984458	GP_3	Contig:105:295.133:822,Contig:118:166.932:1057,Contig:131:147.134:1028,Contig:34:101.7:1730,Contig:37:621.049:768,Contig:43:113.075:3757,Contig:87:123.393:1453,Contig:88:167.543:2070,Contig:89:145.243:3815,Contig:104:49.395:5p:1:20:264,Contig:104:49.395:5p:1:69:896,Contig:105:295.133:3p:1:6:365,Contig:116:52.9408:5p:1:6:780,Contig:116:52.9408:5p:1:7:150,Contig:116:52.9408:5p:1:9:560,Contig:116:52.9408:5p:1:11:338,Contig:83:163.77:3p:1:1:119,Contig:83:163.77:3p:1:2:119,Contig:83:163.77:3p:1:3:505,Contig:83:163.77:3p:1:4:505	5	-0.11404703539069058	3.879455326478514	1.0058271548519984	GP_unb_9	Contig:27:270.615:3p:1:4:699	4	0.0	0.09182128860709671	4.217563138527008	5	-1.2638760164287137	13.783679083397496	0.056671338630621904	Contig:100:70.2117:12726,Contig:101:150.391:3546,Contig:108:93.9572:5119,Contig:112:88.291:880,Contig:125:103.083:2656,Contig:12:45.8538:43152,Contig:14:109.611:3016,Contig:15:61.0292:16112,Contig:19:123.679:4092,Contig:22:267.298:2474,Contig:28:437.228:2107,Contig:2:186.773:584,Contig:31:57.0039:9687,Contig:35:189.833:1476,Contig:38:40.1569:356106,Contig:45:209.741:2901,Contig:48:115.728:1555,Contig:71:55.1393:7129,Contig:78:96.0062:867,Contig:81:91:1533,Contig:84:47.6813:99441,Contig:8:139.037:1456,Contig:90:76.9578:1225,Contig:91:128.698:2505,Contig:92:167.721:1074,Contig:104:49.395:5p:1:25:103,Contig:104:49.395:5p:1:26:173,Contig:104:49.395:5p:1:74:257,Contig:104:49.395:5p:1:82:575,Contig:104:49.395:5p:1:87:512,Contig:108:93.9572:3p:1:5:417,Contig:108:93.9572:3p:1:7:789,Contig:108:93.9572:3p:1:11:268,Contig:108:93.9572:3p:1:12:789,Contig:108:93.9572:3p:1:13:417,Contig:108:93.9572:3p:1:15:789,Contig:108:93.9572:3p:1:16:789,Contig:116:52.9408:5p:1:5:119,Contig:116:52.9408:5p:1:13:119,Contig:126:104.244:5p:1:5:318,Contig:126:104.244:5p:1:12:536,Contig:27:270.615:3p:1:8:293,Contig:3:178.691:3p:1:3:173,Contig:75:132.869:5p:1:3:119,Contig:75:132.869:5p:1:4:206,Contig:75:132.869:5p:1:5:475,Contig:75:132.869:5p:1:7:249,Contig:90:76.9578:3p:1:1:119	0	False	0
ecol-SAMN36984458	GP_3	Contig:105:295.133:822,Contig:118:166.932:1057,Contig:131:147.134:1028,Contig:34:101.7:1730,Contig:37:621.049:768,Contig:43:113.075:3757,Contig:87:123.393:1453,Contig:88:167.543:2070,Contig:89:145.243:3815,Contig:104:49.395:5p:1:20:264,Contig:104:49.395:5p:1:69:896,Contig:105:295.133:3p:1:6:365,Contig:116:52.9408:5p:1:6:780,Contig:116:52.9408:5p:1:7:150,Contig:116:52.9408:5p:1:9:560,Contig:116:52.9408:5p:1:11:338,Contig:83:163.77:3p:1:1:119,Contig:83:163.77:3p:1:2:119,Contig:83:163.77:3p:1:3:505,Contig:83:163.77:3p:1:4:505	5	-0.11404703539069058	3.879455326478514	1.0058271548519984	GP_unb_10	Contig:75:132.869:3p:1:3:145	5	0.0	0.42503859778011344	1.4907299939065037	5	-1.223537396895469	15.23166641265309	0.056671338630622105	Contig:100:70.2117:12726,Contig:101:150.391:3546,Contig:102:118.168:1755,Contig:108:93.9572:5119,Contig:112:88.291:880,Contig:12:45.8538:43152,Contig:14:109.611:3016,Contig:15:61.0292:16112,Contig:19:123.679:4092,Contig:28:437.228:2107,Contig:2:186.773:584,Contig:31:57.0039:9687,Contig:35:189.833:1476,Contig:45:209.741:2901,Contig:46:75.6624:1029,Contig:71:55.1393:7129,Contig:74:163.75:1059,Contig:78:96.0062:867,Contig:79:52.9641:46928,Contig:81:91:1533,Contig:84:47.6813:99441,Contig:8:139.037:1456,Contig:90:76.9578:1225,Contig:91:128.698:2505,Contig:92:167.721:1074,Contig:102:118.168:5p:1:5:119,Contig:102:118.168:5p:1:15:487,Contig:102:118.168:5p:1:19:460,Contig:104:49.395:5p:1:25:103,Contig:104:49.395:5p:1:26:173,Contig:104:49.395:5p:1:60:568,Contig:104:49.395:5p:1:74:257,Contig:104:49.395:5p:1:82:575,Contig:104:49.395:5p:1:87:512,Contig:108:93.9572:3p:1:5:417,Contig:108:93.9572:3p:1:7:789,Contig:108:93.9572:3p:1:11:268,Contig:108:93.9572:3p:1:12:789,Contig:108:93.9572:3p:1:13:417,Contig:108:93.9572:3p:1:15:789,Contig:108:93.9572:3p:1:16:789,Contig:126:104.244:5p:1:5:318,Contig:126:104.244:5p:1:12:536,Contig:3:178.691:3p:1:3:173,Contig:75:132.869:5p:1:3:119,Contig:75:132.869:5p:1:4:206,Contig:90:76.9578:3p:1:1:119	0	False	0
ecol-SAMN36984458	GP_3	Contig:105:295.133:822,Contig:118:166.932:1057,Contig:131:147.134:1028,Contig:34:101.7:1730,Contig:37:621.049:768,Contig:43:113.075:3757,Contig:87:123.393:1453,Contig:88:167.543:2070,Contig:89:145.243:3815,Contig:104:49.395:5p:1:20:264,Contig:104:49.395:5p:1:69:896,Contig:105:295.133:3p:1:6:365,Contig:116:52.9408:5p:1:6:780,Contig:116:52.9408:5p:1:7:150,Contig:116:52.9408:5p:1:9:560,Contig:116:52.9408:5p:1:11:338,Contig:83:163.77:3p:1:1:119,Contig:83:163.77:3p:1:2:119,Contig:83:163.77:3p:1:3:505,Contig:83:163.77:3p:1:4:505	5	-0.11404703539069058	3.879455326478514	1.0058271548519984	GP_unb_11	Contig:75:132.869:3p:1:4:145	5	0.0	0.3581528709029371	1.633297768609226	5	-1.223537396895469	15.164780685775913	0.056671338630621904	Contig:100:70.2117:12726,Contig:101:150.391:3546,Contig:102:118.168:1755,Contig:108:93.9572:5119,Contig:112:88.291:880,Contig:12:45.8538:43152,Contig:14:109.611:3016,Contig:15:61.0292:16112,Contig:19:123.679:4092,Contig:28:437.228:2107,Contig:2:186.773:584,Contig:31:57.0039:9687,Contig:35:189.833:1476,Contig:45:209.741:2901,Contig:46:75.6624:1029,Contig:71:55.1393:7129,Contig:74:163.75:1059,Contig:78:96.0062:867,Contig:79:52.9641:46928,Contig:81:91:1533,Contig:84:47.6813:99441,Contig:8:139.037:1456,Contig:90:76.9578:1225,Contig:91:128.698:2505,Contig:92:167.721:1074,Contig:102:118.168:5p:1:12:119,Contig:102:118.168:5p:1:15:487,Contig:102:118.168:5p:1:19:460,Contig:104:49.395:5p:1:25:103,Contig:104:49.395:5p:1:26:173,Contig:104:49.395:5p:1:60:568,Contig:104:49.395:5p:1:74:257,Contig:104:49.395:5p:1:82:575,Contig:104:49.395:5p:1:87:512,Contig:108:93.9572:3p:1:5:417,Contig:108:93.9572:3p:1:7:789,Contig:108:93.9572:3p:1:11:268,Contig:108:93.9572:3p:1:12:789,Contig:108:93.9572:3p:1:13:417,Contig:108:93.9572:3p:1:15:789,Contig:108:93.9572:3p:1:16:789,Contig:126:104.244:5p:1:5:318,Contig:126:104.244:5p:1:12:536,Contig:3:178.691:3p:1:3:173,Contig:75:132.869:5p:1:3:119,Contig:75:132.869:5p:1:4:206,Contig:90:76.9578:3p:1:1:119	0	False	0
ecol-SAMN36984458	GP_3	Contig:105:295.133:822,Contig:118:166.932:1057,Contig:131:147.134:1028,Contig:34:101.7:1730,Contig:37:621.049:768,Contig:43:113.075:3757,Contig:87:123.393:1453,Contig:88:167.543:2070,Contig:89:145.243:3815,Contig:104:49.395:5p:1:20:264,Contig:104:49.395:5p:1:69:896,Contig:105:295.133:3p:1:6:365,Contig:116:52.9408:5p:1:6:780,Contig:116:52.9408:5p:1:7:150,Contig:116:52.9408:5p:1:9:560,Contig:116:52.9408:5p:1:11:338,Contig:83:163.77:3p:1:1:119,Contig:83:163.77:3p:1:2:119,Contig:83:163.77:3p:1:3:505,Contig:83:163.77:3p:1:4:505	5	-0.11404703539069058	3.879455326478514	1.0058271548519984	GP_unb_12	Contig:75:132.869:5p:1:1:269	4	0.0	0.21795771926231589	1.801768465227087	5	-1.2302983492382213	14.582251719165795	0.056671338630621904	Contig:100:70.2117:12726,Contig:101:150.391:3546,Contig:108:93.9572:5119,Contig:112:88.291:880,Contig:12:45.8538:43152,Contig:14:109.611:3016,Contig:15:61.0292:16112,Contig:19:123.679:4092,Contig:28:437.228:2107,Contig:2:186.773:584,Contig:31:57.0039:9687,Contig:35:189.833:1476,Contig:45:209.741:2901,Contig:71:55.1393:7129,Contig:78:96.0062:867,Contig:79:52.9641:46928,Contig:81:91:1533,Contig:84:47.6813:99441,Contig:8:139.037:1456,Contig:90:76.9578:1225,Contig:91:128.698:2505,Contig:92:167.721:1074,Contig:104:49.395:5p:1:25:103,Contig:104:49.395:5p:1:26:173,Contig:104:49.395:5p:1:60:568,Contig:104:49.395:5p:1:74:257,Contig:104:49.395:5p:1:82:575,Contig:104:49.395:5p:1:87:512,Contig:108:93.9572:3p:1:5:417,Contig:108:93.9572:3p:1:7:789,Contig:108:93.9572:3p:1:11:268,Contig:108:93.9572:3p:1:12:789,Contig:108:93.9572:3p:1:13:417,Contig:108:93.9572:3p:1:15:789,Contig:108:93.9572:3p:1:16:789,Contig:126:104.244:5p:1:5:318,Contig:126:104.244:5p:1:12:536,Contig:3:178.691:3p:1:3:173,Contig:75:132.869:5p:1:4:206,Contig:90:76.9578:3p:1:1:119	0	False	0
ecol-SAMN36984458	GP_4	Contig:106:46.9086:1181,Contig:57:68.7752:875,Contig:62:92.4449:2080,Contig:106:46.9086:3p:1:3:1146	5	0.0	1.1345913223531743	0.8525125086707618	GP_2	Contig:135:82.0005:3254,Contig:16:106.465:711,Contig:26:64.5742:2058,Contig:30:67.9926:11722,Contig:63:59.1862:2974,Contig:76:96.265:631,Contig:78:96.0062:867,Contig:83:163.77:3088,Contig:85:114.162:3032,Contig:90:76.9578:1225,Contig:9:85.1583:1525,Contig:104:49.395:5p:1:79:249,Contig:104:49.395:5p:1:82:575,Contig:105:295.133:3p:1:4:111,Contig:105:295.133:3p:1:6:365,Contig:105:295.133:5p:1:9:949,Contig:3:178.691:3p:1:3:173,Contig:90:76.9578:3p:1:1:119	5	-0.7593541968206146	3.853462728041351	0.8686401066492534	0	0	0	0		1	False	0
ecol-SAMN36984458	GP_4	Contig:106:46.9086:1181,Contig:57:68.7752:875,Contig:62:92.4449:2080,Contig:106:46.9086:3p:1:3:1146	5	0.0	1.1345913223531743	0.8525125086707618	GP_unb_1	Contig:32:80.9818:9984	4	0.0	0.2843311345264754	1.192921231758435	0	0	0	0		1	False	0
ecol-SAMN36984458	GP_4	Contig:106:46.9086:1181,Contig:57:68.7752:875,Contig:62:92.4449:2080,Contig:106:46.9086:3p:1:3:1146	5	0.0	1.1345913223531743	0.8525125086707618	GP_unb_2	Contig:49:59.4901:6992	4	0.0	0.4444352540488372	0.9358642671684987	0	0	0	0		1	False	0
ecol-SAMN36984458	GP_4	Contig:106:46.9086:1181,Contig:57:68.7752:875,Contig:62:92.4449:2080,Contig:106:46.9086:3p:1:3:1146	5	0.0	1.1345913223531743	0.8525125086707618	GP_unb_3	Contig:99:154.806:376	4	0.0	0.41011662141963157	0.7432209504389865	0	0	0	0		1	False	0
ecol-SAMN36984458	GP_4	Contig:106:46.9086:1181,Contig:57:68.7752:875,Contig:62:92.4449:2080,Contig:106:46.9086:3p:1:3:1146	5	0.0	1.1345913223531743	0.8525125086707618	GP_unb_4	Contig:104:49.395:5p:1:61:314	4	0.0	0.29084851733958494	2.031774243897739	0	0	0	0		1	False	0
ecol-SAMN36984458	GP_4	Contig:106:46.9086:1181,Contig:57:68.7752:875,Contig:62:92.4449:2080,Contig:106:46.9086:3p:1:3:1146	5	0.0	1.1345913223531743	0.8525125086707618	GP_unb_5	Contig:104:49.395:5p:1:62:405	5	0.0	0.2514984823989824	13.34502148047909	0	0	0	0		1	False	0
ecol-SAMN36984458	GP_4	Contig:106:46.9086:1181,Contig:57:68.7752:875,Contig:62:92.4449:2080,Contig:106:46.9086:3p:1:3:1146	5	0.0	1.1345913223531743	0.8525125086707618	GP_unb_6	Contig:105:295.133:5p:1:5:682	5	0.0	0.4783319166180734	4.957421318188026	0	0	0	0		1	False	0
ecol-SAMN36984458	GP_4	Contig:106:46.9086:1181,Contig:57:68.7752:875,Contig:62:92.4449:2080,Contig:106:46.9086:3p:1:3:1146	5	0.0	1.1345913223531743	0.8525125086707618	GP_unb_7	Contig:116:52.9408:5p:1:14:312	5	0.0	0.28020601656120236	2.216446227038547	0	0	0	0		1	False	0
ecol-SAMN36984458	GP_4	Contig:106:46.9086:1181,Contig:57:68.7752:875,Contig:62:92.4449:2080,Contig:106:46.9086:3p:1:3:1146	5	0.0	1.1345913223531743	0.8525125086707618	GP_unb_8	Contig:126:104.244:5p:1:17:803	5	0.0	0.41977206949054036	4.14432388639984	0	0	0	0		1	False	0
ecol-SAMN36984458	GP_4	Contig:106:46.9086:1181,Contig:57:68.7752:875,Contig:62:92.4449:2080,Contig:106:46.9086:3p:1:3:1146	5	0.0	1.1345913223531743	0.8525125086707618	GP_unb_9	Contig:27:270.615:3p:1:4:699	4	0.0	0.09182128860709671	4.217563138527008	0	0	0	0		1	False	0
ecol-SAMN36984458	GP_4	Contig:106:46.9086:1181,Contig:57:68.7752:875,Contig:62:92.4449:2080,Contig:106:46.9086:3p:1:3:1146	5	0.0	1.1345913223531743	0.8525125086707618	GP_unb_10	Contig:75:132.869:3p:1:3:145	5	0.0	0.42503859778011344	1.4907299939065037	0	0	0	0		1	False	0
ecol-SAMN36984458	GP_4	Contig:106:46.9086:1181,Contig:57:68.7752:875,Contig:62:92.4449:2080,Contig:106:46.9086:3p:1:3:1146	5	0.0	1.1345913223531743	0.8525125086707618	GP_unb_11	Contig:75:132.869:3p:1:4:145	5	0.0	0.3581528709029371	1.633297768609226	0	0	0	0		1	False	0
ecol-SAMN36984458	GP_4	Contig:106:46.9086:1181,Contig:57:68.7752:875,Contig:62:92.4449:2080,Contig:106:46.9086:3p:1:3:1146	5	0.0	1.1345913223531743	0.8525125086707618	GP_unb_12	Contig:75:132.869:5p:1:1:269	4	0.0	0.21795771926231589	1.801768465227087	0	0	0	0		1	False	0
ecol-SAMN36984458	GP_2	Contig:135:82.0005:3254,Contig:16:106.465:711,Contig:26:64.5742:2058,Contig:30:67.9926:11722,Contig:63:59.1862:2974,Contig:76:96.265:631,Contig:78:96.0062:867,Contig:83:163.77:3088,Contig:85:114.162:3032,Contig:90:76.9578:1225,Contig:9:85.1583:1525,Contig:104:49.395:5p:1:79:249,Contig:104:49.395:5p:1:82:575,Contig:105:295.133:3p:1:4:111,Contig:105:295.133:3p:1:6:365,Contig:105:295.133:5p:1:9:949,Contig:3:178.691:3p:1:3:173,Contig:90:76.9578:3p:1:1:119	5	-0.7593541968206146	3.853462728041351	0.8686401066492534	GP_unb_1	Contig:32:80.9818:9984	4	0.0	0.2843311345264754	1.192921231758435	5	-2.310899506500175	18.093896441933914	0.056671338630621904	Contig:100:70.2117:12726,Contig:101:150.391:3546,Contig:108:93.9572:5119,Contig:110:49.5145:12501,Contig:112:88.291:880,Contig:119:49.4648:48004,Contig:122:125.069:2054,Contig:125:103.083:2656,Contig:12:45.8538:43152,Contig:132:58.0439:52243,Contig:134:88.3366:8241,Contig:15:61.0292:16112,Contig:19:123.679:4092,Contig:28:437.228:2107,Contig:2:186.773:584,Contig:31:57.0039:9687,Contig:35:189.833:1476,Contig:36:193.023:1258,Contig:37:621.049:768,Contig:42:99.9478:670,Contig:48:115.728:1555,Contig:71:55.1393:7129,Contig:79:52.9641:46928,Contig:81:91:1533,Contig:88:167.543:2070,Contig:8:139.037:1456,Contig:92:167.721:1074,Contig:104:49.395:5p:1:20:264,Contig:104:49.395:5p:1:25:103,Contig:104:49.395:5p:1:26:173,Contig:104:49.395:5p:1:58:311,Contig:104:49.395:5p:1:60:568,Contig:104:49.395:5p:1:74:257,Contig:104:49.395:5p:1:87:512,Contig:108:93.9572:3p:1:11:268,Contig:108:93.9572:3p:1:12:789,Contig:108:93.9572:3p:1:13:417,Contig:108:93.9572:3p:1:15:789,Contig:108:93.9572:3p:1:16:789,Contig:116:52.9408:5p:1:4:341,Contig:116:52.9408:5p:1:5:119,Contig:116:52.9408:5p:1:6:780,Contig:116:52.9408:5p:1:7:150,Contig:116:52.9408:5p:1:11:338,Contig:116:52.9408:5p:1:13:119,Contig:116:52.9408:5p:1:15:105,Contig:126:104.244:5p:1:12:536,Contig:36:193.023:5p:1:3:130,Contig:36:193.023:5p:1:4:141	0	False	0
ecol-SAMN36984458	GP_2	Contig:135:82.0005:3254,Contig:16:106.465:711,Contig:26:64.5742:2058,Contig:30:67.9926:11722,Contig:63:59.1862:2974,Contig:76:96.265:631,Contig:78:96.0062:867,Contig:83:163.77:3088,Contig:85:114.162:3032,Contig:90:76.9578:1225,Contig:9:85.1583:1525,Contig:104:49.395:5p:1:79:249,Contig:104:49.395:5p:1:82:575,Contig:105:295.133:3p:1:4:111,Contig:105:295.133:3p:1:6:365,Contig:105:295.133:5p:1:9:949,Contig:3:178.691:3p:1:3:173,Contig:90:76.9578:3p:1:1:119	5	-0.7593541968206146	3.853462728041351	0.8686401066492534	GP_unb_2	Contig:49:59.4901:6992	4	0.0	0.4444352540488372	0.9358642671684987	5	-2.285766400779037	18.49321507674672	0.056671338630621904	Contig:100:70.2117:12726,Contig:101:150.391:3546,Contig:108:93.9572:5119,Contig:110:49.5145:12501,Contig:112:88.291:880,Contig:119:49.4648:48004,Contig:122:125.069:2054,Contig:125:103.083:2656,Contig:12:45.8538:43152,Contig:132:58.0439:52243,Contig:134:88.3366:8241,Contig:15:61.0292:16112,Contig:19:123.679:4092,Contig:28:437.228:2107,Contig:2:186.773:584,Contig:31:57.0039:9687,Contig:35:189.833:1476,Contig:36:193.023:1258,Contig:37:621.049:768,Contig:48:115.728:1555,Contig:71:55.1393:7129,Contig:79:52.9641:46928,Contig:81:91:1533,Contig:88:167.543:2070,Contig:8:139.037:1456,Contig:92:167.721:1074,Contig:104:49.395:5p:1:20:264,Contig:104:49.395:5p:1:25:103,Contig:104:49.395:5p:1:26:173,Contig:104:49.395:5p:1:58:311,Contig:104:49.395:5p:1:60:568,Contig:104:49.395:5p:1:74:257,Contig:104:49.395:5p:1:87:512,Contig:108:93.9572:3p:1:5:417,Contig:108:93.9572:3p:1:7:789,Contig:108:93.9572:3p:1:11:268,Contig:108:93.9572:3p:1:12:789,Contig:108:93.9572:3p:1:13:417,Contig:108:93.9572:3p:1:15:789,Contig:108:93.9572:3p:1:16:789,Contig:116:52.9408:5p:1:4:341,Contig:116:52.9408:5p:1:5:119,Contig:116:52.9408:5p:1:6:780,Contig:116:52.9408:5p:1:7:150,Contig:116:52.9408:5p:1:11:338,Contig:116:52.9408:5p:1:13:119,Contig:116:52.9408:5p:1:15:105,Contig:126:104.244:5p:1:12:536,Contig:36:193.023:5p:1:3:130,Contig:36:193.023:5p:1:4:141	0	False	0
ecol-SAMN36984458	GP_2	Contig:135:82.0005:3254,Contig:16:106.465:711,Contig:26:64.5742:2058,Contig:30:67.9926:11722,Contig:63:59.1862:2974,Contig:76:96.265:631,Contig:78:96.0062:867,Contig:83:163.77:3088,Contig:85:114.162:3032,Contig:90:76.9578:1225,Contig:9:85.1583:1525,Contig:104:49.395:5p:1:79:249,Contig:104:49.395:5p:1:82:575,Contig:105:295.133:3p:1:4:111,Contig:105:295.133:3p:1:6:365,Contig:105:295.133:5p:1:9:949,Contig:3:178.691:3p:1:3:173,Contig:90:76.9578:3p:1:1:119	5	-0.7593541968206146	3.853462728041351	0.8686401066492534	GP_unb_3	Contig:99:154.806:376	4	0.0	0.41011662141963157	0.7432209504389865	5	-2.1060651176925673	16.250516569580522	0.056671338630621904	Contig:100:70.2117:12726,Contig:101:150.391:3546,Contig:108:93.9572:5119,Contig:112:88.291:880,Contig:119:49.4648:48004,Contig:122:125.069:2054,Contig:125:103.083:2656,Contig:12:45.8538:43152,Contig:132:58.0439:52243,Contig:134:88.3366:8241,Contig:19:123.679:4092,Contig:28:437.228:2107,Contig:2:186.773:584,Contig:31:57.0039:9687,Contig:35:189.833:1476,Contig:36:193.023:1258,Contig:37:621.049:768,Contig:48:115.728:1555,Contig:71:55.1393:7129,Contig:79:52.9641:46928,Contig:81:91:1533,Contig:84:47.6813:99441,Contig:88:167.543:2070,Contig:8:139.037:1456,Contig:92:167.721:1074,Contig:104:49.395:5p:1:25:103,Contig:104:49.395:5p:1:26:173,Contig:104:49.395:5p:1:58:311,Contig:104:49.395:5p:1:74:257,Contig:104:49.395:5p:1:87:512,Contig:108:93.9572:3p:1:5:417,Contig:108:93.9572:3p:1:7:789,Contig:108:93.9572:3p:1:11:268,Contig:108:93.9572:3p:1:12:789,Contig:108:93.9572:3p:1:13:417,Contig:108:93.9572:3p:1:15:789,Contig:108:93.9572:3p:1:16:789,Contig:116:52.9408:5p:1:4:341,Contig:116:52.9408:5p:1:5:119,Contig:116:52.9408:5p:1:6:780,Contig:116:52.9408:5p:1:7:150,Contig:116:52.9408:5p:1:11:338,Contig:116:52.9408:5p:1:13:119,Contig:116:52.9408:5p:1:15:105,Contig:126:104.244:5p:1:12:536,Contig:36:193.023:5p:1:3:130,Contig:36:193.023:5p:1:4:141	0	False	0
ecol-SAMN36984458	GP_2	Contig:135:82.0005:3254,Contig:16:106.465:711,Contig:26:64.5742:2058,Contig:30:67.9926:11722,Contig:63:59.1862:2974,Contig:76:96.265:631,Contig:78:96.0062:867,Contig:83:163.77:3088,Contig:85:114.162:3032,Contig:90:76.9578:1225,Contig:9:85.1583:1525,Contig:104:49.395:5p:1:79:249,Contig:104:49.395:5p:1:82:575,Contig:105:295.133:3p:1:4:111,Contig:105:295.133:3p:1:6:365,Contig:105:295.133:5p:1:9:949,Contig:3:178.691:3p:1:3:173,Contig:90:76.9578:3p:1:1:119	5	-0.7593541968206146	3.853462728041351	0.8686401066492534	GP_unb_4	Contig:104:49.395:5p:1:61:314	4	0.0	0.29084851733958494	2.031774243897739	5	-2.2795553343598702	16.926761741542347	0.056671338630621904	Contig:100:70.2117:12726,Contig:101:150.391:3546,Contig:104:49.395:89566,Contig:108:93.9572:5119,Contig:110:49.5145:12501,Contig:112:88.291:880,Contig:119:49.4648:48004,Contig:122:125.069:2054,Contig:125:103.083:2656,Contig:12:45.8538:43152,Contig:132:58.0439:52243,Contig:134:88.3366:8241,Contig:19:123.679:4092,Contig:28:437.228:2107,Contig:2:186.773:584,Contig:31:57.0039:9687,Contig:35:189.833:1476,Contig:36:193.023:1258,Contig:37:621.049:768,Contig:48:115.728:1555,Contig:71:55.1393:7129,Contig:79:52.9641:46928,Contig:81:91:1533,Contig:84:47.6813:99441,Contig:88:167.543:2070,Contig:8:139.037:1456,Contig:92:167.721:1074,Contig:104:49.395:5p:1:20:264,Contig:104:49.395:5p:1:25:103,Contig:104:49.395:5p:1:26:173,Contig:104:49.395:5p:1:58:311,Contig:104:49.395:5p:1:60:568,Contig:104:49.395:5p:1:74:257,Contig:104:49.395:5p:1:87:512,Contig:108:93.9572:3p:1:5:417,Contig:108:93.9572:3p:1:7:789,Contig:108:93.9572:3p:1:11:268,Contig:108:93.9572:3p:1:12:789,Contig:108:93.9572:3p:1:13:417,Contig:108:93.9572:3p:1:15:789,Contig:108:93.9572:3p:1:16:789,Contig:116:52.9408:5p:1:4:341,Contig:116:52.9408:5p:1:5:119,Contig:116:52.9408:5p:1:6:780,Contig:116:52.9408:5p:1:7:150,Contig:116:52.9408:5p:1:11:338,Contig:116:52.9408:5p:1:13:119,Contig:116:52.9408:5p:1:15:105,Contig:126:104.244:5p:1:12:536,Contig:36:193.023:5p:1:3:130,Contig:36:193.023:5p:1:4:141	0	False	0
ecol-SAMN36984458	GP_2	Contig:135:82.0005:3254,Contig:16:106.465:711,Contig:26:64.5742:2058,Contig:30:67.9926:11722,Contig:63:59.1862:2974,Contig:76:96.265:631,Contig:78:96.0062:867,Contig:83:163.77:3088,Contig:85:114.162:3032,Contig:90:76.9578:1225,Contig:9:85.1583:1525,Contig:104:49.395:5p:1:79:249,Contig:104:49.395:5p:1:82:575,Contig:105:295.133:3p:1:4:111,Contig:105:295.133:3p:1:6:365,Contig:105:295.133:5p:1:9:949,Contig:3:178.691:3p:1:3:173,Contig:90:76.9578:3p:1:1:119	5	-0.7593541968206146	3.853462728041351	0.8686401066492534	GP_unb_5	Contig:104:49.395:5p:1:62:405	5	0.0	0.2514984823989824	13.34502148047909	5	-2.1971357782683327	17.387411706601746	0.056671338630621904	Contig:100:70.2117:12726,Contig:101:150.391:3546,Contig:108:93.9572:5119,Contig:110:49.5145:12501,Contig:112:88.291:880,Contig:119:49.4648:48004,Contig:122:125.069:2054,Contig:125:103.083:2656,Contig:12:45.8538:43152,Contig:132:58.0439:52243,Contig:134:88.3366:8241,Contig:19:123.679:4092,Contig:28:437.228:2107,Contig:2:186.773:584,Contig:31:57.0039:9687,Contig:35:189.833:1476,Contig:36:193.023:1258,Contig:37:621.049:768,Contig:48:115.728:1555,Contig:71:55.1393:7129,Contig:79:52.9641:46928,Contig:81:91:1533,Contig:84:47.6813:99441,Contig:88:167.543:2070,Contig:8:139.037:1456,Contig:92:167.721:1074,Contig:104:49.395:5p:1:20:264,Contig:104:49.395:5p:1:25:103,Contig:104:49.395:5p:1:26:173,Contig:104:49.395:5p:1:58:311,Contig:104:49.395:5p:1:60:568,Contig:104:49.395:5p:1:74:257,Contig:104:49.395:5p:1:87:512,Contig:108:93.9572:3p:1:5:417,Contig:108:93.9572:3p:1:7:789,Contig:108:93.9572:3p:1:11:268,Contig:108:93.9572:3p:1:12:789,Contig:108:93.9572:3p:1:13:417,Contig:108:93.9572:3p:1:15:789,Contig:108:93.9572:3p:1:16:789,Contig:116:52.9408:5p:1:4:341,Contig:116:52.9408:5p:1:5:119,Contig:116:52.9408:5p:1:6:780,Contig:116:52.9408:5p:1:7:150,Contig:116:52.9408:5p:1:11:338,Contig:116:52.9408:5p:1:13:119,Contig:116:52.9408:5p:1:15:105,Contig:126:104.244:5p:1:12:536,Contig:36:193.023:5p:1:3:130,Contig:36:193.023:5p:1:4:141	0	False	0
ecol-SAMN36984458	GP_2	Contig:135:82.0005:3254,Contig:16:106.465:711,Contig:26:64.5742:2058,Contig:30:67.9926:11722,Contig:63:59.1862:2974,Contig:76:96.265:631,Contig:78:96.0062:867,Contig:83:163.77:3088,Contig:85:114.162:3032,Contig:90:76.9578:1225,Contig:9:85.1583:1525,Contig:104:49.395:5p:1:79:249,Contig:104:49.395:5p:1:82:575,Contig:105:295.133:3p:1:4:111,Contig:105:295.133:3p:1:6:365,Contig:105:295.133:5p:1:9:949,Contig:3:178.691:3p:1:3:173,Contig:90:76.9578:3p:1:1:119	5	-0.7593541968206146	3.853462728041351	0.8686401066492534	GP_unb_6	Contig:105:295.133:5p:1:5:682	5	0.0	0.4783319166180734	4.957421318188026	5	-2.3642872822973895	16.91613528246555	0.056671338630621904	Contig:100:70.2117:12726,Contig:101:150.391:3546,Contig:104:49.395:89566,Contig:108:93.9572:5119,Contig:110:49.5145:12501,Contig:112:88.291:880,Contig:119:49.4648:48004,Contig:122:125.069:2054,Contig:125:103.083:2656,Contig:12:45.8538:43152,Contig:132:58.0439:52243,Contig:134:88.3366:8241,Contig:19:123.679:4092,Contig:28:437.228:2107,Contig:2:186.773:584,Contig:31:57.0039:9687,Contig:35:189.833:1476,Contig:36:193.023:1258,Contig:37:621.049:768,Contig:48:115.728:1555,Contig:71:55.1393:7129,Contig:79:52.9641:46928,Contig:81:91:1533,Contig:84:47.6813:99441,Contig:88:167.543:2070,Contig:8:139.037:1456,Contig:92:167.721:1074,Contig:95:208.818:973,Contig:104:49.395:5p:1:20:264,Contig:104:49.395:5p:1:25:103,Contig:104:49.395:5p:1:26:173,Contig:104:49.395:5p:1:58:311,Contig:104:49.395:5p:1:60:568,Contig:104:49.395:5p:1:74:257,Contig:104:49.395:5p:1:87:512,Contig:105:295.133:5p:1:6:163,Contig:108:93.9572:3p:1:5:417,Contig:108:93.9572:3p:1:7:789,Contig:108:93.9572:3p:1:11:268,Contig:108:93.9572:3p:1:12:789,Contig:108:93.9572:3p:1:13:417,Contig:108:93.9572:3p:1:15:789,Contig:108:93.9572:3p:1:16:789,Contig:116:52.9408:5p:1:4:341,Contig:116:52.9408:5p:1:5:119,Contig:116:52.9408:5p:1:6:780,Contig:116:52.9408:5p:1:7:150,Contig:116:52.9408:5p:1:11:338,Contig:116:52.9408:5p:1:13:119,Contig:116:52.9408:5p:1:15:105,Contig:126:104.244:5p:1:12:536,Contig:36:193.023:5p:1:3:130,Contig:36:193.023:5p:1:4:141	0	False	0
ecol-SAMN36984458	GP_2	Contig:135:82.0005:3254,Contig:16:106.465:711,Contig:26:64.5742:2058,Contig:30:67.9926:11722,Contig:63:59.1862:2974,Contig:76:96.265:631,Contig:78:96.0062:867,Contig:83:163.77:3088,Contig:85:114.162:3032,Contig:90:76.9578:1225,Contig:9:85.1583:1525,Contig:104:49.395:5p:1:79:249,Contig:104:49.395:5p:1:82:575,Contig:105:295.133:3p:1:4:111,Contig:105:295.133:3p:1:6:365,Contig:105:295.133:5p:1:9:949,Contig:3:178.691:3p:1:3:173,Contig:90:76.9578:3p:1:1:119	5	-0.7593541968206146	3.853462728041351	0.8686401066492534	GP_unb_7	Contig:116:52.9408:5p:1:14:312	5	0.0	0.28020601656120236	2.216446227038547	5	-2.2497663340141316	16.962387535308025	0.056671338630621904	Contig:100:70.2117:12726,Contig:108:93.9572:5119,Contig:110:49.5145:12501,Contig:119:49.4648:48004,Contig:122:125.069:2054,Contig:125:103.083:2656,Contig:12:45.8538:43152,Contig:132:58.0439:52243,Contig:134:88.3366:8241,Contig:14:109.611:3016,Contig:15:61.0292:16112,Contig:19:123.679:4092,Contig:1:92.8013:4279,Contig:28:437.228:2107,Contig:31:57.0039:9687,Contig:35:189.833:1476,Contig:36:193.023:1258,Contig:37:621.049:768,Contig:42:99.9478:670,Contig:48:115.728:1555,Contig:51:102.167:1077,Contig:55:41.8468:246157,Contig:71:55.1393:7129,Contig:79:52.9641:46928,Contig:81:91:1533,Contig:88:167.543:2070,Contig:8:139.037:1456,Contig:92:167.721:1074,Contig:104:49.395:5p:1:20:264,Contig:104:49.395:5p:1:25:103,Contig:104:49.395:5p:1:26:173,Contig:104:49.395:5p:1:58:311,Contig:104:49.395:5p:1:60:568,Contig:104:49.395:5p:1:74:257,Contig:104:49.395:5p:1:87:512,Contig:108:93.9572:3p:1:11:268,Contig:108:93.9572:3p:1:12:789,Contig:108:93.9572:3p:1:13:417,Contig:108:93.9572:3p:1:15:789,Contig:108:93.9572:3p:1:16:789,Contig:116:52.9408:5p:1:4:341,Contig:116:52.9408:5p:1:5:119,Contig:116:52.9408:5p:1:6:780,Contig:116:52.9408:5p:1:7:150,Contig:116:52.9408:5p:1:11:338,Contig:116:52.9408:5p:1:13:119,Contig:116:52.9408:5p:1:15:105,Contig:126:104.244:5p:1:5:318,Contig:126:104.244:5p:1:12:536,Contig:36:193.023:5p:1:3:130,Contig:36:193.023:5p:1:4:141,Contig:55:41.8468:5p:1:2:139,Contig:75:132.869:5p:1:3:119,Contig:75:132.869:5p:1:4:206,Contig:75:132.869:5p:1:5:475,Contig:75:132.869:5p:1:7:249	0	False	0
ecol-SAMN36984458	GP_2	Contig:135:82.0005:3254,Contig:16:106.465:711,Contig:26:64.5742:2058,Contig:30:67.9926:11722,Contig:63:59.1862:2974,Contig:76:96.265:631,Contig:78:96.0062:867,Contig:83:163.77:3088,Contig:85:114.162:3032,Contig:90:76.9578:1225,Contig:9:85.1583:1525,Contig:104:49.395:5p:1:79:249,Contig:104:49.395:5p:1:82:575,Contig:105:295.133:3p:1:4:111,Contig:105:295.133:3p:1:6:365,Contig:105:295.133:5p:1:9:949,Contig:3:178.691:3p:1:3:173,Contig:90:76.9578:3p:1:1:119	5	-0.7593541968206146	3.853462728041351	0.8686401066492534	GP_unb_8	Contig:126:104.244:5p:1:17:803	5	0.0	0.41977206949054036	4.14432388639984	5	-2.1868998290360673	17.70535467623085	0.056671338630621904	Contig:100:70.2117:12726,Contig:101:150.391:3546,Contig:108:93.9572:5119,Contig:110:49.5145:12501,Contig:112:88.291:880,Contig:119:49.4648:48004,Contig:122:125.069:2054,Contig:125:103.083:2656,Contig:12:45.8538:43152,Contig:132:58.0439:52243,Contig:134:88.3366:8241,Contig:19:123.679:4092,Contig:23:126.583:2486,Contig:28:437.228:2107,Contig:2:186.773:584,Contig:31:57.0039:9687,Contig:35:189.833:1476,Contig:36:193.023:1258,Contig:37:621.049:768,Contig:48:115.728:1555,Contig:5:57.8788:3941,Contig:79:52.9641:46928,Contig:81:91:1533,Contig:84:47.6813:99441,Contig:88:167.543:2070,Contig:8:139.037:1456,Contig:92:167.721:1074,Contig:104:49.395:5p:1:20:264,Contig:104:49.395:5p:1:25:103,Contig:104:49.395:5p:1:26:173,Contig:104:49.395:5p:1:58:311,Contig:104:49.395:5p:1:60:568,Contig:104:49.395:5p:1:74:257,Contig:104:49.395:5p:1:87:512,Contig:108:93.9572:3p:1:5:417,Contig:108:93.9572:3p:1:7:789,Contig:108:93.9572:3p:1:11:268,Contig:108:93.9572:3p:1:12:789,Contig:108:93.9572:3p:1:13:417,Contig:108:93.9572:3p:1:15:789,Contig:108:93.9572:3p:1:16:789,Contig:116:52.9408:5p:1:4:341,Contig:116:52.9408:5p:1:5:119,Contig:116:52.9408:5p:1:6:780,Contig:116:52.9408:5p:1:7:150,Contig:116:52.9408:5p:1:11:338,Contig:116:52.9408:5p:1:13:119,Contig:116:52.9408:5p:1:15:105,Contig:126:104.244:5p:1:12:536,Contig:36:193.023:5p:1:3:130,Contig:36:193.023:5p:1:4:141	0	False	0
ecol-SAMN36984458	GP_2	Contig:135:82.0005:3254,Contig:16:106.465:711,Contig:26:64.5742:2058,Contig:30:67.9926:11722,Contig:63:59.1862:2974,Contig:76:96.265:631,Contig:78:96.0062:867,Contig:83:163.77:3088,Contig:85:114.162:3032,Contig:90:76.9578:1225,Contig:9:85.1583:1525,Contig:104:49.395:5p:1:79:249,Contig:104:49.395:5p:1:82:575,Contig:105:295.133:3p:1:4:111,Contig:105:295.133:3p:1:6:365,Contig:105:295.133:5p:1:9:949,Contig:3:178.691:3p:1:3:173,Contig:90:76.9578:3p:1:1:119	5	-0.7593541968206146	3.853462728041351	0.8686401066492534	GP_unb_9	Contig:27:270.615:3p:1:4:699	4	0.0	0.09182128860709671	4.217563138527008	5	-2.5572859770958023	16.048438907589556	0.056671338630621904	Contig:100:70.2117:12726,Contig:102:118.168:1755,Contig:108:93.9572:5119,Contig:110:49.5145:12501,Contig:113:44.6988:92038,Contig:117:192.357:924,Contig:119:49.4648:48004,Contig:122:125.069:2054,Contig:125:103.083:2656,Contig:12:45.8538:43152,Contig:131:147.134:1028,Contig:132:58.0439:52243,Contig:134:88.3366:8241,Contig:14:109.611:3016,Contig:19:123.679:4092,Contig:1:92.8013:4279,Contig:22:267.298:2474,Contig:28:437.228:2107,Contig:31:57.0039:9687,Contig:35:189.833:1476,Contig:36:193.023:1258,Contig:37:621.049:768,Contig:40:62.4026:4035,Contig:42:99.9478:670,Contig:46:75.6624:1029,Contig:48:115.728:1555,Contig:51:102.167:1077,Contig:55:41.8468:246157,Contig:5:57.8788:3941,Contig:67:46.9776:73832,Contig:68:132.632:3333,Contig:71:55.1393:7129,Contig:74:163.75:1059,Contig:79:52.9641:46928,Contig:81:91:1533,Contig:88:167.543:2070,Contig:8:139.037:1456,Contig:92:167.721:1074,Contig:102:118.168:5p:1:7:119,Contig:102:118.168:5p:1:11:487,Contig:102:118.168:5p:1:15:487,Contig:102:118.168:5p:1:19:460,Contig:104:49.395:5p:1:20:264,Contig:104:49.395:5p:1:25:103,Contig:104:49.395:5p:1:26:173,Contig:104:49.395:5p:1:58:311,Contig:104:49.395:5p:1:60:568,Contig:104:49.395:5p:1:74:257,Contig:104:49.395:5p:1:87:512,Contig:108:93.9572:3p:1:11:268,Contig:108:93.9572:3p:1:12:789,Contig:108:93.9572:3p:1:13:417,Contig:108:93.9572:3p:1:15:789,Contig:108:93.9572:3p:1:16:789,Contig:113:44.6988:5p:1:4:134,Contig:116:52.9408:5p:1:4:341,Contig:116:52.9408:5p:1:5:119,Contig:116:52.9408:5p:1:6:780,Contig:116:52.9408:5p:1:7:150,Contig:116:52.9408:5p:1:11:338,Contig:116:52.9408:5p:1:13:119,Contig:116:52.9408:5p:1:15:105,Contig:117:192.357:3p:1:4:252,Contig:126:104.244:5p:1:5:318,Contig:126:104.244:5p:1:12:536,Contig:27:270.615:3p:1:8:293,Contig:36:193.023:5p:1:3:130,Contig:36:193.023:5p:1:4:141,Contig:55:41.8468:5p:1:2:139,Contig:75:132.869:5p:1:3:119,Contig:75:132.869:5p:1:4:206,Contig:83:163.77:3p:1:1:119,Contig:83:163.77:3p:1:2:119,Contig:83:163.77:3p:1:3:505	0	False	0
ecol-SAMN36984458	GP_2	Contig:135:82.0005:3254,Contig:16:106.465:711,Contig:26:64.5742:2058,Contig:30:67.9926:11722,Contig:63:59.1862:2974,Contig:76:96.265:631,Contig:78:96.0062:867,Contig:83:163.77:3088,Contig:85:114.162:3032,Contig:90:76.9578:1225,Contig:9:85.1583:1525,Contig:104:49.395:5p:1:79:249,Contig:104:49.395:5p:1:82:575,Contig:105:295.133:3p:1:4:111,Contig:105:295.133:3p:1:6:365,Contig:105:295.133:5p:1:9:949,Contig:3:178.691:3p:1:3:173,Contig:90:76.9578:3p:1:1:119	5	-0.7593541968206146	3.853462728041351	0.8686401066492534	GP_unb_10	Contig:75:132.869:3p:1:3:145	5	0.0	0.42503859778011344	1.4907299939065037	5	-2.2385826010819803	18.519986729240948	0.056671338630621904	Contig:100:70.2117:12726,Contig:102:118.168:1755,Contig:108:93.9572:5119,Contig:110:49.5145:12501,Contig:119:49.4648:48004,Contig:122:125.069:2054,Contig:125:103.083:2656,Contig:12:45.8538:43152,Contig:131:147.134:1028,Contig:132:58.0439:52243,Contig:134:88.3366:8241,Contig:14:109.611:3016,Contig:15:61.0292:16112,Contig:19:123.679:4092,Contig:1:92.8013:4279,Contig:28:437.228:2107,Contig:31:57.0039:9687,Contig:35:189.833:1476,Contig:36:193.023:1258,Contig:37:621.049:768,Contig:42:99.9478:670,Contig:46:75.6624:1029,Contig:48:115.728:1555,Contig:51:102.167:1077,Contig:55:41.8468:246157,Contig:71:55.1393:7129,Contig:74:163.75:1059,Contig:79:52.9641:46928,Contig:81:91:1533,Contig:88:167.543:2070,Contig:8:139.037:1456,Contig:92:167.721:1074,Contig:102:118.168:5p:1:7:119,Contig:102:118.168:5p:1:11:487,Contig:102:118.168:5p:1:15:487,Contig:102:118.168:5p:1:19:460,Contig:104:49.395:5p:1:20:264,Contig:104:49.395:5p:1:25:103,Contig:104:49.395:5p:1:26:173,Contig:104:49.395:5p:1:58:311,Contig:104:49.395:5p:1:60:568,Contig:104:49.395:5p:1:74:257,Contig:104:49.395:5p:1:87:512,Contig:108:93.9572:3p:1:11:268,Contig:108:93.9572:3p:1:12:789,Contig:108:93.9572:3p:1:13:417,Contig:108:93.9572:3p:1:15:789,Contig:108:93.9572:3p:1:16:789,Contig:116:52.9408:5p:1:4:341,Contig:116:52.9408:5p:1:5:119,Contig:116:52.9408:5p:1:6:780,Contig:116:52.9408:5p:1:7:150,Contig:116:52.9408:5p:1:11:338,Contig:116:52.9408:5p:1:13:119,Contig:116:52.9408:5p:1:15:105,Contig:126:104.244:5p:1:5:318,Contig:126:104.244:5p:1:12:536,Contig:36:193.023:5p:1:3:130,Contig:36:193.023:5p:1:4:141,Contig:55:41.8468:5p:1:2:139,Contig:75:132.869:5p:1:3:119,Contig:75:132.869:5p:1:4:206	0	False	0
ecol-SAMN36984458	GP_2	Contig:135:82.0005:3254,Contig:16:106.465:711,Contig:26:64.5742:2058,Contig:30:67.9926:11722,Contig:63:59.1862:2974,Contig:76:96.265:631,Contig:78:96.0062:867,Contig:83:163.77:3088,Contig:85:114.162:3032,Contig:90:76.9578:1225,Contig:9:85.1583:1525,Contig:104:49.395:5p:1:79:249,Contig:104:49.395:5p:1:82:575,Contig:105:295.133:3p:1:4:111,Contig:105:295.133:3p:1:6:365,Contig:105:295.133:5p:1:9:949,Contig:3:178.691:3p:1:3:173,Contig:90:76.9578:3p:1:1:119	5	-0.7593541968206146	3.853462728041351	0.8686401066492534	GP_unb_11	Contig:75:132.869:3p:1:4:145	5	0.0	0.3581528709029371	1.633297768609226	5	-2.2385826010819803	18.453101002363773	0.056671338631023256	Contig:100:70.2117:12726,Contig:102:118.168:1755,Contig:108:93.9572:5119,Contig:110:49.5145:12501,Contig:119:49.4648:48004,Contig:122:125.069:2054,Contig:125:103.083:2656,Contig:12:45.8538:43152,Contig:131:147.134:1028,Contig:132:58.0439:52243,Contig:134:88.3366:8241,Contig:14:109.611:3016,Contig:15:61.0292:16112,Contig:19:123.679:4092,Contig:1:92.8013:4279,Contig:28:437.228:2107,Contig:31:57.0039:9687,Contig:35:189.833:1476,Contig:36:193.023:1258,Contig:37:621.049:768,Contig:42:99.9478:670,Contig:46:75.6624:1029,Contig:48:115.728:1555,Contig:51:102.167:1077,Contig:55:41.8468:246157,Contig:71:55.1393:7129,Contig:74:163.75:1059,Contig:79:52.9641:46928,Contig:81:91:1533,Contig:88:167.543:2070,Contig:8:139.037:1456,Contig:92:167.721:1074,Contig:102:118.168:5p:1:7:119,Contig:102:118.168:5p:1:11:487,Contig:102:118.168:5p:1:15:487,Contig:102:118.168:5p:1:19:460,Contig:104:49.395:5p:1:20:264,Contig:104:49.395:5p:1:25:103,Contig:104:49.395:5p:1:26:173,Contig:104:49.395:5p:1:58:311,Contig:104:49.395:5p:1:60:568,Contig:104:49.395:5p:1:74:257,Contig:104:49.395:5p:1:87:512,Contig:108:93.9572:3p:1:11:268,Contig:108:93.9572:3p:1:12:789,Contig:108:93.9572:3p:1:13:417,Contig:108:93.9572:3p:1:15:789,Contig:108:93.9572:3p:1:16:789,Contig:116:52.9408:5p:1:4:341,Contig:116:52.9408:5p:1:5:119,Contig:116:52.9408:5p:1:6:780,Contig:116:52.9408:5p:1:7:150,Contig:116:52.9408:5p:1:11:338,Contig:116:52.9408:5p:1:13:119,Contig:116:52.9408:5p:1:15:105,Contig:126:104.244:5p:1:5:318,Contig:126:104.244:5p:1:12:536,Contig:36:193.023:5p:1:3:130,Contig:36:193.023:5p:1:4:141,Contig:55:41.8468:5p:1:2:139,Contig:75:132.869:5p:1:3:119,Contig:75:132.869:5p:1:4:206	0	False	0
ecol-SAMN36984458	GP_2	Contig:135:82.0005:3254,Contig:16:106.465:711,Contig:26:64.5742:2058,Contig:30:67.9926:11722,Contig:63:59.1862:2974,Contig:76:96.265:631,Contig:78:96.0062:867,Contig:83:163.77:3088,Contig:85:114.162:3032,Contig:90:76.9578:1225,Contig:9:85.1583:1525,Contig:104:49.395:5p:1:79:249,Contig:104:49.395:5p:1:82:575,Contig:105:295.133:3p:1:4:111,Contig:105:295.133:3p:1:6:365,Contig:105:295.133:5p:1:9:949,Contig:3:178.691:3p:1:3:173,Contig:90:76.9578:3p:1:1:119	5	-0.7593541968206146	3.853462728041351	0.8686401066492534	GP_unb_12	Contig:75:132.869:5p:1:1:269	4	0.0	0.21795771926231589	1.801768465227087	5	-2.245343553424733	17.487361672829195	0.056671338630621904	Contig:100:70.2117:12726,Contig:108:93.9572:5119,Contig:110:49.5145:12501,Contig:119:49.4648:48004,Contig:122:125.069:2054,Contig:125:103.083:2656,Contig:12:45.8538:43152,Contig:132:58.0439:52243,Contig:134:88.3366:8241,Contig:14:109.611:3016,Contig:15:61.0292:16112,Contig:19:123.679:4092,Contig:1:92.8013:4279,Contig:28:437.228:2107,Contig:31:57.0039:9687,Contig:35:189.833:1476,Contig:36:193.023:1258,Contig:37:621.049:768,Contig:42:99.9478:670,Contig:48:115.728:1555,Contig:51:102.167:1077,Contig:55:41.8468:246157,Contig:71:55.1393:7129,Contig:79:52.9641:46928,Contig:81:91:1533,Contig:88:167.543:2070,Contig:8:139.037:1456,Contig:92:167.721:1074,Contig:104:49.395:5p:1:20:264,Contig:104:49.395:5p:1:25:103,Contig:104:49.395:5p:1:26:173,Contig:104:49.395:5p:1:58:311,Contig:104:49.395:5p:1:60:568,Contig:104:49.395:5p:1:74:257,Contig:104:49.395:5p:1:87:512,Contig:108:93.9572:3p:1:11:268,Contig:108:93.9572:3p:1:12:789,Contig:108:93.9572:3p:1:13:417,Contig:108:93.9572:3p:1:15:789,Contig:108:93.9572:3p:1:16:789,Contig:116:52.9408:5p:1:4:341,Contig:116:52.9408:5p:1:5:119,Contig:116:52.9408:5p:1:6:780,Contig:116:52.9408:5p:1:7:150,Contig:116:52.9408:5p:1:11:338,Contig:116:52.9408:5p:1:13:119,Contig:116:52.9408:5p:1:15:105,Contig:126:104.244:5p:1:5:318,Contig:126:104.244:5p:1:12:536,Contig:36:193.023:5p:1:3:130,Contig:36:193.023:5p:1:4:141,Contig:55:41.8468:5p:1:2:139,Contig:75:132.869:5p:1:4:206	0	False	0
ecol-SAMN36984458	GP_unb_1	Contig:32:80.9818:9984	4	0.0	0.2843311345264754	1.192921231758435	GP_unb_2	Contig:49:59.4901:6992	4	0.0	0.4444352540488372	0.9358642671684987	5	-2.043749987965081	19.296568863036065	0.056671338630621904	Contig:100:70.2117:12726,Contig:102:118.168:1755,Contig:105:295.133:822,Contig:108:93.9572:5119,Contig:110:49.5145:12501,Contig:117:192.357:924,Contig:122:125.069:2054,Contig:125:103.083:2656,Contig:12:45.8538:43152,Contig:131:147.134:1028,Contig:132:58.0439:52243,Contig:133:86.0339:1078,Contig:134:88.3366:8241,Contig:14:109.611:3016,Contig:15:61.0292:16112,Contig:19:123.679:4092,Contig:28:437.228:2107,Contig:31:57.0039:9687,Contig:35:189.833:1476,Contig:36:193.023:1258,Contig:37:621.049:768,Contig:45:209.741:2901,Contig:46:75.6624:1029,Contig:48:115.728:1555,Contig:4:98.015:5971,Contig:71:55.1393:7129,Contig:74:163.75:1059,Contig:76:96.265:631,Contig:78:96.0062:867,Contig:79:52.9641:46928,Contig:80:52.3095:150052,Contig:81:91:1533,Contig:83:163.77:3088,Contig:87:123.393:1453,Contig:88:167.543:2070,Contig:8:139.037:1456,Contig:90:76.9578:1225,Contig:91:128.698:2505,Contig:92:167.721:1074,Contig:102:118.168:5p:1:7:119,Contig:102:118.168:5p:1:11:487,Contig:102:118.168:5p:1:15:487,Contig:102:118.168:5p:1:19:460,Contig:104:49.395:5p:1:20:264,Contig:104:49.395:5p:1:25:103,Contig:104:49.395:5p:1:26:173,Contig:104:49.395:5p:1:58:311,Contig:104:49.395:5p:1:60:568,Contig:104:49.395:5p:1:69:896,Contig:104:49.395:5p:1:74:257,Contig:104:49.395:5p:1:82:575,Contig:104:49.395:5p:1:87:512,Contig:105:295.133:3p:1:4:111,Contig:105:295.133:3p:1:6:365,Contig:105:295.133:5p:1:9:949,Contig:108:93.9572:3p:1:5:417,Contig:108:93.9572:3p:1:7:789,Contig:108:93.9572:3p:1:12:789,Contig:108:93.9572:3p:1:13:417,Contig:108:93.9572:3p:1:15:789,Contig:108:93.9572:3p:1:16:789,Contig:116:52.9408:5p:1:4:341,Contig:116:52.9408:5p:1:5:119,Contig:116:52.9408:5p:1:6:780,Contig:116:52.9408:5p:1:7:150,Contig:116:52.9408:5p:1:11:338,Contig:116:52.9408:5p:1:13:119,Contig:116:52.9408:5p:1:15:105,Contig:117:192.357:3p:1:4:252,Contig:126:104.244:5p:1:5:318,Contig:126:104.244:5p:1:12:536,Contig:32:80.9818:3p:1:2:139,Contig:36:193.023:5p:1:3:130,Contig:36:193.023:5p:1:4:141,Contig:3:178.691:3p:1:3:173,Contig:75:132.869:5p:1:3:119,Contig:75:132.869:5p:1:4:206,Contig:83:163.77:3p:1:1:119,Contig:83:163.77:3p:1:2:119,Contig:83:163.77:3p:1:3:505,Contig:90:76.9578:3p:1:1:119	0	False	0
ecol-SAMN36984458	GP_unb_1	Contig:32:80.9818:9984	4	0.0	0.2843311345264754	1.192921231758435	GP_unb_3	Contig:99:154.806:376	4	0.0	0.41011662141963157	0.7432209504389865	5	-2.2486098002998767	19.38240672501623	0.056671338630621904	Contig:101:150.391:3546,Contig:102:118.168:1755,Contig:105:295.133:822,Contig:108:93.9572:5119,Contig:110:49.5145:12501,Contig:111:66.2141:10724,Contig:112:88.291:880,Contig:117:192.357:924,Contig:122:125.069:2054,Contig:125:103.083:2656,Contig:12:45.8538:43152,Contig:131:147.134:1028,Contig:132:58.0439:52243,Contig:133:86.0339:1078,Contig:134:88.3366:8241,Contig:14:109.611:3016,Contig:15:61.0292:16112,Contig:19:123.679:4092,Contig:1:92.8013:4279,Contig:24:77.2636:4192,Contig:28:437.228:2107,Contig:2:186.773:584,Contig:31:57.0039:9687,Contig:35:189.833:1476,Contig:36:193.023:1258,Contig:37:621.049:768,Contig:3:178.691:1219,Contig:42:99.9478:670,Contig:45:209.741:2901,Contig:46:75.6624:1029,Contig:48:115.728:1555,Contig:51:102.167:1077,Contig:71:55.1393:7129,Contig:74:163.75:1059,Contig:76:96.265:631,Contig:78:96.0062:867,Contig:79:52.9641:46928,Contig:83:163.77:3088,Contig:84:47.6813:99441,Contig:85:114.162:3032,Contig:88:167.543:2070,Contig:8:139.037:1456,Contig:90:76.9578:1225,Contig:91:128.698:2505,Contig:92:167.721:1074,Contig:97:80.7141:688,Contig:102:118.168:5p:1:11:487,Contig:102:118.168:5p:1:12:119,Contig:102:118.168:5p:1:15:487,Contig:102:118.168:5p:1:19:460,Contig:104:49.395:5p:1:20:264,Contig:104:49.395:5p:1:25:103,Contig:104:49.395:5p:1:26:173,Contig:104:49.395:5p:1:58:311,Contig:104:49.395:5p:1:60:568,Contig:104:49.395:5p:1:69:896,Contig:104:49.395:5p:1:74:257,Contig:104:49.395:5p:1:79:249,Contig:104:49.395:5p:1:81:442,Contig:104:49.395:5p:1:82:575,Contig:104:49.395:5p:1:87:512,Contig:105:295.133:3p:1:4:111,Contig:105:295.133:3p:1:6:365,Contig:108:93.9572:3p:1:5:417,Contig:108:93.9572:3p:1:7:789,Contig:108:93.9572:3p:1:13:417,Contig:108:93.9572:3p:1:15:789,Contig:108:93.9572:3p:1:16:789,Contig:116:52.9408:5p:1:4:341,Contig:116:52.9408:5p:1:5:119,Contig:116:52.9408:5p:1:6:780,Contig:116:52.9408:5p:1:7:150,Contig:116:52.9408:5p:1:11:338,Contig:116:52.9408:5p:1:13:119,Contig:116:52.9408:5p:1:15:105,Contig:117:192.357:3p:1:4:252,Contig:126:104.244:5p:1:5:318,Contig:126:104.244:5p:1:12:536,Contig:36:193.023:5p:1:3:130,Contig:36:193.023:5p:1:4:141,Contig:3:178.691:3p:1:3:173,Contig:75:132.869:5p:1:3:119,Contig:75:132.869:5p:1:4:206,Contig:83:163.77:3p:1:1:119,Contig:83:163.77:3p:1:2:119,Contig:83:163.77:3p:1:3:505,Contig:90:76.9578:3p:1:1:119	0	False	0
ecol-SAMN36984458	GP_unb_1	Contig:32:80.9818:9984	4	0.0	0.2843311345264754	1.192921231758435	GP_unb_4	Contig:104:49.395:5p:1:61:314	4	0.0	0.29084851733958494	2.031774243897739	5	-1.9592293268746892	18.778703038487794	0.056671338630621904	Contig:102:118.168:1755,Contig:105:295.133:822,Contig:108:93.9572:5119,Contig:112:88.291:880,Contig:117:192.357:924,Contig:122:125.069:2054,Contig:125:103.083:2656,Contig:12:45.8538:43152,Contig:131:147.134:1028,Contig:132:58.0439:52243,Contig:133:86.0339:1078,Contig:134:88.3366:8241,Contig:14:109.611:3016,Contig:15:61.0292:16112,Contig:18:144.773:3487,Contig:19:123.679:4092,Contig:28:437.228:2107,Contig:31:57.0039:9687,Contig:34:101.7:1730,Contig:35:189.833:1476,Contig:36:193.023:1258,Contig:37:621.049:768,Contig:3:178.691:1219,Contig:42:99.9478:670,Contig:45:209.741:2901,Contig:46:75.6624:1029,Contig:48:115.728:1555,Contig:71:55.1393:7129,Contig:72:100.81:8059,Contig:74:163.75:1059,Contig:76:96.265:631,Contig:78:96.0062:867,Contig:79:52.9641:46928,Contig:83:163.77:3088,Contig:84:47.6813:99441,Contig:88:167.543:2070,Contig:8:139.037:1456,Contig:90:76.9578:1225,Contig:91:128.698:2505,Contig:92:167.721:1074,Contig:9:85.1583:1525,Contig:102:118.168:5p:1:5:119,Contig:102:118.168:5p:1:11:487,Contig:102:118.168:5p:1:15:487,Contig:102:118.168:5p:1:19:460,Contig:104:49.395:5p:1:20:264,Contig:104:49.395:5p:1:25:103,Contig:104:49.395:5p:1:26:173,Contig:104:49.395:5p:1:58:311,Contig:104:49.395:5p:1:60:568,Contig:104:49.395:5p:1:69:896,Contig:104:49.395:5p:1:74:257,Contig:104:49.395:5p:1:79:249,Contig:104:49.395:5p:1:81:442,Contig:104:49.395:5p:1:82:575,Contig:104:49.395:5p:1:87:512,Contig:105:295.133:3p:1:4:111,Contig:105:295.133:3p:1:6:365,Contig:108:93.9572:3p:1:5:417,Contig:108:93.9572:3p:1:7:789,Contig:108:93.9572:3p:1:13:417,Contig:108:93.9572:3p:1:15:789,Contig:108:93.9572:3p:1:16:789,Contig:116:52.9408:5p:1:4:341,Contig:116:52.9408:5p:1:5:119,Contig:116:52.9408:5p:1:6:780,Contig:116:52.9408:5p:1:7:150,Contig:116:52.9408:5p:1:11:338,Contig:116:52.9408:5p:1:13:119,Contig:116:52.9408:5p:1:15:105,Contig:117:192.357:3p:1:4:252,Contig:126:104.244:5p:1:5:318,Contig:126:104.244:5p:1:12:536,Contig:36:193.023:5p:1:3:130,Contig:36:193.023:5p:1:4:141,Contig:3:178.691:3p:1:3:173,Contig:75:132.869:5p:1:3:119,Contig:75:132.869:5p:1:4:206,Contig:83:163.77:3p:1:1:119,Contig:83:163.77:3p:1:2:119,Contig:83:163.77:3p:1:3:505,Contig:90:76.9578:3p:1:1:119	0	False	0
ecol-SAMN36984458	GP_unb_1	Contig:32:80.9818:9984	4	0.0	0.2843311345264754	1.192921231758435	GP_unb_5	Contig:104:49.395:5p:1:62:405	5	0.0	0.2514984823989824	13.34502148047909	5	-1.9304729441599031	18.899769365646137	0.056671338630621904	Contig:102:118.168:1755,Contig:105:295.133:822,Contig:108:93.9572:5119,Contig:112:88.291:880,Contig:117:192.357:924,Contig:122:125.069:2054,Contig:125:103.083:2656,Contig:12:45.8538:43152,Contig:131:147.134:1028,Contig:132:58.0439:52243,Contig:133:86.0339:1078,Contig:134:88.3366:8241,Contig:14:109.611:3016,Contig:15:61.0292:16112,Contig:18:144.773:3487,Contig:19:123.679:4092,Contig:28:437.228:2107,Contig:31:57.0039:9687,Contig:34:101.7:1730,Contig:35:189.833:1476,Contig:36:193.023:1258,Contig:37:621.049:768,Contig:3:178.691:1219,Contig:42:99.9478:670,Contig:45:209.741:2901,Contig:46:75.6624:1029,Contig:48:115.728:1555,Contig:71:55.1393:7129,Contig:72:100.81:8059,Contig:74:163.75:1059,Contig:76:96.265:631,Contig:78:96.0062:867,Contig:79:52.9641:46928,Contig:83:163.77:3088,Contig:84:47.6813:99441,Contig:88:167.543:2070,Contig:8:139.037:1456,Contig:90:76.9578:1225,Contig:91:128.698:2505,Contig:92:167.721:1074,Contig:9:85.1583:1525,Contig:102:118.168:5p:1:11:487,Contig:102:118.168:5p:1:12:119,Contig:102:118.168:5p:1:15:487,Contig:102:118.168:5p:1:19:460,Contig:104:49.395:5p:1:19:201,Contig:104:49.395:5p:1:20:264,Contig:104:49.395:5p:1:25:103,Contig:104:49.395:5p:1:26:173,Contig:104:49.395:5p:1:58:311,Contig:104:49.395:5p:1:60:568,Contig:104:49.395:5p:1:69:896,Contig:104:49.395:5p:1:74:257,Contig:104:49.395:5p:1:79:249,Contig:104:49.395:5p:1:81:442,Contig:104:49.395:5p:1:82:575,Contig:104:49.395:5p:1:87:512,Contig:105:295.133:3p:1:4:111,Contig:105:295.133:3p:1:6:365,Contig:108:93.9572:3p:1:5:417,Contig:108:93.9572:3p:1:7:789,Contig:108:93.9572:3p:1:13:417,Contig:108:93.9572:3p:1:15:789,Contig:108:93.9572:3p:1:16:789,Contig:116:52.9408:5p:1:4:341,Contig:116:52.9408:5p:1:5:119,Contig:116:52.9408:5p:1:6:780,Contig:116:52.9408:5p:1:7:150,Contig:116:52.9408:5p:1:11:338,Contig:116:52.9408:5p:1:13:119,Contig:116:52.9408:5p:1:15:105,Contig:117:192.357:3p:1:4:252,Contig:126:104.244:5p:1:5:318,Contig:126:104.244:5p:1:12:536,Contig:36:193.023:5p:1:3:130,Contig:36:193.023:5p:1:4:141,Contig:3:178.691:3p:1:3:173,Contig:75:132.869:5p:1:3:119,Contig:75:132.869:5p:1:4:206,Contig:83:163.77:3p:1:1:119,Contig:83:163.77:3p:1:2:119,Contig:83:163.77:3p:1:3:505,Contig:90:76.9578:3p:1:1:119	0	False	0
ecol-SAMN36984458	GP_unb_1	Contig:32:80.9818:9984	4	0.0	0.2843311345264754	1.192921231758435	GP_unb_6	Contig:105:295.133:5p:1:5:682	5	0.0	0.4783319166180734	4.957421318188026	5	-2.0848770383862907	19.08356323703372	0.056671338630621904	Contig:102:118.168:1755,Contig:105:295.133:822,Contig:108:93.9572:5119,Contig:110:49.5145:12501,Contig:112:88.291:880,Contig:117:192.357:924,Contig:122:125.069:2054,Contig:125:103.083:2656,Contig:12:45.8538:43152,Contig:131:147.134:1028,Contig:132:58.0439:52243,Contig:133:86.0339:1078,Contig:134:88.3366:8241,Contig:14:109.611:3016,Contig:15:61.0292:16112,Contig:18:144.773:3487,Contig:19:123.679:4092,Contig:28:437.228:2107,Contig:31:57.0039:9687,Contig:35:189.833:1476,Contig:36:193.023:1258,Contig:37:621.049:768,Contig:3:178.691:1219,Contig:42:99.9478:670,Contig:45:209.741:2901,Contig:46:75.6624:1029,Contig:48:115.728:1555,Contig:71:55.1393:7129,Contig:72:100.81:8059,Contig:74:163.75:1059,Contig:76:96.265:631,Contig:78:96.0062:867,Contig:79:52.9641:46928,Contig:83:163.77:3088,Contig:84:47.6813:99441,Contig:88:167.543:2070,Contig:8:139.037:1456,Contig:90:76.9578:1225,Contig:91:128.698:2505,Contig:92:167.721:1074,Contig:9:85.1583:1525,Contig:102:118.168:5p:1:5:119,Contig:102:118.168:5p:1:11:487,Contig:102:118.168:5p:1:15:487,Contig:102:118.168:5p:1:19:460,Contig:104:49.395:5p:1:20:264,Contig:104:49.395:5p:1:25:103,Contig:104:49.395:5p:1:26:173,Contig:104:49.395:5p:1:58:311,Contig:104:49.395:5p:1:60:568,Contig:104:49.395:5p:1:69:896,Contig:104:49.395:5p:1:74:257,Contig:104:49.395:5p:1:79:249,Contig:104:49.395:5p:1:81:442,Contig:104:49.395:5p:1:82:575,Contig:104:49.395:5p:1:87:512,Contig:105:295.133:3p:1:4:111,Contig:105:295.133:3p:1:6:365,Contig:108:93.9572:3p:1:5:417,Contig:108:93.9572:3p:1:7:789,Contig:108:93.9572:3p:1:13:417,Contig:108:93.9572:3p:1:15:789,Contig:108:93.9572:3p:1:16:789,Contig:116:52.9408:5p:1:4:341,Contig:116:52.9408:5p:1:5:119,Contig:116:52.9408:5p:1:6:780,Contig:116:52.9408:5p:1:7:150,Contig:116:52.9408:5p:1:11:338,Contig:116:52.9408:5p:1:13:119,Contig:116:52.9408:5p:1:15:105,Contig:117:192.357:3p:1:4:252,Contig:126:104.244:5p:1:5:318,Contig:126:104.244:5p:1:12:536,Contig:36:193.023:5p:1:3:130,Contig:36:193.023:5p:1:4:141,Contig:3:178.691:3p:1:3:173,Contig:75:132.869:5p:1:3:119,Contig:75:132.869:5p:1:4:206,Contig:83:163.77:3p:1:1:119,Contig:83:163.77:3p:1:2:119,Contig:83:163.77:3p:1:3:505,Contig:90:76.9578:3p:1:1:119	0	False	0
ecol-SAMN36984458	GP_unb_1	Contig:32:80.9818:9984	4	0.0	0.2843311345264754	1.192921231758435	GP_unb_7	Contig:116:52.9408:5p:1:14:312	5	0.0	0.28020601656120236	2.216446227038547	5	-2.050023608266675	19.28271608419471	0.056671338630621904	Contig:100:70.2117:12726,Contig:102:118.168:1755,Contig:105:295.133:822,Contig:108:93.9572:5119,Contig:110:49.5145:12501,Contig:116:52.9408:57248,Contig:117:192.357:924,Contig:122:125.069:2054,Contig:125:103.083:2656,Contig:12:45.8538:43152,Contig:131:147.134:1028,Contig:132:58.0439:52243,Contig:133:86.0339:1078,Contig:134:88.3366:8241,Contig:14:109.611:3016,Contig:15:61.0292:16112,Contig:19:123.679:4092,Contig:28:437.228:2107,Contig:31:57.0039:9687,Contig:35:189.833:1476,Contig:36:193.023:1258,Contig:37:621.049:768,Contig:45:209.741:2901,Contig:46:75.6624:1029,Contig:48:115.728:1555,Contig:4:98.015:5971,Contig:71:55.1393:7129,Contig:74:163.75:1059,Contig:76:96.265:631,Contig:78:96.0062:867,Contig:79:52.9641:46928,Contig:81:91:1533,Contig:83:163.77:3088,Contig:84:47.6813:99441,Contig:87:123.393:1453,Contig:88:167.543:2070,Contig:89:145.243:3815,Contig:8:139.037:1456,Contig:90:76.9578:1225,Contig:91:128.698:2505,Contig:92:167.721:1074,Contig:102:118.168:5p:1:5:119,Contig:102:118.168:5p:1:11:487,Contig:102:118.168:5p:1:15:487,Contig:102:118.168:5p:1:19:460,Contig:104:49.395:5p:1:20:264,Contig:104:49.395:5p:1:25:103,Contig:104:49.395:5p:1:26:173,Contig:104:49.395:5p:1:58:311,Contig:104:49.395:5p:1:60:568,Contig:104:49.395:5p:1:69:896,Contig:104:49.395:5p:1:74:257,Contig:104:49.395:5p:1:82:575,Contig:104:49.395:5p:1:87:512,Contig:105:295.133:3p:1:4:111,Contig:105:295.133:3p:1:6:365,Contig:105:295.133:5p:1:9:949,Contig:108:93.9572:3p:1:5:417,Contig:108:93.9572:3p:1:7:789,Contig:108:93.9572:3p:1:12:789,Contig:108:93.9572:3p:1:13:417,Contig:108:93.9572:3p:1:15:789,Contig:108:93.9572:3p:1:16:789,Contig:116:52.9408:5p:1:4:341,Contig:116:52.9408:5p:1:5:119,Contig:116:52.9408:5p:1:6:780,Contig:116:52.9408:5p:1:7:150,Contig:116:52.9408:5p:1:9:560,Contig:116:52.9408:5p:1:11:338,Contig:116:52.9408:5p:1:13:119,Contig:116:52.9408:5p:1:15:105,Contig:117:192.357:3p:1:4:252,Contig:126:104.244:5p:1:5:318,Contig:126:104.244:5p:1:12:536,Contig:32:80.9818:3p:1:2:139,Contig:36:193.023:5p:1:3:130,Contig:36:193.023:5p:1:4:141,Contig:3:178.691:3p:1:3:173,Contig:75:132.869:5p:1:3:119,Contig:75:132.869:5p:1:4:206,Contig:83:163.77:3p:1:1:119,Contig:83:163.77:3p:1:2:119,Contig:83:163.77:3p:1:3:505,Contig:90:76.9578:3p:1:1:119	0	False	0
ecol-SAMN36984458	GP_unb_1	Contig:32:80.9818:9984	4	0.0	0.2843311345264754	1.192921231758435	GP_unb_8	Contig:126:104.244:5p:1:17:803	5	0.0	0.41977206949054036	4.14432388639984	5	-1.9228111318370784	19.24023489403848	0.056671338630621904	Contig:102:118.168:1755,Contig:105:295.133:822,Contig:108:93.9572:5119,Contig:110:49.5145:12501,Contig:112:88.291:880,Contig:117:192.357:924,Contig:122:125.069:2054,Contig:125:103.083:2656,Contig:12:45.8538:43152,Contig:131:147.134:1028,Contig:14:109.611:3016,Contig:15:61.0292:16112,Contig:18:144.773:3487,Contig:19:123.679:4092,Contig:28:437.228:2107,Contig:31:57.0039:9687,Contig:34:101.7:1730,Contig:35:189.833:1476,Contig:36:193.023:1258,Contig:37:621.049:768,Contig:3:178.691:1219,Contig:42:99.9478:670,Contig:45:209.741:2901,Contig:46:75.6624:1029,Contig:48:115.728:1555,Contig:71:55.1393:7129,Contig:72:100.81:8059,Contig:74:163.75:1059,Contig:76:96.265:631,Contig:78:96.0062:867,Contig:79:52.9641:46928,Contig:83:163.77:3088,Contig:84:47.6813:99441,Contig:88:167.543:2070,Contig:8:139.037:1456,Contig:90:76.9578:1225,Contig:91:128.698:2505,Contig:92:167.721:1074,Contig:9:85.1583:1525,Contig:102:118.168:5p:1:5:119,Contig:102:118.168:5p:1:11:487,Contig:102:118.168:5p:1:15:487,Contig:102:118.168:5p:1:19:460,Contig:104:49.395:5p:1:20:264,Contig:104:49.395:5p:1:25:103,Contig:104:49.395:5p:1:26:173,Contig:104:49.395:5p:1:58:311,Contig:104:49.395:5p:1:60:568,Contig:104:49.395:5p:1:69:896,Contig:104:49.395:5p:1:74:257,Contig:104:49.395:5p:1:79:249,Contig:104:49.395:5p:1:81:442,Contig:104:49.395:5p:1:82:575,Contig:104:49.395:5p:1:87:512,Contig:105:295.133:3p:1:4:111,Contig:105:295.133:3p:1:6:365,Contig:108:93.9572:3p:1:5:417,Contig:108:93.9572:3p:1:7:789,Contig:108:93.9572:3p:1:13:417,Contig:108:93.9572:3p:1:15:789,Contig:108:93.9572:3p:1:16:789,Contig:116:52.9408:5p:1:4:341,Contig:116:52.9408:5p:1:5:119,Contig:116:52.9408:5p:1:6:780,Contig:116:52.9408:5p:1:7:150,Contig:116:52.9408:5p:1:11:338,Contig:116:52.9408:5p:1:13:119,Contig:116:52.9408:5p:1:15:105,Contig:117:192.357:3p:1:4:252,Contig:126:104.244:5p:1:5:318,Contig:126:104.244:5p:1:12:536,Contig:3:178.691:3p:1:3:173,Contig:75:132.869:5p:1:3:119,Contig:75:132.869:5p:1:4:206,Contig:83:163.77:3p:1:1:119,Contig:83:163.77:3p:1:2:119,Contig:83:163.77:3p:1:3:505,Contig:90:76.9578:3p:1:1:119	0	False	0
ecol-SAMN36984458	GP_unb_1	Contig:32:80.9818:9984	4	0.0	0.2843311345264754	1.192921231758435	GP_unb_9	Contig:27:270.615:3p:1:4:699	4	0.0	0.09182128860709671	4.217563138527008	5	-2.4147800652976	17.870134421828993	0.056671338630621904	Contig:102:118.168:1755,Contig:105:295.133:822,Contig:108:93.9572:5119,Contig:110:49.5145:12501,Contig:112:88.291:880,Contig:113:44.6988:92038,Contig:117:192.357:924,Contig:122:125.069:2054,Contig:125:103.083:2656,Contig:12:45.8538:43152,Contig:131:147.134:1028,Contig:132:58.0439:52243,Contig:134:88.3366:8241,Contig:14:109.611:3016,Contig:15:61.0292:16112,Contig:18:144.773:3487,Contig:19:123.679:4092,Contig:22:267.298:2474,Contig:28:437.228:2107,Contig:31:57.0039:9687,Contig:34:101.7:1730,Contig:35:189.833:1476,Contig:36:193.023:1258,Contig:37:621.049:768,Contig:3:178.691:1219,Contig:40:62.4026:4035,Contig:42:99.9478:670,Contig:45:209.741:2901,Contig:46:75.6624:1029,Contig:48:115.728:1555,Contig:5:57.8788:3941,Contig:67:46.9776:73832,Contig:68:132.632:3333,Contig:71:55.1393:7129,Contig:72:100.81:8059,Contig:74:163.75:1059,Contig:76:96.265:631,Contig:78:96.0062:867,Contig:79:52.9641:46928,Contig:83:163.77:3088,Contig:84:47.6813:99441,Contig:88:167.543:2070,Contig:8:139.037:1456,Contig:90:76.9578:1225,Contig:91:128.698:2505,Contig:92:167.721:1074,Contig:9:85.1583:1525,Contig:102:118.168:5p:1:7:119,Contig:102:118.168:5p:1:11:487,Contig:102:118.168:5p:1:15:487,Contig:102:118.168:5p:1:19:460,Contig:104:49.395:5p:1:20:264,Contig:104:49.395:5p:1:25:103,Contig:104:49.395:5p:1:26:173,Contig:104:49.395:5p:1:58:311,Contig:104:49.395:5p:1:60:568,Contig:104:49.395:5p:1:69:896,Contig:104:49.395:5p:1:74:257,Contig:104:49.395:5p:1:79:249,Contig:104:49.395:5p:1:81:442,Contig:104:49.395:5p:1:82:575,Contig:104:49.395:5p:1:87:512,Contig:105:295.133:3p:1:4:111,Contig:105:295.133:3p:1:6:365,Contig:108:93.9572:3p:1:5:417,Contig:108:93.9572:3p:1:7:789,Contig:108:93.9572:3p:1:13:417,Contig:108:93.9572:3p:1:15:789,Contig:108:93.9572:3p:1:16:789,Contig:113:44.6988:5p:1:4:134,Contig:116:52.9408:5p:1:4:341,Contig:116:52.9408:5p:1:5:119,Contig:116:52.9408:5p:1:6:780,Contig:116:52.9408:5p:1:7:150,Contig:116:52.9408:5p:1:11:338,Contig:116:52.9408:5p:1:13:119,Contig:116:52.9408:5p:1:15:105,Contig:117:192.357:3p:1:4:252,Contig:126:104.244:5p:1:5:318,Contig:126:104.244:5p:1:12:536,Contig:27:270.615:3p:1:8:293,Contig:36:193.023:5p:1:3:130,Contig:36:193.023:5p:1:4:141,Contig:3:178.691:3p:1:3:173,Contig:75:132.869:5p:1:3:119,Contig:75:132.869:5p:1:4:206,Contig:83:163.77:3p:1:1:119,Contig:83:163.77:3p:1:2:119,Contig:83:163.77:3p:1:3:505,Contig:90:76.9578:3p:1:1:119	0	False	0
ecol-SAMN36984458	GP_unb_1	Contig:32:80.9818:9984	4	0.0	0.2843311345264754	1.192921231758435	GP_unb_10	Contig:75:132.869:3p:1:3:145	5	0.0	0.42503859778011344	1.4907299939065037	5	-2.122046068335593	19.59952731575614	0.056671338630621904	Contig:100:70.2117:12726,Contig:102:118.168:1755,Contig:105:295.133:822,Contig:108:93.9572:5119,Contig:10:98.0519:1466,Contig:110:49.5145:12501,Contig:122:125.069:2054,Contig:125:103.083:2656,Contig:12:45.8538:43152,Contig:131:147.134:1028,Contig:132:58.0439:52243,Contig:133:86.0339:1078,Contig:134:88.3366:8241,Contig:14:109.611:3016,Contig:15:61.0292:16112,Contig:19:123.679:4092,Contig:28:437.228:2107,Contig:30:67.9926:11722,Contig:31:57.0039:9687,Contig:35:189.833:1476,Contig:36:193.023:1258,Contig:37:621.049:768,Contig:45:209.741:2901,Contig:46:75.6624:1029,Contig:48:115.728:1555,Contig:4:98.015:5971,Contig:71:55.1393:7129,Contig:74:163.75:1059,Contig:76:96.265:631,Contig:78:96.0062:867,Contig:79:52.9641:46928,Contig:80:52.3095:150052,Contig:81:91:1533,Contig:83:163.77:3088,Contig:84:47.6813:99441,Contig:87:123.393:1453,Contig:88:167.543:2070,Contig:8:139.037:1456,Contig:90:76.9578:1225,Contig:91:128.698:2505,Contig:92:167.721:1074,Contig:102:118.168:5p:1:7:119,Contig:102:118.168:5p:1:11:487,Contig:102:118.168:5p:1:15:487,Contig:102:118.168:5p:1:19:460,Contig:104:49.395:5p:1:20:264,Contig:104:49.395:5p:1:25:103,Contig:104:49.395:5p:1:26:173,Contig:104:49.395:5p:1:58:311,Contig:104:49.395:5p:1:60:568,Contig:104:49.395:5p:1:69:896,Contig:104:49.395:5p:1:74:257,Contig:104:49.395:5p:1:82:575,Contig:104:49.395:5p:1:87:512,Contig:105:295.133:3p:1:4:111,Contig:105:295.133:3p:1:6:365,Contig:105:295.133:5p:1:9:949,Contig:108:93.9572:3p:1:5:417,Contig:108:93.9572:3p:1:7:789,Contig:108:93.9572:3p:1:12:789,Contig:108:93.9572:3p:1:13:417,Contig:108:93.9572:3p:1:15:789,Contig:108:93.9572:3p:1:16:789,Contig:116:52.9408:5p:1:4:341,Contig:116:52.9408:5p:1:5:119,Contig:116:52.9408:5p:1:6:780,Contig:116:52.9408:5p:1:7:150,Contig:116:52.9408:5p:1:11:338,Contig:116:52.9408:5p:1:13:119,Contig:116:52.9408:5p:1:15:105,Contig:126:104.244:5p:1:5:318,Contig:126:104.244:5p:1:12:536,Contig:32:80.9818:3p:1:2:139,Contig:36:193.023:5p:1:3:130,Contig:36:193.023:5p:1:4:141,Contig:3:178.691:3p:1:3:173,Contig:75:132.869:5p:1:3:119,Contig:75:132.869:5p:1:4:206,Contig:90:76.9578:3p:1:1:119	0	False	0
ecol-SAMN36984458	GP_unb_1	Contig:32:80.9818:9984	4	0.0	0.2843311345264754	1.192921231758435	GP_unb_11	Contig:75:132.869:3p:1:4:145	5	0.0	0.3581528709029371	1.633297768609226	5	-2.122046068335593	19.532641588878967	0.056671338630621904	Contig:100:70.2117:12726,Contig:102:118.168:1755,Contig:105:295.133:822,Contig:108:93.9572:5119,Contig:10:98.0519:1466,Contig:110:49.5145:12501,Contig:122:125.069:2054,Contig:125:103.083:2656,Contig:12:45.8538:43152,Contig:131:147.134:1028,Contig:132:58.0439:52243,Contig:133:86.0339:1078,Contig:134:88.3366:8241,Contig:14:109.611:3016,Contig:15:61.0292:16112,Contig:19:123.679:4092,Contig:28:437.228:2107,Contig:30:67.9926:11722,Contig:31:57.0039:9687,Contig:35:189.833:1476,Contig:36:193.023:1258,Contig:37:621.049:768,Contig:45:209.741:2901,Contig:46:75.6624:1029,Contig:48:115.728:1555,Contig:4:98.015:5971,Contig:71:55.1393:7129,Contig:74:163.75:1059,Contig:76:96.265:631,Contig:78:96.0062:867,Contig:79:52.9641:46928,Contig:80:52.3095:150052,Contig:81:91:1533,Contig:83:163.77:3088,Contig:84:47.6813:99441,Contig:87:123.393:1453,Contig:88:167.543:2070,Contig:8:139.037:1456,Contig:90:76.9578:1225,Contig:91:128.698:2505,Contig:92:167.721:1074,Contig:102:118.168:5p:1:11:487,Contig:102:118.168:5p:1:12:119,Contig:102:118.168:5p:1:15:487,Contig:102:118.168:5p:1:19:460,Contig:104:49.395:5p:1:20:264,Contig:104:49.395:5p:1:25:103,Contig:104:49.395:5p:1:26:173,Contig:104:49.395:5p:1:58:311,Contig:104:49.395:5p:1:60:568,Contig:104:49.395:5p:1:69:896,Contig:104:49.395:5p:1:74:257,Contig:104:49.395:5p:1:82:575,Contig:104:49.395:5p:1:87:512,Contig:105:295.133:3p:1:4:111,Contig:105:295.133:3p:1:6:365,Contig:105:295.133:5p:1:9:949,Contig:108:93.9572:3p:1:5:417,Contig:108:93.9572:3p:1:7:789,Contig:108:93.9572:3p:1:12:789,Contig:108:93.9572:3p:1:13:417,Contig:108:93.9572:3p:1:15:789,Contig:108:93.9572:3p:1:16:789,Contig:116:52.9408:5p:1:4:341,Contig:116:52.9408:5p:1:5:119,Contig:116:52.9408:5p:1:6:780,Contig:116:52.9408:5p:1:7:150,Contig:116:52.9408:5p:1:11:338,Contig:116:52.9408:5p:1:13:119,Contig:116:52.9408:5p:1:15:105,Contig:126:104.244:5p:1:5:318,Contig:126:104.244:5p:1:12:536,Contig:32:80.9818:3p:1:2:139,Contig:36:193.023:5p:1:3:130,Contig:36:193.023:5p:1:4:141,Contig:3:178.691:3p:1:3:173,Contig:75:132.869:5p:1:3:119,Contig:75:132.869:5p:1:4:206,Contig:90:76.9578:3p:1:1:119	0	False	0
ecol-SAMN36984458	GP_unb_1	Contig:32:80.9818:9984	4	0.0	0.2843311345264754	1.192921231758435	GP_unb_12	Contig:75:132.869:5p:1:1:269	4	0.0	0.21795771926231589	1.801768465227087	5	-2.014973046262646	18.94549939703789	0.056671338630604806	Contig:100:70.2117:12726,Contig:102:118.168:1755,Contig:105:295.133:822,Contig:108:93.9572:5119,Contig:110:49.5145:12501,Contig:112:88.291:880,Contig:117:192.357:924,Contig:122:125.069:2054,Contig:125:103.083:2656,Contig:12:45.8538:43152,Contig:131:147.134:1028,Contig:132:58.0439:52243,Contig:133:86.0339:1078,Contig:134:88.3366:8241,Contig:15:61.0292:16112,Contig:19:123.679:4092,Contig:28:437.228:2107,Contig:31:57.0039:9687,Contig:35:189.833:1476,Contig:36:193.023:1258,Contig:37:621.049:768,Contig:3:178.691:1219,Contig:45:209.741:2901,Contig:46:75.6624:1029,Contig:48:115.728:1555,Contig:4:98.015:5971,Contig:71:55.1393:7129,Contig:74:163.75:1059,Contig:76:96.265:631,Contig:78:96.0062:867,Contig:79:52.9641:46928,Contig:81:91:1533,Contig:83:163.77:3088,Contig:84:47.6813:99441,Contig:88:167.543:2070,Contig:8:139.037:1456,Contig:90:76.9578:1225,Contig:91:128.698:2505,Contig:92:167.721:1074,Contig:102:118.168:5p:1:7:119,Contig:102:118.168:5p:1:11:487,Contig:102:118.168:5p:1:15:487,Contig:102:118.168:5p:1:19:460,Contig:104:49.395:5p:1:20:264,Contig:104:49.395:5p:1:25:103,Contig:104:49.395:5p:1:26:173,Contig:104:49.395:5p:1:58:311,Contig:104:49.395:5p:1:60:568,Contig:104:49.395:5p:1:69:896,Contig:104:49.395:5p:1:74:257,Contig:104:49.395:5p:1:82:575,Contig:104:49.395:5p:1:87:512,Contig:105:295.133:3p:1:4:111,Contig:105:295.133:3p:1:6:365,Contig:105:295.133:5p:1:9:949,Contig:108:93.9572:3p:1:5:417,Contig:108:93.9572:3p:1:7:789,Contig:108:93.9572:3p:1:12:789,Contig:108:93.9572:3p:1:13:417,Contig:108:93.9572:3p:1:15:789,Contig:108:93.9572:3p:1:16:789,Contig:116:52.9408:5p:1:4:341,Contig:116:52.9408:5p:1:5:119,Contig:116:52.9408:5p:1:6:780,Contig:116:52.9408:5p:1:7:150,Contig:116:52.9408:5p:1:11:338,Contig:116:52.9408:5p:1:13:119,Contig:116:52.9408:5p:1:15:105,Contig:117:192.357:3p:1:4:252,Contig:126:104.244:5p:1:5:318,Contig:126:104.244:5p:1:12:536,Contig:32:80.9818:3p:1:2:139,Contig:36:193.023:5p:1:3:130,Contig:36:193.023:5p:1:4:141,Contig:3:178.691:3p:1:3:173,Contig:75:132.869:5p:1:3:119,Contig:75:132.869:5p:1:4:206,Contig:83:163.77:3p:1:1:119,Contig:83:163.77:3p:1:2:119,Contig:83:163.77:3p:1:3:505,Contig:90:76.9578:3p:1:1:119	0	False	0
ecol-SAMN36984458	GP_unb_2	Contig:49:59.4901:6992	4	0.0	0.4444352540488372	0.9358642671684987	GP_unb_3	Contig:99:154.806:376	4	0.0	0.41011662141963157	0.7432209504389865	5	-2.126884334000183	19.37865634507122	0.056671338630621904	Contig:102:118.168:1755,Contig:105:295.133:822,Contig:108:93.9572:5119,Contig:110:49.5145:12501,Contig:117:192.357:924,Contig:122:125.069:2054,Contig:125:103.083:2656,Contig:12:45.8538:43152,Contig:131:147.134:1028,Contig:132:58.0439:52243,Contig:133:86.0339:1078,Contig:134:88.3366:8241,Contig:14:109.611:3016,Contig:15:61.0292:16112,Contig:19:123.679:4092,Contig:28:437.228:2107,Contig:31:57.0039:9687,Contig:35:189.833:1476,Contig:36:193.023:1258,Contig:37:621.049:768,Contig:45:209.741:2901,Contig:46:75.6624:1029,Contig:48:115.728:1555,Contig:4:98.015:5971,Contig:71:55.1393:7129,Contig:74:163.75:1059,Contig:76:96.265:631,Contig:78:96.0062:867,Contig:79:52.9641:46928,Contig:80:52.3095:150052,Contig:83:163.77:3088,Contig:85:114.162:3032,Contig:87:123.393:1453,Contig:88:167.543:2070,Contig:8:139.037:1456,Contig:90:76.9578:1225,Contig:91:128.698:2505,Contig:92:167.721:1074,Contig:102:118.168:5p:1:7:119,Contig:102:118.168:5p:1:11:487,Contig:102:118.168:5p:1:15:487,Contig:102:118.168:5p:1:19:460,Contig:104:49.395:5p:1:20:264,Contig:104:49.395:5p:1:25:103,Contig:104:49.395:5p:1:26:173,Contig:104:49.395:5p:1:58:311,Contig:104:49.395:5p:1:60:568,Contig:104:49.395:5p:1:69:896,Contig:104:49.395:5p:1:74:257,Contig:104:49.395:5p:1:79:249,Contig:104:49.395:5p:1:81:442,Contig:104:49.395:5p:1:82:575,Contig:104:49.395:5p:1:87:512,Contig:105:295.133:3p:1:4:111,Contig:105:295.133:3p:1:6:365,Contig:105:295.133:5p:1:9:949,Contig:108:93.9572:3p:1:5:417,Contig:108:93.9572:3p:1:7:789,Contig:108:93.9572:3p:1:12:789,Contig:108:93.9572:3p:1:13:417,Contig:108:93.9572:3p:1:15:789,Contig:108:93.9572:3p:1:16:789,Contig:116:52.9408:5p:1:4:341,Contig:116:52.9408:5p:1:5:119,Contig:116:52.9408:5p:1:6:780,Contig:116:52.9408:5p:1:7:150,Contig:116:52.9408:5p:1:11:338,Contig:116:52.9408:5p:1:13:119,Contig:116:52.9408:5p:1:15:105,Contig:117:192.357:3p:1:4:252,Contig:126:104.244:5p:1:5:318,Contig:126:104.244:5p:1:12:536,Contig:36:193.023:5p:1:3:130,Contig:36:193.023:5p:1:4:141,Contig:3:178.691:3p:1:3:173,Contig:75:132.869:5p:1:3:119,Contig:75:132.869:5p:1:4:206,Contig:83:163.77:3p:1:1:119,Contig:83:163.77:3p:1:2:119,Contig:83:163.77:3p:1:3:505,Contig:90:76.9578:3p:1:1:119	0	False	0
ecol-SAMN36984458	GP_unb_2	Contig:49:59.4901:6992	4	0.0	0.4444352540488372	0.9358642671684987	GP_unb_4	Contig:104:49.395:5p:1:61:314	4	0.0	0.29084851733958494	2.031774243897739	5	-1.6714549134253498	18.808956283907648	0.056671338630621904	Contig:100:70.2117:12726,Contig:102:118.168:1755,Contig:105:295.133:822,Contig:108:93.9572:5119,Contig:117:192.357:924,Contig:122:125.069:2054,Contig:125:103.083:2656,Contig:12:45.8538:43152,Contig:131:147.134:1028,Contig:132:58.0439:52243,Contig:133:86.0339:1078,Contig:134:88.3366:8241,Contig:14:109.611:3016,Contig:15:61.0292:16112,Contig:19:123.679:4092,Contig:28:437.228:2107,Contig:31:57.0039:9687,Contig:34:101.7:1730,Contig:35:189.833:1476,Contig:36:193.023:1258,Contig:37:621.049:768,Contig:45:209.741:2901,Contig:46:75.6624:1029,Contig:48:115.728:1555,Contig:71:55.1393:7129,Contig:74:163.75:1059,Contig:76:96.265:631,Contig:78:96.0062:867,Contig:79:52.9641:46928,Contig:80:52.3095:150052,Contig:81:91:1533,Contig:83:163.77:3088,Contig:87:123.393:1453,Contig:88:167.543:2070,Contig:8:139.037:1456,Contig:90:76.9578:1225,Contig:91:128.698:2505,Contig:92:167.721:1074,Contig:102:118.168:5p:1:11:487,Contig:102:118.168:5p:1:12:119,Contig:102:118.168:5p:1:15:487,Contig:102:118.168:5p:1:19:460,Contig:104:49.395:5p:1:20:264,Contig:104:49.395:5p:1:25:103,Contig:104:49.395:5p:1:26:173,Contig:104:49.395:5p:1:58:311,Contig:104:49.395:5p:1:60:568,Contig:104:49.395:5p:1:69:896,Contig:104:49.395:5p:1:74:257,Contig:104:49.395:5p:1:82:575,Contig:104:49.395:5p:1:87:512,Contig:105:295.133:3p:1:4:111,Contig:105:295.133:3p:1:6:365,Contig:108:93.9572:3p:1:5:417,Contig:108:93.9572:3p:1:7:789,Contig:108:93.9572:3p:1:11:268,Contig:108:93.9572:3p:1:12:789,Contig:108:93.9572:3p:1:13:417,Contig:108:93.9572:3p:1:15:789,Contig:108:93.9572:3p:1:16:789,Contig:116:52.9408:5p:1:4:341,Contig:116:52.9408:5p:1:5:119,Contig:116:52.9408:5p:1:6:780,Contig:116:52.9408:5p:1:7:150,Contig:116:52.9408:5p:1:11:338,Contig:116:52.9408:5p:1:13:119,Contig:116:52.9408:5p:1:15:105,Contig:117:192.357:3p:1:4:252,Contig:126:104.244:5p:1:5:318,Contig:126:104.244:5p:1:12:536,Contig:36:193.023:5p:1:3:130,Contig:36:193.023:5p:1:4:141,Contig:3:178.691:3p:1:3:173,Contig:75:132.869:5p:1:3:119,Contig:75:132.869:5p:1:4:206,Contig:83:163.77:3p:1:1:119,Contig:83:163.77:3p:1:2:119,Contig:83:163.77:3p:1:3:505,Contig:90:76.9578:3p:1:1:119	0	False	0
ecol-SAMN36984458	GP_unb_2	Contig:49:59.4901:6992	4	0.0	0.4444352540488372	0.9358642671684987	GP_unb_5	Contig:104:49.395:5p:1:62:405	5	0.0	0.2514984823989824	13.34502148047909	5	-1.6426985307105637	18.930022611065993	0.056671338630621904	Contig:100:70.2117:12726,Contig:102:118.168:1755,Contig:105:295.133:822,Contig:108:93.9572:5119,Contig:117:192.357:924,Contig:122:125.069:2054,Contig:125:103.083:2656,Contig:12:45.8538:43152,Contig:131:147.134:1028,Contig:132:58.0439:52243,Contig:133:86.0339:1078,Contig:134:88.3366:8241,Contig:14:109.611:3016,Contig:15:61.0292:16112,Contig:19:123.679:4092,Contig:28:437.228:2107,Contig:31:57.0039:9687,Contig:34:101.7:1730,Contig:35:189.833:1476,Contig:36:193.023:1258,Contig:37:621.049:768,Contig:45:209.741:2901,Contig:46:75.6624:1029,Contig:48:115.728:1555,Contig:71:55.1393:7129,Contig:74:163.75:1059,Contig:76:96.265:631,Contig:78:96.0062:867,Contig:79:52.9641:46928,Contig:80:52.3095:150052,Contig:81:91:1533,Contig:83:163.77:3088,Contig:87:123.393:1453,Contig:88:167.543:2070,Contig:8:139.037:1456,Contig:90:76.9578:1225,Contig:91:128.698:2505,Contig:92:167.721:1074,Contig:102:118.168:5p:1:11:487,Contig:102:118.168:5p:1:12:119,Contig:102:118.168:5p:1:15:487,Contig:102:118.168:5p:1:19:460,Contig:104:49.395:5p:1:19:201,Contig:104:49.395:5p:1:20:264,Contig:104:49.395:5p:1:25:103,Contig:104:49.395:5p:1:26:173,Contig:104:49.395:5p:1:58:311,Contig:104:49.395:5p:1:60:568,Contig:104:49.395:5p:1:69:896,Contig:104:49.395:5p:1:74:257,Contig:104:49.395:5p:1:82:575,Contig:104:49.395:5p:1:87:512,Contig:105:295.133:3p:1:4:111,Contig:105:295.133:3p:1:6:365,Contig:108:93.9572:3p:1:5:417,Contig:108:93.9572:3p:1:7:789,Contig:108:93.9572:3p:1:11:268,Contig:108:93.9572:3p:1:12:789,Contig:108:93.9572:3p:1:13:417,Contig:108:93.9572:3p:1:15:789,Contig:108:93.9572:3p:1:16:789,Contig:116:52.9408:5p:1:4:341,Contig:116:52.9408:5p:1:5:119,Contig:116:52.9408:5p:1:6:780,Contig:116:52.9408:5p:1:7:150,Contig:116:52.9408:5p:1:11:338,Contig:116:52.9408:5p:1:13:119,Contig:116:52.9408:5p:1:15:105,Contig:117:192.357:3p:1:4:252,Contig:126:104.244:5p:1:5:318,Contig:126:104.244:5p:1:12:536,Contig:36:193.023:5p:1:3:130,Contig:36:193.023:5p:1:4:141,Contig:3:178.691:3p:1:3:173,Contig:75:132.869:5p:1:3:119,Contig:75:132.869:5p:1:4:206,Contig:83:163.77:3p:1:1:119,Contig:83:163.77:3p:1:2:119,Contig:83:163.77:3p:1:3:505,Contig:90:76.9578:3p:1:1:119	0	False	0
ecol-SAMN36984458	GP_unb_2	Contig:49:59.4901:6992	4	0.0	0.4444352540488372	0.9358642671684987	GP_unb_6	Contig:105:295.133:5p:1:5:682	5	0.0	0.4783319166180734	4.957421318188026	5	-1.7971026249369513	19.11381648245358	0.056671338630621904	Contig:100:70.2117:12726,Contig:102:118.168:1755,Contig:105:295.133:822,Contig:108:93.9572:5119,Contig:110:49.5145:12501,Contig:117:192.357:924,Contig:122:125.069:2054,Contig:125:103.083:2656,Contig:12:45.8538:43152,Contig:131:147.134:1028,Contig:132:58.0439:52243,Contig:133:86.0339:1078,Contig:134:88.3366:8241,Contig:14:109.611:3016,Contig:15:61.0292:16112,Contig:19:123.679:4092,Contig:28:437.228:2107,Contig:31:57.0039:9687,Contig:35:189.833:1476,Contig:36:193.023:1258,Contig:37:621.049:768,Contig:45:209.741:2901,Contig:46:75.6624:1029,Contig:48:115.728:1555,Contig:71:55.1393:7129,Contig:74:163.75:1059,Contig:76:96.265:631,Contig:78:96.0062:867,Contig:79:52.9641:46928,Contig:80:52.3095:150052,Contig:81:91:1533,Contig:83:163.77:3088,Contig:87:123.393:1453,Contig:88:167.543:2070,Contig:8:139.037:1456,Contig:90:76.9578:1225,Contig:91:128.698:2505,Contig:92:167.721:1074,Contig:102:118.168:5p:1:7:119,Contig:102:118.168:5p:1:11:487,Contig:102:118.168:5p:1:15:487,Contig:102:118.168:5p:1:19:460,Contig:104:49.395:5p:1:20:264,Contig:104:49.395:5p:1:25:103,Contig:104:49.395:5p:1:26:173,Contig:104:49.395:5p:1:58:311,Contig:104:49.395:5p:1:60:568,Contig:104:49.395:5p:1:69:896,Contig:104:49.395:5p:1:74:257,Contig:104:49.395:5p:1:82:575,Contig:104:49.395:5p:1:87:512,Contig:105:295.133:3p:1:4:111,Contig:105:295.133:3p:1:6:365,Contig:108:93.9572:3p:1:5:417,Contig:108:93.9572:3p:1:7:789,Contig:108:93.9572:3p:1:11:268,Contig:108:93.9572:3p:1:12:789,Contig:108:93.9572:3p:1:13:417,Contig:108:93.9572:3p:1:15:789,Contig:108:93.9572:3p:1:16:789,Contig:116:52.9408:5p:1:4:341,Contig:116:52.9408:5p:1:5:119,Contig:116:52.9408:5p:1:6:780,Contig:116:52.9408:5p:1:7:150,Contig:116:52.9408:5p:1:11:338,Contig:116:52.9408:5p:1:13:119,Contig:116:52.9408:5p:1:15:105,Contig:117:192.357:3p:1:4:252,Contig:126:104.244:5p:1:5:318,Contig:126:104.244:5p:1:12:536,Contig:36:193.023:5p:1:3:130,Contig:36:193.023:5p:1:4:141,Contig:3:178.691:3p:1:3:173,Contig:75:132.869:5p:1:3:119,Contig:75:132.869:5p:1:4:206,Contig:83:163.77:3p:1:1:119,Contig:83:163.77:3p:1:2:119,Contig:83:163.77:3p:1:3:505,Contig:90:76.9578:3p:1:1:119	0	False	0
ecol-SAMN36984458	GP_unb_2	Contig:49:59.4901:6992	4	0.0	0.4444352540488372	0.9358642671684987	GP_unb_7	Contig:116:52.9408:5p:1:14:312	5	0.0	0.28020601656120236	2.216446227038547	5	-1.6855621764732716	18.875939268848388	0.056671338630621904	Contig:100:70.2117:12726,Contig:101:150.391:3546,Contig:102:118.168:1755,Contig:105:295.133:822,Contig:108:93.9572:5119,Contig:110:49.5145:12501,Contig:112:88.291:880,Contig:117:192.357:924,Contig:122:125.069:2054,Contig:125:103.083:2656,Contig:12:45.8538:43152,Contig:131:147.134:1028,Contig:14:109.611:3016,Contig:15:61.0292:16112,Contig:19:123.679:4092,Contig:28:437.228:2107,Contig:2:186.773:584,Contig:31:57.0039:9687,Contig:34:101.7:1730,Contig:35:189.833:1476,Contig:37:621.049:768,Contig:45:209.741:2901,Contig:46:75.6624:1029,Contig:48:115.728:1555,Contig:71:55.1393:7129,Contig:74:163.75:1059,Contig:76:96.265:631,Contig:78:96.0062:867,Contig:79:52.9641:46928,Contig:80:52.3095:150052,Contig:81:91:1533,Contig:83:163.77:3088,Contig:87:123.393:1453,Contig:88:167.543:2070,Contig:8:139.037:1456,Contig:90:76.9578:1225,Contig:91:128.698:2505,Contig:92:167.721:1074,Contig:102:118.168:5p:1:11:487,Contig:102:118.168:5p:1:12:119,Contig:102:118.168:5p:1:15:487,Contig:102:118.168:5p:1:19:460,Contig:104:49.395:5p:1:20:264,Contig:104:49.395:5p:1:25:103,Contig:104:49.395:5p:1:26:173,Contig:104:49.395:5p:1:58:311,Contig:104:49.395:5p:1:60:568,Contig:104:49.395:5p:1:69:896,Contig:104:49.395:5p:1:74:257,Contig:104:49.395:5p:1:82:575,Contig:104:49.395:5p:1:87:512,Contig:105:295.133:3p:1:4:111,Contig:105:295.133:3p:1:6:365,Contig:108:93.9572:3p:1:5:417,Contig:108:93.9572:3p:1:7:789,Contig:108:93.9572:3p:1:11:268,Contig:108:93.9572:3p:1:12:789,Contig:108:93.9572:3p:1:13:417,Contig:108:93.9572:3p:1:15:789,Contig:108:93.9572:3p:1:16:789,Contig:116:52.9408:5p:1:4:341,Contig:116:52.9408:5p:1:5:119,Contig:116:52.9408:5p:1:6:780,Contig:116:52.9408:5p:1:7:150,Contig:116:52.9408:5p:1:11:338,Contig:116:52.9408:5p:1:13:119,Contig:116:52.9408:5p:1:15:105,Contig:117:192.357:3p:1:4:252,Contig:126:104.244:5p:1:5:318,Contig:126:104.244:5p:1:12:536,Contig:3:178.691:3p:1:3:173,Contig:75:132.869:5p:1:3:119,Contig:75:132.869:5p:1:4:206,Contig:83:163.77:3p:1:1:119,Contig:83:163.77:3p:1:2:119,Contig:83:163.77:3p:1:3:505,Contig:90:76.9578:3p:1:1:119	0	False	0
ecol-SAMN36984458	GP_unb_2	Contig:49:59.4901:6992	4	0.0	0.4444352540488372	0.9358642671684987	GP_unb_8	Contig:126:104.244:5p:1:17:803	5	0.0	0.41977206949054036	4.14432388639984	5	-1.635036718387739	19.270488139458337	0.05667133863062199	Contig:100:70.2117:12726,Contig:102:118.168:1755,Contig:105:295.133:822,Contig:108:93.9572:5119,Contig:110:49.5145:12501,Contig:117:192.357:924,Contig:122:125.069:2054,Contig:125:103.083:2656,Contig:12:45.8538:43152,Contig:131:147.134:1028,Contig:14:109.611:3016,Contig:15:61.0292:16112,Contig:19:123.679:4092,Contig:28:437.228:2107,Contig:31:57.0039:9687,Contig:34:101.7:1730,Contig:35:189.833:1476,Contig:36:193.023:1258,Contig:37:621.049:768,Contig:45:209.741:2901,Contig:46:75.6624:1029,Contig:48:115.728:1555,Contig:71:55.1393:7129,Contig:74:163.75:1059,Contig:76:96.265:631,Contig:78:96.0062:867,Contig:79:52.9641:46928,Contig:80:52.3095:150052,Contig:81:91:1533,Contig:83:163.77:3088,Contig:87:123.393:1453,Contig:88:167.543:2070,Contig:8:139.037:1456,Contig:90:76.9578:1225,Contig:91:128.698:2505,Contig:92:167.721:1074,Contig:102:118.168:5p:1:11:487,Contig:102:118.168:5p:1:12:119,Contig:102:118.168:5p:1:15:487,Contig:102:118.168:5p:1:19:460,Contig:104:49.395:5p:1:20:264,Contig:104:49.395:5p:1:25:103,Contig:104:49.395:5p:1:26:173,Contig:104:49.395:5p:1:58:311,Contig:104:49.395:5p:1:60:568,Contig:104:49.395:5p:1:69:896,Contig:104:49.395:5p:1:74:257,Contig:104:49.395:5p:1:82:575,Contig:104:49.395:5p:1:87:512,Contig:105:295.133:3p:1:4:111,Contig:105:295.133:3p:1:6:365,Contig:108:93.9572:3p:1:5:417,Contig:108:93.9572:3p:1:7:789,Contig:108:93.9572:3p:1:11:268,Contig:108:93.9572:3p:1:12:789,Contig:108:93.9572:3p:1:13:417,Contig:108:93.9572:3p:1:15:789,Contig:108:93.9572:3p:1:16:789,Contig:116:52.9408:5p:1:4:341,Contig:116:52.9408:5p:1:5:119,Contig:116:52.9408:5p:1:6:780,Contig:116:52.9408:5p:1:7:150,Contig:116:52.9408:5p:1:11:338,Contig:116:52.9408:5p:1:13:119,Contig:116:52.9408:5p:1:15:105,Contig:117:192.357:3p:1:4:252,Contig:126:104.244:5p:1:5:318,Contig:126:104.244:5p:1:12:536,Contig:3:178.691:3p:1:3:173,Contig:75:132.869:5p:1:3:119,Contig:75:132.869:5p:1:4:206,Contig:83:163.77:3p:1:1:119,Contig:83:163.77:3p:1:2:119,Contig:83:163.77:3p:1:3:505,Contig:90:76.9578:3p:1:1:119	0	False	0
ecol-SAMN36984458	GP_unb_2	Contig:49:59.4901:6992	4	0.0	0.4444352540488372	0.9358642671684987	GP_unb_9	Contig:27:270.615:3p:1:4:699	4	0.0	0.09182128860709671	4.217563138527008	5	-2.0998307241560297	17.71399773804649	0.056671338630621904	Contig:100:70.2117:12726,Contig:102:118.168:1755,Contig:104:49.395:89566,Contig:105:295.133:822,Contig:108:93.9572:5119,Contig:110:49.5145:12501,Contig:117:192.357:924,Contig:122:125.069:2054,Contig:125:103.083:2656,Contig:12:45.8538:43152,Contig:131:147.134:1028,Contig:132:58.0439:52243,Contig:133:86.0339:1078,Contig:134:88.3366:8241,Contig:14:109.611:3016,Contig:15:61.0292:16112,Contig:19:123.679:4092,Contig:22:267.298:2474,Contig:28:437.228:2107,Contig:31:57.0039:9687,Contig:35:189.833:1476,Contig:36:193.023:1258,Contig:37:621.049:768,Contig:38:40.1569:356106,Contig:45:209.741:2901,Contig:46:75.6624:1029,Contig:48:115.728:1555,Contig:71:55.1393:7129,Contig:74:163.75:1059,Contig:76:96.265:631,Contig:78:96.0062:867,Contig:79:52.9641:46928,Contig:80:52.3095:150052,Contig:81:91:1533,Contig:83:163.77:3088,Contig:87:123.393:1453,Contig:88:167.543:2070,Contig:8:139.037:1456,Contig:90:76.9578:1225,Contig:91:128.698:2505,Contig:92:167.721:1074,Contig:95:208.818:973,Contig:102:118.168:5p:1:5:119,Contig:102:118.168:5p:1:11:487,Contig:102:118.168:5p:1:15:487,Contig:102:118.168:5p:1:19:460,Contig:104:49.395:5p:1:20:264,Contig:104:49.395:5p:1:25:103,Contig:104:49.395:5p:1:26:173,Contig:104:49.395:5p:1:58:311,Contig:104:49.395:5p:1:60:568,Contig:104:49.395:5p:1:69:896,Contig:104:49.395:5p:1:74:257,Contig:104:49.395:5p:1:82:575,Contig:104:49.395:5p:1:87:512,Contig:105:295.133:3p:1:4:111,Contig:105:295.133:3p:1:6:365,Contig:105:295.133:5p:1:9:949,Contig:108:93.9572:3p:1:5:417,Contig:108:93.9572:3p:1:7:789,Contig:108:93.9572:3p:1:11:268,Contig:108:93.9572:3p:1:12:789,Contig:108:93.9572:3p:1:13:417,Contig:108:93.9572:3p:1:15:789,Contig:108:93.9572:3p:1:16:789,Contig:116:52.9408:5p:1:4:341,Contig:116:52.9408:5p:1:5:119,Contig:116:52.9408:5p:1:6:780,Contig:116:52.9408:5p:1:7:150,Contig:116:52.9408:5p:1:11:338,Contig:116:52.9408:5p:1:13:119,Contig:116:52.9408:5p:1:15:105,Contig:117:192.357:3p:1:4:252,Contig:126:104.244:5p:1:5:318,Contig:126:104.244:5p:1:12:536,Contig:27:270.615:3p:1:8:293,Contig:36:193.023:5p:1:3:130,Contig:36:193.023:5p:1:4:141,Contig:3:178.691:3p:1:3:173,Contig:75:132.869:5p:1:3:119,Contig:75:132.869:5p:1:4:206,Contig:83:163.77:3p:1:1:119,Contig:83:163.77:3p:1:2:119,Contig:83:163.77:3p:1:3:505,Contig:90:76.9578:3p:1:1:119	0	False	0
ecol-SAMN36984458	GP_unb_2	Contig:49:59.4901:6992	4	0.0	0.4444352540488372	0.9358642671684987	GP_unb_10	Contig:75:132.869:3p:1:3:145	5	0.0	0.42503859778011344	1.4907299939065037	5	-2.1897143271153494	19.843773682253993	0.056671338630621904	Contig:102:118.168:1755,Contig:105:295.133:822,Contig:108:93.9572:5119,Contig:10:98.0519:1466,Contig:110:49.5145:12501,Contig:112:88.291:880,Contig:122:125.069:2054,Contig:125:103.083:2656,Contig:12:45.8538:43152,Contig:131:147.134:1028,Contig:132:58.0439:52243,Contig:133:86.0339:1078,Contig:134:88.3366:8241,Contig:14:109.611:3016,Contig:15:61.0292:16112,Contig:18:144.773:3487,Contig:19:123.679:4092,Contig:28:437.228:2107,Contig:30:67.9926:11722,Contig:31:57.0039:9687,Contig:35:189.833:1476,Contig:36:193.023:1258,Contig:37:621.049:768,Contig:3:178.691:1219,Contig:45:209.741:2901,Contig:46:75.6624:1029,Contig:48:115.728:1555,Contig:4:98.015:5971,Contig:71:55.1393:7129,Contig:72:100.81:8059,Contig:74:163.75:1059,Contig:76:96.265:631,Contig:78:96.0062:867,Contig:79:52.9641:46928,Contig:80:52.3095:150052,Contig:83:163.77:3088,Contig:88:167.543:2070,Contig:8:139.037:1456,Contig:90:76.9578:1225,Contig:91:128.698:2505,Contig:92:167.721:1074,Contig:9:85.1583:1525,Contig:102:118.168:5p:1:7:119,Contig:102:118.168:5p:1:11:487,Contig:102:118.168:5p:1:15:487,Contig:102:118.168:5p:1:19:460,Contig:104:49.395:5p:1:20:264,Contig:104:49.395:5p:1:25:103,Contig:104:49.395:5p:1:26:173,Contig:104:49.395:5p:1:58:311,Contig:104:49.395:5p:1:60:568,Contig:104:49.395:5p:1:69:896,Contig:104:49.395:5p:1:74:257,Contig:104:49.395:5p:1:79:249,Contig:104:49.395:5p:1:81:442,Contig:104:49.395:5p:1:82:575,Contig:104:49.395:5p:1:87:512,Contig:105:295.133:3p:1:4:111,Contig:105:295.133:3p:1:6:365,Contig:105:295.133:5p:1:9:949,Contig:108:93.9572:3p:1:5:417,Contig:108:93.9572:3p:1:7:789,Contig:108:93.9572:3p:1:12:789,Contig:108:93.9572:3p:1:13:417,Contig:108:93.9572:3p:1:15:789,Contig:108:93.9572:3p:1:16:789,Contig:116:52.9408:5p:1:4:341,Contig:116:52.9408:5p:1:5:119,Contig:116:52.9408:5p:1:6:780,Contig:116:52.9408:5p:1:7:150,Contig:116:52.9408:5p:1:11:338,Contig:116:52.9408:5p:1:13:119,Contig:116:52.9408:5p:1:15:105,Contig:126:104.244:5p:1:5:318,Contig:126:104.244:5p:1:12:536,Contig:36:193.023:5p:1:3:130,Contig:36:193.023:5p:1:4:141,Contig:3:178.691:3p:1:3:173,Contig:75:132.869:5p:1:3:119,Contig:75:132.869:5p:1:4:206,Contig:90:76.9578:3p:1:1:119	0	False	0
ecol-SAMN36984458	GP_unb_2	Contig:49:59.4901:6992	4	0.0	0.4444352540488372	0.9358642671684987	GP_unb_11	Contig:75:132.869:3p:1:4:145	5	0.0	0.3581528709029371	1.633297768609226	5	-2.1897143271153494	19.776887955376818	0.056671338630621904	Contig:102:118.168:1755,Contig:105:295.133:822,Contig:108:93.9572:5119,Contig:10:98.0519:1466,Contig:110:49.5145:12501,Contig:112:88.291:880,Contig:122:125.069:2054,Contig:125:103.083:2656,Contig:12:45.8538:43152,Contig:131:147.134:1028,Contig:132:58.0439:52243,Contig:133:86.0339:1078,Contig:134:88.3366:8241,Contig:14:109.611:3016,Contig:15:61.0292:16112,Contig:18:144.773:3487,Contig:19:123.679:4092,Contig:28:437.228:2107,Contig:30:67.9926:11722,Contig:31:57.0039:9687,Contig:35:189.833:1476,Contig:36:193.023:1258,Contig:37:621.049:768,Contig:3:178.691:1219,Contig:45:209.741:2901,Contig:46:75.6624:1029,Contig:48:115.728:1555,Contig:4:98.015:5971,Contig:71:55.1393:7129,Contig:72:100.81:8059,Contig:74:163.75:1059,Contig:76:96.265:631,Contig:78:96.0062:867,Contig:79:52.9641:46928,Contig:80:52.3095:150052,Contig:83:163.77:3088,Contig:88:167.543:2070,Contig:8:139.037:1456,Contig:90:76.9578:1225,Contig:91:128.698:2505,Contig:92:167.721:1074,Contig:9:85.1583:1525,Contig:102:118.168:5p:1:11:487,Contig:102:118.168:5p:1:12:119,Contig:102:118.168:5p:1:15:487,Contig:102:118.168:5p:1:19:460,Contig:104:49.395:5p:1:20:264,Contig:104:49.395:5p:1:25:103,Contig:104:49.395:5p:1:26:173,Contig:104:49.395:5p:1:58:311,Contig:104:49.395:5p:1:60:568,Contig:104:49.395:5p:1:69:896,Contig:104:49.395:5p:1:74:257,Contig:104:49.395:5p:1:79:249,Contig:104:49.395:5p:1:81:442,Contig:104:49.395:5p:1:82:575,Contig:104:49.395:5p:1:87:512,Contig:105:295.133:3p:1:4:111,Contig:105:295.133:3p:1:6:365,Contig:105:295.133:5p:1:9:949,Contig:108:93.9572:3p:1:5:417,Contig:108:93.9572:3p:1:7:789,Contig:108:93.9572:3p:1:12:789,Contig:108:93.9572:3p:1:13:417,Contig:108:93.9572:3p:1:15:789,Contig:108:93.9572:3p:1:16:789,Contig:116:52.9408:5p:1:4:341,Contig:116:52.9408:5p:1:5:119,Contig:116:52.9408:5p:1:6:780,Contig:116:52.9408:5p:1:7:150,Contig:116:52.9408:5p:1:11:338,Contig:116:52.9408:5p:1:13:119,Contig:116:52.9408:5p:1:15:105,Contig:126:104.244:5p:1:5:318,Contig:126:104.244:5p:1:12:536,Contig:36:193.023:5p:1:3:130,Contig:36:193.023:5p:1:4:141,Contig:3:178.691:3p:1:3:173,Contig:75:132.869:5p:1:3:119,Contig:75:132.869:5p:1:4:206,Contig:90:76.9578:3p:1:1:119	0	False	0
ecol-SAMN36984458	GP_unb_2	Contig:49:59.4901:6992	4	0.0	0.4444352540488372	0.9358642671684987	GP_unb_12	Contig:75:132.869:5p:1:1:269	4	0.0	0.21795771926231589	1.801768465227087	5	-1.7893991157064095	18.665259083462978	0.056671338630621904	Contig:100:70.2117:12726,Contig:102:118.168:1755,Contig:105:295.133:822,Contig:108:93.9572:5119,Contig:110:49.5145:12501,Contig:112:88.291:880,Contig:117:192.357:924,Contig:122:125.069:2054,Contig:125:103.083:2656,Contig:12:45.8538:43152,Contig:131:147.134:1028,Contig:132:58.0439:52243,Contig:134:88.3366:8241,Contig:15:61.0292:16112,Contig:19:123.679:4092,Contig:28:437.228:2107,Contig:31:57.0039:9687,Contig:34:101.7:1730,Contig:35:189.833:1476,Contig:36:193.023:1258,Contig:37:621.049:768,Contig:3:178.691:1219,Contig:45:209.741:2901,Contig:46:75.6624:1029,Contig:48:115.728:1555,Contig:5:57.8788:3941,Contig:74:163.75:1059,Contig:76:96.265:631,Contig:78:96.0062:867,Contig:79:52.9641:46928,Contig:80:52.3095:150052,Contig:81:91:1533,Contig:83:163.77:3088,Contig:88:167.543:2070,Contig:8:139.037:1456,Contig:90:76.9578:1225,Contig:91:128.698:2505,Contig:92:167.721:1074,Contig:102:118.168:5p:1:5:119,Contig:102:118.168:5p:1:11:487,Contig:102:118.168:5p:1:15:487,Contig:102:118.168:5p:1:19:460,Contig:104:49.395:5p:1:20:264,Contig:104:49.395:5p:1:25:103,Contig:104:49.395:5p:1:26:173,Contig:104:49.395:5p:1:58:311,Contig:104:49.395:5p:1:60:568,Contig:104:49.395:5p:1:69:896,Contig:104:49.395:5p:1:74:257,Contig:104:49.395:5p:1:82:575,Contig:104:49.395:5p:1:87:512,Contig:105:295.133:3p:1:4:111,Contig:105:295.133:3p:1:6:365,Contig:108:93.9572:3p:1:5:417,Contig:108:93.9572:3p:1:7:789,Contig:108:93.9572:3p:1:11:268,Contig:108:93.9572:3p:1:12:789,Contig:108:93.9572:3p:1:13:417,Contig:108:93.9572:3p:1:15:789,Contig:108:93.9572:3p:1:16:789,Contig:116:52.9408:5p:1:4:341,Contig:116:52.9408:5p:1:5:119,Contig:116:52.9408:5p:1:6:780,Contig:116:52.9408:5p:1:7:150,Contig:116:52.9408:5p:1:11:338,Contig:116:52.9408:5p:1:13:119,Contig:116:52.9408:5p:1:15:105,Contig:117:192.357:3p:1:4:252,Contig:126:104.244:5p:1:5:318,Contig:126:104.244:5p:1:12:536,Contig:36:193.023:5p:1:3:130,Contig:36:193.023:5p:1:4:141,Contig:3:178.691:3p:1:3:173,Contig:75:132.869:5p:1:3:119,Contig:75:132.869:5p:1:4:206,Contig:83:163.77:3p:1:1:119,Contig:83:163.77:3p:1:2:119,Contig:83:163.77:3p:1:3:505,Contig:90:76.9578:3p:1:1:119	0	False	0
ecol-SAMN36984458	GP_unb_3	Contig:99:154.806:376	4	0.0	0.41011662141963157	0.7432209504389865	GP_unb_4	Contig:104:49.395:5p:1:61:314	4	0.0	0.29084851733958494	2.031774243897739	5	-1.7743146684168365	18.498280914989436	0.056671338630621904	Contig:100:70.2117:12726,Contig:101:150.391:3546,Contig:102:118.168:1755,Contig:105:295.133:822,Contig:108:93.9572:5119,Contig:111:66.2141:10724,Contig:112:88.291:880,Contig:117:192.357:924,Contig:122:125.069:2054,Contig:125:103.083:2656,Contig:12:45.8538:43152,Contig:131:147.134:1028,Contig:132:58.0439:52243,Contig:133:86.0339:1078,Contig:134:88.3366:8241,Contig:14:109.611:3016,Contig:15:61.0292:16112,Contig:19:123.679:4092,Contig:1:92.8013:4279,Contig:24:77.2636:4192,Contig:28:437.228:2107,Contig:2:186.773:584,Contig:31:57.0039:9687,Contig:35:189.833:1476,Contig:36:193.023:1258,Contig:37:621.049:768,Contig:3:178.691:1219,Contig:45:209.741:2901,Contig:46:75.6624:1029,Contig:48:115.728:1555,Contig:51:102.167:1077,Contig:71:55.1393:7129,Contig:74:163.75:1059,Contig:76:96.265:631,Contig:78:96.0062:867,Contig:79:52.9641:46928,Contig:81:91:1533,Contig:83:163.77:3088,Contig:84:47.6813:99441,Contig:88:167.543:2070,Contig:8:139.037:1456,Contig:90:76.9578:1225,Contig:91:128.698:2505,Contig:92:167.721:1074,Contig:97:80.7141:688,Contig:102:118.168:5p:1:11:487,Contig:102:118.168:5p:1:12:119,Contig:102:118.168:5p:1:15:487,Contig:102:118.168:5p:1:19:460,Contig:104:49.395:5p:1:20:264,Contig:104:49.395:5p:1:25:103,Contig:104:49.395:5p:1:26:173,Contig:104:49.395:5p:1:58:311,Contig:104:49.395:5p:1:60:568,Contig:104:49.395:5p:1:69:896,Contig:104:49.395:5p:1:74:257,Contig:104:49.395:5p:1:82:575,Contig:104:49.395:5p:1:87:512,Contig:105:295.133:3p:1:4:111,Contig:105:295.133:3p:1:6:365,Contig:108:93.9572:3p:1:5:417,Contig:108:93.9572:3p:1:7:789,Contig:108:93.9572:3p:1:11:268,Contig:108:93.9572:3p:1:12:789,Contig:108:93.9572:3p:1:13:417,Contig:108:93.9572:3p:1:15:789,Contig:108:93.9572:3p:1:16:789,Contig:116:52.9408:5p:1:4:341,Contig:116:52.9408:5p:1:5:119,Contig:116:52.9408:5p:1:6:780,Contig:116:52.9408:5p:1:7:150,Contig:116:52.9408:5p:1:11:338,Contig:116:52.9408:5p:1:13:119,Contig:116:52.9408:5p:1:15:105,Contig:117:192.357:3p:1:4:252,Contig:126:104.244:5p:1:5:318,Contig:126:104.244:5p:1:12:536,Contig:36:193.023:5p:1:3:130,Contig:36:193.023:5p:1:4:141,Contig:3:178.691:3p:1:3:173,Contig:75:132.869:5p:1:3:119,Contig:75:132.869:5p:1:4:206,Contig:83:163.77:3p:1:1:119,Contig:83:163.77:3p:1:2:119,Contig:83:163.77:3p:1:3:505,Contig:90:76.9578:3p:1:1:119	0	False	0
ecol-SAMN36984458	GP_unb_3	Contig:99:154.806:376	4	0.0	0.41011662141963157	0.7432209504389865	GP_unb_5	Contig:104:49.395:5p:1:62:405	5	0.0	0.2514984823989824	13.34502148047909	5	-1.74555828570205	18.619347242147782	0.056671338630621904	Contig:100:70.2117:12726,Contig:101:150.391:3546,Contig:102:118.168:1755,Contig:105:295.133:822,Contig:108:93.9572:5119,Contig:111:66.2141:10724,Contig:112:88.291:880,Contig:117:192.357:924,Contig:122:125.069:2054,Contig:125:103.083:2656,Contig:12:45.8538:43152,Contig:131:147.134:1028,Contig:132:58.0439:52243,Contig:133:86.0339:1078,Contig:134:88.3366:8241,Contig:14:109.611:3016,Contig:15:61.0292:16112,Contig:19:123.679:4092,Contig:1:92.8013:4279,Contig:24:77.2636:4192,Contig:28:437.228:2107,Contig:2:186.773:584,Contig:31:57.0039:9687,Contig:35:189.833:1476,Contig:36:193.023:1258,Contig:37:621.049:768,Contig:3:178.691:1219,Contig:45:209.741:2901,Contig:46:75.6624:1029,Contig:48:115.728:1555,Contig:51:102.167:1077,Contig:71:55.1393:7129,Contig:74:163.75:1059,Contig:76:96.265:631,Contig:78:96.0062:867,Contig:79:52.9641:46928,Contig:81:91:1533,Contig:83:163.77:3088,Contig:84:47.6813:99441,Contig:88:167.543:2070,Contig:8:139.037:1456,Contig:90:76.9578:1225,Contig:91:128.698:2505,Contig:92:167.721:1074,Contig:97:80.7141:688,Contig:102:118.168:5p:1:5:119,Contig:102:118.168:5p:1:11:487,Contig:102:118.168:5p:1:15:487,Contig:102:118.168:5p:1:19:460,Contig:104:49.395:5p:1:19:201,Contig:104:49.395:5p:1:20:264,Contig:104:49.395:5p:1:25:103,Contig:104:49.395:5p:1:26:173,Contig:104:49.395:5p:1:58:311,Contig:104:49.395:5p:1:60:568,Contig:104:49.395:5p:1:69:896,Contig:104:49.395:5p:1:74:257,Contig:104:49.395:5p:1:82:575,Contig:104:49.395:5p:1:87:512,Contig:105:295.133:3p:1:4:111,Contig:105:295.133:3p:1:6:365,Contig:108:93.9572:3p:1:5:417,Contig:108:93.9572:3p:1:7:789,Contig:108:93.9572:3p:1:11:268,Contig:108:93.9572:3p:1:12:789,Contig:108:93.9572:3p:1:13:417,Contig:108:93.9572:3p:1:15:789,Contig:108:93.9572:3p:1:16:789,Contig:116:52.9408:5p:1:4:341,Contig:116:52.9408:5p:1:5:119,Contig:116:52.9408:5p:1:6:780,Contig:116:52.9408:5p:1:7:150,Contig:116:52.9408:5p:1:11:338,Contig:116:52.9408:5p:1:13:119,Contig:116:52.9408:5p:1:15:105,Contig:117:192.357:3p:1:4:252,Contig:126:104.244:5p:1:5:318,Contig:126:104.244:5p:1:12:536,Contig:36:193.023:5p:1:3:130,Contig:36:193.023:5p:1:4:141,Contig:3:178.691:3p:1:3:173,Contig:75:132.869:5p:1:3:119,Contig:75:132.869:5p:1:4:206,Contig:83:163.77:3p:1:1:119,Contig:83:163.77:3p:1:2:119,Contig:83:163.77:3p:1:3:505,Contig:90:76.9578:3p:1:1:119	0	False	0
ecol-SAMN36984458	GP_unb_3	Contig:99:154.806:376	4	0.0	0.41011662141963157	0.7432209504389865	GP_unb_6	Contig:105:295.133:5p:1:5:682	5	0.0	0.4783319166180734	4.957421318188026	5	-2.126178730644918	19.16587466751961	0.056671338630621904	Contig:100:70.2117:12726,Contig:102:118.168:1755,Contig:105:295.133:822,Contig:108:93.9572:5119,Contig:110:49.5145:12501,Contig:112:88.291:880,Contig:117:192.357:924,Contig:122:125.069:2054,Contig:125:103.083:2656,Contig:12:45.8538:43152,Contig:131:147.134:1028,Contig:132:58.0439:52243,Contig:133:86.0339:1078,Contig:134:88.3366:8241,Contig:14:109.611:3016,Contig:15:61.0292:16112,Contig:18:144.773:3487,Contig:19:123.679:4092,Contig:28:437.228:2107,Contig:31:57.0039:9687,Contig:35:189.833:1476,Contig:36:193.023:1258,Contig:37:621.049:768,Contig:3:178.691:1219,Contig:45:209.741:2901,Contig:46:75.6624:1029,Contig:48:115.728:1555,Contig:71:55.1393:7129,Contig:72:100.81:8059,Contig:74:163.75:1059,Contig:76:96.265:631,Contig:78:96.0062:867,Contig:79:52.9641:46928,Contig:81:91:1533,Contig:83:163.77:3088,Contig:84:47.6813:99441,Contig:85:114.162:3032,Contig:88:167.543:2070,Contig:8:139.037:1456,Contig:90:76.9578:1225,Contig:91:128.698:2505,Contig:92:167.721:1074,Contig:9:85.1583:1525,Contig:102:118.168:5p:1:7:119,Contig:102:118.168:5p:1:11:487,Contig:102:118.168:5p:1:15:487,Contig:102:118.168:5p:1:19:460,Contig:104:49.395:5p:1:20:264,Contig:104:49.395:5p:1:25:103,Contig:104:49.395:5p:1:26:173,Contig:104:49.395:5p:1:58:311,Contig:104:49.395:5p:1:60:568,Contig:104:49.395:5p:1:69:896,Contig:104:49.395:5p:1:74:257,Contig:104:49.395:5p:1:79:249,Contig:104:49.395:5p:1:82:575,Contig:104:49.395:5p:1:87:512,Contig:105:295.133:3p:1:4:111,Contig:105:295.133:3p:1:6:365,Contig:108:93.9572:3p:1:5:417,Contig:108:93.9572:3p:1:7:789,Contig:108:93.9572:3p:1:11:268,Contig:108:93.9572:3p:1:12:789,Contig:108:93.9572:3p:1:13:417,Contig:108:93.9572:3p:1:15:789,Contig:108:93.9572:3p:1:16:789,Contig:116:52.9408:5p:1:4:341,Contig:116:52.9408:5p:1:5:119,Contig:116:52.9408:5p:1:6:780,Contig:116:52.9408:5p:1:7:150,Contig:116:52.9408:5p:1:11:338,Contig:116:52.9408:5p:1:13:119,Contig:116:52.9408:5p:1:15:105,Contig:117:192.357:3p:1:4:252,Contig:126:104.244:5p:1:5:318,Contig:126:104.244:5p:1:12:536,Contig:36:193.023:5p:1:3:130,Contig:36:193.023:5p:1:4:141,Contig:3:178.691:3p:1:3:173,Contig:75:132.869:5p:1:3:119,Contig:75:132.869:5p:1:4:206,Contig:83:163.77:3p:1:1:119,Contig:83:163.77:3p:1:2:119,Contig:83:163.77:3p:1:3:505,Contig:90:76.9578:3p:1:1:119	0	False	0
ecol-SAMN36984458	GP_unb_3	Contig:99:154.806:376	4	0.0	0.41011662141963157	0.7432209504389865	GP_unb_7	Contig:116:52.9408:5p:1:14:312	5	0.0	0.28020601656120236	2.216446227038547	5	-2.133157954301777	19.364803566229867	0.056671338630621904	Contig:102:118.168:1755,Contig:105:295.133:822,Contig:108:93.9572:5119,Contig:110:49.5145:12501,Contig:116:52.9408:57248,Contig:117:192.357:924,Contig:122:125.069:2054,Contig:125:103.083:2656,Contig:12:45.8538:43152,Contig:131:147.134:1028,Contig:132:58.0439:52243,Contig:133:86.0339:1078,Contig:134:88.3366:8241,Contig:14:109.611:3016,Contig:15:61.0292:16112,Contig:19:123.679:4092,Contig:28:437.228:2107,Contig:31:57.0039:9687,Contig:35:189.833:1476,Contig:36:193.023:1258,Contig:37:621.049:768,Contig:45:209.741:2901,Contig:46:75.6624:1029,Contig:48:115.728:1555,Contig:4:98.015:5971,Contig:71:55.1393:7129,Contig:74:163.75:1059,Contig:76:96.265:631,Contig:78:96.0062:867,Contig:79:52.9641:46928,Contig:83:163.77:3088,Contig:84:47.6813:99441,Contig:85:114.162:3032,Contig:87:123.393:1453,Contig:88:167.543:2070,Contig:89:145.243:3815,Contig:8:139.037:1456,Contig:90:76.9578:1225,Contig:91:128.698:2505,Contig:92:167.721:1074,Contig:102:118.168:5p:1:11:487,Contig:102:118.168:5p:1:12:119,Contig:102:118.168:5p:1:15:487,Contig:102:118.168:5p:1:19:460,Contig:104:49.395:5p:1:20:264,Contig:104:49.395:5p:1:25:103,Contig:104:49.395:5p:1:26:173,Contig:104:49.395:5p:1:58:311,Contig:104:49.395:5p:1:60:568,Contig:104:49.395:5p:1:69:896,Contig:104:49.395:5p:1:74:257,Contig:104:49.395:5p:1:79:249,Contig:104:49.395:5p:1:81:442,Contig:104:49.395:5p:1:82:575,Contig:104:49.395:5p:1:87:512,Contig:105:295.133:3p:1:4:111,Contig:105:295.133:3p:1:6:365,Contig:105:295.133:5p:1:9:949,Contig:108:93.9572:3p:1:5:417,Contig:108:93.9572:3p:1:7:789,Contig:108:93.9572:3p:1:12:789,Contig:108:93.9572:3p:1:13:417,Contig:108:93.9572:3p:1:15:789,Contig:108:93.9572:3p:1:16:789,Contig:116:52.9408:5p:1:4:341,Contig:116:52.9408:5p:1:5:119,Contig:116:52.9408:5p:1:6:780,Contig:116:52.9408:5p:1:7:150,Contig:116:52.9408:5p:1:9:560,Contig:116:52.9408:5p:1:11:338,Contig:116:52.9408:5p:1:13:119,Contig:116:52.9408:5p:1:15:105,Contig:117:192.357:3p:1:4:252,Contig:126:104.244:5p:1:5:318,Contig:126:104.244:5p:1:12:536,Contig:36:193.023:5p:1:3:130,Contig:36:193.023:5p:1:4:141,Contig:3:178.691:3p:1:3:173,Contig:75:132.869:5p:1:3:119,Contig:75:132.869:5p:1:4:206,Contig:83:163.77:3p:1:1:119,Contig:83:163.77:3p:1:2:119,Contig:83:163.77:3p:1:3:505,Contig:90:76.9578:3p:1:1:119	0	False	0
ecol-SAMN36984458	GP_unb_3	Contig:99:154.806:376	4	0.0	0.41011662141963157	0.7432209504389865	GP_unb_8	Contig:126:104.244:5p:1:17:803	5	0.0	0.41977206949054036	4.14432388639984	5	-1.5652146418039052	18.816601671902216	0.056671338630621904	Contig:100:70.2117:12726,Contig:102:118.168:1755,Contig:105:295.133:822,Contig:108:93.9572:5119,Contig:117:192.357:924,Contig:122:125.069:2054,Contig:125:103.083:2656,Contig:12:45.8538:43152,Contig:131:147.134:1028,Contig:132:58.0439:52243,Contig:134:88.3366:8241,Contig:14:109.611:3016,Contig:15:61.0292:16112,Contig:19:123.679:4092,Contig:23:126.583:2486,Contig:28:437.228:2107,Contig:31:57.0039:9687,Contig:34:101.7:1730,Contig:35:189.833:1476,Contig:36:193.023:1258,Contig:37:621.049:768,Contig:45:209.741:2901,Contig:46:75.6624:1029,Contig:48:115.728:1555,Contig:71:55.1393:7129,Contig:74:163.75:1059,Contig:76:96.265:631,Contig:78:96.0062:867,Contig:79:52.9641:46928,Contig:81:91:1533,Contig:83:163.77:3088,Contig:84:47.6813:99441,Contig:87:123.393:1453,Contig:88:167.543:2070,Contig:8:139.037:1456,Contig:90:76.9578:1225,Contig:91:128.698:2505,Contig:92:167.721:1074,Contig:102:118.168:5p:1:7:119,Contig:102:118.168:5p:1:11:487,Contig:102:118.168:5p:1:15:487,Contig:102:118.168:5p:1:19:460,Contig:104:49.395:5p:1:20:264,Contig:104:49.395:5p:1:25:103,Contig:104:49.395:5p:1:26:173,Contig:104:49.395:5p:1:58:311,Contig:104:49.395:5p:1:60:568,Contig:104:49.395:5p:1:69:896,Contig:104:49.395:5p:1:74:257,Contig:104:49.395:5p:1:82:575,Contig:104:49.395:5p:1:87:512,Contig:105:295.133:3p:1:4:111,Contig:105:295.133:3p:1:6:365,Contig:108:93.9572:3p:1:5:417,Contig:108:93.9572:3p:1:7:789,Contig:108:93.9572:3p:1:11:268,Contig:108:93.9572:3p:1:12:789,Contig:108:93.9572:3p:1:13:417,Contig:108:93.9572:3p:1:15:789,Contig:108:93.9572:3p:1:16:789,Contig:116:52.9408:5p:1:4:341,Contig:116:52.9408:5p:1:5:119,Contig:116:52.9408:5p:1:6:780,Contig:116:52.9408:5p:1:7:150,Contig:116:52.9408:5p:1:11:338,Contig:116:52.9408:5p:1:13:119,Contig:116:52.9408:5p:1:15:105,Contig:117:192.357:3p:1:4:252,Contig:126:104.244:5p:1:5:318,Contig:126:104.244:5p:1:12:536,Contig:36:193.023:5p:1:3:130,Contig:36:193.023:5p:1:4:141,Contig:3:178.691:3p:1:3:173,Contig:75:132.869:5p:1:3:119,Contig:75:132.869:5p:1:4:206,Contig:83:163.77:3p:1:1:119,Contig:83:163.77:3p:1:2:119,Contig:83:163.77:3p:1:3:505,Contig:90:76.9578:3p:1:1:119	0	False	0
ecol-SAMN36984458	GP_unb_3	Contig:99:154.806:376	4	0.0	0.41011662141963157	0.7432209504389865	GP_unb_9	Contig:27:270.615:3p:1:4:699	4	0.0	0.09182128860709671	4.217563138527008	5	-2.0886273323672495	17.596251115808055	0.056671338630621904	Contig:100:70.2117:12726,Contig:102:118.168:1755,Contig:105:295.133:822,Contig:108:93.9572:5119,Contig:112:88.291:880,Contig:117:192.357:924,Contig:122:125.069:2054,Contig:125:103.083:2656,Contig:12:45.8538:43152,Contig:131:147.134:1028,Contig:132:58.0439:52243,Contig:133:86.0339:1078,Contig:134:88.3366:8241,Contig:14:109.611:3016,Contig:15:61.0292:16112,Contig:18:144.773:3487,Contig:19:123.679:4092,Contig:22:267.298:2474,Contig:28:437.228:2107,Contig:31:57.0039:9687,Contig:34:101.7:1730,Contig:35:189.833:1476,Contig:36:193.023:1258,Contig:37:621.049:768,Contig:38:40.1569:356106,Contig:3:178.691:1219,Contig:45:209.741:2901,Contig:46:75.6624:1029,Contig:48:115.728:1555,Contig:71:55.1393:7129,Contig:72:100.81:8059,Contig:74:163.75:1059,Contig:76:96.265:631,Contig:78:96.0062:867,Contig:79:52.9641:46928,Contig:81:91:1533,Contig:83:163.77:3088,Contig:84:47.6813:99441,Contig:85:114.162:3032,Contig:88:167.543:2070,Contig:8:139.037:1456,Contig:90:76.9578:1225,Contig:91:128.698:2505,Contig:92:167.721:1074,Contig:9:85.1583:1525,Contig:102:118.168:5p:1:5:119,Contig:102:118.168:5p:1:11:487,Contig:102:118.168:5p:1:15:487,Contig:102:118.168:5p:1:19:460,Contig:104:49.395:5p:1:20:264,Contig:104:49.395:5p:1:25:103,Contig:104:49.395:5p:1:26:173,Contig:104:49.395:5p:1:58:311,Contig:104:49.395:5p:1:60:568,Contig:104:49.395:5p:1:69:896,Contig:104:49.395:5p:1:74:257,Contig:104:49.395:5p:1:79:249,Contig:104:49.395:5p:1:82:575,Contig:104:49.395:5p:1:87:512,Contig:105:295.133:3p:1:4:111,Contig:105:295.133:3p:1:6:365,Contig:108:93.9572:3p:1:5:417,Contig:108:93.9572:3p:1:7:789,Contig:108:93.9572:3p:1:11:268,Contig:108:93.9572:3p:1:12:789,Contig:108:93.9572:3p:1:13:417,Contig:108:93.9572:3p:1:15:789,Contig:108:93.9572:3p:1:16:789,Contig:116:52.9408:5p:1:4:341,Contig:116:52.9408:5p:1:5:119,Contig:116:52.9408:5p:1:6:780,Contig:116:52.9408:5p:1:7:150,Contig:116:52.9408:5p:1:11:338,Contig:116:52.9408:5p:1:13:119,Contig:116:52.9408:5p:1:15:105,Contig:117:192.357:3p:1:4:252,Contig:126:104.244:5p:1:5:318,Contig:126:104.244:5p:1:12:536,Contig:27:270.615:3p:1:8:293,Contig:36:193.023:5p:1:3:130,Contig:36:193.023:5p:1:4:141,Contig:3:178.691:3p:1:3:173,Contig:75:132.869:5p:1:3:119,Contig:75:132.869:5p:1:4:206,Contig:83:163.77:3p:1:1:119,Contig:83:163.77:3p:1:2:119,Contig:83:163.77:3p:1:3:505,Contig:90:76.9578:3p:1:1:119	0	False	0
ecol-SAMN36984458	GP_unb_3	Contig:99:154.806:376	4	0.0	0.41011662141963157	0.7432209504389865	GP_unb_10	Contig:75:132.869:3p:1:3:145	5	0.0	0.42503859778011344	1.4907299939065037	5	-2.205180414370695	19.681614797791294	0.056671338630621904	Contig:102:118.168:1755,Contig:105:295.133:822,Contig:108:93.9572:5119,Contig:10:98.0519:1466,Contig:110:49.5145:12501,Contig:122:125.069:2054,Contig:125:103.083:2656,Contig:12:45.8538:43152,Contig:131:147.134:1028,Contig:132:58.0439:52243,Contig:133:86.0339:1078,Contig:134:88.3366:8241,Contig:14:109.611:3016,Contig:15:61.0292:16112,Contig:19:123.679:4092,Contig:28:437.228:2107,Contig:30:67.9926:11722,Contig:31:57.0039:9687,Contig:35:189.833:1476,Contig:36:193.023:1258,Contig:37:621.049:768,Contig:45:209.741:2901,Contig:46:75.6624:1029,Contig:48:115.728:1555,Contig:4:98.015:5971,Contig:71:55.1393:7129,Contig:74:163.75:1059,Contig:76:96.265:631,Contig:78:96.0062:867,Contig:79:52.9641:46928,Contig:80:52.3095:150052,Contig:83:163.77:3088,Contig:84:47.6813:99441,Contig:85:114.162:3032,Contig:87:123.393:1453,Contig:88:167.543:2070,Contig:8:139.037:1456,Contig:90:76.9578:1225,Contig:91:128.698:2505,Contig:92:167.721:1074,Contig:102:118.168:5p:1:11:487,Contig:102:118.168:5p:1:12:119,Contig:102:118.168:5p:1:15:487,Contig:102:118.168:5p:1:19:460,Contig:104:49.395:5p:1:20:264,Contig:104:49.395:5p:1:25:103,Contig:104:49.395:5p:1:26:173,Contig:104:49.395:5p:1:58:311,Contig:104:49.395:5p:1:60:568,Contig:104:49.395:5p:1:69:896,Contig:104:49.395:5p:1:74:257,Contig:104:49.395:5p:1:79:249,Contig:104:49.395:5p:1:81:442,Contig:104:49.395:5p:1:82:575,Contig:104:49.395:5p:1:87:512,Contig:105:295.133:3p:1:4:111,Contig:105:295.133:3p:1:6:365,Contig:105:295.133:5p:1:9:949,Contig:108:93.9572:3p:1:5:417,Contig:108:93.9572:3p:1:7:789,Contig:108:93.9572:3p:1:12:789,Contig:108:93.9572:3p:1:13:417,Contig:108:93.9572:3p:1:15:789,Contig:108:93.9572:3p:1:16:789,Contig:116:52.9408:5p:1:4:341,Contig:116:52.9408:5p:1:5:119,Contig:116:52.9408:5p:1:6:780,Contig:116:52.9408:5p:1:7:150,Contig:116:52.9408:5p:1:11:338,Contig:116:52.9408:5p:1:13:119,Contig:116:52.9408:5p:1:15:105,Contig:126:104.244:5p:1:5:318,Contig:126:104.244:5p:1:12:536,Contig:36:193.023:5p:1:3:130,Contig:36:193.023:5p:1:4:141,Contig:3:178.691:3p:1:3:173,Contig:75:132.869:5p:1:3:119,Contig:75:132.869:5p:1:4:206,Contig:90:76.9578:3p:1:1:119	0	False	0
ecol-SAMN36984458	GP_unb_3	Contig:99:154.806:376	4	0.0	0.41011662141963157	0.7432209504389865	GP_unb_11	Contig:75:132.869:3p:1:4:145	5	0.0	0.3581528709029371	1.633297768609226	5	-2.205180414370695	19.61472907091412	0.056671338630621904	Contig:102:118.168:1755,Contig:105:295.133:822,Contig:108:93.9572:5119,Contig:10:98.0519:1466,Contig:110:49.5145:12501,Contig:122:125.069:2054,Contig:125:103.083:2656,Contig:12:45.8538:43152,Contig:131:147.134:1028,Contig:132:58.0439:52243,Contig:133:86.0339:1078,Contig:134:88.3366:8241,Contig:14:109.611:3016,Contig:15:61.0292:16112,Contig:19:123.679:4092,Contig:28:437.228:2107,Contig:30:67.9926:11722,Contig:31:57.0039:9687,Contig:35:189.833:1476,Contig:36:193.023:1258,Contig:37:621.049:768,Contig:45:209.741:2901,Contig:46:75.6624:1029,Contig:48:115.728:1555,Contig:4:98.015:5971,Contig:71:55.1393:7129,Contig:74:163.75:1059,Contig:76:96.265:631,Contig:78:96.0062:867,Contig:79:52.9641:46928,Contig:80:52.3095:150052,Contig:83:163.77:3088,Contig:84:47.6813:99441,Contig:85:114.162:3032,Contig:87:123.393:1453,Contig:88:167.543:2070,Contig:8:139.037:1456,Contig:90:76.9578:1225,Contig:91:128.698:2505,Contig:92:167.721:1074,Contig:102:118.168:5p:1:7:119,Contig:102:118.168:5p:1:11:487,Contig:102:118.168:5p:1:15:487,Contig:102:118.168:5p:1:19:460,Contig:104:49.395:5p:1:20:264,Contig:104:49.395:5p:1:25:103,Contig:104:49.395:5p:1:26:173,Contig:104:49.395:5p:1:58:311,Contig:104:49.395:5p:1:60:568,Contig:104:49.395:5p:1:69:896,Contig:104:49.395:5p:1:74:257,Contig:104:49.395:5p:1:79:249,Contig:104:49.395:5p:1:81:442,Contig:104:49.395:5p:1:82:575,Contig:104:49.395:5p:1:87:512,Contig:105:295.133:3p:1:4:111,Contig:105:295.133:3p:1:6:365,Contig:105:295.133:5p:1:9:949,Contig:108:93.9572:3p:1:5:417,Contig:108:93.9572:3p:1:7:789,Contig:108:93.9572:3p:1:12:789,Contig:108:93.9572:3p:1:13:417,Contig:108:93.9572:3p:1:15:789,Contig:108:93.9572:3p:1:16:789,Contig:116:52.9408:5p:1:4:341,Contig:116:52.9408:5p:1:5:119,Contig:116:52.9408:5p:1:6:780,Contig:116:52.9408:5p:1:7:150,Contig:116:52.9408:5p:1:11:338,Contig:116:52.9408:5p:1:13:119,Contig:116:52.9408:5p:1:15:105,Contig:126:104.244:5p:1:5:318,Contig:126:104.244:5p:1:12:536,Contig:36:193.023:5p:1:3:130,Contig:36:193.023:5p:1:4:141,Contig:3:178.691:3p:1:3:173,Contig:75:132.869:5p:1:3:119,Contig:75:132.869:5p:1:4:206,Contig:90:76.9578:3p:1:1:119	0	False	0
ecol-SAMN36984458	GP_unb_3	Contig:99:154.806:376	4	0.0	0.41011662141963157	0.7432209504389865	GP_unb_12	Contig:75:132.869:5p:1:1:269	4	0.0	0.21795771926231589	1.801768465227087	5	-2.0981073922977482	19.027586879073045	0.056671338630621904	Contig:102:118.168:1755,Contig:105:295.133:822,Contig:108:93.9572:5119,Contig:110:49.5145:12501,Contig:112:88.291:880,Contig:117:192.357:924,Contig:122:125.069:2054,Contig:125:103.083:2656,Contig:12:45.8538:43152,Contig:131:147.134:1028,Contig:132:58.0439:52243,Contig:133:86.0339:1078,Contig:134:88.3366:8241,Contig:15:61.0292:16112,Contig:19:123.679:4092,Contig:28:437.228:2107,Contig:31:57.0039:9687,Contig:35:189.833:1476,Contig:36:193.023:1258,Contig:37:621.049:768,Contig:3:178.691:1219,Contig:45:209.741:2901,Contig:46:75.6624:1029,Contig:48:115.728:1555,Contig:4:98.015:5971,Contig:71:55.1393:7129,Contig:74:163.75:1059,Contig:76:96.265:631,Contig:78:96.0062:867,Contig:79:52.9641:46928,Contig:83:163.77:3088,Contig:84:47.6813:99441,Contig:85:114.162:3032,Contig:88:167.543:2070,Contig:8:139.037:1456,Contig:90:76.9578:1225,Contig:91:128.698:2505,Contig:92:167.721:1074,Contig:102:118.168:5p:1:5:119,Contig:102:118.168:5p:1:11:487,Contig:102:118.168:5p:1:15:487,Contig:102:118.168:5p:1:19:460,Contig:104:49.395:5p:1:20:264,Contig:104:49.395:5p:1:25:103,Contig:104:49.395:5p:1:26:173,Contig:104:49.395:5p:1:58:311,Contig:104:49.395:5p:1:60:568,Contig:104:49.395:5p:1:69:896,Contig:104:49.395:5p:1:74:257,Contig:104:49.395:5p:1:79:249,Contig:104:49.395:5p:1:81:442,Contig:104:49.395:5p:1:82:575,Contig:104:49.395:5p:1:87:512,Contig:105:295.133:3p:1:4:111,Contig:105:295.133:3p:1:6:365,Contig:105:295.133:5p:1:9:949,Contig:108:93.9572:3p:1:5:417,Contig:108:93.9572:3p:1:7:789,Contig:108:93.9572:3p:1:12:789,Contig:108:93.9572:3p:1:13:417,Contig:108:93.9572:3p:1:15:789,Contig:108:93.9572:3p:1:16:789,Contig:116:52.9408:5p:1:4:341,Contig:116:52.9408:5p:1:5:119,Contig:116:52.9408:5p:1:6:780,Contig:116:52.9408:5p:1:7:150,Contig:116:52.9408:5p:1:11:338,Contig:116:52.9408:5p:1:13:119,Contig:116:52.9408:5p:1:15:105,Contig:117:192.357:3p:1:4:252,Contig:126:104.244:5p:1:5:318,Contig:126:104.244:5p:1:12:536,Contig:36:193.023:5p:1:3:130,Contig:36:193.023:5p:1:4:141,Contig:3:178.691:3p:1:3:173,Contig:75:132.869:5p:1:3:119,Contig:75:132.869:5p:1:4:206,Contig:83:163.77:3p:1:1:119,Contig:83:163.77:3p:1:2:119,Contig:83:163.77:3p:1:3:505,Contig:90:76.9578:3p:1:1:119	0	False	0
ecol-SAMN36984458	GP_unb_4	Contig:104:49.395:5p:1:61:314	4	0.0	0.29084851733958494	2.031774243897739	GP_unb_5	Contig:104:49.395:5p:1:62:405	5	0.0	0.2514984823989824	13.34502148047909	5	-1.710632066214619	18.500079138067733	0.056671338630621904	Contig:100:70.2117:12726,Contig:101:150.391:3546,Contig:102:118.168:1755,Contig:105:295.133:822,Contig:108:93.9572:5119,Contig:111:66.2141:10724,Contig:112:88.291:880,Contig:117:192.357:924,Contig:122:125.069:2054,Contig:125:103.083:2656,Contig:12:45.8538:43152,Contig:131:147.134:1028,Contig:132:58.0439:52243,Contig:133:86.0339:1078,Contig:134:88.3366:8241,Contig:14:109.611:3016,Contig:15:61.0292:16112,Contig:19:123.679:4092,Contig:1:92.8013:4279,Contig:24:77.2636:4192,Contig:28:437.228:2107,Contig:2:186.773:584,Contig:31:57.0039:9687,Contig:35:189.833:1476,Contig:36:193.023:1258,Contig:37:621.049:768,Contig:3:178.691:1219,Contig:45:209.741:2901,Contig:46:75.6624:1029,Contig:48:115.728:1555,Contig:51:102.167:1077,Contig:71:55.1393:7129,Contig:74:163.75:1059,Contig:76:96.265:631,Contig:78:96.0062:867,Contig:79:52.9641:46928,Contig:81:91:1533,Contig:83:163.77:3088,Contig:84:47.6813:99441,Contig:88:167.543:2070,Contig:8:139.037:1456,Contig:90:76.9578:1225,Contig:91:128.698:2505,Contig:92:167.721:1074,Contig:97:80.7141:688,Contig:102:118.168:5p:1:5:119,Contig:102:118.168:5p:1:11:487,Contig:102:118.168:5p:1:15:487,Contig:102:118.168:5p:1:19:460,Contig:104:49.395:5p:1:19:201,Contig:104:49.395:5p:1:20:264,Contig:104:49.395:5p:1:25:103,Contig:104:49.395:5p:1:26:173,Contig:104:49.395:5p:1:58:311,Contig:104:49.395:5p:1:60:568,Contig:104:49.395:5p:1:69:896,Contig:104:49.395:5p:1:74:257,Contig:104:49.395:5p:1:82:575,Contig:104:49.395:5p:1:87:512,Contig:105:295.133:3p:1:4:111,Contig:105:295.133:3p:1:6:365,Contig:108:93.9572:3p:1:5:417,Contig:108:93.9572:3p:1:7:789,Contig:108:93.9572:3p:1:11:268,Contig:108:93.9572:3p:1:12:789,Contig:108:93.9572:3p:1:13:417,Contig:108:93.9572:3p:1:15:789,Contig:108:93.9572:3p:1:16:789,Contig:116:52.9408:5p:1:4:341,Contig:116:52.9408:5p:1:5:119,Contig:116:52.9408:5p:1:6:780,Contig:116:52.9408:5p:1:7:150,Contig:116:52.9408:5p:1:11:338,Contig:116:52.9408:5p:1:13:119,Contig:116:52.9408:5p:1:15:105,Contig:117:192.357:3p:1:4:252,Contig:126:104.244:5p:1:5:318,Contig:126:104.244:5p:1:12:536,Contig:36:193.023:5p:1:3:130,Contig:36:193.023:5p:1:4:141,Contig:3:178.691:3p:1:3:173,Contig:75:132.869:5p:1:3:119,Contig:75:132.869:5p:1:4:206,Contig:83:163.77:3p:1:1:119,Contig:83:163.77:3p:1:2:119,Contig:83:163.77:3p:1:3:505,Contig:90:76.9578:3p:1:1:119	0	False	0
ecol-SAMN36984458	GP_unb_4	Contig:104:49.395:5p:1:61:314	4	0.0	0.29084851733958494	2.031774243897739	GP_unb_6	Contig:105:295.133:5p:1:5:682	5	0.0	0.4783319166180734	4.957421318188026	5	-1.5916360780011591	18.27094359072374	0.056671338630621904	Contig:100:70.2117:12726,Contig:102:118.168:1755,Contig:105:295.133:822,Contig:108:93.9572:5119,Contig:110:49.5145:12501,Contig:117:192.357:924,Contig:122:125.069:2054,Contig:125:103.083:2656,Contig:126:104.244:3621,Contig:12:45.8538:43152,Contig:131:147.134:1028,Contig:133:86.0339:1078,Contig:14:109.611:3016,Contig:15:61.0292:16112,Contig:19:123.679:4092,Contig:28:437.228:2107,Contig:31:57.0039:9687,Contig:37:621.049:768,Contig:45:209.741:2901,Contig:46:75.6624:1029,Contig:48:115.728:1555,Contig:74:163.75:1059,Contig:76:96.265:631,Contig:78:96.0062:867,Contig:79:52.9641:46928,Contig:81:91:1533,Contig:83:163.77:3088,Contig:84:47.6813:99441,Contig:87:123.393:1453,Contig:88:167.543:2070,Contig:8:139.037:1456,Contig:90:76.9578:1225,Contig:91:128.698:2505,Contig:92:167.721:1074,Contig:102:118.168:5p:1:11:487,Contig:102:118.168:5p:1:12:119,Contig:102:118.168:5p:1:15:487,Contig:102:118.168:5p:1:19:460,Contig:104:49.395:5p:1:20:264,Contig:104:49.395:5p:1:25:103,Contig:104:49.395:5p:1:26:173,Contig:104:49.395:5p:1:58:311,Contig:104:49.395:5p:1:60:568,Contig:104:49.395:5p:1:69:896,Contig:104:49.395:5p:1:74:257,Contig:104:49.395:5p:1:82:575,Contig:104:49.395:5p:1:87:512,Contig:105:295.133:3p:1:4:111,Contig:105:295.133:3p:1:6:365,Contig:108:93.9572:3p:1:5:417,Contig:108:93.9572:3p:1:7:789,Contig:108:93.9572:3p:1:11:268,Contig:108:93.9572:3p:1:12:789,Contig:108:93.9572:3p:1:13:417,Contig:108:93.9572:3p:1:15:789,Contig:108:93.9572:3p:1:16:789,Contig:116:52.9408:5p:1:4:341,Contig:116:52.9408:5p:1:5:119,Contig:116:52.9408:5p:1:6:780,Contig:116:52.9408:5p:1:7:150,Contig:116:52.9408:5p:1:11:338,Contig:116:52.9408:5p:1:13:119,Contig:116:52.9408:5p:1:15:105,Contig:117:192.357:3p:1:4:252,Contig:126:104.244:5p:1:5:318,Contig:126:104.244:5p:1:12:536,Contig:3:178.691:3p:1:3:173,Contig:75:132.869:5p:1:3:119,Contig:75:132.869:5p:1:4:206,Contig:83:163.77:3p:1:1:119,Contig:83:163.77:3p:1:2:119,Contig:83:163.77:3p:1:3:505,Contig:90:76.9578:3p:1:1:119	0	False	0
ecol-SAMN36984458	GP_unb_4	Contig:104:49.395:5p:1:61:314	4	0.0	0.29084851733958494	2.031774243897739	GP_unb_7	Contig:116:52.9408:5p:1:14:312	5	0.0	0.28020601656120236	2.216446227038547	5	-1.6359170193801624	18.758299510663992	0.056671338630621904	Contig:100:70.2117:12726,Contig:102:118.168:1755,Contig:105:295.133:822,Contig:108:93.9572:5119,Contig:112:88.291:880,Contig:117:192.357:924,Contig:122:125.069:2054,Contig:125:103.083:2656,Contig:12:45.8538:43152,Contig:131:147.134:1028,Contig:132:58.0439:52243,Contig:133:86.0339:1078,Contig:134:88.3366:8241,Contig:14:109.611:3016,Contig:15:61.0292:16112,Contig:19:123.679:4092,Contig:28:437.228:2107,Contig:31:57.0039:9687,Contig:34:101.7:1730,Contig:35:189.833:1476,Contig:36:193.023:1258,Contig:37:621.049:768,Contig:3:178.691:1219,Contig:45:209.741:2901,Contig:46:75.6624:1029,Contig:48:115.728:1555,Contig:71:55.1393:7129,Contig:74:163.75:1059,Contig:76:96.265:631,Contig:78:96.0062:867,Contig:79:52.9641:46928,Contig:81:91:1533,Contig:83:163.77:3088,Contig:84:47.6813:99441,Contig:88:167.543:2070,Contig:8:139.037:1456,Contig:90:76.9578:1225,Contig:91:128.698:2505,Contig:92:167.721:1074,Contig:102:118.168:5p:1:5:119,Contig:102:118.168:5p:1:11:487,Contig:102:118.168:5p:1:15:487,Contig:102:118.168:5p:1:19:460,Contig:104:49.395:5p:1:20:264,Contig:104:49.395:5p:1:25:103,Contig:104:49.395:5p:1:26:173,Contig:104:49.395:5p:1:58:311,Contig:104:49.395:5p:1:60:568,Contig:104:49.395:5p:1:69:896,Contig:104:49.395:5p:1:74:257,Contig:104:49.395:5p:1:82:575,Contig:104:49.395:5p:1:87:512,Contig:105:295.133:3p:1:4:111,Contig:105:295.133:3p:1:6:365,Contig:108:93.9572:3p:1:5:417,Contig:108:93.9572:3p:1:7:789,Contig:108:93.9572:3p:1:11:268,Contig:108:93.9572:3p:1:12:789,Contig:108:93.9572:3p:1:13:417,Contig:108:93.9572:3p:1:15:789,Contig:108:93.9572:3p:1:16:789,Contig:116:52.9408:5p:1:4:341,Contig:116:52.9408:5p:1:5:119,Contig:116:52.9408:5p:1:6:780,Contig:116:52.9408:5p:1:7:150,Contig:116:52.9408:5p:1:11:338,Contig:116:52.9408:5p:1:13:119,Contig:116:52.9408:5p:1:15:105,Contig:117:192.357:3p:1:4:252,Contig:126:104.244:5p:1:5:318,Contig:126:104.244:5p:1:12:536,Contig:36:193.023:5p:1:3:130,Contig:36:193.023:5p:1:4:141,Contig:3:178.691:3p:1:3:173,Contig:75:132.869:5p:1:3:119,Contig:75:132.869:5p:1:4:206,Contig:83:163.77:3p:1:1:119,Contig:83:163.77:3p:1:2:119,Contig:83:163.77:3p:1:3:505,Contig:90:76.9578:3p:1:1:119	0	False	0
ecol-SAMN36984458	GP_unb_4	Contig:104:49.395:5p:1:61:314	4	0.0	0.29084851733958494	2.031774243897739	GP_unb_8	Contig:126:104.244:5p:1:17:803	5	0.0	0.41977206949054036	4.14432388639984	5	-1.5853915612946303	18.98307154571786	0.056671338630621904	Contig:100:70.2117:12726,Contig:102:118.168:1755,Contig:105:295.133:822,Contig:108:93.9572:5119,Contig:117:192.357:924,Contig:122:125.069:2054,Contig:125:103.083:2656,Contig:12:45.8538:43152,Contig:131:147.134:1028,Contig:132:58.0439:52243,Contig:133:86.0339:1078,Contig:134:88.3366:8241,Contig:14:109.611:3016,Contig:15:61.0292:16112,Contig:19:123.679:4092,Contig:23:126.583:2486,Contig:28:437.228:2107,Contig:31:57.0039:9687,Contig:34:101.7:1730,Contig:35:189.833:1476,Contig:36:193.023:1258,Contig:37:621.049:768,Contig:45:209.741:2901,Contig:46:75.6624:1029,Contig:48:115.728:1555,Contig:71:55.1393:7129,Contig:74:163.75:1059,Contig:76:96.265:631,Contig:78:96.0062:867,Contig:79:52.9641:46928,Contig:81:91:1533,Contig:83:163.77:3088,Contig:84:47.6813:99441,Contig:87:123.393:1453,Contig:88:167.543:2070,Contig:8:139.037:1456,Contig:90:76.9578:1225,Contig:91:128.698:2505,Contig:92:167.721:1074,Contig:102:118.168:5p:1:5:119,Contig:102:118.168:5p:1:11:487,Contig:102:118.168:5p:1:15:487,Contig:102:118.168:5p:1:19:460,Contig:104:49.395:5p:1:20:264,Contig:104:49.395:5p:1:25:103,Contig:104:49.395:5p:1:26:173,Contig:104:49.395:5p:1:58:311,Contig:104:49.395:5p:1:60:568,Contig:104:49.395:5p:1:69:896,Contig:104:49.395:5p:1:74:257,Contig:104:49.395:5p:1:82:575,Contig:104:49.395:5p:1:87:512,Contig:105:295.133:3p:1:4:111,Contig:105:295.133:3p:1:6:365,Contig:108:93.9572:3p:1:5:417,Contig:108:93.9572:3p:1:7:789,Contig:108:93.9572:3p:1:11:268,Contig:108:93.9572:3p:1:12:789,Contig:108:93.9572:3p:1:13:417,Contig:108:93.9572:3p:1:15:789,Contig:108:93.9572:3p:1:16:789,Contig:116:52.9408:5p:1:4:341,Contig:116:52.9408:5p:1:5:119,Contig:116:52.9408:5p:1:6:780,Contig:116:52.9408:5p:1:7:150,Contig:116:52.9408:5p:1:11:338,Contig:116:52.9408:5p:1:13:119,Contig:116:52.9408:5p:1:15:105,Contig:117:192.357:3p:1:4:252,Contig:126:104.244:5p:1:5:318,Contig:126:104.244:5p:1:12:536,Contig:36:193.023:5p:1:3:130,Contig:36:193.023:5p:1:4:141,Contig:3:178.691:3p:1:3:173,Contig:75:132.869:5p:1:3:119,Contig:75:132.869:5p:1:4:206,Contig:83:163.77:3p:1:1:119,Contig:83:163.77:3p:1:2:119,Contig:83:163.77:3p:1:3:505,Contig:90:76.9578:3p:1:1:119	0	False	0
ecol-SAMN36984458	GP_unb_4	Contig:104:49.395:5p:1:61:314	4	0.0	0.29084851733958494	2.031774243897739	GP_unb_9	Contig:27:270.615:3p:1:4:699	4	0.0	0.09182128860709671	4.217563138527008	5	-1.8078533191003958	17.12109284790678	0.05683928797407146	Contig:100:70.2117:12726,Contig:101:150.391:3546,Contig:102:118.168:1755,Contig:105:295.133:822,Contig:108:93.9572:5119,Contig:111:66.2141:10724,Contig:112:88.291:880,Contig:117:192.357:924,Contig:119:49.4648:48004,Contig:122:125.069:2054,Contig:125:103.083:2656,Contig:131:147.134:1028,Contig:132:58.0439:52243,Contig:133:86.0339:1078,Contig:134:88.3366:8241,Contig:14:109.611:3016,Contig:15:61.0292:16112,Contig:19:123.679:4092,Contig:1:92.8013:4279,Contig:22:267.298:2474,Contig:24:77.2636:4192,Contig:28:437.228:2107,Contig:2:186.773:584,Contig:31:57.0039:9687,Contig:35:189.833:1476,Contig:36:193.023:1258,Contig:37:621.049:768,Contig:38:40.1569:356106,Contig:3:178.691:1219,Contig:45:209.741:2901,Contig:46:75.6624:1029,Contig:48:115.728:1555,Contig:51:102.167:1077,Contig:71:55.1393:7129,Contig:74:163.75:1059,Contig:76:96.265:631,Contig:78:96.0062:867,Contig:79:52.9641:46928,Contig:81:91:1533,Contig:83:163.77:3088,Contig:84:47.6813:99441,Contig:88:167.543:2070,Contig:8:139.037:1456,Contig:90:76.9578:1225,Contig:91:128.698:2505,Contig:92:167.721:1074,Contig:97:80.7141:688,Contig:102:118.168:5p:1:11:487,Contig:102:118.168:5p:1:12:119,Contig:102:118.168:5p:1:15:487,Contig:102:118.168:5p:1:19:460,Contig:104:49.395:5p:1:20:264,Contig:104:49.395:5p:1:25:103,Contig:104:49.395:5p:1:26:173,Contig:104:49.395:5p:1:58:311,Contig:104:49.395:5p:1:60:568,Contig:104:49.395:5p:1:69:896,Contig:104:49.395:5p:1:74:257,Contig:104:49.395:5p:1:82:575,Contig:104:49.395:5p:1:87:512,Contig:105:295.133:3p:1:4:111,Contig:105:295.133:3p:1:6:365,Contig:108:93.9572:3p:1:5:417,Contig:108:93.9572:3p:1:7:789,Contig:108:93.9572:3p:1:11:268,Contig:108:93.9572:3p:1:12:789,Contig:108:93.9572:3p:1:13:417,Contig:108:93.9572:3p:1:15:789,Contig:108:93.9572:3p:1:16:789,Contig:116:52.9408:5p:1:4:341,Contig:116:52.9408:5p:1:5:119,Contig:116:52.9408:5p:1:6:780,Contig:116:52.9408:5p:1:7:150,Contig:116:52.9408:5p:1:11:338,Contig:116:52.9408:5p:1:13:119,Contig:116:52.9408:5p:1:15:105,Contig:117:192.357:3p:1:4:252,Contig:126:104.244:5p:1:5:318,Contig:126:104.244:5p:1:12:536,Contig:27:270.615:3p:1:8:293,Contig:36:193.023:5p:1:3:130,Contig:36:193.023:5p:1:4:141,Contig:3:178.691:3p:1:3:173,Contig:75:132.869:5p:1:3:119,Contig:75:132.869:5p:1:4:206,Contig:83:163.77:3p:1:1:119,Contig:83:163.77:3p:1:2:119,Contig:83:163.77:3p:1:3:505,Contig:90:76.9578:3p:1:1:119	0	False	0
ecol-SAMN36984458	GP_unb_4	Contig:104:49.395:5p:1:61:314	4	0.0	0.29084851733958494	2.031774243897739	GP_unb_10	Contig:75:132.869:3p:1:3:145	5	0.0	0.42503859778011344	1.4907299939065037	5	-1.6359170193801624	18.830088573320285	0.056671338630621904	Contig:100:70.2117:12726,Contig:102:118.168:1755,Contig:105:295.133:822,Contig:108:93.9572:5119,Contig:112:88.291:880,Contig:117:192.357:924,Contig:122:125.069:2054,Contig:125:103.083:2656,Contig:12:45.8538:43152,Contig:131:147.134:1028,Contig:132:58.0439:52243,Contig:133:86.0339:1078,Contig:134:88.3366:8241,Contig:15:61.0292:16112,Contig:19:123.679:4092,Contig:28:437.228:2107,Contig:31:57.0039:9687,Contig:34:101.7:1730,Contig:35:189.833:1476,Contig:36:193.023:1258,Contig:37:621.049:768,Contig:3:178.691:1219,Contig:45:209.741:2901,Contig:46:75.6624:1029,Contig:48:115.728:1555,Contig:71:55.1393:7129,Contig:74:163.75:1059,Contig:75:132.869:1075,Contig:76:96.265:631,Contig:78:96.0062:867,Contig:79:52.9641:46928,Contig:81:91:1533,Contig:83:163.77:3088,Contig:84:47.6813:99441,Contig:88:167.543:2070,Contig:8:139.037:1456,Contig:90:76.9578:1225,Contig:91:128.698:2505,Contig:92:167.721:1074,Contig:102:118.168:5p:1:5:119,Contig:102:118.168:5p:1:11:487,Contig:102:118.168:5p:1:15:487,Contig:102:118.168:5p:1:19:460,Contig:104:49.395:5p:1:20:264,Contig:104:49.395:5p:1:25:103,Contig:104:49.395:5p:1:26:173,Contig:104:49.395:5p:1:58:311,Contig:104:49.395:5p:1:60:568,Contig:104:49.395:5p:1:69:896,Contig:104:49.395:5p:1:74:257,Contig:104:49.395:5p:1:82:575,Contig:104:49.395:5p:1:87:512,Contig:105:295.133:3p:1:4:111,Contig:105:295.133:3p:1:6:365,Contig:108:93.9572:3p:1:5:417,Contig:108:93.9572:3p:1:7:789,Contig:108:93.9572:3p:1:11:268,Contig:108:93.9572:3p:1:12:789,Contig:108:93.9572:3p:1:13:417,Contig:108:93.9572:3p:1:15:789,Contig:108:93.9572:3p:1:16:789,Contig:116:52.9408:5p:1:4:341,Contig:116:52.9408:5p:1:5:119,Contig:116:52.9408:5p:1:6:780,Contig:116:52.9408:5p:1:7:150,Contig:116:52.9408:5p:1:11:338,Contig:116:52.9408:5p:1:13:119,Contig:116:52.9408:5p:1:15:105,Contig:117:192.357:3p:1:4:252,Contig:126:104.244:5p:1:5:318,Contig:126:104.244:5p:1:12:536,Contig:36:193.023:5p:1:3:130,Contig:36:193.023:5p:1:4:141,Contig:3:178.691:3p:1:3:173,Contig:75:132.869:5p:1:3:119,Contig:83:163.77:3p:1:1:119,Contig:83:163.77:3p:1:2:119,Contig:83:163.77:3p:1:3:505,Contig:90:76.9578:3p:1:1:119	0	False	0
ecol-SAMN36984458	GP_unb_4	Contig:104:49.395:5p:1:61:314	4	0.0	0.29084851733958494	2.031774243897739	GP_unb_11	Contig:75:132.869:3p:1:4:145	5	0.0	0.3581528709029371	1.633297768609226	5	-1.6359170193801624	18.76320284644311	0.056671338630621904	Contig:100:70.2117:12726,Contig:102:118.168:1755,Contig:105:295.133:822,Contig:108:93.9572:5119,Contig:112:88.291:880,Contig:117:192.357:924,Contig:122:125.069:2054,Contig:125:103.083:2656,Contig:12:45.8538:43152,Contig:131:147.134:1028,Contig:132:58.0439:52243,Contig:133:86.0339:1078,Contig:134:88.3366:8241,Contig:15:61.0292:16112,Contig:19:123.679:4092,Contig:28:437.228:2107,Contig:31:57.0039:9687,Contig:34:101.7:1730,Contig:35:189.833:1476,Contig:36:193.023:1258,Contig:37:621.049:768,Contig:3:178.691:1219,Contig:45:209.741:2901,Contig:46:75.6624:1029,Contig:48:115.728:1555,Contig:71:55.1393:7129,Contig:74:163.75:1059,Contig:75:132.869:1075,Contig:76:96.265:631,Contig:78:96.0062:867,Contig:79:52.9641:46928,Contig:81:91:1533,Contig:83:163.77:3088,Contig:84:47.6813:99441,Contig:88:167.543:2070,Contig:8:139.037:1456,Contig:90:76.9578:1225,Contig:91:128.698:2505,Contig:92:167.721:1074,Contig:102:118.168:5p:1:7:119,Contig:102:118.168:5p:1:11:487,Contig:102:118.168:5p:1:15:487,Contig:102:118.168:5p:1:19:460,Contig:104:49.395:5p:1:20:264,Contig:104:49.395:5p:1:25:103,Contig:104:49.395:5p:1:26:173,Contig:104:49.395:5p:1:58:311,Contig:104:49.395:5p:1:60:568,Contig:104:49.395:5p:1:69:896,Contig:104:49.395:5p:1:74:257,Contig:104:49.395:5p:1:82:575,Contig:104:49.395:5p:1:87:512,Contig:105:295.133:3p:1:4:111,Contig:105:295.133:3p:1:6:365,Contig:108:93.9572:3p:1:5:417,Contig:108:93.9572:3p:1:7:789,Contig:108:93.9572:3p:1:11:268,Contig:108:93.9572:3p:1:12:789,Contig:108:93.9572:3p:1:13:417,Contig:108:93.9572:3p:1:15:789,Contig:108:93.9572:3p:1:16:789,Contig:116:52.9408:5p:1:4:341,Contig:116:52.9408:5p:1:5:119,Contig:116:52.9408:5p:1:6:780,Contig:116:52.9408:5p:1:7:150,Contig:116:52.9408:5p:1:11:338,Contig:116:52.9408:5p:1:13:119,Contig:116:52.9408:5p:1:15:105,Contig:117:192.357:3p:1:4:252,Contig:126:104.244:5p:1:5:318,Contig:126:104.244:5p:1:12:536,Contig:36:193.023:5p:1:3:130,Contig:36:193.023:5p:1:4:141,Contig:3:178.691:3p:1:3:173,Contig:75:132.869:5p:1:3:119,Contig:83:163.77:3p:1:1:119,Contig:83:163.77:3p:1:2:119,Contig:83:163.77:3p:1:3:505,Contig:90:76.9578:3p:1:1:119	0	False	0
ecol-SAMN36984458	GP_unb_4	Contig:104:49.395:5p:1:61:314	4	0.0	0.29084851733958494	2.031774243897739	GP_unb_12	Contig:75:132.869:5p:1:1:269	4	0.0	0.21795771926231589	1.801768465227087	5	-1.6426779717229147	18.457886817909475	0.056671338630621904	Contig:100:70.2117:12726,Contig:102:118.168:1755,Contig:105:295.133:822,Contig:108:93.9572:5119,Contig:112:88.291:880,Contig:117:192.357:924,Contig:122:125.069:2054,Contig:125:103.083:2656,Contig:12:45.8538:43152,Contig:131:147.134:1028,Contig:132:58.0439:52243,Contig:133:86.0339:1078,Contig:134:88.3366:8241,Contig:15:61.0292:16112,Contig:19:123.679:4092,Contig:28:437.228:2107,Contig:31:57.0039:9687,Contig:34:101.7:1730,Contig:35:189.833:1476,Contig:36:193.023:1258,Contig:37:621.049:768,Contig:3:178.691:1219,Contig:45:209.741:2901,Contig:46:75.6624:1029,Contig:48:115.728:1555,Contig:71:55.1393:7129,Contig:74:163.75:1059,Contig:76:96.265:631,Contig:78:96.0062:867,Contig:79:52.9641:46928,Contig:81:91:1533,Contig:83:163.77:3088,Contig:84:47.6813:99441,Contig:88:167.543:2070,Contig:8:139.037:1456,Contig:90:76.9578:1225,Contig:91:128.698:2505,Contig:92:167.721:1074,Contig:102:118.168:5p:1:11:487,Contig:102:118.168:5p:1:12:119,Contig:102:118.168:5p:1:15:487,Contig:102:118.168:5p:1:19:460,Contig:104:49.395:5p:1:20:264,Contig:104:49.395:5p:1:25:103,Contig:104:49.395:5p:1:26:173,Contig:104:49.395:5p:1:58:311,Contig:104:49.395:5p:1:60:568,Contig:104:49.395:5p:1:69:896,Contig:104:49.395:5p:1:74:257,Contig:104:49.395:5p:1:82:575,Contig:104:49.395:5p:1:87:512,Contig:105:295.133:3p:1:4:111,Contig:105:295.133:3p:1:6:365,Contig:108:93.9572:3p:1:5:417,Contig:108:93.9572:3p:1:7:789,Contig:108:93.9572:3p:1:11:268,Contig:108:93.9572:3p:1:12:789,Contig:108:93.9572:3p:1:13:417,Contig:108:93.9572:3p:1:15:789,Contig:108:93.9572:3p:1:16:789,Contig:116:52.9408:5p:1:4:341,Contig:116:52.9408:5p:1:5:119,Contig:116:52.9408:5p:1:6:780,Contig:116:52.9408:5p:1:7:150,Contig:116:52.9408:5p:1:11:338,Contig:116:52.9408:5p:1:13:119,Contig:116:52.9408:5p:1:15:105,Contig:117:192.357:3p:1:4:252,Contig:126:104.244:5p:1:5:318,Contig:126:104.244:5p:1:12:536,Contig:36:193.023:5p:1:3:130,Contig:36:193.023:5p:1:4:141,Contig:3:178.691:3p:1:3:173,Contig:75:132.869:5p:1:3:119,Contig:75:132.869:5p:1:4:206,Contig:83:163.77:3p:1:1:119,Contig:83:163.77:3p:1:2:119,Contig:83:163.77:3p:1:3:505,Contig:90:76.9578:3p:1:1:119	0	False	0
ecol-SAMN36984458	GP_unb_5	Contig:104:49.395:5p:1:62:405	5	0.0	0.2514984823989824	13.34502148047909	GP_unb_6	Contig:105:295.133:5p:1:5:682	5	0.0	0.4783319166180734	4.957421318188026	5	-1.562879695286373	18.39200991788208	0.056671338630621904	Contig:100:70.2117:12726,Contig:102:118.168:1755,Contig:105:295.133:822,Contig:108:93.9572:5119,Contig:110:49.5145:12501,Contig:117:192.357:924,Contig:122:125.069:2054,Contig:125:103.083:2656,Contig:126:104.244:3621,Contig:12:45.8538:43152,Contig:131:147.134:1028,Contig:133:86.0339:1078,Contig:14:109.611:3016,Contig:15:61.0292:16112,Contig:19:123.679:4092,Contig:28:437.228:2107,Contig:31:57.0039:9687,Contig:37:621.049:768,Contig:45:209.741:2901,Contig:46:75.6624:1029,Contig:48:115.728:1555,Contig:74:163.75:1059,Contig:76:96.265:631,Contig:78:96.0062:867,Contig:79:52.9641:46928,Contig:81:91:1533,Contig:83:163.77:3088,Contig:84:47.6813:99441,Contig:87:123.393:1453,Contig:88:167.543:2070,Contig:8:139.037:1456,Contig:90:76.9578:1225,Contig:91:128.698:2505,Contig:92:167.721:1074,Contig:102:118.168:5p:1:11:487,Contig:102:118.168:5p:1:12:119,Contig:102:118.168:5p:1:15:487,Contig:102:118.168:5p:1:19:460,Contig:104:49.395:5p:1:19:201,Contig:104:49.395:5p:1:20:264,Contig:104:49.395:5p:1:25:103,Contig:104:49.395:5p:1:26:173,Contig:104:49.395:5p:1:58:311,Contig:104:49.395:5p:1:60:568,Contig:104:49.395:5p:1:69:896,Contig:104:49.395:5p:1:74:257,Contig:104:49.395:5p:1:82:575,Contig:104:49.395:5p:1:87:512,Contig:105:295.133:3p:1:4:111,Contig:105:295.133:3p:1:6:365,Contig:108:93.9572:3p:1:5:417,Contig:108:93.9572:3p:1:7:789,Contig:108:93.9572:3p:1:11:268,Contig:108:93.9572:3p:1:12:789,Contig:108:93.9572:3p:1:13:417,Contig:108:93.9572:3p:1:15:789,Contig:108:93.9572:3p:1:16:789,Contig:116:52.9408:5p:1:4:341,Contig:116:52.9408:5p:1:5:119,Contig:116:52.9408:5p:1:6:780,Contig:116:52.9408:5p:1:7:150,Contig:116:52.9408:5p:1:11:338,Contig:116:52.9408:5p:1:13:119,Contig:116:52.9408:5p:1:15:105,Contig:117:192.357:3p:1:4:252,Contig:126:104.244:5p:1:5:318,Contig:126:104.244:5p:1:12:536,Contig:3:178.691:3p:1:3:173,Contig:75:132.869:5p:1:3:119,Contig:75:132.869:5p:1:4:206,Contig:83:163.77:3p:1:1:119,Contig:83:163.77:3p:1:2:119,Contig:83:163.77:3p:1:3:505,Contig:90:76.9578:3p:1:1:119	0	False	0
ecol-SAMN36984458	GP_unb_5	Contig:104:49.395:5p:1:62:405	5	0.0	0.2514984823989824	13.34502148047909	GP_unb_7	Contig:116:52.9408:5p:1:14:312	5	0.0	0.28020601656120236	2.216446227038547	5	-1.6071606366653763	18.879365837822338	0.056671338630621904	Contig:100:70.2117:12726,Contig:102:118.168:1755,Contig:105:295.133:822,Contig:108:93.9572:5119,Contig:112:88.291:880,Contig:117:192.357:924,Contig:122:125.069:2054,Contig:125:103.083:2656,Contig:12:45.8538:43152,Contig:131:147.134:1028,Contig:132:58.0439:52243,Contig:133:86.0339:1078,Contig:134:88.3366:8241,Contig:14:109.611:3016,Contig:15:61.0292:16112,Contig:19:123.679:4092,Contig:28:437.228:2107,Contig:31:57.0039:9687,Contig:34:101.7:1730,Contig:35:189.833:1476,Contig:36:193.023:1258,Contig:37:621.049:768,Contig:3:178.691:1219,Contig:45:209.741:2901,Contig:46:75.6624:1029,Contig:48:115.728:1555,Contig:71:55.1393:7129,Contig:74:163.75:1059,Contig:76:96.265:631,Contig:78:96.0062:867,Contig:79:52.9641:46928,Contig:81:91:1533,Contig:83:163.77:3088,Contig:84:47.6813:99441,Contig:88:167.543:2070,Contig:8:139.037:1456,Contig:90:76.9578:1225,Contig:91:128.698:2505,Contig:92:167.721:1074,Contig:102:118.168:5p:1:7:119,Contig:102:118.168:5p:1:11:487,Contig:102:118.168:5p:1:15:487,Contig:102:118.168:5p:1:19:460,Contig:104:49.395:5p:1:19:201,Contig:104:49.395:5p:1:20:264,Contig:104:49.395:5p:1:25:103,Contig:104:49.395:5p:1:26:173,Contig:104:49.395:5p:1:58:311,Contig:104:49.395:5p:1:60:568,Contig:104:49.395:5p:1:69:896,Contig:104:49.395:5p:1:74:257,Contig:104:49.395:5p:1:82:575,Contig:104:49.395:5p:1:87:512,Contig:105:295.133:3p:1:4:111,Contig:105:295.133:3p:1:6:365,Contig:108:93.9572:3p:1:5:417,Contig:108:93.9572:3p:1:7:789,Contig:108:93.9572:3p:1:11:268,Contig:108:93.9572:3p:1:12:789,Contig:108:93.9572:3p:1:13:417,Contig:108:93.9572:3p:1:15:789,Contig:108:93.9572:3p:1:16:789,Contig:116:52.9408:5p:1:4:341,Contig:116:52.9408:5p:1:5:119,Contig:116:52.9408:5p:1:6:780,Contig:116:52.9408:5p:1:7:150,Contig:116:52.9408:5p:1:11:338,Contig:116:52.9408:5p:1:13:119,Contig:116:52.9408:5p:1:15:105,Contig:117:192.357:3p:1:4:252,Contig:126:104.244:5p:1:5:318,Contig:126:104.244:5p:1:12:536,Contig:36:193.023:5p:1:3:130,Contig:36:193.023:5p:1:4:141,Contig:3:178.691:3p:1:3:173,Contig:75:132.869:5p:1:3:119,Contig:75:132.869:5p:1:4:206,Contig:83:163.77:3p:1:1:119,Contig:83:163.77:3p:1:2:119,Contig:83:163.77:3p:1:3:505,Contig:90:76.9578:3p:1:1:119	0	False	0
ecol-SAMN36984458	GP_unb_5	Contig:104:49.395:5p:1:62:405	5	0.0	0.2514984823989824	13.34502148047909	GP_unb_8	Contig:126:104.244:5p:1:17:803	5	0.0	0.41977206949054036	4.14432388639984	5	-1.5566351785798442	19.104137872876205	0.056671338630621904	Contig:100:70.2117:12726,Contig:102:118.168:1755,Contig:105:295.133:822,Contig:108:93.9572:5119,Contig:117:192.357:924,Contig:122:125.069:2054,Contig:125:103.083:2656,Contig:12:45.8538:43152,Contig:131:147.134:1028,Contig:132:58.0439:52243,Contig:133:86.0339:1078,Contig:134:88.3366:8241,Contig:14:109.611:3016,Contig:15:61.0292:16112,Contig:19:123.679:4092,Contig:23:126.583:2486,Contig:28:437.228:2107,Contig:31:57.0039:9687,Contig:34:101.7:1730,Contig:35:189.833:1476,Contig:36:193.023:1258,Contig:37:621.049:768,Contig:45:209.741:2901,Contig:46:75.6624:1029,Contig:48:115.728:1555,Contig:71:55.1393:7129,Contig:74:163.75:1059,Contig:76:96.265:631,Contig:78:96.0062:867,Contig:79:52.9641:46928,Contig:81:91:1533,Contig:83:163.77:3088,Contig:84:47.6813:99441,Contig:87:123.393:1453,Contig:88:167.543:2070,Contig:8:139.037:1456,Contig:90:76.9578:1225,Contig:91:128.698:2505,Contig:92:167.721:1074,Contig:102:118.168:5p:1:11:487,Contig:102:118.168:5p:1:12:119,Contig:102:118.168:5p:1:15:487,Contig:102:118.168:5p:1:19:460,Contig:104:49.395:5p:1:19:201,Contig:104:49.395:5p:1:20:264,Contig:104:49.395:5p:1:25:103,Contig:104:49.395:5p:1:26:173,Contig:104:49.395:5p:1:58:311,Contig:104:49.395:5p:1:60:568,Contig:104:49.395:5p:1:69:896,Contig:104:49.395:5p:1:74:257,Contig:104:49.395:5p:1:82:575,Contig:104:49.395:5p:1:87:512,Contig:105:295.133:3p:1:4:111,Contig:105:295.133:3p:1:6:365,Contig:108:93.9572:3p:1:5:417,Contig:108:93.9572:3p:1:7:789,Contig:108:93.9572:3p:1:11:268,Contig:108:93.9572:3p:1:12:789,Contig:108:93.9572:3p:1:13:417,Contig:108:93.9572:3p:1:15:789,Contig:108:93.9572:3p:1:16:789,Contig:116:52.9408:5p:1:4:341,Contig:116:52.9408:5p:1:5:119,Contig:116:52.9408:5p:1:6:780,Contig:116:52.9408:5p:1:7:150,Contig:116:52.9408:5p:1:11:338,Contig:116:52.9408:5p:1:13:119,Contig:116:52.9408:5p:1:15:105,Contig:117:192.357:3p:1:4:252,Contig:126:104.244:5p:1:5:318,Contig:126:104.244:5p:1:12:536,Contig:36:193.023:5p:1:3:130,Contig:36:193.023:5p:1:4:141,Contig:3:178.691:3p:1:3:173,Contig:75:132.869:5p:1:3:119,Contig:75:132.869:5p:1:4:206,Contig:83:163.77:3p:1:1:119,Contig:83:163.77:3p:1:2:119,Contig:83:163.77:3p:1:3:505,Contig:90:76.9578:3p:1:1:119	0	False	0
ecol-SAMN36984458	GP_unb_5	Contig:104:49.395:5p:1:62:405	5	0.0	0.2514984823989824	13.34502148047909	GP_unb_9	Contig:27:270.615:3p:1:4:699	4	0.0	0.09182128860709671	4.217563138527008	5	-1.7790969363856097	17.242159175065122	0.056839287974071534	Contig:100:70.2117:12726,Contig:101:150.391:3546,Contig:102:118.168:1755,Contig:105:295.133:822,Contig:108:93.9572:5119,Contig:111:66.2141:10724,Contig:112:88.291:880,Contig:117:192.357:924,Contig:119:49.4648:48004,Contig:122:125.069:2054,Contig:125:103.083:2656,Contig:131:147.134:1028,Contig:132:58.0439:52243,Contig:133:86.0339:1078,Contig:134:88.3366:8241,Contig:14:109.611:3016,Contig:15:61.0292:16112,Contig:19:123.679:4092,Contig:1:92.8013:4279,Contig:22:267.298:2474,Contig:24:77.2636:4192,Contig:28:437.228:2107,Contig:2:186.773:584,Contig:31:57.0039:9687,Contig:35:189.833:1476,Contig:36:193.023:1258,Contig:37:621.049:768,Contig:38:40.1569:356106,Contig:3:178.691:1219,Contig:45:209.741:2901,Contig:46:75.6624:1029,Contig:48:115.728:1555,Contig:51:102.167:1077,Contig:71:55.1393:7129,Contig:74:163.75:1059,Contig:76:96.265:631,Contig:78:96.0062:867,Contig:79:52.9641:46928,Contig:81:91:1533,Contig:83:163.77:3088,Contig:84:47.6813:99441,Contig:88:167.543:2070,Contig:8:139.037:1456,Contig:90:76.9578:1225,Contig:91:128.698:2505,Contig:92:167.721:1074,Contig:97:80.7141:688,Contig:102:118.168:5p:1:5:119,Contig:102:118.168:5p:1:11:487,Contig:102:118.168:5p:1:15:487,Contig:102:118.168:5p:1:19:460,Contig:104:49.395:5p:1:19:201,Contig:104:49.395:5p:1:20:264,Contig:104:49.395:5p:1:25:103,Contig:104:49.395:5p:1:26:173,Contig:104:49.395:5p:1:58:311,Contig:104:49.395:5p:1:60:568,Contig:104:49.395:5p:1:69:896,Contig:104:49.395:5p:1:74:257,Contig:104:49.395:5p:1:82:575,Contig:104:49.395:5p:1:87:512,Contig:105:295.133:3p:1:4:111,Contig:105:295.133:3p:1:6:365,Contig:108:93.9572:3p:1:5:417,Contig:108:93.9572:3p:1:7:789,Contig:108:93.9572:3p:1:11:268,Contig:108:93.9572:3p:1:12:789,Contig:108:93.9572:3p:1:13:417,Contig:108:93.9572:3p:1:15:789,Contig:108:93.9572:3p:1:16:789,Contig:116:52.9408:5p:1:4:341,Contig:116:52.9408:5p:1:5:119,Contig:116:52.9408:5p:1:6:780,Contig:116:52.9408:5p:1:7:150,Contig:116:52.9408:5p:1:11:338,Contig:116:52.9408:5p:1:13:119,Contig:116:52.9408:5p:1:15:105,Contig:117:192.357:3p:1:4:252,Contig:126:104.244:5p:1:5:318,Contig:126:104.244:5p:1:12:536,Contig:27:270.615:3p:1:8:293,Contig:36:193.023:5p:1:3:130,Contig:36:193.023:5p:1:4:141,Contig:3:178.691:3p:1:3:173,Contig:75:132.869:5p:1:3:119,Contig:75:132.869:5p:1:4:206,Contig:83:163.77:3p:1:1:119,Contig:83:163.77:3p:1:2:119,Contig:83:163.77:3p:1:3:505,Contig:90:76.9578:3p:1:1:119	0	False	0
ecol-SAMN36984458	GP_unb_5	Contig:104:49.395:5p:1:62:405	5	0.0	0.2514984823989824	13.34502148047909	GP_unb_10	Contig:75:132.869:3p:1:3:145	5	0.0	0.42503859778011344	1.4907299939065037	5	-1.820644734880903	19.17545929436234	0.056671338630621904	Contig:100:70.2117:12726,Contig:102:118.168:1755,Contig:105:295.133:822,Contig:108:93.9572:5119,Contig:10:98.0519:1466,Contig:110:49.5145:12501,Contig:122:125.069:2054,Contig:125:103.083:2656,Contig:12:45.8538:43152,Contig:131:147.134:1028,Contig:132:58.0439:52243,Contig:134:88.3366:8241,Contig:14:109.611:3016,Contig:15:61.0292:16112,Contig:19:123.679:4092,Contig:28:437.228:2107,Contig:30:67.9926:11722,Contig:31:57.0039:9687,Contig:34:101.7:1730,Contig:35:189.833:1476,Contig:36:193.023:1258,Contig:37:621.049:768,Contig:45:209.741:2901,Contig:46:75.6624:1029,Contig:48:115.728:1555,Contig:71:55.1393:7129,Contig:74:163.75:1059,Contig:76:96.265:631,Contig:78:96.0062:867,Contig:79:52.9641:46928,Contig:80:52.3095:150052,Contig:81:91:1533,Contig:83:163.77:3088,Contig:84:47.6813:99441,Contig:87:123.393:1453,Contig:88:167.543:2070,Contig:8:139.037:1456,Contig:90:76.9578:1225,Contig:91:128.698:2505,Contig:92:167.721:1074,Contig:102:118.168:5p:1:7:119,Contig:102:118.168:5p:1:11:487,Contig:102:118.168:5p:1:15:487,Contig:102:118.168:5p:1:19:460,Contig:104:49.395:5p:1:20:264,Contig:104:49.395:5p:1:25:103,Contig:104:49.395:5p:1:26:173,Contig:104:49.395:5p:1:58:311,Contig:104:49.395:5p:1:60:568,Contig:104:49.395:5p:1:69:896,Contig:104:49.395:5p:1:74:257,Contig:104:49.395:5p:1:82:575,Contig:104:49.395:5p:1:87:512,Contig:105:295.133:3p:1:4:111,Contig:105:295.133:3p:1:6:365,Contig:108:93.9572:3p:1:5:417,Contig:108:93.9572:3p:1:7:789,Contig:108:93.9572:3p:1:11:268,Contig:108:93.9572:3p:1:12:789,Contig:108:93.9572:3p:1:13:417,Contig:108:93.9572:3p:1:15:789,Contig:108:93.9572:3p:1:16:789,Contig:116:52.9408:5p:1:4:341,Contig:116:52.9408:5p:1:5:119,Contig:116:52.9408:5p:1:6:780,Contig:116:52.9408:5p:1:7:150,Contig:116:52.9408:5p:1:11:338,Contig:116:52.9408:5p:1:13:119,Contig:116:52.9408:5p:1:15:105,Contig:126:104.244:5p:1:5:318,Contig:126:104.244:5p:1:12:536,Contig:36:193.023:5p:1:3:130,Contig:36:193.023:5p:1:4:141,Contig:3:178.691:3p:1:3:173,Contig:75:132.869:5p:1:3:119,Contig:75:132.869:5p:1:4:206,Contig:90:76.9578:3p:1:1:119	0	False	0
ecol-SAMN36984458	GP_unb_5	Contig:104:49.395:5p:1:62:405	5	0.0	0.2514984823989824	13.34502148047909	GP_unb_11	Contig:75:132.869:3p:1:4:145	5	0.0	0.3581528709029371	1.633297768609226	5	-1.820644734880903	19.108573567485166	0.056671338630621904	Contig:100:70.2117:12726,Contig:102:118.168:1755,Contig:105:295.133:822,Contig:108:93.9572:5119,Contig:10:98.0519:1466,Contig:110:49.5145:12501,Contig:122:125.069:2054,Contig:125:103.083:2656,Contig:12:45.8538:43152,Contig:131:147.134:1028,Contig:132:58.0439:52243,Contig:134:88.3366:8241,Contig:14:109.611:3016,Contig:15:61.0292:16112,Contig:19:123.679:4092,Contig:28:437.228:2107,Contig:30:67.9926:11722,Contig:31:57.0039:9687,Contig:34:101.7:1730,Contig:35:189.833:1476,Contig:36:193.023:1258,Contig:37:621.049:768,Contig:45:209.741:2901,Contig:46:75.6624:1029,Contig:48:115.728:1555,Contig:71:55.1393:7129,Contig:74:163.75:1059,Contig:76:96.265:631,Contig:78:96.0062:867,Contig:79:52.9641:46928,Contig:80:52.3095:150052,Contig:81:91:1533,Contig:83:163.77:3088,Contig:84:47.6813:99441,Contig:87:123.393:1453,Contig:88:167.543:2070,Contig:8:139.037:1456,Contig:90:76.9578:1225,Contig:91:128.698:2505,Contig:92:167.721:1074,Contig:102:118.168:5p:1:7:119,Contig:102:118.168:5p:1:11:487,Contig:102:118.168:5p:1:15:487,Contig:102:118.168:5p:1:19:460,Contig:104:49.395:5p:1:20:264,Contig:104:49.395:5p:1:25:103,Contig:104:49.395:5p:1:26:173,Contig:104:49.395:5p:1:58:311,Contig:104:49.395:5p:1:60:568,Contig:104:49.395:5p:1:69:896,Contig:104:49.395:5p:1:74:257,Contig:104:49.395:5p:1:82:575,Contig:104:49.395:5p:1:87:512,Contig:105:295.133:3p:1:4:111,Contig:105:295.133:3p:1:6:365,Contig:108:93.9572:3p:1:5:417,Contig:108:93.9572:3p:1:7:789,Contig:108:93.9572:3p:1:11:268,Contig:108:93.9572:3p:1:12:789,Contig:108:93.9572:3p:1:13:417,Contig:108:93.9572:3p:1:15:789,Contig:108:93.9572:3p:1:16:789,Contig:116:52.9408:5p:1:4:341,Contig:116:52.9408:5p:1:5:119,Contig:116:52.9408:5p:1:6:780,Contig:116:52.9408:5p:1:7:150,Contig:116:52.9408:5p:1:11:338,Contig:116:52.9408:5p:1:13:119,Contig:116:52.9408:5p:1:15:105,Contig:126:104.244:5p:1:5:318,Contig:126:104.244:5p:1:12:536,Contig:36:193.023:5p:1:3:130,Contig:36:193.023:5p:1:4:141,Contig:3:178.691:3p:1:3:173,Contig:75:132.869:5p:1:3:119,Contig:75:132.869:5p:1:4:206,Contig:90:76.9578:3p:1:1:119	0	False	0
ecol-SAMN36984458	GP_unb_5	Contig:104:49.395:5p:1:62:405	5	0.0	0.2514984823989824	13.34502148047909	GP_unb_12	Contig:75:132.869:5p:1:1:269	4	0.0	0.21795771926231589	1.801768465227087	5	-1.6139215890081287	18.578953145067818	0.056671338630621904	Contig:100:70.2117:12726,Contig:102:118.168:1755,Contig:105:295.133:822,Contig:108:93.9572:5119,Contig:112:88.291:880,Contig:117:192.357:924,Contig:122:125.069:2054,Contig:125:103.083:2656,Contig:12:45.8538:43152,Contig:131:147.134:1028,Contig:132:58.0439:52243,Contig:133:86.0339:1078,Contig:134:88.3366:8241,Contig:15:61.0292:16112,Contig:19:123.679:4092,Contig:28:437.228:2107,Contig:31:57.0039:9687,Contig:34:101.7:1730,Contig:35:189.833:1476,Contig:36:193.023:1258,Contig:37:621.049:768,Contig:3:178.691:1219,Contig:45:209.741:2901,Contig:46:75.6624:1029,Contig:48:115.728:1555,Contig:71:55.1393:7129,Contig:74:163.75:1059,Contig:76:96.265:631,Contig:78:96.0062:867,Contig:79:52.9641:46928,Contig:81:91:1533,Contig:83:163.77:3088,Contig:84:47.6813:99441,Contig:88:167.543:2070,Contig:8:139.037:1456,Contig:90:76.9578:1225,Contig:91:128.698:2505,Contig:92:167.721:1074,Contig:102:118.168:5p:1:7:119,Contig:102:118.168:5p:1:11:487,Contig:102:118.168:5p:1:15:487,Contig:102:118.168:5p:1:19:460,Contig:104:49.395:5p:1:19:201,Contig:104:49.395:5p:1:20:264,Contig:104:49.395:5p:1:25:103,Contig:104:49.395:5p:1:26:173,Contig:104:49.395:5p:1:58:311,Contig:104:49.395:5p:1:60:568,Contig:104:49.395:5p:1:69:896,Contig:104:49.395:5p:1:74:257,Contig:104:49.395:5p:1:82:575,Contig:104:49.395:5p:1:87:512,Contig:105:295.133:3p:1:4:111,Contig:105:295.133:3p:1:6:365,Contig:108:93.9572:3p:1:5:417,Contig:108:93.9572:3p:1:7:789,Contig:108:93.9572:3p:1:11:268,Contig:108:93.9572:3p:1:12:789,Contig:108:93.9572:3p:1:13:417,Contig:108:93.9572:3p:1:15:789,Contig:108:93.9572:3p:1:16:789,Contig:116:52.9408:5p:1:4:341,Contig:116:52.9408:5p:1:5:119,Contig:116:52.9408:5p:1:6:780,Contig:116:52.9408:5p:1:7:150,Contig:116:52.9408:5p:1:11:338,Contig:116:52.9408:5p:1:13:119,Contig:116:52.9408:5p:1:15:105,Contig:117:192.357:3p:1:4:252,Contig:126:104.244:5p:1:5:318,Contig:126:104.244:5p:1:12:536,Contig:36:193.023:5p:1:3:130,Contig:36:193.023:5p:1:4:141,Contig:3:178.691:3p:1:3:173,Contig:75:132.869:5p:1:3:119,Contig:75:132.869:5p:1:4:206,Contig:83:163.77:3p:1:1:119,Contig:83:163.77:3p:1:2:119,Contig:83:163.77:3p:1:3:505,Contig:90:76.9578:3p:1:1:119	0	False	0
ecol-SAMN36984458	GP_unb_6	Contig:105:295.133:5p:1:5:682	5	0.0	0.4783319166180734	4.957421318188026	GP_unb_7	Contig:116:52.9408:5p:1:14:312	5	0.0	0.28020601656120236	2.216446227038547	5	-1.7615647308917644	19.06315970920992	0.056671338630621904	Contig:100:70.2117:12726,Contig:102:118.168:1755,Contig:105:295.133:822,Contig:108:93.9572:5119,Contig:110:49.5145:12501,Contig:112:88.291:880,Contig:117:192.357:924,Contig:122:125.069:2054,Contig:125:103.083:2656,Contig:12:45.8538:43152,Contig:131:147.134:1028,Contig:132:58.0439:52243,Contig:133:86.0339:1078,Contig:134:88.3366:8241,Contig:14:109.611:3016,Contig:15:61.0292:16112,Contig:19:123.679:4092,Contig:28:437.228:2107,Contig:31:57.0039:9687,Contig:35:189.833:1476,Contig:36:193.023:1258,Contig:37:621.049:768,Contig:3:178.691:1219,Contig:45:209.741:2901,Contig:46:75.6624:1029,Contig:48:115.728:1555,Contig:71:55.1393:7129,Contig:74:163.75:1059,Contig:76:96.265:631,Contig:78:96.0062:867,Contig:79:52.9641:46928,Contig:81:91:1533,Contig:83:163.77:3088,Contig:84:47.6813:99441,Contig:88:167.543:2070,Contig:8:139.037:1456,Contig:90:76.9578:1225,Contig:91:128.698:2505,Contig:92:167.721:1074,Contig:102:118.168:5p:1:7:119,Contig:102:118.168:5p:1:11:487,Contig:102:118.168:5p:1:15:487,Contig:102:118.168:5p:1:19:460,Contig:104:49.395:5p:1:20:264,Contig:104:49.395:5p:1:25:103,Contig:104:49.395:5p:1:26:173,Contig:104:49.395:5p:1:58:311,Contig:104:49.395:5p:1:60:568,Contig:104:49.395:5p:1:69:896,Contig:104:49.395:5p:1:74:257,Contig:104:49.395:5p:1:82:575,Contig:104:49.395:5p:1:87:512,Contig:105:295.133:3p:1:4:111,Contig:105:295.133:3p:1:6:365,Contig:108:93.9572:3p:1:5:417,Contig:108:93.9572:3p:1:7:789,Contig:108:93.9572:3p:1:11:268,Contig:108:93.9572:3p:1:12:789,Contig:108:93.9572:3p:1:13:417,Contig:108:93.9572:3p:1:15:789,Contig:108:93.9572:3p:1:16:789,Contig:116:52.9408:5p:1:4:341,Contig:116:52.9408:5p:1:5:119,Contig:116:52.9408:5p:1:6:780,Contig:116:52.9408:5p:1:7:150,Contig:116:52.9408:5p:1:11:338,Contig:116:52.9408:5p:1:13:119,Contig:116:52.9408:5p:1:15:105,Contig:117:192.357:3p:1:4:252,Contig:126:104.244:5p:1:5:318,Contig:126:104.244:5p:1:12:536,Contig:36:193.023:5p:1:3:130,Contig:36:193.023:5p:1:4:141,Contig:3:178.691:3p:1:3:173,Contig:75:132.869:5p:1:3:119,Contig:75:132.869:5p:1:4:206,Contig:83:163.77:3p:1:1:119,Contig:83:163.77:3p:1:2:119,Contig:83:163.77:3p:1:3:505,Contig:90:76.9578:3p:1:1:119	0	False	0
ecol-SAMN36984458	GP_unb_6	Contig:105:295.133:5p:1:5:682	5	0.0	0.4783319166180734	4.957421318188026	GP_unb_8	Contig:126:104.244:5p:1:17:803	5	0.0	0.41977206949054036	4.14432388639984	5	-1.7110392728062318	19.287931744263787	0.056671338630622244	Contig:100:70.2117:12726,Contig:102:118.168:1755,Contig:105:295.133:822,Contig:108:93.9572:5119,Contig:110:49.5145:12501,Contig:117:192.357:924,Contig:122:125.069:2054,Contig:125:103.083:2656,Contig:12:45.8538:43152,Contig:131:147.134:1028,Contig:132:58.0439:52243,Contig:133:86.0339:1078,Contig:134:88.3366:8241,Contig:14:109.611:3016,Contig:15:61.0292:16112,Contig:19:123.679:4092,Contig:23:126.583:2486,Contig:28:437.228:2107,Contig:31:57.0039:9687,Contig:35:189.833:1476,Contig:36:193.023:1258,Contig:37:621.049:768,Contig:45:209.741:2901,Contig:46:75.6624:1029,Contig:48:115.728:1555,Contig:71:55.1393:7129,Contig:74:163.75:1059,Contig:76:96.265:631,Contig:78:96.0062:867,Contig:79:52.9641:46928,Contig:81:91:1533,Contig:83:163.77:3088,Contig:84:47.6813:99441,Contig:87:123.393:1453,Contig:88:167.543:2070,Contig:8:139.037:1456,Contig:90:76.9578:1225,Contig:91:128.698:2505,Contig:92:167.721:1074,Contig:102:118.168:5p:1:7:119,Contig:102:118.168:5p:1:11:487,Contig:102:118.168:5p:1:15:487,Contig:102:118.168:5p:1:19:460,Contig:104:49.395:5p:1:20:264,Contig:104:49.395:5p:1:25:103,Contig:104:49.395:5p:1:26:173,Contig:104:49.395:5p:1:58:311,Contig:104:49.395:5p:1:60:568,Contig:104:49.395:5p:1:69:896,Contig:104:49.395:5p:1:74:257,Contig:104:49.395:5p:1:82:575,Contig:104:49.395:5p:1:87:512,Contig:105:295.133:3p:1:4:111,Contig:105:295.133:3p:1:6:365,Contig:108:93.9572:3p:1:5:417,Contig:108:93.9572:3p:1:7:789,Contig:108:93.9572:3p:1:11:268,Contig:108:93.9572:3p:1:12:789,Contig:108:93.9572:3p:1:13:417,Contig:108:93.9572:3p:1:15:789,Contig:108:93.9572:3p:1:16:789,Contig:116:52.9408:5p:1:4:341,Contig:116:52.9408:5p:1:5:119,Contig:116:52.9408:5p:1:6:780,Contig:116:52.9408:5p:1:7:150,Contig:116:52.9408:5p:1:11:338,Contig:116:52.9408:5p:1:13:119,Contig:116:52.9408:5p:1:15:105,Contig:117:192.357:3p:1:4:252,Contig:126:104.244:5p:1:5:318,Contig:126:104.244:5p:1:12:536,Contig:36:193.023:5p:1:3:130,Contig:36:193.023:5p:1:4:141,Contig:3:178.691:3p:1:3:173,Contig:75:132.869:5p:1:3:119,Contig:75:132.869:5p:1:4:206,Contig:83:163.77:3p:1:1:119,Contig:83:163.77:3p:1:2:119,Contig:83:163.77:3p:1:3:505,Contig:90:76.9578:3p:1:1:119	0	False	0
ecol-SAMN36984458	GP_unb_6	Contig:105:295.133:5p:1:5:682	5	0.0	0.4783319166180734	4.957421318188026	GP_unb_9	Contig:27:270.615:3p:1:4:699	4	0.0	0.09182128860709671	4.217563138527008	5	-1.8176560195226859	17.175474186839462	0.056671338630621904	Contig:100:70.2117:12726,Contig:102:118.168:1755,Contig:105:295.133:822,Contig:108:93.9572:5119,Contig:110:49.5145:12501,Contig:117:192.357:924,Contig:122:125.069:2054,Contig:125:103.083:2656,Contig:12:45.8538:43152,Contig:131:147.134:1028,Contig:132:58.0439:52243,Contig:133:86.0339:1078,Contig:134:88.3366:8241,Contig:14:109.611:3016,Contig:15:61.0292:16112,Contig:19:123.679:4092,Contig:22:267.298:2474,Contig:28:437.228:2107,Contig:31:57.0039:9687,Contig:36:193.023:1258,Contig:37:621.049:768,Contig:38:40.1569:356106,Contig:45:209.741:2901,Contig:46:75.6624:1029,Contig:48:115.728:1555,Contig:5:57.8788:3941,Contig:74:163.75:1059,Contig:76:96.265:631,Contig:78:96.0062:867,Contig:79:52.9641:46928,Contig:81:91:1533,Contig:83:163.77:3088,Contig:84:47.6813:99441,Contig:87:123.393:1453,Contig:88:167.543:2070,Contig:8:139.037:1456,Contig:90:76.9578:1225,Contig:91:128.698:2505,Contig:92:167.721:1074,Contig:102:118.168:5p:1:7:119,Contig:102:118.168:5p:1:11:487,Contig:102:118.168:5p:1:15:487,Contig:102:118.168:5p:1:19:460,Contig:104:49.395:5p:1:20:264,Contig:104:49.395:5p:1:25:103,Contig:104:49.395:5p:1:26:173,Contig:104:49.395:5p:1:58:311,Contig:104:49.395:5p:1:60:568,Contig:104:49.395:5p:1:69:896,Contig:104:49.395:5p:1:74:257,Contig:104:49.395:5p:1:82:575,Contig:104:49.395:5p:1:87:512,Contig:105:295.133:3p:1:4:111,Contig:105:295.133:3p:1:6:365,Contig:108:93.9572:3p:1:5:417,Contig:108:93.9572:3p:1:7:789,Contig:108:93.9572:3p:1:11:268,Contig:108:93.9572:3p:1:12:789,Contig:108:93.9572:3p:1:13:417,Contig:108:93.9572:3p:1:15:789,Contig:108:93.9572:3p:1:16:789,Contig:116:52.9408:5p:1:4:341,Contig:116:52.9408:5p:1:5:119,Contig:116:52.9408:5p:1:6:780,Contig:116:52.9408:5p:1:7:150,Contig:116:52.9408:5p:1:11:338,Contig:116:52.9408:5p:1:13:119,Contig:116:52.9408:5p:1:15:105,Contig:117:192.357:3p:1:4:252,Contig:126:104.244:5p:1:5:318,Contig:126:104.244:5p:1:12:536,Contig:27:270.615:3p:1:8:293,Contig:36:193.023:5p:1:3:130,Contig:36:193.023:5p:1:4:141,Contig:3:178.691:3p:1:3:173,Contig:75:132.869:5p:1:3:119,Contig:75:132.869:5p:1:4:206,Contig:83:163.77:3p:1:1:119,Contig:83:163.77:3p:1:2:119,Contig:83:163.77:3p:1:3:505,Contig:90:76.9578:3p:1:1:119	0	False	0
ecol-SAMN36984458	GP_unb_6	Contig:105:295.133:5p:1:5:682	5	0.0	0.4783319166180734	4.957421318188026	GP_unb_10	Contig:75:132.869:3p:1:3:145	5	0.0	0.42503859778011344	1.4907299939065037	5	-1.8753987053074637	19.416774935173656	0.056671338630621904	Contig:100:70.2117:12726,Contig:102:118.168:1755,Contig:105:295.133:822,Contig:108:93.9572:5119,Contig:10:98.0519:1466,Contig:110:49.5145:12501,Contig:122:125.069:2054,Contig:125:103.083:2656,Contig:12:45.8538:43152,Contig:131:147.134:1028,Contig:132:58.0439:52243,Contig:133:86.0339:1078,Contig:134:88.3366:8241,Contig:14:109.611:3016,Contig:15:61.0292:16112,Contig:19:123.679:4092,Contig:28:437.228:2107,Contig:30:67.9926:11722,Contig:31:57.0039:9687,Contig:35:189.833:1476,Contig:36:193.023:1258,Contig:37:621.049:768,Contig:45:209.741:2901,Contig:46:75.6624:1029,Contig:48:115.728:1555,Contig:71:55.1393:7129,Contig:74:163.75:1059,Contig:76:96.265:631,Contig:78:96.0062:867,Contig:79:52.9641:46928,Contig:80:52.3095:150052,Contig:81:91:1533,Contig:83:163.77:3088,Contig:84:47.6813:99441,Contig:87:123.393:1453,Contig:88:167.543:2070,Contig:8:139.037:1456,Contig:90:76.9578:1225,Contig:91:128.698:2505,Contig:92:167.721:1074,Contig:102:118.168:5p:1:7:119,Contig:102:118.168:5p:1:11:487,Contig:102:118.168:5p:1:15:487,Contig:102:118.168:5p:1:19:460,Contig:104:49.395:5p:1:20:264,Contig:104:49.395:5p:1:25:103,Contig:104:49.395:5p:1:26:173,Contig:104:49.395:5p:1:58:311,Contig:104:49.395:5p:1:60:568,Contig:104:49.395:5p:1:69:896,Contig:104:49.395:5p:1:74:257,Contig:104:49.395:5p:1:82:575,Contig:104:49.395:5p:1:87:512,Contig:105:295.133:3p:1:4:111,Contig:105:295.133:3p:1:6:365,Contig:108:93.9572:3p:1:5:417,Contig:108:93.9572:3p:1:7:789,Contig:108:93.9572:3p:1:11:268,Contig:108:93.9572:3p:1:12:789,Contig:108:93.9572:3p:1:13:417,Contig:108:93.9572:3p:1:15:789,Contig:108:93.9572:3p:1:16:789,Contig:116:52.9408:5p:1:4:341,Contig:116:52.9408:5p:1:5:119,Contig:116:52.9408:5p:1:6:780,Contig:116:52.9408:5p:1:7:150,Contig:116:52.9408:5p:1:11:338,Contig:116:52.9408:5p:1:13:119,Contig:116:52.9408:5p:1:15:105,Contig:126:104.244:5p:1:5:318,Contig:126:104.244:5p:1:12:536,Contig:36:193.023:5p:1:3:130,Contig:36:193.023:5p:1:4:141,Contig:3:178.691:3p:1:3:173,Contig:75:132.869:5p:1:3:119,Contig:75:132.869:5p:1:4:206,Contig:90:76.9578:3p:1:1:119	0	False	0
ecol-SAMN36984458	GP_unb_6	Contig:105:295.133:5p:1:5:682	5	0.0	0.4783319166180734	4.957421318188026	GP_unb_11	Contig:75:132.869:3p:1:4:145	5	0.0	0.3581528709029371	1.633297768609226	5	-1.8753987053074637	19.34988920829648	0.056671338630621904	Contig:100:70.2117:12726,Contig:102:118.168:1755,Contig:105:295.133:822,Contig:108:93.9572:5119,Contig:10:98.0519:1466,Contig:110:49.5145:12501,Contig:122:125.069:2054,Contig:125:103.083:2656,Contig:12:45.8538:43152,Contig:131:147.134:1028,Contig:132:58.0439:52243,Contig:133:86.0339:1078,Contig:134:88.3366:8241,Contig:14:109.611:3016,Contig:15:61.0292:16112,Contig:19:123.679:4092,Contig:28:437.228:2107,Contig:30:67.9926:11722,Contig:31:57.0039:9687,Contig:35:189.833:1476,Contig:36:193.023:1258,Contig:37:621.049:768,Contig:45:209.741:2901,Contig:46:75.6624:1029,Contig:48:115.728:1555,Contig:71:55.1393:7129,Contig:74:163.75:1059,Contig:76:96.265:631,Contig:78:96.0062:867,Contig:79:52.9641:46928,Contig:80:52.3095:150052,Contig:81:91:1533,Contig:83:163.77:3088,Contig:84:47.6813:99441,Contig:87:123.393:1453,Contig:88:167.543:2070,Contig:8:139.037:1456,Contig:90:76.9578:1225,Contig:91:128.698:2505,Contig:92:167.721:1074,Contig:102:118.168:5p:1:7:119,Contig:102:118.168:5p:1:11:487,Contig:102:118.168:5p:1:15:487,Contig:102:118.168:5p:1:19:460,Contig:104:49.395:5p:1:20:264,Contig:104:49.395:5p:1:25:103,Contig:104:49.395:5p:1:26:173,Contig:104:49.395:5p:1:58:311,Contig:104:49.395:5p:1:60:568,Contig:104:49.395:5p:1:69:896,Contig:104:49.395:5p:1:74:257,Contig:104:49.395:5p:1:82:575,Contig:104:49.395:5p:1:87:512,Contig:105:295.133:3p:1:4:111,Contig:105:295.133:3p:1:6:365,Contig:108:93.9572:3p:1:5:417,Contig:108:93.9572:3p:1:7:789,Contig:108:93.9572:3p:1:11:268,Contig:108:93.9572:3p:1:12:789,Contig:108:93.9572:3p:1:13:417,Contig:108:93.9572:3p:1:15:789,Contig:108:93.9572:3p:1:16:789,Contig:116:52.9408:5p:1:4:341,Contig:116:52.9408:5p:1:5:119,Contig:116:52.9408:5p:1:6:780,Contig:116:52.9408:5p:1:7:150,Contig:116:52.9408:5p:1:11:338,Contig:116:52.9408:5p:1:13:119,Contig:116:52.9408:5p:1:15:105,Contig:126:104.244:5p:1:5:318,Contig:126:104.244:5p:1:12:536,Contig:36:193.023:5p:1:3:130,Contig:36:193.023:5p:1:4:141,Contig:3:178.691:3p:1:3:173,Contig:75:132.869:5p:1:3:119,Contig:75:132.869:5p:1:4:206,Contig:90:76.9578:3p:1:1:119	0	False	0
ecol-SAMN36984458	GP_unb_6	Contig:105:295.133:5p:1:5:682	5	0.0	0.4783319166180734	4.957421318188026	GP_unb_12	Contig:75:132.869:5p:1:1:269	4	0.0	0.21795771926231589	1.801768465227087	5	-1.779509416166668	18.364033484996572	0.056671338631018864	Contig:100:70.2117:12726,Contig:102:118.168:1755,Contig:105:295.133:822,Contig:108:93.9572:5119,Contig:110:49.5145:12501,Contig:112:88.291:880,Contig:117:192.357:924,Contig:122:125.069:2054,Contig:125:103.083:2656,Contig:12:45.8538:43152,Contig:131:147.134:1028,Contig:132:58.0439:52243,Contig:133:86.0339:1078,Contig:134:88.3366:8241,Contig:14:109.611:3016,Contig:15:61.0292:16112,Contig:19:123.679:4092,Contig:28:437.228:2107,Contig:31:57.0039:9687,Contig:35:189.833:1476,Contig:36:193.023:1258,Contig:37:621.049:768,Contig:3:178.691:1219,Contig:45:209.741:2901,Contig:46:75.6624:1029,Contig:48:115.728:1555,Contig:71:55.1393:7129,Contig:74:163.75:1059,Contig:76:96.265:631,Contig:78:96.0062:867,Contig:79:52.9641:46928,Contig:81:91:1533,Contig:83:163.77:3088,Contig:84:47.6813:99441,Contig:88:167.543:2070,Contig:8:139.037:1456,Contig:90:76.9578:1225,Contig:91:128.698:2505,Contig:92:167.721:1074,Contig:102:118.168:5p:1:5:119,Contig:102:118.168:5p:1:11:487,Contig:102:118.168:5p:1:15:487,Contig:102:118.168:5p:1:19:460,Contig:104:49.395:5p:1:20:264,Contig:104:49.395:5p:1:25:103,Contig:104:49.395:5p:1:26:173,Contig:104:49.395:5p:1:58:311,Contig:104:49.395:5p:1:60:568,Contig:104:49.395:5p:1:69:896,Contig:104:49.395:5p:1:74:257,Contig:104:49.395:5p:1:82:575,Contig:104:49.395:5p:1:87:512,Contig:105:295.133:3p:1:4:111,Contig:105:295.133:3p:1:6:365,Contig:108:93.9572:3p:1:5:417,Contig:108:93.9572:3p:1:7:789,Contig:108:93.9572:3p:1:11:268,Contig:108:93.9572:3p:1:12:789,Contig:108:93.9572:3p:1:13:417,Contig:108:93.9572:3p:1:15:789,Contig:108:93.9572:3p:1:16:789,Contig:116:52.9408:5p:1:4:341,Contig:116:52.9408:5p:1:5:119,Contig:116:52.9408:5p:1:6:780,Contig:116:52.9408:5p:1:7:150,Contig:116:52.9408:5p:1:11:338,Contig:116:52.9408:5p:1:15:105,Contig:117:192.357:3p:1:4:252,Contig:126:104.244:5p:1:5:318,Contig:126:104.244:5p:1:12:536,Contig:36:193.023:5p:1:3:130,Contig:36:193.023:5p:1:4:141,Contig:3:178.691:3p:1:3:173,Contig:75:132.869:5p:1:3:119,Contig:75:132.869:5p:1:4:206,Contig:75:132.869:5p:1:5:475,Contig:75:132.869:5p:1:7:249,Contig:83:163.77:3p:1:1:119,Contig:83:163.77:3p:1:2:119,Contig:83:163.77:3p:1:3:505,Contig:90:76.9578:3p:1:1:119	0	False	0
ecol-SAMN36984458	GP_unb_7	Contig:116:52.9408:5p:1:14:312	5	0.0	0.28020601656120236	2.216446227038547	GP_unb_8	Contig:126:104.244:5p:1:17:803	5	0.0	0.41977206949054036	4.14432388639984	5	-1.5994988243425516	19.21983136621468	0.056671338630621904	Contig:100:70.2117:12726,Contig:102:118.168:1755,Contig:105:295.133:822,Contig:108:93.9572:5119,Contig:110:49.5145:12501,Contig:112:88.291:880,Contig:117:192.357:924,Contig:122:125.069:2054,Contig:125:103.083:2656,Contig:12:45.8538:43152,Contig:131:147.134:1028,Contig:14:109.611:3016,Contig:15:61.0292:16112,Contig:19:123.679:4092,Contig:28:437.228:2107,Contig:31:57.0039:9687,Contig:34:101.7:1730,Contig:35:189.833:1476,Contig:36:193.023:1258,Contig:37:621.049:768,Contig:3:178.691:1219,Contig:45:209.741:2901,Contig:46:75.6624:1029,Contig:48:115.728:1555,Contig:71:55.1393:7129,Contig:74:163.75:1059,Contig:76:96.265:631,Contig:78:96.0062:867,Contig:79:52.9641:46928,Contig:81:91:1533,Contig:83:163.77:3088,Contig:84:47.6813:99441,Contig:88:167.543:2070,Contig:8:139.037:1456,Contig:90:76.9578:1225,Contig:91:128.698:2505,Contig:92:167.721:1074,Contig:102:118.168:5p:1:11:487,Contig:102:118.168:5p:1:12:119,Contig:102:118.168:5p:1:15:487,Contig:102:118.168:5p:1:19:460,Contig:104:49.395:5p:1:20:264,Contig:104:49.395:5p:1:25:103,Contig:104:49.395:5p:1:26:173,Contig:104:49.395:5p:1:58:311,Contig:104:49.395:5p:1:60:568,Contig:104:49.395:5p:1:69:896,Contig:104:49.395:5p:1:74:257,Contig:104:49.395:5p:1:82:575,Contig:104:49.395:5p:1:87:512,Contig:105:295.133:3p:1:4:111,Contig:105:295.133:3p:1:6:365,Contig:108:93.9572:3p:1:5:417,Contig:108:93.9572:3p:1:7:789,Contig:108:93.9572:3p:1:11:268,Contig:108:93.9572:3p:1:12:789,Contig:108:93.9572:3p:1:13:417,Contig:108:93.9572:3p:1:15:789,Contig:108:93.9572:3p:1:16:789,Contig:116:52.9408:5p:1:4:341,Contig:116:52.9408:5p:1:5:119,Contig:116:52.9408:5p:1:6:780,Contig:116:52.9408:5p:1:7:150,Contig:116:52.9408:5p:1:11:338,Contig:116:52.9408:5p:1:13:119,Contig:116:52.9408:5p:1:15:105,Contig:117:192.357:3p:1:4:252,Contig:126:104.244:5p:1:5:318,Contig:126:104.244:5p:1:12:536,Contig:3:178.691:3p:1:3:173,Contig:75:132.869:5p:1:3:119,Contig:75:132.869:5p:1:4:206,Contig:83:163.77:3p:1:1:119,Contig:83:163.77:3p:1:2:119,Contig:83:163.77:3p:1:3:505,Contig:90:76.9578:3p:1:1:119	0	False	0
ecol-SAMN36984458	GP_unb_7	Contig:116:52.9408:5p:1:14:312	5	0.0	0.28020601656120236	2.216446227038547	GP_unb_9	Contig:27:270.615:3p:1:4:699	4	0.0	0.09182128860709671	4.217563138527008	5	-1.7658248469608775	17.530340151900678	0.056671338630621904	Contig:100:70.2117:12726,Contig:102:118.168:1755,Contig:105:295.133:822,Contig:108:93.9572:5119,Contig:116:52.9408:57248,Contig:117:192.357:924,Contig:122:125.069:2054,Contig:125:103.083:2656,Contig:12:45.8538:43152,Contig:131:147.134:1028,Contig:132:58.0439:52243,Contig:133:86.0339:1078,Contig:134:88.3366:8241,Contig:14:109.611:3016,Contig:15:61.0292:16112,Contig:19:123.679:4092,Contig:22:267.298:2474,Contig:28:437.228:2107,Contig:31:57.0039:9687,Contig:34:101.7:1730,Contig:35:189.833:1476,Contig:36:193.023:1258,Contig:37:621.049:768,Contig:38:40.1569:356106,Contig:45:209.741:2901,Contig:46:75.6624:1029,Contig:48:115.728:1555,Contig:71:55.1393:7129,Contig:74:163.75:1059,Contig:76:96.265:631,Contig:78:96.0062:867,Contig:79:52.9641:46928,Contig:81:91:1533,Contig:83:163.77:3088,Contig:84:47.6813:99441,Contig:87:123.393:1453,Contig:88:167.543:2070,Contig:89:145.243:3815,Contig:8:139.037:1456,Contig:90:76.9578:1225,Contig:91:128.698:2505,Contig:92:167.721:1074,Contig:102:118.168:5p:1:11:487,Contig:102:118.168:5p:1:12:119,Contig:102:118.168:5p:1:15:487,Contig:102:118.168:5p:1:19:460,Contig:104:49.395:5p:1:20:264,Contig:104:49.395:5p:1:25:103,Contig:104:49.395:5p:1:26:173,Contig:104:49.395:5p:1:58:311,Contig:104:49.395:5p:1:60:568,Contig:104:49.395:5p:1:69:896,Contig:104:49.395:5p:1:74:257,Contig:104:49.395:5p:1:82:575,Contig:104:49.395:5p:1:87:512,Contig:105:295.133:3p:1:4:111,Contig:105:295.133:3p:1:6:365,Contig:108:93.9572:3p:1:5:417,Contig:108:93.9572:3p:1:7:789,Contig:108:93.9572:3p:1:11:268,Contig:108:93.9572:3p:1:12:789,Contig:108:93.9572:3p:1:13:417,Contig:108:93.9572:3p:1:15:789,Contig:108:93.9572:3p:1:16:789,Contig:116:52.9408:5p:1:4:341,Contig:116:52.9408:5p:1:5:119,Contig:116:52.9408:5p:1:6:780,Contig:116:52.9408:5p:1:7:150,Contig:116:52.9408:5p:1:9:560,Contig:116:52.9408:5p:1:11:338,Contig:116:52.9408:5p:1:13:119,Contig:116:52.9408:5p:1:15:105,Contig:117:192.357:3p:1:4:252,Contig:126:104.244:5p:1:5:318,Contig:126:104.244:5p:1:12:536,Contig:27:270.615:3p:1:8:293,Contig:36:193.023:5p:1:3:130,Contig:36:193.023:5p:1:4:141,Contig:3:178.691:3p:1:3:173,Contig:75:132.869:5p:1:3:119,Contig:75:132.869:5p:1:4:206,Contig:83:163.77:3p:1:1:119,Contig:83:163.77:3p:1:2:119,Contig:83:163.77:3p:1:3:505,Contig:90:76.9578:3p:1:1:119	0	False	0
ecol-SAMN36984458	GP_unb_7	Contig:116:52.9408:5p:1:14:312	5	0.0	0.28020601656120236	2.216446227038547	GP_unb_10	Contig:75:132.869:3p:1:3:145	5	0.0	0.42503859778011344	1.4907299939065037	5	-1.891535125341961	19.424051519617393	0.056671338630621904	Contig:100:70.2117:12726,Contig:102:118.168:1755,Contig:105:295.133:822,Contig:108:93.9572:5119,Contig:10:98.0519:1466,Contig:110:49.5145:12501,Contig:112:88.291:880,Contig:122:125.069:2054,Contig:125:103.083:2656,Contig:12:45.8538:43152,Contig:131:147.134:1028,Contig:132:58.0439:52243,Contig:133:86.0339:1078,Contig:134:88.3366:8241,Contig:14:109.611:3016,Contig:15:61.0292:16112,Contig:19:123.679:4092,Contig:28:437.228:2107,Contig:30:67.9926:11722,Contig:31:57.0039:9687,Contig:35:189.833:1476,Contig:36:193.023:1258,Contig:37:621.049:768,Contig:3:178.691:1219,Contig:45:209.741:2901,Contig:46:75.6624:1029,Contig:48:115.728:1555,Contig:4:98.015:5971,Contig:71:55.1393:7129,Contig:74:163.75:1059,Contig:76:96.265:631,Contig:78:96.0062:867,Contig:79:52.9641:46928,Contig:80:52.3095:150052,Contig:81:91:1533,Contig:83:163.77:3088,Contig:88:167.543:2070,Contig:8:139.037:1456,Contig:90:76.9578:1225,Contig:91:128.698:2505,Contig:92:167.721:1074,Contig:102:118.168:5p:1:7:119,Contig:102:118.168:5p:1:11:487,Contig:102:118.168:5p:1:15:487,Contig:102:118.168:5p:1:19:460,Contig:104:49.395:5p:1:20:264,Contig:104:49.395:5p:1:25:103,Contig:104:49.395:5p:1:26:173,Contig:104:49.395:5p:1:58:311,Contig:104:49.395:5p:1:60:568,Contig:104:49.395:5p:1:69:896,Contig:104:49.395:5p:1:74:257,Contig:104:49.395:5p:1:82:575,Contig:104:49.395:5p:1:87:512,Contig:105:295.133:3p:1:4:111,Contig:105:295.133:3p:1:6:365,Contig:105:295.133:5p:1:9:949,Contig:108:93.9572:3p:1:7:789,Contig:108:93.9572:3p:1:11:268,Contig:108:93.9572:3p:1:12:789,Contig:108:93.9572:3p:1:13:417,Contig:108:93.9572:3p:1:15:789,Contig:108:93.9572:3p:1:16:789,Contig:116:52.9408:5p:1:4:341,Contig:116:52.9408:5p:1:5:119,Contig:116:52.9408:5p:1:6:780,Contig:116:52.9408:5p:1:7:150,Contig:116:52.9408:5p:1:11:338,Contig:116:52.9408:5p:1:13:119,Contig:116:52.9408:5p:1:15:105,Contig:126:104.244:5p:1:5:318,Contig:126:104.244:5p:1:12:536,Contig:36:193.023:5p:1:3:130,Contig:36:193.023:5p:1:4:141,Contig:3:178.691:3p:1:3:173,Contig:75:132.869:5p:1:3:119,Contig:75:132.869:5p:1:4:206,Contig:90:76.9578:3p:1:1:119	0	False	0
ecol-SAMN36984458	GP_unb_7	Contig:116:52.9408:5p:1:14:312	5	0.0	0.28020601656120236	2.216446227038547	GP_unb_11	Contig:75:132.869:3p:1:4:145	5	0.0	0.3581528709029371	1.633297768609226	5	-1.891535125341961	19.35716579274022	0.05667133863062194	Contig:100:70.2117:12726,Contig:102:118.168:1755,Contig:105:295.133:822,Contig:108:93.9572:5119,Contig:10:98.0519:1466,Contig:110:49.5145:12501,Contig:112:88.291:880,Contig:122:125.069:2054,Contig:125:103.083:2656,Contig:12:45.8538:43152,Contig:131:147.134:1028,Contig:132:58.0439:52243,Contig:133:86.0339:1078,Contig:134:88.3366:8241,Contig:14:109.611:3016,Contig:15:61.0292:16112,Contig:19:123.679:4092,Contig:28:437.228:2107,Contig:30:67.9926:11722,Contig:31:57.0039:9687,Contig:35:189.833:1476,Contig:36:193.023:1258,Contig:37:621.049:768,Contig:3:178.691:1219,Contig:45:209.741:2901,Contig:46:75.6624:1029,Contig:48:115.728:1555,Contig:4:98.015:5971,Contig:71:55.1393:7129,Contig:74:163.75:1059,Contig:76:96.265:631,Contig:78:96.0062:867,Contig:79:52.9641:46928,Contig:80:52.3095:150052,Contig:81:91:1533,Contig:83:163.77:3088,Contig:88:167.543:2070,Contig:8:139.037:1456,Contig:90:76.9578:1225,Contig:91:128.698:2505,Contig:92:167.721:1074,Contig:102:118.168:5p:1:11:487,Contig:102:118.168:5p:1:12:119,Contig:102:118.168:5p:1:15:487,Contig:102:118.168:5p:1:19:460,Contig:104:49.395:5p:1:20:264,Contig:104:49.395:5p:1:25:103,Contig:104:49.395:5p:1:26:173,Contig:104:49.395:5p:1:58:311,Contig:104:49.395:5p:1:60:568,Contig:104:49.395:5p:1:69:896,Contig:104:49.395:5p:1:74:257,Contig:104:49.395:5p:1:82:575,Contig:104:49.395:5p:1:87:512,Contig:105:295.133:3p:1:4:111,Contig:105:295.133:3p:1:6:365,Contig:105:295.133:5p:1:9:949,Contig:108:93.9572:3p:1:7:789,Contig:108:93.9572:3p:1:11:268,Contig:108:93.9572:3p:1:12:789,Contig:108:93.9572:3p:1:13:417,Contig:108:93.9572:3p:1:15:789,Contig:108:93.9572:3p:1:16:789,Contig:116:52.9408:5p:1:4:341,Contig:116:52.9408:5p:1:5:119,Contig:116:52.9408:5p:1:6:780,Contig:116:52.9408:5p:1:7:150,Contig:116:52.9408:5p:1:11:338,Contig:116:52.9408:5p:1:13:119,Contig:116:52.9408:5p:1:15:105,Contig:126:104.244:5p:1:5:318,Contig:126:104.244:5p:1:12:536,Contig:36:193.023:5p:1:3:130,Contig:36:193.023:5p:1:4:141,Contig:3:178.691:3p:1:3:173,Contig:75:132.869:5p:1:3:119,Contig:75:132.869:5p:1:4:206,Contig:90:76.9578:3p:1:1:119	0	False	0
ecol-SAMN36984458	GP_unb_7	Contig:116:52.9408:5p:1:14:312	5	0.0	0.28020601656120236	2.216446227038547	GP_unb_12	Contig:75:132.869:5p:1:1:269	4	0.0	0.21795771926231589	1.801768465227087	5	-1.6985967491176182	18.561673797252524	0.056671338630621904	Contig:100:70.2117:12726,Contig:101:150.391:3546,Contig:102:118.168:1755,Contig:105:295.133:822,Contig:108:93.9572:5119,Contig:110:49.5145:12501,Contig:112:88.291:880,Contig:116:52.9408:57248,Contig:117:192.357:924,Contig:122:125.069:2054,Contig:125:103.083:2656,Contig:12:45.8538:43152,Contig:131:147.134:1028,Contig:15:61.0292:16112,Contig:19:123.679:4092,Contig:28:437.228:2107,Contig:2:186.773:584,Contig:31:57.0039:9687,Contig:34:101.7:1730,Contig:35:189.833:1476,Contig:37:621.049:768,Contig:45:209.741:2901,Contig:46:75.6624:1029,Contig:48:115.728:1555,Contig:71:55.1393:7129,Contig:74:163.75:1059,Contig:76:96.265:631,Contig:78:96.0062:867,Contig:79:52.9641:46928,Contig:81:91:1533,Contig:83:163.77:3088,Contig:84:47.6813:99441,Contig:87:123.393:1453,Contig:88:167.543:2070,Contig:89:145.243:3815,Contig:8:139.037:1456,Contig:90:76.9578:1225,Contig:91:128.698:2505,Contig:92:167.721:1074,Contig:102:118.168:5p:1:11:487,Contig:102:118.168:5p:1:12:119,Contig:102:118.168:5p:1:15:487,Contig:102:118.168:5p:1:19:460,Contig:104:49.395:5p:1:20:264,Contig:104:49.395:5p:1:25:103,Contig:104:49.395:5p:1:26:173,Contig:104:49.395:5p:1:58:311,Contig:104:49.395:5p:1:60:568,Contig:104:49.395:5p:1:69:896,Contig:104:49.395:5p:1:74:257,Contig:104:49.395:5p:1:82:575,Contig:104:49.395:5p:1:87:512,Contig:105:295.133:3p:1:4:111,Contig:105:295.133:3p:1:6:365,Contig:108:93.9572:3p:1:5:417,Contig:108:93.9572:3p:1:7:789,Contig:108:93.9572:3p:1:11:268,Contig:108:93.9572:3p:1:12:789,Contig:108:93.9572:3p:1:13:417,Contig:108:93.9572:3p:1:15:789,Contig:108:93.9572:3p:1:16:789,Contig:116:52.9408:5p:1:4:341,Contig:116:52.9408:5p:1:5:119,Contig:116:52.9408:5p:1:6:780,Contig:116:52.9408:5p:1:7:150,Contig:116:52.9408:5p:1:9:560,Contig:116:52.9408:5p:1:11:338,Contig:116:52.9408:5p:1:13:119,Contig:116:52.9408:5p:1:15:105,Contig:117:192.357:3p:1:4:252,Contig:126:104.244:5p:1:5:318,Contig:126:104.244:5p:1:12:536,Contig:3:178.691:3p:1:3:173,Contig:75:132.869:5p:1:3:119,Contig:75:132.869:5p:1:4:206,Contig:83:163.77:3p:1:1:119,Contig:83:163.77:3p:1:2:119,Contig:83:163.77:3p:1:3:505,Contig:90:76.9578:3p:1:1:119	0	False	0
ecol-SAMN36984458	GP_unb_8	Contig:126:104.244:5p:1:17:803	5	0.0	0.41977206949054036	4.14432388639984	GP_unb_9	Contig:27:270.615:3p:1:4:699	4	0.0	0.09182128860709671	4.217563138527008	5	-1.9030186714299482	17.90520897977771	0.056671338630929304	Contig:100:70.2117:12726,Contig:102:118.168:1755,Contig:105:295.133:822,Contig:108:93.9572:5119,Contig:110:49.5145:12501,Contig:113:44.6988:92038,Contig:117:192.357:924,Contig:122:125.069:2054,Contig:125:103.083:2656,Contig:126:104.244:3621,Contig:12:45.8538:43152,Contig:131:147.134:1028,Contig:14:109.611:3016,Contig:15:61.0292:16112,Contig:19:123.679:4092,Contig:22:267.298:2474,Contig:23:126.583:2486,Contig:28:437.228:2107,Contig:31:57.0039:9687,Contig:34:101.7:1730,Contig:35:189.833:1476,Contig:37:621.049:768,Contig:40:62.4026:4035,Contig:45:209.741:2901,Contig:46:75.6624:1029,Contig:48:115.728:1555,Contig:67:46.9776:73832,Contig:68:132.632:3333,Contig:71:55.1393:7129,Contig:74:163.75:1059,Contig:76:96.265:631,Contig:78:96.0062:867,Contig:79:52.9641:46928,Contig:81:91:1533,Contig:83:163.77:3088,Contig:84:47.6813:99441,Contig:87:123.393:1453,Contig:88:167.543:2070,Contig:8:139.037:1456,Contig:90:76.9578:1225,Contig:91:128.698:2505,Contig:92:167.721:1074,Contig:102:118.168:5p:1:5:119,Contig:102:118.168:5p:1:11:487,Contig:102:118.168:5p:1:15:487,Contig:102:118.168:5p:1:19:460,Contig:104:49.395:5p:1:20:264,Contig:104:49.395:5p:1:25:103,Contig:104:49.395:5p:1:26:173,Contig:104:49.395:5p:1:58:311,Contig:104:49.395:5p:1:60:568,Contig:104:49.395:5p:1:69:896,Contig:104:49.395:5p:1:74:257,Contig:104:49.395:5p:1:82:575,Contig:104:49.395:5p:1:87:512,Contig:105:295.133:3p:1:4:111,Contig:105:295.133:3p:1:6:365,Contig:108:93.9572:3p:1:5:417,Contig:108:93.9572:3p:1:7:789,Contig:108:93.9572:3p:1:11:268,Contig:108:93.9572:3p:1:12:789,Contig:108:93.9572:3p:1:13:417,Contig:108:93.9572:3p:1:15:789,Contig:108:93.9572:3p:1:16:789,Contig:113:44.6988:5p:1:4:134,Contig:116:52.9408:5p:1:4:341,Contig:116:52.9408:5p:1:5:119,Contig:116:52.9408:5p:1:6:780,Contig:116:52.9408:5p:1:7:150,Contig:116:52.9408:5p:1:11:338,Contig:116:52.9408:5p:1:13:119,Contig:116:52.9408:5p:1:15:105,Contig:117:192.357:3p:1:4:252,Contig:126:104.244:5p:1:5:318,Contig:126:104.244:5p:1:12:536,Contig:27:270.615:3p:1:8:293,Contig:3:178.691:3p:1:3:173,Contig:75:132.869:5p:1:3:119,Contig:75:132.869:5p:1:4:206,Contig:83:163.77:3p:1:1:119,Contig:83:163.77:3p:1:2:119,Contig:83:163.77:3p:1:3:505,Contig:90:76.9578:3p:1:1:119	0	False	0
ecol-SAMN36984458	GP_unb_8	Contig:126:104.244:5p:1:17:803	5	0.0	0.41977206949054036	4.14432388639984	GP_unb_10	Contig:75:132.869:3p:1:3:145	5	0.0	0.42503859778011344	1.4907299939065037	5	-1.841009667256429	19.64882355467126	0.056671338630621904	Contig:100:70.2117:12726,Contig:102:118.168:1755,Contig:105:295.133:822,Contig:108:93.9572:5119,Contig:10:98.0519:1466,Contig:110:49.5145:12501,Contig:122:125.069:2054,Contig:125:103.083:2656,Contig:12:45.8538:43152,Contig:131:147.134:1028,Contig:132:58.0439:52243,Contig:133:86.0339:1078,Contig:134:88.3366:8241,Contig:14:109.611:3016,Contig:15:61.0292:16112,Contig:19:123.679:4092,Contig:23:126.583:2486,Contig:28:437.228:2107,Contig:30:67.9926:11722,Contig:31:57.0039:9687,Contig:35:189.833:1476,Contig:36:193.023:1258,Contig:37:621.049:768,Contig:45:209.741:2901,Contig:46:75.6624:1029,Contig:48:115.728:1555,Contig:4:98.015:5971,Contig:71:55.1393:7129,Contig:74:163.75:1059,Contig:76:96.265:631,Contig:78:96.0062:867,Contig:79:52.9641:46928,Contig:80:52.3095:150052,Contig:81:91:1533,Contig:83:163.77:3088,Contig:87:123.393:1453,Contig:88:167.543:2070,Contig:8:139.037:1456,Contig:90:76.9578:1225,Contig:91:128.698:2505,Contig:92:167.721:1074,Contig:102:118.168:5p:1:7:119,Contig:102:118.168:5p:1:11:487,Contig:102:118.168:5p:1:15:487,Contig:102:118.168:5p:1:19:460,Contig:104:49.395:5p:1:20:264,Contig:104:49.395:5p:1:25:103,Contig:104:49.395:5p:1:26:173,Contig:104:49.395:5p:1:58:311,Contig:104:49.395:5p:1:60:568,Contig:104:49.395:5p:1:69:896,Contig:104:49.395:5p:1:74:257,Contig:104:49.395:5p:1:82:575,Contig:104:49.395:5p:1:87:512,Contig:105:295.133:3p:1:4:111,Contig:105:295.133:3p:1:6:365,Contig:105:295.133:5p:1:9:949,Contig:108:93.9572:3p:1:7:789,Contig:108:93.9572:3p:1:11:268,Contig:108:93.9572:3p:1:12:789,Contig:108:93.9572:3p:1:13:417,Contig:108:93.9572:3p:1:15:789,Contig:108:93.9572:3p:1:16:789,Contig:116:52.9408:5p:1:4:341,Contig:116:52.9408:5p:1:5:119,Contig:116:52.9408:5p:1:6:780,Contig:116:52.9408:5p:1:7:150,Contig:116:52.9408:5p:1:11:338,Contig:116:52.9408:5p:1:13:119,Contig:116:52.9408:5p:1:15:105,Contig:126:104.244:5p:1:5:318,Contig:126:104.244:5p:1:12:536,Contig:36:193.023:5p:1:3:130,Contig:36:193.023:5p:1:4:141,Contig:3:178.691:3p:1:3:173,Contig:75:132.869:5p:1:3:119,Contig:75:132.869:5p:1:4:206,Contig:90:76.9578:3p:1:1:119	0	False	0
ecol-SAMN36984458	GP_unb_8	Contig:126:104.244:5p:1:17:803	5	0.0	0.41977206949054036	4.14432388639984	GP_unb_11	Contig:75:132.869:3p:1:4:145	5	0.0	0.3581528709029371	1.633297768609226	5	-1.841009667256429	19.581937827794086	0.056671338630621904	Contig:100:70.2117:12726,Contig:102:118.168:1755,Contig:105:295.133:822,Contig:108:93.9572:5119,Contig:10:98.0519:1466,Contig:110:49.5145:12501,Contig:122:125.069:2054,Contig:125:103.083:2656,Contig:12:45.8538:43152,Contig:131:147.134:1028,Contig:132:58.0439:52243,Contig:133:86.0339:1078,Contig:134:88.3366:8241,Contig:14:109.611:3016,Contig:15:61.0292:16112,Contig:19:123.679:4092,Contig:23:126.583:2486,Contig:28:437.228:2107,Contig:30:67.9926:11722,Contig:31:57.0039:9687,Contig:35:189.833:1476,Contig:36:193.023:1258,Contig:37:621.049:768,Contig:45:209.741:2901,Contig:46:75.6624:1029,Contig:48:115.728:1555,Contig:4:98.015:5971,Contig:71:55.1393:7129,Contig:74:163.75:1059,Contig:76:96.265:631,Contig:78:96.0062:867,Contig:79:52.9641:46928,Contig:80:52.3095:150052,Contig:81:91:1533,Contig:83:163.77:3088,Contig:87:123.393:1453,Contig:88:167.543:2070,Contig:8:139.037:1456,Contig:90:76.9578:1225,Contig:91:128.698:2505,Contig:92:167.721:1074,Contig:102:118.168:5p:1:7:119,Contig:102:118.168:5p:1:11:487,Contig:102:118.168:5p:1:15:487,Contig:102:118.168:5p:1:19:460,Contig:104:49.395:5p:1:20:264,Contig:104:49.395:5p:1:25:103,Contig:104:49.395:5p:1:26:173,Contig:104:49.395:5p:1:58:311,Contig:104:49.395:5p:1:60:568,Contig:104:49.395:5p:1:69:896,Contig:104:49.395:5p:1:74:257,Contig:104:49.395:5p:1:82:575,Contig:104:49.395:5p:1:87:512,Contig:105:295.133:3p:1:4:111,Contig:105:295.133:3p:1:6:365,Contig:105:295.133:5p:1:9:949,Contig:108:93.9572:3p:1:7:789,Contig:108:93.9572:3p:1:11:268,Contig:108:93.9572:3p:1:12:789,Contig:108:93.9572:3p:1:13:417,Contig:108:93.9572:3p:1:15:789,Contig:108:93.9572:3p:1:16:789,Contig:116:52.9408:5p:1:4:341,Contig:116:52.9408:5p:1:5:119,Contig:116:52.9408:5p:1:6:780,Contig:116:52.9408:5p:1:7:150,Contig:116:52.9408:5p:1:11:338,Contig:116:52.9408:5p:1:13:119,Contig:116:52.9408:5p:1:15:105,Contig:126:104.244:5p:1:5:318,Contig:126:104.244:5p:1:12:536,Contig:36:193.023:5p:1:3:130,Contig:36:193.023:5p:1:4:141,Contig:3:178.691:3p:1:3:173,Contig:75:132.869:5p:1:3:119,Contig:75:132.869:5p:1:4:206,Contig:90:76.9578:3p:1:1:119	0	False	0
ecol-SAMN36984458	GP_unb_8	Contig:126:104.244:5p:1:17:803	5	0.0	0.41977206949054036	4.14432388639984	GP_unb_12	Contig:75:132.869:5p:1:1:269	4	0.0	0.21795771926231589	1.801768465227087	5	-1.606259776685304	18.91941867346016	0.05667133863062189	Contig:100:70.2117:12726,Contig:102:118.168:1755,Contig:105:295.133:822,Contig:108:93.9572:5119,Contig:110:49.5145:12501,Contig:112:88.291:880,Contig:117:192.357:924,Contig:122:125.069:2054,Contig:125:103.083:2656,Contig:12:45.8538:43152,Contig:131:147.134:1028,Contig:15:61.0292:16112,Contig:19:123.679:4092,Contig:28:437.228:2107,Contig:31:57.0039:9687,Contig:34:101.7:1730,Contig:35:189.833:1476,Contig:36:193.023:1258,Contig:37:621.049:768,Contig:3:178.691:1219,Contig:45:209.741:2901,Contig:46:75.6624:1029,Contig:48:115.728:1555,Contig:71:55.1393:7129,Contig:74:163.75:1059,Contig:76:96.265:631,Contig:78:96.0062:867,Contig:79:52.9641:46928,Contig:81:91:1533,Contig:83:163.77:3088,Contig:84:47.6813:99441,Contig:88:167.543:2070,Contig:8:139.037:1456,Contig:90:76.9578:1225,Contig:91:128.698:2505,Contig:92:167.721:1074,Contig:102:118.168:5p:1:5:119,Contig:102:118.168:5p:1:11:487,Contig:102:118.168:5p:1:15:487,Contig:102:118.168:5p:1:19:460,Contig:104:49.395:5p:1:20:264,Contig:104:49.395:5p:1:25:103,Contig:104:49.395:5p:1:26:173,Contig:104:49.395:5p:1:58:311,Contig:104:49.395:5p:1:60:568,Contig:104:49.395:5p:1:69:896,Contig:104:49.395:5p:1:74:257,Contig:104:49.395:5p:1:82:575,Contig:104:49.395:5p:1:87:512,Contig:105:295.133:3p:1:4:111,Contig:105:295.133:3p:1:6:365,Contig:108:93.9572:3p:1:5:417,Contig:108:93.9572:3p:1:7:789,Contig:108:93.9572:3p:1:11:268,Contig:108:93.9572:3p:1:12:789,Contig:108:93.9572:3p:1:13:417,Contig:108:93.9572:3p:1:15:789,Contig:108:93.9572:3p:1:16:789,Contig:116:52.9408:5p:1:4:341,Contig:116:52.9408:5p:1:5:119,Contig:116:52.9408:5p:1:6:780,Contig:116:52.9408:5p:1:7:150,Contig:116:52.9408:5p:1:11:338,Contig:116:52.9408:5p:1:13:119,Contig:116:52.9408:5p:1:15:105,Contig:117:192.357:3p:1:4:252,Contig:126:104.244:5p:1:5:318,Contig:126:104.244:5p:1:12:536,Contig:3:178.691:3p:1:3:173,Contig:75:132.869:5p:1:3:119,Contig:75:132.869:5p:1:4:206,Contig:83:163.77:3p:1:1:119,Contig:83:163.77:3p:1:2:119,Contig:83:163.77:3p:1:3:505,Contig:90:76.9578:3p:1:1:119	0	False	0
ecol-SAMN36984458	GP_unb_9	Contig:27:270.615:3p:1:4:699	4	0.0	0.09182128860709671	4.217563138527008	GP_unb_10	Contig:75:132.869:3p:1:3:145	5	0.0	0.42503859778011344	1.4907299939065037	5	-1.8378473070297956	17.847151383462105	0.056671338630621904	Contig:100:70.2117:12726,Contig:102:118.168:1755,Contig:105:295.133:822,Contig:108:93.9572:5119,Contig:10:98.0519:1466,Contig:122:125.069:2054,Contig:125:103.083:2656,Contig:12:45.8538:43152,Contig:131:147.134:1028,Contig:132:58.0439:52243,Contig:133:86.0339:1078,Contig:134:88.3366:8241,Contig:14:109.611:3016,Contig:15:61.0292:16112,Contig:19:123.679:4092,Contig:22:267.298:2474,Contig:28:437.228:2107,Contig:30:67.9926:11722,Contig:31:57.0039:9687,Contig:34:101.7:1730,Contig:35:189.833:1476,Contig:36:193.023:1258,Contig:37:621.049:768,Contig:38:40.1569:356106,Contig:45:209.741:2901,Contig:46:75.6624:1029,Contig:48:115.728:1555,Contig:71:55.1393:7129,Contig:74:163.75:1059,Contig:76:96.265:631,Contig:78:96.0062:867,Contig:79:52.9641:46928,Contig:80:52.3095:150052,Contig:81:91:1533,Contig:83:163.77:3088,Contig:84:47.6813:99441,Contig:87:123.393:1453,Contig:88:167.543:2070,Contig:8:139.037:1456,Contig:90:76.9578:1225,Contig:91:128.698:2505,Contig:92:167.721:1074,Contig:102:118.168:5p:1:11:487,Contig:102:118.168:5p:1:12:119,Contig:102:118.168:5p:1:15:487,Contig:102:118.168:5p:1:19:460,Contig:104:49.395:5p:1:20:264,Contig:104:49.395:5p:1:25:103,Contig:104:49.395:5p:1:26:173,Contig:104:49.395:5p:1:58:311,Contig:104:49.395:5p:1:60:568,Contig:104:49.395:5p:1:69:896,Contig:104:49.395:5p:1:74:257,Contig:104:49.395:5p:1:82:575,Contig:104:49.395:5p:1:87:512,Contig:105:295.133:3p:1:4:111,Contig:105:295.133:3p:1:6:365,Contig:108:93.9572:3p:1:5:417,Contig:108:93.9572:3p:1:7:789,Contig:108:93.9572:3p:1:11:268,Contig:108:93.9572:3p:1:12:789,Contig:108:93.9572:3p:1:13:417,Contig:108:93.9572:3p:1:15:789,Contig:108:93.9572:3p:1:16:789,Contig:116:52.9408:5p:1:4:341,Contig:116:52.9408:5p:1:5:119,Contig:116:52.9408:5p:1:6:780,Contig:116:52.9408:5p:1:7:150,Contig:116:52.9408:5p:1:11:338,Contig:116:52.9408:5p:1:13:119,Contig:116:52.9408:5p:1:15:105,Contig:126:104.244:5p:1:5:318,Contig:126:104.244:5p:1:12:536,Contig:27:270.615:3p:1:8:293,Contig:36:193.023:5p:1:3:130,Contig:36:193.023:5p:1:4:141,Contig:3:178.691:3p:1:3:173,Contig:75:132.869:5p:1:3:119,Contig:75:132.869:5p:1:4:206,Contig:90:76.9578:3p:1:1:119	0	False	0
ecol-SAMN36984458	GP_unb_9	Contig:27:270.615:3p:1:4:699	4	0.0	0.09182128860709671	4.217563138527008	GP_unb_11	Contig:75:132.869:3p:1:4:145	5	0.0	0.3581528709029371	1.633297768609226	5	-1.8378473070297956	17.78026565658493	0.056671338630621904	Contig:100:70.2117:12726,Contig:102:118.168:1755,Contig:105:295.133:822,Contig:108:93.9572:5119,Contig:10:98.0519:1466,Contig:122:125.069:2054,Contig:125:103.083:2656,Contig:12:45.8538:43152,Contig:131:147.134:1028,Contig:132:58.0439:52243,Contig:133:86.0339:1078,Contig:134:88.3366:8241,Contig:14:109.611:3016,Contig:15:61.0292:16112,Contig:19:123.679:4092,Contig:22:267.298:2474,Contig:28:437.228:2107,Contig:30:67.9926:11722,Contig:31:57.0039:9687,Contig:34:101.7:1730,Contig:35:189.833:1476,Contig:36:193.023:1258,Contig:37:621.049:768,Contig:38:40.1569:356106,Contig:45:209.741:2901,Contig:46:75.6624:1029,Contig:48:115.728:1555,Contig:71:55.1393:7129,Contig:74:163.75:1059,Contig:76:96.265:631,Contig:78:96.0062:867,Contig:79:52.9641:46928,Contig:80:52.3095:150052,Contig:81:91:1533,Contig:83:163.77:3088,Contig:84:47.6813:99441,Contig:87:123.393:1453,Contig:88:167.543:2070,Contig:8:139.037:1456,Contig:90:76.9578:1225,Contig:91:128.698:2505,Contig:92:167.721:1074,Contig:102:118.168:5p:1:7:119,Contig:102:118.168:5p:1:11:487,Contig:102:118.168:5p:1:15:487,Contig:102:118.168:5p:1:19:460,Contig:104:49.395:5p:1:20:264,Contig:104:49.395:5p:1:25:103,Contig:104:49.395:5p:1:26:173,Contig:104:49.395:5p:1:58:311,Contig:104:49.395:5p:1:60:568,Contig:104:49.395:5p:1:69:896,Contig:104:49.395:5p:1:74:257,Contig:104:49.395:5p:1:82:575,Contig:104:49.395:5p:1:87:512,Contig:105:295.133:3p:1:4:111,Contig:105:295.133:3p:1:6:365,Contig:108:93.9572:3p:1:5:417,Contig:108:93.9572:3p:1:7:789,Contig:108:93.9572:3p:1:11:268,Contig:108:93.9572:3p:1:12:789,Contig:108:93.9572:3p:1:13:417,Contig:108:93.9572:3p:1:15:789,Contig:108:93.9572:3p:1:16:789,Contig:116:52.9408:5p:1:4:341,Contig:116:52.9408:5p:1:5:119,Contig:116:52.9408:5p:1:6:780,Contig:116:52.9408:5p:1:7:150,Contig:116:52.9408:5p:1:11:338,Contig:116:52.9408:5p:1:13:119,Contig:116:52.9408:5p:1:15:105,Contig:126:104.244:5p:1:5:318,Contig:126:104.244:5p:1:12:536,Contig:27:270.615:3p:1:8:293,Contig:36:193.023:5p:1:3:130,Contig:36:193.023:5p:1:4:141,Contig:3:178.691:3p:1:3:173,Contig:75:132.869:5p:1:3:119,Contig:75:132.869:5p:1:4:206,Contig:90:76.9578:3p:1:1:119	0	False	0
ecol-SAMN36984458	GP_unb_9	Contig:27:270.615:3p:1:4:699	4	0.0	0.09182128860709671	4.217563138527008	GP_unb_12	Contig:75:132.869:5p:1:1:269	4	0.0	0.21795771926231589	1.801768465227087	5	-1.7307742849568486	17.193123464743852	0.056671338630621904	Contig:100:70.2117:12726,Contig:102:118.168:1755,Contig:105:295.133:822,Contig:108:93.9572:5119,Contig:112:88.291:880,Contig:117:192.357:924,Contig:122:125.069:2054,Contig:125:103.083:2656,Contig:12:45.8538:43152,Contig:131:147.134:1028,Contig:132:58.0439:52243,Contig:133:86.0339:1078,Contig:134:88.3366:8241,Contig:15:61.0292:16112,Contig:19:123.679:4092,Contig:22:267.298:2474,Contig:28:437.228:2107,Contig:31:57.0039:9687,Contig:34:101.7:1730,Contig:35:189.833:1476,Contig:36:193.023:1258,Contig:37:621.049:768,Contig:38:40.1569:356106,Contig:3:178.691:1219,Contig:45:209.741:2901,Contig:46:75.6624:1029,Contig:48:115.728:1555,Contig:71:55.1393:7129,Contig:74:163.75:1059,Contig:76:96.265:631,Contig:78:96.0062:867,Contig:79:52.9641:46928,Contig:81:91:1533,Contig:83:163.77:3088,Contig:84:47.6813:99441,Contig:88:167.543:2070,Contig:8:139.037:1456,Contig:90:76.9578:1225,Contig:91:128.698:2505,Contig:92:167.721:1074,Contig:102:118.168:5p:1:11:487,Contig:102:118.168:5p:1:12:119,Contig:102:118.168:5p:1:15:487,Contig:102:118.168:5p:1:19:460,Contig:104:49.395:5p:1:20:264,Contig:104:49.395:5p:1:25:103,Contig:104:49.395:5p:1:26:173,Contig:104:49.395:5p:1:58:311,Contig:104:49.395:5p:1:60:568,Contig:104:49.395:5p:1:69:896,Contig:104:49.395:5p:1:74:257,Contig:104:49.395:5p:1:82:575,Contig:104:49.395:5p:1:87:512,Contig:105:295.133:3p:1:4:111,Contig:105:295.133:3p:1:6:365,Contig:108:93.9572:3p:1:5:417,Contig:108:93.9572:3p:1:7:789,Contig:108:93.9572:3p:1:11:268,Contig:108:93.9572:3p:1:12:789,Contig:108:93.9572:3p:1:13:417,Contig:108:93.9572:3p:1:15:789,Contig:108:93.9572:3p:1:16:789,Contig:116:52.9408:5p:1:4:341,Contig:116:52.9408:5p:1:5:119,Contig:116:52.9408:5p:1:6:780,Contig:116:52.9408:5p:1:7:150,Contig:116:52.9408:5p:1:11:338,Contig:116:52.9408:5p:1:13:119,Contig:116:52.9408:5p:1:15:105,Contig:117:192.357:3p:1:4:252,Contig:126:104.244:5p:1:5:318,Contig:126:104.244:5p:1:12:536,Contig:27:270.615:3p:1:8:293,Contig:36:193.023:5p:1:3:130,Contig:36:193.023:5p:1:4:141,Contig:3:178.691:3p:1:3:173,Contig:75:132.869:5p:1:3:119,Contig:75:132.869:5p:1:4:206,Contig:83:163.77:3p:1:1:119,Contig:83:163.77:3p:1:2:119,Contig:83:163.77:3p:1:3:505,Contig:90:76.9578:3p:1:1:119	0	False	0
ecol-SAMN36984458	GP_unb_10	Contig:75:132.869:3p:1:3:145	5	0.0	0.42503859778011344	1.4907299939065037	GP_unb_11	Contig:75:132.869:3p:1:4:145	5	0.0	0.3581528709029371	1.633297768609226	5	-1.8366289462778158	19.003164106167596	0.056671338630621904	Contig:100:70.2117:12726,Contig:101:150.391:3546,Contig:105:295.133:822,Contig:108:93.9572:5119,Contig:110:49.5145:12501,Contig:111:66.2141:10724,Contig:112:88.291:880,Contig:117:192.357:924,Contig:122:125.069:2054,Contig:125:103.083:2656,Contig:12:45.8538:43152,Contig:131:147.134:1028,Contig:132:58.0439:52243,Contig:133:86.0339:1078,Contig:134:88.3366:8241,Contig:14:109.611:3016,Contig:15:61.0292:16112,Contig:19:123.679:4092,Contig:1:92.8013:4279,Contig:24:77.2636:4192,Contig:28:437.228:2107,Contig:2:186.773:584,Contig:31:57.0039:9687,Contig:35:189.833:1476,Contig:36:193.023:1258,Contig:37:621.049:768,Contig:3:178.691:1219,Contig:45:209.741:2901,Contig:46:75.6624:1029,Contig:48:115.728:1555,Contig:51:102.167:1077,Contig:71:55.1393:7129,Contig:74:163.75:1059,Contig:75:132.869:1075,Contig:76:96.265:631,Contig:78:96.0062:867,Contig:79:52.9641:46928,Contig:81:91:1533,Contig:83:163.77:3088,Contig:84:47.6813:99441,Contig:88:167.543:2070,Contig:8:139.037:1456,Contig:90:76.9578:1225,Contig:91:128.698:2505,Contig:92:167.721:1074,Contig:97:80.7141:688,Contig:102:118.168:5p:1:11:487,Contig:102:118.168:5p:1:19:460,Contig:104:49.395:5p:1:20:264,Contig:104:49.395:5p:1:25:103,Contig:104:49.395:5p:1:26:173,Contig:104:49.395:5p:1:58:311,Contig:104:49.395:5p:1:60:568,Contig:104:49.395:5p:1:69:896,Contig:104:49.395:5p:1:74:257,Contig:104:49.395:5p:1:82:575,Contig:104:49.395:5p:1:87:512,Contig:105:295.133:3p:1:4:111,Contig:105:295.133:3p:1:6:365,Contig:108:93.9572:3p:1:5:417,Contig:108:93.9572:3p:1:7:789,Contig:108:93.9572:3p:1:11:268,Contig:108:93.9572:3p:1:12:789,Contig:108:93.9572:3p:1:13:417,Contig:108:93.9572:3p:1:15:789,Contig:108:93.9572:3p:1:16:789,Contig:116:52.9408:5p:1:4:341,Contig:116:52.9408:5p:1:5:119,Contig:116:52.9408:5p:1:6:780,Contig:116:52.9408:5p:1:7:150,Contig:116:52.9408:5p:1:11:338,Contig:116:52.9408:5p:1:13:119,Contig:116:52.9408:5p:1:15:105,Contig:117:192.357:3p:1:4:252,Contig:126:104.244:5p:1:5:318,Contig:126:104.244:5p:1:12:536,Contig:36:193.023:5p:1:3:130,Contig:36:193.023:5p:1:4:141,Contig:3:178.691:3p:1:3:173,Contig:75:132.869:5p:1:3:119,Contig:75:132.869:5p:1:4:206,Contig:83:163.77:3p:1:1:119,Contig:83:163.77:3p:1:2:119,Contig:83:163.77:3p:1:3:505,Contig:90:76.9578:3p:1:1:119	0	False	0
ecol-SAMN36984458	GP_unb_10	Contig:75:132.869:3p:1:3:145	5	0.0	0.42503859778011344	1.4907299939065037	GP_unb_12	Contig:75:132.869:5p:1:1:269	4	0.0	0.21795771926231589	1.801768465227087	5	-1.8433898986205681	19.232997897765244	0.056671338630621904	Contig:100:70.2117:12726,Contig:101:150.391:3546,Contig:102:118.168:1755,Contig:105:295.133:822,Contig:108:93.9572:5119,Contig:110:49.5145:12501,Contig:111:66.2141:10724,Contig:112:88.291:880,Contig:117:192.357:924,Contig:122:125.069:2054,Contig:125:103.083:2656,Contig:12:45.8538:43152,Contig:131:147.134:1028,Contig:132:58.0439:52243,Contig:133:86.0339:1078,Contig:134:88.3366:8241,Contig:14:109.611:3016,Contig:15:61.0292:16112,Contig:19:123.679:4092,Contig:1:92.8013:4279,Contig:24:77.2636:4192,Contig:28:437.228:2107,Contig:2:186.773:584,Contig:31:57.0039:9687,Contig:35:189.833:1476,Contig:36:193.023:1258,Contig:37:621.049:768,Contig:3:178.691:1219,Contig:45:209.741:2901,Contig:46:75.6624:1029,Contig:48:115.728:1555,Contig:51:102.167:1077,Contig:71:55.1393:7129,Contig:74:163.75:1059,Contig:75:132.869:1075,Contig:76:96.265:631,Contig:78:96.0062:867,Contig:79:52.9641:46928,Contig:81:91:1533,Contig:83:163.77:3088,Contig:84:47.6813:99441,Contig:88:167.543:2070,Contig:8:139.037:1456,Contig:90:76.9578:1225,Contig:91:128.698:2505,Contig:92:167.721:1074,Contig:97:80.7141:688,Contig:102:118.168:5p:1:11:487,Contig:102:118.168:5p:1:12:119,Contig:102:118.168:5p:1:15:487,Contig:102:118.168:5p:1:19:460,Contig:104:49.395:5p:1:20:264,Contig:104:49.395:5p:1:25:103,Contig:104:49.395:5p:1:26:173,Contig:104:49.395:5p:1:58:311,Contig:104:49.395:5p:1:60:568,Contig:104:49.395:5p:1:69:896,Contig:104:49.395:5p:1:74:257,Contig:104:49.395:5p:1:82:575,Contig:104:49.395:5p:1:87:512,Contig:105:295.133:3p:1:4:111,Contig:105:295.133:3p:1:6:365,Contig:108:93.9572:3p:1:5:417,Contig:108:93.9572:3p:1:7:789,Contig:108:93.9572:3p:1:11:268,Contig:108:93.9572:3p:1:12:789,Contig:108:93.9572:3p:1:13:417,Contig:108:93.9572:3p:1:15:789,Contig:108:93.9572:3p:1:16:789,Contig:116:52.9408:5p:1:4:341,Contig:116:52.9408:5p:1:5:119,Contig:116:52.9408:5p:1:6:780,Contig:116:52.9408:5p:1:7:150,Contig:116:52.9408:5p:1:11:338,Contig:116:52.9408:5p:1:13:119,Contig:116:52.9408:5p:1:15:105,Contig:117:192.357:3p:1:4:252,Contig:126:104.244:5p:1:5:318,Contig:126:104.244:5p:1:12:536,Contig:36:193.023:5p:1:3:130,Contig:36:193.023:5p:1:4:141,Contig:3:178.691:3p:1:3:173,Contig:75:132.869:5p:1:3:119,Contig:75:132.869:5p:1:4:206,Contig:83:163.77:3p:1:1:119,Contig:83:163.77:3p:1:2:119,Contig:83:163.77:3p:1:3:505,Contig:90:76.9578:3p:1:1:119	0	False	0
ecol-SAMN36984458	GP_unb_11	Contig:75:132.869:3p:1:4:145	5	0.0	0.3581528709029371	1.633297768609226	GP_unb_12	Contig:75:132.869:5p:1:1:269	4	0.0	0.21795771926231589	1.801768465227087	5	-1.8433898986205681	19.16611217088807	0.056671338630621904	Contig:100:70.2117:12726,Contig:101:150.391:3546,Contig:102:118.168:1755,Contig:105:295.133:822,Contig:108:93.9572:5119,Contig:110:49.5145:12501,Contig:111:66.2141:10724,Contig:112:88.291:880,Contig:117:192.357:924,Contig:122:125.069:2054,Contig:125:103.083:2656,Contig:12:45.8538:43152,Contig:131:147.134:1028,Contig:132:58.0439:52243,Contig:133:86.0339:1078,Contig:134:88.3366:8241,Contig:14:109.611:3016,Contig:15:61.0292:16112,Contig:19:123.679:4092,Contig:1:92.8013:4279,Contig:24:77.2636:4192,Contig:28:437.228:2107,Contig:2:186.773:584,Contig:31:57.0039:9687,Contig:35:189.833:1476,Contig:36:193.023:1258,Contig:37:621.049:768,Contig:3:178.691:1219,Contig:45:209.741:2901,Contig:46:75.6624:1029,Contig:48:115.728:1555,Contig:51:102.167:1077,Contig:71:55.1393:7129,Contig:74:163.75:1059,Contig:75:132.869:1075,Contig:76:96.265:631,Contig:78:96.0062:867,Contig:79:52.9641:46928,Contig:81:91:1533,Contig:83:163.77:3088,Contig:84:47.6813:99441,Contig:88:167.543:2070,Contig:8:139.037:1456,Contig:90:76.9578:1225,Contig:91:128.698:2505,Contig:92:167.721:1074,Contig:97:80.7141:688,Contig:102:118.168:5p:1:5:119,Contig:102:118.168:5p:1:11:487,Contig:102:118.168:5p:1:15:487,Contig:102:118.168:5p:1:19:460,Contig:104:49.395:5p:1:20:264,Contig:104:49.395:5p:1:25:103,Contig:104:49.395:5p:1:26:173,Contig:104:49.395:5p:1:58:311,Contig:104:49.395:5p:1:60:568,Contig:104:49.395:5p:1:69:896,Contig:104:49.395:5p:1:74:257,Contig:104:49.395:5p:1:82:575,Contig:104:49.395:5p:1:87:512,Contig:105:295.133:3p:1:4:111,Contig:105:295.133:3p:1:6:365,Contig:108:93.9572:3p:1:5:417,Contig:108:93.9572:3p:1:7:789,Contig:108:93.9572:3p:1:11:268,Contig:108:93.9572:3p:1:12:789,Contig:108:93.9572:3p:1:13:417,Contig:108:93.9572:3p:1:15:789,Contig:108:93.9572:3p:1:16:789,Contig:116:52.9408:5p:1:4:341,Contig:116:52.9408:5p:1:5:119,Contig:116:52.9408:5p:1:6:780,Contig:116:52.9408:5p:1:7:150,Contig:116:52.9408:5p:1:11:338,Contig:116:52.9408:5p:1:13:119,Contig:116:52.9408:5p:1:15:105,Contig:117:192.357:3p:1:4:252,Contig:126:104.244:5p:1:5:318,Contig:126:104.244:5p:1:12:536,Contig:36:193.023:5p:1:3:130,Contig:36:193.023:5p:1:4:141,Contig:3:178.691:3p:1:3:173,Contig:75:132.869:5p:1:3:119,Contig:75:132.869:5p:1:4:206,Contig:83:163.77:3p:1:1:119,Contig:83:163.77:3p:1:2:119,Contig:83:163.77:3p:1:3:505,Contig:90:76.9578:3p:1:1:119	0	False	0