SAMPLE	BIN1	BIN1_CONTIGS	BIN1_GC_BIN	BIN1_GC	BIN1_GD	BIN1_RD	BIN2	BIN2_CONTIGS	BIN2_GC_BIN	BIN2_GC	BIN2_GD	BIN2_RD	MERGE_GC_BIN	MERGE_GC	MERGE_GD	MERGE_RD	MERGE_PATH	MILP_INFEASIBLE	BINS_OVERLAP	IS_SUBSET
abau-SAMN11997570	GP_Isolated_0	1:32621	4	0.0	0.4873801	2.2679039984593534	GP_Isolated_1	7:19339	4	0.0	0.48036766	2.1300522375484463	0	0	0	0		1	False	0
abau-SAMN11997570	GP_Isolated_0	1:32621	4	0.0	0.4873801	2.2679039984593534	GP_Isolated_2	8:18792	4	0.0	0.2526104	1.6842817938903736	0	0	0	0		1	False	0
abau-SAMN11997570	GP_Isolated_0	1:32621	4	0.0	0.4873801	2.2679039984593534	GP_Isolated_3	9:18755	4	0.0	0.38420105000000004	1.689818492573602	0	0	0	0		1	False	0
abau-SAMN11997570	GP_Isolated_0	1:32621	4	0.0	0.4873801	2.2679039984593534	GP_Isolated_4	10:18018	4	0.0	0.20314509999999997	0.2590031535109892	0	0	0	0		1	False	0
abau-SAMN11997570	GP_Isolated_0	1:32621	4	0.0	0.4873801	2.2679039984593534	GP_Isolated_5	12:16111	4	0.0	0.49999963999999997	15.861549987835941	0	0	0	0		1	False	0
abau-SAMN11997570	GP_Isolated_0	1:32621	4	0.0	0.4873801	2.2679039984593534	GP_Isolated_6	13:15911	4	0.0	0.49999917000000005	5.389576594687768	0	0	0	0		1	False	0
abau-SAMN11997570	GP_Isolated_0	1:32621	4	0.0	0.4873801	2.2679039984593534	GP_Isolated_7	14:15067	4	0.0	0.49999930000000004	8.12394408936796	0	0	0	0		1	False	0
abau-SAMN11997570	GP_Isolated_0	1:32621	4	0.0	0.4873801	2.2679039984593534	GP_Isolated_8	15:14131	4	0.0	0.49999930000000004	24.967092493030865	0	0	0	0		1	False	0
abau-SAMN11997570	GP_Isolated_0	1:32621	4	0.0	0.4873801	2.2679039984593534	GP_Isolated_9	16:14093	4	0.0	0.48211000000000004	2.123913723790954	0	0	0	0		1	False	0
abau-SAMN11997570	GP_Isolated_0	1:32621	4	0.0	0.4873801	2.2679039984593534	GP_Isolated_10	20:13386	4	0.0	0.0788527	0.29233769047447106	0	0	0	0		1	False	0
abau-SAMN11997570	GP_Isolated_0	1:32621	4	0.0	0.4873801	2.2679039984593534	GP_Isolated_11	21:13316	4	0.0	0.12431042999999997	0.28613237524373514	0	0	0	0		1	False	0
abau-SAMN11997570	GP_Isolated_0	1:32621	4	0.0	0.4873801	2.2679039984593534	GP_1	22:12927,116:5704	4	0.0	0.9999921700000001	13.595768119464815	0	0	0	0		1	False	0
abau-SAMN11997570	GP_Isolated_0	1:32621	4	0.0	0.4873801	2.2679039984593534	GP_Isolated_12	25:12419	4	0.0	0.49195515999999995	2.2434281793890376	0	0	0	0		1	False	0
abau-SAMN11997570	GP_Isolated_0	1:32621	4	0.0	0.4873801	2.2679039984593534	GP_Isolated_13	27:12317	4	0.0	0.13339292999999997	0.2813852579379409	0	0	0	0		1	False	0
abau-SAMN11997570	GP_Isolated_0	1:32621	4	0.0	0.4873801	2.2679039984593534	GP_unb_1	31:11825	4	0.0	0.22009369999999995	0.39213307334922126	0	0	0	0		1	False	0
abau-SAMN11997570	GP_Isolated_0	1:32621	4	0.0	0.4873801	2.2679039984593534	GP_Isolated_14	33:11500	4	0.0	0.08143109999999998	0.2844575238920585	0	0	0	0		1	False	0
abau-SAMN11997570	GP_Isolated_0	1:32621	4	0.0	0.4873801	2.2679039984593534	GP_Isolated_15	37:10677	4	0.0	0.4043329	1.712880046219398	0	0	0	0		1	False	0
abau-SAMN11997570	GP_Isolated_0	1:32621	4	0.0	0.4873801	2.2679039984593534	GP_Isolated_16	43:9677	4	0.0	0.16958355999999997	0.2524391564959919	0	0	0	0		1	False	0
abau-SAMN11997570	GP_Isolated_0	1:32621	4	0.0	0.4873801	2.2679039984593534	GP_Isolated_17	52:8917	4	0.0	0.26860195	1.6024168893382442	0	0	0	0		1	False	0
abau-SAMN11997570	GP_Isolated_0	1:32621	4	0.0	0.4873801	2.2679039984593534	GP_Isolated_18	60:8302	4	0.0	0.49997159999999996	3.08373654943309	0	0	0	0		1	False	0
abau-SAMN11997570	GP_Isolated_0	1:32621	4	0.0	0.4873801	2.2679039984593534	GP_Isolated_19	61:8198	4	0.0	0.4999987	4.34523211820196	0	0	0	0		1	False	0
abau-SAMN11997570	GP_Isolated_0	1:32621	4	0.0	0.4873801	2.2679039984593534	GP_Isolated_20	63:7953	4	0.0	0.49999910000000003	6.654389639151682	0	0	0	0		1	False	0
abau-SAMN11997570	GP_Isolated_0	1:32621	4	0.0	0.4873801	2.2679039984593534	GP_Isolated_21	64:7926	4	0.0	0.36175559999999995	1.6550456175826294	0	0	0	0		1	False	0
abau-SAMN11997570	GP_Isolated_0	1:32621	4	0.0	0.4873801	2.2679039984593534	GP_Isolated_22	69:7625	4	0.0	0.49997175000000005	3.060650923184324	0	0	0	0		1	False	0
abau-SAMN11997570	GP_Isolated_0	1:32621	4	0.0	0.4873801	2.2679039984593534	GP_Isolated_23	72:7492	4	0.0	0.49645627000000003	2.3169621460583834	0	0	0	0		1	False	0
abau-SAMN11997570	GP_Isolated_0	1:32621	4	0.0	0.4873801	2.2679039984593534	GP_Isolated_24	77:7113	4	0.0	0.057672999999999974	0.2827212874028069	0	0	0	0		1	False	0
abau-SAMN11997570	GP_Isolated_0	1:32621	4	0.0	0.4873801	2.2679039984593534	GP_Isolated_25	86:6734	4	0.0	0.49999654000000004	3.6742134276979375	0	0	0	0		1	False	0
abau-SAMN11997570	GP_Isolated_0	1:32621	4	0.0	0.4873801	2.2679039984593534	GP_Isolated_26	92:6431	4	0.0	0.49970099999999995	2.626712163886281	0	0	0	0		1	False	0
abau-SAMN11997570	GP_Isolated_0	1:32621	4	0.0	0.4873801	2.2679039984593534	GP_Isolated_27	93:6340	4	0.0	0.09477329999999995	0.26630798488240537	0	0	0	0		1	False	0
abau-SAMN11997570	GP_Isolated_0	1:32621	4	0.0	0.4873801	2.2679039984593534	GP_Isolated_28	99:6130	4	0.0	0.49999879999999997	5.188759298042897	0	0	0	0		1	False	0
abau-SAMN11997570	GP_Isolated_0	1:32621	4	0.0	0.4873801	2.2679039984593534	GP_Isolated_29	105:5975	4	0.0	0.08651770000000003	0.2702998242699983	0	0	0	0		1	False	0
abau-SAMN11997570	GP_Isolated_0	1:32621	4	0.0	0.4873801	2.2679039984593534	GP_unb_2	109:5910	4	0.0	0.15053510000000003	0.9975867215522015	0	0	0	0		1	False	0
abau-SAMN11997570	GP_Isolated_0	1:32621	4	0.0	0.4873801	2.2679039984593534	GP_Isolated_30	110:5839	4	0.0	0.49999905	26.076827712380542	0	0	0	0		1	False	0
abau-SAMN11997570	GP_Isolated_0	1:32621	4	0.0	0.4873801	2.2679039984593534	GP_Isolated_31	112:5733	4	0.0	0.12803370000000003	0.26043366794251466	0	0	0	0		1	False	0
abau-SAMN11997570	GP_Isolated_0	1:32621	4	0.0	0.4873801	2.2679039984593534	GP_Isolated_32	114:5711	4	0.0	0.49962366	2.5835740593630394	0	0	0	0		1	False	0
abau-SAMN11997570	GP_Isolated_0	1:32621	4	0.0	0.4873801	2.2679039984593534	GP_0	117:5672,138:4536,252:119	4	0.0	1.10585566	0.7813266136478622	0	0	0	0		1	False	0
abau-SAMN11997570	GP_Isolated_0	1:32621	4	0.0	0.4873801	2.2679039984593534	GP_Isolated_33	127:5298	4	0.0	0.06380206	0.2745305842420741	0	0	0	0		1	False	0
abau-SAMN11997570	GP_Isolated_0	1:32621	4	0.0	0.4873801	2.2679039984593534	GP_Isolated_34	132:4796	4	0.0	0.49998089999999995	3.1051019635387167	0	0	0	0		1	False	0
abau-SAMN11997570	GP_Isolated_0	1:32621	4	0.0	0.4873801	2.2679039984593534	GP_Isolated_35	133:4689	4	0.0	0.49999760000000004	4.408222246075734	0	0	0	0		1	False	0
abau-SAMN11997570	GP_Isolated_0	1:32621	4	0.0	0.4873801	2.2679039984593534	GP_Isolated_36	136:4629	4	0.0	0.49999930000000004	13.21862738017862	0	0	0	0		1	False	0
abau-SAMN11997570	GP_Isolated_0	1:32621	4	0.0	0.4873801	2.2679039984593534	GP_Isolated_37	137:4557	4	0.0	0.47178555	1.9480913473226646	0	0	0	0		1	False	0
abau-SAMN11997570	GP_Isolated_0	1:32621	4	0.0	0.4873801	2.2679039984593534	GP_Isolated_38	141:4413	4	0.0	0.4998292	2.6496413182157386	0	0	0	0		1	False	0
abau-SAMN11997570	GP_Isolated_0	1:32621	4	0.0	0.4873801	2.2679039984593534	GP_Isolated_39	151:4034	4	0.0	0.49999845	4.643478731855276	0	0	0	0		1	False	0
abau-SAMN11997570	GP_Isolated_0	1:32621	4	0.0	0.4873801	2.2679039984593534	GP_Isolated_40	152:3965	4	0.0	0.49792479999999995	2.255849642521846	0	0	0	0		1	False	0
abau-SAMN11997570	GP_Isolated_0	1:32621	4	0.0	0.4873801	2.2679039984593534	GP_Isolated_41	155:3816	4	0.0	0.49920356	2.431904624347031	0	0	0	0		1	False	0
abau-SAMN11997570	GP_Isolated_0	1:32621	4	0.0	0.4873801	2.2679039984593534	GP_Isolated_42	162:3658	4	0.0	0.49999857000000003	7.322344190077274	0	0	0	0		1	False	0
abau-SAMN11997570	GP_Isolated_0	1:32621	4	0.0	0.4873801	2.2679039984593534	GP_Isolated_43	163:3614	4	0.0	0.4999521	2.864001829517826	0	0	0	0		1	False	0
abau-SAMN11997570	GP_Isolated_0	1:32621	4	0.0	0.4873801	2.2679039984593534	GP_Isolated_44	169:3435	4	0.0	0.49999654000000004	4.247255723261357	0	0	0	0		1	False	0
abau-SAMN11997570	GP_Isolated_0	1:32621	4	0.0	0.4873801	2.2679039984593534	GP_Isolated_45	171:3358	4	0.0	0.06734925999999997	0.25885931970824005	0	0	0	0		1	False	0
abau-SAMN11997570	GP_Isolated_0	1:32621	4	0.0	0.4873801	2.2679039984593534	GP_unb_3	172:3326	4	0.0	0.14425707	0.3960207987289666	0	0	0	0		1	False	0
abau-SAMN11997570	GP_Isolated_0	1:32621	4	0.0	0.4873801	2.2679039984593534	GP_Isolated_46	175:3283	4	0.0	0.4999987	8.19858693820563	0	0	0	0		1	False	0
abau-SAMN11997570	GP_Isolated_0	1:32621	4	0.0	0.4873801	2.2679039984593534	GP_Isolated_47	179:3189	4	0.0	0.45655227	1.7767687345032621	0	0	0	0		1	False	0
abau-SAMN11997570	GP_Isolated_0	1:32621	4	0.0	0.4873801	2.2679039984593534	GP_Isolated_48	180:3118	4	0.0	0.40498376	1.5893334296237451	0	0	0	0		1	False	0
abau-SAMN11997570	GP_Isolated_0	1:32621	4	0.0	0.4873801	2.2679039984593534	GP_Isolated_49	184:2877	4	0.0	0.07340884000000003	0.25477961531980453	0	0	0	0		1	False	0
abau-SAMN11997570	GP_Isolated_0	1:32621	4	0.0	0.4873801	2.2679039984593534	GP_Isolated_50	193:2632	4	0.0	0.49999857000000003	6.944283960424642	0	0	0	0		1	False	0
abau-SAMN11997570	GP_Isolated_0	1:32621	4	0.0	0.4873801	2.2679039984593534	GP_Isolated_51	194:2629	4	0.0	0.006962899999999994	1.504748320935943	0	0	0	0		1	False	0
abau-SAMN11997570	GP_Isolated_0	1:32621	4	0.0	0.4873801	2.2679039984593534	GP_Isolated_52	200:2482	4	0.0	0.4994037	2.496003947906887	0	0	0	0		1	False	0
abau-SAMN11997570	GP_Isolated_0	1:32621	4	0.0	0.4873801	2.2679039984593534	GP_unb_4	201:2472	4	0.0	0.48582080000000005	92.25163091885126	0	0	0	0		1	False	0
abau-SAMN11997570	GP_Isolated_0	1:32621	4	0.0	0.4873801	2.2679039984593534	GP_unb_5	207:2365	4	0.0	0.17706615000000003	0.5505813533617391	0	0	0	0		1	False	0
abau-SAMN11997570	GP_Isolated_0	1:32621	4	0.0	0.4873801	2.2679039984593534	GP_Isolated_53	208:2339	4	0.0	0.37396929999999995	1.6160780915240365	0	0	0	0		1	False	0
abau-SAMN11997570	GP_Isolated_0	1:32621	4	0.0	0.4873801	2.2679039984593534	GP_Isolated_54	212:2192	4	0.0	0.49995670000000003	2.958468741725043	0	0	0	0		1	False	0
abau-SAMN11997570	GP_Isolated_0	1:32621	4	0.0	0.4873801	2.2679039984593534	GP_unb_6	217:2126	4	0.0	0.12310969999999999	0.8445270937146435	0	0	0	0		1	False	0
abau-SAMN11997570	GP_Isolated_0	1:32621	4	0.0	0.4873801	2.2679039984593534	GP_Isolated_55	220:2070	4	0.0	0.49999875000000005	6.719385667172192	0	0	0	0		1	False	0
abau-SAMN11997570	GP_Isolated_0	1:32621	4	0.0	0.4873801	2.2679039984593534	GP_Isolated_56	224:1987	4	0.0	0.49966469999999996	2.5793733901446765	0	0	0	0		1	False	0
abau-SAMN11997570	GP_Isolated_0	1:32621	4	0.0	0.4873801	2.2679039984593534	GP_Isolated_57	229:1833	4	0.0	0.19480030000000004	1.4968043619556584	0	0	0	0		1	False	0
abau-SAMN11997570	GP_Isolated_0	1:32621	4	0.0	0.4873801	2.2679039984593534	GP_Isolated_58	230:1819	4	0.0	0.49898010000000004	2.1407164006644037	0	0	0	0		1	False	0
abau-SAMN11997570	GP_Isolated_0	1:32621	4	0.0	0.4873801	2.2679039984593534	GP_Isolated_59	234:1611	4	0.0	0.49999607	4.6761512722370675	0	0	0	0		1	False	0
abau-SAMN11997570	GP_Isolated_0	1:32621	4	0.0	0.4873801	2.2679039984593534	GP_2	235:1574,249:762,250:616	4	-0.008126911518390956	0.76670491	0.4261018402203942	0	0	0	0		1	False	0
abau-SAMN11997570	GP_Isolated_0	1:32621	4	0.0	0.4873801	2.2679039984593534	GP_Isolated_60	236:1536	4	0.0	0.24603045	1.5082147757637034	0	0	0	0		1	False	0
abau-SAMN11997570	GP_Isolated_1	7:19339	4	0.0	0.48036766	2.1300522375484463	GP_Isolated_2	8:18792	4	0.0	0.2526104	1.6842817938903736	0	0	0	0		1	False	0
abau-SAMN11997570	GP_Isolated_1	7:19339	4	0.0	0.48036766	2.1300522375484463	GP_Isolated_3	9:18755	4	0.0	0.38420105000000004	1.689818492573602	0	0	0	0		1	False	0
abau-SAMN11997570	GP_Isolated_1	7:19339	4	0.0	0.48036766	2.1300522375484463	GP_Isolated_4	10:18018	4	0.0	0.20314509999999997	0.2590031535109892	0	0	0	0		1	False	0
abau-SAMN11997570	GP_Isolated_1	7:19339	4	0.0	0.48036766	2.1300522375484463	GP_Isolated_5	12:16111	4	0.0	0.49999963999999997	15.861549987835941	0	0	0	0		1	False	0
abau-SAMN11997570	GP_Isolated_1	7:19339	4	0.0	0.48036766	2.1300522375484463	GP_Isolated_6	13:15911	4	0.0	0.49999917000000005	5.389576594687768	0	0	0	0		1	False	0
abau-SAMN11997570	GP_Isolated_1	7:19339	4	0.0	0.48036766	2.1300522375484463	GP_Isolated_7	14:15067	4	0.0	0.49999930000000004	8.12394408936796	0	0	0	0		1	False	0
abau-SAMN11997570	GP_Isolated_1	7:19339	4	0.0	0.48036766	2.1300522375484463	GP_Isolated_8	15:14131	4	0.0	0.49999930000000004	24.967092493030865	0	0	0	0		1	False	0
abau-SAMN11997570	GP_Isolated_1	7:19339	4	0.0	0.48036766	2.1300522375484463	GP_Isolated_9	16:14093	4	0.0	0.48211000000000004	2.123913723790954	0	0	0	0		1	False	0
abau-SAMN11997570	GP_Isolated_1	7:19339	4	0.0	0.48036766	2.1300522375484463	GP_Isolated_10	20:13386	4	0.0	0.0788527	0.29233769047447106	0	0	0	0		1	False	0
abau-SAMN11997570	GP_Isolated_1	7:19339	4	0.0	0.48036766	2.1300522375484463	GP_Isolated_11	21:13316	4	0.0	0.12431042999999997	0.28613237524373514	0	0	0	0		1	False	0
abau-SAMN11997570	GP_Isolated_1	7:19339	4	0.0	0.48036766	2.1300522375484463	GP_1	22:12927,116:5704	4	0.0	0.9999921700000001	13.595768119464815	0	0	0	0		1	False	0
abau-SAMN11997570	GP_Isolated_1	7:19339	4	0.0	0.48036766	2.1300522375484463	GP_Isolated_12	25:12419	4	0.0	0.49195515999999995	2.2434281793890376	0	0	0	0		1	False	0
abau-SAMN11997570	GP_Isolated_1	7:19339	4	0.0	0.48036766	2.1300522375484463	GP_Isolated_13	27:12317	4	0.0	0.13339292999999997	0.2813852579379409	0	0	0	0		1	False	0
abau-SAMN11997570	GP_Isolated_1	7:19339	4	0.0	0.48036766	2.1300522375484463	GP_unb_1	31:11825	4	0.0	0.22009369999999995	0.39213307334922126	0	0	0	0		1	False	0
abau-SAMN11997570	GP_Isolated_1	7:19339	4	0.0	0.48036766	2.1300522375484463	GP_Isolated_14	33:11500	4	0.0	0.08143109999999998	0.2844575238920585	0	0	0	0		1	False	0
abau-SAMN11997570	GP_Isolated_1	7:19339	4	0.0	0.48036766	2.1300522375484463	GP_Isolated_15	37:10677	4	0.0	0.4043329	1.712880046219398	0	0	0	0		1	False	0
abau-SAMN11997570	GP_Isolated_1	7:19339	4	0.0	0.48036766	2.1300522375484463	GP_Isolated_16	43:9677	4	0.0	0.16958355999999997	0.2524391564959919	0	0	0	0		1	False	0
abau-SAMN11997570	GP_Isolated_1	7:19339	4	0.0	0.48036766	2.1300522375484463	GP_Isolated_17	52:8917	4	0.0	0.26860195	1.6024168893382442	0	0	0	0		1	False	0
abau-SAMN11997570	GP_Isolated_1	7:19339	4	0.0	0.48036766	2.1300522375484463	GP_Isolated_18	60:8302	4	0.0	0.49997159999999996	3.08373654943309	0	0	0	0		1	False	0
abau-SAMN11997570	GP_Isolated_1	7:19339	4	0.0	0.48036766	2.1300522375484463	GP_Isolated_19	61:8198	4	0.0	0.4999987	4.34523211820196	0	0	0	0		1	False	0
abau-SAMN11997570	GP_Isolated_1	7:19339	4	0.0	0.48036766	2.1300522375484463	GP_Isolated_20	63:7953	4	0.0	0.49999910000000003	6.654389639151682	0	0	0	0		1	False	0
abau-SAMN11997570	GP_Isolated_1	7:19339	4	0.0	0.48036766	2.1300522375484463	GP_Isolated_21	64:7926	4	0.0	0.36175559999999995	1.6550456175826294	0	0	0	0		1	False	0
abau-SAMN11997570	GP_Isolated_1	7:19339	4	0.0	0.48036766	2.1300522375484463	GP_Isolated_22	69:7625	4	0.0	0.49997175000000005	3.060650923184324	0	0	0	0		1	False	0
abau-SAMN11997570	GP_Isolated_1	7:19339	4	0.0	0.48036766	2.1300522375484463	GP_Isolated_23	72:7492	4	0.0	0.49645627000000003	2.3169621460583834	0	0	0	0		1	False	0
abau-SAMN11997570	GP_Isolated_1	7:19339	4	0.0	0.48036766	2.1300522375484463	GP_Isolated_24	77:7113	4	0.0	0.057672999999999974	0.2827212874028069	0	0	0	0		1	False	0
abau-SAMN11997570	GP_Isolated_1	7:19339	4	0.0	0.48036766	2.1300522375484463	GP_Isolated_25	86:6734	4	0.0	0.49999654000000004	3.6742134276979375	0	0	0	0		1	False	0
abau-SAMN11997570	GP_Isolated_1	7:19339	4	0.0	0.48036766	2.1300522375484463	GP_Isolated_26	92:6431	4	0.0	0.49970099999999995	2.626712163886281	0	0	0	0		1	False	0
abau-SAMN11997570	GP_Isolated_1	7:19339	4	0.0	0.48036766	2.1300522375484463	GP_Isolated_27	93:6340	4	0.0	0.09477329999999995	0.26630798488240537	0	0	0	0		1	False	0
abau-SAMN11997570	GP_Isolated_1	7:19339	4	0.0	0.48036766	2.1300522375484463	GP_Isolated_28	99:6130	4	0.0	0.49999879999999997	5.188759298042897	0	0	0	0		1	False	0
abau-SAMN11997570	GP_Isolated_1	7:19339	4	0.0	0.48036766	2.1300522375484463	GP_Isolated_29	105:5975	4	0.0	0.08651770000000003	0.2702998242699983	0	0	0	0		1	False	0
abau-SAMN11997570	GP_Isolated_1	7:19339	4	0.0	0.48036766	2.1300522375484463	GP_unb_2	109:5910	4	0.0	0.15053510000000003	0.9975867215522015	0	0	0	0		1	False	0
abau-SAMN11997570	GP_Isolated_1	7:19339	4	0.0	0.48036766	2.1300522375484463	GP_Isolated_30	110:5839	4	0.0	0.49999905	26.076827712380542	0	0	0	0		1	False	0
abau-SAMN11997570	GP_Isolated_1	7:19339	4	0.0	0.48036766	2.1300522375484463	GP_Isolated_31	112:5733	4	0.0	0.12803370000000003	0.26043366794251466	0	0	0	0		1	False	0
abau-SAMN11997570	GP_Isolated_1	7:19339	4	0.0	0.48036766	2.1300522375484463	GP_Isolated_32	114:5711	4	0.0	0.49962366	2.5835740593630394	0	0	0	0		1	False	0
abau-SAMN11997570	GP_Isolated_1	7:19339	4	0.0	0.48036766	2.1300522375484463	GP_0	117:5672,138:4536,252:119	4	0.0	1.10585566	0.7813266136478622	0	0	0	0		1	False	0
abau-SAMN11997570	GP_Isolated_1	7:19339	4	0.0	0.48036766	2.1300522375484463	GP_Isolated_33	127:5298	4	0.0	0.06380206	0.2745305842420741	0	0	0	0		1	False	0
abau-SAMN11997570	GP_Isolated_1	7:19339	4	0.0	0.48036766	2.1300522375484463	GP_Isolated_34	132:4796	4	0.0	0.49998089999999995	3.1051019635387167	0	0	0	0		1	False	0
abau-SAMN11997570	GP_Isolated_1	7:19339	4	0.0	0.48036766	2.1300522375484463	GP_Isolated_35	133:4689	4	0.0	0.49999760000000004	4.408222246075734	0	0	0	0		1	False	0
abau-SAMN11997570	GP_Isolated_1	7:19339	4	0.0	0.48036766	2.1300522375484463	GP_Isolated_36	136:4629	4	0.0	0.49999930000000004	13.21862738017862	0	0	0	0		1	False	0
abau-SAMN11997570	GP_Isolated_1	7:19339	4	0.0	0.48036766	2.1300522375484463	GP_Isolated_37	137:4557	4	0.0	0.47178555	1.9480913473226646	0	0	0	0		1	False	0
abau-SAMN11997570	GP_Isolated_1	7:19339	4	0.0	0.48036766	2.1300522375484463	GP_Isolated_38	141:4413	4	0.0	0.4998292	2.6496413182157386	0	0	0	0		1	False	0
abau-SAMN11997570	GP_Isolated_1	7:19339	4	0.0	0.48036766	2.1300522375484463	GP_Isolated_39	151:4034	4	0.0	0.49999845	4.643478731855276	0	0	0	0		1	False	0
abau-SAMN11997570	GP_Isolated_1	7:19339	4	0.0	0.48036766	2.1300522375484463	GP_Isolated_40	152:3965	4	0.0	0.49792479999999995	2.255849642521846	0	0	0	0		1	False	0
abau-SAMN11997570	GP_Isolated_1	7:19339	4	0.0	0.48036766	2.1300522375484463	GP_Isolated_41	155:3816	4	0.0	0.49920356	2.431904624347031	0	0	0	0		1	False	0
abau-SAMN11997570	GP_Isolated_1	7:19339	4	0.0	0.48036766	2.1300522375484463	GP_Isolated_42	162:3658	4	0.0	0.49999857000000003	7.322344190077274	0	0	0	0		1	False	0
abau-SAMN11997570	GP_Isolated_1	7:19339	4	0.0	0.48036766	2.1300522375484463	GP_Isolated_43	163:3614	4	0.0	0.4999521	2.864001829517826	0	0	0	0		1	False	0
abau-SAMN11997570	GP_Isolated_1	7:19339	4	0.0	0.48036766	2.1300522375484463	GP_Isolated_44	169:3435	4	0.0	0.49999654000000004	4.247255723261357	0	0	0	0		1	False	0
abau-SAMN11997570	GP_Isolated_1	7:19339	4	0.0	0.48036766	2.1300522375484463	GP_Isolated_45	171:3358	4	0.0	0.06734925999999997	0.25885931970824005	0	0	0	0		1	False	0
abau-SAMN11997570	GP_Isolated_1	7:19339	4	0.0	0.48036766	2.1300522375484463	GP_unb_3	172:3326	4	0.0	0.14425707	0.3960207987289666	0	0	0	0		1	False	0
abau-SAMN11997570	GP_Isolated_1	7:19339	4	0.0	0.48036766	2.1300522375484463	GP_Isolated_46	175:3283	4	0.0	0.4999987	8.19858693820563	0	0	0	0		1	False	0
abau-SAMN11997570	GP_Isolated_1	7:19339	4	0.0	0.48036766	2.1300522375484463	GP_Isolated_47	179:3189	4	0.0	0.45655227	1.7767687345032621	0	0	0	0		1	False	0
abau-SAMN11997570	GP_Isolated_1	7:19339	4	0.0	0.48036766	2.1300522375484463	GP_Isolated_48	180:3118	4	0.0	0.40498376	1.5893334296237451	0	0	0	0		1	False	0
abau-SAMN11997570	GP_Isolated_1	7:19339	4	0.0	0.48036766	2.1300522375484463	GP_Isolated_49	184:2877	4	0.0	0.07340884000000003	0.25477961531980453	0	0	0	0		1	False	0
abau-SAMN11997570	GP_Isolated_1	7:19339	4	0.0	0.48036766	2.1300522375484463	GP_Isolated_50	193:2632	4	0.0	0.49999857000000003	6.944283960424642	0	0	0	0		1	False	0
abau-SAMN11997570	GP_Isolated_1	7:19339	4	0.0	0.48036766	2.1300522375484463	GP_Isolated_51	194:2629	4	0.0	0.006962899999999994	1.504748320935943	0	0	0	0		1	False	0
abau-SAMN11997570	GP_Isolated_1	7:19339	4	0.0	0.48036766	2.1300522375484463	GP_Isolated_52	200:2482	4	0.0	0.4994037	2.496003947906887	0	0	0	0		1	False	0
abau-SAMN11997570	GP_Isolated_1	7:19339	4	0.0	0.48036766	2.1300522375484463	GP_unb_4	201:2472	4	0.0	0.48582080000000005	92.25163091885126	0	0	0	0		1	False	0
abau-SAMN11997570	GP_Isolated_1	7:19339	4	0.0	0.48036766	2.1300522375484463	GP_unb_5	207:2365	4	0.0	0.17706615000000003	0.5505813533617391	0	0	0	0		1	False	0
abau-SAMN11997570	GP_Isolated_1	7:19339	4	0.0	0.48036766	2.1300522375484463	GP_Isolated_53	208:2339	4	0.0	0.37396929999999995	1.6160780915240365	0	0	0	0		1	False	0
abau-SAMN11997570	GP_Isolated_1	7:19339	4	0.0	0.48036766	2.1300522375484463	GP_Isolated_54	212:2192	4	0.0	0.49995670000000003	2.958468741725043	0	0	0	0		1	False	0
abau-SAMN11997570	GP_Isolated_1	7:19339	4	0.0	0.48036766	2.1300522375484463	GP_unb_6	217:2126	4	0.0	0.12310969999999999	0.8445270937146435	0	0	0	0		1	False	0
abau-SAMN11997570	GP_Isolated_1	7:19339	4	0.0	0.48036766	2.1300522375484463	GP_Isolated_55	220:2070	4	0.0	0.49999875000000005	6.719385667172192	0	0	0	0		1	False	0
abau-SAMN11997570	GP_Isolated_1	7:19339	4	0.0	0.48036766	2.1300522375484463	GP_Isolated_56	224:1987	4	0.0	0.49966469999999996	2.5793733901446765	0	0	0	0		1	False	0
abau-SAMN11997570	GP_Isolated_1	7:19339	4	0.0	0.48036766	2.1300522375484463	GP_Isolated_57	229:1833	4	0.0	0.19480030000000004	1.4968043619556584	0	0	0	0		1	False	0
abau-SAMN11997570	GP_Isolated_1	7:19339	4	0.0	0.48036766	2.1300522375484463	GP_Isolated_58	230:1819	4	0.0	0.49898010000000004	2.1407164006644037	0	0	0	0		1	False	0
abau-SAMN11997570	GP_Isolated_1	7:19339	4	0.0	0.48036766	2.1300522375484463	GP_Isolated_59	234:1611	4	0.0	0.49999607	4.6761512722370675	0	0	0	0		1	False	0
abau-SAMN11997570	GP_Isolated_1	7:19339	4	0.0	0.48036766	2.1300522375484463	GP_2	235:1574,249:762,250:616	4	-0.008126911518390956	0.76670491	0.4261018402203942	0	0	0	0		1	False	0
abau-SAMN11997570	GP_Isolated_1	7:19339	4	0.0	0.48036766	2.1300522375484463	GP_Isolated_60	236:1536	4	0.0	0.24603045	1.5082147757637034	0	0	0	0		1	False	0
abau-SAMN11997570	GP_Isolated_2	8:18792	4	0.0	0.2526104	1.6842817938903736	GP_Isolated_3	9:18755	4	0.0	0.38420105000000004	1.689818492573602	0	0	0	0		1	False	0
abau-SAMN11997570	GP_Isolated_2	8:18792	4	0.0	0.2526104	1.6842817938903736	GP_Isolated_4	10:18018	4	0.0	0.20314509999999997	0.2590031535109892	0	0	0	0		1	False	0
abau-SAMN11997570	GP_Isolated_2	8:18792	4	0.0	0.2526104	1.6842817938903736	GP_Isolated_5	12:16111	4	0.0	0.49999963999999997	15.861549987835941	0	0	0	0		1	False	0
abau-SAMN11997570	GP_Isolated_2	8:18792	4	0.0	0.2526104	1.6842817938903736	GP_Isolated_6	13:15911	4	0.0	0.49999917000000005	5.389576594687768	0	0	0	0		1	False	0
abau-SAMN11997570	GP_Isolated_2	8:18792	4	0.0	0.2526104	1.6842817938903736	GP_Isolated_7	14:15067	4	0.0	0.49999930000000004	8.12394408936796	0	0	0	0		1	False	0
abau-SAMN11997570	GP_Isolated_2	8:18792	4	0.0	0.2526104	1.6842817938903736	GP_Isolated_8	15:14131	4	0.0	0.49999930000000004	24.967092493030865	0	0	0	0		1	False	0
abau-SAMN11997570	GP_Isolated_2	8:18792	4	0.0	0.2526104	1.6842817938903736	GP_Isolated_9	16:14093	4	0.0	0.48211000000000004	2.123913723790954	0	0	0	0		1	False	0
abau-SAMN11997570	GP_Isolated_2	8:18792	4	0.0	0.2526104	1.6842817938903736	GP_Isolated_10	20:13386	4	0.0	0.0788527	0.29233769047447106	0	0	0	0		1	False	0
abau-SAMN11997570	GP_Isolated_2	8:18792	4	0.0	0.2526104	1.6842817938903736	GP_Isolated_11	21:13316	4	0.0	0.12431042999999997	0.28613237524373514	0	0	0	0		1	False	0
abau-SAMN11997570	GP_Isolated_2	8:18792	4	0.0	0.2526104	1.6842817938903736	GP_1	22:12927,116:5704	4	0.0	0.9999921700000001	13.595768119464815	0	0	0	0		1	False	0
abau-SAMN11997570	GP_Isolated_2	8:18792	4	0.0	0.2526104	1.6842817938903736	GP_Isolated_12	25:12419	4	0.0	0.49195515999999995	2.2434281793890376	0	0	0	0		1	False	0
abau-SAMN11997570	GP_Isolated_2	8:18792	4	0.0	0.2526104	1.6842817938903736	GP_Isolated_13	27:12317	4	0.0	0.13339292999999997	0.2813852579379409	0	0	0	0		1	False	0
abau-SAMN11997570	GP_Isolated_2	8:18792	4	0.0	0.2526104	1.6842817938903736	GP_unb_1	31:11825	4	0.0	0.22009369999999995	0.39213307334922126	0	0	0	0		1	False	0
abau-SAMN11997570	GP_Isolated_2	8:18792	4	0.0	0.2526104	1.6842817938903736	GP_Isolated_14	33:11500	4	0.0	0.08143109999999998	0.2844575238920585	0	0	0	0		1	False	0
abau-SAMN11997570	GP_Isolated_2	8:18792	4	0.0	0.2526104	1.6842817938903736	GP_Isolated_15	37:10677	4	0.0	0.4043329	1.712880046219398	0	0	0	0		1	False	0
abau-SAMN11997570	GP_Isolated_2	8:18792	4	0.0	0.2526104	1.6842817938903736	GP_Isolated_16	43:9677	4	0.0	0.16958355999999997	0.2524391564959919	0	0	0	0		1	False	0
abau-SAMN11997570	GP_Isolated_2	8:18792	4	0.0	0.2526104	1.6842817938903736	GP_Isolated_17	52:8917	4	0.0	0.26860195	1.6024168893382442	0	0	0	0		1	False	0
abau-SAMN11997570	GP_Isolated_2	8:18792	4	0.0	0.2526104	1.6842817938903736	GP_Isolated_18	60:8302	4	0.0	0.49997159999999996	3.08373654943309	0	0	0	0		1	False	0
abau-SAMN11997570	GP_Isolated_2	8:18792	4	0.0	0.2526104	1.6842817938903736	GP_Isolated_19	61:8198	4	0.0	0.4999987	4.34523211820196	0	0	0	0		1	False	0
abau-SAMN11997570	GP_Isolated_2	8:18792	4	0.0	0.2526104	1.6842817938903736	GP_Isolated_20	63:7953	4	0.0	0.49999910000000003	6.654389639151682	0	0	0	0		1	False	0
abau-SAMN11997570	GP_Isolated_2	8:18792	4	0.0	0.2526104	1.6842817938903736	GP_Isolated_21	64:7926	4	0.0	0.36175559999999995	1.6550456175826294	0	0	0	0		1	False	0
abau-SAMN11997570	GP_Isolated_2	8:18792	4	0.0	0.2526104	1.6842817938903736	GP_Isolated_22	69:7625	4	0.0	0.49997175000000005	3.060650923184324	0	0	0	0		1	False	0
abau-SAMN11997570	GP_Isolated_2	8:18792	4	0.0	0.2526104	1.6842817938903736	GP_Isolated_23	72:7492	4	0.0	0.49645627000000003	2.3169621460583834	0	0	0	0		1	False	0
abau-SAMN11997570	GP_Isolated_2	8:18792	4	0.0	0.2526104	1.6842817938903736	GP_Isolated_24	77:7113	4	0.0	0.057672999999999974	0.2827212874028069	0	0	0	0		1	False	0
abau-SAMN11997570	GP_Isolated_2	8:18792	4	0.0	0.2526104	1.6842817938903736	GP_Isolated_25	86:6734	4	0.0	0.49999654000000004	3.6742134276979375	0	0	0	0		1	False	0
abau-SAMN11997570	GP_Isolated_2	8:18792	4	0.0	0.2526104	1.6842817938903736	GP_Isolated_26	92:6431	4	0.0	0.49970099999999995	2.626712163886281	0	0	0	0		1	False	0
abau-SAMN11997570	GP_Isolated_2	8:18792	4	0.0	0.2526104	1.6842817938903736	GP_Isolated_27	93:6340	4	0.0	0.09477329999999995	0.26630798488240537	0	0	0	0		1	False	0
abau-SAMN11997570	GP_Isolated_2	8:18792	4	0.0	0.2526104	1.6842817938903736	GP_Isolated_28	99:6130	4	0.0	0.49999879999999997	5.188759298042897	0	0	0	0		1	False	0
abau-SAMN11997570	GP_Isolated_2	8:18792	4	0.0	0.2526104	1.6842817938903736	GP_Isolated_29	105:5975	4	0.0	0.08651770000000003	0.2702998242699983	0	0	0	0		1	False	0
abau-SAMN11997570	GP_Isolated_2	8:18792	4	0.0	0.2526104	1.6842817938903736	GP_unb_2	109:5910	4	0.0	0.15053510000000003	0.9975867215522015	0	0	0	0		1	False	0
abau-SAMN11997570	GP_Isolated_2	8:18792	4	0.0	0.2526104	1.6842817938903736	GP_Isolated_30	110:5839	4	0.0	0.49999905	26.076827712380542	0	0	0	0		1	False	0
abau-SAMN11997570	GP_Isolated_2	8:18792	4	0.0	0.2526104	1.6842817938903736	GP_Isolated_31	112:5733	4	0.0	0.12803370000000003	0.26043366794251466	0	0	0	0		1	False	0
abau-SAMN11997570	GP_Isolated_2	8:18792	4	0.0	0.2526104	1.6842817938903736	GP_Isolated_32	114:5711	4	0.0	0.49962366	2.5835740593630394	0	0	0	0		1	False	0
abau-SAMN11997570	GP_Isolated_2	8:18792	4	0.0	0.2526104	1.6842817938903736	GP_0	117:5672,138:4536,252:119	4	0.0	1.10585566	0.7813266136478622	0	0	0	0		1	False	0
abau-SAMN11997570	GP_Isolated_2	8:18792	4	0.0	0.2526104	1.6842817938903736	GP_Isolated_33	127:5298	4	0.0	0.06380206	0.2745305842420741	0	0	0	0		1	False	0
abau-SAMN11997570	GP_Isolated_2	8:18792	4	0.0	0.2526104	1.6842817938903736	GP_Isolated_34	132:4796	4	0.0	0.49998089999999995	3.1051019635387167	0	0	0	0		1	False	0
abau-SAMN11997570	GP_Isolated_2	8:18792	4	0.0	0.2526104	1.6842817938903736	GP_Isolated_35	133:4689	4	0.0	0.49999760000000004	4.408222246075734	0	0	0	0		1	False	0
abau-SAMN11997570	GP_Isolated_2	8:18792	4	0.0	0.2526104	1.6842817938903736	GP_Isolated_36	136:4629	4	0.0	0.49999930000000004	13.21862738017862	0	0	0	0		1	False	0
abau-SAMN11997570	GP_Isolated_2	8:18792	4	0.0	0.2526104	1.6842817938903736	GP_Isolated_37	137:4557	4	0.0	0.47178555	1.9480913473226646	0	0	0	0		1	False	0
abau-SAMN11997570	GP_Isolated_2	8:18792	4	0.0	0.2526104	1.6842817938903736	GP_Isolated_38	141:4413	4	0.0	0.4998292	2.6496413182157386	0	0	0	0		1	False	0
abau-SAMN11997570	GP_Isolated_2	8:18792	4	0.0	0.2526104	1.6842817938903736	GP_Isolated_39	151:4034	4	0.0	0.49999845	4.643478731855276	0	0	0	0		1	False	0
abau-SAMN11997570	GP_Isolated_2	8:18792	4	0.0	0.2526104	1.6842817938903736	GP_Isolated_40	152:3965	4	0.0	0.49792479999999995	2.255849642521846	0	0	0	0		1	False	0
abau-SAMN11997570	GP_Isolated_2	8:18792	4	0.0	0.2526104	1.6842817938903736	GP_Isolated_41	155:3816	4	0.0	0.49920356	2.431904624347031	0	0	0	0		1	False	0
abau-SAMN11997570	GP_Isolated_2	8:18792	4	0.0	0.2526104	1.6842817938903736	GP_Isolated_42	162:3658	4	0.0	0.49999857000000003	7.322344190077274	0	0	0	0		1	False	0
abau-SAMN11997570	GP_Isolated_2	8:18792	4	0.0	0.2526104	1.6842817938903736	GP_Isolated_43	163:3614	4	0.0	0.4999521	2.864001829517826	0	0	0	0		1	False	0
abau-SAMN11997570	GP_Isolated_2	8:18792	4	0.0	0.2526104	1.6842817938903736	GP_Isolated_44	169:3435	4	0.0	0.49999654000000004	4.247255723261357	0	0	0	0		1	False	0
abau-SAMN11997570	GP_Isolated_2	8:18792	4	0.0	0.2526104	1.6842817938903736	GP_Isolated_45	171:3358	4	0.0	0.06734925999999997	0.25885931970824005	0	0	0	0		1	False	0
abau-SAMN11997570	GP_Isolated_2	8:18792	4	0.0	0.2526104	1.6842817938903736	GP_unb_3	172:3326	4	0.0	0.14425707	0.3960207987289666	0	0	0	0		1	False	0
abau-SAMN11997570	GP_Isolated_2	8:18792	4	0.0	0.2526104	1.6842817938903736	GP_Isolated_46	175:3283	4	0.0	0.4999987	8.19858693820563	0	0	0	0		1	False	0
abau-SAMN11997570	GP_Isolated_2	8:18792	4	0.0	0.2526104	1.6842817938903736	GP_Isolated_47	179:3189	4	0.0	0.45655227	1.7767687345032621	0	0	0	0		1	False	0
abau-SAMN11997570	GP_Isolated_2	8:18792	4	0.0	0.2526104	1.6842817938903736	GP_Isolated_48	180:3118	4	0.0	0.40498376	1.5893334296237451	0	0	0	0		1	False	0
abau-SAMN11997570	GP_Isolated_2	8:18792	4	0.0	0.2526104	1.6842817938903736	GP_Isolated_49	184:2877	4	0.0	0.07340884000000003	0.25477961531980453	0	0	0	0		1	False	0
abau-SAMN11997570	GP_Isolated_2	8:18792	4	0.0	0.2526104	1.6842817938903736	GP_Isolated_50	193:2632	4	0.0	0.49999857000000003	6.944283960424642	0	0	0	0		1	False	0
abau-SAMN11997570	GP_Isolated_2	8:18792	4	0.0	0.2526104	1.6842817938903736	GP_Isolated_51	194:2629	4	0.0	0.006962899999999994	1.504748320935943	0	0	0	0		1	False	0
abau-SAMN11997570	GP_Isolated_2	8:18792	4	0.0	0.2526104	1.6842817938903736	GP_Isolated_52	200:2482	4	0.0	0.4994037	2.496003947906887	0	0	0	0		1	False	0
abau-SAMN11997570	GP_Isolated_2	8:18792	4	0.0	0.2526104	1.6842817938903736	GP_unb_4	201:2472	4	0.0	0.48582080000000005	92.25163091885126	0	0	0	0		1	False	0
abau-SAMN11997570	GP_Isolated_2	8:18792	4	0.0	0.2526104	1.6842817938903736	GP_unb_5	207:2365	4	0.0	0.17706615000000003	0.5505813533617391	0	0	0	0		1	False	0
abau-SAMN11997570	GP_Isolated_2	8:18792	4	0.0	0.2526104	1.6842817938903736	GP_Isolated_53	208:2339	4	0.0	0.37396929999999995	1.6160780915240365	0	0	0	0		1	False	0
abau-SAMN11997570	GP_Isolated_2	8:18792	4	0.0	0.2526104	1.6842817938903736	GP_Isolated_54	212:2192	4	0.0	0.49995670000000003	2.958468741725043	0	0	0	0		1	False	0
abau-SAMN11997570	GP_Isolated_2	8:18792	4	0.0	0.2526104	1.6842817938903736	GP_unb_6	217:2126	4	0.0	0.12310969999999999	0.8445270937146435	0	0	0	0		1	False	0
abau-SAMN11997570	GP_Isolated_2	8:18792	4	0.0	0.2526104	1.6842817938903736	GP_Isolated_55	220:2070	4	0.0	0.49999875000000005	6.719385667172192	0	0	0	0		1	False	0
abau-SAMN11997570	GP_Isolated_2	8:18792	4	0.0	0.2526104	1.6842817938903736	GP_Isolated_56	224:1987	4	0.0	0.49966469999999996	2.5793733901446765	0	0	0	0		1	False	0
abau-SAMN11997570	GP_Isolated_2	8:18792	4	0.0	0.2526104	1.6842817938903736	GP_Isolated_57	229:1833	4	0.0	0.19480030000000004	1.4968043619556584	0	0	0	0		1	False	0
abau-SAMN11997570	GP_Isolated_2	8:18792	4	0.0	0.2526104	1.6842817938903736	GP_Isolated_58	230:1819	4	0.0	0.49898010000000004	2.1407164006644037	0	0	0	0		1	False	0
abau-SAMN11997570	GP_Isolated_2	8:18792	4	0.0	0.2526104	1.6842817938903736	GP_Isolated_59	234:1611	4	0.0	0.49999607	4.6761512722370675	0	0	0	0		1	False	0
abau-SAMN11997570	GP_Isolated_2	8:18792	4	0.0	0.2526104	1.6842817938903736	GP_2	235:1574,249:762,250:616	4	-0.008126911518390956	0.76670491	0.4261018402203942	0	0	0	0		1	False	0
abau-SAMN11997570	GP_Isolated_2	8:18792	4	0.0	0.2526104	1.6842817938903736	GP_Isolated_60	236:1536	4	0.0	0.24603045	1.5082147757637034	0	0	0	0		1	False	0
abau-SAMN11997570	GP_Isolated_3	9:18755	4	0.0	0.38420105000000004	1.689818492573602	GP_Isolated_4	10:18018	4	0.0	0.20314509999999997	0.2590031535109892	0	0	0	0		1	False	0
abau-SAMN11997570	GP_Isolated_3	9:18755	4	0.0	0.38420105000000004	1.689818492573602	GP_Isolated_5	12:16111	4	0.0	0.49999963999999997	15.861549987835941	0	0	0	0		1	False	0
abau-SAMN11997570	GP_Isolated_3	9:18755	4	0.0	0.38420105000000004	1.689818492573602	GP_Isolated_6	13:15911	4	0.0	0.49999917000000005	5.389576594687768	0	0	0	0		1	False	0
abau-SAMN11997570	GP_Isolated_3	9:18755	4	0.0	0.38420105000000004	1.689818492573602	GP_Isolated_7	14:15067	4	0.0	0.49999930000000004	8.12394408936796	0	0	0	0		1	False	0
abau-SAMN11997570	GP_Isolated_3	9:18755	4	0.0	0.38420105000000004	1.689818492573602	GP_Isolated_8	15:14131	4	0.0	0.49999930000000004	24.967092493030865	0	0	0	0		1	False	0
abau-SAMN11997570	GP_Isolated_3	9:18755	4	0.0	0.38420105000000004	1.689818492573602	GP_Isolated_9	16:14093	4	0.0	0.48211000000000004	2.123913723790954	0	0	0	0		1	False	0
abau-SAMN11997570	GP_Isolated_3	9:18755	4	0.0	0.38420105000000004	1.689818492573602	GP_Isolated_10	20:13386	4	0.0	0.0788527	0.29233769047447106	0	0	0	0		1	False	0
abau-SAMN11997570	GP_Isolated_3	9:18755	4	0.0	0.38420105000000004	1.689818492573602	GP_Isolated_11	21:13316	4	0.0	0.12431042999999997	0.28613237524373514	0	0	0	0		1	False	0
abau-SAMN11997570	GP_Isolated_3	9:18755	4	0.0	0.38420105000000004	1.689818492573602	GP_1	22:12927,116:5704	4	0.0	0.9999921700000001	13.595768119464815	0	0	0	0		1	False	0
abau-SAMN11997570	GP_Isolated_3	9:18755	4	0.0	0.38420105000000004	1.689818492573602	GP_Isolated_12	25:12419	4	0.0	0.49195515999999995	2.2434281793890376	0	0	0	0		1	False	0
abau-SAMN11997570	GP_Isolated_3	9:18755	4	0.0	0.38420105000000004	1.689818492573602	GP_Isolated_13	27:12317	4	0.0	0.13339292999999997	0.2813852579379409	0	0	0	0		1	False	0
abau-SAMN11997570	GP_Isolated_3	9:18755	4	0.0	0.38420105000000004	1.689818492573602	GP_unb_1	31:11825	4	0.0	0.22009369999999995	0.39213307334922126	0	0	0	0		1	False	0
abau-SAMN11997570	GP_Isolated_3	9:18755	4	0.0	0.38420105000000004	1.689818492573602	GP_Isolated_14	33:11500	4	0.0	0.08143109999999998	0.2844575238920585	0	0	0	0		1	False	0
abau-SAMN11997570	GP_Isolated_3	9:18755	4	0.0	0.38420105000000004	1.689818492573602	GP_Isolated_15	37:10677	4	0.0	0.4043329	1.712880046219398	0	0	0	0		1	False	0
abau-SAMN11997570	GP_Isolated_3	9:18755	4	0.0	0.38420105000000004	1.689818492573602	GP_Isolated_16	43:9677	4	0.0	0.16958355999999997	0.2524391564959919	0	0	0	0		1	False	0
abau-SAMN11997570	GP_Isolated_3	9:18755	4	0.0	0.38420105000000004	1.689818492573602	GP_Isolated_17	52:8917	4	0.0	0.26860195	1.6024168893382442	0	0	0	0		1	False	0
abau-SAMN11997570	GP_Isolated_3	9:18755	4	0.0	0.38420105000000004	1.689818492573602	GP_Isolated_18	60:8302	4	0.0	0.49997159999999996	3.08373654943309	0	0	0	0		1	False	0
abau-SAMN11997570	GP_Isolated_3	9:18755	4	0.0	0.38420105000000004	1.689818492573602	GP_Isolated_19	61:8198	4	0.0	0.4999987	4.34523211820196	0	0	0	0		1	False	0
abau-SAMN11997570	GP_Isolated_3	9:18755	4	0.0	0.38420105000000004	1.689818492573602	GP_Isolated_20	63:7953	4	0.0	0.49999910000000003	6.654389639151682	0	0	0	0		1	False	0
abau-SAMN11997570	GP_Isolated_3	9:18755	4	0.0	0.38420105000000004	1.689818492573602	GP_Isolated_21	64:7926	4	0.0	0.36175559999999995	1.6550456175826294	0	0	0	0		1	False	0
abau-SAMN11997570	GP_Isolated_3	9:18755	4	0.0	0.38420105000000004	1.689818492573602	GP_Isolated_22	69:7625	4	0.0	0.49997175000000005	3.060650923184324	0	0	0	0		1	False	0
abau-SAMN11997570	GP_Isolated_3	9:18755	4	0.0	0.38420105000000004	1.689818492573602	GP_Isolated_23	72:7492	4	0.0	0.49645627000000003	2.3169621460583834	0	0	0	0		1	False	0
abau-SAMN11997570	GP_Isolated_3	9:18755	4	0.0	0.38420105000000004	1.689818492573602	GP_Isolated_24	77:7113	4	0.0	0.057672999999999974	0.2827212874028069	0	0	0	0		1	False	0
abau-SAMN11997570	GP_Isolated_3	9:18755	4	0.0	0.38420105000000004	1.689818492573602	GP_Isolated_25	86:6734	4	0.0	0.49999654000000004	3.6742134276979375	0	0	0	0		1	False	0
abau-SAMN11997570	GP_Isolated_3	9:18755	4	0.0	0.38420105000000004	1.689818492573602	GP_Isolated_26	92:6431	4	0.0	0.49970099999999995	2.626712163886281	0	0	0	0		1	False	0
abau-SAMN11997570	GP_Isolated_3	9:18755	4	0.0	0.38420105000000004	1.689818492573602	GP_Isolated_27	93:6340	4	0.0	0.09477329999999995	0.26630798488240537	0	0	0	0		1	False	0
abau-SAMN11997570	GP_Isolated_3	9:18755	4	0.0	0.38420105000000004	1.689818492573602	GP_Isolated_28	99:6130	4	0.0	0.49999879999999997	5.188759298042897	0	0	0	0		1	False	0
abau-SAMN11997570	GP_Isolated_3	9:18755	4	0.0	0.38420105000000004	1.689818492573602	GP_Isolated_29	105:5975	4	0.0	0.08651770000000003	0.2702998242699983	0	0	0	0		1	False	0
abau-SAMN11997570	GP_Isolated_3	9:18755	4	0.0	0.38420105000000004	1.689818492573602	GP_unb_2	109:5910	4	0.0	0.15053510000000003	0.9975867215522015	0	0	0	0		1	False	0
abau-SAMN11997570	GP_Isolated_3	9:18755	4	0.0	0.38420105000000004	1.689818492573602	GP_Isolated_30	110:5839	4	0.0	0.49999905	26.076827712380542	0	0	0	0		1	False	0
abau-SAMN11997570	GP_Isolated_3	9:18755	4	0.0	0.38420105000000004	1.689818492573602	GP_Isolated_31	112:5733	4	0.0	0.12803370000000003	0.26043366794251466	0	0	0	0		1	False	0
abau-SAMN11997570	GP_Isolated_3	9:18755	4	0.0	0.38420105000000004	1.689818492573602	GP_Isolated_32	114:5711	4	0.0	0.49962366	2.5835740593630394	0	0	0	0		1	False	0
abau-SAMN11997570	GP_Isolated_3	9:18755	4	0.0	0.38420105000000004	1.689818492573602	GP_0	117:5672,138:4536,252:119	4	0.0	1.10585566	0.7813266136478622	0	0	0	0		1	False	0
abau-SAMN11997570	GP_Isolated_3	9:18755	4	0.0	0.38420105000000004	1.689818492573602	GP_Isolated_33	127:5298	4	0.0	0.06380206	0.2745305842420741	0	0	0	0		1	False	0
abau-SAMN11997570	GP_Isolated_3	9:18755	4	0.0	0.38420105000000004	1.689818492573602	GP_Isolated_34	132:4796	4	0.0	0.49998089999999995	3.1051019635387167	0	0	0	0		1	False	0
abau-SAMN11997570	GP_Isolated_3	9:18755	4	0.0	0.38420105000000004	1.689818492573602	GP_Isolated_35	133:4689	4	0.0	0.49999760000000004	4.408222246075734	0	0	0	0		1	False	0
abau-SAMN11997570	GP_Isolated_3	9:18755	4	0.0	0.38420105000000004	1.689818492573602	GP_Isolated_36	136:4629	4	0.0	0.49999930000000004	13.21862738017862	0	0	0	0		1	False	0
abau-SAMN11997570	GP_Isolated_3	9:18755	4	0.0	0.38420105000000004	1.689818492573602	GP_Isolated_37	137:4557	4	0.0	0.47178555	1.9480913473226646	0	0	0	0		1	False	0
abau-SAMN11997570	GP_Isolated_3	9:18755	4	0.0	0.38420105000000004	1.689818492573602	GP_Isolated_38	141:4413	4	0.0	0.4998292	2.6496413182157386	0	0	0	0		1	False	0
abau-SAMN11997570	GP_Isolated_3	9:18755	4	0.0	0.38420105000000004	1.689818492573602	GP_Isolated_39	151:4034	4	0.0	0.49999845	4.643478731855276	0	0	0	0		1	False	0
abau-SAMN11997570	GP_Isolated_3	9:18755	4	0.0	0.38420105000000004	1.689818492573602	GP_Isolated_40	152:3965	4	0.0	0.49792479999999995	2.255849642521846	0	0	0	0		1	False	0
abau-SAMN11997570	GP_Isolated_3	9:18755	4	0.0	0.38420105000000004	1.689818492573602	GP_Isolated_41	155:3816	4	0.0	0.49920356	2.431904624347031	0	0	0	0		1	False	0
abau-SAMN11997570	GP_Isolated_3	9:18755	4	0.0	0.38420105000000004	1.689818492573602	GP_Isolated_42	162:3658	4	0.0	0.49999857000000003	7.322344190077274	0	0	0	0		1	False	0
abau-SAMN11997570	GP_Isolated_3	9:18755	4	0.0	0.38420105000000004	1.689818492573602	GP_Isolated_43	163:3614	4	0.0	0.4999521	2.864001829517826	0	0	0	0		1	False	0
abau-SAMN11997570	GP_Isolated_3	9:18755	4	0.0	0.38420105000000004	1.689818492573602	GP_Isolated_44	169:3435	4	0.0	0.49999654000000004	4.247255723261357	0	0	0	0		1	False	0
abau-SAMN11997570	GP_Isolated_3	9:18755	4	0.0	0.38420105000000004	1.689818492573602	GP_Isolated_45	171:3358	4	0.0	0.06734925999999997	0.25885931970824005	0	0	0	0		1	False	0
abau-SAMN11997570	GP_Isolated_3	9:18755	4	0.0	0.38420105000000004	1.689818492573602	GP_unb_3	172:3326	4	0.0	0.14425707	0.3960207987289666	0	0	0	0		1	False	0
abau-SAMN11997570	GP_Isolated_3	9:18755	4	0.0	0.38420105000000004	1.689818492573602	GP_Isolated_46	175:3283	4	0.0	0.4999987	8.19858693820563	0	0	0	0		1	False	0
abau-SAMN11997570	GP_Isolated_3	9:18755	4	0.0	0.38420105000000004	1.689818492573602	GP_Isolated_47	179:3189	4	0.0	0.45655227	1.7767687345032621	0	0	0	0		1	False	0
abau-SAMN11997570	GP_Isolated_3	9:18755	4	0.0	0.38420105000000004	1.689818492573602	GP_Isolated_48	180:3118	4	0.0	0.40498376	1.5893334296237451	0	0	0	0		1	False	0
abau-SAMN11997570	GP_Isolated_3	9:18755	4	0.0	0.38420105000000004	1.689818492573602	GP_Isolated_49	184:2877	4	0.0	0.07340884000000003	0.25477961531980453	0	0	0	0		1	False	0
abau-SAMN11997570	GP_Isolated_3	9:18755	4	0.0	0.38420105000000004	1.689818492573602	GP_Isolated_50	193:2632	4	0.0	0.49999857000000003	6.944283960424642	0	0	0	0		1	False	0
abau-SAMN11997570	GP_Isolated_3	9:18755	4	0.0	0.38420105000000004	1.689818492573602	GP_Isolated_51	194:2629	4	0.0	0.006962899999999994	1.504748320935943	0	0	0	0		1	False	0
abau-SAMN11997570	GP_Isolated_3	9:18755	4	0.0	0.38420105000000004	1.689818492573602	GP_Isolated_52	200:2482	4	0.0	0.4994037	2.496003947906887	0	0	0	0		1	False	0
abau-SAMN11997570	GP_Isolated_3	9:18755	4	0.0	0.38420105000000004	1.689818492573602	GP_unb_4	201:2472	4	0.0	0.48582080000000005	92.25163091885126	0	0	0	0		1	False	0
abau-SAMN11997570	GP_Isolated_3	9:18755	4	0.0	0.38420105000000004	1.689818492573602	GP_unb_5	207:2365	4	0.0	0.17706615000000003	0.5505813533617391	0	0	0	0		1	False	0
abau-SAMN11997570	GP_Isolated_3	9:18755	4	0.0	0.38420105000000004	1.689818492573602	GP_Isolated_53	208:2339	4	0.0	0.37396929999999995	1.6160780915240365	0	0	0	0		1	False	0
abau-SAMN11997570	GP_Isolated_3	9:18755	4	0.0	0.38420105000000004	1.689818492573602	GP_Isolated_54	212:2192	4	0.0	0.49995670000000003	2.958468741725043	0	0	0	0		1	False	0
abau-SAMN11997570	GP_Isolated_3	9:18755	4	0.0	0.38420105000000004	1.689818492573602	GP_unb_6	217:2126	4	0.0	0.12310969999999999	0.8445270937146435	0	0	0	0		1	False	0
abau-SAMN11997570	GP_Isolated_3	9:18755	4	0.0	0.38420105000000004	1.689818492573602	GP_Isolated_55	220:2070	4	0.0	0.49999875000000005	6.719385667172192	0	0	0	0		1	False	0
abau-SAMN11997570	GP_Isolated_3	9:18755	4	0.0	0.38420105000000004	1.689818492573602	GP_Isolated_56	224:1987	4	0.0	0.49966469999999996	2.5793733901446765	0	0	0	0		1	False	0
abau-SAMN11997570	GP_Isolated_3	9:18755	4	0.0	0.38420105000000004	1.689818492573602	GP_Isolated_57	229:1833	4	0.0	0.19480030000000004	1.4968043619556584	0	0	0	0		1	False	0
abau-SAMN11997570	GP_Isolated_3	9:18755	4	0.0	0.38420105000000004	1.689818492573602	GP_Isolated_58	230:1819	4	0.0	0.49898010000000004	2.1407164006644037	0	0	0	0		1	False	0
abau-SAMN11997570	GP_Isolated_3	9:18755	4	0.0	0.38420105000000004	1.689818492573602	GP_Isolated_59	234:1611	4	0.0	0.49999607	4.6761512722370675	0	0	0	0		1	False	0
abau-SAMN11997570	GP_Isolated_3	9:18755	4	0.0	0.38420105000000004	1.689818492573602	GP_2	235:1574,249:762,250:616	4	-0.008126911518390956	0.76670491	0.4261018402203942	0	0	0	0		1	False	0
abau-SAMN11997570	GP_Isolated_3	9:18755	4	0.0	0.38420105000000004	1.689818492573602	GP_Isolated_60	236:1536	4	0.0	0.24603045	1.5082147757637034	0	0	0	0		1	False	0
abau-SAMN11997570	GP_Isolated_4	10:18018	4	0.0	0.20314509999999997	0.2590031535109892	GP_Isolated_5	12:16111	4	0.0	0.49999963999999997	15.861549987835941	0	0	0	0		1	False	0
abau-SAMN11997570	GP_Isolated_4	10:18018	4	0.0	0.20314509999999997	0.2590031535109892	GP_Isolated_6	13:15911	4	0.0	0.49999917000000005	5.389576594687768	0	0	0	0		1	False	0
abau-SAMN11997570	GP_Isolated_4	10:18018	4	0.0	0.20314509999999997	0.2590031535109892	GP_Isolated_7	14:15067	4	0.0	0.49999930000000004	8.12394408936796	0	0	0	0		1	False	0
abau-SAMN11997570	GP_Isolated_4	10:18018	4	0.0	0.20314509999999997	0.2590031535109892	GP_Isolated_8	15:14131	4	0.0	0.49999930000000004	24.967092493030865	0	0	0	0		1	False	0
abau-SAMN11997570	GP_Isolated_4	10:18018	4	0.0	0.20314509999999997	0.2590031535109892	GP_Isolated_9	16:14093	4	0.0	0.48211000000000004	2.123913723790954	0	0	0	0		1	False	0
abau-SAMN11997570	GP_Isolated_4	10:18018	4	0.0	0.20314509999999997	0.2590031535109892	GP_Isolated_10	20:13386	4	0.0	0.0788527	0.29233769047447106	0	0	0	0		1	False	0
abau-SAMN11997570	GP_Isolated_4	10:18018	4	0.0	0.20314509999999997	0.2590031535109892	GP_Isolated_11	21:13316	4	0.0	0.12431042999999997	0.28613237524373514	0	0	0	0		1	False	0
abau-SAMN11997570	GP_Isolated_4	10:18018	4	0.0	0.20314509999999997	0.2590031535109892	GP_1	22:12927,116:5704	4	0.0	0.9999921700000001	13.595768119464815	0	0	0	0		1	False	0
abau-SAMN11997570	GP_Isolated_4	10:18018	4	0.0	0.20314509999999997	0.2590031535109892	GP_Isolated_12	25:12419	4	0.0	0.49195515999999995	2.2434281793890376	0	0	0	0		1	False	0
abau-SAMN11997570	GP_Isolated_4	10:18018	4	0.0	0.20314509999999997	0.2590031535109892	GP_Isolated_13	27:12317	4	0.0	0.13339292999999997	0.2813852579379409	0	0	0	0		1	False	0
abau-SAMN11997570	GP_Isolated_4	10:18018	4	0.0	0.20314509999999997	0.2590031535109892	GP_unb_1	31:11825	4	0.0	0.22009369999999995	0.39213307334922126	0	0	0	0		1	False	0
abau-SAMN11997570	GP_Isolated_4	10:18018	4	0.0	0.20314509999999997	0.2590031535109892	GP_Isolated_14	33:11500	4	0.0	0.08143109999999998	0.2844575238920585	0	0	0	0		1	False	0
abau-SAMN11997570	GP_Isolated_4	10:18018	4	0.0	0.20314509999999997	0.2590031535109892	GP_Isolated_15	37:10677	4	0.0	0.4043329	1.712880046219398	0	0	0	0		1	False	0
abau-SAMN11997570	GP_Isolated_4	10:18018	4	0.0	0.20314509999999997	0.2590031535109892	GP_Isolated_16	43:9677	4	0.0	0.16958355999999997	0.2524391564959919	0	0	0	0		1	False	0
abau-SAMN11997570	GP_Isolated_4	10:18018	4	0.0	0.20314509999999997	0.2590031535109892	GP_Isolated_17	52:8917	4	0.0	0.26860195	1.6024168893382442	0	0	0	0		1	False	0
abau-SAMN11997570	GP_Isolated_4	10:18018	4	0.0	0.20314509999999997	0.2590031535109892	GP_Isolated_18	60:8302	4	0.0	0.49997159999999996	3.08373654943309	0	0	0	0		1	False	0
abau-SAMN11997570	GP_Isolated_4	10:18018	4	0.0	0.20314509999999997	0.2590031535109892	GP_Isolated_19	61:8198	4	0.0	0.4999987	4.34523211820196	0	0	0	0		1	False	0
abau-SAMN11997570	GP_Isolated_4	10:18018	4	0.0	0.20314509999999997	0.2590031535109892	GP_Isolated_20	63:7953	4	0.0	0.49999910000000003	6.654389639151682	0	0	0	0		1	False	0
abau-SAMN11997570	GP_Isolated_4	10:18018	4	0.0	0.20314509999999997	0.2590031535109892	GP_Isolated_21	64:7926	4	0.0	0.36175559999999995	1.6550456175826294	0	0	0	0		1	False	0
abau-SAMN11997570	GP_Isolated_4	10:18018	4	0.0	0.20314509999999997	0.2590031535109892	GP_Isolated_22	69:7625	4	0.0	0.49997175000000005	3.060650923184324	0	0	0	0		1	False	0
abau-SAMN11997570	GP_Isolated_4	10:18018	4	0.0	0.20314509999999997	0.2590031535109892	GP_Isolated_23	72:7492	4	0.0	0.49645627000000003	2.3169621460583834	0	0	0	0		1	False	0
abau-SAMN11997570	GP_Isolated_4	10:18018	4	0.0	0.20314509999999997	0.2590031535109892	GP_Isolated_24	77:7113	4	0.0	0.057672999999999974	0.2827212874028069	0	0	0	0		1	False	0
abau-SAMN11997570	GP_Isolated_4	10:18018	4	0.0	0.20314509999999997	0.2590031535109892	GP_Isolated_25	86:6734	4	0.0	0.49999654000000004	3.6742134276979375	0	0	0	0		1	False	0
abau-SAMN11997570	GP_Isolated_4	10:18018	4	0.0	0.20314509999999997	0.2590031535109892	GP_Isolated_26	92:6431	4	0.0	0.49970099999999995	2.626712163886281	0	0	0	0		1	False	0
abau-SAMN11997570	GP_Isolated_4	10:18018	4	0.0	0.20314509999999997	0.2590031535109892	GP_Isolated_27	93:6340	4	0.0	0.09477329999999995	0.26630798488240537	0	0	0	0		1	False	0
abau-SAMN11997570	GP_Isolated_4	10:18018	4	0.0	0.20314509999999997	0.2590031535109892	GP_Isolated_28	99:6130	4	0.0	0.49999879999999997	5.188759298042897	0	0	0	0		1	False	0
abau-SAMN11997570	GP_Isolated_4	10:18018	4	0.0	0.20314509999999997	0.2590031535109892	GP_Isolated_29	105:5975	4	0.0	0.08651770000000003	0.2702998242699983	0	0	0	0		1	False	0
abau-SAMN11997570	GP_Isolated_4	10:18018	4	0.0	0.20314509999999997	0.2590031535109892	GP_unb_2	109:5910	4	0.0	0.15053510000000003	0.9975867215522015	0	0	0	0		1	False	0
abau-SAMN11997570	GP_Isolated_4	10:18018	4	0.0	0.20314509999999997	0.2590031535109892	GP_Isolated_30	110:5839	4	0.0	0.49999905	26.076827712380542	0	0	0	0		1	False	0
abau-SAMN11997570	GP_Isolated_4	10:18018	4	0.0	0.20314509999999997	0.2590031535109892	GP_Isolated_31	112:5733	4	0.0	0.12803370000000003	0.26043366794251466	0	0	0	0		1	False	0
abau-SAMN11997570	GP_Isolated_4	10:18018	4	0.0	0.20314509999999997	0.2590031535109892	GP_Isolated_32	114:5711	4	0.0	0.49962366	2.5835740593630394	0	0	0	0		1	False	0
abau-SAMN11997570	GP_Isolated_4	10:18018	4	0.0	0.20314509999999997	0.2590031535109892	GP_0	117:5672,138:4536,252:119	4	0.0	1.10585566	0.7813266136478622	0	0	0	0		1	False	0
abau-SAMN11997570	GP_Isolated_4	10:18018	4	0.0	0.20314509999999997	0.2590031535109892	GP_Isolated_33	127:5298	4	0.0	0.06380206	0.2745305842420741	0	0	0	0		1	False	0
abau-SAMN11997570	GP_Isolated_4	10:18018	4	0.0	0.20314509999999997	0.2590031535109892	GP_Isolated_34	132:4796	4	0.0	0.49998089999999995	3.1051019635387167	0	0	0	0		1	False	0
abau-SAMN11997570	GP_Isolated_4	10:18018	4	0.0	0.20314509999999997	0.2590031535109892	GP_Isolated_35	133:4689	4	0.0	0.49999760000000004	4.408222246075734	0	0	0	0		1	False	0
abau-SAMN11997570	GP_Isolated_4	10:18018	4	0.0	0.20314509999999997	0.2590031535109892	GP_Isolated_36	136:4629	4	0.0	0.49999930000000004	13.21862738017862	0	0	0	0		1	False	0
abau-SAMN11997570	GP_Isolated_4	10:18018	4	0.0	0.20314509999999997	0.2590031535109892	GP_Isolated_37	137:4557	4	0.0	0.47178555	1.9480913473226646	0	0	0	0		1	False	0
abau-SAMN11997570	GP_Isolated_4	10:18018	4	0.0	0.20314509999999997	0.2590031535109892	GP_Isolated_38	141:4413	4	0.0	0.4998292	2.6496413182157386	0	0	0	0		1	False	0
abau-SAMN11997570	GP_Isolated_4	10:18018	4	0.0	0.20314509999999997	0.2590031535109892	GP_Isolated_39	151:4034	4	0.0	0.49999845	4.643478731855276	0	0	0	0		1	False	0
abau-SAMN11997570	GP_Isolated_4	10:18018	4	0.0	0.20314509999999997	0.2590031535109892	GP_Isolated_40	152:3965	4	0.0	0.49792479999999995	2.255849642521846	0	0	0	0		1	False	0
abau-SAMN11997570	GP_Isolated_4	10:18018	4	0.0	0.20314509999999997	0.2590031535109892	GP_Isolated_41	155:3816	4	0.0	0.49920356	2.431904624347031	0	0	0	0		1	False	0
abau-SAMN11997570	GP_Isolated_4	10:18018	4	0.0	0.20314509999999997	0.2590031535109892	GP_Isolated_42	162:3658	4	0.0	0.49999857000000003	7.322344190077274	0	0	0	0		1	False	0
abau-SAMN11997570	GP_Isolated_4	10:18018	4	0.0	0.20314509999999997	0.2590031535109892	GP_Isolated_43	163:3614	4	0.0	0.4999521	2.864001829517826	0	0	0	0		1	False	0
abau-SAMN11997570	GP_Isolated_4	10:18018	4	0.0	0.20314509999999997	0.2590031535109892	GP_Isolated_44	169:3435	4	0.0	0.49999654000000004	4.247255723261357	0	0	0	0		1	False	0
abau-SAMN11997570	GP_Isolated_4	10:18018	4	0.0	0.20314509999999997	0.2590031535109892	GP_Isolated_45	171:3358	4	0.0	0.06734925999999997	0.25885931970824005	0	0	0	0		1	False	0
abau-SAMN11997570	GP_Isolated_4	10:18018	4	0.0	0.20314509999999997	0.2590031535109892	GP_unb_3	172:3326	4	0.0	0.14425707	0.3960207987289666	0	0	0	0		1	False	0
abau-SAMN11997570	GP_Isolated_4	10:18018	4	0.0	0.20314509999999997	0.2590031535109892	GP_Isolated_46	175:3283	4	0.0	0.4999987	8.19858693820563	0	0	0	0		1	False	0
abau-SAMN11997570	GP_Isolated_4	10:18018	4	0.0	0.20314509999999997	0.2590031535109892	GP_Isolated_47	179:3189	4	0.0	0.45655227	1.7767687345032621	0	0	0	0		1	False	0
abau-SAMN11997570	GP_Isolated_4	10:18018	4	0.0	0.20314509999999997	0.2590031535109892	GP_Isolated_48	180:3118	4	0.0	0.40498376	1.5893334296237451	0	0	0	0		1	False	0
abau-SAMN11997570	GP_Isolated_4	10:18018	4	0.0	0.20314509999999997	0.2590031535109892	GP_Isolated_49	184:2877	4	0.0	0.07340884000000003	0.25477961531980453	0	0	0	0		1	False	0
abau-SAMN11997570	GP_Isolated_4	10:18018	4	0.0	0.20314509999999997	0.2590031535109892	GP_Isolated_50	193:2632	4	0.0	0.49999857000000003	6.944283960424642	0	0	0	0		1	False	0
abau-SAMN11997570	GP_Isolated_4	10:18018	4	0.0	0.20314509999999997	0.2590031535109892	GP_Isolated_51	194:2629	4	0.0	0.006962899999999994	1.504748320935943	0	0	0	0		1	False	0
abau-SAMN11997570	GP_Isolated_4	10:18018	4	0.0	0.20314509999999997	0.2590031535109892	GP_Isolated_52	200:2482	4	0.0	0.4994037	2.496003947906887	0	0	0	0		1	False	0
abau-SAMN11997570	GP_Isolated_4	10:18018	4	0.0	0.20314509999999997	0.2590031535109892	GP_unb_4	201:2472	4	0.0	0.48582080000000005	92.25163091885126	0	0	0	0		1	False	0
abau-SAMN11997570	GP_Isolated_4	10:18018	4	0.0	0.20314509999999997	0.2590031535109892	GP_unb_5	207:2365	4	0.0	0.17706615000000003	0.5505813533617391	0	0	0	0		1	False	0
abau-SAMN11997570	GP_Isolated_4	10:18018	4	0.0	0.20314509999999997	0.2590031535109892	GP_Isolated_53	208:2339	4	0.0	0.37396929999999995	1.6160780915240365	0	0	0	0		1	False	0
abau-SAMN11997570	GP_Isolated_4	10:18018	4	0.0	0.20314509999999997	0.2590031535109892	GP_Isolated_54	212:2192	4	0.0	0.49995670000000003	2.958468741725043	0	0	0	0		1	False	0
abau-SAMN11997570	GP_Isolated_4	10:18018	4	0.0	0.20314509999999997	0.2590031535109892	GP_unb_6	217:2126	4	0.0	0.12310969999999999	0.8445270937146435	0	0	0	0		1	False	0
abau-SAMN11997570	GP_Isolated_4	10:18018	4	0.0	0.20314509999999997	0.2590031535109892	GP_Isolated_55	220:2070	4	0.0	0.49999875000000005	6.719385667172192	0	0	0	0		1	False	0
abau-SAMN11997570	GP_Isolated_4	10:18018	4	0.0	0.20314509999999997	0.2590031535109892	GP_Isolated_56	224:1987	4	0.0	0.49966469999999996	2.5793733901446765	0	0	0	0		1	False	0
abau-SAMN11997570	GP_Isolated_4	10:18018	4	0.0	0.20314509999999997	0.2590031535109892	GP_Isolated_57	229:1833	4	0.0	0.19480030000000004	1.4968043619556584	0	0	0	0		1	False	0
abau-SAMN11997570	GP_Isolated_4	10:18018	4	0.0	0.20314509999999997	0.2590031535109892	GP_Isolated_58	230:1819	4	0.0	0.49898010000000004	2.1407164006644037	0	0	0	0		1	False	0
abau-SAMN11997570	GP_Isolated_4	10:18018	4	0.0	0.20314509999999997	0.2590031535109892	GP_Isolated_59	234:1611	4	0.0	0.49999607	4.6761512722370675	0	0	0	0		1	False	0
abau-SAMN11997570	GP_Isolated_4	10:18018	4	0.0	0.20314509999999997	0.2590031535109892	GP_2	235:1574,249:762,250:616	4	-0.008126911518390956	0.76670491	0.4261018402203942	0	0	0	0		1	False	0
abau-SAMN11997570	GP_Isolated_4	10:18018	4	0.0	0.20314509999999997	0.2590031535109892	GP_Isolated_60	236:1536	4	0.0	0.24603045	1.5082147757637034	0	0	0	0		1	False	0
abau-SAMN11997570	GP_Isolated_5	12:16111	4	0.0	0.49999963999999997	15.861549987835941	GP_Isolated_6	13:15911	4	0.0	0.49999917000000005	5.389576594687768	0	0	0	0		1	False	0
abau-SAMN11997570	GP_Isolated_5	12:16111	4	0.0	0.49999963999999997	15.861549987835941	GP_Isolated_7	14:15067	4	0.0	0.49999930000000004	8.12394408936796	0	0	0	0		1	False	0
abau-SAMN11997570	GP_Isolated_5	12:16111	4	0.0	0.49999963999999997	15.861549987835941	GP_Isolated_8	15:14131	4	0.0	0.49999930000000004	24.967092493030865	0	0	0	0		1	False	0
abau-SAMN11997570	GP_Isolated_5	12:16111	4	0.0	0.49999963999999997	15.861549987835941	GP_Isolated_9	16:14093	4	0.0	0.48211000000000004	2.123913723790954	0	0	0	0		1	False	0
abau-SAMN11997570	GP_Isolated_5	12:16111	4	0.0	0.49999963999999997	15.861549987835941	GP_Isolated_10	20:13386	4	0.0	0.0788527	0.29233769047447106	0	0	0	0		1	False	0
abau-SAMN11997570	GP_Isolated_5	12:16111	4	0.0	0.49999963999999997	15.861549987835941	GP_Isolated_11	21:13316	4	0.0	0.12431042999999997	0.28613237524373514	0	0	0	0		1	False	0
abau-SAMN11997570	GP_Isolated_5	12:16111	4	0.0	0.49999963999999997	15.861549987835941	GP_1	22:12927,116:5704	4	0.0	0.9999921700000001	13.595768119464815	0	0	0	0		1	False	0
abau-SAMN11997570	GP_Isolated_5	12:16111	4	0.0	0.49999963999999997	15.861549987835941	GP_Isolated_12	25:12419	4	0.0	0.49195515999999995	2.2434281793890376	0	0	0	0		1	False	0
abau-SAMN11997570	GP_Isolated_5	12:16111	4	0.0	0.49999963999999997	15.861549987835941	GP_Isolated_13	27:12317	4	0.0	0.13339292999999997	0.2813852579379409	0	0	0	0		1	False	0
abau-SAMN11997570	GP_Isolated_5	12:16111	4	0.0	0.49999963999999997	15.861549987835941	GP_unb_1	31:11825	4	0.0	0.22009369999999995	0.39213307334922126	0	0	0	0		1	False	0
abau-SAMN11997570	GP_Isolated_5	12:16111	4	0.0	0.49999963999999997	15.861549987835941	GP_Isolated_14	33:11500	4	0.0	0.08143109999999998	0.2844575238920585	0	0	0	0		1	False	0
abau-SAMN11997570	GP_Isolated_5	12:16111	4	0.0	0.49999963999999997	15.861549987835941	GP_Isolated_15	37:10677	4	0.0	0.4043329	1.712880046219398	0	0	0	0		1	False	0
abau-SAMN11997570	GP_Isolated_5	12:16111	4	0.0	0.49999963999999997	15.861549987835941	GP_Isolated_16	43:9677	4	0.0	0.16958355999999997	0.2524391564959919	0	0	0	0		1	False	0
abau-SAMN11997570	GP_Isolated_5	12:16111	4	0.0	0.49999963999999997	15.861549987835941	GP_Isolated_17	52:8917	4	0.0	0.26860195	1.6024168893382442	0	0	0	0		1	False	0
abau-SAMN11997570	GP_Isolated_5	12:16111	4	0.0	0.49999963999999997	15.861549987835941	GP_Isolated_18	60:8302	4	0.0	0.49997159999999996	3.08373654943309	0	0	0	0		1	False	0
abau-SAMN11997570	GP_Isolated_5	12:16111	4	0.0	0.49999963999999997	15.861549987835941	GP_Isolated_19	61:8198	4	0.0	0.4999987	4.34523211820196	0	0	0	0		1	False	0
abau-SAMN11997570	GP_Isolated_5	12:16111	4	0.0	0.49999963999999997	15.861549987835941	GP_Isolated_20	63:7953	4	0.0	0.49999910000000003	6.654389639151682	0	0	0	0		1	False	0
abau-SAMN11997570	GP_Isolated_5	12:16111	4	0.0	0.49999963999999997	15.861549987835941	GP_Isolated_21	64:7926	4	0.0	0.36175559999999995	1.6550456175826294	0	0	0	0		1	False	0
abau-SAMN11997570	GP_Isolated_5	12:16111	4	0.0	0.49999963999999997	15.861549987835941	GP_Isolated_22	69:7625	4	0.0	0.49997175000000005	3.060650923184324	0	0	0	0		1	False	0
abau-SAMN11997570	GP_Isolated_5	12:16111	4	0.0	0.49999963999999997	15.861549987835941	GP_Isolated_23	72:7492	4	0.0	0.49645627000000003	2.3169621460583834	0	0	0	0		1	False	0
abau-SAMN11997570	GP_Isolated_5	12:16111	4	0.0	0.49999963999999997	15.861549987835941	GP_Isolated_24	77:7113	4	0.0	0.057672999999999974	0.2827212874028069	0	0	0	0		1	False	0
abau-SAMN11997570	GP_Isolated_5	12:16111	4	0.0	0.49999963999999997	15.861549987835941	GP_Isolated_25	86:6734	4	0.0	0.49999654000000004	3.6742134276979375	0	0	0	0		1	False	0
abau-SAMN11997570	GP_Isolated_5	12:16111	4	0.0	0.49999963999999997	15.861549987835941	GP_Isolated_26	92:6431	4	0.0	0.49970099999999995	2.626712163886281	0	0	0	0		1	False	0
abau-SAMN11997570	GP_Isolated_5	12:16111	4	0.0	0.49999963999999997	15.861549987835941	GP_Isolated_27	93:6340	4	0.0	0.09477329999999995	0.26630798488240537	0	0	0	0		1	False	0
abau-SAMN11997570	GP_Isolated_5	12:16111	4	0.0	0.49999963999999997	15.861549987835941	GP_Isolated_28	99:6130	4	0.0	0.49999879999999997	5.188759298042897	0	0	0	0		1	False	0
abau-SAMN11997570	GP_Isolated_5	12:16111	4	0.0	0.49999963999999997	15.861549987835941	GP_Isolated_29	105:5975	4	0.0	0.08651770000000003	0.2702998242699983	0	0	0	0		1	False	0
abau-SAMN11997570	GP_Isolated_5	12:16111	4	0.0	0.49999963999999997	15.861549987835941	GP_unb_2	109:5910	4	0.0	0.15053510000000003	0.9975867215522015	0	0	0	0		1	False	0
abau-SAMN11997570	GP_Isolated_5	12:16111	4	0.0	0.49999963999999997	15.861549987835941	GP_Isolated_30	110:5839	4	0.0	0.49999905	26.076827712380542	0	0	0	0		1	False	0
abau-SAMN11997570	GP_Isolated_5	12:16111	4	0.0	0.49999963999999997	15.861549987835941	GP_Isolated_31	112:5733	4	0.0	0.12803370000000003	0.26043366794251466	0	0	0	0		1	False	0
abau-SAMN11997570	GP_Isolated_5	12:16111	4	0.0	0.49999963999999997	15.861549987835941	GP_Isolated_32	114:5711	4	0.0	0.49962366	2.5835740593630394	0	0	0	0		1	False	0
abau-SAMN11997570	GP_Isolated_5	12:16111	4	0.0	0.49999963999999997	15.861549987835941	GP_0	117:5672,138:4536,252:119	4	0.0	1.10585566	0.7813266136478622	0	0	0	0		1	False	0
abau-SAMN11997570	GP_Isolated_5	12:16111	4	0.0	0.49999963999999997	15.861549987835941	GP_Isolated_33	127:5298	4	0.0	0.06380206	0.2745305842420741	0	0	0	0		1	False	0
abau-SAMN11997570	GP_Isolated_5	12:16111	4	0.0	0.49999963999999997	15.861549987835941	GP_Isolated_34	132:4796	4	0.0	0.49998089999999995	3.1051019635387167	0	0	0	0		1	False	0
abau-SAMN11997570	GP_Isolated_5	12:16111	4	0.0	0.49999963999999997	15.861549987835941	GP_Isolated_35	133:4689	4	0.0	0.49999760000000004	4.408222246075734	0	0	0	0		1	False	0
abau-SAMN11997570	GP_Isolated_5	12:16111	4	0.0	0.49999963999999997	15.861549987835941	GP_Isolated_36	136:4629	4	0.0	0.49999930000000004	13.21862738017862	0	0	0	0		1	False	0
abau-SAMN11997570	GP_Isolated_5	12:16111	4	0.0	0.49999963999999997	15.861549987835941	GP_Isolated_37	137:4557	4	0.0	0.47178555	1.9480913473226646	0	0	0	0		1	False	0
abau-SAMN11997570	GP_Isolated_5	12:16111	4	0.0	0.49999963999999997	15.861549987835941	GP_Isolated_38	141:4413	4	0.0	0.4998292	2.6496413182157386	0	0	0	0		1	False	0
abau-SAMN11997570	GP_Isolated_5	12:16111	4	0.0	0.49999963999999997	15.861549987835941	GP_Isolated_39	151:4034	4	0.0	0.49999845	4.643478731855276	0	0	0	0		1	False	0
abau-SAMN11997570	GP_Isolated_5	12:16111	4	0.0	0.49999963999999997	15.861549987835941	GP_Isolated_40	152:3965	4	0.0	0.49792479999999995	2.255849642521846	0	0	0	0		1	False	0
abau-SAMN11997570	GP_Isolated_5	12:16111	4	0.0	0.49999963999999997	15.861549987835941	GP_Isolated_41	155:3816	4	0.0	0.49920356	2.431904624347031	0	0	0	0		1	False	0
abau-SAMN11997570	GP_Isolated_5	12:16111	4	0.0	0.49999963999999997	15.861549987835941	GP_Isolated_42	162:3658	4	0.0	0.49999857000000003	7.322344190077274	0	0	0	0		1	False	0
abau-SAMN11997570	GP_Isolated_5	12:16111	4	0.0	0.49999963999999997	15.861549987835941	GP_Isolated_43	163:3614	4	0.0	0.4999521	2.864001829517826	0	0	0	0		1	False	0
abau-SAMN11997570	GP_Isolated_5	12:16111	4	0.0	0.49999963999999997	15.861549987835941	GP_Isolated_44	169:3435	4	0.0	0.49999654000000004	4.247255723261357	0	0	0	0		1	False	0
abau-SAMN11997570	GP_Isolated_5	12:16111	4	0.0	0.49999963999999997	15.861549987835941	GP_Isolated_45	171:3358	4	0.0	0.06734925999999997	0.25885931970824005	0	0	0	0		1	False	0
abau-SAMN11997570	GP_Isolated_5	12:16111	4	0.0	0.49999963999999997	15.861549987835941	GP_unb_3	172:3326	4	0.0	0.14425707	0.3960207987289666	0	0	0	0		1	False	0
abau-SAMN11997570	GP_Isolated_5	12:16111	4	0.0	0.49999963999999997	15.861549987835941	GP_Isolated_46	175:3283	4	0.0	0.4999987	8.19858693820563	0	0	0	0		1	False	0
abau-SAMN11997570	GP_Isolated_5	12:16111	4	0.0	0.49999963999999997	15.861549987835941	GP_Isolated_47	179:3189	4	0.0	0.45655227	1.7767687345032621	0	0	0	0		1	False	0
abau-SAMN11997570	GP_Isolated_5	12:16111	4	0.0	0.49999963999999997	15.861549987835941	GP_Isolated_48	180:3118	4	0.0	0.40498376	1.5893334296237451	0	0	0	0		1	False	0
abau-SAMN11997570	GP_Isolated_5	12:16111	4	0.0	0.49999963999999997	15.861549987835941	GP_Isolated_49	184:2877	4	0.0	0.07340884000000003	0.25477961531980453	0	0	0	0		1	False	0
abau-SAMN11997570	GP_Isolated_5	12:16111	4	0.0	0.49999963999999997	15.861549987835941	GP_Isolated_50	193:2632	4	0.0	0.49999857000000003	6.944283960424642	0	0	0	0		1	False	0
abau-SAMN11997570	GP_Isolated_5	12:16111	4	0.0	0.49999963999999997	15.861549987835941	GP_Isolated_51	194:2629	4	0.0	0.006962899999999994	1.504748320935943	0	0	0	0		1	False	0
abau-SAMN11997570	GP_Isolated_5	12:16111	4	0.0	0.49999963999999997	15.861549987835941	GP_Isolated_52	200:2482	4	0.0	0.4994037	2.496003947906887	0	0	0	0		1	False	0
abau-SAMN11997570	GP_Isolated_5	12:16111	4	0.0	0.49999963999999997	15.861549987835941	GP_unb_4	201:2472	4	0.0	0.48582080000000005	92.25163091885126	0	0	0	0		1	False	0
abau-SAMN11997570	GP_Isolated_5	12:16111	4	0.0	0.49999963999999997	15.861549987835941	GP_unb_5	207:2365	4	0.0	0.17706615000000003	0.5505813533617391	0	0	0	0		1	False	0
abau-SAMN11997570	GP_Isolated_5	12:16111	4	0.0	0.49999963999999997	15.861549987835941	GP_Isolated_53	208:2339	4	0.0	0.37396929999999995	1.6160780915240365	0	0	0	0		1	False	0
abau-SAMN11997570	GP_Isolated_5	12:16111	4	0.0	0.49999963999999997	15.861549987835941	GP_Isolated_54	212:2192	4	0.0	0.49995670000000003	2.958468741725043	0	0	0	0		1	False	0
abau-SAMN11997570	GP_Isolated_5	12:16111	4	0.0	0.49999963999999997	15.861549987835941	GP_unb_6	217:2126	4	0.0	0.12310969999999999	0.8445270937146435	0	0	0	0		1	False	0
abau-SAMN11997570	GP_Isolated_5	12:16111	4	0.0	0.49999963999999997	15.861549987835941	GP_Isolated_55	220:2070	4	0.0	0.49999875000000005	6.719385667172192	0	0	0	0		1	False	0
abau-SAMN11997570	GP_Isolated_5	12:16111	4	0.0	0.49999963999999997	15.861549987835941	GP_Isolated_56	224:1987	4	0.0	0.49966469999999996	2.5793733901446765	0	0	0	0		1	False	0
abau-SAMN11997570	GP_Isolated_5	12:16111	4	0.0	0.49999963999999997	15.861549987835941	GP_Isolated_57	229:1833	4	0.0	0.19480030000000004	1.4968043619556584	0	0	0	0		1	False	0
abau-SAMN11997570	GP_Isolated_5	12:16111	4	0.0	0.49999963999999997	15.861549987835941	GP_Isolated_58	230:1819	4	0.0	0.49898010000000004	2.1407164006644037	0	0	0	0		1	False	0
abau-SAMN11997570	GP_Isolated_5	12:16111	4	0.0	0.49999963999999997	15.861549987835941	GP_Isolated_59	234:1611	4	0.0	0.49999607	4.6761512722370675	0	0	0	0		1	False	0
abau-SAMN11997570	GP_Isolated_5	12:16111	4	0.0	0.49999963999999997	15.861549987835941	GP_2	235:1574,249:762,250:616	4	-0.008126911518390956	0.76670491	0.4261018402203942	0	0	0	0		1	False	0
abau-SAMN11997570	GP_Isolated_5	12:16111	4	0.0	0.49999963999999997	15.861549987835941	GP_Isolated_60	236:1536	4	0.0	0.24603045	1.5082147757637034	0	0	0	0		1	False	0
abau-SAMN11997570	GP_Isolated_6	13:15911	4	0.0	0.49999917000000005	5.389576594687768	GP_Isolated_7	14:15067	4	0.0	0.49999930000000004	8.12394408936796	0	0	0	0		1	False	0
abau-SAMN11997570	GP_Isolated_6	13:15911	4	0.0	0.49999917000000005	5.389576594687768	GP_Isolated_8	15:14131	4	0.0	0.49999930000000004	24.967092493030865	0	0	0	0		1	False	0
abau-SAMN11997570	GP_Isolated_6	13:15911	4	0.0	0.49999917000000005	5.389576594687768	GP_Isolated_9	16:14093	4	0.0	0.48211000000000004	2.123913723790954	0	0	0	0		1	False	0
abau-SAMN11997570	GP_Isolated_6	13:15911	4	0.0	0.49999917000000005	5.389576594687768	GP_Isolated_10	20:13386	4	0.0	0.0788527	0.29233769047447106	0	0	0	0		1	False	0
abau-SAMN11997570	GP_Isolated_6	13:15911	4	0.0	0.49999917000000005	5.389576594687768	GP_Isolated_11	21:13316	4	0.0	0.12431042999999997	0.28613237524373514	0	0	0	0		1	False	0
abau-SAMN11997570	GP_Isolated_6	13:15911	4	0.0	0.49999917000000005	5.389576594687768	GP_1	22:12927,116:5704	4	0.0	0.9999921700000001	13.595768119464815	0	0	0	0		1	False	0
abau-SAMN11997570	GP_Isolated_6	13:15911	4	0.0	0.49999917000000005	5.389576594687768	GP_Isolated_12	25:12419	4	0.0	0.49195515999999995	2.2434281793890376	0	0	0	0		1	False	0
abau-SAMN11997570	GP_Isolated_6	13:15911	4	0.0	0.49999917000000005	5.389576594687768	GP_Isolated_13	27:12317	4	0.0	0.13339292999999997	0.2813852579379409	0	0	0	0		1	False	0
abau-SAMN11997570	GP_Isolated_6	13:15911	4	0.0	0.49999917000000005	5.389576594687768	GP_unb_1	31:11825	4	0.0	0.22009369999999995	0.39213307334922126	0	0	0	0		1	False	0
abau-SAMN11997570	GP_Isolated_6	13:15911	4	0.0	0.49999917000000005	5.389576594687768	GP_Isolated_14	33:11500	4	0.0	0.08143109999999998	0.2844575238920585	0	0	0	0		1	False	0
abau-SAMN11997570	GP_Isolated_6	13:15911	4	0.0	0.49999917000000005	5.389576594687768	GP_Isolated_15	37:10677	4	0.0	0.4043329	1.712880046219398	0	0	0	0		1	False	0
abau-SAMN11997570	GP_Isolated_6	13:15911	4	0.0	0.49999917000000005	5.389576594687768	GP_Isolated_16	43:9677	4	0.0	0.16958355999999997	0.2524391564959919	0	0	0	0		1	False	0
abau-SAMN11997570	GP_Isolated_6	13:15911	4	0.0	0.49999917000000005	5.389576594687768	GP_Isolated_17	52:8917	4	0.0	0.26860195	1.6024168893382442	0	0	0	0		1	False	0
abau-SAMN11997570	GP_Isolated_6	13:15911	4	0.0	0.49999917000000005	5.389576594687768	GP_Isolated_18	60:8302	4	0.0	0.49997159999999996	3.08373654943309	0	0	0	0		1	False	0
abau-SAMN11997570	GP_Isolated_6	13:15911	4	0.0	0.49999917000000005	5.389576594687768	GP_Isolated_19	61:8198	4	0.0	0.4999987	4.34523211820196	0	0	0	0		1	False	0
abau-SAMN11997570	GP_Isolated_6	13:15911	4	0.0	0.49999917000000005	5.389576594687768	GP_Isolated_20	63:7953	4	0.0	0.49999910000000003	6.654389639151682	0	0	0	0		1	False	0
abau-SAMN11997570	GP_Isolated_6	13:15911	4	0.0	0.49999917000000005	5.389576594687768	GP_Isolated_21	64:7926	4	0.0	0.36175559999999995	1.6550456175826294	0	0	0	0		1	False	0
abau-SAMN11997570	GP_Isolated_6	13:15911	4	0.0	0.49999917000000005	5.389576594687768	GP_Isolated_22	69:7625	4	0.0	0.49997175000000005	3.060650923184324	0	0	0	0		1	False	0
abau-SAMN11997570	GP_Isolated_6	13:15911	4	0.0	0.49999917000000005	5.389576594687768	GP_Isolated_23	72:7492	4	0.0	0.49645627000000003	2.3169621460583834	0	0	0	0		1	False	0
abau-SAMN11997570	GP_Isolated_6	13:15911	4	0.0	0.49999917000000005	5.389576594687768	GP_Isolated_24	77:7113	4	0.0	0.057672999999999974	0.2827212874028069	0	0	0	0		1	False	0
abau-SAMN11997570	GP_Isolated_6	13:15911	4	0.0	0.49999917000000005	5.389576594687768	GP_Isolated_25	86:6734	4	0.0	0.49999654000000004	3.6742134276979375	0	0	0	0		1	False	0
abau-SAMN11997570	GP_Isolated_6	13:15911	4	0.0	0.49999917000000005	5.389576594687768	GP_Isolated_26	92:6431	4	0.0	0.49970099999999995	2.626712163886281	0	0	0	0		1	False	0
abau-SAMN11997570	GP_Isolated_6	13:15911	4	0.0	0.49999917000000005	5.389576594687768	GP_Isolated_27	93:6340	4	0.0	0.09477329999999995	0.26630798488240537	0	0	0	0		1	False	0
abau-SAMN11997570	GP_Isolated_6	13:15911	4	0.0	0.49999917000000005	5.389576594687768	GP_Isolated_28	99:6130	4	0.0	0.49999879999999997	5.188759298042897	0	0	0	0		1	False	0
abau-SAMN11997570	GP_Isolated_6	13:15911	4	0.0	0.49999917000000005	5.389576594687768	GP_Isolated_29	105:5975	4	0.0	0.08651770000000003	0.2702998242699983	0	0	0	0		1	False	0
abau-SAMN11997570	GP_Isolated_6	13:15911	4	0.0	0.49999917000000005	5.389576594687768	GP_unb_2	109:5910	4	0.0	0.15053510000000003	0.9975867215522015	0	0	0	0		1	False	0
abau-SAMN11997570	GP_Isolated_6	13:15911	4	0.0	0.49999917000000005	5.389576594687768	GP_Isolated_30	110:5839	4	0.0	0.49999905	26.076827712380542	0	0	0	0		1	False	0
abau-SAMN11997570	GP_Isolated_6	13:15911	4	0.0	0.49999917000000005	5.389576594687768	GP_Isolated_31	112:5733	4	0.0	0.12803370000000003	0.26043366794251466	0	0	0	0		1	False	0
abau-SAMN11997570	GP_Isolated_6	13:15911	4	0.0	0.49999917000000005	5.389576594687768	GP_Isolated_32	114:5711	4	0.0	0.49962366	2.5835740593630394	0	0	0	0		1	False	0
abau-SAMN11997570	GP_Isolated_6	13:15911	4	0.0	0.49999917000000005	5.389576594687768	GP_0	117:5672,138:4536,252:119	4	0.0	1.10585566	0.7813266136478622	0	0	0	0		1	False	0
abau-SAMN11997570	GP_Isolated_6	13:15911	4	0.0	0.49999917000000005	5.389576594687768	GP_Isolated_33	127:5298	4	0.0	0.06380206	0.2745305842420741	0	0	0	0		1	False	0
abau-SAMN11997570	GP_Isolated_6	13:15911	4	0.0	0.49999917000000005	5.389576594687768	GP_Isolated_34	132:4796	4	0.0	0.49998089999999995	3.1051019635387167	0	0	0	0		1	False	0
abau-SAMN11997570	GP_Isolated_6	13:15911	4	0.0	0.49999917000000005	5.389576594687768	GP_Isolated_35	133:4689	4	0.0	0.49999760000000004	4.408222246075734	0	0	0	0		1	False	0
abau-SAMN11997570	GP_Isolated_6	13:15911	4	0.0	0.49999917000000005	5.389576594687768	GP_Isolated_36	136:4629	4	0.0	0.49999930000000004	13.21862738017862	0	0	0	0		1	False	0
abau-SAMN11997570	GP_Isolated_6	13:15911	4	0.0	0.49999917000000005	5.389576594687768	GP_Isolated_37	137:4557	4	0.0	0.47178555	1.9480913473226646	0	0	0	0		1	False	0
abau-SAMN11997570	GP_Isolated_6	13:15911	4	0.0	0.49999917000000005	5.389576594687768	GP_Isolated_38	141:4413	4	0.0	0.4998292	2.6496413182157386	0	0	0	0		1	False	0
abau-SAMN11997570	GP_Isolated_6	13:15911	4	0.0	0.49999917000000005	5.389576594687768	GP_Isolated_39	151:4034	4	0.0	0.49999845	4.643478731855276	0	0	0	0		1	False	0
abau-SAMN11997570	GP_Isolated_6	13:15911	4	0.0	0.49999917000000005	5.389576594687768	GP_Isolated_40	152:3965	4	0.0	0.49792479999999995	2.255849642521846	0	0	0	0		1	False	0
abau-SAMN11997570	GP_Isolated_6	13:15911	4	0.0	0.49999917000000005	5.389576594687768	GP_Isolated_41	155:3816	4	0.0	0.49920356	2.431904624347031	0	0	0	0		1	False	0
abau-SAMN11997570	GP_Isolated_6	13:15911	4	0.0	0.49999917000000005	5.389576594687768	GP_Isolated_42	162:3658	4	0.0	0.49999857000000003	7.322344190077274	0	0	0	0		1	False	0
abau-SAMN11997570	GP_Isolated_6	13:15911	4	0.0	0.49999917000000005	5.389576594687768	GP_Isolated_43	163:3614	4	0.0	0.4999521	2.864001829517826	0	0	0	0		1	False	0
abau-SAMN11997570	GP_Isolated_6	13:15911	4	0.0	0.49999917000000005	5.389576594687768	GP_Isolated_44	169:3435	4	0.0	0.49999654000000004	4.247255723261357	0	0	0	0		1	False	0
abau-SAMN11997570	GP_Isolated_6	13:15911	4	0.0	0.49999917000000005	5.389576594687768	GP_Isolated_45	171:3358	4	0.0	0.06734925999999997	0.25885931970824005	0	0	0	0		1	False	0
abau-SAMN11997570	GP_Isolated_6	13:15911	4	0.0	0.49999917000000005	5.389576594687768	GP_unb_3	172:3326	4	0.0	0.14425707	0.3960207987289666	0	0	0	0		1	False	0
abau-SAMN11997570	GP_Isolated_6	13:15911	4	0.0	0.49999917000000005	5.389576594687768	GP_Isolated_46	175:3283	4	0.0	0.4999987	8.19858693820563	0	0	0	0		1	False	0
abau-SAMN11997570	GP_Isolated_6	13:15911	4	0.0	0.49999917000000005	5.389576594687768	GP_Isolated_47	179:3189	4	0.0	0.45655227	1.7767687345032621	0	0	0	0		1	False	0
abau-SAMN11997570	GP_Isolated_6	13:15911	4	0.0	0.49999917000000005	5.389576594687768	GP_Isolated_48	180:3118	4	0.0	0.40498376	1.5893334296237451	0	0	0	0		1	False	0
abau-SAMN11997570	GP_Isolated_6	13:15911	4	0.0	0.49999917000000005	5.389576594687768	GP_Isolated_49	184:2877	4	0.0	0.07340884000000003	0.25477961531980453	0	0	0	0		1	False	0
abau-SAMN11997570	GP_Isolated_6	13:15911	4	0.0	0.49999917000000005	5.389576594687768	GP_Isolated_50	193:2632	4	0.0	0.49999857000000003	6.944283960424642	0	0	0	0		1	False	0
abau-SAMN11997570	GP_Isolated_6	13:15911	4	0.0	0.49999917000000005	5.389576594687768	GP_Isolated_51	194:2629	4	0.0	0.006962899999999994	1.504748320935943	0	0	0	0		1	False	0
abau-SAMN11997570	GP_Isolated_6	13:15911	4	0.0	0.49999917000000005	5.389576594687768	GP_Isolated_52	200:2482	4	0.0	0.4994037	2.496003947906887	0	0	0	0		1	False	0
abau-SAMN11997570	GP_Isolated_6	13:15911	4	0.0	0.49999917000000005	5.389576594687768	GP_unb_4	201:2472	4	0.0	0.48582080000000005	92.25163091885126	0	0	0	0		1	False	0
abau-SAMN11997570	GP_Isolated_6	13:15911	4	0.0	0.49999917000000005	5.389576594687768	GP_unb_5	207:2365	4	0.0	0.17706615000000003	0.5505813533617391	0	0	0	0		1	False	0
abau-SAMN11997570	GP_Isolated_6	13:15911	4	0.0	0.49999917000000005	5.389576594687768	GP_Isolated_53	208:2339	4	0.0	0.37396929999999995	1.6160780915240365	0	0	0	0		1	False	0
abau-SAMN11997570	GP_Isolated_6	13:15911	4	0.0	0.49999917000000005	5.389576594687768	GP_Isolated_54	212:2192	4	0.0	0.49995670000000003	2.958468741725043	0	0	0	0		1	False	0
abau-SAMN11997570	GP_Isolated_6	13:15911	4	0.0	0.49999917000000005	5.389576594687768	GP_unb_6	217:2126	4	0.0	0.12310969999999999	0.8445270937146435	0	0	0	0		1	False	0
abau-SAMN11997570	GP_Isolated_6	13:15911	4	0.0	0.49999917000000005	5.389576594687768	GP_Isolated_55	220:2070	4	0.0	0.49999875000000005	6.719385667172192	0	0	0	0		1	False	0
abau-SAMN11997570	GP_Isolated_6	13:15911	4	0.0	0.49999917000000005	5.389576594687768	GP_Isolated_56	224:1987	4	0.0	0.49966469999999996	2.5793733901446765	0	0	0	0		1	False	0
abau-SAMN11997570	GP_Isolated_6	13:15911	4	0.0	0.49999917000000005	5.389576594687768	GP_Isolated_57	229:1833	4	0.0	0.19480030000000004	1.4968043619556584	0	0	0	0		1	False	0
abau-SAMN11997570	GP_Isolated_6	13:15911	4	0.0	0.49999917000000005	5.389576594687768	GP_Isolated_58	230:1819	4	0.0	0.49898010000000004	2.1407164006644037	0	0	0	0		1	False	0
abau-SAMN11997570	GP_Isolated_6	13:15911	4	0.0	0.49999917000000005	5.389576594687768	GP_Isolated_59	234:1611	4	0.0	0.49999607	4.6761512722370675	0	0	0	0		1	False	0
abau-SAMN11997570	GP_Isolated_6	13:15911	4	0.0	0.49999917000000005	5.389576594687768	GP_2	235:1574,249:762,250:616	4	-0.008126911518390956	0.76670491	0.4261018402203942	0	0	0	0		1	False	0
abau-SAMN11997570	GP_Isolated_6	13:15911	4	0.0	0.49999917000000005	5.389576594687768	GP_Isolated_60	236:1536	4	0.0	0.24603045	1.5082147757637034	0	0	0	0		1	False	0
abau-SAMN11997570	GP_Isolated_7	14:15067	4	0.0	0.49999930000000004	8.12394408936796	GP_Isolated_8	15:14131	4	0.0	0.49999930000000004	24.967092493030865	0	0	0	0		1	False	0
abau-SAMN11997570	GP_Isolated_7	14:15067	4	0.0	0.49999930000000004	8.12394408936796	GP_Isolated_9	16:14093	4	0.0	0.48211000000000004	2.123913723790954	0	0	0	0		1	False	0
abau-SAMN11997570	GP_Isolated_7	14:15067	4	0.0	0.49999930000000004	8.12394408936796	GP_Isolated_10	20:13386	4	0.0	0.0788527	0.29233769047447106	0	0	0	0		1	False	0
abau-SAMN11997570	GP_Isolated_7	14:15067	4	0.0	0.49999930000000004	8.12394408936796	GP_Isolated_11	21:13316	4	0.0	0.12431042999999997	0.28613237524373514	0	0	0	0		1	False	0
abau-SAMN11997570	GP_Isolated_7	14:15067	4	0.0	0.49999930000000004	8.12394408936796	GP_1	22:12927,116:5704	4	0.0	0.9999921700000001	13.595768119464815	0	0	0	0		1	False	0
abau-SAMN11997570	GP_Isolated_7	14:15067	4	0.0	0.49999930000000004	8.12394408936796	GP_Isolated_12	25:12419	4	0.0	0.49195515999999995	2.2434281793890376	0	0	0	0		1	False	0
abau-SAMN11997570	GP_Isolated_7	14:15067	4	0.0	0.49999930000000004	8.12394408936796	GP_Isolated_13	27:12317	4	0.0	0.13339292999999997	0.2813852579379409	0	0	0	0		1	False	0
abau-SAMN11997570	GP_Isolated_7	14:15067	4	0.0	0.49999930000000004	8.12394408936796	GP_unb_1	31:11825	4	0.0	0.22009369999999995	0.39213307334922126	0	0	0	0		1	False	0
abau-SAMN11997570	GP_Isolated_7	14:15067	4	0.0	0.49999930000000004	8.12394408936796	GP_Isolated_14	33:11500	4	0.0	0.08143109999999998	0.2844575238920585	0	0	0	0		1	False	0
abau-SAMN11997570	GP_Isolated_7	14:15067	4	0.0	0.49999930000000004	8.12394408936796	GP_Isolated_15	37:10677	4	0.0	0.4043329	1.712880046219398	0	0	0	0		1	False	0
abau-SAMN11997570	GP_Isolated_7	14:15067	4	0.0	0.49999930000000004	8.12394408936796	GP_Isolated_16	43:9677	4	0.0	0.16958355999999997	0.2524391564959919	0	0	0	0		1	False	0
abau-SAMN11997570	GP_Isolated_7	14:15067	4	0.0	0.49999930000000004	8.12394408936796	GP_Isolated_17	52:8917	4	0.0	0.26860195	1.6024168893382442	0	0	0	0		1	False	0
abau-SAMN11997570	GP_Isolated_7	14:15067	4	0.0	0.49999930000000004	8.12394408936796	GP_Isolated_18	60:8302	4	0.0	0.49997159999999996	3.08373654943309	0	0	0	0		1	False	0
abau-SAMN11997570	GP_Isolated_7	14:15067	4	0.0	0.49999930000000004	8.12394408936796	GP_Isolated_19	61:8198	4	0.0	0.4999987	4.34523211820196	0	0	0	0		1	False	0
abau-SAMN11997570	GP_Isolated_7	14:15067	4	0.0	0.49999930000000004	8.12394408936796	GP_Isolated_20	63:7953	4	0.0	0.49999910000000003	6.654389639151682	0	0	0	0		1	False	0
abau-SAMN11997570	GP_Isolated_7	14:15067	4	0.0	0.49999930000000004	8.12394408936796	GP_Isolated_21	64:7926	4	0.0	0.36175559999999995	1.6550456175826294	0	0	0	0		1	False	0
abau-SAMN11997570	GP_Isolated_7	14:15067	4	0.0	0.49999930000000004	8.12394408936796	GP_Isolated_22	69:7625	4	0.0	0.49997175000000005	3.060650923184324	0	0	0	0		1	False	0
abau-SAMN11997570	GP_Isolated_7	14:15067	4	0.0	0.49999930000000004	8.12394408936796	GP_Isolated_23	72:7492	4	0.0	0.49645627000000003	2.3169621460583834	0	0	0	0		1	False	0
abau-SAMN11997570	GP_Isolated_7	14:15067	4	0.0	0.49999930000000004	8.12394408936796	GP_Isolated_24	77:7113	4	0.0	0.057672999999999974	0.2827212874028069	0	0	0	0		1	False	0
abau-SAMN11997570	GP_Isolated_7	14:15067	4	0.0	0.49999930000000004	8.12394408936796	GP_Isolated_25	86:6734	4	0.0	0.49999654000000004	3.6742134276979375	0	0	0	0		1	False	0
abau-SAMN11997570	GP_Isolated_7	14:15067	4	0.0	0.49999930000000004	8.12394408936796	GP_Isolated_26	92:6431	4	0.0	0.49970099999999995	2.626712163886281	0	0	0	0		1	False	0
abau-SAMN11997570	GP_Isolated_7	14:15067	4	0.0	0.49999930000000004	8.12394408936796	GP_Isolated_27	93:6340	4	0.0	0.09477329999999995	0.26630798488240537	0	0	0	0		1	False	0
abau-SAMN11997570	GP_Isolated_7	14:15067	4	0.0	0.49999930000000004	8.12394408936796	GP_Isolated_28	99:6130	4	0.0	0.49999879999999997	5.188759298042897	0	0	0	0		1	False	0
abau-SAMN11997570	GP_Isolated_7	14:15067	4	0.0	0.49999930000000004	8.12394408936796	GP_Isolated_29	105:5975	4	0.0	0.08651770000000003	0.2702998242699983	0	0	0	0		1	False	0
abau-SAMN11997570	GP_Isolated_7	14:15067	4	0.0	0.49999930000000004	8.12394408936796	GP_unb_2	109:5910	4	0.0	0.15053510000000003	0.9975867215522015	0	0	0	0		1	False	0
abau-SAMN11997570	GP_Isolated_7	14:15067	4	0.0	0.49999930000000004	8.12394408936796	GP_Isolated_30	110:5839	4	0.0	0.49999905	26.076827712380542	0	0	0	0		1	False	0
abau-SAMN11997570	GP_Isolated_7	14:15067	4	0.0	0.49999930000000004	8.12394408936796	GP_Isolated_31	112:5733	4	0.0	0.12803370000000003	0.26043366794251466	0	0	0	0		1	False	0
abau-SAMN11997570	GP_Isolated_7	14:15067	4	0.0	0.49999930000000004	8.12394408936796	GP_Isolated_32	114:5711	4	0.0	0.49962366	2.5835740593630394	0	0	0	0		1	False	0
abau-SAMN11997570	GP_Isolated_7	14:15067	4	0.0	0.49999930000000004	8.12394408936796	GP_0	117:5672,138:4536,252:119	4	0.0	1.10585566	0.7813266136478622	0	0	0	0		1	False	0
abau-SAMN11997570	GP_Isolated_7	14:15067	4	0.0	0.49999930000000004	8.12394408936796	GP_Isolated_33	127:5298	4	0.0	0.06380206	0.2745305842420741	0	0	0	0		1	False	0
abau-SAMN11997570	GP_Isolated_7	14:15067	4	0.0	0.49999930000000004	8.12394408936796	GP_Isolated_34	132:4796	4	0.0	0.49998089999999995	3.1051019635387167	0	0	0	0		1	False	0
abau-SAMN11997570	GP_Isolated_7	14:15067	4	0.0	0.49999930000000004	8.12394408936796	GP_Isolated_35	133:4689	4	0.0	0.49999760000000004	4.408222246075734	0	0	0	0		1	False	0
abau-SAMN11997570	GP_Isolated_7	14:15067	4	0.0	0.49999930000000004	8.12394408936796	GP_Isolated_36	136:4629	4	0.0	0.49999930000000004	13.21862738017862	0	0	0	0		1	False	0
abau-SAMN11997570	GP_Isolated_7	14:15067	4	0.0	0.49999930000000004	8.12394408936796	GP_Isolated_37	137:4557	4	0.0	0.47178555	1.9480913473226646	0	0	0	0		1	False	0
abau-SAMN11997570	GP_Isolated_7	14:15067	4	0.0	0.49999930000000004	8.12394408936796	GP_Isolated_38	141:4413	4	0.0	0.4998292	2.6496413182157386	0	0	0	0		1	False	0
abau-SAMN11997570	GP_Isolated_7	14:15067	4	0.0	0.49999930000000004	8.12394408936796	GP_Isolated_39	151:4034	4	0.0	0.49999845	4.643478731855276	0	0	0	0		1	False	0
abau-SAMN11997570	GP_Isolated_7	14:15067	4	0.0	0.49999930000000004	8.12394408936796	GP_Isolated_40	152:3965	4	0.0	0.49792479999999995	2.255849642521846	0	0	0	0		1	False	0
abau-SAMN11997570	GP_Isolated_7	14:15067	4	0.0	0.49999930000000004	8.12394408936796	GP_Isolated_41	155:3816	4	0.0	0.49920356	2.431904624347031	0	0	0	0		1	False	0
abau-SAMN11997570	GP_Isolated_7	14:15067	4	0.0	0.49999930000000004	8.12394408936796	GP_Isolated_42	162:3658	4	0.0	0.49999857000000003	7.322344190077274	0	0	0	0		1	False	0
abau-SAMN11997570	GP_Isolated_7	14:15067	4	0.0	0.49999930000000004	8.12394408936796	GP_Isolated_43	163:3614	4	0.0	0.4999521	2.864001829517826	0	0	0	0		1	False	0
abau-SAMN11997570	GP_Isolated_7	14:15067	4	0.0	0.49999930000000004	8.12394408936796	GP_Isolated_44	169:3435	4	0.0	0.49999654000000004	4.247255723261357	0	0	0	0		1	False	0
abau-SAMN11997570	GP_Isolated_7	14:15067	4	0.0	0.49999930000000004	8.12394408936796	GP_Isolated_45	171:3358	4	0.0	0.06734925999999997	0.25885931970824005	0	0	0	0		1	False	0
abau-SAMN11997570	GP_Isolated_7	14:15067	4	0.0	0.49999930000000004	8.12394408936796	GP_unb_3	172:3326	4	0.0	0.14425707	0.3960207987289666	0	0	0	0		1	False	0
abau-SAMN11997570	GP_Isolated_7	14:15067	4	0.0	0.49999930000000004	8.12394408936796	GP_Isolated_46	175:3283	4	0.0	0.4999987	8.19858693820563	0	0	0	0		1	False	0
abau-SAMN11997570	GP_Isolated_7	14:15067	4	0.0	0.49999930000000004	8.12394408936796	GP_Isolated_47	179:3189	4	0.0	0.45655227	1.7767687345032621	0	0	0	0		1	False	0
abau-SAMN11997570	GP_Isolated_7	14:15067	4	0.0	0.49999930000000004	8.12394408936796	GP_Isolated_48	180:3118	4	0.0	0.40498376	1.5893334296237451	0	0	0	0		1	False	0
abau-SAMN11997570	GP_Isolated_7	14:15067	4	0.0	0.49999930000000004	8.12394408936796	GP_Isolated_49	184:2877	4	0.0	0.07340884000000003	0.25477961531980453	0	0	0	0		1	False	0
abau-SAMN11997570	GP_Isolated_7	14:15067	4	0.0	0.49999930000000004	8.12394408936796	GP_Isolated_50	193:2632	4	0.0	0.49999857000000003	6.944283960424642	0	0	0	0		1	False	0
abau-SAMN11997570	GP_Isolated_7	14:15067	4	0.0	0.49999930000000004	8.12394408936796	GP_Isolated_51	194:2629	4	0.0	0.006962899999999994	1.504748320935943	0	0	0	0		1	False	0
abau-SAMN11997570	GP_Isolated_7	14:15067	4	0.0	0.49999930000000004	8.12394408936796	GP_Isolated_52	200:2482	4	0.0	0.4994037	2.496003947906887	0	0	0	0		1	False	0
abau-SAMN11997570	GP_Isolated_7	14:15067	4	0.0	0.49999930000000004	8.12394408936796	GP_unb_4	201:2472	4	0.0	0.48582080000000005	92.25163091885126	0	0	0	0		1	False	0
abau-SAMN11997570	GP_Isolated_7	14:15067	4	0.0	0.49999930000000004	8.12394408936796	GP_unb_5	207:2365	4	0.0	0.17706615000000003	0.5505813533617391	0	0	0	0		1	False	0
abau-SAMN11997570	GP_Isolated_7	14:15067	4	0.0	0.49999930000000004	8.12394408936796	GP_Isolated_53	208:2339	4	0.0	0.37396929999999995	1.6160780915240365	0	0	0	0		1	False	0
abau-SAMN11997570	GP_Isolated_7	14:15067	4	0.0	0.49999930000000004	8.12394408936796	GP_Isolated_54	212:2192	4	0.0	0.49995670000000003	2.958468741725043	0	0	0	0		1	False	0
abau-SAMN11997570	GP_Isolated_7	14:15067	4	0.0	0.49999930000000004	8.12394408936796	GP_unb_6	217:2126	4	0.0	0.12310969999999999	0.8445270937146435	0	0	0	0		1	False	0
abau-SAMN11997570	GP_Isolated_7	14:15067	4	0.0	0.49999930000000004	8.12394408936796	GP_Isolated_55	220:2070	4	0.0	0.49999875000000005	6.719385667172192	0	0	0	0		1	False	0
abau-SAMN11997570	GP_Isolated_7	14:15067	4	0.0	0.49999930000000004	8.12394408936796	GP_Isolated_56	224:1987	4	0.0	0.49966469999999996	2.5793733901446765	0	0	0	0		1	False	0
abau-SAMN11997570	GP_Isolated_7	14:15067	4	0.0	0.49999930000000004	8.12394408936796	GP_Isolated_57	229:1833	4	0.0	0.19480030000000004	1.4968043619556584	0	0	0	0		1	False	0
abau-SAMN11997570	GP_Isolated_7	14:15067	4	0.0	0.49999930000000004	8.12394408936796	GP_Isolated_58	230:1819	4	0.0	0.49898010000000004	2.1407164006644037	0	0	0	0		1	False	0
abau-SAMN11997570	GP_Isolated_7	14:15067	4	0.0	0.49999930000000004	8.12394408936796	GP_Isolated_59	234:1611	4	0.0	0.49999607	4.6761512722370675	0	0	0	0		1	False	0
abau-SAMN11997570	GP_Isolated_7	14:15067	4	0.0	0.49999930000000004	8.12394408936796	GP_2	235:1574,249:762,250:616	4	-0.008126911518390956	0.76670491	0.4261018402203942	0	0	0	0		1	False	0
abau-SAMN11997570	GP_Isolated_7	14:15067	4	0.0	0.49999930000000004	8.12394408936796	GP_Isolated_60	236:1536	4	0.0	0.24603045	1.5082147757637034	0	0	0	0		1	False	0
abau-SAMN11997570	GP_Isolated_8	15:14131	4	0.0	0.49999930000000004	24.967092493030865	GP_Isolated_9	16:14093	4	0.0	0.48211000000000004	2.123913723790954	0	0	0	0		1	False	0
abau-SAMN11997570	GP_Isolated_8	15:14131	4	0.0	0.49999930000000004	24.967092493030865	GP_Isolated_10	20:13386	4	0.0	0.0788527	0.29233769047447106	0	0	0	0		1	False	0
abau-SAMN11997570	GP_Isolated_8	15:14131	4	0.0	0.49999930000000004	24.967092493030865	GP_Isolated_11	21:13316	4	0.0	0.12431042999999997	0.28613237524373514	0	0	0	0		1	False	0
abau-SAMN11997570	GP_Isolated_8	15:14131	4	0.0	0.49999930000000004	24.967092493030865	GP_1	22:12927,116:5704	4	0.0	0.9999921700000001	13.595768119464815	0	0	0	0		1	False	0
abau-SAMN11997570	GP_Isolated_8	15:14131	4	0.0	0.49999930000000004	24.967092493030865	GP_Isolated_12	25:12419	4	0.0	0.49195515999999995	2.2434281793890376	0	0	0	0		1	False	0
abau-SAMN11997570	GP_Isolated_8	15:14131	4	0.0	0.49999930000000004	24.967092493030865	GP_Isolated_13	27:12317	4	0.0	0.13339292999999997	0.2813852579379409	0	0	0	0		1	False	0
abau-SAMN11997570	GP_Isolated_8	15:14131	4	0.0	0.49999930000000004	24.967092493030865	GP_unb_1	31:11825	4	0.0	0.22009369999999995	0.39213307334922126	0	0	0	0		1	False	0
abau-SAMN11997570	GP_Isolated_8	15:14131	4	0.0	0.49999930000000004	24.967092493030865	GP_Isolated_14	33:11500	4	0.0	0.08143109999999998	0.2844575238920585	0	0	0	0		1	False	0
abau-SAMN11997570	GP_Isolated_8	15:14131	4	0.0	0.49999930000000004	24.967092493030865	GP_Isolated_15	37:10677	4	0.0	0.4043329	1.712880046219398	0	0	0	0		1	False	0
abau-SAMN11997570	GP_Isolated_8	15:14131	4	0.0	0.49999930000000004	24.967092493030865	GP_Isolated_16	43:9677	4	0.0	0.16958355999999997	0.2524391564959919	0	0	0	0		1	False	0
abau-SAMN11997570	GP_Isolated_8	15:14131	4	0.0	0.49999930000000004	24.967092493030865	GP_Isolated_17	52:8917	4	0.0	0.26860195	1.6024168893382442	0	0	0	0		1	False	0
abau-SAMN11997570	GP_Isolated_8	15:14131	4	0.0	0.49999930000000004	24.967092493030865	GP_Isolated_18	60:8302	4	0.0	0.49997159999999996	3.08373654943309	0	0	0	0		1	False	0
abau-SAMN11997570	GP_Isolated_8	15:14131	4	0.0	0.49999930000000004	24.967092493030865	GP_Isolated_19	61:8198	4	0.0	0.4999987	4.34523211820196	0	0	0	0		1	False	0
abau-SAMN11997570	GP_Isolated_8	15:14131	4	0.0	0.49999930000000004	24.967092493030865	GP_Isolated_20	63:7953	4	0.0	0.49999910000000003	6.654389639151682	0	0	0	0		1	False	0
abau-SAMN11997570	GP_Isolated_8	15:14131	4	0.0	0.49999930000000004	24.967092493030865	GP_Isolated_21	64:7926	4	0.0	0.36175559999999995	1.6550456175826294	0	0	0	0		1	False	0
abau-SAMN11997570	GP_Isolated_8	15:14131	4	0.0	0.49999930000000004	24.967092493030865	GP_Isolated_22	69:7625	4	0.0	0.49997175000000005	3.060650923184324	0	0	0	0		1	False	0
abau-SAMN11997570	GP_Isolated_8	15:14131	4	0.0	0.49999930000000004	24.967092493030865	GP_Isolated_23	72:7492	4	0.0	0.49645627000000003	2.3169621460583834	0	0	0	0		1	False	0
abau-SAMN11997570	GP_Isolated_8	15:14131	4	0.0	0.49999930000000004	24.967092493030865	GP_Isolated_24	77:7113	4	0.0	0.057672999999999974	0.2827212874028069	0	0	0	0		1	False	0
abau-SAMN11997570	GP_Isolated_8	15:14131	4	0.0	0.49999930000000004	24.967092493030865	GP_Isolated_25	86:6734	4	0.0	0.49999654000000004	3.6742134276979375	0	0	0	0		1	False	0
abau-SAMN11997570	GP_Isolated_8	15:14131	4	0.0	0.49999930000000004	24.967092493030865	GP_Isolated_26	92:6431	4	0.0	0.49970099999999995	2.626712163886281	0	0	0	0		1	False	0
abau-SAMN11997570	GP_Isolated_8	15:14131	4	0.0	0.49999930000000004	24.967092493030865	GP_Isolated_27	93:6340	4	0.0	0.09477329999999995	0.26630798488240537	0	0	0	0		1	False	0
abau-SAMN11997570	GP_Isolated_8	15:14131	4	0.0	0.49999930000000004	24.967092493030865	GP_Isolated_28	99:6130	4	0.0	0.49999879999999997	5.188759298042897	0	0	0	0		1	False	0
abau-SAMN11997570	GP_Isolated_8	15:14131	4	0.0	0.49999930000000004	24.967092493030865	GP_Isolated_29	105:5975	4	0.0	0.08651770000000003	0.2702998242699983	0	0	0	0		1	False	0
abau-SAMN11997570	GP_Isolated_8	15:14131	4	0.0	0.49999930000000004	24.967092493030865	GP_unb_2	109:5910	4	0.0	0.15053510000000003	0.9975867215522015	0	0	0	0		1	False	0
abau-SAMN11997570	GP_Isolated_8	15:14131	4	0.0	0.49999930000000004	24.967092493030865	GP_Isolated_30	110:5839	4	0.0	0.49999905	26.076827712380542	0	0	0	0		1	False	0
abau-SAMN11997570	GP_Isolated_8	15:14131	4	0.0	0.49999930000000004	24.967092493030865	GP_Isolated_31	112:5733	4	0.0	0.12803370000000003	0.26043366794251466	0	0	0	0		1	False	0
abau-SAMN11997570	GP_Isolated_8	15:14131	4	0.0	0.49999930000000004	24.967092493030865	GP_Isolated_32	114:5711	4	0.0	0.49962366	2.5835740593630394	0	0	0	0		1	False	0
abau-SAMN11997570	GP_Isolated_8	15:14131	4	0.0	0.49999930000000004	24.967092493030865	GP_0	117:5672,138:4536,252:119	4	0.0	1.10585566	0.7813266136478622	0	0	0	0		1	False	0
abau-SAMN11997570	GP_Isolated_8	15:14131	4	0.0	0.49999930000000004	24.967092493030865	GP_Isolated_33	127:5298	4	0.0	0.06380206	0.2745305842420741	0	0	0	0		1	False	0
abau-SAMN11997570	GP_Isolated_8	15:14131	4	0.0	0.49999930000000004	24.967092493030865	GP_Isolated_34	132:4796	4	0.0	0.49998089999999995	3.1051019635387167	0	0	0	0		1	False	0
abau-SAMN11997570	GP_Isolated_8	15:14131	4	0.0	0.49999930000000004	24.967092493030865	GP_Isolated_35	133:4689	4	0.0	0.49999760000000004	4.408222246075734	0	0	0	0		1	False	0
abau-SAMN11997570	GP_Isolated_8	15:14131	4	0.0	0.49999930000000004	24.967092493030865	GP_Isolated_36	136:4629	4	0.0	0.49999930000000004	13.21862738017862	0	0	0	0		1	False	0
abau-SAMN11997570	GP_Isolated_8	15:14131	4	0.0	0.49999930000000004	24.967092493030865	GP_Isolated_37	137:4557	4	0.0	0.47178555	1.9480913473226646	0	0	0	0		1	False	0
abau-SAMN11997570	GP_Isolated_8	15:14131	4	0.0	0.49999930000000004	24.967092493030865	GP_Isolated_38	141:4413	4	0.0	0.4998292	2.6496413182157386	0	0	0	0		1	False	0
abau-SAMN11997570	GP_Isolated_8	15:14131	4	0.0	0.49999930000000004	24.967092493030865	GP_Isolated_39	151:4034	4	0.0	0.49999845	4.643478731855276	0	0	0	0		1	False	0
abau-SAMN11997570	GP_Isolated_8	15:14131	4	0.0	0.49999930000000004	24.967092493030865	GP_Isolated_40	152:3965	4	0.0	0.49792479999999995	2.255849642521846	0	0	0	0		1	False	0
abau-SAMN11997570	GP_Isolated_8	15:14131	4	0.0	0.49999930000000004	24.967092493030865	GP_Isolated_41	155:3816	4	0.0	0.49920356	2.431904624347031	0	0	0	0		1	False	0
abau-SAMN11997570	GP_Isolated_8	15:14131	4	0.0	0.49999930000000004	24.967092493030865	GP_Isolated_42	162:3658	4	0.0	0.49999857000000003	7.322344190077274	0	0	0	0		1	False	0
abau-SAMN11997570	GP_Isolated_8	15:14131	4	0.0	0.49999930000000004	24.967092493030865	GP_Isolated_43	163:3614	4	0.0	0.4999521	2.864001829517826	0	0	0	0		1	False	0
abau-SAMN11997570	GP_Isolated_8	15:14131	4	0.0	0.49999930000000004	24.967092493030865	GP_Isolated_44	169:3435	4	0.0	0.49999654000000004	4.247255723261357	0	0	0	0		1	False	0
abau-SAMN11997570	GP_Isolated_8	15:14131	4	0.0	0.49999930000000004	24.967092493030865	GP_Isolated_45	171:3358	4	0.0	0.06734925999999997	0.25885931970824005	0	0	0	0		1	False	0
abau-SAMN11997570	GP_Isolated_8	15:14131	4	0.0	0.49999930000000004	24.967092493030865	GP_unb_3	172:3326	4	0.0	0.14425707	0.3960207987289666	0	0	0	0		1	False	0
abau-SAMN11997570	GP_Isolated_8	15:14131	4	0.0	0.49999930000000004	24.967092493030865	GP_Isolated_46	175:3283	4	0.0	0.4999987	8.19858693820563	0	0	0	0		1	False	0
abau-SAMN11997570	GP_Isolated_8	15:14131	4	0.0	0.49999930000000004	24.967092493030865	GP_Isolated_47	179:3189	4	0.0	0.45655227	1.7767687345032621	0	0	0	0		1	False	0
abau-SAMN11997570	GP_Isolated_8	15:14131	4	0.0	0.49999930000000004	24.967092493030865	GP_Isolated_48	180:3118	4	0.0	0.40498376	1.5893334296237451	0	0	0	0		1	False	0
abau-SAMN11997570	GP_Isolated_8	15:14131	4	0.0	0.49999930000000004	24.967092493030865	GP_Isolated_49	184:2877	4	0.0	0.07340884000000003	0.25477961531980453	0	0	0	0		1	False	0
abau-SAMN11997570	GP_Isolated_8	15:14131	4	0.0	0.49999930000000004	24.967092493030865	GP_Isolated_50	193:2632	4	0.0	0.49999857000000003	6.944283960424642	0	0	0	0		1	False	0
abau-SAMN11997570	GP_Isolated_8	15:14131	4	0.0	0.49999930000000004	24.967092493030865	GP_Isolated_51	194:2629	4	0.0	0.006962899999999994	1.504748320935943	0	0	0	0		1	False	0
abau-SAMN11997570	GP_Isolated_8	15:14131	4	0.0	0.49999930000000004	24.967092493030865	GP_Isolated_52	200:2482	4	0.0	0.4994037	2.496003947906887	0	0	0	0		1	False	0
abau-SAMN11997570	GP_Isolated_8	15:14131	4	0.0	0.49999930000000004	24.967092493030865	GP_unb_4	201:2472	4	0.0	0.48582080000000005	92.25163091885126	0	0	0	0		1	False	0
abau-SAMN11997570	GP_Isolated_8	15:14131	4	0.0	0.49999930000000004	24.967092493030865	GP_unb_5	207:2365	4	0.0	0.17706615000000003	0.5505813533617391	0	0	0	0		1	False	0
abau-SAMN11997570	GP_Isolated_8	15:14131	4	0.0	0.49999930000000004	24.967092493030865	GP_Isolated_53	208:2339	4	0.0	0.37396929999999995	1.6160780915240365	0	0	0	0		1	False	0
abau-SAMN11997570	GP_Isolated_8	15:14131	4	0.0	0.49999930000000004	24.967092493030865	GP_Isolated_54	212:2192	4	0.0	0.49995670000000003	2.958468741725043	0	0	0	0		1	False	0
abau-SAMN11997570	GP_Isolated_8	15:14131	4	0.0	0.49999930000000004	24.967092493030865	GP_unb_6	217:2126	4	0.0	0.12310969999999999	0.8445270937146435	0	0	0	0		1	False	0
abau-SAMN11997570	GP_Isolated_8	15:14131	4	0.0	0.49999930000000004	24.967092493030865	GP_Isolated_55	220:2070	4	0.0	0.49999875000000005	6.719385667172192	0	0	0	0		1	False	0
abau-SAMN11997570	GP_Isolated_8	15:14131	4	0.0	0.49999930000000004	24.967092493030865	GP_Isolated_56	224:1987	4	0.0	0.49966469999999996	2.5793733901446765	0	0	0	0		1	False	0
abau-SAMN11997570	GP_Isolated_8	15:14131	4	0.0	0.49999930000000004	24.967092493030865	GP_Isolated_57	229:1833	4	0.0	0.19480030000000004	1.4968043619556584	0	0	0	0		1	False	0
abau-SAMN11997570	GP_Isolated_8	15:14131	4	0.0	0.49999930000000004	24.967092493030865	GP_Isolated_58	230:1819	4	0.0	0.49898010000000004	2.1407164006644037	0	0	0	0		1	False	0
abau-SAMN11997570	GP_Isolated_8	15:14131	4	0.0	0.49999930000000004	24.967092493030865	GP_Isolated_59	234:1611	4	0.0	0.49999607	4.6761512722370675	0	0	0	0		1	False	0
abau-SAMN11997570	GP_Isolated_8	15:14131	4	0.0	0.49999930000000004	24.967092493030865	GP_2	235:1574,249:762,250:616	4	-0.008126911518390956	0.76670491	0.4261018402203942	0	0	0	0		1	False	0
abau-SAMN11997570	GP_Isolated_8	15:14131	4	0.0	0.49999930000000004	24.967092493030865	GP_Isolated_60	236:1536	4	0.0	0.24603045	1.5082147757637034	0	0	0	0		1	False	0
abau-SAMN11997570	GP_Isolated_9	16:14093	4	0.0	0.48211000000000004	2.123913723790954	GP_Isolated_10	20:13386	4	0.0	0.0788527	0.29233769047447106	0	0	0	0		1	False	0
abau-SAMN11997570	GP_Isolated_9	16:14093	4	0.0	0.48211000000000004	2.123913723790954	GP_Isolated_11	21:13316	4	0.0	0.12431042999999997	0.28613237524373514	0	0	0	0		1	False	0
abau-SAMN11997570	GP_Isolated_9	16:14093	4	0.0	0.48211000000000004	2.123913723790954	GP_1	22:12927,116:5704	4	0.0	0.9999921700000001	13.595768119464815	0	0	0	0		1	False	0
abau-SAMN11997570	GP_Isolated_9	16:14093	4	0.0	0.48211000000000004	2.123913723790954	GP_Isolated_12	25:12419	4	0.0	0.49195515999999995	2.2434281793890376	0	0	0	0		1	False	0
abau-SAMN11997570	GP_Isolated_9	16:14093	4	0.0	0.48211000000000004	2.123913723790954	GP_Isolated_13	27:12317	4	0.0	0.13339292999999997	0.2813852579379409	0	0	0	0		1	False	0
abau-SAMN11997570	GP_Isolated_9	16:14093	4	0.0	0.48211000000000004	2.123913723790954	GP_unb_1	31:11825	4	0.0	0.22009369999999995	0.39213307334922126	0	0	0	0		1	False	0
abau-SAMN11997570	GP_Isolated_9	16:14093	4	0.0	0.48211000000000004	2.123913723790954	GP_Isolated_14	33:11500	4	0.0	0.08143109999999998	0.2844575238920585	0	0	0	0		1	False	0
abau-SAMN11997570	GP_Isolated_9	16:14093	4	0.0	0.48211000000000004	2.123913723790954	GP_Isolated_15	37:10677	4	0.0	0.4043329	1.712880046219398	0	0	0	0		1	False	0
abau-SAMN11997570	GP_Isolated_9	16:14093	4	0.0	0.48211000000000004	2.123913723790954	GP_Isolated_16	43:9677	4	0.0	0.16958355999999997	0.2524391564959919	0	0	0	0		1	False	0
abau-SAMN11997570	GP_Isolated_9	16:14093	4	0.0	0.48211000000000004	2.123913723790954	GP_Isolated_17	52:8917	4	0.0	0.26860195	1.6024168893382442	0	0	0	0		1	False	0
abau-SAMN11997570	GP_Isolated_9	16:14093	4	0.0	0.48211000000000004	2.123913723790954	GP_Isolated_18	60:8302	4	0.0	0.49997159999999996	3.08373654943309	0	0	0	0		1	False	0
abau-SAMN11997570	GP_Isolated_9	16:14093	4	0.0	0.48211000000000004	2.123913723790954	GP_Isolated_19	61:8198	4	0.0	0.4999987	4.34523211820196	0	0	0	0		1	False	0
abau-SAMN11997570	GP_Isolated_9	16:14093	4	0.0	0.48211000000000004	2.123913723790954	GP_Isolated_20	63:7953	4	0.0	0.49999910000000003	6.654389639151682	0	0	0	0		1	False	0
abau-SAMN11997570	GP_Isolated_9	16:14093	4	0.0	0.48211000000000004	2.123913723790954	GP_Isolated_21	64:7926	4	0.0	0.36175559999999995	1.6550456175826294	0	0	0	0		1	False	0
abau-SAMN11997570	GP_Isolated_9	16:14093	4	0.0	0.48211000000000004	2.123913723790954	GP_Isolated_22	69:7625	4	0.0	0.49997175000000005	3.060650923184324	0	0	0	0		1	False	0
abau-SAMN11997570	GP_Isolated_9	16:14093	4	0.0	0.48211000000000004	2.123913723790954	GP_Isolated_23	72:7492	4	0.0	0.49645627000000003	2.3169621460583834	0	0	0	0		1	False	0
abau-SAMN11997570	GP_Isolated_9	16:14093	4	0.0	0.48211000000000004	2.123913723790954	GP_Isolated_24	77:7113	4	0.0	0.057672999999999974	0.2827212874028069	0	0	0	0		1	False	0
abau-SAMN11997570	GP_Isolated_9	16:14093	4	0.0	0.48211000000000004	2.123913723790954	GP_Isolated_25	86:6734	4	0.0	0.49999654000000004	3.6742134276979375	0	0	0	0		1	False	0
abau-SAMN11997570	GP_Isolated_9	16:14093	4	0.0	0.48211000000000004	2.123913723790954	GP_Isolated_26	92:6431	4	0.0	0.49970099999999995	2.626712163886281	0	0	0	0		1	False	0
abau-SAMN11997570	GP_Isolated_9	16:14093	4	0.0	0.48211000000000004	2.123913723790954	GP_Isolated_27	93:6340	4	0.0	0.09477329999999995	0.26630798488240537	0	0	0	0		1	False	0
abau-SAMN11997570	GP_Isolated_9	16:14093	4	0.0	0.48211000000000004	2.123913723790954	GP_Isolated_28	99:6130	4	0.0	0.49999879999999997	5.188759298042897	0	0	0	0		1	False	0
abau-SAMN11997570	GP_Isolated_9	16:14093	4	0.0	0.48211000000000004	2.123913723790954	GP_Isolated_29	105:5975	4	0.0	0.08651770000000003	0.2702998242699983	0	0	0	0		1	False	0
abau-SAMN11997570	GP_Isolated_9	16:14093	4	0.0	0.48211000000000004	2.123913723790954	GP_unb_2	109:5910	4	0.0	0.15053510000000003	0.9975867215522015	0	0	0	0		1	False	0
abau-SAMN11997570	GP_Isolated_9	16:14093	4	0.0	0.48211000000000004	2.123913723790954	GP_Isolated_30	110:5839	4	0.0	0.49999905	26.076827712380542	0	0	0	0		1	False	0
abau-SAMN11997570	GP_Isolated_9	16:14093	4	0.0	0.48211000000000004	2.123913723790954	GP_Isolated_31	112:5733	4	0.0	0.12803370000000003	0.26043366794251466	0	0	0	0		1	False	0
abau-SAMN11997570	GP_Isolated_9	16:14093	4	0.0	0.48211000000000004	2.123913723790954	GP_Isolated_32	114:5711	4	0.0	0.49962366	2.5835740593630394	0	0	0	0		1	False	0
abau-SAMN11997570	GP_Isolated_9	16:14093	4	0.0	0.48211000000000004	2.123913723790954	GP_0	117:5672,138:4536,252:119	4	0.0	1.10585566	0.7813266136478622	0	0	0	0		1	False	0
abau-SAMN11997570	GP_Isolated_9	16:14093	4	0.0	0.48211000000000004	2.123913723790954	GP_Isolated_33	127:5298	4	0.0	0.06380206	0.2745305842420741	0	0	0	0		1	False	0
abau-SAMN11997570	GP_Isolated_9	16:14093	4	0.0	0.48211000000000004	2.123913723790954	GP_Isolated_34	132:4796	4	0.0	0.49998089999999995	3.1051019635387167	0	0	0	0		1	False	0
abau-SAMN11997570	GP_Isolated_9	16:14093	4	0.0	0.48211000000000004	2.123913723790954	GP_Isolated_35	133:4689	4	0.0	0.49999760000000004	4.408222246075734	0	0	0	0		1	False	0
abau-SAMN11997570	GP_Isolated_9	16:14093	4	0.0	0.48211000000000004	2.123913723790954	GP_Isolated_36	136:4629	4	0.0	0.49999930000000004	13.21862738017862	0	0	0	0		1	False	0
abau-SAMN11997570	GP_Isolated_9	16:14093	4	0.0	0.48211000000000004	2.123913723790954	GP_Isolated_37	137:4557	4	0.0	0.47178555	1.9480913473226646	0	0	0	0		1	False	0
abau-SAMN11997570	GP_Isolated_9	16:14093	4	0.0	0.48211000000000004	2.123913723790954	GP_Isolated_38	141:4413	4	0.0	0.4998292	2.6496413182157386	0	0	0	0		1	False	0
abau-SAMN11997570	GP_Isolated_9	16:14093	4	0.0	0.48211000000000004	2.123913723790954	GP_Isolated_39	151:4034	4	0.0	0.49999845	4.643478731855276	0	0	0	0		1	False	0
abau-SAMN11997570	GP_Isolated_9	16:14093	4	0.0	0.48211000000000004	2.123913723790954	GP_Isolated_40	152:3965	4	0.0	0.49792479999999995	2.255849642521846	0	0	0	0		1	False	0
abau-SAMN11997570	GP_Isolated_9	16:14093	4	0.0	0.48211000000000004	2.123913723790954	GP_Isolated_41	155:3816	4	0.0	0.49920356	2.431904624347031	0	0	0	0		1	False	0
abau-SAMN11997570	GP_Isolated_9	16:14093	4	0.0	0.48211000000000004	2.123913723790954	GP_Isolated_42	162:3658	4	0.0	0.49999857000000003	7.322344190077274	0	0	0	0		1	False	0
abau-SAMN11997570	GP_Isolated_9	16:14093	4	0.0	0.48211000000000004	2.123913723790954	GP_Isolated_43	163:3614	4	0.0	0.4999521	2.864001829517826	0	0	0	0		1	False	0
abau-SAMN11997570	GP_Isolated_9	16:14093	4	0.0	0.48211000000000004	2.123913723790954	GP_Isolated_44	169:3435	4	0.0	0.49999654000000004	4.247255723261357	0	0	0	0		1	False	0
abau-SAMN11997570	GP_Isolated_9	16:14093	4	0.0	0.48211000000000004	2.123913723790954	GP_Isolated_45	171:3358	4	0.0	0.06734925999999997	0.25885931970824005	0	0	0	0		1	False	0
abau-SAMN11997570	GP_Isolated_9	16:14093	4	0.0	0.48211000000000004	2.123913723790954	GP_unb_3	172:3326	4	0.0	0.14425707	0.3960207987289666	0	0	0	0		1	False	0
abau-SAMN11997570	GP_Isolated_9	16:14093	4	0.0	0.48211000000000004	2.123913723790954	GP_Isolated_46	175:3283	4	0.0	0.4999987	8.19858693820563	0	0	0	0		1	False	0
abau-SAMN11997570	GP_Isolated_9	16:14093	4	0.0	0.48211000000000004	2.123913723790954	GP_Isolated_47	179:3189	4	0.0	0.45655227	1.7767687345032621	0	0	0	0		1	False	0
abau-SAMN11997570	GP_Isolated_9	16:14093	4	0.0	0.48211000000000004	2.123913723790954	GP_Isolated_48	180:3118	4	0.0	0.40498376	1.5893334296237451	0	0	0	0		1	False	0
abau-SAMN11997570	GP_Isolated_9	16:14093	4	0.0	0.48211000000000004	2.123913723790954	GP_Isolated_49	184:2877	4	0.0	0.07340884000000003	0.25477961531980453	0	0	0	0		1	False	0
abau-SAMN11997570	GP_Isolated_9	16:14093	4	0.0	0.48211000000000004	2.123913723790954	GP_Isolated_50	193:2632	4	0.0	0.49999857000000003	6.944283960424642	0	0	0	0		1	False	0
abau-SAMN11997570	GP_Isolated_9	16:14093	4	0.0	0.48211000000000004	2.123913723790954	GP_Isolated_51	194:2629	4	0.0	0.006962899999999994	1.504748320935943	0	0	0	0		1	False	0
abau-SAMN11997570	GP_Isolated_9	16:14093	4	0.0	0.48211000000000004	2.123913723790954	GP_Isolated_52	200:2482	4	0.0	0.4994037	2.496003947906887	0	0	0	0		1	False	0
abau-SAMN11997570	GP_Isolated_9	16:14093	4	0.0	0.48211000000000004	2.123913723790954	GP_unb_4	201:2472	4	0.0	0.48582080000000005	92.25163091885126	0	0	0	0		1	False	0
abau-SAMN11997570	GP_Isolated_9	16:14093	4	0.0	0.48211000000000004	2.123913723790954	GP_unb_5	207:2365	4	0.0	0.17706615000000003	0.5505813533617391	0	0	0	0		1	False	0
abau-SAMN11997570	GP_Isolated_9	16:14093	4	0.0	0.48211000000000004	2.123913723790954	GP_Isolated_53	208:2339	4	0.0	0.37396929999999995	1.6160780915240365	0	0	0	0		1	False	0
abau-SAMN11997570	GP_Isolated_9	16:14093	4	0.0	0.48211000000000004	2.123913723790954	GP_Isolated_54	212:2192	4	0.0	0.49995670000000003	2.958468741725043	0	0	0	0		1	False	0
abau-SAMN11997570	GP_Isolated_9	16:14093	4	0.0	0.48211000000000004	2.123913723790954	GP_unb_6	217:2126	4	0.0	0.12310969999999999	0.8445270937146435	0	0	0	0		1	False	0
abau-SAMN11997570	GP_Isolated_9	16:14093	4	0.0	0.48211000000000004	2.123913723790954	GP_Isolated_55	220:2070	4	0.0	0.49999875000000005	6.719385667172192	0	0	0	0		1	False	0
abau-SAMN11997570	GP_Isolated_9	16:14093	4	0.0	0.48211000000000004	2.123913723790954	GP_Isolated_56	224:1987	4	0.0	0.49966469999999996	2.5793733901446765	0	0	0	0		1	False	0
abau-SAMN11997570	GP_Isolated_9	16:14093	4	0.0	0.48211000000000004	2.123913723790954	GP_Isolated_57	229:1833	4	0.0	0.19480030000000004	1.4968043619556584	0	0	0	0		1	False	0
abau-SAMN11997570	GP_Isolated_9	16:14093	4	0.0	0.48211000000000004	2.123913723790954	GP_Isolated_58	230:1819	4	0.0	0.49898010000000004	2.1407164006644037	0	0	0	0		1	False	0
abau-SAMN11997570	GP_Isolated_9	16:14093	4	0.0	0.48211000000000004	2.123913723790954	GP_Isolated_59	234:1611	4	0.0	0.49999607	4.6761512722370675	0	0	0	0		1	False	0
abau-SAMN11997570	GP_Isolated_9	16:14093	4	0.0	0.48211000000000004	2.123913723790954	GP_2	235:1574,249:762,250:616	4	-0.008126911518390956	0.76670491	0.4261018402203942	0	0	0	0		1	False	0
abau-SAMN11997570	GP_Isolated_9	16:14093	4	0.0	0.48211000000000004	2.123913723790954	GP_Isolated_60	236:1536	4	0.0	0.24603045	1.5082147757637034	0	0	0	0		1	False	0
abau-SAMN11997570	GP_Isolated_10	20:13386	4	0.0	0.0788527	0.29233769047447106	GP_Isolated_11	21:13316	4	0.0	0.12431042999999997	0.28613237524373514	0	0	0	0		1	False	0
abau-SAMN11997570	GP_Isolated_10	20:13386	4	0.0	0.0788527	0.29233769047447106	GP_1	22:12927,116:5704	4	0.0	0.9999921700000001	13.595768119464815	0	0	0	0		1	False	0
abau-SAMN11997570	GP_Isolated_10	20:13386	4	0.0	0.0788527	0.29233769047447106	GP_Isolated_12	25:12419	4	0.0	0.49195515999999995	2.2434281793890376	0	0	0	0		1	False	0
abau-SAMN11997570	GP_Isolated_10	20:13386	4	0.0	0.0788527	0.29233769047447106	GP_Isolated_13	27:12317	4	0.0	0.13339292999999997	0.2813852579379409	0	0	0	0		1	False	0
abau-SAMN11997570	GP_Isolated_10	20:13386	4	0.0	0.0788527	0.29233769047447106	GP_unb_1	31:11825	4	0.0	0.22009369999999995	0.39213307334922126	0	0	0	0		1	False	0
abau-SAMN11997570	GP_Isolated_10	20:13386	4	0.0	0.0788527	0.29233769047447106	GP_Isolated_14	33:11500	4	0.0	0.08143109999999998	0.2844575238920585	0	0	0	0		1	False	0
abau-SAMN11997570	GP_Isolated_10	20:13386	4	0.0	0.0788527	0.29233769047447106	GP_Isolated_15	37:10677	4	0.0	0.4043329	1.712880046219398	0	0	0	0		1	False	0
abau-SAMN11997570	GP_Isolated_10	20:13386	4	0.0	0.0788527	0.29233769047447106	GP_Isolated_16	43:9677	4	0.0	0.16958355999999997	0.2524391564959919	0	0	0	0		1	False	0
abau-SAMN11997570	GP_Isolated_10	20:13386	4	0.0	0.0788527	0.29233769047447106	GP_Isolated_17	52:8917	4	0.0	0.26860195	1.6024168893382442	0	0	0	0		1	False	0
abau-SAMN11997570	GP_Isolated_10	20:13386	4	0.0	0.0788527	0.29233769047447106	GP_Isolated_18	60:8302	4	0.0	0.49997159999999996	3.08373654943309	0	0	0	0		1	False	0
abau-SAMN11997570	GP_Isolated_10	20:13386	4	0.0	0.0788527	0.29233769047447106	GP_Isolated_19	61:8198	4	0.0	0.4999987	4.34523211820196	0	0	0	0		1	False	0
abau-SAMN11997570	GP_Isolated_10	20:13386	4	0.0	0.0788527	0.29233769047447106	GP_Isolated_20	63:7953	4	0.0	0.49999910000000003	6.654389639151682	0	0	0	0		1	False	0
abau-SAMN11997570	GP_Isolated_10	20:13386	4	0.0	0.0788527	0.29233769047447106	GP_Isolated_21	64:7926	4	0.0	0.36175559999999995	1.6550456175826294	0	0	0	0		1	False	0
abau-SAMN11997570	GP_Isolated_10	20:13386	4	0.0	0.0788527	0.29233769047447106	GP_Isolated_22	69:7625	4	0.0	0.49997175000000005	3.060650923184324	0	0	0	0		1	False	0
abau-SAMN11997570	GP_Isolated_10	20:13386	4	0.0	0.0788527	0.29233769047447106	GP_Isolated_23	72:7492	4	0.0	0.49645627000000003	2.3169621460583834	0	0	0	0		1	False	0
abau-SAMN11997570	GP_Isolated_10	20:13386	4	0.0	0.0788527	0.29233769047447106	GP_Isolated_24	77:7113	4	0.0	0.057672999999999974	0.2827212874028069	0	0	0	0		1	False	0
abau-SAMN11997570	GP_Isolated_10	20:13386	4	0.0	0.0788527	0.29233769047447106	GP_Isolated_25	86:6734	4	0.0	0.49999654000000004	3.6742134276979375	0	0	0	0		1	False	0
abau-SAMN11997570	GP_Isolated_10	20:13386	4	0.0	0.0788527	0.29233769047447106	GP_Isolated_26	92:6431	4	0.0	0.49970099999999995	2.626712163886281	0	0	0	0		1	False	0
abau-SAMN11997570	GP_Isolated_10	20:13386	4	0.0	0.0788527	0.29233769047447106	GP_Isolated_27	93:6340	4	0.0	0.09477329999999995	0.26630798488240537	0	0	0	0		1	False	0
abau-SAMN11997570	GP_Isolated_10	20:13386	4	0.0	0.0788527	0.29233769047447106	GP_Isolated_28	99:6130	4	0.0	0.49999879999999997	5.188759298042897	0	0	0	0		1	False	0
abau-SAMN11997570	GP_Isolated_10	20:13386	4	0.0	0.0788527	0.29233769047447106	GP_Isolated_29	105:5975	4	0.0	0.08651770000000003	0.2702998242699983	0	0	0	0		1	False	0
abau-SAMN11997570	GP_Isolated_10	20:13386	4	0.0	0.0788527	0.29233769047447106	GP_unb_2	109:5910	4	0.0	0.15053510000000003	0.9975867215522015	0	0	0	0		1	False	0
abau-SAMN11997570	GP_Isolated_10	20:13386	4	0.0	0.0788527	0.29233769047447106	GP_Isolated_30	110:5839	4	0.0	0.49999905	26.076827712380542	0	0	0	0		1	False	0
abau-SAMN11997570	GP_Isolated_10	20:13386	4	0.0	0.0788527	0.29233769047447106	GP_Isolated_31	112:5733	4	0.0	0.12803370000000003	0.26043366794251466	0	0	0	0		1	False	0
abau-SAMN11997570	GP_Isolated_10	20:13386	4	0.0	0.0788527	0.29233769047447106	GP_Isolated_32	114:5711	4	0.0	0.49962366	2.5835740593630394	0	0	0	0		1	False	0
abau-SAMN11997570	GP_Isolated_10	20:13386	4	0.0	0.0788527	0.29233769047447106	GP_0	117:5672,138:4536,252:119	4	0.0	1.10585566	0.7813266136478622	0	0	0	0		1	False	0
abau-SAMN11997570	GP_Isolated_10	20:13386	4	0.0	0.0788527	0.29233769047447106	GP_Isolated_33	127:5298	4	0.0	0.06380206	0.2745305842420741	0	0	0	0		1	False	0
abau-SAMN11997570	GP_Isolated_10	20:13386	4	0.0	0.0788527	0.29233769047447106	GP_Isolated_34	132:4796	4	0.0	0.49998089999999995	3.1051019635387167	0	0	0	0		1	False	0
abau-SAMN11997570	GP_Isolated_10	20:13386	4	0.0	0.0788527	0.29233769047447106	GP_Isolated_35	133:4689	4	0.0	0.49999760000000004	4.408222246075734	0	0	0	0		1	False	0
abau-SAMN11997570	GP_Isolated_10	20:13386	4	0.0	0.0788527	0.29233769047447106	GP_Isolated_36	136:4629	4	0.0	0.49999930000000004	13.21862738017862	0	0	0	0		1	False	0
abau-SAMN11997570	GP_Isolated_10	20:13386	4	0.0	0.0788527	0.29233769047447106	GP_Isolated_37	137:4557	4	0.0	0.47178555	1.9480913473226646	0	0	0	0		1	False	0
abau-SAMN11997570	GP_Isolated_10	20:13386	4	0.0	0.0788527	0.29233769047447106	GP_Isolated_38	141:4413	4	0.0	0.4998292	2.6496413182157386	0	0	0	0		1	False	0
abau-SAMN11997570	GP_Isolated_10	20:13386	4	0.0	0.0788527	0.29233769047447106	GP_Isolated_39	151:4034	4	0.0	0.49999845	4.643478731855276	0	0	0	0		1	False	0
abau-SAMN11997570	GP_Isolated_10	20:13386	4	0.0	0.0788527	0.29233769047447106	GP_Isolated_40	152:3965	4	0.0	0.49792479999999995	2.255849642521846	0	0	0	0		1	False	0
abau-SAMN11997570	GP_Isolated_10	20:13386	4	0.0	0.0788527	0.29233769047447106	GP_Isolated_41	155:3816	4	0.0	0.49920356	2.431904624347031	0	0	0	0		1	False	0
abau-SAMN11997570	GP_Isolated_10	20:13386	4	0.0	0.0788527	0.29233769047447106	GP_Isolated_42	162:3658	4	0.0	0.49999857000000003	7.322344190077274	0	0	0	0		1	False	0
abau-SAMN11997570	GP_Isolated_10	20:13386	4	0.0	0.0788527	0.29233769047447106	GP_Isolated_43	163:3614	4	0.0	0.4999521	2.864001829517826	0	0	0	0		1	False	0
abau-SAMN11997570	GP_Isolated_10	20:13386	4	0.0	0.0788527	0.29233769047447106	GP_Isolated_44	169:3435	4	0.0	0.49999654000000004	4.247255723261357	0	0	0	0		1	False	0
abau-SAMN11997570	GP_Isolated_10	20:13386	4	0.0	0.0788527	0.29233769047447106	GP_Isolated_45	171:3358	4	0.0	0.06734925999999997	0.25885931970824005	0	0	0	0		1	False	0
abau-SAMN11997570	GP_Isolated_10	20:13386	4	0.0	0.0788527	0.29233769047447106	GP_unb_3	172:3326	4	0.0	0.14425707	0.3960207987289666	0	0	0	0		1	False	0
abau-SAMN11997570	GP_Isolated_10	20:13386	4	0.0	0.0788527	0.29233769047447106	GP_Isolated_46	175:3283	4	0.0	0.4999987	8.19858693820563	0	0	0	0		1	False	0
abau-SAMN11997570	GP_Isolated_10	20:13386	4	0.0	0.0788527	0.29233769047447106	GP_Isolated_47	179:3189	4	0.0	0.45655227	1.7767687345032621	0	0	0	0		1	False	0
abau-SAMN11997570	GP_Isolated_10	20:13386	4	0.0	0.0788527	0.29233769047447106	GP_Isolated_48	180:3118	4	0.0	0.40498376	1.5893334296237451	0	0	0	0		1	False	0
abau-SAMN11997570	GP_Isolated_10	20:13386	4	0.0	0.0788527	0.29233769047447106	GP_Isolated_49	184:2877	4	0.0	0.07340884000000003	0.25477961531980453	0	0	0	0		1	False	0
abau-SAMN11997570	GP_Isolated_10	20:13386	4	0.0	0.0788527	0.29233769047447106	GP_Isolated_50	193:2632	4	0.0	0.49999857000000003	6.944283960424642	0	0	0	0		1	False	0
abau-SAMN11997570	GP_Isolated_10	20:13386	4	0.0	0.0788527	0.29233769047447106	GP_Isolated_51	194:2629	4	0.0	0.006962899999999994	1.504748320935943	0	0	0	0		1	False	0
abau-SAMN11997570	GP_Isolated_10	20:13386	4	0.0	0.0788527	0.29233769047447106	GP_Isolated_52	200:2482	4	0.0	0.4994037	2.496003947906887	0	0	0	0		1	False	0
abau-SAMN11997570	GP_Isolated_10	20:13386	4	0.0	0.0788527	0.29233769047447106	GP_unb_4	201:2472	4	0.0	0.48582080000000005	92.25163091885126	0	0	0	0		1	False	0
abau-SAMN11997570	GP_Isolated_10	20:13386	4	0.0	0.0788527	0.29233769047447106	GP_unb_5	207:2365	4	0.0	0.17706615000000003	0.5505813533617391	0	0	0	0		1	False	0
abau-SAMN11997570	GP_Isolated_10	20:13386	4	0.0	0.0788527	0.29233769047447106	GP_Isolated_53	208:2339	4	0.0	0.37396929999999995	1.6160780915240365	0	0	0	0		1	False	0
abau-SAMN11997570	GP_Isolated_10	20:13386	4	0.0	0.0788527	0.29233769047447106	GP_Isolated_54	212:2192	4	0.0	0.49995670000000003	2.958468741725043	0	0	0	0		1	False	0
abau-SAMN11997570	GP_Isolated_10	20:13386	4	0.0	0.0788527	0.29233769047447106	GP_unb_6	217:2126	4	0.0	0.12310969999999999	0.8445270937146435	0	0	0	0		1	False	0
abau-SAMN11997570	GP_Isolated_10	20:13386	4	0.0	0.0788527	0.29233769047447106	GP_Isolated_55	220:2070	4	0.0	0.49999875000000005	6.719385667172192	0	0	0	0		1	False	0
abau-SAMN11997570	GP_Isolated_10	20:13386	4	0.0	0.0788527	0.29233769047447106	GP_Isolated_56	224:1987	4	0.0	0.49966469999999996	2.5793733901446765	0	0	0	0		1	False	0
abau-SAMN11997570	GP_Isolated_10	20:13386	4	0.0	0.0788527	0.29233769047447106	GP_Isolated_57	229:1833	4	0.0	0.19480030000000004	1.4968043619556584	0	0	0	0		1	False	0
abau-SAMN11997570	GP_Isolated_10	20:13386	4	0.0	0.0788527	0.29233769047447106	GP_Isolated_58	230:1819	4	0.0	0.49898010000000004	2.1407164006644037	0	0	0	0		1	False	0
abau-SAMN11997570	GP_Isolated_10	20:13386	4	0.0	0.0788527	0.29233769047447106	GP_Isolated_59	234:1611	4	0.0	0.49999607	4.6761512722370675	0	0	0	0		1	False	0
abau-SAMN11997570	GP_Isolated_10	20:13386	4	0.0	0.0788527	0.29233769047447106	GP_2	235:1574,249:762,250:616	4	-0.008126911518390956	0.76670491	0.4261018402203942	0	0	0	0		1	False	0
abau-SAMN11997570	GP_Isolated_10	20:13386	4	0.0	0.0788527	0.29233769047447106	GP_Isolated_60	236:1536	4	0.0	0.24603045	1.5082147757637034	0	0	0	0		1	False	0
abau-SAMN11997570	GP_Isolated_11	21:13316	4	0.0	0.12431042999999997	0.28613237524373514	GP_1	22:12927,116:5704	4	0.0	0.9999921700000001	13.595768119464815	0	0	0	0		1	False	0
abau-SAMN11997570	GP_Isolated_11	21:13316	4	0.0	0.12431042999999997	0.28613237524373514	GP_Isolated_12	25:12419	4	0.0	0.49195515999999995	2.2434281793890376	0	0	0	0		1	False	0
abau-SAMN11997570	GP_Isolated_11	21:13316	4	0.0	0.12431042999999997	0.28613237524373514	GP_Isolated_13	27:12317	4	0.0	0.13339292999999997	0.2813852579379409	0	0	0	0		1	False	0
abau-SAMN11997570	GP_Isolated_11	21:13316	4	0.0	0.12431042999999997	0.28613237524373514	GP_unb_1	31:11825	4	0.0	0.22009369999999995	0.39213307334922126	0	0	0	0		1	False	0
abau-SAMN11997570	GP_Isolated_11	21:13316	4	0.0	0.12431042999999997	0.28613237524373514	GP_Isolated_14	33:11500	4	0.0	0.08143109999999998	0.2844575238920585	0	0	0	0		1	False	0
abau-SAMN11997570	GP_Isolated_11	21:13316	4	0.0	0.12431042999999997	0.28613237524373514	GP_Isolated_15	37:10677	4	0.0	0.4043329	1.712880046219398	0	0	0	0		1	False	0
abau-SAMN11997570	GP_Isolated_11	21:13316	4	0.0	0.12431042999999997	0.28613237524373514	GP_Isolated_16	43:9677	4	0.0	0.16958355999999997	0.2524391564959919	0	0	0	0		1	False	0
abau-SAMN11997570	GP_Isolated_11	21:13316	4	0.0	0.12431042999999997	0.28613237524373514	GP_Isolated_17	52:8917	4	0.0	0.26860195	1.6024168893382442	0	0	0	0		1	False	0
abau-SAMN11997570	GP_Isolated_11	21:13316	4	0.0	0.12431042999999997	0.28613237524373514	GP_Isolated_18	60:8302	4	0.0	0.49997159999999996	3.08373654943309	0	0	0	0		1	False	0
abau-SAMN11997570	GP_Isolated_11	21:13316	4	0.0	0.12431042999999997	0.28613237524373514	GP_Isolated_19	61:8198	4	0.0	0.4999987	4.34523211820196	0	0	0	0		1	False	0
abau-SAMN11997570	GP_Isolated_11	21:13316	4	0.0	0.12431042999999997	0.28613237524373514	GP_Isolated_20	63:7953	4	0.0	0.49999910000000003	6.654389639151682	0	0	0	0		1	False	0
abau-SAMN11997570	GP_Isolated_11	21:13316	4	0.0	0.12431042999999997	0.28613237524373514	GP_Isolated_21	64:7926	4	0.0	0.36175559999999995	1.6550456175826294	0	0	0	0		1	False	0
abau-SAMN11997570	GP_Isolated_11	21:13316	4	0.0	0.12431042999999997	0.28613237524373514	GP_Isolated_22	69:7625	4	0.0	0.49997175000000005	3.060650923184324	0	0	0	0		1	False	0
abau-SAMN11997570	GP_Isolated_11	21:13316	4	0.0	0.12431042999999997	0.28613237524373514	GP_Isolated_23	72:7492	4	0.0	0.49645627000000003	2.3169621460583834	0	0	0	0		1	False	0
abau-SAMN11997570	GP_Isolated_11	21:13316	4	0.0	0.12431042999999997	0.28613237524373514	GP_Isolated_24	77:7113	4	0.0	0.057672999999999974	0.2827212874028069	0	0	0	0		1	False	0
abau-SAMN11997570	GP_Isolated_11	21:13316	4	0.0	0.12431042999999997	0.28613237524373514	GP_Isolated_25	86:6734	4	0.0	0.49999654000000004	3.6742134276979375	0	0	0	0		1	False	0
abau-SAMN11997570	GP_Isolated_11	21:13316	4	0.0	0.12431042999999997	0.28613237524373514	GP_Isolated_26	92:6431	4	0.0	0.49970099999999995	2.626712163886281	0	0	0	0		1	False	0
abau-SAMN11997570	GP_Isolated_11	21:13316	4	0.0	0.12431042999999997	0.28613237524373514	GP_Isolated_27	93:6340	4	0.0	0.09477329999999995	0.26630798488240537	0	0	0	0		1	False	0
abau-SAMN11997570	GP_Isolated_11	21:13316	4	0.0	0.12431042999999997	0.28613237524373514	GP_Isolated_28	99:6130	4	0.0	0.49999879999999997	5.188759298042897	0	0	0	0		1	False	0
abau-SAMN11997570	GP_Isolated_11	21:13316	4	0.0	0.12431042999999997	0.28613237524373514	GP_Isolated_29	105:5975	4	0.0	0.08651770000000003	0.2702998242699983	0	0	0	0		1	False	0
abau-SAMN11997570	GP_Isolated_11	21:13316	4	0.0	0.12431042999999997	0.28613237524373514	GP_unb_2	109:5910	4	0.0	0.15053510000000003	0.9975867215522015	0	0	0	0		1	False	0
abau-SAMN11997570	GP_Isolated_11	21:13316	4	0.0	0.12431042999999997	0.28613237524373514	GP_Isolated_30	110:5839	4	0.0	0.49999905	26.076827712380542	0	0	0	0		1	False	0
abau-SAMN11997570	GP_Isolated_11	21:13316	4	0.0	0.12431042999999997	0.28613237524373514	GP_Isolated_31	112:5733	4	0.0	0.12803370000000003	0.26043366794251466	0	0	0	0		1	False	0
abau-SAMN11997570	GP_Isolated_11	21:13316	4	0.0	0.12431042999999997	0.28613237524373514	GP_Isolated_32	114:5711	4	0.0	0.49962366	2.5835740593630394	0	0	0	0		1	False	0
abau-SAMN11997570	GP_Isolated_11	21:13316	4	0.0	0.12431042999999997	0.28613237524373514	GP_0	117:5672,138:4536,252:119	4	0.0	1.10585566	0.7813266136478622	0	0	0	0		1	False	0
abau-SAMN11997570	GP_Isolated_11	21:13316	4	0.0	0.12431042999999997	0.28613237524373514	GP_Isolated_33	127:5298	4	0.0	0.06380206	0.2745305842420741	0	0	0	0		1	False	0
abau-SAMN11997570	GP_Isolated_11	21:13316	4	0.0	0.12431042999999997	0.28613237524373514	GP_Isolated_34	132:4796	4	0.0	0.49998089999999995	3.1051019635387167	0	0	0	0		1	False	0
abau-SAMN11997570	GP_Isolated_11	21:13316	4	0.0	0.12431042999999997	0.28613237524373514	GP_Isolated_35	133:4689	4	0.0	0.49999760000000004	4.408222246075734	0	0	0	0		1	False	0
abau-SAMN11997570	GP_Isolated_11	21:13316	4	0.0	0.12431042999999997	0.28613237524373514	GP_Isolated_36	136:4629	4	0.0	0.49999930000000004	13.21862738017862	0	0	0	0		1	False	0
abau-SAMN11997570	GP_Isolated_11	21:13316	4	0.0	0.12431042999999997	0.28613237524373514	GP_Isolated_37	137:4557	4	0.0	0.47178555	1.9480913473226646	0	0	0	0		1	False	0
abau-SAMN11997570	GP_Isolated_11	21:13316	4	0.0	0.12431042999999997	0.28613237524373514	GP_Isolated_38	141:4413	4	0.0	0.4998292	2.6496413182157386	0	0	0	0		1	False	0
abau-SAMN11997570	GP_Isolated_11	21:13316	4	0.0	0.12431042999999997	0.28613237524373514	GP_Isolated_39	151:4034	4	0.0	0.49999845	4.643478731855276	0	0	0	0		1	False	0
abau-SAMN11997570	GP_Isolated_11	21:13316	4	0.0	0.12431042999999997	0.28613237524373514	GP_Isolated_40	152:3965	4	0.0	0.49792479999999995	2.255849642521846	0	0	0	0		1	False	0
abau-SAMN11997570	GP_Isolated_11	21:13316	4	0.0	0.12431042999999997	0.28613237524373514	GP_Isolated_41	155:3816	4	0.0	0.49920356	2.431904624347031	0	0	0	0		1	False	0
abau-SAMN11997570	GP_Isolated_11	21:13316	4	0.0	0.12431042999999997	0.28613237524373514	GP_Isolated_42	162:3658	4	0.0	0.49999857000000003	7.322344190077274	0	0	0	0		1	False	0
abau-SAMN11997570	GP_Isolated_11	21:13316	4	0.0	0.12431042999999997	0.28613237524373514	GP_Isolated_43	163:3614	4	0.0	0.4999521	2.864001829517826	0	0	0	0		1	False	0
abau-SAMN11997570	GP_Isolated_11	21:13316	4	0.0	0.12431042999999997	0.28613237524373514	GP_Isolated_44	169:3435	4	0.0	0.49999654000000004	4.247255723261357	0	0	0	0		1	False	0
abau-SAMN11997570	GP_Isolated_11	21:13316	4	0.0	0.12431042999999997	0.28613237524373514	GP_Isolated_45	171:3358	4	0.0	0.06734925999999997	0.25885931970824005	0	0	0	0		1	False	0
abau-SAMN11997570	GP_Isolated_11	21:13316	4	0.0	0.12431042999999997	0.28613237524373514	GP_unb_3	172:3326	4	0.0	0.14425707	0.3960207987289666	0	0	0	0		1	False	0
abau-SAMN11997570	GP_Isolated_11	21:13316	4	0.0	0.12431042999999997	0.28613237524373514	GP_Isolated_46	175:3283	4	0.0	0.4999987	8.19858693820563	0	0	0	0		1	False	0
abau-SAMN11997570	GP_Isolated_11	21:13316	4	0.0	0.12431042999999997	0.28613237524373514	GP_Isolated_47	179:3189	4	0.0	0.45655227	1.7767687345032621	0	0	0	0		1	False	0
abau-SAMN11997570	GP_Isolated_11	21:13316	4	0.0	0.12431042999999997	0.28613237524373514	GP_Isolated_48	180:3118	4	0.0	0.40498376	1.5893334296237451	0	0	0	0		1	False	0
abau-SAMN11997570	GP_Isolated_11	21:13316	4	0.0	0.12431042999999997	0.28613237524373514	GP_Isolated_49	184:2877	4	0.0	0.07340884000000003	0.25477961531980453	0	0	0	0		1	False	0
abau-SAMN11997570	GP_Isolated_11	21:13316	4	0.0	0.12431042999999997	0.28613237524373514	GP_Isolated_50	193:2632	4	0.0	0.49999857000000003	6.944283960424642	0	0	0	0		1	False	0
abau-SAMN11997570	GP_Isolated_11	21:13316	4	0.0	0.12431042999999997	0.28613237524373514	GP_Isolated_51	194:2629	4	0.0	0.006962899999999994	1.504748320935943	0	0	0	0		1	False	0
abau-SAMN11997570	GP_Isolated_11	21:13316	4	0.0	0.12431042999999997	0.28613237524373514	GP_Isolated_52	200:2482	4	0.0	0.4994037	2.496003947906887	0	0	0	0		1	False	0
abau-SAMN11997570	GP_Isolated_11	21:13316	4	0.0	0.12431042999999997	0.28613237524373514	GP_unb_4	201:2472	4	0.0	0.48582080000000005	92.25163091885126	0	0	0	0		1	False	0
abau-SAMN11997570	GP_Isolated_11	21:13316	4	0.0	0.12431042999999997	0.28613237524373514	GP_unb_5	207:2365	4	0.0	0.17706615000000003	0.5505813533617391	0	0	0	0		1	False	0
abau-SAMN11997570	GP_Isolated_11	21:13316	4	0.0	0.12431042999999997	0.28613237524373514	GP_Isolated_53	208:2339	4	0.0	0.37396929999999995	1.6160780915240365	0	0	0	0		1	False	0
abau-SAMN11997570	GP_Isolated_11	21:13316	4	0.0	0.12431042999999997	0.28613237524373514	GP_Isolated_54	212:2192	4	0.0	0.49995670000000003	2.958468741725043	0	0	0	0		1	False	0
abau-SAMN11997570	GP_Isolated_11	21:13316	4	0.0	0.12431042999999997	0.28613237524373514	GP_unb_6	217:2126	4	0.0	0.12310969999999999	0.8445270937146435	0	0	0	0		1	False	0
abau-SAMN11997570	GP_Isolated_11	21:13316	4	0.0	0.12431042999999997	0.28613237524373514	GP_Isolated_55	220:2070	4	0.0	0.49999875000000005	6.719385667172192	0	0	0	0		1	False	0
abau-SAMN11997570	GP_Isolated_11	21:13316	4	0.0	0.12431042999999997	0.28613237524373514	GP_Isolated_56	224:1987	4	0.0	0.49966469999999996	2.5793733901446765	0	0	0	0		1	False	0
abau-SAMN11997570	GP_Isolated_11	21:13316	4	0.0	0.12431042999999997	0.28613237524373514	GP_Isolated_57	229:1833	4	0.0	0.19480030000000004	1.4968043619556584	0	0	0	0		1	False	0
abau-SAMN11997570	GP_Isolated_11	21:13316	4	0.0	0.12431042999999997	0.28613237524373514	GP_Isolated_58	230:1819	4	0.0	0.49898010000000004	2.1407164006644037	0	0	0	0		1	False	0
abau-SAMN11997570	GP_Isolated_11	21:13316	4	0.0	0.12431042999999997	0.28613237524373514	GP_Isolated_59	234:1611	4	0.0	0.49999607	4.6761512722370675	0	0	0	0		1	False	0
abau-SAMN11997570	GP_Isolated_11	21:13316	4	0.0	0.12431042999999997	0.28613237524373514	GP_2	235:1574,249:762,250:616	4	-0.008126911518390956	0.76670491	0.4261018402203942	0	0	0	0		1	False	0
abau-SAMN11997570	GP_Isolated_11	21:13316	4	0.0	0.12431042999999997	0.28613237524373514	GP_Isolated_60	236:1536	4	0.0	0.24603045	1.5082147757637034	0	0	0	0		1	False	0
abau-SAMN11997570	GP_1	22:12927,116:5704	4	0.0	0.9999921700000001	13.595768119464815	GP_Isolated_12	25:12419	4	0.0	0.49195515999999995	2.2434281793890376	0	0	0	0		1	False	0
abau-SAMN11997570	GP_1	22:12927,116:5704	4	0.0	0.9999921700000001	13.595768119464815	GP_Isolated_13	27:12317	4	0.0	0.13339292999999997	0.2813852579379409	0	0	0	0		1	False	0
abau-SAMN11997570	GP_1	22:12927,116:5704	4	0.0	0.9999921700000001	13.595768119464815	GP_unb_1	31:11825	4	0.0	0.22009369999999995	0.39213307334922126	0	0	0	0		1	False	0
abau-SAMN11997570	GP_1	22:12927,116:5704	4	0.0	0.9999921700000001	13.595768119464815	GP_Isolated_14	33:11500	4	0.0	0.08143109999999998	0.2844575238920585	0	0	0	0		1	False	0
abau-SAMN11997570	GP_1	22:12927,116:5704	4	0.0	0.9999921700000001	13.595768119464815	GP_Isolated_15	37:10677	4	0.0	0.4043329	1.712880046219398	0	0	0	0		1	False	0
abau-SAMN11997570	GP_1	22:12927,116:5704	4	0.0	0.9999921700000001	13.595768119464815	GP_Isolated_16	43:9677	4	0.0	0.16958355999999997	0.2524391564959919	0	0	0	0		1	False	0
abau-SAMN11997570	GP_1	22:12927,116:5704	4	0.0	0.9999921700000001	13.595768119464815	GP_Isolated_17	52:8917	4	0.0	0.26860195	1.6024168893382442	0	0	0	0		1	False	0
abau-SAMN11997570	GP_1	22:12927,116:5704	4	0.0	0.9999921700000001	13.595768119464815	GP_Isolated_18	60:8302	4	0.0	0.49997159999999996	3.08373654943309	0	0	0	0		1	False	0
abau-SAMN11997570	GP_1	22:12927,116:5704	4	0.0	0.9999921700000001	13.595768119464815	GP_Isolated_19	61:8198	4	0.0	0.4999987	4.34523211820196	0	0	0	0		1	False	0
abau-SAMN11997570	GP_1	22:12927,116:5704	4	0.0	0.9999921700000001	13.595768119464815	GP_Isolated_20	63:7953	4	0.0	0.49999910000000003	6.654389639151682	0	0	0	0		1	False	0
abau-SAMN11997570	GP_1	22:12927,116:5704	4	0.0	0.9999921700000001	13.595768119464815	GP_Isolated_21	64:7926	4	0.0	0.36175559999999995	1.6550456175826294	0	0	0	0		1	False	0
abau-SAMN11997570	GP_1	22:12927,116:5704	4	0.0	0.9999921700000001	13.595768119464815	GP_Isolated_22	69:7625	4	0.0	0.49997175000000005	3.060650923184324	0	0	0	0		1	False	0
abau-SAMN11997570	GP_1	22:12927,116:5704	4	0.0	0.9999921700000001	13.595768119464815	GP_Isolated_23	72:7492	4	0.0	0.49645627000000003	2.3169621460583834	0	0	0	0		1	False	0
abau-SAMN11997570	GP_1	22:12927,116:5704	4	0.0	0.9999921700000001	13.595768119464815	GP_Isolated_24	77:7113	4	0.0	0.057672999999999974	0.2827212874028069	0	0	0	0		1	False	0
abau-SAMN11997570	GP_1	22:12927,116:5704	4	0.0	0.9999921700000001	13.595768119464815	GP_Isolated_25	86:6734	4	0.0	0.49999654000000004	3.6742134276979375	0	0	0	0		1	False	0
abau-SAMN11997570	GP_1	22:12927,116:5704	4	0.0	0.9999921700000001	13.595768119464815	GP_Isolated_26	92:6431	4	0.0	0.49970099999999995	2.626712163886281	0	0	0	0		1	False	0
abau-SAMN11997570	GP_1	22:12927,116:5704	4	0.0	0.9999921700000001	13.595768119464815	GP_Isolated_27	93:6340	4	0.0	0.09477329999999995	0.26630798488240537	0	0	0	0		1	False	0
abau-SAMN11997570	GP_1	22:12927,116:5704	4	0.0	0.9999921700000001	13.595768119464815	GP_Isolated_28	99:6130	4	0.0	0.49999879999999997	5.188759298042897	0	0	0	0		1	False	0
abau-SAMN11997570	GP_1	22:12927,116:5704	4	0.0	0.9999921700000001	13.595768119464815	GP_Isolated_29	105:5975	4	0.0	0.08651770000000003	0.2702998242699983	0	0	0	0		1	False	0
abau-SAMN11997570	GP_1	22:12927,116:5704	4	0.0	0.9999921700000001	13.595768119464815	GP_unb_2	109:5910	4	0.0	0.15053510000000003	0.9975867215522015	0	0	0	0		1	False	0
abau-SAMN11997570	GP_1	22:12927,116:5704	4	0.0	0.9999921700000001	13.595768119464815	GP_Isolated_30	110:5839	4	0.0	0.49999905	26.076827712380542	0	0	0	0		1	False	0
abau-SAMN11997570	GP_1	22:12927,116:5704	4	0.0	0.9999921700000001	13.595768119464815	GP_Isolated_31	112:5733	4	0.0	0.12803370000000003	0.26043366794251466	0	0	0	0		1	False	0
abau-SAMN11997570	GP_1	22:12927,116:5704	4	0.0	0.9999921700000001	13.595768119464815	GP_Isolated_32	114:5711	4	0.0	0.49962366	2.5835740593630394	0	0	0	0		1	False	0
abau-SAMN11997570	GP_1	22:12927,116:5704	4	0.0	0.9999921700000001	13.595768119464815	GP_0	117:5672,138:4536,252:119	4	0.0	1.10585566	0.7813266136478622	0	0	0	0		1	False	0
abau-SAMN11997570	GP_1	22:12927,116:5704	4	0.0	0.9999921700000001	13.595768119464815	GP_Isolated_33	127:5298	4	0.0	0.06380206	0.2745305842420741	0	0	0	0		1	False	0
abau-SAMN11997570	GP_1	22:12927,116:5704	4	0.0	0.9999921700000001	13.595768119464815	GP_Isolated_34	132:4796	4	0.0	0.49998089999999995	3.1051019635387167	0	0	0	0		1	False	0
abau-SAMN11997570	GP_1	22:12927,116:5704	4	0.0	0.9999921700000001	13.595768119464815	GP_Isolated_35	133:4689	4	0.0	0.49999760000000004	4.408222246075734	0	0	0	0		1	False	0
abau-SAMN11997570	GP_1	22:12927,116:5704	4	0.0	0.9999921700000001	13.595768119464815	GP_Isolated_36	136:4629	4	0.0	0.49999930000000004	13.21862738017862	0	0	0	0		1	False	0
abau-SAMN11997570	GP_1	22:12927,116:5704	4	0.0	0.9999921700000001	13.595768119464815	GP_Isolated_37	137:4557	4	0.0	0.47178555	1.9480913473226646	0	0	0	0		1	False	0
abau-SAMN11997570	GP_1	22:12927,116:5704	4	0.0	0.9999921700000001	13.595768119464815	GP_Isolated_38	141:4413	4	0.0	0.4998292	2.6496413182157386	0	0	0	0		1	False	0
abau-SAMN11997570	GP_1	22:12927,116:5704	4	0.0	0.9999921700000001	13.595768119464815	GP_Isolated_39	151:4034	4	0.0	0.49999845	4.643478731855276	0	0	0	0		1	False	0
abau-SAMN11997570	GP_1	22:12927,116:5704	4	0.0	0.9999921700000001	13.595768119464815	GP_Isolated_40	152:3965	4	0.0	0.49792479999999995	2.255849642521846	0	0	0	0		1	False	0
abau-SAMN11997570	GP_1	22:12927,116:5704	4	0.0	0.9999921700000001	13.595768119464815	GP_Isolated_41	155:3816	4	0.0	0.49920356	2.431904624347031	0	0	0	0		1	False	0
abau-SAMN11997570	GP_1	22:12927,116:5704	4	0.0	0.9999921700000001	13.595768119464815	GP_Isolated_42	162:3658	4	0.0	0.49999857000000003	7.322344190077274	0	0	0	0		1	False	0
abau-SAMN11997570	GP_1	22:12927,116:5704	4	0.0	0.9999921700000001	13.595768119464815	GP_Isolated_43	163:3614	4	0.0	0.4999521	2.864001829517826	0	0	0	0		1	False	0
abau-SAMN11997570	GP_1	22:12927,116:5704	4	0.0	0.9999921700000001	13.595768119464815	GP_Isolated_44	169:3435	4	0.0	0.49999654000000004	4.247255723261357	0	0	0	0		1	False	0
abau-SAMN11997570	GP_1	22:12927,116:5704	4	0.0	0.9999921700000001	13.595768119464815	GP_Isolated_45	171:3358	4	0.0	0.06734925999999997	0.25885931970824005	0	0	0	0		1	False	0
abau-SAMN11997570	GP_1	22:12927,116:5704	4	0.0	0.9999921700000001	13.595768119464815	GP_unb_3	172:3326	4	0.0	0.14425707	0.3960207987289666	0	0	0	0		1	False	0
abau-SAMN11997570	GP_1	22:12927,116:5704	4	0.0	0.9999921700000001	13.595768119464815	GP_Isolated_46	175:3283	4	0.0	0.4999987	8.19858693820563	0	0	0	0		1	False	0
abau-SAMN11997570	GP_1	22:12927,116:5704	4	0.0	0.9999921700000001	13.595768119464815	GP_Isolated_47	179:3189	4	0.0	0.45655227	1.7767687345032621	0	0	0	0		1	False	0
abau-SAMN11997570	GP_1	22:12927,116:5704	4	0.0	0.9999921700000001	13.595768119464815	GP_Isolated_48	180:3118	4	0.0	0.40498376	1.5893334296237451	0	0	0	0		1	False	0
abau-SAMN11997570	GP_1	22:12927,116:5704	4	0.0	0.9999921700000001	13.595768119464815	GP_Isolated_49	184:2877	4	0.0	0.07340884000000003	0.25477961531980453	0	0	0	0		1	False	0
abau-SAMN11997570	GP_1	22:12927,116:5704	4	0.0	0.9999921700000001	13.595768119464815	GP_Isolated_50	193:2632	4	0.0	0.49999857000000003	6.944283960424642	0	0	0	0		1	False	0
abau-SAMN11997570	GP_1	22:12927,116:5704	4	0.0	0.9999921700000001	13.595768119464815	GP_Isolated_51	194:2629	4	0.0	0.006962899999999994	1.504748320935943	0	0	0	0		1	False	0
abau-SAMN11997570	GP_1	22:12927,116:5704	4	0.0	0.9999921700000001	13.595768119464815	GP_Isolated_52	200:2482	4	0.0	0.4994037	2.496003947906887	0	0	0	0		1	False	0
abau-SAMN11997570	GP_1	22:12927,116:5704	4	0.0	0.9999921700000001	13.595768119464815	GP_unb_4	201:2472	4	0.0	0.48582080000000005	92.25163091885126	0	0	0	0		1	False	0
abau-SAMN11997570	GP_1	22:12927,116:5704	4	0.0	0.9999921700000001	13.595768119464815	GP_unb_5	207:2365	4	0.0	0.17706615000000003	0.5505813533617391	0	0	0	0		1	False	0
abau-SAMN11997570	GP_1	22:12927,116:5704	4	0.0	0.9999921700000001	13.595768119464815	GP_Isolated_53	208:2339	4	0.0	0.37396929999999995	1.6160780915240365	0	0	0	0		1	False	0
abau-SAMN11997570	GP_1	22:12927,116:5704	4	0.0	0.9999921700000001	13.595768119464815	GP_Isolated_54	212:2192	4	0.0	0.49995670000000003	2.958468741725043	0	0	0	0		1	False	0
abau-SAMN11997570	GP_1	22:12927,116:5704	4	0.0	0.9999921700000001	13.595768119464815	GP_unb_6	217:2126	4	0.0	0.12310969999999999	0.8445270937146435	0	0	0	0		1	False	0
abau-SAMN11997570	GP_1	22:12927,116:5704	4	0.0	0.9999921700000001	13.595768119464815	GP_Isolated_55	220:2070	4	0.0	0.49999875000000005	6.719385667172192	0	0	0	0		1	False	0
abau-SAMN11997570	GP_1	22:12927,116:5704	4	0.0	0.9999921700000001	13.595768119464815	GP_Isolated_56	224:1987	4	0.0	0.49966469999999996	2.5793733901446765	0	0	0	0		1	False	0
abau-SAMN11997570	GP_1	22:12927,116:5704	4	0.0	0.9999921700000001	13.595768119464815	GP_Isolated_57	229:1833	4	0.0	0.19480030000000004	1.4968043619556584	0	0	0	0		1	False	0
abau-SAMN11997570	GP_1	22:12927,116:5704	4	0.0	0.9999921700000001	13.595768119464815	GP_Isolated_58	230:1819	4	0.0	0.49898010000000004	2.1407164006644037	0	0	0	0		1	False	0
abau-SAMN11997570	GP_1	22:12927,116:5704	4	0.0	0.9999921700000001	13.595768119464815	GP_Isolated_59	234:1611	4	0.0	0.49999607	4.6761512722370675	0	0	0	0		1	False	0
abau-SAMN11997570	GP_1	22:12927,116:5704	4	0.0	0.9999921700000001	13.595768119464815	GP_2	235:1574,249:762,250:616	4	-0.008126911518390956	0.76670491	0.4261018402203942	0	0	0	0		1	False	0
abau-SAMN11997570	GP_1	22:12927,116:5704	4	0.0	0.9999921700000001	13.595768119464815	GP_Isolated_60	236:1536	4	0.0	0.24603045	1.5082147757637034	0	0	0	0		1	False	0
abau-SAMN11997570	GP_Isolated_12	25:12419	4	0.0	0.49195515999999995	2.2434281793890376	GP_Isolated_13	27:12317	4	0.0	0.13339292999999997	0.2813852579379409	0	0	0	0		1	False	0
abau-SAMN11997570	GP_Isolated_12	25:12419	4	0.0	0.49195515999999995	2.2434281793890376	GP_unb_1	31:11825	4	0.0	0.22009369999999995	0.39213307334922126	0	0	0	0		1	False	0
abau-SAMN11997570	GP_Isolated_12	25:12419	4	0.0	0.49195515999999995	2.2434281793890376	GP_Isolated_14	33:11500	4	0.0	0.08143109999999998	0.2844575238920585	0	0	0	0		1	False	0
abau-SAMN11997570	GP_Isolated_12	25:12419	4	0.0	0.49195515999999995	2.2434281793890376	GP_Isolated_15	37:10677	4	0.0	0.4043329	1.712880046219398	0	0	0	0		1	False	0
abau-SAMN11997570	GP_Isolated_12	25:12419	4	0.0	0.49195515999999995	2.2434281793890376	GP_Isolated_16	43:9677	4	0.0	0.16958355999999997	0.2524391564959919	0	0	0	0		1	False	0
abau-SAMN11997570	GP_Isolated_12	25:12419	4	0.0	0.49195515999999995	2.2434281793890376	GP_Isolated_17	52:8917	4	0.0	0.26860195	1.6024168893382442	0	0	0	0		1	False	0
abau-SAMN11997570	GP_Isolated_12	25:12419	4	0.0	0.49195515999999995	2.2434281793890376	GP_Isolated_18	60:8302	4	0.0	0.49997159999999996	3.08373654943309	0	0	0	0		1	False	0
abau-SAMN11997570	GP_Isolated_12	25:12419	4	0.0	0.49195515999999995	2.2434281793890376	GP_Isolated_19	61:8198	4	0.0	0.4999987	4.34523211820196	0	0	0	0		1	False	0
abau-SAMN11997570	GP_Isolated_12	25:12419	4	0.0	0.49195515999999995	2.2434281793890376	GP_Isolated_20	63:7953	4	0.0	0.49999910000000003	6.654389639151682	0	0	0	0		1	False	0
abau-SAMN11997570	GP_Isolated_12	25:12419	4	0.0	0.49195515999999995	2.2434281793890376	GP_Isolated_21	64:7926	4	0.0	0.36175559999999995	1.6550456175826294	0	0	0	0		1	False	0
abau-SAMN11997570	GP_Isolated_12	25:12419	4	0.0	0.49195515999999995	2.2434281793890376	GP_Isolated_22	69:7625	4	0.0	0.49997175000000005	3.060650923184324	0	0	0	0		1	False	0
abau-SAMN11997570	GP_Isolated_12	25:12419	4	0.0	0.49195515999999995	2.2434281793890376	GP_Isolated_23	72:7492	4	0.0	0.49645627000000003	2.3169621460583834	0	0	0	0		1	False	0
abau-SAMN11997570	GP_Isolated_12	25:12419	4	0.0	0.49195515999999995	2.2434281793890376	GP_Isolated_24	77:7113	4	0.0	0.057672999999999974	0.2827212874028069	0	0	0	0		1	False	0
abau-SAMN11997570	GP_Isolated_12	25:12419	4	0.0	0.49195515999999995	2.2434281793890376	GP_Isolated_25	86:6734	4	0.0	0.49999654000000004	3.6742134276979375	0	0	0	0		1	False	0
abau-SAMN11997570	GP_Isolated_12	25:12419	4	0.0	0.49195515999999995	2.2434281793890376	GP_Isolated_26	92:6431	4	0.0	0.49970099999999995	2.626712163886281	0	0	0	0		1	False	0
abau-SAMN11997570	GP_Isolated_12	25:12419	4	0.0	0.49195515999999995	2.2434281793890376	GP_Isolated_27	93:6340	4	0.0	0.09477329999999995	0.26630798488240537	0	0	0	0		1	False	0
abau-SAMN11997570	GP_Isolated_12	25:12419	4	0.0	0.49195515999999995	2.2434281793890376	GP_Isolated_28	99:6130	4	0.0	0.49999879999999997	5.188759298042897	0	0	0	0		1	False	0
abau-SAMN11997570	GP_Isolated_12	25:12419	4	0.0	0.49195515999999995	2.2434281793890376	GP_Isolated_29	105:5975	4	0.0	0.08651770000000003	0.2702998242699983	0	0	0	0		1	False	0
abau-SAMN11997570	GP_Isolated_12	25:12419	4	0.0	0.49195515999999995	2.2434281793890376	GP_unb_2	109:5910	4	0.0	0.15053510000000003	0.9975867215522015	0	0	0	0		1	False	0
abau-SAMN11997570	GP_Isolated_12	25:12419	4	0.0	0.49195515999999995	2.2434281793890376	GP_Isolated_30	110:5839	4	0.0	0.49999905	26.076827712380542	0	0	0	0		1	False	0
abau-SAMN11997570	GP_Isolated_12	25:12419	4	0.0	0.49195515999999995	2.2434281793890376	GP_Isolated_31	112:5733	4	0.0	0.12803370000000003	0.26043366794251466	0	0	0	0		1	False	0
abau-SAMN11997570	GP_Isolated_12	25:12419	4	0.0	0.49195515999999995	2.2434281793890376	GP_Isolated_32	114:5711	4	0.0	0.49962366	2.5835740593630394	0	0	0	0		1	False	0
abau-SAMN11997570	GP_Isolated_12	25:12419	4	0.0	0.49195515999999995	2.2434281793890376	GP_0	117:5672,138:4536,252:119	4	0.0	1.10585566	0.7813266136478622	0	0	0	0		1	False	0
abau-SAMN11997570	GP_Isolated_12	25:12419	4	0.0	0.49195515999999995	2.2434281793890376	GP_Isolated_33	127:5298	4	0.0	0.06380206	0.2745305842420741	0	0	0	0		1	False	0
abau-SAMN11997570	GP_Isolated_12	25:12419	4	0.0	0.49195515999999995	2.2434281793890376	GP_Isolated_34	132:4796	4	0.0	0.49998089999999995	3.1051019635387167	0	0	0	0		1	False	0
abau-SAMN11997570	GP_Isolated_12	25:12419	4	0.0	0.49195515999999995	2.2434281793890376	GP_Isolated_35	133:4689	4	0.0	0.49999760000000004	4.408222246075734	0	0	0	0		1	False	0
abau-SAMN11997570	GP_Isolated_12	25:12419	4	0.0	0.49195515999999995	2.2434281793890376	GP_Isolated_36	136:4629	4	0.0	0.49999930000000004	13.21862738017862	0	0	0	0		1	False	0
abau-SAMN11997570	GP_Isolated_12	25:12419	4	0.0	0.49195515999999995	2.2434281793890376	GP_Isolated_37	137:4557	4	0.0	0.47178555	1.9480913473226646	0	0	0	0		1	False	0
abau-SAMN11997570	GP_Isolated_12	25:12419	4	0.0	0.49195515999999995	2.2434281793890376	GP_Isolated_38	141:4413	4	0.0	0.4998292	2.6496413182157386	0	0	0	0		1	False	0
abau-SAMN11997570	GP_Isolated_12	25:12419	4	0.0	0.49195515999999995	2.2434281793890376	GP_Isolated_39	151:4034	4	0.0	0.49999845	4.643478731855276	0	0	0	0		1	False	0
abau-SAMN11997570	GP_Isolated_12	25:12419	4	0.0	0.49195515999999995	2.2434281793890376	GP_Isolated_40	152:3965	4	0.0	0.49792479999999995	2.255849642521846	0	0	0	0		1	False	0
abau-SAMN11997570	GP_Isolated_12	25:12419	4	0.0	0.49195515999999995	2.2434281793890376	GP_Isolated_41	155:3816	4	0.0	0.49920356	2.431904624347031	0	0	0	0		1	False	0
abau-SAMN11997570	GP_Isolated_12	25:12419	4	0.0	0.49195515999999995	2.2434281793890376	GP_Isolated_42	162:3658	4	0.0	0.49999857000000003	7.322344190077274	0	0	0	0		1	False	0
abau-SAMN11997570	GP_Isolated_12	25:12419	4	0.0	0.49195515999999995	2.2434281793890376	GP_Isolated_43	163:3614	4	0.0	0.4999521	2.864001829517826	0	0	0	0		1	False	0
abau-SAMN11997570	GP_Isolated_12	25:12419	4	0.0	0.49195515999999995	2.2434281793890376	GP_Isolated_44	169:3435	4	0.0	0.49999654000000004	4.247255723261357	0	0	0	0		1	False	0
abau-SAMN11997570	GP_Isolated_12	25:12419	4	0.0	0.49195515999999995	2.2434281793890376	GP_Isolated_45	171:3358	4	0.0	0.06734925999999997	0.25885931970824005	0	0	0	0		1	False	0
abau-SAMN11997570	GP_Isolated_12	25:12419	4	0.0	0.49195515999999995	2.2434281793890376	GP_unb_3	172:3326	4	0.0	0.14425707	0.3960207987289666	0	0	0	0		1	False	0
abau-SAMN11997570	GP_Isolated_12	25:12419	4	0.0	0.49195515999999995	2.2434281793890376	GP_Isolated_46	175:3283	4	0.0	0.4999987	8.19858693820563	0	0	0	0		1	False	0
abau-SAMN11997570	GP_Isolated_12	25:12419	4	0.0	0.49195515999999995	2.2434281793890376	GP_Isolated_47	179:3189	4	0.0	0.45655227	1.7767687345032621	0	0	0	0		1	False	0
abau-SAMN11997570	GP_Isolated_12	25:12419	4	0.0	0.49195515999999995	2.2434281793890376	GP_Isolated_48	180:3118	4	0.0	0.40498376	1.5893334296237451	0	0	0	0		1	False	0
abau-SAMN11997570	GP_Isolated_12	25:12419	4	0.0	0.49195515999999995	2.2434281793890376	GP_Isolated_49	184:2877	4	0.0	0.07340884000000003	0.25477961531980453	0	0	0	0		1	False	0
abau-SAMN11997570	GP_Isolated_12	25:12419	4	0.0	0.49195515999999995	2.2434281793890376	GP_Isolated_50	193:2632	4	0.0	0.49999857000000003	6.944283960424642	0	0	0	0		1	False	0
abau-SAMN11997570	GP_Isolated_12	25:12419	4	0.0	0.49195515999999995	2.2434281793890376	GP_Isolated_51	194:2629	4	0.0	0.006962899999999994	1.504748320935943	0	0	0	0		1	False	0
abau-SAMN11997570	GP_Isolated_12	25:12419	4	0.0	0.49195515999999995	2.2434281793890376	GP_Isolated_52	200:2482	4	0.0	0.4994037	2.496003947906887	0	0	0	0		1	False	0
abau-SAMN11997570	GP_Isolated_12	25:12419	4	0.0	0.49195515999999995	2.2434281793890376	GP_unb_4	201:2472	4	0.0	0.48582080000000005	92.25163091885126	0	0	0	0		1	False	0
abau-SAMN11997570	GP_Isolated_12	25:12419	4	0.0	0.49195515999999995	2.2434281793890376	GP_unb_5	207:2365	4	0.0	0.17706615000000003	0.5505813533617391	0	0	0	0		1	False	0
abau-SAMN11997570	GP_Isolated_12	25:12419	4	0.0	0.49195515999999995	2.2434281793890376	GP_Isolated_53	208:2339	4	0.0	0.37396929999999995	1.6160780915240365	0	0	0	0		1	False	0
abau-SAMN11997570	GP_Isolated_12	25:12419	4	0.0	0.49195515999999995	2.2434281793890376	GP_Isolated_54	212:2192	4	0.0	0.49995670000000003	2.958468741725043	0	0	0	0		1	False	0
abau-SAMN11997570	GP_Isolated_12	25:12419	4	0.0	0.49195515999999995	2.2434281793890376	GP_unb_6	217:2126	4	0.0	0.12310969999999999	0.8445270937146435	0	0	0	0		1	False	0
abau-SAMN11997570	GP_Isolated_12	25:12419	4	0.0	0.49195515999999995	2.2434281793890376	GP_Isolated_55	220:2070	4	0.0	0.49999875000000005	6.719385667172192	0	0	0	0		1	False	0
abau-SAMN11997570	GP_Isolated_12	25:12419	4	0.0	0.49195515999999995	2.2434281793890376	GP_Isolated_56	224:1987	4	0.0	0.49966469999999996	2.5793733901446765	0	0	0	0		1	False	0
abau-SAMN11997570	GP_Isolated_12	25:12419	4	0.0	0.49195515999999995	2.2434281793890376	GP_Isolated_57	229:1833	4	0.0	0.19480030000000004	1.4968043619556584	0	0	0	0		1	False	0
abau-SAMN11997570	GP_Isolated_12	25:12419	4	0.0	0.49195515999999995	2.2434281793890376	GP_Isolated_58	230:1819	4	0.0	0.49898010000000004	2.1407164006644037	0	0	0	0		1	False	0
abau-SAMN11997570	GP_Isolated_12	25:12419	4	0.0	0.49195515999999995	2.2434281793890376	GP_Isolated_59	234:1611	4	0.0	0.49999607	4.6761512722370675	0	0	0	0		1	False	0
abau-SAMN11997570	GP_Isolated_12	25:12419	4	0.0	0.49195515999999995	2.2434281793890376	GP_2	235:1574,249:762,250:616	4	-0.008126911518390956	0.76670491	0.4261018402203942	0	0	0	0		1	False	0
abau-SAMN11997570	GP_Isolated_12	25:12419	4	0.0	0.49195515999999995	2.2434281793890376	GP_Isolated_60	236:1536	4	0.0	0.24603045	1.5082147757637034	0	0	0	0		1	False	0
abau-SAMN11997570	GP_Isolated_13	27:12317	4	0.0	0.13339292999999997	0.2813852579379409	GP_unb_1	31:11825	4	0.0	0.22009369999999995	0.39213307334922126	0	0	0	0		1	False	0
abau-SAMN11997570	GP_Isolated_13	27:12317	4	0.0	0.13339292999999997	0.2813852579379409	GP_Isolated_14	33:11500	4	0.0	0.08143109999999998	0.2844575238920585	0	0	0	0		1	False	0
abau-SAMN11997570	GP_Isolated_13	27:12317	4	0.0	0.13339292999999997	0.2813852579379409	GP_Isolated_15	37:10677	4	0.0	0.4043329	1.712880046219398	0	0	0	0		1	False	0
abau-SAMN11997570	GP_Isolated_13	27:12317	4	0.0	0.13339292999999997	0.2813852579379409	GP_Isolated_16	43:9677	4	0.0	0.16958355999999997	0.2524391564959919	0	0	0	0		1	False	0
abau-SAMN11997570	GP_Isolated_13	27:12317	4	0.0	0.13339292999999997	0.2813852579379409	GP_Isolated_17	52:8917	4	0.0	0.26860195	1.6024168893382442	0	0	0	0		1	False	0
abau-SAMN11997570	GP_Isolated_13	27:12317	4	0.0	0.13339292999999997	0.2813852579379409	GP_Isolated_18	60:8302	4	0.0	0.49997159999999996	3.08373654943309	0	0	0	0		1	False	0
abau-SAMN11997570	GP_Isolated_13	27:12317	4	0.0	0.13339292999999997	0.2813852579379409	GP_Isolated_19	61:8198	4	0.0	0.4999987	4.34523211820196	0	0	0	0		1	False	0
abau-SAMN11997570	GP_Isolated_13	27:12317	4	0.0	0.13339292999999997	0.2813852579379409	GP_Isolated_20	63:7953	4	0.0	0.49999910000000003	6.654389639151682	0	0	0	0		1	False	0
abau-SAMN11997570	GP_Isolated_13	27:12317	4	0.0	0.13339292999999997	0.2813852579379409	GP_Isolated_21	64:7926	4	0.0	0.36175559999999995	1.6550456175826294	0	0	0	0		1	False	0
abau-SAMN11997570	GP_Isolated_13	27:12317	4	0.0	0.13339292999999997	0.2813852579379409	GP_Isolated_22	69:7625	4	0.0	0.49997175000000005	3.060650923184324	0	0	0	0		1	False	0
abau-SAMN11997570	GP_Isolated_13	27:12317	4	0.0	0.13339292999999997	0.2813852579379409	GP_Isolated_23	72:7492	4	0.0	0.49645627000000003	2.3169621460583834	0	0	0	0		1	False	0
abau-SAMN11997570	GP_Isolated_13	27:12317	4	0.0	0.13339292999999997	0.2813852579379409	GP_Isolated_24	77:7113	4	0.0	0.057672999999999974	0.2827212874028069	0	0	0	0		1	False	0
abau-SAMN11997570	GP_Isolated_13	27:12317	4	0.0	0.13339292999999997	0.2813852579379409	GP_Isolated_25	86:6734	4	0.0	0.49999654000000004	3.6742134276979375	0	0	0	0		1	False	0
abau-SAMN11997570	GP_Isolated_13	27:12317	4	0.0	0.13339292999999997	0.2813852579379409	GP_Isolated_26	92:6431	4	0.0	0.49970099999999995	2.626712163886281	0	0	0	0		1	False	0
abau-SAMN11997570	GP_Isolated_13	27:12317	4	0.0	0.13339292999999997	0.2813852579379409	GP_Isolated_27	93:6340	4	0.0	0.09477329999999995	0.26630798488240537	0	0	0	0		1	False	0
abau-SAMN11997570	GP_Isolated_13	27:12317	4	0.0	0.13339292999999997	0.2813852579379409	GP_Isolated_28	99:6130	4	0.0	0.49999879999999997	5.188759298042897	0	0	0	0		1	False	0
abau-SAMN11997570	GP_Isolated_13	27:12317	4	0.0	0.13339292999999997	0.2813852579379409	GP_Isolated_29	105:5975	4	0.0	0.08651770000000003	0.2702998242699983	0	0	0	0		1	False	0
abau-SAMN11997570	GP_Isolated_13	27:12317	4	0.0	0.13339292999999997	0.2813852579379409	GP_unb_2	109:5910	4	0.0	0.15053510000000003	0.9975867215522015	0	0	0	0		1	False	0
abau-SAMN11997570	GP_Isolated_13	27:12317	4	0.0	0.13339292999999997	0.2813852579379409	GP_Isolated_30	110:5839	4	0.0	0.49999905	26.076827712380542	0	0	0	0		1	False	0
abau-SAMN11997570	GP_Isolated_13	27:12317	4	0.0	0.13339292999999997	0.2813852579379409	GP_Isolated_31	112:5733	4	0.0	0.12803370000000003	0.26043366794251466	0	0	0	0		1	False	0
abau-SAMN11997570	GP_Isolated_13	27:12317	4	0.0	0.13339292999999997	0.2813852579379409	GP_Isolated_32	114:5711	4	0.0	0.49962366	2.5835740593630394	0	0	0	0		1	False	0
abau-SAMN11997570	GP_Isolated_13	27:12317	4	0.0	0.13339292999999997	0.2813852579379409	GP_0	117:5672,138:4536,252:119	4	0.0	1.10585566	0.7813266136478622	0	0	0	0		1	False	0
abau-SAMN11997570	GP_Isolated_13	27:12317	4	0.0	0.13339292999999997	0.2813852579379409	GP_Isolated_33	127:5298	4	0.0	0.06380206	0.2745305842420741	0	0	0	0		1	False	0
abau-SAMN11997570	GP_Isolated_13	27:12317	4	0.0	0.13339292999999997	0.2813852579379409	GP_Isolated_34	132:4796	4	0.0	0.49998089999999995	3.1051019635387167	0	0	0	0		1	False	0
abau-SAMN11997570	GP_Isolated_13	27:12317	4	0.0	0.13339292999999997	0.2813852579379409	GP_Isolated_35	133:4689	4	0.0	0.49999760000000004	4.408222246075734	0	0	0	0		1	False	0
abau-SAMN11997570	GP_Isolated_13	27:12317	4	0.0	0.13339292999999997	0.2813852579379409	GP_Isolated_36	136:4629	4	0.0	0.49999930000000004	13.21862738017862	0	0	0	0		1	False	0
abau-SAMN11997570	GP_Isolated_13	27:12317	4	0.0	0.13339292999999997	0.2813852579379409	GP_Isolated_37	137:4557	4	0.0	0.47178555	1.9480913473226646	0	0	0	0		1	False	0
abau-SAMN11997570	GP_Isolated_13	27:12317	4	0.0	0.13339292999999997	0.2813852579379409	GP_Isolated_38	141:4413	4	0.0	0.4998292	2.6496413182157386	0	0	0	0		1	False	0
abau-SAMN11997570	GP_Isolated_13	27:12317	4	0.0	0.13339292999999997	0.2813852579379409	GP_Isolated_39	151:4034	4	0.0	0.49999845	4.643478731855276	0	0	0	0		1	False	0
abau-SAMN11997570	GP_Isolated_13	27:12317	4	0.0	0.13339292999999997	0.2813852579379409	GP_Isolated_40	152:3965	4	0.0	0.49792479999999995	2.255849642521846	0	0	0	0		1	False	0
abau-SAMN11997570	GP_Isolated_13	27:12317	4	0.0	0.13339292999999997	0.2813852579379409	GP_Isolated_41	155:3816	4	0.0	0.49920356	2.431904624347031	0	0	0	0		1	False	0
abau-SAMN11997570	GP_Isolated_13	27:12317	4	0.0	0.13339292999999997	0.2813852579379409	GP_Isolated_42	162:3658	4	0.0	0.49999857000000003	7.322344190077274	0	0	0	0		1	False	0
abau-SAMN11997570	GP_Isolated_13	27:12317	4	0.0	0.13339292999999997	0.2813852579379409	GP_Isolated_43	163:3614	4	0.0	0.4999521	2.864001829517826	0	0	0	0		1	False	0
abau-SAMN11997570	GP_Isolated_13	27:12317	4	0.0	0.13339292999999997	0.2813852579379409	GP_Isolated_44	169:3435	4	0.0	0.49999654000000004	4.247255723261357	0	0	0	0		1	False	0
abau-SAMN11997570	GP_Isolated_13	27:12317	4	0.0	0.13339292999999997	0.2813852579379409	GP_Isolated_45	171:3358	4	0.0	0.06734925999999997	0.25885931970824005	0	0	0	0		1	False	0
abau-SAMN11997570	GP_Isolated_13	27:12317	4	0.0	0.13339292999999997	0.2813852579379409	GP_unb_3	172:3326	4	0.0	0.14425707	0.3960207987289666	0	0	0	0		1	False	0
abau-SAMN11997570	GP_Isolated_13	27:12317	4	0.0	0.13339292999999997	0.2813852579379409	GP_Isolated_46	175:3283	4	0.0	0.4999987	8.19858693820563	0	0	0	0		1	False	0
abau-SAMN11997570	GP_Isolated_13	27:12317	4	0.0	0.13339292999999997	0.2813852579379409	GP_Isolated_47	179:3189	4	0.0	0.45655227	1.7767687345032621	0	0	0	0		1	False	0
abau-SAMN11997570	GP_Isolated_13	27:12317	4	0.0	0.13339292999999997	0.2813852579379409	GP_Isolated_48	180:3118	4	0.0	0.40498376	1.5893334296237451	0	0	0	0		1	False	0
abau-SAMN11997570	GP_Isolated_13	27:12317	4	0.0	0.13339292999999997	0.2813852579379409	GP_Isolated_49	184:2877	4	0.0	0.07340884000000003	0.25477961531980453	0	0	0	0		1	False	0
abau-SAMN11997570	GP_Isolated_13	27:12317	4	0.0	0.13339292999999997	0.2813852579379409	GP_Isolated_50	193:2632	4	0.0	0.49999857000000003	6.944283960424642	0	0	0	0		1	False	0
abau-SAMN11997570	GP_Isolated_13	27:12317	4	0.0	0.13339292999999997	0.2813852579379409	GP_Isolated_51	194:2629	4	0.0	0.006962899999999994	1.504748320935943	0	0	0	0		1	False	0
abau-SAMN11997570	GP_Isolated_13	27:12317	4	0.0	0.13339292999999997	0.2813852579379409	GP_Isolated_52	200:2482	4	0.0	0.4994037	2.496003947906887	0	0	0	0		1	False	0
abau-SAMN11997570	GP_Isolated_13	27:12317	4	0.0	0.13339292999999997	0.2813852579379409	GP_unb_4	201:2472	4	0.0	0.48582080000000005	92.25163091885126	0	0	0	0		1	False	0
abau-SAMN11997570	GP_Isolated_13	27:12317	4	0.0	0.13339292999999997	0.2813852579379409	GP_unb_5	207:2365	4	0.0	0.17706615000000003	0.5505813533617391	0	0	0	0		1	False	0
abau-SAMN11997570	GP_Isolated_13	27:12317	4	0.0	0.13339292999999997	0.2813852579379409	GP_Isolated_53	208:2339	4	0.0	0.37396929999999995	1.6160780915240365	0	0	0	0		1	False	0
abau-SAMN11997570	GP_Isolated_13	27:12317	4	0.0	0.13339292999999997	0.2813852579379409	GP_Isolated_54	212:2192	4	0.0	0.49995670000000003	2.958468741725043	0	0	0	0		1	False	0
abau-SAMN11997570	GP_Isolated_13	27:12317	4	0.0	0.13339292999999997	0.2813852579379409	GP_unb_6	217:2126	4	0.0	0.12310969999999999	0.8445270937146435	0	0	0	0		1	False	0
abau-SAMN11997570	GP_Isolated_13	27:12317	4	0.0	0.13339292999999997	0.2813852579379409	GP_Isolated_55	220:2070	4	0.0	0.49999875000000005	6.719385667172192	0	0	0	0		1	False	0
abau-SAMN11997570	GP_Isolated_13	27:12317	4	0.0	0.13339292999999997	0.2813852579379409	GP_Isolated_56	224:1987	4	0.0	0.49966469999999996	2.5793733901446765	0	0	0	0		1	False	0
abau-SAMN11997570	GP_Isolated_13	27:12317	4	0.0	0.13339292999999997	0.2813852579379409	GP_Isolated_57	229:1833	4	0.0	0.19480030000000004	1.4968043619556584	0	0	0	0		1	False	0
abau-SAMN11997570	GP_Isolated_13	27:12317	4	0.0	0.13339292999999997	0.2813852579379409	GP_Isolated_58	230:1819	4	0.0	0.49898010000000004	2.1407164006644037	0	0	0	0		1	False	0
abau-SAMN11997570	GP_Isolated_13	27:12317	4	0.0	0.13339292999999997	0.2813852579379409	GP_Isolated_59	234:1611	4	0.0	0.49999607	4.6761512722370675	0	0	0	0		1	False	0
abau-SAMN11997570	GP_Isolated_13	27:12317	4	0.0	0.13339292999999997	0.2813852579379409	GP_2	235:1574,249:762,250:616	4	-0.008126911518390956	0.76670491	0.4261018402203942	0	0	0	0		1	False	0
abau-SAMN11997570	GP_Isolated_13	27:12317	4	0.0	0.13339292999999997	0.2813852579379409	GP_Isolated_60	236:1536	4	0.0	0.24603045	1.5082147757637034	0	0	0	0		1	False	0
abau-SAMN11997570	GP_unb_1	31:11825	4	0.0	0.22009369999999995	0.39213307334922126	GP_Isolated_14	33:11500	4	0.0	0.08143109999999998	0.2844575238920585	0	0	0	0		1	False	0
abau-SAMN11997570	GP_unb_1	31:11825	4	0.0	0.22009369999999995	0.39213307334922126	GP_Isolated_15	37:10677	4	0.0	0.4043329	1.712880046219398	0	0	0	0		1	False	0
abau-SAMN11997570	GP_unb_1	31:11825	4	0.0	0.22009369999999995	0.39213307334922126	GP_Isolated_16	43:9677	4	0.0	0.16958355999999997	0.2524391564959919	0	0	0	0		1	False	0
abau-SAMN11997570	GP_unb_1	31:11825	4	0.0	0.22009369999999995	0.39213307334922126	GP_Isolated_17	52:8917	4	0.0	0.26860195	1.6024168893382442	0	0	0	0		1	False	0
abau-SAMN11997570	GP_unb_1	31:11825	4	0.0	0.22009369999999995	0.39213307334922126	GP_Isolated_18	60:8302	4	0.0	0.49997159999999996	3.08373654943309	0	0	0	0		1	False	0
abau-SAMN11997570	GP_unb_1	31:11825	4	0.0	0.22009369999999995	0.39213307334922126	GP_Isolated_19	61:8198	4	0.0	0.4999987	4.34523211820196	0	0	0	0		1	False	0
abau-SAMN11997570	GP_unb_1	31:11825	4	0.0	0.22009369999999995	0.39213307334922126	GP_Isolated_20	63:7953	4	0.0	0.49999910000000003	6.654389639151682	0	0	0	0		1	False	0
abau-SAMN11997570	GP_unb_1	31:11825	4	0.0	0.22009369999999995	0.39213307334922126	GP_Isolated_21	64:7926	4	0.0	0.36175559999999995	1.6550456175826294	0	0	0	0		1	False	0
abau-SAMN11997570	GP_unb_1	31:11825	4	0.0	0.22009369999999995	0.39213307334922126	GP_Isolated_22	69:7625	4	0.0	0.49997175000000005	3.060650923184324	0	0	0	0		1	False	0
abau-SAMN11997570	GP_unb_1	31:11825	4	0.0	0.22009369999999995	0.39213307334922126	GP_Isolated_23	72:7492	4	0.0	0.49645627000000003	2.3169621460583834	0	0	0	0		1	False	0
abau-SAMN11997570	GP_unb_1	31:11825	4	0.0	0.22009369999999995	0.39213307334922126	GP_Isolated_24	77:7113	4	0.0	0.057672999999999974	0.2827212874028069	0	0	0	0		1	False	0
abau-SAMN11997570	GP_unb_1	31:11825	4	0.0	0.22009369999999995	0.39213307334922126	GP_Isolated_25	86:6734	4	0.0	0.49999654000000004	3.6742134276979375	0	0	0	0		1	False	0
abau-SAMN11997570	GP_unb_1	31:11825	4	0.0	0.22009369999999995	0.39213307334922126	GP_Isolated_26	92:6431	4	0.0	0.49970099999999995	2.626712163886281	0	0	0	0		1	False	0
abau-SAMN11997570	GP_unb_1	31:11825	4	0.0	0.22009369999999995	0.39213307334922126	GP_Isolated_27	93:6340	4	0.0	0.09477329999999995	0.26630798488240537	0	0	0	0		1	False	0
abau-SAMN11997570	GP_unb_1	31:11825	4	0.0	0.22009369999999995	0.39213307334922126	GP_Isolated_28	99:6130	4	0.0	0.49999879999999997	5.188759298042897	0	0	0	0		1	False	0
abau-SAMN11997570	GP_unb_1	31:11825	4	0.0	0.22009369999999995	0.39213307334922126	GP_Isolated_29	105:5975	4	0.0	0.08651770000000003	0.2702998242699983	0	0	0	0		1	False	0
abau-SAMN11997570	GP_unb_1	31:11825	4	0.0	0.22009369999999995	0.39213307334922126	GP_unb_2	109:5910	4	0.0	0.15053510000000003	0.9975867215522015	0	0	0	0		1	False	0
abau-SAMN11997570	GP_unb_1	31:11825	4	0.0	0.22009369999999995	0.39213307334922126	GP_Isolated_30	110:5839	4	0.0	0.49999905	26.076827712380542	0	0	0	0		1	False	0
abau-SAMN11997570	GP_unb_1	31:11825	4	0.0	0.22009369999999995	0.39213307334922126	GP_Isolated_31	112:5733	4	0.0	0.12803370000000003	0.26043366794251466	0	0	0	0		1	False	0
abau-SAMN11997570	GP_unb_1	31:11825	4	0.0	0.22009369999999995	0.39213307334922126	GP_Isolated_32	114:5711	4	0.0	0.49962366	2.5835740593630394	0	0	0	0		1	False	0
abau-SAMN11997570	GP_unb_1	31:11825	4	0.0	0.22009369999999995	0.39213307334922126	GP_0	117:5672,138:4536,252:119	4	0.0	1.10585566	0.7813266136478622	0	0	0	0		1	False	0
abau-SAMN11997570	GP_unb_1	31:11825	4	0.0	0.22009369999999995	0.39213307334922126	GP_Isolated_33	127:5298	4	0.0	0.06380206	0.2745305842420741	0	0	0	0		1	False	0
abau-SAMN11997570	GP_unb_1	31:11825	4	0.0	0.22009369999999995	0.39213307334922126	GP_Isolated_34	132:4796	4	0.0	0.49998089999999995	3.1051019635387167	0	0	0	0		1	False	0
abau-SAMN11997570	GP_unb_1	31:11825	4	0.0	0.22009369999999995	0.39213307334922126	GP_Isolated_35	133:4689	4	0.0	0.49999760000000004	4.408222246075734	0	0	0	0		1	False	0
abau-SAMN11997570	GP_unb_1	31:11825	4	0.0	0.22009369999999995	0.39213307334922126	GP_Isolated_36	136:4629	4	0.0	0.49999930000000004	13.21862738017862	0	0	0	0		1	False	0
abau-SAMN11997570	GP_unb_1	31:11825	4	0.0	0.22009369999999995	0.39213307334922126	GP_Isolated_37	137:4557	4	0.0	0.47178555	1.9480913473226646	0	0	0	0		1	False	0
abau-SAMN11997570	GP_unb_1	31:11825	4	0.0	0.22009369999999995	0.39213307334922126	GP_Isolated_38	141:4413	4	0.0	0.4998292	2.6496413182157386	0	0	0	0		1	False	0
abau-SAMN11997570	GP_unb_1	31:11825	4	0.0	0.22009369999999995	0.39213307334922126	GP_Isolated_39	151:4034	4	0.0	0.49999845	4.643478731855276	0	0	0	0		1	False	0
abau-SAMN11997570	GP_unb_1	31:11825	4	0.0	0.22009369999999995	0.39213307334922126	GP_Isolated_40	152:3965	4	0.0	0.49792479999999995	2.255849642521846	0	0	0	0		1	False	0
abau-SAMN11997570	GP_unb_1	31:11825	4	0.0	0.22009369999999995	0.39213307334922126	GP_Isolated_41	155:3816	4	0.0	0.49920356	2.431904624347031	0	0	0	0		1	False	0
abau-SAMN11997570	GP_unb_1	31:11825	4	0.0	0.22009369999999995	0.39213307334922126	GP_Isolated_42	162:3658	4	0.0	0.49999857000000003	7.322344190077274	0	0	0	0		1	False	0
abau-SAMN11997570	GP_unb_1	31:11825	4	0.0	0.22009369999999995	0.39213307334922126	GP_Isolated_43	163:3614	4	0.0	0.4999521	2.864001829517826	0	0	0	0		1	False	0
abau-SAMN11997570	GP_unb_1	31:11825	4	0.0	0.22009369999999995	0.39213307334922126	GP_Isolated_44	169:3435	4	0.0	0.49999654000000004	4.247255723261357	0	0	0	0		1	False	0
abau-SAMN11997570	GP_unb_1	31:11825	4	0.0	0.22009369999999995	0.39213307334922126	GP_Isolated_45	171:3358	4	0.0	0.06734925999999997	0.25885931970824005	0	0	0	0		1	False	0
abau-SAMN11997570	GP_unb_1	31:11825	4	0.0	0.22009369999999995	0.39213307334922126	GP_unb_3	172:3326	4	0.0	0.14425707	0.3960207987289666	4	0.0	1.23234091	0.3921330733501236	88:6618,226:1942	0	False	0
abau-SAMN11997570	GP_unb_1	31:11825	4	0.0	0.22009369999999995	0.39213307334922126	GP_Isolated_46	175:3283	4	0.0	0.4999987	8.19858693820563	0	0	0	0		1	False	0
abau-SAMN11997570	GP_unb_1	31:11825	4	0.0	0.22009369999999995	0.39213307334922126	GP_Isolated_47	179:3189	4	0.0	0.45655227	1.7767687345032621	0	0	0	0		1	False	0
abau-SAMN11997570	GP_unb_1	31:11825	4	0.0	0.22009369999999995	0.39213307334922126	GP_Isolated_48	180:3118	4	0.0	0.40498376	1.5893334296237451	0	0	0	0		1	False	0
abau-SAMN11997570	GP_unb_1	31:11825	4	0.0	0.22009369999999995	0.39213307334922126	GP_Isolated_49	184:2877	4	0.0	0.07340884000000003	0.25477961531980453	0	0	0	0		1	False	0
abau-SAMN11997570	GP_unb_1	31:11825	4	0.0	0.22009369999999995	0.39213307334922126	GP_Isolated_50	193:2632	4	0.0	0.49999857000000003	6.944283960424642	0	0	0	0		1	False	0
abau-SAMN11997570	GP_unb_1	31:11825	4	0.0	0.22009369999999995	0.39213307334922126	GP_Isolated_51	194:2629	4	0.0	0.006962899999999994	1.504748320935943	0	0	0	0		1	False	0
abau-SAMN11997570	GP_unb_1	31:11825	4	0.0	0.22009369999999995	0.39213307334922126	GP_Isolated_52	200:2482	4	0.0	0.4994037	2.496003947906887	0	0	0	0		1	False	0
abau-SAMN11997570	GP_unb_1	31:11825	4	0.0	0.22009369999999995	0.39213307334922126	GP_unb_4	201:2472	4	0.0	0.48582080000000005	92.25163091885126	4	0.0	1.14416874	0.3921330733501236	226:1942	0	False	0
abau-SAMN11997570	GP_unb_1	31:11825	4	0.0	0.22009369999999995	0.39213307334922126	GP_unb_5	207:2365	4	0.0	0.17706615000000003	0.5505813533617391	4	0.0	1.2651499899999998	0.3921330733501236	88:6618,226:1942	0	False	0
abau-SAMN11997570	GP_unb_1	31:11825	4	0.0	0.22009369999999995	0.39213307334922126	GP_Isolated_53	208:2339	4	0.0	0.37396929999999995	1.6160780915240365	0	0	0	0		1	False	0
abau-SAMN11997570	GP_unb_1	31:11825	4	0.0	0.22009369999999995	0.39213307334922126	GP_Isolated_54	212:2192	4	0.0	0.49995670000000003	2.958468741725043	0	0	0	0		1	False	0
abau-SAMN11997570	GP_unb_1	31:11825	4	0.0	0.22009369999999995	0.39213307334922126	GP_unb_6	217:2126	4	0.0	0.12310969999999999	0.8445270937146435	0	0	0	0		1	False	0
abau-SAMN11997570	GP_unb_1	31:11825	4	0.0	0.22009369999999995	0.39213307334922126	GP_Isolated_55	220:2070	4	0.0	0.49999875000000005	6.719385667172192	0	0	0	0		1	False	0
abau-SAMN11997570	GP_unb_1	31:11825	4	0.0	0.22009369999999995	0.39213307334922126	GP_Isolated_56	224:1987	4	0.0	0.49966469999999996	2.5793733901446765	0	0	0	0		1	False	0
abau-SAMN11997570	GP_unb_1	31:11825	4	0.0	0.22009369999999995	0.39213307334922126	GP_Isolated_57	229:1833	4	0.0	0.19480030000000004	1.4968043619556584	0	0	0	0		1	False	0
abau-SAMN11997570	GP_unb_1	31:11825	4	0.0	0.22009369999999995	0.39213307334922126	GP_Isolated_58	230:1819	4	0.0	0.49898010000000004	2.1407164006644037	0	0	0	0		1	False	0
abau-SAMN11997570	GP_unb_1	31:11825	4	0.0	0.22009369999999995	0.39213307334922126	GP_Isolated_59	234:1611	4	0.0	0.49999607	4.6761512722370675	0	0	0	0		1	False	0
abau-SAMN11997570	GP_unb_1	31:11825	4	0.0	0.22009369999999995	0.39213307334922126	GP_2	235:1574,249:762,250:616	4	-0.008126911518390956	0.76670491	0.4261018402203942	0	0	0	0		1	False	0
abau-SAMN11997570	GP_unb_1	31:11825	4	0.0	0.22009369999999995	0.39213307334922126	GP_Isolated_60	236:1536	4	0.0	0.24603045	1.5082147757637034	0	0	0	0		1	False	0
abau-SAMN11997570	GP_Isolated_14	33:11500	4	0.0	0.08143109999999998	0.2844575238920585	GP_Isolated_15	37:10677	4	0.0	0.4043329	1.712880046219398	0	0	0	0		1	False	0
abau-SAMN11997570	GP_Isolated_14	33:11500	4	0.0	0.08143109999999998	0.2844575238920585	GP_Isolated_16	43:9677	4	0.0	0.16958355999999997	0.2524391564959919	0	0	0	0		1	False	0
abau-SAMN11997570	GP_Isolated_14	33:11500	4	0.0	0.08143109999999998	0.2844575238920585	GP_Isolated_17	52:8917	4	0.0	0.26860195	1.6024168893382442	0	0	0	0		1	False	0
abau-SAMN11997570	GP_Isolated_14	33:11500	4	0.0	0.08143109999999998	0.2844575238920585	GP_Isolated_18	60:8302	4	0.0	0.49997159999999996	3.08373654943309	0	0	0	0		1	False	0
abau-SAMN11997570	GP_Isolated_14	33:11500	4	0.0	0.08143109999999998	0.2844575238920585	GP_Isolated_19	61:8198	4	0.0	0.4999987	4.34523211820196	0	0	0	0		1	False	0
abau-SAMN11997570	GP_Isolated_14	33:11500	4	0.0	0.08143109999999998	0.2844575238920585	GP_Isolated_20	63:7953	4	0.0	0.49999910000000003	6.654389639151682	0	0	0	0		1	False	0
abau-SAMN11997570	GP_Isolated_14	33:11500	4	0.0	0.08143109999999998	0.2844575238920585	GP_Isolated_21	64:7926	4	0.0	0.36175559999999995	1.6550456175826294	0	0	0	0		1	False	0
abau-SAMN11997570	GP_Isolated_14	33:11500	4	0.0	0.08143109999999998	0.2844575238920585	GP_Isolated_22	69:7625	4	0.0	0.49997175000000005	3.060650923184324	0	0	0	0		1	False	0
abau-SAMN11997570	GP_Isolated_14	33:11500	4	0.0	0.08143109999999998	0.2844575238920585	GP_Isolated_23	72:7492	4	0.0	0.49645627000000003	2.3169621460583834	0	0	0	0		1	False	0
abau-SAMN11997570	GP_Isolated_14	33:11500	4	0.0	0.08143109999999998	0.2844575238920585	GP_Isolated_24	77:7113	4	0.0	0.057672999999999974	0.2827212874028069	0	0	0	0		1	False	0
abau-SAMN11997570	GP_Isolated_14	33:11500	4	0.0	0.08143109999999998	0.2844575238920585	GP_Isolated_25	86:6734	4	0.0	0.49999654000000004	3.6742134276979375	0	0	0	0		1	False	0
abau-SAMN11997570	GP_Isolated_14	33:11500	4	0.0	0.08143109999999998	0.2844575238920585	GP_Isolated_26	92:6431	4	0.0	0.49970099999999995	2.626712163886281	0	0	0	0		1	False	0
abau-SAMN11997570	GP_Isolated_14	33:11500	4	0.0	0.08143109999999998	0.2844575238920585	GP_Isolated_27	93:6340	4	0.0	0.09477329999999995	0.26630798488240537	0	0	0	0		1	False	0
abau-SAMN11997570	GP_Isolated_14	33:11500	4	0.0	0.08143109999999998	0.2844575238920585	GP_Isolated_28	99:6130	4	0.0	0.49999879999999997	5.188759298042897	0	0	0	0		1	False	0
abau-SAMN11997570	GP_Isolated_14	33:11500	4	0.0	0.08143109999999998	0.2844575238920585	GP_Isolated_29	105:5975	4	0.0	0.08651770000000003	0.2702998242699983	0	0	0	0		1	False	0
abau-SAMN11997570	GP_Isolated_14	33:11500	4	0.0	0.08143109999999998	0.2844575238920585	GP_unb_2	109:5910	4	0.0	0.15053510000000003	0.9975867215522015	0	0	0	0		1	False	0
abau-SAMN11997570	GP_Isolated_14	33:11500	4	0.0	0.08143109999999998	0.2844575238920585	GP_Isolated_30	110:5839	4	0.0	0.49999905	26.076827712380542	0	0	0	0		1	False	0
abau-SAMN11997570	GP_Isolated_14	33:11500	4	0.0	0.08143109999999998	0.2844575238920585	GP_Isolated_31	112:5733	4	0.0	0.12803370000000003	0.26043366794251466	0	0	0	0		1	False	0
abau-SAMN11997570	GP_Isolated_14	33:11500	4	0.0	0.08143109999999998	0.2844575238920585	GP_Isolated_32	114:5711	4	0.0	0.49962366	2.5835740593630394	0	0	0	0		1	False	0
abau-SAMN11997570	GP_Isolated_14	33:11500	4	0.0	0.08143109999999998	0.2844575238920585	GP_0	117:5672,138:4536,252:119	4	0.0	1.10585566	0.7813266136478622	0	0	0	0		1	False	0
abau-SAMN11997570	GP_Isolated_14	33:11500	4	0.0	0.08143109999999998	0.2844575238920585	GP_Isolated_33	127:5298	4	0.0	0.06380206	0.2745305842420741	0	0	0	0		1	False	0
abau-SAMN11997570	GP_Isolated_14	33:11500	4	0.0	0.08143109999999998	0.2844575238920585	GP_Isolated_34	132:4796	4	0.0	0.49998089999999995	3.1051019635387167	0	0	0	0		1	False	0
abau-SAMN11997570	GP_Isolated_14	33:11500	4	0.0	0.08143109999999998	0.2844575238920585	GP_Isolated_35	133:4689	4	0.0	0.49999760000000004	4.408222246075734	0	0	0	0		1	False	0
abau-SAMN11997570	GP_Isolated_14	33:11500	4	0.0	0.08143109999999998	0.2844575238920585	GP_Isolated_36	136:4629	4	0.0	0.49999930000000004	13.21862738017862	0	0	0	0		1	False	0
abau-SAMN11997570	GP_Isolated_14	33:11500	4	0.0	0.08143109999999998	0.2844575238920585	GP_Isolated_37	137:4557	4	0.0	0.47178555	1.9480913473226646	0	0	0	0		1	False	0
abau-SAMN11997570	GP_Isolated_14	33:11500	4	0.0	0.08143109999999998	0.2844575238920585	GP_Isolated_38	141:4413	4	0.0	0.4998292	2.6496413182157386	0	0	0	0		1	False	0
abau-SAMN11997570	GP_Isolated_14	33:11500	4	0.0	0.08143109999999998	0.2844575238920585	GP_Isolated_39	151:4034	4	0.0	0.49999845	4.643478731855276	0	0	0	0		1	False	0
abau-SAMN11997570	GP_Isolated_14	33:11500	4	0.0	0.08143109999999998	0.2844575238920585	GP_Isolated_40	152:3965	4	0.0	0.49792479999999995	2.255849642521846	0	0	0	0		1	False	0
abau-SAMN11997570	GP_Isolated_14	33:11500	4	0.0	0.08143109999999998	0.2844575238920585	GP_Isolated_41	155:3816	4	0.0	0.49920356	2.431904624347031	0	0	0	0		1	False	0
abau-SAMN11997570	GP_Isolated_14	33:11500	4	0.0	0.08143109999999998	0.2844575238920585	GP_Isolated_42	162:3658	4	0.0	0.49999857000000003	7.322344190077274	0	0	0	0		1	False	0
abau-SAMN11997570	GP_Isolated_14	33:11500	4	0.0	0.08143109999999998	0.2844575238920585	GP_Isolated_43	163:3614	4	0.0	0.4999521	2.864001829517826	0	0	0	0		1	False	0
abau-SAMN11997570	GP_Isolated_14	33:11500	4	0.0	0.08143109999999998	0.2844575238920585	GP_Isolated_44	169:3435	4	0.0	0.49999654000000004	4.247255723261357	0	0	0	0		1	False	0
abau-SAMN11997570	GP_Isolated_14	33:11500	4	0.0	0.08143109999999998	0.2844575238920585	GP_Isolated_45	171:3358	4	0.0	0.06734925999999997	0.25885931970824005	0	0	0	0		1	False	0
abau-SAMN11997570	GP_Isolated_14	33:11500	4	0.0	0.08143109999999998	0.2844575238920585	GP_unb_3	172:3326	4	0.0	0.14425707	0.3960207987289666	0	0	0	0		1	False	0
abau-SAMN11997570	GP_Isolated_14	33:11500	4	0.0	0.08143109999999998	0.2844575238920585	GP_Isolated_46	175:3283	4	0.0	0.4999987	8.19858693820563	0	0	0	0		1	False	0
abau-SAMN11997570	GP_Isolated_14	33:11500	4	0.0	0.08143109999999998	0.2844575238920585	GP_Isolated_47	179:3189	4	0.0	0.45655227	1.7767687345032621	0	0	0	0		1	False	0
abau-SAMN11997570	GP_Isolated_14	33:11500	4	0.0	0.08143109999999998	0.2844575238920585	GP_Isolated_48	180:3118	4	0.0	0.40498376	1.5893334296237451	0	0	0	0		1	False	0
abau-SAMN11997570	GP_Isolated_14	33:11500	4	0.0	0.08143109999999998	0.2844575238920585	GP_Isolated_49	184:2877	4	0.0	0.07340884000000003	0.25477961531980453	0	0	0	0		1	False	0
abau-SAMN11997570	GP_Isolated_14	33:11500	4	0.0	0.08143109999999998	0.2844575238920585	GP_Isolated_50	193:2632	4	0.0	0.49999857000000003	6.944283960424642	0	0	0	0		1	False	0
abau-SAMN11997570	GP_Isolated_14	33:11500	4	0.0	0.08143109999999998	0.2844575238920585	GP_Isolated_51	194:2629	4	0.0	0.006962899999999994	1.504748320935943	0	0	0	0		1	False	0
abau-SAMN11997570	GP_Isolated_14	33:11500	4	0.0	0.08143109999999998	0.2844575238920585	GP_Isolated_52	200:2482	4	0.0	0.4994037	2.496003947906887	0	0	0	0		1	False	0
abau-SAMN11997570	GP_Isolated_14	33:11500	4	0.0	0.08143109999999998	0.2844575238920585	GP_unb_4	201:2472	4	0.0	0.48582080000000005	92.25163091885126	0	0	0	0		1	False	0
abau-SAMN11997570	GP_Isolated_14	33:11500	4	0.0	0.08143109999999998	0.2844575238920585	GP_unb_5	207:2365	4	0.0	0.17706615000000003	0.5505813533617391	0	0	0	0		1	False	0
abau-SAMN11997570	GP_Isolated_14	33:11500	4	0.0	0.08143109999999998	0.2844575238920585	GP_Isolated_53	208:2339	4	0.0	0.37396929999999995	1.6160780915240365	0	0	0	0		1	False	0
abau-SAMN11997570	GP_Isolated_14	33:11500	4	0.0	0.08143109999999998	0.2844575238920585	GP_Isolated_54	212:2192	4	0.0	0.49995670000000003	2.958468741725043	0	0	0	0		1	False	0
abau-SAMN11997570	GP_Isolated_14	33:11500	4	0.0	0.08143109999999998	0.2844575238920585	GP_unb_6	217:2126	4	0.0	0.12310969999999999	0.8445270937146435	0	0	0	0		1	False	0
abau-SAMN11997570	GP_Isolated_14	33:11500	4	0.0	0.08143109999999998	0.2844575238920585	GP_Isolated_55	220:2070	4	0.0	0.49999875000000005	6.719385667172192	0	0	0	0		1	False	0
abau-SAMN11997570	GP_Isolated_14	33:11500	4	0.0	0.08143109999999998	0.2844575238920585	GP_Isolated_56	224:1987	4	0.0	0.49966469999999996	2.5793733901446765	0	0	0	0		1	False	0
abau-SAMN11997570	GP_Isolated_14	33:11500	4	0.0	0.08143109999999998	0.2844575238920585	GP_Isolated_57	229:1833	4	0.0	0.19480030000000004	1.4968043619556584	0	0	0	0		1	False	0
abau-SAMN11997570	GP_Isolated_14	33:11500	4	0.0	0.08143109999999998	0.2844575238920585	GP_Isolated_58	230:1819	4	0.0	0.49898010000000004	2.1407164006644037	0	0	0	0		1	False	0
abau-SAMN11997570	GP_Isolated_14	33:11500	4	0.0	0.08143109999999998	0.2844575238920585	GP_Isolated_59	234:1611	4	0.0	0.49999607	4.6761512722370675	0	0	0	0		1	False	0
abau-SAMN11997570	GP_Isolated_14	33:11500	4	0.0	0.08143109999999998	0.2844575238920585	GP_2	235:1574,249:762,250:616	4	-0.008126911518390956	0.76670491	0.4261018402203942	0	0	0	0		1	False	0
abau-SAMN11997570	GP_Isolated_14	33:11500	4	0.0	0.08143109999999998	0.2844575238920585	GP_Isolated_60	236:1536	4	0.0	0.24603045	1.5082147757637034	0	0	0	0		1	False	0
abau-SAMN11997570	GP_Isolated_15	37:10677	4	0.0	0.4043329	1.712880046219398	GP_Isolated_16	43:9677	4	0.0	0.16958355999999997	0.2524391564959919	0	0	0	0		1	False	0
abau-SAMN11997570	GP_Isolated_15	37:10677	4	0.0	0.4043329	1.712880046219398	GP_Isolated_17	52:8917	4	0.0	0.26860195	1.6024168893382442	0	0	0	0		1	False	0
abau-SAMN11997570	GP_Isolated_15	37:10677	4	0.0	0.4043329	1.712880046219398	GP_Isolated_18	60:8302	4	0.0	0.49997159999999996	3.08373654943309	0	0	0	0		1	False	0
abau-SAMN11997570	GP_Isolated_15	37:10677	4	0.0	0.4043329	1.712880046219398	GP_Isolated_19	61:8198	4	0.0	0.4999987	4.34523211820196	0	0	0	0		1	False	0
abau-SAMN11997570	GP_Isolated_15	37:10677	4	0.0	0.4043329	1.712880046219398	GP_Isolated_20	63:7953	4	0.0	0.49999910000000003	6.654389639151682	0	0	0	0		1	False	0
abau-SAMN11997570	GP_Isolated_15	37:10677	4	0.0	0.4043329	1.712880046219398	GP_Isolated_21	64:7926	4	0.0	0.36175559999999995	1.6550456175826294	0	0	0	0		1	False	0
abau-SAMN11997570	GP_Isolated_15	37:10677	4	0.0	0.4043329	1.712880046219398	GP_Isolated_22	69:7625	4	0.0	0.49997175000000005	3.060650923184324	0	0	0	0		1	False	0
abau-SAMN11997570	GP_Isolated_15	37:10677	4	0.0	0.4043329	1.712880046219398	GP_Isolated_23	72:7492	4	0.0	0.49645627000000003	2.3169621460583834	0	0	0	0		1	False	0
abau-SAMN11997570	GP_Isolated_15	37:10677	4	0.0	0.4043329	1.712880046219398	GP_Isolated_24	77:7113	4	0.0	0.057672999999999974	0.2827212874028069	0	0	0	0		1	False	0
abau-SAMN11997570	GP_Isolated_15	37:10677	4	0.0	0.4043329	1.712880046219398	GP_Isolated_25	86:6734	4	0.0	0.49999654000000004	3.6742134276979375	0	0	0	0		1	False	0
abau-SAMN11997570	GP_Isolated_15	37:10677	4	0.0	0.4043329	1.712880046219398	GP_Isolated_26	92:6431	4	0.0	0.49970099999999995	2.626712163886281	0	0	0	0		1	False	0
abau-SAMN11997570	GP_Isolated_15	37:10677	4	0.0	0.4043329	1.712880046219398	GP_Isolated_27	93:6340	4	0.0	0.09477329999999995	0.26630798488240537	0	0	0	0		1	False	0
abau-SAMN11997570	GP_Isolated_15	37:10677	4	0.0	0.4043329	1.712880046219398	GP_Isolated_28	99:6130	4	0.0	0.49999879999999997	5.188759298042897	0	0	0	0		1	False	0
abau-SAMN11997570	GP_Isolated_15	37:10677	4	0.0	0.4043329	1.712880046219398	GP_Isolated_29	105:5975	4	0.0	0.08651770000000003	0.2702998242699983	0	0	0	0		1	False	0
abau-SAMN11997570	GP_Isolated_15	37:10677	4	0.0	0.4043329	1.712880046219398	GP_unb_2	109:5910	4	0.0	0.15053510000000003	0.9975867215522015	0	0	0	0		1	False	0
abau-SAMN11997570	GP_Isolated_15	37:10677	4	0.0	0.4043329	1.712880046219398	GP_Isolated_30	110:5839	4	0.0	0.49999905	26.076827712380542	0	0	0	0		1	False	0
abau-SAMN11997570	GP_Isolated_15	37:10677	4	0.0	0.4043329	1.712880046219398	GP_Isolated_31	112:5733	4	0.0	0.12803370000000003	0.26043366794251466	0	0	0	0		1	False	0
abau-SAMN11997570	GP_Isolated_15	37:10677	4	0.0	0.4043329	1.712880046219398	GP_Isolated_32	114:5711	4	0.0	0.49962366	2.5835740593630394	0	0	0	0		1	False	0
abau-SAMN11997570	GP_Isolated_15	37:10677	4	0.0	0.4043329	1.712880046219398	GP_0	117:5672,138:4536,252:119	4	0.0	1.10585566	0.7813266136478622	0	0	0	0		1	False	0
abau-SAMN11997570	GP_Isolated_15	37:10677	4	0.0	0.4043329	1.712880046219398	GP_Isolated_33	127:5298	4	0.0	0.06380206	0.2745305842420741	0	0	0	0		1	False	0
abau-SAMN11997570	GP_Isolated_15	37:10677	4	0.0	0.4043329	1.712880046219398	GP_Isolated_34	132:4796	4	0.0	0.49998089999999995	3.1051019635387167	0	0	0	0		1	False	0
abau-SAMN11997570	GP_Isolated_15	37:10677	4	0.0	0.4043329	1.712880046219398	GP_Isolated_35	133:4689	4	0.0	0.49999760000000004	4.408222246075734	0	0	0	0		1	False	0
abau-SAMN11997570	GP_Isolated_15	37:10677	4	0.0	0.4043329	1.712880046219398	GP_Isolated_36	136:4629	4	0.0	0.49999930000000004	13.21862738017862	0	0	0	0		1	False	0
abau-SAMN11997570	GP_Isolated_15	37:10677	4	0.0	0.4043329	1.712880046219398	GP_Isolated_37	137:4557	4	0.0	0.47178555	1.9480913473226646	0	0	0	0		1	False	0
abau-SAMN11997570	GP_Isolated_15	37:10677	4	0.0	0.4043329	1.712880046219398	GP_Isolated_38	141:4413	4	0.0	0.4998292	2.6496413182157386	0	0	0	0		1	False	0
abau-SAMN11997570	GP_Isolated_15	37:10677	4	0.0	0.4043329	1.712880046219398	GP_Isolated_39	151:4034	4	0.0	0.49999845	4.643478731855276	0	0	0	0		1	False	0
abau-SAMN11997570	GP_Isolated_15	37:10677	4	0.0	0.4043329	1.712880046219398	GP_Isolated_40	152:3965	4	0.0	0.49792479999999995	2.255849642521846	0	0	0	0		1	False	0
abau-SAMN11997570	GP_Isolated_15	37:10677	4	0.0	0.4043329	1.712880046219398	GP_Isolated_41	155:3816	4	0.0	0.49920356	2.431904624347031	0	0	0	0		1	False	0
abau-SAMN11997570	GP_Isolated_15	37:10677	4	0.0	0.4043329	1.712880046219398	GP_Isolated_42	162:3658	4	0.0	0.49999857000000003	7.322344190077274	0	0	0	0		1	False	0
abau-SAMN11997570	GP_Isolated_15	37:10677	4	0.0	0.4043329	1.712880046219398	GP_Isolated_43	163:3614	4	0.0	0.4999521	2.864001829517826	0	0	0	0		1	False	0
abau-SAMN11997570	GP_Isolated_15	37:10677	4	0.0	0.4043329	1.712880046219398	GP_Isolated_44	169:3435	4	0.0	0.49999654000000004	4.247255723261357	0	0	0	0		1	False	0
abau-SAMN11997570	GP_Isolated_15	37:10677	4	0.0	0.4043329	1.712880046219398	GP_Isolated_45	171:3358	4	0.0	0.06734925999999997	0.25885931970824005	0	0	0	0		1	False	0
abau-SAMN11997570	GP_Isolated_15	37:10677	4	0.0	0.4043329	1.712880046219398	GP_unb_3	172:3326	4	0.0	0.14425707	0.3960207987289666	0	0	0	0		1	False	0
abau-SAMN11997570	GP_Isolated_15	37:10677	4	0.0	0.4043329	1.712880046219398	GP_Isolated_46	175:3283	4	0.0	0.4999987	8.19858693820563	0	0	0	0		1	False	0
abau-SAMN11997570	GP_Isolated_15	37:10677	4	0.0	0.4043329	1.712880046219398	GP_Isolated_47	179:3189	4	0.0	0.45655227	1.7767687345032621	0	0	0	0		1	False	0
abau-SAMN11997570	GP_Isolated_15	37:10677	4	0.0	0.4043329	1.712880046219398	GP_Isolated_48	180:3118	4	0.0	0.40498376	1.5893334296237451	0	0	0	0		1	False	0
abau-SAMN11997570	GP_Isolated_15	37:10677	4	0.0	0.4043329	1.712880046219398	GP_Isolated_49	184:2877	4	0.0	0.07340884000000003	0.25477961531980453	0	0	0	0		1	False	0
abau-SAMN11997570	GP_Isolated_15	37:10677	4	0.0	0.4043329	1.712880046219398	GP_Isolated_50	193:2632	4	0.0	0.49999857000000003	6.944283960424642	0	0	0	0		1	False	0
abau-SAMN11997570	GP_Isolated_15	37:10677	4	0.0	0.4043329	1.712880046219398	GP_Isolated_51	194:2629	4	0.0	0.006962899999999994	1.504748320935943	0	0	0	0		1	False	0
abau-SAMN11997570	GP_Isolated_15	37:10677	4	0.0	0.4043329	1.712880046219398	GP_Isolated_52	200:2482	4	0.0	0.4994037	2.496003947906887	0	0	0	0		1	False	0
abau-SAMN11997570	GP_Isolated_15	37:10677	4	0.0	0.4043329	1.712880046219398	GP_unb_4	201:2472	4	0.0	0.48582080000000005	92.25163091885126	0	0	0	0		1	False	0
abau-SAMN11997570	GP_Isolated_15	37:10677	4	0.0	0.4043329	1.712880046219398	GP_unb_5	207:2365	4	0.0	0.17706615000000003	0.5505813533617391	0	0	0	0		1	False	0
abau-SAMN11997570	GP_Isolated_15	37:10677	4	0.0	0.4043329	1.712880046219398	GP_Isolated_53	208:2339	4	0.0	0.37396929999999995	1.6160780915240365	0	0	0	0		1	False	0
abau-SAMN11997570	GP_Isolated_15	37:10677	4	0.0	0.4043329	1.712880046219398	GP_Isolated_54	212:2192	4	0.0	0.49995670000000003	2.958468741725043	0	0	0	0		1	False	0
abau-SAMN11997570	GP_Isolated_15	37:10677	4	0.0	0.4043329	1.712880046219398	GP_unb_6	217:2126	4	0.0	0.12310969999999999	0.8445270937146435	0	0	0	0		1	False	0
abau-SAMN11997570	GP_Isolated_15	37:10677	4	0.0	0.4043329	1.712880046219398	GP_Isolated_55	220:2070	4	0.0	0.49999875000000005	6.719385667172192	0	0	0	0		1	False	0
abau-SAMN11997570	GP_Isolated_15	37:10677	4	0.0	0.4043329	1.712880046219398	GP_Isolated_56	224:1987	4	0.0	0.49966469999999996	2.5793733901446765	0	0	0	0		1	False	0
abau-SAMN11997570	GP_Isolated_15	37:10677	4	0.0	0.4043329	1.712880046219398	GP_Isolated_57	229:1833	4	0.0	0.19480030000000004	1.4968043619556584	0	0	0	0		1	False	0
abau-SAMN11997570	GP_Isolated_15	37:10677	4	0.0	0.4043329	1.712880046219398	GP_Isolated_58	230:1819	4	0.0	0.49898010000000004	2.1407164006644037	0	0	0	0		1	False	0
abau-SAMN11997570	GP_Isolated_15	37:10677	4	0.0	0.4043329	1.712880046219398	GP_Isolated_59	234:1611	4	0.0	0.49999607	4.6761512722370675	0	0	0	0		1	False	0
abau-SAMN11997570	GP_Isolated_15	37:10677	4	0.0	0.4043329	1.712880046219398	GP_2	235:1574,249:762,250:616	4	-0.008126911518390956	0.76670491	0.4261018402203942	0	0	0	0		1	False	0
abau-SAMN11997570	GP_Isolated_15	37:10677	4	0.0	0.4043329	1.712880046219398	GP_Isolated_60	236:1536	4	0.0	0.24603045	1.5082147757637034	0	0	0	0		1	False	0
abau-SAMN11997570	GP_Isolated_16	43:9677	4	0.0	0.16958355999999997	0.2524391564959919	GP_Isolated_17	52:8917	4	0.0	0.26860195	1.6024168893382442	0	0	0	0		1	False	0
abau-SAMN11997570	GP_Isolated_16	43:9677	4	0.0	0.16958355999999997	0.2524391564959919	GP_Isolated_18	60:8302	4	0.0	0.49997159999999996	3.08373654943309	0	0	0	0		1	False	0
abau-SAMN11997570	GP_Isolated_16	43:9677	4	0.0	0.16958355999999997	0.2524391564959919	GP_Isolated_19	61:8198	4	0.0	0.4999987	4.34523211820196	0	0	0	0		1	False	0
abau-SAMN11997570	GP_Isolated_16	43:9677	4	0.0	0.16958355999999997	0.2524391564959919	GP_Isolated_20	63:7953	4	0.0	0.49999910000000003	6.654389639151682	0	0	0	0		1	False	0
abau-SAMN11997570	GP_Isolated_16	43:9677	4	0.0	0.16958355999999997	0.2524391564959919	GP_Isolated_21	64:7926	4	0.0	0.36175559999999995	1.6550456175826294	0	0	0	0		1	False	0
abau-SAMN11997570	GP_Isolated_16	43:9677	4	0.0	0.16958355999999997	0.2524391564959919	GP_Isolated_22	69:7625	4	0.0	0.49997175000000005	3.060650923184324	0	0	0	0		1	False	0
abau-SAMN11997570	GP_Isolated_16	43:9677	4	0.0	0.16958355999999997	0.2524391564959919	GP_Isolated_23	72:7492	4	0.0	0.49645627000000003	2.3169621460583834	0	0	0	0		1	False	0
abau-SAMN11997570	GP_Isolated_16	43:9677	4	0.0	0.16958355999999997	0.2524391564959919	GP_Isolated_24	77:7113	4	0.0	0.057672999999999974	0.2827212874028069	0	0	0	0		1	False	0
abau-SAMN11997570	GP_Isolated_16	43:9677	4	0.0	0.16958355999999997	0.2524391564959919	GP_Isolated_25	86:6734	4	0.0	0.49999654000000004	3.6742134276979375	0	0	0	0		1	False	0
abau-SAMN11997570	GP_Isolated_16	43:9677	4	0.0	0.16958355999999997	0.2524391564959919	GP_Isolated_26	92:6431	4	0.0	0.49970099999999995	2.626712163886281	0	0	0	0		1	False	0
abau-SAMN11997570	GP_Isolated_16	43:9677	4	0.0	0.16958355999999997	0.2524391564959919	GP_Isolated_27	93:6340	4	0.0	0.09477329999999995	0.26630798488240537	0	0	0	0		1	False	0
abau-SAMN11997570	GP_Isolated_16	43:9677	4	0.0	0.16958355999999997	0.2524391564959919	GP_Isolated_28	99:6130	4	0.0	0.49999879999999997	5.188759298042897	0	0	0	0		1	False	0
abau-SAMN11997570	GP_Isolated_16	43:9677	4	0.0	0.16958355999999997	0.2524391564959919	GP_Isolated_29	105:5975	4	0.0	0.08651770000000003	0.2702998242699983	0	0	0	0		1	False	0
abau-SAMN11997570	GP_Isolated_16	43:9677	4	0.0	0.16958355999999997	0.2524391564959919	GP_unb_2	109:5910	4	0.0	0.15053510000000003	0.9975867215522015	0	0	0	0		1	False	0
abau-SAMN11997570	GP_Isolated_16	43:9677	4	0.0	0.16958355999999997	0.2524391564959919	GP_Isolated_30	110:5839	4	0.0	0.49999905	26.076827712380542	0	0	0	0		1	False	0
abau-SAMN11997570	GP_Isolated_16	43:9677	4	0.0	0.16958355999999997	0.2524391564959919	GP_Isolated_31	112:5733	4	0.0	0.12803370000000003	0.26043366794251466	0	0	0	0		1	False	0
abau-SAMN11997570	GP_Isolated_16	43:9677	4	0.0	0.16958355999999997	0.2524391564959919	GP_Isolated_32	114:5711	4	0.0	0.49962366	2.5835740593630394	0	0	0	0		1	False	0
abau-SAMN11997570	GP_Isolated_16	43:9677	4	0.0	0.16958355999999997	0.2524391564959919	GP_0	117:5672,138:4536,252:119	4	0.0	1.10585566	0.7813266136478622	0	0	0	0		1	False	0
abau-SAMN11997570	GP_Isolated_16	43:9677	4	0.0	0.16958355999999997	0.2524391564959919	GP_Isolated_33	127:5298	4	0.0	0.06380206	0.2745305842420741	0	0	0	0		1	False	0
abau-SAMN11997570	GP_Isolated_16	43:9677	4	0.0	0.16958355999999997	0.2524391564959919	GP_Isolated_34	132:4796	4	0.0	0.49998089999999995	3.1051019635387167	0	0	0	0		1	False	0
abau-SAMN11997570	GP_Isolated_16	43:9677	4	0.0	0.16958355999999997	0.2524391564959919	GP_Isolated_35	133:4689	4	0.0	0.49999760000000004	4.408222246075734	0	0	0	0		1	False	0
abau-SAMN11997570	GP_Isolated_16	43:9677	4	0.0	0.16958355999999997	0.2524391564959919	GP_Isolated_36	136:4629	4	0.0	0.49999930000000004	13.21862738017862	0	0	0	0		1	False	0
abau-SAMN11997570	GP_Isolated_16	43:9677	4	0.0	0.16958355999999997	0.2524391564959919	GP_Isolated_37	137:4557	4	0.0	0.47178555	1.9480913473226646	0	0	0	0		1	False	0
abau-SAMN11997570	GP_Isolated_16	43:9677	4	0.0	0.16958355999999997	0.2524391564959919	GP_Isolated_38	141:4413	4	0.0	0.4998292	2.6496413182157386	0	0	0	0		1	False	0
abau-SAMN11997570	GP_Isolated_16	43:9677	4	0.0	0.16958355999999997	0.2524391564959919	GP_Isolated_39	151:4034	4	0.0	0.49999845	4.643478731855276	0	0	0	0		1	False	0
abau-SAMN11997570	GP_Isolated_16	43:9677	4	0.0	0.16958355999999997	0.2524391564959919	GP_Isolated_40	152:3965	4	0.0	0.49792479999999995	2.255849642521846	0	0	0	0		1	False	0
abau-SAMN11997570	GP_Isolated_16	43:9677	4	0.0	0.16958355999999997	0.2524391564959919	GP_Isolated_41	155:3816	4	0.0	0.49920356	2.431904624347031	0	0	0	0		1	False	0
abau-SAMN11997570	GP_Isolated_16	43:9677	4	0.0	0.16958355999999997	0.2524391564959919	GP_Isolated_42	162:3658	4	0.0	0.49999857000000003	7.322344190077274	0	0	0	0		1	False	0
abau-SAMN11997570	GP_Isolated_16	43:9677	4	0.0	0.16958355999999997	0.2524391564959919	GP_Isolated_43	163:3614	4	0.0	0.4999521	2.864001829517826	0	0	0	0		1	False	0
abau-SAMN11997570	GP_Isolated_16	43:9677	4	0.0	0.16958355999999997	0.2524391564959919	GP_Isolated_44	169:3435	4	0.0	0.49999654000000004	4.247255723261357	0	0	0	0		1	False	0
abau-SAMN11997570	GP_Isolated_16	43:9677	4	0.0	0.16958355999999997	0.2524391564959919	GP_Isolated_45	171:3358	4	0.0	0.06734925999999997	0.25885931970824005	0	0	0	0		1	False	0
abau-SAMN11997570	GP_Isolated_16	43:9677	4	0.0	0.16958355999999997	0.2524391564959919	GP_unb_3	172:3326	4	0.0	0.14425707	0.3960207987289666	0	0	0	0		1	False	0
abau-SAMN11997570	GP_Isolated_16	43:9677	4	0.0	0.16958355999999997	0.2524391564959919	GP_Isolated_46	175:3283	4	0.0	0.4999987	8.19858693820563	0	0	0	0		1	False	0
abau-SAMN11997570	GP_Isolated_16	43:9677	4	0.0	0.16958355999999997	0.2524391564959919	GP_Isolated_47	179:3189	4	0.0	0.45655227	1.7767687345032621	0	0	0	0		1	False	0
abau-SAMN11997570	GP_Isolated_16	43:9677	4	0.0	0.16958355999999997	0.2524391564959919	GP_Isolated_48	180:3118	4	0.0	0.40498376	1.5893334296237451	0	0	0	0		1	False	0
abau-SAMN11997570	GP_Isolated_16	43:9677	4	0.0	0.16958355999999997	0.2524391564959919	GP_Isolated_49	184:2877	4	0.0	0.07340884000000003	0.25477961531980453	0	0	0	0		1	False	0
abau-SAMN11997570	GP_Isolated_16	43:9677	4	0.0	0.16958355999999997	0.2524391564959919	GP_Isolated_50	193:2632	4	0.0	0.49999857000000003	6.944283960424642	0	0	0	0		1	False	0
abau-SAMN11997570	GP_Isolated_16	43:9677	4	0.0	0.16958355999999997	0.2524391564959919	GP_Isolated_51	194:2629	4	0.0	0.006962899999999994	1.504748320935943	0	0	0	0		1	False	0
abau-SAMN11997570	GP_Isolated_16	43:9677	4	0.0	0.16958355999999997	0.2524391564959919	GP_Isolated_52	200:2482	4	0.0	0.4994037	2.496003947906887	0	0	0	0		1	False	0
abau-SAMN11997570	GP_Isolated_16	43:9677	4	0.0	0.16958355999999997	0.2524391564959919	GP_unb_4	201:2472	4	0.0	0.48582080000000005	92.25163091885126	0	0	0	0		1	False	0
abau-SAMN11997570	GP_Isolated_16	43:9677	4	0.0	0.16958355999999997	0.2524391564959919	GP_unb_5	207:2365	4	0.0	0.17706615000000003	0.5505813533617391	0	0	0	0		1	False	0
abau-SAMN11997570	GP_Isolated_16	43:9677	4	0.0	0.16958355999999997	0.2524391564959919	GP_Isolated_53	208:2339	4	0.0	0.37396929999999995	1.6160780915240365	0	0	0	0		1	False	0
abau-SAMN11997570	GP_Isolated_16	43:9677	4	0.0	0.16958355999999997	0.2524391564959919	GP_Isolated_54	212:2192	4	0.0	0.49995670000000003	2.958468741725043	0	0	0	0		1	False	0
abau-SAMN11997570	GP_Isolated_16	43:9677	4	0.0	0.16958355999999997	0.2524391564959919	GP_unb_6	217:2126	4	0.0	0.12310969999999999	0.8445270937146435	0	0	0	0		1	False	0
abau-SAMN11997570	GP_Isolated_16	43:9677	4	0.0	0.16958355999999997	0.2524391564959919	GP_Isolated_55	220:2070	4	0.0	0.49999875000000005	6.719385667172192	0	0	0	0		1	False	0
abau-SAMN11997570	GP_Isolated_16	43:9677	4	0.0	0.16958355999999997	0.2524391564959919	GP_Isolated_56	224:1987	4	0.0	0.49966469999999996	2.5793733901446765	0	0	0	0		1	False	0
abau-SAMN11997570	GP_Isolated_16	43:9677	4	0.0	0.16958355999999997	0.2524391564959919	GP_Isolated_57	229:1833	4	0.0	0.19480030000000004	1.4968043619556584	0	0	0	0		1	False	0
abau-SAMN11997570	GP_Isolated_16	43:9677	4	0.0	0.16958355999999997	0.2524391564959919	GP_Isolated_58	230:1819	4	0.0	0.49898010000000004	2.1407164006644037	0	0	0	0		1	False	0
abau-SAMN11997570	GP_Isolated_16	43:9677	4	0.0	0.16958355999999997	0.2524391564959919	GP_Isolated_59	234:1611	4	0.0	0.49999607	4.6761512722370675	0	0	0	0		1	False	0
abau-SAMN11997570	GP_Isolated_16	43:9677	4	0.0	0.16958355999999997	0.2524391564959919	GP_2	235:1574,249:762,250:616	4	-0.008126911518390956	0.76670491	0.4261018402203942	0	0	0	0		1	False	0
abau-SAMN11997570	GP_Isolated_16	43:9677	4	0.0	0.16958355999999997	0.2524391564959919	GP_Isolated_60	236:1536	4	0.0	0.24603045	1.5082147757637034	0	0	0	0		1	False	0
abau-SAMN11997570	GP_Isolated_17	52:8917	4	0.0	0.26860195	1.6024168893382442	GP_Isolated_18	60:8302	4	0.0	0.49997159999999996	3.08373654943309	0	0	0	0		1	False	0
abau-SAMN11997570	GP_Isolated_17	52:8917	4	0.0	0.26860195	1.6024168893382442	GP_Isolated_19	61:8198	4	0.0	0.4999987	4.34523211820196	0	0	0	0		1	False	0
abau-SAMN11997570	GP_Isolated_17	52:8917	4	0.0	0.26860195	1.6024168893382442	GP_Isolated_20	63:7953	4	0.0	0.49999910000000003	6.654389639151682	0	0	0	0		1	False	0
abau-SAMN11997570	GP_Isolated_17	52:8917	4	0.0	0.26860195	1.6024168893382442	GP_Isolated_21	64:7926	4	0.0	0.36175559999999995	1.6550456175826294	0	0	0	0		1	False	0
abau-SAMN11997570	GP_Isolated_17	52:8917	4	0.0	0.26860195	1.6024168893382442	GP_Isolated_22	69:7625	4	0.0	0.49997175000000005	3.060650923184324	0	0	0	0		1	False	0
abau-SAMN11997570	GP_Isolated_17	52:8917	4	0.0	0.26860195	1.6024168893382442	GP_Isolated_23	72:7492	4	0.0	0.49645627000000003	2.3169621460583834	0	0	0	0		1	False	0
abau-SAMN11997570	GP_Isolated_17	52:8917	4	0.0	0.26860195	1.6024168893382442	GP_Isolated_24	77:7113	4	0.0	0.057672999999999974	0.2827212874028069	0	0	0	0		1	False	0
abau-SAMN11997570	GP_Isolated_17	52:8917	4	0.0	0.26860195	1.6024168893382442	GP_Isolated_25	86:6734	4	0.0	0.49999654000000004	3.6742134276979375	0	0	0	0		1	False	0
abau-SAMN11997570	GP_Isolated_17	52:8917	4	0.0	0.26860195	1.6024168893382442	GP_Isolated_26	92:6431	4	0.0	0.49970099999999995	2.626712163886281	0	0	0	0		1	False	0
abau-SAMN11997570	GP_Isolated_17	52:8917	4	0.0	0.26860195	1.6024168893382442	GP_Isolated_27	93:6340	4	0.0	0.09477329999999995	0.26630798488240537	0	0	0	0		1	False	0
abau-SAMN11997570	GP_Isolated_17	52:8917	4	0.0	0.26860195	1.6024168893382442	GP_Isolated_28	99:6130	4	0.0	0.49999879999999997	5.188759298042897	0	0	0	0		1	False	0
abau-SAMN11997570	GP_Isolated_17	52:8917	4	0.0	0.26860195	1.6024168893382442	GP_Isolated_29	105:5975	4	0.0	0.08651770000000003	0.2702998242699983	0	0	0	0		1	False	0
abau-SAMN11997570	GP_Isolated_17	52:8917	4	0.0	0.26860195	1.6024168893382442	GP_unb_2	109:5910	4	0.0	0.15053510000000003	0.9975867215522015	0	0	0	0		1	False	0
abau-SAMN11997570	GP_Isolated_17	52:8917	4	0.0	0.26860195	1.6024168893382442	GP_Isolated_30	110:5839	4	0.0	0.49999905	26.076827712380542	0	0	0	0		1	False	0
abau-SAMN11997570	GP_Isolated_17	52:8917	4	0.0	0.26860195	1.6024168893382442	GP_Isolated_31	112:5733	4	0.0	0.12803370000000003	0.26043366794251466	0	0	0	0		1	False	0
abau-SAMN11997570	GP_Isolated_17	52:8917	4	0.0	0.26860195	1.6024168893382442	GP_Isolated_32	114:5711	4	0.0	0.49962366	2.5835740593630394	0	0	0	0		1	False	0
abau-SAMN11997570	GP_Isolated_17	52:8917	4	0.0	0.26860195	1.6024168893382442	GP_0	117:5672,138:4536,252:119	4	0.0	1.10585566	0.7813266136478622	0	0	0	0		1	False	0
abau-SAMN11997570	GP_Isolated_17	52:8917	4	0.0	0.26860195	1.6024168893382442	GP_Isolated_33	127:5298	4	0.0	0.06380206	0.2745305842420741	0	0	0	0		1	False	0
abau-SAMN11997570	GP_Isolated_17	52:8917	4	0.0	0.26860195	1.6024168893382442	GP_Isolated_34	132:4796	4	0.0	0.49998089999999995	3.1051019635387167	0	0	0	0		1	False	0
abau-SAMN11997570	GP_Isolated_17	52:8917	4	0.0	0.26860195	1.6024168893382442	GP_Isolated_35	133:4689	4	0.0	0.49999760000000004	4.408222246075734	0	0	0	0		1	False	0
abau-SAMN11997570	GP_Isolated_17	52:8917	4	0.0	0.26860195	1.6024168893382442	GP_Isolated_36	136:4629	4	0.0	0.49999930000000004	13.21862738017862	0	0	0	0		1	False	0
abau-SAMN11997570	GP_Isolated_17	52:8917	4	0.0	0.26860195	1.6024168893382442	GP_Isolated_37	137:4557	4	0.0	0.47178555	1.9480913473226646	0	0	0	0		1	False	0
abau-SAMN11997570	GP_Isolated_17	52:8917	4	0.0	0.26860195	1.6024168893382442	GP_Isolated_38	141:4413	4	0.0	0.4998292	2.6496413182157386	0	0	0	0		1	False	0
abau-SAMN11997570	GP_Isolated_17	52:8917	4	0.0	0.26860195	1.6024168893382442	GP_Isolated_39	151:4034	4	0.0	0.49999845	4.643478731855276	0	0	0	0		1	False	0
abau-SAMN11997570	GP_Isolated_17	52:8917	4	0.0	0.26860195	1.6024168893382442	GP_Isolated_40	152:3965	4	0.0	0.49792479999999995	2.255849642521846	0	0	0	0		1	False	0
abau-SAMN11997570	GP_Isolated_17	52:8917	4	0.0	0.26860195	1.6024168893382442	GP_Isolated_41	155:3816	4	0.0	0.49920356	2.431904624347031	0	0	0	0		1	False	0
abau-SAMN11997570	GP_Isolated_17	52:8917	4	0.0	0.26860195	1.6024168893382442	GP_Isolated_42	162:3658	4	0.0	0.49999857000000003	7.322344190077274	0	0	0	0		1	False	0
abau-SAMN11997570	GP_Isolated_17	52:8917	4	0.0	0.26860195	1.6024168893382442	GP_Isolated_43	163:3614	4	0.0	0.4999521	2.864001829517826	0	0	0	0		1	False	0
abau-SAMN11997570	GP_Isolated_17	52:8917	4	0.0	0.26860195	1.6024168893382442	GP_Isolated_44	169:3435	4	0.0	0.49999654000000004	4.247255723261357	0	0	0	0		1	False	0
abau-SAMN11997570	GP_Isolated_17	52:8917	4	0.0	0.26860195	1.6024168893382442	GP_Isolated_45	171:3358	4	0.0	0.06734925999999997	0.25885931970824005	0	0	0	0		1	False	0
abau-SAMN11997570	GP_Isolated_17	52:8917	4	0.0	0.26860195	1.6024168893382442	GP_unb_3	172:3326	4	0.0	0.14425707	0.3960207987289666	0	0	0	0		1	False	0
abau-SAMN11997570	GP_Isolated_17	52:8917	4	0.0	0.26860195	1.6024168893382442	GP_Isolated_46	175:3283	4	0.0	0.4999987	8.19858693820563	0	0	0	0		1	False	0
abau-SAMN11997570	GP_Isolated_17	52:8917	4	0.0	0.26860195	1.6024168893382442	GP_Isolated_47	179:3189	4	0.0	0.45655227	1.7767687345032621	0	0	0	0		1	False	0
abau-SAMN11997570	GP_Isolated_17	52:8917	4	0.0	0.26860195	1.6024168893382442	GP_Isolated_48	180:3118	4	0.0	0.40498376	1.5893334296237451	0	0	0	0		1	False	0
abau-SAMN11997570	GP_Isolated_17	52:8917	4	0.0	0.26860195	1.6024168893382442	GP_Isolated_49	184:2877	4	0.0	0.07340884000000003	0.25477961531980453	0	0	0	0		1	False	0
abau-SAMN11997570	GP_Isolated_17	52:8917	4	0.0	0.26860195	1.6024168893382442	GP_Isolated_50	193:2632	4	0.0	0.49999857000000003	6.944283960424642	0	0	0	0		1	False	0
abau-SAMN11997570	GP_Isolated_17	52:8917	4	0.0	0.26860195	1.6024168893382442	GP_Isolated_51	194:2629	4	0.0	0.006962899999999994	1.504748320935943	0	0	0	0		1	False	0
abau-SAMN11997570	GP_Isolated_17	52:8917	4	0.0	0.26860195	1.6024168893382442	GP_Isolated_52	200:2482	4	0.0	0.4994037	2.496003947906887	0	0	0	0		1	False	0
abau-SAMN11997570	GP_Isolated_17	52:8917	4	0.0	0.26860195	1.6024168893382442	GP_unb_4	201:2472	4	0.0	0.48582080000000005	92.25163091885126	0	0	0	0		1	False	0
abau-SAMN11997570	GP_Isolated_17	52:8917	4	0.0	0.26860195	1.6024168893382442	GP_unb_5	207:2365	4	0.0	0.17706615000000003	0.5505813533617391	0	0	0	0		1	False	0
abau-SAMN11997570	GP_Isolated_17	52:8917	4	0.0	0.26860195	1.6024168893382442	GP_Isolated_53	208:2339	4	0.0	0.37396929999999995	1.6160780915240365	0	0	0	0		1	False	0
abau-SAMN11997570	GP_Isolated_17	52:8917	4	0.0	0.26860195	1.6024168893382442	GP_Isolated_54	212:2192	4	0.0	0.49995670000000003	2.958468741725043	0	0	0	0		1	False	0
abau-SAMN11997570	GP_Isolated_17	52:8917	4	0.0	0.26860195	1.6024168893382442	GP_unb_6	217:2126	4	0.0	0.12310969999999999	0.8445270937146435	0	0	0	0		1	False	0
abau-SAMN11997570	GP_Isolated_17	52:8917	4	0.0	0.26860195	1.6024168893382442	GP_Isolated_55	220:2070	4	0.0	0.49999875000000005	6.719385667172192	0	0	0	0		1	False	0
abau-SAMN11997570	GP_Isolated_17	52:8917	4	0.0	0.26860195	1.6024168893382442	GP_Isolated_56	224:1987	4	0.0	0.49966469999999996	2.5793733901446765	0	0	0	0		1	False	0
abau-SAMN11997570	GP_Isolated_17	52:8917	4	0.0	0.26860195	1.6024168893382442	GP_Isolated_57	229:1833	4	0.0	0.19480030000000004	1.4968043619556584	0	0	0	0		1	False	0
abau-SAMN11997570	GP_Isolated_17	52:8917	4	0.0	0.26860195	1.6024168893382442	GP_Isolated_58	230:1819	4	0.0	0.49898010000000004	2.1407164006644037	0	0	0	0		1	False	0
abau-SAMN11997570	GP_Isolated_17	52:8917	4	0.0	0.26860195	1.6024168893382442	GP_Isolated_59	234:1611	4	0.0	0.49999607	4.6761512722370675	0	0	0	0		1	False	0
abau-SAMN11997570	GP_Isolated_17	52:8917	4	0.0	0.26860195	1.6024168893382442	GP_2	235:1574,249:762,250:616	4	-0.008126911518390956	0.76670491	0.4261018402203942	0	0	0	0		1	False	0
abau-SAMN11997570	GP_Isolated_17	52:8917	4	0.0	0.26860195	1.6024168893382442	GP_Isolated_60	236:1536	4	0.0	0.24603045	1.5082147757637034	0	0	0	0		1	False	0
abau-SAMN11997570	GP_Isolated_18	60:8302	4	0.0	0.49997159999999996	3.08373654943309	GP_Isolated_19	61:8198	4	0.0	0.4999987	4.34523211820196	0	0	0	0		1	False	0
abau-SAMN11997570	GP_Isolated_18	60:8302	4	0.0	0.49997159999999996	3.08373654943309	GP_Isolated_20	63:7953	4	0.0	0.49999910000000003	6.654389639151682	0	0	0	0		1	False	0
abau-SAMN11997570	GP_Isolated_18	60:8302	4	0.0	0.49997159999999996	3.08373654943309	GP_Isolated_21	64:7926	4	0.0	0.36175559999999995	1.6550456175826294	0	0	0	0		1	False	0
abau-SAMN11997570	GP_Isolated_18	60:8302	4	0.0	0.49997159999999996	3.08373654943309	GP_Isolated_22	69:7625	4	0.0	0.49997175000000005	3.060650923184324	0	0	0	0		1	False	0
abau-SAMN11997570	GP_Isolated_18	60:8302	4	0.0	0.49997159999999996	3.08373654943309	GP_Isolated_23	72:7492	4	0.0	0.49645627000000003	2.3169621460583834	0	0	0	0		1	False	0
abau-SAMN11997570	GP_Isolated_18	60:8302	4	0.0	0.49997159999999996	3.08373654943309	GP_Isolated_24	77:7113	4	0.0	0.057672999999999974	0.2827212874028069	0	0	0	0		1	False	0
abau-SAMN11997570	GP_Isolated_18	60:8302	4	0.0	0.49997159999999996	3.08373654943309	GP_Isolated_25	86:6734	4	0.0	0.49999654000000004	3.6742134276979375	0	0	0	0		1	False	0
abau-SAMN11997570	GP_Isolated_18	60:8302	4	0.0	0.49997159999999996	3.08373654943309	GP_Isolated_26	92:6431	4	0.0	0.49970099999999995	2.626712163886281	0	0	0	0		1	False	0
abau-SAMN11997570	GP_Isolated_18	60:8302	4	0.0	0.49997159999999996	3.08373654943309	GP_Isolated_27	93:6340	4	0.0	0.09477329999999995	0.26630798488240537	0	0	0	0		1	False	0
abau-SAMN11997570	GP_Isolated_18	60:8302	4	0.0	0.49997159999999996	3.08373654943309	GP_Isolated_28	99:6130	4	0.0	0.49999879999999997	5.188759298042897	0	0	0	0		1	False	0
abau-SAMN11997570	GP_Isolated_18	60:8302	4	0.0	0.49997159999999996	3.08373654943309	GP_Isolated_29	105:5975	4	0.0	0.08651770000000003	0.2702998242699983	0	0	0	0		1	False	0
abau-SAMN11997570	GP_Isolated_18	60:8302	4	0.0	0.49997159999999996	3.08373654943309	GP_unb_2	109:5910	4	0.0	0.15053510000000003	0.9975867215522015	0	0	0	0		1	False	0
abau-SAMN11997570	GP_Isolated_18	60:8302	4	0.0	0.49997159999999996	3.08373654943309	GP_Isolated_30	110:5839	4	0.0	0.49999905	26.076827712380542	0	0	0	0		1	False	0
abau-SAMN11997570	GP_Isolated_18	60:8302	4	0.0	0.49997159999999996	3.08373654943309	GP_Isolated_31	112:5733	4	0.0	0.12803370000000003	0.26043366794251466	0	0	0	0		1	False	0
abau-SAMN11997570	GP_Isolated_18	60:8302	4	0.0	0.49997159999999996	3.08373654943309	GP_Isolated_32	114:5711	4	0.0	0.49962366	2.5835740593630394	0	0	0	0		1	False	0
abau-SAMN11997570	GP_Isolated_18	60:8302	4	0.0	0.49997159999999996	3.08373654943309	GP_0	117:5672,138:4536,252:119	4	0.0	1.10585566	0.7813266136478622	0	0	0	0		1	False	0
abau-SAMN11997570	GP_Isolated_18	60:8302	4	0.0	0.49997159999999996	3.08373654943309	GP_Isolated_33	127:5298	4	0.0	0.06380206	0.2745305842420741	0	0	0	0		1	False	0
abau-SAMN11997570	GP_Isolated_18	60:8302	4	0.0	0.49997159999999996	3.08373654943309	GP_Isolated_34	132:4796	4	0.0	0.49998089999999995	3.1051019635387167	0	0	0	0		1	False	0
abau-SAMN11997570	GP_Isolated_18	60:8302	4	0.0	0.49997159999999996	3.08373654943309	GP_Isolated_35	133:4689	4	0.0	0.49999760000000004	4.408222246075734	0	0	0	0		1	False	0
abau-SAMN11997570	GP_Isolated_18	60:8302	4	0.0	0.49997159999999996	3.08373654943309	GP_Isolated_36	136:4629	4	0.0	0.49999930000000004	13.21862738017862	0	0	0	0		1	False	0
abau-SAMN11997570	GP_Isolated_18	60:8302	4	0.0	0.49997159999999996	3.08373654943309	GP_Isolated_37	137:4557	4	0.0	0.47178555	1.9480913473226646	0	0	0	0		1	False	0
abau-SAMN11997570	GP_Isolated_18	60:8302	4	0.0	0.49997159999999996	3.08373654943309	GP_Isolated_38	141:4413	4	0.0	0.4998292	2.6496413182157386	0	0	0	0		1	False	0
abau-SAMN11997570	GP_Isolated_18	60:8302	4	0.0	0.49997159999999996	3.08373654943309	GP_Isolated_39	151:4034	4	0.0	0.49999845	4.643478731855276	0	0	0	0		1	False	0
abau-SAMN11997570	GP_Isolated_18	60:8302	4	0.0	0.49997159999999996	3.08373654943309	GP_Isolated_40	152:3965	4	0.0	0.49792479999999995	2.255849642521846	0	0	0	0		1	False	0
abau-SAMN11997570	GP_Isolated_18	60:8302	4	0.0	0.49997159999999996	3.08373654943309	GP_Isolated_41	155:3816	4	0.0	0.49920356	2.431904624347031	0	0	0	0		1	False	0
abau-SAMN11997570	GP_Isolated_18	60:8302	4	0.0	0.49997159999999996	3.08373654943309	GP_Isolated_42	162:3658	4	0.0	0.49999857000000003	7.322344190077274	0	0	0	0		1	False	0
abau-SAMN11997570	GP_Isolated_18	60:8302	4	0.0	0.49997159999999996	3.08373654943309	GP_Isolated_43	163:3614	4	0.0	0.4999521	2.864001829517826	0	0	0	0		1	False	0
abau-SAMN11997570	GP_Isolated_18	60:8302	4	0.0	0.49997159999999996	3.08373654943309	GP_Isolated_44	169:3435	4	0.0	0.49999654000000004	4.247255723261357	0	0	0	0		1	False	0
abau-SAMN11997570	GP_Isolated_18	60:8302	4	0.0	0.49997159999999996	3.08373654943309	GP_Isolated_45	171:3358	4	0.0	0.06734925999999997	0.25885931970824005	0	0	0	0		1	False	0
abau-SAMN11997570	GP_Isolated_18	60:8302	4	0.0	0.49997159999999996	3.08373654943309	GP_unb_3	172:3326	4	0.0	0.14425707	0.3960207987289666	0	0	0	0		1	False	0
abau-SAMN11997570	GP_Isolated_18	60:8302	4	0.0	0.49997159999999996	3.08373654943309	GP_Isolated_46	175:3283	4	0.0	0.4999987	8.19858693820563	0	0	0	0		1	False	0
abau-SAMN11997570	GP_Isolated_18	60:8302	4	0.0	0.49997159999999996	3.08373654943309	GP_Isolated_47	179:3189	4	0.0	0.45655227	1.7767687345032621	0	0	0	0		1	False	0
abau-SAMN11997570	GP_Isolated_18	60:8302	4	0.0	0.49997159999999996	3.08373654943309	GP_Isolated_48	180:3118	4	0.0	0.40498376	1.5893334296237451	0	0	0	0		1	False	0
abau-SAMN11997570	GP_Isolated_18	60:8302	4	0.0	0.49997159999999996	3.08373654943309	GP_Isolated_49	184:2877	4	0.0	0.07340884000000003	0.25477961531980453	0	0	0	0		1	False	0
abau-SAMN11997570	GP_Isolated_18	60:8302	4	0.0	0.49997159999999996	3.08373654943309	GP_Isolated_50	193:2632	4	0.0	0.49999857000000003	6.944283960424642	0	0	0	0		1	False	0
abau-SAMN11997570	GP_Isolated_18	60:8302	4	0.0	0.49997159999999996	3.08373654943309	GP_Isolated_51	194:2629	4	0.0	0.006962899999999994	1.504748320935943	0	0	0	0		1	False	0
abau-SAMN11997570	GP_Isolated_18	60:8302	4	0.0	0.49997159999999996	3.08373654943309	GP_Isolated_52	200:2482	4	0.0	0.4994037	2.496003947906887	0	0	0	0		1	False	0
abau-SAMN11997570	GP_Isolated_18	60:8302	4	0.0	0.49997159999999996	3.08373654943309	GP_unb_4	201:2472	4	0.0	0.48582080000000005	92.25163091885126	0	0	0	0		1	False	0
abau-SAMN11997570	GP_Isolated_18	60:8302	4	0.0	0.49997159999999996	3.08373654943309	GP_unb_5	207:2365	4	0.0	0.17706615000000003	0.5505813533617391	0	0	0	0		1	False	0
abau-SAMN11997570	GP_Isolated_18	60:8302	4	0.0	0.49997159999999996	3.08373654943309	GP_Isolated_53	208:2339	4	0.0	0.37396929999999995	1.6160780915240365	0	0	0	0		1	False	0
abau-SAMN11997570	GP_Isolated_18	60:8302	4	0.0	0.49997159999999996	3.08373654943309	GP_Isolated_54	212:2192	4	0.0	0.49995670000000003	2.958468741725043	0	0	0	0		1	False	0
abau-SAMN11997570	GP_Isolated_18	60:8302	4	0.0	0.49997159999999996	3.08373654943309	GP_unb_6	217:2126	4	0.0	0.12310969999999999	0.8445270937146435	0	0	0	0		1	False	0
abau-SAMN11997570	GP_Isolated_18	60:8302	4	0.0	0.49997159999999996	3.08373654943309	GP_Isolated_55	220:2070	4	0.0	0.49999875000000005	6.719385667172192	0	0	0	0		1	False	0
abau-SAMN11997570	GP_Isolated_18	60:8302	4	0.0	0.49997159999999996	3.08373654943309	GP_Isolated_56	224:1987	4	0.0	0.49966469999999996	2.5793733901446765	0	0	0	0		1	False	0
abau-SAMN11997570	GP_Isolated_18	60:8302	4	0.0	0.49997159999999996	3.08373654943309	GP_Isolated_57	229:1833	4	0.0	0.19480030000000004	1.4968043619556584	0	0	0	0		1	False	0
abau-SAMN11997570	GP_Isolated_18	60:8302	4	0.0	0.49997159999999996	3.08373654943309	GP_Isolated_58	230:1819	4	0.0	0.49898010000000004	2.1407164006644037	0	0	0	0		1	False	0
abau-SAMN11997570	GP_Isolated_18	60:8302	4	0.0	0.49997159999999996	3.08373654943309	GP_Isolated_59	234:1611	4	0.0	0.49999607	4.6761512722370675	0	0	0	0		1	False	0
abau-SAMN11997570	GP_Isolated_18	60:8302	4	0.0	0.49997159999999996	3.08373654943309	GP_2	235:1574,249:762,250:616	4	-0.008126911518390956	0.76670491	0.4261018402203942	0	0	0	0		1	False	0
abau-SAMN11997570	GP_Isolated_18	60:8302	4	0.0	0.49997159999999996	3.08373654943309	GP_Isolated_60	236:1536	4	0.0	0.24603045	1.5082147757637034	0	0	0	0		1	False	0
abau-SAMN11997570	GP_Isolated_19	61:8198	4	0.0	0.4999987	4.34523211820196	GP_Isolated_20	63:7953	4	0.0	0.49999910000000003	6.654389639151682	0	0	0	0		1	False	0
abau-SAMN11997570	GP_Isolated_19	61:8198	4	0.0	0.4999987	4.34523211820196	GP_Isolated_21	64:7926	4	0.0	0.36175559999999995	1.6550456175826294	0	0	0	0		1	False	0
abau-SAMN11997570	GP_Isolated_19	61:8198	4	0.0	0.4999987	4.34523211820196	GP_Isolated_22	69:7625	4	0.0	0.49997175000000005	3.060650923184324	0	0	0	0		1	False	0
abau-SAMN11997570	GP_Isolated_19	61:8198	4	0.0	0.4999987	4.34523211820196	GP_Isolated_23	72:7492	4	0.0	0.49645627000000003	2.3169621460583834	0	0	0	0		1	False	0
abau-SAMN11997570	GP_Isolated_19	61:8198	4	0.0	0.4999987	4.34523211820196	GP_Isolated_24	77:7113	4	0.0	0.057672999999999974	0.2827212874028069	0	0	0	0		1	False	0
abau-SAMN11997570	GP_Isolated_19	61:8198	4	0.0	0.4999987	4.34523211820196	GP_Isolated_25	86:6734	4	0.0	0.49999654000000004	3.6742134276979375	0	0	0	0		1	False	0
abau-SAMN11997570	GP_Isolated_19	61:8198	4	0.0	0.4999987	4.34523211820196	GP_Isolated_26	92:6431	4	0.0	0.49970099999999995	2.626712163886281	0	0	0	0		1	False	0
abau-SAMN11997570	GP_Isolated_19	61:8198	4	0.0	0.4999987	4.34523211820196	GP_Isolated_27	93:6340	4	0.0	0.09477329999999995	0.26630798488240537	0	0	0	0		1	False	0
abau-SAMN11997570	GP_Isolated_19	61:8198	4	0.0	0.4999987	4.34523211820196	GP_Isolated_28	99:6130	4	0.0	0.49999879999999997	5.188759298042897	0	0	0	0		1	False	0
abau-SAMN11997570	GP_Isolated_19	61:8198	4	0.0	0.4999987	4.34523211820196	GP_Isolated_29	105:5975	4	0.0	0.08651770000000003	0.2702998242699983	0	0	0	0		1	False	0
abau-SAMN11997570	GP_Isolated_19	61:8198	4	0.0	0.4999987	4.34523211820196	GP_unb_2	109:5910	4	0.0	0.15053510000000003	0.9975867215522015	0	0	0	0		1	False	0
abau-SAMN11997570	GP_Isolated_19	61:8198	4	0.0	0.4999987	4.34523211820196	GP_Isolated_30	110:5839	4	0.0	0.49999905	26.076827712380542	0	0	0	0		1	False	0
abau-SAMN11997570	GP_Isolated_19	61:8198	4	0.0	0.4999987	4.34523211820196	GP_Isolated_31	112:5733	4	0.0	0.12803370000000003	0.26043366794251466	0	0	0	0		1	False	0
abau-SAMN11997570	GP_Isolated_19	61:8198	4	0.0	0.4999987	4.34523211820196	GP_Isolated_32	114:5711	4	0.0	0.49962366	2.5835740593630394	0	0	0	0		1	False	0
abau-SAMN11997570	GP_Isolated_19	61:8198	4	0.0	0.4999987	4.34523211820196	GP_0	117:5672,138:4536,252:119	4	0.0	1.10585566	0.7813266136478622	0	0	0	0		1	False	0
abau-SAMN11997570	GP_Isolated_19	61:8198	4	0.0	0.4999987	4.34523211820196	GP_Isolated_33	127:5298	4	0.0	0.06380206	0.2745305842420741	0	0	0	0		1	False	0
abau-SAMN11997570	GP_Isolated_19	61:8198	4	0.0	0.4999987	4.34523211820196	GP_Isolated_34	132:4796	4	0.0	0.49998089999999995	3.1051019635387167	0	0	0	0		1	False	0
abau-SAMN11997570	GP_Isolated_19	61:8198	4	0.0	0.4999987	4.34523211820196	GP_Isolated_35	133:4689	4	0.0	0.49999760000000004	4.408222246075734	0	0	0	0		1	False	0
abau-SAMN11997570	GP_Isolated_19	61:8198	4	0.0	0.4999987	4.34523211820196	GP_Isolated_36	136:4629	4	0.0	0.49999930000000004	13.21862738017862	0	0	0	0		1	False	0
abau-SAMN11997570	GP_Isolated_19	61:8198	4	0.0	0.4999987	4.34523211820196	GP_Isolated_37	137:4557	4	0.0	0.47178555	1.9480913473226646	0	0	0	0		1	False	0
abau-SAMN11997570	GP_Isolated_19	61:8198	4	0.0	0.4999987	4.34523211820196	GP_Isolated_38	141:4413	4	0.0	0.4998292	2.6496413182157386	0	0	0	0		1	False	0
abau-SAMN11997570	GP_Isolated_19	61:8198	4	0.0	0.4999987	4.34523211820196	GP_Isolated_39	151:4034	4	0.0	0.49999845	4.643478731855276	0	0	0	0		1	False	0
abau-SAMN11997570	GP_Isolated_19	61:8198	4	0.0	0.4999987	4.34523211820196	GP_Isolated_40	152:3965	4	0.0	0.49792479999999995	2.255849642521846	0	0	0	0		1	False	0
abau-SAMN11997570	GP_Isolated_19	61:8198	4	0.0	0.4999987	4.34523211820196	GP_Isolated_41	155:3816	4	0.0	0.49920356	2.431904624347031	0	0	0	0		1	False	0
abau-SAMN11997570	GP_Isolated_19	61:8198	4	0.0	0.4999987	4.34523211820196	GP_Isolated_42	162:3658	4	0.0	0.49999857000000003	7.322344190077274	0	0	0	0		1	False	0
abau-SAMN11997570	GP_Isolated_19	61:8198	4	0.0	0.4999987	4.34523211820196	GP_Isolated_43	163:3614	4	0.0	0.4999521	2.864001829517826	0	0	0	0		1	False	0
abau-SAMN11997570	GP_Isolated_19	61:8198	4	0.0	0.4999987	4.34523211820196	GP_Isolated_44	169:3435	4	0.0	0.49999654000000004	4.247255723261357	0	0	0	0		1	False	0
abau-SAMN11997570	GP_Isolated_19	61:8198	4	0.0	0.4999987	4.34523211820196	GP_Isolated_45	171:3358	4	0.0	0.06734925999999997	0.25885931970824005	0	0	0	0		1	False	0
abau-SAMN11997570	GP_Isolated_19	61:8198	4	0.0	0.4999987	4.34523211820196	GP_unb_3	172:3326	4	0.0	0.14425707	0.3960207987289666	0	0	0	0		1	False	0
abau-SAMN11997570	GP_Isolated_19	61:8198	4	0.0	0.4999987	4.34523211820196	GP_Isolated_46	175:3283	4	0.0	0.4999987	8.19858693820563	0	0	0	0		1	False	0
abau-SAMN11997570	GP_Isolated_19	61:8198	4	0.0	0.4999987	4.34523211820196	GP_Isolated_47	179:3189	4	0.0	0.45655227	1.7767687345032621	0	0	0	0		1	False	0
abau-SAMN11997570	GP_Isolated_19	61:8198	4	0.0	0.4999987	4.34523211820196	GP_Isolated_48	180:3118	4	0.0	0.40498376	1.5893334296237451	0	0	0	0		1	False	0
abau-SAMN11997570	GP_Isolated_19	61:8198	4	0.0	0.4999987	4.34523211820196	GP_Isolated_49	184:2877	4	0.0	0.07340884000000003	0.25477961531980453	0	0	0	0		1	False	0
abau-SAMN11997570	GP_Isolated_19	61:8198	4	0.0	0.4999987	4.34523211820196	GP_Isolated_50	193:2632	4	0.0	0.49999857000000003	6.944283960424642	0	0	0	0		1	False	0
abau-SAMN11997570	GP_Isolated_19	61:8198	4	0.0	0.4999987	4.34523211820196	GP_Isolated_51	194:2629	4	0.0	0.006962899999999994	1.504748320935943	0	0	0	0		1	False	0
abau-SAMN11997570	GP_Isolated_19	61:8198	4	0.0	0.4999987	4.34523211820196	GP_Isolated_52	200:2482	4	0.0	0.4994037	2.496003947906887	0	0	0	0		1	False	0
abau-SAMN11997570	GP_Isolated_19	61:8198	4	0.0	0.4999987	4.34523211820196	GP_unb_4	201:2472	4	0.0	0.48582080000000005	92.25163091885126	0	0	0	0		1	False	0
abau-SAMN11997570	GP_Isolated_19	61:8198	4	0.0	0.4999987	4.34523211820196	GP_unb_5	207:2365	4	0.0	0.17706615000000003	0.5505813533617391	0	0	0	0		1	False	0
abau-SAMN11997570	GP_Isolated_19	61:8198	4	0.0	0.4999987	4.34523211820196	GP_Isolated_53	208:2339	4	0.0	0.37396929999999995	1.6160780915240365	0	0	0	0		1	False	0
abau-SAMN11997570	GP_Isolated_19	61:8198	4	0.0	0.4999987	4.34523211820196	GP_Isolated_54	212:2192	4	0.0	0.49995670000000003	2.958468741725043	0	0	0	0		1	False	0
abau-SAMN11997570	GP_Isolated_19	61:8198	4	0.0	0.4999987	4.34523211820196	GP_unb_6	217:2126	4	0.0	0.12310969999999999	0.8445270937146435	0	0	0	0		1	False	0
abau-SAMN11997570	GP_Isolated_19	61:8198	4	0.0	0.4999987	4.34523211820196	GP_Isolated_55	220:2070	4	0.0	0.49999875000000005	6.719385667172192	0	0	0	0		1	False	0
abau-SAMN11997570	GP_Isolated_19	61:8198	4	0.0	0.4999987	4.34523211820196	GP_Isolated_56	224:1987	4	0.0	0.49966469999999996	2.5793733901446765	0	0	0	0		1	False	0
abau-SAMN11997570	GP_Isolated_19	61:8198	4	0.0	0.4999987	4.34523211820196	GP_Isolated_57	229:1833	4	0.0	0.19480030000000004	1.4968043619556584	0	0	0	0		1	False	0
abau-SAMN11997570	GP_Isolated_19	61:8198	4	0.0	0.4999987	4.34523211820196	GP_Isolated_58	230:1819	4	0.0	0.49898010000000004	2.1407164006644037	0	0	0	0		1	False	0
abau-SAMN11997570	GP_Isolated_19	61:8198	4	0.0	0.4999987	4.34523211820196	GP_Isolated_59	234:1611	4	0.0	0.49999607	4.6761512722370675	0	0	0	0		1	False	0
abau-SAMN11997570	GP_Isolated_19	61:8198	4	0.0	0.4999987	4.34523211820196	GP_2	235:1574,249:762,250:616	4	-0.008126911518390956	0.76670491	0.4261018402203942	0	0	0	0		1	False	0
abau-SAMN11997570	GP_Isolated_19	61:8198	4	0.0	0.4999987	4.34523211820196	GP_Isolated_60	236:1536	4	0.0	0.24603045	1.5082147757637034	0	0	0	0		1	False	0
abau-SAMN11997570	GP_Isolated_20	63:7953	4	0.0	0.49999910000000003	6.654389639151682	GP_Isolated_21	64:7926	4	0.0	0.36175559999999995	1.6550456175826294	0	0	0	0		1	False	0
abau-SAMN11997570	GP_Isolated_20	63:7953	4	0.0	0.49999910000000003	6.654389639151682	GP_Isolated_22	69:7625	4	0.0	0.49997175000000005	3.060650923184324	0	0	0	0		1	False	0
abau-SAMN11997570	GP_Isolated_20	63:7953	4	0.0	0.49999910000000003	6.654389639151682	GP_Isolated_23	72:7492	4	0.0	0.49645627000000003	2.3169621460583834	0	0	0	0		1	False	0
abau-SAMN11997570	GP_Isolated_20	63:7953	4	0.0	0.49999910000000003	6.654389639151682	GP_Isolated_24	77:7113	4	0.0	0.057672999999999974	0.2827212874028069	0	0	0	0		1	False	0
abau-SAMN11997570	GP_Isolated_20	63:7953	4	0.0	0.49999910000000003	6.654389639151682	GP_Isolated_25	86:6734	4	0.0	0.49999654000000004	3.6742134276979375	0	0	0	0		1	False	0
abau-SAMN11997570	GP_Isolated_20	63:7953	4	0.0	0.49999910000000003	6.654389639151682	GP_Isolated_26	92:6431	4	0.0	0.49970099999999995	2.626712163886281	0	0	0	0		1	False	0
abau-SAMN11997570	GP_Isolated_20	63:7953	4	0.0	0.49999910000000003	6.654389639151682	GP_Isolated_27	93:6340	4	0.0	0.09477329999999995	0.26630798488240537	0	0	0	0		1	False	0
abau-SAMN11997570	GP_Isolated_20	63:7953	4	0.0	0.49999910000000003	6.654389639151682	GP_Isolated_28	99:6130	4	0.0	0.49999879999999997	5.188759298042897	0	0	0	0		1	False	0
abau-SAMN11997570	GP_Isolated_20	63:7953	4	0.0	0.49999910000000003	6.654389639151682	GP_Isolated_29	105:5975	4	0.0	0.08651770000000003	0.2702998242699983	0	0	0	0		1	False	0
abau-SAMN11997570	GP_Isolated_20	63:7953	4	0.0	0.49999910000000003	6.654389639151682	GP_unb_2	109:5910	4	0.0	0.15053510000000003	0.9975867215522015	0	0	0	0		1	False	0
abau-SAMN11997570	GP_Isolated_20	63:7953	4	0.0	0.49999910000000003	6.654389639151682	GP_Isolated_30	110:5839	4	0.0	0.49999905	26.076827712380542	0	0	0	0		1	False	0
abau-SAMN11997570	GP_Isolated_20	63:7953	4	0.0	0.49999910000000003	6.654389639151682	GP_Isolated_31	112:5733	4	0.0	0.12803370000000003	0.26043366794251466	0	0	0	0		1	False	0
abau-SAMN11997570	GP_Isolated_20	63:7953	4	0.0	0.49999910000000003	6.654389639151682	GP_Isolated_32	114:5711	4	0.0	0.49962366	2.5835740593630394	0	0	0	0		1	False	0
abau-SAMN11997570	GP_Isolated_20	63:7953	4	0.0	0.49999910000000003	6.654389639151682	GP_0	117:5672,138:4536,252:119	4	0.0	1.10585566	0.7813266136478622	0	0	0	0		1	False	0
abau-SAMN11997570	GP_Isolated_20	63:7953	4	0.0	0.49999910000000003	6.654389639151682	GP_Isolated_33	127:5298	4	0.0	0.06380206	0.2745305842420741	0	0	0	0		1	False	0
abau-SAMN11997570	GP_Isolated_20	63:7953	4	0.0	0.49999910000000003	6.654389639151682	GP_Isolated_34	132:4796	4	0.0	0.49998089999999995	3.1051019635387167	0	0	0	0		1	False	0
abau-SAMN11997570	GP_Isolated_20	63:7953	4	0.0	0.49999910000000003	6.654389639151682	GP_Isolated_35	133:4689	4	0.0	0.49999760000000004	4.408222246075734	0	0	0	0		1	False	0
abau-SAMN11997570	GP_Isolated_20	63:7953	4	0.0	0.49999910000000003	6.654389639151682	GP_Isolated_36	136:4629	4	0.0	0.49999930000000004	13.21862738017862	0	0	0	0		1	False	0
abau-SAMN11997570	GP_Isolated_20	63:7953	4	0.0	0.49999910000000003	6.654389639151682	GP_Isolated_37	137:4557	4	0.0	0.47178555	1.9480913473226646	0	0	0	0		1	False	0
abau-SAMN11997570	GP_Isolated_20	63:7953	4	0.0	0.49999910000000003	6.654389639151682	GP_Isolated_38	141:4413	4	0.0	0.4998292	2.6496413182157386	0	0	0	0		1	False	0
abau-SAMN11997570	GP_Isolated_20	63:7953	4	0.0	0.49999910000000003	6.654389639151682	GP_Isolated_39	151:4034	4	0.0	0.49999845	4.643478731855276	0	0	0	0		1	False	0
abau-SAMN11997570	GP_Isolated_20	63:7953	4	0.0	0.49999910000000003	6.654389639151682	GP_Isolated_40	152:3965	4	0.0	0.49792479999999995	2.255849642521846	0	0	0	0		1	False	0
abau-SAMN11997570	GP_Isolated_20	63:7953	4	0.0	0.49999910000000003	6.654389639151682	GP_Isolated_41	155:3816	4	0.0	0.49920356	2.431904624347031	0	0	0	0		1	False	0
abau-SAMN11997570	GP_Isolated_20	63:7953	4	0.0	0.49999910000000003	6.654389639151682	GP_Isolated_42	162:3658	4	0.0	0.49999857000000003	7.322344190077274	0	0	0	0		1	False	0
abau-SAMN11997570	GP_Isolated_20	63:7953	4	0.0	0.49999910000000003	6.654389639151682	GP_Isolated_43	163:3614	4	0.0	0.4999521	2.864001829517826	0	0	0	0		1	False	0
abau-SAMN11997570	GP_Isolated_20	63:7953	4	0.0	0.49999910000000003	6.654389639151682	GP_Isolated_44	169:3435	4	0.0	0.49999654000000004	4.247255723261357	0	0	0	0		1	False	0
abau-SAMN11997570	GP_Isolated_20	63:7953	4	0.0	0.49999910000000003	6.654389639151682	GP_Isolated_45	171:3358	4	0.0	0.06734925999999997	0.25885931970824005	0	0	0	0		1	False	0
abau-SAMN11997570	GP_Isolated_20	63:7953	4	0.0	0.49999910000000003	6.654389639151682	GP_unb_3	172:3326	4	0.0	0.14425707	0.3960207987289666	0	0	0	0		1	False	0
abau-SAMN11997570	GP_Isolated_20	63:7953	4	0.0	0.49999910000000003	6.654389639151682	GP_Isolated_46	175:3283	4	0.0	0.4999987	8.19858693820563	0	0	0	0		1	False	0
abau-SAMN11997570	GP_Isolated_20	63:7953	4	0.0	0.49999910000000003	6.654389639151682	GP_Isolated_47	179:3189	4	0.0	0.45655227	1.7767687345032621	0	0	0	0		1	False	0
abau-SAMN11997570	GP_Isolated_20	63:7953	4	0.0	0.49999910000000003	6.654389639151682	GP_Isolated_48	180:3118	4	0.0	0.40498376	1.5893334296237451	0	0	0	0		1	False	0
abau-SAMN11997570	GP_Isolated_20	63:7953	4	0.0	0.49999910000000003	6.654389639151682	GP_Isolated_49	184:2877	4	0.0	0.07340884000000003	0.25477961531980453	0	0	0	0		1	False	0
abau-SAMN11997570	GP_Isolated_20	63:7953	4	0.0	0.49999910000000003	6.654389639151682	GP_Isolated_50	193:2632	4	0.0	0.49999857000000003	6.944283960424642	0	0	0	0		1	False	0
abau-SAMN11997570	GP_Isolated_20	63:7953	4	0.0	0.49999910000000003	6.654389639151682	GP_Isolated_51	194:2629	4	0.0	0.006962899999999994	1.504748320935943	0	0	0	0		1	False	0
abau-SAMN11997570	GP_Isolated_20	63:7953	4	0.0	0.49999910000000003	6.654389639151682	GP_Isolated_52	200:2482	4	0.0	0.4994037	2.496003947906887	0	0	0	0		1	False	0
abau-SAMN11997570	GP_Isolated_20	63:7953	4	0.0	0.49999910000000003	6.654389639151682	GP_unb_4	201:2472	4	0.0	0.48582080000000005	92.25163091885126	0	0	0	0		1	False	0
abau-SAMN11997570	GP_Isolated_20	63:7953	4	0.0	0.49999910000000003	6.654389639151682	GP_unb_5	207:2365	4	0.0	0.17706615000000003	0.5505813533617391	0	0	0	0		1	False	0
abau-SAMN11997570	GP_Isolated_20	63:7953	4	0.0	0.49999910000000003	6.654389639151682	GP_Isolated_53	208:2339	4	0.0	0.37396929999999995	1.6160780915240365	0	0	0	0		1	False	0
abau-SAMN11997570	GP_Isolated_20	63:7953	4	0.0	0.49999910000000003	6.654389639151682	GP_Isolated_54	212:2192	4	0.0	0.49995670000000003	2.958468741725043	0	0	0	0		1	False	0
abau-SAMN11997570	GP_Isolated_20	63:7953	4	0.0	0.49999910000000003	6.654389639151682	GP_unb_6	217:2126	4	0.0	0.12310969999999999	0.8445270937146435	0	0	0	0		1	False	0
abau-SAMN11997570	GP_Isolated_20	63:7953	4	0.0	0.49999910000000003	6.654389639151682	GP_Isolated_55	220:2070	4	0.0	0.49999875000000005	6.719385667172192	0	0	0	0		1	False	0
abau-SAMN11997570	GP_Isolated_20	63:7953	4	0.0	0.49999910000000003	6.654389639151682	GP_Isolated_56	224:1987	4	0.0	0.49966469999999996	2.5793733901446765	0	0	0	0		1	False	0
abau-SAMN11997570	GP_Isolated_20	63:7953	4	0.0	0.49999910000000003	6.654389639151682	GP_Isolated_57	229:1833	4	0.0	0.19480030000000004	1.4968043619556584	0	0	0	0		1	False	0
abau-SAMN11997570	GP_Isolated_20	63:7953	4	0.0	0.49999910000000003	6.654389639151682	GP_Isolated_58	230:1819	4	0.0	0.49898010000000004	2.1407164006644037	0	0	0	0		1	False	0
abau-SAMN11997570	GP_Isolated_20	63:7953	4	0.0	0.49999910000000003	6.654389639151682	GP_Isolated_59	234:1611	4	0.0	0.49999607	4.6761512722370675	0	0	0	0		1	False	0
abau-SAMN11997570	GP_Isolated_20	63:7953	4	0.0	0.49999910000000003	6.654389639151682	GP_2	235:1574,249:762,250:616	4	-0.008126911518390956	0.76670491	0.4261018402203942	0	0	0	0		1	False	0
abau-SAMN11997570	GP_Isolated_20	63:7953	4	0.0	0.49999910000000003	6.654389639151682	GP_Isolated_60	236:1536	4	0.0	0.24603045	1.5082147757637034	0	0	0	0		1	False	0
abau-SAMN11997570	GP_Isolated_21	64:7926	4	0.0	0.36175559999999995	1.6550456175826294	GP_Isolated_22	69:7625	4	0.0	0.49997175000000005	3.060650923184324	0	0	0	0		1	False	0
abau-SAMN11997570	GP_Isolated_21	64:7926	4	0.0	0.36175559999999995	1.6550456175826294	GP_Isolated_23	72:7492	4	0.0	0.49645627000000003	2.3169621460583834	0	0	0	0		1	False	0
abau-SAMN11997570	GP_Isolated_21	64:7926	4	0.0	0.36175559999999995	1.6550456175826294	GP_Isolated_24	77:7113	4	0.0	0.057672999999999974	0.2827212874028069	0	0	0	0		1	False	0
abau-SAMN11997570	GP_Isolated_21	64:7926	4	0.0	0.36175559999999995	1.6550456175826294	GP_Isolated_25	86:6734	4	0.0	0.49999654000000004	3.6742134276979375	0	0	0	0		1	False	0
abau-SAMN11997570	GP_Isolated_21	64:7926	4	0.0	0.36175559999999995	1.6550456175826294	GP_Isolated_26	92:6431	4	0.0	0.49970099999999995	2.626712163886281	0	0	0	0		1	False	0
abau-SAMN11997570	GP_Isolated_21	64:7926	4	0.0	0.36175559999999995	1.6550456175826294	GP_Isolated_27	93:6340	4	0.0	0.09477329999999995	0.26630798488240537	0	0	0	0		1	False	0
abau-SAMN11997570	GP_Isolated_21	64:7926	4	0.0	0.36175559999999995	1.6550456175826294	GP_Isolated_28	99:6130	4	0.0	0.49999879999999997	5.188759298042897	0	0	0	0		1	False	0
abau-SAMN11997570	GP_Isolated_21	64:7926	4	0.0	0.36175559999999995	1.6550456175826294	GP_Isolated_29	105:5975	4	0.0	0.08651770000000003	0.2702998242699983	0	0	0	0		1	False	0
abau-SAMN11997570	GP_Isolated_21	64:7926	4	0.0	0.36175559999999995	1.6550456175826294	GP_unb_2	109:5910	4	0.0	0.15053510000000003	0.9975867215522015	0	0	0	0		1	False	0
abau-SAMN11997570	GP_Isolated_21	64:7926	4	0.0	0.36175559999999995	1.6550456175826294	GP_Isolated_30	110:5839	4	0.0	0.49999905	26.076827712380542	0	0	0	0		1	False	0
abau-SAMN11997570	GP_Isolated_21	64:7926	4	0.0	0.36175559999999995	1.6550456175826294	GP_Isolated_31	112:5733	4	0.0	0.12803370000000003	0.26043366794251466	0	0	0	0		1	False	0
abau-SAMN11997570	GP_Isolated_21	64:7926	4	0.0	0.36175559999999995	1.6550456175826294	GP_Isolated_32	114:5711	4	0.0	0.49962366	2.5835740593630394	0	0	0	0		1	False	0
abau-SAMN11997570	GP_Isolated_21	64:7926	4	0.0	0.36175559999999995	1.6550456175826294	GP_0	117:5672,138:4536,252:119	4	0.0	1.10585566	0.7813266136478622	0	0	0	0		1	False	0
abau-SAMN11997570	GP_Isolated_21	64:7926	4	0.0	0.36175559999999995	1.6550456175826294	GP_Isolated_33	127:5298	4	0.0	0.06380206	0.2745305842420741	0	0	0	0		1	False	0
abau-SAMN11997570	GP_Isolated_21	64:7926	4	0.0	0.36175559999999995	1.6550456175826294	GP_Isolated_34	132:4796	4	0.0	0.49998089999999995	3.1051019635387167	0	0	0	0		1	False	0
abau-SAMN11997570	GP_Isolated_21	64:7926	4	0.0	0.36175559999999995	1.6550456175826294	GP_Isolated_35	133:4689	4	0.0	0.49999760000000004	4.408222246075734	0	0	0	0		1	False	0
abau-SAMN11997570	GP_Isolated_21	64:7926	4	0.0	0.36175559999999995	1.6550456175826294	GP_Isolated_36	136:4629	4	0.0	0.49999930000000004	13.21862738017862	0	0	0	0		1	False	0
abau-SAMN11997570	GP_Isolated_21	64:7926	4	0.0	0.36175559999999995	1.6550456175826294	GP_Isolated_37	137:4557	4	0.0	0.47178555	1.9480913473226646	0	0	0	0		1	False	0
abau-SAMN11997570	GP_Isolated_21	64:7926	4	0.0	0.36175559999999995	1.6550456175826294	GP_Isolated_38	141:4413	4	0.0	0.4998292	2.6496413182157386	0	0	0	0		1	False	0
abau-SAMN11997570	GP_Isolated_21	64:7926	4	0.0	0.36175559999999995	1.6550456175826294	GP_Isolated_39	151:4034	4	0.0	0.49999845	4.643478731855276	0	0	0	0		1	False	0
abau-SAMN11997570	GP_Isolated_21	64:7926	4	0.0	0.36175559999999995	1.6550456175826294	GP_Isolated_40	152:3965	4	0.0	0.49792479999999995	2.255849642521846	0	0	0	0		1	False	0
abau-SAMN11997570	GP_Isolated_21	64:7926	4	0.0	0.36175559999999995	1.6550456175826294	GP_Isolated_41	155:3816	4	0.0	0.49920356	2.431904624347031	0	0	0	0		1	False	0
abau-SAMN11997570	GP_Isolated_21	64:7926	4	0.0	0.36175559999999995	1.6550456175826294	GP_Isolated_42	162:3658	4	0.0	0.49999857000000003	7.322344190077274	0	0	0	0		1	False	0
abau-SAMN11997570	GP_Isolated_21	64:7926	4	0.0	0.36175559999999995	1.6550456175826294	GP_Isolated_43	163:3614	4	0.0	0.4999521	2.864001829517826	0	0	0	0		1	False	0
abau-SAMN11997570	GP_Isolated_21	64:7926	4	0.0	0.36175559999999995	1.6550456175826294	GP_Isolated_44	169:3435	4	0.0	0.49999654000000004	4.247255723261357	0	0	0	0		1	False	0
abau-SAMN11997570	GP_Isolated_21	64:7926	4	0.0	0.36175559999999995	1.6550456175826294	GP_Isolated_45	171:3358	4	0.0	0.06734925999999997	0.25885931970824005	0	0	0	0		1	False	0
abau-SAMN11997570	GP_Isolated_21	64:7926	4	0.0	0.36175559999999995	1.6550456175826294	GP_unb_3	172:3326	4	0.0	0.14425707	0.3960207987289666	0	0	0	0		1	False	0
abau-SAMN11997570	GP_Isolated_21	64:7926	4	0.0	0.36175559999999995	1.6550456175826294	GP_Isolated_46	175:3283	4	0.0	0.4999987	8.19858693820563	0	0	0	0		1	False	0
abau-SAMN11997570	GP_Isolated_21	64:7926	4	0.0	0.36175559999999995	1.6550456175826294	GP_Isolated_47	179:3189	4	0.0	0.45655227	1.7767687345032621	0	0	0	0		1	False	0
abau-SAMN11997570	GP_Isolated_21	64:7926	4	0.0	0.36175559999999995	1.6550456175826294	GP_Isolated_48	180:3118	4	0.0	0.40498376	1.5893334296237451	0	0	0	0		1	False	0
abau-SAMN11997570	GP_Isolated_21	64:7926	4	0.0	0.36175559999999995	1.6550456175826294	GP_Isolated_49	184:2877	4	0.0	0.07340884000000003	0.25477961531980453	0	0	0	0		1	False	0
abau-SAMN11997570	GP_Isolated_21	64:7926	4	0.0	0.36175559999999995	1.6550456175826294	GP_Isolated_50	193:2632	4	0.0	0.49999857000000003	6.944283960424642	0	0	0	0		1	False	0
abau-SAMN11997570	GP_Isolated_21	64:7926	4	0.0	0.36175559999999995	1.6550456175826294	GP_Isolated_51	194:2629	4	0.0	0.006962899999999994	1.504748320935943	0	0	0	0		1	False	0
abau-SAMN11997570	GP_Isolated_21	64:7926	4	0.0	0.36175559999999995	1.6550456175826294	GP_Isolated_52	200:2482	4	0.0	0.4994037	2.496003947906887	0	0	0	0		1	False	0
abau-SAMN11997570	GP_Isolated_21	64:7926	4	0.0	0.36175559999999995	1.6550456175826294	GP_unb_4	201:2472	4	0.0	0.48582080000000005	92.25163091885126	0	0	0	0		1	False	0
abau-SAMN11997570	GP_Isolated_21	64:7926	4	0.0	0.36175559999999995	1.6550456175826294	GP_unb_5	207:2365	4	0.0	0.17706615000000003	0.5505813533617391	0	0	0	0		1	False	0
abau-SAMN11997570	GP_Isolated_21	64:7926	4	0.0	0.36175559999999995	1.6550456175826294	GP_Isolated_53	208:2339	4	0.0	0.37396929999999995	1.6160780915240365	0	0	0	0		1	False	0
abau-SAMN11997570	GP_Isolated_21	64:7926	4	0.0	0.36175559999999995	1.6550456175826294	GP_Isolated_54	212:2192	4	0.0	0.49995670000000003	2.958468741725043	0	0	0	0		1	False	0
abau-SAMN11997570	GP_Isolated_21	64:7926	4	0.0	0.36175559999999995	1.6550456175826294	GP_unb_6	217:2126	4	0.0	0.12310969999999999	0.8445270937146435	0	0	0	0		1	False	0
abau-SAMN11997570	GP_Isolated_21	64:7926	4	0.0	0.36175559999999995	1.6550456175826294	GP_Isolated_55	220:2070	4	0.0	0.49999875000000005	6.719385667172192	0	0	0	0		1	False	0
abau-SAMN11997570	GP_Isolated_21	64:7926	4	0.0	0.36175559999999995	1.6550456175826294	GP_Isolated_56	224:1987	4	0.0	0.49966469999999996	2.5793733901446765	0	0	0	0		1	False	0
abau-SAMN11997570	GP_Isolated_21	64:7926	4	0.0	0.36175559999999995	1.6550456175826294	GP_Isolated_57	229:1833	4	0.0	0.19480030000000004	1.4968043619556584	0	0	0	0		1	False	0
abau-SAMN11997570	GP_Isolated_21	64:7926	4	0.0	0.36175559999999995	1.6550456175826294	GP_Isolated_58	230:1819	4	0.0	0.49898010000000004	2.1407164006644037	0	0	0	0		1	False	0
abau-SAMN11997570	GP_Isolated_21	64:7926	4	0.0	0.36175559999999995	1.6550456175826294	GP_Isolated_59	234:1611	4	0.0	0.49999607	4.6761512722370675	0	0	0	0		1	False	0
abau-SAMN11997570	GP_Isolated_21	64:7926	4	0.0	0.36175559999999995	1.6550456175826294	GP_2	235:1574,249:762,250:616	4	-0.008126911518390956	0.76670491	0.4261018402203942	0	0	0	0		1	False	0
abau-SAMN11997570	GP_Isolated_21	64:7926	4	0.0	0.36175559999999995	1.6550456175826294	GP_Isolated_60	236:1536	4	0.0	0.24603045	1.5082147757637034	0	0	0	0		1	False	0
abau-SAMN11997570	GP_Isolated_22	69:7625	4	0.0	0.49997175000000005	3.060650923184324	GP_Isolated_23	72:7492	4	0.0	0.49645627000000003	2.3169621460583834	0	0	0	0		1	False	0
abau-SAMN11997570	GP_Isolated_22	69:7625	4	0.0	0.49997175000000005	3.060650923184324	GP_Isolated_24	77:7113	4	0.0	0.057672999999999974	0.2827212874028069	0	0	0	0		1	False	0
abau-SAMN11997570	GP_Isolated_22	69:7625	4	0.0	0.49997175000000005	3.060650923184324	GP_Isolated_25	86:6734	4	0.0	0.49999654000000004	3.6742134276979375	0	0	0	0		1	False	0
abau-SAMN11997570	GP_Isolated_22	69:7625	4	0.0	0.49997175000000005	3.060650923184324	GP_Isolated_26	92:6431	4	0.0	0.49970099999999995	2.626712163886281	0	0	0	0		1	False	0
abau-SAMN11997570	GP_Isolated_22	69:7625	4	0.0	0.49997175000000005	3.060650923184324	GP_Isolated_27	93:6340	4	0.0	0.09477329999999995	0.26630798488240537	0	0	0	0		1	False	0
abau-SAMN11997570	GP_Isolated_22	69:7625	4	0.0	0.49997175000000005	3.060650923184324	GP_Isolated_28	99:6130	4	0.0	0.49999879999999997	5.188759298042897	0	0	0	0		1	False	0
abau-SAMN11997570	GP_Isolated_22	69:7625	4	0.0	0.49997175000000005	3.060650923184324	GP_Isolated_29	105:5975	4	0.0	0.08651770000000003	0.2702998242699983	0	0	0	0		1	False	0
abau-SAMN11997570	GP_Isolated_22	69:7625	4	0.0	0.49997175000000005	3.060650923184324	GP_unb_2	109:5910	4	0.0	0.15053510000000003	0.9975867215522015	0	0	0	0		1	False	0
abau-SAMN11997570	GP_Isolated_22	69:7625	4	0.0	0.49997175000000005	3.060650923184324	GP_Isolated_30	110:5839	4	0.0	0.49999905	26.076827712380542	0	0	0	0		1	False	0
abau-SAMN11997570	GP_Isolated_22	69:7625	4	0.0	0.49997175000000005	3.060650923184324	GP_Isolated_31	112:5733	4	0.0	0.12803370000000003	0.26043366794251466	0	0	0	0		1	False	0
abau-SAMN11997570	GP_Isolated_22	69:7625	4	0.0	0.49997175000000005	3.060650923184324	GP_Isolated_32	114:5711	4	0.0	0.49962366	2.5835740593630394	0	0	0	0		1	False	0
abau-SAMN11997570	GP_Isolated_22	69:7625	4	0.0	0.49997175000000005	3.060650923184324	GP_0	117:5672,138:4536,252:119	4	0.0	1.10585566	0.7813266136478622	0	0	0	0		1	False	0
abau-SAMN11997570	GP_Isolated_22	69:7625	4	0.0	0.49997175000000005	3.060650923184324	GP_Isolated_33	127:5298	4	0.0	0.06380206	0.2745305842420741	0	0	0	0		1	False	0
abau-SAMN11997570	GP_Isolated_22	69:7625	4	0.0	0.49997175000000005	3.060650923184324	GP_Isolated_34	132:4796	4	0.0	0.49998089999999995	3.1051019635387167	0	0	0	0		1	False	0
abau-SAMN11997570	GP_Isolated_22	69:7625	4	0.0	0.49997175000000005	3.060650923184324	GP_Isolated_35	133:4689	4	0.0	0.49999760000000004	4.408222246075734	0	0	0	0		1	False	0
abau-SAMN11997570	GP_Isolated_22	69:7625	4	0.0	0.49997175000000005	3.060650923184324	GP_Isolated_36	136:4629	4	0.0	0.49999930000000004	13.21862738017862	0	0	0	0		1	False	0
abau-SAMN11997570	GP_Isolated_22	69:7625	4	0.0	0.49997175000000005	3.060650923184324	GP_Isolated_37	137:4557	4	0.0	0.47178555	1.9480913473226646	0	0	0	0		1	False	0
abau-SAMN11997570	GP_Isolated_22	69:7625	4	0.0	0.49997175000000005	3.060650923184324	GP_Isolated_38	141:4413	4	0.0	0.4998292	2.6496413182157386	0	0	0	0		1	False	0
abau-SAMN11997570	GP_Isolated_22	69:7625	4	0.0	0.49997175000000005	3.060650923184324	GP_Isolated_39	151:4034	4	0.0	0.49999845	4.643478731855276	0	0	0	0		1	False	0
abau-SAMN11997570	GP_Isolated_22	69:7625	4	0.0	0.49997175000000005	3.060650923184324	GP_Isolated_40	152:3965	4	0.0	0.49792479999999995	2.255849642521846	0	0	0	0		1	False	0
abau-SAMN11997570	GP_Isolated_22	69:7625	4	0.0	0.49997175000000005	3.060650923184324	GP_Isolated_41	155:3816	4	0.0	0.49920356	2.431904624347031	0	0	0	0		1	False	0
abau-SAMN11997570	GP_Isolated_22	69:7625	4	0.0	0.49997175000000005	3.060650923184324	GP_Isolated_42	162:3658	4	0.0	0.49999857000000003	7.322344190077274	0	0	0	0		1	False	0
abau-SAMN11997570	GP_Isolated_22	69:7625	4	0.0	0.49997175000000005	3.060650923184324	GP_Isolated_43	163:3614	4	0.0	0.4999521	2.864001829517826	0	0	0	0		1	False	0
abau-SAMN11997570	GP_Isolated_22	69:7625	4	0.0	0.49997175000000005	3.060650923184324	GP_Isolated_44	169:3435	4	0.0	0.49999654000000004	4.247255723261357	0	0	0	0		1	False	0
abau-SAMN11997570	GP_Isolated_22	69:7625	4	0.0	0.49997175000000005	3.060650923184324	GP_Isolated_45	171:3358	4	0.0	0.06734925999999997	0.25885931970824005	0	0	0	0		1	False	0
abau-SAMN11997570	GP_Isolated_22	69:7625	4	0.0	0.49997175000000005	3.060650923184324	GP_unb_3	172:3326	4	0.0	0.14425707	0.3960207987289666	0	0	0	0		1	False	0
abau-SAMN11997570	GP_Isolated_22	69:7625	4	0.0	0.49997175000000005	3.060650923184324	GP_Isolated_46	175:3283	4	0.0	0.4999987	8.19858693820563	0	0	0	0		1	False	0
abau-SAMN11997570	GP_Isolated_22	69:7625	4	0.0	0.49997175000000005	3.060650923184324	GP_Isolated_47	179:3189	4	0.0	0.45655227	1.7767687345032621	0	0	0	0		1	False	0
abau-SAMN11997570	GP_Isolated_22	69:7625	4	0.0	0.49997175000000005	3.060650923184324	GP_Isolated_48	180:3118	4	0.0	0.40498376	1.5893334296237451	0	0	0	0		1	False	0
abau-SAMN11997570	GP_Isolated_22	69:7625	4	0.0	0.49997175000000005	3.060650923184324	GP_Isolated_49	184:2877	4	0.0	0.07340884000000003	0.25477961531980453	0	0	0	0		1	False	0
abau-SAMN11997570	GP_Isolated_22	69:7625	4	0.0	0.49997175000000005	3.060650923184324	GP_Isolated_50	193:2632	4	0.0	0.49999857000000003	6.944283960424642	0	0	0	0		1	False	0
abau-SAMN11997570	GP_Isolated_22	69:7625	4	0.0	0.49997175000000005	3.060650923184324	GP_Isolated_51	194:2629	4	0.0	0.006962899999999994	1.504748320935943	0	0	0	0		1	False	0
abau-SAMN11997570	GP_Isolated_22	69:7625	4	0.0	0.49997175000000005	3.060650923184324	GP_Isolated_52	200:2482	4	0.0	0.4994037	2.496003947906887	0	0	0	0		1	False	0
abau-SAMN11997570	GP_Isolated_22	69:7625	4	0.0	0.49997175000000005	3.060650923184324	GP_unb_4	201:2472	4	0.0	0.48582080000000005	92.25163091885126	0	0	0	0		1	False	0
abau-SAMN11997570	GP_Isolated_22	69:7625	4	0.0	0.49997175000000005	3.060650923184324	GP_unb_5	207:2365	4	0.0	0.17706615000000003	0.5505813533617391	0	0	0	0		1	False	0
abau-SAMN11997570	GP_Isolated_22	69:7625	4	0.0	0.49997175000000005	3.060650923184324	GP_Isolated_53	208:2339	4	0.0	0.37396929999999995	1.6160780915240365	0	0	0	0		1	False	0
abau-SAMN11997570	GP_Isolated_22	69:7625	4	0.0	0.49997175000000005	3.060650923184324	GP_Isolated_54	212:2192	4	0.0	0.49995670000000003	2.958468741725043	0	0	0	0		1	False	0
abau-SAMN11997570	GP_Isolated_22	69:7625	4	0.0	0.49997175000000005	3.060650923184324	GP_unb_6	217:2126	4	0.0	0.12310969999999999	0.8445270937146435	0	0	0	0		1	False	0
abau-SAMN11997570	GP_Isolated_22	69:7625	4	0.0	0.49997175000000005	3.060650923184324	GP_Isolated_55	220:2070	4	0.0	0.49999875000000005	6.719385667172192	0	0	0	0		1	False	0
abau-SAMN11997570	GP_Isolated_22	69:7625	4	0.0	0.49997175000000005	3.060650923184324	GP_Isolated_56	224:1987	4	0.0	0.49966469999999996	2.5793733901446765	0	0	0	0		1	False	0
abau-SAMN11997570	GP_Isolated_22	69:7625	4	0.0	0.49997175000000005	3.060650923184324	GP_Isolated_57	229:1833	4	0.0	0.19480030000000004	1.4968043619556584	0	0	0	0		1	False	0
abau-SAMN11997570	GP_Isolated_22	69:7625	4	0.0	0.49997175000000005	3.060650923184324	GP_Isolated_58	230:1819	4	0.0	0.49898010000000004	2.1407164006644037	0	0	0	0		1	False	0
abau-SAMN11997570	GP_Isolated_22	69:7625	4	0.0	0.49997175000000005	3.060650923184324	GP_Isolated_59	234:1611	4	0.0	0.49999607	4.6761512722370675	0	0	0	0		1	False	0
abau-SAMN11997570	GP_Isolated_22	69:7625	4	0.0	0.49997175000000005	3.060650923184324	GP_2	235:1574,249:762,250:616	4	-0.008126911518390956	0.76670491	0.4261018402203942	0	0	0	0		1	False	0
abau-SAMN11997570	GP_Isolated_22	69:7625	4	0.0	0.49997175000000005	3.060650923184324	GP_Isolated_60	236:1536	4	0.0	0.24603045	1.5082147757637034	0	0	0	0		1	False	0
abau-SAMN11997570	GP_Isolated_23	72:7492	4	0.0	0.49645627000000003	2.3169621460583834	GP_Isolated_24	77:7113	4	0.0	0.057672999999999974	0.2827212874028069	0	0	0	0		1	False	0
abau-SAMN11997570	GP_Isolated_23	72:7492	4	0.0	0.49645627000000003	2.3169621460583834	GP_Isolated_25	86:6734	4	0.0	0.49999654000000004	3.6742134276979375	0	0	0	0		1	False	0
abau-SAMN11997570	GP_Isolated_23	72:7492	4	0.0	0.49645627000000003	2.3169621460583834	GP_Isolated_26	92:6431	4	0.0	0.49970099999999995	2.626712163886281	0	0	0	0		1	False	0
abau-SAMN11997570	GP_Isolated_23	72:7492	4	0.0	0.49645627000000003	2.3169621460583834	GP_Isolated_27	93:6340	4	0.0	0.09477329999999995	0.26630798488240537	0	0	0	0		1	False	0
abau-SAMN11997570	GP_Isolated_23	72:7492	4	0.0	0.49645627000000003	2.3169621460583834	GP_Isolated_28	99:6130	4	0.0	0.49999879999999997	5.188759298042897	0	0	0	0		1	False	0
abau-SAMN11997570	GP_Isolated_23	72:7492	4	0.0	0.49645627000000003	2.3169621460583834	GP_Isolated_29	105:5975	4	0.0	0.08651770000000003	0.2702998242699983	0	0	0	0		1	False	0
abau-SAMN11997570	GP_Isolated_23	72:7492	4	0.0	0.49645627000000003	2.3169621460583834	GP_unb_2	109:5910	4	0.0	0.15053510000000003	0.9975867215522015	0	0	0	0		1	False	0
abau-SAMN11997570	GP_Isolated_23	72:7492	4	0.0	0.49645627000000003	2.3169621460583834	GP_Isolated_30	110:5839	4	0.0	0.49999905	26.076827712380542	0	0	0	0		1	False	0
abau-SAMN11997570	GP_Isolated_23	72:7492	4	0.0	0.49645627000000003	2.3169621460583834	GP_Isolated_31	112:5733	4	0.0	0.12803370000000003	0.26043366794251466	0	0	0	0		1	False	0
abau-SAMN11997570	GP_Isolated_23	72:7492	4	0.0	0.49645627000000003	2.3169621460583834	GP_Isolated_32	114:5711	4	0.0	0.49962366	2.5835740593630394	0	0	0	0		1	False	0
abau-SAMN11997570	GP_Isolated_23	72:7492	4	0.0	0.49645627000000003	2.3169621460583834	GP_0	117:5672,138:4536,252:119	4	0.0	1.10585566	0.7813266136478622	0	0	0	0		1	False	0
abau-SAMN11997570	GP_Isolated_23	72:7492	4	0.0	0.49645627000000003	2.3169621460583834	GP_Isolated_33	127:5298	4	0.0	0.06380206	0.2745305842420741	0	0	0	0		1	False	0
abau-SAMN11997570	GP_Isolated_23	72:7492	4	0.0	0.49645627000000003	2.3169621460583834	GP_Isolated_34	132:4796	4	0.0	0.49998089999999995	3.1051019635387167	0	0	0	0		1	False	0
abau-SAMN11997570	GP_Isolated_23	72:7492	4	0.0	0.49645627000000003	2.3169621460583834	GP_Isolated_35	133:4689	4	0.0	0.49999760000000004	4.408222246075734	0	0	0	0		1	False	0
abau-SAMN11997570	GP_Isolated_23	72:7492	4	0.0	0.49645627000000003	2.3169621460583834	GP_Isolated_36	136:4629	4	0.0	0.49999930000000004	13.21862738017862	0	0	0	0		1	False	0
abau-SAMN11997570	GP_Isolated_23	72:7492	4	0.0	0.49645627000000003	2.3169621460583834	GP_Isolated_37	137:4557	4	0.0	0.47178555	1.9480913473226646	0	0	0	0		1	False	0
abau-SAMN11997570	GP_Isolated_23	72:7492	4	0.0	0.49645627000000003	2.3169621460583834	GP_Isolated_38	141:4413	4	0.0	0.4998292	2.6496413182157386	0	0	0	0		1	False	0
abau-SAMN11997570	GP_Isolated_23	72:7492	4	0.0	0.49645627000000003	2.3169621460583834	GP_Isolated_39	151:4034	4	0.0	0.49999845	4.643478731855276	0	0	0	0		1	False	0
abau-SAMN11997570	GP_Isolated_23	72:7492	4	0.0	0.49645627000000003	2.3169621460583834	GP_Isolated_40	152:3965	4	0.0	0.49792479999999995	2.255849642521846	0	0	0	0		1	False	0
abau-SAMN11997570	GP_Isolated_23	72:7492	4	0.0	0.49645627000000003	2.3169621460583834	GP_Isolated_41	155:3816	4	0.0	0.49920356	2.431904624347031	0	0	0	0		1	False	0
abau-SAMN11997570	GP_Isolated_23	72:7492	4	0.0	0.49645627000000003	2.3169621460583834	GP_Isolated_42	162:3658	4	0.0	0.49999857000000003	7.322344190077274	0	0	0	0		1	False	0
abau-SAMN11997570	GP_Isolated_23	72:7492	4	0.0	0.49645627000000003	2.3169621460583834	GP_Isolated_43	163:3614	4	0.0	0.4999521	2.864001829517826	0	0	0	0		1	False	0
abau-SAMN11997570	GP_Isolated_23	72:7492	4	0.0	0.49645627000000003	2.3169621460583834	GP_Isolated_44	169:3435	4	0.0	0.49999654000000004	4.247255723261357	0	0	0	0		1	False	0
abau-SAMN11997570	GP_Isolated_23	72:7492	4	0.0	0.49645627000000003	2.3169621460583834	GP_Isolated_45	171:3358	4	0.0	0.06734925999999997	0.25885931970824005	0	0	0	0		1	False	0
abau-SAMN11997570	GP_Isolated_23	72:7492	4	0.0	0.49645627000000003	2.3169621460583834	GP_unb_3	172:3326	4	0.0	0.14425707	0.3960207987289666	0	0	0	0		1	False	0
abau-SAMN11997570	GP_Isolated_23	72:7492	4	0.0	0.49645627000000003	2.3169621460583834	GP_Isolated_46	175:3283	4	0.0	0.4999987	8.19858693820563	0	0	0	0		1	False	0
abau-SAMN11997570	GP_Isolated_23	72:7492	4	0.0	0.49645627000000003	2.3169621460583834	GP_Isolated_47	179:3189	4	0.0	0.45655227	1.7767687345032621	0	0	0	0		1	False	0
abau-SAMN11997570	GP_Isolated_23	72:7492	4	0.0	0.49645627000000003	2.3169621460583834	GP_Isolated_48	180:3118	4	0.0	0.40498376	1.5893334296237451	0	0	0	0		1	False	0
abau-SAMN11997570	GP_Isolated_23	72:7492	4	0.0	0.49645627000000003	2.3169621460583834	GP_Isolated_49	184:2877	4	0.0	0.07340884000000003	0.25477961531980453	0	0	0	0		1	False	0
abau-SAMN11997570	GP_Isolated_23	72:7492	4	0.0	0.49645627000000003	2.3169621460583834	GP_Isolated_50	193:2632	4	0.0	0.49999857000000003	6.944283960424642	0	0	0	0		1	False	0
abau-SAMN11997570	GP_Isolated_23	72:7492	4	0.0	0.49645627000000003	2.3169621460583834	GP_Isolated_51	194:2629	4	0.0	0.006962899999999994	1.504748320935943	0	0	0	0		1	False	0
abau-SAMN11997570	GP_Isolated_23	72:7492	4	0.0	0.49645627000000003	2.3169621460583834	GP_Isolated_52	200:2482	4	0.0	0.4994037	2.496003947906887	0	0	0	0		1	False	0
abau-SAMN11997570	GP_Isolated_23	72:7492	4	0.0	0.49645627000000003	2.3169621460583834	GP_unb_4	201:2472	4	0.0	0.48582080000000005	92.25163091885126	0	0	0	0		1	False	0
abau-SAMN11997570	GP_Isolated_23	72:7492	4	0.0	0.49645627000000003	2.3169621460583834	GP_unb_5	207:2365	4	0.0	0.17706615000000003	0.5505813533617391	0	0	0	0		1	False	0
abau-SAMN11997570	GP_Isolated_23	72:7492	4	0.0	0.49645627000000003	2.3169621460583834	GP_Isolated_53	208:2339	4	0.0	0.37396929999999995	1.6160780915240365	0	0	0	0		1	False	0
abau-SAMN11997570	GP_Isolated_23	72:7492	4	0.0	0.49645627000000003	2.3169621460583834	GP_Isolated_54	212:2192	4	0.0	0.49995670000000003	2.958468741725043	0	0	0	0		1	False	0
abau-SAMN11997570	GP_Isolated_23	72:7492	4	0.0	0.49645627000000003	2.3169621460583834	GP_unb_6	217:2126	4	0.0	0.12310969999999999	0.8445270937146435	0	0	0	0		1	False	0
abau-SAMN11997570	GP_Isolated_23	72:7492	4	0.0	0.49645627000000003	2.3169621460583834	GP_Isolated_55	220:2070	4	0.0	0.49999875000000005	6.719385667172192	0	0	0	0		1	False	0
abau-SAMN11997570	GP_Isolated_23	72:7492	4	0.0	0.49645627000000003	2.3169621460583834	GP_Isolated_56	224:1987	4	0.0	0.49966469999999996	2.5793733901446765	0	0	0	0		1	False	0
abau-SAMN11997570	GP_Isolated_23	72:7492	4	0.0	0.49645627000000003	2.3169621460583834	GP_Isolated_57	229:1833	4	0.0	0.19480030000000004	1.4968043619556584	0	0	0	0		1	False	0
abau-SAMN11997570	GP_Isolated_23	72:7492	4	0.0	0.49645627000000003	2.3169621460583834	GP_Isolated_58	230:1819	4	0.0	0.49898010000000004	2.1407164006644037	0	0	0	0		1	False	0
abau-SAMN11997570	GP_Isolated_23	72:7492	4	0.0	0.49645627000000003	2.3169621460583834	GP_Isolated_59	234:1611	4	0.0	0.49999607	4.6761512722370675	0	0	0	0		1	False	0
abau-SAMN11997570	GP_Isolated_23	72:7492	4	0.0	0.49645627000000003	2.3169621460583834	GP_2	235:1574,249:762,250:616	4	-0.008126911518390956	0.76670491	0.4261018402203942	0	0	0	0		1	False	0
abau-SAMN11997570	GP_Isolated_23	72:7492	4	0.0	0.49645627000000003	2.3169621460583834	GP_Isolated_60	236:1536	4	0.0	0.24603045	1.5082147757637034	0	0	0	0		1	False	0
abau-SAMN11997570	GP_Isolated_24	77:7113	4	0.0	0.057672999999999974	0.2827212874028069	GP_Isolated_25	86:6734	4	0.0	0.49999654000000004	3.6742134276979375	0	0	0	0		1	False	0
abau-SAMN11997570	GP_Isolated_24	77:7113	4	0.0	0.057672999999999974	0.2827212874028069	GP_Isolated_26	92:6431	4	0.0	0.49970099999999995	2.626712163886281	0	0	0	0		1	False	0
abau-SAMN11997570	GP_Isolated_24	77:7113	4	0.0	0.057672999999999974	0.2827212874028069	GP_Isolated_27	93:6340	4	0.0	0.09477329999999995	0.26630798488240537	0	0	0	0		1	False	0
abau-SAMN11997570	GP_Isolated_24	77:7113	4	0.0	0.057672999999999974	0.2827212874028069	GP_Isolated_28	99:6130	4	0.0	0.49999879999999997	5.188759298042897	0	0	0	0		1	False	0
abau-SAMN11997570	GP_Isolated_24	77:7113	4	0.0	0.057672999999999974	0.2827212874028069	GP_Isolated_29	105:5975	4	0.0	0.08651770000000003	0.2702998242699983	0	0	0	0		1	False	0
abau-SAMN11997570	GP_Isolated_24	77:7113	4	0.0	0.057672999999999974	0.2827212874028069	GP_unb_2	109:5910	4	0.0	0.15053510000000003	0.9975867215522015	0	0	0	0		1	False	0
abau-SAMN11997570	GP_Isolated_24	77:7113	4	0.0	0.057672999999999974	0.2827212874028069	GP_Isolated_30	110:5839	4	0.0	0.49999905	26.076827712380542	0	0	0	0		1	False	0
abau-SAMN11997570	GP_Isolated_24	77:7113	4	0.0	0.057672999999999974	0.2827212874028069	GP_Isolated_31	112:5733	4	0.0	0.12803370000000003	0.26043366794251466	0	0	0	0		1	False	0
abau-SAMN11997570	GP_Isolated_24	77:7113	4	0.0	0.057672999999999974	0.2827212874028069	GP_Isolated_32	114:5711	4	0.0	0.49962366	2.5835740593630394	0	0	0	0		1	False	0
abau-SAMN11997570	GP_Isolated_24	77:7113	4	0.0	0.057672999999999974	0.2827212874028069	GP_0	117:5672,138:4536,252:119	4	0.0	1.10585566	0.7813266136478622	0	0	0	0		1	False	0
abau-SAMN11997570	GP_Isolated_24	77:7113	4	0.0	0.057672999999999974	0.2827212874028069	GP_Isolated_33	127:5298	4	0.0	0.06380206	0.2745305842420741	0	0	0	0		1	False	0
abau-SAMN11997570	GP_Isolated_24	77:7113	4	0.0	0.057672999999999974	0.2827212874028069	GP_Isolated_34	132:4796	4	0.0	0.49998089999999995	3.1051019635387167	0	0	0	0		1	False	0
abau-SAMN11997570	GP_Isolated_24	77:7113	4	0.0	0.057672999999999974	0.2827212874028069	GP_Isolated_35	133:4689	4	0.0	0.49999760000000004	4.408222246075734	0	0	0	0		1	False	0
abau-SAMN11997570	GP_Isolated_24	77:7113	4	0.0	0.057672999999999974	0.2827212874028069	GP_Isolated_36	136:4629	4	0.0	0.49999930000000004	13.21862738017862	0	0	0	0		1	False	0
abau-SAMN11997570	GP_Isolated_24	77:7113	4	0.0	0.057672999999999974	0.2827212874028069	GP_Isolated_37	137:4557	4	0.0	0.47178555	1.9480913473226646	0	0	0	0		1	False	0
abau-SAMN11997570	GP_Isolated_24	77:7113	4	0.0	0.057672999999999974	0.2827212874028069	GP_Isolated_38	141:4413	4	0.0	0.4998292	2.6496413182157386	0	0	0	0		1	False	0
abau-SAMN11997570	GP_Isolated_24	77:7113	4	0.0	0.057672999999999974	0.2827212874028069	GP_Isolated_39	151:4034	4	0.0	0.49999845	4.643478731855276	0	0	0	0		1	False	0
abau-SAMN11997570	GP_Isolated_24	77:7113	4	0.0	0.057672999999999974	0.2827212874028069	GP_Isolated_40	152:3965	4	0.0	0.49792479999999995	2.255849642521846	0	0	0	0		1	False	0
abau-SAMN11997570	GP_Isolated_24	77:7113	4	0.0	0.057672999999999974	0.2827212874028069	GP_Isolated_41	155:3816	4	0.0	0.49920356	2.431904624347031	0	0	0	0		1	False	0
abau-SAMN11997570	GP_Isolated_24	77:7113	4	0.0	0.057672999999999974	0.2827212874028069	GP_Isolated_42	162:3658	4	0.0	0.49999857000000003	7.322344190077274	0	0	0	0		1	False	0
abau-SAMN11997570	GP_Isolated_24	77:7113	4	0.0	0.057672999999999974	0.2827212874028069	GP_Isolated_43	163:3614	4	0.0	0.4999521	2.864001829517826	0	0	0	0		1	False	0
abau-SAMN11997570	GP_Isolated_24	77:7113	4	0.0	0.057672999999999974	0.2827212874028069	GP_Isolated_44	169:3435	4	0.0	0.49999654000000004	4.247255723261357	0	0	0	0		1	False	0
abau-SAMN11997570	GP_Isolated_24	77:7113	4	0.0	0.057672999999999974	0.2827212874028069	GP_Isolated_45	171:3358	4	0.0	0.06734925999999997	0.25885931970824005	0	0	0	0		1	False	0
abau-SAMN11997570	GP_Isolated_24	77:7113	4	0.0	0.057672999999999974	0.2827212874028069	GP_unb_3	172:3326	4	0.0	0.14425707	0.3960207987289666	0	0	0	0		1	False	0
abau-SAMN11997570	GP_Isolated_24	77:7113	4	0.0	0.057672999999999974	0.2827212874028069	GP_Isolated_46	175:3283	4	0.0	0.4999987	8.19858693820563	0	0	0	0		1	False	0
abau-SAMN11997570	GP_Isolated_24	77:7113	4	0.0	0.057672999999999974	0.2827212874028069	GP_Isolated_47	179:3189	4	0.0	0.45655227	1.7767687345032621	0	0	0	0		1	False	0
abau-SAMN11997570	GP_Isolated_24	77:7113	4	0.0	0.057672999999999974	0.2827212874028069	GP_Isolated_48	180:3118	4	0.0	0.40498376	1.5893334296237451	0	0	0	0		1	False	0
abau-SAMN11997570	GP_Isolated_24	77:7113	4	0.0	0.057672999999999974	0.2827212874028069	GP_Isolated_49	184:2877	4	0.0	0.07340884000000003	0.25477961531980453	0	0	0	0		1	False	0
abau-SAMN11997570	GP_Isolated_24	77:7113	4	0.0	0.057672999999999974	0.2827212874028069	GP_Isolated_50	193:2632	4	0.0	0.49999857000000003	6.944283960424642	0	0	0	0		1	False	0
abau-SAMN11997570	GP_Isolated_24	77:7113	4	0.0	0.057672999999999974	0.2827212874028069	GP_Isolated_51	194:2629	4	0.0	0.006962899999999994	1.504748320935943	0	0	0	0		1	False	0
abau-SAMN11997570	GP_Isolated_24	77:7113	4	0.0	0.057672999999999974	0.2827212874028069	GP_Isolated_52	200:2482	4	0.0	0.4994037	2.496003947906887	0	0	0	0		1	False	0
abau-SAMN11997570	GP_Isolated_24	77:7113	4	0.0	0.057672999999999974	0.2827212874028069	GP_unb_4	201:2472	4	0.0	0.48582080000000005	92.25163091885126	0	0	0	0		1	False	0
abau-SAMN11997570	GP_Isolated_24	77:7113	4	0.0	0.057672999999999974	0.2827212874028069	GP_unb_5	207:2365	4	0.0	0.17706615000000003	0.5505813533617391	0	0	0	0		1	False	0
abau-SAMN11997570	GP_Isolated_24	77:7113	4	0.0	0.057672999999999974	0.2827212874028069	GP_Isolated_53	208:2339	4	0.0	0.37396929999999995	1.6160780915240365	0	0	0	0		1	False	0
abau-SAMN11997570	GP_Isolated_24	77:7113	4	0.0	0.057672999999999974	0.2827212874028069	GP_Isolated_54	212:2192	4	0.0	0.49995670000000003	2.958468741725043	0	0	0	0		1	False	0
abau-SAMN11997570	GP_Isolated_24	77:7113	4	0.0	0.057672999999999974	0.2827212874028069	GP_unb_6	217:2126	4	0.0	0.12310969999999999	0.8445270937146435	0	0	0	0		1	False	0
abau-SAMN11997570	GP_Isolated_24	77:7113	4	0.0	0.057672999999999974	0.2827212874028069	GP_Isolated_55	220:2070	4	0.0	0.49999875000000005	6.719385667172192	0	0	0	0		1	False	0
abau-SAMN11997570	GP_Isolated_24	77:7113	4	0.0	0.057672999999999974	0.2827212874028069	GP_Isolated_56	224:1987	4	0.0	0.49966469999999996	2.5793733901446765	0	0	0	0		1	False	0
abau-SAMN11997570	GP_Isolated_24	77:7113	4	0.0	0.057672999999999974	0.2827212874028069	GP_Isolated_57	229:1833	4	0.0	0.19480030000000004	1.4968043619556584	0	0	0	0		1	False	0
abau-SAMN11997570	GP_Isolated_24	77:7113	4	0.0	0.057672999999999974	0.2827212874028069	GP_Isolated_58	230:1819	4	0.0	0.49898010000000004	2.1407164006644037	0	0	0	0		1	False	0
abau-SAMN11997570	GP_Isolated_24	77:7113	4	0.0	0.057672999999999974	0.2827212874028069	GP_Isolated_59	234:1611	4	0.0	0.49999607	4.6761512722370675	0	0	0	0		1	False	0
abau-SAMN11997570	GP_Isolated_24	77:7113	4	0.0	0.057672999999999974	0.2827212874028069	GP_2	235:1574,249:762,250:616	4	-0.008126911518390956	0.76670491	0.4261018402203942	0	0	0	0		1	False	0
abau-SAMN11997570	GP_Isolated_24	77:7113	4	0.0	0.057672999999999974	0.2827212874028069	GP_Isolated_60	236:1536	4	0.0	0.24603045	1.5082147757637034	0	0	0	0		1	False	0
abau-SAMN11997570	GP_Isolated_25	86:6734	4	0.0	0.49999654000000004	3.6742134276979375	GP_Isolated_26	92:6431	4	0.0	0.49970099999999995	2.626712163886281	0	0	0	0		1	False	0
abau-SAMN11997570	GP_Isolated_25	86:6734	4	0.0	0.49999654000000004	3.6742134276979375	GP_Isolated_27	93:6340	4	0.0	0.09477329999999995	0.26630798488240537	0	0	0	0		1	False	0
abau-SAMN11997570	GP_Isolated_25	86:6734	4	0.0	0.49999654000000004	3.6742134276979375	GP_Isolated_28	99:6130	4	0.0	0.49999879999999997	5.188759298042897	0	0	0	0		1	False	0
abau-SAMN11997570	GP_Isolated_25	86:6734	4	0.0	0.49999654000000004	3.6742134276979375	GP_Isolated_29	105:5975	4	0.0	0.08651770000000003	0.2702998242699983	0	0	0	0		1	False	0
abau-SAMN11997570	GP_Isolated_25	86:6734	4	0.0	0.49999654000000004	3.6742134276979375	GP_unb_2	109:5910	4	0.0	0.15053510000000003	0.9975867215522015	0	0	0	0		1	False	0
abau-SAMN11997570	GP_Isolated_25	86:6734	4	0.0	0.49999654000000004	3.6742134276979375	GP_Isolated_30	110:5839	4	0.0	0.49999905	26.076827712380542	0	0	0	0		1	False	0
abau-SAMN11997570	GP_Isolated_25	86:6734	4	0.0	0.49999654000000004	3.6742134276979375	GP_Isolated_31	112:5733	4	0.0	0.12803370000000003	0.26043366794251466	0	0	0	0		1	False	0
abau-SAMN11997570	GP_Isolated_25	86:6734	4	0.0	0.49999654000000004	3.6742134276979375	GP_Isolated_32	114:5711	4	0.0	0.49962366	2.5835740593630394	0	0	0	0		1	False	0
abau-SAMN11997570	GP_Isolated_25	86:6734	4	0.0	0.49999654000000004	3.6742134276979375	GP_0	117:5672,138:4536,252:119	4	0.0	1.10585566	0.7813266136478622	0	0	0	0		1	False	0
abau-SAMN11997570	GP_Isolated_25	86:6734	4	0.0	0.49999654000000004	3.6742134276979375	GP_Isolated_33	127:5298	4	0.0	0.06380206	0.2745305842420741	0	0	0	0		1	False	0
abau-SAMN11997570	GP_Isolated_25	86:6734	4	0.0	0.49999654000000004	3.6742134276979375	GP_Isolated_34	132:4796	4	0.0	0.49998089999999995	3.1051019635387167	0	0	0	0		1	False	0
abau-SAMN11997570	GP_Isolated_25	86:6734	4	0.0	0.49999654000000004	3.6742134276979375	GP_Isolated_35	133:4689	4	0.0	0.49999760000000004	4.408222246075734	0	0	0	0		1	False	0
abau-SAMN11997570	GP_Isolated_25	86:6734	4	0.0	0.49999654000000004	3.6742134276979375	GP_Isolated_36	136:4629	4	0.0	0.49999930000000004	13.21862738017862	0	0	0	0		1	False	0
abau-SAMN11997570	GP_Isolated_25	86:6734	4	0.0	0.49999654000000004	3.6742134276979375	GP_Isolated_37	137:4557	4	0.0	0.47178555	1.9480913473226646	0	0	0	0		1	False	0
abau-SAMN11997570	GP_Isolated_25	86:6734	4	0.0	0.49999654000000004	3.6742134276979375	GP_Isolated_38	141:4413	4	0.0	0.4998292	2.6496413182157386	0	0	0	0		1	False	0
abau-SAMN11997570	GP_Isolated_25	86:6734	4	0.0	0.49999654000000004	3.6742134276979375	GP_Isolated_39	151:4034	4	0.0	0.49999845	4.643478731855276	0	0	0	0		1	False	0
abau-SAMN11997570	GP_Isolated_25	86:6734	4	0.0	0.49999654000000004	3.6742134276979375	GP_Isolated_40	152:3965	4	0.0	0.49792479999999995	2.255849642521846	0	0	0	0		1	False	0
abau-SAMN11997570	GP_Isolated_25	86:6734	4	0.0	0.49999654000000004	3.6742134276979375	GP_Isolated_41	155:3816	4	0.0	0.49920356	2.431904624347031	0	0	0	0		1	False	0
abau-SAMN11997570	GP_Isolated_25	86:6734	4	0.0	0.49999654000000004	3.6742134276979375	GP_Isolated_42	162:3658	4	0.0	0.49999857000000003	7.322344190077274	0	0	0	0		1	False	0
abau-SAMN11997570	GP_Isolated_25	86:6734	4	0.0	0.49999654000000004	3.6742134276979375	GP_Isolated_43	163:3614	4	0.0	0.4999521	2.864001829517826	0	0	0	0		1	False	0
abau-SAMN11997570	GP_Isolated_25	86:6734	4	0.0	0.49999654000000004	3.6742134276979375	GP_Isolated_44	169:3435	4	0.0	0.49999654000000004	4.247255723261357	0	0	0	0		1	False	0
abau-SAMN11997570	GP_Isolated_25	86:6734	4	0.0	0.49999654000000004	3.6742134276979375	GP_Isolated_45	171:3358	4	0.0	0.06734925999999997	0.25885931970824005	0	0	0	0		1	False	0
abau-SAMN11997570	GP_Isolated_25	86:6734	4	0.0	0.49999654000000004	3.6742134276979375	GP_unb_3	172:3326	4	0.0	0.14425707	0.3960207987289666	0	0	0	0		1	False	0
abau-SAMN11997570	GP_Isolated_25	86:6734	4	0.0	0.49999654000000004	3.6742134276979375	GP_Isolated_46	175:3283	4	0.0	0.4999987	8.19858693820563	0	0	0	0		1	False	0
abau-SAMN11997570	GP_Isolated_25	86:6734	4	0.0	0.49999654000000004	3.6742134276979375	GP_Isolated_47	179:3189	4	0.0	0.45655227	1.7767687345032621	0	0	0	0		1	False	0
abau-SAMN11997570	GP_Isolated_25	86:6734	4	0.0	0.49999654000000004	3.6742134276979375	GP_Isolated_48	180:3118	4	0.0	0.40498376	1.5893334296237451	0	0	0	0		1	False	0
abau-SAMN11997570	GP_Isolated_25	86:6734	4	0.0	0.49999654000000004	3.6742134276979375	GP_Isolated_49	184:2877	4	0.0	0.07340884000000003	0.25477961531980453	0	0	0	0		1	False	0
abau-SAMN11997570	GP_Isolated_25	86:6734	4	0.0	0.49999654000000004	3.6742134276979375	GP_Isolated_50	193:2632	4	0.0	0.49999857000000003	6.944283960424642	0	0	0	0		1	False	0
abau-SAMN11997570	GP_Isolated_25	86:6734	4	0.0	0.49999654000000004	3.6742134276979375	GP_Isolated_51	194:2629	4	0.0	0.006962899999999994	1.504748320935943	0	0	0	0		1	False	0
abau-SAMN11997570	GP_Isolated_25	86:6734	4	0.0	0.49999654000000004	3.6742134276979375	GP_Isolated_52	200:2482	4	0.0	0.4994037	2.496003947906887	0	0	0	0		1	False	0
abau-SAMN11997570	GP_Isolated_25	86:6734	4	0.0	0.49999654000000004	3.6742134276979375	GP_unb_4	201:2472	4	0.0	0.48582080000000005	92.25163091885126	0	0	0	0		1	False	0
abau-SAMN11997570	GP_Isolated_25	86:6734	4	0.0	0.49999654000000004	3.6742134276979375	GP_unb_5	207:2365	4	0.0	0.17706615000000003	0.5505813533617391	0	0	0	0		1	False	0
abau-SAMN11997570	GP_Isolated_25	86:6734	4	0.0	0.49999654000000004	3.6742134276979375	GP_Isolated_53	208:2339	4	0.0	0.37396929999999995	1.6160780915240365	0	0	0	0		1	False	0
abau-SAMN11997570	GP_Isolated_25	86:6734	4	0.0	0.49999654000000004	3.6742134276979375	GP_Isolated_54	212:2192	4	0.0	0.49995670000000003	2.958468741725043	0	0	0	0		1	False	0
abau-SAMN11997570	GP_Isolated_25	86:6734	4	0.0	0.49999654000000004	3.6742134276979375	GP_unb_6	217:2126	4	0.0	0.12310969999999999	0.8445270937146435	0	0	0	0		1	False	0
abau-SAMN11997570	GP_Isolated_25	86:6734	4	0.0	0.49999654000000004	3.6742134276979375	GP_Isolated_55	220:2070	4	0.0	0.49999875000000005	6.719385667172192	0	0	0	0		1	False	0
abau-SAMN11997570	GP_Isolated_25	86:6734	4	0.0	0.49999654000000004	3.6742134276979375	GP_Isolated_56	224:1987	4	0.0	0.49966469999999996	2.5793733901446765	0	0	0	0		1	False	0
abau-SAMN11997570	GP_Isolated_25	86:6734	4	0.0	0.49999654000000004	3.6742134276979375	GP_Isolated_57	229:1833	4	0.0	0.19480030000000004	1.4968043619556584	0	0	0	0		1	False	0
abau-SAMN11997570	GP_Isolated_25	86:6734	4	0.0	0.49999654000000004	3.6742134276979375	GP_Isolated_58	230:1819	4	0.0	0.49898010000000004	2.1407164006644037	0	0	0	0		1	False	0
abau-SAMN11997570	GP_Isolated_25	86:6734	4	0.0	0.49999654000000004	3.6742134276979375	GP_Isolated_59	234:1611	4	0.0	0.49999607	4.6761512722370675	0	0	0	0		1	False	0
abau-SAMN11997570	GP_Isolated_25	86:6734	4	0.0	0.49999654000000004	3.6742134276979375	GP_2	235:1574,249:762,250:616	4	-0.008126911518390956	0.76670491	0.4261018402203942	0	0	0	0		1	False	0
abau-SAMN11997570	GP_Isolated_25	86:6734	4	0.0	0.49999654000000004	3.6742134276979375	GP_Isolated_60	236:1536	4	0.0	0.24603045	1.5082147757637034	0	0	0	0		1	False	0
abau-SAMN11997570	GP_Isolated_26	92:6431	4	0.0	0.49970099999999995	2.626712163886281	GP_Isolated_27	93:6340	4	0.0	0.09477329999999995	0.26630798488240537	0	0	0	0		1	False	0
abau-SAMN11997570	GP_Isolated_26	92:6431	4	0.0	0.49970099999999995	2.626712163886281	GP_Isolated_28	99:6130	4	0.0	0.49999879999999997	5.188759298042897	0	0	0	0		1	False	0
abau-SAMN11997570	GP_Isolated_26	92:6431	4	0.0	0.49970099999999995	2.626712163886281	GP_Isolated_29	105:5975	4	0.0	0.08651770000000003	0.2702998242699983	0	0	0	0		1	False	0
abau-SAMN11997570	GP_Isolated_26	92:6431	4	0.0	0.49970099999999995	2.626712163886281	GP_unb_2	109:5910	4	0.0	0.15053510000000003	0.9975867215522015	0	0	0	0		1	False	0
abau-SAMN11997570	GP_Isolated_26	92:6431	4	0.0	0.49970099999999995	2.626712163886281	GP_Isolated_30	110:5839	4	0.0	0.49999905	26.076827712380542	0	0	0	0		1	False	0
abau-SAMN11997570	GP_Isolated_26	92:6431	4	0.0	0.49970099999999995	2.626712163886281	GP_Isolated_31	112:5733	4	0.0	0.12803370000000003	0.26043366794251466	0	0	0	0		1	False	0
abau-SAMN11997570	GP_Isolated_26	92:6431	4	0.0	0.49970099999999995	2.626712163886281	GP_Isolated_32	114:5711	4	0.0	0.49962366	2.5835740593630394	0	0	0	0		1	False	0
abau-SAMN11997570	GP_Isolated_26	92:6431	4	0.0	0.49970099999999995	2.626712163886281	GP_0	117:5672,138:4536,252:119	4	0.0	1.10585566	0.7813266136478622	0	0	0	0		1	False	0
abau-SAMN11997570	GP_Isolated_26	92:6431	4	0.0	0.49970099999999995	2.626712163886281	GP_Isolated_33	127:5298	4	0.0	0.06380206	0.2745305842420741	0	0	0	0		1	False	0
abau-SAMN11997570	GP_Isolated_26	92:6431	4	0.0	0.49970099999999995	2.626712163886281	GP_Isolated_34	132:4796	4	0.0	0.49998089999999995	3.1051019635387167	0	0	0	0		1	False	0
abau-SAMN11997570	GP_Isolated_26	92:6431	4	0.0	0.49970099999999995	2.626712163886281	GP_Isolated_35	133:4689	4	0.0	0.49999760000000004	4.408222246075734	0	0	0	0		1	False	0
abau-SAMN11997570	GP_Isolated_26	92:6431	4	0.0	0.49970099999999995	2.626712163886281	GP_Isolated_36	136:4629	4	0.0	0.49999930000000004	13.21862738017862	0	0	0	0		1	False	0
abau-SAMN11997570	GP_Isolated_26	92:6431	4	0.0	0.49970099999999995	2.626712163886281	GP_Isolated_37	137:4557	4	0.0	0.47178555	1.9480913473226646	0	0	0	0		1	False	0
abau-SAMN11997570	GP_Isolated_26	92:6431	4	0.0	0.49970099999999995	2.626712163886281	GP_Isolated_38	141:4413	4	0.0	0.4998292	2.6496413182157386	0	0	0	0		1	False	0
abau-SAMN11997570	GP_Isolated_26	92:6431	4	0.0	0.49970099999999995	2.626712163886281	GP_Isolated_39	151:4034	4	0.0	0.49999845	4.643478731855276	0	0	0	0		1	False	0
abau-SAMN11997570	GP_Isolated_26	92:6431	4	0.0	0.49970099999999995	2.626712163886281	GP_Isolated_40	152:3965	4	0.0	0.49792479999999995	2.255849642521846	0	0	0	0		1	False	0
abau-SAMN11997570	GP_Isolated_26	92:6431	4	0.0	0.49970099999999995	2.626712163886281	GP_Isolated_41	155:3816	4	0.0	0.49920356	2.431904624347031	0	0	0	0		1	False	0
abau-SAMN11997570	GP_Isolated_26	92:6431	4	0.0	0.49970099999999995	2.626712163886281	GP_Isolated_42	162:3658	4	0.0	0.49999857000000003	7.322344190077274	0	0	0	0		1	False	0
abau-SAMN11997570	GP_Isolated_26	92:6431	4	0.0	0.49970099999999995	2.626712163886281	GP_Isolated_43	163:3614	4	0.0	0.4999521	2.864001829517826	0	0	0	0		1	False	0
abau-SAMN11997570	GP_Isolated_26	92:6431	4	0.0	0.49970099999999995	2.626712163886281	GP_Isolated_44	169:3435	4	0.0	0.49999654000000004	4.247255723261357	0	0	0	0		1	False	0
abau-SAMN11997570	GP_Isolated_26	92:6431	4	0.0	0.49970099999999995	2.626712163886281	GP_Isolated_45	171:3358	4	0.0	0.06734925999999997	0.25885931970824005	0	0	0	0		1	False	0
abau-SAMN11997570	GP_Isolated_26	92:6431	4	0.0	0.49970099999999995	2.626712163886281	GP_unb_3	172:3326	4	0.0	0.14425707	0.3960207987289666	0	0	0	0		1	False	0
abau-SAMN11997570	GP_Isolated_26	92:6431	4	0.0	0.49970099999999995	2.626712163886281	GP_Isolated_46	175:3283	4	0.0	0.4999987	8.19858693820563	0	0	0	0		1	False	0
abau-SAMN11997570	GP_Isolated_26	92:6431	4	0.0	0.49970099999999995	2.626712163886281	GP_Isolated_47	179:3189	4	0.0	0.45655227	1.7767687345032621	0	0	0	0		1	False	0
abau-SAMN11997570	GP_Isolated_26	92:6431	4	0.0	0.49970099999999995	2.626712163886281	GP_Isolated_48	180:3118	4	0.0	0.40498376	1.5893334296237451	0	0	0	0		1	False	0
abau-SAMN11997570	GP_Isolated_26	92:6431	4	0.0	0.49970099999999995	2.626712163886281	GP_Isolated_49	184:2877	4	0.0	0.07340884000000003	0.25477961531980453	0	0	0	0		1	False	0
abau-SAMN11997570	GP_Isolated_26	92:6431	4	0.0	0.49970099999999995	2.626712163886281	GP_Isolated_50	193:2632	4	0.0	0.49999857000000003	6.944283960424642	0	0	0	0		1	False	0
abau-SAMN11997570	GP_Isolated_26	92:6431	4	0.0	0.49970099999999995	2.626712163886281	GP_Isolated_51	194:2629	4	0.0	0.006962899999999994	1.504748320935943	0	0	0	0		1	False	0
abau-SAMN11997570	GP_Isolated_26	92:6431	4	0.0	0.49970099999999995	2.626712163886281	GP_Isolated_52	200:2482	4	0.0	0.4994037	2.496003947906887	0	0	0	0		1	False	0
abau-SAMN11997570	GP_Isolated_26	92:6431	4	0.0	0.49970099999999995	2.626712163886281	GP_unb_4	201:2472	4	0.0	0.48582080000000005	92.25163091885126	0	0	0	0		1	False	0
abau-SAMN11997570	GP_Isolated_26	92:6431	4	0.0	0.49970099999999995	2.626712163886281	GP_unb_5	207:2365	4	0.0	0.17706615000000003	0.5505813533617391	0	0	0	0		1	False	0
abau-SAMN11997570	GP_Isolated_26	92:6431	4	0.0	0.49970099999999995	2.626712163886281	GP_Isolated_53	208:2339	4	0.0	0.37396929999999995	1.6160780915240365	0	0	0	0		1	False	0
abau-SAMN11997570	GP_Isolated_26	92:6431	4	0.0	0.49970099999999995	2.626712163886281	GP_Isolated_54	212:2192	4	0.0	0.49995670000000003	2.958468741725043	0	0	0	0		1	False	0
abau-SAMN11997570	GP_Isolated_26	92:6431	4	0.0	0.49970099999999995	2.626712163886281	GP_unb_6	217:2126	4	0.0	0.12310969999999999	0.8445270937146435	0	0	0	0		1	False	0
abau-SAMN11997570	GP_Isolated_26	92:6431	4	0.0	0.49970099999999995	2.626712163886281	GP_Isolated_55	220:2070	4	0.0	0.49999875000000005	6.719385667172192	0	0	0	0		1	False	0
abau-SAMN11997570	GP_Isolated_26	92:6431	4	0.0	0.49970099999999995	2.626712163886281	GP_Isolated_56	224:1987	4	0.0	0.49966469999999996	2.5793733901446765	0	0	0	0		1	False	0
abau-SAMN11997570	GP_Isolated_26	92:6431	4	0.0	0.49970099999999995	2.626712163886281	GP_Isolated_57	229:1833	4	0.0	0.19480030000000004	1.4968043619556584	0	0	0	0		1	False	0
abau-SAMN11997570	GP_Isolated_26	92:6431	4	0.0	0.49970099999999995	2.626712163886281	GP_Isolated_58	230:1819	4	0.0	0.49898010000000004	2.1407164006644037	0	0	0	0		1	False	0
abau-SAMN11997570	GP_Isolated_26	92:6431	4	0.0	0.49970099999999995	2.626712163886281	GP_Isolated_59	234:1611	4	0.0	0.49999607	4.6761512722370675	0	0	0	0		1	False	0
abau-SAMN11997570	GP_Isolated_26	92:6431	4	0.0	0.49970099999999995	2.626712163886281	GP_2	235:1574,249:762,250:616	4	-0.008126911518390956	0.76670491	0.4261018402203942	0	0	0	0		1	False	0
abau-SAMN11997570	GP_Isolated_26	92:6431	4	0.0	0.49970099999999995	2.626712163886281	GP_Isolated_60	236:1536	4	0.0	0.24603045	1.5082147757637034	0	0	0	0		1	False	0
abau-SAMN11997570	GP_Isolated_27	93:6340	4	0.0	0.09477329999999995	0.26630798488240537	GP_Isolated_28	99:6130	4	0.0	0.49999879999999997	5.188759298042897	0	0	0	0		1	False	0
abau-SAMN11997570	GP_Isolated_27	93:6340	4	0.0	0.09477329999999995	0.26630798488240537	GP_Isolated_29	105:5975	4	0.0	0.08651770000000003	0.2702998242699983	0	0	0	0		1	False	0
abau-SAMN11997570	GP_Isolated_27	93:6340	4	0.0	0.09477329999999995	0.26630798488240537	GP_unb_2	109:5910	4	0.0	0.15053510000000003	0.9975867215522015	0	0	0	0		1	False	0
abau-SAMN11997570	GP_Isolated_27	93:6340	4	0.0	0.09477329999999995	0.26630798488240537	GP_Isolated_30	110:5839	4	0.0	0.49999905	26.076827712380542	0	0	0	0		1	False	0
abau-SAMN11997570	GP_Isolated_27	93:6340	4	0.0	0.09477329999999995	0.26630798488240537	GP_Isolated_31	112:5733	4	0.0	0.12803370000000003	0.26043366794251466	0	0	0	0		1	False	0
abau-SAMN11997570	GP_Isolated_27	93:6340	4	0.0	0.09477329999999995	0.26630798488240537	GP_Isolated_32	114:5711	4	0.0	0.49962366	2.5835740593630394	0	0	0	0		1	False	0
abau-SAMN11997570	GP_Isolated_27	93:6340	4	0.0	0.09477329999999995	0.26630798488240537	GP_0	117:5672,138:4536,252:119	4	0.0	1.10585566	0.7813266136478622	0	0	0	0		1	False	0
abau-SAMN11997570	GP_Isolated_27	93:6340	4	0.0	0.09477329999999995	0.26630798488240537	GP_Isolated_33	127:5298	4	0.0	0.06380206	0.2745305842420741	0	0	0	0		1	False	0
abau-SAMN11997570	GP_Isolated_27	93:6340	4	0.0	0.09477329999999995	0.26630798488240537	GP_Isolated_34	132:4796	4	0.0	0.49998089999999995	3.1051019635387167	0	0	0	0		1	False	0
abau-SAMN11997570	GP_Isolated_27	93:6340	4	0.0	0.09477329999999995	0.26630798488240537	GP_Isolated_35	133:4689	4	0.0	0.49999760000000004	4.408222246075734	0	0	0	0		1	False	0
abau-SAMN11997570	GP_Isolated_27	93:6340	4	0.0	0.09477329999999995	0.26630798488240537	GP_Isolated_36	136:4629	4	0.0	0.49999930000000004	13.21862738017862	0	0	0	0		1	False	0
abau-SAMN11997570	GP_Isolated_27	93:6340	4	0.0	0.09477329999999995	0.26630798488240537	GP_Isolated_37	137:4557	4	0.0	0.47178555	1.9480913473226646	0	0	0	0		1	False	0
abau-SAMN11997570	GP_Isolated_27	93:6340	4	0.0	0.09477329999999995	0.26630798488240537	GP_Isolated_38	141:4413	4	0.0	0.4998292	2.6496413182157386	0	0	0	0		1	False	0
abau-SAMN11997570	GP_Isolated_27	93:6340	4	0.0	0.09477329999999995	0.26630798488240537	GP_Isolated_39	151:4034	4	0.0	0.49999845	4.643478731855276	0	0	0	0		1	False	0
abau-SAMN11997570	GP_Isolated_27	93:6340	4	0.0	0.09477329999999995	0.26630798488240537	GP_Isolated_40	152:3965	4	0.0	0.49792479999999995	2.255849642521846	0	0	0	0		1	False	0
abau-SAMN11997570	GP_Isolated_27	93:6340	4	0.0	0.09477329999999995	0.26630798488240537	GP_Isolated_41	155:3816	4	0.0	0.49920356	2.431904624347031	0	0	0	0		1	False	0
abau-SAMN11997570	GP_Isolated_27	93:6340	4	0.0	0.09477329999999995	0.26630798488240537	GP_Isolated_42	162:3658	4	0.0	0.49999857000000003	7.322344190077274	0	0	0	0		1	False	0
abau-SAMN11997570	GP_Isolated_27	93:6340	4	0.0	0.09477329999999995	0.26630798488240537	GP_Isolated_43	163:3614	4	0.0	0.4999521	2.864001829517826	0	0	0	0		1	False	0
abau-SAMN11997570	GP_Isolated_27	93:6340	4	0.0	0.09477329999999995	0.26630798488240537	GP_Isolated_44	169:3435	4	0.0	0.49999654000000004	4.247255723261357	0	0	0	0		1	False	0
abau-SAMN11997570	GP_Isolated_27	93:6340	4	0.0	0.09477329999999995	0.26630798488240537	GP_Isolated_45	171:3358	4	0.0	0.06734925999999997	0.25885931970824005	0	0	0	0		1	False	0
abau-SAMN11997570	GP_Isolated_27	93:6340	4	0.0	0.09477329999999995	0.26630798488240537	GP_unb_3	172:3326	4	0.0	0.14425707	0.3960207987289666	0	0	0	0		1	False	0
abau-SAMN11997570	GP_Isolated_27	93:6340	4	0.0	0.09477329999999995	0.26630798488240537	GP_Isolated_46	175:3283	4	0.0	0.4999987	8.19858693820563	0	0	0	0		1	False	0
abau-SAMN11997570	GP_Isolated_27	93:6340	4	0.0	0.09477329999999995	0.26630798488240537	GP_Isolated_47	179:3189	4	0.0	0.45655227	1.7767687345032621	0	0	0	0		1	False	0
abau-SAMN11997570	GP_Isolated_27	93:6340	4	0.0	0.09477329999999995	0.26630798488240537	GP_Isolated_48	180:3118	4	0.0	0.40498376	1.5893334296237451	0	0	0	0		1	False	0
abau-SAMN11997570	GP_Isolated_27	93:6340	4	0.0	0.09477329999999995	0.26630798488240537	GP_Isolated_49	184:2877	4	0.0	0.07340884000000003	0.25477961531980453	0	0	0	0		1	False	0
abau-SAMN11997570	GP_Isolated_27	93:6340	4	0.0	0.09477329999999995	0.26630798488240537	GP_Isolated_50	193:2632	4	0.0	0.49999857000000003	6.944283960424642	0	0	0	0		1	False	0
abau-SAMN11997570	GP_Isolated_27	93:6340	4	0.0	0.09477329999999995	0.26630798488240537	GP_Isolated_51	194:2629	4	0.0	0.006962899999999994	1.504748320935943	0	0	0	0		1	False	0
abau-SAMN11997570	GP_Isolated_27	93:6340	4	0.0	0.09477329999999995	0.26630798488240537	GP_Isolated_52	200:2482	4	0.0	0.4994037	2.496003947906887	0	0	0	0		1	False	0
abau-SAMN11997570	GP_Isolated_27	93:6340	4	0.0	0.09477329999999995	0.26630798488240537	GP_unb_4	201:2472	4	0.0	0.48582080000000005	92.25163091885126	0	0	0	0		1	False	0
abau-SAMN11997570	GP_Isolated_27	93:6340	4	0.0	0.09477329999999995	0.26630798488240537	GP_unb_5	207:2365	4	0.0	0.17706615000000003	0.5505813533617391	0	0	0	0		1	False	0
abau-SAMN11997570	GP_Isolated_27	93:6340	4	0.0	0.09477329999999995	0.26630798488240537	GP_Isolated_53	208:2339	4	0.0	0.37396929999999995	1.6160780915240365	0	0	0	0		1	False	0
abau-SAMN11997570	GP_Isolated_27	93:6340	4	0.0	0.09477329999999995	0.26630798488240537	GP_Isolated_54	212:2192	4	0.0	0.49995670000000003	2.958468741725043	0	0	0	0		1	False	0
abau-SAMN11997570	GP_Isolated_27	93:6340	4	0.0	0.09477329999999995	0.26630798488240537	GP_unb_6	217:2126	4	0.0	0.12310969999999999	0.8445270937146435	0	0	0	0		1	False	0
abau-SAMN11997570	GP_Isolated_27	93:6340	4	0.0	0.09477329999999995	0.26630798488240537	GP_Isolated_55	220:2070	4	0.0	0.49999875000000005	6.719385667172192	0	0	0	0		1	False	0
abau-SAMN11997570	GP_Isolated_27	93:6340	4	0.0	0.09477329999999995	0.26630798488240537	GP_Isolated_56	224:1987	4	0.0	0.49966469999999996	2.5793733901446765	0	0	0	0		1	False	0
abau-SAMN11997570	GP_Isolated_27	93:6340	4	0.0	0.09477329999999995	0.26630798488240537	GP_Isolated_57	229:1833	4	0.0	0.19480030000000004	1.4968043619556584	0	0	0	0		1	False	0
abau-SAMN11997570	GP_Isolated_27	93:6340	4	0.0	0.09477329999999995	0.26630798488240537	GP_Isolated_58	230:1819	4	0.0	0.49898010000000004	2.1407164006644037	0	0	0	0		1	False	0
abau-SAMN11997570	GP_Isolated_27	93:6340	4	0.0	0.09477329999999995	0.26630798488240537	GP_Isolated_59	234:1611	4	0.0	0.49999607	4.6761512722370675	0	0	0	0		1	False	0
abau-SAMN11997570	GP_Isolated_27	93:6340	4	0.0	0.09477329999999995	0.26630798488240537	GP_2	235:1574,249:762,250:616	4	-0.008126911518390956	0.76670491	0.4261018402203942	0	0	0	0		1	False	0
abau-SAMN11997570	GP_Isolated_27	93:6340	4	0.0	0.09477329999999995	0.26630798488240537	GP_Isolated_60	236:1536	4	0.0	0.24603045	1.5082147757637034	0	0	0	0		1	False	0
abau-SAMN11997570	GP_Isolated_28	99:6130	4	0.0	0.49999879999999997	5.188759298042897	GP_Isolated_29	105:5975	4	0.0	0.08651770000000003	0.2702998242699983	0	0	0	0		1	False	0
abau-SAMN11997570	GP_Isolated_28	99:6130	4	0.0	0.49999879999999997	5.188759298042897	GP_unb_2	109:5910	4	0.0	0.15053510000000003	0.9975867215522015	0	0	0	0		1	False	0
abau-SAMN11997570	GP_Isolated_28	99:6130	4	0.0	0.49999879999999997	5.188759298042897	GP_Isolated_30	110:5839	4	0.0	0.49999905	26.076827712380542	0	0	0	0		1	False	0
abau-SAMN11997570	GP_Isolated_28	99:6130	4	0.0	0.49999879999999997	5.188759298042897	GP_Isolated_31	112:5733	4	0.0	0.12803370000000003	0.26043366794251466	0	0	0	0		1	False	0
abau-SAMN11997570	GP_Isolated_28	99:6130	4	0.0	0.49999879999999997	5.188759298042897	GP_Isolated_32	114:5711	4	0.0	0.49962366	2.5835740593630394	0	0	0	0		1	False	0
abau-SAMN11997570	GP_Isolated_28	99:6130	4	0.0	0.49999879999999997	5.188759298042897	GP_0	117:5672,138:4536,252:119	4	0.0	1.10585566	0.7813266136478622	0	0	0	0		1	False	0
abau-SAMN11997570	GP_Isolated_28	99:6130	4	0.0	0.49999879999999997	5.188759298042897	GP_Isolated_33	127:5298	4	0.0	0.06380206	0.2745305842420741	0	0	0	0		1	False	0
abau-SAMN11997570	GP_Isolated_28	99:6130	4	0.0	0.49999879999999997	5.188759298042897	GP_Isolated_34	132:4796	4	0.0	0.49998089999999995	3.1051019635387167	0	0	0	0		1	False	0
abau-SAMN11997570	GP_Isolated_28	99:6130	4	0.0	0.49999879999999997	5.188759298042897	GP_Isolated_35	133:4689	4	0.0	0.49999760000000004	4.408222246075734	0	0	0	0		1	False	0
abau-SAMN11997570	GP_Isolated_28	99:6130	4	0.0	0.49999879999999997	5.188759298042897	GP_Isolated_36	136:4629	4	0.0	0.49999930000000004	13.21862738017862	0	0	0	0		1	False	0
abau-SAMN11997570	GP_Isolated_28	99:6130	4	0.0	0.49999879999999997	5.188759298042897	GP_Isolated_37	137:4557	4	0.0	0.47178555	1.9480913473226646	0	0	0	0		1	False	0
abau-SAMN11997570	GP_Isolated_28	99:6130	4	0.0	0.49999879999999997	5.188759298042897	GP_Isolated_38	141:4413	4	0.0	0.4998292	2.6496413182157386	0	0	0	0		1	False	0
abau-SAMN11997570	GP_Isolated_28	99:6130	4	0.0	0.49999879999999997	5.188759298042897	GP_Isolated_39	151:4034	4	0.0	0.49999845	4.643478731855276	0	0	0	0		1	False	0
abau-SAMN11997570	GP_Isolated_28	99:6130	4	0.0	0.49999879999999997	5.188759298042897	GP_Isolated_40	152:3965	4	0.0	0.49792479999999995	2.255849642521846	0	0	0	0		1	False	0
abau-SAMN11997570	GP_Isolated_28	99:6130	4	0.0	0.49999879999999997	5.188759298042897	GP_Isolated_41	155:3816	4	0.0	0.49920356	2.431904624347031	0	0	0	0		1	False	0
abau-SAMN11997570	GP_Isolated_28	99:6130	4	0.0	0.49999879999999997	5.188759298042897	GP_Isolated_42	162:3658	4	0.0	0.49999857000000003	7.322344190077274	0	0	0	0		1	False	0
abau-SAMN11997570	GP_Isolated_28	99:6130	4	0.0	0.49999879999999997	5.188759298042897	GP_Isolated_43	163:3614	4	0.0	0.4999521	2.864001829517826	0	0	0	0		1	False	0
abau-SAMN11997570	GP_Isolated_28	99:6130	4	0.0	0.49999879999999997	5.188759298042897	GP_Isolated_44	169:3435	4	0.0	0.49999654000000004	4.247255723261357	0	0	0	0		1	False	0
abau-SAMN11997570	GP_Isolated_28	99:6130	4	0.0	0.49999879999999997	5.188759298042897	GP_Isolated_45	171:3358	4	0.0	0.06734925999999997	0.25885931970824005	0	0	0	0		1	False	0
abau-SAMN11997570	GP_Isolated_28	99:6130	4	0.0	0.49999879999999997	5.188759298042897	GP_unb_3	172:3326	4	0.0	0.14425707	0.3960207987289666	0	0	0	0		1	False	0
abau-SAMN11997570	GP_Isolated_28	99:6130	4	0.0	0.49999879999999997	5.188759298042897	GP_Isolated_46	175:3283	4	0.0	0.4999987	8.19858693820563	0	0	0	0		1	False	0
abau-SAMN11997570	GP_Isolated_28	99:6130	4	0.0	0.49999879999999997	5.188759298042897	GP_Isolated_47	179:3189	4	0.0	0.45655227	1.7767687345032621	0	0	0	0		1	False	0
abau-SAMN11997570	GP_Isolated_28	99:6130	4	0.0	0.49999879999999997	5.188759298042897	GP_Isolated_48	180:3118	4	0.0	0.40498376	1.5893334296237451	0	0	0	0		1	False	0
abau-SAMN11997570	GP_Isolated_28	99:6130	4	0.0	0.49999879999999997	5.188759298042897	GP_Isolated_49	184:2877	4	0.0	0.07340884000000003	0.25477961531980453	0	0	0	0		1	False	0
abau-SAMN11997570	GP_Isolated_28	99:6130	4	0.0	0.49999879999999997	5.188759298042897	GP_Isolated_50	193:2632	4	0.0	0.49999857000000003	6.944283960424642	0	0	0	0		1	False	0
abau-SAMN11997570	GP_Isolated_28	99:6130	4	0.0	0.49999879999999997	5.188759298042897	GP_Isolated_51	194:2629	4	0.0	0.006962899999999994	1.504748320935943	0	0	0	0		1	False	0
abau-SAMN11997570	GP_Isolated_28	99:6130	4	0.0	0.49999879999999997	5.188759298042897	GP_Isolated_52	200:2482	4	0.0	0.4994037	2.496003947906887	0	0	0	0		1	False	0
abau-SAMN11997570	GP_Isolated_28	99:6130	4	0.0	0.49999879999999997	5.188759298042897	GP_unb_4	201:2472	4	0.0	0.48582080000000005	92.25163091885126	0	0	0	0		1	False	0
abau-SAMN11997570	GP_Isolated_28	99:6130	4	0.0	0.49999879999999997	5.188759298042897	GP_unb_5	207:2365	4	0.0	0.17706615000000003	0.5505813533617391	0	0	0	0		1	False	0
abau-SAMN11997570	GP_Isolated_28	99:6130	4	0.0	0.49999879999999997	5.188759298042897	GP_Isolated_53	208:2339	4	0.0	0.37396929999999995	1.6160780915240365	0	0	0	0		1	False	0
abau-SAMN11997570	GP_Isolated_28	99:6130	4	0.0	0.49999879999999997	5.188759298042897	GP_Isolated_54	212:2192	4	0.0	0.49995670000000003	2.958468741725043	0	0	0	0		1	False	0
abau-SAMN11997570	GP_Isolated_28	99:6130	4	0.0	0.49999879999999997	5.188759298042897	GP_unb_6	217:2126	4	0.0	0.12310969999999999	0.8445270937146435	0	0	0	0		1	False	0
abau-SAMN11997570	GP_Isolated_28	99:6130	4	0.0	0.49999879999999997	5.188759298042897	GP_Isolated_55	220:2070	4	0.0	0.49999875000000005	6.719385667172192	0	0	0	0		1	False	0
abau-SAMN11997570	GP_Isolated_28	99:6130	4	0.0	0.49999879999999997	5.188759298042897	GP_Isolated_56	224:1987	4	0.0	0.49966469999999996	2.5793733901446765	0	0	0	0		1	False	0
abau-SAMN11997570	GP_Isolated_28	99:6130	4	0.0	0.49999879999999997	5.188759298042897	GP_Isolated_57	229:1833	4	0.0	0.19480030000000004	1.4968043619556584	0	0	0	0		1	False	0
abau-SAMN11997570	GP_Isolated_28	99:6130	4	0.0	0.49999879999999997	5.188759298042897	GP_Isolated_58	230:1819	4	0.0	0.49898010000000004	2.1407164006644037	0	0	0	0		1	False	0
abau-SAMN11997570	GP_Isolated_28	99:6130	4	0.0	0.49999879999999997	5.188759298042897	GP_Isolated_59	234:1611	4	0.0	0.49999607	4.6761512722370675	0	0	0	0		1	False	0
abau-SAMN11997570	GP_Isolated_28	99:6130	4	0.0	0.49999879999999997	5.188759298042897	GP_2	235:1574,249:762,250:616	4	-0.008126911518390956	0.76670491	0.4261018402203942	0	0	0	0		1	False	0
abau-SAMN11997570	GP_Isolated_28	99:6130	4	0.0	0.49999879999999997	5.188759298042897	GP_Isolated_60	236:1536	4	0.0	0.24603045	1.5082147757637034	0	0	0	0		1	False	0
abau-SAMN11997570	GP_Isolated_29	105:5975	4	0.0	0.08651770000000003	0.2702998242699983	GP_unb_2	109:5910	4	0.0	0.15053510000000003	0.9975867215522015	0	0	0	0		1	False	0
abau-SAMN11997570	GP_Isolated_29	105:5975	4	0.0	0.08651770000000003	0.2702998242699983	GP_Isolated_30	110:5839	4	0.0	0.49999905	26.076827712380542	0	0	0	0		1	False	0
abau-SAMN11997570	GP_Isolated_29	105:5975	4	0.0	0.08651770000000003	0.2702998242699983	GP_Isolated_31	112:5733	4	0.0	0.12803370000000003	0.26043366794251466	0	0	0	0		1	False	0
abau-SAMN11997570	GP_Isolated_29	105:5975	4	0.0	0.08651770000000003	0.2702998242699983	GP_Isolated_32	114:5711	4	0.0	0.49962366	2.5835740593630394	0	0	0	0		1	False	0
abau-SAMN11997570	GP_Isolated_29	105:5975	4	0.0	0.08651770000000003	0.2702998242699983	GP_0	117:5672,138:4536,252:119	4	0.0	1.10585566	0.7813266136478622	0	0	0	0		1	False	0
abau-SAMN11997570	GP_Isolated_29	105:5975	4	0.0	0.08651770000000003	0.2702998242699983	GP_Isolated_33	127:5298	4	0.0	0.06380206	0.2745305842420741	0	0	0	0		1	False	0
abau-SAMN11997570	GP_Isolated_29	105:5975	4	0.0	0.08651770000000003	0.2702998242699983	GP_Isolated_34	132:4796	4	0.0	0.49998089999999995	3.1051019635387167	0	0	0	0		1	False	0
abau-SAMN11997570	GP_Isolated_29	105:5975	4	0.0	0.08651770000000003	0.2702998242699983	GP_Isolated_35	133:4689	4	0.0	0.49999760000000004	4.408222246075734	0	0	0	0		1	False	0
abau-SAMN11997570	GP_Isolated_29	105:5975	4	0.0	0.08651770000000003	0.2702998242699983	GP_Isolated_36	136:4629	4	0.0	0.49999930000000004	13.21862738017862	0	0	0	0		1	False	0
abau-SAMN11997570	GP_Isolated_29	105:5975	4	0.0	0.08651770000000003	0.2702998242699983	GP_Isolated_37	137:4557	4	0.0	0.47178555	1.9480913473226646	0	0	0	0		1	False	0
abau-SAMN11997570	GP_Isolated_29	105:5975	4	0.0	0.08651770000000003	0.2702998242699983	GP_Isolated_38	141:4413	4	0.0	0.4998292	2.6496413182157386	0	0	0	0		1	False	0
abau-SAMN11997570	GP_Isolated_29	105:5975	4	0.0	0.08651770000000003	0.2702998242699983	GP_Isolated_39	151:4034	4	0.0	0.49999845	4.643478731855276	0	0	0	0		1	False	0
abau-SAMN11997570	GP_Isolated_29	105:5975	4	0.0	0.08651770000000003	0.2702998242699983	GP_Isolated_40	152:3965	4	0.0	0.49792479999999995	2.255849642521846	0	0	0	0		1	False	0
abau-SAMN11997570	GP_Isolated_29	105:5975	4	0.0	0.08651770000000003	0.2702998242699983	GP_Isolated_41	155:3816	4	0.0	0.49920356	2.431904624347031	0	0	0	0		1	False	0
abau-SAMN11997570	GP_Isolated_29	105:5975	4	0.0	0.08651770000000003	0.2702998242699983	GP_Isolated_42	162:3658	4	0.0	0.49999857000000003	7.322344190077274	0	0	0	0		1	False	0
abau-SAMN11997570	GP_Isolated_29	105:5975	4	0.0	0.08651770000000003	0.2702998242699983	GP_Isolated_43	163:3614	4	0.0	0.4999521	2.864001829517826	0	0	0	0		1	False	0
abau-SAMN11997570	GP_Isolated_29	105:5975	4	0.0	0.08651770000000003	0.2702998242699983	GP_Isolated_44	169:3435	4	0.0	0.49999654000000004	4.247255723261357	0	0	0	0		1	False	0
abau-SAMN11997570	GP_Isolated_29	105:5975	4	0.0	0.08651770000000003	0.2702998242699983	GP_Isolated_45	171:3358	4	0.0	0.06734925999999997	0.25885931970824005	0	0	0	0		1	False	0
abau-SAMN11997570	GP_Isolated_29	105:5975	4	0.0	0.08651770000000003	0.2702998242699983	GP_unb_3	172:3326	4	0.0	0.14425707	0.3960207987289666	0	0	0	0		1	False	0
abau-SAMN11997570	GP_Isolated_29	105:5975	4	0.0	0.08651770000000003	0.2702998242699983	GP_Isolated_46	175:3283	4	0.0	0.4999987	8.19858693820563	0	0	0	0		1	False	0
abau-SAMN11997570	GP_Isolated_29	105:5975	4	0.0	0.08651770000000003	0.2702998242699983	GP_Isolated_47	179:3189	4	0.0	0.45655227	1.7767687345032621	0	0	0	0		1	False	0
abau-SAMN11997570	GP_Isolated_29	105:5975	4	0.0	0.08651770000000003	0.2702998242699983	GP_Isolated_48	180:3118	4	0.0	0.40498376	1.5893334296237451	0	0	0	0		1	False	0
abau-SAMN11997570	GP_Isolated_29	105:5975	4	0.0	0.08651770000000003	0.2702998242699983	GP_Isolated_49	184:2877	4	0.0	0.07340884000000003	0.25477961531980453	0	0	0	0		1	False	0
abau-SAMN11997570	GP_Isolated_29	105:5975	4	0.0	0.08651770000000003	0.2702998242699983	GP_Isolated_50	193:2632	4	0.0	0.49999857000000003	6.944283960424642	0	0	0	0		1	False	0
abau-SAMN11997570	GP_Isolated_29	105:5975	4	0.0	0.08651770000000003	0.2702998242699983	GP_Isolated_51	194:2629	4	0.0	0.006962899999999994	1.504748320935943	0	0	0	0		1	False	0
abau-SAMN11997570	GP_Isolated_29	105:5975	4	0.0	0.08651770000000003	0.2702998242699983	GP_Isolated_52	200:2482	4	0.0	0.4994037	2.496003947906887	0	0	0	0		1	False	0
abau-SAMN11997570	GP_Isolated_29	105:5975	4	0.0	0.08651770000000003	0.2702998242699983	GP_unb_4	201:2472	4	0.0	0.48582080000000005	92.25163091885126	0	0	0	0		1	False	0
abau-SAMN11997570	GP_Isolated_29	105:5975	4	0.0	0.08651770000000003	0.2702998242699983	GP_unb_5	207:2365	4	0.0	0.17706615000000003	0.5505813533617391	0	0	0	0		1	False	0
abau-SAMN11997570	GP_Isolated_29	105:5975	4	0.0	0.08651770000000003	0.2702998242699983	GP_Isolated_53	208:2339	4	0.0	0.37396929999999995	1.6160780915240365	0	0	0	0		1	False	0
abau-SAMN11997570	GP_Isolated_29	105:5975	4	0.0	0.08651770000000003	0.2702998242699983	GP_Isolated_54	212:2192	4	0.0	0.49995670000000003	2.958468741725043	0	0	0	0		1	False	0
abau-SAMN11997570	GP_Isolated_29	105:5975	4	0.0	0.08651770000000003	0.2702998242699983	GP_unb_6	217:2126	4	0.0	0.12310969999999999	0.8445270937146435	0	0	0	0		1	False	0
abau-SAMN11997570	GP_Isolated_29	105:5975	4	0.0	0.08651770000000003	0.2702998242699983	GP_Isolated_55	220:2070	4	0.0	0.49999875000000005	6.719385667172192	0	0	0	0		1	False	0
abau-SAMN11997570	GP_Isolated_29	105:5975	4	0.0	0.08651770000000003	0.2702998242699983	GP_Isolated_56	224:1987	4	0.0	0.49966469999999996	2.5793733901446765	0	0	0	0		1	False	0
abau-SAMN11997570	GP_Isolated_29	105:5975	4	0.0	0.08651770000000003	0.2702998242699983	GP_Isolated_57	229:1833	4	0.0	0.19480030000000004	1.4968043619556584	0	0	0	0		1	False	0
abau-SAMN11997570	GP_Isolated_29	105:5975	4	0.0	0.08651770000000003	0.2702998242699983	GP_Isolated_58	230:1819	4	0.0	0.49898010000000004	2.1407164006644037	0	0	0	0		1	False	0
abau-SAMN11997570	GP_Isolated_29	105:5975	4	0.0	0.08651770000000003	0.2702998242699983	GP_Isolated_59	234:1611	4	0.0	0.49999607	4.6761512722370675	0	0	0	0		1	False	0
abau-SAMN11997570	GP_Isolated_29	105:5975	4	0.0	0.08651770000000003	0.2702998242699983	GP_2	235:1574,249:762,250:616	4	-0.008126911518390956	0.76670491	0.4261018402203942	0	0	0	0		1	False	0
abau-SAMN11997570	GP_Isolated_29	105:5975	4	0.0	0.08651770000000003	0.2702998242699983	GP_Isolated_60	236:1536	4	0.0	0.24603045	1.5082147757637034	0	0	0	0		1	False	0
abau-SAMN11997570	GP_unb_2	109:5910	4	0.0	0.15053510000000003	0.9975867215522015	GP_Isolated_30	110:5839	4	0.0	0.49999905	26.076827712380542	0	0	0	0		1	False	0
abau-SAMN11997570	GP_unb_2	109:5910	4	0.0	0.15053510000000003	0.9975867215522015	GP_Isolated_31	112:5733	4	0.0	0.12803370000000003	0.26043366794251466	0	0	0	0		1	False	0
abau-SAMN11997570	GP_unb_2	109:5910	4	0.0	0.15053510000000003	0.9975867215522015	GP_Isolated_32	114:5711	4	0.0	0.49962366	2.5835740593630394	0	0	0	0		1	False	0
abau-SAMN11997570	GP_unb_2	109:5910	4	0.0	0.15053510000000003	0.9975867215522015	GP_0	117:5672,138:4536,252:119	4	0.0	1.10585566	0.7813266136478622	0	0	0	0		1	False	0
abau-SAMN11997570	GP_unb_2	109:5910	4	0.0	0.15053510000000003	0.9975867215522015	GP_Isolated_33	127:5298	4	0.0	0.06380206	0.2745305842420741	0	0	0	0		1	False	0
abau-SAMN11997570	GP_unb_2	109:5910	4	0.0	0.15053510000000003	0.9975867215522015	GP_Isolated_34	132:4796	4	0.0	0.49998089999999995	3.1051019635387167	0	0	0	0		1	False	0
abau-SAMN11997570	GP_unb_2	109:5910	4	0.0	0.15053510000000003	0.9975867215522015	GP_Isolated_35	133:4689	4	0.0	0.49999760000000004	4.408222246075734	0	0	0	0		1	False	0
abau-SAMN11997570	GP_unb_2	109:5910	4	0.0	0.15053510000000003	0.9975867215522015	GP_Isolated_36	136:4629	4	0.0	0.49999930000000004	13.21862738017862	0	0	0	0		1	False	0
abau-SAMN11997570	GP_unb_2	109:5910	4	0.0	0.15053510000000003	0.9975867215522015	GP_Isolated_37	137:4557	4	0.0	0.47178555	1.9480913473226646	0	0	0	0		1	False	0
abau-SAMN11997570	GP_unb_2	109:5910	4	0.0	0.15053510000000003	0.9975867215522015	GP_Isolated_38	141:4413	4	0.0	0.4998292	2.6496413182157386	0	0	0	0		1	False	0
abau-SAMN11997570	GP_unb_2	109:5910	4	0.0	0.15053510000000003	0.9975867215522015	GP_Isolated_39	151:4034	4	0.0	0.49999845	4.643478731855276	0	0	0	0		1	False	0
abau-SAMN11997570	GP_unb_2	109:5910	4	0.0	0.15053510000000003	0.9975867215522015	GP_Isolated_40	152:3965	4	0.0	0.49792479999999995	2.255849642521846	0	0	0	0		1	False	0
abau-SAMN11997570	GP_unb_2	109:5910	4	0.0	0.15053510000000003	0.9975867215522015	GP_Isolated_41	155:3816	4	0.0	0.49920356	2.431904624347031	0	0	0	0		1	False	0
abau-SAMN11997570	GP_unb_2	109:5910	4	0.0	0.15053510000000003	0.9975867215522015	GP_Isolated_42	162:3658	4	0.0	0.49999857000000003	7.322344190077274	0	0	0	0		1	False	0
abau-SAMN11997570	GP_unb_2	109:5910	4	0.0	0.15053510000000003	0.9975867215522015	GP_Isolated_43	163:3614	4	0.0	0.4999521	2.864001829517826	0	0	0	0		1	False	0
abau-SAMN11997570	GP_unb_2	109:5910	4	0.0	0.15053510000000003	0.9975867215522015	GP_Isolated_44	169:3435	4	0.0	0.49999654000000004	4.247255723261357	0	0	0	0		1	False	0
abau-SAMN11997570	GP_unb_2	109:5910	4	0.0	0.15053510000000003	0.9975867215522015	GP_Isolated_45	171:3358	4	0.0	0.06734925999999997	0.25885931970824005	0	0	0	0		1	False	0
abau-SAMN11997570	GP_unb_2	109:5910	4	0.0	0.15053510000000003	0.9975867215522015	GP_unb_3	172:3326	4	0.0	0.14425707	0.3960207987289666	0	0	0	0		1	False	0
abau-SAMN11997570	GP_unb_2	109:5910	4	0.0	0.15053510000000003	0.9975867215522015	GP_Isolated_46	175:3283	4	0.0	0.4999987	8.19858693820563	0	0	0	0		1	False	0
abau-SAMN11997570	GP_unb_2	109:5910	4	0.0	0.15053510000000003	0.9975867215522015	GP_Isolated_47	179:3189	4	0.0	0.45655227	1.7767687345032621	0	0	0	0		1	False	0
abau-SAMN11997570	GP_unb_2	109:5910	4	0.0	0.15053510000000003	0.9975867215522015	GP_Isolated_48	180:3118	4	0.0	0.40498376	1.5893334296237451	0	0	0	0		1	False	0
abau-SAMN11997570	GP_unb_2	109:5910	4	0.0	0.15053510000000003	0.9975867215522015	GP_Isolated_49	184:2877	4	0.0	0.07340884000000003	0.25477961531980453	0	0	0	0		1	False	0
abau-SAMN11997570	GP_unb_2	109:5910	4	0.0	0.15053510000000003	0.9975867215522015	GP_Isolated_50	193:2632	4	0.0	0.49999857000000003	6.944283960424642	0	0	0	0		1	False	0
abau-SAMN11997570	GP_unb_2	109:5910	4	0.0	0.15053510000000003	0.9975867215522015	GP_Isolated_51	194:2629	4	0.0	0.006962899999999994	1.504748320935943	0	0	0	0		1	False	0
abau-SAMN11997570	GP_unb_2	109:5910	4	0.0	0.15053510000000003	0.9975867215522015	GP_Isolated_52	200:2482	4	0.0	0.4994037	2.496003947906887	0	0	0	0		1	False	0
abau-SAMN11997570	GP_unb_2	109:5910	4	0.0	0.15053510000000003	0.9975867215522015	GP_unb_4	201:2472	4	0.0	0.48582080000000005	92.25163091885126	0	0	0	0		1	False	0
abau-SAMN11997570	GP_unb_2	109:5910	4	0.0	0.15053510000000003	0.9975867215522015	GP_unb_5	207:2365	4	0.0	0.17706615000000003	0.5505813533617391	0	0	0	0		1	False	0
abau-SAMN11997570	GP_unb_2	109:5910	4	0.0	0.15053510000000003	0.9975867215522015	GP_Isolated_53	208:2339	4	0.0	0.37396929999999995	1.6160780915240365	0	0	0	0		1	False	0
abau-SAMN11997570	GP_unb_2	109:5910	4	0.0	0.15053510000000003	0.9975867215522015	GP_Isolated_54	212:2192	4	0.0	0.49995670000000003	2.958468741725043	0	0	0	0		1	False	0
abau-SAMN11997570	GP_unb_2	109:5910	4	0.0	0.15053510000000003	0.9975867215522015	GP_unb_6	217:2126	4	0.0	0.12310969999999999	0.8445270937146435	4	0.0	0.763356	0.8445270937154419	106:5934,244:1147	0	False	0
abau-SAMN11997570	GP_unb_2	109:5910	4	0.0	0.15053510000000003	0.9975867215522015	GP_Isolated_55	220:2070	4	0.0	0.49999875000000005	6.719385667172192	0	0	0	0		1	False	0
abau-SAMN11997570	GP_unb_2	109:5910	4	0.0	0.15053510000000003	0.9975867215522015	GP_Isolated_56	224:1987	4	0.0	0.49966469999999996	2.5793733901446765	0	0	0	0		1	False	0
abau-SAMN11997570	GP_unb_2	109:5910	4	0.0	0.15053510000000003	0.9975867215522015	GP_Isolated_57	229:1833	4	0.0	0.19480030000000004	1.4968043619556584	0	0	0	0		1	False	0
abau-SAMN11997570	GP_unb_2	109:5910	4	0.0	0.15053510000000003	0.9975867215522015	GP_Isolated_58	230:1819	4	0.0	0.49898010000000004	2.1407164006644037	0	0	0	0		1	False	0
abau-SAMN11997570	GP_unb_2	109:5910	4	0.0	0.15053510000000003	0.9975867215522015	GP_Isolated_59	234:1611	4	0.0	0.49999607	4.6761512722370675	0	0	0	0		1	False	0
abau-SAMN11997570	GP_unb_2	109:5910	4	0.0	0.15053510000000003	0.9975867215522015	GP_2	235:1574,249:762,250:616	4	-0.008126911518390956	0.76670491	0.4261018402203942	0	0	0	0		1	False	0
abau-SAMN11997570	GP_unb_2	109:5910	4	0.0	0.15053510000000003	0.9975867215522015	GP_Isolated_60	236:1536	4	0.0	0.24603045	1.5082147757637034	0	0	0	0		1	False	0
abau-SAMN11997570	GP_Isolated_30	110:5839	4	0.0	0.49999905	26.076827712380542	GP_Isolated_31	112:5733	4	0.0	0.12803370000000003	0.26043366794251466	0	0	0	0		1	False	0
abau-SAMN11997570	GP_Isolated_30	110:5839	4	0.0	0.49999905	26.076827712380542	GP_Isolated_32	114:5711	4	0.0	0.49962366	2.5835740593630394	0	0	0	0		1	False	0
abau-SAMN11997570	GP_Isolated_30	110:5839	4	0.0	0.49999905	26.076827712380542	GP_0	117:5672,138:4536,252:119	4	0.0	1.10585566	0.7813266136478622	0	0	0	0		1	False	0
abau-SAMN11997570	GP_Isolated_30	110:5839	4	0.0	0.49999905	26.076827712380542	GP_Isolated_33	127:5298	4	0.0	0.06380206	0.2745305842420741	0	0	0	0		1	False	0
abau-SAMN11997570	GP_Isolated_30	110:5839	4	0.0	0.49999905	26.076827712380542	GP_Isolated_34	132:4796	4	0.0	0.49998089999999995	3.1051019635387167	0	0	0	0		1	False	0
abau-SAMN11997570	GP_Isolated_30	110:5839	4	0.0	0.49999905	26.076827712380542	GP_Isolated_35	133:4689	4	0.0	0.49999760000000004	4.408222246075734	0	0	0	0		1	False	0
abau-SAMN11997570	GP_Isolated_30	110:5839	4	0.0	0.49999905	26.076827712380542	GP_Isolated_36	136:4629	4	0.0	0.49999930000000004	13.21862738017862	0	0	0	0		1	False	0
abau-SAMN11997570	GP_Isolated_30	110:5839	4	0.0	0.49999905	26.076827712380542	GP_Isolated_37	137:4557	4	0.0	0.47178555	1.9480913473226646	0	0	0	0		1	False	0
abau-SAMN11997570	GP_Isolated_30	110:5839	4	0.0	0.49999905	26.076827712380542	GP_Isolated_38	141:4413	4	0.0	0.4998292	2.6496413182157386	0	0	0	0		1	False	0
abau-SAMN11997570	GP_Isolated_30	110:5839	4	0.0	0.49999905	26.076827712380542	GP_Isolated_39	151:4034	4	0.0	0.49999845	4.643478731855276	0	0	0	0		1	False	0
abau-SAMN11997570	GP_Isolated_30	110:5839	4	0.0	0.49999905	26.076827712380542	GP_Isolated_40	152:3965	4	0.0	0.49792479999999995	2.255849642521846	0	0	0	0		1	False	0
abau-SAMN11997570	GP_Isolated_30	110:5839	4	0.0	0.49999905	26.076827712380542	GP_Isolated_41	155:3816	4	0.0	0.49920356	2.431904624347031	0	0	0	0		1	False	0
abau-SAMN11997570	GP_Isolated_30	110:5839	4	0.0	0.49999905	26.076827712380542	GP_Isolated_42	162:3658	4	0.0	0.49999857000000003	7.322344190077274	0	0	0	0		1	False	0
abau-SAMN11997570	GP_Isolated_30	110:5839	4	0.0	0.49999905	26.076827712380542	GP_Isolated_43	163:3614	4	0.0	0.4999521	2.864001829517826	0	0	0	0		1	False	0
abau-SAMN11997570	GP_Isolated_30	110:5839	4	0.0	0.49999905	26.076827712380542	GP_Isolated_44	169:3435	4	0.0	0.49999654000000004	4.247255723261357	0	0	0	0		1	False	0
abau-SAMN11997570	GP_Isolated_30	110:5839	4	0.0	0.49999905	26.076827712380542	GP_Isolated_45	171:3358	4	0.0	0.06734925999999997	0.25885931970824005	0	0	0	0		1	False	0
abau-SAMN11997570	GP_Isolated_30	110:5839	4	0.0	0.49999905	26.076827712380542	GP_unb_3	172:3326	4	0.0	0.14425707	0.3960207987289666	0	0	0	0		1	False	0
abau-SAMN11997570	GP_Isolated_30	110:5839	4	0.0	0.49999905	26.076827712380542	GP_Isolated_46	175:3283	4	0.0	0.4999987	8.19858693820563	0	0	0	0		1	False	0
abau-SAMN11997570	GP_Isolated_30	110:5839	4	0.0	0.49999905	26.076827712380542	GP_Isolated_47	179:3189	4	0.0	0.45655227	1.7767687345032621	0	0	0	0		1	False	0
abau-SAMN11997570	GP_Isolated_30	110:5839	4	0.0	0.49999905	26.076827712380542	GP_Isolated_48	180:3118	4	0.0	0.40498376	1.5893334296237451	0	0	0	0		1	False	0
abau-SAMN11997570	GP_Isolated_30	110:5839	4	0.0	0.49999905	26.076827712380542	GP_Isolated_49	184:2877	4	0.0	0.07340884000000003	0.25477961531980453	0	0	0	0		1	False	0
abau-SAMN11997570	GP_Isolated_30	110:5839	4	0.0	0.49999905	26.076827712380542	GP_Isolated_50	193:2632	4	0.0	0.49999857000000003	6.944283960424642	0	0	0	0		1	False	0
abau-SAMN11997570	GP_Isolated_30	110:5839	4	0.0	0.49999905	26.076827712380542	GP_Isolated_51	194:2629	4	0.0	0.006962899999999994	1.504748320935943	0	0	0	0		1	False	0
abau-SAMN11997570	GP_Isolated_30	110:5839	4	0.0	0.49999905	26.076827712380542	GP_Isolated_52	200:2482	4	0.0	0.4994037	2.496003947906887	0	0	0	0		1	False	0
abau-SAMN11997570	GP_Isolated_30	110:5839	4	0.0	0.49999905	26.076827712380542	GP_unb_4	201:2472	4	0.0	0.48582080000000005	92.25163091885126	0	0	0	0		1	False	0
abau-SAMN11997570	GP_Isolated_30	110:5839	4	0.0	0.49999905	26.076827712380542	GP_unb_5	207:2365	4	0.0	0.17706615000000003	0.5505813533617391	0	0	0	0		1	False	0
abau-SAMN11997570	GP_Isolated_30	110:5839	4	0.0	0.49999905	26.076827712380542	GP_Isolated_53	208:2339	4	0.0	0.37396929999999995	1.6160780915240365	0	0	0	0		1	False	0
abau-SAMN11997570	GP_Isolated_30	110:5839	4	0.0	0.49999905	26.076827712380542	GP_Isolated_54	212:2192	4	0.0	0.49995670000000003	2.958468741725043	0	0	0	0		1	False	0
abau-SAMN11997570	GP_Isolated_30	110:5839	4	0.0	0.49999905	26.076827712380542	GP_unb_6	217:2126	4	0.0	0.12310969999999999	0.8445270937146435	0	0	0	0		1	False	0
abau-SAMN11997570	GP_Isolated_30	110:5839	4	0.0	0.49999905	26.076827712380542	GP_Isolated_55	220:2070	4	0.0	0.49999875000000005	6.719385667172192	0	0	0	0		1	False	0
abau-SAMN11997570	GP_Isolated_30	110:5839	4	0.0	0.49999905	26.076827712380542	GP_Isolated_56	224:1987	4	0.0	0.49966469999999996	2.5793733901446765	0	0	0	0		1	False	0
abau-SAMN11997570	GP_Isolated_30	110:5839	4	0.0	0.49999905	26.076827712380542	GP_Isolated_57	229:1833	4	0.0	0.19480030000000004	1.4968043619556584	0	0	0	0		1	False	0
abau-SAMN11997570	GP_Isolated_30	110:5839	4	0.0	0.49999905	26.076827712380542	GP_Isolated_58	230:1819	4	0.0	0.49898010000000004	2.1407164006644037	0	0	0	0		1	False	0
abau-SAMN11997570	GP_Isolated_30	110:5839	4	0.0	0.49999905	26.076827712380542	GP_Isolated_59	234:1611	4	0.0	0.49999607	4.6761512722370675	0	0	0	0		1	False	0
abau-SAMN11997570	GP_Isolated_30	110:5839	4	0.0	0.49999905	26.076827712380542	GP_2	235:1574,249:762,250:616	4	-0.008126911518390956	0.76670491	0.4261018402203942	0	0	0	0		1	False	0
abau-SAMN11997570	GP_Isolated_30	110:5839	4	0.0	0.49999905	26.076827712380542	GP_Isolated_60	236:1536	4	0.0	0.24603045	1.5082147757637034	0	0	0	0		1	False	0
abau-SAMN11997570	GP_Isolated_31	112:5733	4	0.0	0.12803370000000003	0.26043366794251466	GP_Isolated_32	114:5711	4	0.0	0.49962366	2.5835740593630394	0	0	0	0		1	False	0
abau-SAMN11997570	GP_Isolated_31	112:5733	4	0.0	0.12803370000000003	0.26043366794251466	GP_0	117:5672,138:4536,252:119	4	0.0	1.10585566	0.7813266136478622	0	0	0	0		1	False	0
abau-SAMN11997570	GP_Isolated_31	112:5733	4	0.0	0.12803370000000003	0.26043366794251466	GP_Isolated_33	127:5298	4	0.0	0.06380206	0.2745305842420741	0	0	0	0		1	False	0
abau-SAMN11997570	GP_Isolated_31	112:5733	4	0.0	0.12803370000000003	0.26043366794251466	GP_Isolated_34	132:4796	4	0.0	0.49998089999999995	3.1051019635387167	0	0	0	0		1	False	0
abau-SAMN11997570	GP_Isolated_31	112:5733	4	0.0	0.12803370000000003	0.26043366794251466	GP_Isolated_35	133:4689	4	0.0	0.49999760000000004	4.408222246075734	0	0	0	0		1	False	0
abau-SAMN11997570	GP_Isolated_31	112:5733	4	0.0	0.12803370000000003	0.26043366794251466	GP_Isolated_36	136:4629	4	0.0	0.49999930000000004	13.21862738017862	0	0	0	0		1	False	0
abau-SAMN11997570	GP_Isolated_31	112:5733	4	0.0	0.12803370000000003	0.26043366794251466	GP_Isolated_37	137:4557	4	0.0	0.47178555	1.9480913473226646	0	0	0	0		1	False	0
abau-SAMN11997570	GP_Isolated_31	112:5733	4	0.0	0.12803370000000003	0.26043366794251466	GP_Isolated_38	141:4413	4	0.0	0.4998292	2.6496413182157386	0	0	0	0		1	False	0
abau-SAMN11997570	GP_Isolated_31	112:5733	4	0.0	0.12803370000000003	0.26043366794251466	GP_Isolated_39	151:4034	4	0.0	0.49999845	4.643478731855276	0	0	0	0		1	False	0
abau-SAMN11997570	GP_Isolated_31	112:5733	4	0.0	0.12803370000000003	0.26043366794251466	GP_Isolated_40	152:3965	4	0.0	0.49792479999999995	2.255849642521846	0	0	0	0		1	False	0
abau-SAMN11997570	GP_Isolated_31	112:5733	4	0.0	0.12803370000000003	0.26043366794251466	GP_Isolated_41	155:3816	4	0.0	0.49920356	2.431904624347031	0	0	0	0		1	False	0
abau-SAMN11997570	GP_Isolated_31	112:5733	4	0.0	0.12803370000000003	0.26043366794251466	GP_Isolated_42	162:3658	4	0.0	0.49999857000000003	7.322344190077274	0	0	0	0		1	False	0
abau-SAMN11997570	GP_Isolated_31	112:5733	4	0.0	0.12803370000000003	0.26043366794251466	GP_Isolated_43	163:3614	4	0.0	0.4999521	2.864001829517826	0	0	0	0		1	False	0
abau-SAMN11997570	GP_Isolated_31	112:5733	4	0.0	0.12803370000000003	0.26043366794251466	GP_Isolated_44	169:3435	4	0.0	0.49999654000000004	4.247255723261357	0	0	0	0		1	False	0
abau-SAMN11997570	GP_Isolated_31	112:5733	4	0.0	0.12803370000000003	0.26043366794251466	GP_Isolated_45	171:3358	4	0.0	0.06734925999999997	0.25885931970824005	0	0	0	0		1	False	0
abau-SAMN11997570	GP_Isolated_31	112:5733	4	0.0	0.12803370000000003	0.26043366794251466	GP_unb_3	172:3326	4	0.0	0.14425707	0.3960207987289666	0	0	0	0		1	False	0
abau-SAMN11997570	GP_Isolated_31	112:5733	4	0.0	0.12803370000000003	0.26043366794251466	GP_Isolated_46	175:3283	4	0.0	0.4999987	8.19858693820563	0	0	0	0		1	False	0
abau-SAMN11997570	GP_Isolated_31	112:5733	4	0.0	0.12803370000000003	0.26043366794251466	GP_Isolated_47	179:3189	4	0.0	0.45655227	1.7767687345032621	0	0	0	0		1	False	0
abau-SAMN11997570	GP_Isolated_31	112:5733	4	0.0	0.12803370000000003	0.26043366794251466	GP_Isolated_48	180:3118	4	0.0	0.40498376	1.5893334296237451	0	0	0	0		1	False	0
abau-SAMN11997570	GP_Isolated_31	112:5733	4	0.0	0.12803370000000003	0.26043366794251466	GP_Isolated_49	184:2877	4	0.0	0.07340884000000003	0.25477961531980453	0	0	0	0		1	False	0
abau-SAMN11997570	GP_Isolated_31	112:5733	4	0.0	0.12803370000000003	0.26043366794251466	GP_Isolated_50	193:2632	4	0.0	0.49999857000000003	6.944283960424642	0	0	0	0		1	False	0
abau-SAMN11997570	GP_Isolated_31	112:5733	4	0.0	0.12803370000000003	0.26043366794251466	GP_Isolated_51	194:2629	4	0.0	0.006962899999999994	1.504748320935943	0	0	0	0		1	False	0
abau-SAMN11997570	GP_Isolated_31	112:5733	4	0.0	0.12803370000000003	0.26043366794251466	GP_Isolated_52	200:2482	4	0.0	0.4994037	2.496003947906887	0	0	0	0		1	False	0
abau-SAMN11997570	GP_Isolated_31	112:5733	4	0.0	0.12803370000000003	0.26043366794251466	GP_unb_4	201:2472	4	0.0	0.48582080000000005	92.25163091885126	0	0	0	0		1	False	0
abau-SAMN11997570	GP_Isolated_31	112:5733	4	0.0	0.12803370000000003	0.26043366794251466	GP_unb_5	207:2365	4	0.0	0.17706615000000003	0.5505813533617391	0	0	0	0		1	False	0
abau-SAMN11997570	GP_Isolated_31	112:5733	4	0.0	0.12803370000000003	0.26043366794251466	GP_Isolated_53	208:2339	4	0.0	0.37396929999999995	1.6160780915240365	0	0	0	0		1	False	0
abau-SAMN11997570	GP_Isolated_31	112:5733	4	0.0	0.12803370000000003	0.26043366794251466	GP_Isolated_54	212:2192	4	0.0	0.49995670000000003	2.958468741725043	0	0	0	0		1	False	0
abau-SAMN11997570	GP_Isolated_31	112:5733	4	0.0	0.12803370000000003	0.26043366794251466	GP_unb_6	217:2126	4	0.0	0.12310969999999999	0.8445270937146435	0	0	0	0		1	False	0
abau-SAMN11997570	GP_Isolated_31	112:5733	4	0.0	0.12803370000000003	0.26043366794251466	GP_Isolated_55	220:2070	4	0.0	0.49999875000000005	6.719385667172192	0	0	0	0		1	False	0
abau-SAMN11997570	GP_Isolated_31	112:5733	4	0.0	0.12803370000000003	0.26043366794251466	GP_Isolated_56	224:1987	4	0.0	0.49966469999999996	2.5793733901446765	0	0	0	0		1	False	0
abau-SAMN11997570	GP_Isolated_31	112:5733	4	0.0	0.12803370000000003	0.26043366794251466	GP_Isolated_57	229:1833	4	0.0	0.19480030000000004	1.4968043619556584	0	0	0	0		1	False	0
abau-SAMN11997570	GP_Isolated_31	112:5733	4	0.0	0.12803370000000003	0.26043366794251466	GP_Isolated_58	230:1819	4	0.0	0.49898010000000004	2.1407164006644037	0	0	0	0		1	False	0
abau-SAMN11997570	GP_Isolated_31	112:5733	4	0.0	0.12803370000000003	0.26043366794251466	GP_Isolated_59	234:1611	4	0.0	0.49999607	4.6761512722370675	0	0	0	0		1	False	0
abau-SAMN11997570	GP_Isolated_31	112:5733	4	0.0	0.12803370000000003	0.26043366794251466	GP_2	235:1574,249:762,250:616	4	-0.008126911518390956	0.76670491	0.4261018402203942	0	0	0	0		1	False	0
abau-SAMN11997570	GP_Isolated_31	112:5733	4	0.0	0.12803370000000003	0.26043366794251466	GP_Isolated_60	236:1536	4	0.0	0.24603045	1.5082147757637034	0	0	0	0		1	False	0
abau-SAMN11997570	GP_Isolated_32	114:5711	4	0.0	0.49962366	2.5835740593630394	GP_0	117:5672,138:4536,252:119	4	0.0	1.10585566	0.7813266136478622	0	0	0	0		1	False	0
abau-SAMN11997570	GP_Isolated_32	114:5711	4	0.0	0.49962366	2.5835740593630394	GP_Isolated_33	127:5298	4	0.0	0.06380206	0.2745305842420741	0	0	0	0		1	False	0
abau-SAMN11997570	GP_Isolated_32	114:5711	4	0.0	0.49962366	2.5835740593630394	GP_Isolated_34	132:4796	4	0.0	0.49998089999999995	3.1051019635387167	0	0	0	0		1	False	0
abau-SAMN11997570	GP_Isolated_32	114:5711	4	0.0	0.49962366	2.5835740593630394	GP_Isolated_35	133:4689	4	0.0	0.49999760000000004	4.408222246075734	0	0	0	0		1	False	0
abau-SAMN11997570	GP_Isolated_32	114:5711	4	0.0	0.49962366	2.5835740593630394	GP_Isolated_36	136:4629	4	0.0	0.49999930000000004	13.21862738017862	0	0	0	0		1	False	0
abau-SAMN11997570	GP_Isolated_32	114:5711	4	0.0	0.49962366	2.5835740593630394	GP_Isolated_37	137:4557	4	0.0	0.47178555	1.9480913473226646	0	0	0	0		1	False	0
abau-SAMN11997570	GP_Isolated_32	114:5711	4	0.0	0.49962366	2.5835740593630394	GP_Isolated_38	141:4413	4	0.0	0.4998292	2.6496413182157386	0	0	0	0		1	False	0
abau-SAMN11997570	GP_Isolated_32	114:5711	4	0.0	0.49962366	2.5835740593630394	GP_Isolated_39	151:4034	4	0.0	0.49999845	4.643478731855276	0	0	0	0		1	False	0
abau-SAMN11997570	GP_Isolated_32	114:5711	4	0.0	0.49962366	2.5835740593630394	GP_Isolated_40	152:3965	4	0.0	0.49792479999999995	2.255849642521846	0	0	0	0		1	False	0
abau-SAMN11997570	GP_Isolated_32	114:5711	4	0.0	0.49962366	2.5835740593630394	GP_Isolated_41	155:3816	4	0.0	0.49920356	2.431904624347031	0	0	0	0		1	False	0
abau-SAMN11997570	GP_Isolated_32	114:5711	4	0.0	0.49962366	2.5835740593630394	GP_Isolated_42	162:3658	4	0.0	0.49999857000000003	7.322344190077274	0	0	0	0		1	False	0
abau-SAMN11997570	GP_Isolated_32	114:5711	4	0.0	0.49962366	2.5835740593630394	GP_Isolated_43	163:3614	4	0.0	0.4999521	2.864001829517826	0	0	0	0		1	False	0
abau-SAMN11997570	GP_Isolated_32	114:5711	4	0.0	0.49962366	2.5835740593630394	GP_Isolated_44	169:3435	4	0.0	0.49999654000000004	4.247255723261357	0	0	0	0		1	False	0
abau-SAMN11997570	GP_Isolated_32	114:5711	4	0.0	0.49962366	2.5835740593630394	GP_Isolated_45	171:3358	4	0.0	0.06734925999999997	0.25885931970824005	0	0	0	0		1	False	0
abau-SAMN11997570	GP_Isolated_32	114:5711	4	0.0	0.49962366	2.5835740593630394	GP_unb_3	172:3326	4	0.0	0.14425707	0.3960207987289666	0	0	0	0		1	False	0
abau-SAMN11997570	GP_Isolated_32	114:5711	4	0.0	0.49962366	2.5835740593630394	GP_Isolated_46	175:3283	4	0.0	0.4999987	8.19858693820563	0	0	0	0		1	False	0
abau-SAMN11997570	GP_Isolated_32	114:5711	4	0.0	0.49962366	2.5835740593630394	GP_Isolated_47	179:3189	4	0.0	0.45655227	1.7767687345032621	0	0	0	0		1	False	0
abau-SAMN11997570	GP_Isolated_32	114:5711	4	0.0	0.49962366	2.5835740593630394	GP_Isolated_48	180:3118	4	0.0	0.40498376	1.5893334296237451	0	0	0	0		1	False	0
abau-SAMN11997570	GP_Isolated_32	114:5711	4	0.0	0.49962366	2.5835740593630394	GP_Isolated_49	184:2877	4	0.0	0.07340884000000003	0.25477961531980453	0	0	0	0		1	False	0
abau-SAMN11997570	GP_Isolated_32	114:5711	4	0.0	0.49962366	2.5835740593630394	GP_Isolated_50	193:2632	4	0.0	0.49999857000000003	6.944283960424642	0	0	0	0		1	False	0
abau-SAMN11997570	GP_Isolated_32	114:5711	4	0.0	0.49962366	2.5835740593630394	GP_Isolated_51	194:2629	4	0.0	0.006962899999999994	1.504748320935943	0	0	0	0		1	False	0
abau-SAMN11997570	GP_Isolated_32	114:5711	4	0.0	0.49962366	2.5835740593630394	GP_Isolated_52	200:2482	4	0.0	0.4994037	2.496003947906887	0	0	0	0		1	False	0
abau-SAMN11997570	GP_Isolated_32	114:5711	4	0.0	0.49962366	2.5835740593630394	GP_unb_4	201:2472	4	0.0	0.48582080000000005	92.25163091885126	0	0	0	0		1	False	0
abau-SAMN11997570	GP_Isolated_32	114:5711	4	0.0	0.49962366	2.5835740593630394	GP_unb_5	207:2365	4	0.0	0.17706615000000003	0.5505813533617391	0	0	0	0		1	False	0
abau-SAMN11997570	GP_Isolated_32	114:5711	4	0.0	0.49962366	2.5835740593630394	GP_Isolated_53	208:2339	4	0.0	0.37396929999999995	1.6160780915240365	0	0	0	0		1	False	0
abau-SAMN11997570	GP_Isolated_32	114:5711	4	0.0	0.49962366	2.5835740593630394	GP_Isolated_54	212:2192	4	0.0	0.49995670000000003	2.958468741725043	0	0	0	0		1	False	0
abau-SAMN11997570	GP_Isolated_32	114:5711	4	0.0	0.49962366	2.5835740593630394	GP_unb_6	217:2126	4	0.0	0.12310969999999999	0.8445270937146435	0	0	0	0		1	False	0
abau-SAMN11997570	GP_Isolated_32	114:5711	4	0.0	0.49962366	2.5835740593630394	GP_Isolated_55	220:2070	4	0.0	0.49999875000000005	6.719385667172192	0	0	0	0		1	False	0
abau-SAMN11997570	GP_Isolated_32	114:5711	4	0.0	0.49962366	2.5835740593630394	GP_Isolated_56	224:1987	4	0.0	0.49966469999999996	2.5793733901446765	0	0	0	0		1	False	0
abau-SAMN11997570	GP_Isolated_32	114:5711	4	0.0	0.49962366	2.5835740593630394	GP_Isolated_57	229:1833	4	0.0	0.19480030000000004	1.4968043619556584	0	0	0	0		1	False	0
abau-SAMN11997570	GP_Isolated_32	114:5711	4	0.0	0.49962366	2.5835740593630394	GP_Isolated_58	230:1819	4	0.0	0.49898010000000004	2.1407164006644037	0	0	0	0		1	False	0
abau-SAMN11997570	GP_Isolated_32	114:5711	4	0.0	0.49962366	2.5835740593630394	GP_Isolated_59	234:1611	4	0.0	0.49999607	4.6761512722370675	0	0	0	0		1	False	0
abau-SAMN11997570	GP_Isolated_32	114:5711	4	0.0	0.49962366	2.5835740593630394	GP_2	235:1574,249:762,250:616	4	-0.008126911518390956	0.76670491	0.4261018402203942	0	0	0	0		1	False	0
abau-SAMN11997570	GP_Isolated_32	114:5711	4	0.0	0.49962366	2.5835740593630394	GP_Isolated_60	236:1536	4	0.0	0.24603045	1.5082147757637034	0	0	0	0		1	False	0
abau-SAMN11997570	GP_0	117:5672,138:4536,252:119	4	0.0	1.10585566	0.7813266136478622	GP_Isolated_33	127:5298	4	0.0	0.06380206	0.2745305842420741	0	0	0	0		1	False	0
abau-SAMN11997570	GP_0	117:5672,138:4536,252:119	4	0.0	1.10585566	0.7813266136478622	GP_Isolated_34	132:4796	4	0.0	0.49998089999999995	3.1051019635387167	0	0	0	0		1	False	0
abau-SAMN11997570	GP_0	117:5672,138:4536,252:119	4	0.0	1.10585566	0.7813266136478622	GP_Isolated_35	133:4689	4	0.0	0.49999760000000004	4.408222246075734	0	0	0	0		1	False	0
abau-SAMN11997570	GP_0	117:5672,138:4536,252:119	4	0.0	1.10585566	0.7813266136478622	GP_Isolated_36	136:4629	4	0.0	0.49999930000000004	13.21862738017862	0	0	0	0		1	False	0
abau-SAMN11997570	GP_0	117:5672,138:4536,252:119	4	0.0	1.10585566	0.7813266136478622	GP_Isolated_37	137:4557	4	0.0	0.47178555	1.9480913473226646	0	0	0	0		1	False	0
abau-SAMN11997570	GP_0	117:5672,138:4536,252:119	4	0.0	1.10585566	0.7813266136478622	GP_Isolated_38	141:4413	4	0.0	0.4998292	2.6496413182157386	0	0	0	0		1	False	0
abau-SAMN11997570	GP_0	117:5672,138:4536,252:119	4	0.0	1.10585566	0.7813266136478622	GP_Isolated_39	151:4034	4	0.0	0.49999845	4.643478731855276	0	0	0	0		1	False	0
abau-SAMN11997570	GP_0	117:5672,138:4536,252:119	4	0.0	1.10585566	0.7813266136478622	GP_Isolated_40	152:3965	4	0.0	0.49792479999999995	2.255849642521846	0	0	0	0		1	False	0
abau-SAMN11997570	GP_0	117:5672,138:4536,252:119	4	0.0	1.10585566	0.7813266136478622	GP_Isolated_41	155:3816	4	0.0	0.49920356	2.431904624347031	0	0	0	0		1	False	0
abau-SAMN11997570	GP_0	117:5672,138:4536,252:119	4	0.0	1.10585566	0.7813266136478622	GP_Isolated_42	162:3658	4	0.0	0.49999857000000003	7.322344190077274	0	0	0	0		1	False	0
abau-SAMN11997570	GP_0	117:5672,138:4536,252:119	4	0.0	1.10585566	0.7813266136478622	GP_Isolated_43	163:3614	4	0.0	0.4999521	2.864001829517826	0	0	0	0		1	False	0
abau-SAMN11997570	GP_0	117:5672,138:4536,252:119	4	0.0	1.10585566	0.7813266136478622	GP_Isolated_44	169:3435	4	0.0	0.49999654000000004	4.247255723261357	0	0	0	0		1	False	0
abau-SAMN11997570	GP_0	117:5672,138:4536,252:119	4	0.0	1.10585566	0.7813266136478622	GP_Isolated_45	171:3358	4	0.0	0.06734925999999997	0.25885931970824005	0	0	0	0		1	False	0
abau-SAMN11997570	GP_0	117:5672,138:4536,252:119	4	0.0	1.10585566	0.7813266136478622	GP_unb_3	172:3326	4	0.0	0.14425707	0.3960207987289666	0	0	0	0		1	False	0
abau-SAMN11997570	GP_0	117:5672,138:4536,252:119	4	0.0	1.10585566	0.7813266136478622	GP_Isolated_46	175:3283	4	0.0	0.4999987	8.19858693820563	0	0	0	0		1	False	0
abau-SAMN11997570	GP_0	117:5672,138:4536,252:119	4	0.0	1.10585566	0.7813266136478622	GP_Isolated_47	179:3189	4	0.0	0.45655227	1.7767687345032621	0	0	0	0		1	False	0
abau-SAMN11997570	GP_0	117:5672,138:4536,252:119	4	0.0	1.10585566	0.7813266136478622	GP_Isolated_48	180:3118	4	0.0	0.40498376	1.5893334296237451	0	0	0	0		1	False	0
abau-SAMN11997570	GP_0	117:5672,138:4536,252:119	4	0.0	1.10585566	0.7813266136478622	GP_Isolated_49	184:2877	4	0.0	0.07340884000000003	0.25477961531980453	0	0	0	0		1	False	0
abau-SAMN11997570	GP_0	117:5672,138:4536,252:119	4	0.0	1.10585566	0.7813266136478622	GP_Isolated_50	193:2632	4	0.0	0.49999857000000003	6.944283960424642	0	0	0	0		1	False	0
abau-SAMN11997570	GP_0	117:5672,138:4536,252:119	4	0.0	1.10585566	0.7813266136478622	GP_Isolated_51	194:2629	4	0.0	0.006962899999999994	1.504748320935943	0	0	0	0		1	False	0
abau-SAMN11997570	GP_0	117:5672,138:4536,252:119	4	0.0	1.10585566	0.7813266136478622	GP_Isolated_52	200:2482	4	0.0	0.4994037	2.496003947906887	0	0	0	0		1	False	0
abau-SAMN11997570	GP_0	117:5672,138:4536,252:119	4	0.0	1.10585566	0.7813266136478622	GP_unb_4	201:2472	4	0.0	0.48582080000000005	92.25163091885126	0	0	0	0		1	False	0
abau-SAMN11997570	GP_0	117:5672,138:4536,252:119	4	0.0	1.10585566	0.7813266136478622	GP_unb_5	207:2365	4	0.0	0.17706615000000003	0.5505813533617391	0	0	0	0		1	False	0
abau-SAMN11997570	GP_0	117:5672,138:4536,252:119	4	0.0	1.10585566	0.7813266136478622	GP_Isolated_53	208:2339	4	0.0	0.37396929999999995	1.6160780915240365	0	0	0	0		1	False	0
abau-SAMN11997570	GP_0	117:5672,138:4536,252:119	4	0.0	1.10585566	0.7813266136478622	GP_Isolated_54	212:2192	4	0.0	0.49995670000000003	2.958468741725043	0	0	0	0		1	False	0
abau-SAMN11997570	GP_0	117:5672,138:4536,252:119	4	0.0	1.10585566	0.7813266136478622	GP_unb_6	217:2126	4	0.0	0.12310969999999999	0.8445270937146435	0	0	0	0		1	False	0
abau-SAMN11997570	GP_0	117:5672,138:4536,252:119	4	0.0	1.10585566	0.7813266136478622	GP_Isolated_55	220:2070	4	0.0	0.49999875000000005	6.719385667172192	0	0	0	0		1	False	0
abau-SAMN11997570	GP_0	117:5672,138:4536,252:119	4	0.0	1.10585566	0.7813266136478622	GP_Isolated_56	224:1987	4	0.0	0.49966469999999996	2.5793733901446765	0	0	0	0		1	False	0
abau-SAMN11997570	GP_0	117:5672,138:4536,252:119	4	0.0	1.10585566	0.7813266136478622	GP_Isolated_57	229:1833	4	0.0	0.19480030000000004	1.4968043619556584	0	0	0	0		1	False	0
abau-SAMN11997570	GP_0	117:5672,138:4536,252:119	4	0.0	1.10585566	0.7813266136478622	GP_Isolated_58	230:1819	4	0.0	0.49898010000000004	2.1407164006644037	0	0	0	0		1	False	0
abau-SAMN11997570	GP_0	117:5672,138:4536,252:119	4	0.0	1.10585566	0.7813266136478622	GP_Isolated_59	234:1611	4	0.0	0.49999607	4.6761512722370675	0	0	0	0		1	False	0
abau-SAMN11997570	GP_0	117:5672,138:4536,252:119	4	0.0	1.10585566	0.7813266136478622	GP_2	235:1574,249:762,250:616	4	-0.008126911518390956	0.76670491	0.4261018402203942	0	0	0	0		1	False	0
abau-SAMN11997570	GP_0	117:5672,138:4536,252:119	4	0.0	1.10585566	0.7813266136478622	GP_Isolated_60	236:1536	4	0.0	0.24603045	1.5082147757637034	0	0	0	0		1	False	0
abau-SAMN11997570	GP_Isolated_33	127:5298	4	0.0	0.06380206	0.2745305842420741	GP_Isolated_34	132:4796	4	0.0	0.49998089999999995	3.1051019635387167	0	0	0	0		1	False	0
abau-SAMN11997570	GP_Isolated_33	127:5298	4	0.0	0.06380206	0.2745305842420741	GP_Isolated_35	133:4689	4	0.0	0.49999760000000004	4.408222246075734	0	0	0	0		1	False	0
abau-SAMN11997570	GP_Isolated_33	127:5298	4	0.0	0.06380206	0.2745305842420741	GP_Isolated_36	136:4629	4	0.0	0.49999930000000004	13.21862738017862	0	0	0	0		1	False	0
abau-SAMN11997570	GP_Isolated_33	127:5298	4	0.0	0.06380206	0.2745305842420741	GP_Isolated_37	137:4557	4	0.0	0.47178555	1.9480913473226646	0	0	0	0		1	False	0
abau-SAMN11997570	GP_Isolated_33	127:5298	4	0.0	0.06380206	0.2745305842420741	GP_Isolated_38	141:4413	4	0.0	0.4998292	2.6496413182157386	0	0	0	0		1	False	0
abau-SAMN11997570	GP_Isolated_33	127:5298	4	0.0	0.06380206	0.2745305842420741	GP_Isolated_39	151:4034	4	0.0	0.49999845	4.643478731855276	0	0	0	0		1	False	0
abau-SAMN11997570	GP_Isolated_33	127:5298	4	0.0	0.06380206	0.2745305842420741	GP_Isolated_40	152:3965	4	0.0	0.49792479999999995	2.255849642521846	0	0	0	0		1	False	0
abau-SAMN11997570	GP_Isolated_33	127:5298	4	0.0	0.06380206	0.2745305842420741	GP_Isolated_41	155:3816	4	0.0	0.49920356	2.431904624347031	0	0	0	0		1	False	0
abau-SAMN11997570	GP_Isolated_33	127:5298	4	0.0	0.06380206	0.2745305842420741	GP_Isolated_42	162:3658	4	0.0	0.49999857000000003	7.322344190077274	0	0	0	0		1	False	0
abau-SAMN11997570	GP_Isolated_33	127:5298	4	0.0	0.06380206	0.2745305842420741	GP_Isolated_43	163:3614	4	0.0	0.4999521	2.864001829517826	0	0	0	0		1	False	0
abau-SAMN11997570	GP_Isolated_33	127:5298	4	0.0	0.06380206	0.2745305842420741	GP_Isolated_44	169:3435	4	0.0	0.49999654000000004	4.247255723261357	0	0	0	0		1	False	0
abau-SAMN11997570	GP_Isolated_33	127:5298	4	0.0	0.06380206	0.2745305842420741	GP_Isolated_45	171:3358	4	0.0	0.06734925999999997	0.25885931970824005	0	0	0	0		1	False	0
abau-SAMN11997570	GP_Isolated_33	127:5298	4	0.0	0.06380206	0.2745305842420741	GP_unb_3	172:3326	4	0.0	0.14425707	0.3960207987289666	0	0	0	0		1	False	0
abau-SAMN11997570	GP_Isolated_33	127:5298	4	0.0	0.06380206	0.2745305842420741	GP_Isolated_46	175:3283	4	0.0	0.4999987	8.19858693820563	0	0	0	0		1	False	0
abau-SAMN11997570	GP_Isolated_33	127:5298	4	0.0	0.06380206	0.2745305842420741	GP_Isolated_47	179:3189	4	0.0	0.45655227	1.7767687345032621	0	0	0	0		1	False	0
abau-SAMN11997570	GP_Isolated_33	127:5298	4	0.0	0.06380206	0.2745305842420741	GP_Isolated_48	180:3118	4	0.0	0.40498376	1.5893334296237451	0	0	0	0		1	False	0
abau-SAMN11997570	GP_Isolated_33	127:5298	4	0.0	0.06380206	0.2745305842420741	GP_Isolated_49	184:2877	4	0.0	0.07340884000000003	0.25477961531980453	0	0	0	0		1	False	0
abau-SAMN11997570	GP_Isolated_33	127:5298	4	0.0	0.06380206	0.2745305842420741	GP_Isolated_50	193:2632	4	0.0	0.49999857000000003	6.944283960424642	0	0	0	0		1	False	0
abau-SAMN11997570	GP_Isolated_33	127:5298	4	0.0	0.06380206	0.2745305842420741	GP_Isolated_51	194:2629	4	0.0	0.006962899999999994	1.504748320935943	0	0	0	0		1	False	0
abau-SAMN11997570	GP_Isolated_33	127:5298	4	0.0	0.06380206	0.2745305842420741	GP_Isolated_52	200:2482	4	0.0	0.4994037	2.496003947906887	0	0	0	0		1	False	0
abau-SAMN11997570	GP_Isolated_33	127:5298	4	0.0	0.06380206	0.2745305842420741	GP_unb_4	201:2472	4	0.0	0.48582080000000005	92.25163091885126	0	0	0	0		1	False	0
abau-SAMN11997570	GP_Isolated_33	127:5298	4	0.0	0.06380206	0.2745305842420741	GP_unb_5	207:2365	4	0.0	0.17706615000000003	0.5505813533617391	0	0	0	0		1	False	0
abau-SAMN11997570	GP_Isolated_33	127:5298	4	0.0	0.06380206	0.2745305842420741	GP_Isolated_53	208:2339	4	0.0	0.37396929999999995	1.6160780915240365	0	0	0	0		1	False	0
abau-SAMN11997570	GP_Isolated_33	127:5298	4	0.0	0.06380206	0.2745305842420741	GP_Isolated_54	212:2192	4	0.0	0.49995670000000003	2.958468741725043	0	0	0	0		1	False	0
abau-SAMN11997570	GP_Isolated_33	127:5298	4	0.0	0.06380206	0.2745305842420741	GP_unb_6	217:2126	4	0.0	0.12310969999999999	0.8445270937146435	0	0	0	0		1	False	0
abau-SAMN11997570	GP_Isolated_33	127:5298	4	0.0	0.06380206	0.2745305842420741	GP_Isolated_55	220:2070	4	0.0	0.49999875000000005	6.719385667172192	0	0	0	0		1	False	0
abau-SAMN11997570	GP_Isolated_33	127:5298	4	0.0	0.06380206	0.2745305842420741	GP_Isolated_56	224:1987	4	0.0	0.49966469999999996	2.5793733901446765	0	0	0	0		1	False	0
abau-SAMN11997570	GP_Isolated_33	127:5298	4	0.0	0.06380206	0.2745305842420741	GP_Isolated_57	229:1833	4	0.0	0.19480030000000004	1.4968043619556584	0	0	0	0		1	False	0
abau-SAMN11997570	GP_Isolated_33	127:5298	4	0.0	0.06380206	0.2745305842420741	GP_Isolated_58	230:1819	4	0.0	0.49898010000000004	2.1407164006644037	0	0	0	0		1	False	0
abau-SAMN11997570	GP_Isolated_33	127:5298	4	0.0	0.06380206	0.2745305842420741	GP_Isolated_59	234:1611	4	0.0	0.49999607	4.6761512722370675	0	0	0	0		1	False	0
abau-SAMN11997570	GP_Isolated_33	127:5298	4	0.0	0.06380206	0.2745305842420741	GP_2	235:1574,249:762,250:616	4	-0.008126911518390956	0.76670491	0.4261018402203942	0	0	0	0		1	False	0
abau-SAMN11997570	GP_Isolated_33	127:5298	4	0.0	0.06380206	0.2745305842420741	GP_Isolated_60	236:1536	4	0.0	0.24603045	1.5082147757637034	0	0	0	0		1	False	0
abau-SAMN11997570	GP_Isolated_34	132:4796	4	0.0	0.49998089999999995	3.1051019635387167	GP_Isolated_35	133:4689	4	0.0	0.49999760000000004	4.408222246075734	0	0	0	0		1	False	0
abau-SAMN11997570	GP_Isolated_34	132:4796	4	0.0	0.49998089999999995	3.1051019635387167	GP_Isolated_36	136:4629	4	0.0	0.49999930000000004	13.21862738017862	0	0	0	0		1	False	0
abau-SAMN11997570	GP_Isolated_34	132:4796	4	0.0	0.49998089999999995	3.1051019635387167	GP_Isolated_37	137:4557	4	0.0	0.47178555	1.9480913473226646	0	0	0	0		1	False	0
abau-SAMN11997570	GP_Isolated_34	132:4796	4	0.0	0.49998089999999995	3.1051019635387167	GP_Isolated_38	141:4413	4	0.0	0.4998292	2.6496413182157386	0	0	0	0		1	False	0
abau-SAMN11997570	GP_Isolated_34	132:4796	4	0.0	0.49998089999999995	3.1051019635387167	GP_Isolated_39	151:4034	4	0.0	0.49999845	4.643478731855276	0	0	0	0		1	False	0
abau-SAMN11997570	GP_Isolated_34	132:4796	4	0.0	0.49998089999999995	3.1051019635387167	GP_Isolated_40	152:3965	4	0.0	0.49792479999999995	2.255849642521846	0	0	0	0		1	False	0
abau-SAMN11997570	GP_Isolated_34	132:4796	4	0.0	0.49998089999999995	3.1051019635387167	GP_Isolated_41	155:3816	4	0.0	0.49920356	2.431904624347031	0	0	0	0		1	False	0
abau-SAMN11997570	GP_Isolated_34	132:4796	4	0.0	0.49998089999999995	3.1051019635387167	GP_Isolated_42	162:3658	4	0.0	0.49999857000000003	7.322344190077274	0	0	0	0		1	False	0
abau-SAMN11997570	GP_Isolated_34	132:4796	4	0.0	0.49998089999999995	3.1051019635387167	GP_Isolated_43	163:3614	4	0.0	0.4999521	2.864001829517826	0	0	0	0		1	False	0
abau-SAMN11997570	GP_Isolated_34	132:4796	4	0.0	0.49998089999999995	3.1051019635387167	GP_Isolated_44	169:3435	4	0.0	0.49999654000000004	4.247255723261357	0	0	0	0		1	False	0
abau-SAMN11997570	GP_Isolated_34	132:4796	4	0.0	0.49998089999999995	3.1051019635387167	GP_Isolated_45	171:3358	4	0.0	0.06734925999999997	0.25885931970824005	0	0	0	0		1	False	0
abau-SAMN11997570	GP_Isolated_34	132:4796	4	0.0	0.49998089999999995	3.1051019635387167	GP_unb_3	172:3326	4	0.0	0.14425707	0.3960207987289666	0	0	0	0		1	False	0
abau-SAMN11997570	GP_Isolated_34	132:4796	4	0.0	0.49998089999999995	3.1051019635387167	GP_Isolated_46	175:3283	4	0.0	0.4999987	8.19858693820563	0	0	0	0		1	False	0
abau-SAMN11997570	GP_Isolated_34	132:4796	4	0.0	0.49998089999999995	3.1051019635387167	GP_Isolated_47	179:3189	4	0.0	0.45655227	1.7767687345032621	0	0	0	0		1	False	0
abau-SAMN11997570	GP_Isolated_34	132:4796	4	0.0	0.49998089999999995	3.1051019635387167	GP_Isolated_48	180:3118	4	0.0	0.40498376	1.5893334296237451	0	0	0	0		1	False	0
abau-SAMN11997570	GP_Isolated_34	132:4796	4	0.0	0.49998089999999995	3.1051019635387167	GP_Isolated_49	184:2877	4	0.0	0.07340884000000003	0.25477961531980453	0	0	0	0		1	False	0
abau-SAMN11997570	GP_Isolated_34	132:4796	4	0.0	0.49998089999999995	3.1051019635387167	GP_Isolated_50	193:2632	4	0.0	0.49999857000000003	6.944283960424642	0	0	0	0		1	False	0
abau-SAMN11997570	GP_Isolated_34	132:4796	4	0.0	0.49998089999999995	3.1051019635387167	GP_Isolated_51	194:2629	4	0.0	0.006962899999999994	1.504748320935943	0	0	0	0		1	False	0
abau-SAMN11997570	GP_Isolated_34	132:4796	4	0.0	0.49998089999999995	3.1051019635387167	GP_Isolated_52	200:2482	4	0.0	0.4994037	2.496003947906887	0	0	0	0		1	False	0
abau-SAMN11997570	GP_Isolated_34	132:4796	4	0.0	0.49998089999999995	3.1051019635387167	GP_unb_4	201:2472	4	0.0	0.48582080000000005	92.25163091885126	0	0	0	0		1	False	0
abau-SAMN11997570	GP_Isolated_34	132:4796	4	0.0	0.49998089999999995	3.1051019635387167	GP_unb_5	207:2365	4	0.0	0.17706615000000003	0.5505813533617391	0	0	0	0		1	False	0
abau-SAMN11997570	GP_Isolated_34	132:4796	4	0.0	0.49998089999999995	3.1051019635387167	GP_Isolated_53	208:2339	4	0.0	0.37396929999999995	1.6160780915240365	0	0	0	0		1	False	0
abau-SAMN11997570	GP_Isolated_34	132:4796	4	0.0	0.49998089999999995	3.1051019635387167	GP_Isolated_54	212:2192	4	0.0	0.49995670000000003	2.958468741725043	0	0	0	0		1	False	0
abau-SAMN11997570	GP_Isolated_34	132:4796	4	0.0	0.49998089999999995	3.1051019635387167	GP_unb_6	217:2126	4	0.0	0.12310969999999999	0.8445270937146435	0	0	0	0		1	False	0
abau-SAMN11997570	GP_Isolated_34	132:4796	4	0.0	0.49998089999999995	3.1051019635387167	GP_Isolated_55	220:2070	4	0.0	0.49999875000000005	6.719385667172192	0	0	0	0		1	False	0
abau-SAMN11997570	GP_Isolated_34	132:4796	4	0.0	0.49998089999999995	3.1051019635387167	GP_Isolated_56	224:1987	4	0.0	0.49966469999999996	2.5793733901446765	0	0	0	0		1	False	0
abau-SAMN11997570	GP_Isolated_34	132:4796	4	0.0	0.49998089999999995	3.1051019635387167	GP_Isolated_57	229:1833	4	0.0	0.19480030000000004	1.4968043619556584	0	0	0	0		1	False	0
abau-SAMN11997570	GP_Isolated_34	132:4796	4	0.0	0.49998089999999995	3.1051019635387167	GP_Isolated_58	230:1819	4	0.0	0.49898010000000004	2.1407164006644037	0	0	0	0		1	False	0
abau-SAMN11997570	GP_Isolated_34	132:4796	4	0.0	0.49998089999999995	3.1051019635387167	GP_Isolated_59	234:1611	4	0.0	0.49999607	4.6761512722370675	0	0	0	0		1	False	0
abau-SAMN11997570	GP_Isolated_34	132:4796	4	0.0	0.49998089999999995	3.1051019635387167	GP_2	235:1574,249:762,250:616	4	-0.008126911518390956	0.76670491	0.4261018402203942	0	0	0	0		1	False	0
abau-SAMN11997570	GP_Isolated_34	132:4796	4	0.0	0.49998089999999995	3.1051019635387167	GP_Isolated_60	236:1536	4	0.0	0.24603045	1.5082147757637034	0	0	0	0		1	False	0
abau-SAMN11997570	GP_Isolated_35	133:4689	4	0.0	0.49999760000000004	4.408222246075734	GP_Isolated_36	136:4629	4	0.0	0.49999930000000004	13.21862738017862	0	0	0	0		1	False	0
abau-SAMN11997570	GP_Isolated_35	133:4689	4	0.0	0.49999760000000004	4.408222246075734	GP_Isolated_37	137:4557	4	0.0	0.47178555	1.9480913473226646	0	0	0	0		1	False	0
abau-SAMN11997570	GP_Isolated_35	133:4689	4	0.0	0.49999760000000004	4.408222246075734	GP_Isolated_38	141:4413	4	0.0	0.4998292	2.6496413182157386	0	0	0	0		1	False	0
abau-SAMN11997570	GP_Isolated_35	133:4689	4	0.0	0.49999760000000004	4.408222246075734	GP_Isolated_39	151:4034	4	0.0	0.49999845	4.643478731855276	0	0	0	0		1	False	0
abau-SAMN11997570	GP_Isolated_35	133:4689	4	0.0	0.49999760000000004	4.408222246075734	GP_Isolated_40	152:3965	4	0.0	0.49792479999999995	2.255849642521846	0	0	0	0		1	False	0
abau-SAMN11997570	GP_Isolated_35	133:4689	4	0.0	0.49999760000000004	4.408222246075734	GP_Isolated_41	155:3816	4	0.0	0.49920356	2.431904624347031	0	0	0	0		1	False	0
abau-SAMN11997570	GP_Isolated_35	133:4689	4	0.0	0.49999760000000004	4.408222246075734	GP_Isolated_42	162:3658	4	0.0	0.49999857000000003	7.322344190077274	0	0	0	0		1	False	0
abau-SAMN11997570	GP_Isolated_35	133:4689	4	0.0	0.49999760000000004	4.408222246075734	GP_Isolated_43	163:3614	4	0.0	0.4999521	2.864001829517826	0	0	0	0		1	False	0
abau-SAMN11997570	GP_Isolated_35	133:4689	4	0.0	0.49999760000000004	4.408222246075734	GP_Isolated_44	169:3435	4	0.0	0.49999654000000004	4.247255723261357	0	0	0	0		1	False	0
abau-SAMN11997570	GP_Isolated_35	133:4689	4	0.0	0.49999760000000004	4.408222246075734	GP_Isolated_45	171:3358	4	0.0	0.06734925999999997	0.25885931970824005	0	0	0	0		1	False	0
abau-SAMN11997570	GP_Isolated_35	133:4689	4	0.0	0.49999760000000004	4.408222246075734	GP_unb_3	172:3326	4	0.0	0.14425707	0.3960207987289666	0	0	0	0		1	False	0
abau-SAMN11997570	GP_Isolated_35	133:4689	4	0.0	0.49999760000000004	4.408222246075734	GP_Isolated_46	175:3283	4	0.0	0.4999987	8.19858693820563	0	0	0	0		1	False	0
abau-SAMN11997570	GP_Isolated_35	133:4689	4	0.0	0.49999760000000004	4.408222246075734	GP_Isolated_47	179:3189	4	0.0	0.45655227	1.7767687345032621	0	0	0	0		1	False	0
abau-SAMN11997570	GP_Isolated_35	133:4689	4	0.0	0.49999760000000004	4.408222246075734	GP_Isolated_48	180:3118	4	0.0	0.40498376	1.5893334296237451	0	0	0	0		1	False	0
abau-SAMN11997570	GP_Isolated_35	133:4689	4	0.0	0.49999760000000004	4.408222246075734	GP_Isolated_49	184:2877	4	0.0	0.07340884000000003	0.25477961531980453	0	0	0	0		1	False	0
abau-SAMN11997570	GP_Isolated_35	133:4689	4	0.0	0.49999760000000004	4.408222246075734	GP_Isolated_50	193:2632	4	0.0	0.49999857000000003	6.944283960424642	0	0	0	0		1	False	0
abau-SAMN11997570	GP_Isolated_35	133:4689	4	0.0	0.49999760000000004	4.408222246075734	GP_Isolated_51	194:2629	4	0.0	0.006962899999999994	1.504748320935943	0	0	0	0		1	False	0
abau-SAMN11997570	GP_Isolated_35	133:4689	4	0.0	0.49999760000000004	4.408222246075734	GP_Isolated_52	200:2482	4	0.0	0.4994037	2.496003947906887	0	0	0	0		1	False	0
abau-SAMN11997570	GP_Isolated_35	133:4689	4	0.0	0.49999760000000004	4.408222246075734	GP_unb_4	201:2472	4	0.0	0.48582080000000005	92.25163091885126	0	0	0	0		1	False	0
abau-SAMN11997570	GP_Isolated_35	133:4689	4	0.0	0.49999760000000004	4.408222246075734	GP_unb_5	207:2365	4	0.0	0.17706615000000003	0.5505813533617391	0	0	0	0		1	False	0
abau-SAMN11997570	GP_Isolated_35	133:4689	4	0.0	0.49999760000000004	4.408222246075734	GP_Isolated_53	208:2339	4	0.0	0.37396929999999995	1.6160780915240365	0	0	0	0		1	False	0
abau-SAMN11997570	GP_Isolated_35	133:4689	4	0.0	0.49999760000000004	4.408222246075734	GP_Isolated_54	212:2192	4	0.0	0.49995670000000003	2.958468741725043	0	0	0	0		1	False	0
abau-SAMN11997570	GP_Isolated_35	133:4689	4	0.0	0.49999760000000004	4.408222246075734	GP_unb_6	217:2126	4	0.0	0.12310969999999999	0.8445270937146435	0	0	0	0		1	False	0
abau-SAMN11997570	GP_Isolated_35	133:4689	4	0.0	0.49999760000000004	4.408222246075734	GP_Isolated_55	220:2070	4	0.0	0.49999875000000005	6.719385667172192	0	0	0	0		1	False	0
abau-SAMN11997570	GP_Isolated_35	133:4689	4	0.0	0.49999760000000004	4.408222246075734	GP_Isolated_56	224:1987	4	0.0	0.49966469999999996	2.5793733901446765	0	0	0	0		1	False	0
abau-SAMN11997570	GP_Isolated_35	133:4689	4	0.0	0.49999760000000004	4.408222246075734	GP_Isolated_57	229:1833	4	0.0	0.19480030000000004	1.4968043619556584	0	0	0	0		1	False	0
abau-SAMN11997570	GP_Isolated_35	133:4689	4	0.0	0.49999760000000004	4.408222246075734	GP_Isolated_58	230:1819	4	0.0	0.49898010000000004	2.1407164006644037	0	0	0	0		1	False	0
abau-SAMN11997570	GP_Isolated_35	133:4689	4	0.0	0.49999760000000004	4.408222246075734	GP_Isolated_59	234:1611	4	0.0	0.49999607	4.6761512722370675	0	0	0	0		1	False	0
abau-SAMN11997570	GP_Isolated_35	133:4689	4	0.0	0.49999760000000004	4.408222246075734	GP_2	235:1574,249:762,250:616	4	-0.008126911518390956	0.76670491	0.4261018402203942	0	0	0	0		1	False	0
abau-SAMN11997570	GP_Isolated_35	133:4689	4	0.0	0.49999760000000004	4.408222246075734	GP_Isolated_60	236:1536	4	0.0	0.24603045	1.5082147757637034	0	0	0	0		1	False	0
abau-SAMN11997570	GP_Isolated_36	136:4629	4	0.0	0.49999930000000004	13.21862738017862	GP_Isolated_37	137:4557	4	0.0	0.47178555	1.9480913473226646	0	0	0	0		1	False	0
abau-SAMN11997570	GP_Isolated_36	136:4629	4	0.0	0.49999930000000004	13.21862738017862	GP_Isolated_38	141:4413	4	0.0	0.4998292	2.6496413182157386	0	0	0	0		1	False	0
abau-SAMN11997570	GP_Isolated_36	136:4629	4	0.0	0.49999930000000004	13.21862738017862	GP_Isolated_39	151:4034	4	0.0	0.49999845	4.643478731855276	0	0	0	0		1	False	0
abau-SAMN11997570	GP_Isolated_36	136:4629	4	0.0	0.49999930000000004	13.21862738017862	GP_Isolated_40	152:3965	4	0.0	0.49792479999999995	2.255849642521846	0	0	0	0		1	False	0
abau-SAMN11997570	GP_Isolated_36	136:4629	4	0.0	0.49999930000000004	13.21862738017862	GP_Isolated_41	155:3816	4	0.0	0.49920356	2.431904624347031	0	0	0	0		1	False	0
abau-SAMN11997570	GP_Isolated_36	136:4629	4	0.0	0.49999930000000004	13.21862738017862	GP_Isolated_42	162:3658	4	0.0	0.49999857000000003	7.322344190077274	0	0	0	0		1	False	0
abau-SAMN11997570	GP_Isolated_36	136:4629	4	0.0	0.49999930000000004	13.21862738017862	GP_Isolated_43	163:3614	4	0.0	0.4999521	2.864001829517826	0	0	0	0		1	False	0
abau-SAMN11997570	GP_Isolated_36	136:4629	4	0.0	0.49999930000000004	13.21862738017862	GP_Isolated_44	169:3435	4	0.0	0.49999654000000004	4.247255723261357	0	0	0	0		1	False	0
abau-SAMN11997570	GP_Isolated_36	136:4629	4	0.0	0.49999930000000004	13.21862738017862	GP_Isolated_45	171:3358	4	0.0	0.06734925999999997	0.25885931970824005	0	0	0	0		1	False	0
abau-SAMN11997570	GP_Isolated_36	136:4629	4	0.0	0.49999930000000004	13.21862738017862	GP_unb_3	172:3326	4	0.0	0.14425707	0.3960207987289666	0	0	0	0		1	False	0
abau-SAMN11997570	GP_Isolated_36	136:4629	4	0.0	0.49999930000000004	13.21862738017862	GP_Isolated_46	175:3283	4	0.0	0.4999987	8.19858693820563	0	0	0	0		1	False	0
abau-SAMN11997570	GP_Isolated_36	136:4629	4	0.0	0.49999930000000004	13.21862738017862	GP_Isolated_47	179:3189	4	0.0	0.45655227	1.7767687345032621	0	0	0	0		1	False	0
abau-SAMN11997570	GP_Isolated_36	136:4629	4	0.0	0.49999930000000004	13.21862738017862	GP_Isolated_48	180:3118	4	0.0	0.40498376	1.5893334296237451	0	0	0	0		1	False	0
abau-SAMN11997570	GP_Isolated_36	136:4629	4	0.0	0.49999930000000004	13.21862738017862	GP_Isolated_49	184:2877	4	0.0	0.07340884000000003	0.25477961531980453	0	0	0	0		1	False	0
abau-SAMN11997570	GP_Isolated_36	136:4629	4	0.0	0.49999930000000004	13.21862738017862	GP_Isolated_50	193:2632	4	0.0	0.49999857000000003	6.944283960424642	0	0	0	0		1	False	0
abau-SAMN11997570	GP_Isolated_36	136:4629	4	0.0	0.49999930000000004	13.21862738017862	GP_Isolated_51	194:2629	4	0.0	0.006962899999999994	1.504748320935943	0	0	0	0		1	False	0
abau-SAMN11997570	GP_Isolated_36	136:4629	4	0.0	0.49999930000000004	13.21862738017862	GP_Isolated_52	200:2482	4	0.0	0.4994037	2.496003947906887	0	0	0	0		1	False	0
abau-SAMN11997570	GP_Isolated_36	136:4629	4	0.0	0.49999930000000004	13.21862738017862	GP_unb_4	201:2472	4	0.0	0.48582080000000005	92.25163091885126	0	0	0	0		1	False	0
abau-SAMN11997570	GP_Isolated_36	136:4629	4	0.0	0.49999930000000004	13.21862738017862	GP_unb_5	207:2365	4	0.0	0.17706615000000003	0.5505813533617391	0	0	0	0		1	False	0
abau-SAMN11997570	GP_Isolated_36	136:4629	4	0.0	0.49999930000000004	13.21862738017862	GP_Isolated_53	208:2339	4	0.0	0.37396929999999995	1.6160780915240365	0	0	0	0		1	False	0
abau-SAMN11997570	GP_Isolated_36	136:4629	4	0.0	0.49999930000000004	13.21862738017862	GP_Isolated_54	212:2192	4	0.0	0.49995670000000003	2.958468741725043	0	0	0	0		1	False	0
abau-SAMN11997570	GP_Isolated_36	136:4629	4	0.0	0.49999930000000004	13.21862738017862	GP_unb_6	217:2126	4	0.0	0.12310969999999999	0.8445270937146435	0	0	0	0		1	False	0
abau-SAMN11997570	GP_Isolated_36	136:4629	4	0.0	0.49999930000000004	13.21862738017862	GP_Isolated_55	220:2070	4	0.0	0.49999875000000005	6.719385667172192	0	0	0	0		1	False	0
abau-SAMN11997570	GP_Isolated_36	136:4629	4	0.0	0.49999930000000004	13.21862738017862	GP_Isolated_56	224:1987	4	0.0	0.49966469999999996	2.5793733901446765	0	0	0	0		1	False	0
abau-SAMN11997570	GP_Isolated_36	136:4629	4	0.0	0.49999930000000004	13.21862738017862	GP_Isolated_57	229:1833	4	0.0	0.19480030000000004	1.4968043619556584	0	0	0	0		1	False	0
abau-SAMN11997570	GP_Isolated_36	136:4629	4	0.0	0.49999930000000004	13.21862738017862	GP_Isolated_58	230:1819	4	0.0	0.49898010000000004	2.1407164006644037	0	0	0	0		1	False	0
abau-SAMN11997570	GP_Isolated_36	136:4629	4	0.0	0.49999930000000004	13.21862738017862	GP_Isolated_59	234:1611	4	0.0	0.49999607	4.6761512722370675	0	0	0	0		1	False	0
abau-SAMN11997570	GP_Isolated_36	136:4629	4	0.0	0.49999930000000004	13.21862738017862	GP_2	235:1574,249:762,250:616	4	-0.008126911518390956	0.76670491	0.4261018402203942	0	0	0	0		1	False	0
abau-SAMN11997570	GP_Isolated_36	136:4629	4	0.0	0.49999930000000004	13.21862738017862	GP_Isolated_60	236:1536	4	0.0	0.24603045	1.5082147757637034	0	0	0	0		1	False	0
abau-SAMN11997570	GP_Isolated_37	137:4557	4	0.0	0.47178555	1.9480913473226646	GP_Isolated_38	141:4413	4	0.0	0.4998292	2.6496413182157386	0	0	0	0		1	False	0
abau-SAMN11997570	GP_Isolated_37	137:4557	4	0.0	0.47178555	1.9480913473226646	GP_Isolated_39	151:4034	4	0.0	0.49999845	4.643478731855276	0	0	0	0		1	False	0
abau-SAMN11997570	GP_Isolated_37	137:4557	4	0.0	0.47178555	1.9480913473226646	GP_Isolated_40	152:3965	4	0.0	0.49792479999999995	2.255849642521846	0	0	0	0		1	False	0
abau-SAMN11997570	GP_Isolated_37	137:4557	4	0.0	0.47178555	1.9480913473226646	GP_Isolated_41	155:3816	4	0.0	0.49920356	2.431904624347031	0	0	0	0		1	False	0
abau-SAMN11997570	GP_Isolated_37	137:4557	4	0.0	0.47178555	1.9480913473226646	GP_Isolated_42	162:3658	4	0.0	0.49999857000000003	7.322344190077274	0	0	0	0		1	False	0
abau-SAMN11997570	GP_Isolated_37	137:4557	4	0.0	0.47178555	1.9480913473226646	GP_Isolated_43	163:3614	4	0.0	0.4999521	2.864001829517826	0	0	0	0		1	False	0
abau-SAMN11997570	GP_Isolated_37	137:4557	4	0.0	0.47178555	1.9480913473226646	GP_Isolated_44	169:3435	4	0.0	0.49999654000000004	4.247255723261357	0	0	0	0		1	False	0
abau-SAMN11997570	GP_Isolated_37	137:4557	4	0.0	0.47178555	1.9480913473226646	GP_Isolated_45	171:3358	4	0.0	0.06734925999999997	0.25885931970824005	0	0	0	0		1	False	0
abau-SAMN11997570	GP_Isolated_37	137:4557	4	0.0	0.47178555	1.9480913473226646	GP_unb_3	172:3326	4	0.0	0.14425707	0.3960207987289666	0	0	0	0		1	False	0
abau-SAMN11997570	GP_Isolated_37	137:4557	4	0.0	0.47178555	1.9480913473226646	GP_Isolated_46	175:3283	4	0.0	0.4999987	8.19858693820563	0	0	0	0		1	False	0
abau-SAMN11997570	GP_Isolated_37	137:4557	4	0.0	0.47178555	1.9480913473226646	GP_Isolated_47	179:3189	4	0.0	0.45655227	1.7767687345032621	0	0	0	0		1	False	0
abau-SAMN11997570	GP_Isolated_37	137:4557	4	0.0	0.47178555	1.9480913473226646	GP_Isolated_48	180:3118	4	0.0	0.40498376	1.5893334296237451	0	0	0	0		1	False	0
abau-SAMN11997570	GP_Isolated_37	137:4557	4	0.0	0.47178555	1.9480913473226646	GP_Isolated_49	184:2877	4	0.0	0.07340884000000003	0.25477961531980453	0	0	0	0		1	False	0
abau-SAMN11997570	GP_Isolated_37	137:4557	4	0.0	0.47178555	1.9480913473226646	GP_Isolated_50	193:2632	4	0.0	0.49999857000000003	6.944283960424642	0	0	0	0		1	False	0
abau-SAMN11997570	GP_Isolated_37	137:4557	4	0.0	0.47178555	1.9480913473226646	GP_Isolated_51	194:2629	4	0.0	0.006962899999999994	1.504748320935943	0	0	0	0		1	False	0
abau-SAMN11997570	GP_Isolated_37	137:4557	4	0.0	0.47178555	1.9480913473226646	GP_Isolated_52	200:2482	4	0.0	0.4994037	2.496003947906887	0	0	0	0		1	False	0
abau-SAMN11997570	GP_Isolated_37	137:4557	4	0.0	0.47178555	1.9480913473226646	GP_unb_4	201:2472	4	0.0	0.48582080000000005	92.25163091885126	0	0	0	0		1	False	0
abau-SAMN11997570	GP_Isolated_37	137:4557	4	0.0	0.47178555	1.9480913473226646	GP_unb_5	207:2365	4	0.0	0.17706615000000003	0.5505813533617391	0	0	0	0		1	False	0
abau-SAMN11997570	GP_Isolated_37	137:4557	4	0.0	0.47178555	1.9480913473226646	GP_Isolated_53	208:2339	4	0.0	0.37396929999999995	1.6160780915240365	0	0	0	0		1	False	0
abau-SAMN11997570	GP_Isolated_37	137:4557	4	0.0	0.47178555	1.9480913473226646	GP_Isolated_54	212:2192	4	0.0	0.49995670000000003	2.958468741725043	0	0	0	0		1	False	0
abau-SAMN11997570	GP_Isolated_37	137:4557	4	0.0	0.47178555	1.9480913473226646	GP_unb_6	217:2126	4	0.0	0.12310969999999999	0.8445270937146435	0	0	0	0		1	False	0
abau-SAMN11997570	GP_Isolated_37	137:4557	4	0.0	0.47178555	1.9480913473226646	GP_Isolated_55	220:2070	4	0.0	0.49999875000000005	6.719385667172192	0	0	0	0		1	False	0
abau-SAMN11997570	GP_Isolated_37	137:4557	4	0.0	0.47178555	1.9480913473226646	GP_Isolated_56	224:1987	4	0.0	0.49966469999999996	2.5793733901446765	0	0	0	0		1	False	0
abau-SAMN11997570	GP_Isolated_37	137:4557	4	0.0	0.47178555	1.9480913473226646	GP_Isolated_57	229:1833	4	0.0	0.19480030000000004	1.4968043619556584	0	0	0	0		1	False	0
abau-SAMN11997570	GP_Isolated_37	137:4557	4	0.0	0.47178555	1.9480913473226646	GP_Isolated_58	230:1819	4	0.0	0.49898010000000004	2.1407164006644037	0	0	0	0		1	False	0
abau-SAMN11997570	GP_Isolated_37	137:4557	4	0.0	0.47178555	1.9480913473226646	GP_Isolated_59	234:1611	4	0.0	0.49999607	4.6761512722370675	0	0	0	0		1	False	0
abau-SAMN11997570	GP_Isolated_37	137:4557	4	0.0	0.47178555	1.9480913473226646	GP_2	235:1574,249:762,250:616	4	-0.008126911518390956	0.76670491	0.4261018402203942	0	0	0	0		1	False	0
abau-SAMN11997570	GP_Isolated_37	137:4557	4	0.0	0.47178555	1.9480913473226646	GP_Isolated_60	236:1536	4	0.0	0.24603045	1.5082147757637034	0	0	0	0		1	False	0
abau-SAMN11997570	GP_Isolated_38	141:4413	4	0.0	0.4998292	2.6496413182157386	GP_Isolated_39	151:4034	4	0.0	0.49999845	4.643478731855276	0	0	0	0		1	False	0
abau-SAMN11997570	GP_Isolated_38	141:4413	4	0.0	0.4998292	2.6496413182157386	GP_Isolated_40	152:3965	4	0.0	0.49792479999999995	2.255849642521846	0	0	0	0		1	False	0
abau-SAMN11997570	GP_Isolated_38	141:4413	4	0.0	0.4998292	2.6496413182157386	GP_Isolated_41	155:3816	4	0.0	0.49920356	2.431904624347031	0	0	0	0		1	False	0
abau-SAMN11997570	GP_Isolated_38	141:4413	4	0.0	0.4998292	2.6496413182157386	GP_Isolated_42	162:3658	4	0.0	0.49999857000000003	7.322344190077274	0	0	0	0		1	False	0
abau-SAMN11997570	GP_Isolated_38	141:4413	4	0.0	0.4998292	2.6496413182157386	GP_Isolated_43	163:3614	4	0.0	0.4999521	2.864001829517826	0	0	0	0		1	False	0
abau-SAMN11997570	GP_Isolated_38	141:4413	4	0.0	0.4998292	2.6496413182157386	GP_Isolated_44	169:3435	4	0.0	0.49999654000000004	4.247255723261357	0	0	0	0		1	False	0
abau-SAMN11997570	GP_Isolated_38	141:4413	4	0.0	0.4998292	2.6496413182157386	GP_Isolated_45	171:3358	4	0.0	0.06734925999999997	0.25885931970824005	0	0	0	0		1	False	0
abau-SAMN11997570	GP_Isolated_38	141:4413	4	0.0	0.4998292	2.6496413182157386	GP_unb_3	172:3326	4	0.0	0.14425707	0.3960207987289666	0	0	0	0		1	False	0
abau-SAMN11997570	GP_Isolated_38	141:4413	4	0.0	0.4998292	2.6496413182157386	GP_Isolated_46	175:3283	4	0.0	0.4999987	8.19858693820563	0	0	0	0		1	False	0
abau-SAMN11997570	GP_Isolated_38	141:4413	4	0.0	0.4998292	2.6496413182157386	GP_Isolated_47	179:3189	4	0.0	0.45655227	1.7767687345032621	0	0	0	0		1	False	0
abau-SAMN11997570	GP_Isolated_38	141:4413	4	0.0	0.4998292	2.6496413182157386	GP_Isolated_48	180:3118	4	0.0	0.40498376	1.5893334296237451	0	0	0	0		1	False	0
abau-SAMN11997570	GP_Isolated_38	141:4413	4	0.0	0.4998292	2.6496413182157386	GP_Isolated_49	184:2877	4	0.0	0.07340884000000003	0.25477961531980453	0	0	0	0		1	False	0
abau-SAMN11997570	GP_Isolated_38	141:4413	4	0.0	0.4998292	2.6496413182157386	GP_Isolated_50	193:2632	4	0.0	0.49999857000000003	6.944283960424642	0	0	0	0		1	False	0
abau-SAMN11997570	GP_Isolated_38	141:4413	4	0.0	0.4998292	2.6496413182157386	GP_Isolated_51	194:2629	4	0.0	0.006962899999999994	1.504748320935943	0	0	0	0		1	False	0
abau-SAMN11997570	GP_Isolated_38	141:4413	4	0.0	0.4998292	2.6496413182157386	GP_Isolated_52	200:2482	4	0.0	0.4994037	2.496003947906887	0	0	0	0		1	False	0
abau-SAMN11997570	GP_Isolated_38	141:4413	4	0.0	0.4998292	2.6496413182157386	GP_unb_4	201:2472	4	0.0	0.48582080000000005	92.25163091885126	0	0	0	0		1	False	0
abau-SAMN11997570	GP_Isolated_38	141:4413	4	0.0	0.4998292	2.6496413182157386	GP_unb_5	207:2365	4	0.0	0.17706615000000003	0.5505813533617391	0	0	0	0		1	False	0
abau-SAMN11997570	GP_Isolated_38	141:4413	4	0.0	0.4998292	2.6496413182157386	GP_Isolated_53	208:2339	4	0.0	0.37396929999999995	1.6160780915240365	0	0	0	0		1	False	0
abau-SAMN11997570	GP_Isolated_38	141:4413	4	0.0	0.4998292	2.6496413182157386	GP_Isolated_54	212:2192	4	0.0	0.49995670000000003	2.958468741725043	0	0	0	0		1	False	0
abau-SAMN11997570	GP_Isolated_38	141:4413	4	0.0	0.4998292	2.6496413182157386	GP_unb_6	217:2126	4	0.0	0.12310969999999999	0.8445270937146435	0	0	0	0		1	False	0
abau-SAMN11997570	GP_Isolated_38	141:4413	4	0.0	0.4998292	2.6496413182157386	GP_Isolated_55	220:2070	4	0.0	0.49999875000000005	6.719385667172192	0	0	0	0		1	False	0
abau-SAMN11997570	GP_Isolated_38	141:4413	4	0.0	0.4998292	2.6496413182157386	GP_Isolated_56	224:1987	4	0.0	0.49966469999999996	2.5793733901446765	0	0	0	0		1	False	0
abau-SAMN11997570	GP_Isolated_38	141:4413	4	0.0	0.4998292	2.6496413182157386	GP_Isolated_57	229:1833	4	0.0	0.19480030000000004	1.4968043619556584	0	0	0	0		1	False	0
abau-SAMN11997570	GP_Isolated_38	141:4413	4	0.0	0.4998292	2.6496413182157386	GP_Isolated_58	230:1819	4	0.0	0.49898010000000004	2.1407164006644037	0	0	0	0		1	False	0
abau-SAMN11997570	GP_Isolated_38	141:4413	4	0.0	0.4998292	2.6496413182157386	GP_Isolated_59	234:1611	4	0.0	0.49999607	4.6761512722370675	0	0	0	0		1	False	0
abau-SAMN11997570	GP_Isolated_38	141:4413	4	0.0	0.4998292	2.6496413182157386	GP_2	235:1574,249:762,250:616	4	-0.008126911518390956	0.76670491	0.4261018402203942	0	0	0	0		1	False	0
abau-SAMN11997570	GP_Isolated_38	141:4413	4	0.0	0.4998292	2.6496413182157386	GP_Isolated_60	236:1536	4	0.0	0.24603045	1.5082147757637034	0	0	0	0		1	False	0
abau-SAMN11997570	GP_Isolated_39	151:4034	4	0.0	0.49999845	4.643478731855276	GP_Isolated_40	152:3965	4	0.0	0.49792479999999995	2.255849642521846	0	0	0	0		1	False	0
abau-SAMN11997570	GP_Isolated_39	151:4034	4	0.0	0.49999845	4.643478731855276	GP_Isolated_41	155:3816	4	0.0	0.49920356	2.431904624347031	0	0	0	0		1	False	0
abau-SAMN11997570	GP_Isolated_39	151:4034	4	0.0	0.49999845	4.643478731855276	GP_Isolated_42	162:3658	4	0.0	0.49999857000000003	7.322344190077274	0	0	0	0		1	False	0
abau-SAMN11997570	GP_Isolated_39	151:4034	4	0.0	0.49999845	4.643478731855276	GP_Isolated_43	163:3614	4	0.0	0.4999521	2.864001829517826	0	0	0	0		1	False	0
abau-SAMN11997570	GP_Isolated_39	151:4034	4	0.0	0.49999845	4.643478731855276	GP_Isolated_44	169:3435	4	0.0	0.49999654000000004	4.247255723261357	0	0	0	0		1	False	0
abau-SAMN11997570	GP_Isolated_39	151:4034	4	0.0	0.49999845	4.643478731855276	GP_Isolated_45	171:3358	4	0.0	0.06734925999999997	0.25885931970824005	0	0	0	0		1	False	0
abau-SAMN11997570	GP_Isolated_39	151:4034	4	0.0	0.49999845	4.643478731855276	GP_unb_3	172:3326	4	0.0	0.14425707	0.3960207987289666	0	0	0	0		1	False	0
abau-SAMN11997570	GP_Isolated_39	151:4034	4	0.0	0.49999845	4.643478731855276	GP_Isolated_46	175:3283	4	0.0	0.4999987	8.19858693820563	0	0	0	0		1	False	0
abau-SAMN11997570	GP_Isolated_39	151:4034	4	0.0	0.49999845	4.643478731855276	GP_Isolated_47	179:3189	4	0.0	0.45655227	1.7767687345032621	0	0	0	0		1	False	0
abau-SAMN11997570	GP_Isolated_39	151:4034	4	0.0	0.49999845	4.643478731855276	GP_Isolated_48	180:3118	4	0.0	0.40498376	1.5893334296237451	0	0	0	0		1	False	0
abau-SAMN11997570	GP_Isolated_39	151:4034	4	0.0	0.49999845	4.643478731855276	GP_Isolated_49	184:2877	4	0.0	0.07340884000000003	0.25477961531980453	0	0	0	0		1	False	0
abau-SAMN11997570	GP_Isolated_39	151:4034	4	0.0	0.49999845	4.643478731855276	GP_Isolated_50	193:2632	4	0.0	0.49999857000000003	6.944283960424642	0	0	0	0		1	False	0
abau-SAMN11997570	GP_Isolated_39	151:4034	4	0.0	0.49999845	4.643478731855276	GP_Isolated_51	194:2629	4	0.0	0.006962899999999994	1.504748320935943	0	0	0	0		1	False	0
abau-SAMN11997570	GP_Isolated_39	151:4034	4	0.0	0.49999845	4.643478731855276	GP_Isolated_52	200:2482	4	0.0	0.4994037	2.496003947906887	0	0	0	0		1	False	0
abau-SAMN11997570	GP_Isolated_39	151:4034	4	0.0	0.49999845	4.643478731855276	GP_unb_4	201:2472	4	0.0	0.48582080000000005	92.25163091885126	0	0	0	0		1	False	0
abau-SAMN11997570	GP_Isolated_39	151:4034	4	0.0	0.49999845	4.643478731855276	GP_unb_5	207:2365	4	0.0	0.17706615000000003	0.5505813533617391	0	0	0	0		1	False	0
abau-SAMN11997570	GP_Isolated_39	151:4034	4	0.0	0.49999845	4.643478731855276	GP_Isolated_53	208:2339	4	0.0	0.37396929999999995	1.6160780915240365	0	0	0	0		1	False	0
abau-SAMN11997570	GP_Isolated_39	151:4034	4	0.0	0.49999845	4.643478731855276	GP_Isolated_54	212:2192	4	0.0	0.49995670000000003	2.958468741725043	0	0	0	0		1	False	0
abau-SAMN11997570	GP_Isolated_39	151:4034	4	0.0	0.49999845	4.643478731855276	GP_unb_6	217:2126	4	0.0	0.12310969999999999	0.8445270937146435	0	0	0	0		1	False	0
abau-SAMN11997570	GP_Isolated_39	151:4034	4	0.0	0.49999845	4.643478731855276	GP_Isolated_55	220:2070	4	0.0	0.49999875000000005	6.719385667172192	0	0	0	0		1	False	0
abau-SAMN11997570	GP_Isolated_39	151:4034	4	0.0	0.49999845	4.643478731855276	GP_Isolated_56	224:1987	4	0.0	0.49966469999999996	2.5793733901446765	0	0	0	0		1	False	0
abau-SAMN11997570	GP_Isolated_39	151:4034	4	0.0	0.49999845	4.643478731855276	GP_Isolated_57	229:1833	4	0.0	0.19480030000000004	1.4968043619556584	0	0	0	0		1	False	0
abau-SAMN11997570	GP_Isolated_39	151:4034	4	0.0	0.49999845	4.643478731855276	GP_Isolated_58	230:1819	4	0.0	0.49898010000000004	2.1407164006644037	0	0	0	0		1	False	0
abau-SAMN11997570	GP_Isolated_39	151:4034	4	0.0	0.49999845	4.643478731855276	GP_Isolated_59	234:1611	4	0.0	0.49999607	4.6761512722370675	0	0	0	0		1	False	0
abau-SAMN11997570	GP_Isolated_39	151:4034	4	0.0	0.49999845	4.643478731855276	GP_2	235:1574,249:762,250:616	4	-0.008126911518390956	0.76670491	0.4261018402203942	0	0	0	0		1	False	0
abau-SAMN11997570	GP_Isolated_39	151:4034	4	0.0	0.49999845	4.643478731855276	GP_Isolated_60	236:1536	4	0.0	0.24603045	1.5082147757637034	0	0	0	0		1	False	0
abau-SAMN11997570	GP_Isolated_40	152:3965	4	0.0	0.49792479999999995	2.255849642521846	GP_Isolated_41	155:3816	4	0.0	0.49920356	2.431904624347031	0	0	0	0		1	False	0
abau-SAMN11997570	GP_Isolated_40	152:3965	4	0.0	0.49792479999999995	2.255849642521846	GP_Isolated_42	162:3658	4	0.0	0.49999857000000003	7.322344190077274	0	0	0	0		1	False	0
abau-SAMN11997570	GP_Isolated_40	152:3965	4	0.0	0.49792479999999995	2.255849642521846	GP_Isolated_43	163:3614	4	0.0	0.4999521	2.864001829517826	0	0	0	0		1	False	0
abau-SAMN11997570	GP_Isolated_40	152:3965	4	0.0	0.49792479999999995	2.255849642521846	GP_Isolated_44	169:3435	4	0.0	0.49999654000000004	4.247255723261357	0	0	0	0		1	False	0
abau-SAMN11997570	GP_Isolated_40	152:3965	4	0.0	0.49792479999999995	2.255849642521846	GP_Isolated_45	171:3358	4	0.0	0.06734925999999997	0.25885931970824005	0	0	0	0		1	False	0
abau-SAMN11997570	GP_Isolated_40	152:3965	4	0.0	0.49792479999999995	2.255849642521846	GP_unb_3	172:3326	4	0.0	0.14425707	0.3960207987289666	0	0	0	0		1	False	0
abau-SAMN11997570	GP_Isolated_40	152:3965	4	0.0	0.49792479999999995	2.255849642521846	GP_Isolated_46	175:3283	4	0.0	0.4999987	8.19858693820563	0	0	0	0		1	False	0
abau-SAMN11997570	GP_Isolated_40	152:3965	4	0.0	0.49792479999999995	2.255849642521846	GP_Isolated_47	179:3189	4	0.0	0.45655227	1.7767687345032621	0	0	0	0		1	False	0
abau-SAMN11997570	GP_Isolated_40	152:3965	4	0.0	0.49792479999999995	2.255849642521846	GP_Isolated_48	180:3118	4	0.0	0.40498376	1.5893334296237451	0	0	0	0		1	False	0
abau-SAMN11997570	GP_Isolated_40	152:3965	4	0.0	0.49792479999999995	2.255849642521846	GP_Isolated_49	184:2877	4	0.0	0.07340884000000003	0.25477961531980453	0	0	0	0		1	False	0
abau-SAMN11997570	GP_Isolated_40	152:3965	4	0.0	0.49792479999999995	2.255849642521846	GP_Isolated_50	193:2632	4	0.0	0.49999857000000003	6.944283960424642	0	0	0	0		1	False	0
abau-SAMN11997570	GP_Isolated_40	152:3965	4	0.0	0.49792479999999995	2.255849642521846	GP_Isolated_51	194:2629	4	0.0	0.006962899999999994	1.504748320935943	0	0	0	0		1	False	0
abau-SAMN11997570	GP_Isolated_40	152:3965	4	0.0	0.49792479999999995	2.255849642521846	GP_Isolated_52	200:2482	4	0.0	0.4994037	2.496003947906887	0	0	0	0		1	False	0
abau-SAMN11997570	GP_Isolated_40	152:3965	4	0.0	0.49792479999999995	2.255849642521846	GP_unb_4	201:2472	4	0.0	0.48582080000000005	92.25163091885126	0	0	0	0		1	False	0
abau-SAMN11997570	GP_Isolated_40	152:3965	4	0.0	0.49792479999999995	2.255849642521846	GP_unb_5	207:2365	4	0.0	0.17706615000000003	0.5505813533617391	0	0	0	0		1	False	0
abau-SAMN11997570	GP_Isolated_40	152:3965	4	0.0	0.49792479999999995	2.255849642521846	GP_Isolated_53	208:2339	4	0.0	0.37396929999999995	1.6160780915240365	0	0	0	0		1	False	0
abau-SAMN11997570	GP_Isolated_40	152:3965	4	0.0	0.49792479999999995	2.255849642521846	GP_Isolated_54	212:2192	4	0.0	0.49995670000000003	2.958468741725043	0	0	0	0		1	False	0
abau-SAMN11997570	GP_Isolated_40	152:3965	4	0.0	0.49792479999999995	2.255849642521846	GP_unb_6	217:2126	4	0.0	0.12310969999999999	0.8445270937146435	0	0	0	0		1	False	0
abau-SAMN11997570	GP_Isolated_40	152:3965	4	0.0	0.49792479999999995	2.255849642521846	GP_Isolated_55	220:2070	4	0.0	0.49999875000000005	6.719385667172192	0	0	0	0		1	False	0
abau-SAMN11997570	GP_Isolated_40	152:3965	4	0.0	0.49792479999999995	2.255849642521846	GP_Isolated_56	224:1987	4	0.0	0.49966469999999996	2.5793733901446765	0	0	0	0		1	False	0
abau-SAMN11997570	GP_Isolated_40	152:3965	4	0.0	0.49792479999999995	2.255849642521846	GP_Isolated_57	229:1833	4	0.0	0.19480030000000004	1.4968043619556584	0	0	0	0		1	False	0
abau-SAMN11997570	GP_Isolated_40	152:3965	4	0.0	0.49792479999999995	2.255849642521846	GP_Isolated_58	230:1819	4	0.0	0.49898010000000004	2.1407164006644037	0	0	0	0		1	False	0
abau-SAMN11997570	GP_Isolated_40	152:3965	4	0.0	0.49792479999999995	2.255849642521846	GP_Isolated_59	234:1611	4	0.0	0.49999607	4.6761512722370675	0	0	0	0		1	False	0
abau-SAMN11997570	GP_Isolated_40	152:3965	4	0.0	0.49792479999999995	2.255849642521846	GP_2	235:1574,249:762,250:616	4	-0.008126911518390956	0.76670491	0.4261018402203942	0	0	0	0		1	False	0
abau-SAMN11997570	GP_Isolated_40	152:3965	4	0.0	0.49792479999999995	2.255849642521846	GP_Isolated_60	236:1536	4	0.0	0.24603045	1.5082147757637034	0	0	0	0		1	False	0
abau-SAMN11997570	GP_Isolated_41	155:3816	4	0.0	0.49920356	2.431904624347031	GP_Isolated_42	162:3658	4	0.0	0.49999857000000003	7.322344190077274	0	0	0	0		1	False	0
abau-SAMN11997570	GP_Isolated_41	155:3816	4	0.0	0.49920356	2.431904624347031	GP_Isolated_43	163:3614	4	0.0	0.4999521	2.864001829517826	0	0	0	0		1	False	0
abau-SAMN11997570	GP_Isolated_41	155:3816	4	0.0	0.49920356	2.431904624347031	GP_Isolated_44	169:3435	4	0.0	0.49999654000000004	4.247255723261357	0	0	0	0		1	False	0
abau-SAMN11997570	GP_Isolated_41	155:3816	4	0.0	0.49920356	2.431904624347031	GP_Isolated_45	171:3358	4	0.0	0.06734925999999997	0.25885931970824005	0	0	0	0		1	False	0
abau-SAMN11997570	GP_Isolated_41	155:3816	4	0.0	0.49920356	2.431904624347031	GP_unb_3	172:3326	4	0.0	0.14425707	0.3960207987289666	0	0	0	0		1	False	0
abau-SAMN11997570	GP_Isolated_41	155:3816	4	0.0	0.49920356	2.431904624347031	GP_Isolated_46	175:3283	4	0.0	0.4999987	8.19858693820563	0	0	0	0		1	False	0
abau-SAMN11997570	GP_Isolated_41	155:3816	4	0.0	0.49920356	2.431904624347031	GP_Isolated_47	179:3189	4	0.0	0.45655227	1.7767687345032621	0	0	0	0		1	False	0
abau-SAMN11997570	GP_Isolated_41	155:3816	4	0.0	0.49920356	2.431904624347031	GP_Isolated_48	180:3118	4	0.0	0.40498376	1.5893334296237451	0	0	0	0		1	False	0
abau-SAMN11997570	GP_Isolated_41	155:3816	4	0.0	0.49920356	2.431904624347031	GP_Isolated_49	184:2877	4	0.0	0.07340884000000003	0.25477961531980453	0	0	0	0		1	False	0
abau-SAMN11997570	GP_Isolated_41	155:3816	4	0.0	0.49920356	2.431904624347031	GP_Isolated_50	193:2632	4	0.0	0.49999857000000003	6.944283960424642	0	0	0	0		1	False	0
abau-SAMN11997570	GP_Isolated_41	155:3816	4	0.0	0.49920356	2.431904624347031	GP_Isolated_51	194:2629	4	0.0	0.006962899999999994	1.504748320935943	0	0	0	0		1	False	0
abau-SAMN11997570	GP_Isolated_41	155:3816	4	0.0	0.49920356	2.431904624347031	GP_Isolated_52	200:2482	4	0.0	0.4994037	2.496003947906887	0	0	0	0		1	False	0
abau-SAMN11997570	GP_Isolated_41	155:3816	4	0.0	0.49920356	2.431904624347031	GP_unb_4	201:2472	4	0.0	0.48582080000000005	92.25163091885126	0	0	0	0		1	False	0
abau-SAMN11997570	GP_Isolated_41	155:3816	4	0.0	0.49920356	2.431904624347031	GP_unb_5	207:2365	4	0.0	0.17706615000000003	0.5505813533617391	0	0	0	0		1	False	0
abau-SAMN11997570	GP_Isolated_41	155:3816	4	0.0	0.49920356	2.431904624347031	GP_Isolated_53	208:2339	4	0.0	0.37396929999999995	1.6160780915240365	0	0	0	0		1	False	0
abau-SAMN11997570	GP_Isolated_41	155:3816	4	0.0	0.49920356	2.431904624347031	GP_Isolated_54	212:2192	4	0.0	0.49995670000000003	2.958468741725043	0	0	0	0		1	False	0
abau-SAMN11997570	GP_Isolated_41	155:3816	4	0.0	0.49920356	2.431904624347031	GP_unb_6	217:2126	4	0.0	0.12310969999999999	0.8445270937146435	0	0	0	0		1	False	0
abau-SAMN11997570	GP_Isolated_41	155:3816	4	0.0	0.49920356	2.431904624347031	GP_Isolated_55	220:2070	4	0.0	0.49999875000000005	6.719385667172192	0	0	0	0		1	False	0
abau-SAMN11997570	GP_Isolated_41	155:3816	4	0.0	0.49920356	2.431904624347031	GP_Isolated_56	224:1987	4	0.0	0.49966469999999996	2.5793733901446765	0	0	0	0		1	False	0
abau-SAMN11997570	GP_Isolated_41	155:3816	4	0.0	0.49920356	2.431904624347031	GP_Isolated_57	229:1833	4	0.0	0.19480030000000004	1.4968043619556584	0	0	0	0		1	False	0
abau-SAMN11997570	GP_Isolated_41	155:3816	4	0.0	0.49920356	2.431904624347031	GP_Isolated_58	230:1819	4	0.0	0.49898010000000004	2.1407164006644037	0	0	0	0		1	False	0
abau-SAMN11997570	GP_Isolated_41	155:3816	4	0.0	0.49920356	2.431904624347031	GP_Isolated_59	234:1611	4	0.0	0.49999607	4.6761512722370675	0	0	0	0		1	False	0
abau-SAMN11997570	GP_Isolated_41	155:3816	4	0.0	0.49920356	2.431904624347031	GP_2	235:1574,249:762,250:616	4	-0.008126911518390956	0.76670491	0.4261018402203942	0	0	0	0		1	False	0
abau-SAMN11997570	GP_Isolated_41	155:3816	4	0.0	0.49920356	2.431904624347031	GP_Isolated_60	236:1536	4	0.0	0.24603045	1.5082147757637034	0	0	0	0		1	False	0
abau-SAMN11997570	GP_Isolated_42	162:3658	4	0.0	0.49999857000000003	7.322344190077274	GP_Isolated_43	163:3614	4	0.0	0.4999521	2.864001829517826	0	0	0	0		1	False	0
abau-SAMN11997570	GP_Isolated_42	162:3658	4	0.0	0.49999857000000003	7.322344190077274	GP_Isolated_44	169:3435	4	0.0	0.49999654000000004	4.247255723261357	0	0	0	0		1	False	0
abau-SAMN11997570	GP_Isolated_42	162:3658	4	0.0	0.49999857000000003	7.322344190077274	GP_Isolated_45	171:3358	4	0.0	0.06734925999999997	0.25885931970824005	0	0	0	0		1	False	0
abau-SAMN11997570	GP_Isolated_42	162:3658	4	0.0	0.49999857000000003	7.322344190077274	GP_unb_3	172:3326	4	0.0	0.14425707	0.3960207987289666	0	0	0	0		1	False	0
abau-SAMN11997570	GP_Isolated_42	162:3658	4	0.0	0.49999857000000003	7.322344190077274	GP_Isolated_46	175:3283	4	0.0	0.4999987	8.19858693820563	0	0	0	0		1	False	0
abau-SAMN11997570	GP_Isolated_42	162:3658	4	0.0	0.49999857000000003	7.322344190077274	GP_Isolated_47	179:3189	4	0.0	0.45655227	1.7767687345032621	0	0	0	0		1	False	0
abau-SAMN11997570	GP_Isolated_42	162:3658	4	0.0	0.49999857000000003	7.322344190077274	GP_Isolated_48	180:3118	4	0.0	0.40498376	1.5893334296237451	0	0	0	0		1	False	0
abau-SAMN11997570	GP_Isolated_42	162:3658	4	0.0	0.49999857000000003	7.322344190077274	GP_Isolated_49	184:2877	4	0.0	0.07340884000000003	0.25477961531980453	0	0	0	0		1	False	0
abau-SAMN11997570	GP_Isolated_42	162:3658	4	0.0	0.49999857000000003	7.322344190077274	GP_Isolated_50	193:2632	4	0.0	0.49999857000000003	6.944283960424642	0	0	0	0		1	False	0
abau-SAMN11997570	GP_Isolated_42	162:3658	4	0.0	0.49999857000000003	7.322344190077274	GP_Isolated_51	194:2629	4	0.0	0.006962899999999994	1.504748320935943	0	0	0	0		1	False	0
abau-SAMN11997570	GP_Isolated_42	162:3658	4	0.0	0.49999857000000003	7.322344190077274	GP_Isolated_52	200:2482	4	0.0	0.4994037	2.496003947906887	0	0	0	0		1	False	0
abau-SAMN11997570	GP_Isolated_42	162:3658	4	0.0	0.49999857000000003	7.322344190077274	GP_unb_4	201:2472	4	0.0	0.48582080000000005	92.25163091885126	0	0	0	0		1	False	0
abau-SAMN11997570	GP_Isolated_42	162:3658	4	0.0	0.49999857000000003	7.322344190077274	GP_unb_5	207:2365	4	0.0	0.17706615000000003	0.5505813533617391	0	0	0	0		1	False	0
abau-SAMN11997570	GP_Isolated_42	162:3658	4	0.0	0.49999857000000003	7.322344190077274	GP_Isolated_53	208:2339	4	0.0	0.37396929999999995	1.6160780915240365	0	0	0	0		1	False	0
abau-SAMN11997570	GP_Isolated_42	162:3658	4	0.0	0.49999857000000003	7.322344190077274	GP_Isolated_54	212:2192	4	0.0	0.49995670000000003	2.958468741725043	0	0	0	0		1	False	0
abau-SAMN11997570	GP_Isolated_42	162:3658	4	0.0	0.49999857000000003	7.322344190077274	GP_unb_6	217:2126	4	0.0	0.12310969999999999	0.8445270937146435	0	0	0	0		1	False	0
abau-SAMN11997570	GP_Isolated_42	162:3658	4	0.0	0.49999857000000003	7.322344190077274	GP_Isolated_55	220:2070	4	0.0	0.49999875000000005	6.719385667172192	0	0	0	0		1	False	0
abau-SAMN11997570	GP_Isolated_42	162:3658	4	0.0	0.49999857000000003	7.322344190077274	GP_Isolated_56	224:1987	4	0.0	0.49966469999999996	2.5793733901446765	0	0	0	0		1	False	0
abau-SAMN11997570	GP_Isolated_42	162:3658	4	0.0	0.49999857000000003	7.322344190077274	GP_Isolated_57	229:1833	4	0.0	0.19480030000000004	1.4968043619556584	0	0	0	0		1	False	0
abau-SAMN11997570	GP_Isolated_42	162:3658	4	0.0	0.49999857000000003	7.322344190077274	GP_Isolated_58	230:1819	4	0.0	0.49898010000000004	2.1407164006644037	0	0	0	0		1	False	0
abau-SAMN11997570	GP_Isolated_42	162:3658	4	0.0	0.49999857000000003	7.322344190077274	GP_Isolated_59	234:1611	4	0.0	0.49999607	4.6761512722370675	0	0	0	0		1	False	0
abau-SAMN11997570	GP_Isolated_42	162:3658	4	0.0	0.49999857000000003	7.322344190077274	GP_2	235:1574,249:762,250:616	4	-0.008126911518390956	0.76670491	0.4261018402203942	0	0	0	0		1	False	0
abau-SAMN11997570	GP_Isolated_42	162:3658	4	0.0	0.49999857000000003	7.322344190077274	GP_Isolated_60	236:1536	4	0.0	0.24603045	1.5082147757637034	0	0	0	0		1	False	0
abau-SAMN11997570	GP_Isolated_43	163:3614	4	0.0	0.4999521	2.864001829517826	GP_Isolated_44	169:3435	4	0.0	0.49999654000000004	4.247255723261357	0	0	0	0		1	False	0
abau-SAMN11997570	GP_Isolated_43	163:3614	4	0.0	0.4999521	2.864001829517826	GP_Isolated_45	171:3358	4	0.0	0.06734925999999997	0.25885931970824005	0	0	0	0		1	False	0
abau-SAMN11997570	GP_Isolated_43	163:3614	4	0.0	0.4999521	2.864001829517826	GP_unb_3	172:3326	4	0.0	0.14425707	0.3960207987289666	0	0	0	0		1	False	0
abau-SAMN11997570	GP_Isolated_43	163:3614	4	0.0	0.4999521	2.864001829517826	GP_Isolated_46	175:3283	4	0.0	0.4999987	8.19858693820563	0	0	0	0		1	False	0
abau-SAMN11997570	GP_Isolated_43	163:3614	4	0.0	0.4999521	2.864001829517826	GP_Isolated_47	179:3189	4	0.0	0.45655227	1.7767687345032621	0	0	0	0		1	False	0
abau-SAMN11997570	GP_Isolated_43	163:3614	4	0.0	0.4999521	2.864001829517826	GP_Isolated_48	180:3118	4	0.0	0.40498376	1.5893334296237451	0	0	0	0		1	False	0
abau-SAMN11997570	GP_Isolated_43	163:3614	4	0.0	0.4999521	2.864001829517826	GP_Isolated_49	184:2877	4	0.0	0.07340884000000003	0.25477961531980453	0	0	0	0		1	False	0
abau-SAMN11997570	GP_Isolated_43	163:3614	4	0.0	0.4999521	2.864001829517826	GP_Isolated_50	193:2632	4	0.0	0.49999857000000003	6.944283960424642	0	0	0	0		1	False	0
abau-SAMN11997570	GP_Isolated_43	163:3614	4	0.0	0.4999521	2.864001829517826	GP_Isolated_51	194:2629	4	0.0	0.006962899999999994	1.504748320935943	0	0	0	0		1	False	0
abau-SAMN11997570	GP_Isolated_43	163:3614	4	0.0	0.4999521	2.864001829517826	GP_Isolated_52	200:2482	4	0.0	0.4994037	2.496003947906887	0	0	0	0		1	False	0
abau-SAMN11997570	GP_Isolated_43	163:3614	4	0.0	0.4999521	2.864001829517826	GP_unb_4	201:2472	4	0.0	0.48582080000000005	92.25163091885126	0	0	0	0		1	False	0
abau-SAMN11997570	GP_Isolated_43	163:3614	4	0.0	0.4999521	2.864001829517826	GP_unb_5	207:2365	4	0.0	0.17706615000000003	0.5505813533617391	0	0	0	0		1	False	0
abau-SAMN11997570	GP_Isolated_43	163:3614	4	0.0	0.4999521	2.864001829517826	GP_Isolated_53	208:2339	4	0.0	0.37396929999999995	1.6160780915240365	0	0	0	0		1	False	0
abau-SAMN11997570	GP_Isolated_43	163:3614	4	0.0	0.4999521	2.864001829517826	GP_Isolated_54	212:2192	4	0.0	0.49995670000000003	2.958468741725043	0	0	0	0		1	False	0
abau-SAMN11997570	GP_Isolated_43	163:3614	4	0.0	0.4999521	2.864001829517826	GP_unb_6	217:2126	4	0.0	0.12310969999999999	0.8445270937146435	0	0	0	0		1	False	0
abau-SAMN11997570	GP_Isolated_43	163:3614	4	0.0	0.4999521	2.864001829517826	GP_Isolated_55	220:2070	4	0.0	0.49999875000000005	6.719385667172192	0	0	0	0		1	False	0
abau-SAMN11997570	GP_Isolated_43	163:3614	4	0.0	0.4999521	2.864001829517826	GP_Isolated_56	224:1987	4	0.0	0.49966469999999996	2.5793733901446765	0	0	0	0		1	False	0
abau-SAMN11997570	GP_Isolated_43	163:3614	4	0.0	0.4999521	2.864001829517826	GP_Isolated_57	229:1833	4	0.0	0.19480030000000004	1.4968043619556584	0	0	0	0		1	False	0
abau-SAMN11997570	GP_Isolated_43	163:3614	4	0.0	0.4999521	2.864001829517826	GP_Isolated_58	230:1819	4	0.0	0.49898010000000004	2.1407164006644037	0	0	0	0		1	False	0
abau-SAMN11997570	GP_Isolated_43	163:3614	4	0.0	0.4999521	2.864001829517826	GP_Isolated_59	234:1611	4	0.0	0.49999607	4.6761512722370675	0	0	0	0		1	False	0
abau-SAMN11997570	GP_Isolated_43	163:3614	4	0.0	0.4999521	2.864001829517826	GP_2	235:1574,249:762,250:616	4	-0.008126911518390956	0.76670491	0.4261018402203942	0	0	0	0		1	False	0
abau-SAMN11997570	GP_Isolated_43	163:3614	4	0.0	0.4999521	2.864001829517826	GP_Isolated_60	236:1536	4	0.0	0.24603045	1.5082147757637034	0	0	0	0		1	False	0
abau-SAMN11997570	GP_Isolated_44	169:3435	4	0.0	0.49999654000000004	4.247255723261357	GP_Isolated_45	171:3358	4	0.0	0.06734925999999997	0.25885931970824005	0	0	0	0		1	False	0
abau-SAMN11997570	GP_Isolated_44	169:3435	4	0.0	0.49999654000000004	4.247255723261357	GP_unb_3	172:3326	4	0.0	0.14425707	0.3960207987289666	0	0	0	0		1	False	0
abau-SAMN11997570	GP_Isolated_44	169:3435	4	0.0	0.49999654000000004	4.247255723261357	GP_Isolated_46	175:3283	4	0.0	0.4999987	8.19858693820563	0	0	0	0		1	False	0
abau-SAMN11997570	GP_Isolated_44	169:3435	4	0.0	0.49999654000000004	4.247255723261357	GP_Isolated_47	179:3189	4	0.0	0.45655227	1.7767687345032621	0	0	0	0		1	False	0
abau-SAMN11997570	GP_Isolated_44	169:3435	4	0.0	0.49999654000000004	4.247255723261357	GP_Isolated_48	180:3118	4	0.0	0.40498376	1.5893334296237451	0	0	0	0		1	False	0
abau-SAMN11997570	GP_Isolated_44	169:3435	4	0.0	0.49999654000000004	4.247255723261357	GP_Isolated_49	184:2877	4	0.0	0.07340884000000003	0.25477961531980453	0	0	0	0		1	False	0
abau-SAMN11997570	GP_Isolated_44	169:3435	4	0.0	0.49999654000000004	4.247255723261357	GP_Isolated_50	193:2632	4	0.0	0.49999857000000003	6.944283960424642	0	0	0	0		1	False	0
abau-SAMN11997570	GP_Isolated_44	169:3435	4	0.0	0.49999654000000004	4.247255723261357	GP_Isolated_51	194:2629	4	0.0	0.006962899999999994	1.504748320935943	0	0	0	0		1	False	0
abau-SAMN11997570	GP_Isolated_44	169:3435	4	0.0	0.49999654000000004	4.247255723261357	GP_Isolated_52	200:2482	4	0.0	0.4994037	2.496003947906887	0	0	0	0		1	False	0
abau-SAMN11997570	GP_Isolated_44	169:3435	4	0.0	0.49999654000000004	4.247255723261357	GP_unb_4	201:2472	4	0.0	0.48582080000000005	92.25163091885126	0	0	0	0		1	False	0
abau-SAMN11997570	GP_Isolated_44	169:3435	4	0.0	0.49999654000000004	4.247255723261357	GP_unb_5	207:2365	4	0.0	0.17706615000000003	0.5505813533617391	0	0	0	0		1	False	0
abau-SAMN11997570	GP_Isolated_44	169:3435	4	0.0	0.49999654000000004	4.247255723261357	GP_Isolated_53	208:2339	4	0.0	0.37396929999999995	1.6160780915240365	0	0	0	0		1	False	0
abau-SAMN11997570	GP_Isolated_44	169:3435	4	0.0	0.49999654000000004	4.247255723261357	GP_Isolated_54	212:2192	4	0.0	0.49995670000000003	2.958468741725043	0	0	0	0		1	False	0
abau-SAMN11997570	GP_Isolated_44	169:3435	4	0.0	0.49999654000000004	4.247255723261357	GP_unb_6	217:2126	4	0.0	0.12310969999999999	0.8445270937146435	0	0	0	0		1	False	0
abau-SAMN11997570	GP_Isolated_44	169:3435	4	0.0	0.49999654000000004	4.247255723261357	GP_Isolated_55	220:2070	4	0.0	0.49999875000000005	6.719385667172192	0	0	0	0		1	False	0
abau-SAMN11997570	GP_Isolated_44	169:3435	4	0.0	0.49999654000000004	4.247255723261357	GP_Isolated_56	224:1987	4	0.0	0.49966469999999996	2.5793733901446765	0	0	0	0		1	False	0
abau-SAMN11997570	GP_Isolated_44	169:3435	4	0.0	0.49999654000000004	4.247255723261357	GP_Isolated_57	229:1833	4	0.0	0.19480030000000004	1.4968043619556584	0	0	0	0		1	False	0
abau-SAMN11997570	GP_Isolated_44	169:3435	4	0.0	0.49999654000000004	4.247255723261357	GP_Isolated_58	230:1819	4	0.0	0.49898010000000004	2.1407164006644037	0	0	0	0		1	False	0
abau-SAMN11997570	GP_Isolated_44	169:3435	4	0.0	0.49999654000000004	4.247255723261357	GP_Isolated_59	234:1611	4	0.0	0.49999607	4.6761512722370675	0	0	0	0		1	False	0
abau-SAMN11997570	GP_Isolated_44	169:3435	4	0.0	0.49999654000000004	4.247255723261357	GP_2	235:1574,249:762,250:616	4	-0.008126911518390956	0.76670491	0.4261018402203942	0	0	0	0		1	False	0
abau-SAMN11997570	GP_Isolated_44	169:3435	4	0.0	0.49999654000000004	4.247255723261357	GP_Isolated_60	236:1536	4	0.0	0.24603045	1.5082147757637034	0	0	0	0		1	False	0
abau-SAMN11997570	GP_Isolated_45	171:3358	4	0.0	0.06734925999999997	0.25885931970824005	GP_unb_3	172:3326	4	0.0	0.14425707	0.3960207987289666	0	0	0	0		1	False	0
abau-SAMN11997570	GP_Isolated_45	171:3358	4	0.0	0.06734925999999997	0.25885931970824005	GP_Isolated_46	175:3283	4	0.0	0.4999987	8.19858693820563	0	0	0	0		1	False	0
abau-SAMN11997570	GP_Isolated_45	171:3358	4	0.0	0.06734925999999997	0.25885931970824005	GP_Isolated_47	179:3189	4	0.0	0.45655227	1.7767687345032621	0	0	0	0		1	False	0
abau-SAMN11997570	GP_Isolated_45	171:3358	4	0.0	0.06734925999999997	0.25885931970824005	GP_Isolated_48	180:3118	4	0.0	0.40498376	1.5893334296237451	0	0	0	0		1	False	0
abau-SAMN11997570	GP_Isolated_45	171:3358	4	0.0	0.06734925999999997	0.25885931970824005	GP_Isolated_49	184:2877	4	0.0	0.07340884000000003	0.25477961531980453	0	0	0	0		1	False	0
abau-SAMN11997570	GP_Isolated_45	171:3358	4	0.0	0.06734925999999997	0.25885931970824005	GP_Isolated_50	193:2632	4	0.0	0.49999857000000003	6.944283960424642	0	0	0	0		1	False	0
abau-SAMN11997570	GP_Isolated_45	171:3358	4	0.0	0.06734925999999997	0.25885931970824005	GP_Isolated_51	194:2629	4	0.0	0.006962899999999994	1.504748320935943	0	0	0	0		1	False	0
abau-SAMN11997570	GP_Isolated_45	171:3358	4	0.0	0.06734925999999997	0.25885931970824005	GP_Isolated_52	200:2482	4	0.0	0.4994037	2.496003947906887	0	0	0	0		1	False	0
abau-SAMN11997570	GP_Isolated_45	171:3358	4	0.0	0.06734925999999997	0.25885931970824005	GP_unb_4	201:2472	4	0.0	0.48582080000000005	92.25163091885126	0	0	0	0		1	False	0
abau-SAMN11997570	GP_Isolated_45	171:3358	4	0.0	0.06734925999999997	0.25885931970824005	GP_unb_5	207:2365	4	0.0	0.17706615000000003	0.5505813533617391	0	0	0	0		1	False	0
abau-SAMN11997570	GP_Isolated_45	171:3358	4	0.0	0.06734925999999997	0.25885931970824005	GP_Isolated_53	208:2339	4	0.0	0.37396929999999995	1.6160780915240365	0	0	0	0		1	False	0
abau-SAMN11997570	GP_Isolated_45	171:3358	4	0.0	0.06734925999999997	0.25885931970824005	GP_Isolated_54	212:2192	4	0.0	0.49995670000000003	2.958468741725043	0	0	0	0		1	False	0
abau-SAMN11997570	GP_Isolated_45	171:3358	4	0.0	0.06734925999999997	0.25885931970824005	GP_unb_6	217:2126	4	0.0	0.12310969999999999	0.8445270937146435	0	0	0	0		1	False	0
abau-SAMN11997570	GP_Isolated_45	171:3358	4	0.0	0.06734925999999997	0.25885931970824005	GP_Isolated_55	220:2070	4	0.0	0.49999875000000005	6.719385667172192	0	0	0	0		1	False	0
abau-SAMN11997570	GP_Isolated_45	171:3358	4	0.0	0.06734925999999997	0.25885931970824005	GP_Isolated_56	224:1987	4	0.0	0.49966469999999996	2.5793733901446765	0	0	0	0		1	False	0
abau-SAMN11997570	GP_Isolated_45	171:3358	4	0.0	0.06734925999999997	0.25885931970824005	GP_Isolated_57	229:1833	4	0.0	0.19480030000000004	1.4968043619556584	0	0	0	0		1	False	0
abau-SAMN11997570	GP_Isolated_45	171:3358	4	0.0	0.06734925999999997	0.25885931970824005	GP_Isolated_58	230:1819	4	0.0	0.49898010000000004	2.1407164006644037	0	0	0	0		1	False	0
abau-SAMN11997570	GP_Isolated_45	171:3358	4	0.0	0.06734925999999997	0.25885931970824005	GP_Isolated_59	234:1611	4	0.0	0.49999607	4.6761512722370675	0	0	0	0		1	False	0
abau-SAMN11997570	GP_Isolated_45	171:3358	4	0.0	0.06734925999999997	0.25885931970824005	GP_2	235:1574,249:762,250:616	4	-0.008126911518390956	0.76670491	0.4261018402203942	0	0	0	0		1	False	0
abau-SAMN11997570	GP_Isolated_45	171:3358	4	0.0	0.06734925999999997	0.25885931970824005	GP_Isolated_60	236:1536	4	0.0	0.24603045	1.5082147757637034	0	0	0	0		1	False	0
abau-SAMN11997570	GP_unb_3	172:3326	4	0.0	0.14425707	0.3960207987289666	GP_Isolated_46	175:3283	4	0.0	0.4999987	8.19858693820563	0	0	0	0		1	False	0
abau-SAMN11997570	GP_unb_3	172:3326	4	0.0	0.14425707	0.3960207987289666	GP_Isolated_47	179:3189	4	0.0	0.45655227	1.7767687345032621	0	0	0	0		1	False	0
abau-SAMN11997570	GP_unb_3	172:3326	4	0.0	0.14425707	0.3960207987289666	GP_Isolated_48	180:3118	4	0.0	0.40498376	1.5893334296237451	0	0	0	0		1	False	0
abau-SAMN11997570	GP_unb_3	172:3326	4	0.0	0.14425707	0.3960207987289666	GP_Isolated_49	184:2877	4	0.0	0.07340884000000003	0.25477961531980453	0	0	0	0		1	False	0
abau-SAMN11997570	GP_unb_3	172:3326	4	0.0	0.14425707	0.3960207987289666	GP_Isolated_50	193:2632	4	0.0	0.49999857000000003	6.944283960424642	0	0	0	0		1	False	0
abau-SAMN11997570	GP_unb_3	172:3326	4	0.0	0.14425707	0.3960207987289666	GP_Isolated_51	194:2629	4	0.0	0.006962899999999994	1.504748320935943	0	0	0	0		1	False	0
abau-SAMN11997570	GP_unb_3	172:3326	4	0.0	0.14425707	0.3960207987289666	GP_Isolated_52	200:2482	4	0.0	0.4994037	2.496003947906887	0	0	0	0		1	False	0
abau-SAMN11997570	GP_unb_3	172:3326	4	0.0	0.14425707	0.3960207987289666	GP_unb_4	201:2472	4	0.0	0.48582080000000005	92.25163091885126	4	0.0	1.49806801	0.3960207987292961	88:6618,226:1942	0	False	0
abau-SAMN11997570	GP_unb_3	172:3326	4	0.0	0.14425707	0.3960207987289666	GP_unb_5	207:2365	4	0.0	0.17706615000000003	0.5505813533617391	4	0.0	0.75105912	0.3960207987292961	88:6618	0	False	0
abau-SAMN11997570	GP_unb_3	172:3326	4	0.0	0.14425707	0.3960207987289666	GP_Isolated_53	208:2339	4	0.0	0.37396929999999995	1.6160780915240365	0	0	0	0		1	False	0
abau-SAMN11997570	GP_unb_3	172:3326	4	0.0	0.14425707	0.3960207987289666	GP_Isolated_54	212:2192	4	0.0	0.49995670000000003	2.958468741725043	0	0	0	0		1	False	0
abau-SAMN11997570	GP_unb_3	172:3326	4	0.0	0.14425707	0.3960207987289666	GP_unb_6	217:2126	4	0.0	0.12310969999999999	0.8445270937146435	0	0	0	0		1	False	0
abau-SAMN11997570	GP_unb_3	172:3326	4	0.0	0.14425707	0.3960207987289666	GP_Isolated_55	220:2070	4	0.0	0.49999875000000005	6.719385667172192	0	0	0	0		1	False	0
abau-SAMN11997570	GP_unb_3	172:3326	4	0.0	0.14425707	0.3960207987289666	GP_Isolated_56	224:1987	4	0.0	0.49966469999999996	2.5793733901446765	0	0	0	0		1	False	0
abau-SAMN11997570	GP_unb_3	172:3326	4	0.0	0.14425707	0.3960207987289666	GP_Isolated_57	229:1833	4	0.0	0.19480030000000004	1.4968043619556584	0	0	0	0		1	False	0
abau-SAMN11997570	GP_unb_3	172:3326	4	0.0	0.14425707	0.3960207987289666	GP_Isolated_58	230:1819	4	0.0	0.49898010000000004	2.1407164006644037	0	0	0	0		1	False	0
abau-SAMN11997570	GP_unb_3	172:3326	4	0.0	0.14425707	0.3960207987289666	GP_Isolated_59	234:1611	4	0.0	0.49999607	4.6761512722370675	0	0	0	0		1	False	0
abau-SAMN11997570	GP_unb_3	172:3326	4	0.0	0.14425707	0.3960207987289666	GP_2	235:1574,249:762,250:616	4	-0.008126911518390956	0.76670491	0.4261018402203942	0	0	0	0		1	False	0
abau-SAMN11997570	GP_unb_3	172:3326	4	0.0	0.14425707	0.3960207987289666	GP_Isolated_60	236:1536	4	0.0	0.24603045	1.5082147757637034	0	0	0	0		1	False	0
abau-SAMN11997570	GP_Isolated_46	175:3283	4	0.0	0.4999987	8.19858693820563	GP_Isolated_47	179:3189	4	0.0	0.45655227	1.7767687345032621	0	0	0	0		1	False	0
abau-SAMN11997570	GP_Isolated_46	175:3283	4	0.0	0.4999987	8.19858693820563	GP_Isolated_48	180:3118	4	0.0	0.40498376	1.5893334296237451	0	0	0	0		1	False	0
abau-SAMN11997570	GP_Isolated_46	175:3283	4	0.0	0.4999987	8.19858693820563	GP_Isolated_49	184:2877	4	0.0	0.07340884000000003	0.25477961531980453	0	0	0	0		1	False	0
abau-SAMN11997570	GP_Isolated_46	175:3283	4	0.0	0.4999987	8.19858693820563	GP_Isolated_50	193:2632	4	0.0	0.49999857000000003	6.944283960424642	0	0	0	0		1	False	0
abau-SAMN11997570	GP_Isolated_46	175:3283	4	0.0	0.4999987	8.19858693820563	GP_Isolated_51	194:2629	4	0.0	0.006962899999999994	1.504748320935943	0	0	0	0		1	False	0
abau-SAMN11997570	GP_Isolated_46	175:3283	4	0.0	0.4999987	8.19858693820563	GP_Isolated_52	200:2482	4	0.0	0.4994037	2.496003947906887	0	0	0	0		1	False	0
abau-SAMN11997570	GP_Isolated_46	175:3283	4	0.0	0.4999987	8.19858693820563	GP_unb_4	201:2472	4	0.0	0.48582080000000005	92.25163091885126	0	0	0	0		1	False	0
abau-SAMN11997570	GP_Isolated_46	175:3283	4	0.0	0.4999987	8.19858693820563	GP_unb_5	207:2365	4	0.0	0.17706615000000003	0.5505813533617391	0	0	0	0		1	False	0
abau-SAMN11997570	GP_Isolated_46	175:3283	4	0.0	0.4999987	8.19858693820563	GP_Isolated_53	208:2339	4	0.0	0.37396929999999995	1.6160780915240365	0	0	0	0		1	False	0
abau-SAMN11997570	GP_Isolated_46	175:3283	4	0.0	0.4999987	8.19858693820563	GP_Isolated_54	212:2192	4	0.0	0.49995670000000003	2.958468741725043	0	0	0	0		1	False	0
abau-SAMN11997570	GP_Isolated_46	175:3283	4	0.0	0.4999987	8.19858693820563	GP_unb_6	217:2126	4	0.0	0.12310969999999999	0.8445270937146435	0	0	0	0		1	False	0
abau-SAMN11997570	GP_Isolated_46	175:3283	4	0.0	0.4999987	8.19858693820563	GP_Isolated_55	220:2070	4	0.0	0.49999875000000005	6.719385667172192	0	0	0	0		1	False	0
abau-SAMN11997570	GP_Isolated_46	175:3283	4	0.0	0.4999987	8.19858693820563	GP_Isolated_56	224:1987	4	0.0	0.49966469999999996	2.5793733901446765	0	0	0	0		1	False	0
abau-SAMN11997570	GP_Isolated_46	175:3283	4	0.0	0.4999987	8.19858693820563	GP_Isolated_57	229:1833	4	0.0	0.19480030000000004	1.4968043619556584	0	0	0	0		1	False	0
abau-SAMN11997570	GP_Isolated_46	175:3283	4	0.0	0.4999987	8.19858693820563	GP_Isolated_58	230:1819	4	0.0	0.49898010000000004	2.1407164006644037	0	0	0	0		1	False	0
abau-SAMN11997570	GP_Isolated_46	175:3283	4	0.0	0.4999987	8.19858693820563	GP_Isolated_59	234:1611	4	0.0	0.49999607	4.6761512722370675	0	0	0	0		1	False	0
abau-SAMN11997570	GP_Isolated_46	175:3283	4	0.0	0.4999987	8.19858693820563	GP_2	235:1574,249:762,250:616	4	-0.008126911518390956	0.76670491	0.4261018402203942	0	0	0	0		1	False	0
abau-SAMN11997570	GP_Isolated_46	175:3283	4	0.0	0.4999987	8.19858693820563	GP_Isolated_60	236:1536	4	0.0	0.24603045	1.5082147757637034	0	0	0	0		1	False	0
abau-SAMN11997570	GP_Isolated_47	179:3189	4	0.0	0.45655227	1.7767687345032621	GP_Isolated_48	180:3118	4	0.0	0.40498376	1.5893334296237451	0	0	0	0		1	False	0
abau-SAMN11997570	GP_Isolated_47	179:3189	4	0.0	0.45655227	1.7767687345032621	GP_Isolated_49	184:2877	4	0.0	0.07340884000000003	0.25477961531980453	0	0	0	0		1	False	0
abau-SAMN11997570	GP_Isolated_47	179:3189	4	0.0	0.45655227	1.7767687345032621	GP_Isolated_50	193:2632	4	0.0	0.49999857000000003	6.944283960424642	0	0	0	0		1	False	0
abau-SAMN11997570	GP_Isolated_47	179:3189	4	0.0	0.45655227	1.7767687345032621	GP_Isolated_51	194:2629	4	0.0	0.006962899999999994	1.504748320935943	0	0	0	0		1	False	0
abau-SAMN11997570	GP_Isolated_47	179:3189	4	0.0	0.45655227	1.7767687345032621	GP_Isolated_52	200:2482	4	0.0	0.4994037	2.496003947906887	0	0	0	0		1	False	0
abau-SAMN11997570	GP_Isolated_47	179:3189	4	0.0	0.45655227	1.7767687345032621	GP_unb_4	201:2472	4	0.0	0.48582080000000005	92.25163091885126	0	0	0	0		1	False	0
abau-SAMN11997570	GP_Isolated_47	179:3189	4	0.0	0.45655227	1.7767687345032621	GP_unb_5	207:2365	4	0.0	0.17706615000000003	0.5505813533617391	0	0	0	0		1	False	0
abau-SAMN11997570	GP_Isolated_47	179:3189	4	0.0	0.45655227	1.7767687345032621	GP_Isolated_53	208:2339	4	0.0	0.37396929999999995	1.6160780915240365	0	0	0	0		1	False	0
abau-SAMN11997570	GP_Isolated_47	179:3189	4	0.0	0.45655227	1.7767687345032621	GP_Isolated_54	212:2192	4	0.0	0.49995670000000003	2.958468741725043	0	0	0	0		1	False	0
abau-SAMN11997570	GP_Isolated_47	179:3189	4	0.0	0.45655227	1.7767687345032621	GP_unb_6	217:2126	4	0.0	0.12310969999999999	0.8445270937146435	0	0	0	0		1	False	0
abau-SAMN11997570	GP_Isolated_47	179:3189	4	0.0	0.45655227	1.7767687345032621	GP_Isolated_55	220:2070	4	0.0	0.49999875000000005	6.719385667172192	0	0	0	0		1	False	0
abau-SAMN11997570	GP_Isolated_47	179:3189	4	0.0	0.45655227	1.7767687345032621	GP_Isolated_56	224:1987	4	0.0	0.49966469999999996	2.5793733901446765	0	0	0	0		1	False	0
abau-SAMN11997570	GP_Isolated_47	179:3189	4	0.0	0.45655227	1.7767687345032621	GP_Isolated_57	229:1833	4	0.0	0.19480030000000004	1.4968043619556584	0	0	0	0		1	False	0
abau-SAMN11997570	GP_Isolated_47	179:3189	4	0.0	0.45655227	1.7767687345032621	GP_Isolated_58	230:1819	4	0.0	0.49898010000000004	2.1407164006644037	0	0	0	0		1	False	0
abau-SAMN11997570	GP_Isolated_47	179:3189	4	0.0	0.45655227	1.7767687345032621	GP_Isolated_59	234:1611	4	0.0	0.49999607	4.6761512722370675	0	0	0	0		1	False	0
abau-SAMN11997570	GP_Isolated_47	179:3189	4	0.0	0.45655227	1.7767687345032621	GP_2	235:1574,249:762,250:616	4	-0.008126911518390956	0.76670491	0.4261018402203942	0	0	0	0		1	False	0
abau-SAMN11997570	GP_Isolated_47	179:3189	4	0.0	0.45655227	1.7767687345032621	GP_Isolated_60	236:1536	4	0.0	0.24603045	1.5082147757637034	0	0	0	0		1	False	0
abau-SAMN11997570	GP_Isolated_48	180:3118	4	0.0	0.40498376	1.5893334296237451	GP_Isolated_49	184:2877	4	0.0	0.07340884000000003	0.25477961531980453	0	0	0	0		1	False	0
abau-SAMN11997570	GP_Isolated_48	180:3118	4	0.0	0.40498376	1.5893334296237451	GP_Isolated_50	193:2632	4	0.0	0.49999857000000003	6.944283960424642	0	0	0	0		1	False	0
abau-SAMN11997570	GP_Isolated_48	180:3118	4	0.0	0.40498376	1.5893334296237451	GP_Isolated_51	194:2629	4	0.0	0.006962899999999994	1.504748320935943	0	0	0	0		1	False	0
abau-SAMN11997570	GP_Isolated_48	180:3118	4	0.0	0.40498376	1.5893334296237451	GP_Isolated_52	200:2482	4	0.0	0.4994037	2.496003947906887	0	0	0	0		1	False	0
abau-SAMN11997570	GP_Isolated_48	180:3118	4	0.0	0.40498376	1.5893334296237451	GP_unb_4	201:2472	4	0.0	0.48582080000000005	92.25163091885126	0	0	0	0		1	False	0
abau-SAMN11997570	GP_Isolated_48	180:3118	4	0.0	0.40498376	1.5893334296237451	GP_unb_5	207:2365	4	0.0	0.17706615000000003	0.5505813533617391	0	0	0	0		1	False	0
abau-SAMN11997570	GP_Isolated_48	180:3118	4	0.0	0.40498376	1.5893334296237451	GP_Isolated_53	208:2339	4	0.0	0.37396929999999995	1.6160780915240365	0	0	0	0		1	False	0
abau-SAMN11997570	GP_Isolated_48	180:3118	4	0.0	0.40498376	1.5893334296237451	GP_Isolated_54	212:2192	4	0.0	0.49995670000000003	2.958468741725043	0	0	0	0		1	False	0
abau-SAMN11997570	GP_Isolated_48	180:3118	4	0.0	0.40498376	1.5893334296237451	GP_unb_6	217:2126	4	0.0	0.12310969999999999	0.8445270937146435	0	0	0	0		1	False	0
abau-SAMN11997570	GP_Isolated_48	180:3118	4	0.0	0.40498376	1.5893334296237451	GP_Isolated_55	220:2070	4	0.0	0.49999875000000005	6.719385667172192	0	0	0	0		1	False	0
abau-SAMN11997570	GP_Isolated_48	180:3118	4	0.0	0.40498376	1.5893334296237451	GP_Isolated_56	224:1987	4	0.0	0.49966469999999996	2.5793733901446765	0	0	0	0		1	False	0
abau-SAMN11997570	GP_Isolated_48	180:3118	4	0.0	0.40498376	1.5893334296237451	GP_Isolated_57	229:1833	4	0.0	0.19480030000000004	1.4968043619556584	0	0	0	0		1	False	0
abau-SAMN11997570	GP_Isolated_48	180:3118	4	0.0	0.40498376	1.5893334296237451	GP_Isolated_58	230:1819	4	0.0	0.49898010000000004	2.1407164006644037	0	0	0	0		1	False	0
abau-SAMN11997570	GP_Isolated_48	180:3118	4	0.0	0.40498376	1.5893334296237451	GP_Isolated_59	234:1611	4	0.0	0.49999607	4.6761512722370675	0	0	0	0		1	False	0
abau-SAMN11997570	GP_Isolated_48	180:3118	4	0.0	0.40498376	1.5893334296237451	GP_2	235:1574,249:762,250:616	4	-0.008126911518390956	0.76670491	0.4261018402203942	0	0	0	0		1	False	0
abau-SAMN11997570	GP_Isolated_48	180:3118	4	0.0	0.40498376	1.5893334296237451	GP_Isolated_60	236:1536	4	0.0	0.24603045	1.5082147757637034	0	0	0	0		1	False	0
abau-SAMN11997570	GP_Isolated_49	184:2877	4	0.0	0.07340884000000003	0.25477961531980453	GP_Isolated_50	193:2632	4	0.0	0.49999857000000003	6.944283960424642	0	0	0	0		1	False	0
abau-SAMN11997570	GP_Isolated_49	184:2877	4	0.0	0.07340884000000003	0.25477961531980453	GP_Isolated_51	194:2629	4	0.0	0.006962899999999994	1.504748320935943	0	0	0	0		1	False	0
abau-SAMN11997570	GP_Isolated_49	184:2877	4	0.0	0.07340884000000003	0.25477961531980453	GP_Isolated_52	200:2482	4	0.0	0.4994037	2.496003947906887	0	0	0	0		1	False	0
abau-SAMN11997570	GP_Isolated_49	184:2877	4	0.0	0.07340884000000003	0.25477961531980453	GP_unb_4	201:2472	4	0.0	0.48582080000000005	92.25163091885126	0	0	0	0		1	False	0
abau-SAMN11997570	GP_Isolated_49	184:2877	4	0.0	0.07340884000000003	0.25477961531980453	GP_unb_5	207:2365	4	0.0	0.17706615000000003	0.5505813533617391	0	0	0	0		1	False	0
abau-SAMN11997570	GP_Isolated_49	184:2877	4	0.0	0.07340884000000003	0.25477961531980453	GP_Isolated_53	208:2339	4	0.0	0.37396929999999995	1.6160780915240365	0	0	0	0		1	False	0
abau-SAMN11997570	GP_Isolated_49	184:2877	4	0.0	0.07340884000000003	0.25477961531980453	GP_Isolated_54	212:2192	4	0.0	0.49995670000000003	2.958468741725043	0	0	0	0		1	False	0
abau-SAMN11997570	GP_Isolated_49	184:2877	4	0.0	0.07340884000000003	0.25477961531980453	GP_unb_6	217:2126	4	0.0	0.12310969999999999	0.8445270937146435	0	0	0	0		1	False	0
abau-SAMN11997570	GP_Isolated_49	184:2877	4	0.0	0.07340884000000003	0.25477961531980453	GP_Isolated_55	220:2070	4	0.0	0.49999875000000005	6.719385667172192	0	0	0	0		1	False	0
abau-SAMN11997570	GP_Isolated_49	184:2877	4	0.0	0.07340884000000003	0.25477961531980453	GP_Isolated_56	224:1987	4	0.0	0.49966469999999996	2.5793733901446765	0	0	0	0		1	False	0
abau-SAMN11997570	GP_Isolated_49	184:2877	4	0.0	0.07340884000000003	0.25477961531980453	GP_Isolated_57	229:1833	4	0.0	0.19480030000000004	1.4968043619556584	0	0	0	0		1	False	0
abau-SAMN11997570	GP_Isolated_49	184:2877	4	0.0	0.07340884000000003	0.25477961531980453	GP_Isolated_58	230:1819	4	0.0	0.49898010000000004	2.1407164006644037	0	0	0	0		1	False	0
abau-SAMN11997570	GP_Isolated_49	184:2877	4	0.0	0.07340884000000003	0.25477961531980453	GP_Isolated_59	234:1611	4	0.0	0.49999607	4.6761512722370675	0	0	0	0		1	False	0
abau-SAMN11997570	GP_Isolated_49	184:2877	4	0.0	0.07340884000000003	0.25477961531980453	GP_2	235:1574,249:762,250:616	4	-0.008126911518390956	0.76670491	0.4261018402203942	0	0	0	0		1	False	0
abau-SAMN11997570	GP_Isolated_49	184:2877	4	0.0	0.07340884000000003	0.25477961531980453	GP_Isolated_60	236:1536	4	0.0	0.24603045	1.5082147757637034	0	0	0	0		1	False	0
abau-SAMN11997570	GP_Isolated_50	193:2632	4	0.0	0.49999857000000003	6.944283960424642	GP_Isolated_51	194:2629	4	0.0	0.006962899999999994	1.504748320935943	0	0	0	0		1	False	0
abau-SAMN11997570	GP_Isolated_50	193:2632	4	0.0	0.49999857000000003	6.944283960424642	GP_Isolated_52	200:2482	4	0.0	0.4994037	2.496003947906887	0	0	0	0		1	False	0
abau-SAMN11997570	GP_Isolated_50	193:2632	4	0.0	0.49999857000000003	6.944283960424642	GP_unb_4	201:2472	4	0.0	0.48582080000000005	92.25163091885126	0	0	0	0		1	False	0
abau-SAMN11997570	GP_Isolated_50	193:2632	4	0.0	0.49999857000000003	6.944283960424642	GP_unb_5	207:2365	4	0.0	0.17706615000000003	0.5505813533617391	0	0	0	0		1	False	0
abau-SAMN11997570	GP_Isolated_50	193:2632	4	0.0	0.49999857000000003	6.944283960424642	GP_Isolated_53	208:2339	4	0.0	0.37396929999999995	1.6160780915240365	0	0	0	0		1	False	0
abau-SAMN11997570	GP_Isolated_50	193:2632	4	0.0	0.49999857000000003	6.944283960424642	GP_Isolated_54	212:2192	4	0.0	0.49995670000000003	2.958468741725043	0	0	0	0		1	False	0
abau-SAMN11997570	GP_Isolated_50	193:2632	4	0.0	0.49999857000000003	6.944283960424642	GP_unb_6	217:2126	4	0.0	0.12310969999999999	0.8445270937146435	0	0	0	0		1	False	0
abau-SAMN11997570	GP_Isolated_50	193:2632	4	0.0	0.49999857000000003	6.944283960424642	GP_Isolated_55	220:2070	4	0.0	0.49999875000000005	6.719385667172192	0	0	0	0		1	False	0
abau-SAMN11997570	GP_Isolated_50	193:2632	4	0.0	0.49999857000000003	6.944283960424642	GP_Isolated_56	224:1987	4	0.0	0.49966469999999996	2.5793733901446765	0	0	0	0		1	False	0
abau-SAMN11997570	GP_Isolated_50	193:2632	4	0.0	0.49999857000000003	6.944283960424642	GP_Isolated_57	229:1833	4	0.0	0.19480030000000004	1.4968043619556584	0	0	0	0		1	False	0
abau-SAMN11997570	GP_Isolated_50	193:2632	4	0.0	0.49999857000000003	6.944283960424642	GP_Isolated_58	230:1819	4	0.0	0.49898010000000004	2.1407164006644037	0	0	0	0		1	False	0
abau-SAMN11997570	GP_Isolated_50	193:2632	4	0.0	0.49999857000000003	6.944283960424642	GP_Isolated_59	234:1611	4	0.0	0.49999607	4.6761512722370675	0	0	0	0		1	False	0
abau-SAMN11997570	GP_Isolated_50	193:2632	4	0.0	0.49999857000000003	6.944283960424642	GP_2	235:1574,249:762,250:616	4	-0.008126911518390956	0.76670491	0.4261018402203942	0	0	0	0		1	False	0
abau-SAMN11997570	GP_Isolated_50	193:2632	4	0.0	0.49999857000000003	6.944283960424642	GP_Isolated_60	236:1536	4	0.0	0.24603045	1.5082147757637034	0	0	0	0		1	False	0
abau-SAMN11997570	GP_Isolated_51	194:2629	4	0.0	0.006962899999999994	1.504748320935943	GP_Isolated_52	200:2482	4	0.0	0.4994037	2.496003947906887	0	0	0	0		1	False	0
abau-SAMN11997570	GP_Isolated_51	194:2629	4	0.0	0.006962899999999994	1.504748320935943	GP_unb_4	201:2472	4	0.0	0.48582080000000005	92.25163091885126	0	0	0	0		1	False	0
abau-SAMN11997570	GP_Isolated_51	194:2629	4	0.0	0.006962899999999994	1.504748320935943	GP_unb_5	207:2365	4	0.0	0.17706615000000003	0.5505813533617391	0	0	0	0		1	False	0
abau-SAMN11997570	GP_Isolated_51	194:2629	4	0.0	0.006962899999999994	1.504748320935943	GP_Isolated_53	208:2339	4	0.0	0.37396929999999995	1.6160780915240365	0	0	0	0		1	False	0
abau-SAMN11997570	GP_Isolated_51	194:2629	4	0.0	0.006962899999999994	1.504748320935943	GP_Isolated_54	212:2192	4	0.0	0.49995670000000003	2.958468741725043	0	0	0	0		1	False	0
abau-SAMN11997570	GP_Isolated_51	194:2629	4	0.0	0.006962899999999994	1.504748320935943	GP_unb_6	217:2126	4	0.0	0.12310969999999999	0.8445270937146435	0	0	0	0		1	False	0
abau-SAMN11997570	GP_Isolated_51	194:2629	4	0.0	0.006962899999999994	1.504748320935943	GP_Isolated_55	220:2070	4	0.0	0.49999875000000005	6.719385667172192	0	0	0	0		1	False	0
abau-SAMN11997570	GP_Isolated_51	194:2629	4	0.0	0.006962899999999994	1.504748320935943	GP_Isolated_56	224:1987	4	0.0	0.49966469999999996	2.5793733901446765	0	0	0	0		1	False	0
abau-SAMN11997570	GP_Isolated_51	194:2629	4	0.0	0.006962899999999994	1.504748320935943	GP_Isolated_57	229:1833	4	0.0	0.19480030000000004	1.4968043619556584	0	0	0	0		1	False	0
abau-SAMN11997570	GP_Isolated_51	194:2629	4	0.0	0.006962899999999994	1.504748320935943	GP_Isolated_58	230:1819	4	0.0	0.49898010000000004	2.1407164006644037	0	0	0	0		1	False	0
abau-SAMN11997570	GP_Isolated_51	194:2629	4	0.0	0.006962899999999994	1.504748320935943	GP_Isolated_59	234:1611	4	0.0	0.49999607	4.6761512722370675	0	0	0	0		1	False	0
abau-SAMN11997570	GP_Isolated_51	194:2629	4	0.0	0.006962899999999994	1.504748320935943	GP_2	235:1574,249:762,250:616	4	-0.008126911518390956	0.76670491	0.4261018402203942	0	0	0	0		1	False	0
abau-SAMN11997570	GP_Isolated_51	194:2629	4	0.0	0.006962899999999994	1.504748320935943	GP_Isolated_60	236:1536	4	0.0	0.24603045	1.5082147757637034	0	0	0	0		1	False	0
abau-SAMN11997570	GP_Isolated_52	200:2482	4	0.0	0.4994037	2.496003947906887	GP_unb_4	201:2472	4	0.0	0.48582080000000005	92.25163091885126	0	0	0	0		1	False	0
abau-SAMN11997570	GP_Isolated_52	200:2482	4	0.0	0.4994037	2.496003947906887	GP_unb_5	207:2365	4	0.0	0.17706615000000003	0.5505813533617391	0	0	0	0		1	False	0
abau-SAMN11997570	GP_Isolated_52	200:2482	4	0.0	0.4994037	2.496003947906887	GP_Isolated_53	208:2339	4	0.0	0.37396929999999995	1.6160780915240365	0	0	0	0		1	False	0
abau-SAMN11997570	GP_Isolated_52	200:2482	4	0.0	0.4994037	2.496003947906887	GP_Isolated_54	212:2192	4	0.0	0.49995670000000003	2.958468741725043	0	0	0	0		1	False	0
abau-SAMN11997570	GP_Isolated_52	200:2482	4	0.0	0.4994037	2.496003947906887	GP_unb_6	217:2126	4	0.0	0.12310969999999999	0.8445270937146435	0	0	0	0		1	False	0
abau-SAMN11997570	GP_Isolated_52	200:2482	4	0.0	0.4994037	2.496003947906887	GP_Isolated_55	220:2070	4	0.0	0.49999875000000005	6.719385667172192	0	0	0	0		1	False	0
abau-SAMN11997570	GP_Isolated_52	200:2482	4	0.0	0.4994037	2.496003947906887	GP_Isolated_56	224:1987	4	0.0	0.49966469999999996	2.5793733901446765	0	0	0	0		1	False	0
abau-SAMN11997570	GP_Isolated_52	200:2482	4	0.0	0.4994037	2.496003947906887	GP_Isolated_57	229:1833	4	0.0	0.19480030000000004	1.4968043619556584	0	0	0	0		1	False	0
abau-SAMN11997570	GP_Isolated_52	200:2482	4	0.0	0.4994037	2.496003947906887	GP_Isolated_58	230:1819	4	0.0	0.49898010000000004	2.1407164006644037	0	0	0	0		1	False	0
abau-SAMN11997570	GP_Isolated_52	200:2482	4	0.0	0.4994037	2.496003947906887	GP_Isolated_59	234:1611	4	0.0	0.49999607	4.6761512722370675	0	0	0	0		1	False	0
abau-SAMN11997570	GP_Isolated_52	200:2482	4	0.0	0.4994037	2.496003947906887	GP_2	235:1574,249:762,250:616	4	-0.008126911518390956	0.76670491	0.4261018402203942	0	0	0	0		1	False	0
abau-SAMN11997570	GP_Isolated_52	200:2482	4	0.0	0.4994037	2.496003947906887	GP_Isolated_60	236:1536	4	0.0	0.24603045	1.5082147757637034	0	0	0	0		1	False	0
abau-SAMN11997570	GP_unb_4	201:2472	4	0.0	0.48582080000000005	92.25163091885126	GP_unb_5	207:2365	4	0.0	0.17706615000000003	0.5505813533617391	4	0.0	1.5308770900000002	0.5505813533618493	88:6618,226:1942	0	False	0
abau-SAMN11997570	GP_unb_4	201:2472	4	0.0	0.48582080000000005	92.25163091885126	GP_Isolated_53	208:2339	4	0.0	0.37396929999999995	1.6160780915240365	0	0	0	0		1	False	0
abau-SAMN11997570	GP_unb_4	201:2472	4	0.0	0.48582080000000005	92.25163091885126	GP_Isolated_54	212:2192	4	0.0	0.49995670000000003	2.958468741725043	0	0	0	0		1	False	0
abau-SAMN11997570	GP_unb_4	201:2472	4	0.0	0.48582080000000005	92.25163091885126	GP_unb_6	217:2126	4	0.0	0.12310969999999999	0.8445270937146435	0	0	0	0		1	False	0
abau-SAMN11997570	GP_unb_4	201:2472	4	0.0	0.48582080000000005	92.25163091885126	GP_Isolated_55	220:2070	4	0.0	0.49999875000000005	6.719385667172192	0	0	0	0		1	False	0
abau-SAMN11997570	GP_unb_4	201:2472	4	0.0	0.48582080000000005	92.25163091885126	GP_Isolated_56	224:1987	4	0.0	0.49966469999999996	2.5793733901446765	0	0	0	0		1	False	0
abau-SAMN11997570	GP_unb_4	201:2472	4	0.0	0.48582080000000005	92.25163091885126	GP_Isolated_57	229:1833	4	0.0	0.19480030000000004	1.4968043619556584	0	0	0	0		1	False	0
abau-SAMN11997570	GP_unb_4	201:2472	4	0.0	0.48582080000000005	92.25163091885126	GP_Isolated_58	230:1819	4	0.0	0.49898010000000004	2.1407164006644037	0	0	0	0		1	False	0
abau-SAMN11997570	GP_unb_4	201:2472	4	0.0	0.48582080000000005	92.25163091885126	GP_Isolated_59	234:1611	4	0.0	0.49999607	4.6761512722370675	0	0	0	0		1	False	0
abau-SAMN11997570	GP_unb_4	201:2472	4	0.0	0.48582080000000005	92.25163091885126	GP_2	235:1574,249:762,250:616	4	-0.008126911518390956	0.76670491	0.4261018402203942	0	0	0	0		1	False	0
abau-SAMN11997570	GP_unb_4	201:2472	4	0.0	0.48582080000000005	92.25163091885126	GP_Isolated_60	236:1536	4	0.0	0.24603045	1.5082147757637034	0	0	0	0		1	False	0
abau-SAMN11997570	GP_unb_5	207:2365	4	0.0	0.17706615000000003	0.5505813533617391	GP_Isolated_53	208:2339	4	0.0	0.37396929999999995	1.6160780915240365	0	0	0	0		1	False	0
abau-SAMN11997570	GP_unb_5	207:2365	4	0.0	0.17706615000000003	0.5505813533617391	GP_Isolated_54	212:2192	4	0.0	0.49995670000000003	2.958468741725043	0	0	0	0		1	False	0
abau-SAMN11997570	GP_unb_5	207:2365	4	0.0	0.17706615000000003	0.5505813533617391	GP_unb_6	217:2126	4	0.0	0.12310969999999999	0.8445270937146435	0	0	0	0		1	False	0
abau-SAMN11997570	GP_unb_5	207:2365	4	0.0	0.17706615000000003	0.5505813533617391	GP_Isolated_55	220:2070	4	0.0	0.49999875000000005	6.719385667172192	0	0	0	0		1	False	0
abau-SAMN11997570	GP_unb_5	207:2365	4	0.0	0.17706615000000003	0.5505813533617391	GP_Isolated_56	224:1987	4	0.0	0.49966469999999996	2.5793733901446765	0	0	0	0		1	False	0
abau-SAMN11997570	GP_unb_5	207:2365	4	0.0	0.17706615000000003	0.5505813533617391	GP_Isolated_57	229:1833	4	0.0	0.19480030000000004	1.4968043619556584	0	0	0	0		1	False	0
abau-SAMN11997570	GP_unb_5	207:2365	4	0.0	0.17706615000000003	0.5505813533617391	GP_Isolated_58	230:1819	4	0.0	0.49898010000000004	2.1407164006644037	0	0	0	0		1	False	0
abau-SAMN11997570	GP_unb_5	207:2365	4	0.0	0.17706615000000003	0.5505813533617391	GP_Isolated_59	234:1611	4	0.0	0.49999607	4.6761512722370675	0	0	0	0		1	False	0
abau-SAMN11997570	GP_unb_5	207:2365	4	0.0	0.17706615000000003	0.5505813533617391	GP_2	235:1574,249:762,250:616	4	-0.008126911518390956	0.76670491	0.4261018402203942	0	0	0	0		1	False	0
abau-SAMN11997570	GP_unb_5	207:2365	4	0.0	0.17706615000000003	0.5505813533617391	GP_Isolated_60	236:1536	4	0.0	0.24603045	1.5082147757637034	0	0	0	0		1	False	0
abau-SAMN11997570	GP_Isolated_53	208:2339	4	0.0	0.37396929999999995	1.6160780915240365	GP_Isolated_54	212:2192	4	0.0	0.49995670000000003	2.958468741725043	0	0	0	0		1	False	0
abau-SAMN11997570	GP_Isolated_53	208:2339	4	0.0	0.37396929999999995	1.6160780915240365	GP_unb_6	217:2126	4	0.0	0.12310969999999999	0.8445270937146435	0	0	0	0		1	False	0
abau-SAMN11997570	GP_Isolated_53	208:2339	4	0.0	0.37396929999999995	1.6160780915240365	GP_Isolated_55	220:2070	4	0.0	0.49999875000000005	6.719385667172192	0	0	0	0		1	False	0
abau-SAMN11997570	GP_Isolated_53	208:2339	4	0.0	0.37396929999999995	1.6160780915240365	GP_Isolated_56	224:1987	4	0.0	0.49966469999999996	2.5793733901446765	0	0	0	0		1	False	0
abau-SAMN11997570	GP_Isolated_53	208:2339	4	0.0	0.37396929999999995	1.6160780915240365	GP_Isolated_57	229:1833	4	0.0	0.19480030000000004	1.4968043619556584	0	0	0	0		1	False	0
abau-SAMN11997570	GP_Isolated_53	208:2339	4	0.0	0.37396929999999995	1.6160780915240365	GP_Isolated_58	230:1819	4	0.0	0.49898010000000004	2.1407164006644037	0	0	0	0		1	False	0
abau-SAMN11997570	GP_Isolated_53	208:2339	4	0.0	0.37396929999999995	1.6160780915240365	GP_Isolated_59	234:1611	4	0.0	0.49999607	4.6761512722370675	0	0	0	0		1	False	0
abau-SAMN11997570	GP_Isolated_53	208:2339	4	0.0	0.37396929999999995	1.6160780915240365	GP_2	235:1574,249:762,250:616	4	-0.008126911518390956	0.76670491	0.4261018402203942	0	0	0	0		1	False	0
abau-SAMN11997570	GP_Isolated_53	208:2339	4	0.0	0.37396929999999995	1.6160780915240365	GP_Isolated_60	236:1536	4	0.0	0.24603045	1.5082147757637034	0	0	0	0		1	False	0
abau-SAMN11997570	GP_Isolated_54	212:2192	4	0.0	0.49995670000000003	2.958468741725043	GP_unb_6	217:2126	4	0.0	0.12310969999999999	0.8445270937146435	0	0	0	0		1	False	0
abau-SAMN11997570	GP_Isolated_54	212:2192	4	0.0	0.49995670000000003	2.958468741725043	GP_Isolated_55	220:2070	4	0.0	0.49999875000000005	6.719385667172192	0	0	0	0		1	False	0
abau-SAMN11997570	GP_Isolated_54	212:2192	4	0.0	0.49995670000000003	2.958468741725043	GP_Isolated_56	224:1987	4	0.0	0.49966469999999996	2.5793733901446765	0	0	0	0		1	False	0
abau-SAMN11997570	GP_Isolated_54	212:2192	4	0.0	0.49995670000000003	2.958468741725043	GP_Isolated_57	229:1833	4	0.0	0.19480030000000004	1.4968043619556584	0	0	0	0		1	False	0
abau-SAMN11997570	GP_Isolated_54	212:2192	4	0.0	0.49995670000000003	2.958468741725043	GP_Isolated_58	230:1819	4	0.0	0.49898010000000004	2.1407164006644037	0	0	0	0		1	False	0
abau-SAMN11997570	GP_Isolated_54	212:2192	4	0.0	0.49995670000000003	2.958468741725043	GP_Isolated_59	234:1611	4	0.0	0.49999607	4.6761512722370675	0	0	0	0		1	False	0
abau-SAMN11997570	GP_Isolated_54	212:2192	4	0.0	0.49995670000000003	2.958468741725043	GP_2	235:1574,249:762,250:616	4	-0.008126911518390956	0.76670491	0.4261018402203942	0	0	0	0		1	False	0
abau-SAMN11997570	GP_Isolated_54	212:2192	4	0.0	0.49995670000000003	2.958468741725043	GP_Isolated_60	236:1536	4	0.0	0.24603045	1.5082147757637034	0	0	0	0		1	False	0
abau-SAMN11997570	GP_unb_6	217:2126	4	0.0	0.12310969999999999	0.8445270937146435	GP_Isolated_55	220:2070	4	0.0	0.49999875000000005	6.719385667172192	0	0	0	0		1	False	0
abau-SAMN11997570	GP_unb_6	217:2126	4	0.0	0.12310969999999999	0.8445270937146435	GP_Isolated_56	224:1987	4	0.0	0.49966469999999996	2.5793733901446765	0	0	0	0		1	False	0
abau-SAMN11997570	GP_unb_6	217:2126	4	0.0	0.12310969999999999	0.8445270937146435	GP_Isolated_57	229:1833	4	0.0	0.19480030000000004	1.4968043619556584	0	0	0	0		1	False	0
abau-SAMN11997570	GP_unb_6	217:2126	4	0.0	0.12310969999999999	0.8445270937146435	GP_Isolated_58	230:1819	4	0.0	0.49898010000000004	2.1407164006644037	0	0	0	0		1	False	0
abau-SAMN11997570	GP_unb_6	217:2126	4	0.0	0.12310969999999999	0.8445270937146435	GP_Isolated_59	234:1611	4	0.0	0.49999607	4.6761512722370675	0	0	0	0		1	False	0
abau-SAMN11997570	GP_unb_6	217:2126	4	0.0	0.12310969999999999	0.8445270937146435	GP_2	235:1574,249:762,250:616	4	-0.008126911518390956	0.76670491	0.4261018402203942	0	0	0	0		1	False	0
abau-SAMN11997570	GP_unb_6	217:2126	4	0.0	0.12310969999999999	0.8445270937146435	GP_Isolated_60	236:1536	4	0.0	0.24603045	1.5082147757637034	0	0	0	0		1	False	0
abau-SAMN11997570	GP_Isolated_55	220:2070	4	0.0	0.49999875000000005	6.719385667172192	GP_Isolated_56	224:1987	4	0.0	0.49966469999999996	2.5793733901446765	0	0	0	0		1	False	0
abau-SAMN11997570	GP_Isolated_55	220:2070	4	0.0	0.49999875000000005	6.719385667172192	GP_Isolated_57	229:1833	4	0.0	0.19480030000000004	1.4968043619556584	0	0	0	0		1	False	0
abau-SAMN11997570	GP_Isolated_55	220:2070	4	0.0	0.49999875000000005	6.719385667172192	GP_Isolated_58	230:1819	4	0.0	0.49898010000000004	2.1407164006644037	0	0	0	0		1	False	0
abau-SAMN11997570	GP_Isolated_55	220:2070	4	0.0	0.49999875000000005	6.719385667172192	GP_Isolated_59	234:1611	4	0.0	0.49999607	4.6761512722370675	0	0	0	0		1	False	0
abau-SAMN11997570	GP_Isolated_55	220:2070	4	0.0	0.49999875000000005	6.719385667172192	GP_2	235:1574,249:762,250:616	4	-0.008126911518390956	0.76670491	0.4261018402203942	0	0	0	0		1	False	0
abau-SAMN11997570	GP_Isolated_55	220:2070	4	0.0	0.49999875000000005	6.719385667172192	GP_Isolated_60	236:1536	4	0.0	0.24603045	1.5082147757637034	0	0	0	0		1	False	0
abau-SAMN11997570	GP_Isolated_56	224:1987	4	0.0	0.49966469999999996	2.5793733901446765	GP_Isolated_57	229:1833	4	0.0	0.19480030000000004	1.4968043619556584	0	0	0	0		1	False	0
abau-SAMN11997570	GP_Isolated_56	224:1987	4	0.0	0.49966469999999996	2.5793733901446765	GP_Isolated_58	230:1819	4	0.0	0.49898010000000004	2.1407164006644037	0	0	0	0		1	False	0
abau-SAMN11997570	GP_Isolated_56	224:1987	4	0.0	0.49966469999999996	2.5793733901446765	GP_Isolated_59	234:1611	4	0.0	0.49999607	4.6761512722370675	0	0	0	0		1	False	0
abau-SAMN11997570	GP_Isolated_56	224:1987	4	0.0	0.49966469999999996	2.5793733901446765	GP_2	235:1574,249:762,250:616	4	-0.008126911518390956	0.76670491	0.4261018402203942	0	0	0	0		1	False	0
abau-SAMN11997570	GP_Isolated_56	224:1987	4	0.0	0.49966469999999996	2.5793733901446765	GP_Isolated_60	236:1536	4	0.0	0.24603045	1.5082147757637034	0	0	0	0		1	False	0
abau-SAMN11997570	GP_Isolated_57	229:1833	4	0.0	0.19480030000000004	1.4968043619556584	GP_Isolated_58	230:1819	4	0.0	0.49898010000000004	2.1407164006644037	0	0	0	0		1	False	0
abau-SAMN11997570	GP_Isolated_57	229:1833	4	0.0	0.19480030000000004	1.4968043619556584	GP_Isolated_59	234:1611	4	0.0	0.49999607	4.6761512722370675	0	0	0	0		1	False	0
abau-SAMN11997570	GP_Isolated_57	229:1833	4	0.0	0.19480030000000004	1.4968043619556584	GP_2	235:1574,249:762,250:616	4	-0.008126911518390956	0.76670491	0.4261018402203942	0	0	0	0		1	False	0
abau-SAMN11997570	GP_Isolated_57	229:1833	4	0.0	0.19480030000000004	1.4968043619556584	GP_Isolated_60	236:1536	4	0.0	0.24603045	1.5082147757637034	0	0	0	0		1	False	0
abau-SAMN11997570	GP_Isolated_58	230:1819	4	0.0	0.49898010000000004	2.1407164006644037	GP_Isolated_59	234:1611	4	0.0	0.49999607	4.6761512722370675	0	0	0	0		1	False	0
abau-SAMN11997570	GP_Isolated_58	230:1819	4	0.0	0.49898010000000004	2.1407164006644037	GP_2	235:1574,249:762,250:616	4	-0.008126911518390956	0.76670491	0.4261018402203942	0	0	0	0		1	False	0
abau-SAMN11997570	GP_Isolated_58	230:1819	4	0.0	0.49898010000000004	2.1407164006644037	GP_Isolated_60	236:1536	4	0.0	0.24603045	1.5082147757637034	0	0	0	0		1	False	0
abau-SAMN11997570	GP_Isolated_59	234:1611	4	0.0	0.49999607	4.6761512722370675	GP_2	235:1574,249:762,250:616	4	-0.008126911518390956	0.76670491	0.4261018402203942	0	0	0	0		1	False	0
abau-SAMN11997570	GP_Isolated_59	234:1611	4	0.0	0.49999607	4.6761512722370675	GP_Isolated_60	236:1536	4	0.0	0.24603045	1.5082147757637034	0	0	0	0		1	False	0
abau-SAMN11997570	GP_2	235:1574,249:762,250:616	4	-0.008126911518390956	0.76670491	0.4261018402203942	GP_Isolated_60	236:1536	4	0.0	0.24603045	1.5082147757637034	0	0	0	0		1	False	0