SAMPLE	BIN1	BIN1_CONTIGS	BIN1_GC_BIN	BIN1_GC	BIN1_GD	BIN1_RD	BIN2	BIN2_CONTIGS	BIN2_GC_BIN	BIN2_GC	BIN2_GD	BIN2_RD	MERGE_GC_BIN	MERGE_GC	MERGE_GD	MERGE_RD	MERGE_PATH	MILP_INFEASIBLE	BINS_OVERLAP	IS_SUBSET
ecol-SAMN01112701	GP_1	42:21285,63:3755,64:3735,81:1207,120:549,123:533,147:413,159:367,169:333,177:316,221:210,226:202,272:140,279:136	4	-0.49666331723283663	3.1165540499999995	0.8136798090090799	GP_0	47:14745,69:2398,98:815,103:700,107:654,113:604,124:521,154:382,179:311,183:305,192:287,223:206,237:177,242:168,247:162,261:146,290:129,298:126,318:104	5	-0.2713793303837614	4.67091647	0.8569227178525332	5	-0.93030933428943	9.26224245	0.681192512211055	151:392,174:324,219:211,255:151,286:131,295:127,309:117,314:110,322:102	0	False	0
ecol-SAMN01112701	GP_1	42:21285,63:3755,64:3735,81:1207,120:549,123:533,147:413,159:367,169:333,177:316,221:210,226:202,272:140,279:136	4	-0.49666331723283663	3.1165540499999995	0.8136798090090799	GP_2	54:8757,105:668,108:647,111:605,113:604,167:336,179:311,192:287	5	-0.0206891207118009	3.2495363399999997	1.7336812712481615	5	-1.1779752232914042	8.61269444	0.6811925122110551	56:6602,88:942,99:776,106:660,107:654,130:478,151:392,203:240,219:211,232:187,255:151,286:131,295:127,298:126,309:117,314:110,322:102	0	False	0
ecol-SAMN01112701	GP_1	42:21285,63:3755,64:3735,81:1207,120:549,123:533,147:413,159:367,169:333,177:316,221:210,226:202,272:140,279:136	4	-0.49666331723283663	3.1165540499999995	0.8136798090090799	GP_unb_1	97:867	5	0.0	0.224001	1.8771606691430995	5	-1.2784835870398972	6.087827380999999	0.09010485941325896	6:255771,27:58524,61:3997,69:2398,72:1892,74:1726,98:815,99:776,106:660,107:654,112:605,130:478,148:407,151:392,154:382,161:360,174:324,179:311,192:287,219:211,236:179,238:176,239:175,242:168,255:151,286:131,295:127,298:126,309:117,311:113,314:110,322:102	0	False	0
ecol-SAMN01112701	GP_1	42:21285,63:3755,64:3735,81:1207,120:549,123:533,147:413,159:367,169:333,177:316,221:210,226:202,272:140,279:136	4	-0.49666331723283663	3.1165540499999995	0.8136798090090799	GP_unb_2	134:460	5	0.0	0.10844399999999998	0.8941591984680233	5	-1.1396616125011234	6.440753916799999	0.09010485941325896	4:284609,27:58524,69:2398,72:1892,74:1726,98:815,106:660,107:654,112:605,130:478,151:392,154:382,161:360,179:311,192:287,203:240,219:211,236:179,238:176,239:175,242:168,255:151,286:131,295:127,298:126,309:117,311:113,314:110,322:102	0	False	0
ecol-SAMN01112701	GP_1	42:21285,63:3755,64:3735,81:1207,120:549,123:533,147:413,159:367,169:333,177:316,221:210,226:202,272:140,279:136	4	-0.49666331723283663	3.1165540499999995	0.8136798090090799	GP_unb_3	136:450	4	0.0	0.12189289999999997	1.0337130468282067	5	-1.6216509503711998	5.888496050999999	0.09010485941325896	6:255771,27:58524,56:6602,69:2398,72:1892,74:1726,98:815,99:776,106:660,107:654,112:605,130:478,151:392,154:382,161:360,179:311,192:287,203:240,207:237,219:211,236:179,238:176,239:175,242:168,253:155,255:151,286:131,295:127,298:126,309:117,311:113,314:110,322:102	0	False	0
ecol-SAMN01112701	GP_1	42:21285,63:3755,64:3735,81:1207,120:549,123:533,147:413,159:367,169:333,177:316,221:210,226:202,272:140,279:136	4	-0.49666331723283663	3.1165540499999995	0.8136798090090799	GP_unb_4	137:448	5	0.0	0.2567671	2.019996119442437	0	0	0	0		1	False	0
ecol-SAMN01112701	GP_1	42:21285,63:3755,64:3735,81:1207,120:549,123:533,147:413,159:367,169:333,177:316,221:210,226:202,272:140,279:136	4	-0.49666331723283663	3.1165540499999995	0.8136798090090799	GP_unb_5	139:439	4	0.0	0.3097442	2.6042281205447404	0	0	0	0		1	False	0
ecol-SAMN01112701	GP_1	42:21285,63:3755,64:3735,81:1207,120:549,123:533,147:413,159:367,169:333,177:316,221:210,226:202,272:140,279:136	4	-0.49666331723283663	3.1165540499999995	0.8136798090090799	GP_unb_6	140:436	4	0.0	0.11835269999999998	0.8474462838037338	5	-1.4215837916986778	6.429106760999999	0.09010485941325896	6:255771,27:58524,56:6602,69:2398,72:1892,74:1726,98:815,99:776,102:704,106:660,107:654,112:605,130:478,151:392,154:382,161:360,179:311,192:287,203:240,219:211,236:179,238:176,239:175,242:168,255:151,286:131,295:127,298:126,309:117,311:113,314:110,322:102	0	False	0
ecol-SAMN01112701	GP_1	42:21285,63:3755,64:3735,81:1207,120:549,123:533,147:413,159:367,169:333,177:316,221:210,226:202,272:140,279:136	4	-0.49666331723283663	3.1165540499999995	0.8136798090090799	GP_unb_7	141:435	5	0.0	0.02282196000000003	0.976545122729663	5	-1.1575061345834936	7.87222883	0.6811925122110551	56:6602,74:1726,88:942,99:776,106:660,107:654,130:478,151:392,154:382,161:360,192:287,203:240,219:211,223:206,232:187,236:179,239:175,242:168,247:162,255:151,286:131,295:127,298:126,309:117,311:113,314:110,322:102	0	False	0
ecol-SAMN01112701	GP_1	42:21285,63:3755,64:3735,81:1207,120:549,123:533,147:413,159:367,169:333,177:316,221:210,226:202,272:140,279:136	4	-0.49666331723283663	3.1165540499999995	0.8136798090090799	GP_unb_8	143:420	5	0.0	0.41984889999999997	1.5287090959706877	5	-1.3103769399553415	7.3284899810000015	0.09578228384816612	6:255771,27:58524,54:8757,56:6602,72:1892,74:1726,98:815,99:776,106:660,107:654,108:647,112:605,130:478,151:392,154:382,161:360,179:311,192:287,203:240,219:211,232:187,236:179,238:176,239:175,242:168,255:151,286:131,295:127,298:126,309:117,311:113,314:110,322:102	0	False	0
ecol-SAMN01112701	GP_1	42:21285,63:3755,64:3735,81:1207,120:549,123:533,147:413,159:367,169:333,177:316,221:210,226:202,272:140,279:136	4	-0.49666331723283663	3.1165540499999995	0.8136798090090799	GP_unb_9	144:420	5	0.0	0.43514909999999996	1.922183572868716	5	-1.3103769399553415	7.343790181	0.09578228384816612	6:255771,27:58524,54:8757,56:6602,72:1892,74:1726,98:815,99:776,106:660,107:654,108:647,112:605,130:478,151:392,154:382,161:360,179:311,192:287,203:240,219:211,232:187,236:179,238:176,239:175,242:168,255:151,286:131,295:127,298:126,309:117,311:113,314:110,322:102	0	False	0
ecol-SAMN01112701	GP_1	42:21285,63:3755,64:3735,81:1207,120:549,123:533,147:413,159:367,169:333,177:316,221:210,226:202,272:140,279:136	4	-0.49666331723283663	3.1165540499999995	0.8136798090090799	GP_unb_10	150:396	4	0.0	0.2693073	1.220826221321133	5	-1.552740269670788	6.1440597609999985	0.09578228384816612	6:255771,27:58524,56:6602,72:1892,74:1726,98:815,99:776,106:660,107:654,112:605,130:478,151:392,154:382,161:360,179:311,192:287,201:254,203:240,219:211,232:187,236:179,238:176,239:175,242:168,255:151,286:131,295:127,298:126,309:117,311:113,314:110,317:104,322:102	0	False	0
ecol-SAMN01112701	GP_1	42:21285,63:3755,64:3735,81:1207,120:549,123:533,147:413,159:367,169:333,177:316,221:210,226:202,272:140,279:136	4	-0.49666331723283663	3.1165540499999995	0.8136798090090799	GP_unb_11	153:383	5	0.0	0.3848397	2.055503221143977	5	-1.1418469321521294	8.628757320000002	0.11010338814328322	56:6602,69:2398,74:1726,98:815,106:660,107:654,130:478,151:392,154:382,161:360,179:311,192:287,203:240,219:211,236:179,239:175,242:168,255:151,286:131,295:127,298:126,309:117,311:113,314:110,322:102	0	False	0
ecol-SAMN01112701	GP_1	42:21285,63:3755,64:3735,81:1207,120:549,123:533,147:413,159:367,169:333,177:316,221:210,226:202,272:140,279:136	4	-0.49666331723283663	3.1165540499999995	0.8136798090090799	GP_unb_12	155:380	5	0.0	0.4016273	2.0286880059839323	5	-1.1575061345834936	9.465800589999997	0.6811925122110551	56:6602,74:1726,88:942,95:913,99:776,106:660,107:654,113:604,130:478,151:392,154:382,161:360,183:305,192:287,194:286,203:240,219:211,223:206,232:187,236:179,237:177,239:175,242:168,247:162,255:151,261:146,286:131,290:129,295:127,298:126,309:117,311:113,314:110,318:104,322:102	0	False	0
ecol-SAMN01112701	GP_1	42:21285,63:3755,64:3735,81:1207,120:549,123:533,147:413,159:367,169:333,177:316,221:210,226:202,272:140,279:136	4	-0.49666331723283663	3.1165540499999995	0.8136798090090799	GP_unb_13	165:347	5	0.0	0.04569219999999996	1.2150090479743179	5	-0.7915172871046943	0.19831274099999924	0.8136798090090451	115:577,121:549,125:519,176:320,196:274,276:136,291:129	0	False	0
ecol-SAMN01112701	GP_1	42:21285,63:3755,64:3735,81:1207,120:549,123:533,147:413,159:367,169:333,177:316,221:210,226:202,272:140,279:136	4	-0.49666331723283663	3.1165540499999995	0.8136798090090799	GP_unb_14	172:325	5	0.0	0.24008810000000003	1.5319710139222031	5	-0.656022288656396	1.3416842759999992	0.8136798090113133	44:18777,109:644,117:564,149:403,160:366,231:188	0	False	0
ecol-SAMN01112701	GP_1	42:21285,63:3755,64:3735,81:1207,120:549,123:533,147:413,159:367,169:333,177:316,221:210,226:202,272:140,279:136	4	-0.49666331723283663	3.1165540499999995	0.8136798090090799	GP_unb_15	178:313	5	0.0	0.21943104000000002	1.0970308110646507	5	-0.5667254577117806	4.37204381	0.8136798090113133	262:146,266:144,315:105	0	False	0
ecol-SAMN01112701	GP_1	42:21285,63:3755,64:3735,81:1207,120:549,123:533,147:413,159:367,169:333,177:316,221:210,226:202,272:140,279:136	4	-0.49666331723283663	3.1165540499999995	0.8136798090090799	GP_unb_16	182:309	4	0.0	0.05418690000000004	0.991617433264252	5	-1.4768041234727156	6.190288056799999	0.09010485941325896	4:284609,27:58524,69:2398,72:1892,74:1726,98:815,106:660,107:654,112:605,130:478,151:392,154:382,161:360,174:324,179:311,192:287,219:211,236:179,238:176,239:175,242:168,249:157,255:151,286:131,295:127,298:126,309:117,311:113,314:110,322:102	0	False	0
ecol-SAMN01112701	GP_1	42:21285,63:3755,64:3735,81:1207,120:549,123:533,147:413,159:367,169:333,177:316,221:210,226:202,272:140,279:136	4	-0.49666331723283663	3.1165540499999995	0.8136798090090799	GP_unb_17	185:300	5	0.0	0.2126051	0.9330716300310163	5	-0.5553003345252836	3.6891493499999997	0.8136798090090451	312:112	0	False	0
ecol-SAMN01112701	GP_1	42:21285,63:3755,64:3735,81:1207,120:549,123:533,147:413,159:367,169:333,177:316,221:210,226:202,272:140,279:136	4	-0.49666331723283663	3.1165540499999995	0.8136798090090799	GP_unb_18	189:287	4	0.0	0.04945266000000004	1.0034222018508572	5	-1.477543549159241	6.1855538168	0.09010485941325896	4:284609,27:58524,69:2398,72:1892,74:1726,98:815,106:660,107:654,112:605,130:478,151:392,154:382,161:360,174:324,179:311,192:287,219:211,236:179,238:176,239:175,242:168,249:157,255:151,286:131,295:127,298:126,309:117,311:113,314:110,322:102	0	False	0
ecol-SAMN01112701	GP_1	42:21285,63:3755,64:3735,81:1207,120:549,123:533,147:413,159:367,169:333,177:316,221:210,226:202,272:140,279:136	4	-0.49666331723283663	3.1165540499999995	0.8136798090090799	GP_unb_19	202:244	5	0.0	0.40599419999999997	1.9775686900868625	5	-1.1575061345834936	8.25540107	0.6811925122110551	56:6602,74:1726,88:942,99:776,106:660,107:654,130:478,151:392,154:382,161:360,192:287,203:240,219:211,223:206,232:187,236:179,239:175,242:168,247:162,255:151,286:131,295:127,298:126,309:117,311:113,314:110,322:102	0	False	0
ecol-SAMN01112701	GP_1	42:21285,63:3755,64:3735,81:1207,120:549,123:533,147:413,159:367,169:333,177:316,221:210,226:202,272:140,279:136	4	-0.49666331723283663	3.1165540499999995	0.8136798090090799	GP_unb_20	204:239	5	0.0	0.20602010000000004	1.7901377597934867	5	-1.3578234849354665	4.317989314999999	0.09578228384816612	6:255771,27:58524,50:12107,56:6602,57:6074,60:4186,72:1892,74:1726,86:1077,98:815,99:776,106:660,107:654,112:605,130:478,133:460,151:392,154:382,161:360,179:311,192:287,203:240,219:211,232:187,236:179,238:176,239:175,242:168,255:151,286:131,295:127,298:126,309:117,311:113,314:110,322:102	0	False	0
ecol-SAMN01112701	GP_1	42:21285,63:3755,64:3735,81:1207,120:549,123:533,147:413,159:367,169:333,177:316,221:210,226:202,272:140,279:136	4	-0.49666331723283663	3.1165540499999995	0.8136798090090799	GP_unb_21	208:231	5	0.0	0.13450324999999996	0.9849895534265605	5	-0.5667254577117806	4.28711602	0.8136798090090451	262:146,266:144,315:105	0	False	0
ecol-SAMN01112701	GP_1	42:21285,63:3755,64:3735,81:1207,120:549,123:533,147:413,159:367,169:333,177:316,221:210,226:202,272:140,279:136	4	-0.49666331723283663	3.1165540499999995	0.8136798090090799	GP_unb_22	214:221	5	0.0	0.03741753000000003	1.924123851650221	5	-1.4071773625507396	3.4405025779999994	0.09010485941325896	6:255771,27:58524,56:6602,67:2909,69:2398,72:1892,74:1726,98:815,99:776,106:660,107:654,112:605,130:478,151:392,154:382,161:360,179:311,192:287,198:262,203:240,219:211,236:179,238:176,239:175,242:168,245:164,255:151,257:149,267:143,286:131,295:127,298:126,309:117,311:113,314:110,320:103,322:102	0	False	0
ecol-SAMN01112701	GP_1	42:21285,63:3755,64:3735,81:1207,120:549,123:533,147:413,159:367,169:333,177:316,221:210,226:202,272:140,279:136	4	-0.49666331723283663	3.1165540499999995	0.8136798090090799	GP_unb_23	215:219	5	0.0	0.41962540000000004	2.1238938301946746	5	-1.3103769399553415	7.328266481000001	0.09578228384816612	6:255771,27:58524,54:8757,56:6602,72:1892,74:1726,98:815,99:776,106:660,107:654,108:647,112:605,130:478,151:392,154:382,161:360,179:311,192:287,203:240,219:211,232:187,236:179,238:176,239:175,242:168,255:151,286:131,295:127,298:126,309:117,311:113,314:110,322:102	0	False	0
ecol-SAMN01112701	GP_1	42:21285,63:3755,64:3735,81:1207,120:549,123:533,147:413,159:367,169:333,177:316,221:210,226:202,272:140,279:136	4	-0.49666331723283663	3.1165540499999995	0.8136798090090799	GP_unb_24	222:207	5	0.0	0.38605213000000005	1.797187439366288	5	-0.5667254577117806	4.28265854	0.8136798090090451	262:146,315:105	0	False	0
ecol-SAMN01112701	GP_1	42:21285,63:3755,64:3735,81:1207,120:549,123:533,147:413,159:367,169:333,177:316,221:210,226:202,272:140,279:136	4	-0.49666331723283663	3.1165540499999995	0.8136798090090799	GP_unb_25	227:201	4	0.0	0.23485670000000003	1.1263078766017303	5	-0.5665423796345018	3.7114009499999994	0.8136798090090451	312:112	0	False	0
ecol-SAMN01112701	GP_1	42:21285,63:3755,64:3735,81:1207,120:549,123:533,147:413,159:367,169:333,177:316,221:210,226:202,272:140,279:136	4	-0.49666331723283663	3.1165540499999995	0.8136798090090799	GP_unb_26	233:183	5	0.0	0.3434766	1.9317415548663033	0	0	0	0		1	False	0
ecol-SAMN01112701	GP_1	42:21285,63:3755,64:3735,81:1207,120:549,123:533,147:413,159:367,169:333,177:316,221:210,226:202,272:140,279:136	4	-0.49666331723283663	3.1165540499999995	0.8136798090090799	GP_unb_27	240:174	5	0.0	0.19527989999999995	4.310455853033725	5	-1.294717737523977	5.618734111	0.09010485941325896	6:255771,27:58524,56:6602,69:2398,72:1892,74:1726,98:815,99:776,106:660,107:654,112:605,130:478,151:392,154:382,161:360,179:311,192:287,203:240,219:211,225:204,236:179,238:176,239:175,242:168,255:151,286:131,289:129,295:127,298:126,309:117,311:113,314:110,322:102	0	False	0
ecol-SAMN01112701	GP_1	42:21285,63:3755,64:3735,81:1207,120:549,123:533,147:413,159:367,169:333,177:316,221:210,226:202,272:140,279:136	4	-0.49666331723283663	3.1165540499999995	0.8136798090090799	GP_unb_28	246:164	4	0.0	0.2738041	2.0236714011343597	5	-1.3956439097437547	6.584558161	0.09010485941325896	6:255771,27:58524,56:6602,69:2398,72:1892,74:1726,98:815,99:776,102:704,106:660,107:654,112:605,130:478,151:392,154:382,161:360,179:311,192:287,203:240,219:211,236:179,238:176,239:175,242:168,255:151,286:131,295:127,298:126,309:117,311:113,314:110,322:102	0	False	0
ecol-SAMN01112701	GP_1	42:21285,63:3755,64:3735,81:1207,120:549,123:533,147:413,159:367,169:333,177:316,221:210,226:202,272:140,279:136	4	-0.49666331723283663	3.1165540499999995	0.8136798090090799	GP_unb_29	248:158	5	0.0	0.28286659999999997	2.1864186109291124	5	-0.5553003345252836	4.1361893499999995	0.8136798090090451	312:112,316:105	0	False	0
ecol-SAMN01112701	GP_1	42:21285,63:3755,64:3735,81:1207,120:549,123:533,147:413,159:367,169:333,177:316,221:210,226:202,272:140,279:136	4	-0.49666331723283663	3.1165540499999995	0.8136798090090799	GP_unb_30	260:146	4	0.0	0.39339566000000004	2.1859574432187254	0	0	0	0		1	False	0
ecol-SAMN01112701	GP_1	42:21285,63:3755,64:3735,81:1207,120:549,123:533,147:413,159:367,169:333,177:316,221:210,226:202,272:140,279:136	4	-0.49666331723283663	3.1165540499999995	0.8136798090090799	GP_unb_31	273:140	5	0.0	0.38150536999999995	2.8105922349480763	5	-1.157286102579603	6.12803227	0.6811925122110551	56:6602,88:942,99:776,106:660,107:654,130:478,151:392,192:287,203:240,219:211,232:187,255:151,286:131,295:127,298:126,309:117,314:110,322:102	0	False	0
ecol-SAMN01112701	GP_1	42:21285,63:3755,64:3735,81:1207,120:549,123:533,147:413,159:367,169:333,177:316,221:210,226:202,272:140,279:136	4	-0.49666331723283663	3.1165540499999995	0.8136798090090799	GP_unb_32	274:139	5	0.0	0.19092076999999996	1.170658462288024	0	0	0	0		1	False	0
ecol-SAMN01112701	GP_1	42:21285,63:3755,64:3735,81:1207,120:549,123:533,147:413,159:367,169:333,177:316,221:210,226:202,272:140,279:136	4	-0.49666331723283663	3.1165540499999995	0.8136798090090799	GP_unb_33	283:133	4	0.0	0.2668475	2.670432400968452	0	0	0	0		1	False	0
ecol-SAMN01112701	GP_1	42:21285,63:3755,64:3735,81:1207,120:549,123:533,147:413,159:367,169:333,177:316,221:210,226:202,272:140,279:136	4	-0.49666331723283663	3.1165540499999995	0.8136798090090799	GP_unb_34	287:130	4	0.0	0.29629713	2.5623490308448087	5	-1.2035305807444008	6.5244249268	0.09010485941325896	4:284609,27:58524,69:2398,72:1892,74:1726,98:815,106:660,107:654,112:605,130:478,151:392,154:382,161:360,174:324,179:311,192:287,203:240,219:211,236:179,238:176,239:175,242:168,255:151,286:131,295:127,298:126,309:117,311:113,314:110,322:102	0	False	0
ecol-SAMN01112701	GP_1	42:21285,63:3755,64:3735,81:1207,120:549,123:533,147:413,159:367,169:333,177:316,221:210,226:202,272:140,279:136	4	-0.49666331723283663	3.1165540499999995	0.8136798090090799	GP_unb_35	313:112	5	0.0	0.28078353	0.8552439549067963	5	-0.5553003345252836	4.134106279999999	0.8136798090090451	312:112,316:105	0	False	0
ecol-SAMN01112701	GP_1	42:21285,63:3755,64:3735,81:1207,120:549,123:533,147:413,159:367,169:333,177:316,221:210,226:202,272:140,279:136	4	-0.49666331723283663	3.1165540499999995	0.8136798090090799	GP_unb_36	319:104	5	0.0	0.21905034999999995	1.9329816460875262	5	-1.1575061345834936	8.051633079999998	0.6811925122110551	56:6602,74:1726,88:942,95:913,99:776,106:660,107:654,130:478,151:392,154:382,161:360,192:287,194:286,203:240,219:211,223:206,232:187,236:179,237:177,239:175,242:168,247:162,255:151,286:131,295:127,298:126,309:117,311:113,314:110,318:104,322:102	0	False	0
ecol-SAMN01112701	GP_1	42:21285,63:3755,64:3735,81:1207,120:549,123:533,147:413,159:367,169:333,177:316,221:210,226:202,272:140,279:136	4	-0.49666331723283663	3.1165540499999995	0.8136798090090799	GP_unb_37	324:102	5	0.0	0.3652071	1.9642623144432667	5	-1.054310645462625	6.2540456168	0.09010485939338264	4:284609,27:58524,69:2398,72:1892,74:1726,98:815,106:660,107:654,112:605,130:478,154:382,161:360,179:311,192:287,203:240,236:179,238:176,239:175,242:168,286:131,295:127,298:126,309:117,311:113,322:102	0	False	0
ecol-SAMN01112701	GP_0	47:14745,69:2398,98:815,103:700,107:654,113:604,124:521,154:382,179:311,183:305,192:287,223:206,237:177,242:168,247:162,261:146,290:129,298:126,318:104	5	-0.2713793303837614	4.67091647	0.8569227178525332	GP_2	54:8757,105:668,108:647,111:605,113:604,167:336,179:311,192:287	5	-0.0206891207118009	3.2495363399999997	1.7336812712481615	5	-1.0066095823420491	12.365249242	0.07436610529839527	20:96256,42:21285,63:3755,81:1207,88:942,99:776,102:704,147:413,151:392,159:367,169:333,174:324,177:316,203:240,219:211,220:211,221:210,226:202,232:187,255:151,262:146,266:144,279:136,285:131,286:131,295:127,300:122,309:117,314:110,315:105,322:102	0	True	0
ecol-SAMN01112701	GP_0	47:14745,69:2398,98:815,103:700,107:654,113:604,124:521,154:382,179:311,183:305,192:287,223:206,237:177,242:168,247:162,261:146,290:129,298:126,318:104	5	-0.2713793303837614	4.67091647	0.8569227178525332	GP_unb_1	97:867	5	0.0	0.224001	1.8771606691430995	5	-1.0283463857229902	8.192755492	0.1086309132660972	20:96256,42:21285,61:3997,63:3755,88:942,99:776,102:704,106:660,148:407,151:392,159:367,169:333,174:324,177:316,219:211,220:211,221:210,232:187,255:151,262:146,266:144,279:136,285:131,286:131,295:127,300:122,309:117,314:110,315:105,322:102	0	False	0
ecol-SAMN01112701	GP_0	47:14745,69:2398,98:815,103:700,107:654,113:604,124:521,154:382,179:311,183:305,192:287,223:206,237:177,242:168,247:162,261:146,290:129,298:126,318:104	5	-0.2713793303837614	4.67091647	0.8569227178525332	GP_unb_2	134:460	5	0.0	0.10844399999999998	0.8941591984680233	5	-0.9676417592883617	8.443066182	0.07436610529839527	20:96256,42:21285,63:3755,81:1207,88:942,99:776,102:704,147:413,151:392,159:367,169:333,174:324,177:316,203:240,219:211,220:211,221:210,226:202,232:187,255:151,262:146,266:144,279:136,285:131,286:131,300:122,314:110,315:105	0	False	0
ecol-SAMN01112701	GP_0	47:14745,69:2398,98:815,103:700,107:654,113:604,124:521,154:382,179:311,183:305,192:287,223:206,237:177,242:168,247:162,261:146,290:129,298:126,318:104	5	-0.2713793303837614	4.67091647	0.8569227178525332	GP_unb_3	136:450	4	0.0	0.12189289999999997	1.0337130468282067	5	-1.157280197373223	8.966601362	0.07436610529839527	20:96256,42:21285,63:3755,81:1207,88:942,99:776,102:704,147:413,151:392,159:367,169:333,174:324,177:316,219:211,220:211,221:210,226:202,232:187,255:151,262:146,266:144,279:136,285:131,286:131,295:127,300:122,309:117,314:110,315:105,322:102	0	False	0
ecol-SAMN01112701	GP_0	47:14745,69:2398,98:815,103:700,107:654,113:604,124:521,154:382,179:311,183:305,192:287,223:206,237:177,242:168,247:162,261:146,290:129,298:126,318:104	5	-0.2713793303837614	4.67091647	0.8569227178525332	GP_unb_4	137:448	5	0.0	0.2567671	2.019996119442437	0	0	0	0		1	False	0
ecol-SAMN01112701	GP_0	47:14745,69:2398,98:815,103:700,107:654,113:604,124:521,154:382,179:311,183:305,192:287,223:206,237:177,242:168,247:162,261:146,290:129,298:126,318:104	5	-0.2713793303837614	4.67091647	0.8569227178525332	GP_unb_5	139:439	4	0.0	0.3097442	2.6042281205447404	0	0	0	0		1	False	0
ecol-SAMN01112701	GP_0	47:14745,69:2398,98:815,103:700,107:654,113:604,124:521,154:382,179:311,183:305,192:287,223:206,237:177,242:168,247:162,261:146,290:129,298:126,318:104	5	-0.2713793303837614	4.67091647	0.8569227178525332	GP_unb_6	140:436	4	0.0	0.11835269999999998	0.8474462838037338	5	-1.1312518279135928	8.834157672	0.1086309132660972	20:96256,42:21285,63:3755,88:942,99:776,102:704,147:413,151:392,159:367,169:333,174:324,177:316,191:287,219:211,220:211,221:210,232:187,255:151,262:146,266:144,279:136,285:131,286:131,295:127,300:122,309:117,314:110,315:105,322:102	0	False	0
ecol-SAMN01112701	GP_0	47:14745,69:2398,98:815,103:700,107:654,113:604,124:521,154:382,179:311,183:305,192:287,223:206,237:177,242:168,247:162,261:146,290:129,298:126,318:104	5	-0.2713793303837614	4.67091647	0.8569227178525332	GP_unb_7	141:435	5	0.0	0.02282196000000003	0.976545122729663	5	-0.2713793303837614	4.69373843	0.8569227178522851		0	False	0
ecol-SAMN01112701	GP_0	47:14745,69:2398,98:815,103:700,107:654,113:604,124:521,154:382,179:311,183:305,192:287,223:206,237:177,242:168,247:162,261:146,290:129,298:126,318:104	5	-0.2713793303837614	4.67091647	0.8569227178525332	GP_unb_8	143:420	5	0.0	0.41984889999999997	1.5287090959706877	5	-1.0061229070430568	9.478266172000001	0.1086309132660972	20:96256,42:21285,54:8757,63:3755,88:942,99:776,102:704,106:660,108:647,130:478,151:392,159:367,169:333,174:324,177:316,219:211,220:211,221:210,232:187,255:151,262:146,266:144,279:136,285:131,286:131,295:127,300:122,309:117,314:110,315:105,322:102	0	False	0
ecol-SAMN01112701	GP_0	47:14745,69:2398,98:815,103:700,107:654,113:604,124:521,154:382,179:311,183:305,192:287,223:206,237:177,242:168,247:162,261:146,290:129,298:126,318:104	5	-0.2713793303837614	4.67091647	0.8569227178525332	GP_unb_9	144:420	5	0.0	0.43514909999999996	1.922183572868716	5	-1.0061229070430568	9.493566372000002	0.1086309132660972	20:96256,42:21285,54:8757,63:3755,88:942,99:776,102:704,106:660,108:647,130:478,151:392,159:367,169:333,174:324,177:316,219:211,220:211,221:210,232:187,255:151,262:146,266:144,279:136,285:131,286:131,295:127,300:122,309:117,314:110,315:105,322:102	0	False	0
ecol-SAMN01112701	GP_0	47:14745,69:2398,98:815,103:700,107:654,113:604,124:521,154:382,179:311,183:305,192:287,223:206,237:177,242:168,247:162,261:146,290:129,298:126,318:104	5	-0.2713793303837614	4.67091647	0.8569227178525332	GP_unb_10	150:396	4	0.0	0.2693073	1.220826221321133	5	-0.6868866236391242	7.885240212	0.14343440592347179	20:96256,63:3755,88:942,99:776,102:704,151:392,159:367,169:333,174:324,177:316,219:211,220:211,221:210,255:151,262:146,266:144,279:136,285:131,286:131,295:127,300:122,309:117,314:110,315:105,322:102	0	False	0
ecol-SAMN01112701	GP_0	47:14745,69:2398,98:815,103:700,107:654,113:604,124:521,154:382,179:311,183:305,192:287,223:206,237:177,242:168,247:162,261:146,290:129,298:126,318:104	5	-0.2713793303837614	4.67091647	0.8569227178525332	GP_unb_11	153:383	5	0.0	0.3848397	2.055503221143977	5	-0.271599362387652	5.724515439999999	0.8569227178577421	74:1726,161:360	0	False	0
ecol-SAMN01112701	GP_0	47:14745,69:2398,98:815,103:700,107:654,113:604,124:521,154:382,179:311,183:305,192:287,223:206,237:177,242:168,247:162,261:146,290:129,298:126,318:104	5	-0.2713793303837614	4.67091647	0.8569227178525332	GP_unb_12	155:380	5	0.0	0.4016273	2.0286880059839323	5	-0.2713793303837614	5.07254377	0.8569227178522851		0	False	0
ecol-SAMN01112701	GP_0	47:14745,69:2398,98:815,103:700,107:654,113:604,124:521,154:382,179:311,183:305,192:287,223:206,237:177,242:168,247:162,261:146,290:129,298:126,318:104	5	-0.2713793303837614	4.67091647	0.8569227178525332	GP_unb_13	165:347	5	0.0	0.04569219999999996	1.2150090479743179	5	-0.6308948477348055	4.691752671	0.6811925122119412	88:942,99:776,102:704,115:577,121:549,125:519,151:392,174:324,176:320,177:316,196:274,219:211,221:210,255:151,262:146,266:144,276:136,279:136,286:131,291:129,295:127,309:117,314:110,315:105,322:102	0	False	0
ecol-SAMN01112701	GP_0	47:14745,69:2398,98:815,103:700,107:654,113:604,124:521,154:382,179:311,183:305,192:287,223:206,237:177,242:168,247:162,261:146,290:129,298:126,318:104	5	-0.2713793303837614	4.67091647	0.8569227178525332	GP_unb_14	172:325	5	0.0	0.24008810000000003	1.5319710139222031	5	-1.1453024903381823	6.112077707999999	0.10863091326624497	20:96256,42:21285,44:18777,56:6602,63:3755,88:942,99:776,102:704,106:660,109:644,117:564,149:403,151:392,159:367,160:366,169:333,177:316,219:211,220:211,221:210,231:188,232:187,255:151,262:146,266:144,279:136,285:131,286:131,295:127,300:122,309:117,314:110,315:105,322:102	0	False	0
ecol-SAMN01112701	GP_0	47:14745,69:2398,98:815,103:700,107:654,113:604,124:521,154:382,179:311,183:305,192:287,223:206,237:177,242:168,247:162,261:146,290:129,298:126,318:104	5	-0.2713793303837614	4.67091647	0.8569227178525332	GP_unb_15	178:313	5	0.0	0.21943104000000002	1.0970308110646507	5	-0.39467789515539486	7.8294250199999995	0.6811925122110551	88:942,99:776,102:704,151:392,174:324,177:316,219:211,221:210,255:151,262:146,266:144,279:136,286:131,295:127,309:117,314:110,315:105,322:102	0	False	0
ecol-SAMN01112701	GP_0	47:14745,69:2398,98:815,103:700,107:654,113:604,124:521,154:382,179:311,183:305,192:287,223:206,237:177,242:168,247:162,261:146,290:129,298:126,318:104	5	-0.2713793303837614	4.67091647	0.8569227178525332	GP_unb_16	182:309	4	0.0	0.05418690000000004	0.991617433264252	5	-1.3230629726018406	9.077873162000001	0.07436610529839527	20:96256,42:21285,63:3755,81:1207,88:942,99:776,102:704,147:413,151:392,159:367,169:333,174:324,177:316,219:211,220:211,221:210,226:202,232:187,249:157,255:151,262:146,266:144,279:136,285:131,286:131,295:127,300:122,309:117,314:110,315:105,322:102	0	False	0
ecol-SAMN01112701	GP_0	47:14745,69:2398,98:815,103:700,107:654,113:604,124:521,154:382,179:311,183:305,192:287,223:206,237:177,242:168,247:162,261:146,290:129,298:126,318:104	5	-0.2713793303837614	4.67091647	0.8569227178525332	GP_unb_17	185:300	5	0.0	0.2126051	0.9330716300310163	5	-0.9448342671392831	8.899660211999999	0.10863091326609713	20:96256,42:21285,63:3755,88:942,99:776,102:704,147:413,151:392,159:367,169:333,174:324,177:316,219:211,220:211,221:210,232:187,255:151,262:146,266:144,279:136,285:131,286:131,295:127,300:122,309:117,312:112,314:110,315:105,322:102	0	False	0
ecol-SAMN01112701	GP_0	47:14745,69:2398,98:815,103:700,107:654,113:604,124:521,154:382,179:311,183:305,192:287,223:206,237:177,242:168,247:162,261:146,290:129,298:126,318:104	5	-0.2713793303837614	4.67091647	0.8569227178525332	GP_unb_18	189:287	4	0.0	0.04945266000000004	1.0034222018508572	5	-1.3238023982883664	9.073138922	0.07436610529839527	20:96256,42:21285,63:3755,81:1207,88:942,99:776,102:704,147:413,151:392,159:367,169:333,174:324,177:316,219:211,220:211,221:210,226:202,232:187,249:157,255:151,262:146,266:144,279:136,285:131,286:131,295:127,300:122,309:117,314:110,315:105,322:102	0	False	0
ecol-SAMN01112701	GP_0	47:14745,69:2398,98:815,103:700,107:654,113:604,124:521,154:382,179:311,183:305,192:287,223:206,237:177,242:168,247:162,261:146,290:129,298:126,318:104	5	-0.2713793303837614	4.67091647	0.8569227178525332	GP_unb_19	202:244	5	0.0	0.40599419999999997	1.9775686900868625	5	-0.271599362387652	5.74566994	0.8569227178577421	74:1726,161:360	0	False	0
ecol-SAMN01112701	GP_0	47:14745,69:2398,98:815,103:700,107:654,113:604,124:521,154:382,179:311,183:305,192:287,223:206,237:177,242:168,247:162,261:146,290:129,298:126,318:104	5	-0.2713793303837614	4.67091647	0.8569227178525332	GP_unb_20	204:239	5	0.0	0.20602010000000004	1.7901377597934867	5	-0.9393925488400687	6.202843186	0.10863091326609722	20:96256,42:21285,50:12107,57:6074,60:4186,63:3755,86:1077,88:942,99:776,102:704,133:460,151:392,159:367,169:333,174:324,177:316,219:211,220:211,221:210,232:187,255:151,262:146,266:144,279:136,285:131,286:131,295:127,300:122,309:117,314:110,315:105,322:102	0	False	0
ecol-SAMN01112701	GP_0	47:14745,69:2398,98:815,103:700,107:654,113:604,124:521,154:382,179:311,183:305,192:287,223:206,237:177,242:168,247:162,261:146,290:129,298:126,318:104	5	-0.2713793303837614	4.67091647	0.8569227178525332	GP_unb_21	208:231	5	0.0	0.13450324999999996	0.9849895534265605	5	-0.39467789515539486	7.91221793	0.6811925122110551	88:942,99:776,102:704,151:392,174:324,177:316,219:211,221:210,255:151,262:146,266:144,272:140,279:136,286:131,295:127,309:117,314:110,315:105,322:102	0	False	0
ecol-SAMN01112701	GP_0	47:14745,69:2398,98:815,103:700,107:654,113:604,124:521,154:382,179:311,183:305,192:287,223:206,237:177,242:168,247:162,261:146,290:129,298:126,318:104	5	-0.2713793303837614	4.67091647	0.8569227178525332	GP_unb_22	214:221	5	0.0	0.03741753000000003	1.924123851650221	5	-0.8939251173163658	5.3998041489999995	0.1086309132660972	20:96256,42:21285,63:3755,67:2909,99:776,102:704,151:392,159:367,169:333,174:324,177:316,198:262,219:211,220:211,221:210,245:164,255:151,257:149,262:146,266:144,267:143,279:136,285:131,286:131,295:127,300:122,309:117,314:110,315:105,320:103,322:102	0	False	0
ecol-SAMN01112701	GP_0	47:14745,69:2398,98:815,103:700,107:654,113:604,124:521,154:382,179:311,183:305,192:287,223:206,237:177,242:168,247:162,261:146,290:129,298:126,318:104	5	-0.2713793303837614	4.67091647	0.8569227178525332	GP_unb_23	215:219	5	0.0	0.41962540000000004	2.1238938301946746	5	-1.0061229070430568	9.478042672	0.1086309132660972	20:96256,42:21285,54:8757,63:3755,88:942,99:776,102:704,106:660,108:647,130:478,151:392,159:367,169:333,174:324,177:316,219:211,220:211,221:210,232:187,255:151,262:146,266:144,279:136,285:131,286:131,295:127,300:122,309:117,314:110,315:105,322:102	0	False	0
ecol-SAMN01112701	GP_0	47:14745,69:2398,98:815,103:700,107:654,113:604,124:521,154:382,179:311,183:305,192:287,223:206,237:177,242:168,247:162,261:146,290:129,298:126,318:104	5	-0.2713793303837614	4.67091647	0.8569227178525332	GP_unb_24	222:207	5	0.0	0.38605213000000005	1.797187439366288	5	-0.39467789515539486	7.59187705	0.6811925122110551	88:942,99:776,102:704,151:392,174:324,177:316,219:211,221:210,255:151,262:146,286:131,295:127,309:117,314:110,315:105,322:102	0	False	0
ecol-SAMN01112701	GP_0	47:14745,69:2398,98:815,103:700,107:654,113:604,124:521,154:382,179:311,183:305,192:287,223:206,237:177,242:168,247:162,261:146,290:129,298:126,318:104	5	-0.2713793303837614	4.67091647	0.8569227178525332	GP_unb_25	227:201	4	0.0	0.23485670000000003	1.1263078766017303	5	-0.9560763122485012	8.921911812	0.10863091326628017	20:96256,42:21285,63:3755,88:942,99:776,102:704,147:413,151:392,159:367,169:333,174:324,177:316,219:211,220:211,221:210,232:187,255:151,262:146,266:144,279:136,285:131,286:131,295:127,300:122,309:117,312:112,314:110,315:105,322:102	0	False	0
ecol-SAMN01112701	GP_0	47:14745,69:2398,98:815,103:700,107:654,113:604,124:521,154:382,179:311,183:305,192:287,223:206,237:177,242:168,247:162,261:146,290:129,298:126,318:104	5	-0.2713793303837614	4.67091647	0.8569227178525332	GP_unb_26	233:183	5	0.0	0.3434766	1.9317415548663033	0	0	0	0		1	False	0
ecol-SAMN01112701	GP_0	47:14745,69:2398,98:815,103:700,107:654,113:604,124:521,154:382,179:311,183:305,192:287,223:206,237:177,242:168,247:162,261:146,290:129,298:126,318:104	5	-0.2713793303837614	4.67091647	0.8569227178525332	GP_unb_27	240:174	5	0.0	0.19527989999999995	4.310455853033725	5	-0.5313668999530803	7.247341252	0.6811925122110551	20:96256,88:942,99:776,102:704,151:392,169:333,174:324,177:316,219:211,220:211,221:210,255:151,262:146,266:144,279:136,285:131,286:131,295:127,300:122,309:117,314:110,315:105,322:102	0	False	0
ecol-SAMN01112701	GP_0	47:14745,69:2398,98:815,103:700,107:654,113:604,124:521,154:382,179:311,183:305,192:287,223:206,237:177,242:168,247:162,261:146,290:129,298:126,318:104	5	-0.2713793303837614	4.67091647	0.8569227178525332	GP_unb_28	246:164	4	0.0	0.2738041	2.0236714011343597	5	-1.10531194595867	8.989609072	0.1086309132660972	20:96256,42:21285,63:3755,88:942,99:776,102:704,147:413,151:392,159:367,169:333,174:324,177:316,191:287,219:211,220:211,221:210,232:187,255:151,262:146,266:144,279:136,285:131,286:131,295:127,300:122,309:117,314:110,315:105,322:102	0	False	0
ecol-SAMN01112701	GP_0	47:14745,69:2398,98:815,103:700,107:654,113:604,124:521,154:382,179:311,183:305,192:287,223:206,237:177,242:168,247:162,261:146,290:129,298:126,318:104	5	-0.2713793303837614	4.67091647	0.8569227178525332	GP_unb_29	248:158	5	0.0	0.28286659999999997	2.1864186109291124	5	-0.9448342671392831	9.346700212	0.1086309132660973	20:96256,42:21285,63:3755,88:942,99:776,102:704,147:413,151:392,159:367,169:333,174:324,177:316,219:211,220:211,221:210,232:187,255:151,262:146,266:144,279:136,285:131,286:131,295:127,300:122,309:117,312:112,314:110,315:105,316:105,322:102	0	False	0
ecol-SAMN01112701	GP_0	47:14745,69:2398,98:815,103:700,107:654,113:604,124:521,154:382,179:311,183:305,192:287,223:206,237:177,242:168,247:162,261:146,290:129,298:126,318:104	5	-0.2713793303837614	4.67091647	0.8569227178525332	GP_unb_30	260:146	4	0.0	0.39339566000000004	2.1859574432187254	0	0	0	0		1	False	0
ecol-SAMN01112701	GP_0	47:14745,69:2398,98:815,103:700,107:654,113:604,124:521,154:382,179:311,183:305,192:287,223:206,237:177,242:168,247:162,261:146,290:129,298:126,318:104	5	-0.2713793303837614	4.67091647	0.8569227178525332	GP_unb_31	273:140	5	0.0	0.38150536999999995	2.8105922349480763	5	-0.2713793303837614	5.05242184	0.8569227178522851		0	False	0
ecol-SAMN01112701	GP_0	47:14745,69:2398,98:815,103:700,107:654,113:604,124:521,154:382,179:311,183:305,192:287,223:206,237:177,242:168,247:162,261:146,290:129,298:126,318:104	5	-0.2713793303837614	4.67091647	0.8569227178525332	GP_unb_32	274:139	5	0.0	0.19092076999999996	1.170658462288024	0	0	0	0		1	False	0
ecol-SAMN01112701	GP_0	47:14745,69:2398,98:815,103:700,107:654,113:604,124:521,154:382,179:311,183:305,192:287,223:206,237:177,242:168,247:162,261:146,290:129,298:126,318:104	5	-0.2713793303837614	4.67091647	0.8569227178525332	GP_unb_33	283:133	4	0.0	0.2668475	2.670432400968452	0	0	0	0		1	False	0
ecol-SAMN01112701	GP_0	47:14745,69:2398,98:815,103:700,107:654,113:604,124:521,154:382,179:311,183:305,192:287,223:206,237:177,242:168,247:162,261:146,290:129,298:126,318:104	5	-0.2713793303837614	4.67091647	0.8569227178525332	GP_unb_34	287:130	4	0.0	0.29629713	2.5623490308448087	5	-1.0497894298735257	9.412010032	0.07436610529839527	20:96256,42:21285,63:3755,81:1207,88:942,99:776,102:704,147:413,151:392,159:367,169:333,174:324,177:316,203:240,219:211,220:211,221:210,226:202,232:187,255:151,262:146,266:144,279:136,285:131,286:131,295:127,300:122,309:117,314:110,315:105,322:102	0	False	0
ecol-SAMN01112701	GP_0	47:14745,69:2398,98:815,103:700,107:654,113:604,124:521,154:382,179:311,183:305,192:287,223:206,237:177,242:168,247:162,261:146,290:129,298:126,318:104	5	-0.2713793303837614	4.67091647	0.8569227178525332	GP_unb_35	313:112	5	0.0	0.28078353	0.8552439549067963	5	-0.9448342671392831	9.344617142	0.1086309132660972	20:96256,42:21285,63:3755,88:942,99:776,102:704,147:413,151:392,159:367,169:333,174:324,177:316,219:211,220:211,221:210,232:187,255:151,262:146,266:144,279:136,285:131,286:131,295:127,300:122,309:117,312:112,314:110,315:105,316:105,322:102	0	False	0
ecol-SAMN01112701	GP_0	47:14745,69:2398,98:815,103:700,107:654,113:604,124:521,154:382,179:311,183:305,192:287,223:206,237:177,242:168,247:162,261:146,290:129,298:126,318:104	5	-0.2713793303837614	4.67091647	0.8569227178525332	GP_unb_36	319:104	5	0.0	0.21905034999999995	1.9329816460875262	5	-0.2713793303837614	5.08727548	0.8569227178522851	95:913	0	False	0
ecol-SAMN01112701	GP_0	47:14745,69:2398,98:815,103:700,107:654,113:604,124:521,154:382,179:311,183:305,192:287,223:206,237:177,242:168,247:162,261:146,290:129,298:126,318:104	5	-0.2713793303837614	4.67091647	0.8569227178525332	GP_unb_37	324:102	5	0.0	0.3652071	1.9642623144432667	5	-0.9676417592883617	8.699829281999998	0.07436610529839527	20:96256,42:21285,63:3755,81:1207,88:942,99:776,102:704,147:413,151:392,159:367,169:333,174:324,177:316,203:240,219:211,220:211,221:210,226:202,232:187,255:151,262:146,266:144,279:136,285:131,286:131,300:122,314:110,315:105	0	False	0
ecol-SAMN01112701	GP_2	54:8757,105:668,108:647,111:605,113:604,167:336,179:311,192:287	5	-0.0206891207118009	3.2495363399999997	1.7336812712481615	GP_unb_1	97:867	5	0.0	0.224001	1.8771606691430995	5	-1.1068716885778023	9.056676672	0.07436610529841052	20:96256,42:21285,61:3997,63:3755,81:1207,99:776,102:704,106:660,107:654,130:478,147:413,148:407,151:392,159:367,169:333,174:324,177:316,203:240,219:211,220:211,221:210,226:202,232:187,255:151,262:146,266:144,279:136,285:131,286:131,295:127,298:126,300:122,309:117,314:110,315:105,322:102	0	False	0
ecol-SAMN01112701	GP_2	54:8757,105:668,108:647,111:605,113:604,167:336,179:311,192:287	5	-0.0206891207118009	3.2495363399999997	1.7336812712481615	GP_unb_2	134:460	5	0.0	0.10844399999999998	0.8941591984680233	5	-0.9521926043728692	8.086451772	0.07436610529839527	20:96256,42:21285,63:3755,81:1207,99:776,102:704,107:654,130:478,147:413,151:392,159:367,169:333,174:324,177:316,203:240,219:211,220:211,221:210,226:202,232:187,255:151,262:146,266:144,279:136,285:131,286:131,298:126,300:122,314:110,315:105	0	False	0
ecol-SAMN01112701	GP_2	54:8757,105:668,108:647,111:605,113:604,167:336,179:311,192:287	5	-0.0206891207118009	3.2495363399999997	1.7336812712481615	GP_unb_3	136:450	4	0.0	0.12189289999999997	1.0337130468282067	5	-1.2366523515967065	8.794729342	0.07436610529839527	20:96256,42:21285,63:3755,69:2398,81:1207,99:776,102:704,106:660,107:654,130:478,147:413,151:392,159:367,169:333,174:324,177:316,219:211,220:211,221:210,226:202,232:187,255:151,262:146,266:144,279:136,285:131,286:131,295:127,298:126,300:122,309:117,314:110,315:105,322:102	0	False	0
ecol-SAMN01112701	GP_2	54:8757,105:668,108:647,111:605,113:604,167:336,179:311,192:287	5	-0.0206891207118009	3.2495363399999997	1.7336812712481615	GP_unb_4	137:448	5	0.0	0.2567671	2.019996119442437	0	0	0	0		1	False	0
ecol-SAMN01112701	GP_2	54:8757,105:668,108:647,111:605,113:604,167:336,179:311,192:287	5	-0.0206891207118009	3.2495363399999997	1.7336812712481615	GP_unb_5	139:439	4	0.0	0.3097442	2.6042281205447404	0	0	0	0		1	False	0
ecol-SAMN01112701	GP_2	54:8757,105:668,108:647,111:605,113:604,167:336,179:311,192:287	5	-0.0206891207118009	3.2495363399999997	1.7336812712481615	GP_unb_6	140:436	4	0.0	0.11835269999999998	0.8474462838037338	5	-1.2517101766280418	9.185694572000001	0.07436610529839527	20:96256,42:21285,63:3755,69:2398,81:1207,88:942,99:776,102:704,106:660,107:654,130:478,147:413,151:392,159:367,169:333,174:324,177:316,191:287,203:240,219:211,220:211,221:210,226:202,232:187,255:151,262:146,266:144,279:136,285:131,286:131,295:127,298:126,300:122,309:117,314:110,315:105,322:102	0	False	0
ecol-SAMN01112701	GP_2	54:8757,105:668,108:647,111:605,113:604,167:336,179:311,192:287	5	-0.0206891207118009	3.2495363399999997	1.7336812712481615	GP_unb_7	141:435	5	0.0	0.02282196000000003	0.976545122729663	5	-1.1211405514147665	8.4520319448	0.07436610529839527	4:284609,20:96256,27:58524,42:21285,63:3755,72:1892,74:1726,81:1207,99:776,102:704,106:660,107:654,130:478,147:413,151:392,154:382,159:367,161:360,169:333,174:324,177:316,181:309,203:240,219:211,220:211,221:210,223:206,226:202,230:198,232:187,236:179,238:176,239:175,242:168,247:162,255:151,262:146,266:144,279:136,285:131,286:131,295:127,298:126,300:122,309:117,311:113,314:110,315:105,322:102	0	False	0
ecol-SAMN01112701	GP_2	54:8757,105:668,108:647,111:605,113:604,167:336,179:311,192:287	5	-0.0206891207118009	3.2495363399999997	1.7336812712481615	GP_unb_8	143:420	5	0.0	0.41984889999999997	1.5287090959706877	5	-0.0206891207118009	3.6693852399999995	1.5287090959700436		0	False	0
ecol-SAMN01112701	GP_2	54:8757,105:668,108:647,111:605,113:604,167:336,179:311,192:287	5	-0.0206891207118009	3.2495363399999997	1.7336812712481615	GP_unb_9	144:420	5	0.0	0.43514909999999996	1.922183572868716	5	-0.0206891207118009	3.6846854399999995	1.7336812712474057		0	False	0
ecol-SAMN01112701	GP_2	54:8757,105:668,108:647,111:605,113:604,167:336,179:311,192:287	5	-0.0206891207118009	3.2495363399999997	1.7336812712481615	GP_unb_10	150:396	4	0.0	0.2693073	1.220826221321133	5	-1.0285269704114026	8.819633362000001	0.07436610529839527	20:96256,56:6602,63:3755,81:1207,99:776,102:704,106:660,107:654,130:478,147:413,151:392,159:367,169:333,203:240,219:211,220:211,221:210,226:202,232:187,255:151,262:146,266:144,279:136,285:131,286:131,295:127,298:126,300:122,309:117,314:110,315:105,322:102	0	False	0
ecol-SAMN01112701	GP_2	54:8757,105:668,108:647,111:605,113:604,167:336,179:311,192:287	5	-0.0206891207118009	3.2495363399999997	1.7336812712481615	GP_unb_11	153:383	5	0.0	0.3848397	2.055503221143977	5	-1.1211405514147665	8.3414838548	0.07436610529839527	4:284609,20:96256,27:58524,42:21285,63:3755,72:1892,74:1726,81:1207,99:776,102:704,106:660,107:654,130:478,147:413,151:392,154:382,159:367,161:360,162:354,169:333,174:324,177:316,181:309,203:240,219:211,220:211,221:210,223:206,226:202,230:198,232:187,236:179,237:177,238:176,239:175,242:168,247:162,255:151,262:146,266:144,279:136,285:131,286:131,295:127,298:126,300:122,309:117,311:113,314:110,315:105,322:102	0	False	0
ecol-SAMN01112701	GP_2	54:8757,105:668,108:647,111:605,113:604,167:336,179:311,192:287	5	-0.0206891207118009	3.2495363399999997	1.7336812712481615	GP_unb_12	155:380	5	0.0	0.4016273	2.0286880059839323	5	-0.0206891207118009	3.6511636399999996	1.7336812712474057		0	False	0
ecol-SAMN01112701	GP_2	54:8757,105:668,108:647,111:605,113:604,167:336,179:311,192:287	5	-0.0206891207118009	3.2495363399999997	1.7336812712481615	GP_unb_13	165:347	5	0.0	0.04569219999999996	1.2150090479743179	5	-0.9725351945070839	5.626145821	0.07436610529839527	56:6602,81:1207,99:776,102:704,106:660,107:654,115:577,121:549,125:519,130:478,147:413,151:392,176:320,196:274,203:240,219:211,221:210,226:202,232:187,255:151,262:146,266:144,276:136,279:136,286:131,291:129,295:127,298:126,309:117,314:110,315:105,322:102	0	False	0
ecol-SAMN01112701	GP_2	54:8757,105:668,108:647,111:605,113:604,167:336,179:311,192:287	5	-0.0206891207118009	3.2495363399999997	1.7336812712481615	GP_unb_14	172:325	5	0.0	0.24008810000000003	1.5319710139222031	5	-1.2238277931929944	6.9759988879999995	0.07436610529839527	20:96256,42:21285,44:18777,56:6602,63:3755,81:1207,99:776,102:704,106:660,107:654,109:644,117:564,130:478,147:413,149:403,151:392,159:367,160:366,169:333,177:316,203:240,219:211,220:211,221:210,226:202,231:188,232:187,255:151,262:146,266:144,279:136,285:131,286:131,295:127,298:126,300:122,309:117,314:110,315:105,322:102	0	False	0
ecol-SAMN01112701	GP_2	54:8757,105:668,108:647,111:605,113:604,167:336,179:311,192:287	5	-0.0206891207118009	3.2495363399999997	1.7336812712481615	GP_unb_15	178:313	5	0.0	0.21943104000000002	1.0970308110646507	5	-0.7363182419276735	8.95442232	0.07436610529839704	56:6602,81:1207,99:776,102:704,106:660,107:654,123:533,130:478,147:413,151:392,203:240,219:211,221:210,226:202,232:187,255:151,262:146,266:144,279:136,286:131,295:127,298:126,309:117,314:110,315:105,322:102	0	False	0
ecol-SAMN01112701	GP_2	54:8757,105:668,108:647,111:605,113:604,167:336,179:311,192:287	5	-0.0206891207118009	3.2495363399999997	1.7336812712481615	GP_unb_16	182:309	4	0.0	0.05418690000000004	0.991617433264252	5	-1.4024351268253246	8.906001142000001	0.07436614196774437	20:96256,42:21285,63:3755,69:2398,81:1207,99:776,102:704,106:660,107:654,130:478,147:413,151:392,159:367,169:333,174:324,177:316,219:211,220:211,221:210,226:202,232:187,249:157,255:151,262:146,266:144,279:136,285:131,286:131,295:127,298:126,300:122,309:117,314:110,315:105,322:102	0	False	0
ecol-SAMN01112701	GP_2	54:8757,105:668,108:647,111:605,113:604,167:336,179:311,192:287	5	-0.0206891207118009	3.2495363399999997	1.7336812712481615	GP_unb_17	185:300	5	0.0	0.2126051	0.9330716300310163	5	-1.065292615853732	9.251197112000002	0.07436610529839517	20:96256,42:21285,63:3755,69:2398,81:1207,88:942,99:776,102:704,106:660,107:654,130:478,147:413,151:392,159:367,169:333,174:324,177:316,203:240,219:211,220:211,221:210,226:202,232:187,255:151,262:146,266:144,279:136,285:131,286:131,295:127,298:126,300:122,309:117,312:112,314:110,315:105,322:102	0	False	0
ecol-SAMN01112701	GP_2	54:8757,105:668,108:647,111:605,113:604,167:336,179:311,192:287	5	-0.0206891207118009	3.2495363399999997	1.7336812712481615	GP_unb_18	189:287	4	0.0	0.04945266000000004	1.0034222018508572	5	-1.40317455251185	8.901266902000001	0.07436610529836504	20:96256,42:21285,63:3755,69:2398,81:1207,99:776,102:704,106:660,107:654,130:478,147:413,151:392,159:367,169:333,174:324,177:316,219:211,220:211,221:210,226:202,232:187,249:157,255:151,262:146,266:144,279:136,285:131,286:131,295:127,298:126,300:122,309:117,314:110,315:105,322:102	0	False	0
ecol-SAMN01112701	GP_2	54:8757,105:668,108:647,111:605,113:604,167:336,179:311,192:287	5	-0.0206891207118009	3.2495363399999997	1.7336812712481615	GP_unb_19	202:244	5	0.0	0.40599419999999997	1.9775686900868625	5	-1.1211405514147665	8.835204184800002	0.07436610529839527	4:284609,20:96256,27:58524,42:21285,63:3755,72:1892,74:1726,81:1207,99:776,102:704,106:660,107:654,130:478,147:413,151:392,154:382,159:367,161:360,169:333,174:324,177:316,181:309,203:240,219:211,220:211,221:210,223:206,226:202,230:198,232:187,236:179,238:176,239:175,242:168,247:162,255:151,262:146,266:144,279:136,285:131,286:131,295:127,298:126,300:122,309:117,311:113,314:110,315:105,322:102	0	False	0
ecol-SAMN01112701	GP_2	54:8757,105:668,108:647,111:605,113:604,167:336,179:311,192:287	5	-0.0206891207118009	3.2495363399999997	1.7336812712481615	GP_unb_20	204:239	5	0.0	0.20602010000000004	1.7901377597934867	5	-1.1127391608338568	6.935160365999999	0.07436610529839527	20:96256,42:21285,50:12107,57:6074,60:4186,63:3755,69:2398,81:1207,86:1077,88:942,99:776,102:704,106:660,107:654,126:507,130:478,133:460,147:413,151:392,159:367,169:333,174:324,177:316,203:240,219:211,220:211,221:210,226:202,232:187,255:151,262:146,266:144,279:136,285:131,286:131,295:127,298:126,300:122,309:117,314:110,315:105,322:102	0	False	0
ecol-SAMN01112701	GP_2	54:8757,105:668,108:647,111:605,113:604,167:336,179:311,192:287	5	-0.0206891207118009	3.2495363399999997	1.7336812712481615	GP_unb_21	208:231	5	0.0	0.13450324999999996	0.9849895534265605	5	-0.7363182419276735	8.84661108	0.07436610529839527	56:6602,81:1207,99:776,102:704,106:660,107:654,130:478,147:413,151:392,203:240,219:211,221:210,226:202,232:187,255:151,262:146,266:144,272:140,279:136,286:131,295:127,298:126,309:117,314:110,315:105,322:102	0	False	0
ecol-SAMN01112701	GP_2	54:8757,105:668,108:647,111:605,113:604,167:336,179:311,192:287	5	-0.0206891207118009	3.2495363399999997	1.7336812712481615	GP_unb_22	214:221	5	0.0	0.03741753000000003	1.924123851650221	5	-1.3303867732276198	6.063899728999999	0.07436610529839527	20:96256,42:21285,56:6602,63:3755,67:2909,69:2398,81:1207,88:942,99:776,102:704,106:660,107:654,130:478,147:413,151:392,159:367,169:333,177:316,198:262,203:240,219:211,220:211,221:210,226:202,232:187,245:164,255:151,257:149,262:146,266:144,267:143,279:136,285:131,286:131,295:127,298:126,300:122,309:117,314:110,315:105,320:103,322:102	0	False	0
ecol-SAMN01112701	GP_2	54:8757,105:668,108:647,111:605,113:604,167:336,179:311,192:287	5	-0.0206891207118009	3.2495363399999997	1.7336812712481615	GP_unb_23	215:219	5	0.0	0.41962540000000004	2.1238938301946746	5	-0.0206891207118009	3.66916174	1.7336812712474057		0	False	0
ecol-SAMN01112701	GP_2	54:8757,105:668,108:647,111:605,113:604,167:336,179:311,192:287	5	-0.0206891207118009	3.2495363399999997	1.7336812712481615	GP_unb_24	222:207	5	0.0	0.38605213000000005	1.797187439366288	5	-0.7363182419276735	8.73842391	0.07436610529839527	56:6602,81:1207,99:776,102:704,106:660,107:654,123:533,130:478,147:413,151:392,203:240,219:211,221:210,226:202,232:187,255:151,266:144,279:136,286:131,295:127,298:126,309:117,314:110,315:105,322:102	0	False	0
ecol-SAMN01112701	GP_2	54:8757,105:668,108:647,111:605,113:604,167:336,179:311,192:287	5	-0.0206891207118009	3.2495363399999997	1.7336812712481615	GP_unb_25	227:201	4	0.0	0.23485670000000003	1.1263078766017303	5	-1.07653466096295	9.273448712	0.07436610529839527	20:96256,42:21285,63:3755,69:2398,81:1207,88:942,99:776,102:704,106:660,107:654,130:478,147:413,151:392,159:367,169:333,174:324,177:316,203:240,219:211,220:211,221:210,226:202,232:187,255:151,262:146,266:144,279:136,285:131,286:131,295:127,298:126,300:122,309:117,312:112,314:110,315:105,322:102	0	False	0
ecol-SAMN01112701	GP_2	54:8757,105:668,108:647,111:605,113:604,167:336,179:311,192:287	5	-0.0206891207118009	3.2495363399999997	1.7336812712481615	GP_unb_26	233:183	5	0.0	0.3434766	1.9317415548663033	0	0	0	0		1	False	0
ecol-SAMN01112701	GP_2	54:8757,105:668,108:647,111:605,113:604,167:336,179:311,192:287	5	-0.0206891207118009	3.2495363399999997	1.7336812712481615	GP_unb_27	240:174	5	0.0	0.19527989999999995	4.310455853033725	5	-1.0503397276254474	8.681313541999998	0.07436610529839527	20:96256,30:46444,56:6602,63:3755,81:1207,99:776,102:704,106:660,107:654,130:478,147:413,151:392,159:367,169:333,203:240,219:211,221:210,226:202,232:187,255:151,262:146,266:144,279:136,286:131,295:127,298:126,300:122,309:117,314:110,315:105,322:102	0	False	0
ecol-SAMN01112701	GP_2	54:8757,105:668,108:647,111:605,113:604,167:336,179:311,192:287	5	-0.0206891207118009	3.2495363399999997	1.7336812712481615	GP_unb_28	246:164	4	0.0	0.2738041	2.0236714011343597	5	-1.225770294673119	9.341145972	0.07436610529839527	20:96256,42:21285,63:3755,69:2398,81:1207,88:942,99:776,102:704,106:660,107:654,130:478,147:413,151:392,159:367,169:333,174:324,177:316,191:287,203:240,219:211,220:211,221:210,226:202,232:187,255:151,262:146,266:144,279:136,285:131,286:131,295:127,298:126,300:122,309:117,314:110,315:105,322:102	0	False	0
ecol-SAMN01112701	GP_2	54:8757,105:668,108:647,111:605,113:604,167:336,179:311,192:287	5	-0.0206891207118009	3.2495363399999997	1.7336812712481615	GP_unb_29	248:158	5	0.0	0.28286659999999997	2.1864186109291124	5	-1.065292615853732	9.698237112000001	0.07436610529839527	20:96256,42:21285,63:3755,69:2398,81:1207,88:942,99:776,102:704,106:660,107:654,130:478,147:413,151:392,159:367,169:333,174:324,177:316,203:240,219:211,220:211,221:210,226:202,232:187,255:151,262:146,266:144,279:136,285:131,286:131,295:127,298:126,300:122,309:117,312:112,314:110,315:105,316:105,322:102	0	False	0
ecol-SAMN01112701	GP_2	54:8757,105:668,108:647,111:605,113:604,167:336,179:311,192:287	5	-0.0206891207118009	3.2495363399999997	1.7336812712481615	GP_unb_30	260:146	4	0.0	0.39339566000000004	2.1859574432187254	0	0	0	0		1	False	0
ecol-SAMN01112701	GP_2	54:8757,105:668,108:647,111:605,113:604,167:336,179:311,192:287	5	-0.0206891207118009	3.2495363399999997	1.7336812712481615	GP_unb_31	273:140	5	0.0	0.38150536999999995	2.8105922349480763	5	-0.0206891207118009	3.63104171	1.7336812712474057		0	False	0
ecol-SAMN01112701	GP_2	54:8757,105:668,108:647,111:605,113:604,167:336,179:311,192:287	5	-0.0206891207118009	3.2495363399999997	1.7336812712481615	GP_unb_32	274:139	5	0.0	0.19092076999999996	1.170658462288024	0	0	0	0		1	False	0
ecol-SAMN01112701	GP_2	54:8757,105:668,108:647,111:605,113:604,167:336,179:311,192:287	5	-0.0206891207118009	3.2495363399999997	1.7336812712481615	GP_unb_33	283:133	4	0.0	0.2668475	2.670432400968452	0	0	0	0		1	False	0
ecol-SAMN01112701	GP_2	54:8757,105:668,108:647,111:605,113:604,167:336,179:311,192:287	5	-0.0206891207118009	3.2495363399999997	1.7336812712481615	GP_unb_34	287:130	4	0.0	0.29629713	2.5623490308448087	5	-1.1291615840970093	9.240138012	0.07436610529839612	20:96256,42:21285,63:3755,69:2398,81:1207,99:776,102:704,106:660,107:654,130:478,147:413,151:392,159:367,169:333,174:324,177:316,203:240,219:211,220:211,221:210,226:202,232:187,255:151,262:146,266:144,279:136,285:131,286:131,295:127,298:126,300:122,309:117,314:110,315:105,322:102	0	False	0
ecol-SAMN01112701	GP_2	54:8757,105:668,108:647,111:605,113:604,167:336,179:311,192:287	5	-0.0206891207118009	3.2495363399999997	1.7336812712481615	GP_unb_35	313:112	5	0.0	0.28078353	0.8552439549067963	5	-1.065292615853732	9.696154042000002	0.07436610529839527	20:96256,42:21285,63:3755,69:2398,81:1207,88:942,99:776,102:704,106:660,107:654,130:478,147:413,151:392,159:367,169:333,174:324,177:316,203:240,219:211,220:211,221:210,226:202,232:187,255:151,262:146,266:144,279:136,285:131,286:131,295:127,298:126,300:122,309:117,312:112,314:110,315:105,316:105,322:102	0	False	0
ecol-SAMN01112701	GP_2	54:8757,105:668,108:647,111:605,113:604,167:336,179:311,192:287	5	-0.0206891207118009	3.2495363399999997	1.7336812712481615	GP_unb_36	319:104	5	0.0	0.21905034999999995	1.9329816460875262	5	-1.1211405514147665	8.6314361948	0.07436610529839527	4:284609,20:96256,27:58524,42:21285,63:3755,72:1892,74:1726,81:1207,95:913,99:776,102:704,106:660,107:654,130:478,147:413,151:392,154:382,159:367,161:360,169:333,174:324,177:316,181:309,194:286,203:240,219:211,220:211,221:210,223:206,226:202,230:198,232:187,236:179,237:177,238:176,239:175,242:168,247:162,255:151,262:146,266:144,279:136,285:131,286:131,295:127,298:126,300:122,309:117,311:113,314:110,315:105,318:104,322:102	0	False	0
ecol-SAMN01112701	GP_2	54:8757,105:668,108:647,111:605,113:604,167:336,179:311,192:287	5	-0.0206891207118009	3.2495363399999997	1.7336812712481615	GP_unb_37	324:102	5	0.0	0.3652071	1.9642623144432667	5	-0.9521926043728692	8.343214871999999	0.07436610529839527	20:96256,42:21285,63:3755,81:1207,99:776,102:704,107:654,130:478,147:413,151:392,159:367,169:333,174:324,177:316,203:240,219:211,220:211,221:210,226:202,232:187,255:151,262:146,266:144,279:136,285:131,286:131,298:126,300:122,314:110,315:105	0	False	0
ecol-SAMN01112701	GP_unb_1	97:867	5	0.0	0.224001	1.8771606691430995	GP_unb_2	134:460	5	0.0	0.10844399999999998	0.8941591984680233	5	-1.3340947143807156	6.327245023000001	0.07436610529839527	6:255771,20:96256,27:58524,42:21285,61:3997,63:3755,69:2398,72:1892,74:1726,81:1207,88:942,98:815,99:776,102:704,106:660,107:654,112:605,130:478,147:413,148:407,151:392,154:382,159:367,161:360,169:333,177:316,179:311,192:287,203:240,219:211,220:211,221:210,226:202,232:187,236:179,238:176,239:175,242:168,255:151,262:146,266:144,279:136,285:131,286:131,295:127,298:126,300:122,309:117,311:113,314:110,315:105,322:102	0	False	0
ecol-SAMN01112701	GP_unb_1	97:867	5	0.0	0.224001	1.8771606691430995	GP_unb_3	136:450	4	0.0	0.12189289999999997	1.0337130468282067	5	-1.3888559542648495	5.9593771988	0.07436610529839527	4:284609,20:96256,27:58524,42:21285,61:3997,63:3755,69:2398,72:1892,74:1726,81:1207,98:815,99:776,102:704,106:660,107:654,112:605,147:413,148:407,151:392,154:382,159:367,161:360,169:333,174:324,177:316,179:311,192:287,219:211,220:211,221:210,226:202,232:187,236:179,238:176,239:175,242:168,255:151,262:146,266:144,279:136,285:131,286:131,295:127,298:126,300:122,309:117,311:113,314:110,315:105,322:102	0	False	0
ecol-SAMN01112701	GP_unb_1	97:867	5	0.0	0.224001	1.8771606691430995	GP_unb_4	137:448	5	0.0	0.2567671	2.019996119442437	0	0	0	0		1	False	0
ecol-SAMN01112701	GP_unb_1	97:867	5	0.0	0.224001	1.8771606691430995	GP_unb_5	139:439	4	0.0	0.3097442	2.6042281205447404	0	0	0	0		1	False	0
ecol-SAMN01112701	GP_unb_1	97:867	5	0.0	0.224001	1.8771606691430995	GP_unb_6	140:436	4	0.0	0.11835269999999998	0.8474462838037338	5	-1.4039137792961849	6.3503424288	0.07436610529839527	4:284609,20:96256,27:58524,42:21285,61:3997,63:3755,69:2398,72:1892,74:1726,81:1207,88:942,98:815,99:776,102:704,106:660,107:654,112:605,147:413,148:407,151:392,154:382,159:367,161:360,169:333,174:324,177:316,179:311,191:287,192:287,203:240,219:211,220:211,221:210,226:202,232:187,236:179,238:176,239:175,242:168,255:151,262:146,266:144,279:136,285:131,286:131,295:127,298:126,300:122,309:117,311:113,314:110,315:105,322:102	0	False	0
ecol-SAMN01112701	GP_unb_1	97:867	5	0.0	0.224001	1.8771606691430995	GP_unb_7	141:435	5	0.0	0.02282196000000003	0.976545122729663	5	-1.0864025998698918	8.316211061999999	0.07436610529839527	20:96256,42:21285,61:3997,63:3755,74:1726,81:1207,99:776,102:704,106:660,107:654,130:478,147:413,148:407,151:392,154:382,159:367,161:360,169:333,174:324,177:316,192:287,203:240,219:211,220:211,221:210,223:206,226:202,232:187,236:179,239:175,242:168,247:162,255:151,262:146,266:144,279:136,285:131,286:131,295:127,298:126,300:122,309:117,311:113,314:110,315:105,322:102	0	False	0
ecol-SAMN01112701	GP_unb_1	97:867	5	0.0	0.224001	1.8771606691430995	GP_unb_8	143:420	5	0.0	0.41984889999999997	1.5287090959706877	5	-1.2368518125660117	7.506835208799999	0.07436610529839527	4:284609,20:96256,27:58524,42:21285,54:8757,61:3997,63:3755,72:1892,74:1726,81:1207,98:815,99:776,102:704,106:660,107:654,108:647,112:605,130:478,147:413,148:407,151:392,154:382,159:367,161:360,169:333,174:324,177:316,179:311,192:287,203:240,219:211,220:211,221:210,226:202,232:187,236:179,238:176,239:175,242:168,255:151,262:146,266:144,279:136,285:131,286:131,295:127,298:126,300:122,309:117,311:113,314:110,315:105,322:102	0	False	0
ecol-SAMN01112701	GP_unb_1	97:867	5	0.0	0.224001	1.8771606691430995	GP_unb_9	144:420	5	0.0	0.43514909999999996	1.922183572868716	5	-1.2368518125660117	7.5221354088	0.07436610529839527	4:284609,20:96256,27:58524,42:21285,54:8757,61:3997,63:3755,72:1892,74:1726,81:1207,98:815,99:776,102:704,106:660,107:654,108:647,112:605,130:478,147:413,148:407,151:392,154:382,159:367,161:360,169:333,174:324,177:316,179:311,192:287,203:240,219:211,220:211,221:210,226:202,232:187,236:179,238:176,239:175,242:168,255:151,262:146,266:144,279:136,285:131,286:131,295:127,298:126,300:122,309:117,311:113,314:110,315:105,322:102	0	False	0
ecol-SAMN01112701	GP_unb_1	97:867	5	0.0	0.224001	1.8771606691430995	GP_unb_10	150:396	4	0.0	0.2693073	1.220826221321133	5	-1.2395158457302364	6.252772803	0.07436610529839527	6:255771,20:96256,27:58524,61:3997,63:3755,69:2398,72:1892,74:1726,81:1207,88:942,98:815,99:776,102:704,106:660,107:654,112:605,130:478,147:413,148:407,151:392,154:382,159:367,161:360,169:333,174:324,177:316,179:311,192:287,203:240,219:211,220:211,221:210,226:202,232:187,236:179,238:176,239:175,242:168,255:151,262:146,266:144,279:136,285:131,286:131,295:127,298:126,300:122,309:117,311:113,314:110,315:105,322:102	0	False	0
ecol-SAMN01112701	GP_unb_1	97:867	5	0.0	0.224001	1.8771606691430995	GP_unb_11	153:383	5	0.0	0.3848397	2.055503221143977	5	-1.0864025998698918	8.591479042000001	0.07436610529839527	20:96256,42:21285,61:3997,63:3755,74:1726,81:1207,98:815,99:776,102:704,106:660,107:654,130:478,147:413,148:407,151:392,154:382,159:367,161:360,169:333,174:324,177:316,179:311,192:287,203:240,219:211,220:211,221:210,226:202,232:187,236:179,239:175,242:168,255:151,262:146,266:144,279:136,285:131,286:131,295:127,298:126,300:122,309:117,311:113,314:110,315:105,322:102	0	False	0
ecol-SAMN01112701	GP_unb_1	97:867	5	0.0	0.224001	1.8771606691430995	GP_unb_12	155:380	5	0.0	0.4016273	2.0286880059839323	5	-1.0864025998698918	9.909782821999997	0.0743661052985521	20:96256,42:21285,61:3997,63:3755,74:1726,81:1207,95:913,99:776,102:704,106:660,107:654,113:604,130:478,147:413,148:407,151:392,154:382,159:367,161:360,169:333,174:324,177:316,183:305,192:287,194:286,203:240,219:211,220:211,221:210,223:206,226:202,232:187,236:179,237:177,239:175,242:168,247:162,255:151,261:146,262:146,266:144,279:136,285:131,286:131,290:129,295:127,298:126,300:122,309:117,311:113,314:110,315:105,318:104,322:102	0	False	0
ecol-SAMN01112701	GP_unb_1	97:867	5	0.0	0.224001	1.8771606691430995	GP_unb_13	165:347	5	0.0	0.04569219999999996	1.2150090479743179	5	-1.628798222704344	3.576978712	0.07436610529839527	6:255771,27:58524,42:21285,51:11306,61:3997,63:3755,69:2398,72:1892,74:1726,81:1207,98:815,99:776,102:704,106:660,107:654,112:605,115:577,121:549,125:519,130:478,147:413,148:407,151:392,154:382,159:367,161:360,169:333,174:324,176:320,177:316,179:311,192:287,196:274,203:240,219:211,220:211,221:210,226:202,232:187,236:179,238:176,239:175,242:168,255:151,262:146,266:144,276:136,279:136,285:131,286:131,291:129,295:127,298:126,300:122,309:117,311:113,314:110,315:105,322:102	0	False	0
ecol-SAMN01112701	GP_unb_1	97:867	5	0.0	0.224001	1.8771606691430995	GP_unb_14	172:325	5	0.0	0.24008810000000003	1.5319710139222031	5	-1.2766934014245532	3.5662433389999997	0.07436610529834149	6:255771,20:96256,27:58524,44:18777,51:11306,61:3997,69:2398,72:1892,74:1726,81:1207,98:815,99:776,102:704,106:660,107:654,109:644,112:605,117:564,130:478,147:413,148:407,149:403,151:392,154:382,160:366,161:360,174:324,177:316,179:311,192:287,203:240,219:211,221:210,226:202,231:188,232:187,236:179,238:176,239:175,242:168,255:151,262:146,266:144,279:136,286:131,295:127,298:126,300:122,309:117,311:113,314:110,315:105,322:102	0	False	0
ecol-SAMN01112701	GP_unb_1	97:867	5	0.0	0.224001	1.8771606691430995	GP_unb_15	178:313	5	0.0	0.21943104000000002	1.0970308110646507	5	-1.3925812701249332	6.905255210999999	0.07436610529839527	6:255771,27:58524,42:21285,51:11306,61:3997,63:3755,69:2398,72:1892,74:1726,81:1207,98:815,99:776,102:704,106:660,107:654,112:605,123:533,130:478,147:413,148:407,151:392,154:382,159:367,161:360,169:333,174:324,177:316,179:311,192:287,203:240,219:211,220:211,221:210,226:202,232:187,236:179,238:176,239:175,242:168,255:151,262:146,266:144,279:136,285:131,286:131,295:127,298:126,300:122,309:117,311:113,314:110,315:105,322:102	0	False	0
ecol-SAMN01112701	GP_unb_1	97:867	5	0.0	0.224001	1.8771606691430995	GP_unb_16	182:309	4	0.0	0.05418690000000004	0.991617433264252	5	-1.5546387294934676	6.0706489988	0.07436610529839527	4:284609,20:96256,27:58524,42:21285,61:3997,63:3755,69:2398,72:1892,74:1726,81:1207,98:815,99:776,102:704,106:660,107:654,112:605,147:413,148:407,151:392,154:382,159:367,161:360,169:333,174:324,177:316,179:311,192:287,219:211,220:211,221:210,226:202,232:187,236:179,238:176,239:175,242:168,249:157,255:151,262:146,266:144,279:136,285:131,286:131,295:127,298:126,300:122,309:117,311:113,314:110,315:105,322:102	0	False	0
ecol-SAMN01112701	GP_unb_1	97:867	5	0.0	0.224001	1.8771606691430995	GP_unb_17	185:300	5	0.0	0.2126051	0.9330716300310163	5	-1.217496218521875	6.4158449688	0.07436610529839527	4:284609,20:96256,27:58524,42:21285,61:3997,63:3755,69:2398,72:1892,74:1726,81:1207,88:942,98:815,99:776,102:704,106:660,107:654,112:605,147:413,148:407,151:392,154:382,159:367,161:360,169:333,174:324,177:316,179:311,192:287,203:240,219:211,220:211,221:210,226:202,232:187,236:179,238:176,239:175,242:168,255:151,262:146,266:144,279:136,285:131,286:131,295:127,298:126,300:122,309:117,311:113,312:112,314:110,315:105,322:102	0	False	0
ecol-SAMN01112701	GP_unb_1	97:867	5	0.0	0.224001	1.8771606691430995	GP_unb_18	189:287	4	0.0	0.04945266000000004	1.0034222018508572	5	-1.555378155179993	6.065914758800001	0.07436610529839527	4:284609,20:96256,27:58524,42:21285,61:3997,63:3755,69:2398,72:1892,74:1726,81:1207,98:815,99:776,102:704,106:660,107:654,112:605,147:413,148:407,151:392,154:382,159:367,161:360,169:333,174:324,177:316,179:311,192:287,219:211,220:211,221:210,226:202,232:187,236:179,238:176,239:175,242:168,249:157,255:151,262:146,266:144,279:136,285:131,286:131,295:127,298:126,300:122,309:117,311:113,314:110,315:105,322:102	0	False	0
ecol-SAMN01112701	GP_unb_1	97:867	5	0.0	0.224001	1.8771606691430995	GP_unb_19	202:244	5	0.0	0.40599419999999997	1.9775686900868625	5	-1.0864025998698918	8.699383302	0.0743661052982858	20:96256,42:21285,61:3997,63:3755,74:1726,81:1207,99:776,102:704,106:660,107:654,130:478,147:413,148:407,151:392,154:382,159:367,161:360,169:333,174:324,177:316,192:287,203:240,219:211,220:211,221:210,223:206,226:202,232:187,236:179,239:175,242:168,247:162,255:151,262:146,266:144,279:136,285:131,286:131,295:127,298:126,300:122,309:117,311:113,314:110,315:105,322:102	0	False	0
ecol-SAMN01112701	GP_unb_1	97:867	5	0.0	0.224001	1.8771606691430995	GP_unb_20	204:239	5	0.0	0.20602010000000004	1.7901377597934867	5	-1.0490573027896686	3.924261842799999	0.07436610529839527	4:284609,20:96256,27:58524,42:21285,50:12107,57:6074,60:4186,61:3997,63:3755,72:1892,74:1726,81:1207,86:1077,98:815,99:776,102:704,106:660,112:605,133:460,147:413,148:407,151:392,154:382,159:367,161:360,169:333,174:324,177:316,179:311,192:287,203:240,219:211,220:211,221:210,226:202,232:187,236:179,238:176,239:175,242:168,255:151,262:146,266:144,279:136,285:131,286:131,295:127,298:126,300:122,309:117,311:113,314:110,315:105,322:102	0	False	0
ecol-SAMN01112701	GP_unb_1	97:867	5	0.0	0.224001	1.8771606691430995	GP_unb_21	208:231	5	0.0	0.13450324999999996	0.9849895534265605	5	-1.3925812701249332	6.797443971	0.07436610529839538	6:255771,27:58524,42:21285,51:11306,61:3997,63:3755,69:2398,72:1892,74:1726,81:1207,98:815,99:776,102:704,106:660,107:654,112:605,130:478,147:413,148:407,151:392,154:382,159:367,161:360,169:333,174:324,177:316,179:311,192:287,203:240,219:211,220:211,221:210,226:202,232:187,236:179,238:176,239:175,242:168,255:151,262:146,266:144,272:140,279:136,285:131,286:131,295:127,298:126,300:122,309:117,311:113,314:110,315:105,322:102	0	False	0
ecol-SAMN01112701	GP_unb_1	97:867	5	0.0	0.224001	1.8771606691430995	GP_unb_22	214:221	5	0.0	0.03741753000000003	1.924123851650221	5	-1.4984435660262376	2.9821738607999997	0.07436610529839527	4:284609,20:96256,27:58524,42:21285,61:3997,63:3755,72:1892,74:1726,75:1701,81:1207,98:815,99:776,102:704,106:660,107:654,112:605,147:413,148:407,151:392,154:382,159:367,161:360,169:333,174:324,177:316,179:311,192:287,198:262,203:240,207:237,219:211,220:211,221:210,226:202,232:187,236:179,238:176,239:175,242:168,244:166,245:164,255:151,257:149,262:146,266:144,267:143,279:136,285:131,286:131,295:127,298:126,300:122,309:117,311:113,314:110,315:105,320:103,322:102	0	False	0
ecol-SAMN01112701	GP_unb_1	97:867	5	0.0	0.224001	1.8771606691430995	GP_unb_23	215:219	5	0.0	0.41962540000000004	2.1238938301946746	5	-1.2368518125660117	7.5066117088	0.07436610529839527	4:284609,20:96256,27:58524,42:21285,54:8757,61:3997,63:3755,72:1892,74:1726,81:1207,98:815,99:776,102:704,106:660,107:654,108:647,112:605,130:478,147:413,148:407,151:392,154:382,159:367,161:360,169:333,174:324,177:316,179:311,192:287,203:240,219:211,220:211,221:210,226:202,232:187,236:179,238:176,239:175,242:168,255:151,262:146,266:144,279:136,285:131,286:131,295:127,298:126,300:122,309:117,311:113,314:110,315:105,322:102	0	False	0
ecol-SAMN01112701	GP_unb_1	97:867	5	0.0	0.224001	1.8771606691430995	GP_unb_24	222:207	5	0.0	0.38605213000000005	1.797187439366288	5	-1.3925812701249332	6.689256801000001	0.07436610529839527	6:255771,27:58524,42:21285,51:11306,61:3997,63:3755,69:2398,72:1892,74:1726,81:1207,98:815,99:776,102:704,106:660,107:654,112:605,123:533,130:478,147:413,148:407,151:392,154:382,159:367,161:360,169:333,174:324,177:316,179:311,192:287,203:240,219:211,220:211,221:210,226:202,232:187,236:179,238:176,239:175,242:168,255:151,266:144,279:136,285:131,286:131,295:127,298:126,300:122,309:117,311:113,314:110,315:105,322:102	0	False	0
ecol-SAMN01112701	GP_unb_1	97:867	5	0.0	0.224001	1.8771606691430995	GP_unb_25	227:201	4	0.0	0.23485670000000003	1.1263078766017303	5	-1.228738263631093	6.438096568800001	0.07436610529839532	4:284609,20:96256,27:58524,42:21285,61:3997,63:3755,69:2398,72:1892,74:1726,81:1207,88:942,98:815,99:776,102:704,106:660,107:654,112:605,147:413,148:407,151:392,154:382,159:367,161:360,169:333,174:324,177:316,179:311,192:287,203:240,219:211,220:211,221:210,226:202,232:187,236:179,238:176,239:175,242:168,255:151,262:146,266:144,279:136,285:131,286:131,295:127,298:126,300:122,309:117,311:113,312:112,314:110,315:105,322:102	0	False	0
ecol-SAMN01112701	GP_unb_1	97:867	5	0.0	0.224001	1.8771606691430995	GP_unb_26	233:183	5	0.0	0.3434766	1.9317415548663033	0	0	0	0		1	False	0
ecol-SAMN01112701	GP_unb_1	97:867	5	0.0	0.224001	1.8771606691430995	GP_unb_27	240:174	5	0.0	0.19527989999999995	4.310455853033725	5	-1.4260700396299641	6.524884543	0.07436610529879649	6:255771,20:96256,27:58524,42:21285,51:11306,61:3997,63:3755,69:2398,72:1892,74:1726,81:1207,98:815,99:776,102:704,106:660,107:654,112:605,130:478,147:413,148:407,151:392,154:382,159:367,161:360,169:333,174:324,177:316,179:311,192:287,203:240,219:211,221:210,226:202,232:187,236:179,238:176,239:175,242:168,255:151,262:146,266:144,279:136,286:131,295:127,298:126,300:122,309:117,311:113,314:110,315:105,322:102	0	False	0
ecol-SAMN01112701	GP_unb_1	97:867	5	0.0	0.224001	1.8771606691430995	GP_unb_28	246:164	4	0.0	0.2738041	2.0236714011343597	5	-1.377973897341262	6.5057938288	0.07436610529839527	4:284609,20:96256,27:58524,42:21285,61:3997,63:3755,69:2398,72:1892,74:1726,81:1207,88:942,98:815,99:776,102:704,106:660,107:654,112:605,147:413,148:407,151:392,154:382,159:367,161:360,169:333,174:324,177:316,179:311,191:287,192:287,203:240,219:211,220:211,221:210,226:202,232:187,236:179,238:176,239:175,242:168,255:151,262:146,266:144,279:136,285:131,286:131,295:127,298:126,300:122,309:117,311:113,314:110,315:105,322:102	0	False	0
ecol-SAMN01112701	GP_unb_1	97:867	5	0.0	0.224001	1.8771606691430995	GP_unb_29	248:158	5	0.0	0.28286659999999997	2.1864186109291124	5	-1.217496218521875	6.862884968800001	0.07436610529839527	4:284609,20:96256,27:58524,42:21285,61:3997,63:3755,69:2398,72:1892,74:1726,81:1207,88:942,98:815,99:776,102:704,106:660,107:654,112:605,147:413,148:407,151:392,154:382,159:367,161:360,169:333,174:324,177:316,179:311,192:287,203:240,219:211,220:211,221:210,226:202,232:187,236:179,238:176,239:175,242:168,255:151,262:146,266:144,279:136,285:131,286:131,295:127,298:126,300:122,309:117,311:113,312:112,314:110,315:105,316:105,322:102	0	False	0
ecol-SAMN01112701	GP_unb_1	97:867	5	0.0	0.224001	1.8771606691430995	GP_unb_30	260:146	4	0.0	0.39339566000000004	2.1859574432187254	0	0	0	0		1	False	0
ecol-SAMN01112701	GP_unb_1	97:867	5	0.0	0.224001	1.8771606691430995	GP_unb_31	273:140	5	0.0	0.38150536999999995	2.8105922349480763	5	-1.0861825678660013	6.572014502000001	0.07436610529891677	20:96256,42:21285,61:3997,63:3755,81:1207,99:776,102:704,106:660,107:654,130:478,147:413,148:407,151:392,159:367,169:333,174:324,177:316,192:287,203:240,219:211,220:211,221:210,226:202,232:187,255:151,262:146,266:144,279:136,285:131,286:131,295:127,298:126,300:122,309:117,314:110,315:105,322:102	0	False	0
ecol-SAMN01112701	GP_unb_1	97:867	5	0.0	0.224001	1.8771606691430995	GP_unb_32	274:139	5	0.0	0.19092076999999996	1.170658462288024	0	0	0	0		1	False	0
ecol-SAMN01112701	GP_unb_1	97:867	5	0.0	0.224001	1.8771606691430995	GP_unb_33	283:133	4	0.0	0.2668475	2.670432400968452	0	0	0	0		1	False	0
ecol-SAMN01112701	GP_unb_1	97:867	5	0.0	0.224001	1.8771606691430995	GP_unb_34	287:130	4	0.0	0.29629713	2.5623490308448087	5	-1.2813651867651523	6.4047858688	0.07436610529839527	4:284609,20:96256,27:58524,42:21285,61:3997,63:3755,69:2398,72:1892,74:1726,81:1207,98:815,99:776,102:704,106:660,107:654,112:605,147:413,148:407,151:392,154:382,159:367,161:360,169:333,174:324,177:316,179:311,192:287,203:240,219:211,220:211,221:210,226:202,232:187,236:179,238:176,239:175,242:168,255:151,262:146,266:144,279:136,285:131,286:131,295:127,298:126,300:122,309:117,311:113,314:110,315:105,322:102	0	False	0
ecol-SAMN01112701	GP_unb_1	97:867	5	0.0	0.224001	1.8771606691430995	GP_unb_35	313:112	5	0.0	0.28078353	0.8552439549067963	5	-1.217496218521875	6.860801898800002	0.07436610529839527	4:284609,20:96256,27:58524,42:21285,61:3997,63:3755,69:2398,72:1892,74:1726,81:1207,88:942,98:815,99:776,102:704,106:660,107:654,112:605,147:413,148:407,151:392,154:382,159:367,161:360,169:333,174:324,177:316,179:311,192:287,203:240,219:211,220:211,221:210,226:202,232:187,236:179,238:176,239:175,242:168,255:151,262:146,266:144,279:136,285:131,286:131,295:127,298:126,300:122,309:117,311:113,312:112,314:110,315:105,316:105,322:102	0	False	0
ecol-SAMN01112701	GP_unb_1	97:867	5	0.0	0.224001	1.8771606691430995	GP_unb_36	319:104	5	0.0	0.21905034999999995	1.9329816460875262	5	-1.0864025998698918	8.495615312	0.07436610529839527	20:96256,42:21285,61:3997,63:3755,74:1726,81:1207,95:913,99:776,102:704,106:660,107:654,130:478,147:413,148:407,151:392,154:382,159:367,161:360,169:333,174:324,177:316,192:287,194:286,203:240,219:211,220:211,221:210,223:206,226:202,232:187,236:179,237:177,239:175,242:168,247:162,255:151,262:146,266:144,279:136,285:131,286:131,295:127,298:126,300:122,309:117,311:113,314:110,315:105,318:104,322:102	0	False	0
ecol-SAMN01112701	GP_unb_1	97:867	5	0.0	0.224001	1.8771606691430995	GP_unb_37	324:102	5	0.0	0.3652071	1.9642623144432667	5	-1.2487437473422174	6.140536723000001	0.07436610529839527	6:255771,20:96256,27:58524,42:21285,61:3997,63:3755,69:2398,72:1892,74:1726,81:1207,88:942,98:815,99:776,102:704,106:660,107:654,112:605,130:478,147:413,148:407,154:382,159:367,161:360,169:333,177:316,179:311,192:287,203:240,220:211,221:210,226:202,232:187,236:179,238:176,239:175,242:168,262:146,266:144,279:136,285:131,286:131,295:127,298:126,300:122,309:117,311:113,315:105,322:102	0	False	0
ecol-SAMN01112701	GP_unb_2	134:460	5	0.0	0.10844399999999998	0.8941591984680233	GP_unb_3	136:450	4	0.0	0.12189289999999997	1.0337130468282067	5	-1.3666324755849162	5.874108388800001	0.07436610529839527	4:284609,20:96256,27:58524,42:21285,63:3755,69:2398,72:1892,74:1726,81:1207,88:942,98:815,99:776,102:704,106:660,107:654,112:605,130:478,147:413,151:392,154:382,159:367,161:360,169:333,177:316,179:311,192:287,219:211,220:211,221:210,226:202,232:187,236:179,238:176,239:175,242:168,255:151,262:146,266:144,279:136,285:131,286:131,295:127,298:126,300:122,309:117,311:113,314:110,315:105,322:102	0	False	0
ecol-SAMN01112701	GP_unb_2	134:460	5	0.0	0.10844399999999998	0.8941591984680233	GP_unb_4	137:448	5	0.0	0.2567671	2.019996119442437	0	0	0	0		1	False	0
ecol-SAMN01112701	GP_unb_2	134:460	5	0.0	0.10844399999999998	0.8941591984680233	GP_unb_5	139:439	4	0.0	0.3097442	2.6042281205447404	0	0	0	0		1	False	0
ecol-SAMN01112701	GP_unb_2	134:460	5	0.0	0.10844399999999998	0.8941591984680233	GP_unb_6	140:436	4	0.0	0.11835269999999998	0.8474462838037338	5	-1.3841118932919791	6.530710623	0.07436610529839527	6:255771,20:96256,27:58524,42:21285,63:3755,69:2398,72:1892,74:1726,81:1207,88:942,98:815,99:776,102:704,106:660,107:654,112:605,130:478,147:413,151:392,154:382,159:367,161:360,169:333,177:316,179:311,191:287,192:287,203:240,219:211,220:211,221:210,226:202,232:187,236:179,238:176,239:175,242:168,255:151,262:146,266:144,279:136,285:131,286:131,295:127,298:126,300:122,309:117,311:113,314:110,315:105,322:102	0	False	0
ecol-SAMN01112701	GP_unb_2	134:460	5	0.0	0.10844399999999998	0.8941591984680233	GP_unb_7	141:435	5	0.0	0.02282196000000003	0.976545122729663	5	-1.1286492909803785	6.3912813465	0.0743661052983954	18:109299,20:96256,42:21285,63:3755,74:1726,81:1207,99:776,102:704,106:660,107:654,130:478,147:413,151:392,154:382,159:367,161:360,169:333,174:324,177:316,192:287,203:240,220:211,221:210,223:206,226:202,232:187,235:180,236:179,239:175,242:168,247:162,255:151,262:146,264:145,266:144,271:141,279:136,285:131,286:131,295:127,298:126,300:122,309:117,311:113,314:110,315:105,322:102	0	False	0
ecol-SAMN01112701	GP_unb_2	134:460	5	0.0	0.10844399999999998	0.8941591984680233	GP_unb_8	143:420	5	0.0	0.41984889999999997	1.5287090959706877	5	-1.1976943325176694	7.347833383	0.07436610529839527	6:255771,20:96256,27:58524,42:21285,54:8757,63:3755,69:2398,72:1892,74:1726,81:1207,88:942,98:815,99:776,102:704,107:654,108:647,112:605,130:478,147:413,151:392,154:382,159:367,161:360,169:333,177:316,179:311,192:287,203:240,219:211,220:211,221:210,226:202,232:187,236:179,238:176,239:175,242:168,255:151,262:146,266:144,279:136,285:131,286:131,295:127,298:126,300:122,309:117,311:113,314:110,315:105,322:102	0	False	0
ecol-SAMN01112701	GP_unb_2	134:460	5	0.0	0.10844399999999998	0.8941591984680233	GP_unb_9	144:420	5	0.0	0.43514909999999996	1.922183572868716	5	-1.1976943325176694	7.363133583000001	0.07436610529839527	6:255771,20:96256,27:58524,42:21285,54:8757,63:3755,69:2398,72:1892,74:1726,81:1207,88:942,98:815,99:776,102:704,107:654,108:647,112:605,130:478,147:413,151:392,154:382,159:367,161:360,169:333,177:316,179:311,192:287,203:240,219:211,220:211,221:210,226:202,232:187,236:179,238:176,239:175,242:168,255:151,262:146,266:144,279:136,285:131,286:131,295:127,298:126,300:122,309:117,311:113,314:110,315:105,322:102	0	False	0
ecol-SAMN01112701	GP_unb_2	134:460	5	0.0	0.10844399999999998	0.8941591984680233	GP_unb_10	150:396	4	0.0	0.2693073	1.220826221321133	5	-1.0058725620524864	6.1664323288	0.07436610529839527	4:284609,20:96256,27:58524,63:3755,72:1892,74:1726,81:1207,98:815,99:776,102:704,106:660,107:654,112:605,130:478,147:413,151:392,154:382,159:367,161:360,169:333,179:311,192:287,203:240,219:211,220:211,221:210,226:202,232:187,236:179,238:176,239:175,242:168,255:151,262:146,266:144,279:136,285:131,286:131,295:127,298:126,300:122,309:117,311:113,314:110,315:105,322:102	0	False	0
ecol-SAMN01112701	GP_unb_2	134:460	5	0.0	0.10844399999999998	0.8941591984680233	GP_unb_11	153:383	5	0.0	0.3848397	2.055503221143977	5	-1.1286492909803785	6.666549326500001	0.07436610529839527	18:109299,20:96256,42:21285,63:3755,74:1726,81:1207,98:815,99:776,102:704,106:660,107:654,130:478,147:413,151:392,154:382,159:367,161:360,169:333,174:324,177:316,179:311,192:287,203:240,220:211,221:210,226:202,232:187,235:180,236:179,239:175,242:168,255:151,262:146,264:145,266:144,271:141,279:136,285:131,286:131,295:127,298:126,300:122,309:117,311:113,314:110,315:105,322:102	0	False	0
ecol-SAMN01112701	GP_unb_2	134:460	5	0.0	0.10844399999999998	0.8941591984680233	GP_unb_12	155:380	5	0.0	0.4016273	2.0286880059839323	5	-1.1286492909803785	7.9848531065	0.07436610529844874	18:109299,20:96256,42:21285,63:3755,74:1726,81:1207,95:913,99:776,102:704,106:660,107:654,113:604,130:478,147:413,151:392,154:382,159:367,161:360,169:333,174:324,177:316,183:305,192:287,194:286,203:240,220:211,221:210,223:206,226:202,232:187,235:180,236:179,237:177,239:175,242:168,247:162,255:151,261:146,262:146,264:145,266:144,271:141,279:136,285:131,286:131,290:129,295:127,298:126,300:122,309:117,311:113,314:110,315:105,318:104,322:102	0	False	0
ecol-SAMN01112701	GP_unb_2	134:460	5	0.0	0.10844399999999998	0.8941591984680233	GP_unb_13	165:347	5	0.0	0.04569219999999996	1.2150090479743179	5	-0.9498807861481677	2.9729447877999995	0.07436610529839527	4:284609,27:58524,72:1892,74:1726,81:1207,98:815,99:776,102:704,106:660,107:654,112:605,115:577,121:549,125:519,130:478,147:413,151:392,154:382,161:360,176:320,179:311,192:287,196:274,203:240,219:211,221:210,226:202,232:187,236:179,238:176,239:175,242:168,255:151,262:146,266:144,276:136,279:136,286:131,291:129,295:127,298:126,309:117,311:113,314:110,315:105,322:102	0	False	0
ecol-SAMN01112701	GP_unb_2	134:460	5	0.0	0.10844399999999998	0.8941591984680233	GP_unb_14	172:325	5	0.0	0.24008810000000003	1.5319710139222031	5	-1.201173384834078	4.3227978548	0.07436610529839527	4:284609,20:96256,27:58524,42:21285,44:18777,63:3755,72:1892,74:1726,81:1207,98:815,99:776,102:704,106:660,107:654,109:644,112:605,117:564,130:478,147:413,149:403,151:392,154:382,159:367,160:366,161:360,169:333,177:316,179:311,192:287,203:240,219:211,220:211,221:210,226:202,231:188,232:187,236:179,238:176,239:175,242:168,255:151,262:146,266:144,279:136,285:131,286:131,295:127,298:126,300:122,309:117,311:113,314:110,315:105,322:102	0	False	0
ecol-SAMN01112701	GP_unb_2	134:460	5	0.0	0.10844399999999998	0.8941591984680233	GP_unb_15	178:313	5	0.0	0.21943104000000002	1.0970308110646507	5	-0.7136638335687568	6.3012212868	0.07436610529839527	4:284609,27:58524,72:1892,74:1726,81:1207,98:815,99:776,102:704,106:660,107:654,112:605,123:533,130:478,147:413,151:392,154:382,161:360,179:311,192:287,203:240,219:211,221:210,226:202,232:187,236:179,238:176,239:175,242:168,255:151,262:146,266:144,279:136,286:131,295:127,298:126,309:117,311:113,314:110,315:105,322:102	0	False	0
ecol-SAMN01112701	GP_unb_2	134:460	5	0.0	0.10844399999999998	0.8941591984680233	GP_unb_16	182:309	4	0.0	0.05418690000000004	0.991617433264252	5	-1.440015534350286	6.014883873	0.07436610529839527	6:255771,20:96256,27:58524,42:21285,63:3755,72:1892,74:1726,81:1207,88:942,98:815,99:776,102:704,106:660,107:654,112:605,126:507,130:478,147:413,151:392,154:382,159:367,161:360,169:333,177:316,179:311,192:287,203:240,219:211,220:211,221:210,226:202,232:187,236:179,238:176,239:175,242:168,249:157,255:151,262:146,266:144,279:136,285:131,286:131,295:127,298:126,300:122,309:117,311:113,314:110,315:105,322:102	0	False	0
ecol-SAMN01112701	GP_unb_2	134:460	5	0.0	0.10844399999999998	0.8941591984680233	GP_unb_17	185:300	5	0.0	0.2126051	0.9330716300310163	5	-1.1976943325176694	6.596213163000001	0.07436610529839527	6:255771,20:96256,27:58524,42:21285,63:3755,69:2398,72:1892,74:1726,81:1207,88:942,98:815,99:776,102:704,106:660,107:654,112:605,130:478,147:413,151:392,154:382,159:367,161:360,169:333,177:316,179:311,192:287,203:240,219:211,220:211,221:210,226:202,232:187,236:179,238:176,239:175,242:168,255:151,262:146,266:144,279:136,285:131,286:131,295:127,298:126,300:122,309:117,311:113,312:112,314:110,315:105,322:102	0	False	0
ecol-SAMN01112701	GP_unb_2	134:460	5	0.0	0.10844399999999998	0.8941591984680233	GP_unb_18	189:287	4	0.0	0.04945266000000004	1.0034222018508572	5	-1.4407549600368115	6.010149633	0.07436610529839527	6:255771,20:96256,27:58524,42:21285,63:3755,72:1892,74:1726,81:1207,88:942,98:815,99:776,102:704,106:660,107:654,112:605,126:507,130:478,147:413,151:392,154:382,159:367,161:360,169:333,177:316,179:311,192:287,203:240,219:211,220:211,221:210,226:202,232:187,236:179,238:176,239:175,242:168,249:157,255:151,262:146,266:144,279:136,285:131,286:131,295:127,298:126,300:122,309:117,311:113,314:110,315:105,322:102	0	False	0
ecol-SAMN01112701	GP_unb_2	134:460	5	0.0	0.10844399999999998	0.8941591984680233	GP_unb_19	202:244	5	0.0	0.40599419999999997	1.9775686900868625	5	-1.1286492909803785	6.774453586499999	0.07436610529839527	18:109299,20:96256,42:21285,63:3755,74:1726,81:1207,99:776,102:704,106:660,107:654,130:478,147:413,151:392,154:382,159:367,161:360,169:333,174:324,177:316,192:287,203:240,220:211,221:210,223:206,226:202,232:187,235:180,236:179,239:175,242:168,247:162,255:151,262:146,264:145,266:144,271:141,279:136,285:131,286:131,295:127,298:126,300:122,309:117,311:113,314:110,315:105,322:102	0	False	0
ecol-SAMN01112701	GP_unb_2	134:460	5	0.0	0.10844399999999998	0.8941591984680233	GP_unb_20	204:239	5	0.0	0.20602010000000004	1.7901377597934867	5	-1.1413822328271443	4.2830686938	0.07436610529839527	4:284609,20:96256,27:58524,42:21285,44:18777,60:4186,63:3755,72:1892,74:1726,81:1207,84:1182,98:815,99:776,102:704,106:660,107:654,112:605,117:564,130:478,133:460,147:413,151:392,154:382,159:367,161:360,169:333,177:316,179:311,192:287,203:240,219:211,220:211,221:210,226:202,232:187,236:179,238:176,239:175,242:168,255:151,262:146,266:144,279:136,285:131,286:131,295:127,298:126,300:122,309:117,311:113,314:110,315:105,322:102	0	False	0
ecol-SAMN01112701	GP_unb_2	134:460	5	0.0	0.10844399999999998	0.8941591984680233	GP_unb_21	208:231	5	0.0	0.13450324999999996	0.9849895534265605	5	-0.7136638335687568	6.193410046800001	0.07436610529839527	4:284609,27:58524,72:1892,74:1726,81:1207,98:815,99:776,102:704,106:660,107:654,112:605,130:478,147:413,151:392,154:382,161:360,179:311,192:287,203:240,219:211,221:210,226:202,232:187,236:179,238:176,239:175,242:168,255:151,262:146,266:144,272:140,279:136,286:131,295:127,298:126,309:117,311:113,314:110,315:105,322:102	0	False	0
ecol-SAMN01112701	GP_unb_2	134:460	5	0.0	0.10844399999999998	0.8941591984680233	GP_unb_22	214:221	5	0.0	0.03741753000000003	1.924123851650221	5	-1.3077323648687036	3.410698695799999	0.07436610529839527	4:284609,20:96256,27:58524,42:21285,63:3755,67:2909,69:2398,72:1892,74:1726,81:1207,88:942,98:815,99:776,102:704,106:660,107:654,112:605,130:478,147:413,151:392,154:382,159:367,161:360,169:333,177:316,179:311,192:287,198:262,203:240,219:211,220:211,221:210,226:202,232:187,236:179,238:176,239:175,242:168,245:164,255:151,257:149,262:146,266:144,267:143,279:136,285:131,286:131,295:127,298:126,300:122,309:117,311:113,314:110,315:105,320:103,322:102	0	False	0
ecol-SAMN01112701	GP_unb_2	134:460	5	0.0	0.10844399999999998	0.8941591984680233	GP_unb_23	215:219	5	0.0	0.41962540000000004	2.1238938301946746	5	-1.1976943325176694	7.347609883	0.07436610529835515	6:255771,20:96256,27:58524,42:21285,54:8757,63:3755,69:2398,72:1892,74:1726,81:1207,88:942,98:815,99:776,102:704,107:654,108:647,112:605,130:478,147:413,151:392,154:382,159:367,161:360,169:333,177:316,179:311,192:287,203:240,219:211,220:211,221:210,226:202,232:187,236:179,238:176,239:175,242:168,255:151,262:146,266:144,279:136,285:131,286:131,295:127,298:126,300:122,309:117,311:113,314:110,315:105,322:102	0	False	0
ecol-SAMN01112701	GP_unb_2	134:460	5	0.0	0.10844399999999998	0.8941591984680233	GP_unb_24	222:207	5	0.0	0.38605213000000005	1.797187439366288	5	-0.7136638335687568	6.0852228768000005	0.07436610529839527	4:284609,27:58524,72:1892,74:1726,81:1207,98:815,99:776,102:704,106:660,107:654,112:605,123:533,130:478,147:413,151:392,154:382,161:360,179:311,192:287,203:240,219:211,221:210,226:202,232:187,236:179,238:176,239:175,242:168,255:151,266:144,279:136,286:131,295:127,298:126,309:117,311:113,314:110,315:105,322:102	0	False	0
ecol-SAMN01112701	GP_unb_2	134:460	5	0.0	0.10844399999999998	0.8941591984680233	GP_unb_25	227:201	4	0.0	0.23485670000000003	1.1263078766017303	5	-1.2089363776268875	6.618464763	0.07436610529839527	6:255771,20:96256,27:58524,42:21285,63:3755,69:2398,72:1892,74:1726,81:1207,88:942,98:815,99:776,102:704,106:660,107:654,112:605,130:478,147:413,151:392,154:382,159:367,161:360,169:333,177:316,179:311,192:287,203:240,219:211,220:211,221:210,226:202,232:187,236:179,238:176,239:175,242:168,255:151,262:146,266:144,279:136,285:131,286:131,295:127,298:126,300:122,309:117,311:113,312:112,314:110,315:105,322:102	0	False	0
ecol-SAMN01112701	GP_unb_2	134:460	5	0.0	0.10844399999999998	0.8941591984680233	GP_unb_26	233:183	5	0.0	0.3434766	1.9317415548663033	0	0	0	0		1	False	0
ecol-SAMN01112701	GP_unb_2	134:460	5	0.0	0.10844399999999998	0.8941591984680233	GP_unb_27	240:174	5	0.0	0.19527989999999995	4.310455853033725	5	-1.027685319266531	6.0281125088000005	0.07436610529839527	4:284609,20:96256,27:58524,30:46444,63:3755,72:1892,74:1726,81:1207,98:815,99:776,102:704,106:660,107:654,112:605,130:478,147:413,151:392,154:382,159:367,161:360,169:333,179:311,192:287,203:240,219:211,221:210,226:202,232:187,236:179,238:176,239:175,242:168,255:151,262:146,266:144,279:136,286:131,295:127,298:126,300:122,309:117,311:113,314:110,315:105,322:102	0	False	0
ecol-SAMN01112701	GP_unb_2	134:460	5	0.0	0.10844399999999998	0.8941591984680233	GP_unb_28	246:164	4	0.0	0.2738041	2.0236714011343597	5	-1.3581720113370563	6.686162023	0.07436610529839527	6:255771,20:96256,27:58524,42:21285,63:3755,69:2398,72:1892,74:1726,81:1207,88:942,98:815,99:776,102:704,106:660,107:654,112:605,130:478,147:413,151:392,154:382,159:367,161:360,169:333,177:316,179:311,191:287,192:287,203:240,219:211,220:211,221:210,226:202,232:187,236:179,238:176,239:175,242:168,255:151,262:146,266:144,279:136,285:131,286:131,295:127,298:126,300:122,309:117,311:113,314:110,315:105,322:102	0	False	0
ecol-SAMN01112701	GP_unb_2	134:460	5	0.0	0.10844399999999998	0.8941591984680233	GP_unb_29	248:158	5	0.0	0.28286659999999997	2.1864186109291124	5	-1.1976943325176694	7.043253163000001	0.07436610529839527	6:255771,20:96256,27:58524,42:21285,63:3755,69:2398,72:1892,74:1726,81:1207,88:942,98:815,99:776,102:704,106:660,107:654,112:605,130:478,147:413,151:392,154:382,159:367,161:360,169:333,177:316,179:311,192:287,203:240,219:211,220:211,221:210,226:202,232:187,236:179,238:176,239:175,242:168,255:151,262:146,266:144,279:136,285:131,286:131,295:127,298:126,300:122,309:117,311:113,312:112,314:110,315:105,316:105,322:102	0	False	0
ecol-SAMN01112701	GP_unb_2	134:460	5	0.0	0.10844399999999998	0.8941591984680233	GP_unb_30	260:146	4	0.0	0.39339566000000004	2.1859574432187254	0	0	0	0		1	False	0
ecol-SAMN01112701	GP_unb_2	134:460	5	0.0	0.10844399999999998	0.8941591984680233	GP_unb_31	273:140	5	0.0	0.38150536999999995	2.8105922349480763	5	-1.082172728361079	5.5939001588	0.07436610529839527	4:284609,20:96256,27:58524,42:21285,63:3755,72:1892,74:1726,81:1207,98:815,99:776,102:704,106:660,107:654,112:605,130:478,147:413,151:392,154:382,159:367,161:360,169:333,174:324,177:316,179:311,192:287,203:240,219:211,220:211,221:210,226:202,232:187,236:179,238:176,239:175,242:168,255:151,262:146,266:144,279:136,285:131,286:131,298:126,300:122,311:113,314:110,315:105	0	False	0
ecol-SAMN01112701	GP_unb_2	134:460	5	0.0	0.10844399999999998	0.8941591984680233	GP_unb_32	274:139	5	0.0	0.19092076999999996	1.170658462288024	0	0	0	0		1	False	0
ecol-SAMN01112701	GP_unb_2	134:460	5	0.0	0.10844399999999998	0.8941591984680233	GP_unb_33	283:133	4	0.0	0.2668475	2.670432400968452	0	0	0	0		1	False	0
ecol-SAMN01112701	GP_unb_2	134:460	5	0.0	0.10844399999999998	0.8941591984680233	GP_unb_34	287:130	4	0.0	0.29629713	2.5623490308448087	5	-1.259141708085219	6.3195170588	0.07436610529839527	4:284609,20:96256,27:58524,42:21285,63:3755,69:2398,72:1892,74:1726,81:1207,88:942,98:815,99:776,102:704,106:660,107:654,112:605,130:478,147:413,151:392,154:382,159:367,161:360,169:333,177:316,179:311,192:287,203:240,219:211,220:211,221:210,226:202,232:187,236:179,238:176,239:175,242:168,255:151,262:146,266:144,279:136,285:131,286:131,295:127,298:126,300:122,309:117,311:113,314:110,315:105,322:102	0	False	0
ecol-SAMN01112701	GP_unb_2	134:460	5	0.0	0.10844399999999998	0.8941591984680233	GP_unb_35	313:112	5	0.0	0.28078353	0.8552439549067963	5	-1.1976943325176694	7.041170093000001	0.07436610529839527	6:255771,20:96256,27:58524,42:21285,63:3755,69:2398,72:1892,74:1726,81:1207,88:942,98:815,99:776,102:704,106:660,107:654,112:605,130:478,147:413,151:392,154:382,159:367,161:360,169:333,177:316,179:311,192:287,203:240,219:211,220:211,221:210,226:202,232:187,236:179,238:176,239:175,242:168,255:151,262:146,266:144,279:136,285:131,286:131,295:127,298:126,300:122,309:117,311:113,312:112,314:110,315:105,316:105,322:102	0	False	0
ecol-SAMN01112701	GP_unb_2	134:460	5	0.0	0.10844399999999998	0.8941591984680233	GP_unb_36	319:104	5	0.0	0.21905034999999995	1.9329816460875262	5	-1.1286492909803785	6.5706855965	0.07436610529839527	18:109299,20:96256,42:21285,63:3755,74:1726,81:1207,95:913,99:776,102:704,106:660,107:654,130:478,147:413,151:392,154:382,159:367,161:360,169:333,174:324,177:316,192:287,194:286,203:240,220:211,221:210,223:206,226:202,232:187,235:180,236:179,237:177,239:175,242:168,247:162,255:151,262:146,264:145,266:144,271:141,279:136,285:131,286:131,295:127,298:126,300:122,309:117,311:113,314:110,315:105,318:104,322:102	0	False	0
ecol-SAMN01112701	GP_unb_2	134:460	5	0.0	0.10844399999999998	0.8941591984680233	GP_unb_37	324:102	5	0.0	0.3652071	1.9642623144432667	5	-1.0151004636644674	6.098545908800001	0.07436610529839544	4:284609,20:96256,27:58524,42:21285,63:3755,72:1892,74:1726,81:1207,98:815,99:776,102:704,106:660,107:654,112:605,130:478,147:413,154:382,159:367,161:360,169:333,174:324,177:316,179:311,192:287,203:240,220:211,221:210,226:202,232:187,236:179,238:176,239:175,242:168,255:151,262:146,266:144,279:136,285:131,286:131,295:127,298:126,300:122,309:117,311:113,315:105,322:102	0	False	0
ecol-SAMN01112701	GP_unb_3	136:450	4	0.0	0.12189289999999997	1.0337130468282067	GP_unb_4	137:448	5	0.0	0.2567671	2.019996119442437	0	0	0	0		1	False	0
ecol-SAMN01112701	GP_unb_3	136:450	4	0.0	0.12189289999999997	1.0337130468282067	GP_unb_5	139:439	4	0.0	0.3097442	2.6042281205447404	0	0	0	0		1	False	0
ecol-SAMN01112701	GP_unb_3	136:450	4	0.0	0.12189289999999997	1.0337130468282067	GP_unb_6	140:436	4	0.0	0.11835269999999998	0.8474462838037338	5	-1.4171425327292846	6.2700657188	0.09578228384816612	4:284609,20:96256,27:58524,42:21285,63:3755,72:1892,74:1726,98:815,99:776,102:704,106:660,107:654,112:605,130:478,147:413,151:392,154:382,159:367,161:360,169:333,174:324,177:316,179:311,191:287,192:287,203:240,219:211,220:211,221:210,226:202,232:187,236:179,238:176,239:175,242:168,255:151,262:146,266:144,279:136,285:131,286:131,295:127,298:126,300:122,309:117,311:113,314:110,315:105,322:102	0	False	0
ecol-SAMN01112701	GP_unb_3	136:450	4	0.0	0.12189289999999997	1.0337130468282067	GP_unb_7	141:435	5	0.0	0.02282196000000003	0.976545122729663	5	-1.2161832628887963	8.054263731999999	0.07436610529837873	20:96256,42:21285,63:3755,69:2398,74:1726,81:1207,99:776,102:704,106:660,107:654,130:478,147:413,151:392,154:382,159:367,161:360,169:333,174:324,177:316,192:287,219:211,220:211,221:210,223:206,226:202,232:187,236:179,239:175,242:168,247:162,255:151,262:146,266:144,279:136,285:131,286:131,295:127,298:126,300:122,309:117,311:113,314:110,315:105,322:102	0	False	0
ecol-SAMN01112701	GP_unb_3	136:450	4	0.0	0.12189289999999997	1.0337130468282067	GP_unb_8	143:420	5	0.0	0.41984889999999997	1.5287090959706877	5	-1.3666324755849162	7.244887878800001	0.07436610529839527	4:284609,20:96256,27:58524,42:21285,54:8757,63:3755,69:2398,72:1892,74:1726,81:1207,98:815,99:776,102:704,106:660,107:654,108:647,112:605,130:478,147:413,151:392,154:382,159:367,161:360,169:333,174:324,177:316,179:311,192:287,219:211,220:211,221:210,226:202,232:187,236:179,238:176,239:175,242:168,255:151,262:146,266:144,279:136,285:131,286:131,295:127,298:126,300:122,309:117,311:113,314:110,315:105,322:102	0	False	0
ecol-SAMN01112701	GP_unb_3	136:450	4	0.0	0.12189289999999997	1.0337130468282067	GP_unb_9	144:420	5	0.0	0.43514909999999996	1.922183572868716	5	-1.3666324755849162	7.2601880788	0.07436610529839527	4:284609,20:96256,27:58524,42:21285,54:8757,63:3755,69:2398,72:1892,74:1726,81:1207,98:815,99:776,102:704,106:660,107:654,108:647,112:605,130:478,147:413,151:392,154:382,159:367,161:360,169:333,174:324,177:316,179:311,192:287,219:211,220:211,221:210,226:202,232:187,236:179,238:176,239:175,242:168,255:151,262:146,266:144,279:136,285:131,286:131,295:127,298:126,300:122,309:117,311:113,314:110,315:105,322:102	0	False	0
ecol-SAMN01112701	GP_unb_3	136:450	4	0.0	0.12189289999999997	1.0337130468282067	GP_unb_10	150:396	4	0.0	0.2693073	1.220826221321133	5	-1.272053606934437	5.799636168800001	0.07436610529839527	4:284609,20:96256,27:58524,63:3755,69:2398,72:1892,74:1726,81:1207,88:942,98:815,99:776,102:704,106:660,107:654,112:605,130:478,147:413,151:392,154:382,159:367,161:360,169:333,174:324,177:316,179:311,192:287,219:211,220:211,221:210,226:202,232:187,236:179,238:176,239:175,242:168,255:151,262:146,266:144,279:136,285:131,286:131,295:127,298:126,300:122,309:117,311:113,314:110,315:105,322:102	0	False	0
ecol-SAMN01112701	GP_unb_3	136:450	4	0.0	0.12189289999999997	1.0337130468282067	GP_unb_11	153:383	5	0.0	0.3848397	2.055503221143977	5	-1.2161832628887963	8.329531712	0.07436610529839527	20:96256,42:21285,63:3755,69:2398,74:1726,81:1207,98:815,99:776,102:704,106:660,107:654,130:478,147:413,151:392,154:382,159:367,161:360,169:333,174:324,177:316,179:311,192:287,219:211,220:211,221:210,226:202,232:187,236:179,239:175,242:168,255:151,262:146,266:144,279:136,285:131,286:131,295:127,298:126,300:122,309:117,311:113,314:110,315:105,322:102	0	False	0
ecol-SAMN01112701	GP_unb_3	136:450	4	0.0	0.12189289999999997	1.0337130468282067	GP_unb_12	155:380	5	0.0	0.4016273	2.0286880059839323	5	-1.2161832628887963	9.647835491999999	0.07436610529850435	20:96256,42:21285,63:3755,69:2398,74:1726,81:1207,95:913,99:776,102:704,106:660,107:654,113:604,130:478,147:413,151:392,154:382,159:367,161:360,169:333,174:324,177:316,183:305,192:287,194:286,219:211,220:211,221:210,223:206,226:202,232:187,236:179,237:177,239:175,242:168,247:162,255:151,261:146,262:146,266:144,279:136,285:131,286:131,290:129,295:127,298:126,300:122,309:117,311:113,314:110,315:105,318:104,322:102	0	False	0
ecol-SAMN01112701	GP_unb_3	136:450	4	0.0	0.12189289999999997	1.0337130468282067	GP_unb_13	165:347	5	0.0	0.04569219999999996	1.2150090479743179	5	-1.6613359839085442	3.1238420778	0.07436610529839527	4:284609,27:58524,42:21285,51:11306,63:3755,69:2398,72:1892,74:1726,81:1207,98:815,99:776,102:704,106:660,107:654,112:605,115:577,121:549,125:519,130:478,147:413,151:392,154:382,159:367,161:360,169:333,174:324,176:320,177:316,179:311,192:287,196:274,219:211,220:211,221:210,226:202,232:187,236:179,238:176,239:175,242:168,255:151,262:146,266:144,276:136,279:136,285:131,286:131,291:129,295:127,298:126,300:122,309:117,311:113,314:110,315:105,322:102	0	False	0
ecol-SAMN01112701	GP_unb_3	136:450	4	0.0	0.12189289999999997	1.0337130468282067	GP_unb_14	172:325	5	0.0	0.24008810000000003	1.5319710139222031	5	-1.5275892455999063	3.731823329	0.07436610529839527	6:255771,20:96256,27:58524,42:21285,44:18777,56:6602,63:3755,72:1892,74:1726,81:1207,98:815,99:776,102:704,106:660,107:654,109:644,112:605,117:564,130:478,147:413,149:403,151:392,154:382,159:367,160:366,161:360,169:333,177:316,179:311,192:287,219:211,220:211,221:210,226:202,231:188,232:187,236:179,238:176,239:175,242:168,255:151,262:146,266:144,279:136,285:131,286:131,295:127,300:122,309:117,311:113,314:110,315:105,322:102	0	False	0
ecol-SAMN01112701	GP_unb_3	136:450	4	0.0	0.12189289999999997	1.0337130468282067	GP_unb_15	178:313	5	0.0	0.21943104000000002	1.0970308110646507	5	-1.4251190313291338	6.4521185768	0.07436610529839527	4:284609,27:58524,42:21285,51:11306,63:3755,69:2398,72:1892,74:1726,81:1207,98:815,99:776,102:704,106:660,107:654,112:605,123:533,130:478,147:413,151:392,154:382,159:367,161:360,169:333,174:324,177:316,179:311,192:287,219:211,220:211,221:210,226:202,232:187,236:179,238:176,239:175,242:168,255:151,262:146,266:144,279:136,285:131,286:131,295:127,298:126,300:122,309:117,311:113,314:110,315:105,322:102	0	False	0
ecol-SAMN01112701	GP_unb_3	136:450	4	0.0	0.12189289999999997	1.0337130468282067	GP_unb_16	182:309	4	0.0	0.05418690000000004	0.991617433264252	5	-1.6089536774175328	5.9690946688	0.07436610529839527	4:284609,20:96256,27:58524,42:21285,63:3755,72:1892,74:1726,81:1207,98:815,99:776,102:704,106:660,107:654,112:605,130:478,147:413,151:392,154:382,159:367,161:360,169:333,174:324,177:316,179:311,192:287,219:211,220:211,221:210,226:202,232:187,236:179,238:176,239:175,242:168,249:157,255:151,262:146,266:144,279:136,285:131,286:131,295:127,298:126,300:122,309:117,311:113,314:110,315:105,322:102	0	False	0
ecol-SAMN01112701	GP_unb_3	136:450	4	0.0	0.12189289999999997	1.0337130468282067	GP_unb_17	185:300	5	0.0	0.2126051	0.9330716300310163	5	-1.2307249719549749	6.3355682588	0.09578228384816612	4:284609,20:96256,27:58524,42:21285,63:3755,72:1892,74:1726,98:815,99:776,102:704,106:660,107:654,112:605,130:478,147:413,151:392,154:382,159:367,161:360,169:333,174:324,177:316,179:311,192:287,203:240,219:211,220:211,221:210,226:202,232:187,236:179,238:176,239:175,242:168,255:151,262:146,266:144,279:136,285:131,286:131,295:127,298:126,300:122,309:117,311:113,312:112,314:110,315:105,322:102	0	False	0
ecol-SAMN01112701	GP_unb_3	136:450	4	0.0	0.12189289999999997	1.0337130468282067	GP_unb_18	189:287	4	0.0	0.04945266000000004	1.0034222018508572	5	-1.6096931031040582	5.9643604288	0.07436610529839527	4:284609,20:96256,27:58524,42:21285,63:3755,72:1892,74:1726,81:1207,98:815,99:776,102:704,106:660,107:654,112:605,130:478,147:413,151:392,154:382,159:367,161:360,169:333,174:324,177:316,179:311,192:287,219:211,220:211,221:210,226:202,232:187,236:179,238:176,239:175,242:168,249:157,255:151,262:146,266:144,279:136,285:131,286:131,295:127,298:126,300:122,309:117,311:113,314:110,315:105,322:102	0	False	0
ecol-SAMN01112701	GP_unb_3	136:450	4	0.0	0.12189289999999997	1.0337130468282067	GP_unb_19	202:244	5	0.0	0.40599419999999997	1.9775686900868625	5	-1.2161832628887963	8.437435972	0.07436610529839527	20:96256,42:21285,63:3755,69:2398,74:1726,81:1207,99:776,102:704,106:660,107:654,130:478,147:413,151:392,154:382,159:367,161:360,169:333,174:324,177:316,192:287,219:211,220:211,221:210,223:206,226:202,232:187,236:179,239:175,242:168,247:162,255:151,262:146,266:144,279:136,285:131,286:131,295:127,298:126,300:122,309:117,311:113,314:110,315:105,322:102	0	False	0
ecol-SAMN01112701	GP_unb_3	136:450	4	0.0	0.12189289999999997	1.0337130468282067	GP_unb_20	204:239	5	0.0	0.20602010000000004	1.7901377597934867	5	-1.5696524976692894	4.2189709928	0.07436610529839527	4:284609,20:96256,27:58524,42:21285,50:12107,57:6074,60:4186,63:3755,69:2398,72:1892,74:1726,81:1207,86:1077,98:815,99:776,102:704,106:660,107:654,112:605,130:478,133:460,147:413,151:392,154:382,159:367,161:360,169:333,174:324,177:316,179:311,192:287,203:240,207:237,219:211,220:211,221:210,226:202,232:187,236:179,238:176,239:175,242:168,253:155,255:151,262:146,266:144,279:136,285:131,286:131,295:127,298:126,300:122,309:117,311:113,314:110,315:105,322:102	0	False	0
ecol-SAMN01112701	GP_unb_3	136:450	4	0.0	0.12189289999999997	1.0337130468282067	GP_unb_21	208:231	5	0.0	0.13450324999999996	0.9849895534265605	5	-1.4251190313291338	6.3443073368	0.07436610529839527	4:284609,27:58524,42:21285,51:11306,63:3755,69:2398,72:1892,74:1726,81:1207,98:815,99:776,102:704,106:660,107:654,112:605,130:478,147:413,151:392,154:382,159:367,161:360,169:333,174:324,177:316,179:311,192:287,219:211,220:211,221:210,226:202,232:187,236:179,238:176,239:175,242:168,255:151,262:146,266:144,272:140,279:136,285:131,286:131,295:127,298:126,300:122,309:117,311:113,314:110,315:105,322:102	0	False	0
ecol-SAMN01112701	GP_unb_3	136:450	4	0.0	0.12189289999999997	1.0337130468282067	GP_unb_22	214:221	5	0.0	0.03741753000000003	1.924123851650221	5	-1.3842707914727024	2.895954785799999	0.07436610529839527	4:284609,20:96256,27:58524,42:21285,63:3755,67:2909,72:1892,74:1726,81:1207,98:815,99:776,102:704,106:660,107:654,112:605,130:478,147:413,151:392,154:382,159:367,161:360,169:333,174:324,177:316,179:311,192:287,198:262,219:211,220:211,221:210,226:202,232:187,236:179,238:176,239:175,242:168,245:164,255:151,257:149,262:146,266:144,267:143,279:136,285:131,286:131,295:127,300:122,309:117,311:113,314:110,315:105,320:103,322:102	0	False	0
ecol-SAMN01112701	GP_unb_3	136:450	4	0.0	0.12189289999999997	1.0337130468282067	GP_unb_23	215:219	5	0.0	0.41962540000000004	2.1238938301946746	5	-1.3666324755849162	7.2446643788000005	0.07436610529839527	4:284609,20:96256,27:58524,42:21285,54:8757,63:3755,69:2398,72:1892,74:1726,81:1207,98:815,99:776,102:704,106:660,107:654,108:647,112:605,130:478,147:413,151:392,154:382,159:367,161:360,169:333,174:324,177:316,179:311,192:287,219:211,220:211,221:210,226:202,232:187,236:179,238:176,239:175,242:168,255:151,262:146,266:144,279:136,285:131,286:131,295:127,298:126,300:122,309:117,311:113,314:110,315:105,322:102	0	False	0
ecol-SAMN01112701	GP_unb_3	136:450	4	0.0	0.12189289999999997	1.0337130468282067	GP_unb_24	222:207	5	0.0	0.38605213000000005	1.797187439366288	5	-1.4251190313291338	6.236120166800001	0.07436610529839527	4:284609,27:58524,42:21285,51:11306,63:3755,69:2398,72:1892,74:1726,81:1207,98:815,99:776,102:704,106:660,107:654,112:605,123:533,130:478,147:413,151:392,154:382,159:367,161:360,169:333,174:324,177:316,179:311,192:287,219:211,220:211,221:210,226:202,232:187,236:179,238:176,239:175,242:168,255:151,266:144,279:136,285:131,286:131,295:127,298:126,300:122,309:117,311:113,314:110,315:105,322:102	0	False	0
ecol-SAMN01112701	GP_unb_3	136:450	4	0.0	0.12189289999999997	1.0337130468282067	GP_unb_25	227:201	4	0.0	0.23485670000000003	1.1263078766017303	5	-1.241967017064193	6.3578198588	0.09578228384816612	4:284609,20:96256,27:58524,42:21285,63:3755,72:1892,74:1726,98:815,99:776,102:704,106:660,107:654,112:605,130:478,147:413,151:392,154:382,159:367,161:360,169:333,174:324,177:316,179:311,192:287,203:240,219:211,220:211,221:210,226:202,232:187,236:179,238:176,239:175,242:168,255:151,262:146,266:144,279:136,285:131,286:131,295:127,298:126,300:122,309:117,311:113,312:112,314:110,315:105,322:102	0	False	0
ecol-SAMN01112701	GP_unb_3	136:450	4	0.0	0.12189289999999997	1.0337130468282067	GP_unb_26	233:183	5	0.0	0.3434766	1.9317415548663033	0	0	0	0		1	False	0
ecol-SAMN01112701	GP_unb_3	136:450	4	0.0	0.12189289999999997	1.0337130468282067	GP_unb_27	240:174	5	0.0	0.19527989999999995	4.310455853033725	5	-1.4586078008341647	6.071747908800001	0.07436610529839527	4:284609,20:96256,27:58524,42:21285,51:11306,63:3755,69:2398,72:1892,74:1726,81:1207,98:815,99:776,102:704,106:660,107:654,112:605,130:478,147:413,151:392,154:382,159:367,161:360,169:333,174:324,177:316,179:311,192:287,219:211,221:210,226:202,232:187,236:179,238:176,239:175,242:168,255:151,262:146,266:144,279:136,286:131,295:127,298:126,300:122,309:117,311:113,314:110,315:105,322:102	0	False	0
ecol-SAMN01112701	GP_unb_3	136:450	4	0.0	0.12189289999999997	1.0337130468282067	GP_unb_28	246:164	4	0.0	0.2738041	2.0236714011343597	5	-1.3912026507743618	6.4255171188	0.09578228384816612	4:284609,20:96256,27:58524,42:21285,63:3755,72:1892,74:1726,98:815,99:776,102:704,106:660,107:654,112:605,130:478,147:413,151:392,154:382,159:367,161:360,169:333,174:324,177:316,179:311,191:287,192:287,203:240,219:211,220:211,221:210,226:202,232:187,236:179,238:176,239:175,242:168,255:151,262:146,266:144,279:136,285:131,286:131,295:127,298:126,300:122,309:117,311:113,314:110,315:105,322:102	0	False	0
ecol-SAMN01112701	GP_unb_3	136:450	4	0.0	0.12189289999999997	1.0337130468282067	GP_unb_29	248:158	5	0.0	0.28286659999999997	2.1864186109291124	5	-1.2307249719549749	6.782608258800001	0.09578228384816612	4:284609,20:96256,27:58524,42:21285,63:3755,72:1892,74:1726,98:815,99:776,102:704,106:660,107:654,112:605,130:478,147:413,151:392,154:382,159:367,161:360,169:333,174:324,177:316,179:311,192:287,203:240,219:211,220:211,221:210,226:202,232:187,236:179,238:176,239:175,242:168,255:151,262:146,266:144,279:136,285:131,286:131,295:127,298:126,300:122,309:117,311:113,312:112,314:110,315:105,316:105,322:102	0	False	0
ecol-SAMN01112701	GP_unb_3	136:450	4	0.0	0.12189289999999997	1.0337130468282067	GP_unb_30	260:146	4	0.0	0.39339566000000004	2.1859574432187254	0	0	0	0		1	False	0
ecol-SAMN01112701	GP_unb_3	136:450	4	0.0	0.12189289999999997	1.0337130468282067	GP_unb_31	273:140	5	0.0	0.38150536999999995	2.8105922349480763	5	-1.2159632308849055	6.310067172	0.07436610529839527	20:96256,42:21285,63:3755,69:2398,81:1207,99:776,102:704,106:660,107:654,130:478,147:413,151:392,159:367,169:333,174:324,177:316,192:287,219:211,220:211,221:210,226:202,232:187,255:151,262:146,266:144,279:136,285:131,286:131,295:127,298:126,300:122,309:117,314:110,315:105,322:102	0	False	0
ecol-SAMN01112701	GP_unb_3	136:450	4	0.0	0.12189289999999997	1.0337130468282067	GP_unb_32	274:139	5	0.0	0.19092076999999996	1.170658462288024	0	0	0	0		1	False	0
ecol-SAMN01112701	GP_unb_3	136:450	4	0.0	0.12189289999999997	1.0337130468282067	GP_unb_33	283:133	4	0.0	0.2668475	2.670432400968452	0	0	0	0		1	False	0
ecol-SAMN01112701	GP_unb_3	136:450	4	0.0	0.12189289999999997	1.0337130468282067	GP_unb_34	287:130	4	0.0	0.29629713	2.5623490308448087	5	-1.3356801346892175	6.3032315388	0.07436610529839527	4:284609,20:96256,27:58524,42:21285,63:3755,72:1892,74:1726,81:1207,98:815,99:776,102:704,106:660,107:654,112:605,130:478,147:413,151:392,154:382,159:367,161:360,169:333,174:324,177:316,179:311,192:287,203:240,219:211,220:211,221:210,226:202,232:187,236:179,238:176,239:175,242:168,255:151,262:146,266:144,279:136,285:131,286:131,295:127,298:126,300:122,309:117,311:113,314:110,315:105,322:102	0	False	0