SAMPLE	BIN1	BIN1_CONTIGS	BIN1_GC_BIN	BIN1_GC	BIN1_GD	BIN1_RD	BIN2	BIN2_CONTIGS	BIN2_GC_BIN	BIN2_GC	BIN2_GD	BIN2_RD	MERGE_GC_BIN	MERGE_GC	MERGE_GD	MERGE_RD	MERGE_PATH	MILP_INFEASIBLE	BINS_OVERLAP	IS_SUBSET
ecol-SAMN15488577	PBF_P1	289:127,87:1173,53:13133,5:293035,139:497,142:481,186:271,33:42190,250:152,209:205,213:198,211:204,265:139,200:233,254:149,199:242,221:193,134:511,234:172,14:139738,122:548,64:3779,32:45948,167:392,180:324,259:143,253:149,86:1212,149:455,159:417,154:435,225:188,275:131,85:1251,55:7452,244:155,297:115,241:157,59:5712,111:648,153:443,249:152,208:205,295:117,172:359,157:417,76:1692,301:107,165:397,274:131,67:3424,243:155,264:139,83:1397,28:53914,175:347,252:150,112:615,174:347,79:1461,212:202,143:480,119:573,230:177,73:2132,304:105,125:541,163:403,107:698,280:130,262:142,178:333,115:604,242:156,49:16134,123:545,168:382,93:1051,171:367,91:1122,260:143,95:932,126:541,137:504,179:324,158:417,195:249,187:271,89:1163,183:299,181:313,135:508,118:580,109:695,303:106,269:136,77:1630,63:3970,247:153,45:25554,198:245,251:152,94:1014,148:457,235:163,44:27505,145:463,69:2643,140:486,226:187,233:173,98:894,121:563,184:292,273:132,47:21306,285:128,299:111,232:174,156:422,166:396,268:136,239:159,258:146,90:1151,50:15876,185:286,202:231,263:140,116:587,100:879,84:1316,173:358,60:5315,161:415,151:445,88:1165,302:106,160:415,136:506,220:194,193:253,189:261,201:231,177:333,294:118,240:159,292:120,257:147,46:23410,196:247,68:2922,217:195,194:250,108:695,129:526,215:196,169:381,170:379,114:604,286:128,255:148,110:662,277:130,41:31354,188:266,124:544,207:211,99:879,27:54086,102:824,147:460,106:707,30:53056,130:526,236:161,176:340,101:868	5	-6.065553874341123	28.398800374717542	0.742241375912606	PBF_P2	87:1173,53:13133,5:293035,152:445,139:497,142:481,250:152,209:205,213:198,211:204,265:139,200:233,254:149,199:242,221:193,134:511,234:172,14:139738,236:161,122:548,146:460,32:45948,64:3779,167:392,253:149,259:143,86:1212,159:417,154:435,225:188,275:131,85:1251,244:155,297:115,120:572,241:157,59:5712,272:134,153:443,249:152,208:205,295:117,172:359,157:417,274:131,67:3424,243:155,261:142,264:139,36:38841,83:1397,28:53914,175:347,252:150,112:615,58:5929,174:347,79:1461,212:202,143:480,119:573,230:177,73:2132,304:105,125:541,163:403,107:698,280:130,262:142,178:333,115:604,242:156,49:16134,123:545,171:367,93:1051,168:382,91:1122,260:143,95:932,126:541,137:504,179:324,197:246,195:249,187:271,89:1163,183:299,164:398,181:313,135:508,109:695,118:580,303:106,269:136,77:1630,63:3970,247:153,45:25554,198:245,150:447,251:152,235:163,44:27505,140:486,233:173,61:4386,98:894,121:563,184:292,273:132,47:21306,285:128,155:422,299:111,232:174,156:422,166:396,268:136,239:159,258:146,90:1151,185:286,202:231,72:2281,263:140,116:587,100:879,173:358,161:415,151:445,88:1165,302:106,160:415,136:506,220:194,193:253,189:261,177:333,294:118,240:159,292:120,257:147,46:23410,256:147,194:250,129:526,217:195,169:381,215:196,170:379,108:695,114:604,286:128,255:148,110:662,277:130,78:1540,188:266,124:544,207:211,99:879,27:54086,102:824,147:460,106:707,30:53056,130:526,176:340,55:7452,101:868	5	-5.088483855931949	29.916850124605574	0.742241375912606	5	-11.154037730273071	58.31565049932311	0.7422413759122719		0	True	0
ecol-SAMN15488577	PBF_P1	289:127,87:1173,53:13133,5:293035,139:497,142:481,186:271,33:42190,250:152,209:205,213:198,211:204,265:139,200:233,254:149,199:242,221:193,134:511,234:172,14:139738,122:548,64:3779,32:45948,167:392,180:324,259:143,253:149,86:1212,149:455,159:417,154:435,225:188,275:131,85:1251,55:7452,244:155,297:115,241:157,59:5712,111:648,153:443,249:152,208:205,295:117,172:359,157:417,76:1692,301:107,165:397,274:131,67:3424,243:155,264:139,83:1397,28:53914,175:347,252:150,112:615,174:347,79:1461,212:202,143:480,119:573,230:177,73:2132,304:105,125:541,163:403,107:698,280:130,262:142,178:333,115:604,242:156,49:16134,123:545,168:382,93:1051,171:367,91:1122,260:143,95:932,126:541,137:504,179:324,158:417,195:249,187:271,89:1163,183:299,181:313,135:508,118:580,109:695,303:106,269:136,77:1630,63:3970,247:153,45:25554,198:245,251:152,94:1014,148:457,235:163,44:27505,145:463,69:2643,140:486,226:187,233:173,98:894,121:563,184:292,273:132,47:21306,285:128,299:111,232:174,156:422,166:396,268:136,239:159,258:146,90:1151,50:15876,185:286,202:231,263:140,116:587,100:879,84:1316,173:358,60:5315,161:415,151:445,88:1165,302:106,160:415,136:506,220:194,193:253,189:261,201:231,177:333,294:118,240:159,292:120,257:147,46:23410,196:247,68:2922,217:195,194:250,108:695,129:526,215:196,169:381,170:379,114:604,286:128,255:148,110:662,277:130,41:31354,188:266,124:544,207:211,99:879,27:54086,102:824,147:460,106:707,30:53056,130:526,236:161,176:340,101:868	5	-6.065553874341123	28.398800374717542	0.742241375912606	PBF_P3	87:1173,53:13133,267:137,152:445,139:497,142:481,132:518,33:42190,250:152,211:204,265:139,200:233,254:149,199:242,221:193,134:511,234:172,14:139738,236:161,122:548,64:3779,32:45948,146:460,167:392,253:149,259:143,86:1212,159:417,154:435,225:188,275:131,85:1251,244:155,297:115,241:157,120:572,59:5712,272:134,111:648,153:443,249:152,208:205,295:117,172:359,1:420148,106:707,67:3424,243:155,36:38841,28:53914,252:150,175:347,112:615,174:347,79:1461,143:480,212:202,119:573,304:105,73:2132,230:177,125:541,163:403,107:698,71:2326,280:130,178:333,115:604,242:156,49:16134,171:367,93:1051,168:382,91:1122,260:143,95:932,126:541,137:504,179:324,197:246,158:417,195:249,187:271,164:398,109:695,118:580,135:508,181:313,303:106,269:136,77:1630,247:153,35:40826,63:3970,198:245,251:152,150:447,235:163,44:27505,140:486,121:563,184:292,273:132,285:128,155:422,299:111,232:174,156:422,166:396,268:136,239:159,258:146,205:218,90:1151,96:911,185:286,202:231,263:140,72:2281,100:879,173:358,161:415,151:445,88:1165,302:106,160:415,136:506,220:194,104:746,189:261,193:253,177:333,294:118,240:159,292:120,46:23410,257:147,196:247,217:195,129:526,108:695,194:250,215:196,170:379,169:381,114:604,286:128,255:148,78:1540,277:130,124:544,188:266,207:211,2:320760,99:879,27:54086,102:824,147:460,183:299,30:53056,130:526,55:7452,176:340,101:868	5	-5.14882291211424	24.814708927970845	0.742241375912606	5	-11.214376786455363	53.21350930268839	0.7422413759177282		0	True	0
ecol-SAMN15488577	PBF_P1	289:127,87:1173,53:13133,5:293035,139:497,142:481,186:271,33:42190,250:152,209:205,213:198,211:204,265:139,200:233,254:149,199:242,221:193,134:511,234:172,14:139738,122:548,64:3779,32:45948,167:392,180:324,259:143,253:149,86:1212,149:455,159:417,154:435,225:188,275:131,85:1251,55:7452,244:155,297:115,241:157,59:5712,111:648,153:443,249:152,208:205,295:117,172:359,157:417,76:1692,301:107,165:397,274:131,67:3424,243:155,264:139,83:1397,28:53914,175:347,252:150,112:615,174:347,79:1461,212:202,143:480,119:573,230:177,73:2132,304:105,125:541,163:403,107:698,280:130,262:142,178:333,115:604,242:156,49:16134,123:545,168:382,93:1051,171:367,91:1122,260:143,95:932,126:541,137:504,179:324,158:417,195:249,187:271,89:1163,183:299,181:313,135:508,118:580,109:695,303:106,269:136,77:1630,63:3970,247:153,45:25554,198:245,251:152,94:1014,148:457,235:163,44:27505,145:463,69:2643,140:486,226:187,233:173,98:894,121:563,184:292,273:132,47:21306,285:128,299:111,232:174,156:422,166:396,268:136,239:159,258:146,90:1151,50:15876,185:286,202:231,263:140,116:587,100:879,84:1316,173:358,60:5315,161:415,151:445,88:1165,302:106,160:415,136:506,220:194,193:253,189:261,201:231,177:333,294:118,240:159,292:120,257:147,46:23410,196:247,68:2922,217:195,194:250,108:695,129:526,215:196,169:381,170:379,114:604,286:128,255:148,110:662,277:130,41:31354,188:266,124:544,207:211,99:879,27:54086,102:824,147:460,106:707,30:53056,130:526,236:161,176:340,101:868	5	-6.065553874341123	28.398800374717542	0.742241375912606	PBF_P4	38:36530	4	0.0	0.4686631918201336	5.652736280636957	0	0	0	0		1	False	0
ecol-SAMN15488577	PBF_P1	289:127,87:1173,53:13133,5:293035,139:497,142:481,186:271,33:42190,250:152,209:205,213:198,211:204,265:139,200:233,254:149,199:242,221:193,134:511,234:172,14:139738,122:548,64:3779,32:45948,167:392,180:324,259:143,253:149,86:1212,149:455,159:417,154:435,225:188,275:131,85:1251,55:7452,244:155,297:115,241:157,59:5712,111:648,153:443,249:152,208:205,295:117,172:359,157:417,76:1692,301:107,165:397,274:131,67:3424,243:155,264:139,83:1397,28:53914,175:347,252:150,112:615,174:347,79:1461,212:202,143:480,119:573,230:177,73:2132,304:105,125:541,163:403,107:698,280:130,262:142,178:333,115:604,242:156,49:16134,123:545,168:382,93:1051,171:367,91:1122,260:143,95:932,126:541,137:504,179:324,158:417,195:249,187:271,89:1163,183:299,181:313,135:508,118:580,109:695,303:106,269:136,77:1630,63:3970,247:153,45:25554,198:245,251:152,94:1014,148:457,235:163,44:27505,145:463,69:2643,140:486,226:187,233:173,98:894,121:563,184:292,273:132,47:21306,285:128,299:111,232:174,156:422,166:396,268:136,239:159,258:146,90:1151,50:15876,185:286,202:231,263:140,116:587,100:879,84:1316,173:358,60:5315,161:415,151:445,88:1165,302:106,160:415,136:506,220:194,193:253,189:261,201:231,177:333,294:118,240:159,292:120,257:147,46:23410,196:247,68:2922,217:195,194:250,108:695,129:526,215:196,169:381,170:379,114:604,286:128,255:148,110:662,277:130,41:31354,188:266,124:544,207:211,99:879,27:54086,102:824,147:460,106:707,30:53056,130:526,236:161,176:340,101:868	5	-6.065553874341123	28.398800374717542	0.742241375912606	PBF_P5	164:398,305:105,36:38841,183:299,217:195,108:695	5	-0.0848018255795808	1.3383538684905212	0.8306320417033518	5	-6.150355699920703	29.737154243208064	0.7422413759122719		0	True	0
ecol-SAMN15488577	PBF_P1	289:127,87:1173,53:13133,5:293035,139:497,142:481,186:271,33:42190,250:152,209:205,213:198,211:204,265:139,200:233,254:149,199:242,221:193,134:511,234:172,14:139738,122:548,64:3779,32:45948,167:392,180:324,259:143,253:149,86:1212,149:455,159:417,154:435,225:188,275:131,85:1251,55:7452,244:155,297:115,241:157,59:5712,111:648,153:443,249:152,208:205,295:117,172:359,157:417,76:1692,301:107,165:397,274:131,67:3424,243:155,264:139,83:1397,28:53914,175:347,252:150,112:615,174:347,79:1461,212:202,143:480,119:573,230:177,73:2132,304:105,125:541,163:403,107:698,280:130,262:142,178:333,115:604,242:156,49:16134,123:545,168:382,93:1051,171:367,91:1122,260:143,95:932,126:541,137:504,179:324,158:417,195:249,187:271,89:1163,183:299,181:313,135:508,118:580,109:695,303:106,269:136,77:1630,63:3970,247:153,45:25554,198:245,251:152,94:1014,148:457,235:163,44:27505,145:463,69:2643,140:486,226:187,233:173,98:894,121:563,184:292,273:132,47:21306,285:128,299:111,232:174,156:422,166:396,268:136,239:159,258:146,90:1151,50:15876,185:286,202:231,263:140,116:587,100:879,84:1316,173:358,60:5315,161:415,151:445,88:1165,302:106,160:415,136:506,220:194,193:253,189:261,201:231,177:333,294:118,240:159,292:120,257:147,46:23410,196:247,68:2922,217:195,194:250,108:695,129:526,215:196,169:381,170:379,114:604,286:128,255:148,110:662,277:130,41:31354,188:266,124:544,207:211,99:879,27:54086,102:824,147:460,106:707,30:53056,130:526,236:161,176:340,101:868	5	-6.065553874341123	28.398800374717542	0.742241375912606	PBF_P6	289:127,87:1173,53:13133,5:293035,152:445,139:497,142:481,186:271,33:42190,250:152,213:198,211:204,200:233,254:149,199:242,221:193,134:511,234:172,236:161,122:548,64:3779,32:45948,167:392,253:149,86:1212,149:455,159:417,154:435,225:188,275:131,85:1251,244:155,297:115,120:572,59:5712,272:134,111:648,153:443,249:152,208:205,295:117,172:359,301:107,6:287457,274:131,243:155,264:139,83:1397,28:53914,175:347,112:615,58:5929,174:347,79:1461,212:202,143:480,119:573,230:177,73:2132,125:541,163:403,107:698,280:130,262:142,115:604,242:156,49:16134,123:545,171:367,93:1051,168:382,260:143,95:932,126:541,137:504,179:324,197:246,158:417,195:249,187:271,89:1163,37:38227,181:313,109:695,118:580,303:106,269:136,45:25554,198:245,251:152,94:1014,148:457,235:163,145:463,140:486,226:187,233:173,61:4386,121:563,184:292,273:132,285:128,299:111,232:174,156:422,166:396,268:136,258:146,185:286,202:231,263:140,116:587,100:879,84:1316,173:358,60:5315,161:415,88:1165,302:106,160:415,136:506,220:194,193:253,189:261,177:333,240:159,196:247,129:526,169:381,215:196,170:379,286:128,255:148,78:1540,277:130,188:266,124:544,207:211,99:879,27:54086,176:340,30:53056,130:526,55:7452	5	-4.772988448927246	21.404644948592402	0.7866777979931645	5	-10.838542323268369	49.803445323309944	0.7422413759129123		0	True	0
ecol-SAMN15488577	PBF_P1	289:127,87:1173,53:13133,5:293035,139:497,142:481,186:271,33:42190,250:152,209:205,213:198,211:204,265:139,200:233,254:149,199:242,221:193,134:511,234:172,14:139738,122:548,64:3779,32:45948,167:392,180:324,259:143,253:149,86:1212,149:455,159:417,154:435,225:188,275:131,85:1251,55:7452,244:155,297:115,241:157,59:5712,111:648,153:443,249:152,208:205,295:117,172:359,157:417,76:1692,301:107,165:397,274:131,67:3424,243:155,264:139,83:1397,28:53914,175:347,252:150,112:615,174:347,79:1461,212:202,143:480,119:573,230:177,73:2132,304:105,125:541,163:403,107:698,280:130,262:142,178:333,115:604,242:156,49:16134,123:545,168:382,93:1051,171:367,91:1122,260:143,95:932,126:541,137:504,179:324,158:417,195:249,187:271,89:1163,183:299,181:313,135:508,118:580,109:695,303:106,269:136,77:1630,63:3970,247:153,45:25554,198:245,251:152,94:1014,148:457,235:163,44:27505,145:463,69:2643,140:486,226:187,233:173,98:894,121:563,184:292,273:132,47:21306,285:128,299:111,232:174,156:422,166:396,268:136,239:159,258:146,90:1151,50:15876,185:286,202:231,263:140,116:587,100:879,84:1316,173:358,60:5315,161:415,151:445,88:1165,302:106,160:415,136:506,220:194,193:253,189:261,201:231,177:333,294:118,240:159,292:120,257:147,46:23410,196:247,68:2922,217:195,194:250,108:695,129:526,215:196,169:381,170:379,114:604,286:128,255:148,110:662,277:130,41:31354,188:266,124:544,207:211,99:879,27:54086,102:824,147:460,106:707,30:53056,130:526,236:161,176:340,101:868	5	-6.065553874341123	28.398800374717542	0.742241375912606	PBF_P7	87:1173,267:137,131:525,152:445,139:497,142:481,132:518,186:271,250:152,211:204,200:233,254:149,234:172,14:139738,236:161,122:548,64:3779,32:45948,167:392,253:149,86:1212,149:455,154:435,225:188,275:131,85:1251,297:115,120:572,59:5712,272:134,111:648,153:443,249:152,208:205,295:117,172:359,1:420148,301:107,243:155,252:150,175:347,112:615,174:347,143:480,212:202,119:573,230:177,125:541,163:403,107:698,71:2326,280:130,178:333,115:604,242:156,168:382,93:1051,260:143,95:932,126:541,137:504,158:417,195:249,181:313,118:580,77:1630,303:106,26:57370,269:136,247:153,35:40826,198:245,251:152,150:447,235:163,140:486,184:292,121:563,61:4386,273:132,285:128,155:422,299:111,232:174,166:396,31:49351,239:159,258:146,205:218,216:196,96:911,185:286,202:231,72:2281,100:879,173:358,88:1165,302:106,136:506,220:194,104:746,193:253,189:261,177:333,196:247,194:250,129:526,169:381,170:379,286:128,255:148,277:130,188:266,207:211,176:340,102:824,147:460,55:7452,101:868	5	-3.788543035218758	13.201341073334353	0.8390432696871202	5	-9.85409690955988	41.60014144805189	0.7422413759122719		0	True	0
ecol-SAMN15488577	PBF_P1	289:127,87:1173,53:13133,5:293035,139:497,142:481,186:271,33:42190,250:152,209:205,213:198,211:204,265:139,200:233,254:149,199:242,221:193,134:511,234:172,14:139738,122:548,64:3779,32:45948,167:392,180:324,259:143,253:149,86:1212,149:455,159:417,154:435,225:188,275:131,85:1251,55:7452,244:155,297:115,241:157,59:5712,111:648,153:443,249:152,208:205,295:117,172:359,157:417,76:1692,301:107,165:397,274:131,67:3424,243:155,264:139,83:1397,28:53914,175:347,252:150,112:615,174:347,79:1461,212:202,143:480,119:573,230:177,73:2132,304:105,125:541,163:403,107:698,280:130,262:142,178:333,115:604,242:156,49:16134,123:545,168:382,93:1051,171:367,91:1122,260:143,95:932,126:541,137:504,179:324,158:417,195:249,187:271,89:1163,183:299,181:313,135:508,118:580,109:695,303:106,269:136,77:1630,63:3970,247:153,45:25554,198:245,251:152,94:1014,148:457,235:163,44:27505,145:463,69:2643,140:486,226:187,233:173,98:894,121:563,184:292,273:132,47:21306,285:128,299:111,232:174,156:422,166:396,268:136,239:159,258:146,90:1151,50:15876,185:286,202:231,263:140,116:587,100:879,84:1316,173:358,60:5315,161:415,151:445,88:1165,302:106,160:415,136:506,220:194,193:253,189:261,201:231,177:333,294:118,240:159,292:120,257:147,46:23410,196:247,68:2922,217:195,194:250,108:695,129:526,215:196,169:381,170:379,114:604,286:128,255:148,110:662,277:130,41:31354,188:266,124:544,207:211,99:879,27:54086,102:824,147:460,106:707,30:53056,130:526,236:161,176:340,101:868	5	-6.065553874341123	28.398800374717542	0.742241375912606	PBF_P8	289:127,87:1173,162:411,131:525,231:174,139:497,142:481,228:181,81:1423,186:271,250:152,213:198,211:204,97:908,200:233,254:149,234:172,122:548,64:3779,167:392,259:143,290:124,253:149,86:1212,149:455,138:503,154:435,39:33401,43:28125,227:182,225:188,275:131,85:1251,297:115,120:572,59:5712,272:134,111:648,153:443,249:152,208:205,295:117,172:359,117:582,301:107,106:707,6:287457,274:131,243:155,261:142,264:139,65:3777,252:150,83:1397,112:615,174:347,143:480,119:573,230:177,125:541,107:698,280:130,262:142,178:333,115:604,222:191,242:156,123:545,168:382,93:1051,260:143,95:932,126:541,137:504,238:159,3:303922,158:417,195:249,181:313,118:580,269:136,303:106,26:57370,247:153,198:245,150:447,94:1014,235:163,148:457,191:260,145:463,140:486,226:187,233:173,98:894,61:4386,273:132,279:130,285:128,155:422,299:111,232:174,166:396,31:49351,258:146,48:20160,216:196,185:286,281:129,192:257,72:2281,202:231,116:587,100:879,84:1316,60:5315,276:131,291:121,88:1165,302:106,136:506,220:194,128:529,193:253,189:261,177:333,257:147,196:247,256:147,129:526,169:381,170:379,286:128,255:148,110:662,277:130,16:132724,188:266,207:211,296:116,176:340,102:824,147:460,306:104,236:161,101:868	5	-3.9027023996322674	11.370483951409005	0.7866777979931645	5	-9.96825627397339	39.769284326126545	0.7422413759122719		0	True	0
ecol-SAMN15488577	PBF_P1	289:127,87:1173,53:13133,5:293035,139:497,142:481,186:271,33:42190,250:152,209:205,213:198,211:204,265:139,200:233,254:149,199:242,221:193,134:511,234:172,14:139738,122:548,64:3779,32:45948,167:392,180:324,259:143,253:149,86:1212,149:455,159:417,154:435,225:188,275:131,85:1251,55:7452,244:155,297:115,241:157,59:5712,111:648,153:443,249:152,208:205,295:117,172:359,157:417,76:1692,301:107,165:397,274:131,67:3424,243:155,264:139,83:1397,28:53914,175:347,252:150,112:615,174:347,79:1461,212:202,143:480,119:573,230:177,73:2132,304:105,125:541,163:403,107:698,280:130,262:142,178:333,115:604,242:156,49:16134,123:545,168:382,93:1051,171:367,91:1122,260:143,95:932,126:541,137:504,179:324,158:417,195:249,187:271,89:1163,183:299,181:313,135:508,118:580,109:695,303:106,269:136,77:1630,63:3970,247:153,45:25554,198:245,251:152,94:1014,148:457,235:163,44:27505,145:463,69:2643,140:486,226:187,233:173,98:894,121:563,184:292,273:132,47:21306,285:128,299:111,232:174,156:422,166:396,268:136,239:159,258:146,90:1151,50:15876,185:286,202:231,263:140,116:587,100:879,84:1316,173:358,60:5315,161:415,151:445,88:1165,302:106,160:415,136:506,220:194,193:253,189:261,201:231,177:333,294:118,240:159,292:120,257:147,46:23410,196:247,68:2922,217:195,194:250,108:695,129:526,215:196,169:381,170:379,114:604,286:128,255:148,110:662,277:130,41:31354,188:266,124:544,207:211,99:879,27:54086,102:824,147:460,106:707,30:53056,130:526,236:161,176:340,101:868	5	-6.065553874341123	28.398800374717542	0.742241375912606	PBF_P9	137:504,111:648,179:324,208:205,139:497,109:695,26:57370,204:218,122:548,58:5929,32:45948,121:563,167:392,240:159,196:247,73:2132,159:417,154:435,278:130,85:1251,49:16134	4	-0.4325113998734792	2.749179835783355	0.7915865627233497	5	-7.698875281777168	31.147980210500897	0.7422413759122719		0	True	0
ecol-SAMN15488577	PBF_P1	289:127,87:1173,53:13133,5:293035,139:497,142:481,186:271,33:42190,250:152,209:205,213:198,211:204,265:139,200:233,254:149,199:242,221:193,134:511,234:172,14:139738,122:548,64:3779,32:45948,167:392,180:324,259:143,253:149,86:1212,149:455,159:417,154:435,225:188,275:131,85:1251,55:7452,244:155,297:115,241:157,59:5712,111:648,153:443,249:152,208:205,295:117,172:359,157:417,76:1692,301:107,165:397,274:131,67:3424,243:155,264:139,83:1397,28:53914,175:347,252:150,112:615,174:347,79:1461,212:202,143:480,119:573,230:177,73:2132,304:105,125:541,163:403,107:698,280:130,262:142,178:333,115:604,242:156,49:16134,123:545,168:382,93:1051,171:367,91:1122,260:143,95:932,126:541,137:504,179:324,158:417,195:249,187:271,89:1163,183:299,181:313,135:508,118:580,109:695,303:106,269:136,77:1630,63:3970,247:153,45:25554,198:245,251:152,94:1014,148:457,235:163,44:27505,145:463,69:2643,140:486,226:187,233:173,98:894,121:563,184:292,273:132,47:21306,285:128,299:111,232:174,156:422,166:396,268:136,239:159,258:146,90:1151,50:15876,185:286,202:231,263:140,116:587,100:879,84:1316,173:358,60:5315,161:415,151:445,88:1165,302:106,160:415,136:506,220:194,193:253,189:261,201:231,177:333,294:118,240:159,292:120,257:147,46:23410,196:247,68:2922,217:195,194:250,108:695,129:526,215:196,169:381,170:379,114:604,286:128,255:148,110:662,277:130,41:31354,188:266,124:544,207:211,99:879,27:54086,102:824,147:460,106:707,30:53056,130:526,236:161,176:340,101:868	5	-6.065553874341123	28.398800374717542	0.742241375912606	PBF_P10	154:435,118:580,28:53914,137:504,58:5929,53:13133,56:7427,79:1461,167:392,246:154,70:2444,89:1163,73:2132,130:526,113:609,250:152	4	-0.8409992904969033	4.367391016583707	0.5733148861671449	5	-6.986905730500596	32.76619139130125	0.5733148861678625		0	True	0
ecol-SAMN15488577	PBF_P1	289:127,87:1173,53:13133,5:293035,139:497,142:481,186:271,33:42190,250:152,209:205,213:198,211:204,265:139,200:233,254:149,199:242,221:193,134:511,234:172,14:139738,122:548,64:3779,32:45948,167:392,180:324,259:143,253:149,86:1212,149:455,159:417,154:435,225:188,275:131,85:1251,55:7452,244:155,297:115,241:157,59:5712,111:648,153:443,249:152,208:205,295:117,172:359,157:417,76:1692,301:107,165:397,274:131,67:3424,243:155,264:139,83:1397,28:53914,175:347,252:150,112:615,174:347,79:1461,212:202,143:480,119:573,230:177,73:2132,304:105,125:541,163:403,107:698,280:130,262:142,178:333,115:604,242:156,49:16134,123:545,168:382,93:1051,171:367,91:1122,260:143,95:932,126:541,137:504,179:324,158:417,195:249,187:271,89:1163,183:299,181:313,135:508,118:580,109:695,303:106,269:136,77:1630,63:3970,247:153,45:25554,198:245,251:152,94:1014,148:457,235:163,44:27505,145:463,69:2643,140:486,226:187,233:173,98:894,121:563,184:292,273:132,47:21306,285:128,299:111,232:174,156:422,166:396,268:136,239:159,258:146,90:1151,50:15876,185:286,202:231,263:140,116:587,100:879,84:1316,173:358,60:5315,161:415,151:445,88:1165,302:106,160:415,136:506,220:194,193:253,189:261,201:231,177:333,294:118,240:159,292:120,257:147,46:23410,196:247,68:2922,217:195,194:250,108:695,129:526,215:196,169:381,170:379,114:604,286:128,255:148,110:662,277:130,41:31354,188:266,124:544,207:211,99:879,27:54086,102:824,147:460,106:707,30:53056,130:526,236:161,176:340,101:868	5	-6.065553874341123	28.398800374717542	0.742241375912606	PBF_P11	288:127,202:231,219:194,116:587,137:504,162:411,228:181,89:1163,250:152,213:198,118:580,117:582,274:131,246:154,70:2444,264:139,261:142,283:129,113:609,51:14119,83:1397,80:1450,122:548,237:160,58:5929,177:333,32:45948,233:173,167:392,61:4386,224:189,121:563,257:147,259:143,79:1461,256:147,73:2132,119:573,129:526,105:736,248:153,154:435,110:662,262:142,16:132724,43:28125,222:191,11:160171,85:1251,82:1398,50:15876,123:545,106:707,103:765,48:20160	4	-2.147566995839061	3.2449437814443547	0.6836683350496873	5	-8.786890608695796	31.643744156161898	0.6836683350502426		0	True	0
ecol-SAMN15488577	PBF_P1	289:127,87:1173,53:13133,5:293035,139:497,142:481,186:271,33:42190,250:152,209:205,213:198,211:204,265:139,200:233,254:149,199:242,221:193,134:511,234:172,14:139738,122:548,64:3779,32:45948,167:392,180:324,259:143,253:149,86:1212,149:455,159:417,154:435,225:188,275:131,85:1251,55:7452,244:155,297:115,241:157,59:5712,111:648,153:443,249:152,208:205,295:117,172:359,157:417,76:1692,301:107,165:397,274:131,67:3424,243:155,264:139,83:1397,28:53914,175:347,252:150,112:615,174:347,79:1461,212:202,143:480,119:573,230:177,73:2132,304:105,125:541,163:403,107:698,280:130,262:142,178:333,115:604,242:156,49:16134,123:545,168:382,93:1051,171:367,91:1122,260:143,95:932,126:541,137:504,179:324,158:417,195:249,187:271,89:1163,183:299,181:313,135:508,118:580,109:695,303:106,269:136,77:1630,63:3970,247:153,45:25554,198:245,251:152,94:1014,148:457,235:163,44:27505,145:463,69:2643,140:486,226:187,233:173,98:894,121:563,184:292,273:132,47:21306,285:128,299:111,232:174,156:422,166:396,268:136,239:159,258:146,90:1151,50:15876,185:286,202:231,263:140,116:587,100:879,84:1316,173:358,60:5315,161:415,151:445,88:1165,302:106,160:415,136:506,220:194,193:253,189:261,201:231,177:333,294:118,240:159,292:120,257:147,46:23410,196:247,68:2922,217:195,194:250,108:695,129:526,215:196,169:381,170:379,114:604,286:128,255:148,110:662,277:130,41:31354,188:266,124:544,207:211,99:879,27:54086,102:824,147:460,106:707,30:53056,130:526,236:161,176:340,101:868	5	-6.065553874341123	28.398800374717542	0.742241375912606	PBF_P12	191:260,281:129,128:529,65:3777,97:908,245:155,307:102,231:174,290:124,306:104,291:121	5	0.0	0.7941779161901855	1.0088242624011206	5	-6.149702432629073	28.358667420087635	0.7422413759122719	25:58014,227:182,266:139,296:116	0	False	0
ecol-SAMN15488577	PBF_P2	87:1173,53:13133,5:293035,152:445,139:497,142:481,250:152,209:205,213:198,211:204,265:139,200:233,254:149,199:242,221:193,134:511,234:172,14:139738,236:161,122:548,146:460,32:45948,64:3779,167:392,253:149,259:143,86:1212,159:417,154:435,225:188,275:131,85:1251,244:155,297:115,120:572,241:157,59:5712,272:134,153:443,249:152,208:205,295:117,172:359,157:417,274:131,67:3424,243:155,261:142,264:139,36:38841,83:1397,28:53914,175:347,252:150,112:615,58:5929,174:347,79:1461,212:202,143:480,119:573,230:177,73:2132,304:105,125:541,163:403,107:698,280:130,262:142,178:333,115:604,242:156,49:16134,123:545,171:367,93:1051,168:382,91:1122,260:143,95:932,126:541,137:504,179:324,197:246,195:249,187:271,89:1163,183:299,164:398,181:313,135:508,109:695,118:580,303:106,269:136,77:1630,63:3970,247:153,45:25554,198:245,150:447,251:152,235:163,44:27505,140:486,233:173,61:4386,98:894,121:563,184:292,273:132,47:21306,285:128,155:422,299:111,232:174,156:422,166:396,268:136,239:159,258:146,90:1151,185:286,202:231,72:2281,263:140,116:587,100:879,173:358,161:415,151:445,88:1165,302:106,160:415,136:506,220:194,193:253,189:261,177:333,294:118,240:159,292:120,257:147,46:23410,256:147,194:250,129:526,217:195,169:381,215:196,170:379,108:695,114:604,286:128,255:148,110:662,277:130,78:1540,188:266,124:544,207:211,99:879,27:54086,102:824,147:460,106:707,30:53056,130:526,176:340,55:7452,101:868	5	-5.088483855931949	29.916850124605574	0.742241375912606	PBF_P3	87:1173,53:13133,267:137,152:445,139:497,142:481,132:518,33:42190,250:152,211:204,265:139,200:233,254:149,199:242,221:193,134:511,234:172,14:139738,236:161,122:548,64:3779,32:45948,146:460,167:392,253:149,259:143,86:1212,159:417,154:435,225:188,275:131,85:1251,244:155,297:115,241:157,120:572,59:5712,272:134,111:648,153:443,249:152,208:205,295:117,172:359,1:420148,106:707,67:3424,243:155,36:38841,28:53914,252:150,175:347,112:615,174:347,79:1461,143:480,212:202,119:573,304:105,73:2132,230:177,125:541,163:403,107:698,71:2326,280:130,178:333,115:604,242:156,49:16134,171:367,93:1051,168:382,91:1122,260:143,95:932,126:541,137:504,179:324,197:246,158:417,195:249,187:271,164:398,109:695,118:580,135:508,181:313,303:106,269:136,77:1630,247:153,35:40826,63:3970,198:245,251:152,150:447,235:163,44:27505,140:486,121:563,184:292,273:132,285:128,155:422,299:111,232:174,156:422,166:396,268:136,239:159,258:146,205:218,90:1151,96:911,185:286,202:231,263:140,72:2281,100:879,173:358,161:415,151:445,88:1165,302:106,160:415,136:506,220:194,104:746,189:261,193:253,177:333,294:118,240:159,292:120,46:23410,257:147,196:247,217:195,129:526,108:695,194:250,215:196,170:379,169:381,114:604,286:128,255:148,78:1540,277:130,124:544,188:266,207:211,2:320760,99:879,27:54086,102:824,147:460,183:299,30:53056,130:526,55:7452,176:340,101:868	5	-5.14882291211424	24.814708927970845	0.742241375912606	5	-10.319795232141768	54.868536846015814	0.742241375949283	69:2643	0	True	0
ecol-SAMN15488577	PBF_P2	87:1173,53:13133,5:293035,152:445,139:497,142:481,250:152,209:205,213:198,211:204,265:139,200:233,254:149,199:242,221:193,134:511,234:172,14:139738,236:161,122:548,146:460,32:45948,64:3779,167:392,253:149,259:143,86:1212,159:417,154:435,225:188,275:131,85:1251,244:155,297:115,120:572,241:157,59:5712,272:134,153:443,249:152,208:205,295:117,172:359,157:417,274:131,67:3424,243:155,261:142,264:139,36:38841,83:1397,28:53914,175:347,252:150,112:615,58:5929,174:347,79:1461,212:202,143:480,119:573,230:177,73:2132,304:105,125:541,163:403,107:698,280:130,262:142,178:333,115:604,242:156,49:16134,123:545,171:367,93:1051,168:382,91:1122,260:143,95:932,126:541,137:504,179:324,197:246,195:249,187:271,89:1163,183:299,164:398,181:313,135:508,109:695,118:580,303:106,269:136,77:1630,63:3970,247:153,45:25554,198:245,150:447,251:152,235:163,44:27505,140:486,233:173,61:4386,98:894,121:563,184:292,273:132,47:21306,285:128,155:422,299:111,232:174,156:422,166:396,268:136,239:159,258:146,90:1151,185:286,202:231,72:2281,263:140,116:587,100:879,173:358,161:415,151:445,88:1165,302:106,160:415,136:506,220:194,193:253,189:261,177:333,294:118,240:159,292:120,257:147,46:23410,256:147,194:250,129:526,217:195,169:381,215:196,170:379,108:695,114:604,286:128,255:148,110:662,277:130,78:1540,188:266,124:544,207:211,99:879,27:54086,102:824,147:460,106:707,30:53056,130:526,176:340,55:7452,101:868	5	-5.088483855931949	29.916850124605574	0.742241375912606	PBF_P4	38:36530	4	0.0	0.4686631918201336	5.652736280636957	0	0	0	0		1	False	0
ecol-SAMN15488577	PBF_P2	87:1173,53:13133,5:293035,152:445,139:497,142:481,250:152,209:205,213:198,211:204,265:139,200:233,254:149,199:242,221:193,134:511,234:172,14:139738,236:161,122:548,146:460,32:45948,64:3779,167:392,253:149,259:143,86:1212,159:417,154:435,225:188,275:131,85:1251,244:155,297:115,120:572,241:157,59:5712,272:134,153:443,249:152,208:205,295:117,172:359,157:417,274:131,67:3424,243:155,261:142,264:139,36:38841,83:1397,28:53914,175:347,252:150,112:615,58:5929,174:347,79:1461,212:202,143:480,119:573,230:177,73:2132,304:105,125:541,163:403,107:698,280:130,262:142,178:333,115:604,242:156,49:16134,123:545,171:367,93:1051,168:382,91:1122,260:143,95:932,126:541,137:504,179:324,197:246,195:249,187:271,89:1163,183:299,164:398,181:313,135:508,109:695,118:580,303:106,269:136,77:1630,63:3970,247:153,45:25554,198:245,150:447,251:152,235:163,44:27505,140:486,233:173,61:4386,98:894,121:563,184:292,273:132,47:21306,285:128,155:422,299:111,232:174,156:422,166:396,268:136,239:159,258:146,90:1151,185:286,202:231,72:2281,263:140,116:587,100:879,173:358,161:415,151:445,88:1165,302:106,160:415,136:506,220:194,193:253,189:261,177:333,294:118,240:159,292:120,257:147,46:23410,256:147,194:250,129:526,217:195,169:381,215:196,170:379,108:695,114:604,286:128,255:148,110:662,277:130,78:1540,188:266,124:544,207:211,99:879,27:54086,102:824,147:460,106:707,30:53056,130:526,176:340,55:7452,101:868	5	-5.088483855931949	29.916850124605574	0.742241375912606	PBF_P5	164:398,305:105,36:38841,183:299,217:195,108:695	5	-0.0848018255795808	1.3383538684905212	0.8306320417033518	5	-5.17328568151153	31.255203993096096	0.7422413759122719		0	True	0
ecol-SAMN15488577	PBF_P2	87:1173,53:13133,5:293035,152:445,139:497,142:481,250:152,209:205,213:198,211:204,265:139,200:233,254:149,199:242,221:193,134:511,234:172,14:139738,236:161,122:548,146:460,32:45948,64:3779,167:392,253:149,259:143,86:1212,159:417,154:435,225:188,275:131,85:1251,244:155,297:115,120:572,241:157,59:5712,272:134,153:443,249:152,208:205,295:117,172:359,157:417,274:131,67:3424,243:155,261:142,264:139,36:38841,83:1397,28:53914,175:347,252:150,112:615,58:5929,174:347,79:1461,212:202,143:480,119:573,230:177,73:2132,304:105,125:541,163:403,107:698,280:130,262:142,178:333,115:604,242:156,49:16134,123:545,171:367,93:1051,168:382,91:1122,260:143,95:932,126:541,137:504,179:324,197:246,195:249,187:271,89:1163,183:299,164:398,181:313,135:508,109:695,118:580,303:106,269:136,77:1630,63:3970,247:153,45:25554,198:245,150:447,251:152,235:163,44:27505,140:486,233:173,61:4386,98:894,121:563,184:292,273:132,47:21306,285:128,155:422,299:111,232:174,156:422,166:396,268:136,239:159,258:146,90:1151,185:286,202:231,72:2281,263:140,116:587,100:879,173:358,161:415,151:445,88:1165,302:106,160:415,136:506,220:194,193:253,189:261,177:333,294:118,240:159,292:120,257:147,46:23410,256:147,194:250,129:526,217:195,169:381,215:196,170:379,108:695,114:604,286:128,255:148,110:662,277:130,78:1540,188:266,124:544,207:211,99:879,27:54086,102:824,147:460,106:707,30:53056,130:526,176:340,55:7452,101:868	5	-5.088483855931949	29.916850124605574	0.742241375912606	PBF_P6	289:127,87:1173,53:13133,5:293035,152:445,139:497,142:481,186:271,33:42190,250:152,213:198,211:204,200:233,254:149,199:242,221:193,134:511,234:172,236:161,122:548,64:3779,32:45948,167:392,253:149,86:1212,149:455,159:417,154:435,225:188,275:131,85:1251,244:155,297:115,120:572,59:5712,272:134,111:648,153:443,249:152,208:205,295:117,172:359,301:107,6:287457,274:131,243:155,264:139,83:1397,28:53914,175:347,112:615,58:5929,174:347,79:1461,212:202,143:480,119:573,230:177,73:2132,125:541,163:403,107:698,280:130,262:142,115:604,242:156,49:16134,123:545,171:367,93:1051,168:382,260:143,95:932,126:541,137:504,179:324,197:246,158:417,195:249,187:271,89:1163,37:38227,181:313,109:695,118:580,303:106,269:136,45:25554,198:245,251:152,94:1014,148:457,235:163,145:463,140:486,226:187,233:173,61:4386,121:563,184:292,273:132,285:128,299:111,232:174,156:422,166:396,268:136,258:146,185:286,202:231,263:140,116:587,100:879,84:1316,173:358,60:5315,161:415,88:1165,302:106,160:415,136:506,220:194,193:253,189:261,177:333,240:159,196:247,129:526,169:381,215:196,170:379,286:128,255:148,78:1540,277:130,188:266,124:544,207:211,99:879,27:54086,176:340,30:53056,130:526,55:7452	5	-4.772988448927246	21.404644948592402	0.7866777979931645	5	-9.943960768954774	51.45847286663738	0.7422413759122718	69:2643	0	True	0
ecol-SAMN15488577	PBF_P2	87:1173,53:13133,5:293035,152:445,139:497,142:481,250:152,209:205,213:198,211:204,265:139,200:233,254:149,199:242,221:193,134:511,234:172,14:139738,236:161,122:548,146:460,32:45948,64:3779,167:392,253:149,259:143,86:1212,159:417,154:435,225:188,275:131,85:1251,244:155,297:115,120:572,241:157,59:5712,272:134,153:443,249:152,208:205,295:117,172:359,157:417,274:131,67:3424,243:155,261:142,264:139,36:38841,83:1397,28:53914,175:347,252:150,112:615,58:5929,174:347,79:1461,212:202,143:480,119:573,230:177,73:2132,304:105,125:541,163:403,107:698,280:130,262:142,178:333,115:604,242:156,49:16134,123:545,171:367,93:1051,168:382,91:1122,260:143,95:932,126:541,137:504,179:324,197:246,195:249,187:271,89:1163,183:299,164:398,181:313,135:508,109:695,118:580,303:106,269:136,77:1630,63:3970,247:153,45:25554,198:245,150:447,251:152,235:163,44:27505,140:486,233:173,61:4386,98:894,121:563,184:292,273:132,47:21306,285:128,155:422,299:111,232:174,156:422,166:396,268:136,239:159,258:146,90:1151,185:286,202:231,72:2281,263:140,116:587,100:879,173:358,161:415,151:445,88:1165,302:106,160:415,136:506,220:194,193:253,189:261,177:333,294:118,240:159,292:120,257:147,46:23410,256:147,194:250,129:526,217:195,169:381,215:196,170:379,108:695,114:604,286:128,255:148,110:662,277:130,78:1540,188:266,124:544,207:211,99:879,27:54086,102:824,147:460,106:707,30:53056,130:526,176:340,55:7452,101:868	5	-5.088483855931949	29.916850124605574	0.742241375912606	PBF_P7	87:1173,267:137,131:525,152:445,139:497,142:481,132:518,186:271,250:152,211:204,200:233,254:149,234:172,14:139738,236:161,122:548,64:3779,32:45948,167:392,253:149,86:1212,149:455,154:435,225:188,275:131,85:1251,297:115,120:572,59:5712,272:134,111:648,153:443,249:152,208:205,295:117,172:359,1:420148,301:107,243:155,252:150,175:347,112:615,174:347,143:480,212:202,119:573,230:177,125:541,163:403,107:698,71:2326,280:130,178:333,115:604,242:156,168:382,93:1051,260:143,95:932,126:541,137:504,158:417,195:249,181:313,118:580,77:1630,303:106,26:57370,269:136,247:153,35:40826,198:245,251:152,150:447,235:163,140:486,184:292,121:563,61:4386,273:132,285:128,155:422,299:111,232:174,166:396,31:49351,239:159,258:146,205:218,216:196,96:911,185:286,202:231,72:2281,100:879,173:358,88:1165,302:106,136:506,220:194,104:746,193:253,189:261,177:333,196:247,194:250,129:526,169:381,170:379,286:128,255:148,277:130,188:266,207:211,176:340,102:824,147:460,55:7452,101:868	5	-3.788543035218758	13.201341073334353	0.8390432696871202	5	-8.877026891150708	43.11819119793993	0.7422413759122719		0	True	0
ecol-SAMN15488577	PBF_P2	87:1173,53:13133,5:293035,152:445,139:497,142:481,250:152,209:205,213:198,211:204,265:139,200:233,254:149,199:242,221:193,134:511,234:172,14:139738,236:161,122:548,146:460,32:45948,64:3779,167:392,253:149,259:143,86:1212,159:417,154:435,225:188,275:131,85:1251,244:155,297:115,120:572,241:157,59:5712,272:134,153:443,249:152,208:205,295:117,172:359,157:417,274:131,67:3424,243:155,261:142,264:139,36:38841,83:1397,28:53914,175:347,252:150,112:615,58:5929,174:347,79:1461,212:202,143:480,119:573,230:177,73:2132,304:105,125:541,163:403,107:698,280:130,262:142,178:333,115:604,242:156,49:16134,123:545,171:367,93:1051,168:382,91:1122,260:143,95:932,126:541,137:504,179:324,197:246,195:249,187:271,89:1163,183:299,164:398,181:313,135:508,109:695,118:580,303:106,269:136,77:1630,63:3970,247:153,45:25554,198:245,150:447,251:152,235:163,44:27505,140:486,233:173,61:4386,98:894,121:563,184:292,273:132,47:21306,285:128,155:422,299:111,232:174,156:422,166:396,268:136,239:159,258:146,90:1151,185:286,202:231,72:2281,263:140,116:587,100:879,173:358,161:415,151:445,88:1165,302:106,160:415,136:506,220:194,193:253,189:261,177:333,294:118,240:159,292:120,257:147,46:23410,256:147,194:250,129:526,217:195,169:381,215:196,170:379,108:695,114:604,286:128,255:148,110:662,277:130,78:1540,188:266,124:544,207:211,99:879,27:54086,102:824,147:460,106:707,30:53056,130:526,176:340,55:7452,101:868	5	-5.088483855931949	29.916850124605574	0.742241375912606	PBF_P8	289:127,87:1173,162:411,131:525,231:174,139:497,142:481,228:181,81:1423,186:271,250:152,213:198,211:204,97:908,200:233,254:149,234:172,122:548,64:3779,167:392,259:143,290:124,253:149,86:1212,149:455,138:503,154:435,39:33401,43:28125,227:182,225:188,275:131,85:1251,297:115,120:572,59:5712,272:134,111:648,153:443,249:152,208:205,295:117,172:359,117:582,301:107,106:707,6:287457,274:131,243:155,261:142,264:139,65:3777,252:150,83:1397,112:615,174:347,143:480,119:573,230:177,125:541,107:698,280:130,262:142,178:333,115:604,222:191,242:156,123:545,168:382,93:1051,260:143,95:932,126:541,137:504,238:159,3:303922,158:417,195:249,181:313,118:580,269:136,303:106,26:57370,247:153,198:245,150:447,94:1014,235:163,148:457,191:260,145:463,140:486,226:187,233:173,98:894,61:4386,273:132,279:130,285:128,155:422,299:111,232:174,166:396,31:49351,258:146,48:20160,216:196,185:286,281:129,192:257,72:2281,202:231,116:587,100:879,84:1316,60:5315,276:131,291:121,88:1165,302:106,136:506,220:194,128:529,193:253,189:261,177:333,257:147,196:247,256:147,129:526,169:381,170:379,286:128,255:148,110:662,277:130,16:132724,188:266,207:211,296:116,176:340,102:824,147:460,306:104,236:161,101:868	5	-3.9027023996322674	11.370483951409005	0.7866777979931645	5	-8.991186255564216	41.28733407601458	0.7422413759122719		0	True	0
ecol-SAMN15488577	PBF_P2	87:1173,53:13133,5:293035,152:445,139:497,142:481,250:152,209:205,213:198,211:204,265:139,200:233,254:149,199:242,221:193,134:511,234:172,14:139738,236:161,122:548,146:460,32:45948,64:3779,167:392,253:149,259:143,86:1212,159:417,154:435,225:188,275:131,85:1251,244:155,297:115,120:572,241:157,59:5712,272:134,153:443,249:152,208:205,295:117,172:359,157:417,274:131,67:3424,243:155,261:142,264:139,36:38841,83:1397,28:53914,175:347,252:150,112:615,58:5929,174:347,79:1461,212:202,143:480,119:573,230:177,73:2132,304:105,125:541,163:403,107:698,280:130,262:142,178:333,115:604,242:156,49:16134,123:545,171:367,93:1051,168:382,91:1122,260:143,95:932,126:541,137:504,179:324,197:246,195:249,187:271,89:1163,183:299,164:398,181:313,135:508,109:695,118:580,303:106,269:136,77:1630,63:3970,247:153,45:25554,198:245,150:447,251:152,235:163,44:27505,140:486,233:173,61:4386,98:894,121:563,184:292,273:132,47:21306,285:128,155:422,299:111,232:174,156:422,166:396,268:136,239:159,258:146,90:1151,185:286,202:231,72:2281,263:140,116:587,100:879,173:358,161:415,151:445,88:1165,302:106,160:415,136:506,220:194,193:253,189:261,177:333,294:118,240:159,292:120,257:147,46:23410,256:147,194:250,129:526,217:195,169:381,215:196,170:379,108:695,114:604,286:128,255:148,110:662,277:130,78:1540,188:266,124:544,207:211,99:879,27:54086,102:824,147:460,106:707,30:53056,130:526,176:340,55:7452,101:868	5	-5.088483855931949	29.916850124605574	0.742241375912606	PBF_P9	137:504,111:648,179:324,208:205,139:497,109:695,26:57370,204:218,122:548,58:5929,32:45948,121:563,167:392,240:159,196:247,73:2132,159:417,154:435,278:130,85:1251,49:16134	4	-0.4325113998734792	2.749179835783355	0.7915865627233497	5	-6.804293727463573	32.803007753828325	0.7422413759122719	69:2643	0	True	0
ecol-SAMN15488577	PBF_P2	87:1173,53:13133,5:293035,152:445,139:497,142:481,250:152,209:205,213:198,211:204,265:139,200:233,254:149,199:242,221:193,134:511,234:172,14:139738,236:161,122:548,146:460,32:45948,64:3779,167:392,253:149,259:143,86:1212,159:417,154:435,225:188,275:131,85:1251,244:155,297:115,120:572,241:157,59:5712,272:134,153:443,249:152,208:205,295:117,172:359,157:417,274:131,67:3424,243:155,261:142,264:139,36:38841,83:1397,28:53914,175:347,252:150,112:615,58:5929,174:347,79:1461,212:202,143:480,119:573,230:177,73:2132,304:105,125:541,163:403,107:698,280:130,262:142,178:333,115:604,242:156,49:16134,123:545,171:367,93:1051,168:382,91:1122,260:143,95:932,126:541,137:504,179:324,197:246,195:249,187:271,89:1163,183:299,164:398,181:313,135:508,109:695,118:580,303:106,269:136,77:1630,63:3970,247:153,45:25554,198:245,150:447,251:152,235:163,44:27505,140:486,233:173,61:4386,98:894,121:563,184:292,273:132,47:21306,285:128,155:422,299:111,232:174,156:422,166:396,268:136,239:159,258:146,90:1151,185:286,202:231,72:2281,263:140,116:587,100:879,173:358,161:415,151:445,88:1165,302:106,160:415,136:506,220:194,193:253,189:261,177:333,294:118,240:159,292:120,257:147,46:23410,256:147,194:250,129:526,217:195,169:381,215:196,170:379,108:695,114:604,286:128,255:148,110:662,277:130,78:1540,188:266,124:544,207:211,99:879,27:54086,102:824,147:460,106:707,30:53056,130:526,176:340,55:7452,101:868	5	-5.088483855931949	29.916850124605574	0.742241375912606	PBF_P10	154:435,118:580,28:53914,137:504,58:5929,53:13133,56:7427,79:1461,167:392,246:154,70:2444,89:1163,73:2132,130:526,113:609,250:152	4	-0.8409992904969033	4.367391016583707	0.5733148861671449	5	-6.092156728116155	34.70021948073114	0.45421390382762183	68:2922	0	True	0
ecol-SAMN15488577	PBF_P2	87:1173,53:13133,5:293035,152:445,139:497,142:481,250:152,209:205,213:198,211:204,265:139,200:233,254:149,199:242,221:193,134:511,234:172,14:139738,236:161,122:548,146:460,32:45948,64:3779,167:392,253:149,259:143,86:1212,159:417,154:435,225:188,275:131,85:1251,244:155,297:115,120:572,241:157,59:5712,272:134,153:443,249:152,208:205,295:117,172:359,157:417,274:131,67:3424,243:155,261:142,264:139,36:38841,83:1397,28:53914,175:347,252:150,112:615,58:5929,174:347,79:1461,212:202,143:480,119:573,230:177,73:2132,304:105,125:541,163:403,107:698,280:130,262:142,178:333,115:604,242:156,49:16134,123:545,171:367,93:1051,168:382,91:1122,260:143,95:932,126:541,137:504,179:324,197:246,195:249,187:271,89:1163,183:299,164:398,181:313,135:508,109:695,118:580,303:106,269:136,77:1630,63:3970,247:153,45:25554,198:245,150:447,251:152,235:163,44:27505,140:486,233:173,61:4386,98:894,121:563,184:292,273:132,47:21306,285:128,155:422,299:111,232:174,156:422,166:396,268:136,239:159,258:146,90:1151,185:286,202:231,72:2281,263:140,116:587,100:879,173:358,161:415,151:445,88:1165,302:106,160:415,136:506,220:194,193:253,189:261,177:333,294:118,240:159,292:120,257:147,46:23410,256:147,194:250,129:526,217:195,169:381,215:196,170:379,108:695,114:604,286:128,255:148,110:662,277:130,78:1540,188:266,124:544,207:211,99:879,27:54086,102:824,147:460,106:707,30:53056,130:526,176:340,55:7452,101:868	5	-5.088483855931949	29.916850124605574	0.742241375912606	PBF_P11	288:127,202:231,219:194,116:587,137:504,162:411,228:181,89:1163,250:152,213:198,118:580,117:582,274:131,246:154,70:2444,264:139,261:142,283:129,113:609,51:14119,83:1397,80:1450,122:548,237:160,58:5929,177:333,32:45948,233:173,167:392,61:4386,224:189,121:563,257:147,259:143,79:1461,256:147,73:2132,119:573,129:526,105:736,248:153,154:435,110:662,262:142,16:132724,43:28125,222:191,11:160171,85:1251,82:1398,50:15876,123:545,106:707,103:765,48:20160	4	-2.147566995839061	3.2449437814443547	0.6836683350496873	5	-7.892141606311354	33.57777224559179	0.4542139038276218	68:2922	0	True	0
ecol-SAMN15488577	PBF_P2	87:1173,53:13133,5:293035,152:445,139:497,142:481,250:152,209:205,213:198,211:204,265:139,200:233,254:149,199:242,221:193,134:511,234:172,14:139738,236:161,122:548,146:460,32:45948,64:3779,167:392,253:149,259:143,86:1212,159:417,154:435,225:188,275:131,85:1251,244:155,297:115,120:572,241:157,59:5712,272:134,153:443,249:152,208:205,295:117,172:359,157:417,274:131,67:3424,243:155,261:142,264:139,36:38841,83:1397,28:53914,175:347,252:150,112:615,58:5929,174:347,79:1461,212:202,143:480,119:573,230:177,73:2132,304:105,125:541,163:403,107:698,280:130,262:142,178:333,115:604,242:156,49:16134,123:545,171:367,93:1051,168:382,91:1122,260:143,95:932,126:541,137:504,179:324,197:246,195:249,187:271,89:1163,183:299,164:398,181:313,135:508,109:695,118:580,303:106,269:136,77:1630,63:3970,247:153,45:25554,198:245,150:447,251:152,235:163,44:27505,140:486,233:173,61:4386,98:894,121:563,184:292,273:132,47:21306,285:128,155:422,299:111,232:174,156:422,166:396,268:136,239:159,258:146,90:1151,185:286,202:231,72:2281,263:140,116:587,100:879,173:358,161:415,151:445,88:1165,302:106,160:415,136:506,220:194,193:253,189:261,177:333,294:118,240:159,292:120,257:147,46:23410,256:147,194:250,129:526,217:195,169:381,215:196,170:379,108:695,114:604,286:128,255:148,110:662,277:130,78:1540,188:266,124:544,207:211,99:879,27:54086,102:824,147:460,106:707,30:53056,130:526,176:340,55:7452,101:868	5	-5.088483855931949	29.916850124605574	0.742241375912606	PBF_P12	191:260,281:129,128:529,65:3777,97:908,245:155,307:102,231:174,290:124,306:104,291:121	5	0.0	0.7941779161901855	1.0088242624011206	5	-5.172632414219899	29.876717169975667	0.7422413759122719	25:58014,227:182,266:139,296:116	0	False	0
ecol-SAMN15488577	PBF_P3	87:1173,53:13133,267:137,152:445,139:497,142:481,132:518,33:42190,250:152,211:204,265:139,200:233,254:149,199:242,221:193,134:511,234:172,14:139738,236:161,122:548,64:3779,32:45948,146:460,167:392,253:149,259:143,86:1212,159:417,154:435,225:188,275:131,85:1251,244:155,297:115,241:157,120:572,59:5712,272:134,111:648,153:443,249:152,208:205,295:117,172:359,1:420148,106:707,67:3424,243:155,36:38841,28:53914,252:150,175:347,112:615,174:347,79:1461,143:480,212:202,119:573,304:105,73:2132,230:177,125:541,163:403,107:698,71:2326,280:130,178:333,115:604,242:156,49:16134,171:367,93:1051,168:382,91:1122,260:143,95:932,126:541,137:504,179:324,197:246,158:417,195:249,187:271,164:398,109:695,118:580,135:508,181:313,303:106,269:136,77:1630,247:153,35:40826,63:3970,198:245,251:152,150:447,235:163,44:27505,140:486,121:563,184:292,273:132,285:128,155:422,299:111,232:174,156:422,166:396,268:136,239:159,258:146,205:218,90:1151,96:911,185:286,202:231,263:140,72:2281,100:879,173:358,161:415,151:445,88:1165,302:106,160:415,136:506,220:194,104:746,189:261,193:253,177:333,294:118,240:159,292:120,46:23410,257:147,196:247,217:195,129:526,108:695,194:250,215:196,170:379,169:381,114:604,286:128,255:148,78:1540,277:130,124:544,188:266,207:211,2:320760,99:879,27:54086,102:824,147:460,183:299,30:53056,130:526,55:7452,176:340,101:868	5	-5.14882291211424	24.814708927970845	0.742241375912606	PBF_P4	38:36530	4	0.0	0.4686631918201336	5.652736280636957	0	0	0	0		1	False	0
ecol-SAMN15488577	PBF_P3	87:1173,53:13133,267:137,152:445,139:497,142:481,132:518,33:42190,250:152,211:204,265:139,200:233,254:149,199:242,221:193,134:511,234:172,14:139738,236:161,122:548,64:3779,32:45948,146:460,167:392,253:149,259:143,86:1212,159:417,154:435,225:188,275:131,85:1251,244:155,297:115,241:157,120:572,59:5712,272:134,111:648,153:443,249:152,208:205,295:117,172:359,1:420148,106:707,67:3424,243:155,36:38841,28:53914,252:150,175:347,112:615,174:347,79:1461,143:480,212:202,119:573,304:105,73:2132,230:177,125:541,163:403,107:698,71:2326,280:130,178:333,115:604,242:156,49:16134,171:367,93:1051,168:382,91:1122,260:143,95:932,126:541,137:504,179:324,197:246,158:417,195:249,187:271,164:398,109:695,118:580,135:508,181:313,303:106,269:136,77:1630,247:153,35:40826,63:3970,198:245,251:152,150:447,235:163,44:27505,140:486,121:563,184:292,273:132,285:128,155:422,299:111,232:174,156:422,166:396,268:136,239:159,258:146,205:218,90:1151,96:911,185:286,202:231,263:140,72:2281,100:879,173:358,161:415,151:445,88:1165,302:106,160:415,136:506,220:194,104:746,189:261,193:253,177:333,294:118,240:159,292:120,46:23410,257:147,196:247,217:195,129:526,108:695,194:250,215:196,170:379,169:381,114:604,286:128,255:148,78:1540,277:130,124:544,188:266,207:211,2:320760,99:879,27:54086,102:824,147:460,183:299,30:53056,130:526,55:7452,176:340,101:868	5	-5.14882291211424	24.814708927970845	0.742241375912606	PBF_P5	164:398,305:105,36:38841,183:299,217:195,108:695	5	-0.0848018255795808	1.3383538684905212	0.8306320417033518	5	-5.2336247376938205	26.153062796461366	0.7422413759177289		0	True	0
ecol-SAMN15488577	PBF_P3	87:1173,53:13133,267:137,152:445,139:497,142:481,132:518,33:42190,250:152,211:204,265:139,200:233,254:149,199:242,221:193,134:511,234:172,14:139738,236:161,122:548,64:3779,32:45948,146:460,167:392,253:149,259:143,86:1212,159:417,154:435,225:188,275:131,85:1251,244:155,297:115,241:157,120:572,59:5712,272:134,111:648,153:443,249:152,208:205,295:117,172:359,1:420148,106:707,67:3424,243:155,36:38841,28:53914,252:150,175:347,112:615,174:347,79:1461,143:480,212:202,119:573,304:105,73:2132,230:177,125:541,163:403,107:698,71:2326,280:130,178:333,115:604,242:156,49:16134,171:367,93:1051,168:382,91:1122,260:143,95:932,126:541,137:504,179:324,197:246,158:417,195:249,187:271,164:398,109:695,118:580,135:508,181:313,303:106,269:136,77:1630,247:153,35:40826,63:3970,198:245,251:152,150:447,235:163,44:27505,140:486,121:563,184:292,273:132,285:128,155:422,299:111,232:174,156:422,166:396,268:136,239:159,258:146,205:218,90:1151,96:911,185:286,202:231,263:140,72:2281,100:879,173:358,161:415,151:445,88:1165,302:106,160:415,136:506,220:194,104:746,189:261,193:253,177:333,294:118,240:159,292:120,46:23410,257:147,196:247,217:195,129:526,108:695,194:250,215:196,170:379,169:381,114:604,286:128,255:148,78:1540,277:130,124:544,188:266,207:211,2:320760,99:879,27:54086,102:824,147:460,183:299,30:53056,130:526,55:7452,176:340,101:868	5	-5.14882291211424	24.814708927970845	0.742241375912606	PBF_P6	289:127,87:1173,53:13133,5:293035,152:445,139:497,142:481,186:271,33:42190,250:152,213:198,211:204,200:233,254:149,199:242,221:193,134:511,234:172,236:161,122:548,64:3779,32:45948,167:392,253:149,86:1212,149:455,159:417,154:435,225:188,275:131,85:1251,244:155,297:115,120:572,59:5712,272:134,111:648,153:443,249:152,208:205,295:117,172:359,301:107,6:287457,274:131,243:155,264:139,83:1397,28:53914,175:347,112:615,58:5929,174:347,79:1461,212:202,143:480,119:573,230:177,73:2132,125:541,163:403,107:698,280:130,262:142,115:604,242:156,49:16134,123:545,171:367,93:1051,168:382,260:143,95:932,126:541,137:504,179:324,197:246,158:417,195:249,187:271,89:1163,37:38227,181:313,109:695,118:580,303:106,269:136,45:25554,198:245,251:152,94:1014,148:457,235:163,145:463,140:486,226:187,233:173,61:4386,121:563,184:292,273:132,285:128,299:111,232:174,156:422,166:396,268:136,258:146,185:286,202:231,263:140,116:587,100:879,84:1316,173:358,60:5315,161:415,88:1165,302:106,160:415,136:506,220:194,193:253,189:261,177:333,240:159,196:247,129:526,169:381,215:196,170:379,286:128,255:148,78:1540,277:130,188:266,124:544,207:211,99:879,27:54086,176:340,30:53056,130:526,55:7452	5	-4.772988448927246	21.404644948592402	0.7866777979931645	5	-10.004299825137064	46.356331670002646	0.7422413759122719	69:2643	0	True	0
ecol-SAMN15488577	PBF_P3	87:1173,53:13133,267:137,152:445,139:497,142:481,132:518,33:42190,250:152,211:204,265:139,200:233,254:149,199:242,221:193,134:511,234:172,14:139738,236:161,122:548,64:3779,32:45948,146:460,167:392,253:149,259:143,86:1212,159:417,154:435,225:188,275:131,85:1251,244:155,297:115,241:157,120:572,59:5712,272:134,111:648,153:443,249:152,208:205,295:117,172:359,1:420148,106:707,67:3424,243:155,36:38841,28:53914,252:150,175:347,112:615,174:347,79:1461,143:480,212:202,119:573,304:105,73:2132,230:177,125:541,163:403,107:698,71:2326,280:130,178:333,115:604,242:156,49:16134,171:367,93:1051,168:382,91:1122,260:143,95:932,126:541,137:504,179:324,197:246,158:417,195:249,187:271,164:398,109:695,118:580,135:508,181:313,303:106,269:136,77:1630,247:153,35:40826,63:3970,198:245,251:152,150:447,235:163,44:27505,140:486,121:563,184:292,273:132,285:128,155:422,299:111,232:174,156:422,166:396,268:136,239:159,258:146,205:218,90:1151,96:911,185:286,202:231,263:140,72:2281,100:879,173:358,161:415,151:445,88:1165,302:106,160:415,136:506,220:194,104:746,189:261,193:253,177:333,294:118,240:159,292:120,46:23410,257:147,196:247,217:195,129:526,108:695,194:250,215:196,170:379,169:381,114:604,286:128,255:148,78:1540,277:130,124:544,188:266,207:211,2:320760,99:879,27:54086,102:824,147:460,183:299,30:53056,130:526,55:7452,176:340,101:868	5	-5.14882291211424	24.814708927970845	0.742241375912606	PBF_P7	87:1173,267:137,131:525,152:445,139:497,142:481,132:518,186:271,250:152,211:204,200:233,254:149,234:172,14:139738,236:161,122:548,64:3779,32:45948,167:392,253:149,86:1212,149:455,154:435,225:188,275:131,85:1251,297:115,120:572,59:5712,272:134,111:648,153:443,249:152,208:205,295:117,172:359,1:420148,301:107,243:155,252:150,175:347,112:615,174:347,143:480,212:202,119:573,230:177,125:541,163:403,107:698,71:2326,280:130,178:333,115:604,242:156,168:382,93:1051,260:143,95:932,126:541,137:504,158:417,195:249,181:313,118:580,77:1630,303:106,26:57370,269:136,247:153,35:40826,198:245,251:152,150:447,235:163,140:486,184:292,121:563,61:4386,273:132,285:128,155:422,299:111,232:174,166:396,31:49351,239:159,258:146,205:218,216:196,96:911,185:286,202:231,72:2281,100:879,173:358,88:1165,302:106,136:506,220:194,104:746,193:253,189:261,177:333,196:247,194:250,129:526,169:381,170:379,286:128,255:148,277:130,188:266,207:211,176:340,102:824,147:460,55:7452,101:868	5	-3.788543035218758	13.201341073334353	0.8390432696871202	5	-8.937365947332998	38.016050001305196	0.7422413759122719		0	True	0
ecol-SAMN15488577	PBF_P3	87:1173,53:13133,267:137,152:445,139:497,142:481,132:518,33:42190,250:152,211:204,265:139,200:233,254:149,199:242,221:193,134:511,234:172,14:139738,236:161,122:548,64:3779,32:45948,146:460,167:392,253:149,259:143,86:1212,159:417,154:435,225:188,275:131,85:1251,244:155,297:115,241:157,120:572,59:5712,272:134,111:648,153:443,249:152,208:205,295:117,172:359,1:420148,106:707,67:3424,243:155,36:38841,28:53914,252:150,175:347,112:615,174:347,79:1461,143:480,212:202,119:573,304:105,73:2132,230:177,125:541,163:403,107:698,71:2326,280:130,178:333,115:604,242:156,49:16134,171:367,93:1051,168:382,91:1122,260:143,95:932,126:541,137:504,179:324,197:246,158:417,195:249,187:271,164:398,109:695,118:580,135:508,181:313,303:106,269:136,77:1630,247:153,35:40826,63:3970,198:245,251:152,150:447,235:163,44:27505,140:486,121:563,184:292,273:132,285:128,155:422,299:111,232:174,156:422,166:396,268:136,239:159,258:146,205:218,90:1151,96:911,185:286,202:231,263:140,72:2281,100:879,173:358,161:415,151:445,88:1165,302:106,160:415,136:506,220:194,104:746,189:261,193:253,177:333,294:118,240:159,292:120,46:23410,257:147,196:247,217:195,129:526,108:695,194:250,215:196,170:379,169:381,114:604,286:128,255:148,78:1540,277:130,124:544,188:266,207:211,2:320760,99:879,27:54086,102:824,147:460,183:299,30:53056,130:526,55:7452,176:340,101:868	5	-5.14882291211424	24.814708927970845	0.742241375912606	PBF_P8	289:127,87:1173,162:411,131:525,231:174,139:497,142:481,228:181,81:1423,186:271,250:152,213:198,211:204,97:908,200:233,254:149,234:172,122:548,64:3779,167:392,259:143,290:124,253:149,86:1212,149:455,138:503,154:435,39:33401,43:28125,227:182,225:188,275:131,85:1251,297:115,120:572,59:5712,272:134,111:648,153:443,249:152,208:205,295:117,172:359,117:582,301:107,106:707,6:287457,274:131,243:155,261:142,264:139,65:3777,252:150,83:1397,112:615,174:347,143:480,119:573,230:177,125:541,107:698,280:130,262:142,178:333,115:604,222:191,242:156,123:545,168:382,93:1051,260:143,95:932,126:541,137:504,238:159,3:303922,158:417,195:249,181:313,118:580,269:136,303:106,26:57370,247:153,198:245,150:447,94:1014,235:163,148:457,191:260,145:463,140:486,226:187,233:173,98:894,61:4386,273:132,279:130,285:128,155:422,299:111,232:174,166:396,31:49351,258:146,48:20160,216:196,185:286,281:129,192:257,72:2281,202:231,116:587,100:879,84:1316,60:5315,276:131,291:121,88:1165,302:106,136:506,220:194,128:529,193:253,189:261,177:333,257:147,196:247,256:147,129:526,169:381,170:379,286:128,255:148,110:662,277:130,16:132724,188:266,207:211,296:116,176:340,102:824,147:460,306:104,236:161,101:868	5	-3.9027023996322674	11.370483951409005	0.7866777979931645	5	-9.051525311746508	36.18519287937985	0.7422413759177289		0	True	0
ecol-SAMN15488577	PBF_P3	87:1173,53:13133,267:137,152:445,139:497,142:481,132:518,33:42190,250:152,211:204,265:139,200:233,254:149,199:242,221:193,134:511,234:172,14:139738,236:161,122:548,64:3779,32:45948,146:460,167:392,253:149,259:143,86:1212,159:417,154:435,225:188,275:131,85:1251,244:155,297:115,241:157,120:572,59:5712,272:134,111:648,153:443,249:152,208:205,295:117,172:359,1:420148,106:707,67:3424,243:155,36:38841,28:53914,252:150,175:347,112:615,174:347,79:1461,143:480,212:202,119:573,304:105,73:2132,230:177,125:541,163:403,107:698,71:2326,280:130,178:333,115:604,242:156,49:16134,171:367,93:1051,168:382,91:1122,260:143,95:932,126:541,137:504,179:324,197:246,158:417,195:249,187:271,164:398,109:695,118:580,135:508,181:313,303:106,269:136,77:1630,247:153,35:40826,63:3970,198:245,251:152,150:447,235:163,44:27505,140:486,121:563,184:292,273:132,285:128,155:422,299:111,232:174,156:422,166:396,268:136,239:159,258:146,205:218,90:1151,96:911,185:286,202:231,263:140,72:2281,100:879,173:358,161:415,151:445,88:1165,302:106,160:415,136:506,220:194,104:746,189:261,193:253,177:333,294:118,240:159,292:120,46:23410,257:147,196:247,217:195,129:526,108:695,194:250,215:196,170:379,169:381,114:604,286:128,255:148,78:1540,277:130,124:544,188:266,207:211,2:320760,99:879,27:54086,102:824,147:460,183:299,30:53056,130:526,55:7452,176:340,101:868	5	-5.14882291211424	24.814708927970845	0.742241375912606	PBF_P9	137:504,111:648,179:324,208:205,139:497,109:695,26:57370,204:218,122:548,58:5929,32:45948,121:563,167:392,240:159,196:247,73:2132,159:417,154:435,278:130,85:1251,49:16134	4	-0.4325113998734792	2.749179835783355	0.7915865627233497	5	-6.864632783645863	27.7008665571936	0.742241375912272	69:2643	0	True	0
ecol-SAMN15488577	PBF_P3	87:1173,53:13133,267:137,152:445,139:497,142:481,132:518,33:42190,250:152,211:204,265:139,200:233,254:149,199:242,221:193,134:511,234:172,14:139738,236:161,122:548,64:3779,32:45948,146:460,167:392,253:149,259:143,86:1212,159:417,154:435,225:188,275:131,85:1251,244:155,297:115,241:157,120:572,59:5712,272:134,111:648,153:443,249:152,208:205,295:117,172:359,1:420148,106:707,67:3424,243:155,36:38841,28:53914,252:150,175:347,112:615,174:347,79:1461,143:480,212:202,119:573,304:105,73:2132,230:177,125:541,163:403,107:698,71:2326,280:130,178:333,115:604,242:156,49:16134,171:367,93:1051,168:382,91:1122,260:143,95:932,126:541,137:504,179:324,197:246,158:417,195:249,187:271,164:398,109:695,118:580,135:508,181:313,303:106,269:136,77:1630,247:153,35:40826,63:3970,198:245,251:152,150:447,235:163,44:27505,140:486,121:563,184:292,273:132,285:128,155:422,299:111,232:174,156:422,166:396,268:136,239:159,258:146,205:218,90:1151,96:911,185:286,202:231,263:140,72:2281,100:879,173:358,161:415,151:445,88:1165,302:106,160:415,136:506,220:194,104:746,189:261,193:253,177:333,294:118,240:159,292:120,46:23410,257:147,196:247,217:195,129:526,108:695,194:250,215:196,170:379,169:381,114:604,286:128,255:148,78:1540,277:130,124:544,188:266,207:211,2:320760,99:879,27:54086,102:824,147:460,183:299,30:53056,130:526,55:7452,176:340,101:868	5	-5.14882291211424	24.814708927970845	0.742241375912606	PBF_P10	154:435,118:580,28:53914,137:504,58:5929,53:13133,56:7427,79:1461,167:392,246:154,70:2444,89:1163,73:2132,130:526,113:609,250:152	4	-0.8409992904969033	4.367391016583707	0.5733148861671449	5	-6.152495784298446	29.598078284096413	0.4542139038276218	68:2922	0	True	0
ecol-SAMN15488577	PBF_P3	87:1173,53:13133,267:137,152:445,139:497,142:481,132:518,33:42190,250:152,211:204,265:139,200:233,254:149,199:242,221:193,134:511,234:172,14:139738,236:161,122:548,64:3779,32:45948,146:460,167:392,253:149,259:143,86:1212,159:417,154:435,225:188,275:131,85:1251,244:155,297:115,241:157,120:572,59:5712,272:134,111:648,153:443,249:152,208:205,295:117,172:359,1:420148,106:707,67:3424,243:155,36:38841,28:53914,252:150,175:347,112:615,174:347,79:1461,143:480,212:202,119:573,304:105,73:2132,230:177,125:541,163:403,107:698,71:2326,280:130,178:333,115:604,242:156,49:16134,171:367,93:1051,168:382,91:1122,260:143,95:932,126:541,137:504,179:324,197:246,158:417,195:249,187:271,164:398,109:695,118:580,135:508,181:313,303:106,269:136,77:1630,247:153,35:40826,63:3970,198:245,251:152,150:447,235:163,44:27505,140:486,121:563,184:292,273:132,285:128,155:422,299:111,232:174,156:422,166:396,268:136,239:159,258:146,205:218,90:1151,96:911,185:286,202:231,263:140,72:2281,100:879,173:358,161:415,151:445,88:1165,302:106,160:415,136:506,220:194,104:746,189:261,193:253,177:333,294:118,240:159,292:120,46:23410,257:147,196:247,217:195,129:526,108:695,194:250,215:196,170:379,169:381,114:604,286:128,255:148,78:1540,277:130,124:544,188:266,207:211,2:320760,99:879,27:54086,102:824,147:460,183:299,30:53056,130:526,55:7452,176:340,101:868	5	-5.14882291211424	24.814708927970845	0.742241375912606	PBF_P11	288:127,202:231,219:194,116:587,137:504,162:411,228:181,89:1163,250:152,213:198,118:580,117:582,274:131,246:154,70:2444,264:139,261:142,283:129,113:609,51:14119,83:1397,80:1450,122:548,237:160,58:5929,177:333,32:45948,233:173,167:392,61:4386,224:189,121:563,257:147,259:143,79:1461,256:147,73:2132,119:573,129:526,105:736,248:153,154:435,110:662,262:142,16:132724,43:28125,222:191,11:160171,85:1251,82:1398,50:15876,123:545,106:707,103:765,48:20160	4	-2.147566995839061	3.2449437814443547	0.6836683350496873	5	-7.952480662493645	28.475631048957062	0.4542139038294408	68:2922	0	True	0
ecol-SAMN15488577	PBF_P3	87:1173,53:13133,267:137,152:445,139:497,142:481,132:518,33:42190,250:152,211:204,265:139,200:233,254:149,199:242,221:193,134:511,234:172,14:139738,236:161,122:548,64:3779,32:45948,146:460,167:392,253:149,259:143,86:1212,159:417,154:435,225:188,275:131,85:1251,244:155,297:115,241:157,120:572,59:5712,272:134,111:648,153:443,249:152,208:205,295:117,172:359,1:420148,106:707,67:3424,243:155,36:38841,28:53914,252:150,175:347,112:615,174:347,79:1461,143:480,212:202,119:573,304:105,73:2132,230:177,125:541,163:403,107:698,71:2326,280:130,178:333,115:604,242:156,49:16134,171:367,93:1051,168:382,91:1122,260:143,95:932,126:541,137:504,179:324,197:246,158:417,195:249,187:271,164:398,109:695,118:580,135:508,181:313,303:106,269:136,77:1630,247:153,35:40826,63:3970,198:245,251:152,150:447,235:163,44:27505,140:486,121:563,184:292,273:132,285:128,155:422,299:111,232:174,156:422,166:396,268:136,239:159,258:146,205:218,90:1151,96:911,185:286,202:231,263:140,72:2281,100:879,173:358,161:415,151:445,88:1165,302:106,160:415,136:506,220:194,104:746,189:261,193:253,177:333,294:118,240:159,292:120,46:23410,257:147,196:247,217:195,129:526,108:695,194:250,215:196,170:379,169:381,114:604,286:128,255:148,78:1540,277:130,124:544,188:266,207:211,2:320760,99:879,27:54086,102:824,147:460,183:299,30:53056,130:526,55:7452,176:340,101:868	5	-5.14882291211424	24.814708927970845	0.742241375912606	PBF_P12	191:260,281:129,128:529,65:3777,97:908,245:155,307:102,231:174,290:124,306:104,291:121	5	0.0	0.7941779161901855	1.0088242624011206	5	-5.23297147040219	24.774575973340937	0.7422413759122719	25:58014,227:182,266:139,296:116	0	False	0
ecol-SAMN15488577	PBF_P4	38:36530	4	0.0	0.4686631918201336	5.652736280636957	PBF_P5	164:398,305:105,36:38841,183:299,217:195,108:695	5	-0.0848018255795808	1.3383538684905212	0.8306320417033518	0	0	0	0		1	False	0
ecol-SAMN15488577	PBF_P4	38:36530	4	0.0	0.4686631918201336	5.652736280636957	PBF_P6	289:127,87:1173,53:13133,5:293035,152:445,139:497,142:481,186:271,33:42190,250:152,213:198,211:204,200:233,254:149,199:242,221:193,134:511,234:172,236:161,122:548,64:3779,32:45948,167:392,253:149,86:1212,149:455,159:417,154:435,225:188,275:131,85:1251,244:155,297:115,120:572,59:5712,272:134,111:648,153:443,249:152,208:205,295:117,172:359,301:107,6:287457,274:131,243:155,264:139,83:1397,28:53914,175:347,112:615,58:5929,174:347,79:1461,212:202,143:480,119:573,230:177,73:2132,125:541,163:403,107:698,280:130,262:142,115:604,242:156,49:16134,123:545,171:367,93:1051,168:382,260:143,95:932,126:541,137:504,179:324,197:246,158:417,195:249,187:271,89:1163,37:38227,181:313,109:695,118:580,303:106,269:136,45:25554,198:245,251:152,94:1014,148:457,235:163,145:463,140:486,226:187,233:173,61:4386,121:563,184:292,273:132,285:128,299:111,232:174,156:422,166:396,268:136,258:146,185:286,202:231,263:140,116:587,100:879,84:1316,173:358,60:5315,161:415,88:1165,302:106,160:415,136:506,220:194,193:253,189:261,177:333,240:159,196:247,129:526,169:381,215:196,170:379,286:128,255:148,78:1540,277:130,188:266,124:544,207:211,99:879,27:54086,176:340,30:53056,130:526,55:7452	5	-4.772988448927246	21.404644948592402	0.7866777979931645	0	0	0	0		1	False	0
ecol-SAMN15488577	PBF_P4	38:36530	4	0.0	0.4686631918201336	5.652736280636957	PBF_P7	87:1173,267:137,131:525,152:445,139:497,142:481,132:518,186:271,250:152,211:204,200:233,254:149,234:172,14:139738,236:161,122:548,64:3779,32:45948,167:392,253:149,86:1212,149:455,154:435,225:188,275:131,85:1251,297:115,120:572,59:5712,272:134,111:648,153:443,249:152,208:205,295:117,172:359,1:420148,301:107,243:155,252:150,175:347,112:615,174:347,143:480,212:202,119:573,230:177,125:541,163:403,107:698,71:2326,280:130,178:333,115:604,242:156,168:382,93:1051,260:143,95:932,126:541,137:504,158:417,195:249,181:313,118:580,77:1630,303:106,26:57370,269:136,247:153,35:40826,198:245,251:152,150:447,235:163,140:486,184:292,121:563,61:4386,273:132,285:128,155:422,299:111,232:174,166:396,31:49351,239:159,258:146,205:218,216:196,96:911,185:286,202:231,72:2281,100:879,173:358,88:1165,302:106,136:506,220:194,104:746,193:253,189:261,177:333,196:247,194:250,129:526,169:381,170:379,286:128,255:148,277:130,188:266,207:211,176:340,102:824,147:460,55:7452,101:868	5	-3.788543035218758	13.201341073334353	0.8390432696871202	0	0	0	0		1	False	0
ecol-SAMN15488577	PBF_P4	38:36530	4	0.0	0.4686631918201336	5.652736280636957	PBF_P8	289:127,87:1173,162:411,131:525,231:174,139:497,142:481,228:181,81:1423,186:271,250:152,213:198,211:204,97:908,200:233,254:149,234:172,122:548,64:3779,167:392,259:143,290:124,253:149,86:1212,149:455,138:503,154:435,39:33401,43:28125,227:182,225:188,275:131,85:1251,297:115,120:572,59:5712,272:134,111:648,153:443,249:152,208:205,295:117,172:359,117:582,301:107,106:707,6:287457,274:131,243:155,261:142,264:139,65:3777,252:150,83:1397,112:615,174:347,143:480,119:573,230:177,125:541,107:698,280:130,262:142,178:333,115:604,222:191,242:156,123:545,168:382,93:1051,260:143,95:932,126:541,137:504,238:159,3:303922,158:417,195:249,181:313,118:580,269:136,303:106,26:57370,247:153,198:245,150:447,94:1014,235:163,148:457,191:260,145:463,140:486,226:187,233:173,98:894,61:4386,273:132,279:130,285:128,155:422,299:111,232:174,166:396,31:49351,258:146,48:20160,216:196,185:286,281:129,192:257,72:2281,202:231,116:587,100:879,84:1316,60:5315,276:131,291:121,88:1165,302:106,136:506,220:194,128:529,193:253,189:261,177:333,257:147,196:247,256:147,129:526,169:381,170:379,286:128,255:148,110:662,277:130,16:132724,188:266,207:211,296:116,176:340,102:824,147:460,306:104,236:161,101:868	5	-3.9027023996322674	11.370483951409005	0.7866777979931645	0	0	0	0		1	False	0
ecol-SAMN15488577	PBF_P4	38:36530	4	0.0	0.4686631918201336	5.652736280636957	PBF_P9	137:504,111:648,179:324,208:205,139:497,109:695,26:57370,204:218,122:548,58:5929,32:45948,121:563,167:392,240:159,196:247,73:2132,159:417,154:435,278:130,85:1251,49:16134	4	-0.4325113998734792	2.749179835783355	0.7915865627233497	0	0	0	0		1	False	0
ecol-SAMN15488577	PBF_P4	38:36530	4	0.0	0.4686631918201336	5.652736280636957	PBF_P10	154:435,118:580,28:53914,137:504,58:5929,53:13133,56:7427,79:1461,167:392,246:154,70:2444,89:1163,73:2132,130:526,113:609,250:152	4	-0.8409992904969033	4.367391016583707	0.5733148861671449	0	0	0	0		1	False	0
ecol-SAMN15488577	PBF_P4	38:36530	4	0.0	0.4686631918201336	5.652736280636957	PBF_P11	288:127,202:231,219:194,116:587,137:504,162:411,228:181,89:1163,250:152,213:198,118:580,117:582,274:131,246:154,70:2444,264:139,261:142,283:129,113:609,51:14119,83:1397,80:1450,122:548,237:160,58:5929,177:333,32:45948,233:173,167:392,61:4386,224:189,121:563,257:147,259:143,79:1461,256:147,73:2132,119:573,129:526,105:736,248:153,154:435,110:662,262:142,16:132724,43:28125,222:191,11:160171,85:1251,82:1398,50:15876,123:545,106:707,103:765,48:20160	4	-2.147566995839061	3.2449437814443547	0.6836683350496873	0	0	0	0		1	False	0
ecol-SAMN15488577	PBF_P4	38:36530	4	0.0	0.4686631918201336	5.652736280636957	PBF_P12	191:260,281:129,128:529,65:3777,97:908,245:155,307:102,231:174,290:124,306:104,291:121	5	0.0	0.7941779161901855	1.0088242624011206	0	0	0	0		1	False	0
ecol-SAMN15488577	PBF_P5	164:398,305:105,36:38841,183:299,217:195,108:695	5	-0.0848018255795808	1.3383538684905212	0.8306320417033518	PBF_P6	289:127,87:1173,53:13133,5:293035,152:445,139:497,142:481,186:271,33:42190,250:152,213:198,211:204,200:233,254:149,199:242,221:193,134:511,234:172,236:161,122:548,64:3779,32:45948,167:392,253:149,86:1212,149:455,159:417,154:435,225:188,275:131,85:1251,244:155,297:115,120:572,59:5712,272:134,111:648,153:443,249:152,208:205,295:117,172:359,301:107,6:287457,274:131,243:155,264:139,83:1397,28:53914,175:347,112:615,58:5929,174:347,79:1461,212:202,143:480,119:573,230:177,73:2132,125:541,163:403,107:698,280:130,262:142,115:604,242:156,49:16134,123:545,171:367,93:1051,168:382,260:143,95:932,126:541,137:504,179:324,197:246,158:417,195:249,187:271,89:1163,37:38227,181:313,109:695,118:580,303:106,269:136,45:25554,198:245,251:152,94:1014,148:457,235:163,145:463,140:486,226:187,233:173,61:4386,121:563,184:292,273:132,285:128,299:111,232:174,156:422,166:396,268:136,258:146,185:286,202:231,263:140,116:587,100:879,84:1316,173:358,60:5315,161:415,88:1165,302:106,160:415,136:506,220:194,193:253,189:261,177:333,240:159,196:247,129:526,169:381,215:196,170:379,286:128,255:148,78:1540,277:130,188:266,124:544,207:211,99:879,27:54086,176:340,30:53056,130:526,55:7452	5	-4.772988448927246	21.404644948592402	0.7866777979931645	5	-4.951894823621781	22.839367189544816	0.13944266571888875	41:31354	0	False	0
ecol-SAMN15488577	PBF_P5	164:398,305:105,36:38841,183:299,217:195,108:695	5	-0.0848018255795808	1.3383538684905212	0.8306320417033518	PBF_P7	87:1173,267:137,131:525,152:445,139:497,142:481,132:518,186:271,250:152,211:204,200:233,254:149,234:172,14:139738,236:161,122:548,64:3779,32:45948,167:392,253:149,86:1212,149:455,154:435,225:188,275:131,85:1251,297:115,120:572,59:5712,272:134,111:648,153:443,249:152,208:205,295:117,172:359,1:420148,301:107,243:155,252:150,175:347,112:615,174:347,143:480,212:202,119:573,230:177,125:541,163:403,107:698,71:2326,280:130,178:333,115:604,242:156,168:382,93:1051,260:143,95:932,126:541,137:504,158:417,195:249,181:313,118:580,77:1630,303:106,26:57370,269:136,247:153,35:40826,198:245,251:152,150:447,235:163,140:486,184:292,121:563,61:4386,273:132,285:128,155:422,299:111,232:174,166:396,31:49351,239:159,258:146,205:218,216:196,96:911,185:286,202:231,72:2281,100:879,173:358,88:1165,302:106,136:506,220:194,104:746,193:253,189:261,177:333,196:247,194:250,129:526,169:381,170:379,286:128,255:148,277:130,188:266,207:211,176:340,102:824,147:460,55:7452,101:868	5	-3.788543035218758	13.201341073334353	0.8390432696871202	5	-3.967449409913293	14.636063314286767	0.13944266571888875	41:31354	0	False	0
ecol-SAMN15488577	PBF_P5	164:398,305:105,36:38841,183:299,217:195,108:695	5	-0.0848018255795808	1.3383538684905212	0.8306320417033518	PBF_P8	289:127,87:1173,162:411,131:525,231:174,139:497,142:481,228:181,81:1423,186:271,250:152,213:198,211:204,97:908,200:233,254:149,234:172,122:548,64:3779,167:392,259:143,290:124,253:149,86:1212,149:455,138:503,154:435,39:33401,43:28125,227:182,225:188,275:131,85:1251,297:115,120:572,59:5712,272:134,111:648,153:443,249:152,208:205,295:117,172:359,117:582,301:107,106:707,6:287457,274:131,243:155,261:142,264:139,65:3777,252:150,83:1397,112:615,174:347,143:480,119:573,230:177,125:541,107:698,280:130,262:142,178:333,115:604,222:191,242:156,123:545,168:382,93:1051,260:143,95:932,126:541,137:504,238:159,3:303922,158:417,195:249,181:313,118:580,269:136,303:106,26:57370,247:153,198:245,150:447,94:1014,235:163,148:457,191:260,145:463,140:486,226:187,233:173,98:894,61:4386,273:132,279:130,285:128,155:422,299:111,232:174,166:396,31:49351,258:146,48:20160,216:196,185:286,281:129,192:257,72:2281,202:231,116:587,100:879,84:1316,60:5315,276:131,291:121,88:1165,302:106,136:506,220:194,128:529,193:253,189:261,177:333,257:147,196:247,256:147,129:526,169:381,170:379,286:128,255:148,110:662,277:130,16:132724,188:266,207:211,296:116,176:340,102:824,147:460,306:104,236:161,101:868	5	-3.9027023996322674	11.370483951409005	0.7866777979931645	5	-4.081608774326802	12.80520619236142	0.13944266571888875	41:31354	0	False	0
ecol-SAMN15488577	PBF_P5	164:398,305:105,36:38841,183:299,217:195,108:695	5	-0.0848018255795808	1.3383538684905212	0.8306320417033518	PBF_P9	137:504,111:648,179:324,208:205,139:497,109:695,26:57370,204:218,122:548,58:5929,32:45948,121:563,167:392,240:159,196:247,73:2132,159:417,154:435,278:130,85:1251,49:16134	4	-0.4325113998734792	2.749179835783355	0.7915865627233497	4	-1.0532652664586735	4.183902076735769	0.13944266572252673	41:31354	0	False	0
ecol-SAMN15488577	PBF_P5	164:398,305:105,36:38841,183:299,217:195,108:695	5	-0.0848018255795808	1.3383538684905212	0.8306320417033518	PBF_P10	154:435,118:580,28:53914,137:504,58:5929,53:13133,56:7427,79:1461,167:392,246:154,70:2444,89:1163,73:2132,130:526,113:609,250:152	4	-0.8409992904969033	4.367391016583707	0.5733148861671449	5	-1.1002582308540085	5.802113257536121	0.13944266572252673	41:31354	0	False	0
ecol-SAMN15488577	PBF_P5	164:398,305:105,36:38841,183:299,217:195,108:695	5	-0.0848018255795808	1.3383538684905212	0.8306320417033518	PBF_P11	288:127,202:231,219:194,116:587,137:504,162:411,228:181,89:1163,250:152,213:198,118:580,117:582,274:131,246:154,70:2444,264:139,261:142,283:129,113:609,51:14119,83:1397,80:1450,122:548,237:160,58:5929,177:333,32:45948,233:173,167:392,61:4386,224:189,121:563,257:147,259:143,79:1461,256:147,73:2132,119:573,129:526,105:736,248:153,154:435,110:662,262:142,16:132724,43:28125,222:191,11:160171,85:1251,82:1398,50:15876,123:545,106:707,103:765,48:20160	4	-2.147566995839061	3.2449437814443547	0.6836683350496873	4	-2.7683208624242552	4.583297649934876	0.6836683350520616		0	False	0
ecol-SAMN15488577	PBF_P5	164:398,305:105,36:38841,183:299,217:195,108:695	5	-0.0848018255795808	1.3383538684905212	0.8306320417033518	PBF_P12	191:260,281:129,128:529,65:3777,97:908,245:155,307:102,231:174,290:124,306:104,291:121	5	0.0	0.7941779161901855	1.0088242624011206	5	-0.2630549329824845	1.7491947471514318	0.13944266571888875	25:58014,41:31354,154:435,227:182,266:139,296:116	0	False	0
ecol-SAMN15488577	PBF_P6	289:127,87:1173,53:13133,5:293035,152:445,139:497,142:481,186:271,33:42190,250:152,213:198,211:204,200:233,254:149,199:242,221:193,134:511,234:172,236:161,122:548,64:3779,32:45948,167:392,253:149,86:1212,149:455,159:417,154:435,225:188,275:131,85:1251,244:155,297:115,120:572,59:5712,272:134,111:648,153:443,249:152,208:205,295:117,172:359,301:107,6:287457,274:131,243:155,264:139,83:1397,28:53914,175:347,112:615,58:5929,174:347,79:1461,212:202,143:480,119:573,230:177,73:2132,125:541,163:403,107:698,280:130,262:142,115:604,242:156,49:16134,123:545,171:367,93:1051,168:382,260:143,95:932,126:541,137:504,179:324,197:246,158:417,195:249,187:271,89:1163,37:38227,181:313,109:695,118:580,303:106,269:136,45:25554,198:245,251:152,94:1014,148:457,235:163,145:463,140:486,226:187,233:173,61:4386,121:563,184:292,273:132,285:128,299:111,232:174,156:422,166:396,268:136,258:146,185:286,202:231,263:140,116:587,100:879,84:1316,173:358,60:5315,161:415,88:1165,302:106,160:415,136:506,220:194,193:253,189:261,177:333,240:159,196:247,129:526,169:381,215:196,170:379,286:128,255:148,78:1540,277:130,188:266,124:544,207:211,99:879,27:54086,176:340,30:53056,130:526,55:7452	5	-4.772988448927246	21.404644948592402	0.7866777979931645	PBF_P7	87:1173,267:137,131:525,152:445,139:497,142:481,132:518,186:271,250:152,211:204,200:233,254:149,234:172,14:139738,236:161,122:548,64:3779,32:45948,167:392,253:149,86:1212,149:455,154:435,225:188,275:131,85:1251,297:115,120:572,59:5712,272:134,111:648,153:443,249:152,208:205,295:117,172:359,1:420148,301:107,243:155,252:150,175:347,112:615,174:347,143:480,212:202,119:573,230:177,125:541,163:403,107:698,71:2326,280:130,178:333,115:604,242:156,168:382,93:1051,260:143,95:932,126:541,137:504,158:417,195:249,181:313,118:580,77:1630,303:106,26:57370,269:136,247:153,35:40826,198:245,251:152,150:447,235:163,140:486,184:292,121:563,61:4386,273:132,285:128,155:422,299:111,232:174,166:396,31:49351,239:159,258:146,205:218,216:196,96:911,185:286,202:231,72:2281,100:879,173:358,88:1165,302:106,136:506,220:194,104:746,193:253,189:261,177:333,196:247,194:250,129:526,169:381,170:379,286:128,255:148,277:130,188:266,207:211,176:340,102:824,147:460,55:7452,101:868	5	-3.788543035218758	13.201341073334353	0.8390432696871202	5	-8.561531484146004	34.60598602192675	0.7866777979925246		0	True	0
ecol-SAMN15488577	PBF_P6	289:127,87:1173,53:13133,5:293035,152:445,139:497,142:481,186:271,33:42190,250:152,213:198,211:204,200:233,254:149,199:242,221:193,134:511,234:172,236:161,122:548,64:3779,32:45948,167:392,253:149,86:1212,149:455,159:417,154:435,225:188,275:131,85:1251,244:155,297:115,120:572,59:5712,272:134,111:648,153:443,249:152,208:205,295:117,172:359,301:107,6:287457,274:131,243:155,264:139,83:1397,28:53914,175:347,112:615,58:5929,174:347,79:1461,212:202,143:480,119:573,230:177,73:2132,125:541,163:403,107:698,280:130,262:142,115:604,242:156,49:16134,123:545,171:367,93:1051,168:382,260:143,95:932,126:541,137:504,179:324,197:246,158:417,195:249,187:271,89:1163,37:38227,181:313,109:695,118:580,303:106,269:136,45:25554,198:245,251:152,94:1014,148:457,235:163,145:463,140:486,226:187,233:173,61:4386,121:563,184:292,273:132,285:128,299:111,232:174,156:422,166:396,268:136,258:146,185:286,202:231,263:140,116:587,100:879,84:1316,173:358,60:5315,161:415,88:1165,302:106,160:415,136:506,220:194,193:253,189:261,177:333,240:159,196:247,129:526,169:381,215:196,170:379,286:128,255:148,78:1540,277:130,188:266,124:544,207:211,99:879,27:54086,176:340,30:53056,130:526,55:7452	5	-4.772988448927246	21.404644948592402	0.7866777979931645	PBF_P8	289:127,87:1173,162:411,131:525,231:174,139:497,142:481,228:181,81:1423,186:271,250:152,213:198,211:204,97:908,200:233,254:149,234:172,122:548,64:3779,167:392,259:143,290:124,253:149,86:1212,149:455,138:503,154:435,39:33401,43:28125,227:182,225:188,275:131,85:1251,297:115,120:572,59:5712,272:134,111:648,153:443,249:152,208:205,295:117,172:359,117:582,301:107,106:707,6:287457,274:131,243:155,261:142,264:139,65:3777,252:150,83:1397,112:615,174:347,143:480,119:573,230:177,125:541,107:698,280:130,262:142,178:333,115:604,222:191,242:156,123:545,168:382,93:1051,260:143,95:932,126:541,137:504,238:159,3:303922,158:417,195:249,181:313,118:580,269:136,303:106,26:57370,247:153,198:245,150:447,94:1014,235:163,148:457,191:260,145:463,140:486,226:187,233:173,98:894,61:4386,273:132,279:130,285:128,155:422,299:111,232:174,166:396,31:49351,258:146,48:20160,216:196,185:286,281:129,192:257,72:2281,202:231,116:587,100:879,84:1316,60:5315,276:131,291:121,88:1165,302:106,136:506,220:194,128:529,193:253,189:261,177:333,257:147,196:247,256:147,129:526,169:381,170:379,286:128,255:148,110:662,277:130,16:132724,188:266,207:211,296:116,176:340,102:824,147:460,306:104,236:161,101:868	5	-3.9027023996322674	11.370483951409005	0.7866777979931645	5	-8.675690848559514	32.775128900001405	0.7866777979925246		0	True	0
ecol-SAMN15488577	PBF_P6	289:127,87:1173,53:13133,5:293035,152:445,139:497,142:481,186:271,33:42190,250:152,213:198,211:204,200:233,254:149,199:242,221:193,134:511,234:172,236:161,122:548,64:3779,32:45948,167:392,253:149,86:1212,149:455,159:417,154:435,225:188,275:131,85:1251,244:155,297:115,120:572,59:5712,272:134,111:648,153:443,249:152,208:205,295:117,172:359,301:107,6:287457,274:131,243:155,264:139,83:1397,28:53914,175:347,112:615,58:5929,174:347,79:1461,212:202,143:480,119:573,230:177,73:2132,125:541,163:403,107:698,280:130,262:142,115:604,242:156,49:16134,123:545,171:367,93:1051,168:382,260:143,95:932,126:541,137:504,179:324,197:246,158:417,195:249,187:271,89:1163,37:38227,181:313,109:695,118:580,303:106,269:136,45:25554,198:245,251:152,94:1014,148:457,235:163,145:463,140:486,226:187,233:173,61:4386,121:563,184:292,273:132,285:128,299:111,232:174,156:422,166:396,268:136,258:146,185:286,202:231,263:140,116:587,100:879,84:1316,173:358,60:5315,161:415,88:1165,302:106,160:415,136:506,220:194,193:253,189:261,177:333,240:159,196:247,129:526,169:381,215:196,170:379,286:128,255:148,78:1540,277:130,188:266,124:544,207:211,99:879,27:54086,176:340,30:53056,130:526,55:7452	5	-4.772988448927246	21.404644948592402	0.7866777979931645	PBF_P9	137:504,111:648,179:324,208:205,139:497,109:695,26:57370,204:218,122:548,58:5929,32:45948,121:563,167:392,240:159,196:247,73:2132,159:417,154:435,278:130,85:1251,49:16134	4	-0.4325113998734792	2.749179835783355	0.7915865627233497	5	-6.488630872388024	25.041731602572533	0.2617950910826039	68:2922,90:1151	0	True	0
ecol-SAMN15488577	PBF_P6	289:127,87:1173,53:13133,5:293035,152:445,139:497,142:481,186:271,33:42190,250:152,213:198,211:204,200:233,254:149,199:242,221:193,134:511,234:172,236:161,122:548,64:3779,32:45948,167:392,253:149,86:1212,149:455,159:417,154:435,225:188,275:131,85:1251,244:155,297:115,120:572,59:5712,272:134,111:648,153:443,249:152,208:205,295:117,172:359,301:107,6:287457,274:131,243:155,264:139,83:1397,28:53914,175:347,112:615,58:5929,174:347,79:1461,212:202,143:480,119:573,230:177,73:2132,125:541,163:403,107:698,280:130,262:142,115:604,242:156,49:16134,123:545,171:367,93:1051,168:382,260:143,95:932,126:541,137:504,179:324,197:246,158:417,195:249,187:271,89:1163,37:38227,181:313,109:695,118:580,303:106,269:136,45:25554,198:245,251:152,94:1014,148:457,235:163,145:463,140:486,226:187,233:173,61:4386,121:563,184:292,273:132,285:128,299:111,232:174,156:422,166:396,268:136,258:146,185:286,202:231,263:140,116:587,100:879,84:1316,173:358,60:5315,161:415,88:1165,302:106,160:415,136:506,220:194,193:253,189:261,177:333,240:159,196:247,129:526,169:381,215:196,170:379,286:128,255:148,78:1540,277:130,188:266,124:544,207:211,99:879,27:54086,176:340,30:53056,130:526,55:7452	5	-4.772988448927246	21.404644948592402	0.7866777979931645	PBF_P10	154:435,118:580,28:53914,137:504,58:5929,53:13133,56:7427,79:1461,167:392,246:154,70:2444,89:1163,73:2132,130:526,113:609,250:152	4	-0.8409992904969033	4.367391016583707	0.5733148861671449	5	-5.776661321111452	26.659942783372887	0.2617950910826039	68:2922,90:1151	0	True	0
ecol-SAMN15488577	PBF_P6	289:127,87:1173,53:13133,5:293035,152:445,139:497,142:481,186:271,33:42190,250:152,213:198,211:204,200:233,254:149,199:242,221:193,134:511,234:172,236:161,122:548,64:3779,32:45948,167:392,253:149,86:1212,149:455,159:417,154:435,225:188,275:131,85:1251,244:155,297:115,120:572,59:5712,272:134,111:648,153:443,249:152,208:205,295:117,172:359,301:107,6:287457,274:131,243:155,264:139,83:1397,28:53914,175:347,112:615,58:5929,174:347,79:1461,212:202,143:480,119:573,230:177,73:2132,125:541,163:403,107:698,280:130,262:142,115:604,242:156,49:16134,123:545,171:367,93:1051,168:382,260:143,95:932,126:541,137:504,179:324,197:246,158:417,195:249,187:271,89:1163,37:38227,181:313,109:695,118:580,303:106,269:136,45:25554,198:245,251:152,94:1014,148:457,235:163,145:463,140:486,226:187,233:173,61:4386,121:563,184:292,273:132,285:128,299:111,232:174,156:422,166:396,268:136,258:146,185:286,202:231,263:140,116:587,100:879,84:1316,173:358,60:5315,161:415,88:1165,302:106,160:415,136:506,220:194,193:253,189:261,177:333,240:159,196:247,129:526,169:381,215:196,170:379,286:128,255:148,78:1540,277:130,188:266,124:544,207:211,99:879,27:54086,176:340,30:53056,130:526,55:7452	5	-4.772988448927246	21.404644948592402	0.7866777979931645	PBF_P11	288:127,202:231,219:194,116:587,137:504,162:411,228:181,89:1163,250:152,213:198,118:580,117:582,274:131,246:154,70:2444,264:139,261:142,283:129,113:609,51:14119,83:1397,80:1450,122:548,237:160,58:5929,177:333,32:45948,233:173,167:392,61:4386,224:189,121:563,257:147,259:143,79:1461,256:147,73:2132,119:573,129:526,105:736,248:153,154:435,110:662,262:142,16:132724,43:28125,222:191,11:160171,85:1251,82:1398,50:15876,123:545,106:707,103:765,48:20160	4	-2.147566995839061	3.2449437814443547	0.6836683350496873	5	-7.576646199306651	25.537495548233533	0.2617950910826039	68:2922,90:1151	0	True	0
ecol-SAMN15488577	PBF_P6	289:127,87:1173,53:13133,5:293035,152:445,139:497,142:481,186:271,33:42190,250:152,213:198,211:204,200:233,254:149,199:242,221:193,134:511,234:172,236:161,122:548,64:3779,32:45948,167:392,253:149,86:1212,149:455,159:417,154:435,225:188,275:131,85:1251,244:155,297:115,120:572,59:5712,272:134,111:648,153:443,249:152,208:205,295:117,172:359,301:107,6:287457,274:131,243:155,264:139,83:1397,28:53914,175:347,112:615,58:5929,174:347,79:1461,212:202,143:480,119:573,230:177,73:2132,125:541,163:403,107:698,280:130,262:142,115:604,242:156,49:16134,123:545,171:367,93:1051,168:382,260:143,95:932,126:541,137:504,179:324,197:246,158:417,195:249,187:271,89:1163,37:38227,181:313,109:695,118:580,303:106,269:136,45:25554,198:245,251:152,94:1014,148:457,235:163,145:463,140:486,226:187,233:173,61:4386,121:563,184:292,273:132,285:128,299:111,232:174,156:422,166:396,268:136,258:146,185:286,202:231,263:140,116:587,100:879,84:1316,173:358,60:5315,161:415,88:1165,302:106,160:415,136:506,220:194,193:253,189:261,177:333,240:159,196:247,129:526,169:381,215:196,170:379,286:128,255:148,78:1540,277:130,188:266,124:544,207:211,99:879,27:54086,176:340,30:53056,130:526,55:7452	5	-4.772988448927246	21.404644948592402	0.7866777979931645	PBF_P12	191:260,281:129,128:529,65:3777,97:908,245:155,307:102,231:174,290:124,306:104,291:121	5	0.0	0.7941779161901855	1.0088242624011206	5	-4.857137007215196	21.364511993962495	0.7866777979925246	25:58014,227:182,266:139,296:116	0	False	0
ecol-SAMN15488577	PBF_P7	87:1173,267:137,131:525,152:445,139:497,142:481,132:518,186:271,250:152,211:204,200:233,254:149,234:172,14:139738,236:161,122:548,64:3779,32:45948,167:392,253:149,86:1212,149:455,154:435,225:188,275:131,85:1251,297:115,120:572,59:5712,272:134,111:648,153:443,249:152,208:205,295:117,172:359,1:420148,301:107,243:155,252:150,175:347,112:615,174:347,143:480,212:202,119:573,230:177,125:541,163:403,107:698,71:2326,280:130,178:333,115:604,242:156,168:382,93:1051,260:143,95:932,126:541,137:504,158:417,195:249,181:313,118:580,77:1630,303:106,26:57370,269:136,247:153,35:40826,198:245,251:152,150:447,235:163,140:486,184:292,121:563,61:4386,273:132,285:128,155:422,299:111,232:174,166:396,31:49351,239:159,258:146,205:218,216:196,96:911,185:286,202:231,72:2281,100:879,173:358,88:1165,302:106,136:506,220:194,104:746,193:253,189:261,177:333,196:247,194:250,129:526,169:381,170:379,286:128,255:148,277:130,188:266,207:211,176:340,102:824,147:460,55:7452,101:868	5	-3.788543035218758	13.201341073334353	0.8390432696871202	PBF_P8	289:127,87:1173,162:411,131:525,231:174,139:497,142:481,228:181,81:1423,186:271,250:152,213:198,211:204,97:908,200:233,254:149,234:172,122:548,64:3779,167:392,259:143,290:124,253:149,86:1212,149:455,138:503,154:435,39:33401,43:28125,227:182,225:188,275:131,85:1251,297:115,120:572,59:5712,272:134,111:648,153:443,249:152,208:205,295:117,172:359,117:582,301:107,106:707,6:287457,274:131,243:155,261:142,264:139,65:3777,252:150,83:1397,112:615,174:347,143:480,119:573,230:177,125:541,107:698,280:130,262:142,178:333,115:604,222:191,242:156,123:545,168:382,93:1051,260:143,95:932,126:541,137:504,238:159,3:303922,158:417,195:249,181:313,118:580,269:136,303:106,26:57370,247:153,198:245,150:447,94:1014,235:163,148:457,191:260,145:463,140:486,226:187,233:173,98:894,61:4386,273:132,279:130,285:128,155:422,299:111,232:174,166:396,31:49351,258:146,48:20160,216:196,185:286,281:129,192:257,72:2281,202:231,116:587,100:879,84:1316,60:5315,276:131,291:121,88:1165,302:106,136:506,220:194,128:529,193:253,189:261,177:333,257:147,196:247,256:147,129:526,169:381,170:379,286:128,255:148,110:662,277:130,16:132724,188:266,207:211,296:116,176:340,102:824,147:460,306:104,236:161,101:868	5	-3.9027023996322674	11.370483951409005	0.7866777979931645	5	-7.691245434851025	24.571825024743358	0.7866777979979815		0	True	0
ecol-SAMN15488577	PBF_P7	87:1173,267:137,131:525,152:445,139:497,142:481,132:518,186:271,250:152,211:204,200:233,254:149,234:172,14:139738,236:161,122:548,64:3779,32:45948,167:392,253:149,86:1212,149:455,154:435,225:188,275:131,85:1251,297:115,120:572,59:5712,272:134,111:648,153:443,249:152,208:205,295:117,172:359,1:420148,301:107,243:155,252:150,175:347,112:615,174:347,143:480,212:202,119:573,230:177,125:541,163:403,107:698,71:2326,280:130,178:333,115:604,242:156,168:382,93:1051,260:143,95:932,126:541,137:504,158:417,195:249,181:313,118:580,77:1630,303:106,26:57370,269:136,247:153,35:40826,198:245,251:152,150:447,235:163,140:486,184:292,121:563,61:4386,273:132,285:128,155:422,299:111,232:174,166:396,31:49351,239:159,258:146,205:218,216:196,96:911,185:286,202:231,72:2281,100:879,173:358,88:1165,302:106,136:506,220:194,104:746,193:253,189:261,177:333,196:247,194:250,129:526,169:381,170:379,286:128,255:148,277:130,188:266,207:211,176:340,102:824,147:460,55:7452,101:868	5	-3.788543035218758	13.201341073334353	0.8390432696871202	PBF_P9	137:504,111:648,179:324,208:205,139:497,109:695,26:57370,204:218,122:548,58:5929,32:45948,121:563,167:392,240:159,196:247,73:2132,159:417,154:435,278:130,85:1251,49:16134	4	-0.4325113998734792	2.749179835783355	0.7915865627233497	5	-5.421864442654804	15.950520909117708	0.7915865627228802		0	True	0
ecol-SAMN15488577	PBF_P7	87:1173,267:137,131:525,152:445,139:497,142:481,132:518,186:271,250:152,211:204,200:233,254:149,234:172,14:139738,236:161,122:548,64:3779,32:45948,167:392,253:149,86:1212,149:455,154:435,225:188,275:131,85:1251,297:115,120:572,59:5712,272:134,111:648,153:443,249:152,208:205,295:117,172:359,1:420148,301:107,243:155,252:150,175:347,112:615,174:347,143:480,212:202,119:573,230:177,125:541,163:403,107:698,71:2326,280:130,178:333,115:604,242:156,168:382,93:1051,260:143,95:932,126:541,137:504,158:417,195:249,181:313,118:580,77:1630,303:106,26:57370,269:136,247:153,35:40826,198:245,251:152,150:447,235:163,140:486,184:292,121:563,61:4386,273:132,285:128,155:422,299:111,232:174,166:396,31:49351,239:159,258:146,205:218,216:196,96:911,185:286,202:231,72:2281,100:879,173:358,88:1165,302:106,136:506,220:194,104:746,193:253,189:261,177:333,196:247,194:250,129:526,169:381,170:379,286:128,255:148,277:130,188:266,207:211,176:340,102:824,147:460,55:7452,101:868	5	-3.788543035218758	13.201341073334353	0.8390432696871202	PBF_P10	154:435,118:580,28:53914,137:504,58:5929,53:13133,56:7427,79:1461,167:392,246:154,70:2444,89:1163,73:2132,130:526,113:609,250:152	4	-0.8409992904969033	4.367391016583707	0.5733148861671449	5	-4.709894891378232	17.56873208991806	0.5733148861672817		0	True	0
ecol-SAMN15488577	PBF_P7	87:1173,267:137,131:525,152:445,139:497,142:481,132:518,186:271,250:152,211:204,200:233,254:149,234:172,14:139738,236:161,122:548,64:3779,32:45948,167:392,253:149,86:1212,149:455,154:435,225:188,275:131,85:1251,297:115,120:572,59:5712,272:134,111:648,153:443,249:152,208:205,295:117,172:359,1:420148,301:107,243:155,252:150,175:347,112:615,174:347,143:480,212:202,119:573,230:177,125:541,163:403,107:698,71:2326,280:130,178:333,115:604,242:156,168:382,93:1051,260:143,95:932,126:541,137:504,158:417,195:249,181:313,118:580,77:1630,303:106,26:57370,269:136,247:153,35:40826,198:245,251:152,150:447,235:163,140:486,184:292,121:563,61:4386,273:132,285:128,155:422,299:111,232:174,166:396,31:49351,239:159,258:146,205:218,216:196,96:911,185:286,202:231,72:2281,100:879,173:358,88:1165,302:106,136:506,220:194,104:746,193:253,189:261,177:333,196:247,194:250,129:526,169:381,170:379,286:128,255:148,277:130,188:266,207:211,176:340,102:824,147:460,55:7452,101:868	5	-3.788543035218758	13.201341073334353	0.8390432696871202	PBF_P11	288:127,202:231,219:194,116:587,137:504,162:411,228:181,89:1163,250:152,213:198,118:580,117:582,274:131,246:154,70:2444,264:139,261:142,283:129,113:609,51:14119,83:1397,80:1450,122:548,237:160,58:5929,177:333,32:45948,233:173,167:392,61:4386,224:189,121:563,257:147,259:143,79:1461,256:147,73:2132,119:573,129:526,105:736,248:153,154:435,110:662,262:142,16:132724,43:28125,222:191,11:160171,85:1251,82:1398,50:15876,123:545,106:707,103:765,48:20160	4	-2.147566995839061	3.2449437814443547	0.6836683350496873	5	-6.5098797695734305	16.446284854778707	0.6836683350502426		0	True	0
ecol-SAMN15488577	PBF_P7	87:1173,267:137,131:525,152:445,139:497,142:481,132:518,186:271,250:152,211:204,200:233,254:149,234:172,14:139738,236:161,122:548,64:3779,32:45948,167:392,253:149,86:1212,149:455,154:435,225:188,275:131,85:1251,297:115,120:572,59:5712,272:134,111:648,153:443,249:152,208:205,295:117,172:359,1:420148,301:107,243:155,252:150,175:347,112:615,174:347,143:480,212:202,119:573,230:177,125:541,163:403,107:698,71:2326,280:130,178:333,115:604,242:156,168:382,93:1051,260:143,95:932,126:541,137:504,158:417,195:249,181:313,118:580,77:1630,303:106,26:57370,269:136,247:153,35:40826,198:245,251:152,150:447,235:163,140:486,184:292,121:563,61:4386,273:132,285:128,155:422,299:111,232:174,166:396,31:49351,239:159,258:146,205:218,216:196,96:911,185:286,202:231,72:2281,100:879,173:358,88:1165,302:106,136:506,220:194,104:746,193:253,189:261,177:333,196:247,194:250,129:526,169:381,170:379,286:128,255:148,277:130,188:266,207:211,176:340,102:824,147:460,55:7452,101:868	5	-3.788543035218758	13.201341073334353	0.8390432696871202	PBF_P12	191:260,281:129,128:529,65:3777,97:908,245:155,307:102,231:174,290:124,306:104,291:121	5	0.0	0.7941779161901855	1.0088242624011206	5	-3.8726915935067074	13.161208118704444	0.8390432696869539	25:58014,227:182,266:139,296:116	0	False	0
ecol-SAMN15488577	PBF_P8	289:127,87:1173,162:411,131:525,231:174,139:497,142:481,228:181,81:1423,186:271,250:152,213:198,211:204,97:908,200:233,254:149,234:172,122:548,64:3779,167:392,259:143,290:124,253:149,86:1212,149:455,138:503,154:435,39:33401,43:28125,227:182,225:188,275:131,85:1251,297:115,120:572,59:5712,272:134,111:648,153:443,249:152,208:205,295:117,172:359,117:582,301:107,106:707,6:287457,274:131,243:155,261:142,264:139,65:3777,252:150,83:1397,112:615,174:347,143:480,119:573,230:177,125:541,107:698,280:130,262:142,178:333,115:604,222:191,242:156,123:545,168:382,93:1051,260:143,95:932,126:541,137:504,238:159,3:303922,158:417,195:249,181:313,118:580,269:136,303:106,26:57370,247:153,198:245,150:447,94:1014,235:163,148:457,191:260,145:463,140:486,226:187,233:173,98:894,61:4386,273:132,279:130,285:128,155:422,299:111,232:174,166:396,31:49351,258:146,48:20160,216:196,185:286,281:129,192:257,72:2281,202:231,116:587,100:879,84:1316,60:5315,276:131,291:121,88:1165,302:106,136:506,220:194,128:529,193:253,189:261,177:333,257:147,196:247,256:147,129:526,169:381,170:379,286:128,255:148,110:662,277:130,16:132724,188:266,207:211,296:116,176:340,102:824,147:460,306:104,236:161,101:868	5	-3.9027023996322674	11.370483951409005	0.7866777979931645	PBF_P9	137:504,111:648,179:324,208:205,139:497,109:695,26:57370,204:218,122:548,58:5929,32:45948,121:563,167:392,240:159,196:247,73:2132,159:417,154:435,278:130,85:1251,49:16134	4	-0.4325113998734792	2.749179835783355	0.7915865627233497	5	-5.536023807068313	14.11966378719236	0.7866777979943436		0	True	0
ecol-SAMN15488577	PBF_P8	289:127,87:1173,162:411,131:525,231:174,139:497,142:481,228:181,81:1423,186:271,250:152,213:198,211:204,97:908,200:233,254:149,234:172,122:548,64:3779,167:392,259:143,290:124,253:149,86:1212,149:455,138:503,154:435,39:33401,43:28125,227:182,225:188,275:131,85:1251,297:115,120:572,59:5712,272:134,111:648,153:443,249:152,208:205,295:117,172:359,117:582,301:107,106:707,6:287457,274:131,243:155,261:142,264:139,65:3777,252:150,83:1397,112:615,174:347,143:480,119:573,230:177,125:541,107:698,280:130,262:142,178:333,115:604,222:191,242:156,123:545,168:382,93:1051,260:143,95:932,126:541,137:504,238:159,3:303922,158:417,195:249,181:313,118:580,269:136,303:106,26:57370,247:153,198:245,150:447,94:1014,235:163,148:457,191:260,145:463,140:486,226:187,233:173,98:894,61:4386,273:132,279:130,285:128,155:422,299:111,232:174,166:396,31:49351,258:146,48:20160,216:196,185:286,281:129,192:257,72:2281,202:231,116:587,100:879,84:1316,60:5315,276:131,291:121,88:1165,302:106,136:506,220:194,128:529,193:253,189:261,177:333,257:147,196:247,256:147,129:526,169:381,170:379,286:128,255:148,110:662,277:130,16:132724,188:266,207:211,296:116,176:340,102:824,147:460,306:104,236:161,101:868	5	-3.9027023996322674	11.370483951409005	0.7866777979931645	PBF_P10	154:435,118:580,28:53914,137:504,58:5929,53:13133,56:7427,79:1461,167:392,246:154,70:2444,89:1163,73:2132,130:526,113:609,250:152	4	-0.8409992904969033	4.367391016583707	0.5733148861671449	5	-4.824054255791741	15.737874967992713	0.5733148861727386		0	True	0
ecol-SAMN15488577	PBF_P8	289:127,87:1173,162:411,131:525,231:174,139:497,142:481,228:181,81:1423,186:271,250:152,213:198,211:204,97:908,200:233,254:149,234:172,122:548,64:3779,167:392,259:143,290:124,253:149,86:1212,149:455,138:503,154:435,39:33401,43:28125,227:182,225:188,275:131,85:1251,297:115,120:572,59:5712,272:134,111:648,153:443,249:152,208:205,295:117,172:359,117:582,301:107,106:707,6:287457,274:131,243:155,261:142,264:139,65:3777,252:150,83:1397,112:615,174:347,143:480,119:573,230:177,125:541,107:698,280:130,262:142,178:333,115:604,222:191,242:156,123:545,168:382,93:1051,260:143,95:932,126:541,137:504,238:159,3:303922,158:417,195:249,181:313,118:580,269:136,303:106,26:57370,247:153,198:245,150:447,94:1014,235:163,148:457,191:260,145:463,140:486,226:187,233:173,98:894,61:4386,273:132,279:130,285:128,155:422,299:111,232:174,166:396,31:49351,258:146,48:20160,216:196,185:286,281:129,192:257,72:2281,202:231,116:587,100:879,84:1316,60:5315,276:131,291:121,88:1165,302:106,136:506,220:194,128:529,193:253,189:261,177:333,257:147,196:247,256:147,129:526,169:381,170:379,286:128,255:148,110:662,277:130,16:132724,188:266,207:211,296:116,176:340,102:824,147:460,306:104,236:161,101:868	5	-3.9027023996322674	11.370483951409005	0.7866777979931645	PBF_P11	288:127,202:231,219:194,116:587,137:504,162:411,228:181,89:1163,250:152,213:198,118:580,117:582,274:131,246:154,70:2444,264:139,261:142,283:129,113:609,51:14119,83:1397,80:1450,122:548,237:160,58:5929,177:333,32:45948,233:173,167:392,61:4386,224:189,121:563,257:147,259:143,79:1461,256:147,73:2132,119:573,129:526,105:736,248:153,154:435,110:662,262:142,16:132724,43:28125,222:191,11:160171,85:1251,82:1398,50:15876,123:545,106:707,103:765,48:20160	4	-2.147566995839061	3.2449437814443547	0.6836683350496873	5	-6.62403913398694	14.615427732853359	0.6836683350556996		0	True	0
ecol-SAMN15488577	PBF_P8	289:127,87:1173,162:411,131:525,231:174,139:497,142:481,228:181,81:1423,186:271,250:152,213:198,211:204,97:908,200:233,254:149,234:172,122:548,64:3779,167:392,259:143,290:124,253:149,86:1212,149:455,138:503,154:435,39:33401,43:28125,227:182,225:188,275:131,85:1251,297:115,120:572,59:5712,272:134,111:648,153:443,249:152,208:205,295:117,172:359,117:582,301:107,106:707,6:287457,274:131,243:155,261:142,264:139,65:3777,252:150,83:1397,112:615,174:347,143:480,119:573,230:177,125:541,107:698,280:130,262:142,178:333,115:604,222:191,242:156,123:545,168:382,93:1051,260:143,95:932,126:541,137:504,238:159,3:303922,158:417,195:249,181:313,118:580,269:136,303:106,26:57370,247:153,198:245,150:447,94:1014,235:163,148:457,191:260,145:463,140:486,226:187,233:173,98:894,61:4386,273:132,279:130,285:128,155:422,299:111,232:174,166:396,31:49351,258:146,48:20160,216:196,185:286,281:129,192:257,72:2281,202:231,116:587,100:879,84:1316,60:5315,276:131,291:121,88:1165,302:106,136:506,220:194,128:529,193:253,189:261,177:333,257:147,196:247,256:147,129:526,169:381,170:379,286:128,255:148,110:662,277:130,16:132724,188:266,207:211,296:116,176:340,102:824,147:460,306:104,236:161,101:868	5	-3.9027023996322674	11.370483951409005	0.7866777979931645	PBF_P12	191:260,281:129,128:529,65:3777,97:908,245:155,307:102,231:174,290:124,306:104,291:121	5	0.0	0.7941779161901855	1.0088242624011206	5	-3.9027023996322674	12.164661867599191	0.7866777979925246		0	True	0
ecol-SAMN15488577	PBF_P9	137:504,111:648,179:324,208:205,139:497,109:695,26:57370,204:218,122:548,58:5929,32:45948,121:563,167:392,240:159,196:247,73:2132,159:417,154:435,278:130,85:1251,49:16134	4	-0.4325113998734792	2.749179835783355	0.7915865627233497	PBF_P10	154:435,118:580,28:53914,137:504,58:5929,53:13133,56:7427,79:1461,167:392,246:154,70:2444,89:1163,73:2132,130:526,113:609,250:152	4	-0.8409992904969033	4.367391016583707	0.5733148861671449	4	-1.403279543302483	8.004477670563839	0.2617950910826039	68:2922,90:1151	0	True	0
ecol-SAMN15488577	PBF_P9	137:504,111:648,179:324,208:205,139:497,109:695,26:57370,204:218,122:548,58:5929,32:45948,121:563,167:392,240:159,196:247,73:2132,159:417,154:435,278:130,85:1251,49:16134	4	-0.4325113998734792	2.749179835783355	0.7915865627233497	PBF_P11	288:127,202:231,219:194,116:587,137:504,162:411,228:181,89:1163,250:152,213:198,118:580,117:582,274:131,246:154,70:2444,264:139,261:142,283:129,113:609,51:14119,83:1397,80:1450,122:548,237:160,58:5929,177:333,32:45948,233:173,167:392,61:4386,224:189,121:563,257:147,259:143,79:1461,256:147,73:2132,119:573,129:526,105:736,248:153,154:435,110:662,262:142,16:132724,43:28125,222:191,11:160171,85:1251,82:1398,50:15876,123:545,106:707,103:765,48:20160	4	-2.147566995839061	3.2449437814443547	0.6836683350496873	4	-2.7098472486446403	6.882030435424486	0.2617950910826039	68:2922,90:1151	0	True	0
ecol-SAMN15488577	PBF_P9	137:504,111:648,179:324,208:205,139:497,109:695,26:57370,204:218,122:548,58:5929,32:45948,121:563,167:392,240:159,196:247,73:2132,159:417,154:435,278:130,85:1251,49:16134	4	-0.4325113998734792	2.749179835783355	0.7915865627233497	PBF_P12	191:260,281:129,128:529,65:3777,97:908,245:155,307:102,231:174,290:124,306:104,291:121	5	0.0	0.7941779161901855	1.0088242624011206	5	-1.7174699657239954	2.709046881153445	0.7915865627292078	25:58014,227:182,266:139,296:116	0	False	0
ecol-SAMN15488577	PBF_P10	154:435,118:580,28:53914,137:504,58:5929,53:13133,56:7427,79:1461,167:392,246:154,70:2444,89:1163,73:2132,130:526,113:609,250:152	4	-0.8409992904969033	4.367391016583707	0.5733148861671449	PBF_P11	288:127,202:231,219:194,116:587,137:504,162:411,228:181,89:1163,250:152,213:198,118:580,117:582,274:131,246:154,70:2444,264:139,261:142,283:129,113:609,51:14119,83:1397,80:1450,122:548,237:160,58:5929,177:333,32:45948,233:173,167:392,61:4386,224:189,121:563,257:147,259:143,79:1461,256:147,73:2132,119:573,129:526,105:736,248:153,154:435,110:662,262:142,16:132724,43:28125,222:191,11:160171,85:1251,82:1398,50:15876,123:545,106:707,103:765,48:20160	4	-2.147566995839061	3.2449437814443547	0.6836683350496873	4	-2.9885662863359643	8.028313137569924	0.45421390382762183	68:2922	0	True	0
ecol-SAMN15488577	PBF_P10	154:435,118:580,28:53914,137:504,58:5929,53:13133,56:7427,79:1461,167:392,246:154,70:2444,89:1163,73:2132,130:526,113:609,250:152	4	-0.8409992904969033	4.367391016583707	0.5733148861671449	PBF_P12	191:260,281:129,128:529,65:3777,97:908,245:155,307:102,231:174,290:124,306:104,291:121	5	0.0	0.7941779161901855	1.0088242624011206	5	-1.005500414447423	4.327258061953797	0.5733148861672817	25:58014,227:182,266:139,296:116	0	False	0
ecol-SAMN15488577	PBF_P11	288:127,202:231,219:194,116:587,137:504,162:411,228:181,89:1163,250:152,213:198,118:580,117:582,274:131,246:154,70:2444,264:139,261:142,283:129,113:609,51:14119,83:1397,80:1450,122:548,237:160,58:5929,177:333,32:45948,233:173,167:392,61:4386,224:189,121:563,257:147,259:143,79:1461,256:147,73:2132,119:573,129:526,105:736,248:153,154:435,110:662,262:142,16:132724,43:28125,222:191,11:160171,85:1251,82:1398,50:15876,123:545,106:707,103:765,48:20160	4	-2.147566995839061	3.2449437814443547	0.6836683350496873	PBF_P12	191:260,281:129,128:529,65:3777,97:908,245:155,307:102,231:174,290:124,306:104,291:121	5	0.0	0.7941779161901855	1.0088242624011206	5	-2.805485292642622	3.2048108268144446	0.6836683350502426	25:58014,227:182,266:139,296:116	0	False	0