SAMPLE	BIN1	BIN1_CONTIGS	BIN1_GC_BIN	BIN1_GC	BIN1_GD	BIN1_RD	BIN2	BIN2_CONTIGS	BIN2_GC_BIN	BIN2_GC	BIN2_GD	BIN2_RD	MERGE_GC_BIN	MERGE_GC	MERGE_GD	MERGE_RD	MERGE_PATH	MILP_INFEASIBLE	BINS_OVERLAP	IS_SUBSET
efae-SAMN36766198	GP_1	Contig:100:199.848:1010,Contig:114:52.4611:3367,Contig:177:119.148:1539,Contig:178:77.3071:1930,Contig:191:57.1338:2339,Contig:222:53.0958:13945,Contig:54:295.909:853,Contig:68:53.9197:4947,Contig:77:47.3369:2279,Contig:81:858.248:1505,Contig:90:73.8148:2331,Contig:99:90.8515:10485,Contig:100:199.848:5p:1:10:450,Contig:101:24.9007:3p:1:48:194,Contig:114:52.4611:3p:1:15:257,Contig:114:52.4611:3p:1:17:198,Contig:114:52.4611:3p:1:34:611,Contig:116:27.1631:3p:1:8:860,Contig:128:24.4415:5p:1:29:803,Contig:18:50.3446:3p:1:7:493,Contig:90:73.8148:5p:1:3:553	4	0.0	7.85185489	1.120616267906725	GP_2	Contig:100:199.848:1010,Contig:103:80.1581:8374,Contig:11:38.309:2456,Contig:123:48.7074:1754,Contig:129:31.6696:2249,Contig:137:41.0658:11862,Contig:145:75.7576:908,Contig:148:33.6183:3867,Contig:156:133.506:1466,Contig:181:301.047:556,Contig:207:284.019:1236,Contig:213:54.2925:1287,Contig:25:26.4889:2002,Contig:48:32.3134:4409,Contig:59:28.7444:4863,Contig:66:69.6149:1190,Contig:71:30.1371:1704,Contig:82:26.489:5468,Contig:85:29.1784:4264,Contig:89:32.5376:5230,Contig:100:199.848:5p:1:10:450,Contig:100:199.848:5p:1:15:1106,Contig:100:199.848:5p:1:16:274,Contig:114:52.4611:3p:1:15:257,Contig:114:52.4611:3p:1:17:198,Contig:114:52.4611:3p:1:34:611	4	-0.020642965943380026	6.72659088	0.7800688325184226	4	-0.035372540479163606	21.60458894	0.06992548970629286	Contig:116:27.1631:28646,Contig:118:25.441:28638,Contig:134:160.224:1560,Contig:135:49.4223:982,Contig:141:30.8579:20838,Contig:172:117.978:516,Contig:17:27.4147:3981,Contig:180:30.2056:15810,Contig:188:23.7944:1006,Contig:219:22.9984:3866,Contig:24:28.8849:7536,Contig:40:27.2622:2156,Contig:46:53.3597:474,Contig:7:161.077:657,Contig:97:27.5744:34153,Contig:116:27.1631:5p:1:17:102,Contig:116:27.1631:5p:1:25:102,Contig:116:27.1631:5p:1:29:100,Contig:135:49.4223:3p:1:5:193,Contig:135:49.4223:3p:1:17:130,Contig:135:49.4223:3p:1:22:443,Contig:135:49.4223:3p:1:23:146,Contig:135:49.4223:3p:1:26:124,Contig:135:49.4223:3p:1:27:124,Contig:172:117.978:5p:1:7:226,Contig:172:117.978:5p:1:9:177,Contig:172:117.978:5p:1:10:177,Contig:7:161.077:5p:1:4:515,Contig:90:73.8148:5p:1:4:554	0	True	0
efae-SAMN36766198	GP_1	Contig:100:199.848:1010,Contig:114:52.4611:3367,Contig:177:119.148:1539,Contig:178:77.3071:1930,Contig:191:57.1338:2339,Contig:222:53.0958:13945,Contig:54:295.909:853,Contig:68:53.9197:4947,Contig:77:47.3369:2279,Contig:81:858.248:1505,Contig:90:73.8148:2331,Contig:99:90.8515:10485,Contig:100:199.848:5p:1:10:450,Contig:101:24.9007:3p:1:48:194,Contig:114:52.4611:3p:1:15:257,Contig:114:52.4611:3p:1:17:198,Contig:114:52.4611:3p:1:34:611,Contig:116:27.1631:3p:1:8:860,Contig:128:24.4415:5p:1:29:803,Contig:18:50.3446:3p:1:7:493,Contig:90:73.8148:5p:1:3:553	4	0.0	7.85185489	1.120616267906725	GP_3	Contig:100:199.848:1010,Contig:160:28.5229:4113,Contig:172:117.978:516,Contig:188:23.7944:1006,Contig:18:50.3446:7379,Contig:198:26.4293:1852,Contig:46:53.3597:474,Contig:90:73.8148:2331,Contig:93:23.2853:681,Contig:100:199.848:5p:1:10:450,Contig:101:24.9007:3p:1:48:194,Contig:114:52.4611:3p:1:15:257,Contig:114:52.4611:3p:1:17:198,Contig:114:52.4611:3p:1:34:611,Contig:172:117.978:5p:1:9:177,Contig:90:73.8148:5p:1:4:554	4	-0.008577287040667764	5.9745533900000005	0.6119252006650744	4	-0.028401078243929234	20.5080399	0.5220843004663038	Contig:116:27.1631:28646,Contig:126:38.8227:588,Contig:134:160.224:1560,Contig:135:49.4223:982,Contig:141:30.8579:20838,Contig:143:30.4444:3756,Contig:156:133.506:1466,Contig:171:42.7031:1812,Contig:175:365.441:2275,Contig:17:27.4147:3981,Contig:180:30.2056:15810,Contig:181:301.047:556,Contig:185:68.6101:5498,Contig:220:28.104:5029,Contig:227:27.0759:3363,Contig:24:28.8849:7536,Contig:30:25.8188:954,Contig:7:161.077:657,Contig:87:240.223:533,Contig:94:24.6327:9567,Contig:97:27.5744:34153,Contig:101:24.9007:3p:1:13:267,Contig:101:24.9007:3p:1:60:231,Contig:10:25.2394:3p:1:11:249,Contig:10:25.2394:3p:1:23:375,Contig:10:25.2394:3p:1:29:248,Contig:116:27.1631:5p:1:17:102,Contig:116:27.1631:5p:1:25:102,Contig:116:27.1631:5p:1:29:100,Contig:128:24.4415:5p:1:9:704,Contig:135:49.4223:3p:1:5:193,Contig:135:49.4223:3p:1:17:130,Contig:135:49.4223:3p:1:22:443,Contig:135:49.4223:3p:1:23:146,Contig:135:49.4223:3p:1:26:124,Contig:135:49.4223:3p:1:27:124	0	True	0
efae-SAMN36766198	GP_1	Contig:100:199.848:1010,Contig:114:52.4611:3367,Contig:177:119.148:1539,Contig:178:77.3071:1930,Contig:191:57.1338:2339,Contig:222:53.0958:13945,Contig:54:295.909:853,Contig:68:53.9197:4947,Contig:77:47.3369:2279,Contig:81:858.248:1505,Contig:90:73.8148:2331,Contig:99:90.8515:10485,Contig:100:199.848:5p:1:10:450,Contig:101:24.9007:3p:1:48:194,Contig:114:52.4611:3p:1:15:257,Contig:114:52.4611:3p:1:17:198,Contig:114:52.4611:3p:1:34:611,Contig:116:27.1631:3p:1:8:860,Contig:128:24.4415:5p:1:29:803,Contig:18:50.3446:3p:1:7:493,Contig:90:73.8148:5p:1:3:553	4	0.0	7.85185489	1.120616267906725	GP_0	Contig:113:26.2622:2355,Contig:203:31.5652:2408,Contig:209:28.6817:4294,Contig:211:26.8481:10981,Contig:35:50.8783:1919,Contig:54:295.909:853,Contig:81:858.248:1505,Contig:114:52.4611:3p:1:34:611,Contig:172:117.978:5p:1:7:226,Contig:215:27.9455:3p:1:3:113	4	-0.027038855179620652	2.43322757	0.7962822834132146	4	-0.04686264638288212	19.42577262	0.06992548970629286	Contig:116:27.1631:28646,Contig:118:25.441:28638,Contig:126:38.8227:588,Contig:134:160.224:1560,Contig:135:49.4223:982,Contig:141:30.8579:20838,Contig:143:30.4444:3756,Contig:156:133.506:1466,Contig:171:42.7031:1812,Contig:172:117.978:516,Contig:175:365.441:2275,Contig:17:27.4147:3981,Contig:180:30.2056:15810,Contig:181:301.047:556,Contig:185:68.6101:5498,Contig:188:23.7944:1006,Contig:220:28.104:5029,Contig:227:27.0759:3363,Contig:24:28.8849:7536,Contig:30:25.8188:954,Contig:40:27.2622:2156,Contig:46:53.3597:474,Contig:7:161.077:657,Contig:87:240.223:533,Contig:94:24.6327:9567,Contig:97:27.5744:34153,Contig:101:24.9007:3p:1:13:267,Contig:101:24.9007:3p:1:60:231,Contig:10:25.2394:3p:1:11:249,Contig:10:25.2394:3p:1:23:375,Contig:10:25.2394:3p:1:29:248,Contig:116:27.1631:5p:1:17:102,Contig:116:27.1631:5p:1:25:102,Contig:116:27.1631:5p:1:29:100,Contig:128:24.4415:5p:1:9:704,Contig:135:49.4223:3p:1:5:193,Contig:135:49.4223:3p:1:17:130,Contig:135:49.4223:3p:1:22:443,Contig:135:49.4223:3p:1:23:146,Contig:135:49.4223:3p:1:26:124,Contig:135:49.4223:3p:1:27:124,Contig:172:117.978:5p:1:9:177,Contig:172:117.978:5p:1:10:177,Contig:7:161.077:5p:1:4:515,Contig:90:73.8148:5p:1:4:554	0	True	0
efae-SAMN36766198	GP_1	Contig:100:199.848:1010,Contig:114:52.4611:3367,Contig:177:119.148:1539,Contig:178:77.3071:1930,Contig:191:57.1338:2339,Contig:222:53.0958:13945,Contig:54:295.909:853,Contig:68:53.9197:4947,Contig:77:47.3369:2279,Contig:81:858.248:1505,Contig:90:73.8148:2331,Contig:99:90.8515:10485,Contig:100:199.848:5p:1:10:450,Contig:101:24.9007:3p:1:48:194,Contig:114:52.4611:3p:1:15:257,Contig:114:52.4611:3p:1:17:198,Contig:114:52.4611:3p:1:34:611,Contig:116:27.1631:3p:1:8:860,Contig:128:24.4415:5p:1:29:803,Contig:18:50.3446:3p:1:7:493,Contig:90:73.8148:5p:1:3:553	4	0.0	7.85185489	1.120616267906725	GP_5	Contig:134:160.224:1560,Contig:30:25.8188:954,Contig:41:30.2178:3220,Contig:54:295.909:853,Contig:74:147.505:1237,Contig:81:858.248:1505,Contig:10:25.2394:3p:1:11:249,Contig:128:24.4415:5p:1:9:704	4	-0.005516298345637605	2.17746455	2.678542759134821	4	-0.026664101084607206	18.068921080000003	0.06992548970629286	Contig:116:27.1631:28646,Contig:118:25.441:28638,Contig:135:49.4223:982,Contig:141:30.8579:20838,Contig:143:30.4444:3756,Contig:156:133.506:1466,Contig:171:42.7031:1812,Contig:172:117.978:516,Contig:175:365.441:2275,Contig:17:27.4147:3981,Contig:180:30.2056:15810,Contig:181:301.047:556,Contig:188:23.7944:1006,Contig:210:29.1518:4157,Contig:219:22.9984:3866,Contig:227:27.0759:3363,Contig:24:28.8849:7536,Contig:33:23.7423:6286,Contig:40:27.2622:2156,Contig:45:65.4322:1558,Contig:46:53.3597:474,Contig:73:44.0115:1432,Contig:7:161.077:657,Contig:87:240.223:533,Contig:97:27.5744:34153,Contig:101:24.9007:3p:1:13:267,Contig:10:25.2394:3p:1:23:375,Contig:10:25.2394:3p:1:29:248,Contig:116:27.1631:5p:1:17:102,Contig:116:27.1631:5p:1:25:102,Contig:116:27.1631:5p:1:29:100,Contig:128:24.4415:5p:1:16:340,Contig:128:24.4415:5p:1:18:144,Contig:128:24.4415:5p:1:22:242,Contig:128:24.4415:5p:1:25:116,Contig:135:49.4223:3p:1:5:193,Contig:135:49.4223:3p:1:17:130,Contig:135:49.4223:3p:1:22:443,Contig:135:49.4223:3p:1:23:146,Contig:135:49.4223:3p:1:26:124,Contig:135:49.4223:3p:1:27:124,Contig:172:117.978:5p:1:7:226,Contig:172:117.978:5p:1:9:177,Contig:172:117.978:5p:1:10:177,Contig:7:161.077:5p:1:4:515,Contig:90:73.8148:5p:1:4:554	0	True	0
efae-SAMN36766198	GP_1	Contig:100:199.848:1010,Contig:114:52.4611:3367,Contig:177:119.148:1539,Contig:178:77.3071:1930,Contig:191:57.1338:2339,Contig:222:53.0958:13945,Contig:54:295.909:853,Contig:68:53.9197:4947,Contig:77:47.3369:2279,Contig:81:858.248:1505,Contig:90:73.8148:2331,Contig:99:90.8515:10485,Contig:100:199.848:5p:1:10:450,Contig:101:24.9007:3p:1:48:194,Contig:114:52.4611:3p:1:15:257,Contig:114:52.4611:3p:1:17:198,Contig:114:52.4611:3p:1:34:611,Contig:116:27.1631:3p:1:8:860,Contig:128:24.4415:5p:1:29:803,Contig:18:50.3446:3p:1:7:493,Contig:90:73.8148:5p:1:3:553	4	0.0	7.85185489	1.120616267906725	GP_4	Contig:2:440.868:Circ:4461	4	0.0	0.49996734	11.675357387911703	0	0	0	0		1	False	0
efae-SAMN36766198	GP_1	Contig:100:199.848:1010,Contig:114:52.4611:3367,Contig:177:119.148:1539,Contig:178:77.3071:1930,Contig:191:57.1338:2339,Contig:222:53.0958:13945,Contig:54:295.909:853,Contig:68:53.9197:4947,Contig:77:47.3369:2279,Contig:81:858.248:1505,Contig:90:73.8148:2331,Contig:99:90.8515:10485,Contig:100:199.848:5p:1:10:450,Contig:101:24.9007:3p:1:48:194,Contig:114:52.4611:3p:1:15:257,Contig:114:52.4611:3p:1:17:198,Contig:114:52.4611:3p:1:34:611,Contig:116:27.1631:3p:1:8:860,Contig:128:24.4415:5p:1:29:803,Contig:18:50.3446:3p:1:7:493,Contig:90:73.8148:5p:1:3:553	4	0.0	7.85185489	1.120616267906725	GP_6	Contig:3:557.506:Circ:5212	4	0.0	0.4999738	15.19049658941176	0	0	0	0		1	False	0
efae-SAMN36766198	GP_1	Contig:100:199.848:1010,Contig:114:52.4611:3367,Contig:177:119.148:1539,Contig:178:77.3071:1930,Contig:191:57.1338:2339,Contig:222:53.0958:13945,Contig:54:295.909:853,Contig:68:53.9197:4947,Contig:77:47.3369:2279,Contig:81:858.248:1505,Contig:90:73.8148:2331,Contig:99:90.8515:10485,Contig:100:199.848:5p:1:10:450,Contig:101:24.9007:3p:1:48:194,Contig:114:52.4611:3p:1:15:257,Contig:114:52.4611:3p:1:17:198,Contig:114:52.4611:3p:1:34:611,Contig:116:27.1631:3p:1:8:860,Contig:128:24.4415:5p:1:29:803,Contig:18:50.3446:3p:1:7:493,Contig:90:73.8148:5p:1:3:553	4	0.0	7.85185489	1.120616267906725	GP_7	Contig:4:1133.74:Circ:4377	4	0.0	0.49997270000000005	34.132804831832814	0	0	0	0		1	False	0
efae-SAMN36766198	GP_1	Contig:100:199.848:1010,Contig:114:52.4611:3367,Contig:177:119.148:1539,Contig:178:77.3071:1930,Contig:191:57.1338:2339,Contig:222:53.0958:13945,Contig:54:295.909:853,Contig:68:53.9197:4947,Contig:77:47.3369:2279,Contig:81:858.248:1505,Contig:90:73.8148:2331,Contig:99:90.8515:10485,Contig:100:199.848:5p:1:10:450,Contig:101:24.9007:3p:1:48:194,Contig:114:52.4611:3p:1:15:257,Contig:114:52.4611:3p:1:17:198,Contig:114:52.4611:3p:1:34:611,Contig:116:27.1631:3p:1:8:860,Contig:128:24.4415:5p:1:29:803,Contig:18:50.3446:3p:1:7:493,Contig:90:73.8148:5p:1:3:553	4	0.0	7.85185489	1.120616267906725	GP_8	Contig:5:610.665:Circ:2947	4	0.0	0.49994689999999997	16.89013068211628	0	0	0	0		1	False	0
efae-SAMN36766198	GP_1	Contig:100:199.848:1010,Contig:114:52.4611:3367,Contig:177:119.148:1539,Contig:178:77.3071:1930,Contig:191:57.1338:2339,Contig:222:53.0958:13945,Contig:54:295.909:853,Contig:68:53.9197:4947,Contig:77:47.3369:2279,Contig:81:858.248:1505,Contig:90:73.8148:2331,Contig:99:90.8515:10485,Contig:100:199.848:5p:1:10:450,Contig:101:24.9007:3p:1:48:194,Contig:114:52.4611:3p:1:15:257,Contig:114:52.4611:3p:1:17:198,Contig:114:52.4611:3p:1:34:611,Contig:116:27.1631:3p:1:8:860,Contig:128:24.4415:5p:1:29:803,Contig:18:50.3446:3p:1:7:493,Contig:90:73.8148:5p:1:3:553	4	0.0	7.85185489	1.120616267906725	GP_unb_1	Contig:101:24.9007:3p:1:11:178	4	0.0	0.34045552999999995	3.33844708573447	4	-0.07059716186736117	16.838244229999997	0.06992548970629286	Contig:116:27.1631:28646,Contig:118:25.441:28638,Contig:134:160.224:1560,Contig:135:49.4223:982,Contig:141:30.8579:20838,Contig:171:42.7031:1812,Contig:172:117.978:516,Contig:175:365.441:2275,Contig:17:27.4147:3981,Contig:180:30.2056:15810,Contig:181:301.047:556,Contig:188:23.7944:1006,Contig:207:284.019:1236,Contig:219:22.9984:3866,Contig:220:28.104:5029,Contig:223:21.1304:1192,Contig:24:28.8849:7536,Contig:30:25.8188:954,Contig:40:27.2622:2156,Contig:46:53.3597:474,Contig:53:144.545:1056,Contig:7:161.077:657,Contig:87:240.223:533,Contig:97:27.5744:34153,Contig:101:24.9007:3p:1:13:267,Contig:10:25.2394:3p:1:11:249,Contig:116:27.1631:5p:1:17:102,Contig:116:27.1631:5p:1:25:102,Contig:116:27.1631:5p:1:29:100,Contig:128:24.4415:5p:1:9:704,Contig:135:49.4223:3p:1:5:193,Contig:135:49.4223:3p:1:17:130,Contig:135:49.4223:3p:1:22:443,Contig:135:49.4223:3p:1:23:146,Contig:135:49.4223:3p:1:26:124,Contig:135:49.4223:3p:1:27:124,Contig:172:117.978:5p:1:7:226,Contig:172:117.978:5p:1:9:177,Contig:172:117.978:5p:1:10:177,Contig:7:161.077:5p:1:4:515,Contig:90:73.8148:5p:1:4:554	0	False	0
efae-SAMN36766198	GP_1	Contig:100:199.848:1010,Contig:114:52.4611:3367,Contig:177:119.148:1539,Contig:178:77.3071:1930,Contig:191:57.1338:2339,Contig:222:53.0958:13945,Contig:54:295.909:853,Contig:68:53.9197:4947,Contig:77:47.3369:2279,Contig:81:858.248:1505,Contig:90:73.8148:2331,Contig:99:90.8515:10485,Contig:100:199.848:5p:1:10:450,Contig:101:24.9007:3p:1:48:194,Contig:114:52.4611:3p:1:15:257,Contig:114:52.4611:3p:1:17:198,Contig:114:52.4611:3p:1:34:611,Contig:116:27.1631:3p:1:8:860,Contig:128:24.4415:5p:1:29:803,Contig:18:50.3446:3p:1:7:493,Contig:90:73.8148:5p:1:3:553	4	0.0	7.85185489	1.120616267906725	GP_unb_2	Contig:101:24.9007:3p:1:16:391	4	0.0	0.012934099999999948	1.4676421258196906	4	-0.04884387526881476	16.336786500000002	0.06992548970629286	Contig:116:27.1631:28646,Contig:118:25.441:28638,Contig:134:160.224:1560,Contig:135:49.4223:982,Contig:141:30.8579:20838,Contig:171:42.7031:1812,Contig:172:117.978:516,Contig:175:365.441:2275,Contig:17:27.4147:3981,Contig:180:30.2056:15810,Contig:181:301.047:556,Contig:188:23.7944:1006,Contig:207:284.019:1236,Contig:219:22.9984:3866,Contig:220:28.104:5029,Contig:223:21.1304:1192,Contig:24:28.8849:7536,Contig:30:25.8188:954,Contig:40:27.2622:2156,Contig:46:53.3597:474,Contig:7:161.077:657,Contig:87:240.223:533,Contig:97:27.5744:34153,Contig:101:24.9007:3p:1:13:267,Contig:10:25.2394:3p:1:11:249,Contig:116:27.1631:5p:1:17:102,Contig:116:27.1631:5p:1:25:102,Contig:116:27.1631:5p:1:29:100,Contig:128:24.4415:5p:1:9:704,Contig:135:49.4223:3p:1:5:193,Contig:135:49.4223:3p:1:17:130,Contig:135:49.4223:3p:1:22:443,Contig:135:49.4223:3p:1:23:146,Contig:135:49.4223:3p:1:26:124,Contig:135:49.4223:3p:1:27:124,Contig:172:117.978:5p:1:7:226,Contig:172:117.978:5p:1:9:177,Contig:172:117.978:5p:1:10:177,Contig:7:161.077:5p:1:4:515,Contig:90:73.8148:5p:1:4:554	0	False	0
efae-SAMN36766198	GP_1	Contig:100:199.848:1010,Contig:114:52.4611:3367,Contig:177:119.148:1539,Contig:178:77.3071:1930,Contig:191:57.1338:2339,Contig:222:53.0958:13945,Contig:54:295.909:853,Contig:68:53.9197:4947,Contig:77:47.3369:2279,Contig:81:858.248:1505,Contig:90:73.8148:2331,Contig:99:90.8515:10485,Contig:100:199.848:5p:1:10:450,Contig:101:24.9007:3p:1:48:194,Contig:114:52.4611:3p:1:15:257,Contig:114:52.4611:3p:1:17:198,Contig:114:52.4611:3p:1:34:611,Contig:116:27.1631:3p:1:8:860,Contig:128:24.4415:5p:1:29:803,Contig:18:50.3446:3p:1:7:493,Contig:90:73.8148:5p:1:3:553	4	0.0	7.85185489	1.120616267906725	GP_unb_3	Contig:101:24.9007:3p:1:46:216	3	0.0	0.28410230000000003	1.0129769999067546	4	-0.006434867871253552	8.135957190000001	1.0129769999075506		0	False	0
efae-SAMN36766198	GP_1	Contig:100:199.848:1010,Contig:114:52.4611:3367,Contig:177:119.148:1539,Contig:178:77.3071:1930,Contig:191:57.1338:2339,Contig:222:53.0958:13945,Contig:54:295.909:853,Contig:68:53.9197:4947,Contig:77:47.3369:2279,Contig:81:858.248:1505,Contig:90:73.8148:2331,Contig:99:90.8515:10485,Contig:100:199.848:5p:1:10:450,Contig:101:24.9007:3p:1:48:194,Contig:114:52.4611:3p:1:15:257,Contig:114:52.4611:3p:1:17:198,Contig:114:52.4611:3p:1:34:611,Contig:116:27.1631:3p:1:8:860,Contig:128:24.4415:5p:1:29:803,Contig:18:50.3446:3p:1:7:493,Contig:90:73.8148:5p:1:3:553	4	0.0	7.85185489	1.120616267906725	GP_unb_4	Contig:101:24.9007:3p:1:59:140	3	0.0	0.2575541	4.999813610278018	4	-0.02424919117047955	16.79084674	0.06992548970629286	Contig:116:27.1631:28646,Contig:118:25.441:28638,Contig:134:160.224:1560,Contig:135:49.4223:982,Contig:141:30.8579:20838,Contig:171:42.7031:1812,Contig:172:117.978:516,Contig:175:365.441:2275,Contig:17:27.4147:3981,Contig:180:30.2056:15810,Contig:181:301.047:556,Contig:188:23.7944:1006,Contig:219:22.9984:3866,Contig:220:28.104:5029,Contig:227:27.0759:3363,Contig:24:28.8849:7536,Contig:30:25.8188:954,Contig:40:27.2622:2156,Contig:46:53.3597:474,Contig:7:161.077:657,Contig:87:240.223:533,Contig:97:27.5744:34153,Contig:101:24.9007:3p:1:13:267,Contig:101:24.9007:3p:1:43:923,Contig:10:25.2394:3p:1:11:249,Contig:116:27.1631:5p:1:17:102,Contig:116:27.1631:5p:1:25:102,Contig:116:27.1631:5p:1:29:100,Contig:128:24.4415:5p:1:9:704,Contig:135:49.4223:3p:1:5:193,Contig:135:49.4223:3p:1:17:130,Contig:135:49.4223:3p:1:22:443,Contig:135:49.4223:3p:1:23:146,Contig:135:49.4223:3p:1:26:124,Contig:135:49.4223:3p:1:27:124,Contig:172:117.978:5p:1:7:226,Contig:172:117.978:5p:1:9:177,Contig:172:117.978:5p:1:10:177,Contig:7:161.077:5p:1:4:515,Contig:90:73.8148:5p:1:4:554	0	False	0
efae-SAMN36766198	GP_1	Contig:100:199.848:1010,Contig:114:52.4611:3367,Contig:177:119.148:1539,Contig:178:77.3071:1930,Contig:191:57.1338:2339,Contig:222:53.0958:13945,Contig:54:295.909:853,Contig:68:53.9197:4947,Contig:77:47.3369:2279,Contig:81:858.248:1505,Contig:90:73.8148:2331,Contig:99:90.8515:10485,Contig:100:199.848:5p:1:10:450,Contig:101:24.9007:3p:1:48:194,Contig:114:52.4611:3p:1:15:257,Contig:114:52.4611:3p:1:17:198,Contig:114:52.4611:3p:1:34:611,Contig:116:27.1631:3p:1:8:860,Contig:128:24.4415:5p:1:29:803,Contig:18:50.3446:3p:1:7:493,Contig:90:73.8148:5p:1:3:553	4	0.0	7.85185489	1.120616267906725	GP_unb_5	Contig:10:25.2394:3p:1:5:249	4	0.0	0.2406254	8.145972180700792	4	-0.020245872881421184	16.80656556	0.06992548970629286	Contig:116:27.1631:28646,Contig:118:25.441:28638,Contig:134:160.224:1560,Contig:135:49.4223:982,Contig:141:30.8579:20838,Contig:171:42.7031:1812,Contig:172:117.978:516,Contig:175:365.441:2275,Contig:17:27.4147:3981,Contig:180:30.2056:15810,Contig:181:301.047:556,Contig:188:23.7944:1006,Contig:219:22.9984:3866,Contig:220:28.104:5029,Contig:227:27.0759:3363,Contig:24:28.8849:7536,Contig:30:25.8188:954,Contig:40:27.2622:2156,Contig:46:53.3597:474,Contig:7:161.077:657,Contig:87:240.223:533,Contig:97:27.5744:34153,Contig:101:24.9007:3p:1:13:267,Contig:10:25.2394:3p:1:11:249,Contig:116:27.1631:5p:1:17:102,Contig:116:27.1631:5p:1:25:102,Contig:116:27.1631:5p:1:29:100,Contig:128:24.4415:5p:1:9:704,Contig:135:49.4223:3p:1:5:193,Contig:135:49.4223:3p:1:17:130,Contig:135:49.4223:3p:1:22:443,Contig:135:49.4223:3p:1:23:146,Contig:135:49.4223:3p:1:26:124,Contig:135:49.4223:3p:1:27:124,Contig:172:117.978:5p:1:7:226,Contig:172:117.978:5p:1:9:177,Contig:172:117.978:5p:1:10:177,Contig:7:161.077:5p:1:4:515,Contig:90:73.8148:5p:1:4:554	0	False	0
efae-SAMN36766198	GP_1	Contig:100:199.848:1010,Contig:114:52.4611:3367,Contig:177:119.148:1539,Contig:178:77.3071:1930,Contig:191:57.1338:2339,Contig:222:53.0958:13945,Contig:54:295.909:853,Contig:68:53.9197:4947,Contig:77:47.3369:2279,Contig:81:858.248:1505,Contig:90:73.8148:2331,Contig:99:90.8515:10485,Contig:100:199.848:5p:1:10:450,Contig:101:24.9007:3p:1:48:194,Contig:114:52.4611:3p:1:15:257,Contig:114:52.4611:3p:1:17:198,Contig:114:52.4611:3p:1:34:611,Contig:116:27.1631:3p:1:8:860,Contig:128:24.4415:5p:1:29:803,Contig:18:50.3446:3p:1:7:493,Contig:90:73.8148:5p:1:3:553	4	0.0	7.85185489	1.120616267906725	GP_unb_6	Contig:10:25.2394:3p:1:21:249	4	0.0	0.25837940000000004	8.145972180700792	4	-0.025792910156292176	17.59780194	0.06992548970629286	Contig:116:27.1631:28646,Contig:118:25.441:28638,Contig:134:160.224:1560,Contig:135:49.4223:982,Contig:141:30.8579:20838,Contig:143:30.4444:3756,Contig:156:133.506:1466,Contig:171:42.7031:1812,Contig:172:117.978:516,Contig:175:365.441:2275,Contig:17:27.4147:3981,Contig:180:30.2056:15810,Contig:181:301.047:556,Contig:188:23.7944:1006,Contig:219:22.9984:3866,Contig:220:28.104:5029,Contig:227:27.0759:3363,Contig:24:28.8849:7536,Contig:30:25.8188:954,Contig:40:27.2622:2156,Contig:46:53.3597:474,Contig:58:25.5015:1996,Contig:7:161.077:657,Contig:87:240.223:533,Contig:97:27.5744:34153,Contig:101:24.9007:3p:1:13:267,Contig:10:25.2394:3p:1:11:249,Contig:10:25.2394:3p:1:17:375,Contig:10:25.2394:3p:1:23:375,Contig:10:25.2394:3p:1:29:248,Contig:116:27.1631:5p:1:17:102,Contig:116:27.1631:5p:1:25:102,Contig:116:27.1631:5p:1:29:100,Contig:128:24.4415:5p:1:9:704,Contig:135:49.4223:3p:1:5:193,Contig:135:49.4223:3p:1:17:130,Contig:135:49.4223:3p:1:22:443,Contig:135:49.4223:3p:1:23:146,Contig:135:49.4223:3p:1:26:124,Contig:135:49.4223:3p:1:27:124,Contig:172:117.978:5p:1:7:226,Contig:172:117.978:5p:1:9:177,Contig:172:117.978:5p:1:10:177,Contig:7:161.077:5p:1:4:515,Contig:90:73.8148:5p:1:4:554	0	False	0
efae-SAMN36766198	GP_1	Contig:100:199.848:1010,Contig:114:52.4611:3367,Contig:177:119.148:1539,Contig:178:77.3071:1930,Contig:191:57.1338:2339,Contig:222:53.0958:13945,Contig:54:295.909:853,Contig:68:53.9197:4947,Contig:77:47.3369:2279,Contig:81:858.248:1505,Contig:90:73.8148:2331,Contig:99:90.8515:10485,Contig:100:199.848:5p:1:10:450,Contig:101:24.9007:3p:1:48:194,Contig:114:52.4611:3p:1:15:257,Contig:114:52.4611:3p:1:17:198,Contig:114:52.4611:3p:1:34:611,Contig:116:27.1631:3p:1:8:860,Contig:128:24.4415:5p:1:29:803,Contig:18:50.3446:3p:1:7:493,Contig:90:73.8148:5p:1:3:553	4	0.0	7.85185489	1.120616267906725	GP_unb_7	Contig:10:25.2394:3p:1:28:248	4	0.0	0.25746256	8.16017778513324	4	-0.025792910156292176	17.596885099999998	0.06992548970629286	Contig:116:27.1631:28646,Contig:118:25.441:28638,Contig:134:160.224:1560,Contig:135:49.4223:982,Contig:141:30.8579:20838,Contig:143:30.4444:3756,Contig:156:133.506:1466,Contig:171:42.7031:1812,Contig:172:117.978:516,Contig:175:365.441:2275,Contig:17:27.4147:3981,Contig:180:30.2056:15810,Contig:181:301.047:556,Contig:188:23.7944:1006,Contig:219:22.9984:3866,Contig:220:28.104:5029,Contig:227:27.0759:3363,Contig:24:28.8849:7536,Contig:30:25.8188:954,Contig:40:27.2622:2156,Contig:46:53.3597:474,Contig:58:25.5015:1996,Contig:7:161.077:657,Contig:87:240.223:533,Contig:97:27.5744:34153,Contig:101:24.9007:3p:1:13:267,Contig:10:25.2394:3p:1:11:249,Contig:10:25.2394:3p:1:17:375,Contig:10:25.2394:3p:1:23:375,Contig:10:25.2394:3p:1:29:248,Contig:116:27.1631:5p:1:17:102,Contig:116:27.1631:5p:1:25:102,Contig:116:27.1631:5p:1:29:100,Contig:128:24.4415:5p:1:9:704,Contig:135:49.4223:3p:1:5:193,Contig:135:49.4223:3p:1:17:130,Contig:135:49.4223:3p:1:22:443,Contig:135:49.4223:3p:1:23:146,Contig:135:49.4223:3p:1:26:124,Contig:135:49.4223:3p:1:27:124,Contig:172:117.978:5p:1:7:226,Contig:172:117.978:5p:1:9:177,Contig:172:117.978:5p:1:10:177,Contig:7:161.077:5p:1:4:515,Contig:90:73.8148:5p:1:4:554	0	False	0
efae-SAMN36766198	GP_1	Contig:100:199.848:1010,Contig:114:52.4611:3367,Contig:177:119.148:1539,Contig:178:77.3071:1930,Contig:191:57.1338:2339,Contig:222:53.0958:13945,Contig:54:295.909:853,Contig:68:53.9197:4947,Contig:77:47.3369:2279,Contig:81:858.248:1505,Contig:90:73.8148:2331,Contig:99:90.8515:10485,Contig:100:199.848:5p:1:10:450,Contig:101:24.9007:3p:1:48:194,Contig:114:52.4611:3p:1:15:257,Contig:114:52.4611:3p:1:17:198,Contig:114:52.4611:3p:1:34:611,Contig:116:27.1631:3p:1:8:860,Contig:128:24.4415:5p:1:29:803,Contig:18:50.3446:3p:1:7:493,Contig:90:73.8148:5p:1:3:553	4	0.0	7.85185489	1.120616267906725	GP_unb_8	Contig:114:52.4611:3p:1:16:257	4	0.0	0.4742925	19.31938898942107	4	0.0	8.803548650000002	1.120616267906371	Contig:43:103.389:5374	0	False	0
efae-SAMN36766198	GP_1	Contig:100:199.848:1010,Contig:114:52.4611:3367,Contig:177:119.148:1539,Contig:178:77.3071:1930,Contig:191:57.1338:2339,Contig:222:53.0958:13945,Contig:54:295.909:853,Contig:68:53.9197:4947,Contig:77:47.3369:2279,Contig:81:858.248:1505,Contig:90:73.8148:2331,Contig:99:90.8515:10485,Contig:100:199.848:5p:1:10:450,Contig:101:24.9007:3p:1:48:194,Contig:114:52.4611:3p:1:15:257,Contig:114:52.4611:3p:1:17:198,Contig:114:52.4611:3p:1:34:611,Contig:116:27.1631:3p:1:8:860,Contig:128:24.4415:5p:1:29:803,Contig:18:50.3446:3p:1:7:493,Contig:90:73.8148:5p:1:3:553	4	0.0	7.85185489	1.120616267906725	GP_unb_9	Contig:130:27.6191:3p:1:10:502	4	0.0	0.24299574000000002	2.775089481067581	4	-0.015653033900634467	16.494982975000003	0.06992548970629286	Contig:116:27.1631:28646,Contig:118:25.441:28638,Contig:134:160.224:1560,Contig:135:49.4223:982,Contig:141:30.8579:20838,Contig:166:27.085:3884,Contig:171:42.7031:1812,Contig:172:117.978:516,Contig:175:365.441:2275,Contig:17:27.4147:3981,Contig:180:30.2056:15810,Contig:181:301.047:556,Contig:188:23.7944:1006,Contig:202:152.598:1493,Contig:219:22.9984:3866,Contig:227:27.0759:3363,Contig:232:24.3291:84483,Contig:24:28.8849:7536,Contig:40:27.2622:2156,Contig:46:53.3597:474,Contig:7:161.077:657,Contig:88:39.8911:3839,Contig:97:27.5744:34153,Contig:101:24.9007:3p:1:13:267,Contig:116:27.1631:5p:1:17:102,Contig:116:27.1631:5p:1:25:102,Contig:116:27.1631:5p:1:29:100,Contig:135:49.4223:3p:1:5:193,Contig:135:49.4223:3p:1:17:130,Contig:135:49.4223:3p:1:22:443,Contig:135:49.4223:3p:1:23:146,Contig:135:49.4223:3p:1:26:124,Contig:135:49.4223:3p:1:27:124,Contig:172:117.978:5p:1:7:226,Contig:172:117.978:5p:1:9:177,Contig:172:117.978:5p:1:10:177,Contig:18:50.3446:3p:1:5:241,Contig:18:50.3446:3p:1:6:494,Contig:7:161.077:5p:1:4:515,Contig:90:73.8148:5p:1:4:554	0	False	0
efae-SAMN36766198	GP_1	Contig:100:199.848:1010,Contig:114:52.4611:3367,Contig:177:119.148:1539,Contig:178:77.3071:1930,Contig:191:57.1338:2339,Contig:222:53.0958:13945,Contig:54:295.909:853,Contig:68:53.9197:4947,Contig:77:47.3369:2279,Contig:81:858.248:1505,Contig:90:73.8148:2331,Contig:99:90.8515:10485,Contig:100:199.848:5p:1:10:450,Contig:101:24.9007:3p:1:48:194,Contig:114:52.4611:3p:1:15:257,Contig:114:52.4611:3p:1:17:198,Contig:114:52.4611:3p:1:34:611,Contig:116:27.1631:3p:1:8:860,Contig:128:24.4415:5p:1:29:803,Contig:18:50.3446:3p:1:7:493,Contig:90:73.8148:5p:1:3:553	4	0.0	7.85185489	1.120616267906725	GP_unb_10	Contig:215:27.9455:3p:1:10:124	4	0.0	0.25396514000000003	0.8776648524847006	4	0.0	8.91609553	0.7846892623565509	Contig:215:27.9455:3419,Contig:215:27.9455:3p:1:3:113,Contig:215:27.9455:3p:1:7:125,Contig:215:27.9455:3p:1:12:127	0	False	0
efae-SAMN36766198	GP_1	Contig:100:199.848:1010,Contig:114:52.4611:3367,Contig:177:119.148:1539,Contig:178:77.3071:1930,Contig:191:57.1338:2339,Contig:222:53.0958:13945,Contig:54:295.909:853,Contig:68:53.9197:4947,Contig:77:47.3369:2279,Contig:81:858.248:1505,Contig:90:73.8148:2331,Contig:99:90.8515:10485,Contig:100:199.848:5p:1:10:450,Contig:101:24.9007:3p:1:48:194,Contig:114:52.4611:3p:1:15:257,Contig:114:52.4611:3p:1:17:198,Contig:114:52.4611:3p:1:34:611,Contig:116:27.1631:3p:1:8:860,Contig:128:24.4415:5p:1:29:803,Contig:18:50.3446:3p:1:7:493,Contig:90:73.8148:5p:1:3:553	4	0.0	7.85185489	1.120616267906725	GP_unb_11	Contig:95:46.1806:5p:1:3:155	2	0.0	0.011536400000000002	0.9467025575227276	4	-0.041316399627435746	15.246013449000001	0.06992548970629286	Contig:116:27.1631:28646,Contig:118:25.441:28638,Contig:134:160.224:1560,Contig:135:49.4223:982,Contig:140:30.274:23576,Contig:141:30.8579:20838,Contig:142:196.976:1416,Contig:162:63.0046:1776,Contig:171:42.7031:1812,Contig:172:117.978:516,Contig:175:365.441:2275,Contig:17:27.4147:3981,Contig:180:30.2056:15810,Contig:181:301.047:556,Contig:188:23.7944:1006,Contig:219:22.9984:3866,Contig:220:28.104:5029,Contig:227:27.0759:3363,Contig:24:28.8849:7536,Contig:30:25.8188:954,Contig:40:27.2622:2156,Contig:46:53.3597:474,Contig:7:161.077:657,Contig:87:240.223:533,Contig:97:27.5744:34153,Contig:101:24.9007:3p:1:13:267,Contig:10:25.2394:3p:1:11:249,Contig:10:25.2394:3p:1:13:741,Contig:116:27.1631:5p:1:17:102,Contig:116:27.1631:5p:1:25:102,Contig:116:27.1631:5p:1:29:100,Contig:128:24.4415:5p:1:9:704,Contig:135:49.4223:3p:1:5:193,Contig:135:49.4223:3p:1:17:130,Contig:135:49.4223:3p:1:22:443,Contig:135:49.4223:3p:1:23:146,Contig:135:49.4223:3p:1:26:124,Contig:135:49.4223:3p:1:27:124,Contig:172:117.978:5p:1:7:226,Contig:172:117.978:5p:1:9:177,Contig:172:117.978:5p:1:10:177,Contig:7:161.077:5p:1:4:515,Contig:90:73.8148:5p:1:4:554	0	False	0
efae-SAMN36766198	GP_1	Contig:100:199.848:1010,Contig:114:52.4611:3367,Contig:177:119.148:1539,Contig:178:77.3071:1930,Contig:191:57.1338:2339,Contig:222:53.0958:13945,Contig:54:295.909:853,Contig:68:53.9197:4947,Contig:77:47.3369:2279,Contig:81:858.248:1505,Contig:90:73.8148:2331,Contig:99:90.8515:10485,Contig:100:199.848:5p:1:10:450,Contig:101:24.9007:3p:1:48:194,Contig:114:52.4611:3p:1:15:257,Contig:114:52.4611:3p:1:17:198,Contig:114:52.4611:3p:1:34:611,Contig:116:27.1631:3p:1:8:860,Contig:128:24.4415:5p:1:29:803,Contig:18:50.3446:3p:1:7:493,Contig:90:73.8148:5p:1:3:553	4	0.0	7.85185489	1.120616267906725	GP_unb_12	Contig:95:46.1806:5p:1:4:154	2	0.0	0.008517600000000014	0.9655640609239318	4	-0.04397860303766321	15.242994649	0.06992548970629286	Contig:116:27.1631:28646,Contig:118:25.441:28638,Contig:134:160.224:1560,Contig:135:49.4223:982,Contig:140:30.274:23576,Contig:141:30.8579:20838,Contig:142:196.976:1416,Contig:162:63.0046:1776,Contig:171:42.7031:1812,Contig:172:117.978:516,Contig:175:365.441:2275,Contig:17:27.4147:3981,Contig:180:30.2056:15810,Contig:181:301.047:556,Contig:188:23.7944:1006,Contig:219:22.9984:3866,Contig:220:28.104:5029,Contig:227:27.0759:3363,Contig:24:28.8849:7536,Contig:30:25.8188:954,Contig:40:27.2622:2156,Contig:46:53.3597:474,Contig:7:161.077:657,Contig:87:240.223:533,Contig:97:27.5744:34153,Contig:101:24.9007:3p:1:13:267,Contig:10:25.2394:3p:1:11:249,Contig:10:25.2394:3p:1:13:741,Contig:116:27.1631:5p:1:17:102,Contig:116:27.1631:5p:1:25:102,Contig:116:27.1631:5p:1:29:100,Contig:128:24.4415:5p:1:9:704,Contig:135:49.4223:3p:1:5:193,Contig:135:49.4223:3p:1:17:130,Contig:135:49.4223:3p:1:22:443,Contig:135:49.4223:3p:1:23:146,Contig:135:49.4223:3p:1:26:124,Contig:135:49.4223:3p:1:27:124,Contig:172:117.978:5p:1:7:226,Contig:172:117.978:5p:1:9:177,Contig:172:117.978:5p:1:10:177,Contig:7:161.077:5p:1:4:515,Contig:90:73.8148:5p:1:4:554	0	False	0
efae-SAMN36766198	GP_2	Contig:100:199.848:1010,Contig:103:80.1581:8374,Contig:11:38.309:2456,Contig:123:48.7074:1754,Contig:129:31.6696:2249,Contig:137:41.0658:11862,Contig:145:75.7576:908,Contig:148:33.6183:3867,Contig:156:133.506:1466,Contig:181:301.047:556,Contig:207:284.019:1236,Contig:213:54.2925:1287,Contig:25:26.4889:2002,Contig:48:32.3134:4409,Contig:59:28.7444:4863,Contig:66:69.6149:1190,Contig:71:30.1371:1704,Contig:82:26.489:5468,Contig:85:29.1784:4264,Contig:89:32.5376:5230,Contig:100:199.848:5p:1:10:450,Contig:100:199.848:5p:1:15:1106,Contig:100:199.848:5p:1:16:274,Contig:114:52.4611:3p:1:15:257,Contig:114:52.4611:3p:1:17:198,Contig:114:52.4611:3p:1:34:611	4	-0.020642965943380026	6.72659088	0.7800688325184226	GP_3	Contig:100:199.848:1010,Contig:160:28.5229:4113,Contig:172:117.978:516,Contig:188:23.7944:1006,Contig:18:50.3446:7379,Contig:198:26.4293:1852,Contig:46:53.3597:474,Contig:90:73.8148:2331,Contig:93:23.2853:681,Contig:100:199.848:5p:1:10:450,Contig:101:24.9007:3p:1:48:194,Contig:114:52.4611:3p:1:15:257,Contig:114:52.4611:3p:1:17:198,Contig:114:52.4611:3p:1:34:611,Contig:172:117.978:5p:1:9:177,Contig:90:73.8148:5p:1:4:554	4	-0.008577287040667764	5.9745533900000005	0.6119252006650744	4	-0.04996750355216015	19.909293038999998	0.5220843004663038	Contig:116:27.1631:28646,Contig:119:46.5405:3664,Contig:134:160.224:1560,Contig:135:49.4223:982,Contig:141:30.8579:20838,Contig:175:365.441:2275,Contig:17:27.4147:3981,Contig:180:30.2056:15810,Contig:193:32.7062:1363,Contig:202:152.598:1493,Contig:204:28.2222:16044,Contig:210:29.1518:4157,Contig:220:28.104:5029,Contig:232:24.3291:84483,Contig:24:28.8849:7536,Contig:30:25.8188:954,Contig:54:295.909:853,Contig:87:240.223:533,Contig:88:39.8911:3839,Contig:97:27.5744:34153,Contig:10:25.2394:3p:1:11:249,Contig:116:27.1631:3p:1:8:860,Contig:116:27.1631:5p:1:17:102,Contig:116:27.1631:5p:1:25:102,Contig:116:27.1631:5p:1:29:100,Contig:128:24.4415:5p:1:9:704,Contig:128:24.4415:5p:1:18:144,Contig:128:24.4415:5p:1:22:242,Contig:128:24.4415:5p:1:29:803,Contig:135:49.4223:3p:1:5:193,Contig:135:49.4223:3p:1:17:130,Contig:135:49.4223:3p:1:22:443,Contig:135:49.4223:3p:1:23:146,Contig:135:49.4223:3p:1:26:124,Contig:135:49.4223:3p:1:27:124,Contig:18:50.3446:3p:1:5:241,Contig:18:50.3446:3p:1:6:494,Contig:18:50.3446:3p:1:7:493	0	True	0
efae-SAMN36766198	GP_2	Contig:100:199.848:1010,Contig:103:80.1581:8374,Contig:11:38.309:2456,Contig:123:48.7074:1754,Contig:129:31.6696:2249,Contig:137:41.0658:11862,Contig:145:75.7576:908,Contig:148:33.6183:3867,Contig:156:133.506:1466,Contig:181:301.047:556,Contig:207:284.019:1236,Contig:213:54.2925:1287,Contig:25:26.4889:2002,Contig:48:32.3134:4409,Contig:59:28.7444:4863,Contig:66:69.6149:1190,Contig:71:30.1371:1704,Contig:82:26.489:5468,Contig:85:29.1784:4264,Contig:89:32.5376:5230,Contig:100:199.848:5p:1:10:450,Contig:100:199.848:5p:1:15:1106,Contig:100:199.848:5p:1:16:274,Contig:114:52.4611:3p:1:15:257,Contig:114:52.4611:3p:1:17:198,Contig:114:52.4611:3p:1:34:611	4	-0.020642965943380026	6.72659088	0.7800688325184226	GP_0	Contig:113:26.2622:2355,Contig:203:31.5652:2408,Contig:209:28.6817:4294,Contig:211:26.8481:10981,Contig:35:50.8783:1919,Contig:54:295.909:853,Contig:81:858.248:1505,Contig:114:52.4611:3p:1:34:611,Contig:172:117.978:5p:1:7:226,Contig:215:27.9455:3p:1:3:113	4	-0.027038855179620652	2.43322757	0.7962822834132146	4	-0.07076767174381576	20.015336775999998	0.06992548970629286	Contig:116:27.1631:28646,Contig:118:25.441:28638,Contig:119:46.5405:3664,Contig:126:38.8227:588,Contig:132:27.4497:24272,Contig:134:160.224:1560,Contig:135:49.4223:982,Contig:140:30.274:23576,Contig:141:30.8579:20838,Contig:142:196.976:1416,Contig:172:117.978:516,Contig:175:365.441:2275,Contig:17:27.4147:3981,Contig:180:30.2056:15810,Contig:185:68.6101:5498,Contig:188:23.7944:1006,Contig:193:32.7062:1363,Contig:210:29.1518:4157,Contig:220:28.104:5029,Contig:24:28.8849:7536,Contig:30:25.8188:954,Contig:40:27.2622:2156,Contig:46:53.3597:474,Contig:7:161.077:657,Contig:87:240.223:533,Contig:88:39.8911:3839,Contig:90:73.8148:2331,Contig:97:27.5744:34153,Contig:98:44.1195:1579,Contig:101:24.9007:3p:1:48:194,Contig:101:24.9007:3p:1:60:231,Contig:10:25.2394:3p:1:11:249,Contig:10:25.2394:3p:1:13:741,Contig:116:27.1631:3p:1:8:860,Contig:116:27.1631:5p:1:17:102,Contig:116:27.1631:5p:1:25:102,Contig:116:27.1631:5p:1:29:100,Contig:128:24.4415:5p:1:9:704,Contig:128:24.4415:5p:1:18:144,Contig:128:24.4415:5p:1:22:242,Contig:128:24.4415:5p:1:29:803,Contig:135:49.4223:3p:1:5:193,Contig:135:49.4223:3p:1:17:130,Contig:135:49.4223:3p:1:22:443,Contig:135:49.4223:3p:1:23:146,Contig:135:49.4223:3p:1:26:124,Contig:135:49.4223:3p:1:27:124,Contig:172:117.978:5p:1:9:177,Contig:172:117.978:5p:1:10:177,Contig:18:50.3446:3p:1:5:241,Contig:18:50.3446:3p:1:7:493,Contig:7:161.077:5p:1:4:515,Contig:90:73.8148:5p:1:3:553	0	True	0
efae-SAMN36766198	GP_2	Contig:100:199.848:1010,Contig:103:80.1581:8374,Contig:11:38.309:2456,Contig:123:48.7074:1754,Contig:129:31.6696:2249,Contig:137:41.0658:11862,Contig:145:75.7576:908,Contig:148:33.6183:3867,Contig:156:133.506:1466,Contig:181:301.047:556,Contig:207:284.019:1236,Contig:213:54.2925:1287,Contig:25:26.4889:2002,Contig:48:32.3134:4409,Contig:59:28.7444:4863,Contig:66:69.6149:1190,Contig:71:30.1371:1704,Contig:82:26.489:5468,Contig:85:29.1784:4264,Contig:89:32.5376:5230,Contig:100:199.848:5p:1:10:450,Contig:100:199.848:5p:1:15:1106,Contig:100:199.848:5p:1:16:274,Contig:114:52.4611:3p:1:15:257,Contig:114:52.4611:3p:1:17:198,Contig:114:52.4611:3p:1:34:611	4	-0.020642965943380026	6.72659088	0.7800688325184226	GP_5	Contig:134:160.224:1560,Contig:30:25.8188:954,Contig:41:30.2178:3220,Contig:54:295.909:853,Contig:74:147.505:1237,Contig:81:858.248:1505,Contig:10:25.2394:3p:1:11:249,Contig:128:24.4415:5p:1:9:704	4	-0.005516298345637605	2.17746455	2.678542759134821	4	-0.0418122981896521	19.989571995000002	0.06992548970629286	Contig:116:27.1631:28646,Contig:118:25.441:28638,Contig:119:46.5405:3664,Contig:126:38.8227:588,Contig:135:49.4223:982,Contig:141:30.8579:20838,Contig:172:117.978:516,Contig:175:365.441:2275,Contig:180:30.2056:15810,Contig:185:68.6101:5498,Contig:188:23.7944:1006,Contig:202:152.598:1493,Contig:210:29.1518:4157,Contig:219:22.9984:3866,Contig:232:24.3291:84483,Contig:24:28.8849:7536,Contig:33:23.7423:6286,Contig:40:27.2622:2156,Contig:46:53.3597:474,Contig:77:47.3369:2279,Contig:7:161.077:657,Contig:90:73.8148:2331,Contig:97:27.5744:34153,Contig:98:44.1195:1579,Contig:101:24.9007:3p:1:48:194,Contig:101:24.9007:3p:1:60:231,Contig:116:27.1631:5p:1:17:102,Contig:116:27.1631:5p:1:25:102,Contig:116:27.1631:5p:1:29:100,Contig:128:24.4415:5p:1:18:144,Contig:128:24.4415:5p:1:22:242,Contig:128:24.4415:5p:1:29:803,Contig:135:49.4223:3p:1:5:193,Contig:135:49.4223:3p:1:17:130,Contig:135:49.4223:3p:1:22:443,Contig:135:49.4223:3p:1:23:146,Contig:135:49.4223:3p:1:26:124,Contig:135:49.4223:3p:1:27:124,Contig:172:117.978:5p:1:7:226,Contig:172:117.978:5p:1:9:177,Contig:172:117.978:5p:1:10:177,Contig:18:50.3446:3p:1:5:241,Contig:18:50.3446:3p:1:6:494,Contig:18:50.3446:3p:1:7:493,Contig:7:161.077:5p:1:4:515,Contig:90:73.8148:5p:1:3:553	0	False	0
efae-SAMN36766198	GP_2	Contig:100:199.848:1010,Contig:103:80.1581:8374,Contig:11:38.309:2456,Contig:123:48.7074:1754,Contig:129:31.6696:2249,Contig:137:41.0658:11862,Contig:145:75.7576:908,Contig:148:33.6183:3867,Contig:156:133.506:1466,Contig:181:301.047:556,Contig:207:284.019:1236,Contig:213:54.2925:1287,Contig:25:26.4889:2002,Contig:48:32.3134:4409,Contig:59:28.7444:4863,Contig:66:69.6149:1190,Contig:71:30.1371:1704,Contig:82:26.489:5468,Contig:85:29.1784:4264,Contig:89:32.5376:5230,Contig:100:199.848:5p:1:10:450,Contig:100:199.848:5p:1:15:1106,Contig:100:199.848:5p:1:16:274,Contig:114:52.4611:3p:1:15:257,Contig:114:52.4611:3p:1:17:198,Contig:114:52.4611:3p:1:34:611	4	-0.020642965943380026	6.72659088	0.7800688325184226	GP_4	Contig:2:440.868:Circ:4461	4	0.0	0.49996734	11.675357387911703	0	0	0	0		1	False	0
efae-SAMN36766198	GP_2	Contig:100:199.848:1010,Contig:103:80.1581:8374,Contig:11:38.309:2456,Contig:123:48.7074:1754,Contig:129:31.6696:2249,Contig:137:41.0658:11862,Contig:145:75.7576:908,Contig:148:33.6183:3867,Contig:156:133.506:1466,Contig:181:301.047:556,Contig:207:284.019:1236,Contig:213:54.2925:1287,Contig:25:26.4889:2002,Contig:48:32.3134:4409,Contig:59:28.7444:4863,Contig:66:69.6149:1190,Contig:71:30.1371:1704,Contig:82:26.489:5468,Contig:85:29.1784:4264,Contig:89:32.5376:5230,Contig:100:199.848:5p:1:10:450,Contig:100:199.848:5p:1:15:1106,Contig:100:199.848:5p:1:16:274,Contig:114:52.4611:3p:1:15:257,Contig:114:52.4611:3p:1:17:198,Contig:114:52.4611:3p:1:34:611	4	-0.020642965943380026	6.72659088	0.7800688325184226	GP_6	Contig:3:557.506:Circ:5212	4	0.0	0.4999738	15.19049658941176	0	0	0	0		1	False	0
efae-SAMN36766198	GP_2	Contig:100:199.848:1010,Contig:103:80.1581:8374,Contig:11:38.309:2456,Contig:123:48.7074:1754,Contig:129:31.6696:2249,Contig:137:41.0658:11862,Contig:145:75.7576:908,Contig:148:33.6183:3867,Contig:156:133.506:1466,Contig:181:301.047:556,Contig:207:284.019:1236,Contig:213:54.2925:1287,Contig:25:26.4889:2002,Contig:48:32.3134:4409,Contig:59:28.7444:4863,Contig:66:69.6149:1190,Contig:71:30.1371:1704,Contig:82:26.489:5468,Contig:85:29.1784:4264,Contig:89:32.5376:5230,Contig:100:199.848:5p:1:10:450,Contig:100:199.848:5p:1:15:1106,Contig:100:199.848:5p:1:16:274,Contig:114:52.4611:3p:1:15:257,Contig:114:52.4611:3p:1:17:198,Contig:114:52.4611:3p:1:34:611	4	-0.020642965943380026	6.72659088	0.7800688325184226	GP_7	Contig:4:1133.74:Circ:4377	4	0.0	0.49997270000000005	34.132804831832814	0	0	0	0		1	False	0
efae-SAMN36766198	GP_2	Contig:100:199.848:1010,Contig:103:80.1581:8374,Contig:11:38.309:2456,Contig:123:48.7074:1754,Contig:129:31.6696:2249,Contig:137:41.0658:11862,Contig:145:75.7576:908,Contig:148:33.6183:3867,Contig:156:133.506:1466,Contig:181:301.047:556,Contig:207:284.019:1236,Contig:213:54.2925:1287,Contig:25:26.4889:2002,Contig:48:32.3134:4409,Contig:59:28.7444:4863,Contig:66:69.6149:1190,Contig:71:30.1371:1704,Contig:82:26.489:5468,Contig:85:29.1784:4264,Contig:89:32.5376:5230,Contig:100:199.848:5p:1:10:450,Contig:100:199.848:5p:1:15:1106,Contig:100:199.848:5p:1:16:274,Contig:114:52.4611:3p:1:15:257,Contig:114:52.4611:3p:1:17:198,Contig:114:52.4611:3p:1:34:611	4	-0.020642965943380026	6.72659088	0.7800688325184226	GP_8	Contig:5:610.665:Circ:2947	4	0.0	0.49994689999999997	16.89013068211628	0	0	0	0		1	False	0
efae-SAMN36766198	GP_2	Contig:100:199.848:1010,Contig:103:80.1581:8374,Contig:11:38.309:2456,Contig:123:48.7074:1754,Contig:129:31.6696:2249,Contig:137:41.0658:11862,Contig:145:75.7576:908,Contig:148:33.6183:3867,Contig:156:133.506:1466,Contig:181:301.047:556,Contig:207:284.019:1236,Contig:213:54.2925:1287,Contig:25:26.4889:2002,Contig:48:32.3134:4409,Contig:59:28.7444:4863,Contig:66:69.6149:1190,Contig:71:30.1371:1704,Contig:82:26.489:5468,Contig:85:29.1784:4264,Contig:89:32.5376:5230,Contig:100:199.848:5p:1:10:450,Contig:100:199.848:5p:1:15:1106,Contig:100:199.848:5p:1:16:274,Contig:114:52.4611:3p:1:15:257,Contig:114:52.4611:3p:1:17:198,Contig:114:52.4611:3p:1:34:611	4	-0.020642965943380026	6.72659088	0.7800688325184226	GP_unb_1	Contig:101:24.9007:3p:1:11:178	4	0.0	0.34045552999999995	3.33844708573447	4	-0.06356558478819851	19.471915509	0.06992548970629286	Contig:116:27.1631:28646,Contig:118:25.441:28638,Contig:119:46.5405:3664,Contig:126:38.8227:588,Contig:134:160.224:1560,Contig:135:49.4223:982,Contig:141:30.8579:20838,Contig:171:42.7031:1812,Contig:172:117.978:516,Contig:175:365.441:2275,Contig:17:27.4147:3981,Contig:180:30.2056:15810,Contig:185:68.6101:5498,Contig:188:23.7944:1006,Contig:202:152.598:1493,Contig:204:28.2222:16044,Contig:219:22.9984:3866,Contig:220:28.104:5029,Contig:222:53.0958:13945,Contig:232:24.3291:84483,Contig:24:28.8849:7536,Contig:30:25.8188:954,Contig:35:50.8783:1919,Contig:40:27.2622:2156,Contig:46:53.3597:474,Contig:53:144.545:1056,Contig:54:295.909:853,Contig:7:161.077:657,Contig:81:858.248:1505,Contig:87:240.223:533,Contig:90:73.8148:2331,Contig:97:27.5744:34153,Contig:98:44.1195:1579,Contig:101:24.9007:3p:1:13:267,Contig:101:24.9007:3p:1:48:194,Contig:101:24.9007:3p:1:60:231,Contig:10:25.2394:3p:1:11:249,Contig:116:27.1631:3p:1:8:860,Contig:116:27.1631:5p:1:17:102,Contig:116:27.1631:5p:1:25:102,Contig:116:27.1631:5p:1:29:100,Contig:128:24.4415:5p:1:9:704,Contig:128:24.4415:5p:1:29:803,Contig:135:49.4223:3p:1:5:193,Contig:135:49.4223:3p:1:17:130,Contig:135:49.4223:3p:1:22:443,Contig:135:49.4223:3p:1:23:146,Contig:135:49.4223:3p:1:26:124,Contig:135:49.4223:3p:1:27:124,Contig:172:117.978:5p:1:7:226,Contig:172:117.978:5p:1:9:177,Contig:172:117.978:5p:1:10:177,Contig:18:50.3446:3p:1:5:241,Contig:18:50.3446:3p:1:6:494,Contig:18:50.3446:3p:1:7:493,Contig:7:161.077:5p:1:4:515,Contig:90:73.8148:5p:1:3:553	0	False	0
efae-SAMN36766198	GP_2	Contig:100:199.848:1010,Contig:103:80.1581:8374,Contig:11:38.309:2456,Contig:123:48.7074:1754,Contig:129:31.6696:2249,Contig:137:41.0658:11862,Contig:145:75.7576:908,Contig:148:33.6183:3867,Contig:156:133.506:1466,Contig:181:301.047:556,Contig:207:284.019:1236,Contig:213:54.2925:1287,Contig:25:26.4889:2002,Contig:48:32.3134:4409,Contig:59:28.7444:4863,Contig:66:69.6149:1190,Contig:71:30.1371:1704,Contig:82:26.489:5468,Contig:85:29.1784:4264,Contig:89:32.5376:5230,Contig:100:199.848:5p:1:10:450,Contig:100:199.848:5p:1:15:1106,Contig:100:199.848:5p:1:16:274,Contig:114:52.4611:3p:1:15:257,Contig:114:52.4611:3p:1:17:198,Contig:114:52.4611:3p:1:34:611	4	-0.020642965943380026	6.72659088	0.7800688325184226	GP_unb_2	Contig:101:24.9007:3p:1:16:391	4	0.0	0.012934099999999948	1.4676421258196906	4	-0.0418122981896521	18.970457779	0.06992548970629286	Contig:116:27.1631:28646,Contig:118:25.441:28638,Contig:119:46.5405:3664,Contig:126:38.8227:588,Contig:134:160.224:1560,Contig:135:49.4223:982,Contig:141:30.8579:20838,Contig:171:42.7031:1812,Contig:172:117.978:516,Contig:175:365.441:2275,Contig:17:27.4147:3981,Contig:180:30.2056:15810,Contig:185:68.6101:5498,Contig:188:23.7944:1006,Contig:202:152.598:1493,Contig:204:28.2222:16044,Contig:219:22.9984:3866,Contig:220:28.104:5029,Contig:222:53.0958:13945,Contig:232:24.3291:84483,Contig:24:28.8849:7536,Contig:30:25.8188:954,Contig:35:50.8783:1919,Contig:40:27.2622:2156,Contig:46:53.3597:474,Contig:54:295.909:853,Contig:7:161.077:657,Contig:81:858.248:1505,Contig:87:240.223:533,Contig:90:73.8148:2331,Contig:97:27.5744:34153,Contig:98:44.1195:1579,Contig:101:24.9007:3p:1:13:267,Contig:101:24.9007:3p:1:48:194,Contig:101:24.9007:3p:1:60:231,Contig:10:25.2394:3p:1:11:249,Contig:116:27.1631:3p:1:8:860,Contig:116:27.1631:5p:1:17:102,Contig:116:27.1631:5p:1:25:102,Contig:116:27.1631:5p:1:29:100,Contig:128:24.4415:5p:1:9:704,Contig:128:24.4415:5p:1:29:803,Contig:135:49.4223:3p:1:5:193,Contig:135:49.4223:3p:1:17:130,Contig:135:49.4223:3p:1:22:443,Contig:135:49.4223:3p:1:23:146,Contig:135:49.4223:3p:1:26:124,Contig:135:49.4223:3p:1:27:124,Contig:172:117.978:5p:1:7:226,Contig:172:117.978:5p:1:9:177,Contig:172:117.978:5p:1:10:177,Contig:18:50.3446:3p:1:5:241,Contig:18:50.3446:3p:1:6:494,Contig:18:50.3446:3p:1:7:493,Contig:7:161.077:5p:1:4:515,Contig:90:73.8148:5p:1:3:553	0	False	0
efae-SAMN36766198	GP_2	Contig:100:199.848:1010,Contig:103:80.1581:8374,Contig:11:38.309:2456,Contig:123:48.7074:1754,Contig:129:31.6696:2249,Contig:137:41.0658:11862,Contig:145:75.7576:908,Contig:148:33.6183:3867,Contig:156:133.506:1466,Contig:181:301.047:556,Contig:207:284.019:1236,Contig:213:54.2925:1287,Contig:25:26.4889:2002,Contig:48:32.3134:4409,Contig:59:28.7444:4863,Contig:66:69.6149:1190,Contig:71:30.1371:1704,Contig:82:26.489:5468,Contig:85:29.1784:4264,Contig:89:32.5376:5230,Contig:100:199.848:5p:1:10:450,Contig:100:199.848:5p:1:15:1106,Contig:100:199.848:5p:1:16:274,Contig:114:52.4611:3p:1:15:257,Contig:114:52.4611:3p:1:17:198,Contig:114:52.4611:3p:1:34:611	4	-0.020642965943380026	6.72659088	0.7800688325184226	GP_unb_3	Contig:101:24.9007:3p:1:46:216	3	0.0	0.28410230000000003	1.0129769999067546	4	-0.04824716606090565	18.689664209	0.06992548970629286	Contig:116:27.1631:28646,Contig:118:25.441:28638,Contig:119:46.5405:3664,Contig:126:38.8227:588,Contig:134:160.224:1560,Contig:135:49.4223:982,Contig:141:30.8579:20838,Contig:168:28.3465:37193,Contig:172:117.978:516,Contig:175:365.441:2275,Contig:17:27.4147:3981,Contig:180:30.2056:15810,Contig:185:68.6101:5498,Contig:188:23.7944:1006,Contig:202:152.598:1493,Contig:204:28.2222:16044,Contig:210:29.1518:4157,Contig:219:22.9984:3866,Contig:220:28.104:5029,Contig:232:24.3291:84483,Contig:24:28.8849:7536,Contig:30:25.8188:954,Contig:40:27.2622:2156,Contig:46:53.3597:474,Contig:54:295.909:853,Contig:7:161.077:657,Contig:81:858.248:1505,Contig:87:240.223:533,Contig:90:73.8148:2331,Contig:97:27.5744:34153,Contig:98:44.1195:1579,Contig:101:24.9007:3p:1:48:194,Contig:101:24.9007:3p:1:60:231,Contig:10:25.2394:3p:1:11:249,Contig:116:27.1631:3p:1:8:860,Contig:116:27.1631:5p:1:17:102,Contig:116:27.1631:5p:1:25:102,Contig:116:27.1631:5p:1:29:100,Contig:128:24.4415:5p:1:9:704,Contig:128:24.4415:5p:1:18:144,Contig:128:24.4415:5p:1:22:242,Contig:128:24.4415:5p:1:29:803,Contig:135:49.4223:3p:1:5:193,Contig:135:49.4223:3p:1:17:130,Contig:135:49.4223:3p:1:22:443,Contig:135:49.4223:3p:1:23:146,Contig:135:49.4223:3p:1:26:124,Contig:135:49.4223:3p:1:27:124,Contig:172:117.978:5p:1:7:226,Contig:172:117.978:5p:1:9:177,Contig:172:117.978:5p:1:10:177,Contig:18:50.3446:3p:1:5:241,Contig:18:50.3446:3p:1:6:494,Contig:18:50.3446:3p:1:7:493,Contig:7:161.077:5p:1:4:515,Contig:90:73.8148:5p:1:3:553	0	False	0
efae-SAMN36766198	GP_2	Contig:100:199.848:1010,Contig:103:80.1581:8374,Contig:11:38.309:2456,Contig:123:48.7074:1754,Contig:129:31.6696:2249,Contig:137:41.0658:11862,Contig:145:75.7576:908,Contig:148:33.6183:3867,Contig:156:133.506:1466,Contig:181:301.047:556,Contig:207:284.019:1236,Contig:213:54.2925:1287,Contig:25:26.4889:2002,Contig:48:32.3134:4409,Contig:59:28.7444:4863,Contig:66:69.6149:1190,Contig:71:30.1371:1704,Contig:82:26.489:5468,Contig:85:29.1784:4264,Contig:89:32.5376:5230,Contig:100:199.848:5p:1:10:450,Contig:100:199.848:5p:1:15:1106,Contig:100:199.848:5p:1:16:274,Contig:114:52.4611:3p:1:15:257,Contig:114:52.4611:3p:1:17:198,Contig:114:52.4611:3p:1:34:611	4	-0.020642965943380026	6.72659088	0.7800688325184226	GP_unb_4	Contig:101:24.9007:3p:1:59:140	3	0.0	0.2575541	4.999813610278018	4	-0.045815616478710464	18.747670744	0.06992548970629286	Contig:116:27.1631:28646,Contig:118:25.441:28638,Contig:119:46.5405:3664,Contig:126:38.8227:588,Contig:134:160.224:1560,Contig:135:49.4223:982,Contig:141:30.8579:20838,Contig:172:117.978:516,Contig:175:365.441:2275,Contig:17:27.4147:3981,Contig:180:30.2056:15810,Contig:185:68.6101:5498,Contig:188:23.7944:1006,Contig:202:152.598:1493,Contig:210:29.1518:4157,Contig:219:22.9984:3866,Contig:220:28.104:5029,Contig:232:24.3291:84483,Contig:24:28.8849:7536,Contig:30:25.8188:954,Contig:35:50.8783:1919,Contig:40:27.2622:2156,Contig:46:53.3597:474,Contig:54:295.909:853,Contig:70:23.3204:10101,Contig:7:161.077:657,Contig:81:858.248:1505,Contig:87:240.223:533,Contig:90:73.8148:2331,Contig:97:27.5744:34153,Contig:98:44.1195:1579,Contig:101:24.9007:3p:1:43:923,Contig:101:24.9007:3p:1:48:194,Contig:101:24.9007:3p:1:60:231,Contig:10:25.2394:3p:1:11:249,Contig:116:27.1631:3p:1:8:860,Contig:116:27.1631:5p:1:17:102,Contig:116:27.1631:5p:1:25:102,Contig:116:27.1631:5p:1:29:100,Contig:128:24.4415:5p:1:9:704,Contig:128:24.4415:5p:1:18:144,Contig:128:24.4415:5p:1:22:242,Contig:128:24.4415:5p:1:29:803,Contig:135:49.4223:3p:1:5:193,Contig:135:49.4223:3p:1:17:130,Contig:135:49.4223:3p:1:22:443,Contig:135:49.4223:3p:1:23:146,Contig:135:49.4223:3p:1:26:124,Contig:135:49.4223:3p:1:27:124,Contig:172:117.978:5p:1:7:226,Contig:172:117.978:5p:1:9:177,Contig:172:117.978:5p:1:10:177,Contig:18:50.3446:3p:1:5:241,Contig:18:50.3446:3p:1:6:494,Contig:18:50.3446:3p:1:7:493,Contig:7:161.077:5p:1:4:515,Contig:90:73.8148:5p:1:3:553	0	False	0
efae-SAMN36766198	GP_2	Contig:100:199.848:1010,Contig:103:80.1581:8374,Contig:11:38.309:2456,Contig:123:48.7074:1754,Contig:129:31.6696:2249,Contig:137:41.0658:11862,Contig:145:75.7576:908,Contig:148:33.6183:3867,Contig:156:133.506:1466,Contig:181:301.047:556,Contig:207:284.019:1236,Contig:213:54.2925:1287,Contig:25:26.4889:2002,Contig:48:32.3134:4409,Contig:59:28.7444:4863,Contig:66:69.6149:1190,Contig:71:30.1371:1704,Contig:82:26.489:5468,Contig:85:29.1784:4264,Contig:89:32.5376:5230,Contig:100:199.848:5p:1:10:450,Contig:100:199.848:5p:1:15:1106,Contig:100:199.848:5p:1:16:274,Contig:114:52.4611:3p:1:15:257,Contig:114:52.4611:3p:1:17:198,Contig:114:52.4611:3p:1:34:611	4	-0.020642965943380026	6.72659088	0.7800688325184226	GP_unb_5	Contig:10:25.2394:3p:1:5:249	4	0.0	0.2406254	8.145972180700792	4	-0.0418122981896521	18.763389564	0.06992548970629286	Contig:116:27.1631:28646,Contig:118:25.441:28638,Contig:119:46.5405:3664,Contig:126:38.8227:588,Contig:134:160.224:1560,Contig:135:49.4223:982,Contig:141:30.8579:20838,Contig:172:117.978:516,Contig:175:365.441:2275,Contig:17:27.4147:3981,Contig:180:30.2056:15810,Contig:185:68.6101:5498,Contig:188:23.7944:1006,Contig:202:152.598:1493,Contig:210:29.1518:4157,Contig:219:22.9984:3866,Contig:220:28.104:5029,Contig:232:24.3291:84483,Contig:24:28.8849:7536,Contig:30:25.8188:954,Contig:35:50.8783:1919,Contig:40:27.2622:2156,Contig:46:53.3597:474,Contig:54:295.909:853,Contig:70:23.3204:10101,Contig:7:161.077:657,Contig:81:858.248:1505,Contig:87:240.223:533,Contig:90:73.8148:2331,Contig:97:27.5744:34153,Contig:98:44.1195:1579,Contig:101:24.9007:3p:1:48:194,Contig:101:24.9007:3p:1:60:231,Contig:10:25.2394:3p:1:11:249,Contig:116:27.1631:3p:1:8:860,Contig:116:27.1631:5p:1:17:102,Contig:116:27.1631:5p:1:25:102,Contig:116:27.1631:5p:1:29:100,Contig:128:24.4415:5p:1:9:704,Contig:128:24.4415:5p:1:18:144,Contig:128:24.4415:5p:1:22:242,Contig:128:24.4415:5p:1:29:803,Contig:135:49.4223:3p:1:5:193,Contig:135:49.4223:3p:1:17:130,Contig:135:49.4223:3p:1:22:443,Contig:135:49.4223:3p:1:23:146,Contig:135:49.4223:3p:1:26:124,Contig:135:49.4223:3p:1:27:124,Contig:172:117.978:5p:1:7:226,Contig:172:117.978:5p:1:9:177,Contig:172:117.978:5p:1:10:177,Contig:18:50.3446:3p:1:5:241,Contig:18:50.3446:3p:1:6:494,Contig:18:50.3446:3p:1:7:493,Contig:7:161.077:5p:1:4:515,Contig:90:73.8148:5p:1:3:553	0	False	0
efae-SAMN36766198	GP_2	Contig:100:199.848:1010,Contig:103:80.1581:8374,Contig:11:38.309:2456,Contig:123:48.7074:1754,Contig:129:31.6696:2249,Contig:137:41.0658:11862,Contig:145:75.7576:908,Contig:148:33.6183:3867,Contig:156:133.506:1466,Contig:181:301.047:556,Contig:207:284.019:1236,Contig:213:54.2925:1287,Contig:25:26.4889:2002,Contig:48:32.3134:4409,Contig:59:28.7444:4863,Contig:66:69.6149:1190,Contig:71:30.1371:1704,Contig:82:26.489:5468,Contig:85:29.1784:4264,Contig:89:32.5376:5230,Contig:100:199.848:5p:1:10:450,Contig:100:199.848:5p:1:15:1106,Contig:100:199.848:5p:1:16:274,Contig:114:52.4611:3p:1:15:257,Contig:114:52.4611:3p:1:17:198,Contig:114:52.4611:3p:1:34:611	4	-0.020642965943380026	6.72659088	0.7800688325184226	GP_unb_6	Contig:10:25.2394:3p:1:21:249	4	0.0	0.25837940000000004	8.145972180700792	4	-0.0418122981896521	19.523903204000003	0.06992548970629286	Contig:116:27.1631:28646,Contig:118:25.441:28638,Contig:119:46.5405:3664,Contig:126:38.8227:588,Contig:134:160.224:1560,Contig:135:49.4223:982,Contig:141:30.8579:20838,Contig:143:30.4444:3756,Contig:172:117.978:516,Contig:175:365.441:2275,Contig:17:27.4147:3981,Contig:180:30.2056:15810,Contig:185:68.6101:5498,Contig:188:23.7944:1006,Contig:202:152.598:1493,Contig:210:29.1518:4157,Contig:219:22.9984:3866,Contig:220:28.104:5029,Contig:232:24.3291:84483,Contig:24:28.8849:7536,Contig:30:25.8188:954,Contig:35:50.8783:1919,Contig:40:27.2622:2156,Contig:46:53.3597:474,Contig:54:295.909:853,Contig:70:23.3204:10101,Contig:7:161.077:657,Contig:81:858.248:1505,Contig:87:240.223:533,Contig:90:73.8148:2331,Contig:97:27.5744:34153,Contig:98:44.1195:1579,Contig:101:24.9007:3p:1:48:194,Contig:101:24.9007:3p:1:60:231,Contig:10:25.2394:3p:1:11:249,Contig:10:25.2394:3p:1:17:375,Contig:10:25.2394:3p:1:23:375,Contig:10:25.2394:3p:1:29:248,Contig:116:27.1631:3p:1:8:860,Contig:116:27.1631:5p:1:17:102,Contig:116:27.1631:5p:1:25:102,Contig:116:27.1631:5p:1:29:100,Contig:128:24.4415:5p:1:9:704,Contig:128:24.4415:5p:1:18:144,Contig:128:24.4415:5p:1:22:242,Contig:128:24.4415:5p:1:29:803,Contig:135:49.4223:3p:1:5:193,Contig:135:49.4223:3p:1:17:130,Contig:135:49.4223:3p:1:22:443,Contig:135:49.4223:3p:1:23:146,Contig:135:49.4223:3p:1:26:124,Contig:135:49.4223:3p:1:27:124,Contig:172:117.978:5p:1:7:226,Contig:172:117.978:5p:1:9:177,Contig:172:117.978:5p:1:10:177,Contig:18:50.3446:3p:1:5:241,Contig:18:50.3446:3p:1:6:494,Contig:18:50.3446:3p:1:7:493,Contig:7:161.077:5p:1:4:515,Contig:90:73.8148:5p:1:3:553	0	False	0
efae-SAMN36766198	GP_2	Contig:100:199.848:1010,Contig:103:80.1581:8374,Contig:11:38.309:2456,Contig:123:48.7074:1754,Contig:129:31.6696:2249,Contig:137:41.0658:11862,Contig:145:75.7576:908,Contig:148:33.6183:3867,Contig:156:133.506:1466,Contig:181:301.047:556,Contig:207:284.019:1236,Contig:213:54.2925:1287,Contig:25:26.4889:2002,Contig:48:32.3134:4409,Contig:59:28.7444:4863,Contig:66:69.6149:1190,Contig:71:30.1371:1704,Contig:82:26.489:5468,Contig:85:29.1784:4264,Contig:89:32.5376:5230,Contig:100:199.848:5p:1:10:450,Contig:100:199.848:5p:1:15:1106,Contig:100:199.848:5p:1:16:274,Contig:114:52.4611:3p:1:15:257,Contig:114:52.4611:3p:1:17:198,Contig:114:52.4611:3p:1:34:611	4	-0.020642965943380026	6.72659088	0.7800688325184226	GP_unb_7	Contig:10:25.2394:3p:1:28:248	4	0.0	0.25746256	8.16017778513324	4	-0.0418122981896521	19.522986364	0.06992548970629275	Contig:116:27.1631:28646,Contig:118:25.441:28638,Contig:119:46.5405:3664,Contig:126:38.8227:588,Contig:134:160.224:1560,Contig:135:49.4223:982,Contig:141:30.8579:20838,Contig:143:30.4444:3756,Contig:172:117.978:516,Contig:175:365.441:2275,Contig:17:27.4147:3981,Contig:180:30.2056:15810,Contig:185:68.6101:5498,Contig:188:23.7944:1006,Contig:202:152.598:1493,Contig:210:29.1518:4157,Contig:219:22.9984:3866,Contig:220:28.104:5029,Contig:232:24.3291:84483,Contig:24:28.8849:7536,Contig:30:25.8188:954,Contig:35:50.8783:1919,Contig:40:27.2622:2156,Contig:46:53.3597:474,Contig:54:295.909:853,Contig:70:23.3204:10101,Contig:7:161.077:657,Contig:81:858.248:1505,Contig:87:240.223:533,Contig:90:73.8148:2331,Contig:97:27.5744:34153,Contig:98:44.1195:1579,Contig:101:24.9007:3p:1:48:194,Contig:101:24.9007:3p:1:60:231,Contig:10:25.2394:3p:1:11:249,Contig:10:25.2394:3p:1:17:375,Contig:10:25.2394:3p:1:23:375,Contig:10:25.2394:3p:1:29:248,Contig:116:27.1631:3p:1:8:860,Contig:116:27.1631:5p:1:17:102,Contig:116:27.1631:5p:1:25:102,Contig:116:27.1631:5p:1:29:100,Contig:128:24.4415:5p:1:9:704,Contig:128:24.4415:5p:1:18:144,Contig:128:24.4415:5p:1:22:242,Contig:128:24.4415:5p:1:29:803,Contig:135:49.4223:3p:1:5:193,Contig:135:49.4223:3p:1:17:130,Contig:135:49.4223:3p:1:22:443,Contig:135:49.4223:3p:1:23:146,Contig:135:49.4223:3p:1:26:124,Contig:135:49.4223:3p:1:27:124,Contig:172:117.978:5p:1:7:226,Contig:172:117.978:5p:1:9:177,Contig:172:117.978:5p:1:10:177,Contig:18:50.3446:3p:1:5:241,Contig:18:50.3446:3p:1:6:494,Contig:18:50.3446:3p:1:7:493,Contig:7:161.077:5p:1:4:515,Contig:90:73.8148:5p:1:3:553	0	False	0
efae-SAMN36766198	GP_2	Contig:100:199.848:1010,Contig:103:80.1581:8374,Contig:11:38.309:2456,Contig:123:48.7074:1754,Contig:129:31.6696:2249,Contig:137:41.0658:11862,Contig:145:75.7576:908,Contig:148:33.6183:3867,Contig:156:133.506:1466,Contig:181:301.047:556,Contig:207:284.019:1236,Contig:213:54.2925:1287,Contig:25:26.4889:2002,Contig:48:32.3134:4409,Contig:59:28.7444:4863,Contig:66:69.6149:1190,Contig:71:30.1371:1704,Contig:82:26.489:5468,Contig:85:29.1784:4264,Contig:89:32.5376:5230,Contig:100:199.848:5p:1:10:450,Contig:100:199.848:5p:1:15:1106,Contig:100:199.848:5p:1:16:274,Contig:114:52.4611:3p:1:15:257,Contig:114:52.4611:3p:1:17:198,Contig:114:52.4611:3p:1:34:611	4	-0.020642965943380026	6.72659088	0.7800688325184226	GP_unb_8	Contig:114:52.4611:3p:1:16:257	4	0.0	0.4742925	19.31938898942107	4	-0.044150898242354825	19.776496765	0.06992548970629286	Contig:116:27.1631:28646,Contig:118:25.441:28638,Contig:119:46.5405:3664,Contig:121:24.1882:3607,Contig:126:38.8227:588,Contig:135:49.4223:982,Contig:140:30.274:23576,Contig:141:30.8579:20838,Contig:142:196.976:1416,Contig:172:117.978:516,Contig:175:365.441:2275,Contig:178:77.3071:1930,Contig:180:30.2056:15810,Contig:185:68.6101:5498,Contig:188:23.7944:1006,Contig:189:25.7091:8927,Contig:199:22.4047:7574,Contig:208:75.043:1223,Contig:210:29.1518:4157,Contig:219:22.9984:3866,Contig:220:28.104:5029,Contig:222:53.0958:13945,Contig:24:28.8849:7536,Contig:30:25.8188:954,Contig:35:50.8783:1919,Contig:40:27.2622:2156,Contig:43:103.389:5374,Contig:46:53.3597:474,Contig:54:295.909:853,Contig:68:53.9197:4947,Contig:7:161.077:657,Contig:81:858.248:1505,Contig:87:240.223:533,Contig:90:73.8148:2331,Contig:97:27.5744:34153,Contig:98:44.1195:1579,Contig:101:24.9007:3p:1:48:194,Contig:101:24.9007:3p:1:60:231,Contig:10:25.2394:3p:1:11:249,Contig:10:25.2394:3p:1:13:741,Contig:116:27.1631:3p:1:8:860,Contig:116:27.1631:5p:1:17:102,Contig:116:27.1631:5p:1:25:102,Contig:116:27.1631:5p:1:29:100,Contig:128:24.4415:5p:1:9:704,Contig:128:24.4415:5p:1:18:144,Contig:128:24.4415:5p:1:22:242,Contig:128:24.4415:5p:1:29:803,Contig:135:49.4223:3p:1:5:193,Contig:135:49.4223:3p:1:17:130,Contig:135:49.4223:3p:1:22:443,Contig:135:49.4223:3p:1:23:146,Contig:135:49.4223:3p:1:27:124,Contig:172:117.978:5p:1:7:226,Contig:172:117.978:5p:1:9:177,Contig:172:117.978:5p:1:10:177,Contig:18:50.3446:3p:1:5:241,Contig:18:50.3446:3p:1:6:494,Contig:18:50.3446:3p:1:7:493,Contig:7:161.077:5p:1:4:515,Contig:90:73.8148:5p:1:3:553	0	False	0
efae-SAMN36766198	GP_2	Contig:100:199.848:1010,Contig:103:80.1581:8374,Contig:11:38.309:2456,Contig:123:48.7074:1754,Contig:129:31.6696:2249,Contig:137:41.0658:11862,Contig:145:75.7576:908,Contig:148:33.6183:3867,Contig:156:133.506:1466,Contig:181:301.047:556,Contig:207:284.019:1236,Contig:213:54.2925:1287,Contig:25:26.4889:2002,Contig:48:32.3134:4409,Contig:59:28.7444:4863,Contig:66:69.6149:1190,Contig:71:30.1371:1704,Contig:82:26.489:5468,Contig:85:29.1784:4264,Contig:89:32.5376:5230,Contig:100:199.848:5p:1:10:450,Contig:100:199.848:5p:1:15:1106,Contig:100:199.848:5p:1:16:274,Contig:114:52.4611:3p:1:15:257,Contig:114:52.4611:3p:1:17:198,Contig:114:52.4611:3p:1:34:611	4	-0.020642965943380026	6.72659088	0.7800688325184226	GP_unb_9	Contig:130:27.6191:3p:1:10:502	4	0.0	0.24299574000000002	2.775089481067581	4	-0.0418122981896521	19.784951944	0.06992548970629286	Contig:116:27.1631:28646,Contig:118:25.441:28638,Contig:119:46.5405:3664,Contig:126:38.8227:588,Contig:134:160.224:1560,Contig:135:49.4223:982,Contig:141:30.8579:20838,Contig:166:27.085:3884,Contig:172:117.978:516,Contig:175:365.441:2275,Contig:17:27.4147:3981,Contig:180:30.2056:15810,Contig:185:68.6101:5498,Contig:188:23.7944:1006,Contig:204:28.2222:16044,Contig:210:29.1518:4157,Contig:219:22.9984:3866,Contig:220:28.104:5029,Contig:222:53.0958:13945,Contig:24:28.8849:7536,Contig:30:25.8188:954,Contig:35:50.8783:1919,Contig:40:27.2622:2156,Contig:46:53.3597:474,Contig:54:295.909:853,Contig:7:161.077:657,Contig:81:858.248:1505,Contig:87:240.223:533,Contig:88:39.8911:3839,Contig:90:73.8148:2331,Contig:97:27.5744:34153,Contig:98:44.1195:1579,Contig:101:24.9007:3p:1:48:194,Contig:101:24.9007:3p:1:60:231,Contig:10:25.2394:3p:1:11:249,Contig:116:27.1631:3p:1:8:860,Contig:116:27.1631:5p:1:17:102,Contig:116:27.1631:5p:1:25:102,Contig:116:27.1631:5p:1:29:100,Contig:128:24.4415:5p:1:9:704,Contig:128:24.4415:5p:1:18:144,Contig:128:24.4415:5p:1:22:242,Contig:128:24.4415:5p:1:29:803,Contig:135:49.4223:3p:1:5:193,Contig:135:49.4223:3p:1:17:130,Contig:135:49.4223:3p:1:22:443,Contig:135:49.4223:3p:1:23:146,Contig:135:49.4223:3p:1:26:124,Contig:135:49.4223:3p:1:27:124,Contig:172:117.978:5p:1:7:226,Contig:172:117.978:5p:1:9:177,Contig:172:117.978:5p:1:10:177,Contig:18:50.3446:3p:1:5:241,Contig:18:50.3446:3p:1:7:493,Contig:7:161.077:5p:1:4:515,Contig:90:73.8148:5p:1:3:553	0	False	0
efae-SAMN36766198	GP_2	Contig:100:199.848:1010,Contig:103:80.1581:8374,Contig:11:38.309:2456,Contig:123:48.7074:1754,Contig:129:31.6696:2249,Contig:137:41.0658:11862,Contig:145:75.7576:908,Contig:148:33.6183:3867,Contig:156:133.506:1466,Contig:181:301.047:556,Contig:207:284.019:1236,Contig:213:54.2925:1287,Contig:25:26.4889:2002,Contig:48:32.3134:4409,Contig:59:28.7444:4863,Contig:66:69.6149:1190,Contig:71:30.1371:1704,Contig:82:26.489:5468,Contig:85:29.1784:4264,Contig:89:32.5376:5230,Contig:100:199.848:5p:1:10:450,Contig:100:199.848:5p:1:15:1106,Contig:100:199.848:5p:1:16:274,Contig:114:52.4611:3p:1:15:257,Contig:114:52.4611:3p:1:17:198,Contig:114:52.4611:3p:1:34:611	4	-0.020642965943380026	6.72659088	0.7800688325184226	GP_unb_10	Contig:215:27.9455:3p:1:10:124	4	0.0	0.25396514000000003	0.8776648524847006	4	-0.044150898242354825	19.222438724999996	0.06992548970629286	Contig:116:27.1631:28646,Contig:118:25.441:28638,Contig:119:46.5405:3664,Contig:126:38.8227:588,Contig:135:49.4223:982,Contig:140:30.274:23576,Contig:141:30.8579:20838,Contig:142:196.976:1416,Contig:172:117.978:516,Contig:175:365.441:2275,Contig:180:30.2056:15810,Contig:185:68.6101:5498,Contig:188:23.7944:1006,Contig:189:25.7091:8927,Contig:210:29.1518:4157,Contig:215:27.9455:3419,Contig:219:22.9984:3866,Contig:220:28.104:5029,Contig:24:28.8849:7536,Contig:30:25.8188:954,Contig:35:50.8783:1919,Contig:40:27.2622:2156,Contig:46:53.3597:474,Contig:54:295.909:853,Contig:68:53.9197:4947,Contig:7:161.077:657,Contig:81:858.248:1505,Contig:87:240.223:533,Contig:90:73.8148:2331,Contig:97:27.5744:34153,Contig:98:44.1195:1579,Contig:101:24.9007:3p:1:48:194,Contig:101:24.9007:3p:1:60:231,Contig:10:25.2394:3p:1:11:249,Contig:10:25.2394:3p:1:13:741,Contig:116:27.1631:3p:1:8:860,Contig:116:27.1631:5p:1:17:102,Contig:116:27.1631:5p:1:25:102,Contig:116:27.1631:5p:1:29:100,Contig:128:24.4415:5p:1:9:704,Contig:128:24.4415:5p:1:18:144,Contig:128:24.4415:5p:1:22:242,Contig:128:24.4415:5p:1:29:803,Contig:135:49.4223:3p:1:5:193,Contig:135:49.4223:3p:1:17:130,Contig:135:49.4223:3p:1:22:443,Contig:135:49.4223:3p:1:23:146,Contig:135:49.4223:3p:1:27:124,Contig:172:117.978:5p:1:7:226,Contig:172:117.978:5p:1:9:177,Contig:172:117.978:5p:1:10:177,Contig:18:50.3446:3p:1:5:241,Contig:18:50.3446:3p:1:6:494,Contig:18:50.3446:3p:1:7:493,Contig:215:27.9455:3p:1:3:113,Contig:215:27.9455:3p:1:7:125,Contig:215:27.9455:3p:1:12:127,Contig:7:161.077:5p:1:4:515,Contig:90:73.8148:5p:1:3:553	0	False	0
efae-SAMN36766198	GP_2	Contig:100:199.848:1010,Contig:103:80.1581:8374,Contig:11:38.309:2456,Contig:123:48.7074:1754,Contig:129:31.6696:2249,Contig:137:41.0658:11862,Contig:145:75.7576:908,Contig:148:33.6183:3867,Contig:156:133.506:1466,Contig:181:301.047:556,Contig:207:284.019:1236,Contig:213:54.2925:1287,Contig:25:26.4889:2002,Contig:48:32.3134:4409,Contig:59:28.7444:4863,Contig:66:69.6149:1190,Contig:71:30.1371:1704,Contig:82:26.489:5468,Contig:85:29.1784:4264,Contig:89:32.5376:5230,Contig:100:199.848:5p:1:10:450,Contig:100:199.848:5p:1:15:1106,Contig:100:199.848:5p:1:16:274,Contig:114:52.4611:3p:1:15:257,Contig:114:52.4611:3p:1:17:198,Contig:114:52.4611:3p:1:34:611	4	-0.020642965943380026	6.72659088	0.7800688325184226	GP_unb_11	Contig:95:46.1806:5p:1:3:155	2	0.0	0.011536400000000002	0.9467025575227276	4	-0.06288282493566666	18.284703979999996	0.06992548970647516	Contig:116:27.1631:28646,Contig:118:25.441:28638,Contig:119:46.5405:3664,Contig:126:38.8227:588,Contig:135:49.4223:982,Contig:141:30.8579:20838,Contig:142:196.976:1416,Contig:162:63.0046:1776,Contig:172:117.978:516,Contig:175:365.441:2275,Contig:180:30.2056:15810,Contig:185:68.6101:5498,Contig:188:23.7944:1006,Contig:189:25.7091:8927,Contig:204:28.2222:16044,Contig:210:29.1518:4157,Contig:219:22.9984:3866,Contig:220:28.104:5029,Contig:222:53.0958:13945,Contig:24:28.8849:7536,Contig:30:25.8188:954,Contig:35:50.8783:1919,Contig:40:27.2622:2156,Contig:46:53.3597:474,Contig:54:295.909:853,Contig:68:53.9197:4947,Contig:7:161.077:657,Contig:81:858.248:1505,Contig:87:240.223:533,Contig:90:73.8148:2331,Contig:97:27.5744:34153,Contig:98:44.1195:1579,Contig:101:24.9007:3p:1:48:194,Contig:101:24.9007:3p:1:60:231,Contig:10:25.2394:3p:1:11:249,Contig:116:27.1631:3p:1:8:860,Contig:116:27.1631:5p:1:17:102,Contig:116:27.1631:5p:1:25:102,Contig:116:27.1631:5p:1:29:100,Contig:128:24.4415:5p:1:9:704,Contig:128:24.4415:5p:1:18:144,Contig:128:24.4415:5p:1:22:242,Contig:128:24.4415:5p:1:29:803,Contig:135:49.4223:3p:1:5:193,Contig:135:49.4223:3p:1:17:130,Contig:135:49.4223:3p:1:22:443,Contig:135:49.4223:3p:1:23:146,Contig:135:49.4223:3p:1:27:124,Contig:172:117.978:5p:1:7:226,Contig:172:117.978:5p:1:9:177,Contig:172:117.978:5p:1:10:177,Contig:18:50.3446:3p:1:5:241,Contig:18:50.3446:3p:1:6:494,Contig:18:50.3446:3p:1:7:493,Contig:7:161.077:5p:1:4:515,Contig:90:73.8148:5p:1:3:553	0	False	0
efae-SAMN36766198	GP_2	Contig:100:199.848:1010,Contig:103:80.1581:8374,Contig:11:38.309:2456,Contig:123:48.7074:1754,Contig:129:31.6696:2249,Contig:137:41.0658:11862,Contig:145:75.7576:908,Contig:148:33.6183:3867,Contig:156:133.506:1466,Contig:181:301.047:556,Contig:207:284.019:1236,Contig:213:54.2925:1287,Contig:25:26.4889:2002,Contig:48:32.3134:4409,Contig:59:28.7444:4863,Contig:66:69.6149:1190,Contig:71:30.1371:1704,Contig:82:26.489:5468,Contig:85:29.1784:4264,Contig:89:32.5376:5230,Contig:100:199.848:5p:1:10:450,Contig:100:199.848:5p:1:15:1106,Contig:100:199.848:5p:1:16:274,Contig:114:52.4611:3p:1:15:257,Contig:114:52.4611:3p:1:17:198,Contig:114:52.4611:3p:1:34:611	4	-0.020642965943380026	6.72659088	0.7800688325184226	GP_unb_12	Contig:95:46.1806:5p:1:4:154	2	0.0	0.008517600000000014	0.9655640609239318	4	-0.06554502834589412	18.281685179999997	0.06992548970629289	Contig:116:27.1631:28646,Contig:118:25.441:28638,Contig:119:46.5405:3664,Contig:126:38.8227:588,Contig:135:49.4223:982,Contig:141:30.8579:20838,Contig:142:196.976:1416,Contig:162:63.0046:1776,Contig:172:117.978:516,Contig:175:365.441:2275,Contig:180:30.2056:15810,Contig:185:68.6101:5498,Contig:188:23.7944:1006,Contig:189:25.7091:8927,Contig:204:28.2222:16044,Contig:210:29.1518:4157,Contig:219:22.9984:3866,Contig:220:28.104:5029,Contig:222:53.0958:13945,Contig:24:28.8849:7536,Contig:30:25.8188:954,Contig:35:50.8783:1919,Contig:40:27.2622:2156,Contig:46:53.3597:474,Contig:54:295.909:853,Contig:68:53.9197:4947,Contig:7:161.077:657,Contig:81:858.248:1505,Contig:87:240.223:533,Contig:90:73.8148:2331,Contig:97:27.5744:34153,Contig:98:44.1195:1579,Contig:101:24.9007:3p:1:48:194,Contig:101:24.9007:3p:1:60:231,Contig:10:25.2394:3p:1:11:249,Contig:116:27.1631:3p:1:8:860,Contig:116:27.1631:5p:1:17:102,Contig:116:27.1631:5p:1:25:102,Contig:116:27.1631:5p:1:29:100,Contig:128:24.4415:5p:1:9:704,Contig:128:24.4415:5p:1:18:144,Contig:128:24.4415:5p:1:22:242,Contig:128:24.4415:5p:1:29:803,Contig:135:49.4223:3p:1:5:193,Contig:135:49.4223:3p:1:17:130,Contig:135:49.4223:3p:1:22:443,Contig:135:49.4223:3p:1:23:146,Contig:135:49.4223:3p:1:27:124,Contig:172:117.978:5p:1:7:226,Contig:172:117.978:5p:1:9:177,Contig:172:117.978:5p:1:10:177,Contig:18:50.3446:3p:1:5:241,Contig:18:50.3446:3p:1:6:494,Contig:18:50.3446:3p:1:7:493,Contig:7:161.077:5p:1:4:515,Contig:90:73.8148:5p:1:3:553	0	False	0
efae-SAMN36766198	GP_3	Contig:100:199.848:1010,Contig:160:28.5229:4113,Contig:172:117.978:516,Contig:188:23.7944:1006,Contig:18:50.3446:7379,Contig:198:26.4293:1852,Contig:46:53.3597:474,Contig:90:73.8148:2331,Contig:93:23.2853:681,Contig:100:199.848:5p:1:10:450,Contig:101:24.9007:3p:1:48:194,Contig:114:52.4611:3p:1:15:257,Contig:114:52.4611:3p:1:17:198,Contig:114:52.4611:3p:1:34:611,Contig:172:117.978:5p:1:9:177,Contig:90:73.8148:5p:1:4:554	4	-0.008577287040667764	5.9745533900000005	0.6119252006650744	GP_0	Contig:113:26.2622:2355,Contig:203:31.5652:2408,Contig:209:28.6817:4294,Contig:211:26.8481:10981,Contig:35:50.8783:1919,Contig:54:295.909:853,Contig:81:858.248:1505,Contig:114:52.4611:3p:1:34:611,Contig:172:117.978:5p:1:7:226,Contig:215:27.9455:3p:1:3:113	4	-0.027038855179620652	2.43322757	0.7962822834132146	4	-0.056363392788400773	16.281878115	0.5220843004663038	Contig:116:27.1631:28646,Contig:119:46.5405:3664,Contig:126:38.8227:588,Contig:134:160.224:1560,Contig:135:49.4223:982,Contig:141:30.8579:20838,Contig:143:30.4444:3756,Contig:156:133.506:1466,Contig:171:42.7031:1812,Contig:175:365.441:2275,Contig:17:27.4147:3981,Contig:180:30.2056:15810,Contig:181:301.047:556,Contig:185:68.6101:5498,Contig:193:32.7062:1363,Contig:202:152.598:1493,Contig:210:29.1518:4157,Contig:220:28.104:5029,Contig:227:27.0759:3363,Contig:22:33.0191:1702,Contig:232:24.3291:84483,Contig:24:28.8849:7536,Contig:30:25.8188:954,Contig:61:26.0863:32090,Contig:66:69.6149:1190,Contig:7:161.077:657,Contig:87:240.223:533,Contig:88:39.8911:3839,Contig:94:24.6327:9567,Contig:97:27.5744:34153,Contig:101:24.9007:3p:1:13:267,Contig:101:24.9007:3p:1:60:231,Contig:102:29.2814:5p:1:5:529,Contig:10:25.2394:3p:1:11:249,Contig:10:25.2394:3p:1:23:375,Contig:10:25.2394:3p:1:29:248,Contig:116:27.1631:5p:1:17:102,Contig:116:27.1631:5p:1:25:102,Contig:116:27.1631:5p:1:29:100,Contig:128:24.4415:5p:1:9:704,Contig:128:24.4415:5p:1:18:144,Contig:128:24.4415:5p:1:22:242,Contig:128:24.4415:5p:1:29:803,Contig:135:49.4223:3p:1:5:193,Contig:135:49.4223:3p:1:17:130,Contig:135:49.4223:3p:1:22:443,Contig:135:49.4223:3p:1:23:146,Contig:135:49.4223:3p:1:26:124,Contig:135:49.4223:3p:1:27:124,Contig:18:50.3446:3p:1:5:241,Contig:18:50.3446:3p:1:6:494,Contig:18:50.3446:3p:1:7:493	0	True	0
efae-SAMN36766198	GP_3	Contig:100:199.848:1010,Contig:160:28.5229:4113,Contig:172:117.978:516,Contig:188:23.7944:1006,Contig:18:50.3446:7379,Contig:198:26.4293:1852,Contig:46:53.3597:474,Contig:90:73.8148:2331,Contig:93:23.2853:681,Contig:100:199.848:5p:1:10:450,Contig:101:24.9007:3p:1:48:194,Contig:114:52.4611:3p:1:15:257,Contig:114:52.4611:3p:1:17:198,Contig:114:52.4611:3p:1:34:611,Contig:172:117.978:5p:1:9:177,Contig:90:73.8148:5p:1:4:554	4	-0.008577287040667764	5.9745533900000005	0.6119252006650744	GP_5	Contig:134:160.224:1560,Contig:30:25.8188:954,Contig:41:30.2178:3220,Contig:54:295.909:853,Contig:74:147.505:1237,Contig:81:858.248:1505,Contig:10:25.2394:3p:1:11:249,Contig:128:24.4415:5p:1:9:704	4	-0.005516298345637605	2.17746455	2.678542759134821	4	-0.057922539996173694	15.487971735000004	0.6051580536804977	Contig:116:27.1631:28646,Contig:119:46.5405:3664,Contig:126:38.8227:588,Contig:135:49.4223:982,Contig:141:30.8579:20838,Contig:143:30.4444:3756,Contig:156:133.506:1466,Contig:175:365.441:2275,Contig:17:27.4147:3981,Contig:180:30.2056:15810,Contig:181:301.047:556,Contig:185:68.6101:5498,Contig:193:32.7062:1363,Contig:202:152.598:1493,Contig:207:284.019:1236,Contig:210:29.1518:4157,Contig:223:21.1304:1192,Contig:232:24.3291:84483,Contig:24:28.8849:7536,Contig:33:23.7423:6286,Contig:66:69.6149:1190,Contig:87:240.223:533,Contig:88:39.8911:3839,Contig:94:24.6327:9567,Contig:97:27.5744:34153,Contig:101:24.9007:3p:1:60:231,Contig:10:25.2394:3p:1:23:375,Contig:10:25.2394:3p:1:29:248,Contig:116:27.1631:3p:1:8:860,Contig:116:27.1631:5p:1:17:102,Contig:116:27.1631:5p:1:25:102,Contig:116:27.1631:5p:1:29:100,Contig:128:24.4415:5p:1:18:144,Contig:128:24.4415:5p:1:22:242,Contig:128:24.4415:5p:1:29:803,Contig:135:49.4223:3p:1:5:193,Contig:135:49.4223:3p:1:17:130,Contig:135:49.4223:3p:1:22:443,Contig:135:49.4223:3p:1:23:146,Contig:135:49.4223:3p:1:26:124,Contig:135:49.4223:3p:1:27:124,Contig:18:50.3446:3p:1:5:241,Contig:18:50.3446:3p:1:6:494,Contig:18:50.3446:3p:1:7:493	0	False	0
efae-SAMN36766198	GP_3	Contig:100:199.848:1010,Contig:160:28.5229:4113,Contig:172:117.978:516,Contig:188:23.7944:1006,Contig:18:50.3446:7379,Contig:198:26.4293:1852,Contig:46:53.3597:474,Contig:90:73.8148:2331,Contig:93:23.2853:681,Contig:100:199.848:5p:1:10:450,Contig:101:24.9007:3p:1:48:194,Contig:114:52.4611:3p:1:15:257,Contig:114:52.4611:3p:1:17:198,Contig:114:52.4611:3p:1:34:611,Contig:172:117.978:5p:1:9:177,Contig:90:73.8148:5p:1:4:554	4	-0.008577287040667764	5.9745533900000005	0.6119252006650744	GP_4	Contig:2:440.868:Circ:4461	4	0.0	0.49996734	11.675357387911703	0	0	0	0		1	False	0
efae-SAMN36766198	GP_3	Contig:100:199.848:1010,Contig:160:28.5229:4113,Contig:172:117.978:516,Contig:188:23.7944:1006,Contig:18:50.3446:7379,Contig:198:26.4293:1852,Contig:46:53.3597:474,Contig:90:73.8148:2331,Contig:93:23.2853:681,Contig:100:199.848:5p:1:10:450,Contig:101:24.9007:3p:1:48:194,Contig:114:52.4611:3p:1:15:257,Contig:114:52.4611:3p:1:17:198,Contig:114:52.4611:3p:1:34:611,Contig:172:117.978:5p:1:9:177,Contig:90:73.8148:5p:1:4:554	4	-0.008577287040667764	5.9745533900000005	0.6119252006650744	GP_6	Contig:3:557.506:Circ:5212	4	0.0	0.4999738	15.19049658941176	0	0	0	0		1	False	0
efae-SAMN36766198	GP_3	Contig:100:199.848:1010,Contig:160:28.5229:4113,Contig:172:117.978:516,Contig:188:23.7944:1006,Contig:18:50.3446:7379,Contig:198:26.4293:1852,Contig:46:53.3597:474,Contig:90:73.8148:2331,Contig:93:23.2853:681,Contig:100:199.848:5p:1:10:450,Contig:101:24.9007:3p:1:48:194,Contig:114:52.4611:3p:1:15:257,Contig:114:52.4611:3p:1:17:198,Contig:114:52.4611:3p:1:34:611,Contig:172:117.978:5p:1:9:177,Contig:90:73.8148:5p:1:4:554	4	-0.008577287040667764	5.9745533900000005	0.6119252006650744	GP_7	Contig:4:1133.74:Circ:4377	4	0.0	0.49997270000000005	34.132804831832814	0	0	0	0		1	False	0
efae-SAMN36766198	GP_3	Contig:100:199.848:1010,Contig:160:28.5229:4113,Contig:172:117.978:516,Contig:188:23.7944:1006,Contig:18:50.3446:7379,Contig:198:26.4293:1852,Contig:46:53.3597:474,Contig:90:73.8148:2331,Contig:93:23.2853:681,Contig:100:199.848:5p:1:10:450,Contig:101:24.9007:3p:1:48:194,Contig:114:52.4611:3p:1:15:257,Contig:114:52.4611:3p:1:17:198,Contig:114:52.4611:3p:1:34:611,Contig:172:117.978:5p:1:9:177,Contig:90:73.8148:5p:1:4:554	4	-0.008577287040667764	5.9745533900000005	0.6119252006650744	GP_8	Contig:5:610.665:Circ:2947	4	0.0	0.49994689999999997	16.89013068211628	0	0	0	0		1	False	0
efae-SAMN36766198	GP_3	Contig:100:199.848:1010,Contig:160:28.5229:4113,Contig:172:117.978:516,Contig:188:23.7944:1006,Contig:18:50.3446:7379,Contig:198:26.4293:1852,Contig:46:53.3597:474,Contig:90:73.8148:2331,Contig:93:23.2853:681,Contig:100:199.848:5p:1:10:450,Contig:101:24.9007:3p:1:48:194,Contig:114:52.4611:3p:1:15:257,Contig:114:52.4611:3p:1:17:198,Contig:114:52.4611:3p:1:34:611,Contig:172:117.978:5p:1:9:177,Contig:90:73.8148:5p:1:4:554	4	-0.008577287040667764	5.9745533900000005	0.6119252006650744	GP_unb_1	Contig:101:24.9007:3p:1:11:178	4	0.0	0.34045552999999995	3.33844708573447	4	-0.02932453760878012	15.870667445000004	0.5220843004663038	Contig:116:27.1631:28646,Contig:119:46.5405:3664,Contig:126:38.8227:588,Contig:134:160.224:1560,Contig:135:49.4223:982,Contig:141:30.8579:20838,Contig:143:30.4444:3756,Contig:156:133.506:1466,Contig:171:42.7031:1812,Contig:175:365.441:2275,Contig:17:27.4147:3981,Contig:180:30.2056:15810,Contig:181:301.047:556,Contig:185:68.6101:5498,Contig:193:32.7062:1363,Contig:202:152.598:1493,Contig:210:29.1518:4157,Contig:220:28.104:5029,Contig:227:27.0759:3363,Contig:232:24.3291:84483,Contig:24:28.8849:7536,Contig:30:25.8188:954,Contig:35:50.8783:1919,Contig:54:295.909:853,Contig:66:69.6149:1190,Contig:81:858.248:1505,Contig:87:240.223:533,Contig:88:39.8911:3839,Contig:94:24.6327:9567,Contig:97:27.5744:34153,Contig:101:24.9007:3p:1:13:267,Contig:101:24.9007:3p:1:60:231,Contig:10:25.2394:3p:1:11:249,Contig:10:25.2394:3p:1:23:375,Contig:10:25.2394:3p:1:29:248,Contig:116:27.1631:3p:1:8:860,Contig:116:27.1631:5p:1:17:102,Contig:116:27.1631:5p:1:25:102,Contig:116:27.1631:5p:1:29:100,Contig:128:24.4415:5p:1:9:704,Contig:128:24.4415:5p:1:18:144,Contig:128:24.4415:5p:1:22:242,Contig:128:24.4415:5p:1:29:803,Contig:135:49.4223:3p:1:5:193,Contig:135:49.4223:3p:1:17:130,Contig:135:49.4223:3p:1:22:443,Contig:135:49.4223:3p:1:23:146,Contig:135:49.4223:3p:1:26:124,Contig:135:49.4223:3p:1:27:124,Contig:18:50.3446:3p:1:5:241,Contig:18:50.3446:3p:1:6:494,Contig:18:50.3446:3p:1:7:493	0	False	0
efae-SAMN36766198	GP_3	Contig:100:199.848:1010,Contig:160:28.5229:4113,Contig:172:117.978:516,Contig:188:23.7944:1006,Contig:18:50.3446:7379,Contig:198:26.4293:1852,Contig:46:53.3597:474,Contig:90:73.8148:2331,Contig:93:23.2853:681,Contig:100:199.848:5p:1:10:450,Contig:101:24.9007:3p:1:48:194,Contig:114:52.4611:3p:1:15:257,Contig:114:52.4611:3p:1:17:198,Contig:114:52.4611:3p:1:34:611,Contig:172:117.978:5p:1:9:177,Contig:90:73.8148:5p:1:4:554	4	-0.008577287040667764	5.9745533900000005	0.6119252006650744	GP_unb_2	Contig:101:24.9007:3p:1:16:391	4	0.0	0.012934099999999948	1.4676421258196906	4	-0.02932453760878012	15.169034615000001	0.5220843004663038	Contig:116:27.1631:28646,Contig:119:46.5405:3664,Contig:126:38.8227:588,Contig:134:160.224:1560,Contig:135:49.4223:982,Contig:141:30.8579:20838,Contig:143:30.4444:3756,Contig:156:133.506:1466,Contig:175:365.441:2275,Contig:17:27.4147:3981,Contig:180:30.2056:15810,Contig:181:301.047:556,Contig:185:68.6101:5498,Contig:193:32.7062:1363,Contig:202:152.598:1493,Contig:210:29.1518:4157,Contig:220:28.104:5029,Contig:227:27.0759:3363,Contig:232:24.3291:84483,Contig:24:28.8849:7536,Contig:30:25.8188:954,Contig:35:50.8783:1919,Contig:54:295.909:853,Contig:66:69.6149:1190,Contig:81:858.248:1505,Contig:87:240.223:533,Contig:88:39.8911:3839,Contig:94:24.6327:9567,Contig:97:27.5744:34153,Contig:101:24.9007:3p:1:13:267,Contig:101:24.9007:3p:1:60:231,Contig:10:25.2394:3p:1:11:249,Contig:10:25.2394:3p:1:23:375,Contig:10:25.2394:3p:1:29:248,Contig:116:27.1631:3p:1:8:860,Contig:116:27.1631:5p:1:17:102,Contig:116:27.1631:5p:1:25:102,Contig:116:27.1631:5p:1:29:100,Contig:128:24.4415:5p:1:9:704,Contig:128:24.4415:5p:1:18:144,Contig:128:24.4415:5p:1:22:242,Contig:128:24.4415:5p:1:29:803,Contig:135:49.4223:3p:1:5:193,Contig:135:49.4223:3p:1:17:130,Contig:135:49.4223:3p:1:22:443,Contig:135:49.4223:3p:1:23:146,Contig:135:49.4223:3p:1:26:124,Contig:135:49.4223:3p:1:27:124,Contig:18:50.3446:3p:1:5:241,Contig:18:50.3446:3p:1:6:494,Contig:18:50.3446:3p:1:7:493	0	False	0
efae-SAMN36766198	GP_3	Contig:100:199.848:1010,Contig:160:28.5229:4113,Contig:172:117.978:516,Contig:188:23.7944:1006,Contig:18:50.3446:7379,Contig:198:26.4293:1852,Contig:46:53.3597:474,Contig:90:73.8148:2331,Contig:93:23.2853:681,Contig:100:199.848:5p:1:10:450,Contig:101:24.9007:3p:1:48:194,Contig:114:52.4611:3p:1:15:257,Contig:114:52.4611:3p:1:17:198,Contig:114:52.4611:3p:1:34:611,Contig:172:117.978:5p:1:9:177,Contig:90:73.8148:5p:1:4:554	4	-0.008577287040667764	5.9745533900000005	0.6119252006650744	GP_unb_3	Contig:101:24.9007:3p:1:46:216	3	0.0	0.28410230000000003	1.0129769999067546	4	-0.015012154911921316	6.25865569	0.6119252006647002		0	False	0
efae-SAMN36766198	GP_3	Contig:100:199.848:1010,Contig:160:28.5229:4113,Contig:172:117.978:516,Contig:188:23.7944:1006,Contig:18:50.3446:7379,Contig:198:26.4293:1852,Contig:46:53.3597:474,Contig:90:73.8148:2331,Contig:93:23.2853:681,Contig:100:199.848:5p:1:10:450,Contig:101:24.9007:3p:1:48:194,Contig:114:52.4611:3p:1:15:257,Contig:114:52.4611:3p:1:17:198,Contig:114:52.4611:3p:1:34:611,Contig:172:117.978:5p:1:9:177,Contig:90:73.8148:5p:1:4:554	4	-0.008577287040667764	5.9745533900000005	0.6119252006650744	GP_unb_4	Contig:101:24.9007:3p:1:59:140	3	0.0	0.2575541	4.999813610278018	4	-0.027811557552200883	14.702014574000005	0.6119252006701572	Contig:116:27.1631:28646,Contig:119:46.5405:3664,Contig:126:38.8227:588,Contig:134:160.224:1560,Contig:135:49.4223:982,Contig:141:30.8579:20838,Contig:143:30.4444:3756,Contig:156:133.506:1466,Contig:171:42.7031:1812,Contig:175:365.441:2275,Contig:17:27.4147:3981,Contig:180:30.2056:15810,Contig:181:301.047:556,Contig:185:68.6101:5498,Contig:193:32.7062:1363,Contig:202:152.598:1493,Contig:210:29.1518:4157,Contig:227:27.0759:3363,Contig:232:24.3291:84483,Contig:24:28.8849:7536,Contig:35:50.8783:1919,Contig:54:295.909:853,Contig:66:69.6149:1190,Contig:70:23.3204:10101,Contig:81:858.248:1505,Contig:87:240.223:533,Contig:88:39.8911:3839,Contig:94:24.6327:9567,Contig:97:27.5744:34153,Contig:101:24.9007:3p:1:13:267,Contig:101:24.9007:3p:1:43:923,Contig:101:24.9007:3p:1:60:231,Contig:10:25.2394:3p:1:23:375,Contig:10:25.2394:3p:1:29:248,Contig:116:27.1631:3p:1:8:860,Contig:116:27.1631:5p:1:17:102,Contig:116:27.1631:5p:1:25:102,Contig:116:27.1631:5p:1:29:100,Contig:128:24.4415:5p:1:18:144,Contig:128:24.4415:5p:1:22:242,Contig:128:24.4415:5p:1:29:803,Contig:135:49.4223:3p:1:5:193,Contig:135:49.4223:3p:1:17:130,Contig:135:49.4223:3p:1:22:443,Contig:135:49.4223:3p:1:23:146,Contig:135:49.4223:3p:1:26:124,Contig:135:49.4223:3p:1:27:124,Contig:18:50.3446:3p:1:5:241,Contig:18:50.3446:3p:1:6:494,Contig:18:50.3446:3p:1:7:493	0	False	0
efae-SAMN36766198	GP_3	Contig:100:199.848:1010,Contig:160:28.5229:4113,Contig:172:117.978:516,Contig:188:23.7944:1006,Contig:18:50.3446:7379,Contig:198:26.4293:1852,Contig:46:53.3597:474,Contig:90:73.8148:2331,Contig:93:23.2853:681,Contig:100:199.848:5p:1:10:450,Contig:101:24.9007:3p:1:48:194,Contig:114:52.4611:3p:1:15:257,Contig:114:52.4611:3p:1:17:198,Contig:114:52.4611:3p:1:34:611,Contig:172:117.978:5p:1:9:177,Contig:90:73.8148:5p:1:4:554	4	-0.008577287040667764	5.9745533900000005	0.6119252006650744	GP_unb_5	Contig:10:25.2394:3p:1:5:249	4	0.0	0.2406254	8.145972180700792	4	-0.023808239263142517	14.717733394000005	0.6119252006647002	Contig:116:27.1631:28646,Contig:119:46.5405:3664,Contig:126:38.8227:588,Contig:134:160.224:1560,Contig:135:49.4223:982,Contig:141:30.8579:20838,Contig:143:30.4444:3756,Contig:156:133.506:1466,Contig:171:42.7031:1812,Contig:175:365.441:2275,Contig:17:27.4147:3981,Contig:180:30.2056:15810,Contig:181:301.047:556,Contig:185:68.6101:5498,Contig:193:32.7062:1363,Contig:202:152.598:1493,Contig:210:29.1518:4157,Contig:227:27.0759:3363,Contig:232:24.3291:84483,Contig:24:28.8849:7536,Contig:35:50.8783:1919,Contig:54:295.909:853,Contig:66:69.6149:1190,Contig:70:23.3204:10101,Contig:81:858.248:1505,Contig:87:240.223:533,Contig:88:39.8911:3839,Contig:94:24.6327:9567,Contig:97:27.5744:34153,Contig:101:24.9007:3p:1:13:267,Contig:101:24.9007:3p:1:60:231,Contig:10:25.2394:3p:1:23:375,Contig:10:25.2394:3p:1:29:248,Contig:116:27.1631:3p:1:8:860,Contig:116:27.1631:5p:1:17:102,Contig:116:27.1631:5p:1:25:102,Contig:116:27.1631:5p:1:29:100,Contig:128:24.4415:5p:1:18:144,Contig:128:24.4415:5p:1:22:242,Contig:128:24.4415:5p:1:29:803,Contig:135:49.4223:3p:1:5:193,Contig:135:49.4223:3p:1:17:130,Contig:135:49.4223:3p:1:22:443,Contig:135:49.4223:3p:1:23:146,Contig:135:49.4223:3p:1:26:124,Contig:135:49.4223:3p:1:27:124,Contig:18:50.3446:3p:1:5:241,Contig:18:50.3446:3p:1:6:494,Contig:18:50.3446:3p:1:7:493	0	False	0
efae-SAMN36766198	GP_3	Contig:100:199.848:1010,Contig:160:28.5229:4113,Contig:172:117.978:516,Contig:188:23.7944:1006,Contig:18:50.3446:7379,Contig:198:26.4293:1852,Contig:46:53.3597:474,Contig:90:73.8148:2331,Contig:93:23.2853:681,Contig:100:199.848:5p:1:10:450,Contig:101:24.9007:3p:1:48:194,Contig:114:52.4611:3p:1:15:257,Contig:114:52.4611:3p:1:17:198,Contig:114:52.4611:3p:1:34:611,Contig:172:117.978:5p:1:9:177,Contig:90:73.8148:5p:1:4:554	4	-0.008577287040667764	5.9745533900000005	0.6119252006650744	GP_unb_6	Contig:10:25.2394:3p:1:21:249	4	0.0	0.25837940000000004	8.145972180700792	4	-0.06073266685499218	15.301106305000003	0.5220843004663038	Contig:116:27.1631:28646,Contig:119:46.5405:3664,Contig:126:38.8227:588,Contig:134:160.224:1560,Contig:135:49.4223:982,Contig:141:30.8579:20838,Contig:143:30.4444:3756,Contig:156:133.506:1466,Contig:167:27.633:5342,Contig:171:42.7031:1812,Contig:175:365.441:2275,Contig:17:27.4147:3981,Contig:180:30.2056:15810,Contig:181:301.047:556,Contig:185:68.6101:5498,Contig:193:32.7062:1363,Contig:202:152.598:1493,Contig:207:284.019:1236,Contig:220:28.104:5029,Contig:223:21.1304:1192,Contig:227:27.0759:3363,Contig:232:24.3291:84483,Contig:24:28.8849:7536,Contig:30:25.8188:954,Contig:54:295.909:853,Contig:66:69.6149:1190,Contig:87:240.223:533,Contig:88:39.8911:3839,Contig:94:24.6327:9567,Contig:97:27.5744:34153,Contig:101:24.9007:3p:1:13:267,Contig:101:24.9007:3p:1:60:231,Contig:10:25.2394:3p:1:11:249,Contig:10:25.2394:3p:1:17:375,Contig:10:25.2394:3p:1:23:375,Contig:10:25.2394:3p:1:29:248,Contig:116:27.1631:3p:1:8:860,Contig:116:27.1631:5p:1:17:102,Contig:116:27.1631:5p:1:25:102,Contig:116:27.1631:5p:1:29:100,Contig:128:24.4415:5p:1:9:704,Contig:128:24.4415:5p:1:29:803,Contig:135:49.4223:3p:1:5:193,Contig:135:49.4223:3p:1:17:130,Contig:135:49.4223:3p:1:22:443,Contig:135:49.4223:3p:1:23:146,Contig:135:49.4223:3p:1:26:124,Contig:135:49.4223:3p:1:27:124,Contig:18:50.3446:3p:1:5:241,Contig:18:50.3446:3p:1:6:494,Contig:18:50.3446:3p:1:7:493	0	False	0
efae-SAMN36766198	GP_3	Contig:100:199.848:1010,Contig:160:28.5229:4113,Contig:172:117.978:516,Contig:188:23.7944:1006,Contig:18:50.3446:7379,Contig:198:26.4293:1852,Contig:46:53.3597:474,Contig:90:73.8148:2331,Contig:93:23.2853:681,Contig:100:199.848:5p:1:10:450,Contig:101:24.9007:3p:1:48:194,Contig:114:52.4611:3p:1:15:257,Contig:114:52.4611:3p:1:17:198,Contig:114:52.4611:3p:1:34:611,Contig:172:117.978:5p:1:9:177,Contig:90:73.8148:5p:1:4:554	4	-0.008577287040667764	5.9745533900000005	0.6119252006650744	GP_unb_7	Contig:10:25.2394:3p:1:28:248	4	0.0	0.25746256	8.16017778513324	4	-0.06073266685499218	15.300189465000003	0.5220843004663038	Contig:116:27.1631:28646,Contig:119:46.5405:3664,Contig:126:38.8227:588,Contig:134:160.224:1560,Contig:135:49.4223:982,Contig:141:30.8579:20838,Contig:143:30.4444:3756,Contig:156:133.506:1466,Contig:167:27.633:5342,Contig:171:42.7031:1812,Contig:175:365.441:2275,Contig:17:27.4147:3981,Contig:180:30.2056:15810,Contig:181:301.047:556,Contig:185:68.6101:5498,Contig:193:32.7062:1363,Contig:202:152.598:1493,Contig:207:284.019:1236,Contig:220:28.104:5029,Contig:223:21.1304:1192,Contig:227:27.0759:3363,Contig:232:24.3291:84483,Contig:24:28.8849:7536,Contig:30:25.8188:954,Contig:54:295.909:853,Contig:66:69.6149:1190,Contig:87:240.223:533,Contig:88:39.8911:3839,Contig:94:24.6327:9567,Contig:97:27.5744:34153,Contig:101:24.9007:3p:1:13:267,Contig:101:24.9007:3p:1:60:231,Contig:10:25.2394:3p:1:11:249,Contig:10:25.2394:3p:1:17:375,Contig:10:25.2394:3p:1:23:375,Contig:10:25.2394:3p:1:29:248,Contig:116:27.1631:3p:1:8:860,Contig:116:27.1631:5p:1:17:102,Contig:116:27.1631:5p:1:25:102,Contig:116:27.1631:5p:1:29:100,Contig:128:24.4415:5p:1:9:704,Contig:128:24.4415:5p:1:29:803,Contig:135:49.4223:3p:1:5:193,Contig:135:49.4223:3p:1:17:130,Contig:135:49.4223:3p:1:22:443,Contig:135:49.4223:3p:1:23:146,Contig:135:49.4223:3p:1:26:124,Contig:135:49.4223:3p:1:27:124,Contig:18:50.3446:3p:1:5:241,Contig:18:50.3446:3p:1:6:494,Contig:18:50.3446:3p:1:7:493	0	False	0
efae-SAMN36766198	GP_3	Contig:100:199.848:1010,Contig:160:28.5229:4113,Contig:172:117.978:516,Contig:188:23.7944:1006,Contig:18:50.3446:7379,Contig:198:26.4293:1852,Contig:46:53.3597:474,Contig:90:73.8148:2331,Contig:93:23.2853:681,Contig:100:199.848:5p:1:10:450,Contig:101:24.9007:3p:1:48:194,Contig:114:52.4611:3p:1:15:257,Contig:114:52.4611:3p:1:17:198,Contig:114:52.4611:3p:1:34:611,Contig:172:117.978:5p:1:9:177,Contig:90:73.8148:5p:1:4:554	4	-0.008577287040667764	5.9745533900000005	0.6119252006650744	GP_unb_8	Contig:114:52.4611:3p:1:16:257	4	0.0	0.4742925	19.31938898942107	4	-0.02932453760878012	16.420977654000005	0.5220843004663038	Contig:116:27.1631:28646,Contig:119:46.5405:3664,Contig:121:24.1882:3607,Contig:126:38.8227:588,Contig:134:160.224:1560,Contig:135:49.4223:982,Contig:141:30.8579:20838,Contig:143:30.4444:3756,Contig:156:133.506:1466,Contig:171:42.7031:1812,Contig:175:365.441:2275,Contig:178:77.3071:1930,Contig:17:27.4147:3981,Contig:180:30.2056:15810,Contig:181:301.047:556,Contig:185:68.6101:5498,Contig:193:32.7062:1363,Contig:199:22.4047:7574,Contig:202:152.598:1493,Contig:208:75.043:1223,Contig:210:29.1518:4157,Contig:220:28.104:5029,Contig:227:27.0759:3363,Contig:232:24.3291:84483,Contig:24:28.8849:7536,Contig:30:25.8188:954,Contig:43:103.389:5374,Contig:54:295.909:853,Contig:66:69.6149:1190,Contig:70:23.3204:10101,Contig:81:858.248:1505,Contig:87:240.223:533,Contig:88:39.8911:3839,Contig:94:24.6327:9567,Contig:97:27.5744:34153,Contig:101:24.9007:3p:1:13:267,Contig:101:24.9007:3p:1:60:231,Contig:10:25.2394:3p:1:11:249,Contig:10:25.2394:3p:1:23:375,Contig:10:25.2394:3p:1:29:248,Contig:116:27.1631:3p:1:8:860,Contig:116:27.1631:5p:1:17:102,Contig:116:27.1631:5p:1:25:102,Contig:116:27.1631:5p:1:29:100,Contig:128:24.4415:5p:1:9:704,Contig:128:24.4415:5p:1:18:144,Contig:128:24.4415:5p:1:22:242,Contig:128:24.4415:5p:1:29:803,Contig:135:49.4223:3p:1:5:193,Contig:135:49.4223:3p:1:17:130,Contig:135:49.4223:3p:1:22:443,Contig:135:49.4223:3p:1:23:146,Contig:135:49.4223:3p:1:26:124,Contig:135:49.4223:3p:1:27:124,Contig:18:50.3446:3p:1:5:241,Contig:18:50.3446:3p:1:6:494,Contig:18:50.3446:3p:1:7:493	0	False	0
efae-SAMN36766198	GP_3	Contig:100:199.848:1010,Contig:160:28.5229:4113,Contig:172:117.978:516,Contig:188:23.7944:1006,Contig:18:50.3446:7379,Contig:198:26.4293:1852,Contig:46:53.3597:474,Contig:90:73.8148:2331,Contig:93:23.2853:681,Contig:100:199.848:5p:1:10:450,Contig:101:24.9007:3p:1:48:194,Contig:114:52.4611:3p:1:15:257,Contig:114:52.4611:3p:1:17:198,Contig:114:52.4611:3p:1:34:611,Contig:172:117.978:5p:1:9:177,Contig:90:73.8148:5p:1:4:554	4	-0.008577287040667764	5.9745533900000005	0.6119252006650744	GP_unb_9	Contig:130:27.6191:3p:1:10:502	4	0.0	0.24299574000000002	2.775089481067581	4	-0.02932453760878012	15.766490644000005	0.522084300466304	Contig:116:27.1631:28646,Contig:119:46.5405:3664,Contig:121:24.1882:3607,Contig:126:38.8227:588,Contig:134:160.224:1560,Contig:135:49.4223:982,Contig:141:30.8579:20838,Contig:143:30.4444:3756,Contig:156:133.506:1466,Contig:166:27.085:3884,Contig:171:42.7031:1812,Contig:175:365.441:2275,Contig:178:77.3071:1930,Contig:17:27.4147:3981,Contig:180:30.2056:15810,Contig:181:301.047:556,Contig:185:68.6101:5498,Contig:199:22.4047:7574,Contig:202:152.598:1493,Contig:208:75.043:1223,Contig:210:29.1518:4157,Contig:220:28.104:5029,Contig:227:27.0759:3363,Contig:232:24.3291:84483,Contig:24:28.8849:7536,Contig:30:25.8188:954,Contig:43:103.389:5374,Contig:54:295.909:853,Contig:70:23.3204:10101,Contig:81:858.248:1505,Contig:87:240.223:533,Contig:88:39.8911:3839,Contig:94:24.6327:9567,Contig:97:27.5744:34153,Contig:101:24.9007:3p:1:13:267,Contig:101:24.9007:3p:1:60:231,Contig:10:25.2394:3p:1:11:249,Contig:10:25.2394:3p:1:23:375,Contig:10:25.2394:3p:1:29:248,Contig:116:27.1631:3p:1:8:860,Contig:116:27.1631:5p:1:17:102,Contig:116:27.1631:5p:1:25:102,Contig:116:27.1631:5p:1:29:100,Contig:128:24.4415:5p:1:9:704,Contig:128:24.4415:5p:1:18:144,Contig:128:24.4415:5p:1:22:242,Contig:128:24.4415:5p:1:29:803,Contig:135:49.4223:3p:1:5:193,Contig:135:49.4223:3p:1:17:130,Contig:135:49.4223:3p:1:22:443,Contig:135:49.4223:3p:1:23:146,Contig:135:49.4223:3p:1:26:124,Contig:135:49.4223:3p:1:27:124,Contig:18:50.3446:3p:1:5:241,Contig:18:50.3446:3p:1:6:494,Contig:18:50.3446:3p:1:7:493	0	False	0
efae-SAMN36766198	GP_3	Contig:100:199.848:1010,Contig:160:28.5229:4113,Contig:172:117.978:516,Contig:188:23.7944:1006,Contig:18:50.3446:7379,Contig:198:26.4293:1852,Contig:46:53.3597:474,Contig:90:73.8148:2331,Contig:93:23.2853:681,Contig:100:199.848:5p:1:10:450,Contig:101:24.9007:3p:1:48:194,Contig:114:52.4611:3p:1:15:257,Contig:114:52.4611:3p:1:17:198,Contig:114:52.4611:3p:1:34:611,Contig:172:117.978:5p:1:9:177,Contig:90:73.8148:5p:1:4:554	4	-0.008577287040667764	5.9745533900000005	0.6119252006650744	GP_unb_10	Contig:215:27.9455:3p:1:10:124	4	0.0	0.25396514000000003	0.8776648524847006	4	-0.028401078243929234	15.716791370000003	0.5220843004663038	Contig:116:27.1631:28646,Contig:121:24.1882:3607,Contig:126:38.8227:588,Contig:134:160.224:1560,Contig:135:49.4223:982,Contig:141:30.8579:20838,Contig:143:30.4444:3756,Contig:156:133.506:1466,Contig:171:42.7031:1812,Contig:175:365.441:2275,Contig:178:77.3071:1930,Contig:17:27.4147:3981,Contig:180:30.2056:15810,Contig:181:301.047:556,Contig:185:68.6101:5498,Contig:199:22.4047:7574,Contig:208:75.043:1223,Contig:210:29.1518:4157,Contig:215:27.9455:3419,Contig:220:28.104:5029,Contig:227:27.0759:3363,Contig:24:28.8849:7536,Contig:30:25.8188:954,Contig:43:103.389:5374,Contig:54:295.909:853,Contig:81:858.248:1505,Contig:87:240.223:533,Contig:94:24.6327:9567,Contig:97:27.5744:34153,Contig:101:24.9007:3p:1:13:267,Contig:101:24.9007:3p:1:60:231,Contig:10:25.2394:3p:1:11:249,Contig:10:25.2394:3p:1:23:375,Contig:10:25.2394:3p:1:29:248,Contig:116:27.1631:3p:1:8:860,Contig:116:27.1631:5p:1:17:102,Contig:116:27.1631:5p:1:25:102,Contig:116:27.1631:5p:1:29:100,Contig:128:24.4415:5p:1:9:704,Contig:128:24.4415:5p:1:18:144,Contig:128:24.4415:5p:1:22:242,Contig:128:24.4415:5p:1:29:803,Contig:135:49.4223:3p:1:5:193,Contig:135:49.4223:3p:1:17:130,Contig:135:49.4223:3p:1:22:443,Contig:135:49.4223:3p:1:23:146,Contig:135:49.4223:3p:1:26:124,Contig:135:49.4223:3p:1:27:124,Contig:215:27.9455:3p:1:3:113,Contig:215:27.9455:3p:1:7:125,Contig:215:27.9455:3p:1:12:127	0	False	0
efae-SAMN36766198	GP_3	Contig:100:199.848:1010,Contig:160:28.5229:4113,Contig:172:117.978:516,Contig:188:23.7944:1006,Contig:18:50.3446:7379,Contig:198:26.4293:1852,Contig:46:53.3597:474,Contig:90:73.8148:2331,Contig:93:23.2853:681,Contig:100:199.848:5p:1:10:450,Contig:101:24.9007:3p:1:48:194,Contig:114:52.4611:3p:1:15:257,Contig:114:52.4611:3p:1:17:198,Contig:114:52.4611:3p:1:34:611,Contig:172:117.978:5p:1:9:177,Contig:90:73.8148:5p:1:4:554	4	-0.008577287040667764	5.9745533900000005	0.6119252006650744	GP_unb_11	Contig:95:46.1806:5p:1:3:155	2	0.0	0.011536400000000002	0.9467025575227276	4	-0.05320519121361317	13.769421152000001	0.5220843004663038	Contig:116:27.1631:28646,Contig:119:46.5405:3664,Contig:126:38.8227:588,Contig:132:27.4497:24272,Contig:134:160.224:1560,Contig:135:49.4223:982,Contig:141:30.8579:20838,Contig:142:196.976:1416,Contig:143:30.4444:3756,Contig:156:133.506:1466,Contig:162:63.0046:1776,Contig:167:27.633:5342,Contig:175:365.441:2275,Contig:17:27.4147:3981,Contig:180:30.2056:15810,Contig:181:301.047:556,Contig:185:68.6101:5498,Contig:193:32.7062:1363,Contig:202:152.598:1493,Contig:207:284.019:1236,Contig:210:29.1518:4157,Contig:220:28.104:5029,Contig:232:24.3291:84483,Contig:24:28.8849:7536,Contig:30:25.8188:954,Contig:35:50.8783:1919,Contig:54:295.909:853,Contig:66:69.6149:1190,Contig:81:858.248:1505,Contig:87:240.223:533,Contig:88:39.8911:3839,Contig:94:24.6327:9567,Contig:97:27.5744:34153,Contig:101:24.9007:3p:1:60:231,Contig:10:25.2394:3p:1:11:249,Contig:10:25.2394:3p:1:23:375,Contig:10:25.2394:3p:1:29:248,Contig:116:27.1631:3p:1:8:860,Contig:116:27.1631:5p:1:17:102,Contig:116:27.1631:5p:1:25:102,Contig:116:27.1631:5p:1:29:100,Contig:128:24.4415:5p:1:9:704,Contig:128:24.4415:5p:1:18:144,Contig:128:24.4415:5p:1:22:242,Contig:128:24.4415:5p:1:29:803,Contig:135:49.4223:3p:1:5:193,Contig:135:49.4223:3p:1:17:130,Contig:135:49.4223:3p:1:22:443,Contig:135:49.4223:3p:1:23:146,Contig:135:49.4223:3p:1:26:124,Contig:135:49.4223:3p:1:27:124,Contig:18:50.3446:3p:1:5:241,Contig:18:50.3446:3p:1:6:494,Contig:18:50.3446:3p:1:7:493	0	False	0
efae-SAMN36766198	GP_3	Contig:100:199.848:1010,Contig:160:28.5229:4113,Contig:172:117.978:516,Contig:188:23.7944:1006,Contig:18:50.3446:7379,Contig:198:26.4293:1852,Contig:46:53.3597:474,Contig:90:73.8148:2331,Contig:93:23.2853:681,Contig:100:199.848:5p:1:10:450,Contig:101:24.9007:3p:1:48:194,Contig:114:52.4611:3p:1:15:257,Contig:114:52.4611:3p:1:17:198,Contig:114:52.4611:3p:1:34:611,Contig:172:117.978:5p:1:9:177,Contig:90:73.8148:5p:1:4:554	4	-0.008577287040667764	5.9745533900000005	0.6119252006650744	GP_unb_12	Contig:95:46.1806:5p:1:4:154	2	0.0	0.008517600000000014	0.9655640609239318	4	-0.05586739462384063	13.766402352	0.5220843004663038	Contig:116:27.1631:28646,Contig:119:46.5405:3664,Contig:126:38.8227:588,Contig:132:27.4497:24272,Contig:134:160.224:1560,Contig:135:49.4223:982,Contig:141:30.8579:20838,Contig:142:196.976:1416,Contig:143:30.4444:3756,Contig:156:133.506:1466,Contig:162:63.0046:1776,Contig:167:27.633:5342,Contig:175:365.441:2275,Contig:17:27.4147:3981,Contig:180:30.2056:15810,Contig:181:301.047:556,Contig:185:68.6101:5498,Contig:193:32.7062:1363,Contig:202:152.598:1493,Contig:207:284.019:1236,Contig:210:29.1518:4157,Contig:220:28.104:5029,Contig:232:24.3291:84483,Contig:24:28.8849:7536,Contig:30:25.8188:954,Contig:35:50.8783:1919,Contig:54:295.909:853,Contig:66:69.6149:1190,Contig:81:858.248:1505,Contig:87:240.223:533,Contig:88:39.8911:3839,Contig:94:24.6327:9567,Contig:97:27.5744:34153,Contig:101:24.9007:3p:1:60:231,Contig:10:25.2394:3p:1:11:249,Contig:10:25.2394:3p:1:23:375,Contig:10:25.2394:3p:1:29:248,Contig:116:27.1631:3p:1:8:860,Contig:116:27.1631:5p:1:17:102,Contig:116:27.1631:5p:1:25:102,Contig:116:27.1631:5p:1:29:100,Contig:128:24.4415:5p:1:9:704,Contig:128:24.4415:5p:1:18:144,Contig:128:24.4415:5p:1:22:242,Contig:128:24.4415:5p:1:29:803,Contig:135:49.4223:3p:1:5:193,Contig:135:49.4223:3p:1:17:130,Contig:135:49.4223:3p:1:22:443,Contig:135:49.4223:3p:1:23:146,Contig:135:49.4223:3p:1:26:124,Contig:135:49.4223:3p:1:27:124,Contig:18:50.3446:3p:1:5:241,Contig:18:50.3446:3p:1:6:494,Contig:18:50.3446:3p:1:7:493	0	False	0
efae-SAMN36766198	GP_0	Contig:113:26.2622:2355,Contig:203:31.5652:2408,Contig:209:28.6817:4294,Contig:211:26.8481:10981,Contig:35:50.8783:1919,Contig:54:295.909:853,Contig:81:858.248:1505,Contig:114:52.4611:3p:1:34:611,Contig:172:117.978:5p:1:7:226,Contig:215:27.9455:3p:1:3:113	4	-0.027038855179620652	2.43322757	0.7962822834132146	GP_5	Contig:134:160.224:1560,Contig:30:25.8188:954,Contig:41:30.2178:3220,Contig:54:295.909:853,Contig:74:147.505:1237,Contig:81:858.248:1505,Contig:10:25.2394:3p:1:11:249,Contig:128:24.4415:5p:1:9:704	4	-0.005516298345637605	2.17746455	2.678542759134821	4	-0.05012470580043574	20.963166560999998	0.06992548970629286	Contig:100:199.848:1010,Contig:103:80.1581:8374,Contig:112:24.9484:3237,Contig:116:27.1631:28646,Contig:118:25.441:28638,Contig:119:46.5405:3664,Contig:121:24.1882:3607,Contig:126:38.8227:588,Contig:132:27.4497:24272,Contig:135:49.4223:982,Contig:137:41.0658:11862,Contig:141:30.8579:20838,Contig:142:196.976:1416,Contig:147:43.2871:1852,Contig:171:42.7031:1812,Contig:172:117.978:516,Contig:175:365.441:2275,Contig:178:77.3071:1930,Contig:180:30.2056:15810,Contig:181:301.047:556,Contig:182:24.1469:28605,Contig:185:68.6101:5498,Contig:188:23.7944:1006,Contig:18:50.3446:7379,Contig:193:32.7062:1363,Contig:210:29.1518:4157,Contig:227:27.0759:3363,Contig:24:28.8849:7536,Contig:33:23.7423:6286,Contig:40:27.2622:2156,Contig:43:103.389:5374,Contig:46:53.3597:474,Contig:68:53.9197:4947,Contig:7:161.077:657,Contig:88:39.8911:3839,Contig:90:73.8148:2331,Contig:97:27.5744:34153,Contig:98:44.1195:1579,Contig:99:90.8515:10485,Contig:100:199.848:5p:1:10:450,Contig:100:199.848:5p:1:15:1106,Contig:100:199.848:5p:1:16:274,Contig:101:24.9007:3p:1:13:267,Contig:101:24.9007:3p:1:48:194,Contig:101:24.9007:3p:1:60:231,Contig:114:52.4611:3p:1:15:257,Contig:114:52.4611:3p:1:17:198,Contig:116:27.1631:3p:1:8:860,Contig:116:27.1631:5p:1:17:102,Contig:116:27.1631:5p:1:25:102,Contig:116:27.1631:5p:1:29:100,Contig:128:24.4415:5p:1:18:144,Contig:128:24.4415:5p:1:22:242,Contig:128:24.4415:5p:1:29:803,Contig:135:49.4223:3p:1:5:193,Contig:135:49.4223:3p:1:17:130,Contig:135:49.4223:3p:1:22:443,Contig:135:49.4223:3p:1:23:146,Contig:135:49.4223:3p:1:26:124,Contig:135:49.4223:3p:1:27:124,Contig:172:117.978:5p:1:9:177,Contig:172:117.978:5p:1:10:177,Contig:18:50.3446:3p:1:5:241,Contig:18:50.3446:3p:1:6:494,Contig:18:50.3446:3p:1:7:493,Contig:7:161.077:5p:1:4:515,Contig:90:73.8148:5p:1:3:553	0	True	0
efae-SAMN36766198	GP_0	Contig:113:26.2622:2355,Contig:203:31.5652:2408,Contig:209:28.6817:4294,Contig:211:26.8481:10981,Contig:35:50.8783:1919,Contig:54:295.909:853,Contig:81:858.248:1505,Contig:114:52.4611:3p:1:34:611,Contig:172:117.978:5p:1:7:226,Contig:215:27.9455:3p:1:3:113	4	-0.027038855179620652	2.43322757	0.7962822834132146	GP_4	Contig:2:440.868:Circ:4461	4	0.0	0.49996734	11.675357387911703	0	0	0	0		1	False	0
efae-SAMN36766198	GP_0	Contig:113:26.2622:2355,Contig:203:31.5652:2408,Contig:209:28.6817:4294,Contig:211:26.8481:10981,Contig:35:50.8783:1919,Contig:54:295.909:853,Contig:81:858.248:1505,Contig:114:52.4611:3p:1:34:611,Contig:172:117.978:5p:1:7:226,Contig:215:27.9455:3p:1:3:113	4	-0.027038855179620652	2.43322757	0.7962822834132146	GP_6	Contig:3:557.506:Circ:5212	4	0.0	0.4999738	15.19049658941176	0	0	0	0		1	False	0
efae-SAMN36766198	GP_0	Contig:113:26.2622:2355,Contig:203:31.5652:2408,Contig:209:28.6817:4294,Contig:211:26.8481:10981,Contig:35:50.8783:1919,Contig:54:295.909:853,Contig:81:858.248:1505,Contig:114:52.4611:3p:1:34:611,Contig:172:117.978:5p:1:7:226,Contig:215:27.9455:3p:1:3:113	4	-0.027038855179620652	2.43322757	0.7962822834132146	GP_7	Contig:4:1133.74:Circ:4377	4	0.0	0.49997270000000005	34.132804831832814	0	0	0	0		1	False	0
efae-SAMN36766198	GP_0	Contig:113:26.2622:2355,Contig:203:31.5652:2408,Contig:209:28.6817:4294,Contig:211:26.8481:10981,Contig:35:50.8783:1919,Contig:54:295.909:853,Contig:81:858.248:1505,Contig:114:52.4611:3p:1:34:611,Contig:172:117.978:5p:1:7:226,Contig:215:27.9455:3p:1:3:113	4	-0.027038855179620652	2.43322757	0.7962822834132146	GP_8	Contig:5:610.665:Circ:2947	4	0.0	0.49994689999999997	16.89013068211628	0	0	0	0		1	False	0
efae-SAMN36766198	GP_0	Contig:113:26.2622:2355,Contig:203:31.5652:2408,Contig:209:28.6817:4294,Contig:211:26.8481:10981,Contig:35:50.8783:1919,Contig:54:295.909:853,Contig:81:858.248:1505,Contig:114:52.4611:3p:1:34:611,Contig:172:117.978:5p:1:7:226,Contig:215:27.9455:3p:1:3:113	4	-0.027038855179620652	2.43322757	0.7962822834132146	GP_unb_1	Contig:101:24.9007:3p:1:11:178	4	0.0	0.34045552999999995	3.33844708573447	4	-0.06953939234627943	20.373518739999998	0.06992548970700165	Contig:100:199.848:1010,Contig:103:80.1581:8374,Contig:116:27.1631:28646,Contig:118:25.441:28638,Contig:119:46.5405:3664,Contig:121:24.1882:3607,Contig:134:160.224:1560,Contig:135:49.4223:982,Contig:137:41.0658:11862,Contig:141:30.8579:20838,Contig:143:30.4444:3756,Contig:147:43.2871:1852,Contig:156:133.506:1466,Contig:171:42.7031:1812,Contig:172:117.978:516,Contig:175:365.441:2275,Contig:178:77.3071:1930,Contig:17:27.4147:3981,Contig:180:30.2056:15810,Contig:181:301.047:556,Contig:185:68.6101:5498,Contig:188:23.7944:1006,Contig:199:22.4047:7574,Contig:208:75.043:1223,Contig:210:29.1518:4157,Contig:214:24.7711:19716,Contig:220:28.104:5029,Contig:24:28.8849:7536,Contig:30:25.8188:954,Contig:40:27.2622:2156,Contig:43:103.389:5374,Contig:46:53.3597:474,Contig:53:144.545:1056,Contig:68:53.9197:4947,Contig:77:47.3369:2279,Contig:7:161.077:657,Contig:87:240.223:533,Contig:90:73.8148:2331,Contig:97:27.5744:34153,Contig:98:44.1195:1579,Contig:99:90.8515:10485,Contig:100:199.848:5p:1:10:450,Contig:101:24.9007:3p:1:13:267,Contig:101:24.9007:3p:1:48:194,Contig:101:24.9007:3p:1:60:231,Contig:10:25.2394:3p:1:11:249,Contig:10:25.2394:3p:1:23:375,Contig:10:25.2394:3p:1:29:248,Contig:114:52.4611:3p:1:15:257,Contig:114:52.4611:3p:1:17:198,Contig:116:27.1631:5p:1:17:102,Contig:116:27.1631:5p:1:25:102,Contig:116:27.1631:5p:1:29:100,Contig:128:24.4415:5p:1:9:704,Contig:128:24.4415:5p:1:18:144,Contig:128:24.4415:5p:1:22:242,Contig:128:24.4415:5p:1:29:803,Contig:135:49.4223:3p:1:5:193,Contig:135:49.4223:3p:1:17:130,Contig:135:49.4223:3p:1:22:443,Contig:135:49.4223:3p:1:23:146,Contig:135:49.4223:3p:1:26:124,Contig:135:49.4223:3p:1:27:124,Contig:172:117.978:5p:1:9:177,Contig:172:117.978:5p:1:10:177,Contig:18:50.3446:3p:1:5:241,Contig:18:50.3446:3p:1:6:494,Contig:18:50.3446:3p:1:7:493,Contig:7:161.077:5p:1:4:515,Contig:90:73.8148:5p:1:3:553	0	False	0
efae-SAMN36766198	GP_0	Contig:113:26.2622:2355,Contig:203:31.5652:2408,Contig:209:28.6817:4294,Contig:211:26.8481:10981,Contig:35:50.8783:1919,Contig:54:295.909:853,Contig:81:858.248:1505,Contig:114:52.4611:3p:1:34:611,Contig:172:117.978:5p:1:7:226,Contig:215:27.9455:3p:1:3:113	4	-0.027038855179620652	2.43322757	0.7962822834132146	GP_unb_2	Contig:101:24.9007:3p:1:16:391	4	0.0	0.012934099999999948	1.4676421258196906	4	-0.04778610574773301	19.87206101	0.06992548970629286	Contig:100:199.848:1010,Contig:103:80.1581:8374,Contig:116:27.1631:28646,Contig:118:25.441:28638,Contig:119:46.5405:3664,Contig:121:24.1882:3607,Contig:134:160.224:1560,Contig:135:49.4223:982,Contig:137:41.0658:11862,Contig:141:30.8579:20838,Contig:143:30.4444:3756,Contig:147:43.2871:1852,Contig:156:133.506:1466,Contig:171:42.7031:1812,Contig:172:117.978:516,Contig:175:365.441:2275,Contig:178:77.3071:1930,Contig:17:27.4147:3981,Contig:180:30.2056:15810,Contig:181:301.047:556,Contig:185:68.6101:5498,Contig:188:23.7944:1006,Contig:199:22.4047:7574,Contig:208:75.043:1223,Contig:210:29.1518:4157,Contig:214:24.7711:19716,Contig:220:28.104:5029,Contig:24:28.8849:7536,Contig:30:25.8188:954,Contig:40:27.2622:2156,Contig:43:103.389:5374,Contig:46:53.3597:474,Contig:68:53.9197:4947,Contig:77:47.3369:2279,Contig:7:161.077:657,Contig:87:240.223:533,Contig:90:73.8148:2331,Contig:97:27.5744:34153,Contig:98:44.1195:1579,Contig:99:90.8515:10485,Contig:100:199.848:5p:1:10:450,Contig:101:24.9007:3p:1:13:267,Contig:101:24.9007:3p:1:48:194,Contig:101:24.9007:3p:1:60:231,Contig:10:25.2394:3p:1:11:249,Contig:10:25.2394:3p:1:23:375,Contig:10:25.2394:3p:1:29:248,Contig:114:52.4611:3p:1:15:257,Contig:114:52.4611:3p:1:17:198,Contig:116:27.1631:5p:1:17:102,Contig:116:27.1631:5p:1:25:102,Contig:116:27.1631:5p:1:29:100,Contig:128:24.4415:5p:1:9:704,Contig:128:24.4415:5p:1:18:144,Contig:128:24.4415:5p:1:22:242,Contig:128:24.4415:5p:1:29:803,Contig:135:49.4223:3p:1:5:193,Contig:135:49.4223:3p:1:17:130,Contig:135:49.4223:3p:1:22:443,Contig:135:49.4223:3p:1:23:146,Contig:135:49.4223:3p:1:26:124,Contig:135:49.4223:3p:1:27:124,Contig:172:117.978:5p:1:9:177,Contig:172:117.978:5p:1:10:177,Contig:18:50.3446:3p:1:5:241,Contig:18:50.3446:3p:1:6:494,Contig:18:50.3446:3p:1:7:493,Contig:7:161.077:5p:1:4:515,Contig:90:73.8148:5p:1:3:553	0	False	0
efae-SAMN36766198	GP_0	Contig:113:26.2622:2355,Contig:203:31.5652:2408,Contig:209:28.6817:4294,Contig:211:26.8481:10981,Contig:35:50.8783:1919,Contig:54:295.909:853,Contig:81:858.248:1505,Contig:114:52.4611:3p:1:34:611,Contig:172:117.978:5p:1:7:226,Contig:215:27.9455:3p:1:3:113	4	-0.027038855179620652	2.43322757	0.7962822834132146	GP_unb_3	Contig:101:24.9007:3p:1:46:216	3	0.0	0.28410230000000003	1.0129769999067546	4	-0.05422097361898656	19.36593857	0.06992548970629289	Contig:100:199.848:1010,Contig:103:80.1581:8374,Contig:116:27.1631:28646,Contig:118:25.441:28638,Contig:119:46.5405:3664,Contig:121:24.1882:3607,Contig:134:160.224:1560,Contig:135:49.4223:982,Contig:141:30.8579:20838,Contig:143:30.4444:3756,Contig:156:133.506:1466,Contig:171:42.7031:1812,Contig:172:117.978:516,Contig:175:365.441:2275,Contig:178:77.3071:1930,Contig:17:27.4147:3981,Contig:180:30.2056:15810,Contig:181:301.047:556,Contig:182:24.1469:28605,Contig:185:68.6101:5498,Contig:188:23.7944:1006,Contig:210:29.1518:4157,Contig:214:24.7711:19716,Contig:220:28.104:5029,Contig:227:27.0759:3363,Contig:24:28.8849:7536,Contig:30:25.8188:954,Contig:40:27.2622:2156,Contig:43:103.389:5374,Contig:46:53.3597:474,Contig:68:53.9197:4947,Contig:7:161.077:657,Contig:87:240.223:533,Contig:90:73.8148:2331,Contig:97:27.5744:34153,Contig:98:44.1195:1579,Contig:99:90.8515:10485,Contig:100:199.848:5p:1:10:450,Contig:101:24.9007:3p:1:13:267,Contig:101:24.9007:3p:1:48:194,Contig:101:24.9007:3p:1:60:231,Contig:10:25.2394:3p:1:11:249,Contig:10:25.2394:3p:1:23:375,Contig:10:25.2394:3p:1:29:248,Contig:114:52.4611:3p:1:15:257,Contig:114:52.4611:3p:1:17:198,Contig:116:27.1631:5p:1:17:102,Contig:116:27.1631:5p:1:25:102,Contig:116:27.1631:5p:1:29:100,Contig:128:24.4415:5p:1:9:704,Contig:128:24.4415:5p:1:18:144,Contig:128:24.4415:5p:1:22:242,Contig:128:24.4415:5p:1:29:803,Contig:135:49.4223:3p:1:5:193,Contig:135:49.4223:3p:1:17:130,Contig:135:49.4223:3p:1:22:443,Contig:135:49.4223:3p:1:23:146,Contig:135:49.4223:3p:1:26:124,Contig:135:49.4223:3p:1:27:124,Contig:172:117.978:5p:1:9:177,Contig:172:117.978:5p:1:10:177,Contig:18:50.3446:3p:1:5:241,Contig:18:50.3446:3p:1:6:494,Contig:18:50.3446:3p:1:7:493,Contig:7:161.077:5p:1:4:515,Contig:90:73.8148:5p:1:3:553	0	False	0
efae-SAMN36766198	GP_0	Contig:113:26.2622:2355,Contig:203:31.5652:2408,Contig:209:28.6817:4294,Contig:211:26.8481:10981,Contig:35:50.8783:1919,Contig:54:295.909:853,Contig:81:858.248:1505,Contig:114:52.4611:3p:1:34:611,Contig:172:117.978:5p:1:7:226,Contig:215:27.9455:3p:1:3:113	4	-0.027038855179620652	2.43322757	0.7962822834132146	GP_unb_4	Contig:101:24.9007:3p:1:59:140	3	0.0	0.2575541	4.999813610278018	4	-0.051789424036791376	19.385049340000002	0.06992548970629298	Contig:100:199.848:1010,Contig:103:80.1581:8374,Contig:116:27.1631:28646,Contig:118:25.441:28638,Contig:119:46.5405:3664,Contig:121:24.1882:3607,Contig:126:38.8227:588,Contig:134:160.224:1560,Contig:135:49.4223:982,Contig:137:41.0658:11862,Contig:141:30.8579:20838,Contig:147:43.2871:1852,Contig:172:117.978:516,Contig:175:365.441:2275,Contig:178:77.3071:1930,Contig:17:27.4147:3981,Contig:180:30.2056:15810,Contig:181:301.047:556,Contig:185:68.6101:5498,Contig:188:23.7944:1006,Contig:199:22.4047:7574,Contig:208:75.043:1223,Contig:210:29.1518:4157,Contig:220:28.104:5029,Contig:24:28.8849:7536,Contig:30:25.8188:954,Contig:40:27.2622:2156,Contig:43:103.389:5374,Contig:46:53.3597:474,Contig:68:53.9197:4947,Contig:77:47.3369:2279,Contig:7:161.077:657,Contig:87:240.223:533,Contig:90:73.8148:2331,Contig:97:27.5744:34153,Contig:98:44.1195:1579,Contig:99:90.8515:10485,Contig:100:199.848:5p:1:10:450,Contig:101:24.9007:3p:1:43:923,Contig:101:24.9007:3p:1:48:194,Contig:101:24.9007:3p:1:60:231,Contig:10:25.2394:3p:1:11:249,Contig:114:52.4611:3p:1:15:257,Contig:114:52.4611:3p:1:17:198,Contig:116:27.1631:5p:1:17:102,Contig:116:27.1631:5p:1:25:102,Contig:116:27.1631:5p:1:29:100,Contig:128:24.4415:5p:1:9:704,Contig:128:24.4415:5p:1:18:144,Contig:128:24.4415:5p:1:22:242,Contig:128:24.4415:5p:1:29:803,Contig:135:49.4223:3p:1:5:193,Contig:135:49.4223:3p:1:17:130,Contig:135:49.4223:3p:1:22:443,Contig:135:49.4223:3p:1:23:146,Contig:135:49.4223:3p:1:26:124,Contig:135:49.4223:3p:1:27:124,Contig:172:117.978:5p:1:9:177,Contig:172:117.978:5p:1:10:177,Contig:18:50.3446:3p:1:5:241,Contig:18:50.3446:3p:1:6:494,Contig:18:50.3446:3p:1:7:493,Contig:7:161.077:5p:1:4:515,Contig:90:73.8148:5p:1:3:553	0	False	0
efae-SAMN36766198	GP_0	Contig:113:26.2622:2355,Contig:203:31.5652:2408,Contig:209:28.6817:4294,Contig:211:26.8481:10981,Contig:35:50.8783:1919,Contig:54:295.909:853,Contig:81:858.248:1505,Contig:114:52.4611:3p:1:34:611,Contig:172:117.978:5p:1:7:226,Contig:215:27.9455:3p:1:3:113	4	-0.027038855179620652	2.43322757	0.7962822834132146	GP_unb_5	Contig:10:25.2394:3p:1:5:249	4	0.0	0.2406254	8.145972180700792	4	-0.04778610574773301	19.400768160000002	0.06992548970629286	Contig:100:199.848:1010,Contig:103:80.1581:8374,Contig:116:27.1631:28646,Contig:118:25.441:28638,Contig:119:46.5405:3664,Contig:121:24.1882:3607,Contig:126:38.8227:588,Contig:134:160.224:1560,Contig:135:49.4223:982,Contig:137:41.0658:11862,Contig:141:30.8579:20838,Contig:147:43.2871:1852,Contig:172:117.978:516,Contig:175:365.441:2275,Contig:178:77.3071:1930,Contig:17:27.4147:3981,Contig:180:30.2056:15810,Contig:181:301.047:556,Contig:185:68.6101:5498,Contig:188:23.7944:1006,Contig:199:22.4047:7574,Contig:208:75.043:1223,Contig:210:29.1518:4157,Contig:220:28.104:5029,Contig:24:28.8849:7536,Contig:30:25.8188:954,Contig:40:27.2622:2156,Contig:43:103.389:5374,Contig:46:53.3597:474,Contig:68:53.9197:4947,Contig:77:47.3369:2279,Contig:7:161.077:657,Contig:87:240.223:533,Contig:90:73.8148:2331,Contig:97:27.5744:34153,Contig:98:44.1195:1579,Contig:99:90.8515:10485,Contig:100:199.848:5p:1:10:450,Contig:101:24.9007:3p:1:48:194,Contig:101:24.9007:3p:1:60:231,Contig:10:25.2394:3p:1:11:249,Contig:114:52.4611:3p:1:15:257,Contig:114:52.4611:3p:1:17:198,Contig:116:27.1631:5p:1:17:102,Contig:116:27.1631:5p:1:25:102,Contig:116:27.1631:5p:1:29:100,Contig:128:24.4415:5p:1:9:704,Contig:128:24.4415:5p:1:18:144,Contig:128:24.4415:5p:1:22:242,Contig:128:24.4415:5p:1:29:803,Contig:135:49.4223:3p:1:5:193,Contig:135:49.4223:3p:1:17:130,Contig:135:49.4223:3p:1:22:443,Contig:135:49.4223:3p:1:23:146,Contig:135:49.4223:3p:1:26:124,Contig:135:49.4223:3p:1:27:124,Contig:172:117.978:5p:1:9:177,Contig:172:117.978:5p:1:10:177,Contig:18:50.3446:3p:1:5:241,Contig:18:50.3446:3p:1:6:494,Contig:18:50.3446:3p:1:7:493,Contig:7:161.077:5p:1:4:515,Contig:90:73.8148:5p:1:3:553	0	False	0
efae-SAMN36766198	GP_0	Contig:113:26.2622:2355,Contig:203:31.5652:2408,Contig:209:28.6817:4294,Contig:211:26.8481:10981,Contig:35:50.8783:1919,Contig:54:295.909:853,Contig:81:858.248:1505,Contig:114:52.4611:3p:1:34:611,Contig:172:117.978:5p:1:7:226,Contig:215:27.9455:3p:1:3:113	4	-0.027038855179620652	2.43322757	0.7962822834132146	GP_unb_6	Contig:10:25.2394:3p:1:21:249	4	0.0	0.25837940000000004	8.145972180700792	4	-0.053333143022604	20.19200454	0.06992548970629286	Contig:100:199.848:1010,Contig:103:80.1581:8374,Contig:116:27.1631:28646,Contig:118:25.441:28638,Contig:119:46.5405:3664,Contig:121:24.1882:3607,Contig:126:38.8227:588,Contig:134:160.224:1560,Contig:135:49.4223:982,Contig:137:41.0658:11862,Contig:141:30.8579:20838,Contig:143:30.4444:3756,Contig:147:43.2871:1852,Contig:156:133.506:1466,Contig:172:117.978:516,Contig:175:365.441:2275,Contig:178:77.3071:1930,Contig:17:27.4147:3981,Contig:180:30.2056:15810,Contig:181:301.047:556,Contig:185:68.6101:5498,Contig:188:23.7944:1006,Contig:199:22.4047:7574,Contig:208:75.043:1223,Contig:210:29.1518:4157,Contig:220:28.104:5029,Contig:24:28.8849:7536,Contig:30:25.8188:954,Contig:40:27.2622:2156,Contig:43:103.389:5374,Contig:46:53.3597:474,Contig:58:25.5015:1996,Contig:68:53.9197:4947,Contig:77:47.3369:2279,Contig:7:161.077:657,Contig:87:240.223:533,Contig:90:73.8148:2331,Contig:97:27.5744:34153,Contig:98:44.1195:1579,Contig:99:90.8515:10485,Contig:100:199.848:5p:1:10:450,Contig:101:24.9007:3p:1:48:194,Contig:101:24.9007:3p:1:60:231,Contig:10:25.2394:3p:1:11:249,Contig:10:25.2394:3p:1:17:375,Contig:10:25.2394:3p:1:23:375,Contig:10:25.2394:3p:1:29:248,Contig:114:52.4611:3p:1:15:257,Contig:114:52.4611:3p:1:17:198,Contig:116:27.1631:5p:1:17:102,Contig:116:27.1631:5p:1:25:102,Contig:116:27.1631:5p:1:29:100,Contig:128:24.4415:5p:1:9:704,Contig:128:24.4415:5p:1:18:144,Contig:128:24.4415:5p:1:22:242,Contig:128:24.4415:5p:1:29:803,Contig:135:49.4223:3p:1:5:193,Contig:135:49.4223:3p:1:17:130,Contig:135:49.4223:3p:1:22:443,Contig:135:49.4223:3p:1:23:146,Contig:135:49.4223:3p:1:26:124,Contig:135:49.4223:3p:1:27:124,Contig:172:117.978:5p:1:9:177,Contig:172:117.978:5p:1:10:177,Contig:18:50.3446:3p:1:5:241,Contig:18:50.3446:3p:1:6:494,Contig:18:50.3446:3p:1:7:493,Contig:7:161.077:5p:1:4:515,Contig:90:73.8148:5p:1:3:553	0	False	0
efae-SAMN36766198	GP_0	Contig:113:26.2622:2355,Contig:203:31.5652:2408,Contig:209:28.6817:4294,Contig:211:26.8481:10981,Contig:35:50.8783:1919,Contig:54:295.909:853,Contig:81:858.248:1505,Contig:114:52.4611:3p:1:34:611,Contig:172:117.978:5p:1:7:226,Contig:215:27.9455:3p:1:3:113	4	-0.027038855179620652	2.43322757	0.7962822834132146	GP_unb_7	Contig:10:25.2394:3p:1:28:248	4	0.0	0.25746256	8.16017778513324	4	-0.053333143022604	20.1910877	0.06992548970629286	Contig:100:199.848:1010,Contig:103:80.1581:8374,Contig:116:27.1631:28646,Contig:118:25.441:28638,Contig:119:46.5405:3664,Contig:121:24.1882:3607,Contig:126:38.8227:588,Contig:134:160.224:1560,Contig:135:49.4223:982,Contig:137:41.0658:11862,Contig:141:30.8579:20838,Contig:143:30.4444:3756,Contig:147:43.2871:1852,Contig:156:133.506:1466,Contig:172:117.978:516,Contig:175:365.441:2275,Contig:178:77.3071:1930,Contig:17:27.4147:3981,Contig:180:30.2056:15810,Contig:181:301.047:556,Contig:185:68.6101:5498,Contig:188:23.7944:1006,Contig:199:22.4047:7574,Contig:208:75.043:1223,Contig:210:29.1518:4157,Contig:220:28.104:5029,Contig:24:28.8849:7536,Contig:30:25.8188:954,Contig:40:27.2622:2156,Contig:43:103.389:5374,Contig:46:53.3597:474,Contig:58:25.5015:1996,Contig:68:53.9197:4947,Contig:77:47.3369:2279,Contig:7:161.077:657,Contig:87:240.223:533,Contig:90:73.8148:2331,Contig:97:27.5744:34153,Contig:98:44.1195:1579,Contig:99:90.8515:10485,Contig:100:199.848:5p:1:10:450,Contig:101:24.9007:3p:1:48:194,Contig:101:24.9007:3p:1:60:231,Contig:10:25.2394:3p:1:11:249,Contig:10:25.2394:3p:1:17:375,Contig:10:25.2394:3p:1:23:375,Contig:10:25.2394:3p:1:29:248,Contig:114:52.4611:3p:1:15:257,Contig:114:52.4611:3p:1:17:198,Contig:116:27.1631:5p:1:17:102,Contig:116:27.1631:5p:1:25:102,Contig:116:27.1631:5p:1:29:100,Contig:128:24.4415:5p:1:9:704,Contig:128:24.4415:5p:1:18:144,Contig:128:24.4415:5p:1:22:242,Contig:128:24.4415:5p:1:29:803,Contig:135:49.4223:3p:1:5:193,Contig:135:49.4223:3p:1:17:130,Contig:135:49.4223:3p:1:22:443,Contig:135:49.4223:3p:1:23:146,Contig:135:49.4223:3p:1:26:124,Contig:135:49.4223:3p:1:27:124,Contig:172:117.978:5p:1:9:177,Contig:172:117.978:5p:1:10:177,Contig:18:50.3446:3p:1:5:241,Contig:18:50.3446:3p:1:6:494,Contig:18:50.3446:3p:1:7:493,Contig:7:161.077:5p:1:4:515,Contig:90:73.8148:5p:1:3:553	0	False	0
efae-SAMN36766198	GP_0	Contig:113:26.2622:2355,Contig:203:31.5652:2408,Contig:209:28.6817:4294,Contig:211:26.8481:10981,Contig:35:50.8783:1919,Contig:54:295.909:853,Contig:81:858.248:1505,Contig:114:52.4611:3p:1:34:611,Contig:172:117.978:5p:1:7:226,Contig:215:27.9455:3p:1:3:113	4	-0.027038855179620652	2.43322757	0.7962822834132146	GP_unb_8	Contig:114:52.4611:3p:1:16:257	4	0.0	0.4742925	19.31938898942107	4	-0.04778610574773301	19.97548922	0.06992548970629286	Contig:100:199.848:1010,Contig:103:80.1581:8374,Contig:116:27.1631:28646,Contig:118:25.441:28638,Contig:119:46.5405:3664,Contig:121:24.1882:3607,Contig:134:160.224:1560,Contig:135:49.4223:982,Contig:141:30.8579:20838,Contig:143:30.4444:3756,Contig:156:133.506:1466,Contig:171:42.7031:1812,Contig:172:117.978:516,Contig:175:365.441:2275,Contig:178:77.3071:1930,Contig:17:27.4147:3981,Contig:180:30.2056:15810,Contig:181:301.047:556,Contig:182:24.1469:28605,Contig:185:68.6101:5498,Contig:188:23.7944:1006,Contig:210:29.1518:4157,Contig:214:24.7711:19716,Contig:220:28.104:5029,Contig:222:53.0958:13945,Contig:227:27.0759:3363,Contig:24:28.8849:7536,Contig:30:25.8188:954,Contig:40:27.2622:2156,Contig:43:103.389:5374,Contig:46:53.3597:474,Contig:68:53.9197:4947,Contig:7:161.077:657,Contig:87:240.223:533,Contig:90:73.8148:2331,Contig:97:27.5744:34153,Contig:98:44.1195:1579,Contig:99:90.8515:10485,Contig:100:199.848:5p:1:10:450,Contig:101:24.9007:3p:1:13:267,Contig:101:24.9007:3p:1:48:194,Contig:101:24.9007:3p:1:60:231,Contig:10:25.2394:3p:1:11:249,Contig:10:25.2394:3p:1:23:375,Contig:10:25.2394:3p:1:29:248,Contig:114:52.4611:3p:1:15:257,Contig:114:52.4611:3p:1:17:198,Contig:116:27.1631:3p:1:8:860,Contig:116:27.1631:5p:1:17:102,Contig:116:27.1631:5p:1:25:102,Contig:116:27.1631:5p:1:29:100,Contig:128:24.4415:5p:1:9:704,Contig:128:24.4415:5p:1:18:144,Contig:128:24.4415:5p:1:22:242,Contig:128:24.4415:5p:1:29:803,Contig:135:49.4223:3p:1:5:193,Contig:135:49.4223:3p:1:17:130,Contig:135:49.4223:3p:1:22:443,Contig:135:49.4223:3p:1:23:146,Contig:135:49.4223:3p:1:26:124,Contig:135:49.4223:3p:1:27:124,Contig:172:117.978:5p:1:9:177,Contig:172:117.978:5p:1:10:177,Contig:18:50.3446:3p:1:5:241,Contig:18:50.3446:3p:1:6:494,Contig:18:50.3446:3p:1:7:493,Contig:7:161.077:5p:1:4:515,Contig:90:73.8148:5p:1:3:553	0	False	0
efae-SAMN36766198	GP_0	Contig:113:26.2622:2355,Contig:203:31.5652:2408,Contig:209:28.6817:4294,Contig:211:26.8481:10981,Contig:35:50.8783:1919,Contig:54:295.909:853,Contig:81:858.248:1505,Contig:114:52.4611:3p:1:34:611,Contig:172:117.978:5p:1:7:226,Contig:215:27.9455:3p:1:3:113	4	-0.027038855179620652	2.43322757	0.7962822834132146	GP_unb_9	Contig:130:27.6191:3p:1:10:502	4	0.0	0.24299574000000002	2.775089481067581	4	-0.05012470580043574	19.879083420999997	0.06992548970629286	Contig:100:199.848:1010,Contig:103:80.1581:8374,Contig:112:24.9484:3237,Contig:116:27.1631:28646,Contig:118:25.441:28638,Contig:119:46.5405:3664,Contig:121:24.1882:3607,Contig:132:27.4497:24272,Contig:134:160.224:1560,Contig:135:49.4223:982,Contig:141:30.8579:20838,Contig:142:196.976:1416,Contig:143:30.4444:3756,Contig:156:133.506:1466,Contig:166:27.085:3884,Contig:171:42.7031:1812,Contig:172:117.978:516,Contig:175:365.441:2275,Contig:178:77.3071:1930,Contig:17:27.4147:3981,Contig:180:30.2056:15810,Contig:181:301.047:556,Contig:182:24.1469:28605,Contig:185:68.6101:5498,Contig:188:23.7944:1006,Contig:18:50.3446:7379,Contig:191:57.1338:2339,Contig:210:29.1518:4157,Contig:214:24.7711:19716,Contig:220:28.104:5029,Contig:227:27.0759:3363,Contig:24:28.8849:7536,Contig:30:25.8188:954,Contig:40:27.2622:2156,Contig:43:103.389:5374,Contig:46:53.3597:474,Contig:68:53.9197:4947,Contig:7:161.077:657,Contig:87:240.223:533,Contig:88:39.8911:3839,Contig:90:73.8148:2331,Contig:97:27.5744:34153,Contig:98:44.1195:1579,Contig:99:90.8515:10485,Contig:100:199.848:5p:1:10:450,Contig:100:199.848:5p:1:15:1106,Contig:100:199.848:5p:1:16:274,Contig:101:24.9007:3p:1:13:267,Contig:101:24.9007:3p:1:48:194,Contig:101:24.9007:3p:1:60:231,Contig:10:25.2394:3p:1:11:249,Contig:10:25.2394:3p:1:23:375,Contig:10:25.2394:3p:1:29:248,Contig:114:52.4611:3p:1:15:257,Contig:114:52.4611:3p:1:17:198,Contig:116:27.1631:3p:1:8:860,Contig:116:27.1631:5p:1:17:102,Contig:116:27.1631:5p:1:25:102,Contig:116:27.1631:5p:1:29:100,Contig:128:24.4415:5p:1:9:704,Contig:128:24.4415:5p:1:18:144,Contig:128:24.4415:5p:1:22:242,Contig:128:24.4415:5p:1:29:803,Contig:135:49.4223:3p:1:5:193,Contig:135:49.4223:3p:1:17:130,Contig:135:49.4223:3p:1:22:443,Contig:135:49.4223:3p:1:23:146,Contig:135:49.4223:3p:1:26:124,Contig:135:49.4223:3p:1:27:124,Contig:172:117.978:5p:1:9:177,Contig:172:117.978:5p:1:10:177,Contig:18:50.3446:3p:1:5:241,Contig:18:50.3446:3p:1:6:494,Contig:18:50.3446:3p:1:7:493,Contig:7:161.077:5p:1:4:515,Contig:90:73.8148:5p:1:3:553	0	False	0
efae-SAMN36766198	GP_0	Contig:113:26.2622:2355,Contig:203:31.5652:2408,Contig:209:28.6817:4294,Contig:211:26.8481:10981,Contig:35:50.8783:1919,Contig:54:295.909:853,Contig:81:858.248:1505,Contig:114:52.4611:3p:1:34:611,Contig:172:117.978:5p:1:7:226,Contig:215:27.9455:3p:1:3:113	4	-0.027038855179620652	2.43322757	0.7962822834132146	GP_unb_10	Contig:215:27.9455:3p:1:10:124	4	0.0	0.25396514000000003	0.8776648524847006	4	-0.027038855179620652	2.68719271	0.7962822834124381		0	False	0
efae-SAMN36766198	GP_0	Contig:113:26.2622:2355,Contig:203:31.5652:2408,Contig:209:28.6817:4294,Contig:211:26.8481:10981,Contig:35:50.8783:1919,Contig:54:295.909:853,Contig:81:858.248:1505,Contig:114:52.4611:3p:1:34:611,Contig:172:117.978:5p:1:7:226,Contig:215:27.9455:3p:1:3:113	4	-0.027038855179620652	2.43322757	0.7962822834132146	GP_unb_11	Contig:95:46.1806:5p:1:3:155	2	0.0	0.011536400000000002	0.9467025575227276	4	-0.06885663249374757	19.089790353999998	0.06992548970629286	Contig:100:199.848:1010,Contig:103:80.1581:8374,Contig:112:24.9484:3237,Contig:116:27.1631:28646,Contig:118:25.441:28638,Contig:119:46.5405:3664,Contig:121:24.1882:3607,Contig:134:160.224:1560,Contig:135:49.4223:982,Contig:137:41.0658:11862,Contig:141:30.8579:20838,Contig:142:196.976:1416,Contig:143:30.4444:3756,Contig:147:43.2871:1852,Contig:156:133.506:1466,Contig:162:63.0046:1776,Contig:171:42.7031:1812,Contig:172:117.978:516,Contig:175:365.441:2275,Contig:178:77.3071:1930,Contig:17:27.4147:3981,Contig:180:30.2056:15810,Contig:181:301.047:556,Contig:182:24.1469:28605,Contig:185:68.6101:5498,Contig:188:23.7944:1006,Contig:210:29.1518:4157,Contig:214:24.7711:19716,Contig:220:28.104:5029,Contig:222:53.0958:13945,Contig:227:27.0759:3363,Contig:24:28.8849:7536,Contig:30:25.8188:954,Contig:37:33.9566:7745,Contig:40:27.2622:2156,Contig:43:103.389:5374,Contig:46:53.3597:474,Contig:68:53.9197:4947,Contig:7:161.077:657,Contig:87:240.223:533,Contig:90:73.8148:2331,Contig:97:27.5744:34153,Contig:98:44.1195:1579,Contig:99:90.8515:10485,Contig:100:199.848:5p:1:10:450,Contig:100:199.848:5p:1:15:1106,Contig:100:199.848:5p:1:16:274,Contig:101:24.9007:3p:1:13:267,Contig:101:24.9007:3p:1:48:194,Contig:101:24.9007:3p:1:60:231,Contig:10:25.2394:3p:1:11:249,Contig:10:25.2394:3p:1:23:375,Contig:10:25.2394:3p:1:29:248,Contig:114:52.4611:3p:1:15:257,Contig:114:52.4611:3p:1:17:198,Contig:116:27.1631:3p:1:8:860,Contig:116:27.1631:5p:1:17:102,Contig:116:27.1631:5p:1:25:102,Contig:116:27.1631:5p:1:29:100,Contig:128:24.4415:5p:1:9:704,Contig:128:24.4415:5p:1:18:144,Contig:128:24.4415:5p:1:22:242,Contig:128:24.4415:5p:1:29:803,Contig:135:49.4223:3p:1:5:193,Contig:135:49.4223:3p:1:17:130,Contig:135:49.4223:3p:1:22:443,Contig:135:49.4223:3p:1:23:146,Contig:135:49.4223:3p:1:26:124,Contig:135:49.4223:3p:1:27:124,Contig:172:117.978:5p:1:9:177,Contig:172:117.978:5p:1:10:177,Contig:18:50.3446:3p:1:5:241,Contig:18:50.3446:3p:1:6:494,Contig:18:50.3446:3p:1:7:493,Contig:7:161.077:5p:1:4:515,Contig:90:73.8148:5p:1:3:553	0	False	0
efae-SAMN36766198	GP_0	Contig:113:26.2622:2355,Contig:203:31.5652:2408,Contig:209:28.6817:4294,Contig:211:26.8481:10981,Contig:35:50.8783:1919,Contig:54:295.909:853,Contig:81:858.248:1505,Contig:114:52.4611:3p:1:34:611,Contig:172:117.978:5p:1:7:226,Contig:215:27.9455:3p:1:3:113	4	-0.027038855179620652	2.43322757	0.7962822834132146	GP_unb_12	Contig:95:46.1806:5p:1:4:154	2	0.0	0.008517600000000014	0.9655640609239318	4	-0.07151883590397504	19.086771554	0.06992548970629286	Contig:100:199.848:1010,Contig:103:80.1581:8374,Contig:112:24.9484:3237,Contig:116:27.1631:28646,Contig:118:25.441:28638,Contig:119:46.5405:3664,Contig:121:24.1882:3607,Contig:134:160.224:1560,Contig:135:49.4223:982,Contig:137:41.0658:11862,Contig:141:30.8579:20838,Contig:142:196.976:1416,Contig:143:30.4444:3756,Contig:147:43.2871:1852,Contig:156:133.506:1466,Contig:162:63.0046:1776,Contig:171:42.7031:1812,Contig:172:117.978:516,Contig:175:365.441:2275,Contig:178:77.3071:1930,Contig:17:27.4147:3981,Contig:180:30.2056:15810,Contig:181:301.047:556,Contig:182:24.1469:28605,Contig:185:68.6101:5498,Contig:188:23.7944:1006,Contig:210:29.1518:4157,Contig:214:24.7711:19716,Contig:220:28.104:5029,Contig:222:53.0958:13945,Contig:227:27.0759:3363,Contig:24:28.8849:7536,Contig:30:25.8188:954,Contig:37:33.9566:7745,Contig:40:27.2622:2156,Contig:43:103.389:5374,Contig:46:53.3597:474,Contig:68:53.9197:4947,Contig:7:161.077:657,Contig:87:240.223:533,Contig:90:73.8148:2331,Contig:97:27.5744:34153,Contig:98:44.1195:1579,Contig:99:90.8515:10485,Contig:100:199.848:5p:1:10:450,Contig:100:199.848:5p:1:15:1106,Contig:100:199.848:5p:1:16:274,Contig:101:24.9007:3p:1:13:267,Contig:101:24.9007:3p:1:48:194,Contig:101:24.9007:3p:1:60:231,Contig:10:25.2394:3p:1:11:249,Contig:10:25.2394:3p:1:23:375,Contig:10:25.2394:3p:1:29:248,Contig:114:52.4611:3p:1:15:257,Contig:114:52.4611:3p:1:17:198,Contig:116:27.1631:3p:1:8:860,Contig:116:27.1631:5p:1:17:102,Contig:116:27.1631:5p:1:25:102,Contig:116:27.1631:5p:1:29:100,Contig:128:24.4415:5p:1:9:704,Contig:128:24.4415:5p:1:18:144,Contig:128:24.4415:5p:1:22:242,Contig:128:24.4415:5p:1:29:803,Contig:135:49.4223:3p:1:5:193,Contig:135:49.4223:3p:1:17:130,Contig:135:49.4223:3p:1:22:443,Contig:135:49.4223:3p:1:23:146,Contig:135:49.4223:3p:1:26:124,Contig:135:49.4223:3p:1:27:124,Contig:172:117.978:5p:1:9:177,Contig:172:117.978:5p:1:10:177,Contig:18:50.3446:3p:1:5:241,Contig:18:50.3446:3p:1:6:494,Contig:18:50.3446:3p:1:7:493,Contig:7:161.077:5p:1:4:515,Contig:90:73.8148:5p:1:3:553	0	False	0
efae-SAMN36766198	GP_5	Contig:134:160.224:1560,Contig:30:25.8188:954,Contig:41:30.2178:3220,Contig:54:295.909:853,Contig:74:147.505:1237,Contig:81:858.248:1505,Contig:10:25.2394:3p:1:11:249,Contig:128:24.4415:5p:1:9:704	4	-0.005516298345637605	2.17746455	2.678542759134821	GP_4	Contig:2:440.868:Circ:4461	4	0.0	0.49996734	11.675357387911703	0	0	0	0		1	False	0
efae-SAMN36766198	GP_5	Contig:134:160.224:1560,Contig:30:25.8188:954,Contig:41:30.2178:3220,Contig:54:295.909:853,Contig:74:147.505:1237,Contig:81:858.248:1505,Contig:10:25.2394:3p:1:11:249,Contig:128:24.4415:5p:1:9:704	4	-0.005516298345637605	2.17746455	2.678542759134821	GP_6	Contig:3:557.506:Circ:5212	4	0.0	0.4999738	15.19049658941176	0	0	0	0		1	False	0
efae-SAMN36766198	GP_5	Contig:134:160.224:1560,Contig:30:25.8188:954,Contig:41:30.2178:3220,Contig:54:295.909:853,Contig:74:147.505:1237,Contig:81:858.248:1505,Contig:10:25.2394:3p:1:11:249,Contig:128:24.4415:5p:1:9:704	4	-0.005516298345637605	2.17746455	2.678542759134821	GP_7	Contig:4:1133.74:Circ:4377	4	0.0	0.49997270000000005	34.132804831832814	0	0	0	0		1	False	0
efae-SAMN36766198	GP_5	Contig:134:160.224:1560,Contig:30:25.8188:954,Contig:41:30.2178:3220,Contig:54:295.909:853,Contig:74:147.505:1237,Contig:81:858.248:1505,Contig:10:25.2394:3p:1:11:249,Contig:128:24.4415:5p:1:9:704	4	-0.005516298345637605	2.17746455	2.678542759134821	GP_8	Contig:5:610.665:Circ:2947	4	0.0	0.49994689999999997	16.89013068211628	0	0	0	0		1	False	0
efae-SAMN36766198	GP_5	Contig:134:160.224:1560,Contig:30:25.8188:954,Contig:41:30.2178:3220,Contig:54:295.909:853,Contig:74:147.505:1237,Contig:81:858.248:1505,Contig:10:25.2394:3p:1:11:249,Contig:128:24.4415:5p:1:9:704	4	-0.005516298345637605	2.17746455	2.678542759134821	GP_unb_1	Contig:101:24.9007:3p:1:11:178	4	0.0	0.34045552999999995	3.33844708573447	4	-0.045261218897521216	20.429129173	0.06992548970629286	Contig:100:199.848:1010,Contig:103:80.1581:8374,Contig:112:24.9484:3237,Contig:116:27.1631:28646,Contig:118:25.441:28638,Contig:119:46.5405:3664,Contig:121:24.1882:3607,Contig:126:38.8227:588,Contig:135:49.4223:982,Contig:137:41.0658:11862,Contig:140:30.274:23576,Contig:141:30.8579:20838,Contig:142:196.976:1416,Contig:143:30.4444:3756,Contig:147:43.2871:1852,Contig:156:133.506:1466,Contig:171:42.7031:1812,Contig:172:117.978:516,Contig:175:365.441:2275,Contig:178:77.3071:1930,Contig:17:27.4147:3981,Contig:180:30.2056:15810,Contig:181:301.047:556,Contig:182:24.1469:28605,Contig:185:68.6101:5498,Contig:188:23.7944:1006,Contig:18:50.3446:7379,Contig:193:32.7062:1363,Contig:210:29.1518:4157,Contig:214:24.7711:19716,Contig:219:22.9984:3866,Contig:222:53.0958:13945,Contig:24:28.8849:7536,Contig:33:23.7423:6286,Contig:40:27.2622:2156,Contig:43:103.389:5374,Contig:46:53.3597:474,Contig:53:144.545:1056,Contig:68:53.9197:4947,Contig:7:161.077:657,Contig:87:240.223:533,Contig:88:39.8911:3839,Contig:90:73.8148:2331,Contig:97:27.5744:34153,Contig:98:44.1195:1579,Contig:99:90.8515:10485,Contig:100:199.848:5p:1:10:450,Contig:100:199.848:5p:1:15:1106,Contig:100:199.848:5p:1:16:274,Contig:101:24.9007:3p:1:13:267,Contig:101:24.9007:3p:1:48:194,Contig:101:24.9007:3p:1:60:231,Contig:10:25.2394:3p:1:13:741,Contig:10:25.2394:3p:1:23:375,Contig:10:25.2394:3p:1:29:248,Contig:114:52.4611:3p:1:15:257,Contig:114:52.4611:3p:1:17:198,Contig:114:52.4611:3p:1:34:611,Contig:116:27.1631:3p:1:8:860,Contig:116:27.1631:5p:1:17:102,Contig:116:27.1631:5p:1:25:102,Contig:116:27.1631:5p:1:29:100,Contig:128:24.4415:5p:1:18:144,Contig:128:24.4415:5p:1:22:242,Contig:128:24.4415:5p:1:29:803,Contig:135:49.4223:3p:1:5:193,Contig:135:49.4223:3p:1:17:130,Contig:135:49.4223:3p:1:22:443,Contig:135:49.4223:3p:1:23:146,Contig:135:49.4223:3p:1:26:124,Contig:135:49.4223:3p:1:27:124,Contig:172:117.978:5p:1:7:226,Contig:172:117.978:5p:1:9:177,Contig:172:117.978:5p:1:10:177,Contig:18:50.3446:3p:1:5:241,Contig:18:50.3446:3p:1:6:494,Contig:18:50.3446:3p:1:7:493,Contig:7:161.077:5p:1:4:515,Contig:90:73.8148:5p:1:3:553	0	False	0
efae-SAMN36766198	GP_5	Contig:134:160.224:1560,Contig:30:25.8188:954,Contig:41:30.2178:3220,Contig:54:295.909:853,Contig:74:147.505:1237,Contig:81:858.248:1505,Contig:10:25.2394:3p:1:11:249,Contig:128:24.4415:5p:1:9:704	4	-0.005516298345637605	2.17746455	2.678542759134821	GP_unb_2	Contig:101:24.9007:3p:1:16:391	4	0.0	0.012934099999999948	1.4676421258196906	4	-0.0235079322989748	19.927671443	0.06992548970629286	Contig:100:199.848:1010,Contig:103:80.1581:8374,Contig:112:24.9484:3237,Contig:116:27.1631:28646,Contig:118:25.441:28638,Contig:119:46.5405:3664,Contig:121:24.1882:3607,Contig:126:38.8227:588,Contig:135:49.4223:982,Contig:137:41.0658:11862,Contig:140:30.274:23576,Contig:141:30.8579:20838,Contig:142:196.976:1416,Contig:143:30.4444:3756,Contig:147:43.2871:1852,Contig:156:133.506:1466,Contig:171:42.7031:1812,Contig:172:117.978:516,Contig:175:365.441:2275,Contig:178:77.3071:1930,Contig:17:27.4147:3981,Contig:180:30.2056:15810,Contig:181:301.047:556,Contig:182:24.1469:28605,Contig:185:68.6101:5498,Contig:188:23.7944:1006,Contig:18:50.3446:7379,Contig:193:32.7062:1363,Contig:210:29.1518:4157,Contig:214:24.7711:19716,Contig:219:22.9984:3866,Contig:222:53.0958:13945,Contig:24:28.8849:7536,Contig:33:23.7423:6286,Contig:40:27.2622:2156,Contig:43:103.389:5374,Contig:46:53.3597:474,Contig:68:53.9197:4947,Contig:7:161.077:657,Contig:87:240.223:533,Contig:88:39.8911:3839,Contig:90:73.8148:2331,Contig:97:27.5744:34153,Contig:98:44.1195:1579,Contig:99:90.8515:10485,Contig:100:199.848:5p:1:10:450,Contig:100:199.848:5p:1:15:1106,Contig:100:199.848:5p:1:16:274,Contig:101:24.9007:3p:1:13:267,Contig:101:24.9007:3p:1:48:194,Contig:101:24.9007:3p:1:60:231,Contig:10:25.2394:3p:1:13:741,Contig:10:25.2394:3p:1:23:375,Contig:10:25.2394:3p:1:29:248,Contig:114:52.4611:3p:1:15:257,Contig:114:52.4611:3p:1:17:198,Contig:114:52.4611:3p:1:34:611,Contig:116:27.1631:3p:1:8:860,Contig:116:27.1631:5p:1:17:102,Contig:116:27.1631:5p:1:25:102,Contig:116:27.1631:5p:1:29:100,Contig:128:24.4415:5p:1:18:144,Contig:128:24.4415:5p:1:22:242,Contig:128:24.4415:5p:1:29:803,Contig:135:49.4223:3p:1:5:193,Contig:135:49.4223:3p:1:17:130,Contig:135:49.4223:3p:1:22:443,Contig:135:49.4223:3p:1:23:146,Contig:135:49.4223:3p:1:26:124,Contig:135:49.4223:3p:1:27:124,Contig:172:117.978:5p:1:7:226,Contig:172:117.978:5p:1:9:177,Contig:172:117.978:5p:1:10:177,Contig:18:50.3446:3p:1:5:241,Contig:18:50.3446:3p:1:6:494,Contig:18:50.3446:3p:1:7:493,Contig:7:161.077:5p:1:4:515,Contig:90:73.8148:5p:1:3:553	0	False	0
efae-SAMN36766198	GP_5	Contig:134:160.224:1560,Contig:30:25.8188:954,Contig:41:30.2178:3220,Contig:54:295.909:853,Contig:74:147.505:1237,Contig:81:858.248:1505,Contig:10:25.2394:3p:1:11:249,Contig:128:24.4415:5p:1:9:704	4	-0.005516298345637605	2.17746455	2.678542759134821	GP_unb_3	Contig:101:24.9007:3p:1:46:216	3	0.0	0.28410230000000003	1.0129769999067546	4	-0.02994280017022835	19.871284093	0.06992548970629286	Contig:100:199.848:1010,Contig:103:80.1581:8374,Contig:112:24.9484:3237,Contig:116:27.1631:28646,Contig:118:25.441:28638,Contig:119:46.5405:3664,Contig:121:24.1882:3607,Contig:126:38.8227:588,Contig:135:49.4223:982,Contig:137:41.0658:11862,Contig:140:30.274:23576,Contig:141:30.8579:20838,Contig:142:196.976:1416,Contig:143:30.4444:3756,Contig:147:43.2871:1852,Contig:156:133.506:1466,Contig:171:42.7031:1812,Contig:172:117.978:516,Contig:175:365.441:2275,Contig:178:77.3071:1930,Contig:180:30.2056:15810,Contig:181:301.047:556,Contig:182:24.1469:28605,Contig:185:68.6101:5498,Contig:188:23.7944:1006,Contig:18:50.3446:7379,Contig:193:32.7062:1363,Contig:210:29.1518:4157,Contig:214:24.7711:19716,Contig:219:22.9984:3866,Contig:227:27.0759:3363,Contig:24:28.8849:7536,Contig:33:23.7423:6286,Contig:40:27.2622:2156,Contig:43:103.389:5374,Contig:46:53.3597:474,Contig:68:53.9197:4947,Contig:7:161.077:657,Contig:87:240.223:533,Contig:88:39.8911:3839,Contig:90:73.8148:2331,Contig:97:27.5744:34153,Contig:98:44.1195:1579,Contig:99:90.8515:10485,Contig:100:199.848:5p:1:10:450,Contig:100:199.848:5p:1:15:1106,Contig:100:199.848:5p:1:16:274,Contig:101:24.9007:3p:1:13:267,Contig:101:24.9007:3p:1:48:194,Contig:101:24.9007:3p:1:60:231,Contig:10:25.2394:3p:1:13:741,Contig:10:25.2394:3p:1:23:375,Contig:10:25.2394:3p:1:29:248,Contig:114:52.4611:3p:1:15:257,Contig:114:52.4611:3p:1:17:198,Contig:114:52.4611:3p:1:34:611,Contig:116:27.1631:5p:1:17:102,Contig:116:27.1631:5p:1:25:102,Contig:116:27.1631:5p:1:29:100,Contig:128:24.4415:5p:1:18:144,Contig:128:24.4415:5p:1:22:242,Contig:128:24.4415:5p:1:29:803,Contig:135:49.4223:3p:1:5:193,Contig:135:49.4223:3p:1:17:130,Contig:135:49.4223:3p:1:22:443,Contig:135:49.4223:3p:1:23:146,Contig:135:49.4223:3p:1:26:124,Contig:135:49.4223:3p:1:27:124,Contig:172:117.978:5p:1:7:226,Contig:172:117.978:5p:1:9:177,Contig:172:117.978:5p:1:10:177,Contig:18:50.3446:3p:1:5:241,Contig:18:50.3446:3p:1:6:494,Contig:18:50.3446:3p:1:7:493,Contig:7:161.077:5p:1:4:515,Contig:90:73.8148:5p:1:3:553	0	False	0
efae-SAMN36766198	GP_5	Contig:134:160.224:1560,Contig:30:25.8188:954,Contig:41:30.2178:3220,Contig:54:295.909:853,Contig:74:147.505:1237,Contig:81:858.248:1505,Contig:10:25.2394:3p:1:11:249,Contig:128:24.4415:5p:1:9:704	4	-0.005516298345637605	2.17746455	2.678542759134821	GP_unb_4	Contig:101:24.9007:3p:1:59:140	3	0.0	0.2575541	4.999813610278018	4	-0.027511250588033165	20.347971260999998	0.06992548970629313	Contig:100:199.848:1010,Contig:103:80.1581:8374,Contig:112:24.9484:3237,Contig:116:27.1631:28646,Contig:118:25.441:28638,Contig:119:46.5405:3664,Contig:121:24.1882:3607,Contig:126:38.8227:588,Contig:132:27.4497:24272,Contig:135:49.4223:982,Contig:137:41.0658:11862,Contig:141:30.8579:20838,Contig:142:196.976:1416,Contig:143:30.4444:3756,Contig:147:43.2871:1852,Contig:156:133.506:1466,Contig:171:42.7031:1812,Contig:172:117.978:516,Contig:175:365.441:2275,Contig:178:77.3071:1930,Contig:180:30.2056:15810,Contig:181:301.047:556,Contig:182:24.1469:28605,Contig:185:68.6101:5498,Contig:188:23.7944:1006,Contig:18:50.3446:7379,Contig:193:32.7062:1363,Contig:210:29.1518:4157,Contig:214:24.7711:19716,Contig:219:22.9984:3866,Contig:227:27.0759:3363,Contig:24:28.8849:7536,Contig:33:23.7423:6286,Contig:40:27.2622:2156,Contig:43:103.389:5374,Contig:46:53.3597:474,Contig:68:53.9197:4947,Contig:7:161.077:657,Contig:87:240.223:533,Contig:88:39.8911:3839,Contig:90:73.8148:2331,Contig:97:27.5744:34153,Contig:98:44.1195:1579,Contig:99:90.8515:10485,Contig:100:199.848:5p:1:10:450,Contig:100:199.848:5p:1:15:1106,Contig:100:199.848:5p:1:16:274,Contig:101:24.9007:3p:1:13:267,Contig:101:24.9007:3p:1:43:923,Contig:101:24.9007:3p:1:48:194,Contig:101:24.9007:3p:1:60:231,Contig:10:25.2394:3p:1:23:375,Contig:10:25.2394:3p:1:29:248,Contig:114:52.4611:3p:1:15:257,Contig:114:52.4611:3p:1:17:198,Contig:114:52.4611:3p:1:34:611,Contig:116:27.1631:3p:1:8:860,Contig:116:27.1631:5p:1:17:102,Contig:116:27.1631:5p:1:25:102,Contig:116:27.1631:5p:1:29:100,Contig:128:24.4415:5p:1:18:144,Contig:128:24.4415:5p:1:22:242,Contig:128:24.4415:5p:1:29:803,Contig:135:49.4223:3p:1:5:193,Contig:135:49.4223:3p:1:17:130,Contig:135:49.4223:3p:1:22:443,Contig:135:49.4223:3p:1:23:146,Contig:135:49.4223:3p:1:26:124,Contig:135:49.4223:3p:1:27:124,Contig:172:117.978:5p:1:7:226,Contig:172:117.978:5p:1:9:177,Contig:172:117.978:5p:1:10:177,Contig:18:50.3446:3p:1:5:241,Contig:18:50.3446:3p:1:6:494,Contig:18:50.3446:3p:1:7:493,Contig:7:161.077:5p:1:4:515,Contig:90:73.8148:5p:1:3:553	0	False	0
efae-SAMN36766198	GP_5	Contig:134:160.224:1560,Contig:30:25.8188:954,Contig:41:30.2178:3220,Contig:54:295.909:853,Contig:74:147.505:1237,Contig:81:858.248:1505,Contig:10:25.2394:3p:1:11:249,Contig:128:24.4415:5p:1:9:704	4	-0.005516298345637605	2.17746455	2.678542759134821	GP_unb_5	Contig:10:25.2394:3p:1:5:249	4	0.0	0.2406254	8.145972180700792	4	-0.0235079322989748	20.363690080999998	0.06992548970629286	Contig:100:199.848:1010,Contig:103:80.1581:8374,Contig:112:24.9484:3237,Contig:116:27.1631:28646,Contig:118:25.441:28638,Contig:119:46.5405:3664,Contig:121:24.1882:3607,Contig:126:38.8227:588,Contig:132:27.4497:24272,Contig:135:49.4223:982,Contig:137:41.0658:11862,Contig:141:30.8579:20838,Contig:142:196.976:1416,Contig:143:30.4444:3756,Contig:147:43.2871:1852,Contig:156:133.506:1466,Contig:171:42.7031:1812,Contig:172:117.978:516,Contig:175:365.441:2275,Contig:178:77.3071:1930,Contig:180:30.2056:15810,Contig:181:301.047:556,Contig:182:24.1469:28605,Contig:185:68.6101:5498,Contig:188:23.7944:1006,Contig:18:50.3446:7379,Contig:193:32.7062:1363,Contig:210:29.1518:4157,Contig:214:24.7711:19716,Contig:219:22.9984:3866,Contig:227:27.0759:3363,Contig:24:28.8849:7536,Contig:33:23.7423:6286,Contig:40:27.2622:2156,Contig:43:103.389:5374,Contig:46:53.3597:474,Contig:68:53.9197:4947,Contig:7:161.077:657,Contig:87:240.223:533,Contig:88:39.8911:3839,Contig:90:73.8148:2331,Contig:97:27.5744:34153,Contig:98:44.1195:1579,Contig:99:90.8515:10485,Contig:100:199.848:5p:1:10:450,Contig:100:199.848:5p:1:15:1106,Contig:100:199.848:5p:1:16:274,Contig:101:24.9007:3p:1:13:267,Contig:101:24.9007:3p:1:48:194,Contig:101:24.9007:3p:1:60:231,Contig:10:25.2394:3p:1:23:375,Contig:10:25.2394:3p:1:29:248,Contig:114:52.4611:3p:1:15:257,Contig:114:52.4611:3p:1:17:198,Contig:114:52.4611:3p:1:34:611,Contig:116:27.1631:3p:1:8:860,Contig:116:27.1631:5p:1:17:102,Contig:116:27.1631:5p:1:25:102,Contig:116:27.1631:5p:1:29:100,Contig:128:24.4415:5p:1:18:144,Contig:128:24.4415:5p:1:22:242,Contig:128:24.4415:5p:1:29:803,Contig:135:49.4223:3p:1:5:193,Contig:135:49.4223:3p:1:17:130,Contig:135:49.4223:3p:1:22:443,Contig:135:49.4223:3p:1:23:146,Contig:135:49.4223:3p:1:26:124,Contig:135:49.4223:3p:1:27:124,Contig:172:117.978:5p:1:7:226,Contig:172:117.978:5p:1:9:177,Contig:172:117.978:5p:1:10:177,Contig:18:50.3446:3p:1:5:241,Contig:18:50.3446:3p:1:6:494,Contig:18:50.3446:3p:1:7:493,Contig:7:161.077:5p:1:4:515,Contig:90:73.8148:5p:1:3:553	0	False	0
efae-SAMN36766198	GP_5	Contig:134:160.224:1560,Contig:30:25.8188:954,Contig:41:30.2178:3220,Contig:54:295.909:853,Contig:74:147.505:1237,Contig:81:858.248:1505,Contig:10:25.2394:3p:1:11:249,Contig:128:24.4415:5p:1:9:704	4	-0.005516298345637605	2.17746455	2.678542759134821	GP_unb_6	Contig:10:25.2394:3p:1:21:249	4	0.0	0.25837940000000004	8.145972180700792	4	-0.0235079322989748	20.479640050999997	0.06992548970629286	Contig:100:199.848:1010,Contig:103:80.1581:8374,Contig:112:24.9484:3237,Contig:116:27.1631:28646,Contig:118:25.441:28638,Contig:119:46.5405:3664,Contig:121:24.1882:3607,Contig:126:38.8227:588,Contig:132:27.4497:24272,Contig:135:49.4223:982,Contig:137:41.0658:11862,Contig:141:30.8579:20838,Contig:142:196.976:1416,Contig:143:30.4444:3756,Contig:147:43.2871:1852,Contig:156:133.506:1466,Contig:171:42.7031:1812,Contig:172:117.978:516,Contig:175:365.441:2275,Contig:178:77.3071:1930,Contig:180:30.2056:15810,Contig:181:301.047:556,Contig:182:24.1469:28605,Contig:185:68.6101:5498,Contig:188:23.7944:1006,Contig:18:50.3446:7379,Contig:193:32.7062:1363,Contig:210:29.1518:4157,Contig:214:24.7711:19716,Contig:219:22.9984:3866,Contig:227:27.0759:3363,Contig:24:28.8849:7536,Contig:33:23.7423:6286,Contig:40:27.2622:2156,Contig:43:103.389:5374,Contig:46:53.3597:474,Contig:68:53.9197:4947,Contig:7:161.077:657,Contig:88:39.8911:3839,Contig:90:73.8148:2331,Contig:97:27.5744:34153,Contig:98:44.1195:1579,Contig:99:90.8515:10485,Contig:100:199.848:5p:1:10:450,Contig:100:199.848:5p:1:15:1106,Contig:100:199.848:5p:1:16:274,Contig:101:24.9007:3p:1:13:267,Contig:101:24.9007:3p:1:48:194,Contig:101:24.9007:3p:1:60:231,Contig:10:25.2394:3p:1:17:375,Contig:10:25.2394:3p:1:23:375,Contig:10:25.2394:3p:1:29:248,Contig:114:52.4611:3p:1:15:257,Contig:114:52.4611:3p:1:17:198,Contig:114:52.4611:3p:1:34:611,Contig:116:27.1631:3p:1:8:860,Contig:116:27.1631:5p:1:17:102,Contig:116:27.1631:5p:1:25:102,Contig:116:27.1631:5p:1:29:100,Contig:128:24.4415:5p:1:18:144,Contig:128:24.4415:5p:1:22:242,Contig:128:24.4415:5p:1:29:803,Contig:135:49.4223:3p:1:5:193,Contig:135:49.4223:3p:1:17:130,Contig:135:49.4223:3p:1:22:443,Contig:135:49.4223:3p:1:23:146,Contig:135:49.4223:3p:1:26:124,Contig:135:49.4223:3p:1:27:124,Contig:172:117.978:5p:1:7:226,Contig:172:117.978:5p:1:9:177,Contig:172:117.978:5p:1:10:177,Contig:18:50.3446:3p:1:5:241,Contig:18:50.3446:3p:1:6:494,Contig:18:50.3446:3p:1:7:493,Contig:7:161.077:5p:1:4:515,Contig:90:73.8148:5p:1:3:553	0	False	0
efae-SAMN36766198	GP_5	Contig:134:160.224:1560,Contig:30:25.8188:954,Contig:41:30.2178:3220,Contig:54:295.909:853,Contig:74:147.505:1237,Contig:81:858.248:1505,Contig:10:25.2394:3p:1:11:249,Contig:128:24.4415:5p:1:9:704	4	-0.005516298345637605	2.17746455	2.678542759134821	GP_unb_7	Contig:10:25.2394:3p:1:28:248	4	0.0	0.25746256	8.16017778513324	4	-0.0235079322989748	20.478723211	0.0699254897062938	Contig:100:199.848:1010,Contig:103:80.1581:8374,Contig:112:24.9484:3237,Contig:116:27.1631:28646,Contig:118:25.441:28638,Contig:119:46.5405:3664,Contig:121:24.1882:3607,Contig:126:38.8227:588,Contig:132:27.4497:24272,Contig:135:49.4223:982,Contig:137:41.0658:11862,Contig:141:30.8579:20838,Contig:142:196.976:1416,Contig:143:30.4444:3756,Contig:147:43.2871:1852,Contig:156:133.506:1466,Contig:171:42.7031:1812,Contig:172:117.978:516,Contig:175:365.441:2275,Contig:178:77.3071:1930,Contig:180:30.2056:15810,Contig:181:301.047:556,Contig:182:24.1469:28605,Contig:185:68.6101:5498,Contig:188:23.7944:1006,Contig:18:50.3446:7379,Contig:193:32.7062:1363,Contig:210:29.1518:4157,Contig:214:24.7711:19716,Contig:219:22.9984:3866,Contig:227:27.0759:3363,Contig:24:28.8849:7536,Contig:33:23.7423:6286,Contig:40:27.2622:2156,Contig:43:103.389:5374,Contig:46:53.3597:474,Contig:68:53.9197:4947,Contig:7:161.077:657,Contig:88:39.8911:3839,Contig:90:73.8148:2331,Contig:97:27.5744:34153,Contig:98:44.1195:1579,Contig:99:90.8515:10485,Contig:100:199.848:5p:1:10:450,Contig:100:199.848:5p:1:15:1106,Contig:100:199.848:5p:1:16:274,Contig:101:24.9007:3p:1:13:267,Contig:101:24.9007:3p:1:48:194,Contig:101:24.9007:3p:1:60:231,Contig:10:25.2394:3p:1:17:375,Contig:10:25.2394:3p:1:23:375,Contig:10:25.2394:3p:1:29:248,Contig:114:52.4611:3p:1:15:257,Contig:114:52.4611:3p:1:17:198,Contig:114:52.4611:3p:1:34:611,Contig:116:27.1631:3p:1:8:860,Contig:116:27.1631:5p:1:17:102,Contig:116:27.1631:5p:1:25:102,Contig:116:27.1631:5p:1:29:100,Contig:128:24.4415:5p:1:18:144,Contig:128:24.4415:5p:1:22:242,Contig:128:24.4415:5p:1:29:803,Contig:135:49.4223:3p:1:5:193,Contig:135:49.4223:3p:1:17:130,Contig:135:49.4223:3p:1:22:443,Contig:135:49.4223:3p:1:23:146,Contig:135:49.4223:3p:1:26:124,Contig:135:49.4223:3p:1:27:124,Contig:172:117.978:5p:1:7:226,Contig:172:117.978:5p:1:9:177,Contig:172:117.978:5p:1:10:177,Contig:18:50.3446:3p:1:5:241,Contig:18:50.3446:3p:1:6:494,Contig:18:50.3446:3p:1:7:493,Contig:7:161.077:5p:1:4:515,Contig:90:73.8148:5p:1:3:553	0	False	0
efae-SAMN36766198	GP_5	Contig:134:160.224:1560,Contig:30:25.8188:954,Contig:41:30.2178:3220,Contig:54:295.909:853,Contig:74:147.505:1237,Contig:81:858.248:1505,Contig:10:25.2394:3p:1:11:249,Contig:128:24.4415:5p:1:9:704	4	-0.005516298345637605	2.17746455	2.678542759134821	GP_unb_8	Contig:114:52.4611:3p:1:16:257	4	0.0	0.4742925	19.31938898942107	4	-0.02116933224627207	20.21298812	0.06992548970629262	Contig:100:199.848:1010,Contig:103:80.1581:8374,Contig:116:27.1631:28646,Contig:118:25.441:28638,Contig:119:46.5405:3664,Contig:121:24.1882:3607,Contig:126:38.8227:588,Contig:135:49.4223:982,Contig:141:30.8579:20838,Contig:171:42.7031:1812,Contig:172:117.978:516,Contig:175:365.441:2275,Contig:178:77.3071:1930,Contig:17:27.4147:3981,Contig:180:30.2056:15810,Contig:181:301.047:556,Contig:182:24.1469:28605,Contig:185:68.6101:5498,Contig:188:23.7944:1006,Contig:18:50.3446:7379,Contig:193:32.7062:1363,Contig:210:29.1518:4157,Contig:219:22.9984:3866,Contig:222:53.0958:13945,Contig:227:27.0759:3363,Contig:24:28.8849:7536,Contig:33:23.7423:6286,Contig:40:27.2622:2156,Contig:43:103.389:5374,Contig:46:53.3597:474,Contig:68:53.9197:4947,Contig:7:161.077:657,Contig:88:39.8911:3839,Contig:90:73.8148:2331,Contig:97:27.5744:34153,Contig:98:44.1195:1579,Contig:99:90.8515:10485,Contig:100:199.848:5p:1:10:450,Contig:101:24.9007:3p:1:13:267,Contig:101:24.9007:3p:1:48:194,Contig:101:24.9007:3p:1:60:231,Contig:114:52.4611:3p:1:17:198,Contig:114:52.4611:3p:1:34:611,Contig:116:27.1631:3p:1:8:860,Contig:116:27.1631:5p:1:17:102,Contig:116:27.1631:5p:1:25:102,Contig:116:27.1631:5p:1:29:100,Contig:128:24.4415:5p:1:18:144,Contig:128:24.4415:5p:1:22:242,Contig:128:24.4415:5p:1:29:803,Contig:135:49.4223:3p:1:5:193,Contig:135:49.4223:3p:1:17:130,Contig:135:49.4223:3p:1:22:443,Contig:135:49.4223:3p:1:23:146,Contig:135:49.4223:3p:1:26:124,Contig:135:49.4223:3p:1:27:124,Contig:172:117.978:5p:1:7:226,Contig:172:117.978:5p:1:9:177,Contig:172:117.978:5p:1:10:177,Contig:18:50.3446:3p:1:5:241,Contig:18:50.3446:3p:1:6:494,Contig:18:50.3446:3p:1:7:493,Contig:7:161.077:5p:1:4:515,Contig:90:73.8148:5p:1:3:553	0	False	0
efae-SAMN36766198	GP_5	Contig:134:160.224:1560,Contig:30:25.8188:954,Contig:41:30.2178:3220,Contig:54:295.909:853,Contig:74:147.505:1237,Contig:81:858.248:1505,Contig:10:25.2394:3p:1:11:249,Contig:128:24.4415:5p:1:9:704	4	-0.005516298345637605	2.17746455	2.678542759134821	GP_unb_9	Contig:130:27.6191:3p:1:10:502	4	0.0	0.24299574000000002	2.775089481067581	4	-0.044714274719599656	20.18381665	0.06992548970629286	Contig:100:199.848:1010,Contig:103:80.1581:8374,Contig:116:27.1631:28646,Contig:119:46.5405:3664,Contig:121:24.1882:3607,Contig:126:38.8227:588,Contig:135:49.4223:982,Contig:141:30.8579:20838,Contig:147:43.2871:1852,Contig:166:27.085:3884,Contig:171:42.7031:1812,Contig:172:117.978:516,Contig:175:365.441:2275,Contig:178:77.3071:1930,Contig:180:30.2056:15810,Contig:181:301.047:556,Contig:182:24.1469:28605,Contig:185:68.6101:5498,Contig:188:23.7944:1006,Contig:193:32.7062:1363,Contig:203:31.5652:2408,Contig:210:29.1518:4157,Contig:227:27.0759:3363,Contig:24:28.8849:7536,Contig:33:23.7423:6286,Contig:37:33.9566:7745,Contig:40:27.2622:2156,Contig:43:103.389:5374,Contig:46:53.3597:474,Contig:68:53.9197:4947,Contig:7:161.077:657,Contig:88:39.8911:3839,Contig:90:73.8148:2331,Contig:97:27.5744:34153,Contig:98:44.1195:1579,Contig:99:90.8515:10485,Contig:100:199.848:5p:1:10:450,Contig:101:24.9007:3p:1:13:267,Contig:101:24.9007:3p:1:48:194,Contig:101:24.9007:3p:1:60:231,Contig:114:52.4611:3p:1:15:257,Contig:114:52.4611:3p:1:17:198,Contig:114:52.4611:3p:1:34:611,Contig:116:27.1631:5p:1:17:102,Contig:116:27.1631:5p:1:25:102,Contig:116:27.1631:5p:1:29:100,Contig:128:24.4415:5p:1:18:144,Contig:128:24.4415:5p:1:22:242,Contig:128:24.4415:5p:1:29:803,Contig:135:49.4223:3p:1:5:193,Contig:135:49.4223:3p:1:17:130,Contig:135:49.4223:3p:1:22:443,Contig:135:49.4223:3p:1:23:146,Contig:135:49.4223:3p:1:26:124,Contig:135:49.4223:3p:1:27:124,Contig:172:117.978:5p:1:7:226,Contig:172:117.978:5p:1:9:177,Contig:172:117.978:5p:1:10:177,Contig:18:50.3446:3p:1:5:241,Contig:18:50.3446:3p:1:6:494,Contig:18:50.3446:3p:1:7:493,Contig:90:73.8148:5p:1:3:553	0	False	0
efae-SAMN36766198	GP_5	Contig:134:160.224:1560,Contig:30:25.8188:954,Contig:41:30.2178:3220,Contig:54:295.909:853,Contig:74:147.505:1237,Contig:81:858.248:1505,Contig:10:25.2394:3p:1:11:249,Contig:128:24.4415:5p:1:9:704	4	-0.005516298345637605	2.17746455	2.678542759134821	GP_unb_10	Contig:215:27.9455:3p:1:10:124	4	0.0	0.25396514000000003	0.8776648524847006	4	-0.005516298345637605	3.2417051899999993	0.7846892623565509	Contig:215:27.9455:3419,Contig:215:27.9455:3p:1:3:113,Contig:215:27.9455:3p:1:7:125,Contig:215:27.9455:3p:1:12:127	0	False	0
efae-SAMN36766198	GP_5	Contig:134:160.224:1560,Contig:30:25.8188:954,Contig:41:30.2178:3220,Contig:54:295.909:853,Contig:74:147.505:1237,Contig:81:858.248:1505,Contig:10:25.2394:3p:1:11:249,Contig:128:24.4415:5p:1:9:704	4	-0.005516298345637605	2.17746455	2.678542759134821	GP_unb_11	Contig:95:46.1806:5p:1:3:155	2	0.0	0.011536400000000002	0.9467025575227276	4	-0.04223985899228663	19.153617584	0.06992548970629286	Contig:100:199.848:1010,Contig:103:80.1581:8374,Contig:112:24.9484:3237,Contig:116:27.1631:28646,Contig:118:25.441:28638,Contig:119:46.5405:3664,Contig:121:24.1882:3607,Contig:126:38.8227:588,Contig:135:49.4223:982,Contig:137:41.0658:11862,Contig:141:30.8579:20838,Contig:142:196.976:1416,Contig:147:43.2871:1852,Contig:162:63.0046:1776,Contig:171:42.7031:1812,Contig:172:117.978:516,Contig:175:365.441:2275,Contig:178:77.3071:1930,Contig:180:30.2056:15810,Contig:181:301.047:556,Contig:182:24.1469:28605,Contig:185:68.6101:5498,Contig:188:23.7944:1006,Contig:193:32.7062:1363,Contig:210:29.1518:4157,Contig:219:22.9984:3866,Contig:227:27.0759:3363,Contig:24:28.8849:7536,Contig:33:23.7423:6286,Contig:40:27.2622:2156,Contig:43:103.389:5374,Contig:46:53.3597:474,Contig:68:53.9197:4947,Contig:77:47.3369:2279,Contig:7:161.077:657,Contig:88:39.8911:3839,Contig:90:73.8148:2331,Contig:97:27.5744:34153,Contig:98:44.1195:1579,Contig:99:90.8515:10485,Contig:100:199.848:5p:1:10:450,Contig:100:199.848:5p:1:15:1106,Contig:100:199.848:5p:1:16:274,Contig:101:24.9007:3p:1:13:267,Contig:101:24.9007:3p:1:48:194,Contig:101:24.9007:3p:1:60:231,Contig:114:52.4611:3p:1:15:257,Contig:114:52.4611:3p:1:17:198,Contig:114:52.4611:3p:1:34:611,Contig:116:27.1631:5p:1:17:102,Contig:116:27.1631:5p:1:25:102,Contig:116:27.1631:5p:1:29:100,Contig:128:24.4415:5p:1:18:144,Contig:128:24.4415:5p:1:22:242,Contig:128:24.4415:5p:1:29:803,Contig:135:49.4223:3p:1:5:193,Contig:135:49.4223:3p:1:17:130,Contig:135:49.4223:3p:1:22:443,Contig:135:49.4223:3p:1:23:146,Contig:135:49.4223:3p:1:26:124,Contig:135:49.4223:3p:1:27:124,Contig:172:117.978:5p:1:7:226,Contig:172:117.978:5p:1:9:177,Contig:172:117.978:5p:1:10:177,Contig:18:50.3446:3p:1:5:241,Contig:18:50.3446:3p:1:7:493,Contig:7:161.077:5p:1:4:515,Contig:90:73.8148:5p:1:3:553	0	False	0
efae-SAMN36766198	GP_5	Contig:134:160.224:1560,Contig:30:25.8188:954,Contig:41:30.2178:3220,Contig:54:295.909:853,Contig:74:147.505:1237,Contig:81:858.248:1505,Contig:10:25.2394:3p:1:11:249,Contig:128:24.4415:5p:1:9:704	4	-0.005516298345637605	2.17746455	2.678542759134821	GP_unb_12	Contig:95:46.1806:5p:1:4:154	2	0.0	0.008517600000000014	0.9655640609239318	4	-0.0449020624025141	19.150598784	0.06992548970629286	Contig:100:199.848:1010,Contig:103:80.1581:8374,Contig:112:24.9484:3237,Contig:116:27.1631:28646,Contig:118:25.441:28638,Contig:119:46.5405:3664,Contig:121:24.1882:3607,Contig:126:38.8227:588,Contig:135:49.4223:982,Contig:137:41.0658:11862,Contig:141:30.8579:20838,Contig:142:196.976:1416,Contig:147:43.2871:1852,Contig:162:63.0046:1776,Contig:171:42.7031:1812,Contig:172:117.978:516,Contig:175:365.441:2275,Contig:178:77.3071:1930,Contig:180:30.2056:15810,Contig:181:301.047:556,Contig:182:24.1469:28605,Contig:185:68.6101:5498,Contig:188:23.7944:1006,Contig:193:32.7062:1363,Contig:210:29.1518:4157,Contig:219:22.9984:3866,Contig:227:27.0759:3363,Contig:24:28.8849:7536,Contig:33:23.7423:6286,Contig:40:27.2622:2156,Contig:43:103.389:5374,Contig:46:53.3597:474,Contig:68:53.9197:4947,Contig:77:47.3369:2279,Contig:7:161.077:657,Contig:88:39.8911:3839,Contig:90:73.8148:2331,Contig:97:27.5744:34153,Contig:98:44.1195:1579,Contig:99:90.8515:10485,Contig:100:199.848:5p:1:10:450,Contig:100:199.848:5p:1:15:1106,Contig:100:199.848:5p:1:16:274,Contig:101:24.9007:3p:1:13:267,Contig:101:24.9007:3p:1:48:194,Contig:101:24.9007:3p:1:60:231,Contig:114:52.4611:3p:1:15:257,Contig:114:52.4611:3p:1:17:198,Contig:114:52.4611:3p:1:34:611,Contig:116:27.1631:5p:1:17:102,Contig:116:27.1631:5p:1:25:102,Contig:116:27.1631:5p:1:29:100,Contig:128:24.4415:5p:1:18:144,Contig:128:24.4415:5p:1:22:242,Contig:128:24.4415:5p:1:29:803,Contig:135:49.4223:3p:1:5:193,Contig:135:49.4223:3p:1:17:130,Contig:135:49.4223:3p:1:22:443,Contig:135:49.4223:3p:1:23:146,Contig:135:49.4223:3p:1:26:124,Contig:135:49.4223:3p:1:27:124,Contig:172:117.978:5p:1:7:226,Contig:172:117.978:5p:1:9:177,Contig:172:117.978:5p:1:10:177,Contig:18:50.3446:3p:1:5:241,Contig:18:50.3446:3p:1:7:493,Contig:7:161.077:5p:1:4:515,Contig:90:73.8148:5p:1:3:553	0	False	0
efae-SAMN36766198	GP_4	Contig:2:440.868:Circ:4461	4	0.0	0.49996734	11.675357387911703	GP_6	Contig:3:557.506:Circ:5212	4	0.0	0.4999738	15.19049658941176	0	0	0	0		1	False	0
efae-SAMN36766198	GP_4	Contig:2:440.868:Circ:4461	4	0.0	0.49996734	11.675357387911703	GP_7	Contig:4:1133.74:Circ:4377	4	0.0	0.49997270000000005	34.132804831832814	0	0	0	0		1	False	0
efae-SAMN36766198	GP_4	Contig:2:440.868:Circ:4461	4	0.0	0.49996734	11.675357387911703	GP_8	Contig:5:610.665:Circ:2947	4	0.0	0.49994689999999997	16.89013068211628	0	0	0	0		1	False	0
efae-SAMN36766198	GP_4	Contig:2:440.868:Circ:4461	4	0.0	0.49996734	11.675357387911703	GP_unb_1	Contig:101:24.9007:3p:1:11:178	4	0.0	0.34045552999999995	3.33844708573447	0	0	0	0		1	False	0
efae-SAMN36766198	GP_4	Contig:2:440.868:Circ:4461	4	0.0	0.49996734	11.675357387911703	GP_unb_2	Contig:101:24.9007:3p:1:16:391	4	0.0	0.012934099999999948	1.4676421258196906	0	0	0	0		1	False	0
efae-SAMN36766198	GP_4	Contig:2:440.868:Circ:4461	4	0.0	0.49996734	11.675357387911703	GP_unb_3	Contig:101:24.9007:3p:1:46:216	3	0.0	0.28410230000000003	1.0129769999067546	0	0	0	0		1	False	0
efae-SAMN36766198	GP_4	Contig:2:440.868:Circ:4461	4	0.0	0.49996734	11.675357387911703	GP_unb_4	Contig:101:24.9007:3p:1:59:140	3	0.0	0.2575541	4.999813610278018	0	0	0	0		1	False	0
efae-SAMN36766198	GP_4	Contig:2:440.868:Circ:4461	4	0.0	0.49996734	11.675357387911703	GP_unb_5	Contig:10:25.2394:3p:1:5:249	4	0.0	0.2406254	8.145972180700792	0	0	0	0		1	False	0
efae-SAMN36766198	GP_4	Contig:2:440.868:Circ:4461	4	0.0	0.49996734	11.675357387911703	GP_unb_6	Contig:10:25.2394:3p:1:21:249	4	0.0	0.25837940000000004	8.145972180700792	0	0	0	0		1	False	0
efae-SAMN36766198	GP_4	Contig:2:440.868:Circ:4461	4	0.0	0.49996734	11.675357387911703	GP_unb_7	Contig:10:25.2394:3p:1:28:248	4	0.0	0.25746256	8.16017778513324	0	0	0	0		1	False	0
efae-SAMN36766198	GP_4	Contig:2:440.868:Circ:4461	4	0.0	0.49996734	11.675357387911703	GP_unb_8	Contig:114:52.4611:3p:1:16:257	4	0.0	0.4742925	19.31938898942107	0	0	0	0		1	False	0
efae-SAMN36766198	GP_4	Contig:2:440.868:Circ:4461	4	0.0	0.49996734	11.675357387911703	GP_unb_9	Contig:130:27.6191:3p:1:10:502	4	0.0	0.24299574000000002	2.775089481067581	0	0	0	0		1	False	0
efae-SAMN36766198	GP_4	Contig:2:440.868:Circ:4461	4	0.0	0.49996734	11.675357387911703	GP_unb_10	Contig:215:27.9455:3p:1:10:124	4	0.0	0.25396514000000003	0.8776648524847006	0	0	0	0		1	False	0
efae-SAMN36766198	GP_4	Contig:2:440.868:Circ:4461	4	0.0	0.49996734	11.675357387911703	GP_unb_11	Contig:95:46.1806:5p:1:3:155	2	0.0	0.011536400000000002	0.9467025575227276	0	0	0	0		1	False	0
efae-SAMN36766198	GP_4	Contig:2:440.868:Circ:4461	4	0.0	0.49996734	11.675357387911703	GP_unb_12	Contig:95:46.1806:5p:1:4:154	2	0.0	0.008517600000000014	0.9655640609239318	0	0	0	0		1	False	0
efae-SAMN36766198	GP_6	Contig:3:557.506:Circ:5212	4	0.0	0.4999738	15.19049658941176	GP_7	Contig:4:1133.74:Circ:4377	4	0.0	0.49997270000000005	34.132804831832814	0	0	0	0		1	False	0
efae-SAMN36766198	GP_6	Contig:3:557.506:Circ:5212	4	0.0	0.4999738	15.19049658941176	GP_8	Contig:5:610.665:Circ:2947	4	0.0	0.49994689999999997	16.89013068211628	0	0	0	0		1	False	0
efae-SAMN36766198	GP_6	Contig:3:557.506:Circ:5212	4	0.0	0.4999738	15.19049658941176	GP_unb_1	Contig:101:24.9007:3p:1:11:178	4	0.0	0.34045552999999995	3.33844708573447	0	0	0	0		1	False	0
efae-SAMN36766198	GP_6	Contig:3:557.506:Circ:5212	4	0.0	0.4999738	15.19049658941176	GP_unb_2	Contig:101:24.9007:3p:1:16:391	4	0.0	0.012934099999999948	1.4676421258196906	0	0	0	0		1	False	0
efae-SAMN36766198	GP_6	Contig:3:557.506:Circ:5212	4	0.0	0.4999738	15.19049658941176	GP_unb_3	Contig:101:24.9007:3p:1:46:216	3	0.0	0.28410230000000003	1.0129769999067546	0	0	0	0		1	False	0
efae-SAMN36766198	GP_6	Contig:3:557.506:Circ:5212	4	0.0	0.4999738	15.19049658941176	GP_unb_4	Contig:101:24.9007:3p:1:59:140	3	0.0	0.2575541	4.999813610278018	0	0	0	0		1	False	0
efae-SAMN36766198	GP_6	Contig:3:557.506:Circ:5212	4	0.0	0.4999738	15.19049658941176	GP_unb_5	Contig:10:25.2394:3p:1:5:249	4	0.0	0.2406254	8.145972180700792	0	0	0	0		1	False	0
efae-SAMN36766198	GP_6	Contig:3:557.506:Circ:5212	4	0.0	0.4999738	15.19049658941176	GP_unb_6	Contig:10:25.2394:3p:1:21:249	4	0.0	0.25837940000000004	8.145972180700792	0	0	0	0		1	False	0
efae-SAMN36766198	GP_6	Contig:3:557.506:Circ:5212	4	0.0	0.4999738	15.19049658941176	GP_unb_7	Contig:10:25.2394:3p:1:28:248	4	0.0	0.25746256	8.16017778513324	0	0	0	0		1	False	0
efae-SAMN36766198	GP_6	Contig:3:557.506:Circ:5212	4	0.0	0.4999738	15.19049658941176	GP_unb_8	Contig:114:52.4611:3p:1:16:257	4	0.0	0.4742925	19.31938898942107	0	0	0	0		1	False	0
efae-SAMN36766198	GP_6	Contig:3:557.506:Circ:5212	4	0.0	0.4999738	15.19049658941176	GP_unb_9	Contig:130:27.6191:3p:1:10:502	4	0.0	0.24299574000000002	2.775089481067581	0	0	0	0		1	False	0
efae-SAMN36766198	GP_6	Contig:3:557.506:Circ:5212	4	0.0	0.4999738	15.19049658941176	GP_unb_10	Contig:215:27.9455:3p:1:10:124	4	0.0	0.25396514000000003	0.8776648524847006	0	0	0	0		1	False	0
efae-SAMN36766198	GP_6	Contig:3:557.506:Circ:5212	4	0.0	0.4999738	15.19049658941176	GP_unb_11	Contig:95:46.1806:5p:1:3:155	2	0.0	0.011536400000000002	0.9467025575227276	0	0	0	0		1	False	0
efae-SAMN36766198	GP_6	Contig:3:557.506:Circ:5212	4	0.0	0.4999738	15.19049658941176	GP_unb_12	Contig:95:46.1806:5p:1:4:154	2	0.0	0.008517600000000014	0.9655640609239318	0	0	0	0		1	False	0
efae-SAMN36766198	GP_7	Contig:4:1133.74:Circ:4377	4	0.0	0.49997270000000005	34.132804831832814	GP_8	Contig:5:610.665:Circ:2947	4	0.0	0.49994689999999997	16.89013068211628	0	0	0	0		1	False	0
efae-SAMN36766198	GP_7	Contig:4:1133.74:Circ:4377	4	0.0	0.49997270000000005	34.132804831832814	GP_unb_1	Contig:101:24.9007:3p:1:11:178	4	0.0	0.34045552999999995	3.33844708573447	0	0	0	0		1	False	0
efae-SAMN36766198	GP_7	Contig:4:1133.74:Circ:4377	4	0.0	0.49997270000000005	34.132804831832814	GP_unb_2	Contig:101:24.9007:3p:1:16:391	4	0.0	0.012934099999999948	1.4676421258196906	0	0	0	0		1	False	0
efae-SAMN36766198	GP_7	Contig:4:1133.74:Circ:4377	4	0.0	0.49997270000000005	34.132804831832814	GP_unb_3	Contig:101:24.9007:3p:1:46:216	3	0.0	0.28410230000000003	1.0129769999067546	0	0	0	0		1	False	0
efae-SAMN36766198	GP_7	Contig:4:1133.74:Circ:4377	4	0.0	0.49997270000000005	34.132804831832814	GP_unb_4	Contig:101:24.9007:3p:1:59:140	3	0.0	0.2575541	4.999813610278018	0	0	0	0		1	False	0
efae-SAMN36766198	GP_7	Contig:4:1133.74:Circ:4377	4	0.0	0.49997270000000005	34.132804831832814	GP_unb_5	Contig:10:25.2394:3p:1:5:249	4	0.0	0.2406254	8.145972180700792	0	0	0	0		1	False	0
efae-SAMN36766198	GP_7	Contig:4:1133.74:Circ:4377	4	0.0	0.49997270000000005	34.132804831832814	GP_unb_6	Contig:10:25.2394:3p:1:21:249	4	0.0	0.25837940000000004	8.145972180700792	0	0	0	0		1	False	0
efae-SAMN36766198	GP_7	Contig:4:1133.74:Circ:4377	4	0.0	0.49997270000000005	34.132804831832814	GP_unb_7	Contig:10:25.2394:3p:1:28:248	4	0.0	0.25746256	8.16017778513324	0	0	0	0		1	False	0
efae-SAMN36766198	GP_7	Contig:4:1133.74:Circ:4377	4	0.0	0.49997270000000005	34.132804831832814	GP_unb_8	Contig:114:52.4611:3p:1:16:257	4	0.0	0.4742925	19.31938898942107	0	0	0	0		1	False	0
efae-SAMN36766198	GP_7	Contig:4:1133.74:Circ:4377	4	0.0	0.49997270000000005	34.132804831832814	GP_unb_9	Contig:130:27.6191:3p:1:10:502	4	0.0	0.24299574000000002	2.775089481067581	0	0	0	0		1	False	0
efae-SAMN36766198	GP_7	Contig:4:1133.74:Circ:4377	4	0.0	0.49997270000000005	34.132804831832814	GP_unb_10	Contig:215:27.9455:3p:1:10:124	4	0.0	0.25396514000000003	0.8776648524847006	0	0	0	0		1	False	0
efae-SAMN36766198	GP_7	Contig:4:1133.74:Circ:4377	4	0.0	0.49997270000000005	34.132804831832814	GP_unb_11	Contig:95:46.1806:5p:1:3:155	2	0.0	0.011536400000000002	0.9467025575227276	0	0	0	0		1	False	0
efae-SAMN36766198	GP_7	Contig:4:1133.74:Circ:4377	4	0.0	0.49997270000000005	34.132804831832814	GP_unb_12	Contig:95:46.1806:5p:1:4:154	2	0.0	0.008517600000000014	0.9655640609239318	0	0	0	0		1	False	0
efae-SAMN36766198	GP_8	Contig:5:610.665:Circ:2947	4	0.0	0.49994689999999997	16.89013068211628	GP_unb_1	Contig:101:24.9007:3p:1:11:178	4	0.0	0.34045552999999995	3.33844708573447	0	0	0	0		1	False	0
efae-SAMN36766198	GP_8	Contig:5:610.665:Circ:2947	4	0.0	0.49994689999999997	16.89013068211628	GP_unb_2	Contig:101:24.9007:3p:1:16:391	4	0.0	0.012934099999999948	1.4676421258196906	0	0	0	0		1	False	0
efae-SAMN36766198	GP_8	Contig:5:610.665:Circ:2947	4	0.0	0.49994689999999997	16.89013068211628	GP_unb_3	Contig:101:24.9007:3p:1:46:216	3	0.0	0.28410230000000003	1.0129769999067546	0	0	0	0		1	False	0
efae-SAMN36766198	GP_8	Contig:5:610.665:Circ:2947	4	0.0	0.49994689999999997	16.89013068211628	GP_unb_4	Contig:101:24.9007:3p:1:59:140	3	0.0	0.2575541	4.999813610278018	0	0	0	0		1	False	0
efae-SAMN36766198	GP_8	Contig:5:610.665:Circ:2947	4	0.0	0.49994689999999997	16.89013068211628	GP_unb_5	Contig:10:25.2394:3p:1:5:249	4	0.0	0.2406254	8.145972180700792	0	0	0	0		1	False	0
efae-SAMN36766198	GP_8	Contig:5:610.665:Circ:2947	4	0.0	0.49994689999999997	16.89013068211628	GP_unb_6	Contig:10:25.2394:3p:1:21:249	4	0.0	0.25837940000000004	8.145972180700792	0	0	0	0		1	False	0
efae-SAMN36766198	GP_8	Contig:5:610.665:Circ:2947	4	0.0	0.49994689999999997	16.89013068211628	GP_unb_7	Contig:10:25.2394:3p:1:28:248	4	0.0	0.25746256	8.16017778513324	0	0	0	0		1	False	0
efae-SAMN36766198	GP_8	Contig:5:610.665:Circ:2947	4	0.0	0.49994689999999997	16.89013068211628	GP_unb_8	Contig:114:52.4611:3p:1:16:257	4	0.0	0.4742925	19.31938898942107	0	0	0	0		1	False	0
efae-SAMN36766198	GP_8	Contig:5:610.665:Circ:2947	4	0.0	0.49994689999999997	16.89013068211628	GP_unb_9	Contig:130:27.6191:3p:1:10:502	4	0.0	0.24299574000000002	2.775089481067581	0	0	0	0		1	False	0
efae-SAMN36766198	GP_8	Contig:5:610.665:Circ:2947	4	0.0	0.49994689999999997	16.89013068211628	GP_unb_10	Contig:215:27.9455:3p:1:10:124	4	0.0	0.25396514000000003	0.8776648524847006	0	0	0	0		1	False	0
efae-SAMN36766198	GP_8	Contig:5:610.665:Circ:2947	4	0.0	0.49994689999999997	16.89013068211628	GP_unb_11	Contig:95:46.1806:5p:1:3:155	2	0.0	0.011536400000000002	0.9467025575227276	0	0	0	0		1	False	0
efae-SAMN36766198	GP_8	Contig:5:610.665:Circ:2947	4	0.0	0.49994689999999997	16.89013068211628	GP_unb_12	Contig:95:46.1806:5p:1:4:154	2	0.0	0.008517600000000014	0.9655640609239318	0	0	0	0		1	False	0
efae-SAMN36766198	GP_unb_1	Contig:101:24.9007:3p:1:11:178	4	0.0	0.34045552999999995	3.33844708573447	GP_unb_2	Contig:101:24.9007:3p:1:16:391	4	0.0	0.012934099999999948	1.4676421258196906	4	-0.02116933224627207	19.87603987	0.06992548970690766	Contig:100:199.848:1010,Contig:103:80.1581:8374,Contig:116:27.1631:28646,Contig:118:25.441:28638,Contig:119:46.5405:3664,Contig:121:24.1882:3607,Contig:126:38.8227:588,Contig:134:160.224:1560,Contig:135:49.4223:982,Contig:141:30.8579:20838,Contig:143:30.4444:3756,Contig:156:133.506:1466,Contig:171:42.7031:1812,Contig:172:117.978:516,Contig:175:365.441:2275,Contig:178:77.3071:1930,Contig:17:27.4147:3981,Contig:180:30.2056:15810,Contig:181:301.047:556,Contig:185:68.6101:5498,Contig:188:23.7944:1006,Contig:18:50.3446:7379,Contig:193:32.7062:1363,Contig:199:22.4047:7574,Contig:208:75.043:1223,Contig:210:29.1518:4157,Contig:214:24.7711:19716,Contig:219:22.9984:3866,Contig:220:28.104:5029,Contig:227:27.0759:3363,Contig:24:28.8849:7536,Contig:30:25.8188:954,Contig:40:27.2622:2156,Contig:43:103.389:5374,Contig:46:53.3597:474,Contig:54:295.909:853,Contig:68:53.9197:4947,Contig:7:161.077:657,Contig:81:858.248:1505,Contig:87:240.223:533,Contig:88:39.8911:3839,Contig:90:73.8148:2331,Contig:97:27.5744:34153,Contig:98:44.1195:1579,Contig:99:90.8515:10485,Contig:100:199.848:5p:1:10:450,Contig:101:24.9007:3p:1:13:267,Contig:101:24.9007:3p:1:48:194,Contig:101:24.9007:3p:1:60:231,Contig:10:25.2394:3p:1:11:249,Contig:10:25.2394:3p:1:23:375,Contig:10:25.2394:3p:1:29:248,Contig:114:52.4611:3p:1:15:257,Contig:114:52.4611:3p:1:17:198,Contig:114:52.4611:3p:1:34:611,Contig:116:27.1631:3p:1:8:860,Contig:116:27.1631:5p:1:17:102,Contig:116:27.1631:5p:1:25:102,Contig:116:27.1631:5p:1:29:100,Contig:128:24.4415:5p:1:9:704,Contig:128:24.4415:5p:1:18:144,Contig:128:24.4415:5p:1:22:242,Contig:128:24.4415:5p:1:29:803,Contig:135:49.4223:3p:1:5:193,Contig:135:49.4223:3p:1:17:130,Contig:135:49.4223:3p:1:22:443,Contig:135:49.4223:3p:1:23:146,Contig:135:49.4223:3p:1:26:124,Contig:135:49.4223:3p:1:27:124,Contig:172:117.978:5p:1:7:226,Contig:172:117.978:5p:1:9:177,Contig:172:117.978:5p:1:10:177,Contig:18:50.3446:3p:1:5:241,Contig:18:50.3446:3p:1:6:494,Contig:18:50.3446:3p:1:7:493,Contig:7:161.077:5p:1:4:515,Contig:90:73.8148:5p:1:3:553	0	False	0
efae-SAMN36766198	GP_unb_1	Contig:101:24.9007:3p:1:11:178	4	0.0	0.34045552999999995	3.33844708573447	GP_unb_3	Contig:101:24.9007:3p:1:46:216	3	0.0	0.28410230000000003	1.0129769999067546	4	-0.04935748671607204	20.836248309999995	0.06992548970629286	Contig:100:199.848:1010,Contig:103:80.1581:8374,Contig:116:27.1631:28646,Contig:118:25.441:28638,Contig:119:46.5405:3664,Contig:121:24.1882:3607,Contig:126:38.8227:588,Contig:134:160.224:1560,Contig:135:49.4223:982,Contig:137:41.0658:11862,Contig:141:30.8579:20838,Contig:143:30.4444:3756,Contig:147:43.2871:1852,Contig:156:133.506:1466,Contig:171:42.7031:1812,Contig:172:117.978:516,Contig:175:365.441:2275,Contig:178:77.3071:1930,Contig:17:27.4147:3981,Contig:180:30.2056:15810,Contig:181:301.047:556,Contig:185:68.6101:5498,Contig:188:23.7944:1006,Contig:18:50.3446:7379,Contig:193:32.7062:1363,Contig:199:22.4047:7574,Contig:208:75.043:1223,Contig:210:29.1518:4157,Contig:214:24.7711:19716,Contig:219:22.9984:3866,Contig:220:28.104:5029,Contig:222:53.0958:13945,Contig:24:28.8849:7536,Contig:30:25.8188:954,Contig:40:27.2622:2156,Contig:43:103.389:5374,Contig:46:53.3597:474,Contig:53:144.545:1056,Contig:54:295.909:853,Contig:68:53.9197:4947,Contig:7:161.077:657,Contig:81:858.248:1505,Contig:87:240.223:533,Contig:88:39.8911:3839,Contig:90:73.8148:2331,Contig:97:27.5744:34153,Contig:98:44.1195:1579,Contig:99:90.8515:10485,Contig:100:199.848:5p:1:10:450,Contig:101:24.9007:3p:1:13:267,Contig:101:24.9007:3p:1:48:194,Contig:101:24.9007:3p:1:60:231,Contig:10:25.2394:3p:1:11:249,Contig:10:25.2394:3p:1:23:375,Contig:10:25.2394:3p:1:29:248,Contig:114:52.4611:3p:1:15:257,Contig:114:52.4611:3p:1:17:198,Contig:114:52.4611:3p:1:34:611,Contig:116:27.1631:3p:1:8:860,Contig:116:27.1631:5p:1:17:102,Contig:116:27.1631:5p:1:25:102,Contig:116:27.1631:5p:1:29:100,Contig:128:24.4415:5p:1:9:704,Contig:128:24.4415:5p:1:18:144,Contig:128:24.4415:5p:1:22:242,Contig:128:24.4415:5p:1:29:803,Contig:135:49.4223:3p:1:5:193,Contig:135:49.4223:3p:1:17:130,Contig:135:49.4223:3p:1:22:443,Contig:135:49.4223:3p:1:23:146,Contig:135:49.4223:3p:1:26:124,Contig:135:49.4223:3p:1:27:124,Contig:172:117.978:5p:1:7:226,Contig:172:117.978:5p:1:9:177,Contig:172:117.978:5p:1:10:177,Contig:18:50.3446:3p:1:5:241,Contig:18:50.3446:3p:1:6:494,Contig:18:50.3446:3p:1:7:493,Contig:7:161.077:5p:1:4:515,Contig:90:73.8148:5p:1:3:553	0	False	0
efae-SAMN36766198	GP_unb_1	Contig:101:24.9007:3p:1:11:178	4	0.0	0.34045552999999995	3.33844708573447	GP_unb_4	Contig:101:24.9007:3p:1:59:140	3	0.0	0.2575541	4.999813610278018	4	-0.046925937133876855	20.105694109999998	0.06992548970629286	Contig:100:199.848:1010,Contig:103:80.1581:8374,Contig:116:27.1631:28646,Contig:118:25.441:28638,Contig:119:46.5405:3664,Contig:121:24.1882:3607,Contig:126:38.8227:588,Contig:134:160.224:1560,Contig:135:49.4223:982,Contig:137:41.0658:11862,Contig:141:30.8579:20838,Contig:147:43.2871:1852,Contig:171:42.7031:1812,Contig:172:117.978:516,Contig:175:365.441:2275,Contig:178:77.3071:1930,Contig:17:27.4147:3981,Contig:180:30.2056:15810,Contig:181:301.047:556,Contig:185:68.6101:5498,Contig:188:23.7944:1006,Contig:193:32.7062:1363,Contig:199:22.4047:7574,Contig:208:75.043:1223,Contig:210:29.1518:4157,Contig:219:22.9984:3866,Contig:220:28.104:5029,Contig:222:53.0958:13945,Contig:24:28.8849:7536,Contig:30:25.8188:954,Contig:40:27.2622:2156,Contig:43:103.389:5374,Contig:46:53.3597:474,Contig:53:144.545:1056,Contig:54:295.909:853,Contig:68:53.9197:4947,Contig:77:47.3369:2279,Contig:7:161.077:657,Contig:81:858.248:1505,Contig:87:240.223:533,Contig:88:39.8911:3839,Contig:90:73.8148:2331,Contig:97:27.5744:34153,Contig:98:44.1195:1579,Contig:99:90.8515:10485,Contig:100:199.848:5p:1:10:450,Contig:101:24.9007:3p:1:13:267,Contig:101:24.9007:3p:1:43:923,Contig:101:24.9007:3p:1:48:194,Contig:101:24.9007:3p:1:60:231,Contig:10:25.2394:3p:1:11:249,Contig:114:52.4611:3p:1:15:257,Contig:114:52.4611:3p:1:17:198,Contig:114:52.4611:3p:1:34:611,Contig:116:27.1631:3p:1:8:860,Contig:116:27.1631:5p:1:17:102,Contig:116:27.1631:5p:1:25:102,Contig:116:27.1631:5p:1:29:100,Contig:128:24.4415:5p:1:9:704,Contig:128:24.4415:5p:1:18:144,Contig:128:24.4415:5p:1:22:242,Contig:128:24.4415:5p:1:29:803,Contig:135:49.4223:3p:1:5:193,Contig:135:49.4223:3p:1:17:130,Contig:135:49.4223:3p:1:22:443,Contig:135:49.4223:3p:1:23:146,Contig:135:49.4223:3p:1:26:124,Contig:135:49.4223:3p:1:27:124,Contig:172:117.978:5p:1:7:226,Contig:172:117.978:5p:1:9:177,Contig:172:117.978:5p:1:10:177,Contig:18:50.3446:3p:1:5:241,Contig:18:50.3446:3p:1:7:493,Contig:7:161.077:5p:1:4:515,Contig:90:73.8148:5p:1:3:553	0	False	0
efae-SAMN36766198	GP_unb_1	Contig:101:24.9007:3p:1:11:178	4	0.0	0.34045552999999995	3.33844708573447	GP_unb_5	Contig:10:25.2394:3p:1:5:249	4	0.0	0.2406254	8.145972180700792	4	-0.04292261884481849	20.121412929999998	0.06992548970629286	Contig:100:199.848:1010,Contig:103:80.1581:8374,Contig:116:27.1631:28646,Contig:118:25.441:28638,Contig:119:46.5405:3664,Contig:121:24.1882:3607,Contig:126:38.8227:588,Contig:134:160.224:1560,Contig:135:49.4223:982,Contig:137:41.0658:11862,Contig:141:30.8579:20838,Contig:147:43.2871:1852,Contig:171:42.7031:1812,Contig:172:117.978:516,Contig:175:365.441:2275,Contig:178:77.3071:1930,Contig:17:27.4147:3981,Contig:180:30.2056:15810,Contig:181:301.047:556,Contig:185:68.6101:5498,Contig:188:23.7944:1006,Contig:193:32.7062:1363,Contig:199:22.4047:7574,Contig:208:75.043:1223,Contig:210:29.1518:4157,Contig:219:22.9984:3866,Contig:220:28.104:5029,Contig:222:53.0958:13945,Contig:24:28.8849:7536,Contig:30:25.8188:954,Contig:40:27.2622:2156,Contig:43:103.389:5374,Contig:46:53.3597:474,Contig:53:144.545:1056,Contig:54:295.909:853,Contig:68:53.9197:4947,Contig:77:47.3369:2279,Contig:7:161.077:657,Contig:81:858.248:1505,Contig:87:240.223:533,Contig:88:39.8911:3839,Contig:90:73.8148:2331,Contig:97:27.5744:34153,Contig:98:44.1195:1579,Contig:99:90.8515:10485,Contig:100:199.848:5p:1:10:450,Contig:101:24.9007:3p:1:13:267,Contig:101:24.9007:3p:1:48:194,Contig:101:24.9007:3p:1:60:231,Contig:10:25.2394:3p:1:11:249,Contig:114:52.4611:3p:1:15:257,Contig:114:52.4611:3p:1:17:198,Contig:114:52.4611:3p:1:34:611,Contig:116:27.1631:3p:1:8:860,Contig:116:27.1631:5p:1:17:102,Contig:116:27.1631:5p:1:25:102,Contig:116:27.1631:5p:1:29:100,Contig:128:24.4415:5p:1:9:704,Contig:128:24.4415:5p:1:18:144,Contig:128:24.4415:5p:1:22:242,Contig:128:24.4415:5p:1:29:803,Contig:135:49.4223:3p:1:5:193,Contig:135:49.4223:3p:1:17:130,Contig:135:49.4223:3p:1:22:443,Contig:135:49.4223:3p:1:23:146,Contig:135:49.4223:3p:1:26:124,Contig:135:49.4223:3p:1:27:124,Contig:172:117.978:5p:1:7:226,Contig:172:117.978:5p:1:9:177,Contig:172:117.978:5p:1:10:177,Contig:18:50.3446:3p:1:5:241,Contig:18:50.3446:3p:1:7:493,Contig:7:161.077:5p:1:4:515,Contig:90:73.8148:5p:1:3:553	0	False	0
efae-SAMN36766198	GP_unb_1	Contig:101:24.9007:3p:1:11:178	4	0.0	0.34045552999999995	3.33844708573447	GP_unb_6	Contig:10:25.2394:3p:1:21:249	4	0.0	0.25837940000000004	8.145972180700792	4	-0.04846965611968948	20.912649309999995	0.06992548970629286	Contig:100:199.848:1010,Contig:103:80.1581:8374,Contig:116:27.1631:28646,Contig:118:25.441:28638,Contig:119:46.5405:3664,Contig:121:24.1882:3607,Contig:126:38.8227:588,Contig:134:160.224:1560,Contig:135:49.4223:982,Contig:137:41.0658:11862,Contig:141:30.8579:20838,Contig:143:30.4444:3756,Contig:147:43.2871:1852,Contig:156:133.506:1466,Contig:171:42.7031:1812,Contig:172:117.978:516,Contig:175:365.441:2275,Contig:178:77.3071:1930,Contig:17:27.4147:3981,Contig:180:30.2056:15810,Contig:181:301.047:556,Contig:185:68.6101:5498,Contig:188:23.7944:1006,Contig:193:32.7062:1363,Contig:199:22.4047:7574,Contig:208:75.043:1223,Contig:210:29.1518:4157,Contig:219:22.9984:3866,Contig:220:28.104:5029,Contig:222:53.0958:13945,Contig:24:28.8849:7536,Contig:30:25.8188:954,Contig:40:27.2622:2156,Contig:43:103.389:5374,Contig:46:53.3597:474,Contig:53:144.545:1056,Contig:54:295.909:853,Contig:58:25.5015:1996,Contig:68:53.9197:4947,Contig:77:47.3369:2279,Contig:7:161.077:657,Contig:81:858.248:1505,Contig:87:240.223:533,Contig:88:39.8911:3839,Contig:90:73.8148:2331,Contig:97:27.5744:34153,Contig:98:44.1195:1579,Contig:99:90.8515:10485,Contig:100:199.848:5p:1:10:450,Contig:101:24.9007:3p:1:13:267,Contig:101:24.9007:3p:1:48:194,Contig:101:24.9007:3p:1:60:231,Contig:10:25.2394:3p:1:11:249,Contig:10:25.2394:3p:1:17:375,Contig:10:25.2394:3p:1:23:375,Contig:10:25.2394:3p:1:29:248,Contig:114:52.4611:3p:1:15:257,Contig:114:52.4611:3p:1:17:198,Contig:114:52.4611:3p:1:34:611,Contig:116:27.1631:3p:1:8:860,Contig:116:27.1631:5p:1:17:102,Contig:116:27.1631:5p:1:25:102,Contig:116:27.1631:5p:1:29:100,Contig:128:24.4415:5p:1:9:704,Contig:128:24.4415:5p:1:18:144,Contig:128:24.4415:5p:1:22:242,Contig:128:24.4415:5p:1:29:803,Contig:135:49.4223:3p:1:5:193,Contig:135:49.4223:3p:1:17:130,Contig:135:49.4223:3p:1:22:443,Contig:135:49.4223:3p:1:23:146,Contig:135:49.4223:3p:1:26:124,Contig:135:49.4223:3p:1:27:124,Contig:172:117.978:5p:1:7:226,Contig:172:117.978:5p:1:9:177,Contig:172:117.978:5p:1:10:177,Contig:18:50.3446:3p:1:5:241,Contig:18:50.3446:3p:1:7:493,Contig:7:161.077:5p:1:4:515,Contig:90:73.8148:5p:1:3:553	0	False	0
efae-SAMN36766198	GP_unb_1	Contig:101:24.9007:3p:1:11:178	4	0.0	0.34045552999999995	3.33844708573447	GP_unb_7	Contig:10:25.2394:3p:1:28:248	4	0.0	0.25746256	8.16017778513324	4	-0.04846965611968948	20.911732469999997	0.06992548970629277	Contig:100:199.848:1010,Contig:103:80.1581:8374,Contig:116:27.1631:28646,Contig:118:25.441:28638,Contig:119:46.5405:3664,Contig:121:24.1882:3607,Contig:126:38.8227:588,Contig:134:160.224:1560,Contig:135:49.4223:982,Contig:137:41.0658:11862,Contig:141:30.8579:20838,Contig:143:30.4444:3756,Contig:147:43.2871:1852,Contig:156:133.506:1466,Contig:171:42.7031:1812,Contig:172:117.978:516,Contig:175:365.441:2275,Contig:178:77.3071:1930,Contig:17:27.4147:3981,Contig:180:30.2056:15810,Contig:181:301.047:556,Contig:185:68.6101:5498,Contig:188:23.7944:1006,Contig:193:32.7062:1363,Contig:199:22.4047:7574,Contig:208:75.043:1223,Contig:210:29.1518:4157,Contig:219:22.9984:3866,Contig:220:28.104:5029,Contig:222:53.0958:13945,Contig:24:28.8849:7536,Contig:30:25.8188:954,Contig:40:27.2622:2156,Contig:43:103.389:5374,Contig:46:53.3597:474,Contig:53:144.545:1056,Contig:54:295.909:853,Contig:58:25.5015:1996,Contig:68:53.9197:4947,Contig:77:47.3369:2279,Contig:7:161.077:657,Contig:81:858.248:1505,Contig:87:240.223:533,Contig:88:39.8911:3839,Contig:90:73.8148:2331,Contig:97:27.5744:34153,Contig:98:44.1195:1579,Contig:99:90.8515:10485,Contig:100:199.848:5p:1:10:450,Contig:101:24.9007:3p:1:13:267,Contig:101:24.9007:3p:1:48:194,Contig:101:24.9007:3p:1:60:231,Contig:10:25.2394:3p:1:11:249,Contig:10:25.2394:3p:1:17:375,Contig:10:25.2394:3p:1:23:375,Contig:10:25.2394:3p:1:29:248,Contig:114:52.4611:3p:1:15:257,Contig:114:52.4611:3p:1:17:198,Contig:114:52.4611:3p:1:34:611,Contig:116:27.1631:3p:1:8:860,Contig:116:27.1631:5p:1:17:102,Contig:116:27.1631:5p:1:25:102,Contig:116:27.1631:5p:1:29:100,Contig:128:24.4415:5p:1:9:704,Contig:128:24.4415:5p:1:18:144,Contig:128:24.4415:5p:1:22:242,Contig:128:24.4415:5p:1:29:803,Contig:135:49.4223:3p:1:5:193,Contig:135:49.4223:3p:1:17:130,Contig:135:49.4223:3p:1:22:443,Contig:135:49.4223:3p:1:23:146,Contig:135:49.4223:3p:1:26:124,Contig:135:49.4223:3p:1:27:124,Contig:172:117.978:5p:1:7:226,Contig:172:117.978:5p:1:9:177,Contig:172:117.978:5p:1:10:177,Contig:18:50.3446:3p:1:5:241,Contig:18:50.3446:3p:1:7:493,Contig:7:161.077:5p:1:4:515,Contig:90:73.8148:5p:1:3:553	0	False	0
efae-SAMN36766198	GP_unb_1	Contig:101:24.9007:3p:1:11:178	4	0.0	0.34045552999999995	3.33844708573447	GP_unb_8	Contig:114:52.4611:3p:1:16:257	4	0.0	0.4742925	19.31938898942107	4	-0.04573274570363697	20.626768509999998	0.06992548970629286	Contig:100:199.848:1010,Contig:103:80.1581:8374,Contig:116:27.1631:28646,Contig:118:25.441:28638,Contig:119:46.5405:3664,Contig:121:24.1882:3607,Contig:126:38.8227:588,Contig:134:160.224:1560,Contig:135:49.4223:982,Contig:141:30.8579:20838,Contig:143:30.4444:3756,Contig:156:133.506:1466,Contig:167:27.633:5342,Contig:171:42.7031:1812,Contig:172:117.978:516,Contig:175:365.441:2275,Contig:178:77.3071:1930,Contig:17:27.4147:3981,Contig:180:30.2056:15810,Contig:181:301.047:556,Contig:185:68.6101:5498,Contig:188:23.7944:1006,Contig:18:50.3446:7379,Contig:193:32.7062:1363,Contig:199:22.4047:7574,Contig:207:284.019:1236,Contig:208:75.043:1223,Contig:210:29.1518:4157,Contig:214:24.7711:19716,Contig:219:22.9984:3866,Contig:220:28.104:5029,Contig:222:53.0958:13945,Contig:24:28.8849:7536,Contig:30:25.8188:954,Contig:40:27.2622:2156,Contig:43:103.389:5374,Contig:46:53.3597:474,Contig:53:144.545:1056,Contig:54:295.909:853,Contig:68:53.9197:4947,Contig:7:161.077:657,Contig:81:858.248:1505,Contig:87:240.223:533,Contig:88:39.8911:3839,Contig:90:73.8148:2331,Contig:97:27.5744:34153,Contig:98:44.1195:1579,Contig:99:90.8515:10485,Contig:100:199.848:5p:1:10:450,Contig:101:24.9007:3p:1:13:267,Contig:101:24.9007:3p:1:48:194,Contig:101:24.9007:3p:1:60:231,Contig:10:25.2394:3p:1:11:249,Contig:10:25.2394:3p:1:23:375,Contig:10:25.2394:3p:1:29:248,Contig:114:52.4611:3p:1:15:257,Contig:114:52.4611:3p:1:17:198,Contig:114:52.4611:3p:1:34:611,Contig:116:27.1631:3p:1:8:860,Contig:116:27.1631:5p:1:17:102,Contig:116:27.1631:5p:1:25:102,Contig:116:27.1631:5p:1:29:100,Contig:128:24.4415:5p:1:9:704,Contig:128:24.4415:5p:1:18:144,Contig:128:24.4415:5p:1:22:242,Contig:128:24.4415:5p:1:29:803,Contig:135:49.4223:3p:1:5:193,Contig:135:49.4223:3p:1:17:130,Contig:135:49.4223:3p:1:22:443,Contig:135:49.4223:3p:1:23:146,Contig:135:49.4223:3p:1:26:124,Contig:135:49.4223:3p:1:27:124,Contig:172:117.978:5p:1:7:226,Contig:172:117.978:5p:1:9:177,Contig:172:117.978:5p:1:10:177,Contig:18:50.3446:3p:1:5:241,Contig:18:50.3446:3p:1:6:494,Contig:18:50.3446:3p:1:7:493,Contig:7:161.077:5p:1:4:515,Contig:90:73.8148:5p:1:3:553	0	False	0
efae-SAMN36766198	GP_unb_1	Contig:101:24.9007:3p:1:11:178	4	0.0	0.34045552999999995	3.33844708573447	GP_unb_9	Contig:130:27.6191:3p:1:10:502	4	0.0	0.24299574000000002	2.775089481067581	4	-0.04292261884481849	20.892978889999995	0.06992548970629292	Contig:100:199.848:1010,Contig:103:80.1581:8374,Contig:116:27.1631:28646,Contig:118:25.441:28638,Contig:119:46.5405:3664,Contig:121:24.1882:3607,Contig:126:38.8227:588,Contig:134:160.224:1560,Contig:135:49.4223:982,Contig:137:41.0658:11862,Contig:141:30.8579:20838,Contig:143:30.4444:3756,Contig:147:43.2871:1852,Contig:156:133.506:1466,Contig:166:27.085:3884,Contig:171:42.7031:1812,Contig:172:117.978:516,Contig:175:365.441:2275,Contig:178:77.3071:1930,Contig:17:27.4147:3981,Contig:180:30.2056:15810,Contig:181:301.047:556,Contig:185:68.6101:5498,Contig:188:23.7944:1006,Contig:193:32.7062:1363,Contig:199:22.4047:7574,Contig:208:75.043:1223,Contig:210:29.1518:4157,Contig:214:24.7711:19716,Contig:219:22.9984:3866,Contig:220:28.104:5029,Contig:222:53.0958:13945,Contig:24:28.8849:7536,Contig:30:25.8188:954,Contig:40:27.2622:2156,Contig:43:103.389:5374,Contig:46:53.3597:474,Contig:53:144.545:1056,Contig:54:295.909:853,Contig:68:53.9197:4947,Contig:77:47.3369:2279,Contig:7:161.077:657,Contig:81:858.248:1505,Contig:87:240.223:533,Contig:88:39.8911:3839,Contig:90:73.8148:2331,Contig:97:27.5744:34153,Contig:98:44.1195:1579,Contig:99:90.8515:10485,Contig:100:199.848:5p:1:10:450,Contig:101:24.9007:3p:1:13:267,Contig:101:24.9007:3p:1:48:194,Contig:101:24.9007:3p:1:60:231,Contig:10:25.2394:3p:1:11:249,Contig:10:25.2394:3p:1:23:375,Contig:10:25.2394:3p:1:29:248,Contig:114:52.4611:3p:1:15:257,Contig:114:52.4611:3p:1:17:198,Contig:114:52.4611:3p:1:34:611,Contig:116:27.1631:3p:1:8:860,Contig:116:27.1631:5p:1:17:102,Contig:116:27.1631:5p:1:25:102,Contig:116:27.1631:5p:1:29:100,Contig:128:24.4415:5p:1:9:704,Contig:128:24.4415:5p:1:18:144,Contig:128:24.4415:5p:1:22:242,Contig:128:24.4415:5p:1:29:803,Contig:135:49.4223:3p:1:5:193,Contig:135:49.4223:3p:1:17:130,Contig:135:49.4223:3p:1:22:443,Contig:135:49.4223:3p:1:23:146,Contig:135:49.4223:3p:1:26:124,Contig:135:49.4223:3p:1:27:124,Contig:172:117.978:5p:1:7:226,Contig:172:117.978:5p:1:9:177,Contig:172:117.978:5p:1:10:177,Contig:18:50.3446:3p:1:5:241,Contig:18:50.3446:3p:1:6:494,Contig:18:50.3446:3p:1:7:493,Contig:7:161.077:5p:1:4:515,Contig:90:73.8148:5p:1:3:553	0	False	0
efae-SAMN36766198	GP_unb_1	Contig:101:24.9007:3p:1:11:178	4	0.0	0.34045552999999995	3.33844708573447	GP_unb_10	Contig:215:27.9455:3p:1:10:124	4	0.0	0.25396514000000003	0.8776648524847006	4	-0.06646756131814607	21.026244710000004	0.06992548970629286	Contig:100:199.848:1010,Contig:103:80.1581:8374,Contig:116:27.1631:28646,Contig:119:46.5405:3664,Contig:121:24.1882:3607,Contig:126:38.8227:588,Contig:134:160.224:1560,Contig:135:49.4223:982,Contig:137:41.0658:11862,Contig:141:30.8579:20838,Contig:143:30.4444:3756,Contig:147:43.2871:1852,Contig:156:133.506:1466,Contig:171:42.7031:1812,Contig:172:117.978:516,Contig:175:365.441:2275,Contig:178:77.3071:1930,Contig:17:27.4147:3981,Contig:180:30.2056:15810,Contig:181:301.047:556,Contig:185:68.6101:5498,Contig:188:23.7944:1006,Contig:199:22.4047:7574,Contig:203:31.5652:2408,Contig:208:75.043:1223,Contig:210:29.1518:4157,Contig:215:27.9455:3419,Contig:220:28.104:5029,Contig:222:53.0958:13945,Contig:24:28.8849:7536,Contig:30:25.8188:954,Contig:40:27.2622:2156,Contig:43:103.389:5374,Contig:46:53.3597:474,Contig:53:144.545:1056,Contig:54:295.909:853,Contig:68:53.9197:4947,Contig:77:47.3369:2279,Contig:7:161.077:657,Contig:81:858.248:1505,Contig:87:240.223:533,Contig:90:73.8148:2331,Contig:94:24.6327:9567,Contig:97:27.5744:34153,Contig:99:90.8515:10485,Contig:100:199.848:5p:1:10:450,Contig:101:24.9007:3p:1:13:267,Contig:101:24.9007:3p:1:48:194,Contig:101:24.9007:3p:1:60:231,Contig:10:25.2394:3p:1:11:249,Contig:10:25.2394:3p:1:23:375,Contig:10:25.2394:3p:1:29:248,Contig:114:52.4611:3p:1:15:257,Contig:114:52.4611:3p:1:17:198,Contig:114:52.4611:3p:1:34:611,Contig:116:27.1631:3p:1:8:860,Contig:116:27.1631:5p:1:17:102,Contig:116:27.1631:5p:1:25:102,Contig:116:27.1631:5p:1:29:100,Contig:128:24.4415:5p:1:9:704,Contig:128:24.4415:5p:1:18:144,Contig:128:24.4415:5p:1:22:242,Contig:128:24.4415:5p:1:29:803,Contig:135:49.4223:3p:1:5:193,Contig:135:49.4223:3p:1:17:130,Contig:135:49.4223:3p:1:22:443,Contig:135:49.4223:3p:1:23:146,Contig:135:49.4223:3p:1:26:124,Contig:135:49.4223:3p:1:27:124,Contig:172:117.978:5p:1:7:226,Contig:172:117.978:5p:1:9:177,Contig:172:117.978:5p:1:10:177,Contig:18:50.3446:3p:1:5:241,Contig:18:50.3446:3p:1:6:494,Contig:18:50.3446:3p:1:7:493,Contig:215:27.9455:3p:1:3:113,Contig:215:27.9455:3p:1:7:125,Contig:215:27.9455:3p:1:12:127,Contig:90:73.8148:5p:1:3:553	0	False	0
efae-SAMN36766198	GP_unb_1	Contig:101:24.9007:3p:1:11:178	4	0.0	0.34045552999999995	3.33844708573447	GP_unb_11	Contig:95:46.1806:5p:1:3:155	2	0.0	0.011536400000000002	0.9467025575227276	4	-0.06399314559083305	20.100628003999997	0.06992548970629286	Contig:100:199.848:1010,Contig:103:80.1581:8374,Contig:112:24.9484:3237,Contig:116:27.1631:28646,Contig:118:25.441:28638,Contig:119:46.5405:3664,Contig:121:24.1882:3607,Contig:126:38.8227:588,Contig:134:160.224:1560,Contig:135:49.4223:982,Contig:137:41.0658:11862,Contig:141:30.8579:20838,Contig:142:196.976:1416,Contig:143:30.4444:3756,Contig:147:43.2871:1852,Contig:156:133.506:1466,Contig:162:63.0046:1776,Contig:171:42.7031:1812,Contig:172:117.978:516,Contig:175:365.441:2275,Contig:178:77.3071:1930,Contig:17:27.4147:3981,Contig:180:30.2056:15810,Contig:181:301.047:556,Contig:185:68.6101:5498,Contig:188:23.7944:1006,Contig:18:50.3446:7379,Contig:191:57.1338:2339,Contig:193:32.7062:1363,Contig:199:22.4047:7574,Contig:208:75.043:1223,Contig:210:29.1518:4157,Contig:214:24.7711:19716,Contig:219:22.9984:3866,Contig:220:28.104:5029,Contig:222:53.0958:13945,Contig:24:28.8849:7536,Contig:30:25.8188:954,Contig:40:27.2622:2156,Contig:43:103.389:5374,Contig:46:53.3597:474,Contig:53:144.545:1056,Contig:54:295.909:853,Contig:68:53.9197:4947,Contig:7:161.077:657,Contig:81:858.248:1505,Contig:87:240.223:533,Contig:88:39.8911:3839,Contig:90:73.8148:2331,Contig:97:27.5744:34153,Contig:98:44.1195:1579,Contig:99:90.8515:10485,Contig:100:199.848:5p:1:10:450,Contig:100:199.848:5p:1:15:1106,Contig:100:199.848:5p:1:16:274,Contig:101:24.9007:3p:1:13:267,Contig:101:24.9007:3p:1:48:194,Contig:101:24.9007:3p:1:60:231,Contig:10:25.2394:3p:1:11:249,Contig:10:25.2394:3p:1:23:375,Contig:10:25.2394:3p:1:29:248,Contig:114:52.4611:3p:1:15:257,Contig:114:52.4611:3p:1:17:198,Contig:114:52.4611:3p:1:34:611,Contig:116:27.1631:3p:1:8:860,Contig:116:27.1631:5p:1:17:102,Contig:116:27.1631:5p:1:25:102,Contig:116:27.1631:5p:1:29:100,Contig:128:24.4415:5p:1:9:704,Contig:128:24.4415:5p:1:18:144,Contig:128:24.4415:5p:1:22:242,Contig:128:24.4415:5p:1:29:803,Contig:135:49.4223:3p:1:5:193,Contig:135:49.4223:3p:1:17:130,Contig:135:49.4223:3p:1:22:443,Contig:135:49.4223:3p:1:23:146,Contig:135:49.4223:3p:1:26:124,Contig:135:49.4223:3p:1:27:124,Contig:172:117.978:5p:1:7:226,Contig:172:117.978:5p:1:9:177,Contig:172:117.978:5p:1:10:177,Contig:18:50.3446:3p:1:5:241,Contig:18:50.3446:3p:1:6:494,Contig:18:50.3446:3p:1:7:493,Contig:7:161.077:5p:1:4:515,Contig:90:73.8148:5p:1:3:553	0	False	0
efae-SAMN36766198	GP_unb_1	Contig:101:24.9007:3p:1:11:178	4	0.0	0.34045552999999995	3.33844708573447	GP_unb_12	Contig:95:46.1806:5p:1:4:154	2	0.0	0.008517600000000014	0.9655640609239318	4	-0.06665534900106052	20.097609203999998	0.06992548970629286	Contig:100:199.848:1010,Contig:103:80.1581:8374,Contig:112:24.9484:3237,Contig:116:27.1631:28646,Contig:118:25.441:28638,Contig:119:46.5405:3664,Contig:121:24.1882:3607,Contig:126:38.8227:588,Contig:134:160.224:1560,Contig:135:49.4223:982,Contig:137:41.0658:11862,Contig:141:30.8579:20838,Contig:142:196.976:1416,Contig:143:30.4444:3756,Contig:147:43.2871:1852,Contig:156:133.506:1466,Contig:162:63.0046:1776,Contig:171:42.7031:1812,Contig:172:117.978:516,Contig:175:365.441:2275,Contig:178:77.3071:1930,Contig:17:27.4147:3981,Contig:180:30.2056:15810,Contig:181:301.047:556,Contig:185:68.6101:5498,Contig:188:23.7944:1006,Contig:18:50.3446:7379,Contig:191:57.1338:2339,Contig:193:32.7062:1363,Contig:199:22.4047:7574,Contig:208:75.043:1223,Contig:210:29.1518:4157,Contig:214:24.7711:19716,Contig:219:22.9984:3866,Contig:220:28.104:5029,Contig:222:53.0958:13945,Contig:24:28.8849:7536,Contig:30:25.8188:954,Contig:40:27.2622:2156,Contig:43:103.389:5374,Contig:46:53.3597:474,Contig:53:144.545:1056,Contig:54:295.909:853,Contig:68:53.9197:4947,Contig:7:161.077:657,Contig:81:858.248:1505,Contig:87:240.223:533,Contig:88:39.8911:3839,Contig:90:73.8148:2331,Contig:97:27.5744:34153,Contig:98:44.1195:1579,Contig:99:90.8515:10485,Contig:100:199.848:5p:1:10:450,Contig:100:199.848:5p:1:15:1106,Contig:100:199.848:5p:1:16:274,Contig:101:24.9007:3p:1:13:267,Contig:101:24.9007:3p:1:48:194,Contig:101:24.9007:3p:1:60:231,Contig:10:25.2394:3p:1:11:249,Contig:10:25.2394:3p:1:23:375,Contig:10:25.2394:3p:1:29:248,Contig:114:52.4611:3p:1:15:257,Contig:114:52.4611:3p:1:17:198,Contig:114:52.4611:3p:1:34:611,Contig:116:27.1631:3p:1:8:860,Contig:116:27.1631:5p:1:17:102,Contig:116:27.1631:5p:1:25:102,Contig:116:27.1631:5p:1:29:100,Contig:128:24.4415:5p:1:9:704,Contig:128:24.4415:5p:1:18:144,Contig:128:24.4415:5p:1:22:242,Contig:128:24.4415:5p:1:29:803,Contig:135:49.4223:3p:1:5:193,Contig:135:49.4223:3p:1:17:130,Contig:135:49.4223:3p:1:22:443,Contig:135:49.4223:3p:1:23:146,Contig:135:49.4223:3p:1:26:124,Contig:135:49.4223:3p:1:27:124,Contig:172:117.978:5p:1:7:226,Contig:172:117.978:5p:1:9:177,Contig:172:117.978:5p:1:10:177,Contig:18:50.3446:3p:1:5:241,Contig:18:50.3446:3p:1:6:494,Contig:18:50.3446:3p:1:7:493,Contig:7:161.077:5p:1:4:515,Contig:90:73.8148:5p:1:3:553	0	False	0
efae-SAMN36766198	GP_unb_2	Contig:101:24.9007:3p:1:16:391	4	0.0	0.012934099999999948	1.4676421258196906	GP_unb_3	Contig:101:24.9007:3p:1:46:216	3	0.0	0.28410230000000003	1.0129769999067546	4	-0.027604200117525624	20.33479058	0.06992548970629286	Contig:100:199.848:1010,Contig:103:80.1581:8374,Contig:116:27.1631:28646,Contig:118:25.441:28638,Contig:119:46.5405:3664,Contig:121:24.1882:3607,Contig:126:38.8227:588,Contig:134:160.224:1560,Contig:135:49.4223:982,Contig:137:41.0658:11862,Contig:141:30.8579:20838,Contig:143:30.4444:3756,Contig:147:43.2871:1852,Contig:156:133.506:1466,Contig:171:42.7031:1812,Contig:172:117.978:516,Contig:175:365.441:2275,Contig:178:77.3071:1930,Contig:17:27.4147:3981,Contig:180:30.2056:15810,Contig:181:301.047:556,Contig:185:68.6101:5498,Contig:188:23.7944:1006,Contig:18:50.3446:7379,Contig:193:32.7062:1363,Contig:199:22.4047:7574,Contig:208:75.043:1223,Contig:210:29.1518:4157,Contig:214:24.7711:19716,Contig:219:22.9984:3866,Contig:220:28.104:5029,Contig:222:53.0958:13945,Contig:24:28.8849:7536,Contig:30:25.8188:954,Contig:40:27.2622:2156,Contig:43:103.389:5374,Contig:46:53.3597:474,Contig:54:295.909:853,Contig:68:53.9197:4947,Contig:7:161.077:657,Contig:81:858.248:1505,Contig:87:240.223:533,Contig:88:39.8911:3839,Contig:90:73.8148:2331,Contig:97:27.5744:34153,Contig:98:44.1195:1579,Contig:99:90.8515:10485,Contig:100:199.848:5p:1:10:450,Contig:101:24.9007:3p:1:13:267,Contig:101:24.9007:3p:1:48:194,Contig:101:24.9007:3p:1:60:231,Contig:10:25.2394:3p:1:11:249,Contig:10:25.2394:3p:1:23:375,Contig:10:25.2394:3p:1:29:248,Contig:114:52.4611:3p:1:15:257,Contig:114:52.4611:3p:1:17:198,Contig:114:52.4611:3p:1:34:611,Contig:116:27.1631:3p:1:8:860,Contig:116:27.1631:5p:1:17:102,Contig:116:27.1631:5p:1:25:102,Contig:116:27.1631:5p:1:29:100,Contig:128:24.4415:5p:1:9:704,Contig:128:24.4415:5p:1:18:144,Contig:128:24.4415:5p:1:22:242,Contig:128:24.4415:5p:1:29:803,Contig:135:49.4223:3p:1:5:193,Contig:135:49.4223:3p:1:17:130,Contig:135:49.4223:3p:1:22:443,Contig:135:49.4223:3p:1:23:146,Contig:135:49.4223:3p:1:26:124,Contig:135:49.4223:3p:1:27:124,Contig:172:117.978:5p:1:7:226,Contig:172:117.978:5p:1:9:177,Contig:172:117.978:5p:1:10:177,Contig:18:50.3446:3p:1:5:241,Contig:18:50.3446:3p:1:6:494,Contig:18:50.3446:3p:1:7:493,Contig:7:161.077:5p:1:4:515,Contig:90:73.8148:5p:1:3:553	0	False	0
efae-SAMN36766198	GP_unb_2	Contig:101:24.9007:3p:1:16:391	4	0.0	0.012934099999999948	1.4676421258196906	GP_unb_4	Contig:101:24.9007:3p:1:59:140	3	0.0	0.2575541	4.999813610278018	4	-0.025172650535330438	19.60423638	0.06992548970629286	Contig:100:199.848:1010,Contig:103:80.1581:8374,Contig:116:27.1631:28646,Contig:118:25.441:28638,Contig:119:46.5405:3664,Contig:121:24.1882:3607,Contig:126:38.8227:588,Contig:134:160.224:1560,Contig:135:49.4223:982,Contig:137:41.0658:11862,Contig:141:30.8579:20838,Contig:147:43.2871:1852,Contig:171:42.7031:1812,Contig:172:117.978:516,Contig:175:365.441:2275,Contig:178:77.3071:1930,Contig:17:27.4147:3981,Contig:180:30.2056:15810,Contig:181:301.047:556,Contig:185:68.6101:5498,Contig:188:23.7944:1006,Contig:193:32.7062:1363,Contig:199:22.4047:7574,Contig:208:75.043:1223,Contig:210:29.1518:4157,Contig:219:22.9984:3866,Contig:220:28.104:5029,Contig:222:53.0958:13945,Contig:24:28.8849:7536,Contig:30:25.8188:954,Contig:40:27.2622:2156,Contig:43:103.389:5374,Contig:46:53.3597:474,Contig:54:295.909:853,Contig:68:53.9197:4947,Contig:77:47.3369:2279,Contig:7:161.077:657,Contig:81:858.248:1505,Contig:87:240.223:533,Contig:88:39.8911:3839,Contig:90:73.8148:2331,Contig:97:27.5744:34153,Contig:98:44.1195:1579,Contig:99:90.8515:10485,Contig:100:199.848:5p:1:10:450,Contig:101:24.9007:3p:1:13:267,Contig:101:24.9007:3p:1:43:923,Contig:101:24.9007:3p:1:48:194,Contig:101:24.9007:3p:1:60:231,Contig:10:25.2394:3p:1:11:249,Contig:114:52.4611:3p:1:15:257,Contig:114:52.4611:3p:1:17:198,Contig:114:52.4611:3p:1:34:611,Contig:116:27.1631:3p:1:8:860,Contig:116:27.1631:5p:1:17:102,Contig:116:27.1631:5p:1:25:102,Contig:116:27.1631:5p:1:29:100,Contig:128:24.4415:5p:1:9:704,Contig:128:24.4415:5p:1:18:144,Contig:128:24.4415:5p:1:22:242,Contig:128:24.4415:5p:1:29:803,Contig:135:49.4223:3p:1:5:193,Contig:135:49.4223:3p:1:17:130,Contig:135:49.4223:3p:1:22:443,Contig:135:49.4223:3p:1:23:146,Contig:135:49.4223:3p:1:26:124,Contig:135:49.4223:3p:1:27:124,Contig:172:117.978:5p:1:7:226,Contig:172:117.978:5p:1:9:177,Contig:172:117.978:5p:1:10:177,Contig:18:50.3446:3p:1:5:241,Contig:18:50.3446:3p:1:7:493,Contig:7:161.077:5p:1:4:515,Contig:90:73.8148:5p:1:3:553	0	False	0
efae-SAMN36766198	GP_unb_2	Contig:101:24.9007:3p:1:16:391	4	0.0	0.012934099999999948	1.4676421258196906	GP_unb_5	Contig:10:25.2394:3p:1:5:249	4	0.0	0.2406254	8.145972180700792	4	-0.02116933224627207	19.6199552	0.06992548970629277	Contig:100:199.848:1010,Contig:103:80.1581:8374,Contig:116:27.1631:28646,Contig:118:25.441:28638,Contig:119:46.5405:3664,Contig:121:24.1882:3607,Contig:126:38.8227:588,Contig:134:160.224:1560,Contig:135:49.4223:982,Contig:137:41.0658:11862,Contig:141:30.8579:20838,Contig:147:43.2871:1852,Contig:171:42.7031:1812,Contig:172:117.978:516,Contig:175:365.441:2275,Contig:178:77.3071:1930,Contig:17:27.4147:3981,Contig:180:30.2056:15810,Contig:181:301.047:556,Contig:185:68.6101:5498,Contig:188:23.7944:1006,Contig:193:32.7062:1363,Contig:199:22.4047:7574,Contig:208:75.043:1223,Contig:210:29.1518:4157,Contig:219:22.9984:3866,Contig:220:28.104:5029,Contig:222:53.0958:13945,Contig:24:28.8849:7536,Contig:30:25.8188:954,Contig:40:27.2622:2156,Contig:43:103.389:5374,Contig:46:53.3597:474,Contig:54:295.909:853,Contig:68:53.9197:4947,Contig:77:47.3369:2279,Contig:7:161.077:657,Contig:81:858.248:1505,Contig:87:240.223:533,Contig:88:39.8911:3839,Contig:90:73.8148:2331,Contig:97:27.5744:34153,Contig:98:44.1195:1579,Contig:99:90.8515:10485,Contig:100:199.848:5p:1:10:450,Contig:101:24.9007:3p:1:13:267,Contig:101:24.9007:3p:1:48:194,Contig:101:24.9007:3p:1:60:231,Contig:10:25.2394:3p:1:11:249,Contig:114:52.4611:3p:1:15:257,Contig:114:52.4611:3p:1:17:198,Contig:114:52.4611:3p:1:34:611,Contig:116:27.1631:3p:1:8:860,Contig:116:27.1631:5p:1:17:102,Contig:116:27.1631:5p:1:25:102,Contig:116:27.1631:5p:1:29:100,Contig:128:24.4415:5p:1:9:704,Contig:128:24.4415:5p:1:18:144,Contig:128:24.4415:5p:1:22:242,Contig:128:24.4415:5p:1:29:803,Contig:135:49.4223:3p:1:5:193,Contig:135:49.4223:3p:1:17:130,Contig:135:49.4223:3p:1:22:443,Contig:135:49.4223:3p:1:23:146,Contig:135:49.4223:3p:1:26:124,Contig:135:49.4223:3p:1:27:124,Contig:172:117.978:5p:1:7:226,Contig:172:117.978:5p:1:9:177,Contig:172:117.978:5p:1:10:177,Contig:18:50.3446:3p:1:5:241,Contig:18:50.3446:3p:1:7:493,Contig:7:161.077:5p:1:4:515,Contig:90:73.8148:5p:1:3:553	0	False	0
efae-SAMN36766198	GP_unb_2	Contig:101:24.9007:3p:1:16:391	4	0.0	0.012934099999999948	1.4676421258196906	GP_unb_6	Contig:10:25.2394:3p:1:21:249	4	0.0	0.25837940000000004	8.145972180700792	4	-0.026716369521143063	20.411191579999997	0.06992548970629286	Contig:100:199.848:1010,Contig:103:80.1581:8374,Contig:116:27.1631:28646,Contig:118:25.441:28638,Contig:119:46.5405:3664,Contig:121:24.1882:3607,Contig:126:38.8227:588,Contig:134:160.224:1560,Contig:135:49.4223:982,Contig:137:41.0658:11862,Contig:141:30.8579:20838,Contig:143:30.4444:3756,Contig:147:43.2871:1852,Contig:156:133.506:1466,Contig:171:42.7031:1812,Contig:172:117.978:516,Contig:175:365.441:2275,Contig:178:77.3071:1930,Contig:17:27.4147:3981,Contig:180:30.2056:15810,Contig:181:301.047:556,Contig:185:68.6101:5498,Contig:188:23.7944:1006,Contig:193:32.7062:1363,Contig:199:22.4047:7574,Contig:208:75.043:1223,Contig:210:29.1518:4157,Contig:219:22.9984:3866,Contig:220:28.104:5029,Contig:222:53.0958:13945,Contig:24:28.8849:7536,Contig:30:25.8188:954,Contig:40:27.2622:2156,Contig:43:103.389:5374,Contig:46:53.3597:474,Contig:54:295.909:853,Contig:58:25.5015:1996,Contig:68:53.9197:4947,Contig:77:47.3369:2279,Contig:7:161.077:657,Contig:81:858.248:1505,Contig:87:240.223:533,Contig:88:39.8911:3839,Contig:90:73.8148:2331,Contig:97:27.5744:34153,Contig:98:44.1195:1579,Contig:99:90.8515:10485,Contig:100:199.848:5p:1:10:450,Contig:101:24.9007:3p:1:13:267,Contig:101:24.9007:3p:1:48:194,Contig:101:24.9007:3p:1:60:231,Contig:10:25.2394:3p:1:11:249,Contig:10:25.2394:3p:1:17:375,Contig:10:25.2394:3p:1:23:375,Contig:10:25.2394:3p:1:29:248,Contig:114:52.4611:3p:1:15:257,Contig:114:52.4611:3p:1:17:198,Contig:114:52.4611:3p:1:34:611,Contig:116:27.1631:3p:1:8:860,Contig:116:27.1631:5p:1:17:102,Contig:116:27.1631:5p:1:25:102,Contig:116:27.1631:5p:1:29:100,Contig:128:24.4415:5p:1:9:704,Contig:128:24.4415:5p:1:18:144,Contig:128:24.4415:5p:1:22:242,Contig:128:24.4415:5p:1:29:803,Contig:135:49.4223:3p:1:5:193,Contig:135:49.4223:3p:1:17:130,Contig:135:49.4223:3p:1:22:443,Contig:135:49.4223:3p:1:23:146,Contig:135:49.4223:3p:1:26:124,Contig:135:49.4223:3p:1:27:124,Contig:172:117.978:5p:1:7:226,Contig:172:117.978:5p:1:9:177,Contig:172:117.978:5p:1:10:177,Contig:18:50.3446:3p:1:5:241,Contig:18:50.3446:3p:1:7:493,Contig:7:161.077:5p:1:4:515,Contig:90:73.8148:5p:1:3:553	0	False	0
efae-SAMN36766198	GP_unb_2	Contig:101:24.9007:3p:1:16:391	4	0.0	0.012934099999999948	1.4676421258196906	GP_unb_7	Contig:10:25.2394:3p:1:28:248	4	0.0	0.25746256	8.16017778513324	4	-0.026716369521143063	20.41027474	0.06992548970629286	Contig:100:199.848:1010,Contig:103:80.1581:8374,Contig:116:27.1631:28646,Contig:118:25.441:28638,Contig:119:46.5405:3664,Contig:121:24.1882:3607,Contig:126:38.8227:588,Contig:134:160.224:1560,Contig:135:49.4223:982,Contig:137:41.0658:11862,Contig:141:30.8579:20838,Contig:143:30.4444:3756,Contig:147:43.2871:1852,Contig:156:133.506:1466,Contig:171:42.7031:1812,Contig:172:117.978:516,Contig:175:365.441:2275,Contig:178:77.3071:1930,Contig:17:27.4147:3981,Contig:180:30.2056:15810,Contig:181:301.047:556,Contig:185:68.6101:5498,Contig:188:23.7944:1006,Contig:193:32.7062:1363,Contig:199:22.4047:7574,Contig:208:75.043:1223,Contig:210:29.1518:4157,Contig:219:22.9984:3866,Contig:220:28.104:5029,Contig:222:53.0958:13945,Contig:24:28.8849:7536,Contig:30:25.8188:954,Contig:40:27.2622:2156,Contig:43:103.389:5374,Contig:46:53.3597:474,Contig:54:295.909:853,Contig:58:25.5015:1996,Contig:68:53.9197:4947,Contig:77:47.3369:2279,Contig:7:161.077:657,Contig:81:858.248:1505,Contig:87:240.223:533,Contig:88:39.8911:3839,Contig:90:73.8148:2331,Contig:97:27.5744:34153,Contig:98:44.1195:1579,Contig:99:90.8515:10485,Contig:100:199.848:5p:1:10:450,Contig:101:24.9007:3p:1:13:267,Contig:101:24.9007:3p:1:48:194,Contig:101:24.9007:3p:1:60:231,Contig:10:25.2394:3p:1:11:249,Contig:10:25.2394:3p:1:17:375,Contig:10:25.2394:3p:1:23:375,Contig:10:25.2394:3p:1:29:248,Contig:114:52.4611:3p:1:15:257,Contig:114:52.4611:3p:1:17:198,Contig:114:52.4611:3p:1:34:611,Contig:116:27.1631:3p:1:8:860,Contig:116:27.1631:5p:1:17:102,Contig:116:27.1631:5p:1:25:102,Contig:116:27.1631:5p:1:29:100,Contig:128:24.4415:5p:1:9:704,Contig:128:24.4415:5p:1:18:144,Contig:128:24.4415:5p:1:22:242,Contig:128:24.4415:5p:1:29:803,Contig:135:49.4223:3p:1:5:193,Contig:135:49.4223:3p:1:17:130,Contig:135:49.4223:3p:1:22:443,Contig:135:49.4223:3p:1:23:146,Contig:135:49.4223:3p:1:26:124,Contig:135:49.4223:3p:1:27:124,Contig:172:117.978:5p:1:7:226,Contig:172:117.978:5p:1:9:177,Contig:172:117.978:5p:1:10:177,Contig:18:50.3446:3p:1:5:241,Contig:18:50.3446:3p:1:7:493,Contig:7:161.077:5p:1:4:515,Contig:90:73.8148:5p:1:3:553	0	False	0
efae-SAMN36766198	GP_unb_2	Contig:101:24.9007:3p:1:16:391	4	0.0	0.012934099999999948	1.4676421258196906	GP_unb_8	Contig:114:52.4611:3p:1:16:257	4	0.0	0.4742925	19.31938898942107	4	-0.023979459105090556	20.12531078	0.06992548970629286	Contig:100:199.848:1010,Contig:103:80.1581:8374,Contig:116:27.1631:28646,Contig:118:25.441:28638,Contig:119:46.5405:3664,Contig:121:24.1882:3607,Contig:126:38.8227:588,Contig:134:160.224:1560,Contig:135:49.4223:982,Contig:141:30.8579:20838,Contig:143:30.4444:3756,Contig:156:133.506:1466,Contig:167:27.633:5342,Contig:171:42.7031:1812,Contig:172:117.978:516,Contig:175:365.441:2275,Contig:178:77.3071:1930,Contig:17:27.4147:3981,Contig:180:30.2056:15810,Contig:181:301.047:556,Contig:185:68.6101:5498,Contig:188:23.7944:1006,Contig:18:50.3446:7379,Contig:193:32.7062:1363,Contig:199:22.4047:7574,Contig:207:284.019:1236,Contig:208:75.043:1223,Contig:210:29.1518:4157,Contig:214:24.7711:19716,Contig:219:22.9984:3866,Contig:220:28.104:5029,Contig:222:53.0958:13945,Contig:24:28.8849:7536,Contig:30:25.8188:954,Contig:40:27.2622:2156,Contig:43:103.389:5374,Contig:46:53.3597:474,Contig:54:295.909:853,Contig:68:53.9197:4947,Contig:7:161.077:657,Contig:81:858.248:1505,Contig:87:240.223:533,Contig:88:39.8911:3839,Contig:90:73.8148:2331,Contig:97:27.5744:34153,Contig:98:44.1195:1579,Contig:99:90.8515:10485,Contig:100:199.848:5p:1:10:450,Contig:101:24.9007:3p:1:13:267,Contig:101:24.9007:3p:1:48:194,Contig:101:24.9007:3p:1:60:231,Contig:10:25.2394:3p:1:11:249,Contig:10:25.2394:3p:1:23:375,Contig:10:25.2394:3p:1:29:248,Contig:114:52.4611:3p:1:15:257,Contig:114:52.4611:3p:1:17:198,Contig:114:52.4611:3p:1:34:611,Contig:116:27.1631:3p:1:8:860,Contig:116:27.1631:5p:1:17:102,Contig:116:27.1631:5p:1:25:102,Contig:116:27.1631:5p:1:29:100,Contig:128:24.4415:5p:1:9:704,Contig:128:24.4415:5p:1:18:144,Contig:128:24.4415:5p:1:22:242,Contig:128:24.4415:5p:1:29:803,Contig:135:49.4223:3p:1:5:193,Contig:135:49.4223:3p:1:17:130,Contig:135:49.4223:3p:1:22:443,Contig:135:49.4223:3p:1:23:146,Contig:135:49.4223:3p:1:26:124,Contig:135:49.4223:3p:1:27:124,Contig:172:117.978:5p:1:7:226,Contig:172:117.978:5p:1:9:177,Contig:172:117.978:5p:1:10:177,Contig:18:50.3446:3p:1:5:241,Contig:18:50.3446:3p:1:6:494,Contig:18:50.3446:3p:1:7:493,Contig:7:161.077:5p:1:4:515,Contig:90:73.8148:5p:1:3:553	0	False	0
efae-SAMN36766198	GP_unb_2	Contig:101:24.9007:3p:1:16:391	4	0.0	0.012934099999999948	1.4676421258196906	GP_unb_9	Contig:130:27.6191:3p:1:10:502	4	0.0	0.24299574000000002	2.775089481067581	4	-0.02116933224627207	20.39152116	0.06992548970629286	Contig:100:199.848:1010,Contig:103:80.1581:8374,Contig:116:27.1631:28646,Contig:118:25.441:28638,Contig:119:46.5405:3664,Contig:121:24.1882:3607,Contig:126:38.8227:588,Contig:134:160.224:1560,Contig:135:49.4223:982,Contig:137:41.0658:11862,Contig:141:30.8579:20838,Contig:143:30.4444:3756,Contig:147:43.2871:1852,Contig:156:133.506:1466,Contig:166:27.085:3884,Contig:171:42.7031:1812,Contig:172:117.978:516,Contig:175:365.441:2275,Contig:178:77.3071:1930,Contig:17:27.4147:3981,Contig:180:30.2056:15810,Contig:181:301.047:556,Contig:185:68.6101:5498,Contig:188:23.7944:1006,Contig:193:32.7062:1363,Contig:199:22.4047:7574,Contig:208:75.043:1223,Contig:210:29.1518:4157,Contig:214:24.7711:19716,Contig:219:22.9984:3866,Contig:220:28.104:5029,Contig:222:53.0958:13945,Contig:24:28.8849:7536,Contig:30:25.8188:954,Contig:40:27.2622:2156,Contig:43:103.389:5374,Contig:46:53.3597:474,Contig:54:295.909:853,Contig:68:53.9197:4947,Contig:77:47.3369:2279,Contig:7:161.077:657,Contig:81:858.248:1505,Contig:87:240.223:533,Contig:88:39.8911:3839,Contig:90:73.8148:2331,Contig:97:27.5744:34153,Contig:98:44.1195:1579,Contig:99:90.8515:10485,Contig:100:199.848:5p:1:10:450,Contig:101:24.9007:3p:1:13:267,Contig:101:24.9007:3p:1:48:194,Contig:101:24.9007:3p:1:60:231,Contig:10:25.2394:3p:1:11:249,Contig:10:25.2394:3p:1:23:375,Contig:10:25.2394:3p:1:29:248,Contig:114:52.4611:3p:1:15:257,Contig:114:52.4611:3p:1:17:198,Contig:114:52.4611:3p:1:34:611,Contig:116:27.1631:3p:1:8:860,Contig:116:27.1631:5p:1:17:102,Contig:116:27.1631:5p:1:25:102,Contig:116:27.1631:5p:1:29:100,Contig:128:24.4415:5p:1:9:704,Contig:128:24.4415:5p:1:18:144,Contig:128:24.4415:5p:1:22:242,Contig:128:24.4415:5p:1:29:803,Contig:135:49.4223:3p:1:5:193,Contig:135:49.4223:3p:1:17:130,Contig:135:49.4223:3p:1:22:443,Contig:135:49.4223:3p:1:23:146,Contig:135:49.4223:3p:1:26:124,Contig:135:49.4223:3p:1:27:124,Contig:172:117.978:5p:1:7:226,Contig:172:117.978:5p:1:9:177,Contig:172:117.978:5p:1:10:177,Contig:18:50.3446:3p:1:5:241,Contig:18:50.3446:3p:1:6:494,Contig:18:50.3446:3p:1:7:493,Contig:7:161.077:5p:1:4:515,Contig:90:73.8148:5p:1:3:553	0	False	0
efae-SAMN36766198	GP_unb_2	Contig:101:24.9007:3p:1:16:391	4	0.0	0.012934099999999948	1.4676421258196906	GP_unb_10	Contig:215:27.9455:3p:1:10:124	4	0.0	0.25396514000000003	0.8776648524847006	4	-0.044714274719599656	20.524786980000005	0.06992548970639856	Contig:100:199.848:1010,Contig:103:80.1581:8374,Contig:116:27.1631:28646,Contig:119:46.5405:3664,Contig:121:24.1882:3607,Contig:126:38.8227:588,Contig:134:160.224:1560,Contig:135:49.4223:982,Contig:137:41.0658:11862,Contig:141:30.8579:20838,Contig:143:30.4444:3756,Contig:147:43.2871:1852,Contig:156:133.506:1466,Contig:171:42.7031:1812,Contig:172:117.978:516,Contig:175:365.441:2275,Contig:178:77.3071:1930,Contig:17:27.4147:3981,Contig:180:30.2056:15810,Contig:181:301.047:556,Contig:185:68.6101:5498,Contig:188:23.7944:1006,Contig:199:22.4047:7574,Contig:203:31.5652:2408,Contig:208:75.043:1223,Contig:210:29.1518:4157,Contig:215:27.9455:3419,Contig:220:28.104:5029,Contig:222:53.0958:13945,Contig:24:28.8849:7536,Contig:30:25.8188:954,Contig:40:27.2622:2156,Contig:43:103.389:5374,Contig:46:53.3597:474,Contig:54:295.909:853,Contig:68:53.9197:4947,Contig:77:47.3369:2279,Contig:7:161.077:657,Contig:81:858.248:1505,Contig:87:240.223:533,Contig:90:73.8148:2331,Contig:94:24.6327:9567,Contig:97:27.5744:34153,Contig:99:90.8515:10485,Contig:100:199.848:5p:1:10:450,Contig:101:24.9007:3p:1:13:267,Contig:101:24.9007:3p:1:48:194,Contig:101:24.9007:3p:1:60:231,Contig:10:25.2394:3p:1:11:249,Contig:10:25.2394:3p:1:23:375,Contig:10:25.2394:3p:1:29:248,Contig:114:52.4611:3p:1:15:257,Contig:114:52.4611:3p:1:17:198,Contig:114:52.4611:3p:1:34:611,Contig:116:27.1631:3p:1:8:860,Contig:116:27.1631:5p:1:17:102,Contig:116:27.1631:5p:1:25:102,Contig:116:27.1631:5p:1:29:100,Contig:128:24.4415:5p:1:9:704,Contig:128:24.4415:5p:1:18:144,Contig:128:24.4415:5p:1:22:242,Contig:128:24.4415:5p:1:29:803,Contig:135:49.4223:3p:1:5:193,Contig:135:49.4223:3p:1:17:130,Contig:135:49.4223:3p:1:22:443,Contig:135:49.4223:3p:1:23:146,Contig:135:49.4223:3p:1:26:124,Contig:135:49.4223:3p:1:27:124,Contig:172:117.978:5p:1:7:226,Contig:172:117.978:5p:1:9:177,Contig:172:117.978:5p:1:10:177,Contig:18:50.3446:3p:1:5:241,Contig:18:50.3446:3p:1:6:494,Contig:18:50.3446:3p:1:7:493,Contig:215:27.9455:3p:1:3:113,Contig:215:27.9455:3p:1:7:125,Contig:215:27.9455:3p:1:12:127,Contig:90:73.8148:5p:1:3:553	0	False	0
efae-SAMN36766198	GP_unb_2	Contig:101:24.9007:3p:1:16:391	4	0.0	0.012934099999999948	1.4676421258196906	GP_unb_11	Contig:95:46.1806:5p:1:3:155	2	0.0	0.011536400000000002	0.9467025575227276	4	-0.04223985899228663	19.599170274	0.06992548970629286	Contig:100:199.848:1010,Contig:103:80.1581:8374,Contig:112:24.9484:3237,Contig:116:27.1631:28646,Contig:118:25.441:28638,Contig:119:46.5405:3664,Contig:121:24.1882:3607,Contig:126:38.8227:588,Contig:134:160.224:1560,Contig:135:49.4223:982,Contig:137:41.0658:11862,Contig:141:30.8579:20838,Contig:142:196.976:1416,Contig:143:30.4444:3756,Contig:147:43.2871:1852,Contig:156:133.506:1466,Contig:162:63.0046:1776,Contig:171:42.7031:1812,Contig:172:117.978:516,Contig:175:365.441:2275,Contig:178:77.3071:1930,Contig:17:27.4147:3981,Contig:180:30.2056:15810,Contig:181:301.047:556,Contig:185:68.6101:5498,Contig:188:23.7944:1006,Contig:18:50.3446:7379,Contig:191:57.1338:2339,Contig:193:32.7062:1363,Contig:199:22.4047:7574,Contig:208:75.043:1223,Contig:210:29.1518:4157,Contig:214:24.7711:19716,Contig:219:22.9984:3866,Contig:220:28.104:5029,Contig:222:53.0958:13945,Contig:24:28.8849:7536,Contig:30:25.8188:954,Contig:40:27.2622:2156,Contig:43:103.389:5374,Contig:46:53.3597:474,Contig:54:295.909:853,Contig:68:53.9197:4947,Contig:7:161.077:657,Contig:81:858.248:1505,Contig:87:240.223:533,Contig:88:39.8911:3839,Contig:90:73.8148:2331,Contig:97:27.5744:34153,Contig:98:44.1195:1579,Contig:99:90.8515:10485,Contig:100:199.848:5p:1:10:450,Contig:100:199.848:5p:1:15:1106,Contig:100:199.848:5p:1:16:274,Contig:101:24.9007:3p:1:13:267,Contig:101:24.9007:3p:1:48:194,Contig:101:24.9007:3p:1:60:231,Contig:10:25.2394:3p:1:11:249,Contig:10:25.2394:3p:1:23:375,Contig:10:25.2394:3p:1:29:248,Contig:114:52.4611:3p:1:15:257,Contig:114:52.4611:3p:1:17:198,Contig:114:52.4611:3p:1:34:611,Contig:116:27.1631:3p:1:8:860,Contig:116:27.1631:5p:1:17:102,Contig:116:27.1631:5p:1:25:102,Contig:116:27.1631:5p:1:29:100,Contig:128:24.4415:5p:1:9:704,Contig:128:24.4415:5p:1:18:144,Contig:128:24.4415:5p:1:22:242,Contig:128:24.4415:5p:1:29:803,Contig:135:49.4223:3p:1:5:193,Contig:135:49.4223:3p:1:17:130,Contig:135:49.4223:3p:1:22:443,Contig:135:49.4223:3p:1:23:146,Contig:135:49.4223:3p:1:26:124,Contig:135:49.4223:3p:1:27:124,Contig:172:117.978:5p:1:7:226,Contig:172:117.978:5p:1:9:177,Contig:172:117.978:5p:1:10:177,Contig:18:50.3446:3p:1:5:241,Contig:18:50.3446:3p:1:6:494,Contig:18:50.3446:3p:1:7:493,Contig:7:161.077:5p:1:4:515,Contig:90:73.8148:5p:1:3:553	0	False	0
efae-SAMN36766198	GP_unb_2	Contig:101:24.9007:3p:1:16:391	4	0.0	0.012934099999999948	1.4676421258196906	GP_unb_12	Contig:95:46.1806:5p:1:4:154	2	0.0	0.008517600000000014	0.9655640609239318	4	-0.0449020624025141	19.596151474	0.06992548970629286	Contig:100:199.848:1010,Contig:103:80.1581:8374,Contig:112:24.9484:3237,Contig:116:27.1631:28646,Contig:118:25.441:28638,Contig:119:46.5405:3664,Contig:121:24.1882:3607,Contig:126:38.8227:588,Contig:134:160.224:1560,Contig:135:49.4223:982,Contig:137:41.0658:11862,Contig:141:30.8579:20838,Contig:142:196.976:1416,Contig:143:30.4444:3756,Contig:147:43.2871:1852,Contig:156:133.506:1466,Contig:162:63.0046:1776,Contig:171:42.7031:1812,Contig:172:117.978:516,Contig:175:365.441:2275,Contig:178:77.3071:1930,Contig:17:27.4147:3981,Contig:180:30.2056:15810,Contig:181:301.047:556,Contig:185:68.6101:5498,Contig:188:23.7944:1006,Contig:18:50.3446:7379,Contig:191:57.1338:2339,Contig:193:32.7062:1363,Contig:199:22.4047:7574,Contig:208:75.043:1223,Contig:210:29.1518:4157,Contig:214:24.7711:19716,Contig:219:22.9984:3866,Contig:220:28.104:5029,Contig:222:53.0958:13945,Contig:24:28.8849:7536,Contig:30:25.8188:954,Contig:40:27.2622:2156,Contig:43:103.389:5374,Contig:46:53.3597:474,Contig:54:295.909:853,Contig:68:53.9197:4947,Contig:7:161.077:657,Contig:81:858.248:1505,Contig:87:240.223:533,Contig:88:39.8911:3839,Contig:90:73.8148:2331,Contig:97:27.5744:34153,Contig:98:44.1195:1579,Contig:99:90.8515:10485,Contig:100:199.848:5p:1:10:450,Contig:100:199.848:5p:1:15:1106,Contig:100:199.848:5p:1:16:274,Contig:101:24.9007:3p:1:13:267,Contig:101:24.9007:3p:1:48:194,Contig:101:24.9007:3p:1:60:231,Contig:10:25.2394:3p:1:11:249,Contig:10:25.2394:3p:1:23:375,Contig:10:25.2394:3p:1:29:248,Contig:114:52.4611:3p:1:15:257,Contig:114:52.4611:3p:1:17:198,Contig:114:52.4611:3p:1:34:611,Contig:116:27.1631:3p:1:8:860,Contig:116:27.1631:5p:1:17:102,Contig:116:27.1631:5p:1:25:102,Contig:116:27.1631:5p:1:29:100,Contig:128:24.4415:5p:1:9:704,Contig:128:24.4415:5p:1:18:144,Contig:128:24.4415:5p:1:22:242,Contig:128:24.4415:5p:1:29:803,Contig:135:49.4223:3p:1:5:193,Contig:135:49.4223:3p:1:17:130,Contig:135:49.4223:3p:1:22:443,Contig:135:49.4223:3p:1:23:146,Contig:135:49.4223:3p:1:26:124,Contig:135:49.4223:3p:1:27:124,Contig:172:117.978:5p:1:7:226,Contig:172:117.978:5p:1:9:177,Contig:172:117.978:5p:1:10:177,Contig:18:50.3446:3p:1:5:241,Contig:18:50.3446:3p:1:6:494,Contig:18:50.3446:3p:1:7:493,Contig:7:161.077:5p:1:4:515,Contig:90:73.8148:5p:1:3:553	0	False	0
efae-SAMN36766198	GP_unb_3	Contig:101:24.9007:3p:1:46:216	3	0.0	0.28410230000000003	1.0129769999067546	GP_unb_4	Contig:101:24.9007:3p:1:59:140	3	0.0	0.2575541	4.999813610278018	4	-0.03160751840658399	19.66901664	0.06992548970629286	Contig:100:199.848:1010,Contig:103:80.1581:8374,Contig:116:27.1631:28646,Contig:118:25.441:28638,Contig:119:46.5405:3664,Contig:121:24.1882:3607,Contig:126:38.8227:588,Contig:134:160.224:1560,Contig:135:49.4223:982,Contig:141:30.8579:20838,Contig:168:28.3465:37193,Contig:171:42.7031:1812,Contig:172:117.978:516,Contig:175:365.441:2275,Contig:178:77.3071:1930,Contig:17:27.4147:3981,Contig:180:30.2056:15810,Contig:181:301.047:556,Contig:185:68.6101:5498,Contig:188:23.7944:1006,Contig:18:50.3446:7379,Contig:193:32.7062:1363,Contig:199:22.4047:7574,Contig:208:75.043:1223,Contig:210:29.1518:4157,Contig:219:22.9984:3866,Contig:220:28.104:5029,Contig:227:27.0759:3363,Contig:24:28.8849:7536,Contig:30:25.8188:954,Contig:40:27.2622:2156,Contig:43:103.389:5374,Contig:46:53.3597:474,Contig:54:295.909:853,Contig:68:53.9197:4947,Contig:7:161.077:657,Contig:81:858.248:1505,Contig:87:240.223:533,Contig:88:39.8911:3839,Contig:90:73.8148:2331,Contig:97:27.5744:34153,Contig:98:44.1195:1579,Contig:99:90.8515:10485,Contig:100:199.848:5p:1:10:450,Contig:101:24.9007:3p:1:13:267,Contig:101:24.9007:3p:1:43:923,Contig:101:24.9007:3p:1:48:194,Contig:101:24.9007:3p:1:60:231,Contig:10:25.2394:3p:1:11:249,Contig:114:52.4611:3p:1:15:257,Contig:114:52.4611:3p:1:17:198,Contig:114:52.4611:3p:1:34:611,Contig:116:27.1631:3p:1:8:860,Contig:116:27.1631:5p:1:17:102,Contig:116:27.1631:5p:1:25:102,Contig:116:27.1631:5p:1:29:100,Contig:128:24.4415:5p:1:9:704,Contig:128:24.4415:5p:1:18:144,Contig:128:24.4415:5p:1:22:242,Contig:128:24.4415:5p:1:29:803,Contig:135:49.4223:3p:1:5:193,Contig:135:49.4223:3p:1:17:130,Contig:135:49.4223:3p:1:22:443,Contig:135:49.4223:3p:1:23:146,Contig:135:49.4223:3p:1:26:124,Contig:135:49.4223:3p:1:27:124,Contig:172:117.978:5p:1:7:226,Contig:172:117.978:5p:1:9:177,Contig:172:117.978:5p:1:10:177,Contig:18:50.3446:3p:1:5:241,Contig:18:50.3446:3p:1:6:494,Contig:18:50.3446:3p:1:7:493,Contig:7:161.077:5p:1:4:515,Contig:90:73.8148:5p:1:3:553	0	False	0
efae-SAMN36766198	GP_unb_3	Contig:101:24.9007:3p:1:46:216	3	0.0	0.28410230000000003	1.0129769999067546	GP_unb_5	Contig:10:25.2394:3p:1:5:249	4	0.0	0.2406254	8.145972180700792	4	-0.027604200117525624	19.68473546	0.06992548970629286	Contig:100:199.848:1010,Contig:103:80.1581:8374,Contig:116:27.1631:28646,Contig:118:25.441:28638,Contig:119:46.5405:3664,Contig:121:24.1882:3607,Contig:126:38.8227:588,Contig:134:160.224:1560,Contig:135:49.4223:982,Contig:141:30.8579:20838,Contig:168:28.3465:37193,Contig:171:42.7031:1812,Contig:172:117.978:516,Contig:175:365.441:2275,Contig:178:77.3071:1930,Contig:17:27.4147:3981,Contig:180:30.2056:15810,Contig:181:301.047:556,Contig:185:68.6101:5498,Contig:188:23.7944:1006,Contig:18:50.3446:7379,Contig:193:32.7062:1363,Contig:199:22.4047:7574,Contig:208:75.043:1223,Contig:210:29.1518:4157,Contig:219:22.9984:3866,Contig:220:28.104:5029,Contig:227:27.0759:3363,Contig:24:28.8849:7536,Contig:30:25.8188:954,Contig:40:27.2622:2156,Contig:43:103.389:5374,Contig:46:53.3597:474,Contig:54:295.909:853,Contig:68:53.9197:4947,Contig:7:161.077:657,Contig:81:858.248:1505,Contig:87:240.223:533,Contig:88:39.8911:3839,Contig:90:73.8148:2331,Contig:97:27.5744:34153,Contig:98:44.1195:1579,Contig:99:90.8515:10485,Contig:100:199.848:5p:1:10:450,Contig:101:24.9007:3p:1:13:267,Contig:101:24.9007:3p:1:48:194,Contig:101:24.9007:3p:1:60:231,Contig:10:25.2394:3p:1:11:249,Contig:114:52.4611:3p:1:15:257,Contig:114:52.4611:3p:1:17:198,Contig:114:52.4611:3p:1:34:611,Contig:116:27.1631:3p:1:8:860,Contig:116:27.1631:5p:1:17:102,Contig:116:27.1631:5p:1:25:102,Contig:116:27.1631:5p:1:29:100,Contig:128:24.4415:5p:1:9:704,Contig:128:24.4415:5p:1:18:144,Contig:128:24.4415:5p:1:22:242,Contig:128:24.4415:5p:1:29:803,Contig:135:49.4223:3p:1:5:193,Contig:135:49.4223:3p:1:17:130,Contig:135:49.4223:3p:1:22:443,Contig:135:49.4223:3p:1:23:146,Contig:135:49.4223:3p:1:26:124,Contig:135:49.4223:3p:1:27:124,Contig:172:117.978:5p:1:7:226,Contig:172:117.978:5p:1:9:177,Contig:172:117.978:5p:1:10:177,Contig:18:50.3446:3p:1:5:241,Contig:18:50.3446:3p:1:6:494,Contig:18:50.3446:3p:1:7:493,Contig:7:161.077:5p:1:4:515,Contig:90:73.8148:5p:1:3:553	0	False	0
efae-SAMN36766198	GP_unb_3	Contig:101:24.9007:3p:1:46:216	3	0.0	0.28410230000000003	1.0129769999067546	GP_unb_6	Contig:10:25.2394:3p:1:21:249	4	0.0	0.25837940000000004	8.145972180700792	4	-0.033151237392396615	20.47597184	0.06992548970631182	Contig:100:199.848:1010,Contig:103:80.1581:8374,Contig:116:27.1631:28646,Contig:118:25.441:28638,Contig:119:46.5405:3664,Contig:121:24.1882:3607,Contig:126:38.8227:588,Contig:134:160.224:1560,Contig:135:49.4223:982,Contig:141:30.8579:20838,Contig:143:30.4444:3756,Contig:156:133.506:1466,Contig:168:28.3465:37193,Contig:171:42.7031:1812,Contig:172:117.978:516,Contig:175:365.441:2275,Contig:178:77.3071:1930,Contig:17:27.4147:3981,Contig:180:30.2056:15810,Contig:181:301.047:556,Contig:185:68.6101:5498,Contig:188:23.7944:1006,Contig:18:50.3446:7379,Contig:193:32.7062:1363,Contig:199:22.4047:7574,Contig:208:75.043:1223,Contig:210:29.1518:4157,Contig:219:22.9984:3866,Contig:220:28.104:5029,Contig:227:27.0759:3363,Contig:24:28.8849:7536,Contig:30:25.8188:954,Contig:40:27.2622:2156,Contig:43:103.389:5374,Contig:46:53.3597:474,Contig:54:295.909:853,Contig:58:25.5015:1996,Contig:68:53.9197:4947,Contig:7:161.077:657,Contig:81:858.248:1505,Contig:87:240.223:533,Contig:88:39.8911:3839,Contig:90:73.8148:2331,Contig:97:27.5744:34153,Contig:98:44.1195:1579,Contig:99:90.8515:10485,Contig:100:199.848:5p:1:10:450,Contig:101:24.9007:3p:1:13:267,Contig:101:24.9007:3p:1:48:194,Contig:101:24.9007:3p:1:60:231,Contig:10:25.2394:3p:1:11:249,Contig:10:25.2394:3p:1:17:375,Contig:10:25.2394:3p:1:23:375,Contig:10:25.2394:3p:1:29:248,Contig:114:52.4611:3p:1:15:257,Contig:114:52.4611:3p:1:17:198,Contig:114:52.4611:3p:1:34:611,Contig:116:27.1631:3p:1:8:860,Contig:116:27.1631:5p:1:17:102,Contig:116:27.1631:5p:1:25:102,Contig:116:27.1631:5p:1:29:100,Contig:128:24.4415:5p:1:9:704,Contig:128:24.4415:5p:1:18:144,Contig:128:24.4415:5p:1:22:242,Contig:128:24.4415:5p:1:29:803,Contig:135:49.4223:3p:1:5:193,Contig:135:49.4223:3p:1:17:130,Contig:135:49.4223:3p:1:22:443,Contig:135:49.4223:3p:1:23:146,Contig:135:49.4223:3p:1:26:124,Contig:135:49.4223:3p:1:27:124,Contig:172:117.978:5p:1:7:226,Contig:172:117.978:5p:1:9:177,Contig:172:117.978:5p:1:10:177,Contig:18:50.3446:3p:1:5:241,Contig:18:50.3446:3p:1:6:494,Contig:18:50.3446:3p:1:7:493,Contig:7:161.077:5p:1:4:515,Contig:90:73.8148:5p:1:3:553	0	False	0
efae-SAMN36766198	GP_unb_3	Contig:101:24.9007:3p:1:46:216	3	0.0	0.28410230000000003	1.0129769999067546	GP_unb_7	Contig:10:25.2394:3p:1:28:248	4	0.0	0.25746256	8.16017778513324	4	-0.033151237392396615	20.475054999999998	0.06992548970669414	Contig:100:199.848:1010,Contig:103:80.1581:8374,Contig:116:27.1631:28646,Contig:118:25.441:28638,Contig:119:46.5405:3664,Contig:121:24.1882:3607,Contig:126:38.8227:588,Contig:134:160.224:1560,Contig:135:49.4223:982,Contig:141:30.8579:20838,Contig:143:30.4444:3756,Contig:156:133.506:1466,Contig:168:28.3465:37193,Contig:171:42.7031:1812,Contig:172:117.978:516,Contig:175:365.441:2275,Contig:178:77.3071:1930,Contig:17:27.4147:3981,Contig:180:30.2056:15810,Contig:181:301.047:556,Contig:185:68.6101:5498,Contig:188:23.7944:1006,Contig:18:50.3446:7379,Contig:193:32.7062:1363,Contig:199:22.4047:7574,Contig:208:75.043:1223,Contig:210:29.1518:4157,Contig:219:22.9984:3866,Contig:220:28.104:5029,Contig:227:27.0759:3363,Contig:24:28.8849:7536,Contig:30:25.8188:954,Contig:40:27.2622:2156,Contig:43:103.389:5374,Contig:46:53.3597:474,Contig:54:295.909:853,Contig:58:25.5015:1996,Contig:68:53.9197:4947,Contig:7:161.077:657,Contig:81:858.248:1505,Contig:87:240.223:533,Contig:88:39.8911:3839,Contig:90:73.8148:2331,Contig:97:27.5744:34153,Contig:98:44.1195:1579,Contig:99:90.8515:10485,Contig:100:199.848:5p:1:10:450,Contig:101:24.9007:3p:1:13:267,Contig:101:24.9007:3p:1:48:194,Contig:101:24.9007:3p:1:60:231,Contig:10:25.2394:3p:1:11:249,Contig:10:25.2394:3p:1:17:375,Contig:10:25.2394:3p:1:23:375,Contig:10:25.2394:3p:1:29:248,Contig:114:52.4611:3p:1:15:257,Contig:114:52.4611:3p:1:17:198,Contig:114:52.4611:3p:1:34:611,Contig:116:27.1631:3p:1:8:860,Contig:116:27.1631:5p:1:17:102,Contig:116:27.1631:5p:1:25:102,Contig:116:27.1631:5p:1:29:100,Contig:128:24.4415:5p:1:9:704,Contig:128:24.4415:5p:1:18:144,Contig:128:24.4415:5p:1:22:242,Contig:128:24.4415:5p:1:29:803,Contig:135:49.4223:3p:1:5:193,Contig:135:49.4223:3p:1:17:130,Contig:135:49.4223:3p:1:22:443,Contig:135:49.4223:3p:1:23:146,Contig:135:49.4223:3p:1:26:124,Contig:135:49.4223:3p:1:27:124,Contig:172:117.978:5p:1:7:226,Contig:172:117.978:5p:1:9:177,Contig:172:117.978:5p:1:10:177,Contig:18:50.3446:3p:1:5:241,Contig:18:50.3446:3p:1:6:494,Contig:18:50.3446:3p:1:7:493,Contig:7:161.077:5p:1:4:515,Contig:90:73.8148:5p:1:3:553	0	False	0
efae-SAMN36766198	GP_unb_3	Contig:101:24.9007:3p:1:46:216	3	0.0	0.28410230000000003	1.0129769999067546	GP_unb_8	Contig:114:52.4611:3p:1:16:257	4	0.0	0.4742925	19.31938898942107	4	-0.027604200117525624	20.412014139999997	0.06992548970629286	Contig:100:199.848:1010,Contig:103:80.1581:8374,Contig:116:27.1631:28646,Contig:118:25.441:28638,Contig:119:46.5405:3664,Contig:121:24.1882:3607,Contig:126:38.8227:588,Contig:134:160.224:1560,Contig:135:49.4223:982,Contig:141:30.8579:20838,Contig:143:30.4444:3756,Contig:156:133.506:1466,Contig:171:42.7031:1812,Contig:172:117.978:516,Contig:175:365.441:2275,Contig:178:77.3071:1930,Contig:17:27.4147:3981,Contig:180:30.2056:15810,Contig:181:301.047:556,Contig:185:68.6101:5498,Contig:188:23.7944:1006,Contig:18:50.3446:7379,Contig:193:32.7062:1363,Contig:199:22.4047:7574,Contig:208:75.043:1223,Contig:210:29.1518:4157,Contig:214:24.7711:19716,Contig:219:22.9984:3866,Contig:220:28.104:5029,Contig:222:53.0958:13945,Contig:227:27.0759:3363,Contig:24:28.8849:7536,Contig:30:25.8188:954,Contig:40:27.2622:2156,Contig:43:103.389:5374,Contig:46:53.3597:474,Contig:54:295.909:853,Contig:68:53.9197:4947,Contig:7:161.077:657,Contig:81:858.248:1505,Contig:87:240.223:533,Contig:88:39.8911:3839,Contig:90:73.8148:2331,Contig:97:27.5744:34153,Contig:98:44.1195:1579,Contig:99:90.8515:10485,Contig:100:199.848:5p:1:10:450,Contig:101:24.9007:3p:1:13:267,Contig:101:24.9007:3p:1:48:194,Contig:101:24.9007:3p:1:60:231,Contig:10:25.2394:3p:1:11:249,Contig:10:25.2394:3p:1:23:375,Contig:10:25.2394:3p:1:29:248,Contig:114:52.4611:3p:1:15:257,Contig:114:52.4611:3p:1:17:198,Contig:114:52.4611:3p:1:34:611,Contig:116:27.1631:3p:1:8:860,Contig:116:27.1631:5p:1:17:102,Contig:116:27.1631:5p:1:25:102,Contig:116:27.1631:5p:1:29:100,Contig:128:24.4415:5p:1:9:704,Contig:128:24.4415:5p:1:18:144,Contig:128:24.4415:5p:1:22:242,Contig:128:24.4415:5p:1:29:803,Contig:135:49.4223:3p:1:5:193,Contig:135:49.4223:3p:1:17:130,Contig:135:49.4223:3p:1:22:443,Contig:135:49.4223:3p:1:23:146,Contig:135:49.4223:3p:1:26:124,Contig:135:49.4223:3p:1:27:124,Contig:172:117.978:5p:1:7:226,Contig:172:117.978:5p:1:9:177,Contig:172:117.978:5p:1:10:177,Contig:18:50.3446:3p:1:5:241,Contig:18:50.3446:3p:1:6:494,Contig:18:50.3446:3p:1:7:493,Contig:7:161.077:5p:1:4:515,Contig:90:73.8148:5p:1:3:553	0	False	0
efae-SAMN36766198	GP_unb_3	Contig:101:24.9007:3p:1:46:216	3	0.0	0.28410230000000003	1.0129769999067546	GP_unb_9	Contig:130:27.6191:3p:1:10:502	4	0.0	0.24299574000000002	2.775089481067581	4	-0.05114914259085321	19.91694124	0.06992548970629286	Contig:100:199.848:1010,Contig:103:80.1581:8374,Contig:116:27.1631:28646,Contig:119:46.5405:3664,Contig:121:24.1882:3607,Contig:126:38.8227:588,Contig:134:160.224:1560,Contig:135:49.4223:982,Contig:141:30.8579:20838,Contig:143:30.4444:3756,Contig:156:133.506:1466,Contig:166:27.085:3884,Contig:171:42.7031:1812,Contig:172:117.978:516,Contig:175:365.441:2275,Contig:178:77.3071:1930,Contig:17:27.4147:3981,Contig:180:30.2056:15810,Contig:181:301.047:556,Contig:185:68.6101:5498,Contig:188:23.7944:1006,Contig:18:50.3446:7379,Contig:199:22.4047:7574,Contig:203:31.5652:2408,Contig:208:75.043:1223,Contig:210:29.1518:4157,Contig:214:24.7711:19716,Contig:220:28.104:5029,Contig:227:27.0759:3363,Contig:24:28.8849:7536,Contig:30:25.8188:954,Contig:40:27.2622:2156,Contig:43:103.389:5374,Contig:46:53.3597:474,Contig:54:295.909:853,Contig:68:53.9197:4947,Contig:81:858.248:1505,Contig:87:240.223:533,Contig:88:39.8911:3839,Contig:90:73.8148:2331,Contig:97:27.5744:34153,Contig:98:44.1195:1579,Contig:99:90.8515:10485,Contig:100:199.848:5p:1:10:450,Contig:101:24.9007:3p:1:13:267,Contig:101:24.9007:3p:1:48:194,Contig:101:24.9007:3p:1:60:231,Contig:10:25.2394:3p:1:11:249,Contig:10:25.2394:3p:1:23:375,Contig:10:25.2394:3p:1:29:248,Contig:114:52.4611:3p:1:15:257,Contig:114:52.4611:3p:1:17:198,Contig:114:52.4611:3p:1:34:611,Contig:116:27.1631:3p:1:8:860,Contig:116:27.1631:5p:1:17:102,Contig:116:27.1631:5p:1:25:102,Contig:116:27.1631:5p:1:29:100,Contig:128:24.4415:5p:1:9:704,Contig:128:24.4415:5p:1:18:144,Contig:128:24.4415:5p:1:22:242,Contig:128:24.4415:5p:1:29:803,Contig:135:49.4223:3p:1:5:193,Contig:135:49.4223:3p:1:17:130,Contig:135:49.4223:3p:1:22:443,Contig:135:49.4223:3p:1:23:146,Contig:135:49.4223:3p:1:26:124,Contig:135:49.4223:3p:1:27:124,Contig:172:117.978:5p:1:7:226,Contig:172:117.978:5p:1:9:177,Contig:172:117.978:5p:1:10:177,Contig:18:50.3446:3p:1:5:241,Contig:18:50.3446:3p:1:6:494,Contig:18:50.3446:3p:1:7:493,Contig:90:73.8148:5p:1:3:553	0	False	0
efae-SAMN36766198	GP_unb_3	Contig:101:24.9007:3p:1:46:216	3	0.0	0.28410230000000003	1.0129769999067546	GP_unb_10	Contig:215:27.9455:3p:1:10:124	4	0.0	0.25396514000000003	0.8776648524847006	4	-0.027604200117525624	20.71327669	0.06992548970629286	Contig:100:199.848:1010,Contig:103:80.1581:8374,Contig:116:27.1631:28646,Contig:118:25.441:28638,Contig:119:46.5405:3664,Contig:121:24.1882:3607,Contig:126:38.8227:588,Contig:134:160.224:1560,Contig:135:49.4223:982,Contig:137:41.0658:11862,Contig:141:30.8579:20838,Contig:143:30.4444:3756,Contig:147:43.2871:1852,Contig:156:133.506:1466,Contig:172:117.978:516,Contig:175:365.441:2275,Contig:178:77.3071:1930,Contig:17:27.4147:3981,Contig:180:30.2056:15810,Contig:181:301.047:556,Contig:185:68.6101:5498,Contig:188:23.7944:1006,Contig:18:50.3446:7379,Contig:193:32.7062:1363,Contig:199:22.4047:7574,Contig:208:75.043:1223,Contig:210:29.1518:4157,Contig:214:24.7711:19716,Contig:215:27.9455:3419,Contig:219:22.9984:3866,Contig:220:28.104:5029,Contig:222:53.0958:13945,Contig:24:28.8849:7536,Contig:30:25.8188:954,Contig:40:27.2622:2156,Contig:43:103.389:5374,Contig:46:53.3597:474,Contig:54:295.909:853,Contig:68:53.9197:4947,Contig:7:161.077:657,Contig:81:858.248:1505,Contig:87:240.223:533,Contig:88:39.8911:3839,Contig:90:73.8148:2331,Contig:97:27.5744:34153,Contig:98:44.1195:1579,Contig:99:90.8515:10485,Contig:100:199.848:5p:1:10:450,Contig:101:24.9007:3p:1:48:194,Contig:101:24.9007:3p:1:60:231,Contig:10:25.2394:3p:1:11:249,Contig:10:25.2394:3p:1:23:375,Contig:10:25.2394:3p:1:29:248,Contig:114:52.4611:3p:1:15:257,Contig:114:52.4611:3p:1:17:198,Contig:114:52.4611:3p:1:34:611,Contig:116:27.1631:3p:1:8:860,Contig:116:27.1631:5p:1:17:102,Contig:116:27.1631:5p:1:25:102,Contig:116:27.1631:5p:1:29:100,Contig:128:24.4415:5p:1:9:704,Contig:128:24.4415:5p:1:18:144,Contig:128:24.4415:5p:1:22:242,Contig:128:24.4415:5p:1:29:803,Contig:135:49.4223:3p:1:5:193,Contig:135:49.4223:3p:1:17:130,Contig:135:49.4223:3p:1:22:443,Contig:135:49.4223:3p:1:23:146,Contig:135:49.4223:3p:1:26:124,Contig:135:49.4223:3p:1:27:124,Contig:172:117.978:5p:1:7:226,Contig:172:117.978:5p:1:9:177,Contig:172:117.978:5p:1:10:177,Contig:18:50.3446:3p:1:5:241,Contig:18:50.3446:3p:1:6:494,Contig:18:50.3446:3p:1:7:493,Contig:215:27.9455:3p:1:3:113,Contig:215:27.9455:3p:1:7:125,Contig:215:27.9455:3p:1:12:127,Contig:7:161.077:5p:1:4:515,Contig:90:73.8148:5p:1:3:553	0	False	0
efae-SAMN36766198	GP_unb_3	Contig:101:24.9007:3p:1:46:216	3	0.0	0.28410230000000003	1.0129769999067546	GP_unb_11	Contig:95:46.1806:5p:1:3:155	2	0.0	0.011536400000000002	0.9467025575227276	4	-0.048674726863540185	19.553364734000002	0.0699254897064065	Contig:100:199.848:1010,Contig:103:80.1581:8374,Contig:112:24.9484:3237,Contig:116:27.1631:28646,Contig:118:25.441:28638,Contig:119:46.5405:3664,Contig:121:24.1882:3607,Contig:126:38.8227:588,Contig:134:160.224:1560,Contig:135:49.4223:982,Contig:141:30.8579:20838,Contig:142:196.976:1416,Contig:143:30.4444:3756,Contig:156:133.506:1466,Contig:162:63.0046:1776,Contig:171:42.7031:1812,Contig:172:117.978:516,Contig:175:365.441:2275,Contig:178:77.3071:1930,Contig:17:27.4147:3981,Contig:180:30.2056:15810,Contig:181:301.047:556,Contig:182:24.1469:28605,Contig:185:68.6101:5498,Contig:188:23.7944:1006,Contig:18:50.3446:7379,Contig:191:57.1338:2339,Contig:193:32.7062:1363,Contig:210:29.1518:4157,Contig:214:24.7711:19716,Contig:219:22.9984:3866,Contig:220:28.104:5029,Contig:222:53.0958:13945,Contig:227:27.0759:3363,Contig:24:28.8849:7536,Contig:30:25.8188:954,Contig:40:27.2622:2156,Contig:43:103.389:5374,Contig:46:53.3597:474,Contig:54:295.909:853,Contig:68:53.9197:4947,Contig:7:161.077:657,Contig:81:858.248:1505,Contig:87:240.223:533,Contig:88:39.8911:3839,Contig:90:73.8148:2331,Contig:97:27.5744:34153,Contig:98:44.1195:1579,Contig:99:90.8515:10485,Contig:100:199.848:5p:1:10:450,Contig:100:199.848:5p:1:15:1106,Contig:100:199.848:5p:1:16:274,Contig:101:24.9007:3p:1:13:267,Contig:101:24.9007:3p:1:48:194,Contig:101:24.9007:3p:1:60:231,Contig:10:25.2394:3p:1:11:249,Contig:10:25.2394:3p:1:23:375,Contig:10:25.2394:3p:1:29:248,Contig:114:52.4611:3p:1:15:257,Contig:114:52.4611:3p:1:17:198,Contig:114:52.4611:3p:1:34:611,Contig:116:27.1631:3p:1:8:860,Contig:116:27.1631:5p:1:17:102,Contig:116:27.1631:5p:1:25:102,Contig:116:27.1631:5p:1:29:100,Contig:128:24.4415:5p:1:9:704,Contig:128:24.4415:5p:1:18:144,Contig:128:24.4415:5p:1:22:242,Contig:128:24.4415:5p:1:29:803,Contig:135:49.4223:3p:1:5:193,Contig:135:49.4223:3p:1:17:130,Contig:135:49.4223:3p:1:22:443,Contig:135:49.4223:3p:1:23:146,Contig:135:49.4223:3p:1:26:124,Contig:135:49.4223:3p:1:27:124,Contig:172:117.978:5p:1:7:226,Contig:172:117.978:5p:1:9:177,Contig:172:117.978:5p:1:10:177,Contig:18:50.3446:3p:1:5:241,Contig:18:50.3446:3p:1:6:494,Contig:18:50.3446:3p:1:7:493,Contig:7:161.077:5p:1:4:515,Contig:90:73.8148:5p:1:3:553	0	False	0
efae-SAMN36766198	GP_unb_3	Contig:101:24.9007:3p:1:46:216	3	0.0	0.28410230000000003	1.0129769999067546	GP_unb_12	Contig:95:46.1806:5p:1:4:154	2	0.0	0.008517600000000014	0.9655640609239318	4	-0.05133693027376765	19.550345934000003	0.06992548970629286	Contig:100:199.848:1010,Contig:103:80.1581:8374,Contig:112:24.9484:3237,Contig:116:27.1631:28646,Contig:118:25.441:28638,Contig:119:46.5405:3664,Contig:121:24.1882:3607,Contig:126:38.8227:588,Contig:134:160.224:1560,Contig:135:49.4223:982,Contig:141:30.8579:20838,Contig:142:196.976:1416,Contig:143:30.4444:3756,Contig:156:133.506:1466,Contig:162:63.0046:1776,Contig:171:42.7031:1812,Contig:172:117.978:516,Contig:175:365.441:2275,Contig:178:77.3071:1930,Contig:17:27.4147:3981,Contig:180:30.2056:15810,Contig:181:301.047:556,Contig:182:24.1469:28605,Contig:185:68.6101:5498,Contig:188:23.7944:1006,Contig:18:50.3446:7379,Contig:191:57.1338:2339,Contig:193:32.7062:1363,Contig:210:29.1518:4157,Contig:214:24.7711:19716,Contig:219:22.9984:3866,Contig:220:28.104:5029,Contig:222:53.0958:13945,Contig:227:27.0759:3363,Contig:24:28.8849:7536,Contig:30:25.8188:954,Contig:40:27.2622:2156,Contig:43:103.389:5374,Contig:46:53.3597:474,Contig:54:295.909:853,Contig:68:53.9197:4947,Contig:7:161.077:657,Contig:81:858.248:1505,Contig:87:240.223:533,Contig:88:39.8911:3839,Contig:90:73.8148:2331,Contig:97:27.5744:34153,Contig:98:44.1195:1579,Contig:99:90.8515:10485,Contig:100:199.848:5p:1:10:450,Contig:100:199.848:5p:1:15:1106,Contig:100:199.848:5p:1:16:274,Contig:101:24.9007:3p:1:13:267,Contig:101:24.9007:3p:1:48:194,Contig:101:24.9007:3p:1:60:231,Contig:10:25.2394:3p:1:11:249,Contig:10:25.2394:3p:1:23:375,Contig:10:25.2394:3p:1:29:248,Contig:114:52.4611:3p:1:15:257,Contig:114:52.4611:3p:1:17:198,Contig:114:52.4611:3p:1:34:611,Contig:116:27.1631:3p:1:8:860,Contig:116:27.1631:5p:1:17:102,Contig:116:27.1631:5p:1:25:102,Contig:116:27.1631:5p:1:29:100,Contig:128:24.4415:5p:1:9:704,Contig:128:24.4415:5p:1:18:144,Contig:128:24.4415:5p:1:22:242,Contig:128:24.4415:5p:1:29:803,Contig:135:49.4223:3p:1:5:193,Contig:135:49.4223:3p:1:17:130,Contig:135:49.4223:3p:1:22:443,Contig:135:49.4223:3p:1:23:146,Contig:135:49.4223:3p:1:26:124,Contig:135:49.4223:3p:1:27:124,Contig:172:117.978:5p:1:7:226,Contig:172:117.978:5p:1:9:177,Contig:172:117.978:5p:1:10:177,Contig:18:50.3446:3p:1:5:241,Contig:18:50.3446:3p:1:6:494,Contig:18:50.3446:3p:1:7:493,Contig:7:161.077:5p:1:4:515,Contig:90:73.8148:5p:1:3:553	0	False	0
efae-SAMN36766198	GP_unb_4	Contig:101:24.9007:3p:1:59:140	3	0.0	0.2575541	4.999813610278018	GP_unb_5	Contig:10:25.2394:3p:1:5:249	4	0.0	0.2406254	8.145972180700792	4	-0.025172650535330438	19.540968	0.06992548970629286	Contig:100:199.848:1010,Contig:103:80.1581:8374,Contig:10:25.2394:24692,Contig:116:27.1631:28646,Contig:118:25.441:28638,Contig:119:46.5405:3664,Contig:121:24.1882:3607,Contig:126:38.8227:588,Contig:134:160.224:1560,Contig:135:49.4223:982,Contig:141:30.8579:20838,Contig:143:30.4444:3756,Contig:156:133.506:1466,Contig:171:42.7031:1812,Contig:172:117.978:516,Contig:175:365.441:2275,Contig:178:77.3071:1930,Contig:17:27.4147:3981,Contig:180:30.2056:15810,Contig:181:301.047:556,Contig:185:68.6101:5498,Contig:188:23.7944:1006,Contig:18:50.3446:7379,Contig:193:32.7062:1363,Contig:199:22.4047:7574,Contig:208:75.043:1223,Contig:210:29.1518:4157,Contig:214:24.7711:19716,Contig:219:22.9984:3866,Contig:220:28.104:5029,Contig:227:27.0759:3363,Contig:24:28.8849:7536,Contig:30:25.8188:954,Contig:40:27.2622:2156,Contig:43:103.389:5374,Contig:46:53.3597:474,Contig:54:295.909:853,Contig:68:53.9197:4947,Contig:7:161.077:657,Contig:81:858.248:1505,Contig:87:240.223:533,Contig:88:39.8911:3839,Contig:90:73.8148:2331,Contig:97:27.5744:34153,Contig:98:44.1195:1579,Contig:99:90.8515:10485,Contig:100:199.848:5p:1:10:450,Contig:101:24.9007:3p:1:13:267,Contig:101:24.9007:3p:1:43:923,Contig:101:24.9007:3p:1:48:194,Contig:101:24.9007:3p:1:60:231,Contig:10:25.2394:3p:1:11:249,Contig:10:25.2394:3p:1:23:375,Contig:10:25.2394:3p:1:29:248,Contig:114:52.4611:3p:1:15:257,Contig:114:52.4611:3p:1:17:198,Contig:114:52.4611:3p:1:34:611,Contig:116:27.1631:3p:1:8:860,Contig:116:27.1631:5p:1:17:102,Contig:116:27.1631:5p:1:25:102,Contig:116:27.1631:5p:1:29:100,Contig:128:24.4415:5p:1:9:704,Contig:128:24.4415:5p:1:18:144,Contig:128:24.4415:5p:1:22:242,Contig:128:24.4415:5p:1:29:803,Contig:135:49.4223:3p:1:5:193,Contig:135:49.4223:3p:1:17:130,Contig:135:49.4223:3p:1:22:443,Contig:135:49.4223:3p:1:23:146,Contig:135:49.4223:3p:1:26:124,Contig:135:49.4223:3p:1:27:124,Contig:172:117.978:5p:1:7:226,Contig:172:117.978:5p:1:9:177,Contig:172:117.978:5p:1:10:177,Contig:18:50.3446:3p:1:5:241,Contig:18:50.3446:3p:1:6:494,Contig:18:50.3446:3p:1:7:493,Contig:7:161.077:5p:1:4:515,Contig:90:73.8148:5p:1:3:553	0	False	0
efae-SAMN36766198	GP_unb_4	Contig:101:24.9007:3p:1:59:140	3	0.0	0.2575541	4.999813610278018	GP_unb_6	Contig:10:25.2394:3p:1:21:249	4	0.0	0.25837940000000004	8.145972180700792	4	-0.025172650535330438	20.280487849999997	0.06992548970629286	Contig:100:199.848:1010,Contig:103:80.1581:8374,Contig:116:27.1631:28646,Contig:118:25.441:28638,Contig:119:46.5405:3664,Contig:121:24.1882:3607,Contig:126:38.8227:588,Contig:134:160.224:1560,Contig:135:49.4223:982,Contig:141:30.8579:20838,Contig:143:30.4444:3756,Contig:156:133.506:1466,Contig:171:42.7031:1812,Contig:172:117.978:516,Contig:175:365.441:2275,Contig:178:77.3071:1930,Contig:17:27.4147:3981,Contig:180:30.2056:15810,Contig:181:301.047:556,Contig:185:68.6101:5498,Contig:188:23.7944:1006,Contig:18:50.3446:7379,Contig:193:32.7062:1363,Contig:199:22.4047:7574,Contig:208:75.043:1223,Contig:210:29.1518:4157,Contig:214:24.7711:19716,Contig:219:22.9984:3866,Contig:220:28.104:5029,Contig:227:27.0759:3363,Contig:24:28.8849:7536,Contig:30:25.8188:954,Contig:40:27.2622:2156,Contig:43:103.389:5374,Contig:46:53.3597:474,Contig:54:295.909:853,Contig:68:53.9197:4947,Contig:7:161.077:657,Contig:81:858.248:1505,Contig:87:240.223:533,Contig:88:39.8911:3839,Contig:90:73.8148:2331,Contig:97:27.5744:34153,Contig:98:44.1195:1579,Contig:99:90.8515:10485,Contig:100:199.848:5p:1:10:450,Contig:101:24.9007:3p:1:13:267,Contig:101:24.9007:3p:1:43:923,Contig:101:24.9007:3p:1:48:194,Contig:101:24.9007:3p:1:60:231,Contig:10:25.2394:3p:1:11:249,Contig:10:25.2394:3p:1:17:375,Contig:10:25.2394:3p:1:23:375,Contig:10:25.2394:3p:1:29:248,Contig:114:52.4611:3p:1:15:257,Contig:114:52.4611:3p:1:17:198,Contig:114:52.4611:3p:1:34:611,Contig:116:27.1631:3p:1:8:860,Contig:116:27.1631:5p:1:17:102,Contig:116:27.1631:5p:1:25:102,Contig:116:27.1631:5p:1:29:100,Contig:128:24.4415:5p:1:9:704,Contig:128:24.4415:5p:1:18:144,Contig:128:24.4415:5p:1:22:242,Contig:128:24.4415:5p:1:29:803,Contig:135:49.4223:3p:1:5:193,Contig:135:49.4223:3p:1:17:130,Contig:135:49.4223:3p:1:22:443,Contig:135:49.4223:3p:1:23:146,Contig:135:49.4223:3p:1:26:124,Contig:135:49.4223:3p:1:27:124,Contig:172:117.978:5p:1:7:226,Contig:172:117.978:5p:1:9:177,Contig:172:117.978:5p:1:10:177,Contig:18:50.3446:3p:1:5:241,Contig:18:50.3446:3p:1:6:494,Contig:18:50.3446:3p:1:7:493,Contig:7:161.077:5p:1:4:515,Contig:90:73.8148:5p:1:3:553	0	False	0
efae-SAMN36766198	GP_unb_4	Contig:101:24.9007:3p:1:59:140	3	0.0	0.2575541	4.999813610278018	GP_unb_7	Contig:10:25.2394:3p:1:28:248	4	0.0	0.25746256	8.16017778513324	4	-0.025172650535330438	20.279571009999998	0.06992548970629286	Contig:100:199.848:1010,Contig:103:80.1581:8374,Contig:116:27.1631:28646,Contig:118:25.441:28638,Contig:119:46.5405:3664,Contig:121:24.1882:3607,Contig:126:38.8227:588,Contig:134:160.224:1560,Contig:135:49.4223:982,Contig:141:30.8579:20838,Contig:143:30.4444:3756,Contig:156:133.506:1466,Contig:171:42.7031:1812,Contig:172:117.978:516,Contig:175:365.441:2275,Contig:178:77.3071:1930,Contig:17:27.4147:3981,Contig:180:30.2056:15810,Contig:181:301.047:556,Contig:185:68.6101:5498,Contig:188:23.7944:1006,Contig:18:50.3446:7379,Contig:193:32.7062:1363,Contig:199:22.4047:7574,Contig:208:75.043:1223,Contig:210:29.1518:4157,Contig:214:24.7711:19716,Contig:219:22.9984:3866,Contig:220:28.104:5029,Contig:227:27.0759:3363,Contig:24:28.8849:7536,Contig:30:25.8188:954,Contig:40:27.2622:2156,Contig:43:103.389:5374,Contig:46:53.3597:474,Contig:54:295.909:853,Contig:68:53.9197:4947,Contig:7:161.077:657,Contig:81:858.248:1505,Contig:87:240.223:533,Contig:88:39.8911:3839,Contig:90:73.8148:2331,Contig:97:27.5744:34153,Contig:98:44.1195:1579,Contig:99:90.8515:10485,Contig:100:199.848:5p:1:10:450,Contig:101:24.9007:3p:1:13:267,Contig:101:24.9007:3p:1:43:923,Contig:101:24.9007:3p:1:48:194,Contig:101:24.9007:3p:1:60:231,Contig:10:25.2394:3p:1:11:249,Contig:10:25.2394:3p:1:17:375,Contig:10:25.2394:3p:1:23:375,Contig:10:25.2394:3p:1:29:248,Contig:114:52.4611:3p:1:15:257,Contig:114:52.4611:3p:1:17:198,Contig:114:52.4611:3p:1:34:611,Contig:116:27.1631:3p:1:8:860,Contig:116:27.1631:5p:1:17:102,Contig:116:27.1631:5p:1:25:102,Contig:116:27.1631:5p:1:29:100,Contig:128:24.4415:5p:1:9:704,Contig:128:24.4415:5p:1:18:144,Contig:128:24.4415:5p:1:22:242,Contig:128:24.4415:5p:1:29:803,Contig:135:49.4223:3p:1:5:193,Contig:135:49.4223:3p:1:17:130,Contig:135:49.4223:3p:1:22:443,Contig:135:49.4223:3p:1:23:146,Contig:135:49.4223:3p:1:26:124,Contig:135:49.4223:3p:1:27:124,Contig:172:117.978:5p:1:7:226,Contig:172:117.978:5p:1:9:177,Contig:172:117.978:5p:1:10:177,Contig:18:50.3446:3p:1:5:241,Contig:18:50.3446:3p:1:6:494,Contig:18:50.3446:3p:1:7:493,Contig:7:161.077:5p:1:4:515,Contig:90:73.8148:5p:1:3:553	0	False	0
efae-SAMN36766198	GP_unb_4	Contig:101:24.9007:3p:1:59:140	3	0.0	0.2575541	4.999813610278018	GP_unb_8	Contig:114:52.4611:3p:1:16:257	4	0.0	0.4742925	19.31938898942107	4	-0.019656352189692833	19.896278340000002	0.06992548970629286	Contig:100:199.848:1010,Contig:103:80.1581:8374,Contig:116:27.1631:28646,Contig:118:25.441:28638,Contig:119:46.5405:3664,Contig:121:24.1882:3607,Contig:126:38.8227:588,Contig:134:160.224:1560,Contig:135:49.4223:982,Contig:141:30.8579:20838,Contig:143:30.4444:3756,Contig:156:133.506:1466,Contig:171:42.7031:1812,Contig:172:117.978:516,Contig:175:365.441:2275,Contig:178:77.3071:1930,Contig:17:27.4147:3981,Contig:180:30.2056:15810,Contig:181:301.047:556,Contig:185:68.6101:5498,Contig:188:23.7944:1006,Contig:18:50.3446:7379,Contig:193:32.7062:1363,Contig:199:22.4047:7574,Contig:208:75.043:1223,Contig:210:29.1518:4157,Contig:214:24.7711:19716,Contig:219:22.9984:3866,Contig:222:53.0958:13945,Contig:227:27.0759:3363,Contig:24:28.8849:7536,Contig:35:50.8783:1919,Contig:40:27.2622:2156,Contig:43:103.389:5374,Contig:46:53.3597:474,Contig:54:295.909:853,Contig:68:53.9197:4947,Contig:7:161.077:657,Contig:81:858.248:1505,Contig:87:240.223:533,Contig:88:39.8911:3839,Contig:90:73.8148:2331,Contig:97:27.5744:34153,Contig:98:44.1195:1579,Contig:99:90.8515:10485,Contig:100:199.848:5p:1:10:450,Contig:101:24.9007:3p:1:13:267,Contig:101:24.9007:3p:1:43:923,Contig:101:24.9007:3p:1:48:194,Contig:101:24.9007:3p:1:60:231,Contig:10:25.2394:3p:1:23:375,Contig:10:25.2394:3p:1:29:248,Contig:114:52.4611:3p:1:15:257,Contig:114:52.4611:3p:1:17:198,Contig:114:52.4611:3p:1:34:611,Contig:116:27.1631:3p:1:8:860,Contig:116:27.1631:5p:1:17:102,Contig:116:27.1631:5p:1:25:102,Contig:116:27.1631:5p:1:29:100,Contig:128:24.4415:5p:1:18:144,Contig:128:24.4415:5p:1:22:242,Contig:128:24.4415:5p:1:29:803,Contig:135:49.4223:3p:1:5:193,Contig:135:49.4223:3p:1:17:130,Contig:135:49.4223:3p:1:22:443,Contig:135:49.4223:3p:1:23:146,Contig:135:49.4223:3p:1:26:124,Contig:135:49.4223:3p:1:27:124,Contig:172:117.978:5p:1:7:226,Contig:172:117.978:5p:1:9:177,Contig:172:117.978:5p:1:10:177,Contig:18:50.3446:3p:1:5:241,Contig:18:50.3446:3p:1:6:494,Contig:18:50.3446:3p:1:7:493,Contig:7:161.077:5p:1:4:515,Contig:90:73.8148:5p:1:3:553	0	False	0
efae-SAMN36766198	GP_unb_4	Contig:101:24.9007:3p:1:59:140	3	0.0	0.2575541	4.999813610278018	GP_unb_9	Contig:130:27.6191:3p:1:10:502	4	0.0	0.24299574000000002	2.775089481067581	4	-0.04871759300865802	19.82668774	0.06992548970629286	Contig:100:199.848:1010,Contig:103:80.1581:8374,Contig:116:27.1631:28646,Contig:119:46.5405:3664,Contig:121:24.1882:3607,Contig:126:38.8227:588,Contig:134:160.224:1560,Contig:135:49.4223:982,Contig:141:30.8579:20838,Contig:166:27.085:3884,Contig:171:42.7031:1812,Contig:172:117.978:516,Contig:175:365.441:2275,Contig:178:77.3071:1930,Contig:17:27.4147:3981,Contig:180:30.2056:15810,Contig:181:301.047:556,Contig:185:68.6101:5498,Contig:188:23.7944:1006,Contig:193:32.7062:1363,Contig:199:22.4047:7574,Contig:203:31.5652:2408,Contig:208:75.043:1223,Contig:210:29.1518:4157,Contig:220:28.104:5029,Contig:227:27.0759:3363,Contig:24:28.8849:7536,Contig:30:25.8188:954,Contig:40:27.2622:2156,Contig:43:103.389:5374,Contig:46:53.3597:474,Contig:54:295.909:853,Contig:68:53.9197:4947,Contig:77:47.3369:2279,Contig:81:858.248:1505,Contig:87:240.223:533,Contig:88:39.8911:3839,Contig:90:73.8148:2331,Contig:97:27.5744:34153,Contig:98:44.1195:1579,Contig:99:90.8515:10485,Contig:100:199.848:5p:1:10:450,Contig:101:24.9007:3p:1:13:267,Contig:101:24.9007:3p:1:43:923,Contig:101:24.9007:3p:1:48:194,Contig:101:24.9007:3p:1:60:231,Contig:10:25.2394:3p:1:11:249,Contig:114:52.4611:3p:1:15:257,Contig:114:52.4611:3p:1:17:198,Contig:114:52.4611:3p:1:34:611,Contig:116:27.1631:3p:1:8:860,Contig:116:27.1631:5p:1:17:102,Contig:116:27.1631:5p:1:25:102,Contig:116:27.1631:5p:1:29:100,Contig:128:24.4415:5p:1:9:704,Contig:128:24.4415:5p:1:18:144,Contig:128:24.4415:5p:1:22:242,Contig:128:24.4415:5p:1:29:803,Contig:135:49.4223:3p:1:5:193,Contig:135:49.4223:3p:1:17:130,Contig:135:49.4223:3p:1:22:443,Contig:135:49.4223:3p:1:23:146,Contig:135:49.4223:3p:1:26:124,Contig:135:49.4223:3p:1:27:124,Contig:172:117.978:5p:1:7:226,Contig:172:117.978:5p:1:9:177,Contig:172:117.978:5p:1:10:177,Contig:18:50.3446:3p:1:5:241,Contig:18:50.3446:3p:1:6:494,Contig:18:50.3446:3p:1:7:493,Contig:90:73.8148:5p:1:3:553	0	False	0
efae-SAMN36766198	GP_unb_4	Contig:101:24.9007:3p:1:59:140	3	0.0	0.2575541	4.999813610278018	GP_unb_10	Contig:215:27.9455:3p:1:10:124	4	0.0	0.25396514000000003	0.8776648524847006	4	-0.019656352189692833	20.236208429999998	0.06992548970629286	Contig:100:199.848:1010,Contig:103:80.1581:8374,Contig:116:27.1631:28646,Contig:118:25.441:28638,Contig:119:46.5405:3664,Contig:121:24.1882:3607,Contig:126:38.8227:588,Contig:134:160.224:1560,Contig:135:49.4223:982,Contig:141:30.8579:20838,Contig:143:30.4444:3756,Contig:156:133.506:1466,Contig:171:42.7031:1812,Contig:172:117.978:516,Contig:175:365.441:2275,Contig:178:77.3071:1930,Contig:17:27.4147:3981,Contig:180:30.2056:15810,Contig:181:301.047:556,Contig:185:68.6101:5498,Contig:188:23.7944:1006,Contig:18:50.3446:7379,Contig:193:32.7062:1363,Contig:199:22.4047:7574,Contig:208:75.043:1223,Contig:210:29.1518:4157,Contig:214:24.7711:19716,Contig:215:27.9455:3419,Contig:219:22.9984:3866,Contig:227:27.0759:3363,Contig:24:28.8849:7536,Contig:40:27.2622:2156,Contig:43:103.389:5374,Contig:46:53.3597:474,Contig:54:295.909:853,Contig:68:53.9197:4947,Contig:7:161.077:657,Contig:81:858.248:1505,Contig:87:240.223:533,Contig:88:39.8911:3839,Contig:90:73.8148:2331,Contig:97:27.5744:34153,Contig:98:44.1195:1579,Contig:99:90.8515:10485,Contig:100:199.848:5p:1:10:450,Contig:101:24.9007:3p:1:13:267,Contig:101:24.9007:3p:1:43:923,Contig:101:24.9007:3p:1:48:194,Contig:101:24.9007:3p:1:60:231,Contig:10:25.2394:3p:1:23:375,Contig:10:25.2394:3p:1:29:248,Contig:114:52.4611:3p:1:15:257,Contig:114:52.4611:3p:1:17:198,Contig:114:52.4611:3p:1:34:611,Contig:116:27.1631:3p:1:8:860,Contig:116:27.1631:5p:1:17:102,Contig:116:27.1631:5p:1:25:102,Contig:116:27.1631:5p:1:29:100,Contig:128:24.4415:5p:1:18:144,Contig:128:24.4415:5p:1:22:242,Contig:128:24.4415:5p:1:29:803,Contig:135:49.4223:3p:1:5:193,Contig:135:49.4223:3p:1:17:130,Contig:135:49.4223:3p:1:22:443,Contig:135:49.4223:3p:1:23:146,Contig:135:49.4223:3p:1:26:124,Contig:135:49.4223:3p:1:27:124,Contig:172:117.978:5p:1:7:226,Contig:172:117.978:5p:1:9:177,Contig:172:117.978:5p:1:10:177,Contig:18:50.3446:3p:1:5:241,Contig:18:50.3446:3p:1:6:494,Contig:18:50.3446:3p:1:7:493,Contig:215:27.9455:3p:1:3:113,Contig:215:27.9455:3p:1:7:125,Contig:215:27.9455:3p:1:12:127,Contig:7:161.077:5p:1:4:515,Contig:90:73.8148:5p:1:3:553	0	False	0
efae-SAMN36766198	GP_unb_4	Contig:101:24.9007:3p:1:59:140	3	0.0	0.2575541	4.999813610278018	GP_unb_11	Contig:95:46.1806:5p:1:3:155	2	0.0	0.011536400000000002	0.9467025575227276	4	-0.040726878935707395	19.037628933999997	0.06992548970629286	Contig:100:199.848:1010,Contig:103:80.1581:8374,Contig:112:24.9484:3237,Contig:116:27.1631:28646,Contig:118:25.441:28638,Contig:119:46.5405:3664,Contig:121:24.1882:3607,Contig:126:38.8227:588,Contig:134:160.224:1560,Contig:135:49.4223:982,Contig:141:30.8579:20838,Contig:142:196.976:1416,Contig:143:30.4444:3756,Contig:156:133.506:1466,Contig:162:63.0046:1776,Contig:171:42.7031:1812,Contig:172:117.978:516,Contig:175:365.441:2275,Contig:178:77.3071:1930,Contig:17:27.4147:3981,Contig:180:30.2056:15810,Contig:181:301.047:556,Contig:182:24.1469:28605,Contig:185:68.6101:5498,Contig:188:23.7944:1006,Contig:18:50.3446:7379,Contig:191:57.1338:2339,Contig:193:32.7062:1363,Contig:210:29.1518:4157,Contig:214:24.7711:19716,Contig:219:22.9984:3866,Contig:222:53.0958:13945,Contig:227:27.0759:3363,Contig:24:28.8849:7536,Contig:35:50.8783:1919,Contig:40:27.2622:2156,Contig:43:103.389:5374,Contig:46:53.3597:474,Contig:54:295.909:853,Contig:68:53.9197:4947,Contig:7:161.077:657,Contig:81:858.248:1505,Contig:87:240.223:533,Contig:88:39.8911:3839,Contig:90:73.8148:2331,Contig:97:27.5744:34153,Contig:98:44.1195:1579,Contig:99:90.8515:10485,Contig:100:199.848:5p:1:10:450,Contig:100:199.848:5p:1:15:1106,Contig:100:199.848:5p:1:16:274,Contig:101:24.9007:3p:1:13:267,Contig:101:24.9007:3p:1:43:923,Contig:101:24.9007:3p:1:48:194,Contig:101:24.9007:3p:1:60:231,Contig:10:25.2394:3p:1:23:375,Contig:10:25.2394:3p:1:29:248,Contig:114:52.4611:3p:1:15:257,Contig:114:52.4611:3p:1:17:198,Contig:114:52.4611:3p:1:34:611,Contig:116:27.1631:3p:1:8:860,Contig:116:27.1631:5p:1:17:102,Contig:116:27.1631:5p:1:25:102,Contig:116:27.1631:5p:1:29:100,Contig:128:24.4415:5p:1:18:144,Contig:128:24.4415:5p:1:22:242,Contig:128:24.4415:5p:1:29:803,Contig:135:49.4223:3p:1:5:193,Contig:135:49.4223:3p:1:17:130,Contig:135:49.4223:3p:1:22:443,Contig:135:49.4223:3p:1:23:146,Contig:135:49.4223:3p:1:26:124,Contig:135:49.4223:3p:1:27:124,Contig:172:117.978:5p:1:7:226,Contig:172:117.978:5p:1:9:177,Contig:172:117.978:5p:1:10:177,Contig:18:50.3446:3p:1:5:241,Contig:18:50.3446:3p:1:6:494,Contig:18:50.3446:3p:1:7:493,Contig:7:161.077:5p:1:4:515,Contig:90:73.8148:5p:1:3:553	0	False	0
efae-SAMN36766198	GP_unb_4	Contig:101:24.9007:3p:1:59:140	3	0.0	0.2575541	4.999813610278018	GP_unb_12	Contig:95:46.1806:5p:1:4:154	2	0.0	0.008517600000000014	0.9655640609239318	4	-0.04338908234593486	19.034610133999998	0.06992548970629286	Contig:100:199.848:1010,Contig:103:80.1581:8374,Contig:112:24.9484:3237,Contig:116:27.1631:28646,Contig:118:25.441:28638,Contig:119:46.5405:3664,Contig:121:24.1882:3607,Contig:126:38.8227:588,Contig:134:160.224:1560,Contig:135:49.4223:982,Contig:141:30.8579:20838,Contig:142:196.976:1416,Contig:143:30.4444:3756,Contig:156:133.506:1466,Contig:162:63.0046:1776,Contig:171:42.7031:1812,Contig:172:117.978:516,Contig:175:365.441:2275,Contig:178:77.3071:1930,Contig:17:27.4147:3981,Contig:180:30.2056:15810,Contig:181:301.047:556,Contig:182:24.1469:28605,Contig:185:68.6101:5498,Contig:188:23.7944:1006,Contig:18:50.3446:7379,Contig:191:57.1338:2339,Contig:193:32.7062:1363,Contig:210:29.1518:4157,Contig:214:24.7711:19716,Contig:219:22.9984:3866,Contig:222:53.0958:13945,Contig:227:27.0759:3363,Contig:24:28.8849:7536,Contig:35:50.8783:1919,Contig:40:27.2622:2156,Contig:43:103.389:5374,Contig:46:53.3597:474,Contig:54:295.909:853,Contig:68:53.9197:4947,Contig:7:161.077:657,Contig:81:858.248:1505,Contig:87:240.223:533,Contig:88:39.8911:3839,Contig:90:73.8148:2331,Contig:97:27.5744:34153,Contig:98:44.1195:1579,Contig:99:90.8515:10485,Contig:100:199.848:5p:1:10:450,Contig:100:199.848:5p:1:15:1106,Contig:100:199.848:5p:1:16:274,Contig:101:24.9007:3p:1:13:267,Contig:101:24.9007:3p:1:43:923,Contig:101:24.9007:3p:1:48:194,Contig:101:24.9007:3p:1:60:231,Contig:10:25.2394:3p:1:23:375,Contig:10:25.2394:3p:1:29:248,Contig:114:52.4611:3p:1:15:257,Contig:114:52.4611:3p:1:17:198,Contig:114:52.4611:3p:1:34:611,Contig:116:27.1631:3p:1:8:860,Contig:116:27.1631:5p:1:17:102,Contig:116:27.1631:5p:1:25:102,Contig:116:27.1631:5p:1:29:100,Contig:128:24.4415:5p:1:18:144,Contig:128:24.4415:5p:1:22:242,Contig:128:24.4415:5p:1:29:803,Contig:135:49.4223:3p:1:5:193,Contig:135:49.4223:3p:1:17:130,Contig:135:49.4223:3p:1:22:443,Contig:135:49.4223:3p:1:23:146,Contig:135:49.4223:3p:1:26:124,Contig:135:49.4223:3p:1:27:124,Contig:172:117.978:5p:1:7:226,Contig:172:117.978:5p:1:9:177,Contig:172:117.978:5p:1:10:177,Contig:18:50.3446:3p:1:5:241,Contig:18:50.3446:3p:1:6:494,Contig:18:50.3446:3p:1:7:493,Contig:7:161.077:5p:1:4:515,Contig:90:73.8148:5p:1:3:553	0	False	0
efae-SAMN36766198	GP_unb_5	Contig:10:25.2394:3p:1:5:249	4	0.0	0.2406254	8.145972180700792	GP_unb_6	Contig:10:25.2394:3p:1:21:249	4	0.0	0.25837940000000004	8.145972180700792	4	-0.02116933224627207	20.296206669999997	0.06992548970629286	Contig:100:199.848:1010,Contig:103:80.1581:8374,Contig:116:27.1631:28646,Contig:118:25.441:28638,Contig:119:46.5405:3664,Contig:121:24.1882:3607,Contig:126:38.8227:588,Contig:134:160.224:1560,Contig:135:49.4223:982,Contig:141:30.8579:20838,Contig:143:30.4444:3756,Contig:156:133.506:1466,Contig:171:42.7031:1812,Contig:172:117.978:516,Contig:175:365.441:2275,Contig:178:77.3071:1930,Contig:17:27.4147:3981,Contig:180:30.2056:15810,Contig:181:301.047:556,Contig:185:68.6101:5498,Contig:188:23.7944:1006,Contig:18:50.3446:7379,Contig:193:32.7062:1363,Contig:199:22.4047:7574,Contig:208:75.043:1223,Contig:210:29.1518:4157,Contig:214:24.7711:19716,Contig:219:22.9984:3866,Contig:220:28.104:5029,Contig:227:27.0759:3363,Contig:24:28.8849:7536,Contig:30:25.8188:954,Contig:40:27.2622:2156,Contig:43:103.389:5374,Contig:46:53.3597:474,Contig:54:295.909:853,Contig:68:53.9197:4947,Contig:7:161.077:657,Contig:81:858.248:1505,Contig:87:240.223:533,Contig:88:39.8911:3839,Contig:90:73.8148:2331,Contig:97:27.5744:34153,Contig:98:44.1195:1579,Contig:99:90.8515:10485,Contig:100:199.848:5p:1:10:450,Contig:101:24.9007:3p:1:13:267,Contig:101:24.9007:3p:1:48:194,Contig:101:24.9007:3p:1:60:231,Contig:10:25.2394:3p:1:11:249,Contig:10:25.2394:3p:1:17:375,Contig:10:25.2394:3p:1:23:375,Contig:10:25.2394:3p:1:29:248,Contig:114:52.4611:3p:1:15:257,Contig:114:52.4611:3p:1:17:198,Contig:114:52.4611:3p:1:34:611,Contig:116:27.1631:3p:1:8:860,Contig:116:27.1631:5p:1:17:102,Contig:116:27.1631:5p:1:25:102,Contig:116:27.1631:5p:1:29:100,Contig:128:24.4415:5p:1:9:704,Contig:128:24.4415:5p:1:18:144,Contig:128:24.4415:5p:1:22:242,Contig:128:24.4415:5p:1:29:803,Contig:135:49.4223:3p:1:5:193,Contig:135:49.4223:3p:1:17:130,Contig:135:49.4223:3p:1:22:443,Contig:135:49.4223:3p:1:23:146,Contig:135:49.4223:3p:1:26:124,Contig:135:49.4223:3p:1:27:124,Contig:172:117.978:5p:1:7:226,Contig:172:117.978:5p:1:9:177,Contig:172:117.978:5p:1:10:177,Contig:18:50.3446:3p:1:5:241,Contig:18:50.3446:3p:1:6:494,Contig:18:50.3446:3p:1:7:493,Contig:7:161.077:5p:1:4:515,Contig:90:73.8148:5p:1:3:553	0	False	0
efae-SAMN36766198	GP_unb_5	Contig:10:25.2394:3p:1:5:249	4	0.0	0.2406254	8.145972180700792	GP_unb_7	Contig:10:25.2394:3p:1:28:248	4	0.0	0.25746256	8.16017778513324	4	-0.02116933224627207	20.295289829999998	0.06992548970629286	Contig:100:199.848:1010,Contig:103:80.1581:8374,Contig:116:27.1631:28646,Contig:118:25.441:28638,Contig:119:46.5405:3664,Contig:121:24.1882:3607,Contig:126:38.8227:588,Contig:134:160.224:1560,Contig:135:49.4223:982,Contig:141:30.8579:20838,Contig:143:30.4444:3756,Contig:156:133.506:1466,Contig:171:42.7031:1812,Contig:172:117.978:516,Contig:175:365.441:2275,Contig:178:77.3071:1930,Contig:17:27.4147:3981,Contig:180:30.2056:15810,Contig:181:301.047:556,Contig:185:68.6101:5498,Contig:188:23.7944:1006,Contig:18:50.3446:7379,Contig:193:32.7062:1363,Contig:199:22.4047:7574,Contig:208:75.043:1223,Contig:210:29.1518:4157,Contig:214:24.7711:19716,Contig:219:22.9984:3866,Contig:220:28.104:5029,Contig:227:27.0759:3363,Contig:24:28.8849:7536,Contig:30:25.8188:954,Contig:40:27.2622:2156,Contig:43:103.389:5374,Contig:46:53.3597:474,Contig:54:295.909:853,Contig:68:53.9197:4947,Contig:7:161.077:657,Contig:81:858.248:1505,Contig:87:240.223:533,Contig:88:39.8911:3839,Contig:90:73.8148:2331,Contig:97:27.5744:34153,Contig:98:44.1195:1579,Contig:99:90.8515:10485,Contig:100:199.848:5p:1:10:450,Contig:101:24.9007:3p:1:13:267,Contig:101:24.9007:3p:1:48:194,Contig:101:24.9007:3p:1:60:231,Contig:10:25.2394:3p:1:11:249,Contig:10:25.2394:3p:1:17:375,Contig:10:25.2394:3p:1:23:375,Contig:10:25.2394:3p:1:29:248,Contig:114:52.4611:3p:1:15:257,Contig:114:52.4611:3p:1:17:198,Contig:114:52.4611:3p:1:34:611,Contig:116:27.1631:3p:1:8:860,Contig:116:27.1631:5p:1:17:102,Contig:116:27.1631:5p:1:25:102,Contig:116:27.1631:5p:1:29:100,Contig:128:24.4415:5p:1:9:704,Contig:128:24.4415:5p:1:18:144,Contig:128:24.4415:5p:1:22:242,Contig:128:24.4415:5p:1:29:803,Contig:135:49.4223:3p:1:5:193,Contig:135:49.4223:3p:1:17:130,Contig:135:49.4223:3p:1:22:443,Contig:135:49.4223:3p:1:23:146,Contig:135:49.4223:3p:1:26:124,Contig:135:49.4223:3p:1:27:124,Contig:172:117.978:5p:1:7:226,Contig:172:117.978:5p:1:9:177,Contig:172:117.978:5p:1:10:177,Contig:18:50.3446:3p:1:5:241,Contig:18:50.3446:3p:1:6:494,Contig:18:50.3446:3p:1:7:493,Contig:7:161.077:5p:1:4:515,Contig:90:73.8148:5p:1:3:553	0	False	0
efae-SAMN36766198	GP_unb_5	Contig:10:25.2394:3p:1:5:249	4	0.0	0.2406254	8.145972180700792	GP_unb_8	Contig:114:52.4611:3p:1:16:257	4	0.0	0.4742925	19.31938898942107	4	-0.015653033900634467	19.911997160000002	0.06992548970629286	Contig:100:199.848:1010,Contig:103:80.1581:8374,Contig:116:27.1631:28646,Contig:118:25.441:28638,Contig:119:46.5405:3664,Contig:121:24.1882:3607,Contig:126:38.8227:588,Contig:134:160.224:1560,Contig:135:49.4223:982,Contig:141:30.8579:20838,Contig:143:30.4444:3756,Contig:156:133.506:1466,Contig:171:42.7031:1812,Contig:172:117.978:516,Contig:175:365.441:2275,Contig:178:77.3071:1930,Contig:17:27.4147:3981,Contig:180:30.2056:15810,Contig:181:301.047:556,Contig:185:68.6101:5498,Contig:188:23.7944:1006,Contig:18:50.3446:7379,Contig:193:32.7062:1363,Contig:199:22.4047:7574,Contig:208:75.043:1223,Contig:210:29.1518:4157,Contig:214:24.7711:19716,Contig:219:22.9984:3866,Contig:222:53.0958:13945,Contig:227:27.0759:3363,Contig:24:28.8849:7536,Contig:35:50.8783:1919,Contig:40:27.2622:2156,Contig:43:103.389:5374,Contig:46:53.3597:474,Contig:54:295.909:853,Contig:68:53.9197:4947,Contig:7:161.077:657,Contig:81:858.248:1505,Contig:87:240.223:533,Contig:88:39.8911:3839,Contig:90:73.8148:2331,Contig:97:27.5744:34153,Contig:98:44.1195:1579,Contig:99:90.8515:10485,Contig:100:199.848:5p:1:10:450,Contig:101:24.9007:3p:1:13:267,Contig:101:24.9007:3p:1:48:194,Contig:101:24.9007:3p:1:60:231,Contig:10:25.2394:3p:1:23:375,Contig:10:25.2394:3p:1:29:248,Contig:114:52.4611:3p:1:15:257,Contig:114:52.4611:3p:1:17:198,Contig:114:52.4611:3p:1:34:611,Contig:116:27.1631:3p:1:8:860,Contig:116:27.1631:5p:1:17:102,Contig:116:27.1631:5p:1:25:102,Contig:116:27.1631:5p:1:29:100,Contig:128:24.4415:5p:1:18:144,Contig:128:24.4415:5p:1:22:242,Contig:128:24.4415:5p:1:29:803,Contig:135:49.4223:3p:1:5:193,Contig:135:49.4223:3p:1:17:130,Contig:135:49.4223:3p:1:22:443,Contig:135:49.4223:3p:1:23:146,Contig:135:49.4223:3p:1:26:124,Contig:135:49.4223:3p:1:27:124,Contig:172:117.978:5p:1:7:226,Contig:172:117.978:5p:1:9:177,Contig:172:117.978:5p:1:10:177,Contig:18:50.3446:3p:1:5:241,Contig:18:50.3446:3p:1:6:494,Contig:18:50.3446:3p:1:7:493,Contig:7:161.077:5p:1:4:515,Contig:90:73.8148:5p:1:3:553	0	False	0
efae-SAMN36766198	GP_unb_5	Contig:10:25.2394:3p:1:5:249	4	0.0	0.2406254	8.145972180700792	GP_unb_9	Contig:130:27.6191:3p:1:10:502	4	0.0	0.24299574000000002	2.775089481067581	4	-0.044714274719599656	19.84240656	0.06992548970629303	Contig:100:199.848:1010,Contig:103:80.1581:8374,Contig:116:27.1631:28646,Contig:119:46.5405:3664,Contig:121:24.1882:3607,Contig:126:38.8227:588,Contig:134:160.224:1560,Contig:135:49.4223:982,Contig:141:30.8579:20838,Contig:166:27.085:3884,Contig:171:42.7031:1812,Contig:172:117.978:516,Contig:175:365.441:2275,Contig:178:77.3071:1930,Contig:17:27.4147:3981,Contig:180:30.2056:15810,Contig:181:301.047:556,Contig:185:68.6101:5498,Contig:188:23.7944:1006,Contig:193:32.7062:1363,Contig:199:22.4047:7574,Contig:203:31.5652:2408,Contig:208:75.043:1223,Contig:210:29.1518:4157,Contig:220:28.104:5029,Contig:227:27.0759:3363,Contig:24:28.8849:7536,Contig:30:25.8188:954,Contig:40:27.2622:2156,Contig:43:103.389:5374,Contig:46:53.3597:474,Contig:54:295.909:853,Contig:68:53.9197:4947,Contig:77:47.3369:2279,Contig:81:858.248:1505,Contig:87:240.223:533,Contig:88:39.8911:3839,Contig:90:73.8148:2331,Contig:97:27.5744:34153,Contig:98:44.1195:1579,Contig:99:90.8515:10485,Contig:100:199.848:5p:1:10:450,Contig:101:24.9007:3p:1:13:267,Contig:101:24.9007:3p:1:48:194,Contig:101:24.9007:3p:1:60:231,Contig:10:25.2394:3p:1:11:249,Contig:114:52.4611:3p:1:15:257,Contig:114:52.4611:3p:1:17:198,Contig:114:52.4611:3p:1:34:611,Contig:116:27.1631:3p:1:8:860,Contig:116:27.1631:5p:1:17:102,Contig:116:27.1631:5p:1:25:102,Contig:116:27.1631:5p:1:29:100,Contig:128:24.4415:5p:1:9:704,Contig:128:24.4415:5p:1:18:144,Contig:128:24.4415:5p:1:22:242,Contig:128:24.4415:5p:1:29:803,Contig:135:49.4223:3p:1:5:193,Contig:135:49.4223:3p:1:17:130,Contig:135:49.4223:3p:1:22:443,Contig:135:49.4223:3p:1:23:146,Contig:135:49.4223:3p:1:26:124,Contig:135:49.4223:3p:1:27:124,Contig:172:117.978:5p:1:7:226,Contig:172:117.978:5p:1:9:177,Contig:172:117.978:5p:1:10:177,Contig:18:50.3446:3p:1:5:241,Contig:18:50.3446:3p:1:6:494,Contig:18:50.3446:3p:1:7:493,Contig:90:73.8148:5p:1:3:553	0	False	0
efae-SAMN36766198	GP_unb_5	Contig:10:25.2394:3p:1:5:249	4	0.0	0.2406254	8.145972180700792	GP_unb_10	Contig:215:27.9455:3p:1:10:124	4	0.0	0.25396514000000003	0.8776648524847006	4	-0.015653033900634467	20.25192725	0.06992548970629286	Contig:100:199.848:1010,Contig:103:80.1581:8374,Contig:116:27.1631:28646,Contig:118:25.441:28638,Contig:119:46.5405:3664,Contig:121:24.1882:3607,Contig:126:38.8227:588,Contig:134:160.224:1560,Contig:135:49.4223:982,Contig:141:30.8579:20838,Contig:143:30.4444:3756,Contig:156:133.506:1466,Contig:171:42.7031:1812,Contig:172:117.978:516,Contig:175:365.441:2275,Contig:178:77.3071:1930,Contig:17:27.4147:3981,Contig:180:30.2056:15810,Contig:181:301.047:556,Contig:185:68.6101:5498,Contig:188:23.7944:1006,Contig:18:50.3446:7379,Contig:193:32.7062:1363,Contig:199:22.4047:7574,Contig:208:75.043:1223,Contig:210:29.1518:4157,Contig:214:24.7711:19716,Contig:215:27.9455:3419,Contig:219:22.9984:3866,Contig:227:27.0759:3363,Contig:24:28.8849:7536,Contig:40:27.2622:2156,Contig:43:103.389:5374,Contig:46:53.3597:474,Contig:54:295.909:853,Contig:68:53.9197:4947,Contig:7:161.077:657,Contig:81:858.248:1505,Contig:87:240.223:533,Contig:88:39.8911:3839,Contig:90:73.8148:2331,Contig:97:27.5744:34153,Contig:98:44.1195:1579,Contig:99:90.8515:10485,Contig:100:199.848:5p:1:10:450,Contig:101:24.9007:3p:1:13:267,Contig:101:24.9007:3p:1:48:194,Contig:101:24.9007:3p:1:60:231,Contig:10:25.2394:3p:1:23:375,Contig:10:25.2394:3p:1:29:248,Contig:114:52.4611:3p:1:15:257,Contig:114:52.4611:3p:1:17:198,Contig:114:52.4611:3p:1:34:611,Contig:116:27.1631:3p:1:8:860,Contig:116:27.1631:5p:1:17:102,Contig:116:27.1631:5p:1:25:102,Contig:116:27.1631:5p:1:29:100,Contig:128:24.4415:5p:1:18:144,Contig:128:24.4415:5p:1:22:242,Contig:128:24.4415:5p:1:29:803,Contig:135:49.4223:3p:1:5:193,Contig:135:49.4223:3p:1:17:130,Contig:135:49.4223:3p:1:22:443,Contig:135:49.4223:3p:1:23:146,Contig:135:49.4223:3p:1:26:124,Contig:135:49.4223:3p:1:27:124,Contig:172:117.978:5p:1:7:226,Contig:172:117.978:5p:1:9:177,Contig:172:117.978:5p:1:10:177,Contig:18:50.3446:3p:1:5:241,Contig:18:50.3446:3p:1:6:494,Contig:18:50.3446:3p:1:7:493,Contig:215:27.9455:3p:1:3:113,Contig:215:27.9455:3p:1:7:125,Contig:215:27.9455:3p:1:12:127,Contig:7:161.077:5p:1:4:515,Contig:90:73.8148:5p:1:3:553	0	False	0
efae-SAMN36766198	GP_unb_5	Contig:10:25.2394:3p:1:5:249	4	0.0	0.2406254	8.145972180700792	GP_unb_11	Contig:95:46.1806:5p:1:3:155	2	0.0	0.011536400000000002	0.9467025575227276	4	-0.03672356064664903	19.053347753999997	0.06992548970629286	Contig:100:199.848:1010,Contig:103:80.1581:8374,Contig:112:24.9484:3237,Contig:116:27.1631:28646,Contig:118:25.441:28638,Contig:119:46.5405:3664,Contig:121:24.1882:3607,Contig:126:38.8227:588,Contig:134:160.224:1560,Contig:135:49.4223:982,Contig:141:30.8579:20838,Contig:142:196.976:1416,Contig:143:30.4444:3756,Contig:156:133.506:1466,Contig:162:63.0046:1776,Contig:171:42.7031:1812,Contig:172:117.978:516,Contig:175:365.441:2275,Contig:178:77.3071:1930,Contig:17:27.4147:3981,Contig:180:30.2056:15810,Contig:181:301.047:556,Contig:182:24.1469:28605,Contig:185:68.6101:5498,Contig:188:23.7944:1006,Contig:18:50.3446:7379,Contig:191:57.1338:2339,Contig:193:32.7062:1363,Contig:210:29.1518:4157,Contig:214:24.7711:19716,Contig:219:22.9984:3866,Contig:222:53.0958:13945,Contig:227:27.0759:3363,Contig:24:28.8849:7536,Contig:35:50.8783:1919,Contig:40:27.2622:2156,Contig:43:103.389:5374,Contig:46:53.3597:474,Contig:54:295.909:853,Contig:68:53.9197:4947,Contig:7:161.077:657,Contig:81:858.248:1505,Contig:87:240.223:533,Contig:88:39.8911:3839,Contig:90:73.8148:2331,Contig:97:27.5744:34153,Contig:98:44.1195:1579,Contig:99:90.8515:10485,Contig:100:199.848:5p:1:10:450,Contig:100:199.848:5p:1:15:1106,Contig:100:199.848:5p:1:16:274,Contig:101:24.9007:3p:1:13:267,Contig:101:24.9007:3p:1:48:194,Contig:101:24.9007:3p:1:60:231,Contig:10:25.2394:3p:1:23:375,Contig:10:25.2394:3p:1:29:248,Contig:114:52.4611:3p:1:15:257,Contig:114:52.4611:3p:1:17:198,Contig:114:52.4611:3p:1:34:611,Contig:116:27.1631:3p:1:8:860,Contig:116:27.1631:5p:1:17:102,Contig:116:27.1631:5p:1:25:102,Contig:116:27.1631:5p:1:29:100,Contig:128:24.4415:5p:1:18:144,Contig:128:24.4415:5p:1:22:242,Contig:128:24.4415:5p:1:29:803,Contig:135:49.4223:3p:1:5:193,Contig:135:49.4223:3p:1:17:130,Contig:135:49.4223:3p:1:22:443,Contig:135:49.4223:3p:1:23:146,Contig:135:49.4223:3p:1:26:124,Contig:135:49.4223:3p:1:27:124,Contig:172:117.978:5p:1:7:226,Contig:172:117.978:5p:1:9:177,Contig:172:117.978:5p:1:10:177,Contig:18:50.3446:3p:1:5:241,Contig:18:50.3446:3p:1:6:494,Contig:18:50.3446:3p:1:7:493,Contig:7:161.077:5p:1:4:515,Contig:90:73.8148:5p:1:3:553	0	False	0
efae-SAMN36766198	GP_unb_5	Contig:10:25.2394:3p:1:5:249	4	0.0	0.2406254	8.145972180700792	GP_unb_12	Contig:95:46.1806:5p:1:4:154	2	0.0	0.008517600000000014	0.9655640609239318	4	-0.03938576405687649	19.050328953999998	0.06992548970629286	Contig:100:199.848:1010,Contig:103:80.1581:8374,Contig:112:24.9484:3237,Contig:116:27.1631:28646,Contig:118:25.441:28638,Contig:119:46.5405:3664,Contig:121:24.1882:3607,Contig:126:38.8227:588,Contig:134:160.224:1560,Contig:135:49.4223:982,Contig:141:30.8579:20838,Contig:142:196.976:1416,Contig:143:30.4444:3756,Contig:156:133.506:1466,Contig:162:63.0046:1776,Contig:171:42.7031:1812,Contig:172:117.978:516,Contig:175:365.441:2275,Contig:178:77.3071:1930,Contig:17:27.4147:3981,Contig:180:30.2056:15810,Contig:181:301.047:556,Contig:182:24.1469:28605,Contig:185:68.6101:5498,Contig:188:23.7944:1006,Contig:18:50.3446:7379,Contig:191:57.1338:2339,Contig:193:32.7062:1363,Contig:210:29.1518:4157,Contig:214:24.7711:19716,Contig:219:22.9984:3866,Contig:222:53.0958:13945,Contig:227:27.0759:3363,Contig:24:28.8849:7536,Contig:35:50.8783:1919,Contig:40:27.2622:2156,Contig:43:103.389:5374,Contig:46:53.3597:474,Contig:54:295.909:853,Contig:68:53.9197:4947,Contig:7:161.077:657,Contig:81:858.248:1505,Contig:87:240.223:533,Contig:88:39.8911:3839,Contig:90:73.8148:2331,Contig:97:27.5744:34153,Contig:98:44.1195:1579,Contig:99:90.8515:10485,Contig:100:199.848:5p:1:10:450,Contig:100:199.848:5p:1:15:1106,Contig:100:199.848:5p:1:16:274,Contig:101:24.9007:3p:1:13:267,Contig:101:24.9007:3p:1:48:194,Contig:101:24.9007:3p:1:60:231,Contig:10:25.2394:3p:1:23:375,Contig:10:25.2394:3p:1:29:248,Contig:114:52.4611:3p:1:15:257,Contig:114:52.4611:3p:1:17:198,Contig:114:52.4611:3p:1:34:611,Contig:116:27.1631:3p:1:8:860,Contig:116:27.1631:5p:1:17:102,Contig:116:27.1631:5p:1:25:102,Contig:116:27.1631:5p:1:29:100,Contig:128:24.4415:5p:1:18:144,Contig:128:24.4415:5p:1:22:242,Contig:128:24.4415:5p:1:29:803,Contig:135:49.4223:3p:1:5:193,Contig:135:49.4223:3p:1:17:130,Contig:135:49.4223:3p:1:22:443,Contig:135:49.4223:3p:1:23:146,Contig:135:49.4223:3p:1:26:124,Contig:135:49.4223:3p:1:27:124,Contig:172:117.978:5p:1:7:226,Contig:172:117.978:5p:1:9:177,Contig:172:117.978:5p:1:10:177,Contig:18:50.3446:3p:1:5:241,Contig:18:50.3446:3p:1:6:494,Contig:18:50.3446:3p:1:7:493,Contig:7:161.077:5p:1:4:515,Contig:90:73.8148:5p:1:3:553	0	False	0
efae-SAMN36766198	GP_unb_6	Contig:10:25.2394:3p:1:21:249	4	0.0	0.25837940000000004	8.145972180700792	GP_unb_7	Contig:10:25.2394:3p:1:28:248	4	0.0	0.25746256	8.16017778513324	4	-0.02116933224627207	20.313043829999998	0.06992548970629286	Contig:100:199.848:1010,Contig:103:80.1581:8374,Contig:116:27.1631:28646,Contig:118:25.441:28638,Contig:119:46.5405:3664,Contig:121:24.1882:3607,Contig:126:38.8227:588,Contig:134:160.224:1560,Contig:135:49.4223:982,Contig:141:30.8579:20838,Contig:143:30.4444:3756,Contig:156:133.506:1466,Contig:171:42.7031:1812,Contig:172:117.978:516,Contig:175:365.441:2275,Contig:178:77.3071:1930,Contig:17:27.4147:3981,Contig:180:30.2056:15810,Contig:181:301.047:556,Contig:185:68.6101:5498,Contig:188:23.7944:1006,Contig:18:50.3446:7379,Contig:193:32.7062:1363,Contig:199:22.4047:7574,Contig:208:75.043:1223,Contig:210:29.1518:4157,Contig:214:24.7711:19716,Contig:219:22.9984:3866,Contig:220:28.104:5029,Contig:227:27.0759:3363,Contig:24:28.8849:7536,Contig:30:25.8188:954,Contig:40:27.2622:2156,Contig:43:103.389:5374,Contig:46:53.3597:474,Contig:54:295.909:853,Contig:68:53.9197:4947,Contig:7:161.077:657,Contig:81:858.248:1505,Contig:87:240.223:533,Contig:88:39.8911:3839,Contig:90:73.8148:2331,Contig:97:27.5744:34153,Contig:98:44.1195:1579,Contig:99:90.8515:10485,Contig:100:199.848:5p:1:10:450,Contig:101:24.9007:3p:1:13:267,Contig:101:24.9007:3p:1:48:194,Contig:101:24.9007:3p:1:60:231,Contig:10:25.2394:3p:1:11:249,Contig:10:25.2394:3p:1:17:375,Contig:10:25.2394:3p:1:23:375,Contig:10:25.2394:3p:1:29:248,Contig:114:52.4611:3p:1:15:257,Contig:114:52.4611:3p:1:17:198,Contig:114:52.4611:3p:1:34:611,Contig:116:27.1631:3p:1:8:860,Contig:116:27.1631:5p:1:17:102,Contig:116:27.1631:5p:1:25:102,Contig:116:27.1631:5p:1:29:100,Contig:128:24.4415:5p:1:9:704,Contig:128:24.4415:5p:1:18:144,Contig:128:24.4415:5p:1:22:242,Contig:128:24.4415:5p:1:29:803,Contig:135:49.4223:3p:1:5:193,Contig:135:49.4223:3p:1:17:130,Contig:135:49.4223:3p:1:22:443,Contig:135:49.4223:3p:1:23:146,Contig:135:49.4223:3p:1:26:124,Contig:135:49.4223:3p:1:27:124,Contig:172:117.978:5p:1:7:226,Contig:172:117.978:5p:1:9:177,Contig:172:117.978:5p:1:10:177,Contig:18:50.3446:3p:1:5:241,Contig:18:50.3446:3p:1:6:494,Contig:18:50.3446:3p:1:7:493,Contig:7:161.077:5p:1:4:515,Contig:90:73.8148:5p:1:3:553	0	False	0
efae-SAMN36766198	GP_unb_6	Contig:10:25.2394:3p:1:21:249	4	0.0	0.25837940000000004	8.145972180700792	GP_unb_8	Contig:114:52.4611:3p:1:16:257	4	0.0	0.4742925	19.31938898942107	4	-0.026716369521143063	20.678554459999997	0.06992548970629286	Contig:100:199.848:1010,Contig:103:80.1581:8374,Contig:116:27.1631:28646,Contig:118:25.441:28638,Contig:119:46.5405:3664,Contig:121:24.1882:3607,Contig:126:38.8227:588,Contig:134:160.224:1560,Contig:135:49.4223:982,Contig:141:30.8579:20838,Contig:143:30.4444:3756,Contig:156:133.506:1466,Contig:171:42.7031:1812,Contig:172:117.978:516,Contig:175:365.441:2275,Contig:178:77.3071:1930,Contig:17:27.4147:3981,Contig:180:30.2056:15810,Contig:181:301.047:556,Contig:185:68.6101:5498,Contig:188:23.7944:1006,Contig:18:50.3446:7379,Contig:191:57.1338:2339,Contig:193:32.7062:1363,Contig:199:22.4047:7574,Contig:208:75.043:1223,Contig:210:29.1518:4157,Contig:219:22.9984:3866,Contig:220:28.104:5029,Contig:222:53.0958:13945,Contig:227:27.0759:3363,Contig:24:28.8849:7536,Contig:30:25.8188:954,Contig:40:27.2622:2156,Contig:43:103.389:5374,Contig:46:53.3597:474,Contig:54:295.909:853,Contig:58:25.5015:1996,Contig:68:53.9197:4947,Contig:7:161.077:657,Contig:81:858.248:1505,Contig:87:240.223:533,Contig:88:39.8911:3839,Contig:90:73.8148:2331,Contig:97:27.5744:34153,Contig:98:44.1195:1579,Contig:99:90.8515:10485,Contig:100:199.848:5p:1:10:450,Contig:101:24.9007:3p:1:13:267,Contig:101:24.9007:3p:1:48:194,Contig:101:24.9007:3p:1:60:231,Contig:10:25.2394:3p:1:11:249,Contig:10:25.2394:3p:1:17:375,Contig:10:25.2394:3p:1:23:375,Contig:10:25.2394:3p:1:29:248,Contig:114:52.4611:3p:1:17:198,Contig:114:52.4611:3p:1:34:611,Contig:116:27.1631:3p:1:8:860,Contig:116:27.1631:5p:1:17:102,Contig:116:27.1631:5p:1:25:102,Contig:116:27.1631:5p:1:29:100,Contig:128:24.4415:5p:1:9:704,Contig:128:24.4415:5p:1:18:144,Contig:128:24.4415:5p:1:22:242,Contig:128:24.4415:5p:1:29:803,Contig:135:49.4223:3p:1:5:193,Contig:135:49.4223:3p:1:17:130,Contig:135:49.4223:3p:1:22:443,Contig:135:49.4223:3p:1:23:146,Contig:135:49.4223:3p:1:26:124,Contig:135:49.4223:3p:1:27:124,Contig:172:117.978:5p:1:7:226,Contig:172:117.978:5p:1:9:177,Contig:172:117.978:5p:1:10:177,Contig:18:50.3446:3p:1:5:241,Contig:18:50.3446:3p:1:6:494,Contig:18:50.3446:3p:1:7:493,Contig:7:161.077:5p:1:4:515,Contig:90:73.8148:5p:1:3:553	0	False	0
efae-SAMN36766198	GP_unb_6	Contig:10:25.2394:3p:1:21:249	4	0.0	0.25837940000000004	8.145972180700792	GP_unb_9	Contig:130:27.6191:3p:1:10:502	4	0.0	0.24299574000000002	2.775089481067581	4	-0.05026131199447065	20.633642939999998	0.06992548970629286	Contig:100:199.848:1010,Contig:103:80.1581:8374,Contig:116:27.1631:28646,Contig:119:46.5405:3664,Contig:121:24.1882:3607,Contig:126:38.8227:588,Contig:134:160.224:1560,Contig:135:49.4223:982,Contig:141:30.8579:20838,Contig:143:30.4444:3756,Contig:156:133.506:1466,Contig:166:27.085:3884,Contig:171:42.7031:1812,Contig:172:117.978:516,Contig:175:365.441:2275,Contig:178:77.3071:1930,Contig:17:27.4147:3981,Contig:180:30.2056:15810,Contig:181:301.047:556,Contig:185:68.6101:5498,Contig:188:23.7944:1006,Contig:193:32.7062:1363,Contig:199:22.4047:7574,Contig:203:31.5652:2408,Contig:208:75.043:1223,Contig:210:29.1518:4157,Contig:220:28.104:5029,Contig:227:27.0759:3363,Contig:24:28.8849:7536,Contig:30:25.8188:954,Contig:40:27.2622:2156,Contig:43:103.389:5374,Contig:46:53.3597:474,Contig:54:295.909:853,Contig:58:25.5015:1996,Contig:68:53.9197:4947,Contig:77:47.3369:2279,Contig:81:858.248:1505,Contig:87:240.223:533,Contig:88:39.8911:3839,Contig:90:73.8148:2331,Contig:97:27.5744:34153,Contig:98:44.1195:1579,Contig:99:90.8515:10485,Contig:100:199.848:5p:1:10:450,Contig:101:24.9007:3p:1:13:267,Contig:101:24.9007:3p:1:48:194,Contig:101:24.9007:3p:1:60:231,Contig:10:25.2394:3p:1:11:249,Contig:10:25.2394:3p:1:17:375,Contig:10:25.2394:3p:1:23:375,Contig:10:25.2394:3p:1:29:248,Contig:114:52.4611:3p:1:15:257,Contig:114:52.4611:3p:1:17:198,Contig:114:52.4611:3p:1:34:611,Contig:116:27.1631:3p:1:8:860,Contig:116:27.1631:5p:1:17:102,Contig:116:27.1631:5p:1:25:102,Contig:116:27.1631:5p:1:29:100,Contig:128:24.4415:5p:1:9:704,Contig:128:24.4415:5p:1:18:144,Contig:128:24.4415:5p:1:22:242,Contig:128:24.4415:5p:1:29:803,Contig:135:49.4223:3p:1:5:193,Contig:135:49.4223:3p:1:17:130,Contig:135:49.4223:3p:1:22:443,Contig:135:49.4223:3p:1:23:146,Contig:135:49.4223:3p:1:26:124,Contig:135:49.4223:3p:1:27:124,Contig:172:117.978:5p:1:7:226,Contig:172:117.978:5p:1:9:177,Contig:172:117.978:5p:1:10:177,Contig:18:50.3446:3p:1:5:241,Contig:18:50.3446:3p:1:6:494,Contig:18:50.3446:3p:1:7:493,Contig:90:73.8148:5p:1:3:553	0	False	0
efae-SAMN36766198	GP_unb_6	Contig:10:25.2394:3p:1:21:249	4	0.0	0.25837940000000004	8.145972180700792	GP_unb_10	Contig:215:27.9455:3p:1:10:124	4	0.0	0.25396514000000003	0.8776648524847006	4	-0.026716369521143063	20.789677690000005	0.06992548970629286	Contig:100:199.848:1010,Contig:103:80.1581:8374,Contig:116:27.1631:28646,Contig:118:25.441:28638,Contig:119:46.5405:3664,Contig:121:24.1882:3607,Contig:126:38.8227:588,Contig:134:160.224:1560,Contig:135:49.4223:982,Contig:137:41.0658:11862,Contig:141:30.8579:20838,Contig:143:30.4444:3756,Contig:147:43.2871:1852,Contig:156:133.506:1466,Contig:172:117.978:516,Contig:175:365.441:2275,Contig:178:77.3071:1930,Contig:17:27.4147:3981,Contig:180:30.2056:15810,Contig:181:301.047:556,Contig:185:68.6101:5498,Contig:188:23.7944:1006,Contig:193:32.7062:1363,Contig:199:22.4047:7574,Contig:208:75.043:1223,Contig:210:29.1518:4157,Contig:215:27.9455:3419,Contig:219:22.9984:3866,Contig:220:28.104:5029,Contig:222:53.0958:13945,Contig:24:28.8849:7536,Contig:30:25.8188:954,Contig:40:27.2622:2156,Contig:43:103.389:5374,Contig:46:53.3597:474,Contig:54:295.909:853,Contig:58:25.5015:1996,Contig:68:53.9197:4947,Contig:77:47.3369:2279,Contig:7:161.077:657,Contig:81:858.248:1505,Contig:87:240.223:533,Contig:88:39.8911:3839,Contig:90:73.8148:2331,Contig:97:27.5744:34153,Contig:98:44.1195:1579,Contig:99:90.8515:10485,Contig:100:199.848:5p:1:10:450,Contig:101:24.9007:3p:1:48:194,Contig:101:24.9007:3p:1:60:231,Contig:10:25.2394:3p:1:11:249,Contig:10:25.2394:3p:1:17:375,Contig:10:25.2394:3p:1:23:375,Contig:10:25.2394:3p:1:29:248,Contig:114:52.4611:3p:1:15:257,Contig:114:52.4611:3p:1:17:198,Contig:114:52.4611:3p:1:34:611,Contig:116:27.1631:3p:1:8:860,Contig:116:27.1631:5p:1:17:102,Contig:116:27.1631:5p:1:25:102,Contig:116:27.1631:5p:1:29:100,Contig:128:24.4415:5p:1:9:704,Contig:128:24.4415:5p:1:18:144,Contig:128:24.4415:5p:1:22:242,Contig:128:24.4415:5p:1:29:803,Contig:135:49.4223:3p:1:5:193,Contig:135:49.4223:3p:1:17:130,Contig:135:49.4223:3p:1:22:443,Contig:135:49.4223:3p:1:23:146,Contig:135:49.4223:3p:1:26:124,Contig:135:49.4223:3p:1:27:124,Contig:172:117.978:5p:1:7:226,Contig:172:117.978:5p:1:9:177,Contig:172:117.978:5p:1:10:177,Contig:18:50.3446:3p:1:5:241,Contig:18:50.3446:3p:1:7:493,Contig:215:27.9455:3p:1:3:113,Contig:215:27.9455:3p:1:7:125,Contig:215:27.9455:3p:1:12:127,Contig:7:161.077:5p:1:4:515,Contig:90:73.8148:5p:1:3:553	0	False	0
efae-SAMN36766198	GP_unb_6	Contig:10:25.2394:3p:1:21:249	4	0.0	0.25837940000000004	8.145972180700792	GP_unb_11	Contig:95:46.1806:5p:1:3:155	2	0.0	0.011536400000000002	0.9467025575227276	4	-0.047786896267157625	19.486962202	0.06992548970629286	Contig:100:199.848:1010,Contig:103:80.1581:8374,Contig:112:24.9484:3237,Contig:116:27.1631:28646,Contig:118:25.441:28638,Contig:119:46.5405:3664,Contig:121:24.1882:3607,Contig:126:38.8227:588,Contig:134:160.224:1560,Contig:135:49.4223:982,Contig:141:30.8579:20838,Contig:142:196.976:1416,Contig:143:30.4444:3756,Contig:156:133.506:1466,Contig:162:63.0046:1776,Contig:171:42.7031:1812,Contig:172:117.978:516,Contig:175:365.441:2275,Contig:178:77.3071:1930,Contig:17:27.4147:3981,Contig:180:30.2056:15810,Contig:181:301.047:556,Contig:185:68.6101:5498,Contig:188:23.7944:1006,Contig:18:50.3446:7379,Contig:191:57.1338:2339,Contig:193:32.7062:1363,Contig:199:22.4047:7574,Contig:208:75.043:1223,Contig:210:29.1518:4157,Contig:219:22.9984:3866,Contig:220:28.104:5029,Contig:222:53.0958:13945,Contig:227:27.0759:3363,Contig:24:28.8849:7536,Contig:30:25.8188:954,Contig:40:27.2622:2156,Contig:43:103.389:5374,Contig:46:53.3597:474,Contig:51:25.1884:32530,Contig:54:295.909:853,Contig:58:25.5015:1996,Contig:68:53.9197:4947,Contig:7:161.077:657,Contig:81:858.248:1505,Contig:87:240.223:533,Contig:88:39.8911:3839,Contig:90:73.8148:2331,Contig:97:27.5744:34153,Contig:98:44.1195:1579,Contig:99:90.8515:10485,Contig:100:199.848:5p:1:10:450,Contig:100:199.848:5p:1:15:1106,Contig:100:199.848:5p:1:16:274,Contig:101:24.9007:3p:1:13:267,Contig:101:24.9007:3p:1:48:194,Contig:101:24.9007:3p:1:60:231,Contig:10:25.2394:3p:1:11:249,Contig:10:25.2394:3p:1:17:375,Contig:10:25.2394:3p:1:23:375,Contig:10:25.2394:3p:1:29:248,Contig:114:52.4611:3p:1:15:257,Contig:114:52.4611:3p:1:17:198,Contig:114:52.4611:3p:1:34:611,Contig:116:27.1631:3p:1:8:860,Contig:116:27.1631:5p:1:17:102,Contig:116:27.1631:5p:1:25:102,Contig:116:27.1631:5p:1:29:100,Contig:128:24.4415:5p:1:9:704,Contig:128:24.4415:5p:1:18:144,Contig:128:24.4415:5p:1:22:242,Contig:128:24.4415:5p:1:29:803,Contig:135:49.4223:3p:1:5:193,Contig:135:49.4223:3p:1:17:130,Contig:135:49.4223:3p:1:22:443,Contig:135:49.4223:3p:1:23:146,Contig:135:49.4223:3p:1:26:124,Contig:135:49.4223:3p:1:27:124,Contig:172:117.978:5p:1:7:226,Contig:172:117.978:5p:1:9:177,Contig:172:117.978:5p:1:10:177,Contig:18:50.3446:3p:1:5:241,Contig:18:50.3446:3p:1:6:494,Contig:18:50.3446:3p:1:7:493,Contig:7:161.077:5p:1:4:515,Contig:90:73.8148:5p:1:3:553	0	False	0
efae-SAMN36766198	GP_unb_6	Contig:10:25.2394:3p:1:21:249	4	0.0	0.25837940000000004	8.145972180700792	GP_unb_12	Contig:95:46.1806:5p:1:4:154	2	0.0	0.008517600000000014	0.9655640609239318	4	-0.05044909967738509	19.483943402	0.06992548970629286	Contig:100:199.848:1010,Contig:103:80.1581:8374,Contig:112:24.9484:3237,Contig:116:27.1631:28646,Contig:118:25.441:28638,Contig:119:46.5405:3664,Contig:121:24.1882:3607,Contig:126:38.8227:588,Contig:134:160.224:1560,Contig:135:49.4223:982,Contig:141:30.8579:20838,Contig:142:196.976:1416,Contig:143:30.4444:3756,Contig:156:133.506:1466,Contig:162:63.0046:1776,Contig:171:42.7031:1812,Contig:172:117.978:516,Contig:175:365.441:2275,Contig:178:77.3071:1930,Contig:17:27.4147:3981,Contig:180:30.2056:15810,Contig:181:301.047:556,Contig:185:68.6101:5498,Contig:188:23.7944:1006,Contig:18:50.3446:7379,Contig:191:57.1338:2339,Contig:193:32.7062:1363,Contig:199:22.4047:7574,Contig:208:75.043:1223,Contig:210:29.1518:4157,Contig:219:22.9984:3866,Contig:220:28.104:5029,Contig:222:53.0958:13945,Contig:227:27.0759:3363,Contig:24:28.8849:7536,Contig:30:25.8188:954,Contig:40:27.2622:2156,Contig:43:103.389:5374,Contig:46:53.3597:474,Contig:51:25.1884:32530,Contig:54:295.909:853,Contig:58:25.5015:1996,Contig:68:53.9197:4947,Contig:7:161.077:657,Contig:81:858.248:1505,Contig:87:240.223:533,Contig:88:39.8911:3839,Contig:90:73.8148:2331,Contig:97:27.5744:34153,Contig:98:44.1195:1579,Contig:99:90.8515:10485,Contig:100:199.848:5p:1:10:450,Contig:100:199.848:5p:1:15:1106,Contig:100:199.848:5p:1:16:274,Contig:101:24.9007:3p:1:13:267,Contig:101:24.9007:3p:1:48:194,Contig:101:24.9007:3p:1:60:231,Contig:10:25.2394:3p:1:11:249,Contig:10:25.2394:3p:1:17:375,Contig:10:25.2394:3p:1:23:375,Contig:10:25.2394:3p:1:29:248,Contig:114:52.4611:3p:1:15:257,Contig:114:52.4611:3p:1:17:198,Contig:114:52.4611:3p:1:34:611,Contig:116:27.1631:3p:1:8:860,Contig:116:27.1631:5p:1:17:102,Contig:116:27.1631:5p:1:25:102,Contig:116:27.1631:5p:1:29:100,Contig:128:24.4415:5p:1:9:704,Contig:128:24.4415:5p:1:18:144,Contig:128:24.4415:5p:1:22:242,Contig:128:24.4415:5p:1:29:803,Contig:135:49.4223:3p:1:5:193,Contig:135:49.4223:3p:1:17:130,Contig:135:49.4223:3p:1:22:443,Contig:135:49.4223:3p:1:23:146,Contig:135:49.4223:3p:1:26:124,Contig:135:49.4223:3p:1:27:124,Contig:172:117.978:5p:1:7:226,Contig:172:117.978:5p:1:9:177,Contig:172:117.978:5p:1:10:177,Contig:18:50.3446:3p:1:5:241,Contig:18:50.3446:3p:1:6:494,Contig:18:50.3446:3p:1:7:493,Contig:7:161.077:5p:1:4:515,Contig:90:73.8148:5p:1:3:553	0	False	0
efae-SAMN36766198	GP_unb_7	Contig:10:25.2394:3p:1:28:248	4	0.0	0.25746256	8.16017778513324	GP_unb_8	Contig:114:52.4611:3p:1:16:257	4	0.0	0.4742925	19.31938898942107	4	-0.026716369521143063	20.67763762	0.06992548970629354	Contig:100:199.848:1010,Contig:103:80.1581:8374,Contig:116:27.1631:28646,Contig:118:25.441:28638,Contig:119:46.5405:3664,Contig:121:24.1882:3607,Contig:126:38.8227:588,Contig:134:160.224:1560,Contig:135:49.4223:982,Contig:141:30.8579:20838,Contig:143:30.4444:3756,Contig:156:133.506:1466,Contig:171:42.7031:1812,Contig:172:117.978:516,Contig:175:365.441:2275,Contig:178:77.3071:1930,Contig:17:27.4147:3981,Contig:180:30.2056:15810,Contig:181:301.047:556,Contig:185:68.6101:5498,Contig:188:23.7944:1006,Contig:18:50.3446:7379,Contig:191:57.1338:2339,Contig:193:32.7062:1363,Contig:199:22.4047:7574,Contig:208:75.043:1223,Contig:210:29.1518:4157,Contig:219:22.9984:3866,Contig:220:28.104:5029,Contig:222:53.0958:13945,Contig:227:27.0759:3363,Contig:24:28.8849:7536,Contig:30:25.8188:954,Contig:40:27.2622:2156,Contig:43:103.389:5374,Contig:46:53.3597:474,Contig:54:295.909:853,Contig:58:25.5015:1996,Contig:68:53.9197:4947,Contig:7:161.077:657,Contig:81:858.248:1505,Contig:87:240.223:533,Contig:88:39.8911:3839,Contig:90:73.8148:2331,Contig:97:27.5744:34153,Contig:98:44.1195:1579,Contig:99:90.8515:10485,Contig:100:199.848:5p:1:10:450,Contig:101:24.9007:3p:1:13:267,Contig:101:24.9007:3p:1:48:194,Contig:101:24.9007:3p:1:60:231,Contig:10:25.2394:3p:1:11:249,Contig:10:25.2394:3p:1:17:375,Contig:10:25.2394:3p:1:23:375,Contig:10:25.2394:3p:1:29:248,Contig:114:52.4611:3p:1:17:198,Contig:114:52.4611:3p:1:34:611,Contig:116:27.1631:3p:1:8:860,Contig:116:27.1631:5p:1:17:102,Contig:116:27.1631:5p:1:25:102,Contig:116:27.1631:5p:1:29:100,Contig:128:24.4415:5p:1:9:704,Contig:128:24.4415:5p:1:18:144,Contig:128:24.4415:5p:1:22:242,Contig:128:24.4415:5p:1:29:803,Contig:135:49.4223:3p:1:5:193,Contig:135:49.4223:3p:1:17:130,Contig:135:49.4223:3p:1:22:443,Contig:135:49.4223:3p:1:23:146,Contig:135:49.4223:3p:1:26:124,Contig:135:49.4223:3p:1:27:124,Contig:172:117.978:5p:1:7:226,Contig:172:117.978:5p:1:9:177,Contig:172:117.978:5p:1:10:177,Contig:18:50.3446:3p:1:5:241,Contig:18:50.3446:3p:1:6:494,Contig:18:50.3446:3p:1:7:493,Contig:7:161.077:5p:1:4:515,Contig:90:73.8148:5p:1:3:553	0	False	0
efae-SAMN36766198	GP_unb_7	Contig:10:25.2394:3p:1:28:248	4	0.0	0.25746256	8.16017778513324	GP_unb_9	Contig:130:27.6191:3p:1:10:502	4	0.0	0.24299574000000002	2.775089481067581	4	-0.05026131199447065	20.632726099999996	0.06992548970629286	Contig:100:199.848:1010,Contig:103:80.1581:8374,Contig:116:27.1631:28646,Contig:119:46.5405:3664,Contig:121:24.1882:3607,Contig:126:38.8227:588,Contig:134:160.224:1560,Contig:135:49.4223:982,Contig:141:30.8579:20838,Contig:143:30.4444:3756,Contig:156:133.506:1466,Contig:166:27.085:3884,Contig:171:42.7031:1812,Contig:172:117.978:516,Contig:175:365.441:2275,Contig:178:77.3071:1930,Contig:17:27.4147:3981,Contig:180:30.2056:15810,Contig:181:301.047:556,Contig:185:68.6101:5498,Contig:188:23.7944:1006,Contig:193:32.7062:1363,Contig:199:22.4047:7574,Contig:203:31.5652:2408,Contig:208:75.043:1223,Contig:210:29.1518:4157,Contig:220:28.104:5029,Contig:227:27.0759:3363,Contig:24:28.8849:7536,Contig:30:25.8188:954,Contig:40:27.2622:2156,Contig:43:103.389:5374,Contig:46:53.3597:474,Contig:54:295.909:853,Contig:58:25.5015:1996,Contig:68:53.9197:4947,Contig:77:47.3369:2279,Contig:81:858.248:1505,Contig:87:240.223:533,Contig:88:39.8911:3839,Contig:90:73.8148:2331,Contig:97:27.5744:34153,Contig:98:44.1195:1579,Contig:99:90.8515:10485,Contig:100:199.848:5p:1:10:450,Contig:101:24.9007:3p:1:13:267,Contig:101:24.9007:3p:1:48:194,Contig:101:24.9007:3p:1:60:231,Contig:10:25.2394:3p:1:11:249,Contig:10:25.2394:3p:1:17:375,Contig:10:25.2394:3p:1:23:375,Contig:10:25.2394:3p:1:29:248,Contig:114:52.4611:3p:1:15:257,Contig:114:52.4611:3p:1:17:198,Contig:114:52.4611:3p:1:34:611,Contig:116:27.1631:3p:1:8:860,Contig:116:27.1631:5p:1:17:102,Contig:116:27.1631:5p:1:25:102,Contig:116:27.1631:5p:1:29:100,Contig:128:24.4415:5p:1:9:704,Contig:128:24.4415:5p:1:18:144,Contig:128:24.4415:5p:1:22:242,Contig:128:24.4415:5p:1:29:803,Contig:135:49.4223:3p:1:5:193,Contig:135:49.4223:3p:1:17:130,Contig:135:49.4223:3p:1:22:443,Contig:135:49.4223:3p:1:23:146,Contig:135:49.4223:3p:1:26:124,Contig:135:49.4223:3p:1:27:124,Contig:172:117.978:5p:1:7:226,Contig:172:117.978:5p:1:9:177,Contig:172:117.978:5p:1:10:177,Contig:18:50.3446:3p:1:5:241,Contig:18:50.3446:3p:1:6:494,Contig:18:50.3446:3p:1:7:493,Contig:90:73.8148:5p:1:3:553	0	False	0
efae-SAMN36766198	GP_unb_7	Contig:10:25.2394:3p:1:28:248	4	0.0	0.25746256	8.16017778513324	GP_unb_10	Contig:215:27.9455:3p:1:10:124	4	0.0	0.25396514000000003	0.8776648524847006	4	-0.026716369521143063	20.788760850000003	0.06992548970629289	Contig:100:199.848:1010,Contig:103:80.1581:8374,Contig:116:27.1631:28646,Contig:118:25.441:28638,Contig:119:46.5405:3664,Contig:121:24.1882:3607,Contig:126:38.8227:588,Contig:134:160.224:1560,Contig:135:49.4223:982,Contig:137:41.0658:11862,Contig:141:30.8579:20838,Contig:143:30.4444:3756,Contig:147:43.2871:1852,Contig:156:133.506:1466,Contig:172:117.978:516,Contig:175:365.441:2275,Contig:178:77.3071:1930,Contig:17:27.4147:3981,Contig:180:30.2056:15810,Contig:181:301.047:556,Contig:185:68.6101:5498,Contig:188:23.7944:1006,Contig:193:32.7062:1363,Contig:199:22.4047:7574,Contig:208:75.043:1223,Contig:210:29.1518:4157,Contig:215:27.9455:3419,Contig:219:22.9984:3866,Contig:220:28.104:5029,Contig:222:53.0958:13945,Contig:24:28.8849:7536,Contig:30:25.8188:954,Contig:40:27.2622:2156,Contig:43:103.389:5374,Contig:46:53.3597:474,Contig:54:295.909:853,Contig:58:25.5015:1996,Contig:68:53.9197:4947,Contig:77:47.3369:2279,Contig:7:161.077:657,Contig:81:858.248:1505,Contig:87:240.223:533,Contig:88:39.8911:3839,Contig:90:73.8148:2331,Contig:97:27.5744:34153,Contig:98:44.1195:1579,Contig:99:90.8515:10485,Contig:100:199.848:5p:1:10:450,Contig:101:24.9007:3p:1:48:194,Contig:101:24.9007:3p:1:60:231,Contig:10:25.2394:3p:1:11:249,Contig:10:25.2394:3p:1:17:375,Contig:10:25.2394:3p:1:23:375,Contig:10:25.2394:3p:1:29:248,Contig:114:52.4611:3p:1:15:257,Contig:114:52.4611:3p:1:17:198,Contig:114:52.4611:3p:1:34:611,Contig:116:27.1631:3p:1:8:860,Contig:116:27.1631:5p:1:17:102,Contig:116:27.1631:5p:1:25:102,Contig:116:27.1631:5p:1:29:100,Contig:128:24.4415:5p:1:9:704,Contig:128:24.4415:5p:1:18:144,Contig:128:24.4415:5p:1:22:242,Contig:128:24.4415:5p:1:29:803,Contig:135:49.4223:3p:1:5:193,Contig:135:49.4223:3p:1:17:130,Contig:135:49.4223:3p:1:22:443,Contig:135:49.4223:3p:1:23:146,Contig:135:49.4223:3p:1:26:124,Contig:135:49.4223:3p:1:27:124,Contig:172:117.978:5p:1:7:226,Contig:172:117.978:5p:1:9:177,Contig:172:117.978:5p:1:10:177,Contig:18:50.3446:3p:1:5:241,Contig:18:50.3446:3p:1:7:493,Contig:215:27.9455:3p:1:3:113,Contig:215:27.9455:3p:1:7:125,Contig:215:27.9455:3p:1:12:127,Contig:7:161.077:5p:1:4:515,Contig:90:73.8148:5p:1:3:553	0	False	0
efae-SAMN36766198	GP_unb_7	Contig:10:25.2394:3p:1:28:248	4	0.0	0.25746256	8.16017778513324	GP_unb_11	Contig:95:46.1806:5p:1:3:155	2	0.0	0.011536400000000002	0.9467025575227276	4	-0.047786896267157625	19.486045362	0.06992548970629286	Contig:100:199.848:1010,Contig:103:80.1581:8374,Contig:112:24.9484:3237,Contig:116:27.1631:28646,Contig:118:25.441:28638,Contig:119:46.5405:3664,Contig:121:24.1882:3607,Contig:126:38.8227:588,Contig:134:160.224:1560,Contig:135:49.4223:982,Contig:141:30.8579:20838,Contig:142:196.976:1416,Contig:143:30.4444:3756,Contig:156:133.506:1466,Contig:162:63.0046:1776,Contig:171:42.7031:1812,Contig:172:117.978:516,Contig:175:365.441:2275,Contig:178:77.3071:1930,Contig:17:27.4147:3981,Contig:180:30.2056:15810,Contig:181:301.047:556,Contig:185:68.6101:5498,Contig:188:23.7944:1006,Contig:18:50.3446:7379,Contig:191:57.1338:2339,Contig:193:32.7062:1363,Contig:199:22.4047:7574,Contig:208:75.043:1223,Contig:210:29.1518:4157,Contig:219:22.9984:3866,Contig:220:28.104:5029,Contig:222:53.0958:13945,Contig:227:27.0759:3363,Contig:24:28.8849:7536,Contig:30:25.8188:954,Contig:40:27.2622:2156,Contig:43:103.389:5374,Contig:46:53.3597:474,Contig:51:25.1884:32530,Contig:54:295.909:853,Contig:58:25.5015:1996,Contig:68:53.9197:4947,Contig:7:161.077:657,Contig:81:858.248:1505,Contig:87:240.223:533,Contig:88:39.8911:3839,Contig:90:73.8148:2331,Contig:97:27.5744:34153,Contig:98:44.1195:1579,Contig:99:90.8515:10485,Contig:100:199.848:5p:1:10:450,Contig:100:199.848:5p:1:15:1106,Contig:100:199.848:5p:1:16:274,Contig:101:24.9007:3p:1:13:267,Contig:101:24.9007:3p:1:48:194,Contig:101:24.9007:3p:1:60:231,Contig:10:25.2394:3p:1:11:249,Contig:10:25.2394:3p:1:17:375,Contig:10:25.2394:3p:1:23:375,Contig:10:25.2394:3p:1:29:248,Contig:114:52.4611:3p:1:15:257,Contig:114:52.4611:3p:1:17:198,Contig:114:52.4611:3p:1:34:611,Contig:116:27.1631:3p:1:8:860,Contig:116:27.1631:5p:1:17:102,Contig:116:27.1631:5p:1:25:102,Contig:116:27.1631:5p:1:29:100,Contig:128:24.4415:5p:1:9:704,Contig:128:24.4415:5p:1:18:144,Contig:128:24.4415:5p:1:22:242,Contig:128:24.4415:5p:1:29:803,Contig:135:49.4223:3p:1:5:193,Contig:135:49.4223:3p:1:17:130,Contig:135:49.4223:3p:1:22:443,Contig:135:49.4223:3p:1:23:146,Contig:135:49.4223:3p:1:26:124,Contig:135:49.4223:3p:1:27:124,Contig:172:117.978:5p:1:7:226,Contig:172:117.978:5p:1:9:177,Contig:172:117.978:5p:1:10:177,Contig:18:50.3446:3p:1:5:241,Contig:18:50.3446:3p:1:6:494,Contig:18:50.3446:3p:1:7:493,Contig:7:161.077:5p:1:4:515,Contig:90:73.8148:5p:1:3:553	0	False	0
efae-SAMN36766198	GP_unb_7	Contig:10:25.2394:3p:1:28:248	4	0.0	0.25746256	8.16017778513324	GP_unb_12	Contig:95:46.1806:5p:1:4:154	2	0.0	0.008517600000000014	0.9655640609239318	4	-0.05044909967738509	19.483026562	0.06992548970629286	Contig:100:199.848:1010,Contig:103:80.1581:8374,Contig:112:24.9484:3237,Contig:116:27.1631:28646,Contig:118:25.441:28638,Contig:119:46.5405:3664,Contig:121:24.1882:3607,Contig:126:38.8227:588,Contig:134:160.224:1560,Contig:135:49.4223:982,Contig:141:30.8579:20838,Contig:142:196.976:1416,Contig:143:30.4444:3756,Contig:156:133.506:1466,Contig:162:63.0046:1776,Contig:171:42.7031:1812,Contig:172:117.978:516,Contig:175:365.441:2275,Contig:178:77.3071:1930,Contig:17:27.4147:3981,Contig:180:30.2056:15810,Contig:181:301.047:556,Contig:185:68.6101:5498,Contig:188:23.7944:1006,Contig:18:50.3446:7379,Contig:191:57.1338:2339,Contig:193:32.7062:1363,Contig:199:22.4047:7574,Contig:208:75.043:1223,Contig:210:29.1518:4157,Contig:219:22.9984:3866,Contig:220:28.104:5029,Contig:222:53.0958:13945,Contig:227:27.0759:3363,Contig:24:28.8849:7536,Contig:30:25.8188:954,Contig:40:27.2622:2156,Contig:43:103.389:5374,Contig:46:53.3597:474,Contig:51:25.1884:32530,Contig:54:295.909:853,Contig:58:25.5015:1996,Contig:68:53.9197:4947,Contig:7:161.077:657,Contig:81:858.248:1505,Contig:87:240.223:533,Contig:88:39.8911:3839,Contig:90:73.8148:2331,Contig:97:27.5744:34153,Contig:98:44.1195:1579,Contig:99:90.8515:10485,Contig:100:199.848:5p:1:10:450,Contig:100:199.848:5p:1:15:1106,Contig:100:199.848:5p:1:16:274,Contig:101:24.9007:3p:1:13:267,Contig:101:24.9007:3p:1:48:194,Contig:101:24.9007:3p:1:60:231,Contig:10:25.2394:3p:1:11:249,Contig:10:25.2394:3p:1:17:375,Contig:10:25.2394:3p:1:23:375,Contig:10:25.2394:3p:1:29:248,Contig:114:52.4611:3p:1:15:257,Contig:114:52.4611:3p:1:17:198,Contig:114:52.4611:3p:1:34:611,Contig:116:27.1631:3p:1:8:860,Contig:116:27.1631:5p:1:17:102,Contig:116:27.1631:5p:1:25:102,Contig:116:27.1631:5p:1:29:100,Contig:128:24.4415:5p:1:9:704,Contig:128:24.4415:5p:1:18:144,Contig:128:24.4415:5p:1:22:242,Contig:128:24.4415:5p:1:29:803,Contig:135:49.4223:3p:1:5:193,Contig:135:49.4223:3p:1:17:130,Contig:135:49.4223:3p:1:22:443,Contig:135:49.4223:3p:1:23:146,Contig:135:49.4223:3p:1:26:124,Contig:135:49.4223:3p:1:27:124,Contig:172:117.978:5p:1:7:226,Contig:172:117.978:5p:1:9:177,Contig:172:117.978:5p:1:10:177,Contig:18:50.3446:3p:1:5:241,Contig:18:50.3446:3p:1:6:494,Contig:18:50.3446:3p:1:7:493,Contig:7:161.077:5p:1:4:515,Contig:90:73.8148:5p:1:3:553	0	False	0
efae-SAMN36766198	GP_unb_8	Contig:114:52.4611:3p:1:16:257	4	0.0	0.4742925	19.31938898942107	GP_unb_9	Contig:130:27.6191:3p:1:10:502	4	0.0	0.24299574000000002	2.775089481067581	4	-0.02116933224627207	20.468744719999997	0.06992548970629286	Contig:100:199.848:1010,Contig:103:80.1581:8374,Contig:116:27.1631:28646,Contig:118:25.441:28638,Contig:119:46.5405:3664,Contig:121:24.1882:3607,Contig:126:38.8227:588,Contig:134:160.224:1560,Contig:135:49.4223:982,Contig:141:30.8579:20838,Contig:143:30.4444:3756,Contig:156:133.506:1466,Contig:166:27.085:3884,Contig:171:42.7031:1812,Contig:172:117.978:516,Contig:175:365.441:2275,Contig:178:77.3071:1930,Contig:17:27.4147:3981,Contig:180:30.2056:15810,Contig:181:301.047:556,Contig:185:68.6101:5498,Contig:188:23.7944:1006,Contig:193:32.7062:1363,Contig:199:22.4047:7574,Contig:208:75.043:1223,Contig:210:29.1518:4157,Contig:214:24.7711:19716,Contig:219:22.9984:3866,Contig:220:28.104:5029,Contig:222:53.0958:13945,Contig:227:27.0759:3363,Contig:24:28.8849:7536,Contig:30:25.8188:954,Contig:40:27.2622:2156,Contig:43:103.389:5374,Contig:46:53.3597:474,Contig:54:295.909:853,Contig:68:53.9197:4947,Contig:77:47.3369:2279,Contig:7:161.077:657,Contig:81:858.248:1505,Contig:87:240.223:533,Contig:88:39.8911:3839,Contig:90:73.8148:2331,Contig:97:27.5744:34153,Contig:98:44.1195:1579,Contig:99:90.8515:10485,Contig:100:199.848:5p:1:10:450,Contig:101:24.9007:3p:1:13:267,Contig:101:24.9007:3p:1:48:194,Contig:101:24.9007:3p:1:60:231,Contig:10:25.2394:3p:1:11:249,Contig:10:25.2394:3p:1:23:375,Contig:10:25.2394:3p:1:29:248,Contig:114:52.4611:3p:1:15:257,Contig:114:52.4611:3p:1:17:198,Contig:114:52.4611:3p:1:34:611,Contig:116:27.1631:3p:1:8:860,Contig:116:27.1631:5p:1:17:102,Contig:116:27.1631:5p:1:25:102,Contig:116:27.1631:5p:1:29:100,Contig:128:24.4415:5p:1:9:704,Contig:128:24.4415:5p:1:18:144,Contig:128:24.4415:5p:1:22:242,Contig:128:24.4415:5p:1:29:803,Contig:135:49.4223:3p:1:5:193,Contig:135:49.4223:3p:1:17:130,Contig:135:49.4223:3p:1:22:443,Contig:135:49.4223:3p:1:23:146,Contig:135:49.4223:3p:1:26:124,Contig:135:49.4223:3p:1:27:124,Contig:172:117.978:5p:1:7:226,Contig:172:117.978:5p:1:9:177,Contig:172:117.978:5p:1:10:177,Contig:18:50.3446:3p:1:5:241,Contig:18:50.3446:3p:1:6:494,Contig:18:50.3446:3p:1:7:493,Contig:7:161.077:5p:1:4:515,Contig:90:73.8148:5p:1:3:553	0	False	0
efae-SAMN36766198	GP_unb_8	Contig:114:52.4611:3p:1:16:257	4	0.0	0.4742925	19.31938898942107	GP_unb_10	Contig:215:27.9455:3p:1:10:124	4	0.0	0.25396514000000003	0.8776648524847006	4	-0.02116933224627207	21.061183380000003	0.06992548970629286	Contig:100:199.848:1010,Contig:103:80.1581:8374,Contig:116:27.1631:28646,Contig:118:25.441:28638,Contig:119:46.5405:3664,Contig:121:24.1882:3607,Contig:126:38.8227:588,Contig:134:160.224:1560,Contig:135:49.4223:982,Contig:141:30.8579:20838,Contig:143:30.4444:3756,Contig:156:133.506:1466,Contig:171:42.7031:1812,Contig:172:117.978:516,Contig:175:365.441:2275,Contig:178:77.3071:1930,Contig:17:27.4147:3981,Contig:180:30.2056:15810,Contig:181:301.047:556,Contig:185:68.6101:5498,Contig:188:23.7944:1006,Contig:18:50.3446:7379,Contig:193:32.7062:1363,Contig:199:22.4047:7574,Contig:208:75.043:1223,Contig:210:29.1518:4157,Contig:214:24.7711:19716,Contig:215:27.9455:3419,Contig:219:22.9984:3866,Contig:220:28.104:5029,Contig:227:27.0759:3363,Contig:24:28.8849:7536,Contig:30:25.8188:954,Contig:40:27.2622:2156,Contig:43:103.389:5374,Contig:46:53.3597:474,Contig:54:295.909:853,Contig:68:53.9197:4947,Contig:7:161.077:657,Contig:81:858.248:1505,Contig:87:240.223:533,Contig:88:39.8911:3839,Contig:90:73.8148:2331,Contig:97:27.5744:34153,Contig:98:44.1195:1579,Contig:99:90.8515:10485,Contig:100:199.848:5p:1:10:450,Contig:101:24.9007:3p:1:13:267,Contig:101:24.9007:3p:1:48:194,Contig:101:24.9007:3p:1:60:231,Contig:10:25.2394:3p:1:11:249,Contig:10:25.2394:3p:1:23:375,Contig:10:25.2394:3p:1:29:248,Contig:114:52.4611:3p:1:15:257,Contig:114:52.4611:3p:1:17:198,Contig:114:52.4611:3p:1:34:611,Contig:116:27.1631:3p:1:8:860,Contig:116:27.1631:5p:1:17:102,Contig:116:27.1631:5p:1:25:102,Contig:116:27.1631:5p:1:29:100,Contig:128:24.4415:5p:1:9:704,Contig:128:24.4415:5p:1:18:144,Contig:128:24.4415:5p:1:22:242,Contig:128:24.4415:5p:1:29:803,Contig:135:49.4223:3p:1:5:193,Contig:135:49.4223:3p:1:17:130,Contig:135:49.4223:3p:1:22:443,Contig:135:49.4223:3p:1:23:146,Contig:135:49.4223:3p:1:26:124,Contig:135:49.4223:3p:1:27:124,Contig:172:117.978:5p:1:7:226,Contig:172:117.978:5p:1:9:177,Contig:172:117.978:5p:1:10:177,Contig:18:50.3446:3p:1:5:241,Contig:18:50.3446:3p:1:6:494,Contig:18:50.3446:3p:1:7:493,Contig:215:27.9455:3p:1:3:113,Contig:215:27.9455:3p:1:7:125,Contig:215:27.9455:3p:1:12:127,Contig:7:161.077:5p:1:4:515,Contig:90:73.8148:5p:1:3:553	0	False	0
efae-SAMN36766198	GP_unb_8	Contig:114:52.4611:3p:1:16:257	4	0.0	0.4742925	19.31938898942107	GP_unb_11	Contig:95:46.1806:5p:1:3:155	2	0.0	0.011536400000000002	0.9467025575227276	4	-0.04223985899228663	19.093677673999995	0.06992548970629286	Contig:100:199.848:1010,Contig:103:80.1581:8374,Contig:112:24.9484:3237,Contig:116:27.1631:28646,Contig:118:25.441:28638,Contig:119:46.5405:3664,Contig:121:24.1882:3607,Contig:126:38.8227:588,Contig:134:160.224:1560,Contig:135:49.4223:982,Contig:137:41.0658:11862,Contig:141:30.8579:20838,Contig:142:196.976:1416,Contig:143:30.4444:3756,Contig:147:43.2871:1852,Contig:156:133.506:1466,Contig:162:63.0046:1776,Contig:171:42.7031:1812,Contig:172:117.978:516,Contig:175:365.441:2275,Contig:178:77.3071:1930,Contig:17:27.4147:3981,Contig:180:30.2056:15810,Contig:181:301.047:556,Contig:185:68.6101:5498,Contig:188:23.7944:1006,Contig:18:50.3446:7379,Contig:193:32.7062:1363,Contig:199:22.4047:7574,Contig:208:75.043:1223,Contig:210:29.1518:4157,Contig:214:24.7711:19716,Contig:219:22.9984:3866,Contig:220:28.104:5029,Contig:227:27.0759:3363,Contig:24:28.8849:7536,Contig:30:25.8188:954,Contig:37:33.9566:7745,Contig:40:27.2622:2156,Contig:43:103.389:5374,Contig:46:53.3597:474,Contig:54:295.909:853,Contig:68:53.9197:4947,Contig:7:161.077:657,Contig:81:858.248:1505,Contig:87:240.223:533,Contig:88:39.8911:3839,Contig:90:73.8148:2331,Contig:97:27.5744:34153,Contig:98:44.1195:1579,Contig:99:90.8515:10485,Contig:100:199.848:5p:1:10:450,Contig:100:199.848:5p:1:15:1106,Contig:100:199.848:5p:1:16:274,Contig:101:24.9007:3p:1:13:267,Contig:101:24.9007:3p:1:48:194,Contig:101:24.9007:3p:1:60:231,Contig:10:25.2394:3p:1:11:249,Contig:10:25.2394:3p:1:23:375,Contig:10:25.2394:3p:1:29:248,Contig:114:52.4611:3p:1:17:198,Contig:114:52.4611:3p:1:34:611,Contig:116:27.1631:3p:1:8:860,Contig:116:27.1631:5p:1:17:102,Contig:116:27.1631:5p:1:25:102,Contig:116:27.1631:5p:1:29:100,Contig:128:24.4415:5p:1:9:704,Contig:128:24.4415:5p:1:18:144,Contig:128:24.4415:5p:1:22:242,Contig:128:24.4415:5p:1:29:803,Contig:135:49.4223:3p:1:5:193,Contig:135:49.4223:3p:1:17:130,Contig:135:49.4223:3p:1:22:443,Contig:135:49.4223:3p:1:23:146,Contig:135:49.4223:3p:1:26:124,Contig:135:49.4223:3p:1:27:124,Contig:172:117.978:5p:1:7:226,Contig:172:117.978:5p:1:9:177,Contig:172:117.978:5p:1:10:177,Contig:18:50.3446:3p:1:5:241,Contig:18:50.3446:3p:1:6:494,Contig:18:50.3446:3p:1:7:493,Contig:7:161.077:5p:1:4:515,Contig:90:73.8148:5p:1:3:553	0	False	0
efae-SAMN36766198	GP_unb_8	Contig:114:52.4611:3p:1:16:257	4	0.0	0.4742925	19.31938898942107	GP_unb_12	Contig:95:46.1806:5p:1:4:154	2	0.0	0.008517600000000014	0.9655640609239318	4	-0.0449020624025141	19.090658873999995	0.06992548970629286	Contig:100:199.848:1010,Contig:103:80.1581:8374,Contig:112:24.9484:3237,Contig:116:27.1631:28646,Contig:118:25.441:28638,Contig:119:46.5405:3664,Contig:121:24.1882:3607,Contig:126:38.8227:588,Contig:134:160.224:1560,Contig:135:49.4223:982,Contig:137:41.0658:11862,Contig:141:30.8579:20838,Contig:142:196.976:1416,Contig:143:30.4444:3756,Contig:147:43.2871:1852,Contig:156:133.506:1466,Contig:162:63.0046:1776,Contig:171:42.7031:1812,Contig:172:117.978:516,Contig:175:365.441:2275,Contig:178:77.3071:1930,Contig:17:27.4147:3981,Contig:180:30.2056:15810,Contig:181:301.047:556,Contig:185:68.6101:5498,Contig:188:23.7944:1006,Contig:18:50.3446:7379,Contig:193:32.7062:1363,Contig:199:22.4047:7574,Contig:208:75.043:1223,Contig:210:29.1518:4157,Contig:214:24.7711:19716,Contig:219:22.9984:3866,Contig:220:28.104:5029,Contig:227:27.0759:3363,Contig:24:28.8849:7536,Contig:30:25.8188:954,Contig:37:33.9566:7745,Contig:40:27.2622:2156,Contig:43:103.389:5374,Contig:46:53.3597:474,Contig:54:295.909:853,Contig:68:53.9197:4947,Contig:7:161.077:657,Contig:81:858.248:1505,Contig:87:240.223:533,Contig:88:39.8911:3839,Contig:90:73.8148:2331,Contig:97:27.5744:34153,Contig:98:44.1195:1579,Contig:99:90.8515:10485,Contig:100:199.848:5p:1:10:450,Contig:100:199.848:5p:1:15:1106,Contig:100:199.848:5p:1:16:274,Contig:101:24.9007:3p:1:13:267,Contig:101:24.9007:3p:1:48:194,Contig:101:24.9007:3p:1:60:231,Contig:10:25.2394:3p:1:11:249,Contig:10:25.2394:3p:1:23:375,Contig:10:25.2394:3p:1:29:248,Contig:114:52.4611:3p:1:17:198,Contig:114:52.4611:3p:1:34:611,Contig:116:27.1631:3p:1:8:860,Contig:116:27.1631:5p:1:17:102,Contig:116:27.1631:5p:1:25:102,Contig:116:27.1631:5p:1:29:100,Contig:128:24.4415:5p:1:9:704,Contig:128:24.4415:5p:1:18:144,Contig:128:24.4415:5p:1:22:242,Contig:128:24.4415:5p:1:29:803,Contig:135:49.4223:3p:1:5:193,Contig:135:49.4223:3p:1:17:130,Contig:135:49.4223:3p:1:22:443,Contig:135:49.4223:3p:1:23:146,Contig:135:49.4223:3p:1:26:124,Contig:135:49.4223:3p:1:27:124,Contig:172:117.978:5p:1:7:226,Contig:172:117.978:5p:1:9:177,Contig:172:117.978:5p:1:10:177,Contig:18:50.3446:3p:1:5:241,Contig:18:50.3446:3p:1:6:494,Contig:18:50.3446:3p:1:7:493,Contig:7:161.077:5p:1:4:515,Contig:90:73.8148:5p:1:3:553	0	False	0
efae-SAMN36766198	GP_unb_9	Contig:130:27.6191:3p:1:10:502	4	0.0	0.24299574000000002	2.775089481067581	GP_unb_10	Contig:215:27.9455:3p:1:10:124	4	0.0	0.25396514000000003	0.8776648524847006	4	-0.02116933224627207	20.77000727	0.06992548970629286	Contig:100:199.848:1010,Contig:103:80.1581:8374,Contig:116:27.1631:28646,Contig:118:25.441:28638,Contig:119:46.5405:3664,Contig:121:24.1882:3607,Contig:126:38.8227:588,Contig:134:160.224:1560,Contig:135:49.4223:982,Contig:137:41.0658:11862,Contig:141:30.8579:20838,Contig:143:30.4444:3756,Contig:147:43.2871:1852,Contig:156:133.506:1466,Contig:166:27.085:3884,Contig:172:117.978:516,Contig:175:365.441:2275,Contig:178:77.3071:1930,Contig:17:27.4147:3981,Contig:180:30.2056:15810,Contig:181:301.047:556,Contig:185:68.6101:5498,Contig:188:23.7944:1006,Contig:193:32.7062:1363,Contig:199:22.4047:7574,Contig:208:75.043:1223,Contig:210:29.1518:4157,Contig:214:24.7711:19716,Contig:215:27.9455:3419,Contig:219:22.9984:3866,Contig:220:28.104:5029,Contig:222:53.0958:13945,Contig:24:28.8849:7536,Contig:30:25.8188:954,Contig:40:27.2622:2156,Contig:43:103.389:5374,Contig:46:53.3597:474,Contig:54:295.909:853,Contig:68:53.9197:4947,Contig:77:47.3369:2279,Contig:7:161.077:657,Contig:81:858.248:1505,Contig:87:240.223:533,Contig:88:39.8911:3839,Contig:90:73.8148:2331,Contig:97:27.5744:34153,Contig:98:44.1195:1579,Contig:99:90.8515:10485,Contig:100:199.848:5p:1:10:450,Contig:101:24.9007:3p:1:48:194,Contig:101:24.9007:3p:1:60:231,Contig:10:25.2394:3p:1:11:249,Contig:10:25.2394:3p:1:23:375,Contig:10:25.2394:3p:1:29:248,Contig:114:52.4611:3p:1:15:257,Contig:114:52.4611:3p:1:17:198,Contig:114:52.4611:3p:1:34:611,Contig:116:27.1631:3p:1:8:860,Contig:116:27.1631:5p:1:17:102,Contig:116:27.1631:5p:1:25:102,Contig:116:27.1631:5p:1:29:100,Contig:128:24.4415:5p:1:9:704,Contig:128:24.4415:5p:1:18:144,Contig:128:24.4415:5p:1:22:242,Contig:128:24.4415:5p:1:29:803,Contig:135:49.4223:3p:1:5:193,Contig:135:49.4223:3p:1:17:130,Contig:135:49.4223:3p:1:22:443,Contig:135:49.4223:3p:1:23:146,Contig:135:49.4223:3p:1:26:124,Contig:135:49.4223:3p:1:27:124,Contig:172:117.978:5p:1:7:226,Contig:172:117.978:5p:1:9:177,Contig:172:117.978:5p:1:10:177,Contig:18:50.3446:3p:1:5:241,Contig:18:50.3446:3p:1:6:494,Contig:18:50.3446:3p:1:7:493,Contig:215:27.9455:3p:1:3:113,Contig:215:27.9455:3p:1:7:125,Contig:215:27.9455:3p:1:12:127,Contig:7:161.077:5p:1:4:515,Contig:90:73.8148:5p:1:3:553	0	False	0
efae-SAMN36766198	GP_unb_9	Contig:130:27.6191:3p:1:10:502	4	0.0	0.24299574000000002	2.775089481067581	GP_unb_11	Contig:95:46.1806:5p:1:3:155	2	0.0	0.011536400000000002	0.9467025575227276	4	-0.04223985899228663	19.610095314000002	0.06992548970629286	Contig:100:199.848:1010,Contig:103:80.1581:8374,Contig:112:24.9484:3237,Contig:116:27.1631:28646,Contig:118:25.441:28638,Contig:119:46.5405:3664,Contig:121:24.1882:3607,Contig:126:38.8227:588,Contig:134:160.224:1560,Contig:135:49.4223:982,Contig:141:30.8579:20838,Contig:142:196.976:1416,Contig:143:30.4444:3756,Contig:156:133.506:1466,Contig:162:63.0046:1776,Contig:166:27.085:3884,Contig:171:42.7031:1812,Contig:172:117.978:516,Contig:175:365.441:2275,Contig:178:77.3071:1930,Contig:17:27.4147:3981,Contig:180:30.2056:15810,Contig:181:301.047:556,Contig:182:24.1469:28605,Contig:185:68.6101:5498,Contig:188:23.7944:1006,Contig:191:57.1338:2339,Contig:193:32.7062:1363,Contig:210:29.1518:4157,Contig:214:24.7711:19716,Contig:219:22.9984:3866,Contig:220:28.104:5029,Contig:222:53.0958:13945,Contig:227:27.0759:3363,Contig:24:28.8849:7536,Contig:30:25.8188:954,Contig:40:27.2622:2156,Contig:43:103.389:5374,Contig:46:53.3597:474,Contig:54:295.909:853,Contig:68:53.9197:4947,Contig:77:47.3369:2279,Contig:7:161.077:657,Contig:81:858.248:1505,Contig:87:240.223:533,Contig:88:39.8911:3839,Contig:90:73.8148:2331,Contig:97:27.5744:34153,Contig:98:44.1195:1579,Contig:99:90.8515:10485,Contig:100:199.848:5p:1:10:450,Contig:100:199.848:5p:1:15:1106,Contig:100:199.848:5p:1:16:274,Contig:101:24.9007:3p:1:13:267,Contig:101:24.9007:3p:1:48:194,Contig:101:24.9007:3p:1:60:231,Contig:10:25.2394:3p:1:11:249,Contig:10:25.2394:3p:1:23:375,Contig:10:25.2394:3p:1:29:248,Contig:114:52.4611:3p:1:15:257,Contig:114:52.4611:3p:1:17:198,Contig:114:52.4611:3p:1:34:611,Contig:116:27.1631:3p:1:8:860,Contig:116:27.1631:5p:1:17:102,Contig:116:27.1631:5p:1:25:102,Contig:116:27.1631:5p:1:29:100,Contig:128:24.4415:5p:1:9:704,Contig:128:24.4415:5p:1:18:144,Contig:128:24.4415:5p:1:22:242,Contig:128:24.4415:5p:1:29:803,Contig:135:49.4223:3p:1:5:193,Contig:135:49.4223:3p:1:17:130,Contig:135:49.4223:3p:1:22:443,Contig:135:49.4223:3p:1:23:146,Contig:135:49.4223:3p:1:26:124,Contig:135:49.4223:3p:1:27:124,Contig:172:117.978:5p:1:7:226,Contig:172:117.978:5p:1:9:177,Contig:172:117.978:5p:1:10:177,Contig:18:50.3446:3p:1:5:241,Contig:18:50.3446:3p:1:6:494,Contig:18:50.3446:3p:1:7:493,Contig:7:161.077:5p:1:4:515,Contig:90:73.8148:5p:1:3:553	0	False	0
efae-SAMN36766198	GP_unb_9	Contig:130:27.6191:3p:1:10:502	4	0.0	0.24299574000000002	2.775089481067581	GP_unb_12	Contig:95:46.1806:5p:1:4:154	2	0.0	0.008517600000000014	0.9655640609239318	4	-0.0449020624025141	19.607076514000003	0.06992548970629286	Contig:100:199.848:1010,Contig:103:80.1581:8374,Contig:112:24.9484:3237,Contig:116:27.1631:28646,Contig:118:25.441:28638,Contig:119:46.5405:3664,Contig:121:24.1882:3607,Contig:126:38.8227:588,Contig:134:160.224:1560,Contig:135:49.4223:982,Contig:141:30.8579:20838,Contig:142:196.976:1416,Contig:143:30.4444:3756,Contig:156:133.506:1466,Contig:162:63.0046:1776,Contig:166:27.085:3884,Contig:171:42.7031:1812,Contig:172:117.978:516,Contig:175:365.441:2275,Contig:178:77.3071:1930,Contig:17:27.4147:3981,Contig:180:30.2056:15810,Contig:181:301.047:556,Contig:182:24.1469:28605,Contig:185:68.6101:5498,Contig:188:23.7944:1006,Contig:191:57.1338:2339,Contig:193:32.7062:1363,Contig:210:29.1518:4157,Contig:214:24.7711:19716,Contig:219:22.9984:3866,Contig:220:28.104:5029,Contig:222:53.0958:13945,Contig:227:27.0759:3363,Contig:24:28.8849:7536,Contig:30:25.8188:954,Contig:40:27.2622:2156,Contig:43:103.389:5374,Contig:46:53.3597:474,Contig:54:295.909:853,Contig:68:53.9197:4947,Contig:77:47.3369:2279,Contig:7:161.077:657,Contig:81:858.248:1505,Contig:87:240.223:533,Contig:88:39.8911:3839,Contig:90:73.8148:2331,Contig:97:27.5744:34153,Contig:98:44.1195:1579,Contig:99:90.8515:10485,Contig:100:199.848:5p:1:10:450,Contig:100:199.848:5p:1:15:1106,Contig:100:199.848:5p:1:16:274,Contig:101:24.9007:3p:1:13:267,Contig:101:24.9007:3p:1:48:194,Contig:101:24.9007:3p:1:60:231,Contig:10:25.2394:3p:1:11:249,Contig:10:25.2394:3p:1:23:375,Contig:10:25.2394:3p:1:29:248,Contig:114:52.4611:3p:1:15:257,Contig:114:52.4611:3p:1:17:198,Contig:114:52.4611:3p:1:34:611,Contig:116:27.1631:3p:1:8:860,Contig:116:27.1631:5p:1:17:102,Contig:116:27.1631:5p:1:25:102,Contig:116:27.1631:5p:1:29:100,Contig:128:24.4415:5p:1:9:704,Contig:128:24.4415:5p:1:18:144,Contig:128:24.4415:5p:1:22:242,Contig:128:24.4415:5p:1:29:803,Contig:135:49.4223:3p:1:5:193,Contig:135:49.4223:3p:1:17:130,Contig:135:49.4223:3p:1:22:443,Contig:135:49.4223:3p:1:23:146,Contig:135:49.4223:3p:1:26:124,Contig:135:49.4223:3p:1:27:124,Contig:172:117.978:5p:1:7:226,Contig:172:117.978:5p:1:9:177,Contig:172:117.978:5p:1:10:177,Contig:18:50.3446:3p:1:5:241,Contig:18:50.3446:3p:1:6:494,Contig:18:50.3446:3p:1:7:493,Contig:7:161.077:5p:1:4:515,Contig:90:73.8148:5p:1:3:553	0	False	0
efae-SAMN36766198	GP_unb_10	Contig:215:27.9455:3p:1:10:124	4	0.0	0.25396514000000003	0.8776648524847006	GP_unb_11	Contig:95:46.1806:5p:1:3:155	2	0.0	0.011536400000000002	0.9467025575227276	4	-0.04223985899228663	20.202533974	0.06992548970629286	Contig:100:199.848:1010,Contig:103:80.1581:8374,Contig:112:24.9484:3237,Contig:116:27.1631:28646,Contig:118:25.441:28638,Contig:119:46.5405:3664,Contig:121:24.1882:3607,Contig:126:38.8227:588,Contig:134:160.224:1560,Contig:135:49.4223:982,Contig:141:30.8579:20838,Contig:142:196.976:1416,Contig:143:30.4444:3756,Contig:156:133.506:1466,Contig:162:63.0046:1776,Contig:171:42.7031:1812,Contig:172:117.978:516,Contig:175:365.441:2275,Contig:178:77.3071:1930,Contig:17:27.4147:3981,Contig:180:30.2056:15810,Contig:181:301.047:556,Contig:182:24.1469:28605,Contig:185:68.6101:5498,Contig:188:23.7944:1006,Contig:18:50.3446:7379,Contig:191:57.1338:2339,Contig:193:32.7062:1363,Contig:210:29.1518:4157,Contig:214:24.7711:19716,Contig:215:27.9455:3419,Contig:219:22.9984:3866,Contig:220:28.104:5029,Contig:227:27.0759:3363,Contig:24:28.8849:7536,Contig:30:25.8188:954,Contig:40:27.2622:2156,Contig:43:103.389:5374,Contig:46:53.3597:474,Contig:54:295.909:853,Contig:68:53.9197:4947,Contig:7:161.077:657,Contig:81:858.248:1505,Contig:87:240.223:533,Contig:88:39.8911:3839,Contig:90:73.8148:2331,Contig:97:27.5744:34153,Contig:98:44.1195:1579,Contig:99:90.8515:10485,Contig:100:199.848:5p:1:10:450,Contig:100:199.848:5p:1:15:1106,Contig:100:199.848:5p:1:16:274,Contig:101:24.9007:3p:1:13:267,Contig:101:24.9007:3p:1:48:194,Contig:101:24.9007:3p:1:60:231,Contig:10:25.2394:3p:1:11:249,Contig:10:25.2394:3p:1:23:375,Contig:10:25.2394:3p:1:29:248,Contig:114:52.4611:3p:1:15:257,Contig:114:52.4611:3p:1:17:198,Contig:114:52.4611:3p:1:34:611,Contig:116:27.1631:3p:1:8:860,Contig:116:27.1631:5p:1:17:102,Contig:116:27.1631:5p:1:25:102,Contig:116:27.1631:5p:1:29:100,Contig:128:24.4415:5p:1:9:704,Contig:128:24.4415:5p:1:18:144,Contig:128:24.4415:5p:1:22:242,Contig:128:24.4415:5p:1:29:803,Contig:135:49.4223:3p:1:5:193,Contig:135:49.4223:3p:1:17:130,Contig:135:49.4223:3p:1:22:443,Contig:135:49.4223:3p:1:23:146,Contig:135:49.4223:3p:1:26:124,Contig:135:49.4223:3p:1:27:124,Contig:172:117.978:5p:1:7:226,Contig:172:117.978:5p:1:9:177,Contig:172:117.978:5p:1:10:177,Contig:18:50.3446:3p:1:5:241,Contig:18:50.3446:3p:1:6:494,Contig:18:50.3446:3p:1:7:493,Contig:215:27.9455:3p:1:3:113,Contig:215:27.9455:3p:1:7:125,Contig:215:27.9455:3p:1:12:127,Contig:7:161.077:5p:1:4:515,Contig:90:73.8148:5p:1:3:553	0	False	0
efae-SAMN36766198	GP_unb_10	Contig:215:27.9455:3p:1:10:124	4	0.0	0.25396514000000003	0.8776648524847006	GP_unb_12	Contig:95:46.1806:5p:1:4:154	2	0.0	0.008517600000000014	0.9655640609239318	4	-0.0449020624025141	20.199515174000002	0.06992548970629286	Contig:100:199.848:1010,Contig:103:80.1581:8374,Contig:112:24.9484:3237,Contig:116:27.1631:28646,Contig:118:25.441:28638,Contig:119:46.5405:3664,Contig:121:24.1882:3607,Contig:126:38.8227:588,Contig:134:160.224:1560,Contig:135:49.4223:982,Contig:141:30.8579:20838,Contig:142:196.976:1416,Contig:143:30.4444:3756,Contig:156:133.506:1466,Contig:162:63.0046:1776,Contig:171:42.7031:1812,Contig:172:117.978:516,Contig:175:365.441:2275,Contig:178:77.3071:1930,Contig:17:27.4147:3981,Contig:180:30.2056:15810,Contig:181:301.047:556,Contig:182:24.1469:28605,Contig:185:68.6101:5498,Contig:188:23.7944:1006,Contig:18:50.3446:7379,Contig:191:57.1338:2339,Contig:193:32.7062:1363,Contig:210:29.1518:4157,Contig:214:24.7711:19716,Contig:215:27.9455:3419,Contig:219:22.9984:3866,Contig:220:28.104:5029,Contig:227:27.0759:3363,Contig:24:28.8849:7536,Contig:30:25.8188:954,Contig:40:27.2622:2156,Contig:43:103.389:5374,Contig:46:53.3597:474,Contig:54:295.909:853,Contig:68:53.9197:4947,Contig:7:161.077:657,Contig:81:858.248:1505,Contig:87:240.223:533,Contig:88:39.8911:3839,Contig:90:73.8148:2331,Contig:97:27.5744:34153,Contig:98:44.1195:1579,Contig:99:90.8515:10485,Contig:100:199.848:5p:1:10:450,Contig:100:199.848:5p:1:15:1106,Contig:100:199.848:5p:1:16:274,Contig:101:24.9007:3p:1:13:267,Contig:101:24.9007:3p:1:48:194,Contig:101:24.9007:3p:1:60:231,Contig:10:25.2394:3p:1:11:249,Contig:10:25.2394:3p:1:23:375,Contig:10:25.2394:3p:1:29:248,Contig:114:52.4611:3p:1:15:257,Contig:114:52.4611:3p:1:17:198,Contig:114:52.4611:3p:1:34:611,Contig:116:27.1631:3p:1:8:860,Contig:116:27.1631:5p:1:17:102,Contig:116:27.1631:5p:1:25:102,Contig:116:27.1631:5p:1:29:100,Contig:128:24.4415:5p:1:9:704,Contig:128:24.4415:5p:1:18:144,Contig:128:24.4415:5p:1:22:242,Contig:128:24.4415:5p:1:29:803,Contig:135:49.4223:3p:1:5:193,Contig:135:49.4223:3p:1:17:130,Contig:135:49.4223:3p:1:22:443,Contig:135:49.4223:3p:1:23:146,Contig:135:49.4223:3p:1:26:124,Contig:135:49.4223:3p:1:27:124,Contig:172:117.978:5p:1:7:226,Contig:172:117.978:5p:1:9:177,Contig:172:117.978:5p:1:10:177,Contig:18:50.3446:3p:1:5:241,Contig:18:50.3446:3p:1:6:494,Contig:18:50.3446:3p:1:7:493,Contig:215:27.9455:3p:1:3:113,Contig:215:27.9455:3p:1:7:125,Contig:215:27.9455:3p:1:12:127,Contig:7:161.077:5p:1:4:515,Contig:90:73.8148:5p:1:3:553	0	False	0
efae-SAMN36766198	GP_unb_11	Contig:95:46.1806:5p:1:3:155	2	0.0	0.011536400000000002	0.9467025575227276	GP_unb_12	Contig:95:46.1806:5p:1:4:154	2	0.0	0.008517600000000014	0.9655640609239318	3	-0.019181952985746736	0.25307866	0.9467025575231673	Contig:95:46.1806:937	0	False	0