SAMPLE	BIN1	BIN1_CONTIGS	BIN1_GC_BIN	BIN1_GC	BIN1_GD	BIN1_RD	BIN2	BIN2_CONTIGS	BIN2_GC_BIN	BIN2_GC	BIN2_GD	BIN2_RD	MERGE_GC_BIN	MERGE_GC	MERGE_GD	MERGE_RD	MERGE_PATH	MILP_INFEASIBLE	BINS_OVERLAP	IS_SUBSET
ecol-SAMN13756518	GP_0	31:40662,32:39056,34:32033,40:23248,41:21798,44:15500,45:13811,47:13172,48:13081,49:12394,50:10191,52:8387,53:8382,54:8205,55:7953,58:6426,59:5358,60:5306,63:4872,64:4752,65:4469,67:4268,68:4195,69:4064,70:3873,71:3699,73:2532,76:1913,77:1579,80:1359,83:1236,85:959,87:914,89:900,91:864,92:817,93:802,94:800,96:709,97:691,98:691,103:517,106:486,110:429,112:419,113:418,116:413,119:397,128:332,131:322,135:280,136:278,140:244,143:234,150:206,154:203,160:192,163:178,164:176,182:151,183:150,184:150,197:105,198:103,199:103	5	-2.6488819670022465	18.652569228758136	0.8916485722203836	GP_1	57:6647	4	0.0	0.43435210602877383	28.016929406098566	0	0	0	0		1	False	0
ecol-SAMN13756518	GP_0	31:40662,32:39056,34:32033,40:23248,41:21798,44:15500,45:13811,47:13172,48:13081,49:12394,50:10191,52:8387,53:8382,54:8205,55:7953,58:6426,59:5358,60:5306,63:4872,64:4752,65:4469,67:4268,68:4195,69:4064,70:3873,71:3699,73:2532,76:1913,77:1579,80:1359,83:1236,85:959,87:914,89:900,91:864,92:817,93:802,94:800,96:709,97:691,98:691,103:517,106:486,110:429,112:419,113:418,116:413,119:397,128:332,131:322,135:280,136:278,140:244,143:234,150:206,154:203,160:192,163:178,164:176,182:151,183:150,184:150,197:105,198:103,199:103	5	-2.6488819670022465	18.652569228758136	0.8916485722203836	GP_2	75:2438,84:1033,104:509,118:398	5	0.0	-0.3355791902189023	0.9263598679403736	5	-2.6488819670022465	17.903331186251517	0.8916485722202196	51:9141	0	False	0
ecol-SAMN13756518	GP_0	31:40662,32:39056,34:32033,40:23248,41:21798,44:15500,45:13811,47:13172,48:13081,49:12394,50:10191,52:8387,53:8382,54:8205,55:7953,58:6426,59:5358,60:5306,63:4872,64:4752,65:4469,67:4268,68:4195,69:4064,70:3873,71:3699,73:2532,76:1913,77:1579,80:1359,83:1236,85:959,87:914,89:900,91:864,92:817,93:802,94:800,96:709,97:691,98:691,103:517,106:486,110:429,112:419,113:418,116:413,119:397,128:332,131:322,135:280,136:278,140:244,143:234,150:206,154:203,160:192,163:178,164:176,182:151,183:150,184:150,197:105,198:103,199:103	5	-2.6488819670022465	18.652569228758136	0.8916485722203836	GP_3	78:1506	4	0.0	0.3298348293575779	114.01250063902319	0	0	0	0		1	False	0
ecol-SAMN13756518	GP_0	31:40662,32:39056,34:32033,40:23248,41:21798,44:15500,45:13811,47:13172,48:13081,49:12394,50:10191,52:8387,53:8382,54:8205,55:7953,58:6426,59:5358,60:5306,63:4872,64:4752,65:4469,67:4268,68:4195,69:4064,70:3873,71:3699,73:2532,76:1913,77:1579,80:1359,83:1236,85:959,87:914,89:900,91:864,92:817,93:802,94:800,96:709,97:691,98:691,103:517,106:486,110:429,112:419,113:418,116:413,119:397,128:332,131:322,135:280,136:278,140:244,143:234,150:206,154:203,160:192,163:178,164:176,182:151,183:150,184:150,197:105,198:103,199:103	5	-2.6488819670022465	18.652569228758136	0.8916485722203836	GP_unb_1	102:526	5	0.0	0.19959474220648266	0.9336411407169437	5	-2.684791843310426	17.963903405794994	0.8916485722202196	42:18784,43:15768,82:1253,90:869	0	False	0
ecol-SAMN13756518	GP_0	31:40662,32:39056,34:32033,40:23248,41:21798,44:15500,45:13811,47:13172,48:13081,49:12394,50:10191,52:8387,53:8382,54:8205,55:7953,58:6426,59:5358,60:5306,63:4872,64:4752,65:4469,67:4268,68:4195,69:4064,70:3873,71:3699,73:2532,76:1913,77:1579,80:1359,83:1236,85:959,87:914,89:900,91:864,92:817,93:802,94:800,96:709,97:691,98:691,103:517,106:486,110:429,112:419,113:418,116:413,119:397,128:332,131:322,135:280,136:278,140:244,143:234,150:206,154:203,160:192,163:178,164:176,182:151,183:150,184:150,197:105,198:103,199:103	5	-2.6488819670022465	18.652569228758136	0.8916485722203836	GP_unb_2	105:495	5	0.0	0.4270834286321974	2.9681349401739756	5	-2.6488819670022465	19.079652657390334	0.8916485722202196		0	False	0
ecol-SAMN13756518	GP_0	31:40662,32:39056,34:32033,40:23248,41:21798,44:15500,45:13811,47:13172,48:13081,49:12394,50:10191,52:8387,53:8382,54:8205,55:7953,58:6426,59:5358,60:5306,63:4872,64:4752,65:4469,67:4268,68:4195,69:4064,70:3873,71:3699,73:2532,76:1913,77:1579,80:1359,83:1236,85:959,87:914,89:900,91:864,92:817,93:802,94:800,96:709,97:691,98:691,103:517,106:486,110:429,112:419,113:418,116:413,119:397,128:332,131:322,135:280,136:278,140:244,143:234,150:206,154:203,160:192,163:178,164:176,182:151,183:150,184:150,197:105,198:103,199:103	5	-2.6488819670022465	18.652569228758136	0.8916485722203836	GP_unb_3	107:474	4	0.0	0.4985657569683274	1.008720312327632	5	-2.7882264481234613	19.151134985726465	0.8916485722202196		0	False	0
ecol-SAMN13756518	GP_0	31:40662,32:39056,34:32033,40:23248,41:21798,44:15500,45:13811,47:13172,48:13081,49:12394,50:10191,52:8387,53:8382,54:8205,55:7953,58:6426,59:5358,60:5306,63:4872,64:4752,65:4469,67:4268,68:4195,69:4064,70:3873,71:3699,73:2532,76:1913,77:1579,80:1359,83:1236,85:959,87:914,89:900,91:864,92:817,93:802,94:800,96:709,97:691,98:691,103:517,106:486,110:429,112:419,113:418,116:413,119:397,128:332,131:322,135:280,136:278,140:244,143:234,150:206,154:203,160:192,163:178,164:176,182:151,183:150,184:150,197:105,198:103,199:103	5	-2.6488819670022465	18.652569228758136	0.8916485722203836	GP_unb_4	114:413	4	0.0	0.43114131794371	0.9804337823984759	5	-3.039678778094429	19.00049950958006	0.8916485722202196	33:38216,124:380,148:216,153:203	0	False	0
ecol-SAMN13756518	GP_0	31:40662,32:39056,34:32033,40:23248,41:21798,44:15500,45:13811,47:13172,48:13081,49:12394,50:10191,52:8387,53:8382,54:8205,55:7953,58:6426,59:5358,60:5306,63:4872,64:4752,65:4469,67:4268,68:4195,69:4064,70:3873,71:3699,73:2532,76:1913,77:1579,80:1359,83:1236,85:959,87:914,89:900,91:864,92:817,93:802,94:800,96:709,97:691,98:691,103:517,106:486,110:429,112:419,113:418,116:413,119:397,128:332,131:322,135:280,136:278,140:244,143:234,150:206,154:203,160:192,163:178,164:176,182:151,183:150,184:150,197:105,198:103,199:103	5	-2.6488819670022465	18.652569228758136	0.8916485722203836	GP_unb_5	115:413	4	0.0	0.45410375945217163	1.8225479670990496	5	-3.0233818468138898	19.02346195108852	0.8916485722202196	33:38216,124:380,148:216,153:203	0	False	0
ecol-SAMN13756518	GP_0	31:40662,32:39056,34:32033,40:23248,41:21798,44:15500,45:13811,47:13172,48:13081,49:12394,50:10191,52:8387,53:8382,54:8205,55:7953,58:6426,59:5358,60:5306,63:4872,64:4752,65:4469,67:4268,68:4195,69:4064,70:3873,71:3699,73:2532,76:1913,77:1579,80:1359,83:1236,85:959,87:914,89:900,91:864,92:817,93:802,94:800,96:709,97:691,98:691,103:517,106:486,110:429,112:419,113:418,116:413,119:397,128:332,131:322,135:280,136:278,140:244,143:234,150:206,154:203,160:192,163:178,164:176,182:151,183:150,184:150,197:105,198:103,199:103	5	-2.6488819670022465	18.652569228758136	0.8916485722203836	GP_unb_6	120:396	4	0.0	0.47956464460555004	1.1068904189570603	5	-2.8161984856062263	19.132133873363685	0.8916485722202196		0	False	0
ecol-SAMN13756518	GP_0	31:40662,32:39056,34:32033,40:23248,41:21798,44:15500,45:13811,47:13172,48:13081,49:12394,50:10191,52:8387,53:8382,54:8205,55:7953,58:6426,59:5358,60:5306,63:4872,64:4752,65:4469,67:4268,68:4195,69:4064,70:3873,71:3699,73:2532,76:1913,77:1579,80:1359,83:1236,85:959,87:914,89:900,91:864,92:817,93:802,94:800,96:709,97:691,98:691,103:517,106:486,110:429,112:419,113:418,116:413,119:397,128:332,131:322,135:280,136:278,140:244,143:234,150:206,154:203,160:192,163:178,164:176,182:151,183:150,184:150,197:105,198:103,199:103	5	-2.6488819670022465	18.652569228758136	0.8916485722203836	GP_unb_7	123:380	5	0.0	0.4660017644886434	0.9446377209338617	5	-2.912483204016824	18.16422790444895	0.8916485722202196	10:185483,43:15768,56:7419,82:1253,145:221,152:204,191:129	0	False	0
ecol-SAMN13756518	GP_0	31:40662,32:39056,34:32033,40:23248,41:21798,44:15500,45:13811,47:13172,48:13081,49:12394,50:10191,52:8387,53:8382,54:8205,55:7953,58:6426,59:5358,60:5306,63:4872,64:4752,65:4469,67:4268,68:4195,69:4064,70:3873,71:3699,73:2532,76:1913,77:1579,80:1359,83:1236,85:959,87:914,89:900,91:864,92:817,93:802,94:800,96:709,97:691,98:691,103:517,106:486,110:429,112:419,113:418,116:413,119:397,128:332,131:322,135:280,136:278,140:244,143:234,150:206,154:203,160:192,163:178,164:176,182:151,183:150,184:150,197:105,198:103,199:103	5	-2.6488819670022465	18.652569228758136	0.8916485722203836	GP_unb_8	125:363	5	0.0	0.49879908728250755	5.287883313019122	5	-2.6488819670022465	19.151368316040642	0.8916485722202196		0	False	0
ecol-SAMN13756518	GP_0	31:40662,32:39056,34:32033,40:23248,41:21798,44:15500,45:13811,47:13172,48:13081,49:12394,50:10191,52:8387,53:8382,54:8205,55:7953,58:6426,59:5358,60:5306,63:4872,64:4752,65:4469,67:4268,68:4195,69:4064,70:3873,71:3699,73:2532,76:1913,77:1579,80:1359,83:1236,85:959,87:914,89:900,91:864,92:817,93:802,94:800,96:709,97:691,98:691,103:517,106:486,110:429,112:419,113:418,116:413,119:397,128:332,131:322,135:280,136:278,140:244,143:234,150:206,154:203,160:192,163:178,164:176,182:151,183:150,184:150,197:105,198:103,199:103	5	-2.6488819670022465	18.652569228758136	0.8916485722203836	GP_unb_9	137:277	5	0.0	0.07002648678220447	0.9640290479765162	5	-2.6488819670022465	18.72259571554034	0.8916485722202196		0	False	0
ecol-SAMN13756518	GP_0	31:40662,32:39056,34:32033,40:23248,41:21798,44:15500,45:13811,47:13172,48:13081,49:12394,50:10191,52:8387,53:8382,54:8205,55:7953,58:6426,59:5358,60:5306,63:4872,64:4752,65:4469,67:4268,68:4195,69:4064,70:3873,71:3699,73:2532,76:1913,77:1579,80:1359,83:1236,85:959,87:914,89:900,91:864,92:817,93:802,94:800,96:709,97:691,98:691,103:517,106:486,110:429,112:419,113:418,116:413,119:397,128:332,131:322,135:280,136:278,140:244,143:234,150:206,154:203,160:192,163:178,164:176,182:151,183:150,184:150,197:105,198:103,199:103	5	-2.6488819670022465	18.652569228758136	0.8916485722203836	GP_unb_10	139:250	5	0.0	0.48909568080443044	1.9444682116229572	5	-2.7343915743215237	19.016509132455514	0.8916485722202196	13:153772,155:201	0	False	0
ecol-SAMN13756518	GP_0	31:40662,32:39056,34:32033,40:23248,41:21798,44:15500,45:13811,47:13172,48:13081,49:12394,50:10191,52:8387,53:8382,54:8205,55:7953,58:6426,59:5358,60:5306,63:4872,64:4752,65:4469,67:4268,68:4195,69:4064,70:3873,71:3699,73:2532,76:1913,77:1579,80:1359,83:1236,85:959,87:914,89:900,91:864,92:817,93:802,94:800,96:709,97:691,98:691,103:517,106:486,110:429,112:419,113:418,116:413,119:397,128:332,131:322,135:280,136:278,140:244,143:234,150:206,154:203,160:192,163:178,164:176,182:151,183:150,184:150,197:105,198:103,199:103	5	-2.6488819670022465	18.652569228758136	0.8916485722203836	GP_unb_11	141:239	5	0.0	0.31815566965689346	1.954547289061806	5	-2.8155578178403102	17.780992797500787	0.8916485722202196	9:192416,15:135050,66:4392,95:797,108:455,142:234,193:125	0	False	0
ecol-SAMN13756518	GP_0	31:40662,32:39056,34:32033,40:23248,41:21798,44:15500,45:13811,47:13172,48:13081,49:12394,50:10191,52:8387,53:8382,54:8205,55:7953,58:6426,59:5358,60:5306,63:4872,64:4752,65:4469,67:4268,68:4195,69:4064,70:3873,71:3699,73:2532,76:1913,77:1579,80:1359,83:1236,85:959,87:914,89:900,91:864,92:817,93:802,94:800,96:709,97:691,98:691,103:517,106:486,110:429,112:419,113:418,116:413,119:397,128:332,131:322,135:280,136:278,140:244,143:234,150:206,154:203,160:192,163:178,164:176,182:151,183:150,184:150,197:105,198:103,199:103	5	-2.6488819670022465	18.652569228758136	0.8916485722203836	GP_unb_12	149:208	4	0.0	0.4052366014401936	1.0270945835048604	5	-2.9042362502970818	19.034822946379073	0.8916485722202196	33:38216,148:216	0	False	0
ecol-SAMN13756518	GP_0	31:40662,32:39056,34:32033,40:23248,41:21798,44:15500,45:13811,47:13172,48:13081,49:12394,50:10191,52:8387,53:8382,54:8205,55:7953,58:6426,59:5358,60:5306,63:4872,64:4752,65:4469,67:4268,68:4195,69:4064,70:3873,71:3699,73:2532,76:1913,77:1579,80:1359,83:1236,85:959,87:914,89:900,91:864,92:817,93:802,94:800,96:709,97:691,98:691,103:517,106:486,110:429,112:419,113:418,116:413,119:397,128:332,131:322,135:280,136:278,140:244,143:234,150:206,154:203,160:192,163:178,164:176,182:151,183:150,184:150,197:105,198:103,199:103	5	-2.6488819670022465	18.652569228758136	0.8916485722203836	GP_unb_13	151:204	5	0.0	0.49330675194506923	1.9096111779282734	0	0	0	0		1	False	0
ecol-SAMN13756518	GP_0	31:40662,32:39056,34:32033,40:23248,41:21798,44:15500,45:13811,47:13172,48:13081,49:12394,50:10191,52:8387,53:8382,54:8205,55:7953,58:6426,59:5358,60:5306,63:4872,64:4752,65:4469,67:4268,68:4195,69:4064,70:3873,71:3699,73:2532,76:1913,77:1579,80:1359,83:1236,85:959,87:914,89:900,91:864,92:817,93:802,94:800,96:709,97:691,98:691,103:517,106:486,110:429,112:419,113:418,116:413,119:397,128:332,131:322,135:280,136:278,140:244,143:234,150:206,154:203,160:192,163:178,164:176,182:151,183:150,184:150,197:105,198:103,199:103	5	-2.6488819670022465	18.652569228758136	0.8916485722203836	GP_unb_14	157:197	5	0.0	0.4940832270913432	1.8555121468219695	5	-2.782378150409228	18.27788213531811	0.8916485722202196	5:250629,26:58819,46:13686,72:2555,134:302,175:156,176:155	0	False	0
ecol-SAMN13756518	GP_0	31:40662,32:39056,34:32033,40:23248,41:21798,44:15500,45:13811,47:13172,48:13081,49:12394,50:10191,52:8387,53:8382,54:8205,55:7953,58:6426,59:5358,60:5306,63:4872,64:4752,65:4469,67:4268,68:4195,69:4064,70:3873,71:3699,73:2532,76:1913,77:1579,80:1359,83:1236,85:959,87:914,89:900,91:864,92:817,93:802,94:800,96:709,97:691,98:691,103:517,106:486,110:429,112:419,113:418,116:413,119:397,128:332,131:322,135:280,136:278,140:244,143:234,150:206,154:203,160:192,163:178,164:176,182:151,183:150,184:150,197:105,198:103,199:103	5	-2.6488819670022465	18.652569228758136	0.8916485722203836	GP_unb_15	158:196	5	0.0	0.36689435325171793	1.7200836245933793	5	-2.6488819670022465	19.019463582009855	0.8916485722202196		0	False	0
ecol-SAMN13756518	GP_0	31:40662,32:39056,34:32033,40:23248,41:21798,44:15500,45:13811,47:13172,48:13081,49:12394,50:10191,52:8387,53:8382,54:8205,55:7953,58:6426,59:5358,60:5306,63:4872,64:4752,65:4469,67:4268,68:4195,69:4064,70:3873,71:3699,73:2532,76:1913,77:1579,80:1359,83:1236,85:959,87:914,89:900,91:864,92:817,93:802,94:800,96:709,97:691,98:691,103:517,106:486,110:429,112:419,113:418,116:413,119:397,128:332,131:322,135:280,136:278,140:244,143:234,150:206,154:203,160:192,163:178,164:176,182:151,183:150,184:150,197:105,198:103,199:103	5	-2.6488819670022465	18.652569228758136	0.8916485722203836	GP_unb_16	159:194	5	0.0	0.49194556271278855	2.1625379041653545	5	-2.714165505345587	18.83080034032119	0.8916485722202196	6:247478,43:15768,82:1253,100:564	0	False	0
ecol-SAMN13756518	GP_0	31:40662,32:39056,34:32033,40:23248,41:21798,44:15500,45:13811,47:13172,48:13081,49:12394,50:10191,52:8387,53:8382,54:8205,55:7953,58:6426,59:5358,60:5306,63:4872,64:4752,65:4469,67:4268,68:4195,69:4064,70:3873,71:3699,73:2532,76:1913,77:1579,80:1359,83:1236,85:959,87:914,89:900,91:864,92:817,93:802,94:800,96:709,97:691,98:691,103:517,106:486,110:429,112:419,113:418,116:413,119:397,128:332,131:322,135:280,136:278,140:244,143:234,150:206,154:203,160:192,163:178,164:176,182:151,183:150,184:150,197:105,198:103,199:103	5	-2.6488819670022465	18.652569228758136	0.8916485722203836	GP_unb_17	165:166	5	0.0	0.48894406279259195	2.8036570961171603	5	-2.6488819670022465	19.213504143311	0.8916485722202196	138:251	0	False	0
ecol-SAMN13756518	GP_0	31:40662,32:39056,34:32033,40:23248,41:21798,44:15500,45:13811,47:13172,48:13081,49:12394,50:10191,52:8387,53:8382,54:8205,55:7953,58:6426,59:5358,60:5306,63:4872,64:4752,65:4469,67:4268,68:4195,69:4064,70:3873,71:3699,73:2532,76:1913,77:1579,80:1359,83:1236,85:959,87:914,89:900,91:864,92:817,93:802,94:800,96:709,97:691,98:691,103:517,106:486,110:429,112:419,113:418,116:413,119:397,128:332,131:322,135:280,136:278,140:244,143:234,150:206,154:203,160:192,163:178,164:176,182:151,183:150,184:150,197:105,198:103,199:103	5	-2.6488819670022465	18.652569228758136	0.8916485722203836	GP_unb_18	171:159	4	0.0	0.26748355728139395	1.098075934790037	5	-2.914079163998354	18.724295324196543	0.8916485722202196	8:196041,33:38216,148:216,167:164	0	False	0
ecol-SAMN13756518	GP_0	31:40662,32:39056,34:32033,40:23248,41:21798,44:15500,45:13811,47:13172,48:13081,49:12394,50:10191,52:8387,53:8382,54:8205,55:7953,58:6426,59:5358,60:5306,63:4872,64:4752,65:4469,67:4268,68:4195,69:4064,70:3873,71:3699,73:2532,76:1913,77:1579,80:1359,83:1236,85:959,87:914,89:900,91:864,92:817,93:802,94:800,96:709,97:691,98:691,103:517,106:486,110:429,112:419,113:418,116:413,119:397,128:332,131:322,135:280,136:278,140:244,143:234,150:206,154:203,160:192,163:178,164:176,182:151,183:150,184:150,197:105,198:103,199:103	5	-2.6488819670022465	18.652569228758136	0.8916485722203836	GP_unb_19	177:155	5	0.0	0.3975229116656742	0.8097621219336976	5	-2.912483204016824	18.594306580743925	0.8097621219330904	10:185483,43:15768,56:7419,82:1253,145:221,152:204,161:182,191:129	0	False	0
ecol-SAMN13756518	GP_0	31:40662,32:39056,34:32033,40:23248,41:21798,44:15500,45:13811,47:13172,48:13081,49:12394,50:10191,52:8387,53:8382,54:8205,55:7953,58:6426,59:5358,60:5306,63:4872,64:4752,65:4469,67:4268,68:4195,69:4064,70:3873,71:3699,73:2532,76:1913,77:1579,80:1359,83:1236,85:959,87:914,89:900,91:864,92:817,93:802,94:800,96:709,97:691,98:691,103:517,106:486,110:429,112:419,113:418,116:413,119:397,128:332,131:322,135:280,136:278,140:244,143:234,150:206,154:203,160:192,163:178,164:176,182:151,183:150,184:150,197:105,198:103,199:103	5	-2.6488819670022465	18.652569228758136	0.8916485722203836	GP_unb_20	178:155	5	0.0	0.27946649605607865	0.9670021874772979	5	-2.912483204016824	18.476250165134328	0.8916485722202196	10:185483,43:15768,56:7419,82:1253,145:221,152:204,161:182,191:129	0	False	0
ecol-SAMN13756518	GP_0	31:40662,32:39056,34:32033,40:23248,41:21798,44:15500,45:13811,47:13172,48:13081,49:12394,50:10191,52:8387,53:8382,54:8205,55:7953,58:6426,59:5358,60:5306,63:4872,64:4752,65:4469,67:4268,68:4195,69:4064,70:3873,71:3699,73:2532,76:1913,77:1579,80:1359,83:1236,85:959,87:914,89:900,91:864,92:817,93:802,94:800,96:709,97:691,98:691,103:517,106:486,110:429,112:419,113:418,116:413,119:397,128:332,131:322,135:280,136:278,140:244,143:234,150:206,154:203,160:192,163:178,164:176,182:151,183:150,184:150,197:105,198:103,199:103	5	-2.6488819670022465	18.652569228758136	0.8916485722203836	GP_unb_21	179:153	5	0.0	0.49996237451977343	29.725206572656262	5	-2.6488819670022465	19.152531603277907	0.8916485722202196		0	False	0
ecol-SAMN13756518	GP_0	31:40662,32:39056,34:32033,40:23248,41:21798,44:15500,45:13811,47:13172,48:13081,49:12394,50:10191,52:8387,53:8382,54:8205,55:7953,58:6426,59:5358,60:5306,63:4872,64:4752,65:4469,67:4268,68:4195,69:4064,70:3873,71:3699,73:2532,76:1913,77:1579,80:1359,83:1236,85:959,87:914,89:900,91:864,92:817,93:802,94:800,96:709,97:691,98:691,103:517,106:486,110:429,112:419,113:418,116:413,119:397,128:332,131:322,135:280,136:278,140:244,143:234,150:206,154:203,160:192,163:178,164:176,182:151,183:150,184:150,197:105,198:103,199:103	5	-2.6488819670022465	18.652569228758136	0.8916485722203836	GP_unb_22	187:140	5	0.0	0.1330127348511132	5.3909342115530015	5	-2.6488819670022465	18.78558196360925	0.8916485722202196		0	False	0
ecol-SAMN13756518	GP_0	31:40662,32:39056,34:32033,40:23248,41:21798,44:15500,45:13811,47:13172,48:13081,49:12394,50:10191,52:8387,53:8382,54:8205,55:7953,58:6426,59:5358,60:5306,63:4872,64:4752,65:4469,67:4268,68:4195,69:4064,70:3873,71:3699,73:2532,76:1913,77:1579,80:1359,83:1236,85:959,87:914,89:900,91:864,92:817,93:802,94:800,96:709,97:691,98:691,103:517,106:486,110:429,112:419,113:418,116:413,119:397,128:332,131:322,135:280,136:278,140:244,143:234,150:206,154:203,160:192,163:178,164:176,182:151,183:150,184:150,197:105,198:103,199:103	5	-2.6488819670022465	18.652569228758136	0.8916485722203836	GP_unb_23	190:130	5	0.0	0.3916878231468769	1.9096111779282734	0	0	0	0		1	False	0
ecol-SAMN13756518	GP_0	31:40662,32:39056,34:32033,40:23248,41:21798,44:15500,45:13811,47:13172,48:13081,49:12394,50:10191,52:8387,53:8382,54:8205,55:7953,58:6426,59:5358,60:5306,63:4872,64:4752,65:4469,67:4268,68:4195,69:4064,70:3873,71:3699,73:2532,76:1913,77:1579,80:1359,83:1236,85:959,87:914,89:900,91:864,92:817,93:802,94:800,96:709,97:691,98:691,103:517,106:486,110:429,112:419,113:418,116:413,119:397,128:332,131:322,135:280,136:278,140:244,143:234,150:206,154:203,160:192,163:178,164:176,182:151,183:150,184:150,197:105,198:103,199:103	5	-2.6488819670022465	18.652569228758136	0.8916485722203836	GP_unb_24	192:128	5	0.0	0.48633613378816076	1.9014007388453456	5	-2.6488819670022465	19.138905362546296	0.8916485722202196		0	False	0
ecol-SAMN13756518	GP_0	31:40662,32:39056,34:32033,40:23248,41:21798,44:15500,45:13811,47:13172,48:13081,49:12394,50:10191,52:8387,53:8382,54:8205,55:7953,58:6426,59:5358,60:5306,63:4872,64:4752,65:4469,67:4268,68:4195,69:4064,70:3873,71:3699,73:2532,76:1913,77:1579,80:1359,83:1236,85:959,87:914,89:900,91:864,92:817,93:802,94:800,96:709,97:691,98:691,103:517,106:486,110:429,112:419,113:418,116:413,119:397,128:332,131:322,135:280,136:278,140:244,143:234,150:206,154:203,160:192,163:178,164:176,182:151,183:150,184:150,197:105,198:103,199:103	5	-2.6488819670022465	18.652569228758136	0.8916485722203836	GP_unb_25	195:116	5	0.0	0.10521891827594798	3.7800576331657076	5	-2.6488819670022465	18.757788147034084	0.8916485722202196		0	False	0
ecol-SAMN13756518	GP_0	31:40662,32:39056,34:32033,40:23248,41:21798,44:15500,45:13811,47:13172,48:13081,49:12394,50:10191,52:8387,53:8382,54:8205,55:7953,58:6426,59:5358,60:5306,63:4872,64:4752,65:4469,67:4268,68:4195,69:4064,70:3873,71:3699,73:2532,76:1913,77:1579,80:1359,83:1236,85:959,87:914,89:900,91:864,92:817,93:802,94:800,96:709,97:691,98:691,103:517,106:486,110:429,112:419,113:418,116:413,119:397,128:332,131:322,135:280,136:278,140:244,143:234,150:206,154:203,160:192,163:178,164:176,182:151,183:150,184:150,197:105,198:103,199:103	5	-2.6488819670022465	18.652569228758136	0.8916485722203836	GP_unb_26	201:100	5	0.0	0.4997153938556972	1.7723732110713795	5	-2.684791843310426	17.474604165270023	0.8916485722202196	42:18784,43:15768,82:1253,90:869,129:330,172:159,189:131	0	False	0
ecol-SAMN13756518	GP_1	57:6647	4	0.0	0.43435210602877383	28.016929406098566	GP_2	75:2438,84:1033,104:509,118:398	5	0.0	-0.3355791902189023	0.9263598679403736	0	0	0	0		1	False	0
ecol-SAMN13756518	GP_1	57:6647	4	0.0	0.43435210602877383	28.016929406098566	GP_3	78:1506	4	0.0	0.3298348293575779	114.01250063902319	0	0	0	0		1	False	0
ecol-SAMN13756518	GP_1	57:6647	4	0.0	0.43435210602877383	28.016929406098566	GP_unb_1	102:526	5	0.0	0.19959474220648266	0.9336411407169437	0	0	0	0		1	False	0
ecol-SAMN13756518	GP_1	57:6647	4	0.0	0.43435210602877383	28.016929406098566	GP_unb_2	105:495	5	0.0	0.4270834286321974	2.9681349401739756	0	0	0	0		1	False	0
ecol-SAMN13756518	GP_1	57:6647	4	0.0	0.43435210602877383	28.016929406098566	GP_unb_3	107:474	4	0.0	0.4985657569683274	1.008720312327632	0	0	0	0		1	False	0
ecol-SAMN13756518	GP_1	57:6647	4	0.0	0.43435210602877383	28.016929406098566	GP_unb_4	114:413	4	0.0	0.43114131794371	0.9804337823984759	0	0	0	0		1	False	0
ecol-SAMN13756518	GP_1	57:6647	4	0.0	0.43435210602877383	28.016929406098566	GP_unb_5	115:413	4	0.0	0.45410375945217163	1.8225479670990496	0	0	0	0		1	False	0
ecol-SAMN13756518	GP_1	57:6647	4	0.0	0.43435210602877383	28.016929406098566	GP_unb_6	120:396	4	0.0	0.47956464460555004	1.1068904189570603	0	0	0	0		1	False	0
ecol-SAMN13756518	GP_1	57:6647	4	0.0	0.43435210602877383	28.016929406098566	GP_unb_7	123:380	5	0.0	0.4660017644886434	0.9446377209338617	0	0	0	0		1	False	0
ecol-SAMN13756518	GP_1	57:6647	4	0.0	0.43435210602877383	28.016929406098566	GP_unb_8	125:363	5	0.0	0.49879908728250755	5.287883313019122	0	0	0	0		1	False	0
ecol-SAMN13756518	GP_1	57:6647	4	0.0	0.43435210602877383	28.016929406098566	GP_unb_9	137:277	5	0.0	0.07002648678220447	0.9640290479765162	0	0	0	0		1	False	0
ecol-SAMN13756518	GP_1	57:6647	4	0.0	0.43435210602877383	28.016929406098566	GP_unb_10	139:250	5	0.0	0.48909568080443044	1.9444682116229572	0	0	0	0		1	False	0
ecol-SAMN13756518	GP_1	57:6647	4	0.0	0.43435210602877383	28.016929406098566	GP_unb_11	141:239	5	0.0	0.31815566965689346	1.954547289061806	0	0	0	0		1	False	0
ecol-SAMN13756518	GP_1	57:6647	4	0.0	0.43435210602877383	28.016929406098566	GP_unb_12	149:208	4	0.0	0.4052366014401936	1.0270945835048604	0	0	0	0		1	False	0
ecol-SAMN13756518	GP_1	57:6647	4	0.0	0.43435210602877383	28.016929406098566	GP_unb_13	151:204	5	0.0	0.49330675194506923	1.9096111779282734	0	0	0	0		1	False	0
ecol-SAMN13756518	GP_1	57:6647	4	0.0	0.43435210602877383	28.016929406098566	GP_unb_14	157:197	5	0.0	0.4940832270913432	1.8555121468219695	0	0	0	0		1	False	0
ecol-SAMN13756518	GP_1	57:6647	4	0.0	0.43435210602877383	28.016929406098566	GP_unb_15	158:196	5	0.0	0.36689435325171793	1.7200836245933793	0	0	0	0		1	False	0
ecol-SAMN13756518	GP_1	57:6647	4	0.0	0.43435210602877383	28.016929406098566	GP_unb_16	159:194	5	0.0	0.49194556271278855	2.1625379041653545	0	0	0	0		1	False	0
ecol-SAMN13756518	GP_1	57:6647	4	0.0	0.43435210602877383	28.016929406098566	GP_unb_17	165:166	5	0.0	0.48894406279259195	2.8036570961171603	0	0	0	0		1	False	0
ecol-SAMN13756518	GP_1	57:6647	4	0.0	0.43435210602877383	28.016929406098566	GP_unb_18	171:159	4	0.0	0.26748355728139395	1.098075934790037	0	0	0	0		1	False	0
ecol-SAMN13756518	GP_1	57:6647	4	0.0	0.43435210602877383	28.016929406098566	GP_unb_19	177:155	5	0.0	0.3975229116656742	0.8097621219336976	0	0	0	0		1	False	0
ecol-SAMN13756518	GP_1	57:6647	4	0.0	0.43435210602877383	28.016929406098566	GP_unb_20	178:155	5	0.0	0.27946649605607865	0.9670021874772979	0	0	0	0		1	False	0
ecol-SAMN13756518	GP_1	57:6647	4	0.0	0.43435210602877383	28.016929406098566	GP_unb_21	179:153	5	0.0	0.49996237451977343	29.725206572656262	0	0	0	0		1	False	0
ecol-SAMN13756518	GP_1	57:6647	4	0.0	0.43435210602877383	28.016929406098566	GP_unb_22	187:140	5	0.0	0.1330127348511132	5.3909342115530015	0	0	0	0		1	False	0
ecol-SAMN13756518	GP_1	57:6647	4	0.0	0.43435210602877383	28.016929406098566	GP_unb_23	190:130	5	0.0	0.3916878231468769	1.9096111779282734	0	0	0	0		1	False	0
ecol-SAMN13756518	GP_1	57:6647	4	0.0	0.43435210602877383	28.016929406098566	GP_unb_24	192:128	5	0.0	0.48633613378816076	1.9014007388453456	0	0	0	0		1	False	0
ecol-SAMN13756518	GP_1	57:6647	4	0.0	0.43435210602877383	28.016929406098566	GP_unb_25	195:116	5	0.0	0.10521891827594798	3.7800576331657076	0	0	0	0		1	False	0
ecol-SAMN13756518	GP_1	57:6647	4	0.0	0.43435210602877383	28.016929406098566	GP_unb_26	201:100	5	0.0	0.4997153938556972	1.7723732110713795	0	0	0	0		1	False	0
ecol-SAMN13756518	GP_2	75:2438,84:1033,104:509,118:398	5	0.0	-0.3355791902189023	0.9263598679403736	GP_3	78:1506	4	0.0	0.3298348293575779	114.01250063902319	0	0	0	0		1	False	0
ecol-SAMN13756518	GP_2	75:2438,84:1033,104:509,118:398	5	0.0	-0.3355791902189023	0.9263598679403736	GP_unb_1	102:526	5	0.0	0.19959474220648266	0.9336411407169437	5	-1.7108384280740023	8.516643488503032	0.926359867940846	2:363148,17:125578,34:32033,41:21798,42:18784,52:8387,55:7953,63:4872,65:4469,67:4268,68:4195,70:3873,73:2532,76:1913,77:1579,82:1253,85:959,87:914,90:869,94:800,101:560,103:517,106:486,113:418,119:397,128:332,135:280,143:234,150:206,163:178,164:176,182:151,183:150,184:150,194:116,198:103,199:103	0	False	0
ecol-SAMN13756518	GP_2	75:2438,84:1033,104:509,118:398	5	0.0	-0.3355791902189023	0.9263598679403736	GP_unb_2	105:495	5	0.0	0.4270834286321974	2.9681349401739756	5	-1.668672180665717	11.024738306782124	0.926359867940846	17:125578,31:40662,34:32033,41:21798,52:8387,55:7953,65:4469,67:4268,68:4195,70:3873,71:3699,73:2532,76:1913,77:1579,80:1359,83:1236,85:959,87:914,94:800,101:560,103:517,106:486,110:429,113:418,119:397,128:332,135:280,143:234,150:206,154:203,163:178,164:176,182:151,183:150,184:150,194:116,198:103,199:103	0	False	0
ecol-SAMN13756518	GP_2	75:2438,84:1033,104:509,118:398	5	0.0	-0.3355791902189023	0.9263598679403736	GP_unb_3	107:474	4	0.0	0.4985657569683274	1.008720312327632	5	-1.7815378555811403	8.807101204161327	0.926359867940846	1:387836,2:363148,17:125578,34:32033,41:21798,52:8387,55:7953,63:4872,65:4469,68:4195,70:3873,73:2532,76:1913,77:1579,82:1253,85:959,87:914,94:800,101:560,103:517,106:486,113:418,119:397,128:332,135:280,143:234,150:206,163:178,164:176,182:151,183:150,184:150,194:116,198:103,199:103	0	False	0
ecol-SAMN13756518	GP_2	75:2438,84:1033,104:509,118:398	5	0.0	-0.3355791902189023	0.9263598679403736	GP_unb_4	114:413	4	0.0	0.43114131794371	0.9804337823984759	5	-1.640575298545126	7.47628951923312	0.926359867940846	17:125578,26:58819,31:40662,34:32033,41:21798,45:13811,52:8387,67:4268,68:4195,70:3873,71:3699,73:2532,80:1359,83:1236,85:959,94:800,101:560,103:517,110:429,113:418,119:397,134:302,150:206,163:178,164:176,175:156,182:151,183:150,184:150,198:103,199:103	0	False	0
ecol-SAMN13756518	GP_2	75:2438,84:1033,104:509,118:398	5	0.0	-0.3355791902189023	0.9263598679403736	GP_unb_5	115:413	4	0.0	0.45410375945217163	1.8225479670990496	5	-1.6242783672645862	7.4992519607415815	0.926359867940846	17:125578,26:58819,31:40662,34:32033,41:21798,45:13811,52:8387,67:4268,68:4195,70:3873,71:3699,73:2532,80:1359,83:1236,85:959,94:800,101:560,103:517,110:429,113:418,119:397,134:302,150:206,163:178,164:176,175:156,182:151,183:150,184:150,198:103,199:103	0	False	0
ecol-SAMN13756518	GP_2	75:2438,84:1033,104:509,118:398	5	0.0	-0.3355791902189023	0.9263598679403736	GP_unb_6	120:396	4	0.0	0.47956464460555004	1.1068904189570603	5	-1.8359886992696968	8.546267721116656	0.926359867940846	17:125578,31:40662,34:32033,41:21798,52:8387,55:7953,65:4469,67:4268,68:4195,70:3873,71:3699,73:2532,80:1359,83:1236,85:959,87:914,94:800,101:560,103:517,110:429,113:418,119:397,143:234,150:206,163:178,164:176,182:151,183:150,184:150,194:116,198:103,199:103	0	False	0
ecol-SAMN13756518	GP_2	75:2438,84:1033,104:509,118:398	5	0.0	-0.3355791902189023	0.9263598679403736	GP_unb_7	123:380	5	0.0	0.4660017644886434	0.9446377209338617	5	-1.9385297887803992	8.716967987156986	0.926359867940846	2:363148,10:185483,17:125578,34:32033,41:21798,52:8387,55:7953,56:7419,63:4872,65:4469,67:4268,68:4195,70:3873,73:2532,76:1913,77:1579,82:1253,85:959,87:914,94:800,101:560,103:517,106:486,113:418,119:397,128:332,135:280,143:234,145:221,150:206,152:204,163:178,164:176,182:151,183:150,184:150,191:129,194:116,198:103,199:103	0	False	0
ecol-SAMN13756518	GP_2	75:2438,84:1033,104:509,118:398	5	0.0	-0.3355791902189023	0.9263598679403736	GP_unb_8	125:363	5	0.0	0.49879908728250755	5.287883313019122	5	-1.659638135891968	10.057276236817284	0.926359867940846	17:125578,34:32033,41:21798,47:13172,52:8387,54:8205,55:7953,63:4872,65:4469,67:4268,68:4195,73:2532,76:1913,77:1579,85:959,87:914,89:900,94:800,101:560,103:517,106:486,113:418,116:413,119:397,128:332,135:280,136:278,138:251,143:234,150:206,160:192,163:178,164:176,166:166,182:151,183:150,184:150,194:116,198:103,199:103	0	False	0
ecol-SAMN13756518	GP_2	75:2438,84:1033,104:509,118:398	5	0.0	-0.3355791902189023	0.9263598679403736	GP_unb_9	137:277	5	0.0	0.07002648678220447	0.9640290479765162	5	-1.7392188234491748	8.726401537690915	0.1413250246860116	1:387836,2:363148,34:32033,41:21798,48:13081,51:9141,52:8387,55:7953,63:4872,65:4469,68:4195,70:3873,73:2532,76:1913,77:1579,82:1253,85:959,87:914,92:817,94:800,101:560,103:517,106:486,111:429,113:418,119:397,128:332,135:280,143:234,150:206,163:178,164:176,182:151,183:150,184:150,194:116,198:103,199:103	0	False	0
ecol-SAMN13756518	GP_2	75:2438,84:1033,104:509,118:398	5	0.0	-0.3355791902189023	0.9263598679403736	GP_unb_10	139:250	5	0.0	0.48909568080443044	1.9444682116229572	5	-1.7277029817792027	8.67247535089038	0.926359867940846	1:387836,2:363148,13:153772,17:125578,34:32033,41:21798,52:8387,55:7953,63:4872,65:4469,68:4195,70:3873,73:2532,76:1913,77:1579,82:1253,85:959,87:914,94:800,101:560,103:517,106:486,113:418,119:397,128:332,135:280,143:234,150:206,155:201,163:178,164:176,182:151,183:150,184:150,194:116,198:103,199:103	0	False	0
ecol-SAMN13756518	GP_2	75:2438,84:1033,104:509,118:398	5	0.0	-0.3355791902189023	0.9263598679403736	GP_unb_11	141:239	5	0.0	0.31815566965689346	1.954547289061806	5	-1.8407910485862944	7.922896900354401	0.926359867940846	2:363148,9:192416,11:160991,17:125578,34:32033,41:21798,52:8387,55:7953,63:4872,65:4469,66:4392,67:4268,68:4195,70:3873,73:2532,76:1913,77:1579,82:1253,85:959,87:914,94:800,95:797,101:560,103:517,106:486,108:455,113:418,119:397,128:332,135:280,142:234,143:234,150:206,163:178,164:176,182:151,183:150,184:150,193:125,194:116,196:113,198:103,199:103	0	False	0
ecol-SAMN13756518	GP_2	75:2438,84:1033,104:509,118:398	5	0.0	-0.3355791902189023	0.9263598679403736	GP_unb_12	149:208	4	0.0	0.4052366014401936	1.0270945835048604	5	-2.077278051309106	8.055966260250164	0.926359867940846	1:387836,2:363148,8:196041,12:158672,13:153772,17:125578,34:32033,41:21798,52:8387,55:7953,63:4872,65:4469,68:4195,70:3873,73:2532,76:1913,77:1579,82:1253,85:959,87:914,94:800,101:560,103:517,106:486,113:418,119:397,128:332,135:280,143:234,148:216,150:206,155:201,163:178,164:176,167:164,168:162,182:151,183:150,184:150,194:116,198:103,199:103	0	False	0
ecol-SAMN13756518	GP_2	75:2438,84:1033,104:509,118:398	5	0.0	-0.3355791902189023	0.9263598679403736	GP_unb_13	151:204	5	0.0	0.49330675194506923	1.9096111779282734	0	0	0	0		1	False	0
ecol-SAMN13756518	GP_2	75:2438,84:1033,104:509,118:398	5	0.0	-0.3355791902189023	0.9263598679403736	GP_unb_14	157:197	5	0.0	0.4940832270913432	1.8555121468219695	5	-1.6383384913608428	7.012030380675554	0.926359867940846	5:250629,17:125578,26:58819,31:40662,34:32033,41:21798,45:13811,46:13686,52:8387,67:4268,68:4195,70:3873,71:3699,72:2555,73:2532,80:1359,83:1236,85:959,94:800,101:560,103:517,110:429,113:418,119:397,134:302,150:206,163:178,164:176,175:156,176:155,182:151,183:150,184:150,198:103,199:103	0	False	0
ecol-SAMN13756518	GP_2	75:2438,84:1033,104:509,118:398	5	0.0	-0.3355791902189023	0.9263598679403736	GP_unb_15	158:196	5	0.0	0.36689435325171793	1.7200836245933793	5	-1.659638135891968	10.152293343367832	0.926359867940846	17:125578,34:32033,41:21798,47:13172,52:8387,55:7953,63:4872,65:4469,67:4268,68:4195,70:3873,73:2532,76:1913,77:1579,85:959,87:914,89:900,94:800,101:560,103:517,106:486,113:418,116:413,119:397,128:332,135:280,143:234,150:206,160:192,163:178,164:176,182:151,183:150,184:150,194:116,198:103,199:103	0	False	0
ecol-SAMN13756518	GP_2	75:2438,84:1033,104:509,118:398	5	0.0	-0.3355791902189023	0.9263598679403736	GP_unb_16	159:194	5	0.0	0.49194556271278855	2.1625379041653545	5	-1.740212090109163	9.383540423029224	0.926359867940846	2:363148,6:247478,17:125578,34:32033,41:21798,52:8387,55:7953,63:4872,65:4469,67:4268,68:4195,70:3873,73:2532,76:1913,77:1579,82:1253,85:959,87:914,94:800,100:564,101:560,103:517,106:486,113:418,119:397,128:332,135:280,143:234,150:206,163:178,164:176,182:151,183:150,184:150,194:116,198:103,199:103	0	False	0
ecol-SAMN13756518	GP_2	75:2438,84:1033,104:509,118:398	5	0.0	-0.3355791902189023	0.9263598679403736	GP_unb_17	165:166	5	0.0	0.48894406279259195	2.8036570961171603	5	-1.659638135891968	10.346333904668978	0.926359867940846	17:125578,34:32033,41:21798,47:13172,52:8387,55:7953,63:4872,65:4469,67:4268,68:4195,70:3873,73:2532,76:1913,77:1579,85:959,87:914,89:900,94:800,101:560,103:517,106:486,113:418,116:413,119:397,128:332,135:280,138:251,143:234,150:206,160:192,163:178,164:176,182:151,183:150,184:150,194:116,198:103,199:103	0	False	0
ecol-SAMN13756518	GP_2	75:2438,84:1033,104:509,118:398	5	0.0	-0.3355791902189023	0.9263598679403736	GP_unb_18	171:159	4	0.0	0.26748355728139395	1.098075934790037	5	-1.8872543520894987	7.968942483903635	0.926359867940846	1:387836,2:363148,12:158672,13:153772,17:125578,34:32033,41:21798,52:8387,55:7953,63:4872,65:4469,68:4195,70:3873,73:2532,76:1913,77:1579,82:1253,85:959,87:914,94:800,101:560,103:517,106:486,113:418,119:397,128:332,135:280,143:234,150:206,155:201,163:178,164:176,167:164,168:162,182:151,183:150,184:150,194:116,198:103,199:103	0	False	0
ecol-SAMN13756518	GP_2	75:2438,84:1033,104:509,118:398	5	0.0	-0.3355791902189023	0.9263598679403736	GP_unb_19	177:155	5	0.0	0.3975229116656742	0.8097621219336976	5	-1.9385297887803992	9.14704666345196	0.8097621219385474	2:363148,10:185483,17:125578,34:32033,41:21798,52:8387,55:7953,56:7419,63:4872,65:4469,67:4268,68:4195,70:3873,73:2532,76:1913,77:1579,82:1253,85:959,87:914,94:800,101:560,103:517,106:486,113:418,119:397,128:332,135:280,143:234,145:221,150:206,152:204,161:182,163:178,164:176,182:151,183:150,184:150,191:129,194:116,198:103,199:103	0	False	0
ecol-SAMN13756518	GP_2	75:2438,84:1033,104:509,118:398	5	0.0	-0.3355791902189023	0.9263598679403736	GP_unb_20	178:155	5	0.0	0.27946649605607865	0.9670021874772979	5	-1.9385297887803992	9.028990247842364	0.926359867940846	2:363148,10:185483,17:125578,34:32033,41:21798,52:8387,55:7953,56:7419,63:4872,65:4469,67:4268,68:4195,70:3873,73:2532,76:1913,77:1579,82:1253,85:959,87:914,94:800,101:560,103:517,106:486,113:418,119:397,128:332,135:280,143:234,145:221,150:206,152:204,161:182,163:178,164:176,182:151,183:150,184:150,191:129,194:116,198:103,199:103	0	False	0
ecol-SAMN13756518	GP_2	75:2438,84:1033,104:509,118:398	5	0.0	-0.3355791902189023	0.9263598679403736	GP_unb_21	179:153	5	0.0	0.49996237451977343	29.725206572656262	5	-1.668672180665717	8.566665451030882	0.926359867940846	17:125578,31:40662,34:32033,41:21798,52:8387,55:7953,65:4469,67:4268,68:4195,70:3873,71:3699,73:2532,80:1359,83:1236,85:959,87:914,94:800,101:560,103:517,110:429,113:418,119:397,143:234,150:206,163:178,164:176,182:151,183:150,184:150,194:116,198:103,199:103	0	False	0
ecol-SAMN13756518	GP_2	75:2438,84:1033,104:509,118:398	5	0.0	-0.3355791902189023	0.9263598679403736	GP_unb_22	187:140	5	0.0	0.1330127348511132	5.3909342115530015	5	-1.668672180665717	10.330316789099195	0.926359867940846	17:125578,31:40662,34:32033,41:21798,52:8387,55:7953,65:4469,67:4268,68:4195,70:3873,71:3699,73:2532,76:1913,77:1579,80:1359,83:1236,85:959,87:914,94:800,101:560,103:517,106:486,110:429,113:418,119:397,128:332,135:280,143:234,150:206,154:203,163:178,164:176,169:161,182:151,183:150,184:150,194:116,198:103,199:103	0	False	0
ecol-SAMN13756518	GP_2	75:2438,84:1033,104:509,118:398	5	0.0	-0.3355791902189023	0.9263598679403736	GP_unb_23	190:130	5	0.0	0.3916878231468769	1.9096111779282734	0	0	0	0		1	False	0
ecol-SAMN13756518	GP_2	75:2438,84:1033,104:509,118:398	5	0.0	-0.3355791902189023	0.9263598679403736	GP_unb_24	192:128	5	0.0	0.48633613378816076	1.9014007388453456	5	-1.8548740795379173	6.040443388985518	0.9118363239613245	2:363148,17:125578,20:94229,22:77268,34:32033,41:21798,42:18784,52:8387,55:7953,63:4872,65:4469,67:4268,68:4195,70:3873,73:2532,76:1913,77:1579,82:1253,85:959,87:914,90:869,94:800,96:709,101:560,103:517,106:486,113:418,117:398,119:397,126:352,128:332,135:280,143:234,150:206,163:178,164:176,180:151,182:151,183:150,184:150,194:116,198:103,199:103	0	False	0
ecol-SAMN13756518	GP_2	75:2438,84:1033,104:509,118:398	5	0.0	-0.3355791902189023	0.9263598679403736	GP_unb_25	195:116	5	0.0	0.10521891827594798	3.7800576331657076	5	-1.7622491415788004	9.137379179774507	0.926359867940846	1:387836,2:363148,17:125578,34:32033,40:23248,41:21798,52:8387,55:7953,63:4872,65:4469,68:4195,70:3873,73:2532,76:1913,77:1579,82:1253,85:959,87:914,94:800,101:560,103:517,106:486,113:418,119:397,128:332,135:280,143:234,150:206,163:178,164:176,182:151,183:150,184:150,198:103,199:103	0	False	0
ecol-SAMN13756518	GP_2	75:2438,84:1033,104:509,118:398	5	0.0	-0.3355791902189023	0.9263598679403736	GP_unb_26	201:100	5	0.0	0.4997153938556972	1.7723732110713795	5	-1.7108384280740023	8.027344247978059	0.926359867940846	2:363148,17:125578,34:32033,41:21798,42:18784,52:8387,55:7953,63:4872,65:4469,67:4268,68:4195,70:3873,73:2532,76:1913,77:1579,82:1253,85:959,87:914,90:869,94:800,101:560,103:517,106:486,113:418,119:397,128:332,129:330,135:280,143:234,150:206,163:178,164:176,172:159,182:151,183:150,184:150,189:131,194:116,198:103,199:103	0	False	0
ecol-SAMN13756518	GP_3	78:1506	4	0.0	0.3298348293575779	114.01250063902319	GP_unb_1	102:526	5	0.0	0.19959474220648266	0.9336411407169437	0	0	0	0		1	False	0
ecol-SAMN13756518	GP_3	78:1506	4	0.0	0.3298348293575779	114.01250063902319	GP_unb_2	105:495	5	0.0	0.4270834286321974	2.9681349401739756	0	0	0	0		1	False	0
ecol-SAMN13756518	GP_3	78:1506	4	0.0	0.3298348293575779	114.01250063902319	GP_unb_3	107:474	4	0.0	0.4985657569683274	1.008720312327632	0	0	0	0		1	False	0
ecol-SAMN13756518	GP_3	78:1506	4	0.0	0.3298348293575779	114.01250063902319	GP_unb_4	114:413	4	0.0	0.43114131794371	0.9804337823984759	0	0	0	0		1	False	0
ecol-SAMN13756518	GP_3	78:1506	4	0.0	0.3298348293575779	114.01250063902319	GP_unb_5	115:413	4	0.0	0.45410375945217163	1.8225479670990496	0	0	0	0		1	False	0
ecol-SAMN13756518	GP_3	78:1506	4	0.0	0.3298348293575779	114.01250063902319	GP_unb_6	120:396	4	0.0	0.47956464460555004	1.1068904189570603	0	0	0	0		1	False	0
ecol-SAMN13756518	GP_3	78:1506	4	0.0	0.3298348293575779	114.01250063902319	GP_unb_7	123:380	5	0.0	0.4660017644886434	0.9446377209338617	0	0	0	0		1	False	0
ecol-SAMN13756518	GP_3	78:1506	4	0.0	0.3298348293575779	114.01250063902319	GP_unb_8	125:363	5	0.0	0.49879908728250755	5.287883313019122	0	0	0	0		1	False	0
ecol-SAMN13756518	GP_3	78:1506	4	0.0	0.3298348293575779	114.01250063902319	GP_unb_9	137:277	5	0.0	0.07002648678220447	0.9640290479765162	0	0	0	0		1	False	0
ecol-SAMN13756518	GP_3	78:1506	4	0.0	0.3298348293575779	114.01250063902319	GP_unb_10	139:250	5	0.0	0.48909568080443044	1.9444682116229572	0	0	0	0		1	False	0
ecol-SAMN13756518	GP_3	78:1506	4	0.0	0.3298348293575779	114.01250063902319	GP_unb_11	141:239	5	0.0	0.31815566965689346	1.954547289061806	0	0	0	0		1	False	0
ecol-SAMN13756518	GP_3	78:1506	4	0.0	0.3298348293575779	114.01250063902319	GP_unb_12	149:208	4	0.0	0.4052366014401936	1.0270945835048604	0	0	0	0		1	False	0
ecol-SAMN13756518	GP_3	78:1506	4	0.0	0.3298348293575779	114.01250063902319	GP_unb_13	151:204	5	0.0	0.49330675194506923	1.9096111779282734	0	0	0	0		1	False	0
ecol-SAMN13756518	GP_3	78:1506	4	0.0	0.3298348293575779	114.01250063902319	GP_unb_14	157:197	5	0.0	0.4940832270913432	1.8555121468219695	0	0	0	0		1	False	0
ecol-SAMN13756518	GP_3	78:1506	4	0.0	0.3298348293575779	114.01250063902319	GP_unb_15	158:196	5	0.0	0.36689435325171793	1.7200836245933793	0	0	0	0		1	False	0
ecol-SAMN13756518	GP_3	78:1506	4	0.0	0.3298348293575779	114.01250063902319	GP_unb_16	159:194	5	0.0	0.49194556271278855	2.1625379041653545	0	0	0	0		1	False	0
ecol-SAMN13756518	GP_3	78:1506	4	0.0	0.3298348293575779	114.01250063902319	GP_unb_17	165:166	5	0.0	0.48894406279259195	2.8036570961171603	0	0	0	0		1	False	0
ecol-SAMN13756518	GP_3	78:1506	4	0.0	0.3298348293575779	114.01250063902319	GP_unb_18	171:159	4	0.0	0.26748355728139395	1.098075934790037	0	0	0	0		1	False	0
ecol-SAMN13756518	GP_3	78:1506	4	0.0	0.3298348293575779	114.01250063902319	GP_unb_19	177:155	5	0.0	0.3975229116656742	0.8097621219336976	0	0	0	0		1	False	0
ecol-SAMN13756518	GP_3	78:1506	4	0.0	0.3298348293575779	114.01250063902319	GP_unb_20	178:155	5	0.0	0.27946649605607865	0.9670021874772979	0	0	0	0		1	False	0
ecol-SAMN13756518	GP_3	78:1506	4	0.0	0.3298348293575779	114.01250063902319	GP_unb_21	179:153	5	0.0	0.49996237451977343	29.725206572656262	0	0	0	0		1	False	0
ecol-SAMN13756518	GP_3	78:1506	4	0.0	0.3298348293575779	114.01250063902319	GP_unb_22	187:140	5	0.0	0.1330127348511132	5.3909342115530015	0	0	0	0		1	False	0
ecol-SAMN13756518	GP_3	78:1506	4	0.0	0.3298348293575779	114.01250063902319	GP_unb_23	190:130	5	0.0	0.3916878231468769	1.9096111779282734	0	0	0	0		1	False	0
ecol-SAMN13756518	GP_3	78:1506	4	0.0	0.3298348293575779	114.01250063902319	GP_unb_24	192:128	5	0.0	0.48633613378816076	1.9014007388453456	0	0	0	0		1	False	0
ecol-SAMN13756518	GP_3	78:1506	4	0.0	0.3298348293575779	114.01250063902319	GP_unb_25	195:116	5	0.0	0.10521891827594798	3.7800576331657076	0	0	0	0		1	False	0
ecol-SAMN13756518	GP_3	78:1506	4	0.0	0.3298348293575779	114.01250063902319	GP_unb_26	201:100	5	0.0	0.4997153938556972	1.7723732110713795	0	0	0	0		1	False	0
ecol-SAMN13756518	GP_unb_1	102:526	5	0.0	0.19959474220648266	0.9336411407169437	GP_unb_2	105:495	5	0.0	0.4270834286321974	2.9681349401739756	5	-1.6222025781918528	10.959503058816692	0.9326617535880359	1:387836,31:40662,34:32033,41:21798,42:18784,52:8387,55:7953,65:4469,67:4268,68:4195,70:3873,71:3699,73:2532,76:1913,77:1579,80:1359,82:1253,83:1236,85:959,87:914,90:869,94:800,101:560,103:517,106:486,110:429,113:418,119:397,128:332,135:280,143:234,150:206,154:203,163:178,164:176,182:151,183:150,194:116,199:103	0	False	0
ecol-SAMN13756518	GP_unb_1	102:526	5	0.0	0.19959474220648266	0.9336411407169437	GP_unb_3	107:474	4	0.0	0.4985657569683274	1.008720312327632	5	-1.568026550259997	8.86355170716516	0.9326617535880359	2:363148,34:32033,41:21798,42:18784,52:8387,55:7953,63:4872,65:4469,68:4195,70:3873,73:2532,76:1913,77:1579,82:1253,85:959,87:914,90:869,94:800,101:560,103:517,106:486,113:418,119:397,128:332,135:280,143:234,150:206,163:178,164:176,182:151,183:150,194:116	0	False	0
ecol-SAMN13756518	GP_unb_1	102:526	5	0.0	0.19959474220648266	0.9336411407169437	GP_unb_4	114:413	4	0.0	0.43114131794371	0.9804337823984759	5	-1.9105116402865234	8.594819087369455	0.9326617535880359	2:363148,5:250629,17:125578,27:58552,34:32033,41:21798,42:18784,46:13686,52:8387,55:7953,63:4872,65:4469,67:4268,68:4195,70:3873,73:2532,76:1913,77:1579,82:1253,85:959,87:914,90:869,94:800,101:560,103:517,104:509,106:486,113:418,119:397,128:332,135:280,143:234,150:206,163:178,164:176,175:156,182:151,183:150,184:150,194:116,198:103,199:103	0	False	0
ecol-SAMN13756518	GP_unb_1	102:526	5	0.0	0.19959474220648266	0.9336411407169437	GP_unb_5	115:413	4	0.0	0.45410375945217163	1.8225479670990496	5	-1.8942147090059835	8.617781528877916	0.9326617535880359	2:363148,5:250629,17:125578,27:58552,34:32033,41:21798,42:18784,46:13686,52:8387,55:7953,63:4872,65:4469,67:4268,68:4195,70:3873,73:2532,76:1913,77:1579,82:1253,85:959,87:914,90:869,94:800,101:560,103:517,104:509,106:486,113:418,119:397,128:332,135:280,143:234,150:206,163:178,164:176,175:156,182:151,183:150,184:150,194:116,198:103,199:103	0	False	0
ecol-SAMN13756518	GP_unb_1	102:526	5	0.0	0.19959474220648266	0.9336411407169437	GP_unb_6	120:396	4	0.0	0.47956464460555004	1.1068904189570603	5	-1.7895190967958325	8.481032473151226	0.9326617535880359	1:387836,31:40662,34:32033,41:21798,42:18784,52:8387,55:7953,65:4469,67:4268,68:4195,70:3873,71:3699,73:2532,80:1359,82:1253,83:1236,85:959,87:914,90:869,94:800,101:560,103:517,110:429,113:418,119:397,143:234,150:206,163:178,164:176,182:151,183:150,194:116,199:103	0	False	0
ecol-SAMN13756518	GP_unb_1	102:526	5	0.0	0.19959474220648266	0.9336411407169437	GP_unb_7	123:380	5	0.0	0.4660017644886434	0.9446377209338617	5	-1.7418831561951809	8.237636137958647	0.9326617535880359	2:363148,10:185483,15:135050,19:94519,34:32033,41:21798,42:18784,52:8387,55:7953,63:4872,65:4469,67:4268,68:4195,70:3873,73:2532,76:1913,77:1579,82:1253,85:959,87:914,90:869,94:800,101:560,103:517,106:486,113:418,119:397,128:332,135:280,143:234,150:206,152:204,163:178,164:176,182:151,183:150,191:129,193:125,194:116,199:103	0	False	0
ecol-SAMN13756518	GP_unb_1	102:526	5	0.0	0.19959474220648266	0.9336411407169437	GP_unb_8	125:363	5	0.0	0.49879908728250755	5.287883313019122	5	-1.7377466754960074	10.252175740566441	0.9326617535880359	2:363148,34:32033,40:23248,41:21798,42:18784,52:8387,58:6426,63:4872,65:4469,68:4195,70:3873,73:2532,76:1913,77:1579,82:1253,85:959,87:914,90:869,94:800,98:691,101:560,103:517,106:486,112:419,113:418,119:397,128:332,131:322,135:280,143:234,150:206,163:178,164:176,182:151,183:150,186:145	0	False	0
ecol-SAMN13756518	GP_unb_1	102:526	5	0.0	0.19959474220648266	0.9336411407169437	GP_unb_9	137:277	5	0.0	0.07002648678220447	0.9640290479765162	5	-1.8078638770632511	9.68374762150757	0.1413250246860116	2:363148,34:32033,41:21798,42:18784,48:13081,52:8387,55:7953,63:4872,65:4469,67:4268,68:4195,70:3873,73:2532,76:1913,77:1579,82:1253,85:959,87:914,90:869,92:817,94:800,101:560,103:517,106:486,111:429,113:418,119:397,128:332,135:280,143:234,150:206,163:178,164:176,182:151,183:150,184:150,194:116,198:103,199:103	0	False	0
ecol-SAMN13756518	GP_unb_1	102:526	5	0.0	0.19959474220648266	0.9336411407169437	GP_unb_10	139:250	5	0.0	0.48909568080443044	1.9444682116229572	5	-1.514191676458059	8.72892585389421	0.9326617535880359	2:363148,13:153772,34:32033,41:21798,42:18784,52:8387,55:7953,63:4872,65:4469,68:4195,70:3873,73:2532,76:1913,77:1579,82:1253,85:959,87:914,90:869,94:800,101:560,103:517,106:486,113:418,119:397,128:332,135:280,143:234,150:206,155:201,163:178,164:176,182:151,183:150,194:116	0	False	0
ecol-SAMN13756518	GP_unb_1	102:526	5	0.0	0.19959474220648266	0.9336411407169437	GP_unb_11	141:239	5	0.0	0.31815566965689346	1.954547289061806	5	-1.7736137852288092	8.381515755399652	0.9326617535880359	2:363148,9:192416,15:135050,34:32033,41:21798,42:18784,52:8387,55:7953,63:4872,65:4469,66:4392,67:4268,68:4195,70:3873,73:2532,76:1913,77:1579,82:1253,85:959,87:914,90:869,94:800,95:797,101:560,103:517,106:486,108:455,113:418,119:397,128:332,135:280,142:234,143:234,150:206,163:178,164:176,182:151,183:150,193:125,194:116,199:103	0	False	0
ecol-SAMN13756518	GP_unb_1	102:526	5	0.0	0.19959474220648266	0.9336411407169437	GP_unb_12	149:208	4	0.0	0.4052366014401936	1.0270945835048604	5	-1.863766745987963	8.112416763253995	0.9326617535880359	2:363148,8:196041,12:158672,13:153772,34:32033,41:21798,42:18784,52:8387,55:7953,63:4872,65:4469,68:4195,70:3873,73:2532,76:1913,77:1579,82:1253,85:959,87:914,90:869,94:800,101:560,103:517,106:486,113:418,119:397,128:332,135:280,143:234,148:216,150:206,155:201,163:178,164:176,167:164,168:162,182:151,183:150,194:116	0	False	0
ecol-SAMN13756518	GP_unb_1	102:526	5	0.0	0.19959474220648266	0.9336411407169437	GP_unb_13	151:204	5	0.0	0.49330675194506923	1.9096111779282734	0	0	0	0		1	False	0
ecol-SAMN13756518	GP_unb_1	102:526	5	0.0	0.19959474220648266	0.9336411407169437	GP_unb_14	157:197	5	0.0	0.4940832270913432	1.8555121468219695	5	-1.7689477051076836	8.457098645852616	0.9326617535880359	2:363148,17:125578,27:58552,34:32033,41:21798,42:18784,46:13686,52:8387,55:7953,63:4872,65:4469,67:4268,68:4195,70:3873,72:2555,73:2532,76:1913,77:1579,82:1253,85:959,87:914,90:869,94:800,101:560,103:517,104:509,106:486,113:418,119:397,128:332,135:280,143:234,150:206,163:178,164:176,176:155,182:151,183:150,184:150,194:116,198:103,199:103	0	False	0
ecol-SAMN13756518	GP_unb_1	102:526	5	0.0	0.19959474220648266	0.9336411407169437	GP_unb_15	158:196	5	0.0	0.36689435325171793	1.7200836245933793	5	-1.6131685334181043	10.0870580954024	0.9326617535880359	1:387836,34:32033,41:21798,42:18784,47:13172,52:8387,55:7953,63:4872,65:4469,67:4268,68:4195,70:3873,73:2532,76:1913,77:1579,82:1253,85:959,87:914,89:900,90:869,94:800,101:560,103:517,106:486,113:418,116:413,119:397,128:332,135:280,143:234,150:206,160:192,163:178,164:176,182:151,183:150,194:116,199:103	0	False	0
ecol-SAMN13756518	GP_unb_1	102:526	5	0.0	0.19959474220648266	0.9336411407169437	GP_unb_16	159:194	5	0.0	0.49194556271278855	2.1625379041653545	5	-1.9105458002145874	9.16048451736267	0.9326617535880359	2:363148,15:135050,19:94519,23:74667,34:32033,41:21798,42:18784,52:8387,55:7953,63:4872,65:4469,67:4268,68:4195,70:3873,73:2532,76:1913,77:1579,82:1253,85:959,87:914,90:869,94:800,100:564,101:560,103:517,106:486,113:418,119:397,128:332,135:280,143:234,145:221,150:206,163:178,164:176,182:151,183:150,191:129,193:125,194:116,199:103	0	False	0
ecol-SAMN13756518	GP_unb_1	102:526	5	0.0	0.19959474220648266	0.9336411407169437	GP_unb_17	165:166	5	0.0	0.48894406279259195	2.8036570961171603	5	-1.6131685334181043	10.281098656703545	0.9326617535880359	1:387836,34:32033,41:21798,42:18784,47:13172,52:8387,55:7953,63:4872,65:4469,67:4268,68:4195,70:3873,73:2532,76:1913,77:1579,82:1253,85:959,87:914,89:900,90:869,94:800,101:560,103:517,106:486,113:418,116:413,119:397,128:332,135:280,138:251,143:234,150:206,160:192,163:178,164:176,182:151,183:150,194:116,199:103	0	False	0
ecol-SAMN13756518	GP_unb_1	102:526	5	0.0	0.19959474220648266	0.9336411407169437	GP_unb_18	171:159	4	0.0	0.26748355728139395	1.098075934790037	5	-1.6737430467683554	8.02539298690746	0.9326617535880359	2:363148,12:158672,13:153772,34:32033,41:21798,42:18784,52:8387,55:7953,63:4872,65:4469,68:4195,70:3873,73:2532,76:1913,77:1579,82:1253,85:959,87:914,90:869,94:800,101:560,103:517,106:486,113:418,119:397,128:332,135:280,143:234,150:206,155:201,163:178,164:176,167:164,168:162,182:151,183:150,194:116	0	False	0
ecol-SAMN13756518	GP_unb_1	102:526	5	0.0	0.19959474220648266	0.9336411407169437	GP_unb_19	177:155	5	0.0	0.3975229116656742	0.8097621219336976	5	-1.7418831561951809	8.66771481425362	0.8097621219385474	2:363148,10:185483,15:135050,19:94519,34:32033,41:21798,42:18784,52:8387,55:7953,63:4872,65:4469,67:4268,68:4195,70:3873,73:2532,76:1913,77:1579,82:1253,85:959,87:914,90:869,94:800,101:560,103:517,106:486,113:418,119:397,128:332,135:280,143:234,150:206,152:204,161:182,163:178,164:176,182:151,183:150,191:129,193:125,194:116,199:103	0	False	0
ecol-SAMN13756518	GP_unb_1	102:526	5	0.0	0.19959474220648266	0.9336411407169437	GP_unb_20	178:155	5	0.0	0.27946649605607865	0.9670021874772979	5	-1.7418831561951809	8.549658398644024	0.9326617535880359	2:363148,10:185483,15:135050,19:94519,34:32033,41:21798,42:18784,52:8387,55:7953,63:4872,65:4469,67:4268,68:4195,70:3873,73:2532,76:1913,77:1579,82:1253,85:959,87:914,90:869,94:800,101:560,103:517,106:486,113:418,119:397,128:332,135:280,143:234,150:206,152:204,161:182,163:178,164:176,182:151,183:150,191:129,193:125,194:116,199:103	0	False	0
ecol-SAMN13756518	GP_unb_1	102:526	5	0.0	0.19959474220648266	0.9336411407169437	GP_unb_21	179:153	5	0.0	0.49996237451977343	29.725206572656262	5	-1.6222025781918528	8.50143020306545	0.9326617535880359	1:387836,31:40662,34:32033,41:21798,42:18784,52:8387,55:7953,65:4469,67:4268,68:4195,70:3873,71:3699,73:2532,80:1359,82:1253,83:1236,85:959,87:914,90:869,94:800,101:560,103:517,110:429,113:418,119:397,143:234,150:206,163:178,164:176,182:151,183:150,194:116,199:103	0	False	0
ecol-SAMN13756518	GP_unb_1	102:526	5	0.0	0.19959474220648266	0.9336411407169437	GP_unb_22	187:140	5	0.0	0.1330127348511132	5.3909342115530015	5	-1.6222025781918528	10.265081541133762	0.9326617535880359	1:387836,31:40662,34:32033,41:21798,42:18784,52:8387,55:7953,65:4469,67:4268,68:4195,70:3873,71:3699,73:2532,76:1913,77:1579,80:1359,82:1253,83:1236,85:959,87:914,90:869,94:800,101:560,103:517,106:486,110:429,113:418,119:397,128:332,135:280,143:234,150:206,154:203,163:178,164:176,169:161,182:151,183:150,194:116,199:103	0	False	0
ecol-SAMN13756518	GP_unb_1	102:526	5	0.0	0.19959474220648266	0.9336411407169437	GP_unb_23	190:130	5	0.0	0.3916878231468769	1.9096111779282734	0	0	0	0		1	False	0
ecol-SAMN13756518	GP_unb_1	102:526	5	0.0	0.19959474220648266	0.9336411407169437	GP_unb_24	192:128	5	0.0	0.48633613378816076	1.9014007388453456	5	-0.14403565146391492	-2.462300387334335	0.9118363239613245	20:94229,22:77268,90:869,96:709,117:398,126:352,180:151	0	False	0
ecol-SAMN13756518	GP_unb_1	102:526	5	0.0	0.19959474220648266	0.9336411407169437	GP_unb_25	195:116	5	0.0	0.10521891827594798	3.7800576331657076	5	-1.5487378362576572	9.193829682778338	0.9326617535880359	2:363148,34:32033,40:23248,41:21798,42:18784,52:8387,55:7953,63:4872,65:4469,68:4195,70:3873,73:2532,76:1913,77:1579,82:1253,85:959,87:914,90:869,94:800,101:560,103:517,106:486,113:418,119:397,128:332,135:280,143:234,150:206,163:178,164:176,182:151,183:150	0	False	0
ecol-SAMN13756518	GP_unb_1	102:526	5	0.0	0.19959474220648266	0.9336411407169437	GP_unb_26	201:100	5	0.0	0.4997153938556972	1.7723732110713795	5	0.0	0.20038560249022652	0.9336411407166452	189:131	0	False	0
ecol-SAMN13756518	GP_unb_2	105:495	5	0.0	0.4270834286321974	2.9681349401739756	GP_unb_3	107:474	4	0.0	0.4985657569683274	1.008720312327632	5	-1.5258603028517117	11.371646525444252	0.9326617535880359	31:40662,34:32033,41:21798,52:8387,55:7953,65:4469,68:4195,70:3873,71:3699,73:2532,76:1913,77:1579,80:1359,83:1236,85:959,87:914,94:800,101:560,103:517,106:486,110:429,113:418,119:397,128:332,135:280,143:234,150:206,154:203,163:178,164:176,182:151,183:150,194:116	0	False	0
ecol-SAMN13756518	GP_unb_2	105:495	5	0.0	0.4270834286321974	2.9681349401739756	GP_unb_4	114:413	4	0.0	0.43114131794371	0.9804337823984759	5	-1.8683453928782376	11.102913905648547	0.9326617535880359	5:250629,17:125578,27:58552,31:40662,34:32033,41:21798,46:13686,52:8387,55:7953,65:4469,67:4268,68:4195,70:3873,71:3699,73:2532,76:1913,77:1579,80:1359,83:1236,85:959,87:914,94:800,101:560,103:517,104:509,106:486,110:429,113:418,119:397,128:332,135:280,143:234,150:206,154:203,163:178,164:176,175:156,182:151,183:150,184:150,194:116,198:103,199:103	0	False	0
ecol-SAMN13756518	GP_unb_2	105:495	5	0.0	0.4270834286321974	2.9681349401739756	GP_unb_5	115:413	4	0.0	0.45410375945217163	1.8225479670990496	5	-1.8520484615976978	11.125876347157009	0.9326617535880359	5:250629,17:125578,27:58552,31:40662,34:32033,41:21798,46:13686,52:8387,55:7953,65:4469,67:4268,68:4195,70:3873,71:3699,73:2532,76:1913,77:1579,80:1359,83:1236,85:959,87:914,94:800,101:560,103:517,104:509,106:486,110:429,113:418,119:397,128:332,135:280,143:234,150:206,154:203,163:178,164:176,175:156,182:151,183:150,184:150,194:116,198:103,199:103	0	False	0
ecol-SAMN13756518	GP_unb_2	105:495	5	0.0	0.4270834286321974	2.9681349401739756	GP_unb_6	120:396	4	0.0	0.47956464460555004	1.1068904189570603	5	-1.5447982955607278	10.163265661513044	0.9326617535880359	34:32033,41:21798,47:13172,52:8387,54:8205,55:7953,63:4872,65:4469,68:4195,70:3873,73:2532,76:1913,85:959,87:914,89:900,94:800,101:560,103:517,106:486,113:418,116:413,119:397,128:332,136:278,138:251,143:234,150:206,154:203,160:192,163:178,164:176,166:166,182:151,183:150,194:116	0	False	0
ecol-SAMN13756518	GP_unb_2	105:495	5	0.0	0.4270834286321974	2.9681349401739756	GP_unb_7	123:380	5	0.0	0.4660017644886434	0.9446377209338617	5	-1.84989393889825	11.15982755747065	0.9326617535880359	1:387836,10:185483,31:40662,34:32033,41:21798,52:8387,55:7953,56:7419,65:4469,67:4268,68:4195,70:3873,71:3699,73:2532,76:1913,77:1579,80:1359,82:1253,83:1236,85:959,87:914,94:800,101:560,103:517,106:486,110:429,113:418,119:397,128:332,135:280,143:234,145:221,150:206,152:204,154:203,163:178,164:176,182:151,183:150,191:129,194:116,199:103	0	False	0
ecol-SAMN13756518	GP_unb_2	105:495	5	0.0	0.4270834286321974	2.9681349401739756	GP_unb_8	125:363	5	0.0	0.49879908728250755	5.287883313019122	5	-1.695580428087722	12.760270558845534	0.9326617535880359	31:40662,34:32033,40:23248,41:21798,52:8387,58:6426,65:4469,68:4195,70:3873,71:3699,73:2532,76:1913,77:1579,80:1359,83:1236,85:959,87:914,94:800,98:691,101:560,103:517,106:486,110:429,112:419,113:418,119:397,128:332,131:322,135:280,143:234,150:206,154:203,163:178,164:176,182:151,183:150,186:145	0	False	0
ecol-SAMN13756518	GP_unb_2	105:495	5	0.0	0.4270834286321974	2.9681349401739756	GP_unb_9	137:277	5	0.0	0.07002648678220447	0.9640290479765162	5	-1.7656976296549658	12.19184243978666	0.1413250246860116	31:40662,34:32033,41:21798,48:13081,52:8387,55:7953,65:4469,67:4268,68:4195,70:3873,71:3699,73:2532,76:1913,77:1579,80:1359,83:1236,85:959,87:914,92:817,94:800,101:560,103:517,106:486,110:429,111:429,113:418,119:397,128:332,135:280,143:234,150:206,154:203,163:178,164:176,182:151,183:150,184:150,194:116,198:103,199:103	0	False	0
ecol-SAMN13756518	GP_unb_2	105:495	5	0.0	0.4270834286321974	2.9681349401739756	GP_unb_10	139:250	5	0.0	0.48909568080443044	1.9444682116229572	5	-1.4720254290497736	11.237020672173305	0.9326617535884625	13:153772,31:40662,34:32033,41:21798,52:8387,55:7953,65:4469,68:4195,70:3873,71:3699,73:2532,76:1913,77:1579,80:1359,83:1236,85:959,87:914,94:800,101:560,103:517,106:486,110:429,113:418,119:397,128:332,135:280,143:234,150:206,154:203,155:201,163:178,164:176,182:151,183:150,194:116	0	False	0
ecol-SAMN13756518	GP_unb_2	105:495	5	0.0	0.4270834286321974	2.9681349401739756	GP_unb_11	141:239	5	0.0	0.31815566965689346	1.954547289061806	5	-1.7314475378205239	10.889610573678748	0.9326617535880359	9:192416,15:135050,31:40662,34:32033,41:21798,52:8387,55:7953,65:4469,66:4392,67:4268,68:4195,70:3873,71:3699,73:2532,76:1913,77:1579,80:1359,83:1236,85:959,87:914,94:800,95:797,101:560,103:517,106:486,108:455,110:429,113:418,119:397,128:332,135:280,142:234,143:234,150:206,154:203,163:178,164:176,182:151,183:150,193:125,194:116,199:103	0	False	0
ecol-SAMN13756518	GP_unb_2	105:495	5	0.0	0.4270834286321974	2.9681349401739756	GP_unb_12	149:208	4	0.0	0.4052366014401936	1.0270945835048604	5	-1.8216004985796777	10.620511581533089	0.9326617535880359	8:196041,12:158672,13:153772,31:40662,34:32033,41:21798,52:8387,55:7953,65:4469,68:4195,70:3873,71:3699,73:2532,76:1913,77:1579,80:1359,83:1236,85:959,87:914,94:800,101:560,103:517,106:486,110:429,113:418,119:397,128:332,135:280,143:234,148:216,150:206,154:203,155:201,163:178,164:176,167:164,168:162,182:151,183:150,194:116	0	False	0
ecol-SAMN13756518	GP_unb_2	105:495	5	0.0	0.4270834286321974	2.9681349401739756	GP_unb_13	151:204	5	0.0	0.49330675194506923	1.9096111779282734	0	0	0	0		1	False	0
ecol-SAMN13756518	GP_unb_2	105:495	5	0.0	0.4270834286321974	2.9681349401739756	GP_unb_14	157:197	5	0.0	0.4940832270913432	1.8555121468219695	5	-1.7267814576993983	10.965193464131708	0.9326617535880359	17:125578,27:58552,31:40662,34:32033,41:21798,46:13686,52:8387,55:7953,65:4469,67:4268,68:4195,70:3873,71:3699,72:2555,73:2532,76:1913,77:1579,80:1359,83:1236,85:959,87:914,94:800,101:560,103:517,104:509,106:486,110:429,113:418,119:397,128:332,135:280,143:234,150:206,154:203,163:178,164:176,176:155,182:151,183:150,184:150,194:116,198:103,199:103	0	False	0
ecol-SAMN13756518	GP_unb_2	105:495	5	0.0	0.4270834286321974	2.9681349401739756	GP_unb_15	158:196	5	0.0	0.36689435325171793	1.7200836245933793	5	-1.151606916701096	11.258743471244847	0.9326617535880359	31:40662,40:23248,45:13811,47:13172,52:8387,55:7953,65:4469,68:4195,70:3873,71:3699,73:2532,76:1913,77:1579,80:1359,83:1236,85:959,87:914,89:900,94:800,106:486,110:429,113:418,116:413,119:397,128:332,135:280,143:234,150:206,154:203,160:192,163:178,164:176,182:151,183:150	0	False	0
ecol-SAMN13756518	GP_unb_2	105:495	5	0.0	0.4270834286321974	2.9681349401739756	GP_unb_16	159:194	5	0.0	0.49194556271278855	2.1625379041653545	5	-1.6515762402270133	11.826399993342884	0.9326617535880359	1:387836,6:247478,31:40662,34:32033,41:21798,52:8387,55:7953,65:4469,67:4268,68:4195,70:3873,71:3699,73:2532,76:1913,77:1579,80:1359,82:1253,83:1236,85:959,87:914,94:800,100:564,101:560,103:517,106:486,110:429,113:418,119:397,128:332,135:280,143:234,150:206,154:203,163:178,164:176,182:151,183:150,194:116,199:103	0	False	0
ecol-SAMN13756518	GP_unb_2	105:495	5	0.0	0.4270834286321974	2.9681349401739756	GP_unb_17	165:166	5	0.0	0.48894406279259195	2.8036570961171603	5	-1.151606916701096	11.452784032545992	0.9326617535880359	31:40662,40:23248,45:13811,47:13172,52:8387,55:7953,65:4469,68:4195,70:3873,71:3699,73:2532,76:1913,77:1579,80:1359,83:1236,85:959,87:914,89:900,94:800,106:486,110:429,113:418,116:413,119:397,128:332,135:280,138:251,143:234,150:206,154:203,160:192,163:178,164:176,182:151,183:150	0	False	0
ecol-SAMN13756518	GP_unb_2	105:495	5	0.0	0.4270834286321974	2.9681349401739756	GP_unb_18	171:159	4	0.0	0.26748355728139395	1.098075934790037	5	-1.63157679936007	10.533487805186555	0.9326617535880359	12:158672,13:153772,31:40662,34:32033,41:21798,52:8387,55:7953,65:4469,68:4195,70:3873,71:3699,73:2532,76:1913,77:1579,80:1359,83:1236,85:959,87:914,94:800,101:560,103:517,106:486,110:429,113:418,119:397,128:332,135:280,143:234,150:206,154:203,155:201,163:178,164:176,167:164,168:162,182:151,183:150,194:116	0	False	0
ecol-SAMN13756518	GP_unb_2	105:495	5	0.0	0.4270834286321974	2.9681349401739756	GP_unb_19	177:155	5	0.0	0.3975229116656742	0.8097621219336976	5	-1.84989393889825	11.589906233765623	0.8097621219385474	1:387836,10:185483,31:40662,34:32033,41:21798,52:8387,55:7953,56:7419,65:4469,67:4268,68:4195,70:3873,71:3699,73:2532,76:1913,77:1579,80:1359,82:1253,83:1236,85:959,87:914,94:800,101:560,103:517,106:486,110:429,113:418,119:397,128:332,135:280,143:234,145:221,150:206,152:204,154:203,161:182,163:178,164:176,182:151,183:150,191:129,194:116,199:103	0	False	0
ecol-SAMN13756518	GP_unb_2	105:495	5	0.0	0.4270834286321974	2.9681349401739756	GP_unb_20	178:155	5	0.0	0.27946649605607865	0.9670021874772979	5	-1.84989393889825	11.471849818156027	0.9326617535880359	1:387836,10:185483,31:40662,34:32033,41:21798,52:8387,55:7953,56:7419,65:4469,67:4268,68:4195,70:3873,71:3699,73:2532,76:1913,77:1579,80:1359,82:1253,83:1236,85:959,87:914,94:800,101:560,103:517,106:486,110:429,113:418,119:397,128:332,135:280,143:234,145:221,150:206,152:204,154:203,161:182,163:178,164:176,182:151,183:150,191:129,194:116,199:103	0	False	0
ecol-SAMN13756518	GP_unb_2	105:495	5	0.0	0.4270834286321974	2.9681349401739756	GP_unb_21	179:153	5	0.0	0.49996237451977343	29.725206572656262	5	-1.377481776956748	10.750206092172746	0.9326617535880359	34:32033,41:21798,47:13172,52:8387,54:8205,55:7953,65:4469,68:4195,70:3873,73:2532,76:1913,77:1579,85:959,87:914,89:900,94:800,101:560,103:517,106:486,113:418,116:413,119:397,128:332,135:280,136:278,138:251,143:234,150:206,154:203,160:192,163:178,164:176,166:166,182:151,183:150,194:116	0	False	0
ecol-SAMN13756518	GP_unb_2	105:495	5	0.0	0.4270834286321974	2.9681349401739756	GP_unb_22	187:140	5	0.0	0.1330127348511132	5.3909342115530015	5	-1.377481776956748	10.39089047332394	0.9326617535880359	34:32033,41:21798,47:13172,52:8387,54:8205,55:7953,63:4872,65:4469,68:4195,70:3873,73:2532,76:1913,77:1579,85:959,87:914,89:900,94:800,101:560,103:517,106:486,113:418,116:413,119:397,128:332,135:280,136:278,138:251,140:244,143:234,150:206,154:203,160:192,163:178,164:176,166:166,182:151,183:150,194:116	0	False	0
ecol-SAMN13756518	GP_unb_2	105:495	5	0.0	0.4270834286321974	2.9681349401739756	GP_unb_23	190:130	5	0.0	0.3916878231468769	1.9096111779282734	0	0	0	0		1	False	0
ecol-SAMN13756518	GP_unb_2	105:495	5	0.0	0.4270834286321974	2.9681349401739756	GP_unb_24	192:128	5	0.0	0.48633613378816076	1.9014007388453456	5	-1.7662382296557677	8.483302959299175	0.9118363239667815	1:387836,20:94229,22:77268,31:40662,34:32033,41:21798,42:18784,52:8387,55:7953,65:4469,67:4268,68:4195,70:3873,71:3699,73:2532,76:1913,77:1579,80:1359,82:1253,83:1236,85:959,87:914,90:869,94:800,96:709,101:560,103:517,106:486,110:429,113:418,117:398,119:397,126:352,128:332,135:280,143:234,150:206,154:203,163:178,164:176,180:151,182:151,183:150,194:116,199:103	0	False	0
ecol-SAMN13756518	GP_unb_2	105:495	5	0.0	0.4270834286321974	2.9681349401739756	GP_unb_25	195:116	5	0.0	0.10521891827594798	3.7800576331657076	5	-1.5065715888493718	11.701924501057432	0.9326617535880359	31:40662,34:32033,40:23248,41:21798,52:8387,55:7953,65:4469,68:4195,70:3873,71:3699,73:2532,76:1913,77:1579,80:1359,83:1236,85:959,87:914,94:800,101:560,103:517,106:486,110:429,113:418,119:397,128:332,135:280,143:234,150:206,154:203,163:178,164:176,182:151,183:150	0	False	0
ecol-SAMN13756518	GP_unb_2	105:495	5	0.0	0.4270834286321974	2.9681349401739756	GP_unb_26	201:100	5	0.0	0.4997153938556972	1.7723732110713795	5	-1.6222025781918528	10.470203818291715	0.9326617535880359	1:387836,31:40662,34:32033,41:21798,42:18784,52:8387,55:7953,65:4469,67:4268,68:4195,70:3873,71:3699,73:2532,76:1913,77:1579,80:1359,82:1253,83:1236,85:959,87:914,90:869,94:800,101:560,103:517,106:486,110:429,113:418,119:397,128:332,129:330,135:280,143:234,150:206,154:203,163:178,164:176,172:159,182:151,183:150,189:131,194:116,199:103	0	False	0
ecol-SAMN13756518	GP_unb_3	107:474	4	0.0	0.4985657569683274	1.008720312327632	GP_unb_4	114:413	4	0.0	0.43114131794371	0.9804337823984759	4	-1.8630971532341483	8.88527680302775	0.9326617535880359	1:387836,2:363148,5:250629,17:125578,27:58552,34:32033,41:21798,46:13686,52:8387,55:7953,63:4872,65:4469,68:4195,70:3873,73:2532,76:1913,77:1579,82:1253,85:959,87:914,94:800,101:560,103:517,104:509,106:486,113:418,119:397,128:332,135:280,143:234,150:206,163:178,164:176,175:156,182:151,183:150,184:150,194:116,198:103,199:103	0	False	0
ecol-SAMN13756518	GP_unb_3	107:474	4	0.0	0.4985657569683274	1.008720312327632	GP_unb_5	115:413	4	0.0	0.45410375945217163	1.8225479670990496	4	-1.8630971532341483	8.908239244536212	0.9326617535880359	1:387836,2:363148,5:250629,17:125578,27:58552,34:32033,41:21798,46:13686,52:8387,55:7953,63:4872,65:4469,68:4195,70:3873,73:2532,76:1913,77:1579,82:1253,85:959,87:914,94:800,101:560,103:517,104:509,106:486,113:418,119:397,128:332,135:280,143:234,150:206,163:178,164:176,175:156,182:151,183:150,184:150,194:116,198:103,199:103	0	False	0
ecol-SAMN13756518	GP_unb_3	107:474	4	0.0	0.4985657569683274	1.008720312327632	GP_unb_6	120:396	4	0.0	0.47956464460555004	1.1068904189570603	5	-1.6931768214556915	8.893175939778786	0.9326617535880359	31:40662,34:32033,41:21798,52:8387,55:7953,65:4469,68:4195,70:3873,71:3699,73:2532,80:1359,83:1236,85:959,87:914,94:800,101:560,103:517,110:429,113:418,119:397,143:234,150:206,163:178,164:176,182:151,183:150,194:116	0	False	0
ecol-SAMN13756518	GP_unb_3	107:474	4	0.0	0.4985657569683274	1.008720312327632	GP_unb_7	123:380	5	0.0	0.4660017644886434	0.9446377209338617	5	-1.7957179109663943	9.063876205819115	0.9326617535880359	2:363148,10:185483,34:32033,41:21798,52:8387,55:7953,56:7419,63:4872,65:4469,68:4195,70:3873,73:2532,76:1913,77:1579,82:1253,85:959,87:914,94:800,101:560,103:517,106:486,113:418,119:397,128:332,135:280,143:234,145:221,150:206,152:204,163:178,164:176,182:151,183:150,191:129,194:116	0	False	0
ecol-SAMN13756518	GP_unb_3	107:474	4	0.0	0.4985657569683274	1.008720312327632	GP_unb_8	125:363	5	0.0	0.49879908728250755	5.287883313019122	5	-1.5168262580779628	10.404184455479411	0.9686084899949492	34:32033,41:21798,47:13172,52:8387,54:8205,55:7953,63:4872,65:4469,68:4195,73:2532,76:1913,77:1579,85:959,87:914,89:900,94:800,101:560,103:517,106:486,113:418,116:413,119:397,128:332,135:280,136:278,138:251,143:234,150:206,160:192,163:178,164:176,166:166,182:151,183:150,194:116	0	False	0
ecol-SAMN13756518	GP_unb_3	107:474	4	0.0	0.4985657569683274	1.008720312327632	GP_unb_9	137:277	5	0.0	0.07002648678220447	0.9640290479765162	4	-1.5569925429545963	9.974205337165866	0.1413250246860116	1:387836,2:363148,34:32033,41:21798,48:13081,52:8387,55:7953,63:4872,65:4469,68:4195,70:3873,73:2532,76:1913,77:1579,82:1253,85:959,87:914,92:817,94:800,101:560,103:517,106:486,111:429,113:418,119:397,128:332,135:280,143:234,150:206,163:178,164:176,182:151,183:150,184:150,194:116,198:103,199:103	0	False	0
ecol-SAMN13756518	GP_unb_3	107:474	4	0.0	0.4985657569683274	1.008720312327632	GP_unb_10	139:250	5	0.0	0.48909568080443044	1.9444682116229572	5	-1.8000593370729312	6.85060848618619	0.9326617535880359	2:363148,13:153772,20:94229,22:77268,34:32033,35:31625,41:21798,42:18784,52:8387,55:7953,63:4872,65:4469,68:4195,70:3873,73:2532,76:1913,77:1579,82:1253,85:959,87:914,90:869,94:800,101:560,103:517,106:486,113:418,117:398,119:397,128:332,135:280,143:234,150:206,155:201,163:178,164:176,180:151,182:151,183:150,194:116	0	False	0
ecol-SAMN13756518	GP_unb_3	107:474	4	0.0	0.4985657569683274	1.008720312327632	GP_unb_11	141:239	5	0.0	0.31815566965689346	1.954547289061806	5	-1.8443132127359472	8.671973471057946	0.9326617535880359	1:387836,2:363148,9:192416,15:135050,34:32033,41:21798,52:8387,55:7953,63:4872,65:4469,66:4392,68:4195,70:3873,73:2532,76:1913,77:1579,82:1253,85:959,87:914,94:800,95:797,101:560,103:517,106:486,108:455,113:418,119:397,128:332,135:280,142:234,143:234,150:206,163:178,164:176,182:151,183:150,193:125,194:116,199:103	0	False	0
ecol-SAMN13756518	GP_unb_3	107:474	4	0.0	0.4985657569683274	1.008720312327632	GP_unb_12	149:208	4	0.0	0.4052366014401936	1.0270945835048604	4	-2.0462141119728954	6.234099395545974	0.9326617535880359	2:363148,8:196041,12:158672,13:153772,20:94229,22:77268,34:32033,35:31625,41:21798,42:18784,52:8387,55:7953,63:4872,65:4469,68:4195,70:3873,73:2532,76:1913,77:1579,82:1253,85:959,87:914,90:869,94:800,101:560,103:517,106:486,113:418,117:398,119:397,128:332,135:280,143:234,148:216,150:206,155:201,163:178,164:176,167:164,168:162,180:151,182:151,183:150,194:116	0	False	0
ecol-SAMN13756518	GP_unb_3	107:474	4	0.0	0.4985657569683274	1.008720312327632	GP_unb_13	151:204	5	0.0	0.49330675194506923	1.9096111779282734	0	0	0	0		1	False	0
ecol-SAMN13756518	GP_unb_3	107:474	4	0.0	0.4985657569683274	1.008720312327632	GP_unb_14	157:197	5	0.0	0.4940832270913432	1.8555121468219695	5	-1.8396471326148216	8.74755636151091	0.9326617535880359	1:387836,2:363148,17:125578,27:58552,34:32033,41:21798,46:13686,52:8387,55:7953,63:4872,65:4469,68:4195,70:3873,72:2555,73:2532,76:1913,77:1579,82:1253,85:959,87:914,94:800,101:560,103:517,104:509,106:486,113:418,119:397,128:332,135:280,143:234,150:206,163:178,164:176,176:155,182:151,183:150,184:150,194:116,198:103,199:103	0	False	0
ecol-SAMN13756518	GP_unb_3	107:474	4	0.0	0.4985657569683274	1.008720312327632	GP_unb_15	158:196	5	0.0	0.36689435325171793	1.7200836245933793	5	-1.5168262580779628	10.499201562029956	0.9330359732715117	34:32033,41:21798,47:13172,52:8387,55:7953,63:4872,65:4469,68:4195,70:3873,73:2532,76:1913,77:1579,85:959,87:914,89:900,94:800,101:560,103:517,106:486,113:418,116:413,119:397,128:332,135:280,143:234,150:206,160:192,163:178,164:176,182:151,183:150,194:116	0	False	0
ecol-SAMN13756518	GP_unb_3	107:474	4	0.0	0.4985657569683274	1.008720312327632	GP_unb_16	159:194	5	0.0	0.49194556271278855	2.1625379041653545	5	-1.5974002122951576	9.730448641691353	0.9326617535880359	2:363148,6:247478,34:32033,41:21798,52:8387,55:7953,63:4872,65:4469,68:4195,70:3873,73:2532,76:1913,77:1579,82:1253,85:959,87:914,94:800,100:564,101:560,103:517,106:486,113:418,119:397,128:332,135:280,143:234,150:206,163:178,164:176,182:151,183:150,194:116	0	False	0
ecol-SAMN13756518	GP_unb_3	107:474	4	0.0	0.4985657569683274	1.008720312327632	GP_unb_17	165:166	5	0.0	0.48894406279259195	2.8036570961171603	5	-1.5168262580779628	10.693242123331101	0.9326617535880359	34:32033,41:21798,47:13172,52:8387,55:7953,63:4872,65:4469,68:4195,70:3873,73:2532,76:1913,77:1579,85:959,87:914,89:900,94:800,101:560,103:517,106:486,113:418,116:413,119:397,128:332,135:280,138:251,143:234,150:206,160:192,163:178,164:176,182:151,183:150,194:116	0	False	0
ecol-SAMN13756518	GP_unb_3	107:474	4	0.0	0.4985657569683274	1.008720312327632	GP_unb_18	171:159	4	0.0	0.26748355728139395	1.098075934790037	5	-1.9596107073832276	6.14707561919944	0.9326617535880359	2:363148,12:158672,13:153772,20:94229,22:77268,34:32033,35:31625,41:21798,42:18784,52:8387,55:7953,63:4872,65:4469,68:4195,70:3873,73:2532,76:1913,77:1579,82:1253,85:959,87:914,90:869,94:800,101:560,103:517,106:486,113:418,117:398,119:397,128:332,135:280,143:234,150:206,155:201,163:178,164:176,167:164,168:162,180:151,182:151,183:150,194:116	0	False	0
ecol-SAMN13756518	GP_unb_3	107:474	4	0.0	0.4985657569683274	1.008720312327632	GP_unb_19	177:155	5	0.0	0.3975229116656742	0.8097621219336976	5	-1.7957179109663943	9.493954882114087	0.8097621219385474	2:363148,10:185483,34:32033,41:21798,52:8387,55:7953,56:7419,63:4872,65:4469,68:4195,70:3873,73:2532,76:1913,77:1579,82:1253,85:959,87:914,94:800,101:560,103:517,106:486,113:418,119:397,128:332,135:280,143:234,145:221,150:206,152:204,161:182,163:178,164:176,182:151,183:150,191:129,194:116	0	False	0
ecol-SAMN13756518	GP_unb_3	107:474	4	0.0	0.4985657569683274	1.008720312327632	GP_unb_20	178:155	5	0.0	0.27946649605607865	0.9670021874772979	5	-1.7957179109663943	9.375898466504491	0.9326617535880359	2:363148,10:185483,34:32033,41:21798,52:8387,55:7953,56:7419,63:4872,65:4469,68:4195,70:3873,73:2532,76:1913,77:1579,82:1253,85:959,87:914,94:800,101:560,103:517,106:486,113:418,119:397,128:332,135:280,143:234,145:221,150:206,152:204,161:182,163:178,164:176,182:151,183:150,191:129,194:116	0	False	0
ecol-SAMN13756518	GP_unb_3	107:474	4	0.0	0.4985657569683274	1.008720312327632	GP_unb_21	179:153	5	0.0	0.49996237451977343	29.725206572656262	5	-1.5258603028517117	8.913573669693008	0.9326617535880359	31:40662,34:32033,41:21798,52:8387,55:7953,65:4469,68:4195,70:3873,71:3699,73:2532,80:1359,83:1236,85:959,87:914,94:800,101:560,103:517,110:429,113:418,119:397,143:234,150:206,163:178,164:176,182:151,183:150,194:116	0	False	0
ecol-SAMN13756518	GP_unb_3	107:474	4	0.0	0.4985657569683274	1.008720312327632	GP_unb_22	187:140	5	0.0	0.1330127348511132	5.3909342115530015	5	-1.5258603028517117	10.677225007761324	0.9326617535880359	31:40662,34:32033,41:21798,52:8387,55:7953,65:4469,68:4195,70:3873,71:3699,73:2532,76:1913,77:1579,80:1359,83:1236,85:959,87:914,94:800,101:560,103:517,106:486,110:429,113:418,119:397,128:332,135:280,143:234,150:206,154:203,163:178,164:176,169:161,182:151,183:150,194:116	0	False	0
ecol-SAMN13756518	GP_unb_3	107:474	4	0.0	0.4985657569683274	1.008720312327632	GP_unb_23	190:130	5	0.0	0.3916878231468769	1.9096111779282734	0	0	0	0		1	False	0
ecol-SAMN13756518	GP_unb_3	107:474	4	0.0	0.4985657569683274	1.008720312327632	GP_unb_24	192:128	5	0.0	0.48633613378816076	1.9014007388453456	5	-1.7120622017239115	6.387351607647644	0.9118363239667815	2:363148,20:94229,22:77268,34:32033,41:21798,42:18784,52:8387,55:7953,63:4872,65:4469,68:4195,70:3873,73:2532,76:1913,77:1579,82:1253,85:959,87:914,90:869,94:800,96:709,101:560,103:517,106:486,113:418,117:398,119:397,126:352,128:332,135:280,143:234,150:206,163:178,164:176,180:151,182:151,183:150,194:116	0	False	0
ecol-SAMN13756518	GP_unb_3	107:474	4	0.0	0.4985657569683274	1.008720312327632	GP_unb_25	195:116	5	0.0	0.10521891827594798	3.7800576331657076	5	-1.5503541795480513	9.16794275402152	0.9326617535880359	31:40662,34:32033,41:21798,45:13811,52:8387,55:7953,65:4469,68:4195,70:3873,71:3699,73:2532,80:1359,83:1236,85:959,87:914,94:800,101:560,103:517,110:429,113:418,119:397,143:234,150:206,163:178,164:176,182:151,183:150	0	False	0
ecol-SAMN13756518	GP_unb_3	107:474	4	0.0	0.4985657569683274	1.008720312327632	GP_unb_26	201:100	5	0.0	0.4997153938556972	1.7723732110713795	5	-1.568026550259997	8.374252466640181	0.9326617535880359	2:363148,34:32033,41:21798,42:18784,52:8387,55:7953,63:4872,65:4469,68:4195,70:3873,73:2532,76:1913,77:1579,82:1253,85:959,87:914,90:869,94:800,101:560,103:517,106:486,113:418,119:397,128:332,129:330,135:280,143:234,150:206,163:178,164:176,172:159,182:151,183:150,189:131,194:116	0	False	0
ecol-SAMN13756518	GP_unb_4	114:413	4	0.0	0.43114131794371	0.9804337823984759	GP_unb_5	115:413	4	0.0	0.45410375945217163	1.8225479670990496	4	-1.9106442761870106	8.122780863826042	0.9326617535880359	1:387836,2:363148,5:250629,8:196041,12:158672,13:153772,17:125578,27:58552,34:32033,41:21798,46:13686,52:8387,55:7953,63:4872,65:4469,68:4195,70:3873,73:2532,76:1913,77:1579,82:1253,85:959,87:914,94:800,101:560,103:517,104:509,106:486,113:418,119:397,124:380,128:332,135:280,143:234,148:216,150:206,153:203,155:201,163:178,164:176,167:164,168:162,175:156,182:151,183:150,184:150,194:116,198:103,199:103	0	False	0
ecol-SAMN13756518	GP_unb_4	114:413	4	0.0	0.43114131794371	0.9804337823984759	GP_unb_6	120:396	4	0.0	0.47956464460555004	1.1068904189570603	4	-0.36317480139007324	7.606286727584177	0.9326617535880359	1:387836,2:363148,26:58819,34:32033,41:21798,52:8387,55:7953,65:4469,67:4268,68:4195,70:3873,73:2532,82:1253,85:959,87:914,94:800,101:560,103:517,113:418,119:397,134:302,143:234,150:206,163:178,164:176,175:156,182:151,183:150,194:116,199:103	0	False	0
ecol-SAMN13756518	GP_unb_4	114:413	4	0.0	0.43114131794371	0.9804337823984759	GP_unb_7	123:380	5	0.0	0.4660017644886434	0.9446377209338617	5	-2.1382030009929203	8.79514358602341	0.9326617535880359	2:363148,5:250629,10:185483,17:125578,27:58552,34:32033,41:21798,46:13686,52:8387,55:7953,56:7419,63:4872,65:4469,67:4268,68:4195,70:3873,73:2532,76:1913,77:1579,82:1253,85:959,87:914,94:800,101:560,103:517,104:509,106:486,113:418,119:397,128:332,135:280,143:234,145:221,150:206,152:204,163:178,164:176,175:156,182:151,183:150,184:150,191:129,194:116,198:103,199:103	0	False	0
ecol-SAMN13756518	GP_unb_4	114:413	4	0.0	0.43114131794371	0.9804337823984759	GP_unb_8	125:363	5	0.0	0.49879908728250755	5.287883313019122	5	-1.6163318238387536	10.4428553496437	0.9326617535880359	26:58819,34:32033,41:21798,47:13172,52:8387,54:8205,63:4872,65:4469,68:4195,70:3873,73:2532,76:1913,77:1579,85:959,87:914,89:900,94:800,98:691,101:560,103:517,106:486,112:419,113:418,116:413,119:397,128:332,131:322,134:302,135:280,136:278,138:251,143:234,150:206,160:192,163:178,164:176,166:166,175:156,182:151,183:150,186:145,194:116	0	False	0
ecol-SAMN13756518	GP_unb_4	114:413	4	0.0	0.43114131794371	0.9804337823984759	GP_unb_9	137:277	5	0.0	0.07002648678220447	0.9640290479765162	4	-0.42008500403142274	8.305212385644044	0.1413250246860116	1:387836,2:363148,26:58819,34:32033,40:23248,41:21798,45:13811,48:13081,52:8387,55:7953,65:4469,68:4195,70:3873,73:2532,82:1253,85:959,87:914,92:817,94:800,101:560,103:517,111:429,113:418,119:397,134:302,143:234,150:206,163:178,164:176,175:156,182:151,183:150,184:150,198:103,199:103	0	False	0
ecol-SAMN13756518	GP_unb_4	114:413	4	0.0	0.43114131794371	0.9804337823984759	GP_unb_10	139:250	5	0.0	0.48909568080443044	1.9444682116229572	4	-1.8908055425666295	8.750650949756807	0.9326617535880359	1:387836,2:363148,5:250629,13:153772,17:125578,27:58552,34:32033,41:21798,46:13686,52:8387,55:7953,63:4872,65:4469,68:4195,70:3873,73:2532,76:1913,77:1579,82:1253,85:959,87:914,94:800,101:560,103:517,104:509,106:486,113:418,119:397,128:332,135:280,143:234,150:206,155:201,163:178,164:176,175:156,182:151,183:150,184:150,194:116,198:103,199:103	0	False	0
ecol-SAMN13756518	GP_unb_4	114:413	4	0.0	0.43114131794371	0.9804337823984759	GP_unb_11	141:239	5	0.0	0.31815566965689346	1.954547289061806	4	-0.7993060886516861	7.00298051953613	0.9326617535880359	1:387836,2:363148,9:192416,15:135050,26:58819,34:32033,40:23248,41:21798,45:13811,52:8387,55:7953,65:4469,66:4392,68:4195,70:3873,73:2532,82:1253,85:959,87:914,94:800,95:797,101:560,103:517,108:455,113:418,119:397,134:302,142:234,143:234,150:206,163:178,164:176,175:156,182:151,183:150,193:125,199:103	0	False	0
ecol-SAMN13756518	GP_unb_4	114:413	4	0.0	0.43114131794371	0.9804337823984759	GP_unb_12	149:208	4	0.0	0.4052366014401936	1.0270945835048604	4	-1.9106442761870106	8.134141859116589	0.9326617535880359	1:387836,2:363148,5:250629,8:196041,12:158672,13:153772,17:125578,27:58552,34:32033,41:21798,46:13686,52:8387,55:7953,63:4872,65:4469,68:4195,70:3873,73:2532,76:1913,77:1579,82:1253,85:959,87:914,94:800,101:560,103:517,104:509,106:486,113:418,119:397,128:332,135:280,143:234,148:216,150:206,155:201,163:178,164:176,167:164,168:162,175:156,182:151,183:150,184:150,194:116,198:103,199:103	0	False	0
ecol-SAMN13756518	GP_unb_4	114:413	4	0.0	0.43114131794371	0.9804337823984759	GP_unb_13	151:204	5	0.0	0.49330675194506923	1.9096111779282734	0	0	0	0		1	False	0
ecol-SAMN13756518	GP_unb_4	114:413	4	0.0	0.43114131794371	0.9804337823984759	GP_unb_14	157:197	5	0.0	0.4940832270913432	1.8555121468219695	4	-1.3206236792797401	7.078563409989093	0.9326617535880359	1:387836,2:363148,17:125578,26:58819,27:58552,34:32033,40:23248,41:21798,45:13811,46:13686,52:8387,55:7953,65:4469,68:4195,70:3873,72:2555,73:2532,82:1253,85:959,87:914,94:800,101:560,103:517,104:509,113:418,119:397,134:302,143:234,150:206,163:178,164:176,175:156,176:155,182:151,183:150,184:150,198:103,199:103	0	False	0
ecol-SAMN13756518	GP_unb_4	114:413	4	0.0	0.43114131794371	0.9804337823984759	GP_unb_15	158:196	5	0.0	0.36689435325171793	1.7200836245933793	5	-1.8593113481044892	10.230468942234255	0.9326617535880358	5:250629,17:125578,27:58552,34:32033,41:21798,46:13686,47:13172,52:8387,55:7953,63:4872,65:4469,67:4268,68:4195,70:3873,73:2532,76:1913,77:1579,85:959,87:914,89:900,94:800,101:560,103:517,104:509,106:486,113:418,116:413,119:397,128:332,135:280,143:234,150:206,160:192,163:178,164:176,175:156,182:151,183:150,184:150,194:116,198:103,199:103	0	False	0
ecol-SAMN13756518	GP_unb_4	114:413	4	0.0	0.43114131794371	0.9804337823984759	GP_unb_16	159:194	5	0.0	0.49194556271278855	2.1625379041653545	5	-1.939885302321684	9.461716021895649	0.9326617535880359	2:363148,5:250629,6:247478,17:125578,27:58552,34:32033,41:21798,46:13686,52:8387,55:7953,63:4872,65:4469,67:4268,68:4195,70:3873,73:2532,76:1913,77:1579,82:1253,85:959,87:914,94:800,100:564,101:560,103:517,104:509,106:486,113:418,119:397,128:332,135:280,143:234,150:206,163:178,164:176,175:156,182:151,183:150,184:150,194:116,198:103,199:103	0	False	0
ecol-SAMN13756518	GP_unb_4	114:413	4	0.0	0.43114131794371	0.9804337823984759	GP_unb_17	165:166	5	0.0	0.48894406279259195	2.8036570961171603	5	-1.8593113481044892	10.4245095035354	0.9326617535880359	5:250629,17:125578,27:58552,34:32033,41:21798,46:13686,47:13172,52:8387,55:7953,63:4872,65:4469,67:4268,68:4195,70:3873,73:2532,76:1913,77:1579,85:959,87:914,89:900,94:800,101:560,103:517,104:509,106:486,113:418,116:413,119:397,128:332,135:280,138:251,143:234,150:206,160:192,163:178,164:176,175:156,182:151,183:150,184:150,194:116,198:103,199:103	0	False	0
ecol-SAMN13756518	GP_unb_4	114:413	4	0.0	0.43114131794371	0.9804337823984759	GP_unb_18	171:159	4	0.0	0.26748355728139395	1.098075934790037	4	-1.9106442761870106	8.047118082770057	0.9326617535880359	1:387836,2:363148,5:250629,12:158672,13:153772,17:125578,27:58552,34:32033,41:21798,46:13686,52:8387,55:7953,63:4872,65:4469,68:4195,70:3873,73:2532,76:1913,77:1579,82:1253,85:959,87:914,94:800,101:560,103:517,104:509,106:486,113:418,119:397,128:332,135:280,143:234,150:206,155:201,163:178,164:176,167:164,168:162,175:156,182:151,183:150,184:150,194:116,198:103,199:103	0	False	0
ecol-SAMN13756518	GP_unb_4	114:413	4	0.0	0.43114131794371	0.9804337823984759	GP_unb_19	177:155	5	0.0	0.3975229116656742	0.8097621219336976	5	-2.1382030009929203	9.225222262318386	0.8097621219385474	2:363148,5:250629,10:185483,17:125578,27:58552,34:32033,41:21798,46:13686,52:8387,55:7953,56:7419,63:4872,65:4469,67:4268,68:4195,70:3873,73:2532,76:1913,77:1579,82:1253,85:959,87:914,94:800,101:560,103:517,104:509,106:486,113:418,119:397,128:332,135:280,143:234,145:221,150:206,152:204,161:182,163:178,164:176,175:156,182:151,183:150,184:150,191:129,194:116,198:103,199:103	0	False	0
ecol-SAMN13756518	GP_unb_4	114:413	4	0.0	0.43114131794371	0.9804337823984759	GP_unb_20	178:155	5	0.0	0.27946649605607865	0.9670021874772979	5	-2.1382030009929203	9.10716584670879	0.9326617535880359	2:363148,5:250629,10:185483,17:125578,27:58552,34:32033,41:21798,46:13686,52:8387,55:7953,56:7419,63:4872,65:4469,67:4268,68:4195,70:3873,73:2532,76:1913,77:1579,82:1253,85:959,87:914,94:800,101:560,103:517,104:509,106:486,113:418,119:397,128:332,135:280,143:234,145:221,150:206,152:204,161:182,163:178,164:176,175:156,182:151,183:150,184:150,191:129,194:116,198:103,199:103	0	False	0
ecol-SAMN13756518	GP_unb_4	114:413	4	0.0	0.43114131794371	0.9804337823984759	GP_unb_21	179:153	5	0.0	0.49996237451977343	29.725206572656262	4	-0.3650645329587917	7.6266844574984	0.9326617535880359	1:387836,2:363148,26:58819,34:32033,41:21798,52:8387,55:7953,65:4469,67:4268,68:4195,70:3873,73:2532,82:1253,85:959,87:914,94:800,101:560,103:517,113:418,119:397,134:302,143:234,150:206,163:178,164:176,175:156,182:151,183:150,194:116,199:103	0	False	0
ecol-SAMN13756518	GP_unb_4	114:413	4	0.0	0.43114131794371	0.9804337823984759	GP_unb_22	187:140	5	0.0	0.1330127348511132	5.3909342115530015	5	-1.8683453928782376	10.408492387965621	0.9326617535880355	5:250629,17:125578,27:58552,31:40662,34:32033,41:21798,46:13686,52:8387,55:7953,65:4469,67:4268,68:4195,70:3873,71:3699,73:2532,76:1913,77:1579,80:1359,83:1236,85:959,87:914,94:800,101:560,103:517,104:509,106:486,110:429,113:418,119:397,128:332,135:280,143:234,150:206,154:203,163:178,164:176,169:161,175:156,182:151,183:150,184:150,194:116,198:103,199:103	0	False	0
ecol-SAMN13756518	GP_unb_4	114:413	4	0.0	0.43114131794371	0.9804337823984759	GP_unb_23	190:130	5	0.0	0.3916878231468769	1.9096111779282734	0	0	0	0		1	False	0
ecol-SAMN13756518	GP_unb_4	114:413	4	0.0	0.43114131794371	0.9804337823984759	GP_unb_24	192:128	5	0.0	0.48633613378816076	1.9014007388453456	5	-2.054547291750438	6.118618987851945	0.9118363239667815	2:363148,5:250629,17:125578,20:94229,22:77268,27:58552,34:32033,41:21798,42:18784,46:13686,52:8387,55:7953,63:4872,65:4469,67:4268,68:4195,70:3873,73:2532,76:1913,77:1579,82:1253,85:959,87:914,90:869,94:800,96:709,101:560,103:517,104:509,106:486,113:418,117:398,119:397,126:352,128:332,135:280,143:234,150:206,163:178,164:176,175:156,180:151,182:151,183:150,184:150,194:116,198:103,199:103	0	False	0
ecol-SAMN13756518	GP_unb_4	114:413	4	0.0	0.43114131794371	0.9804337823984759	GP_unb_25	195:116	5	0.0	0.10521891827594798	3.7800576331657076	5	-1.324891018139818	8.790637902356503	0.9326617535880359	26:58819,34:32033,41:21798,47:13172,52:8387,54:8205,63:4872,68:4195,70:3873,73:2532,76:1913,77:1579,85:959,89:900,94:800,101:560,103:517,106:486,113:418,116:413,119:397,128:332,134:302,135:280,136:278,138:251,150:206,160:192,163:178,164:176,166:166,175:156,182:151,183:150	0	False	0
ecol-SAMN13756518	GP_unb_4	114:413	4	0.0	0.43114131794371	0.9804337823984759	GP_unb_26	201:100	5	0.0	0.4997153938556972	1.7723732110713795	5	-1.9105116402865234	8.105519846844482	0.9326617535880359	2:363148,5:250629,17:125578,27:58552,34:32033,41:21798,42:18784,46:13686,52:8387,55:7953,63:4872,65:4469,67:4268,68:4195,70:3873,73:2532,76:1913,77:1579,82:1253,85:959,87:914,90:869,94:800,101:560,103:517,104:509,106:486,113:418,119:397,128:332,129:330,135:280,143:234,150:206,163:178,164:176,172:159,175:156,182:151,183:150,184:150,189:131,194:116,198:103,199:103	0	False	0
ecol-SAMN13756518	GP_unb_5	115:413	4	0.0	0.45410375945217163	1.8225479670990496	GP_unb_6	120:396	4	0.0	0.47956464460555004	1.1068904189570603	4	-0.36317480139007324	7.629245286375108	0.932661753588705	1:387836,14:140425,26:58819,34:32033,41:21798,52:8387,55:7953,65:4469,67:4268,68:4195,70:3873,73:2532,82:1253,85:959,87:914,94:800,101:560,103:517,113:418,119:397,134:302,143:234,150:206,163:178,164:176,175:156,182:151,183:150,194:116,199:103	0	False	0
ecol-SAMN13756518	GP_unb_5	115:413	4	0.0	0.45410375945217163	1.8225479670990496	GP_unb_7	123:380	5	0.0	0.4660017644886434	0.9446377209338617	5	-2.1219060697123804	8.818106027531872	0.9326617535880359	2:363148,5:250629,10:185483,17:125578,27:58552,34:32033,41:21798,46:13686,52:8387,55:7953,56:7419,63:4872,65:4469,67:4268,68:4195,70:3873,73:2532,76:1913,77:1579,82:1253,85:959,87:914,94:800,101:560,103:517,104:509,106:486,113:418,119:397,128:332,135:280,143:234,145:221,150:206,152:204,163:178,164:176,175:156,182:151,183:150,184:150,191:129,194:116,198:103,199:103	0	False	0
ecol-SAMN13756518	GP_unb_5	115:413	4	0.0	0.45410375945217163	1.8225479670990496	GP_unb_8	125:363	5	0.0	0.49879908728250755	5.287883313019122	5	-1.6000348925582137	10.465817791152162	0.9326617535880359	26:58819,34:32033,41:21798,47:13172,52:8387,54:8205,63:4872,65:4469,68:4195,70:3873,73:2532,76:1913,77:1579,85:959,87:914,89:900,94:800,98:691,101:560,103:517,106:486,112:419,113:418,116:413,119:397,128:332,131:322,134:302,135:280,136:278,138:251,143:234,150:206,160:192,163:178,164:176,166:166,175:156,182:151,183:150,186:145,194:116	0	False	0
ecol-SAMN13756518	GP_unb_5	115:413	4	0.0	0.45410375945217163	1.8225479670990496	GP_unb_9	137:277	5	0.0	0.07002648678220447	0.9640290479765162	4	-0.42008500403142274	8.328174827152505	0.1413250246860116	1:387836,2:363148,26:58819,34:32033,40:23248,41:21798,45:13811,48:13081,52:8387,55:7953,65:4469,68:4195,70:3873,73:2532,82:1253,85:959,87:914,92:817,94:800,101:560,103:517,111:429,113:418,119:397,134:302,143:234,150:206,163:178,164:176,175:156,182:151,183:150,184:150,198:103,199:103	0	False	0
ecol-SAMN13756518	GP_unb_5	115:413	4	0.0	0.45410375945217163	1.8225479670990496	GP_unb_10	139:250	5	0.0	0.48909568080443044	1.9444682116229572	4	-1.8908055425666295	8.773613391265267	0.9326617535880358	1:387836,2:363148,5:250629,13:153772,17:125578,27:58552,34:32033,41:21798,46:13686,52:8387,55:7953,63:4872,65:4469,68:4195,70:3873,73:2532,76:1913,77:1579,82:1253,85:959,87:914,94:800,101:560,103:517,104:509,106:486,113:418,119:397,128:332,135:280,143:234,150:206,155:201,163:178,164:176,175:156,182:151,183:150,184:150,194:116,198:103,199:103	0	False	0
ecol-SAMN13756518	GP_unb_5	115:413	4	0.0	0.45410375945217163	1.8225479670990496	GP_unb_11	141:239	5	0.0	0.31815566965689346	1.954547289061806	4	-0.7993060886516861	7.025942961044591	0.9326617535880359	1:387836,2:363148,9:192416,15:135050,26:58819,34:32033,40:23248,41:21798,45:13811,52:8387,55:7953,65:4469,66:4392,68:4195,70:3873,73:2532,82:1253,85:959,87:914,94:800,95:797,101:560,103:517,108:455,113:418,119:397,134:302,142:234,143:234,150:206,163:178,164:176,175:156,182:151,183:150,193:125,199:103	0	False	0
ecol-SAMN13756518	GP_unb_5	115:413	4	0.0	0.45410375945217163	1.8225479670990496	GP_unb_12	149:208	4	0.0	0.4052366014401936	1.0270945835048604	4	-1.9106442761870106	8.157104300625052	0.9326617535880359	1:387836,2:363148,5:250629,8:196041,12:158672,13:153772,17:125578,27:58552,34:32033,41:21798,46:13686,52:8387,55:7953,63:4872,65:4469,68:4195,70:3873,73:2532,76:1913,77:1579,82:1253,85:959,87:914,94:800,101:560,103:517,104:509,106:486,113:418,119:397,128:332,135:280,143:234,148:216,150:206,155:201,163:178,164:176,167:164,168:162,175:156,182:151,183:150,184:150,194:116,198:103,199:103	0	False	0
ecol-SAMN13756518	GP_unb_5	115:413	4	0.0	0.45410375945217163	1.8225479670990496	GP_unb_13	151:204	5	0.0	0.49330675194506923	1.9096111779282734	0	0	0	0		1	False	0
ecol-SAMN13756518	GP_unb_5	115:413	4	0.0	0.45410375945217163	1.8225479670990496	GP_unb_14	157:197	5	0.0	0.4940832270913432	1.8555121468219695	4	-1.3206236792797401	7.101525851497555	0.9326617535880359	1:387836,2:363148,17:125578,26:58819,27:58552,34:32033,40:23248,41:21798,45:13811,46:13686,52:8387,55:7953,65:4469,68:4195,70:3873,72:2555,73:2532,82:1253,85:959,87:914,94:800,101:560,103:517,104:509,113:418,119:397,134:302,143:234,150:206,163:178,164:176,175:156,176:155,182:151,183:150,184:150,198:103,199:103	0	False	0
ecol-SAMN13756518	GP_unb_5	115:413	4	0.0	0.45410375945217163	1.8225479670990496	GP_unb_15	158:196	5	0.0	0.36689435325171793	1.7200836245933793	5	-1.8430144168239493	10.253431383742717	0.9326617535880359	5:250629,17:125578,27:58552,34:32033,41:21798,46:13686,47:13172,52:8387,55:7953,63:4872,65:4469,67:4268,68:4195,70:3873,73:2532,76:1913,77:1579,85:959,87:914,89:900,94:800,101:560,103:517,104:509,106:486,113:418,116:413,119:397,128:332,135:280,143:234,150:206,160:192,163:178,164:176,175:156,182:151,183:150,184:150,194:116,198:103,199:103	0	False	0
ecol-SAMN13756518	GP_unb_5	115:413	4	0.0	0.45410375945217163	1.8225479670990496	GP_unb_16	159:194	5	0.0	0.49194556271278855	2.1625379041653545	5	-1.923588371041144	9.48467846340411	0.9326617535880359	2:363148,5:250629,6:247478,17:125578,27:58552,34:32033,41:21798,46:13686,52:8387,55:7953,63:4872,65:4469,67:4268,68:4195,70:3873,73:2532,76:1913,77:1579,82:1253,85:959,87:914,94:800,100:564,101:560,103:517,104:509,106:486,113:418,119:397,128:332,135:280,143:234,150:206,163:178,164:176,175:156,182:151,183:150,184:150,194:116,198:103,199:103	0	False	0
ecol-SAMN13756518	GP_unb_5	115:413	4	0.0	0.45410375945217163	1.8225479670990496	GP_unb_17	165:166	5	0.0	0.48894406279259195	2.8036570961171603	5	-1.8430144168239493	10.447471945043862	0.9326617535880359	5:250629,17:125578,27:58552,34:32033,41:21798,46:13686,47:13172,52:8387,55:7953,63:4872,65:4469,67:4268,68:4195,70:3873,73:2532,76:1913,77:1579,85:959,87:914,89:900,94:800,101:560,103:517,104:509,106:486,113:418,116:413,119:397,128:332,135:280,138:251,143:234,150:206,160:192,163:178,164:176,175:156,182:151,183:150,184:150,194:116,198:103,199:103	0	False	0
ecol-SAMN13756518	GP_unb_5	115:413	4	0.0	0.45410375945217163	1.8225479670990496	GP_unb_18	171:159	4	0.0	0.26748355728139395	1.098075934790037	4	-1.9106442761870106	8.070080524278518	0.9326617535880359	1:387836,2:363148,5:250629,12:158672,13:153772,17:125578,27:58552,34:32033,41:21798,46:13686,52:8387,55:7953,63:4872,65:4469,68:4195,70:3873,73:2532,76:1913,77:1579,82:1253,85:959,87:914,94:800,101:560,103:517,104:509,106:486,113:418,119:397,128:332,135:280,143:234,150:206,155:201,163:178,164:176,167:164,168:162,175:156,182:151,183:150,184:150,194:116,198:103,199:103	0	False	0
ecol-SAMN13756518	GP_unb_5	115:413	4	0.0	0.45410375945217163	1.8225479670990496	GP_unb_19	177:155	5	0.0	0.3975229116656742	0.8097621219336976	5	-2.1219060697123804	9.248184703826848	0.8097621219385474	2:363148,5:250629,10:185483,17:125578,27:58552,34:32033,41:21798,46:13686,52:8387,55:7953,56:7419,63:4872,65:4469,67:4268,68:4195,70:3873,73:2532,76:1913,77:1579,82:1253,85:959,87:914,94:800,101:560,103:517,104:509,106:486,113:418,119:397,128:332,135:280,143:234,145:221,150:206,152:204,161:182,163:178,164:176,175:156,182:151,183:150,184:150,191:129,194:116,198:103,199:103	0	False	0
ecol-SAMN13756518	GP_unb_5	115:413	4	0.0	0.45410375945217163	1.8225479670990496	GP_unb_20	178:155	5	0.0	0.27946649605607865	0.9670021874772979	5	-2.1219060697123804	9.130128288217252	0.9326617535880359	2:363148,5:250629,10:185483,17:125578,27:58552,34:32033,41:21798,46:13686,52:8387,55:7953,56:7419,63:4872,65:4469,67:4268,68:4195,70:3873,73:2532,76:1913,77:1579,82:1253,85:959,87:914,94:800,101:560,103:517,104:509,106:486,113:418,119:397,128:332,135:280,143:234,145:221,150:206,152:204,161:182,163:178,164:176,175:156,182:151,183:150,184:150,191:129,194:116,198:103,199:103	0	False	0
ecol-SAMN13756518	GP_unb_5	115:413	4	0.0	0.45410375945217163	1.8225479670990496	GP_unb_21	179:153	5	0.0	0.49996237451977343	29.725206572656262	4	-0.3650645329587917	7.649646899006862	0.9326617535880359	1:387836,2:363148,26:58819,34:32033,41:21798,52:8387,55:7953,65:4469,67:4268,68:4195,70:3873,73:2532,82:1253,85:959,87:914,94:800,101:560,103:517,113:418,119:397,134:302,143:234,150:206,163:178,164:176,175:156,182:151,183:150,194:116,199:103	0	False	0
ecol-SAMN13756518	GP_unb_5	115:413	4	0.0	0.45410375945217163	1.8225479670990496	GP_unb_22	187:140	5	0.0	0.1330127348511132	5.3909342115530015	5	-1.8520484615976978	10.431454829474083	0.9326617535880359	5:250629,17:125578,27:58552,31:40662,34:32033,41:21798,46:13686,52:8387,55:7953,65:4469,67:4268,68:4195,70:3873,71:3699,73:2532,76:1913,77:1579,80:1359,83:1236,85:959,87:914,94:800,101:560,103:517,104:509,106:486,110:429,113:418,119:397,128:332,135:280,143:234,150:206,154:203,163:178,164:176,169:161,175:156,182:151,183:150,184:150,194:116,198:103,199:103	0	False	0
ecol-SAMN13756518	GP_unb_5	115:413	4	0.0	0.45410375945217163	1.8225479670990496	GP_unb_23	190:130	5	0.0	0.3916878231468769	1.9096111779282734	0	0	0	0		1	False	0
ecol-SAMN13756518	GP_unb_5	115:413	4	0.0	0.45410375945217163	1.8225479670990496	GP_unb_24	192:128	5	0.0	0.48633613378816076	1.9014007388453456	5	-2.038250360469898	6.141581429360406	0.9118363239667815	2:363148,5:250629,17:125578,20:94229,22:77268,27:58552,34:32033,41:21798,42:18784,46:13686,52:8387,55:7953,63:4872,65:4469,67:4268,68:4195,70:3873,73:2532,76:1913,77:1579,82:1253,85:959,87:914,90:869,94:800,96:709,101:560,103:517,104:509,106:486,113:418,117:398,119:397,126:352,128:332,135:280,143:234,150:206,163:178,164:176,175:156,180:151,182:151,183:150,184:150,194:116,198:103,199:103	0	False	0
ecol-SAMN13756518	GP_unb_5	115:413	4	0.0	0.45410375945217163	1.8225479670990496	GP_unb_25	195:116	5	0.0	0.10521891827594798	3.7800576331657076	5	-1.308594086859278	8.813600343864964	0.9326617535880359	26:58819,34:32033,41:21798,47:13172,52:8387,54:8205,63:4872,68:4195,70:3873,73:2532,76:1913,77:1579,85:959,89:900,94:800,101:560,103:517,106:486,113:418,116:413,119:397,128:332,134:302,135:280,136:278,138:251,150:206,160:192,163:178,164:176,166:166,175:156,182:151,183:150	0	False	0
ecol-SAMN13756518	GP_unb_5	115:413	4	0.0	0.45410375945217163	1.8225479670990496	GP_unb_26	201:100	5	0.0	0.4997153938556972	1.7723732110713795	5	-1.8942147090059835	8.128482288352943	0.9326617535880359	2:363148,5:250629,17:125578,27:58552,34:32033,41:21798,42:18784,46:13686,52:8387,55:7953,63:4872,65:4469,67:4268,68:4195,70:3873,73:2532,76:1913,77:1579,82:1253,85:959,87:914,90:869,94:800,101:560,103:517,104:509,106:486,113:418,119:397,128:332,129:330,135:280,143:234,150:206,163:178,164:176,172:159,175:156,182:151,183:150,184:150,189:131,194:116,198:103,199:103	0	False	0
ecol-SAMN13756518	GP_unb_6	120:396	4	0.0	0.47956464460555004	1.1068904189570603	GP_unb_7	123:380	5	0.0	0.4660017644886434	0.9446377209338617	5	-2.01721045750223	8.681356971805183	0.9326617535880359	1:387836,10:185483,31:40662,34:32033,41:21798,52:8387,55:7953,56:7419,65:4469,67:4268,68:4195,70:3873,71:3699,73:2532,80:1359,82:1253,83:1236,85:959,87:914,94:800,101:560,103:517,110:429,113:418,119:397,143:234,145:221,150:206,152:204,163:178,164:176,182:151,183:150,191:129,194:116,199:103	0	False	0
ecol-SAMN13756518	GP_unb_6	120:396	4	0.0	0.47956464460555004	1.1068904189570603	GP_unb_8	125:363	5	0.0	0.49879908728250755	5.287883313019122	5	-1.2774908477806013	10.392919624714946	0.9326617535880357	31:40662,47:13172,52:8387,54:8205,63:4872,65:4469,68:4195,70:3873,71:3699,73:2532,76:1913,77:1579,80:1359,83:1236,85:959,87:914,89:900,94:800,98:691,106:486,110:429,112:419,113:418,116:413,119:397,128:332,131:322,135:280,136:278,138:251,143:234,150:206,160:192,163:178,164:176,166:166,182:151,183:150,186:145,194:116	0	False	0
ecol-SAMN13756518	GP_unb_6	120:396	4	0.0	0.47956464460555004	1.1068904189570603	GP_unb_9	137:277	5	0.0	0.07002648678220447	0.9640290479765162	5	-1.9330141482589456	9.713371854121194	0.1413250246860116	31:40662,34:32033,41:21798,48:13081,52:8387,55:7953,65:4469,67:4268,68:4195,70:3873,71:3699,73:2532,80:1359,83:1236,85:959,87:914,92:817,94:800,101:560,103:517,110:429,111:429,113:418,119:397,143:234,150:206,163:178,164:176,182:151,183:150,184:150,194:116,198:103,199:103	0	False	0
ecol-SAMN13756518	GP_unb_6	120:396	4	0.0	0.47956464460555004	1.1068904189570603	GP_unb_10	139:250	5	0.0	0.48909568080443044	1.9444682116229572	5	-1.6393419476537534	8.758550086507837	0.9326617535880359	13:153772,31:40662,34:32033,41:21798,52:8387,55:7953,65:4469,68:4195,70:3873,71:3699,73:2532,80:1359,83:1236,85:959,87:914,94:800,101:560,103:517,110:429,113:418,119:397,143:234,150:206,155:201,163:178,164:176,182:151,183:150,194:116	0	False	0
ecol-SAMN13756518	GP_unb_6	120:396	4	0.0	0.47956464460555004	1.1068904189570603	GP_unb_11	141:239	5	0.0	0.31815566965689346	1.954547289061806	5	-1.8987640564245036	8.41113998801328	0.9326617535880359	9:192416,15:135050,31:40662,34:32033,41:21798,52:8387,55:7953,65:4469,66:4392,67:4268,68:4195,70:3873,71:3699,73:2532,80:1359,83:1236,85:959,87:914,94:800,95:797,101:560,103:517,108:455,110:429,113:418,119:397,142:234,143:234,150:206,163:178,164:176,182:151,183:150,193:125,194:116,199:103	0	False	0
ecol-SAMN13756518	GP_unb_6	120:396	4	0.0	0.47956464460555004	1.1068904189570603	GP_unb_12	149:208	4	0.0	0.4052366014401936	1.0270945835048604	4	-1.9672975942690645	8.14204099586762	0.932661753588036	8:196041,12:158672,13:153772,31:40662,34:32033,41:21798,52:8387,55:7953,65:4469,68:4195,70:3873,71:3699,73:2532,80:1359,83:1236,85:959,87:914,94:800,101:560,103:517,110:429,113:418,119:397,143:234,148:216,150:206,155:201,163:178,164:176,167:164,168:162,182:151,183:150,194:116	0	False	0
ecol-SAMN13756518	GP_unb_6	120:396	4	0.0	0.47956464460555004	1.1068904189570603	GP_unb_13	151:204	5	0.0	0.49330675194506923	1.9096111779282734	0	0	0	0		1	False	0
ecol-SAMN13756518	GP_unb_6	120:396	4	0.0	0.47956464460555004	1.1068904189570603	GP_unb_14	157:197	5	0.0	0.4940832270913432	1.8555121468219695	5	-1.894097976303378	8.486722878466242	0.9326617535880359	17:125578,27:58552,31:40662,34:32033,41:21798,46:13686,52:8387,55:7953,65:4469,67:4268,68:4195,70:3873,71:3699,72:2555,73:2532,80:1359,83:1236,85:959,87:914,94:800,101:560,103:517,104:509,110:429,113:418,119:397,143:234,150:206,163:178,164:176,176:155,182:151,183:150,184:150,194:116,198:103,199:103	0	False	0
ecol-SAMN13756518	GP_unb_6	120:396	4	0.0	0.47956464460555004	1.1068904189570603	GP_unb_15	158:196	5	0.0	0.36689435325171793	1.7200836245933793	5	-1.4183709384195913	9.162376624906592	0.9326617535880359	1:387836,2:363148,47:13172,52:8387,55:7953,63:4872,65:4469,67:4268,68:4195,70:3873,73:2532,76:1913,77:1579,82:1253,85:959,87:914,89:900,94:800,106:486,113:418,116:413,119:397,128:332,135:280,143:234,150:206,160:192,163:178,164:176,182:151,183:150,194:116,199:103	0	False	0
ecol-SAMN13756518	GP_unb_6	120:396	4	0.0	0.47956464460555004	1.1068904189570603	GP_unb_16	159:194	5	0.0	0.49194556271278855	2.1625379041653545	5	-1.818892758830993	9.347929407677418	0.9326617535880359	1:387836,6:247478,31:40662,34:32033,41:21798,52:8387,55:7953,65:4469,67:4268,68:4195,70:3873,71:3699,73:2532,80:1359,82:1253,83:1236,85:959,87:914,94:800,100:564,101:560,103:517,110:429,113:418,119:397,143:234,150:206,163:178,164:176,182:151,183:150,194:116,199:103	0	False	0
ecol-SAMN13756518	GP_unb_6	120:396	4	0.0	0.47956464460555004	1.1068904189570603	GP_unb_17	165:166	5	0.0	0.48894406279259195	2.8036570961171603	5	-1.4183709384195913	9.356417186207738	0.9326617535880359	1:387836,2:363148,47:13172,52:8387,55:7953,63:4872,65:4469,67:4268,68:4195,70:3873,73:2532,76:1913,77:1579,82:1253,85:959,87:914,89:900,94:800,106:486,113:418,116:413,119:397,128:332,135:280,138:251,143:234,150:206,160:192,163:178,164:176,182:151,183:150,194:116,199:103	0	False	0
ecol-SAMN13756518	GP_unb_6	120:396	4	0.0	0.47956464460555004	1.1068904189570603	GP_unb_18	171:159	4	0.0	0.26748355728139395	1.098075934790037	5	-1.7988933179640498	8.055017219521089	0.9326617535880359	12:158672,13:153772,31:40662,34:32033,41:21798,52:8387,55:7953,65:4469,68:4195,70:3873,71:3699,73:2532,80:1359,83:1236,85:959,87:914,94:800,101:560,103:517,110:429,113:418,119:397,143:234,150:206,155:201,163:178,164:176,167:164,168:162,182:151,183:150,194:116	0	False	0
ecol-SAMN13756518	GP_unb_6	120:396	4	0.0	0.47956464460555004	1.1068904189570603	GP_unb_19	177:155	5	0.0	0.3975229116656742	0.8097621219336976	5	-2.01721045750223	9.111435648100157	0.8097621219385474	1:387836,10:185483,31:40662,34:32033,41:21798,52:8387,55:7953,56:7419,65:4469,67:4268,68:4195,70:3873,71:3699,73:2532,80:1359,82:1253,83:1236,85:959,87:914,94:800,101:560,103:517,110:429,113:418,119:397,143:234,145:221,150:206,152:204,161:182,163:178,164:176,182:151,183:150,191:129,194:116,199:103	0	False	0
ecol-SAMN13756518	GP_unb_6	120:396	4	0.0	0.47956464460555004	1.1068904189570603	GP_unb_20	178:155	5	0.0	0.27946649605607865	0.9670021874772979	5	-2.01721045750223	8.993379232490561	0.9326617535880359	1:387836,10:185483,31:40662,34:32033,41:21798,52:8387,55:7953,56:7419,65:4469,67:4268,68:4195,70:3873,71:3699,73:2532,80:1359,82:1253,83:1236,85:959,87:914,94:800,101:560,103:517,110:429,113:418,119:397,143:234,145:221,150:206,152:204,161:182,163:178,164:176,182:151,183:150,191:129,194:116,199:103	0	False	0
ecol-SAMN13756518	GP_unb_6	120:396	4	0.0	0.47956464460555004	1.1068904189570603	GP_unb_21	179:153	5	0.0	0.49996237451977343	29.725206572656262	4	-0.27725048888968845	8.016673174268881	0.9326617535880359	1:387836,14:140425,34:32033,41:21798,52:8387,55:7953,65:4469,67:4268,68:4195,70:3873,73:2532,82:1253,85:959,87:914,94:800,101:560,103:517,113:418,119:397,143:234,150:206,163:178,164:176,182:151,183:150,194:116,199:103	0	False	0
ecol-SAMN13756518	GP_unb_6	120:396	4	0.0	0.47956464460555004	1.1068904189570603	GP_unb_22	187:140	5	0.0	0.1330127348511132	5.3909342115530015	5	-1.5447982955607278	9.545078240361795	0.9326617535880359	34:32033,41:21798,47:13172,52:8387,54:8205,55:7953,63:4872,65:4469,68:4195,70:3873,73:2532,76:1913,85:959,87:914,89:900,94:800,101:560,103:517,106:486,113:418,116:413,119:397,128:332,135:280,136:278,138:251,140:244,143:234,150:206,160:192,163:178,164:176,166:166,182:151,183:150,194:116	0	False	0
ecol-SAMN13756518	GP_unb_6	120:396	4	0.0	0.47956464460555004	1.1068904189570603	GP_unb_23	190:130	5	0.0	0.3916878231468769	1.9096111779282734	0	0	0	0		1	False	0
ecol-SAMN13756518	GP_unb_6	120:396	4	0.0	0.47956464460555004	1.1068904189570603	GP_unb_24	192:128	5	0.0	0.48633613378816076	1.9014007388453456	5	-1.9335547482597475	6.004832373633712	0.9118363239667815	1:387836,20:94229,22:77268,31:40662,34:32033,41:21798,42:18784,52:8387,55:7953,65:4469,67:4268,68:4195,70:3873,71:3699,73:2532,80:1359,82:1253,83:1236,85:959,87:914,90:869,94:800,96:709,101:560,103:517,110:429,113:418,117:398,119:397,126:352,143:234,150:206,163:178,164:176,180:151,182:151,183:150,194:116,199:103	0	False	0
ecol-SAMN13756518	GP_unb_6	120:396	4	0.0	0.47956464460555004	1.1068904189570603	GP_unb_25	195:116	5	0.0	0.10521891827594798	3.7800576331657076	4	-0.27536075732097	8.357160354211361	0.9326617535880359	1:387836,2:363148,34:32033,41:21798,52:8387,55:7953,58:6426,65:4469,67:4268,68:4195,70:3873,73:2532,82:1253,85:959,87:914,94:800,101:560,103:517,113:418,119:397,143:234,150:206,163:178,164:176,182:151,183:150,199:103	0	False	0
ecol-SAMN13756518	GP_unb_6	120:396	4	0.0	0.47956464460555004	1.1068904189570603	GP_unb_26	201:100	5	0.0	0.4997153938556972	1.7723732110713795	5	-1.7895190967958325	7.991733232626252	0.9326617535880359	1:387836,31:40662,34:32033,41:21798,42:18784,52:8387,55:7953,65:4469,67:4268,68:4195,70:3873,71:3699,73:2532,80:1359,82:1253,83:1236,85:959,87:914,90:869,94:800,101:560,103:517,110:429,113:418,119:397,129:330,143:234,150:206,163:178,164:176,172:159,182:151,183:150,189:131,194:116,199:103	0	False	0
ecol-SAMN13756518	GP_unb_7	123:380	5	0.0	0.4660017644886434	0.9446377209338617	GP_unb_8	125:363	5	0.0	0.49879908728250755	5.287883313019122	5	-1.9654380362024046	10.452500239220399	0.9326617535880359	2:363148,10:185483,34:32033,40:23248,41:21798,52:8387,56:7419,58:6426,63:4872,65:4469,68:4195,70:3873,73:2532,76:1913,77:1579,82:1253,85:959,87:914,94:800,98:691,101:560,103:517,106:486,112:419,113:418,119:397,128:332,131:322,135:280,143:234,145:221,150:206,152:204,163:178,164:176,182:151,183:150,186:145,191:129	0	False	0
ecol-SAMN13756518	GP_unb_7	123:380	5	0.0	0.4660017644886434	0.9446377209338617	GP_unb_9	137:277	5	0.0	0.07002648678220447	0.9640290479765162	5	-2.0355552377696484	9.884072120161527	0.1413250246860116	2:363148,10:185483,34:32033,41:21798,48:13081,52:8387,55:7953,56:7419,63:4872,65:4469,67:4268,68:4195,70:3873,73:2532,76:1913,77:1579,82:1253,85:959,87:914,92:817,94:800,101:560,103:517,106:486,111:429,113:418,119:397,128:332,135:280,143:234,145:221,150:206,152:204,163:178,164:176,182:151,183:150,184:150,191:129,194:116,198:103,199:103	0	False	0
ecol-SAMN13756518	GP_unb_7	123:380	5	0.0	0.4660017644886434	0.9446377209338617	GP_unb_10	139:250	5	0.0	0.48909568080443044	1.9444682116229572	5	-1.7418830371644562	8.929250352548168	0.9326617535880359	2:363148,10:185483,13:153772,34:32033,41:21798,52:8387,55:7953,56:7419,63:4872,65:4469,68:4195,70:3873,73:2532,76:1913,77:1579,82:1253,85:959,87:914,94:800,101:560,103:517,106:486,113:418,119:397,128:332,135:280,143:234,145:221,150:206,152:204,155:201,163:178,164:176,182:151,183:150,191:129,194:116	0	False	0
ecol-SAMN13756518	GP_unb_7	123:380	5	0.0	0.4660017644886434	0.9446377209338617	GP_unb_11	141:239	5	0.0	0.31815566965689346	1.954547289061806	5	-2.0013051459352065	8.581840254053608	0.9326617535880359	2:363148,9:192416,10:185483,15:135050,34:32033,41:21798,52:8387,55:7953,56:7419,63:4872,65:4469,66:4392,67:4268,68:4195,70:3873,73:2532,76:1913,77:1579,82:1253,85:959,87:914,94:800,95:797,101:560,103:517,106:486,108:455,113:418,119:397,128:332,135:280,142:234,143:234,145:221,150:206,152:204,163:178,164:176,182:151,183:150,191:129,193:125,194:116,199:103	0	False	0
ecol-SAMN13756518	GP_unb_7	123:380	5	0.0	0.4660017644886434	0.9446377209338617	GP_unb_12	149:208	4	0.0	0.4052366014401936	1.0270945835048604	5	-2.0914581066943603	8.312741261907952	0.9326617535880359	2:363148,8:196041,10:185483,12:158672,13:153772,34:32033,41:21798,52:8387,55:7953,56:7419,63:4872,65:4469,68:4195,70:3873,73:2532,76:1913,77:1579,82:1253,85:959,87:914,94:800,101:560,103:517,106:486,113:418,119:397,128:332,135:280,143:234,145:221,148:216,150:206,152:204,155:201,163:178,164:176,167:164,168:162,182:151,183:150,191:129,194:116	0	False	0
ecol-SAMN13756518	GP_unb_7	123:380	5	0.0	0.4660017644886434	0.9446377209338617	GP_unb_13	151:204	5	0.0	0.49330675194506923	1.9096111779282734	0	0	0	0		1	False	0
ecol-SAMN13756518	GP_unb_7	123:380	5	0.0	0.4660017644886434	0.9446377209338617	GP_unb_14	157:197	5	0.0	0.4940832270913432	1.8555121468219695	5	-1.996639065814081	8.657423144506572	0.9326617535880359	2:363148,10:185483,17:125578,27:58552,34:32033,41:21798,46:13686,52:8387,55:7953,56:7419,63:4872,65:4469,67:4268,68:4195,70:3873,72:2555,73:2532,76:1913,77:1579,82:1253,85:959,87:914,94:800,101:560,103:517,104:509,106:486,113:418,119:397,128:332,135:280,143:234,145:221,150:206,152:204,163:178,164:176,176:155,182:151,183:150,184:150,191:129,194:116,198:103,199:103	0	False	0
ecol-SAMN13756518	GP_unb_7	123:380	5	0.0	0.4660017644886434	0.9446377209338617	GP_unb_15	158:196	5	0.0	0.36689435325171793	1.7200836245933793	5	-1.8408598941245016	10.287382594056357	0.9326617535880359	1:387836,10:185483,34:32033,41:21798,47:13172,52:8387,55:7953,56:7419,63:4872,65:4469,67:4268,68:4195,70:3873,73:2532,76:1913,77:1579,82:1253,85:959,87:914,89:900,94:800,101:560,103:517,106:486,113:418,116:413,119:397,128:332,135:280,143:234,145:221,150:206,152:204,160:192,163:178,164:176,182:151,183:150,191:129,194:116,199:103	0	False	0
ecol-SAMN13756518	GP_unb_7	123:380	5	0.0	0.4660017644886434	0.9446377209338617	GP_unb_16	159:194	5	0.0	0.49194556271278855	2.1625379041653545	5	-1.7712568182303414	9.104533072484838	0.9326617535880359	2:363148,6:247478,10:185483,15:135050,19:94519,34:32033,41:21798,52:8387,55:7953,63:4872,65:4469,67:4268,68:4195,70:3873,73:2532,76:1913,77:1579,82:1253,85:959,87:914,94:800,100:564,101:560,103:517,106:486,113:418,119:397,128:332,135:280,143:234,150:206,152:204,163:178,164:176,182:151,183:150,191:129,193:125,194:116,199:103	0	False	0
ecol-SAMN13756518	GP_unb_7	123:380	5	0.0	0.4660017644886434	0.9446377209338617	GP_unb_17	165:166	5	0.0	0.48894406279259195	2.8036570961171603	5	-1.8408598941245016	10.481423155357502	0.9326617535880359	1:387836,10:185483,34:32033,41:21798,47:13172,52:8387,55:7953,56:7419,63:4872,65:4469,67:4268,68:4195,70:3873,73:2532,76:1913,77:1579,82:1253,85:959,87:914,89:900,94:800,101:560,103:517,106:486,113:418,116:413,119:397,128:332,135:280,138:251,143:234,145:221,150:206,152:204,160:192,163:178,164:176,182:151,183:150,191:129,194:116,199:103	0	False	0
ecol-SAMN13756518	GP_unb_7	123:380	5	0.0	0.4660017644886434	0.9446377209338617	GP_unb_18	171:159	4	0.0	0.26748355728139395	1.098075934790037	5	-1.9014344074747527	8.225717485561418	0.9326617535880359	2:363148,10:185483,12:158672,13:153772,34:32033,41:21798,52:8387,55:7953,56:7419,63:4872,65:4469,68:4195,70:3873,73:2532,76:1913,77:1579,82:1253,85:959,87:914,94:800,101:560,103:517,106:486,113:418,119:397,128:332,135:280,143:234,145:221,150:206,152:204,155:201,163:178,164:176,167:164,168:162,182:151,183:150,191:129,194:116	0	False	0
ecol-SAMN13756518	GP_unb_7	123:380	5	0.0	0.4660017644886434	0.9446377209338617	GP_unb_19	177:155	5	0.0	0.3975229116656742	0.8097621219336976	5	-1.7418831561951809	7.426780226049486	0.8097621219385474	2:363148,10:185483,15:135050,19:94519,34:32033,41:21798,42:18784,52:8387,55:7953,63:4872,65:4469,67:4268,68:4195,70:3873,73:2532,76:1913,77:1579,82:1253,85:959,86:948,87:914,90:869,94:800,101:560,103:517,106:486,113:418,119:397,128:332,129:330,135:280,143:234,150:206,152:204,161:182,163:178,164:176,172:159,182:151,183:150,188:138,189:131,191:129,193:125,194:116,199:103,200:100	0	False	0
ecol-SAMN13756518	GP_unb_7	123:380	5	0.0	0.4660017644886434	0.9446377209338617	GP_unb_20	178:155	5	0.0	0.27946649605607865	0.9670021874772979	5	-1.7418831561951809	7.30872381043989	0.8981006885314855	2:363148,10:185483,15:135050,19:94519,34:32033,41:21798,42:18784,52:8387,55:7953,63:4872,65:4469,67:4268,68:4195,70:3873,73:2532,76:1913,77:1579,82:1253,85:959,86:948,87:914,90:869,94:800,101:560,103:517,106:486,113:418,119:397,128:332,129:330,135:280,143:234,150:206,152:204,161:182,163:178,164:176,172:159,182:151,183:150,188:138,189:131,191:129,193:125,194:116,199:103,200:100	0	False	0
ecol-SAMN13756518	GP_unb_7	123:380	5	0.0	0.4660017644886434	0.9446377209338617	GP_unb_21	179:153	5	0.0	0.49996237451977343	29.725206572656262	4	-0.9051892442829752	7.805273583699529	0.9326617535888919	2:363148,10:185483,34:32033,40:23248,41:21798,45:13811,52:8387,55:7953,56:7419,65:4469,68:4195,70:3873,73:2532,82:1253,85:959,87:914,94:800,101:560,103:517,113:418,119:397,143:234,145:221,150:206,152:204,163:178,164:176,182:151,183:150,191:129	0	False	0
ecol-SAMN13756518	GP_unb_7	123:380	5	0.0	0.4660017644886434	0.9446377209338617	GP_unb_22	187:140	5	0.0	0.1330127348511132	5.3909342115530015	5	-1.84989393889825	10.46540603978772	0.9326617535880359	1:387836,10:185483,31:40662,34:32033,41:21798,52:8387,55:7953,56:7419,65:4469,67:4268,68:4195,70:3873,71:3699,73:2532,76:1913,77:1579,80:1359,82:1253,83:1236,85:959,87:914,94:800,101:560,103:517,106:486,110:429,113:418,119:397,128:332,135:280,143:234,145:221,150:206,152:204,154:203,163:178,164:176,169:161,182:151,183:150,191:129,194:116,199:103	0	False	0
ecol-SAMN13756518	GP_unb_7	123:380	5	0.0	0.4660017644886434	0.9446377209338617	GP_unb_23	190:130	5	0.0	0.3916878231468769	1.9096111779282734	0	0	0	0		1	False	0
ecol-SAMN13756518	GP_unb_7	123:380	5	0.0	0.4660017644886434	0.9446377209338617	GP_unb_24	192:128	5	0.0	0.48633613378816076	1.9014007388453456	5	-1.8859188076590958	5.761436038441134	0.9118363239667815	2:363148,10:185483,15:135050,19:94519,20:94229,22:77268,34:32033,41:21798,42:18784,52:8387,55:7953,63:4872,65:4469,67:4268,68:4195,70:3873,73:2532,76:1913,77:1579,82:1253,85:959,87:914,90:869,94:800,96:709,101:560,103:517,106:486,113:418,117:398,119:397,126:352,128:332,135:280,143:234,150:206,152:204,163:178,164:176,180:151,182:151,183:150,191:129,193:125,194:116,199:103	0	False	0
ecol-SAMN13756518	GP_unb_7	123:380	5	0.0	0.4660017644886434	0.9446377209338617	GP_unb_25	195:116	5	0.0	0.10521891827594798	3.7800576331657076	5	-1.7764291969640544	9.394154181432295	0.9326617535880359	2:363148,10:185483,34:32033,40:23248,41:21798,52:8387,55:7953,56:7419,63:4872,65:4469,68:4195,70:3873,73:2532,76:1913,77:1579,82:1253,85:959,87:914,94:800,101:560,103:517,106:486,113:418,119:397,128:332,135:280,143:234,145:221,150:206,152:204,163:178,164:176,182:151,183:150,191:129	0	False	0
ecol-SAMN13756518	GP_unb_7	123:380	5	0.0	0.4660017644886434	0.9446377209338617	GP_unb_26	201:100	5	0.0	0.4997153938556972	1.7723732110713795	5	-1.7418831561951809	7.7483368974336715	0.9326617535880359	2:363148,10:185483,15:135050,19:94519,34:32033,41:21798,42:18784,52:8387,55:7953,63:4872,65:4469,67:4268,68:4195,70:3873,73:2532,76:1913,77:1579,82:1253,85:959,87:914,90:869,94:800,101:560,103:517,106:486,113:418,119:397,128:332,129:330,135:280,143:234,150:206,152:204,163:178,164:176,172:159,182:151,183:150,189:131,191:129,193:125,194:116,199:103	0	False	0
ecol-SAMN13756518	GP_unb_8	125:363	5	0.0	0.49879908728250755	5.287883313019122	GP_unb_9	137:277	5	0.0	0.07002648678220447	0.9640290479765162	4	-1.6351231054031385	11.362829370567146	0.1413250246860116	1:387836,2:363148,34:32033,40:23248,41:21798,48:13081,52:8387,58:6426,63:4872,65:4469,68:4195,70:3873,73:2532,76:1913,77:1579,82:1253,85:959,87:914,92:817,94:800,98:691,101:560,103:517,106:486,111:429,112:419,113:418,119:397,128:332,131:322,135:280,143:234,150:206,163:178,164:176,182:151,183:150,184:150,186:145,198:103,199:103	0	False	0
ecol-SAMN13756518	GP_unb_8	125:363	5	0.0	0.49879908728250755	5.287883313019122	GP_unb_10	139:250	5	0.0	0.48909568080443044	1.9444682116229572	5	-1.4629913842760252	10.269558602208463	0.9686084899953504	13:153772,34:32033,41:21798,47:13172,52:8387,54:8205,55:7953,63:4872,65:4469,68:4195,73:2532,76:1913,77:1579,85:959,87:914,89:900,94:800,101:560,103:517,106:486,113:418,116:413,119:397,128:332,135:280,136:278,138:251,143:234,150:206,155:201,160:192,163:178,164:176,166:166,182:151,183:150,194:116	0	False	0
ecol-SAMN13756518	GP_unb_8	125:363	5	0.0	0.49879908728250755	5.287883313019122	GP_unb_11	141:239	5	0.0	0.31815566965689346	1.954547289061806	5	-1.7224134930467754	9.922148503713904	0.9686084899949492	9:192416,15:135050,34:32033,41:21798,47:13172,52:8387,54:8205,55:7953,63:4872,65:4469,66:4392,67:4268,68:4195,73:2532,76:1913,77:1579,85:959,87:914,89:900,94:800,95:797,101:560,103:517,106:486,108:455,113:418,116:413,119:397,128:332,135:280,136:278,138:251,142:234,143:234,150:206,160:192,163:178,164:176,166:166,182:151,183:150,193:125,194:116,199:103	0	False	0
ecol-SAMN13756518	GP_unb_8	125:363	5	0.0	0.49879908728250755	5.287883313019122	GP_unb_12	149:208	4	0.0	0.4052366014401936	1.0270945835048604	4	-1.508933197544948	9.397991062047376	0.9895254008351912	1:387836,2:363148,8:196041,12:158672,13:153772,34:32033,41:21798,52:8387,55:7953,63:4872,65:4469,67:4268,68:4195,73:2532,76:1913,77:1579,82:1253,85:959,87:914,94:800,101:560,103:517,106:486,113:418,119:397,128:332,135:280,143:234,148:216,150:206,155:201,163:178,164:176,167:164,168:162,182:151,183:150,194:116,199:103	0	False	0
ecol-SAMN13756518	GP_unb_8	125:363	5	0.0	0.49879908728250755	5.287883313019122	GP_unb_13	151:204	5	0.0	0.49330675194506923	1.9096111779282734	0	0	0	0		1	False	0
ecol-SAMN13756518	GP_unb_8	125:363	5	0.0	0.49879908728250755	5.287883313019122	GP_unb_14	157:197	5	0.0	0.4940832270913432	1.8555121468219695	5	-1.6140950166544699	9.978596211086135	0.9326617535880359	5:250629,26:58819,34:32033,41:21798,46:13686,47:13172,52:8387,54:8205,63:4872,65:4469,68:4195,70:3873,72:2555,73:2532,76:1913,77:1579,85:959,87:914,89:900,94:800,98:691,101:560,103:517,106:486,112:419,113:418,116:413,119:397,128:332,131:322,134:302,135:280,136:278,138:251,143:234,150:206,160:192,163:178,164:176,166:166,175:156,176:155,182:151,183:150,186:145,194:116	0	False	0
ecol-SAMN13756518	GP_unb_8	125:363	5	0.0	0.49879908728250755	5.287883313019122	GP_unb_15	158:196	5	0.0	0.36689435325171793	1.7200836245933793	5	-1.6865463833139736	11.887825595431238	0.9326617535880359	34:32033,40:23248,41:21798,47:13172,52:8387,58:6426,63:4872,65:4469,68:4195,70:3873,73:2532,76:1913,77:1579,85:959,87:914,89:900,94:800,98:691,101:560,103:517,106:486,112:419,113:418,116:413,119:397,128:332,131:322,135:280,143:234,150:206,160:192,163:178,164:176,182:151,183:150,186:145	0	False	0
ecol-SAMN13756518	GP_unb_8	125:363	5	0.0	0.49879908728250755	5.287883313019122	GP_unb_16	159:194	5	0.0	0.49194556271278855	2.1625379041653545	5	-1.7671203375311684	11.119072675092637	0.9326617535880359	2:363148,6:247478,34:32033,40:23248,41:21798,52:8387,58:6426,63:4872,65:4469,68:4195,70:3873,73:2532,76:1913,77:1579,82:1253,85:959,87:914,94:800,98:691,100:564,101:560,103:517,106:486,112:419,113:418,119:397,128:332,131:322,135:280,143:234,150:206,163:178,164:176,182:151,183:150,186:145	0	False	0
ecol-SAMN13756518	GP_unb_8	125:363	5	0.0	0.49879908728250755	5.287883313019122	GP_unb_17	165:166	5	0.0	0.48894406279259195	2.8036570961171603	5	-1.6865463833139736	12.081866156732383	0.9326617535880359	34:32033,40:23248,41:21798,47:13172,52:8387,58:6426,63:4872,65:4469,68:4195,70:3873,73:2532,76:1913,77:1579,85:959,87:914,89:900,94:800,98:691,101:560,103:517,106:486,112:419,113:418,116:413,119:397,128:332,131:322,135:280,138:251,143:234,150:206,160:192,163:178,164:176,182:151,183:150,186:145	0	False	0
ecol-SAMN13756518	GP_unb_8	125:363	5	0.0	0.49879908728250755	5.287883313019122	GP_unb_18	171:159	4	0.0	0.26748355728139395	1.098075934790037	5	-1.6225427545863211	9.566025735221716	0.9686084899949492	12:158672,13:153772,34:32033,41:21798,47:13172,52:8387,54:8205,55:7953,63:4872,65:4469,68:4195,73:2532,76:1913,77:1579,85:959,87:914,89:900,94:800,101:560,103:517,106:486,113:418,116:413,119:397,128:332,135:280,136:278,138:251,143:234,150:206,155:201,160:192,163:178,164:176,166:166,167:164,168:162,182:151,183:150,194:116	0	False	0
ecol-SAMN13756518	GP_unb_8	125:363	5	0.0	0.49879908728250755	5.287883313019122	GP_unb_19	177:155	5	0.0	0.3975229116656742	0.8097621219336976	5	-1.9654380362024046	10.882578915515372	0.8097621219385474	2:363148,10:185483,34:32033,40:23248,41:21798,52:8387,56:7419,58:6426,63:4872,65:4469,68:4195,70:3873,73:2532,76:1913,77:1579,82:1253,85:959,87:914,94:800,98:691,101:560,103:517,106:486,112:419,113:418,119:397,128:332,131:322,135:280,143:234,145:221,150:206,152:204,161:182,163:178,164:176,182:151,183:150,186:145,191:129	0	False	0
ecol-SAMN13756518	GP_unb_8	125:363	5	0.0	0.49879908728250755	5.287883313019122	GP_unb_20	178:155	5	0.0	0.27946649605607865	0.9670021874772979	5	-1.9654380362024046	10.764522499905777	0.932661753588745	2:363148,10:185483,34:32033,40:23248,41:21798,52:8387,56:7419,58:6426,63:4872,65:4469,68:4195,70:3873,73:2532,76:1913,77:1579,82:1253,85:959,87:914,94:800,98:691,101:560,103:517,106:486,112:419,113:418,119:397,128:332,131:322,135:280,143:234,145:221,150:206,152:204,161:182,163:178,164:176,182:151,183:150,186:145,191:129	0	False	0
ecol-SAMN13756518	GP_unb_8	125:363	5	0.0	0.49879908728250755	5.287883313019122	GP_unb_21	179:153	5	0.0	0.49996237451977343	29.725206572656262	5	-1.4805988332474882	10.853245679045935	0.9326617535880356	34:32033,41:21798,47:13172,52:8387,54:8205,63:4872,65:4469,68:4195,70:3873,73:2532,76:1913,77:1579,85:959,87:914,89:900,94:800,98:691,101:560,103:517,106:486,112:419,113:418,116:413,119:397,128:332,131:322,135:280,136:278,138:251,143:234,150:206,160:192,163:178,164:176,166:166,182:151,183:150,186:145,194:116	0	False	0
ecol-SAMN13756518	GP_unb_8	125:363	5	0.0	0.49879908728250755	5.287883313019122	GP_unb_22	187:140	5	0.0	0.1330127348511132	5.3909342115530015	5	-1.695580428087722	12.065849041162604	0.9326617535880358	31:40662,34:32033,40:23248,41:21798,52:8387,58:6426,65:4469,68:4195,70:3873,71:3699,73:2532,76:1913,77:1579,80:1359,83:1236,85:959,87:914,94:800,98:691,101:560,103:517,106:486,110:429,112:419,113:418,119:397,128:332,131:322,135:280,143:234,150:206,154:203,163:178,164:176,169:161,182:151,183:150,186:145	0	False	0
ecol-SAMN13756518	GP_unb_8	125:363	5	0.0	0.49879908728250755	5.287883313019122	GP_unb_23	190:130	5	0.0	0.3916878231468769	1.9096111779282734	0	0	0	0		1	False	0
ecol-SAMN13756518	GP_unb_8	125:363	5	0.0	0.49879908728250755	5.287883313019122	GP_unb_24	192:128	5	0.0	0.48633613378816076	1.9014007388453456	5	-1.8817823269599223	7.775975641048924	0.9118363239667815	2:363148,20:94229,22:77268,34:32033,40:23248,41:21798,42:18784,52:8387,58:6426,63:4872,65:4469,68:4195,70:3873,73:2532,76:1913,77:1579,82:1253,85:959,87:914,90:869,94:800,96:709,98:691,101:560,103:517,106:486,112:419,113:418,117:398,119:397,126:352,128:332,131:322,135:280,143:234,150:206,163:178,164:176,180:151,182:151,183:150,186:145	0	False	0
ecol-SAMN13756518	GP_unb_8	125:363	5	0.0	0.49879908728250755	5.287883313019122	GP_unb_25	195:116	5	0.0	0.10521891827594798	3.7800576331657076	5	-1.6190884486909536	11.190312690516992	0.9326617535880359	34:32033,41:21798,47:13172,50:10191,52:8387,54:8205,63:4872,65:4469,68:4195,70:3873,73:2532,76:1913,77:1579,85:959,87:914,89:900,94:800,98:691,101:560,103:517,106:486,112:419,113:418,116:413,119:397,128:332,131:322,135:280,136:278,138:251,143:234,150:206,160:192,163:178,164:176,166:166,182:151,183:150,186:145	0	False	0
ecol-SAMN13756518	GP_unb_8	125:363	5	0.0	0.49879908728250755	5.287883313019122	GP_unb_26	201:100	5	0.0	0.4997153938556972	1.7723732110713795	5	-1.7377466754960074	9.762876500041465	0.9326617535880359	2:363148,34:32033,40:23248,41:21798,42:18784,52:8387,58:6426,63:4872,65:4469,68:4195,70:3873,73:2532,76:1913,77:1579,82:1253,85:959,87:914,90:869,94:800,98:691,101:560,103:517,106:486,112:419,113:418,119:397,128:332,129:330,131:322,135:280,143:234,150:206,163:178,164:176,172:159,182:151,183:150,186:145,189:131	0	False	0
ecol-SAMN13756518	GP_unb_9	137:277	5	0.0	0.07002648678220447	0.9640290479765162	GP_unb_10	139:250	5	0.0	0.48909568080443044	1.9444682116229572	4	-1.5847009322870775	9.839579483894918	0.1413250246860116	1:387836,2:363148,13:153772,34:32033,41:21798,48:13081,52:8387,55:7953,63:4872,65:4469,68:4195,70:3873,73:2532,76:1913,77:1579,82:1253,85:959,87:914,92:817,94:800,101:560,103:517,106:486,111:429,113:418,119:397,128:332,135:280,143:234,150:206,155:201,163:178,164:176,182:151,183:150,184:150,194:116,198:103,199:103	0	False	0
ecol-SAMN13756518	GP_unb_9	137:277	5	0.0	0.07002648678220447	0.9640290479765162	GP_unb_11	141:239	5	0.0	0.31815566965689346	1.954547289061806	4	-2.0228573029471777	9.266462306048895	0.1413250246860116	2:363148,9:192416,19:94519,34:32033,41:21798,48:13081,52:8387,55:7953,56:7419,63:4872,65:4469,66:4392,67:4268,68:4195,70:3873,73:2532,76:1913,77:1579,82:1253,85:959,87:914,92:817,94:800,95:797,101:560,103:517,106:486,108:455,111:429,113:418,119:397,128:332,135:280,142:234,143:234,145:221,150:206,163:178,164:176,182:151,183:150,184:150,191:129,193:125,194:116,198:103,199:103	0	False	0
ecol-SAMN13756518	GP_unb_9	137:277	5	0.0	0.07002648678220447	0.9640290479765162	GP_unb_12	149:208	4	0.0	0.4052366014401936	1.0270945835048604	4	-1.6045396659074587	9.223070393254702	0.1413250246860116	1:387836,2:363148,8:196041,12:158672,13:153772,34:32033,41:21798,48:13081,52:8387,55:7953,63:4872,65:4469,68:4195,70:3873,73:2532,76:1913,77:1579,82:1253,85:959,87:914,92:817,94:800,101:560,103:517,106:486,111:429,113:418,119:397,128:332,135:280,143:234,148:216,150:206,155:201,163:178,164:176,167:164,168:162,182:151,183:150,184:150,194:116,198:103,199:103	0	False	0
ecol-SAMN13756518	GP_unb_9	137:277	5	0.0	0.07002648678220447	0.9640290479765162	GP_unb_13	151:204	5	0.0	0.49330675194506923	1.9096111779282734	0	0	0	0		1	False	0
ecol-SAMN13756518	GP_unb_9	137:277	5	0.0	0.07002648678220447	0.9640290479765162	GP_unb_14	157:197	5	0.0	0.4940832270913432	1.8555121468219695	4	-1.1235264750318559	7.840953247086479	0.1413250246860116	1:387836,2:363148,5:250629,26:58819,34:32033,40:23248,41:21798,45:13811,46:13686,48:13081,52:8387,55:7953,65:4469,68:4195,70:3873,72:2555,73:2532,82:1253,85:959,87:914,92:817,94:800,101:560,103:517,111:429,113:418,119:397,134:302,143:234,150:206,163:178,164:176,175:156,176:155,182:151,183:150,184:150,198:103,199:103	0	False	0
ecol-SAMN13756518	GP_unb_9	137:277	5	0.0	0.07002648678220447	0.9640290479765162	GP_unb_15	158:196	5	0.0	0.36689435325171793	1.7200836245933793	5	-1.7566635848812173	11.319397476372368	0.1413250246860116	34:32033,41:21798,47:13172,48:13081,52:8387,55:7953,63:4872,65:4469,67:4268,68:4195,70:3873,73:2532,76:1913,77:1579,85:959,87:914,89:900,92:817,94:800,101:560,103:517,106:486,111:429,113:418,116:413,119:397,128:332,135:280,143:234,150:206,160:192,163:178,164:176,182:151,183:150,184:150,194:116,198:103,199:103	0	False	0
ecol-SAMN13756518	GP_unb_9	137:277	5	0.0	0.07002648678220447	0.9640290479765162	GP_unb_16	159:194	5	0.0	0.49194556271278855	2.1625379041653545	4	-1.8264509192226883	10.550644556033763	0.1413250246860116	2:363148,6:247478,34:32033,41:21798,48:13081,52:8387,55:7953,63:4872,65:4469,67:4268,68:4195,70:3873,73:2532,76:1913,77:1579,82:1253,85:959,87:914,92:817,94:800,100:564,101:560,103:517,106:486,111:429,113:418,119:397,128:332,135:280,143:234,150:206,163:178,164:176,182:151,183:150,184:150,194:116,198:103,199:103	0	False	0
ecol-SAMN13756518	GP_unb_9	137:277	5	0.0	0.07002648678220447	0.9640290479765162	GP_unb_17	165:166	5	0.0	0.48894406279259195	2.8036570961171603	5	-1.7566635848812173	11.513438037673513	0.1413250246860116	34:32033,41:21798,47:13172,48:13081,52:8387,55:7953,63:4872,65:4469,67:4268,68:4195,70:3873,73:2532,76:1913,77:1579,85:959,87:914,89:900,92:817,94:800,101:560,103:517,106:486,111:429,113:418,116:413,119:397,128:332,135:280,138:251,143:234,150:206,160:192,163:178,164:176,182:151,183:150,184:150,194:116,198:103,199:103	0	False	0
ecol-SAMN13756518	GP_unb_9	137:277	5	0.0	0.07002648678220447	0.9640290479765162	GP_unb_18	171:159	4	0.0	0.26748355728139395	1.098075934790037	4	-1.6045396659074587	9.136046616908168	0.1413250246860116	1:387836,2:363148,12:158672,13:153772,34:32033,41:21798,48:13081,52:8387,55:7953,63:4872,65:4469,68:4195,70:3873,73:2532,76:1913,77:1579,82:1253,85:959,87:914,92:817,94:800,101:560,103:517,106:486,111:429,113:418,119:397,128:332,135:280,143:234,150:206,155:201,163:178,164:176,167:164,168:162,182:151,183:150,184:150,194:116,198:103,199:103	0	False	0
ecol-SAMN13756518	GP_unb_9	137:277	5	0.0	0.07002648678220447	0.9640290479765162	GP_unb_19	177:155	5	0.0	0.3975229116656742	0.8097621219336976	5	-2.0355552377696484	10.314150796456499	0.1413250246860116	2:363148,10:185483,34:32033,41:21798,48:13081,52:8387,55:7953,56:7419,63:4872,65:4469,67:4268,68:4195,70:3873,73:2532,76:1913,77:1579,82:1253,85:959,87:914,92:817,94:800,101:560,103:517,106:486,111:429,113:418,119:397,128:332,135:280,143:234,145:221,150:206,152:204,161:182,163:178,164:176,182:151,183:150,184:150,191:129,194:116,198:103,199:103	0	False	0
ecol-SAMN13756518	GP_unb_9	137:277	5	0.0	0.07002648678220447	0.9640290479765162	GP_unb_20	178:155	5	0.0	0.27946649605607865	0.9670021874772979	5	-2.0355552377696484	10.196094380846903	0.1413250246860116	2:363148,10:185483,34:32033,41:21798,48:13081,52:8387,55:7953,56:7419,63:4872,65:4469,67:4268,68:4195,70:3873,73:2532,76:1913,77:1579,82:1253,85:959,87:914,92:817,94:800,101:560,103:517,106:486,111:429,113:418,119:397,128:332,135:280,143:234,145:221,150:206,152:204,161:182,163:178,164:176,182:151,183:150,184:150,191:129,194:116,198:103,199:103	0	False	0
ecol-SAMN13756518	GP_unb_9	137:277	5	0.0	0.07002648678220447	0.9640290479765162	GP_unb_21	179:153	5	0.0	0.49996237451977343	29.725206572656262	4	-0.33416069153103795	8.715602715046277	0.1413250246860116	1:387836,2:363148,34:32033,40:23248,41:21798,45:13811,48:13081,52:8387,55:7953,65:4469,68:4195,70:3873,73:2532,82:1253,85:959,87:914,92:817,94:800,101:560,103:517,111:429,113:418,119:397,143:234,150:206,163:178,164:176,182:151,183:150,184:150,198:103,199:103	0	False	0
ecol-SAMN13756518	GP_unb_9	137:277	5	0.0	0.07002648678220447	0.9640290479765162	GP_unb_22	187:140	5	0.0	0.1330127348511132	5.3909342115530015	5	-1.7656976296549658	11.49742092210373	0.1413250246860116	31:40662,34:32033,41:21798,48:13081,52:8387,55:7953,65:4469,67:4268,68:4195,70:3873,71:3699,73:2532,76:1913,77:1579,80:1359,83:1236,85:959,87:914,92:817,94:800,101:560,103:517,106:486,110:429,111:429,113:418,119:397,128:332,135:280,143:234,150:206,154:203,163:178,164:176,169:161,182:151,183:150,184:150,194:116,198:103,199:103	0	False	0
ecol-SAMN13756518	GP_unb_9	137:277	5	0.0	0.07002648678220447	0.9640290479765162	GP_unb_23	190:130	5	0.0	0.3916878231468769	1.9096111779282734	0	0	0	0		1	False	0
ecol-SAMN13756518	GP_unb_9	137:277	5	0.0	0.07002648678220447	0.9640290479765162	GP_unb_24	192:128	5	0.0	0.48633613378816076	1.9014007388453456	5	-1.951899528527166	7.2075475219900556	0.1413250246860116	2:363148,20:94229,22:77268,34:32033,41:21798,42:18784,48:13081,52:8387,55:7953,63:4872,65:4469,67:4268,68:4195,70:3873,73:2532,76:1913,77:1579,82:1253,85:959,87:914,90:869,92:817,94:800,96:709,101:560,103:517,106:486,111:429,113:418,117:398,119:397,126:352,128:332,135:280,143:234,150:206,163:178,164:176,180:151,182:151,183:150,184:150,194:116,198:103,199:103	0	False	0
ecol-SAMN13756518	GP_unb_9	137:277	5	0.0	0.07002648678220447	0.9640290479765162	GP_unb_25	195:116	5	0.0	0.10521891827594798	3.7800576331657076	4	-1.5569925429545963	10.304483312779045	0.1413250246860116	1:387836,2:363148,34:32033,40:23248,41:21798,48:13081,52:8387,55:7953,63:4872,65:4469,68:4195,70:3873,73:2532,76:1913,77:1579,82:1253,85:959,87:914,92:817,94:800,101:560,103:517,106:486,111:429,113:418,119:397,128:332,135:280,143:234,150:206,163:178,164:176,182:151,183:150,184:150,198:103,199:103	0	False	0
ecol-SAMN13756518	GP_unb_9	137:277	5	0.0	0.07002648678220447	0.9640290479765162	GP_unb_26	201:100	5	0.0	0.4997153938556972	1.7723732110713795	5	-1.8078638770632511	9.19444838098259	0.1413250246860116	2:363148,34:32033,41:21798,42:18784,48:13081,52:8387,55:7953,63:4872,65:4469,67:4268,68:4195,70:3873,73:2532,76:1913,77:1579,82:1253,85:959,87:914,90:869,92:817,94:800,101:560,103:517,106:486,111:429,113:418,119:397,128:332,129:330,135:280,143:234,150:206,163:178,164:176,172:159,182:151,183:150,184:150,189:131,194:116,198:103,199:103	0	False	0
ecol-SAMN13756518	GP_unb_10	139:250	5	0.0	0.48909568080443044	1.9444682116229572	GP_unb_11	141:239	5	0.0	0.31815566965689346	1.954547289061806	5	-1.7904783389340095	8.537347617787004	0.9326617535880359	1:387836,2:363148,9:192416,13:153772,15:135050,34:32033,41:21798,52:8387,55:7953,63:4872,65:4469,66:4392,68:4195,70:3873,73:2532,76:1913,77:1579,82:1253,85:959,87:914,94:800,95:797,101:560,103:517,106:486,108:455,113:418,119:397,128:332,135:280,142:234,143:234,150:206,155:201,163:178,164:176,182:151,183:150,193:125,194:116,199:103	0	False	0
ecol-SAMN13756518	GP_unb_10	139:250	5	0.0	0.48909568080443044	1.9444682116229572	GP_unb_12	149:208	4	0.0	0.4052366014401936	1.0270945835048604	4	-0.07525551228534341	0.7365264938615943	1.0	8:196041,12:158672,148:216,155:201,167:164,168:162	0	False	0
ecol-SAMN13756518	GP_unb_10	139:250	5	0.0	0.48909568080443044	1.9444682116229572	GP_unb_13	151:204	5	0.0	0.49330675194506923	1.9096111779282734	0	0	0	0		1	False	0
ecol-SAMN13756518	GP_unb_10	139:250	5	0.0	0.48909568080443044	1.9444682116229572	GP_unb_14	157:197	5	0.0	0.4940832270913432	1.8555121468219695	5	-1.785812258812884	8.612930508239966	0.9326617535880359	1:387836,2:363148,13:153772,17:125578,27:58552,34:32033,41:21798,46:13686,52:8387,55:7953,63:4872,65:4469,68:4195,70:3873,72:2555,73:2532,76:1913,77:1579,82:1253,85:959,87:914,94:800,101:560,103:517,104:509,106:486,113:418,119:397,128:332,135:280,143:234,150:206,155:201,163:178,164:176,176:155,182:151,183:150,184:150,194:116,198:103,199:103	0	False	0
ecol-SAMN13756518	GP_unb_10	139:250	5	0.0	0.48909568080443044	1.9444682116229572	GP_unb_15	158:196	5	0.0	0.36689435325171793	1.7200836245933793	5	-1.4629913842760252	10.364575708759011	0.9326617535880359	13:153772,34:32033,41:21798,47:13172,52:8387,55:7953,63:4872,65:4469,68:4195,70:3873,73:2532,76:1913,77:1579,85:959,87:914,89:900,94:800,101:560,103:517,106:486,113:418,116:413,119:397,128:332,135:280,143:234,150:206,155:201,160:192,163:178,164:176,182:151,183:150,194:116	0	False	0
ecol-SAMN13756518	GP_unb_10	139:250	5	0.0	0.48909568080443044	1.9444682116229572	GP_unb_16	159:194	5	0.0	0.49194556271278855	2.1625379041653545	5	-1.54356533849322	9.595822788420406	0.9326617535898549	2:363148,6:247478,13:153772,34:32033,41:21798,52:8387,55:7953,63:4872,65:4469,68:4195,70:3873,73:2532,76:1913,77:1579,82:1253,85:959,87:914,94:800,100:564,101:560,103:517,106:486,113:418,119:397,128:332,135:280,143:234,150:206,155:201,163:178,164:176,182:151,183:150,194:116	0	False	0
ecol-SAMN13756518	GP_unb_10	139:250	5	0.0	0.48909568080443044	1.9444682116229572	GP_unb_17	165:166	5	0.0	0.48894406279259195	2.8036570961171603	5	-1.4629913842760252	10.558616270060156	0.9326617535880359	13:153772,34:32033,41:21798,47:13172,52:8387,55:7953,63:4872,65:4469,68:4195,70:3873,73:2532,76:1913,77:1579,85:959,87:914,89:900,94:800,101:560,103:517,106:486,113:418,116:413,119:397,128:332,135:280,138:251,143:234,150:206,155:201,160:192,163:178,164:176,182:151,183:150,194:116	0	False	0
ecol-SAMN13756518	GP_unb_10	139:250	5	0.0	0.48909568080443044	1.9444682116229572	GP_unb_18	171:159	4	0.0	0.26748355728139395	1.098075934790037	4	-0.07525551228534341	0.6495027175150617	1.0071140098098113	12:158672,155:201,167:164,168:162	0	False	0
ecol-SAMN13756518	GP_unb_10	139:250	5	0.0	0.48909568080443044	1.9444682116229572	GP_unb_19	177:155	5	0.0	0.3975229116656742	0.8097621219336976	5	-1.7418830371644562	9.359329028843142	0.8097621219385474	2:363148,10:185483,13:153772,34:32033,41:21798,52:8387,55:7953,56:7419,63:4872,65:4469,68:4195,70:3873,73:2532,76:1913,77:1579,82:1253,85:959,87:914,94:800,101:560,103:517,106:486,113:418,119:397,128:332,135:280,143:234,145:221,150:206,152:204,155:201,161:182,163:178,164:176,182:151,183:150,191:129,194:116	0	False	0
ecol-SAMN13756518	GP_unb_10	139:250	5	0.0	0.48909568080443044	1.9444682116229572	GP_unb_20	178:155	5	0.0	0.27946649605607865	0.9670021874772979	5	-1.7418830371644562	9.241272613233546	0.9326617535880359	2:363148,10:185483,13:153772,34:32033,41:21798,52:8387,55:7953,56:7419,63:4872,65:4469,68:4195,70:3873,73:2532,76:1913,77:1579,82:1253,85:959,87:914,94:800,101:560,103:517,106:486,113:418,119:397,128:332,135:280,143:234,145:221,150:206,152:204,155:201,161:182,163:178,164:176,182:151,183:150,191:129,194:116	0	False	0
ecol-SAMN13756518	GP_unb_10	139:250	5	0.0	0.48909568080443044	1.9444682116229572	GP_unb_21	179:153	5	0.0	0.49996237451977343	29.725206572656262	5	-1.4720254290497736	8.778947816422061	0.9326617535880359	13:153772,31:40662,34:32033,41:21798,52:8387,55:7953,65:4469,68:4195,70:3873,71:3699,73:2532,80:1359,83:1236,85:959,87:914,94:800,101:560,103:517,110:429,113:418,119:397,143:234,150:206,155:201,163:178,164:176,182:151,183:150,194:116	0	False	0
ecol-SAMN13756518	GP_unb_10	139:250	5	0.0	0.48909568080443044	1.9444682116229572	GP_unb_22	187:140	5	0.0	0.1330127348511132	5.3909342115530015	5	-1.4720254290497736	10.542599154490377	0.9326617535880359	13:153772,31:40662,34:32033,41:21798,52:8387,55:7953,65:4469,68:4195,70:3873,71:3699,73:2532,76:1913,77:1579,80:1359,83:1236,85:959,87:914,94:800,101:560,103:517,106:486,110:429,113:418,119:397,128:332,135:280,143:234,150:206,154:203,155:201,163:178,164:176,169:161,182:151,183:150,194:116	0	False	0
ecol-SAMN13756518	GP_unb_10	139:250	5	0.0	0.48909568080443044	1.9444682116229572	GP_unb_23	190:130	5	0.0	0.3916878231468769	1.9096111779282734	0	0	0	0		1	False	0
ecol-SAMN13756518	GP_unb_10	139:250	5	0.0	0.48909568080443044	1.9444682116229572	GP_unb_24	192:128	5	0.0	0.48633613378816076	1.9014007388453456	5	-1.658227327921974	6.252725754376699	0.9118363239667815	2:363148,13:153772,20:94229,22:77268,34:32033,41:21798,42:18784,52:8387,55:7953,63:4872,65:4469,68:4195,70:3873,73:2532,76:1913,77:1579,82:1253,85:959,87:914,90:869,94:800,96:709,101:560,103:517,106:486,113:418,117:398,119:397,126:352,128:332,135:280,143:234,150:206,155:201,163:178,164:176,180:151,182:151,183:150,194:116	0	False	0
ecol-SAMN13756518	GP_unb_10	139:250	5	0.0	0.48909568080443044	1.9444682116229572	GP_unb_25	195:116	5	0.0	0.10521891827594798	3.7800576331657076	5	-1.4965193057461137	9.033316900750576	0.9326617535880359	13:153772,31:40662,34:32033,41:21798,45:13811,52:8387,55:7953,65:4469,68:4195,70:3873,71:3699,73:2532,80:1359,83:1236,85:959,87:914,94:800,101:560,103:517,110:429,113:418,119:397,143:234,150:206,155:201,163:178,164:176,182:151,183:150	0	False	0
ecol-SAMN13756518	GP_unb_10	139:250	5	0.0	0.48909568080443044	1.9444682116229572	GP_unb_26	201:100	5	0.0	0.4997153938556972	1.7723732110713795	5	-1.514191676458059	8.239626613369234	0.9326617535880359	2:363148,13:153772,34:32033,41:21798,42:18784,52:8387,55:7953,63:4872,65:4469,68:4195,70:3873,73:2532,76:1913,77:1579,82:1253,85:959,87:914,90:869,94:800,101:560,103:517,106:486,113:418,119:397,128:332,129:330,135:280,143:234,150:206,155:201,163:178,164:176,172:159,182:151,183:150,189:131,194:116	0	False	0
ecol-SAMN13756518	GP_unb_11	141:239	5	0.0	0.31815566965689346	1.954547289061806	GP_unb_12	149:208	4	0.0	0.4052366014401936	1.0270945835048604	4	-1.983760750527722	7.920838527146788	0.9326617535880359	1:387836,2:363148,8:196041,9:192416,12:158672,13:153772,15:135050,34:32033,41:21798,52:8387,55:7953,63:4872,65:4469,66:4392,68:4195,70:3873,73:2532,76:1913,77:1579,82:1253,85:959,87:914,94:800,95:797,101:560,103:517,106:486,108:455,113:418,119:397,128:332,135:280,142:234,143:234,148:216,150:206,155:201,163:178,164:176,167:164,168:162,182:151,183:150,193:125,194:116,199:103	0	False	0
ecol-SAMN13756518	GP_unb_11	141:239	5	0.0	0.31815566965689346	1.954547289061806	GP_unb_13	151:204	5	0.0	0.49330675194506923	1.9096111779282734	0	0	0	0		1	False	0
ecol-SAMN13756518	GP_unb_11	141:239	5	0.0	0.31815566965689346	1.954547289061806	GP_unb_14	157:197	5	0.0	0.4940832270913432	1.8555121468219695	5	-1.8989003256199761	7.8633520577039855	0.9326617535880359	2:363148,9:192416,11:160991,17:125578,27:58552,34:32033,41:21798,46:13686,52:8387,55:7953,63:4872,65:4469,66:4392,67:4268,68:4195,70:3873,72:2555,73:2532,76:1913,77:1579,82:1253,85:959,87:914,94:800,95:797,101:560,103:517,104:509,106:486,108:455,113:418,119:397,128:332,135:280,142:234,143:234,150:206,163:178,164:176,176:155,182:151,183:150,184:150,193:125,194:116,196:113,198:103,199:103	0	False	0
ecol-SAMN13756518	GP_unb_11	141:239	5	0.0	0.31815566965689346	1.954547289061806	GP_unb_15	158:196	5	0.0	0.36689435325171793	1.7200836245933793	5	-1.7224134930467754	10.017165610264453	0.9326617535880359	9:192416,15:135050,34:32033,41:21798,47:13172,52:8387,55:7953,63:4872,65:4469,66:4392,67:4268,68:4195,70:3873,73:2532,76:1913,77:1579,85:959,87:914,89:900,94:800,95:797,101:560,103:517,106:486,108:455,113:418,116:413,119:397,128:332,135:280,142:234,143:234,150:206,160:192,163:178,164:176,182:151,183:150,193:125,194:116,199:103	0	False	0
ecol-SAMN13756518	GP_unb_11	141:239	5	0.0	0.31815566965689346	1.954547289061806	GP_unb_16	159:194	5	0.0	0.49194556271278855	2.1625379041653545	5	-1.8029874472639698	9.248412689925846	0.9326617535880359	2:363148,6:247478,9:192416,15:135050,34:32033,41:21798,52:8387,55:7953,63:4872,65:4469,66:4392,67:4268,68:4195,70:3873,73:2532,76:1913,77:1579,82:1253,85:959,87:914,94:800,95:797,100:564,101:560,103:517,106:486,108:455,113:418,119:397,128:332,135:280,142:234,143:234,150:206,163:178,164:176,182:151,183:150,193:125,194:116,199:103	0	False	0
ecol-SAMN13756518	GP_unb_11	141:239	5	0.0	0.31815566965689346	1.954547289061806	GP_unb_17	165:166	5	0.0	0.48894406279259195	2.8036570961171603	5	-1.7224134930467754	10.211206171565598	0.9326617535884372	9:192416,15:135050,34:32033,41:21798,47:13172,52:8387,55:7953,63:4872,65:4469,66:4392,67:4268,68:4195,70:3873,73:2532,76:1913,77:1579,85:959,87:914,89:900,94:800,95:797,101:560,103:517,106:486,108:455,113:418,116:413,119:397,128:332,135:280,138:251,142:234,143:234,150:206,160:192,163:178,164:176,182:151,183:150,193:125,194:116,199:103	0	False	0
ecol-SAMN13756518	GP_unb_11	141:239	5	0.0	0.31815566965689346	1.954547289061806	GP_unb_18	171:159	4	0.0	0.26748355728139395	1.098075934790037	5	-1.9500297092443055	7.833814750800254	0.9326617535880359	1:387836,2:363148,9:192416,12:158672,13:153772,15:135050,34:32033,41:21798,52:8387,55:7953,63:4872,65:4469,66:4392,68:4195,70:3873,73:2532,76:1913,77:1579,82:1253,85:959,87:914,94:800,95:797,101:560,103:517,106:486,108:455,113:418,119:397,128:332,135:280,142:234,143:234,150:206,155:201,163:178,164:176,167:164,168:162,182:151,183:150,193:125,194:116,199:103	0	False	0
ecol-SAMN13756518	GP_unb_11	141:239	5	0.0	0.31815566965689346	1.954547289061806	GP_unb_19	177:155	5	0.0	0.3975229116656742	0.8097621219336976	5	-2.0013051459352065	9.011918930348582	0.8097621219385474	2:363148,9:192416,10:185483,15:135050,34:32033,41:21798,52:8387,55:7953,56:7419,63:4872,65:4469,66:4392,67:4268,68:4195,70:3873,73:2532,76:1913,77:1579,82:1253,85:959,87:914,94:800,95:797,101:560,103:517,106:486,108:455,113:418,119:397,128:332,135:280,142:234,143:234,145:221,150:206,152:204,161:182,163:178,164:176,182:151,183:150,191:129,193:125,194:116,199:103	0	False	0
ecol-SAMN13756518	GP_unb_11	141:239	5	0.0	0.31815566965689346	1.954547289061806	GP_unb_20	178:155	5	0.0	0.27946649605607865	0.9670021874772979	5	-2.0013051459352065	8.893862514738986	0.9326617535880358	2:363148,9:192416,10:185483,15:135050,34:32033,41:21798,52:8387,55:7953,56:7419,63:4872,65:4469,66:4392,67:4268,68:4195,70:3873,73:2532,76:1913,77:1579,82:1253,85:959,87:914,94:800,95:797,101:560,103:517,106:486,108:455,113:418,119:397,128:332,135:280,142:234,143:234,145:221,150:206,152:204,161:182,163:178,164:176,182:151,183:150,191:129,193:125,194:116,199:103	0	False	0
ecol-SAMN13756518	GP_unb_11	141:239	5	0.0	0.31815566965689346	1.954547289061806	GP_unb_21	179:153	5	0.0	0.49996237451977343	29.725206572656262	5	-1.7314475378205239	8.431537717927506	0.9326617535880359	9:192416,15:135050,31:40662,34:32033,41:21798,52:8387,55:7953,65:4469,66:4392,67:4268,68:4195,70:3873,71:3699,73:2532,80:1359,83:1236,85:959,87:914,94:800,95:797,101:560,103:517,108:455,110:429,113:418,119:397,142:234,143:234,150:206,163:178,164:176,182:151,183:150,193:125,194:116,199:103	0	False	0
ecol-SAMN13756518	GP_unb_11	141:239	5	0.0	0.31815566965689346	1.954547289061806	GP_unb_22	187:140	5	0.0	0.1330127348511132	5.3909342115530015	5	-1.7314475378205239	10.195189055995819	0.9326617535880359	9:192416,15:135050,31:40662,34:32033,41:21798,52:8387,55:7953,65:4469,66:4392,67:4268,68:4195,70:3873,71:3699,73:2532,76:1913,77:1579,80:1359,83:1236,85:959,87:914,94:800,95:797,101:560,103:517,106:486,108:455,110:429,113:418,119:397,128:332,135:280,142:234,143:234,150:206,154:203,163:178,164:176,169:161,182:151,183:150,193:125,194:116,199:103	0	False	0
ecol-SAMN13756518	GP_unb_11	141:239	5	0.0	0.31815566965689346	1.954547289061806	GP_unb_23	190:130	5	0.0	0.3916878231468769	1.9096111779282734	0	0	0	0		1	False	0
ecol-SAMN13756518	GP_unb_11	141:239	5	0.0	0.31815566965689346	1.954547289061806	GP_unb_24	192:128	5	0.0	0.48633613378816076	1.9014007388453456	5	-1.9176494366927241	5.9053156558821405	0.9118363239667815	2:363148,9:192416,15:135050,20:94229,22:77268,34:32033,41:21798,42:18784,52:8387,55:7953,63:4872,65:4469,66:4392,67:4268,68:4195,70:3873,73:2532,76:1913,77:1579,82:1253,85:959,87:914,90:869,94:800,95:797,96:709,101:560,103:517,106:486,108:455,113:418,117:398,119:397,126:352,128:332,135:280,142:234,143:234,150:206,163:178,164:176,180:151,182:151,183:150,193:125,194:116,199:103	0	False	0
ecol-SAMN13756518	GP_unb_11	141:239	5	0.0	0.31815566965689346	1.954547289061806	GP_unb_25	195:116	5	0.0	0.10521891827594798	3.7800576331657076	5	-1.8250244987336077	9.002251446671126	0.9326617535880359	1:387836,2:363148,9:192416,15:135050,34:32033,40:23248,41:21798,52:8387,55:7953,63:4872,65:4469,66:4392,68:4195,70:3873,73:2532,76:1913,77:1579,82:1253,85:959,87:914,94:800,95:797,101:560,103:517,106:486,108:455,113:418,119:397,128:332,135:280,142:234,143:234,150:206,163:178,164:176,182:151,183:150,193:125,199:103	0	False	0
ecol-SAMN13756518	GP_unb_11	141:239	5	0.0	0.31815566965689346	1.954547289061806	GP_unb_26	201:100	5	0.0	0.4997153938556972	1.7723732110713795	5	-1.7736137852288092	7.892216514874678	0.9326617535880359	2:363148,9:192416,15:135050,34:32033,41:21798,42:18784,52:8387,55:7953,63:4872,65:4469,66:4392,67:4268,68:4195,70:3873,73:2532,76:1913,77:1579,82:1253,85:959,87:914,90:869,94:800,95:797,101:560,103:517,106:486,108:455,113:418,119:397,128:332,129:330,135:280,142:234,143:234,150:206,163:178,164:176,172:159,182:151,183:150,189:131,193:125,194:116,199:103	0	False	0
ecol-SAMN13756518	GP_unb_12	149:208	4	0.0	0.4052366014401936	1.0270945835048604	GP_unb_13	151:204	5	0.0	0.49330675194506923	1.9096111779282734	0	0	0	0		1	False	0
ecol-SAMN13756518	GP_unb_12	149:208	4	0.0	0.4052366014401936	1.0270945835048604	GP_unb_14	157:197	5	0.0	0.4940832270913432	1.8555121468219695	5	-2.1353873283427878	7.996421417599749	0.9326617535880359	1:387836,2:363148,8:196041,12:158672,13:153772,17:125578,27:58552,34:32033,41:21798,46:13686,52:8387,55:7953,63:4872,65:4469,68:4195,70:3873,72:2555,73:2532,76:1913,77:1579,82:1253,85:959,87:914,94:800,101:560,103:517,104:509,106:486,113:418,119:397,128:332,135:280,143:234,148:216,150:206,155:201,163:178,164:176,167:164,168:162,176:155,182:151,183:150,184:150,194:116,198:103,199:103	0	False	0
ecol-SAMN13756518	GP_unb_12	149:208	4	0.0	0.4052366014401936	1.0270945835048604	GP_unb_15	158:196	5	0.0	0.36689435325171793	1.7200836245933793	5	-1.8125664538059287	9.748066618118793	0.9326617535880359	8:196041,12:158672,13:153772,34:32033,41:21798,47:13172,52:8387,55:7953,63:4872,65:4469,68:4195,70:3873,73:2532,76:1913,77:1579,85:959,87:914,89:900,94:800,101:560,103:517,106:486,113:418,116:413,119:397,128:332,135:280,143:234,148:216,150:206,155:201,160:192,163:178,164:176,167:164,168:162,182:151,183:150,194:116	0	False	0
ecol-SAMN13756518	GP_unb_12	149:208	4	0.0	0.4052366014401936	1.0270945835048604	GP_unb_16	159:194	5	0.0	0.49194556271278855	2.1625379041653545	4	-1.787354366803233	8.979313697780187	0.932661753588036	2:363148,6:247478,8:196041,12:158672,13:153772,34:32033,41:21798,52:8387,55:7953,63:4872,65:4469,68:4195,70:3873,73:2532,76:1913,77:1579,82:1253,85:959,87:914,94:800,100:564,101:560,103:517,106:486,113:418,119:397,128:332,135:280,143:234,148:216,150:206,155:201,163:178,164:176,167:164,168:162,182:151,183:150,194:116	0	False	0
ecol-SAMN13756518	GP_unb_12	149:208	4	0.0	0.4052366014401936	1.0270945835048604	GP_unb_17	165:166	5	0.0	0.48894406279259195	2.8036570961171603	5	-1.8125664538059287	9.94210717941994	0.9326617535880359	8:196041,12:158672,13:153772,34:32033,41:21798,47:13172,52:8387,55:7953,63:4872,65:4469,68:4195,70:3873,73:2532,76:1913,77:1579,85:959,87:914,89:900,94:800,101:560,103:517,106:486,113:418,116:413,119:397,128:332,135:280,138:251,143:234,148:216,150:206,155:201,160:192,163:178,164:176,167:164,168:162,182:151,183:150,194:116	0	False	0
ecol-SAMN13756518	GP_unb_12	149:208	4	0.0	0.4052366014401936	1.0270945835048604	GP_unb_18	171:159	4	0.0	0.26748355728139395	1.098075934790037	4	0.0	0.94921631288559	1.0	8:196041,148:216,167:164	0	False	0
ecol-SAMN13756518	GP_unb_12	149:208	4	0.0	0.4052366014401936	1.0270945835048604	GP_unb_19	177:155	5	0.0	0.3975229116656742	0.8097621219336976	5	-2.0914581066943603	8.742819938202924	0.8097621219385474	2:363148,8:196041,10:185483,12:158672,13:153772,34:32033,41:21798,52:8387,55:7953,56:7419,63:4872,65:4469,68:4195,70:3873,73:2532,76:1913,77:1579,82:1253,85:959,87:914,94:800,101:560,103:517,106:486,113:418,119:397,128:332,135:280,143:234,145:221,148:216,150:206,152:204,155:201,161:182,163:178,164:176,167:164,168:162,182:151,183:150,191:129,194:116	0	False	0
ecol-SAMN13756518	GP_unb_12	149:208	4	0.0	0.4052366014401936	1.0270945835048604	GP_unb_20	178:155	5	0.0	0.27946649605607865	0.9670021874772979	5	-2.0914581066943603	8.624763522593328	0.9326617535880359	2:363148,8:196041,10:185483,12:158672,13:153772,34:32033,41:21798,52:8387,55:7953,56:7419,63:4872,65:4469,68:4195,70:3873,73:2532,76:1913,77:1579,82:1253,85:959,87:914,94:800,101:560,103:517,106:486,113:418,119:397,128:332,135:280,143:234,145:221,148:216,150:206,152:204,155:201,161:182,163:178,164:176,167:164,168:162,182:151,183:150,191:129,194:116	0	False	0
ecol-SAMN13756518	GP_unb_12	149:208	4	0.0	0.4052366014401936	1.0270945835048604	GP_unb_21	179:153	5	0.0	0.49996237451977343	29.725206572656262	5	-1.8216004985796777	8.162438725781843	0.9326617535880359	8:196041,12:158672,13:153772,31:40662,34:32033,41:21798,52:8387,55:7953,65:4469,68:4195,70:3873,71:3699,73:2532,80:1359,83:1236,85:959,87:914,94:800,101:560,103:517,110:429,113:418,119:397,143:234,148:216,150:206,155:201,163:178,164:176,167:164,168:162,182:151,183:150,194:116	0	False	0
ecol-SAMN13756518	GP_unb_12	149:208	4	0.0	0.4052366014401936	1.0270945835048604	GP_unb_22	187:140	5	0.0	0.1330127348511132	5.3909342115530015	5	-1.8216004985796777	9.92609006385016	0.9326617535880359	8:196041,12:158672,13:153772,31:40662,34:32033,41:21798,52:8387,55:7953,65:4469,68:4195,70:3873,71:3699,73:2532,76:1913,77:1579,80:1359,83:1236,85:959,87:914,94:800,101:560,103:517,106:486,110:429,113:418,119:397,128:332,135:280,143:234,148:216,150:206,154:203,155:201,163:178,164:176,167:164,168:162,169:161,182:151,183:150,194:116	0	False	0
ecol-SAMN13756518	GP_unb_12	149:208	4	0.0	0.4052366014401936	1.0270945835048604	GP_unb_23	190:130	5	0.0	0.3916878231468769	1.9096111779282734	0	0	0	0		1	False	0
ecol-SAMN13756518	GP_unb_12	149:208	4	0.0	0.4052366014401936	1.0270945835048604	GP_unb_24	192:128	5	0.0	0.48633613378816076	1.9014007388453456	5	-2.007802397451878	5.636216663736483	0.9118363239667815	2:363148,8:196041,12:158672,13:153772,20:94229,22:77268,34:32033,41:21798,42:18784,52:8387,55:7953,63:4872,65:4469,68:4195,70:3873,73:2532,76:1913,77:1579,82:1253,85:959,87:914,90:869,94:800,96:709,101:560,103:517,106:486,113:418,117:398,119:397,126:352,128:332,135:280,143:234,148:216,150:206,155:201,163:178,164:176,167:164,168:162,180:151,182:151,183:150,194:116	0	False	0
ecol-SAMN13756518	GP_unb_12	149:208	4	0.0	0.4052366014401936	1.0270945835048604	GP_unb_25	195:116	5	0.0	0.10521891827594798	3.7800576331657076	5	-1.8460943752760173	8.416807810110356	0.9326617535880359	8:196041,12:158672,13:153772,31:40662,34:32033,41:21798,45:13811,52:8387,55:7953,65:4469,68:4195,70:3873,71:3699,73:2532,80:1359,83:1236,85:959,87:914,94:800,101:560,103:517,110:429,113:418,119:397,143:234,148:216,150:206,155:201,163:178,164:176,167:164,168:162,182:151,183:150	0	False	0
ecol-SAMN13756518	GP_unb_12	149:208	4	0.0	0.4052366014401936	1.0270945835048604	GP_unb_26	201:100	5	0.0	0.4997153938556972	1.7723732110713795	5	-1.863766745987963	7.62311752272902	0.9326617535880359	2:363148,8:196041,12:158672,13:153772,34:32033,41:21798,42:18784,52:8387,55:7953,63:4872,65:4469,68:4195,70:3873,73:2532,76:1913,77:1579,82:1253,85:959,87:914,90:869,94:800,101:560,103:517,106:486,113:418,119:397,128:332,129:330,135:280,143:234,148:216,150:206,155:201,163:178,164:176,167:164,168:162,172:159,182:151,183:150,189:131,194:116	0	False	0
ecol-SAMN13756518	GP_unb_13	151:204	5	0.0	0.49330675194506923	1.9096111779282734	GP_unb_14	157:197	5	0.0	0.4940832270913432	1.8555121468219695	0	0	0	0		1	False	0
ecol-SAMN13756518	GP_unb_13	151:204	5	0.0	0.49330675194506923	1.9096111779282734	GP_unb_15	158:196	5	0.0	0.36689435325171793	1.7200836245933793	0	0	0	0		1	False	0
ecol-SAMN13756518	GP_unb_13	151:204	5	0.0	0.49330675194506923	1.9096111779282734	GP_unb_16	159:194	5	0.0	0.49194556271278855	2.1625379041653545	0	0	0	0		1	False	0
ecol-SAMN13756518	GP_unb_13	151:204	5	0.0	0.49330675194506923	1.9096111779282734	GP_unb_17	165:166	5	0.0	0.48894406279259195	2.8036570961171603	0	0	0	0		1	False	0
ecol-SAMN13756518	GP_unb_13	151:204	5	0.0	0.49330675194506923	1.9096111779282734	GP_unb_18	171:159	4	0.0	0.26748355728139395	1.098075934790037	0	0	0	0		1	False	0
ecol-SAMN13756518	GP_unb_13	151:204	5	0.0	0.49330675194506923	1.9096111779282734	GP_unb_19	177:155	5	0.0	0.3975229116656742	0.8097621219336976	0	0	0	0		1	False	0
ecol-SAMN13756518	GP_unb_13	151:204	5	0.0	0.49330675194506923	1.9096111779282734	GP_unb_20	178:155	5	0.0	0.27946649605607865	0.9670021874772979	0	0	0	0		1	False	0
ecol-SAMN13756518	GP_unb_13	151:204	5	0.0	0.49330675194506923	1.9096111779282734	GP_unb_21	179:153	5	0.0	0.49996237451977343	29.725206572656262	0	0	0	0		1	False	0
ecol-SAMN13756518	GP_unb_13	151:204	5	0.0	0.49330675194506923	1.9096111779282734	GP_unb_22	187:140	5	0.0	0.1330127348511132	5.3909342115530015	0	0	0	0		1	False	0
ecol-SAMN13756518	GP_unb_13	151:204	5	0.0	0.49330675194506923	1.9096111779282734	GP_unb_23	190:130	5	0.0	0.3916878231468769	1.9096111779282734	5	0.0	0.8849945750919461	1.9096111779290368		0	False	0
ecol-SAMN13756518	GP_unb_13	151:204	5	0.0	0.49330675194506923	1.9096111779282734	GP_unb_24	192:128	5	0.0	0.48633613378816076	1.9014007388453456	5	0.0	0.97964288573323	1.901400738845041		0	False	0
ecol-SAMN13756518	GP_unb_13	151:204	5	0.0	0.49330675194506923	1.9096111779282734	GP_unb_25	195:116	5	0.0	0.10521891827594798	3.7800576331657076	0	0	0	0		1	False	0
ecol-SAMN13756518	GP_unb_13	151:204	5	0.0	0.49330675194506923	1.9096111779282734	GP_unb_26	201:100	5	0.0	0.4997153938556972	1.7723732110713795	0	0	0	0		1	False	0
ecol-SAMN13756518	GP_unb_14	157:197	5	0.0	0.4940832270913432	1.8555121468219695	GP_unb_15	158:196	5	0.0	0.36689435325171793	1.7200836245933793	5	-1.7177474129256498	10.092748500717416	0.9326617535880359	17:125578,27:58552,34:32033,41:21798,46:13686,47:13172,52:8387,55:7953,63:4872,65:4469,67:4268,68:4195,70:3873,72:2555,73:2532,76:1913,77:1579,85:959,87:914,89:900,94:800,101:560,103:517,104:509,106:486,113:418,116:413,119:397,128:332,135:280,143:234,150:206,160:192,163:178,164:176,176:155,182:151,183:150,184:150,194:116,198:103,199:103	0	False	0
ecol-SAMN13756518	GP_unb_14	157:197	5	0.0	0.4940832270913432	1.8555121468219695	GP_unb_16	159:194	5	0.0	0.49194556271278855	2.1625379041653545	5	-1.7983213671428442	9.323995580378808	0.9326617535880359	2:363148,6:247478,17:125578,27:58552,34:32033,41:21798,46:13686,52:8387,55:7953,63:4872,65:4469,67:4268,68:4195,70:3873,72:2555,73:2532,76:1913,77:1579,82:1253,85:959,87:914,94:800,100:564,101:560,103:517,104:509,106:486,113:418,119:397,128:332,135:280,143:234,150:206,163:178,164:176,176:155,182:151,183:150,184:150,194:116,198:103,199:103	0	False	0
ecol-SAMN13756518	GP_unb_14	157:197	5	0.0	0.4940832270913432	1.8555121468219695	GP_unb_17	165:166	5	0.0	0.48894406279259195	2.8036570961171603	5	-1.7177474129256498	10.286789062018562	0.9326617535880359	17:125578,27:58552,34:32033,41:21798,46:13686,47:13172,52:8387,55:7953,63:4872,65:4469,67:4268,68:4195,70:3873,72:2555,73:2532,76:1913,77:1579,85:959,87:914,89:900,94:800,101:560,103:517,104:509,106:486,113:418,116:413,119:397,128:332,135:280,138:251,143:234,150:206,160:192,163:178,164:176,176:155,182:151,183:150,184:150,194:116,198:103,199:103	0	False	0
ecol-SAMN13756518	GP_unb_14	157:197	5	0.0	0.4940832270913432	1.8555121468219695	GP_unb_18	171:159	4	0.0	0.26748355728139395	1.098075934790037	5	-1.94536362912318	7.909397641253219	0.9326617535883247	1:387836,2:363148,12:158672,13:153772,17:125578,27:58552,34:32033,41:21798,46:13686,52:8387,55:7953,63:4872,65:4469,68:4195,70:3873,72:2555,73:2532,76:1913,77:1579,82:1253,85:959,87:914,94:800,101:560,103:517,104:509,106:486,113:418,119:397,128:332,135:280,143:234,150:206,155:201,163:178,164:176,167:164,168:162,176:155,182:151,183:150,184:150,194:116,198:103,199:103	0	False	0
ecol-SAMN13756518	GP_unb_14	157:197	5	0.0	0.4940832270913432	1.8555121468219695	GP_unb_19	177:155	5	0.0	0.3975229116656742	0.8097621219336976	5	-1.996639065814081	9.087501820801545	0.8097621219385474	2:363148,10:185483,17:125578,27:58552,34:32033,41:21798,46:13686,52:8387,55:7953,56:7419,63:4872,65:4469,67:4268,68:4195,70:3873,72:2555,73:2532,76:1913,77:1579,82:1253,85:959,87:914,94:800,101:560,103:517,104:509,106:486,113:418,119:397,128:332,135:280,143:234,145:221,150:206,152:204,161:182,163:178,164:176,176:155,182:151,183:150,184:150,191:129,194:116,198:103,199:103	0	False	0
ecol-SAMN13756518	GP_unb_14	157:197	5	0.0	0.4940832270913432	1.8555121468219695	GP_unb_20	178:155	5	0.0	0.27946649605607865	0.9670021874772979	5	-1.996639065814081	8.96944540519195	0.9326617535880359	2:363148,10:185483,17:125578,27:58552,34:32033,41:21798,46:13686,52:8387,55:7953,56:7419,63:4872,65:4469,67:4268,68:4195,70:3873,72:2555,73:2532,76:1913,77:1579,82:1253,85:959,87:914,94:800,101:560,103:517,104:509,106:486,113:418,119:397,128:332,135:280,143:234,145:221,150:206,152:204,161:182,163:178,164:176,176:155,182:151,183:150,184:150,191:129,194:116,198:103,199:103	0	False	0
ecol-SAMN13756518	GP_unb_14	157:197	5	0.0	0.4940832270913432	1.8555121468219695	GP_unb_21	179:153	5	0.0	0.49996237451977343	29.725206572656262	5	-1.7267814576993983	8.507120608380465	0.9326617535880359	17:125578,27:58552,31:40662,34:32033,41:21798,46:13686,52:8387,55:7953,65:4469,67:4268,68:4195,70:3873,71:3699,72:2555,73:2532,80:1359,83:1236,85:959,87:914,94:800,101:560,103:517,104:509,110:429,113:418,119:397,143:234,150:206,163:178,164:176,176:155,182:151,183:150,184:150,194:116,198:103,199:103	0	False	0
ecol-SAMN13756518	GP_unb_14	157:197	5	0.0	0.4940832270913432	1.8555121468219695	GP_unb_22	187:140	5	0.0	0.1330127348511132	5.3909342115530015	5	-1.7267814576993983	10.27077194644878	0.9326617535880359	17:125578,27:58552,31:40662,34:32033,41:21798,46:13686,52:8387,55:7953,65:4469,67:4268,68:4195,70:3873,71:3699,72:2555,73:2532,76:1913,77:1579,80:1359,83:1236,85:959,87:914,94:800,101:560,103:517,104:509,106:486,110:429,113:418,119:397,128:332,135:280,143:234,150:206,154:203,163:178,164:176,169:161,176:155,182:151,183:150,184:150,194:116,198:103,199:103	0	False	0
ecol-SAMN13756518	GP_unb_14	157:197	5	0.0	0.4940832270913432	1.8555121468219695	GP_unb_23	190:130	5	0.0	0.3916878231468769	1.9096111779282734	5	0.0	0.8857710502382201	1.8555121468216385		0	False	0
ecol-SAMN13756518	GP_unb_14	157:197	5	0.0	0.4940832270913432	1.8555121468219695	GP_unb_24	192:128	5	0.0	0.48633613378816076	1.9014007388453456	5	-1.9129833565715986	5.980898546335104	0.9118363239667815	2:363148,17:125578,20:94229,22:77268,27:58552,34:32033,41:21798,42:18784,46:13686,52:8387,55:7953,63:4872,65:4469,67:4268,68:4195,70:3873,72:2555,73:2532,76:1913,77:1579,82:1253,85:959,87:914,90:869,94:800,96:709,101:560,103:517,104:509,106:486,113:418,117:398,119:397,126:352,128:332,135:280,143:234,150:206,163:178,164:176,176:155,180:151,182:151,183:150,184:150,194:116,198:103,199:103	0	False	0
ecol-SAMN13756518	GP_unb_14	157:197	5	0.0	0.4940832270913432	1.8555121468219695	GP_unb_25	195:116	5	0.0	0.10521891827594798	3.7800576331657076	5	-1.8203584186124822	9.07783433712409	0.9326617535880359	1:387836,2:363148,17:125578,27:58552,34:32033,40:23248,41:21798,46:13686,52:8387,55:7953,63:4872,65:4469,68:4195,70:3873,72:2555,73:2532,76:1913,77:1579,82:1253,85:959,87:914,94:800,101:560,103:517,104:509,106:486,113:418,119:397,128:332,135:280,143:234,150:206,163:178,164:176,176:155,182:151,183:150,184:150,198:103,199:103	0	False	0
ecol-SAMN13756518	GP_unb_14	157:197	5	0.0	0.4940832270913432	1.8555121468219695	GP_unb_26	201:100	5	0.0	0.4997153938556972	1.7723732110713795	5	-1.7689477051076836	7.967799405327641	0.9326617535880359	2:363148,17:125578,27:58552,34:32033,41:21798,42:18784,46:13686,52:8387,55:7953,63:4872,65:4469,67:4268,68:4195,70:3873,72:2555,73:2532,76:1913,77:1579,82:1253,85:959,87:914,90:869,94:800,101:560,103:517,104:509,106:486,113:418,119:397,128:332,129:330,135:280,143:234,150:206,163:178,164:176,172:159,176:155,182:151,183:150,184:150,189:131,194:116,198:103,199:103	0	False	0
ecol-SAMN13756518	GP_unb_15	158:196	5	0.0	0.36689435325171793	1.7200836245933793	GP_unb_16	159:194	5	0.0	0.49194556271278855	2.1625379041653545	5	-1.6425421954532649	10.953955029928593	0.9326617535880359	1:387836,6:247478,34:32033,41:21798,47:13172,52:8387,55:7953,63:4872,65:4469,67:4268,68:4195,70:3873,73:2532,76:1913,77:1579,82:1253,85:959,87:914,89:900,94:800,100:564,101:560,103:517,106:486,113:418,116:413,119:397,128:332,135:280,143:234,150:206,160:192,163:178,164:176,182:151,183:150,194:116,199:103	0	False	0
ecol-SAMN13756518	GP_unb_15	158:196	5	0.0	0.36689435325171793	1.7200836245933793	GP_unb_17	165:166	5	0.0	0.48894406279259195	2.8036570961171603	5	-1.377481776956748	10.553786571930761	0.9326617535880358	34:32033,41:21798,47:13172,52:8387,54:8205,55:7953,63:4872,65:4469,68:4195,70:3873,73:2532,76:1913,77:1579,85:959,87:914,89:900,94:800,101:560,103:517,106:486,113:418,116:413,119:397,128:332,135:280,136:278,143:234,150:206,160:192,163:178,164:176,182:151,183:150,194:116	0	False	0
ecol-SAMN13756518	GP_unb_15	158:196	5	0.0	0.36689435325171793	1.7200836245933793	GP_unb_18	171:159	4	0.0	0.26748355728139395	1.098075934790037	5	-1.6225427545863211	9.661042841772263	0.9326617535880359	12:158672,13:153772,34:32033,41:21798,47:13172,52:8387,55:7953,63:4872,65:4469,68:4195,70:3873,73:2532,76:1913,77:1579,85:959,87:914,89:900,94:800,101:560,103:517,106:486,113:418,116:413,119:397,128:332,135:280,143:234,150:206,155:201,160:192,163:178,164:176,167:164,168:162,182:151,183:150,194:116	0	False	0
ecol-SAMN13756518	GP_unb_15	158:196	5	0.0	0.36689435325171793	1.7200836245933793	GP_unb_19	177:155	5	0.0	0.3975229116656742	0.8097621219336976	5	-1.8408598941245016	10.71746127035133	0.8097621219385474	1:387836,10:185483,34:32033,41:21798,47:13172,52:8387,55:7953,56:7419,63:4872,65:4469,67:4268,68:4195,70:3873,73:2532,76:1913,77:1579,82:1253,85:959,87:914,89:900,94:800,101:560,103:517,106:486,113:418,116:413,119:397,128:332,135:280,143:234,145:221,150:206,152:204,160:192,161:182,163:178,164:176,182:151,183:150,191:129,194:116,199:103	0	False	0
ecol-SAMN13756518	GP_unb_15	158:196	5	0.0	0.36689435325171793	1.7200836245933793	GP_unb_20	178:155	5	0.0	0.27946649605607865	0.9670021874772979	5	-1.8408598941245016	10.599404854741735	0.9326617535880359	1:387836,10:185483,34:32033,41:21798,47:13172,52:8387,55:7953,56:7419,63:4872,65:4469,67:4268,68:4195,70:3873,73:2532,76:1913,77:1579,82:1253,85:959,87:914,89:900,94:800,101:560,103:517,106:486,113:418,116:413,119:397,128:332,135:280,143:234,145:221,150:206,152:204,160:192,161:182,163:178,164:176,182:151,183:150,191:129,194:116,199:103	0	False	0
ecol-SAMN13756518	GP_unb_15	158:196	5	0.0	0.36689435325171793	1.7200836245933793	GP_unb_21	179:153	5	0.0	0.49996237451977343	29.725206572656262	4	-0.4744843217928057	8.889299320409856	0.9326617535880397	34:32033,40:23248,41:21798,45:13811,52:8387,53:8382,55:7953,65:4469,68:4195,70:3873,73:2532,85:959,87:914,94:800,101:560,103:517,113:418,116:413,119:397,143:234,150:206,163:178,164:176,182:151,183:150	0	False	0
ecol-SAMN13756518	GP_unb_15	158:196	5	0.0	0.36689435325171793	1.7200836245933793	GP_unb_22	187:140	5	0.0	0.1330127348511132	5.3909342115530015	5	-1.151606916701096	10.564321953561919	0.9326617535880359	31:40662,40:23248,45:13811,47:13172,52:8387,55:7953,65:4469,68:4195,70:3873,71:3699,73:2532,76:1913,77:1579,80:1359,83:1236,85:959,87:914,89:900,94:800,106:486,110:429,113:418,116:413,119:397,128:332,135:280,143:234,150:206,154:203,160:192,163:178,164:176,169:161,182:151,183:150	0	False	0
ecol-SAMN13756518	GP_unb_15	158:196	5	0.0	0.36689435325171793	1.7200836245933793	GP_unb_23	190:130	5	0.0	0.3916878231468769	1.9096111779282734	0	0	0	0		1	False	0
ecol-SAMN13756518	GP_unb_15	158:196	5	0.0	0.36689435325171793	1.7200836245933793	GP_unb_24	192:128	5	0.0	0.48633613378816076	1.9014007388453456	5	-1.7572041848820192	7.610857995884883	0.9118363239667815	1:387836,20:94229,22:77268,34:32033,41:21798,42:18784,47:13172,52:8387,55:7953,63:4872,65:4469,67:4268,68:4195,70:3873,73:2532,76:1913,77:1579,82:1253,85:959,87:914,89:900,90:869,94:800,96:709,101:560,103:517,106:486,113:418,116:413,117:398,119:397,126:352,128:332,135:280,143:234,150:206,160:192,163:178,164:176,180:151,182:151,183:150,194:116,199:103	0	False	0
ecol-SAMN13756518	GP_unb_15	158:196	5	0.0	0.36689435325171793	1.7200836245933793	GP_unb_25	195:116	5	0.0	0.10521891827594798	3.7800576331657076	5	-1.4975375440756233	10.829479537643136	0.9326617535880359	34:32033,40:23248,41:21798,47:13172,52:8387,55:7953,63:4872,65:4469,68:4195,70:3873,73:2532,76:1913,77:1579,85:959,87:914,89:900,94:800,101:560,103:517,106:486,113:418,116:413,119:397,128:332,135:280,143:234,150:206,160:192,163:178,164:176,182:151,183:150	0	False	0
ecol-SAMN13756518	GP_unb_15	158:196	5	0.0	0.36689435325171793	1.7200836245933793	GP_unb_26	201:100	5	0.0	0.4997153938556972	1.7723732110713795	5	-1.6131685334181043	9.597758854877423	0.9326617535880358	1:387836,34:32033,41:21798,42:18784,47:13172,52:8387,55:7953,63:4872,65:4469,67:4268,68:4195,70:3873,73:2532,76:1913,77:1579,82:1253,85:959,87:914,89:900,90:869,94:800,101:560,103:517,106:486,113:418,116:413,119:397,128:332,129:330,135:280,143:234,150:206,160:192,163:178,164:176,172:159,182:151,183:150,189:131,194:116,199:103	0	False	0
ecol-SAMN13756518	GP_unb_16	159:194	5	0.0	0.49194556271278855	2.1625379041653545	GP_unb_17	165:166	5	0.0	0.48894406279259195	2.8036570961171603	5	-1.6425421954532649	11.147995591229739	0.9326617535880359	1:387836,6:247478,34:32033,41:21798,47:13172,52:8387,55:7953,63:4872,65:4469,67:4268,68:4195,70:3873,73:2532,76:1913,77:1579,82:1253,85:959,87:914,89:900,94:800,100:564,101:560,103:517,106:486,113:418,116:413,119:397,128:332,135:280,138:251,143:234,150:206,160:192,163:178,164:176,182:151,183:150,194:116,199:103	0	False	0
ecol-SAMN13756518	GP_unb_16	159:194	5	0.0	0.49194556271278855	2.1625379041653545	GP_unb_18	171:159	4	0.0	0.26748355728139395	1.098075934790037	5	-1.703116708803516	8.892289921433656	0.9326617535880359	2:363148,6:247478,12:158672,13:153772,34:32033,41:21798,52:8387,55:7953,63:4872,65:4469,68:4195,70:3873,73:2532,76:1913,77:1579,82:1253,85:959,87:914,94:800,100:564,101:560,103:517,106:486,113:418,119:397,128:332,135:280,143:234,150:206,155:201,163:178,164:176,167:164,168:162,182:151,183:150,194:116	0	False	0
ecol-SAMN13756518	GP_unb_16	159:194	5	0.0	0.49194556271278855	2.1625379041653545	GP_unb_19	177:155	5	0.0	0.3975229116656742	0.8097621219336976	5	-1.7712568182303414	9.534611748779813	0.8097621219385474	2:363148,6:247478,10:185483,15:135050,19:94519,34:32033,41:21798,52:8387,55:7953,63:4872,65:4469,67:4268,68:4195,70:3873,73:2532,76:1913,77:1579,82:1253,85:959,87:914,94:800,100:564,101:560,103:517,106:486,113:418,119:397,128:332,135:280,143:234,150:206,152:204,161:182,163:178,164:176,182:151,183:150,191:129,193:125,194:116,199:103	0	False	0
ecol-SAMN13756518	GP_unb_16	159:194	5	0.0	0.49194556271278855	2.1625379041653545	GP_unb_20	178:155	5	0.0	0.27946649605607865	0.9670021874772979	5	-1.7712568182303414	9.416555333170217	0.9326617535880376	2:363148,6:247478,10:185483,15:135050,19:94519,34:32033,41:21798,52:8387,55:7953,63:4872,65:4469,67:4268,68:4195,70:3873,73:2532,76:1913,77:1579,82:1253,85:959,87:914,94:800,100:564,101:560,103:517,106:486,113:418,119:397,128:332,135:280,143:234,150:206,152:204,161:182,163:178,164:176,182:151,183:150,191:129,193:125,194:116,199:103	0	False	0
ecol-SAMN13756518	GP_unb_16	159:194	5	0.0	0.49194556271278855	2.1625379041653545	GP_unb_21	179:153	5	0.0	0.49996237451977343	29.725206572656262	4	-0.5169753924268121	8.471846019571766	0.9326617535880358	2:363148,6:247478,34:32033,40:23248,41:21798,45:13811,52:8387,55:7953,65:4469,68:4195,70:3873,73:2532,82:1253,85:959,87:914,94:800,100:564,101:560,103:517,113:418,119:397,143:234,150:206,163:178,164:176,182:151,183:150	0	False	0
ecol-SAMN13756518	GP_unb_16	159:194	5	0.0	0.49194556271278855	2.1625379041653545	GP_unb_22	187:140	5	0.0	0.1330127348511132	5.3909342115530015	5	-1.6515762402270133	11.131978475659958	0.9326617535880359	1:387836,6:247478,31:40662,34:32033,41:21798,52:8387,55:7953,65:4469,67:4268,68:4195,70:3873,71:3699,73:2532,76:1913,77:1579,80:1359,82:1253,83:1236,85:959,87:914,94:800,100:564,101:560,103:517,106:486,110:429,113:418,119:397,128:332,135:280,143:234,150:206,154:203,163:178,164:176,169:161,182:151,183:150,194:116,199:103	0	False	0
ecol-SAMN13756518	GP_unb_16	159:194	5	0.0	0.49194556271278855	2.1625379041653545	GP_unb_23	190:130	5	0.0	0.3916878231468769	1.9096111779282734	0	0	0	0		1	False	0
ecol-SAMN13756518	GP_unb_16	159:194	5	0.0	0.49194556271278855	2.1625379041653545	GP_unb_24	192:128	5	0.0	0.48633613378816076	1.9014007388453456	5	-2.0545814516785024	6.684284417845161	0.9118363239667815	2:363148,15:135050,19:94519,20:94229,22:77268,23:74667,34:32033,41:21798,42:18784,52:8387,55:7953,63:4872,65:4469,67:4268,68:4195,70:3873,73:2532,76:1913,77:1579,82:1253,85:959,87:914,90:869,94:800,96:709,100:564,101:560,103:517,106:486,113:418,117:398,119:397,126:352,128:332,135:280,143:234,145:221,150:206,163:178,164:176,180:151,182:151,183:150,191:129,193:125,194:116,199:103	0	False	0
ecol-SAMN13756518	GP_unb_16	159:194	5	0.0	0.49194556271278855	2.1625379041653545	GP_unb_25	195:116	5	0.0	0.10521891827594798	3.7800576331657076	5	-1.5781114982928177	10.060726617304532	0.9326617535880359	2:363148,6:247478,34:32033,40:23248,41:21798,52:8387,55:7953,63:4872,65:4469,68:4195,70:3873,73:2532,76:1913,77:1579,82:1253,85:959,87:914,94:800,100:564,101:560,103:517,106:486,113:418,119:397,128:332,135:280,143:234,150:206,163:178,164:176,182:151,183:150	0	False	0
ecol-SAMN13756518	GP_unb_16	159:194	5	0.0	0.49194556271278855	2.1625379041653545	GP_unb_26	201:100	5	0.0	0.4997153938556972	1.7723732110713795	5	-1.9105458002145874	8.671185276837694	0.9326617535880359	2:363148,15:135050,19:94519,23:74667,34:32033,41:21798,42:18784,52:8387,55:7953,63:4872,65:4469,67:4268,68:4195,70:3873,73:2532,76:1913,77:1579,82:1253,85:959,87:914,90:869,94:800,100:564,101:560,103:517,106:486,113:418,119:397,128:332,129:330,135:280,143:234,145:221,150:206,163:178,164:176,172:159,182:151,183:150,189:131,191:129,193:125,194:116,199:103	0	False	0
ecol-SAMN13756518	GP_unb_17	165:166	5	0.0	0.48894406279259195	2.8036570961171603	GP_unb_18	171:159	4	0.0	0.26748355728139395	1.098075934790037	5	-1.6225427545863211	9.855083403073406	0.9326617535880359	12:158672,13:153772,34:32033,41:21798,47:13172,52:8387,55:7953,63:4872,65:4469,68:4195,70:3873,73:2532,76:1913,77:1579,85:959,87:914,89:900,94:800,101:560,103:517,106:486,113:418,116:413,119:397,128:332,135:280,138:251,143:234,150:206,155:201,160:192,163:178,164:176,167:164,168:162,182:151,183:150,194:116	0	False	0
ecol-SAMN13756518	GP_unb_17	165:166	5	0.0	0.48894406279259195	2.8036570961171603	GP_unb_19	177:155	5	0.0	0.3975229116656742	0.8097621219336976	5	-1.8408598941245016	10.911501831652476	0.8097621219385474	1:387836,10:185483,34:32033,41:21798,47:13172,52:8387,55:7953,56:7419,63:4872,65:4469,67:4268,68:4195,70:3873,73:2532,76:1913,77:1579,82:1253,85:959,87:914,89:900,94:800,101:560,103:517,106:486,113:418,116:413,119:397,128:332,135:280,138:251,143:234,145:221,150:206,152:204,160:192,161:182,163:178,164:176,182:151,183:150,191:129,194:116,199:103	0	False	0
ecol-SAMN13756518	GP_unb_17	165:166	5	0.0	0.48894406279259195	2.8036570961171603	GP_unb_20	178:155	5	0.0	0.27946649605607865	0.9670021874772979	5	-1.8408598941245016	10.79344541604288	0.9326617535880359	1:387836,10:185483,34:32033,41:21798,47:13172,52:8387,55:7953,56:7419,63:4872,65:4469,67:4268,68:4195,70:3873,73:2532,76:1913,77:1579,82:1253,85:959,87:914,89:900,94:800,101:560,103:517,106:486,113:418,116:413,119:397,128:332,135:280,138:251,143:234,145:221,150:206,152:204,160:192,161:182,163:178,164:176,182:151,183:150,191:129,194:116,199:103	0	False	0
ecol-SAMN13756518	GP_unb_17	165:166	5	0.0	0.48894406279259195	2.8036570961171603	GP_unb_21	179:153	5	0.0	0.49996237451977343	29.725206572656262	4	-1.0931436765732427	9.439271359942492	0.9326617535882724	34:32033,40:23248,41:21798,45:13811,52:8387,53:8382,55:7953,65:4469,68:4195,70:3873,73:2532,85:959,87:914,89:900,94:800,101:560,103:517,113:418,116:413,119:397,138:251,143:234,150:206,160:192,163:178,164:176,182:151,183:150	0	False	0
ecol-SAMN13756518	GP_unb_17	165:166	5	0.0	0.48894406279259195	2.8036570961171603	GP_unb_22	187:140	5	0.0	0.1330127348511132	5.3909342115530015	5	-1.151606916701096	10.758362514863062	0.932661753588036	31:40662,40:23248,45:13811,47:13172,52:8387,55:7953,65:4469,68:4195,70:3873,71:3699,73:2532,76:1913,77:1579,80:1359,83:1236,85:959,87:914,89:900,94:800,106:486,110:429,113:418,116:413,119:397,128:332,135:280,138:251,143:234,150:206,154:203,160:192,163:178,164:176,169:161,182:151,183:150	0	False	0
ecol-SAMN13756518	GP_unb_17	165:166	5	0.0	0.48894406279259195	2.8036570961171603	GP_unb_23	190:130	5	0.0	0.3916878231468769	1.9096111779282734	0	0	0	0		1	False	0
ecol-SAMN13756518	GP_unb_17	165:166	5	0.0	0.48894406279259195	2.8036570961171603	GP_unb_24	192:128	5	0.0	0.48633613378816076	1.9014007388453456	5	-1.7572041848820192	7.804898557186028	0.9118363239667815	1:387836,20:94229,22:77268,34:32033,41:21798,42:18784,47:13172,52:8387,55:7953,63:4872,65:4469,67:4268,68:4195,70:3873,73:2532,76:1913,77:1579,82:1253,85:959,87:914,89:900,90:869,94:800,96:709,101:560,103:517,106:486,113:418,116:413,117:398,119:397,126:352,128:332,135:280,138:251,143:234,150:206,160:192,163:178,164:176,180:151,182:151,183:150,194:116,199:103	0	False	0
ecol-SAMN13756518	GP_unb_17	165:166	5	0.0	0.48894406279259195	2.8036570961171603	GP_unb_25	195:116	5	0.0	0.10521891827594798	3.7800576331657076	5	-1.4975375440756233	11.023520098944282	0.9326617535880358	34:32033,40:23248,41:21798,47:13172,52:8387,55:7953,63:4872,65:4469,68:4195,70:3873,73:2532,76:1913,77:1579,85:959,87:914,89:900,94:800,101:560,103:517,106:486,113:418,116:413,119:397,128:332,135:280,138:251,143:234,150:206,160:192,163:178,164:176,182:151,183:150	0	False	0
ecol-SAMN13756518	GP_unb_17	165:166	5	0.0	0.48894406279259195	2.8036570961171603	GP_unb_26	201:100	5	0.0	0.4997153938556972	1.7723732110713795	5	-1.6131685334181043	9.791799416178568	0.9326617535880359	1:387836,34:32033,41:21798,42:18784,47:13172,52:8387,55:7953,63:4872,65:4469,67:4268,68:4195,70:3873,73:2532,76:1913,77:1579,82:1253,85:959,87:914,89:900,90:869,94:800,101:560,103:517,106:486,113:418,116:413,119:397,128:332,129:330,135:280,138:251,143:234,150:206,160:192,163:178,164:176,172:159,182:151,183:150,189:131,194:116,199:103	0	False	0
ecol-SAMN13756518	GP_unb_18	171:159	4	0.0	0.26748355728139395	1.098075934790037	GP_unb_19	177:155	5	0.0	0.3975229116656742	0.8097621219336976	5	-1.9014344074747527	8.655796161856394	0.8097621219385474	2:363148,10:185483,12:158672,13:153772,34:32033,41:21798,52:8387,55:7953,56:7419,63:4872,65:4469,68:4195,70:3873,73:2532,76:1913,77:1579,82:1253,85:959,87:914,94:800,101:560,103:517,106:486,113:418,119:397,128:332,135:280,143:234,145:221,150:206,152:204,155:201,161:182,163:178,164:176,167:164,168:162,182:151,183:150,191:129,194:116	0	False	0
ecol-SAMN13756518	GP_unb_18	171:159	4	0.0	0.26748355728139395	1.098075934790037	GP_unb_20	178:155	5	0.0	0.27946649605607865	0.9670021874772979	5	-1.9014344074747527	8.537739746246798	0.9326617535880359	2:363148,10:185483,12:158672,13:153772,34:32033,41:21798,52:8387,55:7953,56:7419,63:4872,65:4469,68:4195,70:3873,73:2532,76:1913,77:1579,82:1253,85:959,87:914,94:800,101:560,103:517,106:486,113:418,119:397,128:332,135:280,143:234,145:221,150:206,152:204,155:201,161:182,163:178,164:176,167:164,168:162,182:151,183:150,191:129,194:116	0	False	0
ecol-SAMN13756518	GP_unb_18	171:159	4	0.0	0.26748355728139395	1.098075934790037	GP_unb_21	179:153	5	0.0	0.49996237451977343	29.725206572656262	5	-1.63157679936007	8.075414949435313	0.9326617535880359	12:158672,13:153772,31:40662,34:32033,41:21798,52:8387,55:7953,65:4469,68:4195,70:3873,71:3699,73:2532,80:1359,83:1236,85:959,87:914,94:800,101:560,103:517,110:429,113:418,119:397,143:234,150:206,155:201,163:178,164:176,167:164,168:162,182:151,183:150,194:116	0	False	0
ecol-SAMN13756518	GP_unb_18	171:159	4	0.0	0.26748355728139395	1.098075934790037	GP_unb_22	187:140	5	0.0	0.1330127348511132	5.3909342115530015	5	-1.63157679936007	9.839066287503625	0.9326617535880359	12:158672,13:153772,31:40662,34:32033,41:21798,52:8387,55:7953,65:4469,68:4195,70:3873,71:3699,73:2532,76:1913,77:1579,80:1359,83:1236,85:959,87:914,94:800,101:560,103:517,106:486,110:429,113:418,119:397,128:332,135:280,143:234,150:206,154:203,155:201,163:178,164:176,167:164,168:162,169:161,182:151,183:150,194:116	0	False	0
ecol-SAMN13756518	GP_unb_18	171:159	4	0.0	0.26748355728139395	1.098075934790037	GP_unb_23	190:130	5	0.0	0.3916878231468769	1.9096111779282734	0	0	0	0		1	False	0
ecol-SAMN13756518	GP_unb_18	171:159	4	0.0	0.26748355728139395	1.098075934790037	GP_unb_24	192:128	5	0.0	0.48633613378816076	1.9014007388453456	5	-1.8177786982322703	5.549192887389949	0.9118363239667815	2:363148,12:158672,13:153772,20:94229,22:77268,34:32033,41:21798,42:18784,52:8387,55:7953,63:4872,65:4469,68:4195,70:3873,73:2532,76:1913,77:1579,82:1253,85:959,87:914,90:869,94:800,96:709,101:560,103:517,106:486,113:418,117:398,119:397,126:352,128:332,135:280,143:234,150:206,155:201,163:178,164:176,167:164,168:162,180:151,182:151,183:150,194:116	0	False	0
ecol-SAMN13756518	GP_unb_18	171:159	4	0.0	0.26748355728139395	1.098075934790037	GP_unb_25	195:116	5	0.0	0.10521891827594798	3.7800576331657076	5	-1.6560706760564097	8.329784033763826	0.9326617535880359	12:158672,13:153772,31:40662,34:32033,41:21798,45:13811,52:8387,55:7953,65:4469,68:4195,70:3873,71:3699,73:2532,80:1359,83:1236,85:959,87:914,94:800,101:560,103:517,110:429,113:418,119:397,143:234,150:206,155:201,163:178,164:176,167:164,168:162,182:151,183:150	0	False	0
ecol-SAMN13756518	GP_unb_18	171:159	4	0.0	0.26748355728139395	1.098075934790037	GP_unb_26	201:100	5	0.0	0.4997153938556972	1.7723732110713795	5	-1.6737430467683554	7.536093746382486	0.9326617535880359	2:363148,12:158672,13:153772,34:32033,41:21798,42:18784,52:8387,55:7953,63:4872,65:4469,68:4195,70:3873,73:2532,76:1913,77:1579,82:1253,85:959,87:914,90:869,94:800,101:560,103:517,106:486,113:418,119:397,128:332,129:330,135:280,143:234,150:206,155:201,163:178,164:176,167:164,168:162,172:159,182:151,183:150,189:131,194:116	0	False	0
ecol-SAMN13756518	GP_unb_19	177:155	5	0.0	0.3975229116656742	0.8097621219336976	GP_unb_20	178:155	5	0.0	0.27946649605607865	0.9670021874772979	5	-1.7418831561951809	7.240244957616923	0.8097621219385474	2:363148,10:185483,15:135050,19:94519,34:32033,41:21798,42:18784,52:8387,55:7953,63:4872,65:4469,67:4268,68:4195,70:3873,73:2532,76:1913,77:1579,82:1253,85:959,86:948,87:914,90:869,94:800,101:560,103:517,106:486,113:418,119:397,128:332,129:330,135:280,143:234,150:206,152:204,161:182,163:178,164:176,172:159,182:151,183:150,188:138,189:131,191:129,193:125,194:116,199:103,200:100	0	False	0
ecol-SAMN13756518	GP_unb_19	177:155	5	0.0	0.3975229116656742	0.8097621219336976	GP_unb_21	179:153	5	0.0	0.49996237451977343	29.725206572656262	5	-1.84989393889825	9.13183337801438	0.8097621219385474	1:387836,10:185483,31:40662,34:32033,41:21798,52:8387,55:7953,56:7419,65:4469,67:4268,68:4195,70:3873,71:3699,73:2532,80:1359,82:1253,83:1236,85:959,87:914,94:800,101:560,103:517,110:429,113:418,119:397,143:234,145:221,150:206,152:204,161:182,163:178,164:176,182:151,183:150,191:129,194:116,199:103	0	False	0
ecol-SAMN13756518	GP_unb_19	177:155	5	0.0	0.3975229116656742	0.8097621219336976	GP_unb_22	187:140	5	0.0	0.1330127348511132	5.3909342115530015	5	-1.84989393889825	10.895484716082695	0.8097621219385474	1:387836,10:185483,31:40662,34:32033,41:21798,52:8387,55:7953,56:7419,65:4469,67:4268,68:4195,70:3873,71:3699,73:2532,76:1913,77:1579,80:1359,82:1253,83:1236,85:959,87:914,94:800,101:560,103:517,106:486,110:429,113:418,119:397,128:332,135:280,143:234,145:221,150:206,152:204,154:203,161:182,163:178,164:176,169:161,182:151,183:150,191:129,194:116,199:103	0	False	0
ecol-SAMN13756518	GP_unb_19	177:155	5	0.0	0.3975229116656742	0.8097621219336976	GP_unb_23	190:130	5	0.0	0.3916878231468769	1.9096111779282734	0	0	0	0		1	False	0
ecol-SAMN13756518	GP_unb_19	177:155	5	0.0	0.3975229116656742	0.8097621219336976	GP_unb_24	192:128	5	0.0	0.48633613378816076	1.9014007388453456	5	-1.8859188076590958	6.191514714736107	0.8097621219385474	2:363148,10:185483,15:135050,19:94519,20:94229,22:77268,34:32033,41:21798,42:18784,52:8387,55:7953,63:4872,65:4469,67:4268,68:4195,70:3873,73:2532,76:1913,77:1579,82:1253,85:959,87:914,90:869,94:800,96:709,101:560,103:517,106:486,113:418,117:398,119:397,126:352,128:332,135:280,143:234,150:206,152:204,161:182,163:178,164:176,180:151,182:151,183:150,191:129,193:125,194:116,199:103	0	False	0
ecol-SAMN13756518	GP_unb_19	177:155	5	0.0	0.3975229116656742	0.8097621219336976	GP_unb_25	195:116	5	0.0	0.10521891827594798	3.7800576331657076	5	-1.7764291969640544	9.824232857727267	0.8097621219385474	2:363148,10:185483,34:32033,40:23248,41:21798,52:8387,55:7953,56:7419,63:4872,65:4469,68:4195,70:3873,73:2532,76:1913,77:1579,82:1253,85:959,87:914,94:800,101:560,103:517,106:486,113:418,119:397,128:332,135:280,143:234,145:221,150:206,152:204,161:182,163:178,164:176,182:151,183:150,191:129	0	False	0
ecol-SAMN13756518	GP_unb_19	177:155	5	0.0	0.3975229116656742	0.8097621219336976	GP_unb_26	201:100	5	0.0	0.4997153938556972	1.7723732110713795	5	-1.7418831561951809	8.178415573728644	0.8097621219385474	2:363148,10:185483,15:135050,19:94519,34:32033,41:21798,42:18784,52:8387,55:7953,63:4872,65:4469,67:4268,68:4195,70:3873,73:2532,76:1913,77:1579,82:1253,85:959,87:914,90:869,94:800,101:560,103:517,106:486,113:418,119:397,128:332,129:330,135:280,143:234,150:206,152:204,161:182,163:178,164:176,172:159,182:151,183:150,189:131,191:129,193:125,194:116,199:103	0	False	0
ecol-SAMN13756518	GP_unb_20	178:155	5	0.0	0.27946649605607865	0.9670021874772979	GP_unb_21	179:153	5	0.0	0.49996237451977343	29.725206572656262	5	-1.84989393889825	9.013776962404783	0.9326617535880359	1:387836,10:185483,31:40662,34:32033,41:21798,52:8387,55:7953,56:7419,65:4469,67:4268,68:4195,70:3873,71:3699,73:2532,80:1359,82:1253,83:1236,85:959,87:914,94:800,101:560,103:517,110:429,113:418,119:397,143:234,145:221,150:206,152:204,161:182,163:178,164:176,182:151,183:150,191:129,194:116,199:103	0	False	0
ecol-SAMN13756518	GP_unb_20	178:155	5	0.0	0.27946649605607865	0.9670021874772979	GP_unb_22	187:140	5	0.0	0.1330127348511132	5.3909342115530015	5	-1.84989393889825	10.777428300473098	0.9326617535880359	1:387836,10:185483,31:40662,34:32033,41:21798,52:8387,55:7953,56:7419,65:4469,67:4268,68:4195,70:3873,71:3699,73:2532,76:1913,77:1579,80:1359,82:1253,83:1236,85:959,87:914,94:800,101:560,103:517,106:486,110:429,113:418,119:397,128:332,135:280,143:234,145:221,150:206,152:204,154:203,161:182,163:178,164:176,169:161,182:151,183:150,191:129,194:116,199:103	0	False	0
ecol-SAMN13756518	GP_unb_20	178:155	5	0.0	0.27946649605607865	0.9670021874772979	GP_unb_23	190:130	5	0.0	0.3916878231468769	1.9096111779282734	0	0	0	0		1	False	0
ecol-SAMN13756518	GP_unb_20	178:155	5	0.0	0.27946649605607865	0.9670021874772979	GP_unb_24	192:128	5	0.0	0.48633613378816076	1.9014007388453456	5	-1.8859188076590958	6.0734582991265125	0.9118363239667815	2:363148,10:185483,15:135050,19:94519,20:94229,22:77268,34:32033,41:21798,42:18784,52:8387,55:7953,63:4872,65:4469,67:4268,68:4195,70:3873,73:2532,76:1913,77:1579,82:1253,85:959,87:914,90:869,94:800,96:709,101:560,103:517,106:486,113:418,117:398,119:397,126:352,128:332,135:280,143:234,150:206,152:204,161:182,163:178,164:176,180:151,182:151,183:150,191:129,193:125,194:116,199:103	0	False	0
ecol-SAMN13756518	GP_unb_20	178:155	5	0.0	0.27946649605607865	0.9670021874772979	GP_unb_25	195:116	5	0.0	0.10521891827594798	3.7800576331657076	5	-1.7764291969640544	9.706176442117671	0.9326617535880359	2:363148,10:185483,34:32033,40:23248,41:21798,52:8387,55:7953,56:7419,63:4872,65:4469,68:4195,70:3873,73:2532,76:1913,77:1579,82:1253,85:959,87:914,94:800,101:560,103:517,106:486,113:418,119:397,128:332,135:280,143:234,145:221,150:206,152:204,161:182,163:178,164:176,182:151,183:150,191:129	0	False	0
ecol-SAMN13756518	GP_unb_20	178:155	5	0.0	0.27946649605607865	0.9670021874772979	GP_unb_26	201:100	5	0.0	0.4997153938556972	1.7723732110713795	5	-1.7418831561951809	8.060359158119049	0.9326617535880359	2:363148,10:185483,15:135050,19:94519,34:32033,41:21798,42:18784,52:8387,55:7953,63:4872,65:4469,67:4268,68:4195,70:3873,73:2532,76:1913,77:1579,82:1253,85:959,87:914,90:869,94:800,101:560,103:517,106:486,113:418,119:397,128:332,129:330,135:280,143:234,150:206,152:204,161:182,163:178,164:176,172:159,182:151,183:150,189:131,191:129,193:125,194:116,199:103	0	False	0
ecol-SAMN13756518	GP_unb_21	179:153	5	0.0	0.49996237451977343	29.725206572656262	GP_unb_22	187:140	5	0.0	0.1330127348511132	5.3909342115530015	5	-1.377481776956748	10.055784574489818	0.9326617535880357	34:32033,41:21798,47:13172,52:8387,54:8205,55:7953,65:4469,68:4195,70:3873,73:2532,76:1913,77:1579,85:959,87:914,89:900,94:800,101:560,103:517,106:486,113:418,116:413,119:397,128:332,135:280,136:278,138:251,143:234,150:206,154:203,160:192,163:178,164:176,166:166,169:161,182:151,183:150,194:116	0	False	0
ecol-SAMN13756518	GP_unb_21	179:153	5	0.0	0.49996237451977343	29.725206572656262	GP_unb_23	190:130	5	0.0	0.3916878231468769	1.9096111779282734	0	0	0	0		1	False	0
ecol-SAMN13756518	GP_unb_21	179:153	5	0.0	0.49996237451977343	29.725206572656262	GP_unb_24	192:128	5	0.0	0.48633613378816076	1.9014007388453456	5	-1.7662382296557677	6.025230103547935	0.9118363239667815	1:387836,20:94229,22:77268,31:40662,34:32033,41:21798,42:18784,52:8387,55:7953,65:4469,67:4268,68:4195,70:3873,71:3699,73:2532,80:1359,82:1253,83:1236,85:959,87:914,90:869,94:800,96:709,101:560,103:517,110:429,113:418,117:398,119:397,126:352,143:234,150:206,163:178,164:176,180:151,182:151,183:150,194:116,199:103	0	False	0
ecol-SAMN13756518	GP_unb_21	179:153	5	0.0	0.49996237451977343	29.725206572656262	GP_unb_25	195:116	5	0.0	0.10521891827594798	3.7800576331657076	4	-0.27725048888968845	8.377558084125585	0.932661753588309	1:387836,2:363148,34:32033,41:21798,52:8387,55:7953,58:6426,65:4469,67:4268,68:4195,70:3873,73:2532,82:1253,85:959,87:914,94:800,101:560,103:517,113:418,119:397,143:234,150:206,163:178,164:176,182:151,183:150,199:103	0	False	0
ecol-SAMN13756518	GP_unb_21	179:153	5	0.0	0.49996237451977343	29.725206572656262	GP_unb_26	201:100	5	0.0	0.4997153938556972	1.7723732110713795	5	-1.6222025781918528	8.012130962540475	0.9326617535880359	1:387836,31:40662,34:32033,41:21798,42:18784,52:8387,55:7953,65:4469,67:4268,68:4195,70:3873,71:3699,73:2532,80:1359,82:1253,83:1236,85:959,87:914,90:869,94:800,101:560,103:517,110:429,113:418,119:397,129:330,143:234,150:206,163:178,164:176,172:159,182:151,183:150,189:131,194:116,199:103	0	False	0
ecol-SAMN13756518	GP_unb_22	187:140	5	0.0	0.1330127348511132	5.3909342115530015	GP_unb_23	190:130	5	0.0	0.3916878231468769	1.9096111779282734	0	0	0	0		1	False	0
ecol-SAMN13756518	GP_unb_22	187:140	5	0.0	0.1330127348511132	5.3909342115530015	GP_unb_24	192:128	5	0.0	0.48633613378816076	1.9014007388453456	5	-1.7662382296557677	7.788881441616248	0.9118363239667815	1:387836,20:94229,22:77268,31:40662,34:32033,41:21798,42:18784,52:8387,55:7953,65:4469,67:4268,68:4195,70:3873,71:3699,73:2532,76:1913,77:1579,80:1359,82:1253,83:1236,85:959,87:914,90:869,94:800,96:709,101:560,103:517,106:486,110:429,113:418,117:398,119:397,126:352,128:332,135:280,143:234,150:206,154:203,163:178,164:176,169:161,180:151,182:151,183:150,194:116,199:103	0	False	0
ecol-SAMN13756518	GP_unb_22	187:140	5	0.0	0.1330127348511132	5.3909342115530015	GP_unb_25	195:116	5	0.0	0.10521891827594798	3.7800576331657076	5	-1.5065715888493718	11.007502983374504	0.9326617535887449	31:40662,34:32033,40:23248,41:21798,52:8387,55:7953,65:4469,68:4195,70:3873,71:3699,73:2532,76:1913,77:1579,80:1359,83:1236,85:959,87:914,94:800,101:560,103:517,106:486,110:429,113:418,119:397,128:332,135:280,143:234,150:206,154:203,163:178,164:176,169:161,182:151,183:150	0	False	0
ecol-SAMN13756518	GP_unb_22	187:140	5	0.0	0.1330127348511132	5.3909342115530015	GP_unb_26	201:100	5	0.0	0.4997153938556972	1.7723732110713795	5	-1.6222025781918528	9.775782300608787	0.9326617535880358	1:387836,31:40662,34:32033,41:21798,42:18784,52:8387,55:7953,65:4469,67:4268,68:4195,70:3873,71:3699,73:2532,76:1913,77:1579,80:1359,82:1253,83:1236,85:959,87:914,90:869,94:800,101:560,103:517,106:486,110:429,113:418,119:397,128:332,129:330,135:280,143:234,150:206,154:203,163:178,164:176,169:161,172:159,182:151,183:150,189:131,194:116,199:103	0	False	0
ecol-SAMN13756518	GP_unb_23	190:130	5	0.0	0.3916878231468769	1.9096111779282734	GP_unb_24	192:128	5	0.0	0.48633613378816076	1.9014007388453456	0	0	0	0		1	False	0
ecol-SAMN13756518	GP_unb_23	190:130	5	0.0	0.3916878231468769	1.9096111779282734	GP_unb_25	195:116	5	0.0	0.10521891827594798	3.7800576331657076	0	0	0	0		1	False	0
ecol-SAMN13756518	GP_unb_23	190:130	5	0.0	0.3916878231468769	1.9096111779282734	GP_unb_26	201:100	5	0.0	0.4997153938556972	1.7723732110713795	0	0	0	0		1	False	0
ecol-SAMN13756518	GP_unb_24	192:128	5	0.0	0.48633613378816076	1.9014007388453456	GP_unb_25	195:116	5	0.0	0.10521891827594798	3.7800576331657076	5	-1.692773487721572	6.7176295832608215	0.9118363239667815	2:363148,20:94229,22:77268,34:32033,40:23248,41:21798,42:18784,52:8387,55:7953,63:4872,65:4469,68:4195,70:3873,73:2532,76:1913,77:1579,82:1253,85:959,87:914,90:869,94:800,96:709,101:560,103:517,106:486,113:418,117:398,119:397,126:352,128:332,135:280,143:234,150:206,163:178,164:176,180:151,182:151,183:150	0	False	0
ecol-SAMN13756518	GP_unb_24	192:128	5	0.0	0.48633613378816076	1.9014007388453456	GP_unb_26	201:100	5	0.0	0.4997153938556972	1.7723732110713795	5	-0.14403565146391492	-2.9515996278593115	0.9118363239667815	20:94229,22:77268,90:869,96:709,117:398,126:352,129:330,172:159,180:151,189:131	0	False	0
ecol-SAMN13756518	GP_unb_25	195:116	5	0.0	0.10521891827594798	3.7800576331657076	GP_unb_26	201:100	5	0.0	0.4997153938556972	1.7723732110713795	5	-1.5487378362576572	8.70453044225336	0.9326617535880359	2:363148,34:32033,40:23248,41:21798,42:18784,52:8387,55:7953,63:4872,65:4469,68:4195,70:3873,73:2532,76:1913,77:1579,82:1253,85:959,87:914,90:869,94:800,101:560,103:517,106:486,113:418,119:397,128:332,129:330,135:280,143:234,150:206,163:178,164:176,172:159,182:151,183:150,189:131	0	False	0