SAMPLE	BIN1	BIN1_CONTIGS	BIN1_GC_BIN	BIN1_GC	BIN1_GD	BIN1_RD	BIN2	BIN2_CONTIGS	BIN2_GC_BIN	BIN2_GC	BIN2_GD	BIN2_RD	MERGE_GC_BIN	MERGE_GC	MERGE_GD	MERGE_RD	MERGE_PATH	MILP_INFEASIBLE	BINS_OVERLAP	IS_SUBSET
ecol-SAMN34360970	PBF_P1	Contig:13:468.185:3992	4	0.0	0.4342409314269776	18.213439192465522	PBF_P2	Contig:2:231.187:Circ:4245	5	0.0	0.42499513971758895	9.262723094704063	0	0	0	0		1	False	0
ecol-SAMN34360970	PBF_P1	Contig:13:468.185:3992	4	0.0	0.4342409314269776	18.213439192465522	PBF_P3	Contig:1:195.517:Circ:5167	4	0.0	0.41552772888935363	7.472123795536595	0	0	0	0		1	False	0
ecol-SAMN34360970	PBF_P1	Contig:13:468.185:3992	4	0.0	0.4342409314269776	18.213439192465522	PBF_P4	Contig:114:48.3289:1114,Contig:88:46.1816:823,Contig:35:45.5913:1963,Contig:35:45.5913:5p:1:4:505,Contig:131:58.9922:448,Contig:79:50.0818:661,Contig:39:51.202:3p:1:2:292,Contig:88:46.1816:3p:1:3:147,Contig:73:50.6727:2116,Contig:103:40.3743:2366,Contig:78:46.9803:723,Contig:64:53.2707:690,Contig:19:34.8148:8834,Contig:39:51.202:1729,Contig:135:47.4558:582,Contig:135:47.4558:3p:1:2:353	5	-0.0023398120885207985	3.3012648363972352	1.3717678637592916	0	0	0	0		1	False	0
ecol-SAMN34360970	PBF_P1	Contig:13:468.185:3992	4	0.0	0.4342409314269776	18.213439192465522	PBF_P5	Contig:67:33.8404:2333,Contig:52:47.7265:722,Contig:20:49.7579:5p:1:3:288,Contig:61:62.5513:2583,Contig:124:22.447:270636,Contig:100:42.4899:3p:1:104:151,Contig:31:23.1265:22099,Contig:100:42.4899:3p:1:105:102,Contig:91:41.537:725,Contig:66:20.5529:4303,Contig:120:48.2:419,Contig:36:52.7333:1187,Contig:100:42.4899:3p:1:109:194,Contig:100:42.4899:3p:1:102:488,Contig:100:42.4899:3p:1:114:126,Contig:59:35.073:2025,Contig:140:49.879:594,Contig:20:49.7579:706,Contig:126:40.853:5p:1:3:520,Contig:48:40.0595:794,Contig:100:42.4899:3p:1:101:238,Contig:108:35.6813:9791,Contig:126:40.853:899	5	-0.639922122433515	5.5386076308724865	0.7513989772923847	0	0	0	0		1	False	0
ecol-SAMN34360970	PBF_P1	Contig:13:468.185:3992	4	0.0	0.4342409314269776	18.213439192465522	PBF_P6	Contig:52:47.7265:722,Contig:67:33.8404:2333,Contig:20:49.7579:5p:1:3:288,Contig:100:42.4899:3p:1:8:151,Contig:100:42.4899:3p:1:19:176,Contig:124:22.447:270636,Contig:100:42.4899:3p:1:43:238,Contig:91:41.537:725,Contig:120:48.2:419,Contig:36:52.7333:1187,Contig:100:42.4899:3p:1:13:127,Contig:20:49.7579:706,Contig:100:42.4899:1210,Contig:100:42.4899:3p:1:25:238,Contig:126:40.853:5p:1:3:520,Contig:7:27.1602:22571,Contig:33:129.118:2532,Contig:7:27.1602:5p:1:2:237,Contig:46:43.9868:1085,Contig:10:19.0323:2609,Contig:138:25.6548:21993,Contig:65:30.6633:10005,Contig:108:35.6813:9791,Contig:126:40.853:899,Contig:100:42.4899:3p:1:9:102	5	-0.7938840050237639	6.188079883992179	0.7253439537200757	0	0	0	0		1	False	0
ecol-SAMN34360970	PBF_P1	Contig:13:468.185:3992	4	0.0	0.4342409314269776	18.213439192465522	PBF_P7	Contig:114:48.3289:1114,Contig:88:46.1816:823,Contig:35:45.5913:1963,Contig:35:45.5913:5p:1:4:505,Contig:131:58.9922:448,Contig:79:50.0818:661,Contig:39:51.202:3p:1:2:292,Contig:88:46.1816:3p:1:3:147,Contig:73:50.6727:2116,Contig:103:40.3743:2366,Contig:78:46.9803:723,Contig:64:53.2707:690,Contig:22:20.9556:4186,Contig:39:51.202:1729,Contig:135:47.4558:582,Contig:135:47.4558:3p:1:2:353	5	-0.09994749946170711	3.27597357737459	0.771045587055303	0	0	0	0		1	False	0
ecol-SAMN34360970	PBF_P1	Contig:13:468.185:3992	4	0.0	0.4342409314269776	18.213439192465522	PBF_P8	Contig:67:33.8404:2333,Contig:52:47.7265:722,Contig:20:49.7579:5p:1:3:288,Contig:148:30.4916:3400,Contig:148:30.4916:5p:1:4:133,Contig:148:30.4916:5p:1:8:285,Contig:29:26.7062:5p:1:2:360,Contig:61:62.5513:2583,Contig:126:40.853:899,Contig:94:20.1614:1604,Contig:15:34.3032:543,Contig:44:19.0744:86357,Contig:100:42.4899:3p:1:45:102,Contig:100:42.4899:3p:1:43:238,Contig:21:55.8175:1190,Contig:116:19.5884:4315,Contig:31:23.1265:22099,Contig:93:147.945:1250,Contig:44:19.0744:5p:1:9:462,Contig:29:26.7062:2085,Contig:32:17.4791:3065,Contig:36:52.7333:1187,Contig:100:42.4899:3p:1:65:238,Contig:100:42.4899:3p:1:102:488,Contig:121:47.0625:418,Contig:100:42.4899:3p:1:114:126,Contig:47:29.7911:3132,Contig:59:35.073:2025,Contig:20:49.7579:706,Contig:127:21.7798:68435,Contig:140:49.879:594,Contig:145:25.8567:2039,Contig:100:42.4899:3p:1:76:238,Contig:100:42.4899:1210,Contig:100:42.4899:3p:1:25:238,Contig:100:42.4899:3p:1:66:197,Contig:100:42.4899:3p:1:59:176,Contig:150:23.5229:6355,Contig:148:30.4916:5p:1:9:560,Contig:58:23.104:16444,Contig:126:40.853:5p:1:3:520,Contig:44:19.0744:5p:1:5:554,Contig:7:27.1602:22571,Contig:95:30.3196:2736,Contig:150:23.5229:5p:1:5:671,Contig:100:42.4899:3p:1:49:127,Contig:100:42.4899:3p:1:79:110,Contig:33:129.118:2532,Contig:43:27.8935:12904,Contig:7:27.1602:5p:1:2:237,Contig:44:19.0744:5p:1:4:141,Contig:46:43.9868:1085,Contig:44:19.0744:5p:1:2:141,Contig:146:19.2183:74605,Contig:48:40.0595:794,Contig:10:19.0323:2609,Contig:100:42.4899:3p:1:101:238,Contig:138:25.6548:21993,Contig:65:30.6633:10005,Contig:108:35.6813:9791,Contig:100:42.4899:3p:1:44:151,Contig:139:19.743:7362	4	-2.2987825552288763	9.309852022818484	0.6606348278381782	0	0	0	0		1	False	0
ecol-SAMN34360970	PBF_P1	Contig:13:468.185:3992	4	0.0	0.4342409314269776	18.213439192465522	PBF_P9	Contig:67:33.8404:2333,Contig:52:47.7265:722,Contig:20:49.7579:5p:1:3:288,Contig:100:42.4899:3p:1:8:151,Contig:100:42.4899:3p:1:19:176,Contig:100:42.4899:3p:1:43:238,Contig:100:42.4899:3p:1:65:238,Contig:100:42.4899:3p:1:13:127,Contig:121:47.0625:418,Contig:20:49.7579:706,Contig:100:42.4899:3p:1:76:238,Contig:100:42.4899:1210,Contig:100:42.4899:3p:1:25:238,Contig:100:42.4899:3p:1:66:197,Contig:126:40.853:5p:1:3:520,Contig:7:27.1602:22571,Contig:100:42.4899:3p:1:79:110,Contig:33:129.118:2532,Contig:7:27.1602:5p:1:2:237,Contig:138:25.6548:21993,Contig:65:30.6633:10005,Contig:126:40.853:899,Contig:100:42.4899:3p:1:9:102	5	-1.0941726084225654	5.888688686480091	0.9651419684517841	0	0	0	0		1	False	0
ecol-SAMN34360970	PBF_P1	Contig:13:468.185:3992	4	0.0	0.4342409314269776	18.213439192465522	PBF_P10	Contig:130:25.0242:8956,Contig:111:38.4642:5p:1:12:458,Contig:69:30.0437:957,Contig:77:21.502:9231	5	-0.1489277839330487	1.9384933159176858	0.541722661418449	0	0	0	0		1	False	0
ecol-SAMN34360970	PBF_P1	Contig:13:468.185:3992	4	0.0	0.4342409314269776	18.213439192465522	PBF_P11	Contig:132:30.4854:6066,Contig:111:38.4642:5p:1:7:362	5	-0.04634189381383019	0.9973636411029688	1.2303195964748075	0	0	0	0		1	False	0
ecol-SAMN34360970	PBF_P1	Contig:13:468.185:3992	4	0.0	0.4342409314269776	18.213439192465522	PBF_P12	Contig:7:27.1602:5p:1:2:237,Contig:138:25.6548:21993,Contig:89:35.2774:3219,Contig:7:27.1602:22571	4	-0.010734381484954092	1.4329497161738098	0.9945821378649695	0	0	0	0		1	False	0
ecol-SAMN34360970	PBF_P1	Contig:13:468.185:3992	4	0.0	0.4342409314269776	18.213439192465522	PBF_P13	Contig:131:58.9922:448,Contig:79:50.0818:661,Contig:39:51.202:3p:1:2:292,Contig:64:53.2707:690,Contig:22:20.9556:4186,Contig:39:51.202:1729,Contig:135:47.4558:582,Contig:135:47.4558:3p:1:2:353	5	-0.09994749946170711	2.0535022453201095	0.771045587055303	0	0	0	0		1	False	0
ecol-SAMN34360970	PBF_P1	Contig:13:468.185:3992	4	0.0	0.4342409314269776	18.213439192465522	PBF_P14	Contig:33:129.118:2532,Contig:75:19.2372:4718,Contig:136:23.6079:7744	5	-0.04660699732137735	1.321061874203569	0.7541002189552106	0	0	0	0		1	False	0
ecol-SAMN34360970	PBF_P1	Contig:13:468.185:3992	4	0.0	0.4342409314269776	18.213439192465522	PBF_P15	Contig:24:31.772:4795,Contig:105:40.3588:1010	5	-0.13781281279315516	0.9123208354265933	0.9460417928397453	0	0	0	0		1	False	0
ecol-SAMN34360970	PBF_P1	Contig:13:468.185:3992	4	0.0	0.4342409314269776	18.213439192465522	PBF_P16	Contig:43:27.8935:12904,Contig:21:55.8175:1190,Contig:145:25.8567:2039,Contig:61:62.5513:2583,Contig:93:147.945:1250,Contig:51:30.8885:10937	4	-0.046969773709497675	0.8011361088027857	0.8812919876578308	0	0	0	0		1	False	0
ecol-SAMN34360970	PBF_P1	Contig:13:468.185:3992	4	0.0	0.4342409314269776	18.213439192465522	PBF_P17	Contig:28:16.5792:5068,Contig:111:38.4642:1613	4	-0.0016899422948838394	0.8739757593187112	0.6262080805326801	0	0	0	0		1	False	0
ecol-SAMN34360970	PBF_P1	Contig:13:468.185:3992	4	0.0	0.4342409314269776	18.213439192465522	PBF_P18	Contig:50:20.515:3034,Contig:150:23.5229:5p:1:9:732	4	0.0	0.7062893989825291	0.7546511038250914	0	0	0	0		1	False	0
ecol-SAMN34360970	PBF_P1	Contig:13:468.185:3992	4	0.0	0.4342409314269776	18.213439192465522	PBF_P19	Contig:23:22.866:4418	5	0.0	0.465883237440576	0.8851384334052287	0	0	0	0		1	False	0
ecol-SAMN34360970	PBF_P1	Contig:13:468.185:3992	4	0.0	0.4342409314269776	18.213439192465522	PBF_P20	Contig:47:29.7911:3132,Contig:140:49.879:594,Contig:148:30.4916:3400,Contig:61:62.5513:2583,Contig:94:20.1614:1604,Contig:32:17.4791:3065	5	-0.24721782520796218	1.23277387390553	0.6606348278381782	0	0	0	0		1	False	0
ecol-SAMN34360970	PBF_P1	Contig:13:468.185:3992	4	0.0	0.4342409314269776	18.213439192465522	PBF_P21	Contig:79:50.0818:661,Contig:64:53.2707:690,Contig:22:20.9556:4186	5	-0.09994749946170711	1.1335759997579955	0.771045587055303	0	0	0	0		1	False	0
ecol-SAMN34360970	PBF_P1	Contig:13:468.185:3992	4	0.0	0.4342409314269776	18.213439192465522	PBF_P22	Contig:77:21.502:9231,Contig:101:19.8028:6860	4	0.0	0.8805380306054343	0.6898532272088536	0	0	0	0		1	False	0
ecol-SAMN34360970	PBF_P1	Contig:13:468.185:3992	4	0.0	0.4342409314269776	18.213439192465522	PBF_P23	Contig:110:28.186:4992	4	0.0	0.2110475378428336	0.9769090047395638	0	0	0	0		1	False	0
ecol-SAMN34360970	PBF_P1	Contig:13:468.185:3992	4	0.0	0.4342409314269776	18.213439192465522	PBF_P24	Contig:119:25.4264:3942	4	0.0	0.29983485438901725	0.8599504986078026	0	0	0	0		1	False	0
ecol-SAMN34360970	PBF_P1	Contig:13:468.185:3992	4	0.0	0.4342409314269776	18.213439192465522	PBF_P25	Contig:148:30.4916:3400	5	0.0	0.3104088215534112	1.0480696360149853	0	0	0	0		1	False	0
ecol-SAMN34360970	PBF_P1	Contig:13:468.185:3992	4	0.0	0.4342409314269776	18.213439192465522	PBF_P26	Contig:16:16.7123:3534	4	0.0	0.4024554248497726	0.6261641889568632	0	0	0	0		1	False	0
ecol-SAMN34360970	PBF_P1	Contig:13:468.185:3992	4	0.0	0.4342409314269776	18.213439192465522	PBF_P27	Contig:116:19.5884:4315	4	0.0	0.28341071530720896	0.7513940931250932	0	0	0	0		1	False	0
ecol-SAMN34360970	PBF_P2	Contig:2:231.187:Circ:4245	5	0.0	0.42499513971758895	9.262723094704063	PBF_P3	Contig:1:195.517:Circ:5167	4	0.0	0.41552772888935363	7.472123795536595	0	0	0	0		1	False	0
ecol-SAMN34360970	PBF_P2	Contig:2:231.187:Circ:4245	5	0.0	0.42499513971758895	9.262723094704063	PBF_P4	Contig:114:48.3289:1114,Contig:88:46.1816:823,Contig:35:45.5913:1963,Contig:35:45.5913:5p:1:4:505,Contig:131:58.9922:448,Contig:79:50.0818:661,Contig:39:51.202:3p:1:2:292,Contig:88:46.1816:3p:1:3:147,Contig:73:50.6727:2116,Contig:103:40.3743:2366,Contig:78:46.9803:723,Contig:64:53.2707:690,Contig:19:34.8148:8834,Contig:39:51.202:1729,Contig:135:47.4558:582,Contig:135:47.4558:3p:1:2:353	5	-0.0023398120885207985	3.3012648363972352	1.3717678637592916	0	0	0	0		1	False	0
ecol-SAMN34360970	PBF_P2	Contig:2:231.187:Circ:4245	5	0.0	0.42499513971758895	9.262723094704063	PBF_P5	Contig:67:33.8404:2333,Contig:52:47.7265:722,Contig:20:49.7579:5p:1:3:288,Contig:61:62.5513:2583,Contig:124:22.447:270636,Contig:100:42.4899:3p:1:104:151,Contig:31:23.1265:22099,Contig:100:42.4899:3p:1:105:102,Contig:91:41.537:725,Contig:66:20.5529:4303,Contig:120:48.2:419,Contig:36:52.7333:1187,Contig:100:42.4899:3p:1:109:194,Contig:100:42.4899:3p:1:102:488,Contig:100:42.4899:3p:1:114:126,Contig:59:35.073:2025,Contig:140:49.879:594,Contig:20:49.7579:706,Contig:126:40.853:5p:1:3:520,Contig:48:40.0595:794,Contig:100:42.4899:3p:1:101:238,Contig:108:35.6813:9791,Contig:126:40.853:899	5	-0.639922122433515	5.5386076308724865	0.7513989772923847	0	0	0	0		1	False	0
ecol-SAMN34360970	PBF_P2	Contig:2:231.187:Circ:4245	5	0.0	0.42499513971758895	9.262723094704063	PBF_P6	Contig:52:47.7265:722,Contig:67:33.8404:2333,Contig:20:49.7579:5p:1:3:288,Contig:100:42.4899:3p:1:8:151,Contig:100:42.4899:3p:1:19:176,Contig:124:22.447:270636,Contig:100:42.4899:3p:1:43:238,Contig:91:41.537:725,Contig:120:48.2:419,Contig:36:52.7333:1187,Contig:100:42.4899:3p:1:13:127,Contig:20:49.7579:706,Contig:100:42.4899:1210,Contig:100:42.4899:3p:1:25:238,Contig:126:40.853:5p:1:3:520,Contig:7:27.1602:22571,Contig:33:129.118:2532,Contig:7:27.1602:5p:1:2:237,Contig:46:43.9868:1085,Contig:10:19.0323:2609,Contig:138:25.6548:21993,Contig:65:30.6633:10005,Contig:108:35.6813:9791,Contig:126:40.853:899,Contig:100:42.4899:3p:1:9:102	5	-0.7938840050237639	6.188079883992179	0.7253439537200757	0	0	0	0		1	False	0
ecol-SAMN34360970	PBF_P2	Contig:2:231.187:Circ:4245	5	0.0	0.42499513971758895	9.262723094704063	PBF_P7	Contig:114:48.3289:1114,Contig:88:46.1816:823,Contig:35:45.5913:1963,Contig:35:45.5913:5p:1:4:505,Contig:131:58.9922:448,Contig:79:50.0818:661,Contig:39:51.202:3p:1:2:292,Contig:88:46.1816:3p:1:3:147,Contig:73:50.6727:2116,Contig:103:40.3743:2366,Contig:78:46.9803:723,Contig:64:53.2707:690,Contig:22:20.9556:4186,Contig:39:51.202:1729,Contig:135:47.4558:582,Contig:135:47.4558:3p:1:2:353	5	-0.09994749946170711	3.27597357737459	0.771045587055303	0	0	0	0		1	False	0
ecol-SAMN34360970	PBF_P2	Contig:2:231.187:Circ:4245	5	0.0	0.42499513971758895	9.262723094704063	PBF_P8	Contig:67:33.8404:2333,Contig:52:47.7265:722,Contig:20:49.7579:5p:1:3:288,Contig:148:30.4916:3400,Contig:148:30.4916:5p:1:4:133,Contig:148:30.4916:5p:1:8:285,Contig:29:26.7062:5p:1:2:360,Contig:61:62.5513:2583,Contig:126:40.853:899,Contig:94:20.1614:1604,Contig:15:34.3032:543,Contig:44:19.0744:86357,Contig:100:42.4899:3p:1:45:102,Contig:100:42.4899:3p:1:43:238,Contig:21:55.8175:1190,Contig:116:19.5884:4315,Contig:31:23.1265:22099,Contig:93:147.945:1250,Contig:44:19.0744:5p:1:9:462,Contig:29:26.7062:2085,Contig:32:17.4791:3065,Contig:36:52.7333:1187,Contig:100:42.4899:3p:1:65:238,Contig:100:42.4899:3p:1:102:488,Contig:121:47.0625:418,Contig:100:42.4899:3p:1:114:126,Contig:47:29.7911:3132,Contig:59:35.073:2025,Contig:20:49.7579:706,Contig:127:21.7798:68435,Contig:140:49.879:594,Contig:145:25.8567:2039,Contig:100:42.4899:3p:1:76:238,Contig:100:42.4899:1210,Contig:100:42.4899:3p:1:25:238,Contig:100:42.4899:3p:1:66:197,Contig:100:42.4899:3p:1:59:176,Contig:150:23.5229:6355,Contig:148:30.4916:5p:1:9:560,Contig:58:23.104:16444,Contig:126:40.853:5p:1:3:520,Contig:44:19.0744:5p:1:5:554,Contig:7:27.1602:22571,Contig:95:30.3196:2736,Contig:150:23.5229:5p:1:5:671,Contig:100:42.4899:3p:1:49:127,Contig:100:42.4899:3p:1:79:110,Contig:33:129.118:2532,Contig:43:27.8935:12904,Contig:7:27.1602:5p:1:2:237,Contig:44:19.0744:5p:1:4:141,Contig:46:43.9868:1085,Contig:44:19.0744:5p:1:2:141,Contig:146:19.2183:74605,Contig:48:40.0595:794,Contig:10:19.0323:2609,Contig:100:42.4899:3p:1:101:238,Contig:138:25.6548:21993,Contig:65:30.6633:10005,Contig:108:35.6813:9791,Contig:100:42.4899:3p:1:44:151,Contig:139:19.743:7362	4	-2.2987825552288763	9.309852022818484	0.6606348278381782	0	0	0	0		1	False	0
ecol-SAMN34360970	PBF_P2	Contig:2:231.187:Circ:4245	5	0.0	0.42499513971758895	9.262723094704063	PBF_P9	Contig:67:33.8404:2333,Contig:52:47.7265:722,Contig:20:49.7579:5p:1:3:288,Contig:100:42.4899:3p:1:8:151,Contig:100:42.4899:3p:1:19:176,Contig:100:42.4899:3p:1:43:238,Contig:100:42.4899:3p:1:65:238,Contig:100:42.4899:3p:1:13:127,Contig:121:47.0625:418,Contig:20:49.7579:706,Contig:100:42.4899:3p:1:76:238,Contig:100:42.4899:1210,Contig:100:42.4899:3p:1:25:238,Contig:100:42.4899:3p:1:66:197,Contig:126:40.853:5p:1:3:520,Contig:7:27.1602:22571,Contig:100:42.4899:3p:1:79:110,Contig:33:129.118:2532,Contig:7:27.1602:5p:1:2:237,Contig:138:25.6548:21993,Contig:65:30.6633:10005,Contig:126:40.853:899,Contig:100:42.4899:3p:1:9:102	5	-1.0941726084225654	5.888688686480091	0.9651419684517841	0	0	0	0		1	False	0
ecol-SAMN34360970	PBF_P2	Contig:2:231.187:Circ:4245	5	0.0	0.42499513971758895	9.262723094704063	PBF_P10	Contig:130:25.0242:8956,Contig:111:38.4642:5p:1:12:458,Contig:69:30.0437:957,Contig:77:21.502:9231	5	-0.1489277839330487	1.9384933159176858	0.541722661418449	0	0	0	0		1	False	0
ecol-SAMN34360970	PBF_P2	Contig:2:231.187:Circ:4245	5	0.0	0.42499513971758895	9.262723094704063	PBF_P11	Contig:132:30.4854:6066,Contig:111:38.4642:5p:1:7:362	5	-0.04634189381383019	0.9973636411029688	1.2303195964748075	0	0	0	0		1	False	0
ecol-SAMN34360970	PBF_P2	Contig:2:231.187:Circ:4245	5	0.0	0.42499513971758895	9.262723094704063	PBF_P12	Contig:7:27.1602:5p:1:2:237,Contig:138:25.6548:21993,Contig:89:35.2774:3219,Contig:7:27.1602:22571	4	-0.010734381484954092	1.4329497161738098	0.9945821378649695	0	0	0	0		1	False	0
ecol-SAMN34360970	PBF_P2	Contig:2:231.187:Circ:4245	5	0.0	0.42499513971758895	9.262723094704063	PBF_P13	Contig:131:58.9922:448,Contig:79:50.0818:661,Contig:39:51.202:3p:1:2:292,Contig:64:53.2707:690,Contig:22:20.9556:4186,Contig:39:51.202:1729,Contig:135:47.4558:582,Contig:135:47.4558:3p:1:2:353	5	-0.09994749946170711	2.0535022453201095	0.771045587055303	0	0	0	0		1	False	0
ecol-SAMN34360970	PBF_P2	Contig:2:231.187:Circ:4245	5	0.0	0.42499513971758895	9.262723094704063	PBF_P14	Contig:33:129.118:2532,Contig:75:19.2372:4718,Contig:136:23.6079:7744	5	-0.04660699732137735	1.321061874203569	0.7541002189552106	0	0	0	0		1	False	0
ecol-SAMN34360970	PBF_P2	Contig:2:231.187:Circ:4245	5	0.0	0.42499513971758895	9.262723094704063	PBF_P15	Contig:24:31.772:4795,Contig:105:40.3588:1010	5	-0.13781281279315516	0.9123208354265933	0.9460417928397453	0	0	0	0		1	False	0
ecol-SAMN34360970	PBF_P2	Contig:2:231.187:Circ:4245	5	0.0	0.42499513971758895	9.262723094704063	PBF_P16	Contig:43:27.8935:12904,Contig:21:55.8175:1190,Contig:145:25.8567:2039,Contig:61:62.5513:2583,Contig:93:147.945:1250,Contig:51:30.8885:10937	4	-0.046969773709497675	0.8011361088027857	0.8812919876578308	0	0	0	0		1	False	0
ecol-SAMN34360970	PBF_P2	Contig:2:231.187:Circ:4245	5	0.0	0.42499513971758895	9.262723094704063	PBF_P17	Contig:28:16.5792:5068,Contig:111:38.4642:1613	4	-0.0016899422948838394	0.8739757593187112	0.6262080805326801	0	0	0	0		1	False	0
ecol-SAMN34360970	PBF_P2	Contig:2:231.187:Circ:4245	5	0.0	0.42499513971758895	9.262723094704063	PBF_P18	Contig:50:20.515:3034,Contig:150:23.5229:5p:1:9:732	4	0.0	0.7062893989825291	0.7546511038250914	0	0	0	0		1	False	0
ecol-SAMN34360970	PBF_P2	Contig:2:231.187:Circ:4245	5	0.0	0.42499513971758895	9.262723094704063	PBF_P19	Contig:23:22.866:4418	5	0.0	0.465883237440576	0.8851384334052287	0	0	0	0		1	False	0
ecol-SAMN34360970	PBF_P2	Contig:2:231.187:Circ:4245	5	0.0	0.42499513971758895	9.262723094704063	PBF_P20	Contig:47:29.7911:3132,Contig:140:49.879:594,Contig:148:30.4916:3400,Contig:61:62.5513:2583,Contig:94:20.1614:1604,Contig:32:17.4791:3065	5	-0.24721782520796218	1.23277387390553	0.6606348278381782	0	0	0	0		1	False	0
ecol-SAMN34360970	PBF_P2	Contig:2:231.187:Circ:4245	5	0.0	0.42499513971758895	9.262723094704063	PBF_P21	Contig:79:50.0818:661,Contig:64:53.2707:690,Contig:22:20.9556:4186	5	-0.09994749946170711	1.1335759997579955	0.771045587055303	0	0	0	0		1	False	0
ecol-SAMN34360970	PBF_P2	Contig:2:231.187:Circ:4245	5	0.0	0.42499513971758895	9.262723094704063	PBF_P22	Contig:77:21.502:9231,Contig:101:19.8028:6860	4	0.0	0.8805380306054343	0.6898532272088536	0	0	0	0		1	False	0
ecol-SAMN34360970	PBF_P2	Contig:2:231.187:Circ:4245	5	0.0	0.42499513971758895	9.262723094704063	PBF_P23	Contig:110:28.186:4992	4	0.0	0.2110475378428336	0.9769090047395638	0	0	0	0		1	False	0
ecol-SAMN34360970	PBF_P2	Contig:2:231.187:Circ:4245	5	0.0	0.42499513971758895	9.262723094704063	PBF_P24	Contig:119:25.4264:3942	4	0.0	0.29983485438901725	0.8599504986078026	0	0	0	0		1	False	0
ecol-SAMN34360970	PBF_P2	Contig:2:231.187:Circ:4245	5	0.0	0.42499513971758895	9.262723094704063	PBF_P25	Contig:148:30.4916:3400	5	0.0	0.3104088215534112	1.0480696360149853	0	0	0	0		1	False	0
ecol-SAMN34360970	PBF_P2	Contig:2:231.187:Circ:4245	5	0.0	0.42499513971758895	9.262723094704063	PBF_P26	Contig:16:16.7123:3534	4	0.0	0.4024554248497726	0.6261641889568632	0	0	0	0		1	False	0
ecol-SAMN34360970	PBF_P2	Contig:2:231.187:Circ:4245	5	0.0	0.42499513971758895	9.262723094704063	PBF_P27	Contig:116:19.5884:4315	4	0.0	0.28341071530720896	0.7513940931250932	0	0	0	0		1	False	0
ecol-SAMN34360970	PBF_P3	Contig:1:195.517:Circ:5167	4	0.0	0.41552772888935363	7.472123795536595	PBF_P4	Contig:114:48.3289:1114,Contig:88:46.1816:823,Contig:35:45.5913:1963,Contig:35:45.5913:5p:1:4:505,Contig:131:58.9922:448,Contig:79:50.0818:661,Contig:39:51.202:3p:1:2:292,Contig:88:46.1816:3p:1:3:147,Contig:73:50.6727:2116,Contig:103:40.3743:2366,Contig:78:46.9803:723,Contig:64:53.2707:690,Contig:19:34.8148:8834,Contig:39:51.202:1729,Contig:135:47.4558:582,Contig:135:47.4558:3p:1:2:353	5	-0.0023398120885207985	3.3012648363972352	1.3717678637592916	0	0	0	0		1	False	0
ecol-SAMN34360970	PBF_P3	Contig:1:195.517:Circ:5167	4	0.0	0.41552772888935363	7.472123795536595	PBF_P5	Contig:67:33.8404:2333,Contig:52:47.7265:722,Contig:20:49.7579:5p:1:3:288,Contig:61:62.5513:2583,Contig:124:22.447:270636,Contig:100:42.4899:3p:1:104:151,Contig:31:23.1265:22099,Contig:100:42.4899:3p:1:105:102,Contig:91:41.537:725,Contig:66:20.5529:4303,Contig:120:48.2:419,Contig:36:52.7333:1187,Contig:100:42.4899:3p:1:109:194,Contig:100:42.4899:3p:1:102:488,Contig:100:42.4899:3p:1:114:126,Contig:59:35.073:2025,Contig:140:49.879:594,Contig:20:49.7579:706,Contig:126:40.853:5p:1:3:520,Contig:48:40.0595:794,Contig:100:42.4899:3p:1:101:238,Contig:108:35.6813:9791,Contig:126:40.853:899	5	-0.639922122433515	5.5386076308724865	0.7513989772923847	0	0	0	0		1	False	0
ecol-SAMN34360970	PBF_P3	Contig:1:195.517:Circ:5167	4	0.0	0.41552772888935363	7.472123795536595	PBF_P6	Contig:52:47.7265:722,Contig:67:33.8404:2333,Contig:20:49.7579:5p:1:3:288,Contig:100:42.4899:3p:1:8:151,Contig:100:42.4899:3p:1:19:176,Contig:124:22.447:270636,Contig:100:42.4899:3p:1:43:238,Contig:91:41.537:725,Contig:120:48.2:419,Contig:36:52.7333:1187,Contig:100:42.4899:3p:1:13:127,Contig:20:49.7579:706,Contig:100:42.4899:1210,Contig:100:42.4899:3p:1:25:238,Contig:126:40.853:5p:1:3:520,Contig:7:27.1602:22571,Contig:33:129.118:2532,Contig:7:27.1602:5p:1:2:237,Contig:46:43.9868:1085,Contig:10:19.0323:2609,Contig:138:25.6548:21993,Contig:65:30.6633:10005,Contig:108:35.6813:9791,Contig:126:40.853:899,Contig:100:42.4899:3p:1:9:102	5	-0.7938840050237639	6.188079883992179	0.7253439537200757	0	0	0	0		1	False	0
ecol-SAMN34360970	PBF_P3	Contig:1:195.517:Circ:5167	4	0.0	0.41552772888935363	7.472123795536595	PBF_P7	Contig:114:48.3289:1114,Contig:88:46.1816:823,Contig:35:45.5913:1963,Contig:35:45.5913:5p:1:4:505,Contig:131:58.9922:448,Contig:79:50.0818:661,Contig:39:51.202:3p:1:2:292,Contig:88:46.1816:3p:1:3:147,Contig:73:50.6727:2116,Contig:103:40.3743:2366,Contig:78:46.9803:723,Contig:64:53.2707:690,Contig:22:20.9556:4186,Contig:39:51.202:1729,Contig:135:47.4558:582,Contig:135:47.4558:3p:1:2:353	5	-0.09994749946170711	3.27597357737459	0.771045587055303	0	0	0	0		1	False	0
ecol-SAMN34360970	PBF_P3	Contig:1:195.517:Circ:5167	4	0.0	0.41552772888935363	7.472123795536595	PBF_P8	Contig:67:33.8404:2333,Contig:52:47.7265:722,Contig:20:49.7579:5p:1:3:288,Contig:148:30.4916:3400,Contig:148:30.4916:5p:1:4:133,Contig:148:30.4916:5p:1:8:285,Contig:29:26.7062:5p:1:2:360,Contig:61:62.5513:2583,Contig:126:40.853:899,Contig:94:20.1614:1604,Contig:15:34.3032:543,Contig:44:19.0744:86357,Contig:100:42.4899:3p:1:45:102,Contig:100:42.4899:3p:1:43:238,Contig:21:55.8175:1190,Contig:116:19.5884:4315,Contig:31:23.1265:22099,Contig:93:147.945:1250,Contig:44:19.0744:5p:1:9:462,Contig:29:26.7062:2085,Contig:32:17.4791:3065,Contig:36:52.7333:1187,Contig:100:42.4899:3p:1:65:238,Contig:100:42.4899:3p:1:102:488,Contig:121:47.0625:418,Contig:100:42.4899:3p:1:114:126,Contig:47:29.7911:3132,Contig:59:35.073:2025,Contig:20:49.7579:706,Contig:127:21.7798:68435,Contig:140:49.879:594,Contig:145:25.8567:2039,Contig:100:42.4899:3p:1:76:238,Contig:100:42.4899:1210,Contig:100:42.4899:3p:1:25:238,Contig:100:42.4899:3p:1:66:197,Contig:100:42.4899:3p:1:59:176,Contig:150:23.5229:6355,Contig:148:30.4916:5p:1:9:560,Contig:58:23.104:16444,Contig:126:40.853:5p:1:3:520,Contig:44:19.0744:5p:1:5:554,Contig:7:27.1602:22571,Contig:95:30.3196:2736,Contig:150:23.5229:5p:1:5:671,Contig:100:42.4899:3p:1:49:127,Contig:100:42.4899:3p:1:79:110,Contig:33:129.118:2532,Contig:43:27.8935:12904,Contig:7:27.1602:5p:1:2:237,Contig:44:19.0744:5p:1:4:141,Contig:46:43.9868:1085,Contig:44:19.0744:5p:1:2:141,Contig:146:19.2183:74605,Contig:48:40.0595:794,Contig:10:19.0323:2609,Contig:100:42.4899:3p:1:101:238,Contig:138:25.6548:21993,Contig:65:30.6633:10005,Contig:108:35.6813:9791,Contig:100:42.4899:3p:1:44:151,Contig:139:19.743:7362	4	-2.2987825552288763	9.309852022818484	0.6606348278381782	0	0	0	0		1	False	0
ecol-SAMN34360970	PBF_P3	Contig:1:195.517:Circ:5167	4	0.0	0.41552772888935363	7.472123795536595	PBF_P9	Contig:67:33.8404:2333,Contig:52:47.7265:722,Contig:20:49.7579:5p:1:3:288,Contig:100:42.4899:3p:1:8:151,Contig:100:42.4899:3p:1:19:176,Contig:100:42.4899:3p:1:43:238,Contig:100:42.4899:3p:1:65:238,Contig:100:42.4899:3p:1:13:127,Contig:121:47.0625:418,Contig:20:49.7579:706,Contig:100:42.4899:3p:1:76:238,Contig:100:42.4899:1210,Contig:100:42.4899:3p:1:25:238,Contig:100:42.4899:3p:1:66:197,Contig:126:40.853:5p:1:3:520,Contig:7:27.1602:22571,Contig:100:42.4899:3p:1:79:110,Contig:33:129.118:2532,Contig:7:27.1602:5p:1:2:237,Contig:138:25.6548:21993,Contig:65:30.6633:10005,Contig:126:40.853:899,Contig:100:42.4899:3p:1:9:102	5	-1.0941726084225654	5.888688686480091	0.9651419684517841	0	0	0	0		1	False	0
ecol-SAMN34360970	PBF_P3	Contig:1:195.517:Circ:5167	4	0.0	0.41552772888935363	7.472123795536595	PBF_P10	Contig:130:25.0242:8956,Contig:111:38.4642:5p:1:12:458,Contig:69:30.0437:957,Contig:77:21.502:9231	5	-0.1489277839330487	1.9384933159176858	0.541722661418449	0	0	0	0		1	False	0
ecol-SAMN34360970	PBF_P3	Contig:1:195.517:Circ:5167	4	0.0	0.41552772888935363	7.472123795536595	PBF_P11	Contig:132:30.4854:6066,Contig:111:38.4642:5p:1:7:362	5	-0.04634189381383019	0.9973636411029688	1.2303195964748075	0	0	0	0		1	False	0
ecol-SAMN34360970	PBF_P3	Contig:1:195.517:Circ:5167	4	0.0	0.41552772888935363	7.472123795536595	PBF_P12	Contig:7:27.1602:5p:1:2:237,Contig:138:25.6548:21993,Contig:89:35.2774:3219,Contig:7:27.1602:22571	4	-0.010734381484954092	1.4329497161738098	0.9945821378649695	0	0	0	0		1	False	0
ecol-SAMN34360970	PBF_P3	Contig:1:195.517:Circ:5167	4	0.0	0.41552772888935363	7.472123795536595	PBF_P13	Contig:131:58.9922:448,Contig:79:50.0818:661,Contig:39:51.202:3p:1:2:292,Contig:64:53.2707:690,Contig:22:20.9556:4186,Contig:39:51.202:1729,Contig:135:47.4558:582,Contig:135:47.4558:3p:1:2:353	5	-0.09994749946170711	2.0535022453201095	0.771045587055303	0	0	0	0		1	False	0
ecol-SAMN34360970	PBF_P3	Contig:1:195.517:Circ:5167	4	0.0	0.41552772888935363	7.472123795536595	PBF_P14	Contig:33:129.118:2532,Contig:75:19.2372:4718,Contig:136:23.6079:7744	5	-0.04660699732137735	1.321061874203569	0.7541002189552106	0	0	0	0		1	False	0
ecol-SAMN34360970	PBF_P3	Contig:1:195.517:Circ:5167	4	0.0	0.41552772888935363	7.472123795536595	PBF_P15	Contig:24:31.772:4795,Contig:105:40.3588:1010	5	-0.13781281279315516	0.9123208354265933	0.9460417928397453	0	0	0	0		1	False	0
ecol-SAMN34360970	PBF_P3	Contig:1:195.517:Circ:5167	4	0.0	0.41552772888935363	7.472123795536595	PBF_P16	Contig:43:27.8935:12904,Contig:21:55.8175:1190,Contig:145:25.8567:2039,Contig:61:62.5513:2583,Contig:93:147.945:1250,Contig:51:30.8885:10937	4	-0.046969773709497675	0.8011361088027857	0.8812919876578308	0	0	0	0		1	False	0
ecol-SAMN34360970	PBF_P3	Contig:1:195.517:Circ:5167	4	0.0	0.41552772888935363	7.472123795536595	PBF_P17	Contig:28:16.5792:5068,Contig:111:38.4642:1613	4	-0.0016899422948838394	0.8739757593187112	0.6262080805326801	0	0	0	0		1	False	0
ecol-SAMN34360970	PBF_P3	Contig:1:195.517:Circ:5167	4	0.0	0.41552772888935363	7.472123795536595	PBF_P18	Contig:50:20.515:3034,Contig:150:23.5229:5p:1:9:732	4	0.0	0.7062893989825291	0.7546511038250914	0	0	0	0		1	False	0
ecol-SAMN34360970	PBF_P3	Contig:1:195.517:Circ:5167	4	0.0	0.41552772888935363	7.472123795536595	PBF_P19	Contig:23:22.866:4418	5	0.0	0.465883237440576	0.8851384334052287	0	0	0	0		1	False	0
ecol-SAMN34360970	PBF_P3	Contig:1:195.517:Circ:5167	4	0.0	0.41552772888935363	7.472123795536595	PBF_P20	Contig:47:29.7911:3132,Contig:140:49.879:594,Contig:148:30.4916:3400,Contig:61:62.5513:2583,Contig:94:20.1614:1604,Contig:32:17.4791:3065	5	-0.24721782520796218	1.23277387390553	0.6606348278381782	0	0	0	0		1	False	0
ecol-SAMN34360970	PBF_P3	Contig:1:195.517:Circ:5167	4	0.0	0.41552772888935363	7.472123795536595	PBF_P21	Contig:79:50.0818:661,Contig:64:53.2707:690,Contig:22:20.9556:4186	5	-0.09994749946170711	1.1335759997579955	0.771045587055303	0	0	0	0		1	False	0
ecol-SAMN34360970	PBF_P3	Contig:1:195.517:Circ:5167	4	0.0	0.41552772888935363	7.472123795536595	PBF_P22	Contig:77:21.502:9231,Contig:101:19.8028:6860	4	0.0	0.8805380306054343	0.6898532272088536	0	0	0	0		1	False	0
ecol-SAMN34360970	PBF_P3	Contig:1:195.517:Circ:5167	4	0.0	0.41552772888935363	7.472123795536595	PBF_P23	Contig:110:28.186:4992	4	0.0	0.2110475378428336	0.9769090047395638	0	0	0	0		1	False	0
ecol-SAMN34360970	PBF_P3	Contig:1:195.517:Circ:5167	4	0.0	0.41552772888935363	7.472123795536595	PBF_P24	Contig:119:25.4264:3942	4	0.0	0.29983485438901725	0.8599504986078026	0	0	0	0		1	False	0
ecol-SAMN34360970	PBF_P3	Contig:1:195.517:Circ:5167	4	0.0	0.41552772888935363	7.472123795536595	PBF_P25	Contig:148:30.4916:3400	5	0.0	0.3104088215534112	1.0480696360149853	0	0	0	0		1	False	0
ecol-SAMN34360970	PBF_P3	Contig:1:195.517:Circ:5167	4	0.0	0.41552772888935363	7.472123795536595	PBF_P26	Contig:16:16.7123:3534	4	0.0	0.4024554248497726	0.6261641889568632	0	0	0	0		1	False	0
ecol-SAMN34360970	PBF_P3	Contig:1:195.517:Circ:5167	4	0.0	0.41552772888935363	7.472123795536595	PBF_P27	Contig:116:19.5884:4315	4	0.0	0.28341071530720896	0.7513940931250932	0	0	0	0		1	False	0
ecol-SAMN34360970	PBF_P4	Contig:114:48.3289:1114,Contig:88:46.1816:823,Contig:35:45.5913:1963,Contig:35:45.5913:5p:1:4:505,Contig:131:58.9922:448,Contig:79:50.0818:661,Contig:39:51.202:3p:1:2:292,Contig:88:46.1816:3p:1:3:147,Contig:73:50.6727:2116,Contig:103:40.3743:2366,Contig:78:46.9803:723,Contig:64:53.2707:690,Contig:19:34.8148:8834,Contig:39:51.202:1729,Contig:135:47.4558:582,Contig:135:47.4558:3p:1:2:353	5	-0.0023398120885207985	3.3012648363972352	1.3717678637592916	PBF_P5	Contig:67:33.8404:2333,Contig:52:47.7265:722,Contig:20:49.7579:5p:1:3:288,Contig:61:62.5513:2583,Contig:124:22.447:270636,Contig:100:42.4899:3p:1:104:151,Contig:31:23.1265:22099,Contig:100:42.4899:3p:1:105:102,Contig:91:41.537:725,Contig:66:20.5529:4303,Contig:120:48.2:419,Contig:36:52.7333:1187,Contig:100:42.4899:3p:1:109:194,Contig:100:42.4899:3p:1:102:488,Contig:100:42.4899:3p:1:114:126,Contig:59:35.073:2025,Contig:140:49.879:594,Contig:20:49.7579:706,Contig:126:40.853:5p:1:3:520,Contig:48:40.0595:794,Contig:100:42.4899:3p:1:101:238,Contig:108:35.6813:9791,Contig:126:40.853:899	5	-0.639922122433515	5.5386076308724865	0.7513989772923847	5	-1.6970916481891185	7.872156244847673	0.08384331289744296	Contig:112:20.093:225740,Contig:11:23.923:56484,Contig:149:26.8685:34428,Contig:15:34.3032:543,Contig:42:24.8933:134338,Contig:44:19.0744:86357,Contig:51:30.8885:10937,Contig:55:37.5782:434,Contig:56:74.5997:957,Contig:62:17.1133:7721,Contig:74:193.457:1298,Contig:85:44.2704:2125,Contig:93:147.945:1250,Contig:42:24.8933:5p:1:2:102,Contig:44:19.0744:5p:1:2:141,Contig:44:19.0744:5p:1:4:141,Contig:44:19.0744:5p:1:5:554,Contig:44:19.0744:5p:1:9:462,Contig:62:17.1133:3p:1:3:188	0	False	0
ecol-SAMN34360970	PBF_P4	Contig:114:48.3289:1114,Contig:88:46.1816:823,Contig:35:45.5913:1963,Contig:35:45.5913:5p:1:4:505,Contig:131:58.9922:448,Contig:79:50.0818:661,Contig:39:51.202:3p:1:2:292,Contig:88:46.1816:3p:1:3:147,Contig:73:50.6727:2116,Contig:103:40.3743:2366,Contig:78:46.9803:723,Contig:64:53.2707:690,Contig:19:34.8148:8834,Contig:39:51.202:1729,Contig:135:47.4558:582,Contig:135:47.4558:3p:1:2:353	5	-0.0023398120885207985	3.3012648363972352	1.3717678637592916	PBF_P6	Contig:52:47.7265:722,Contig:67:33.8404:2333,Contig:20:49.7579:5p:1:3:288,Contig:100:42.4899:3p:1:8:151,Contig:100:42.4899:3p:1:19:176,Contig:124:22.447:270636,Contig:100:42.4899:3p:1:43:238,Contig:91:41.537:725,Contig:120:48.2:419,Contig:36:52.7333:1187,Contig:100:42.4899:3p:1:13:127,Contig:20:49.7579:706,Contig:100:42.4899:1210,Contig:100:42.4899:3p:1:25:238,Contig:126:40.853:5p:1:3:520,Contig:7:27.1602:22571,Contig:33:129.118:2532,Contig:7:27.1602:5p:1:2:237,Contig:46:43.9868:1085,Contig:10:19.0323:2609,Contig:138:25.6548:21993,Contig:65:30.6633:10005,Contig:108:35.6813:9791,Contig:126:40.853:899,Contig:100:42.4899:3p:1:9:102	5	-0.7938840050237639	6.188079883992179	0.7253439537200757	5	-1.7367990813854488	10.506077685184803	0.08384331289744296	Contig:112:20.093:225740,Contig:141:26.8054:203494,Contig:15:34.3032:543,Contig:44:19.0744:86357,Contig:55:37.5782:434,Contig:62:17.1133:7721,Contig:85:44.2704:2125,Contig:93:147.945:1250,Contig:44:19.0744:5p:1:2:141,Contig:44:19.0744:5p:1:4:141,Contig:44:19.0744:5p:1:5:554,Contig:44:19.0744:5p:1:9:462,Contig:62:17.1133:3p:1:3:188	0	False	0
ecol-SAMN34360970	PBF_P4	Contig:114:48.3289:1114,Contig:88:46.1816:823,Contig:35:45.5913:1963,Contig:35:45.5913:5p:1:4:505,Contig:131:58.9922:448,Contig:79:50.0818:661,Contig:39:51.202:3p:1:2:292,Contig:88:46.1816:3p:1:3:147,Contig:73:50.6727:2116,Contig:103:40.3743:2366,Contig:78:46.9803:723,Contig:64:53.2707:690,Contig:19:34.8148:8834,Contig:39:51.202:1729,Contig:135:47.4558:582,Contig:135:47.4558:3p:1:2:353	5	-0.0023398120885207985	3.3012648363972352	1.3717678637592916	PBF_P7	Contig:114:48.3289:1114,Contig:88:46.1816:823,Contig:35:45.5913:1963,Contig:35:45.5913:5p:1:4:505,Contig:131:58.9922:448,Contig:79:50.0818:661,Contig:39:51.202:3p:1:2:292,Contig:88:46.1816:3p:1:3:147,Contig:73:50.6727:2116,Contig:103:40.3743:2366,Contig:78:46.9803:723,Contig:64:53.2707:690,Contig:22:20.9556:4186,Contig:39:51.202:1729,Contig:135:47.4558:582,Contig:135:47.4558:3p:1:2:353	5	-0.09994749946170711	3.27597357737459	0.771045587055303	5	-0.16098034264011274	7.214997020474915	0.7710455870546866	Contig:115:29.8739:612,Contig:88:46.1816:3p:1:4:147	0	True	0
ecol-SAMN34360970	PBF_P4	Contig:114:48.3289:1114,Contig:88:46.1816:823,Contig:35:45.5913:1963,Contig:35:45.5913:5p:1:4:505,Contig:131:58.9922:448,Contig:79:50.0818:661,Contig:39:51.202:3p:1:2:292,Contig:88:46.1816:3p:1:3:147,Contig:73:50.6727:2116,Contig:103:40.3743:2366,Contig:78:46.9803:723,Contig:64:53.2707:690,Contig:19:34.8148:8834,Contig:39:51.202:1729,Contig:135:47.4558:582,Contig:135:47.4558:3p:1:2:353	5	-0.0023398120885207985	3.3012648363972352	1.3717678637592916	PBF_P8	Contig:67:33.8404:2333,Contig:52:47.7265:722,Contig:20:49.7579:5p:1:3:288,Contig:148:30.4916:3400,Contig:148:30.4916:5p:1:4:133,Contig:148:30.4916:5p:1:8:285,Contig:29:26.7062:5p:1:2:360,Contig:61:62.5513:2583,Contig:126:40.853:899,Contig:94:20.1614:1604,Contig:15:34.3032:543,Contig:44:19.0744:86357,Contig:100:42.4899:3p:1:45:102,Contig:100:42.4899:3p:1:43:238,Contig:21:55.8175:1190,Contig:116:19.5884:4315,Contig:31:23.1265:22099,Contig:93:147.945:1250,Contig:44:19.0744:5p:1:9:462,Contig:29:26.7062:2085,Contig:32:17.4791:3065,Contig:36:52.7333:1187,Contig:100:42.4899:3p:1:65:238,Contig:100:42.4899:3p:1:102:488,Contig:121:47.0625:418,Contig:100:42.4899:3p:1:114:126,Contig:47:29.7911:3132,Contig:59:35.073:2025,Contig:20:49.7579:706,Contig:127:21.7798:68435,Contig:140:49.879:594,Contig:145:25.8567:2039,Contig:100:42.4899:3p:1:76:238,Contig:100:42.4899:1210,Contig:100:42.4899:3p:1:25:238,Contig:100:42.4899:3p:1:66:197,Contig:100:42.4899:3p:1:59:176,Contig:150:23.5229:6355,Contig:148:30.4916:5p:1:9:560,Contig:58:23.104:16444,Contig:126:40.853:5p:1:3:520,Contig:44:19.0744:5p:1:5:554,Contig:7:27.1602:22571,Contig:95:30.3196:2736,Contig:150:23.5229:5p:1:5:671,Contig:100:42.4899:3p:1:49:127,Contig:100:42.4899:3p:1:79:110,Contig:33:129.118:2532,Contig:43:27.8935:12904,Contig:7:27.1602:5p:1:2:237,Contig:44:19.0744:5p:1:4:141,Contig:46:43.9868:1085,Contig:44:19.0744:5p:1:2:141,Contig:146:19.2183:74605,Contig:48:40.0595:794,Contig:10:19.0323:2609,Contig:100:42.4899:3p:1:101:238,Contig:138:25.6548:21993,Contig:65:30.6633:10005,Contig:108:35.6813:9791,Contig:100:42.4899:3p:1:44:151,Contig:139:19.743:7362	4	-2.2987825552288763	9.309852022818484	0.6606348278381782	5	-3.1995025020729084	12.707929353001827	0.6591509017071076	Contig:112:20.093:225740,Contig:55:37.5782:434,Contig:62:17.1133:7721,Contig:85:44.2704:2125,Contig:62:17.1133:3p:1:3:188	0	False	0
ecol-SAMN34360970	PBF_P4	Contig:114:48.3289:1114,Contig:88:46.1816:823,Contig:35:45.5913:1963,Contig:35:45.5913:5p:1:4:505,Contig:131:58.9922:448,Contig:79:50.0818:661,Contig:39:51.202:3p:1:2:292,Contig:88:46.1816:3p:1:3:147,Contig:73:50.6727:2116,Contig:103:40.3743:2366,Contig:78:46.9803:723,Contig:64:53.2707:690,Contig:19:34.8148:8834,Contig:39:51.202:1729,Contig:135:47.4558:582,Contig:135:47.4558:3p:1:2:353	5	-0.0023398120885207985	3.3012648363972352	1.3717678637592916	PBF_P9	Contig:67:33.8404:2333,Contig:52:47.7265:722,Contig:20:49.7579:5p:1:3:288,Contig:100:42.4899:3p:1:8:151,Contig:100:42.4899:3p:1:19:176,Contig:100:42.4899:3p:1:43:238,Contig:100:42.4899:3p:1:65:238,Contig:100:42.4899:3p:1:13:127,Contig:121:47.0625:418,Contig:20:49.7579:706,Contig:100:42.4899:3p:1:76:238,Contig:100:42.4899:1210,Contig:100:42.4899:3p:1:25:238,Contig:100:42.4899:3p:1:66:197,Contig:126:40.853:5p:1:3:520,Contig:7:27.1602:22571,Contig:100:42.4899:3p:1:79:110,Contig:33:129.118:2532,Contig:7:27.1602:5p:1:2:237,Contig:138:25.6548:21993,Contig:65:30.6633:10005,Contig:126:40.853:899,Contig:100:42.4899:3p:1:9:102	5	-1.0941726084225654	5.888688686480091	0.9651419684517841	5	-2.0370876847842503	10.206686487672714	0.08384331289744296	Contig:112:20.093:225740,Contig:141:26.8054:203494,Contig:15:34.3032:543,Contig:44:19.0744:86357,Contig:55:37.5782:434,Contig:62:17.1133:7721,Contig:85:44.2704:2125,Contig:93:147.945:1250,Contig:44:19.0744:5p:1:2:141,Contig:44:19.0744:5p:1:4:141,Contig:44:19.0744:5p:1:5:554,Contig:44:19.0744:5p:1:9:462,Contig:62:17.1133:3p:1:3:188	0	False	0
ecol-SAMN34360970	PBF_P4	Contig:114:48.3289:1114,Contig:88:46.1816:823,Contig:35:45.5913:1963,Contig:35:45.5913:5p:1:4:505,Contig:131:58.9922:448,Contig:79:50.0818:661,Contig:39:51.202:3p:1:2:292,Contig:88:46.1816:3p:1:3:147,Contig:73:50.6727:2116,Contig:103:40.3743:2366,Contig:78:46.9803:723,Contig:64:53.2707:690,Contig:19:34.8148:8834,Contig:39:51.202:1729,Contig:135:47.4558:582,Contig:135:47.4558:3p:1:2:353	5	-0.0023398120885207985	3.3012648363972352	1.3717678637592916	PBF_P10	Contig:130:25.0242:8956,Contig:111:38.4642:5p:1:12:458,Contig:69:30.0437:957,Contig:77:21.502:9231	5	-0.1489277839330487	1.9384933159176858	0.541722661418449	0	0	0	0		1	False	0
ecol-SAMN34360970	PBF_P4	Contig:114:48.3289:1114,Contig:88:46.1816:823,Contig:35:45.5913:1963,Contig:35:45.5913:5p:1:4:505,Contig:131:58.9922:448,Contig:79:50.0818:661,Contig:39:51.202:3p:1:2:292,Contig:88:46.1816:3p:1:3:147,Contig:73:50.6727:2116,Contig:103:40.3743:2366,Contig:78:46.9803:723,Contig:64:53.2707:690,Contig:19:34.8148:8834,Contig:39:51.202:1729,Contig:135:47.4558:582,Contig:135:47.4558:3p:1:2:353	5	-0.0023398120885207985	3.3012648363972352	1.3717678637592916	PBF_P11	Contig:132:30.4854:6066,Contig:111:38.4642:5p:1:7:362	5	-0.04634189381383019	0.9973636411029688	1.2303195964748075	0	0	0	0		1	False	0
ecol-SAMN34360970	PBF_P4	Contig:114:48.3289:1114,Contig:88:46.1816:823,Contig:35:45.5913:1963,Contig:35:45.5913:5p:1:4:505,Contig:131:58.9922:448,Contig:79:50.0818:661,Contig:39:51.202:3p:1:2:292,Contig:88:46.1816:3p:1:3:147,Contig:73:50.6727:2116,Contig:103:40.3743:2366,Contig:78:46.9803:723,Contig:64:53.2707:690,Contig:19:34.8148:8834,Contig:39:51.202:1729,Contig:135:47.4558:582,Contig:135:47.4558:3p:1:2:353	5	-0.0023398120885207985	3.3012648363972352	1.3717678637592916	PBF_P12	Contig:7:27.1602:5p:1:2:237,Contig:138:25.6548:21993,Contig:89:35.2774:3219,Contig:7:27.1602:22571	4	-0.010734381484954092	1.4329497161738098	0.9945821378649695	0	0	0	0		1	False	0
ecol-SAMN34360970	PBF_P4	Contig:114:48.3289:1114,Contig:88:46.1816:823,Contig:35:45.5913:1963,Contig:35:45.5913:5p:1:4:505,Contig:131:58.9922:448,Contig:79:50.0818:661,Contig:39:51.202:3p:1:2:292,Contig:88:46.1816:3p:1:3:147,Contig:73:50.6727:2116,Contig:103:40.3743:2366,Contig:78:46.9803:723,Contig:64:53.2707:690,Contig:19:34.8148:8834,Contig:39:51.202:1729,Contig:135:47.4558:582,Contig:135:47.4558:3p:1:2:353	5	-0.0023398120885207985	3.3012648363972352	1.3717678637592916	PBF_P13	Contig:131:58.9922:448,Contig:79:50.0818:661,Contig:39:51.202:3p:1:2:292,Contig:64:53.2707:690,Contig:22:20.9556:4186,Contig:39:51.202:1729,Contig:135:47.4558:582,Contig:135:47.4558:3p:1:2:353	5	-0.09994749946170711	2.0535022453201095	0.771045587055303	5	-0.10228731155022791	5.688743771128989	0.7710455870546866	Contig:104:39.994:1354	0	True	0
ecol-SAMN34360970	PBF_P4	Contig:114:48.3289:1114,Contig:88:46.1816:823,Contig:35:45.5913:1963,Contig:35:45.5913:5p:1:4:505,Contig:131:58.9922:448,Contig:79:50.0818:661,Contig:39:51.202:3p:1:2:292,Contig:88:46.1816:3p:1:3:147,Contig:73:50.6727:2116,Contig:103:40.3743:2366,Contig:78:46.9803:723,Contig:64:53.2707:690,Contig:19:34.8148:8834,Contig:39:51.202:1729,Contig:135:47.4558:582,Contig:135:47.4558:3p:1:2:353	5	-0.0023398120885207985	3.3012648363972352	1.3717678637592916	PBF_P14	Contig:33:129.118:2532,Contig:75:19.2372:4718,Contig:136:23.6079:7744	5	-0.04660699732137735	1.321061874203569	0.7541002189552106	5	-0.9895220736830621	5.63905967539619	0.08384331289744296	Contig:112:20.093:225740,Contig:141:26.8054:203494,Contig:15:34.3032:543,Contig:44:19.0744:86357,Contig:55:37.5782:434,Contig:62:17.1133:7721,Contig:85:44.2704:2125,Contig:93:147.945:1250,Contig:44:19.0744:5p:1:2:141,Contig:44:19.0744:5p:1:4:141,Contig:44:19.0744:5p:1:5:554,Contig:44:19.0744:5p:1:9:462,Contig:62:17.1133:3p:1:3:188	0	False	0
ecol-SAMN34360970	PBF_P4	Contig:114:48.3289:1114,Contig:88:46.1816:823,Contig:35:45.5913:1963,Contig:35:45.5913:5p:1:4:505,Contig:131:58.9922:448,Contig:79:50.0818:661,Contig:39:51.202:3p:1:2:292,Contig:88:46.1816:3p:1:3:147,Contig:73:50.6727:2116,Contig:103:40.3743:2366,Contig:78:46.9803:723,Contig:64:53.2707:690,Contig:19:34.8148:8834,Contig:39:51.202:1729,Contig:135:47.4558:582,Contig:135:47.4558:3p:1:2:353	5	-0.0023398120885207985	3.3012648363972352	1.3717678637592916	PBF_P15	Contig:24:31.772:4795,Contig:105:40.3588:1010	5	-0.13781281279315516	0.9123208354265933	0.9460417928397453	5	-1.3395082372438567	2.9099427584615576	0.08384331289744296	Contig:102:27.6008:32622,Contig:106:26.977:29935,Contig:112:20.093:225740,Contig:128:26.8439:190899,Contig:149:26.8685:34428,Contig:15:34.3032:543,Contig:40:27.0656:20375,Contig:44:19.0744:86357,Contig:55:37.5782:434,Contig:62:17.1133:7721,Contig:74:193.457:1298,Contig:85:44.2704:2125,Contig:86:61.7111:1443,Contig:93:147.945:1250,Contig:96:53.2109:740,Contig:106:26.977:3p:1:14:151,Contig:40:27.0656:3p:1:4:130,Contig:44:19.0744:5p:1:2:141,Contig:44:19.0744:5p:1:4:141,Contig:44:19.0744:5p:1:5:554,Contig:44:19.0744:5p:1:9:462,Contig:54:16.9742:5p:1:3:355,Contig:54:16.9742:5p:1:4:386,Contig:54:16.9742:5p:1:7:289,Contig:62:17.1133:3p:1:3:188	0	False	0
ecol-SAMN34360970	PBF_P4	Contig:114:48.3289:1114,Contig:88:46.1816:823,Contig:35:45.5913:1963,Contig:35:45.5913:5p:1:4:505,Contig:131:58.9922:448,Contig:79:50.0818:661,Contig:39:51.202:3p:1:2:292,Contig:88:46.1816:3p:1:3:147,Contig:73:50.6727:2116,Contig:103:40.3743:2366,Contig:78:46.9803:723,Contig:64:53.2707:690,Contig:19:34.8148:8834,Contig:39:51.202:1729,Contig:135:47.4558:582,Contig:135:47.4558:3p:1:2:353	5	-0.0023398120885207985	3.3012648363972352	1.3717678637592916	PBF_P16	Contig:43:27.8935:12904,Contig:21:55.8175:1190,Contig:145:25.8567:2039,Contig:61:62.5513:2583,Contig:93:147.945:1250,Contig:51:30.8885:10937	4	-0.046969773709497675	0.8011361088027857	0.8812919876578308	5	-1.1963974372592505	5.58596649000391	0.08384331289744296	Contig:112:20.093:225740,Contig:15:34.3032:543,Contig:44:19.0744:86357,Contig:55:37.5782:434,Contig:62:17.1133:7721,Contig:85:44.2704:2125,Contig:44:19.0744:5p:1:2:141,Contig:44:19.0744:5p:1:4:141,Contig:44:19.0744:5p:1:5:554,Contig:44:19.0744:5p:1:9:462,Contig:62:17.1133:3p:1:3:188	0	False	0
ecol-SAMN34360970	PBF_P4	Contig:114:48.3289:1114,Contig:88:46.1816:823,Contig:35:45.5913:1963,Contig:35:45.5913:5p:1:4:505,Contig:131:58.9922:448,Contig:79:50.0818:661,Contig:39:51.202:3p:1:2:292,Contig:88:46.1816:3p:1:3:147,Contig:73:50.6727:2116,Contig:103:40.3743:2366,Contig:78:46.9803:723,Contig:64:53.2707:690,Contig:19:34.8148:8834,Contig:39:51.202:1729,Contig:135:47.4558:582,Contig:135:47.4558:3p:1:2:353	5	-0.0023398120885207985	3.3012648363972352	1.3717678637592916	PBF_P17	Contig:28:16.5792:5068,Contig:111:38.4642:1613	4	-0.0016899422948838394	0.8739757593187112	0.6262080805326801	0	0	0	0		1	False	0
ecol-SAMN34360970	PBF_P4	Contig:114:48.3289:1114,Contig:88:46.1816:823,Contig:35:45.5913:1963,Contig:35:45.5913:5p:1:4:505,Contig:131:58.9922:448,Contig:79:50.0818:661,Contig:39:51.202:3p:1:2:292,Contig:88:46.1816:3p:1:3:147,Contig:73:50.6727:2116,Contig:103:40.3743:2366,Contig:78:46.9803:723,Contig:64:53.2707:690,Contig:19:34.8148:8834,Contig:39:51.202:1729,Contig:135:47.4558:582,Contig:135:47.4558:3p:1:2:353	5	-0.0023398120885207985	3.3012648363972352	1.3717678637592916	PBF_P18	Contig:50:20.515:3034,Contig:150:23.5229:5p:1:9:732	4	0.0	0.7062893989825291	0.7546511038250914	5	-0.8962107044086356	3.5624077114649744	0.16699291579789133	Contig:112:20.093:225740,Contig:133:23.8907:2181,Contig:150:23.5229:6355,Contig:15:34.3032:543,Contig:55:37.5782:434,Contig:62:17.1133:7721,Contig:85:44.2704:2125,Contig:150:23.5229:5p:1:4:671,Contig:150:23.5229:5p:1:12:671,Contig:62:17.1133:3p:1:3:188	0	False	0
ecol-SAMN34360970	PBF_P4	Contig:114:48.3289:1114,Contig:88:46.1816:823,Contig:35:45.5913:1963,Contig:35:45.5913:5p:1:4:505,Contig:131:58.9922:448,Contig:79:50.0818:661,Contig:39:51.202:3p:1:2:292,Contig:88:46.1816:3p:1:3:147,Contig:73:50.6727:2116,Contig:103:40.3743:2366,Contig:78:46.9803:723,Contig:64:53.2707:690,Contig:19:34.8148:8834,Contig:39:51.202:1729,Contig:135:47.4558:582,Contig:135:47.4558:3p:1:2:353	5	-0.0023398120885207985	3.3012648363972352	1.3717678637592916	PBF_P19	Contig:23:22.866:4418	5	0.0	0.465883237440576	0.8851384334052287	5	-1.2016954244507014	2.928147522876772	0.08384331289744296	Contig:102:27.6008:32622,Contig:105:40.3588:1010,Contig:106:26.977:29935,Contig:112:20.093:225740,Contig:128:26.8439:190899,Contig:149:26.8685:34428,Contig:15:34.3032:543,Contig:40:27.0656:20375,Contig:44:19.0744:86357,Contig:55:37.5782:434,Contig:62:17.1133:7721,Contig:74:193.457:1298,Contig:85:44.2704:2125,Contig:86:61.7111:1443,Contig:93:147.945:1250,Contig:96:53.2109:740,Contig:106:26.977:3p:1:14:151,Contig:40:27.0656:3p:1:4:130,Contig:44:19.0744:5p:1:2:141,Contig:44:19.0744:5p:1:4:141,Contig:44:19.0744:5p:1:5:554,Contig:44:19.0744:5p:1:9:462,Contig:54:16.9742:5p:1:3:355,Contig:54:16.9742:5p:1:4:386,Contig:54:16.9742:5p:1:7:289,Contig:62:17.1133:3p:1:3:188	0	False	0
ecol-SAMN34360970	PBF_P4	Contig:114:48.3289:1114,Contig:88:46.1816:823,Contig:35:45.5913:1963,Contig:35:45.5913:5p:1:4:505,Contig:131:58.9922:448,Contig:79:50.0818:661,Contig:39:51.202:3p:1:2:292,Contig:88:46.1816:3p:1:3:147,Contig:73:50.6727:2116,Contig:103:40.3743:2366,Contig:78:46.9803:723,Contig:64:53.2707:690,Contig:19:34.8148:8834,Contig:39:51.202:1729,Contig:135:47.4558:582,Contig:135:47.4558:3p:1:2:353	5	-0.0023398120885207985	3.3012648363972352	1.3717678637592916	PBF_P20	Contig:47:29.7911:3132,Contig:140:49.879:594,Contig:148:30.4916:3400,Contig:61:62.5513:2583,Contig:94:20.1614:1604,Contig:32:17.4791:3065	5	-0.24721782520796218	1.23277387390553	0.6606348278381782	5	-0.7090141580777523	3.8253661874613374	0.1835196312313201	Contig:112:20.093:225740,Contig:15:34.3032:543,Contig:55:37.5782:434,Contig:58:23.104:16444,Contig:62:17.1133:7721,Contig:85:44.2704:2125,Contig:148:30.4916:5p:1:4:133,Contig:148:30.4916:5p:1:8:285,Contig:148:30.4916:5p:1:9:560,Contig:62:17.1133:3p:1:3:188	0	False	0
ecol-SAMN34360970	PBF_P4	Contig:114:48.3289:1114,Contig:88:46.1816:823,Contig:35:45.5913:1963,Contig:35:45.5913:5p:1:4:505,Contig:131:58.9922:448,Contig:79:50.0818:661,Contig:39:51.202:3p:1:2:292,Contig:88:46.1816:3p:1:3:147,Contig:73:50.6727:2116,Contig:103:40.3743:2366,Contig:78:46.9803:723,Contig:64:53.2707:690,Contig:19:34.8148:8834,Contig:39:51.202:1729,Contig:135:47.4558:582,Contig:135:47.4558:3p:1:2:353	5	-0.0023398120885207985	3.3012648363972352	1.3717678637592916	PBF_P21	Contig:79:50.0818:661,Contig:64:53.2707:690,Contig:22:20.9556:4186	5	-0.09994749946170711	1.1335759997579955	0.771045587055303	5	-0.10228731155022791	4.434840836155231	0.7710455870546866		0	True	0
ecol-SAMN34360970	PBF_P4	Contig:114:48.3289:1114,Contig:88:46.1816:823,Contig:35:45.5913:1963,Contig:35:45.5913:5p:1:4:505,Contig:131:58.9922:448,Contig:79:50.0818:661,Contig:39:51.202:3p:1:2:292,Contig:88:46.1816:3p:1:3:147,Contig:73:50.6727:2116,Contig:103:40.3743:2366,Contig:78:46.9803:723,Contig:64:53.2707:690,Contig:19:34.8148:8834,Contig:39:51.202:1729,Contig:135:47.4558:582,Contig:135:47.4558:3p:1:2:353	5	-0.0023398120885207985	3.3012648363972352	1.3717678637592916	PBF_P22	Contig:77:21.502:9231,Contig:101:19.8028:6860	4	0.0	0.8805380306054343	0.6898532272088536	0	0	0	0		1	False	0
ecol-SAMN34360970	PBF_P4	Contig:114:48.3289:1114,Contig:88:46.1816:823,Contig:35:45.5913:1963,Contig:35:45.5913:5p:1:4:505,Contig:131:58.9922:448,Contig:79:50.0818:661,Contig:39:51.202:3p:1:2:292,Contig:88:46.1816:3p:1:3:147,Contig:73:50.6727:2116,Contig:103:40.3743:2366,Contig:78:46.9803:723,Contig:64:53.2707:690,Contig:19:34.8148:8834,Contig:39:51.202:1729,Contig:135:47.4558:582,Contig:135:47.4558:3p:1:2:353	5	-0.0023398120885207985	3.3012648363972352	1.3717678637592916	PBF_P23	Contig:110:28.186:4992	4	0.0	0.2110475378428336	0.9769090047395638	5	-1.130275779054993	2.4192517209744655	0.08384331289744296	Contig:112:20.093:225740,Contig:11:23.923:56484,Contig:149:26.8685:34428,Contig:15:34.3032:543,Contig:42:24.8933:134338,Contig:44:19.0744:86357,Contig:55:37.5782:434,Contig:56:74.5997:957,Contig:62:17.1133:7721,Contig:74:193.457:1298,Contig:85:44.2704:2125,Contig:93:147.945:1250,Contig:42:24.8933:5p:1:2:102,Contig:44:19.0744:5p:1:2:141,Contig:44:19.0744:5p:1:4:141,Contig:44:19.0744:5p:1:5:554,Contig:44:19.0744:5p:1:9:462,Contig:62:17.1133:3p:1:3:188	0	False	0
ecol-SAMN34360970	PBF_P4	Contig:114:48.3289:1114,Contig:88:46.1816:823,Contig:35:45.5913:1963,Contig:35:45.5913:5p:1:4:505,Contig:131:58.9922:448,Contig:79:50.0818:661,Contig:39:51.202:3p:1:2:292,Contig:88:46.1816:3p:1:3:147,Contig:73:50.6727:2116,Contig:103:40.3743:2366,Contig:78:46.9803:723,Contig:64:53.2707:690,Contig:19:34.8148:8834,Contig:39:51.202:1729,Contig:135:47.4558:582,Contig:135:47.4558:3p:1:2:353	5	-0.0023398120885207985	3.3012648363972352	1.3717678637592916	PBF_P24	Contig:119:25.4264:3942	4	0.0	0.29983485438901725	0.8599504986078026	5	-0.6569415605191804	2.8540063220227836	0.16699291579789133	Contig:112:20.093:225740,Contig:150:23.5229:6355,Contig:15:34.3032:543,Contig:29:26.7062:2085,Contig:55:37.5782:434,Contig:62:17.1133:7721,Contig:85:44.2704:2125,Contig:150:23.5229:5p:1:5:671,Contig:29:26.7062:5p:1:2:360,Contig:62:17.1133:3p:1:3:188	0	False	0
ecol-SAMN34360970	PBF_P4	Contig:114:48.3289:1114,Contig:88:46.1816:823,Contig:35:45.5913:1963,Contig:35:45.5913:5p:1:4:505,Contig:131:58.9922:448,Contig:79:50.0818:661,Contig:39:51.202:3p:1:2:292,Contig:88:46.1816:3p:1:3:147,Contig:73:50.6727:2116,Contig:103:40.3743:2366,Contig:78:46.9803:723,Contig:64:53.2707:690,Contig:19:34.8148:8834,Contig:39:51.202:1729,Contig:135:47.4558:582,Contig:135:47.4558:3p:1:2:353	5	-0.0023398120885207985	3.3012648363972352	1.3717678637592916	PBF_P25	Contig:148:30.4916:3400	5	0.0	0.3104088215534112	1.0480696360149853	5	-0.4617963328697902	2.903001135109219	0.1835196312313201	Contig:112:20.093:225740,Contig:15:34.3032:543,Contig:55:37.5782:434,Contig:58:23.104:16444,Contig:62:17.1133:7721,Contig:85:44.2704:2125,Contig:148:30.4916:5p:1:4:133,Contig:148:30.4916:5p:1:8:285,Contig:148:30.4916:5p:1:9:560,Contig:62:17.1133:3p:1:3:188	0	False	0
ecol-SAMN34360970	PBF_P4	Contig:114:48.3289:1114,Contig:88:46.1816:823,Contig:35:45.5913:1963,Contig:35:45.5913:5p:1:4:505,Contig:131:58.9922:448,Contig:79:50.0818:661,Contig:39:51.202:3p:1:2:292,Contig:88:46.1816:3p:1:3:147,Contig:73:50.6727:2116,Contig:103:40.3743:2366,Contig:78:46.9803:723,Contig:64:53.2707:690,Contig:19:34.8148:8834,Contig:39:51.202:1729,Contig:135:47.4558:582,Contig:135:47.4558:3p:1:2:353	5	-0.0023398120885207985	3.3012648363972352	1.3717678637592916	PBF_P26	Contig:16:16.7123:3534	4	0.0	0.4024554248497726	0.6261641889568632	0	0	0	0		1	False	0
ecol-SAMN34360970	PBF_P4	Contig:114:48.3289:1114,Contig:88:46.1816:823,Contig:35:45.5913:1963,Contig:35:45.5913:5p:1:4:505,Contig:131:58.9922:448,Contig:79:50.0818:661,Contig:39:51.202:3p:1:2:292,Contig:88:46.1816:3p:1:3:147,Contig:73:50.6727:2116,Contig:103:40.3743:2366,Contig:78:46.9803:723,Contig:64:53.2707:690,Contig:19:34.8148:8834,Contig:39:51.202:1729,Contig:135:47.4558:582,Contig:135:47.4558:3p:1:2:353	5	-0.0023398120885207985	3.3012648363972352	1.3717678637592916	PBF_P27	Contig:116:19.5884:4315	4	0.0	0.28341071530720896	0.7513940931250932	5	-1.0420946408561156	4.540408830441942	0.08384331289744296	Contig:112:20.093:225740,Contig:127:21.7798:68435,Contig:141:26.8054:203494,Contig:15:34.3032:543,Contig:33:129.118:2532,Contig:44:19.0744:86357,Contig:55:37.5782:434,Contig:62:17.1133:7721,Contig:85:44.2704:2125,Contig:93:147.945:1250,Contig:44:19.0744:5p:1:2:141,Contig:44:19.0744:5p:1:4:141,Contig:44:19.0744:5p:1:5:554,Contig:44:19.0744:5p:1:9:462,Contig:62:17.1133:3p:1:3:188	0	False	0
ecol-SAMN34360970	PBF_P5	Contig:67:33.8404:2333,Contig:52:47.7265:722,Contig:20:49.7579:5p:1:3:288,Contig:61:62.5513:2583,Contig:124:22.447:270636,Contig:100:42.4899:3p:1:104:151,Contig:31:23.1265:22099,Contig:100:42.4899:3p:1:105:102,Contig:91:41.537:725,Contig:66:20.5529:4303,Contig:120:48.2:419,Contig:36:52.7333:1187,Contig:100:42.4899:3p:1:109:194,Contig:100:42.4899:3p:1:102:488,Contig:100:42.4899:3p:1:114:126,Contig:59:35.073:2025,Contig:140:49.879:594,Contig:20:49.7579:706,Contig:126:40.853:5p:1:3:520,Contig:48:40.0595:794,Contig:100:42.4899:3p:1:101:238,Contig:108:35.6813:9791,Contig:126:40.853:899	5	-0.639922122433515	5.5386076308724865	0.7513989772923847	PBF_P6	Contig:52:47.7265:722,Contig:67:33.8404:2333,Contig:20:49.7579:5p:1:3:288,Contig:100:42.4899:3p:1:8:151,Contig:100:42.4899:3p:1:19:176,Contig:124:22.447:270636,Contig:100:42.4899:3p:1:43:238,Contig:91:41.537:725,Contig:120:48.2:419,Contig:36:52.7333:1187,Contig:100:42.4899:3p:1:13:127,Contig:20:49.7579:706,Contig:100:42.4899:1210,Contig:100:42.4899:3p:1:25:238,Contig:126:40.853:5p:1:3:520,Contig:7:27.1602:22571,Contig:33:129.118:2532,Contig:7:27.1602:5p:1:2:237,Contig:46:43.9868:1085,Contig:10:19.0323:2609,Contig:138:25.6548:21993,Contig:65:30.6633:10005,Contig:108:35.6813:9791,Contig:126:40.853:899,Contig:100:42.4899:3p:1:9:102	5	-0.7938840050237639	6.188079883992179	0.7253439537200757	5	-1.5505414343317414	12.971695495323749	0.7253439537198574	Contig:100:42.4899:3p:1:120:102,Contig:100:42.4899:3p:1:121:151,Contig:100:42.4899:3p:1:122:327,Contig:100:42.4899:3p:1:125:243	0	True	0
ecol-SAMN34360970	PBF_P5	Contig:67:33.8404:2333,Contig:52:47.7265:722,Contig:20:49.7579:5p:1:3:288,Contig:61:62.5513:2583,Contig:124:22.447:270636,Contig:100:42.4899:3p:1:104:151,Contig:31:23.1265:22099,Contig:100:42.4899:3p:1:105:102,Contig:91:41.537:725,Contig:66:20.5529:4303,Contig:120:48.2:419,Contig:36:52.7333:1187,Contig:100:42.4899:3p:1:109:194,Contig:100:42.4899:3p:1:102:488,Contig:100:42.4899:3p:1:114:126,Contig:59:35.073:2025,Contig:140:49.879:594,Contig:20:49.7579:706,Contig:126:40.853:5p:1:3:520,Contig:48:40.0595:794,Contig:100:42.4899:3p:1:101:238,Contig:108:35.6813:9791,Contig:126:40.853:899	5	-0.639922122433515	5.5386076308724865	0.7513989772923847	PBF_P7	Contig:114:48.3289:1114,Contig:88:46.1816:823,Contig:35:45.5913:1963,Contig:35:45.5913:5p:1:4:505,Contig:131:58.9922:448,Contig:79:50.0818:661,Contig:39:51.202:3p:1:2:292,Contig:88:46.1816:3p:1:3:147,Contig:73:50.6727:2116,Contig:103:40.3743:2366,Contig:78:46.9803:723,Contig:64:53.2707:690,Contig:22:20.9556:4186,Contig:39:51.202:1729,Contig:135:47.4558:582,Contig:135:47.4558:3p:1:2:353	5	-0.09994749946170711	3.27597357737459	0.771045587055303	0	0	0	0		1	False	0
ecol-SAMN34360970	PBF_P5	Contig:67:33.8404:2333,Contig:52:47.7265:722,Contig:20:49.7579:5p:1:3:288,Contig:61:62.5513:2583,Contig:124:22.447:270636,Contig:100:42.4899:3p:1:104:151,Contig:31:23.1265:22099,Contig:100:42.4899:3p:1:105:102,Contig:91:41.537:725,Contig:66:20.5529:4303,Contig:120:48.2:419,Contig:36:52.7333:1187,Contig:100:42.4899:3p:1:109:194,Contig:100:42.4899:3p:1:102:488,Contig:100:42.4899:3p:1:114:126,Contig:59:35.073:2025,Contig:140:49.879:594,Contig:20:49.7579:706,Contig:126:40.853:5p:1:3:520,Contig:48:40.0595:794,Contig:100:42.4899:3p:1:101:238,Contig:108:35.6813:9791,Contig:126:40.853:899	5	-0.639922122433515	5.5386076308724865	0.7513989772923847	PBF_P8	Contig:67:33.8404:2333,Contig:52:47.7265:722,Contig:20:49.7579:5p:1:3:288,Contig:148:30.4916:3400,Contig:148:30.4916:5p:1:4:133,Contig:148:30.4916:5p:1:8:285,Contig:29:26.7062:5p:1:2:360,Contig:61:62.5513:2583,Contig:126:40.853:899,Contig:94:20.1614:1604,Contig:15:34.3032:543,Contig:44:19.0744:86357,Contig:100:42.4899:3p:1:45:102,Contig:100:42.4899:3p:1:43:238,Contig:21:55.8175:1190,Contig:116:19.5884:4315,Contig:31:23.1265:22099,Contig:93:147.945:1250,Contig:44:19.0744:5p:1:9:462,Contig:29:26.7062:2085,Contig:32:17.4791:3065,Contig:36:52.7333:1187,Contig:100:42.4899:3p:1:65:238,Contig:100:42.4899:3p:1:102:488,Contig:121:47.0625:418,Contig:100:42.4899:3p:1:114:126,Contig:47:29.7911:3132,Contig:59:35.073:2025,Contig:20:49.7579:706,Contig:127:21.7798:68435,Contig:140:49.879:594,Contig:145:25.8567:2039,Contig:100:42.4899:3p:1:76:238,Contig:100:42.4899:1210,Contig:100:42.4899:3p:1:25:238,Contig:100:42.4899:3p:1:66:197,Contig:100:42.4899:3p:1:59:176,Contig:150:23.5229:6355,Contig:148:30.4916:5p:1:9:560,Contig:58:23.104:16444,Contig:126:40.853:5p:1:3:520,Contig:44:19.0744:5p:1:5:554,Contig:7:27.1602:22571,Contig:95:30.3196:2736,Contig:150:23.5229:5p:1:5:671,Contig:100:42.4899:3p:1:49:127,Contig:100:42.4899:3p:1:79:110,Contig:33:129.118:2532,Contig:43:27.8935:12904,Contig:7:27.1602:5p:1:2:237,Contig:44:19.0744:5p:1:4:141,Contig:46:43.9868:1085,Contig:44:19.0744:5p:1:2:141,Contig:146:19.2183:74605,Contig:48:40.0595:794,Contig:10:19.0323:2609,Contig:100:42.4899:3p:1:101:238,Contig:138:25.6548:21993,Contig:65:30.6633:10005,Contig:108:35.6813:9791,Contig:100:42.4899:3p:1:44:151,Contig:139:19.743:7362	4	-2.2987825552288763	9.309852022818484	0.6606348278381782	5	-3.711224111589251	16.093467634150056	0.6606348278382939	Contig:100:42.4899:3p:1:120:102,Contig:100:42.4899:3p:1:121:151,Contig:100:42.4899:3p:1:122:327,Contig:100:42.4899:3p:1:125:243	0	True	0
ecol-SAMN34360970	PBF_P5	Contig:67:33.8404:2333,Contig:52:47.7265:722,Contig:20:49.7579:5p:1:3:288,Contig:61:62.5513:2583,Contig:124:22.447:270636,Contig:100:42.4899:3p:1:104:151,Contig:31:23.1265:22099,Contig:100:42.4899:3p:1:105:102,Contig:91:41.537:725,Contig:66:20.5529:4303,Contig:120:48.2:419,Contig:36:52.7333:1187,Contig:100:42.4899:3p:1:109:194,Contig:100:42.4899:3p:1:102:488,Contig:100:42.4899:3p:1:114:126,Contig:59:35.073:2025,Contig:140:49.879:594,Contig:20:49.7579:706,Contig:126:40.853:5p:1:3:520,Contig:48:40.0595:794,Contig:100:42.4899:3p:1:101:238,Contig:108:35.6813:9791,Contig:126:40.853:899	5	-0.639922122433515	5.5386076308724865	0.7513989772923847	PBF_P9	Contig:67:33.8404:2333,Contig:52:47.7265:722,Contig:20:49.7579:5p:1:3:288,Contig:100:42.4899:3p:1:8:151,Contig:100:42.4899:3p:1:19:176,Contig:100:42.4899:3p:1:43:238,Contig:100:42.4899:3p:1:65:238,Contig:100:42.4899:3p:1:13:127,Contig:121:47.0625:418,Contig:20:49.7579:706,Contig:100:42.4899:3p:1:76:238,Contig:100:42.4899:1210,Contig:100:42.4899:3p:1:25:238,Contig:100:42.4899:3p:1:66:197,Contig:126:40.853:5p:1:3:520,Contig:7:27.1602:22571,Contig:100:42.4899:3p:1:79:110,Contig:33:129.118:2532,Contig:7:27.1602:5p:1:2:237,Contig:138:25.6548:21993,Contig:65:30.6633:10005,Contig:126:40.853:899,Contig:100:42.4899:3p:1:9:102	5	-1.0941726084225654	5.888688686480091	0.9651419684517841	5	-1.8508300377305429	12.672304297811662	0.7513989772924106	Contig:100:42.4899:3p:1:120:102,Contig:100:42.4899:3p:1:121:151,Contig:100:42.4899:3p:1:122:327,Contig:100:42.4899:3p:1:125:243	0	True	0
ecol-SAMN34360970	PBF_P5	Contig:67:33.8404:2333,Contig:52:47.7265:722,Contig:20:49.7579:5p:1:3:288,Contig:61:62.5513:2583,Contig:124:22.447:270636,Contig:100:42.4899:3p:1:104:151,Contig:31:23.1265:22099,Contig:100:42.4899:3p:1:105:102,Contig:91:41.537:725,Contig:66:20.5529:4303,Contig:120:48.2:419,Contig:36:52.7333:1187,Contig:100:42.4899:3p:1:109:194,Contig:100:42.4899:3p:1:102:488,Contig:100:42.4899:3p:1:114:126,Contig:59:35.073:2025,Contig:140:49.879:594,Contig:20:49.7579:706,Contig:126:40.853:5p:1:3:520,Contig:48:40.0595:794,Contig:100:42.4899:3p:1:101:238,Contig:108:35.6813:9791,Contig:126:40.853:899	5	-0.639922122433515	5.5386076308724865	0.7513989772923847	PBF_P10	Contig:130:25.0242:8956,Contig:111:38.4642:5p:1:12:458,Contig:69:30.0437:957,Contig:77:21.502:9231	5	-0.1489277839330487	1.9384933159176858	0.541722661418449	0	0	0	0		1	False	0
ecol-SAMN34360970	PBF_P5	Contig:67:33.8404:2333,Contig:52:47.7265:722,Contig:20:49.7579:5p:1:3:288,Contig:61:62.5513:2583,Contig:124:22.447:270636,Contig:100:42.4899:3p:1:104:151,Contig:31:23.1265:22099,Contig:100:42.4899:3p:1:105:102,Contig:91:41.537:725,Contig:66:20.5529:4303,Contig:120:48.2:419,Contig:36:52.7333:1187,Contig:100:42.4899:3p:1:109:194,Contig:100:42.4899:3p:1:102:488,Contig:100:42.4899:3p:1:114:126,Contig:59:35.073:2025,Contig:140:49.879:594,Contig:20:49.7579:706,Contig:126:40.853:5p:1:3:520,Contig:48:40.0595:794,Contig:100:42.4899:3p:1:101:238,Contig:108:35.6813:9791,Contig:126:40.853:899	5	-0.639922122433515	5.5386076308724865	0.7513989772923847	PBF_P11	Contig:132:30.4854:6066,Contig:111:38.4642:5p:1:7:362	5	-0.04634189381383019	0.9973636411029688	1.2303195964748075	0	0	0	0		1	False	0
ecol-SAMN34360970	PBF_P5	Contig:67:33.8404:2333,Contig:52:47.7265:722,Contig:20:49.7579:5p:1:3:288,Contig:61:62.5513:2583,Contig:124:22.447:270636,Contig:100:42.4899:3p:1:104:151,Contig:31:23.1265:22099,Contig:100:42.4899:3p:1:105:102,Contig:91:41.537:725,Contig:66:20.5529:4303,Contig:120:48.2:419,Contig:36:52.7333:1187,Contig:100:42.4899:3p:1:109:194,Contig:100:42.4899:3p:1:102:488,Contig:100:42.4899:3p:1:114:126,Contig:59:35.073:2025,Contig:140:49.879:594,Contig:20:49.7579:706,Contig:126:40.853:5p:1:3:520,Contig:48:40.0595:794,Contig:100:42.4899:3p:1:101:238,Contig:108:35.6813:9791,Contig:126:40.853:899	5	-0.639922122433515	5.5386076308724865	0.7513989772923847	PBF_P12	Contig:7:27.1602:5p:1:2:237,Contig:138:25.6548:21993,Contig:89:35.2774:3219,Contig:7:27.1602:22571	4	-0.010734381484954092	1.4329497161738098	0.9945821378649695	5	-0.9179713039725683	6.971557347046296	0.7513989772924106		0	False	0
ecol-SAMN34360970	PBF_P5	Contig:67:33.8404:2333,Contig:52:47.7265:722,Contig:20:49.7579:5p:1:3:288,Contig:61:62.5513:2583,Contig:124:22.447:270636,Contig:100:42.4899:3p:1:104:151,Contig:31:23.1265:22099,Contig:100:42.4899:3p:1:105:102,Contig:91:41.537:725,Contig:66:20.5529:4303,Contig:120:48.2:419,Contig:36:52.7333:1187,Contig:100:42.4899:3p:1:109:194,Contig:100:42.4899:3p:1:102:488,Contig:100:42.4899:3p:1:114:126,Contig:59:35.073:2025,Contig:140:49.879:594,Contig:20:49.7579:706,Contig:126:40.853:5p:1:3:520,Contig:48:40.0595:794,Contig:100:42.4899:3p:1:101:238,Contig:108:35.6813:9791,Contig:126:40.853:899	5	-0.639922122433515	5.5386076308724865	0.7513989772923847	PBF_P13	Contig:131:58.9922:448,Contig:79:50.0818:661,Contig:39:51.202:3p:1:2:292,Contig:64:53.2707:690,Contig:22:20.9556:4186,Contig:39:51.202:1729,Contig:135:47.4558:582,Contig:135:47.4558:3p:1:2:353	5	-0.09994749946170711	2.0535022453201095	0.771045587055303	0	0	0	0		1	False	0
ecol-SAMN34360970	PBF_P5	Contig:67:33.8404:2333,Contig:52:47.7265:722,Contig:20:49.7579:5p:1:3:288,Contig:61:62.5513:2583,Contig:124:22.447:270636,Contig:100:42.4899:3p:1:104:151,Contig:31:23.1265:22099,Contig:100:42.4899:3p:1:105:102,Contig:91:41.537:725,Contig:66:20.5529:4303,Contig:120:48.2:419,Contig:36:52.7333:1187,Contig:100:42.4899:3p:1:109:194,Contig:100:42.4899:3p:1:102:488,Contig:100:42.4899:3p:1:114:126,Contig:59:35.073:2025,Contig:140:49.879:594,Contig:20:49.7579:706,Contig:126:40.853:5p:1:3:520,Contig:48:40.0595:794,Contig:100:42.4899:3p:1:101:238,Contig:108:35.6813:9791,Contig:126:40.853:899	5	-0.639922122433515	5.5386076308724865	0.7513989772923847	PBF_P14	Contig:33:129.118:2532,Contig:75:19.2372:4718,Contig:136:23.6079:7744	5	-0.04660699732137735	1.321061874203569	0.7541002189552106	5	-0.9143014811822439	3.908387737850892	0.1398636977737624	Contig:11:23.923:56484,Contig:141:26.8054:203494,Contig:149:26.8685:34428,Contig:42:24.8933:134338,Contig:51:30.8885:10937,Contig:56:74.5997:957,Contig:74:193.457:1298,Contig:93:147.945:1250,Contig:42:24.8933:5p:1:2:102	0	False	0
ecol-SAMN34360970	PBF_P5	Contig:67:33.8404:2333,Contig:52:47.7265:722,Contig:20:49.7579:5p:1:3:288,Contig:61:62.5513:2583,Contig:124:22.447:270636,Contig:100:42.4899:3p:1:104:151,Contig:31:23.1265:22099,Contig:100:42.4899:3p:1:105:102,Contig:91:41.537:725,Contig:66:20.5529:4303,Contig:120:48.2:419,Contig:36:52.7333:1187,Contig:100:42.4899:3p:1:109:194,Contig:100:42.4899:3p:1:102:488,Contig:100:42.4899:3p:1:114:126,Contig:59:35.073:2025,Contig:140:49.879:594,Contig:20:49.7579:706,Contig:126:40.853:5p:1:3:520,Contig:48:40.0595:794,Contig:100:42.4899:3p:1:101:238,Contig:108:35.6813:9791,Contig:126:40.853:899	5	-0.639922122433515	5.5386076308724865	0.7513989772923847	PBF_P15	Contig:24:31.772:4795,Contig:105:40.3588:1010	5	-0.13781281279315516	0.9123208354265933	0.9460417928397453	5	-1.1275934550069462	2.5023184686149915	0.1398636977737624	Contig:102:27.6008:32622,Contig:106:26.977:29935,Contig:11:23.923:56484,Contig:128:26.8439:190899,Contig:40:27.0656:20375,Contig:42:24.8933:134338,Contig:51:30.8885:10937,Contig:56:74.5997:957,Contig:74:193.457:1298,Contig:86:61.7111:1443,Contig:96:53.2109:740,Contig:106:26.977:3p:1:14:151,Contig:40:27.0656:3p:1:4:130,Contig:42:24.8933:5p:1:2:102,Contig:54:16.9742:5p:1:3:355,Contig:54:16.9742:5p:1:4:386,Contig:54:16.9742:5p:1:7:289	0	False	0
ecol-SAMN34360970	PBF_P5	Contig:67:33.8404:2333,Contig:52:47.7265:722,Contig:20:49.7579:5p:1:3:288,Contig:61:62.5513:2583,Contig:124:22.447:270636,Contig:100:42.4899:3p:1:104:151,Contig:31:23.1265:22099,Contig:100:42.4899:3p:1:105:102,Contig:91:41.537:725,Contig:66:20.5529:4303,Contig:120:48.2:419,Contig:36:52.7333:1187,Contig:100:42.4899:3p:1:109:194,Contig:100:42.4899:3p:1:102:488,Contig:100:42.4899:3p:1:114:126,Contig:59:35.073:2025,Contig:140:49.879:594,Contig:20:49.7579:706,Contig:126:40.853:5p:1:3:520,Contig:48:40.0595:794,Contig:100:42.4899:3p:1:101:238,Contig:108:35.6813:9791,Contig:126:40.853:899	5	-0.639922122433515	5.5386076308724865	0.7513989772923847	PBF_P16	Contig:43:27.8935:12904,Contig:21:55.8175:1190,Contig:145:25.8567:2039,Contig:61:62.5513:2583,Contig:93:147.945:1250,Contig:51:30.8885:10937	4	-0.046969773709497675	0.8011361088027857	0.8812919876578308	5	-0.9607518425216675	6.3397437396752725	0.7513989772924106		0	True	0
ecol-SAMN34360970	PBF_P5	Contig:67:33.8404:2333,Contig:52:47.7265:722,Contig:20:49.7579:5p:1:3:288,Contig:61:62.5513:2583,Contig:124:22.447:270636,Contig:100:42.4899:3p:1:104:151,Contig:31:23.1265:22099,Contig:100:42.4899:3p:1:105:102,Contig:91:41.537:725,Contig:66:20.5529:4303,Contig:120:48.2:419,Contig:36:52.7333:1187,Contig:100:42.4899:3p:1:109:194,Contig:100:42.4899:3p:1:102:488,Contig:100:42.4899:3p:1:114:126,Contig:59:35.073:2025,Contig:140:49.879:594,Contig:20:49.7579:706,Contig:126:40.853:5p:1:3:520,Contig:48:40.0595:794,Contig:100:42.4899:3p:1:101:238,Contig:108:35.6813:9791,Contig:126:40.853:899	5	-0.639922122433515	5.5386076308724865	0.7513989772923847	PBF_P17	Contig:28:16.5792:5068,Contig:111:38.4642:1613	4	-0.0016899422948838394	0.8739757593187112	0.6262080805326801	0	0	0	0		1	False	0
ecol-SAMN34360970	PBF_P5	Contig:67:33.8404:2333,Contig:52:47.7265:722,Contig:20:49.7579:5p:1:3:288,Contig:61:62.5513:2583,Contig:124:22.447:270636,Contig:100:42.4899:3p:1:104:151,Contig:31:23.1265:22099,Contig:100:42.4899:3p:1:105:102,Contig:91:41.537:725,Contig:66:20.5529:4303,Contig:120:48.2:419,Contig:36:52.7333:1187,Contig:100:42.4899:3p:1:109:194,Contig:100:42.4899:3p:1:102:488,Contig:100:42.4899:3p:1:114:126,Contig:59:35.073:2025,Contig:140:49.879:594,Contig:20:49.7579:706,Contig:126:40.853:5p:1:3:520,Contig:48:40.0595:794,Contig:100:42.4899:3p:1:101:238,Contig:108:35.6813:9791,Contig:126:40.853:899	5	-0.639922122433515	5.5386076308724865	0.7513989772923847	PBF_P18	Contig:50:20.515:3034,Contig:150:23.5229:5p:1:9:732	4	0.0	0.7062893989825291	0.7546511038250914	4	-1.6847284515132297	4.447755845029505	0.08384331289744296	Contig:11:23.923:56484,Contig:133:23.8907:2181,Contig:149:26.8685:34428,Contig:150:23.5229:6355,Contig:15:34.3032:543,Contig:42:24.8933:134338,Contig:44:19.0744:86357,Contig:51:30.8885:10937,Contig:56:74.5997:957,Contig:74:193.457:1298,Contig:93:147.945:1250,Contig:150:23.5229:5p:1:4:671,Contig:150:23.5229:5p:1:12:671,Contig:42:24.8933:5p:1:2:102,Contig:44:19.0744:5p:1:2:141,Contig:44:19.0744:5p:1:4:141,Contig:44:19.0744:5p:1:5:554,Contig:44:19.0744:5p:1:9:462	0	False	0
ecol-SAMN34360970	PBF_P5	Contig:67:33.8404:2333,Contig:52:47.7265:722,Contig:20:49.7579:5p:1:3:288,Contig:61:62.5513:2583,Contig:124:22.447:270636,Contig:100:42.4899:3p:1:104:151,Contig:31:23.1265:22099,Contig:100:42.4899:3p:1:105:102,Contig:91:41.537:725,Contig:66:20.5529:4303,Contig:120:48.2:419,Contig:36:52.7333:1187,Contig:100:42.4899:3p:1:109:194,Contig:100:42.4899:3p:1:102:488,Contig:100:42.4899:3p:1:114:126,Contig:59:35.073:2025,Contig:140:49.879:594,Contig:20:49.7579:706,Contig:126:40.853:5p:1:3:520,Contig:48:40.0595:794,Contig:100:42.4899:3p:1:101:238,Contig:108:35.6813:9791,Contig:126:40.853:899	5	-0.639922122433515	5.5386076308724865	0.7513989772923847	PBF_P19	Contig:23:22.866:4418	5	0.0	0.465883237440576	0.8851384334052287	5	-0.9897806422137911	2.520523233030206	0.1398636977737624	Contig:102:27.6008:32622,Contig:105:40.3588:1010,Contig:106:26.977:29935,Contig:11:23.923:56484,Contig:128:26.8439:190899,Contig:40:27.0656:20375,Contig:42:24.8933:134338,Contig:51:30.8885:10937,Contig:56:74.5997:957,Contig:74:193.457:1298,Contig:86:61.7111:1443,Contig:96:53.2109:740,Contig:106:26.977:3p:1:14:151,Contig:40:27.0656:3p:1:4:130,Contig:42:24.8933:5p:1:2:102,Contig:54:16.9742:5p:1:3:355,Contig:54:16.9742:5p:1:4:386,Contig:54:16.9742:5p:1:7:289	0	False	0
ecol-SAMN34360970	PBF_P5	Contig:67:33.8404:2333,Contig:52:47.7265:722,Contig:20:49.7579:5p:1:3:288,Contig:61:62.5513:2583,Contig:124:22.447:270636,Contig:100:42.4899:3p:1:104:151,Contig:31:23.1265:22099,Contig:100:42.4899:3p:1:105:102,Contig:91:41.537:725,Contig:66:20.5529:4303,Contig:120:48.2:419,Contig:36:52.7333:1187,Contig:100:42.4899:3p:1:109:194,Contig:100:42.4899:3p:1:102:488,Contig:100:42.4899:3p:1:114:126,Contig:59:35.073:2025,Contig:140:49.879:594,Contig:20:49.7579:706,Contig:126:40.853:5p:1:3:520,Contig:48:40.0595:794,Contig:100:42.4899:3p:1:101:238,Contig:108:35.6813:9791,Contig:126:40.853:899	5	-0.639922122433515	5.5386076308724865	0.7513989772923847	PBF_P20	Contig:47:29.7911:3132,Contig:140:49.879:594,Contig:148:30.4916:3400,Contig:61:62.5513:2583,Contig:94:20.1614:1604,Contig:32:17.4791:3065	5	-0.24721782520796218	1.23277387390553	0.6606348278381782	5	-0.8871399476414772	6.771381504778017	0.6606348278382939		0	True	0
ecol-SAMN34360970	PBF_P5	Contig:67:33.8404:2333,Contig:52:47.7265:722,Contig:20:49.7579:5p:1:3:288,Contig:61:62.5513:2583,Contig:124:22.447:270636,Contig:100:42.4899:3p:1:104:151,Contig:31:23.1265:22099,Contig:100:42.4899:3p:1:105:102,Contig:91:41.537:725,Contig:66:20.5529:4303,Contig:120:48.2:419,Contig:36:52.7333:1187,Contig:100:42.4899:3p:1:109:194,Contig:100:42.4899:3p:1:102:488,Contig:100:42.4899:3p:1:114:126,Contig:59:35.073:2025,Contig:140:49.879:594,Contig:20:49.7579:706,Contig:126:40.853:5p:1:3:520,Contig:48:40.0595:794,Contig:100:42.4899:3p:1:101:238,Contig:108:35.6813:9791,Contig:126:40.853:899	5	-0.639922122433515	5.5386076308724865	0.7513989772923847	PBF_P21	Contig:79:50.0818:661,Contig:64:53.2707:690,Contig:22:20.9556:4186	5	-0.09994749946170711	1.1335759997579955	0.771045587055303	0	0	0	0		1	False	0
ecol-SAMN34360970	PBF_P5	Contig:67:33.8404:2333,Contig:52:47.7265:722,Contig:20:49.7579:5p:1:3:288,Contig:61:62.5513:2583,Contig:124:22.447:270636,Contig:100:42.4899:3p:1:104:151,Contig:31:23.1265:22099,Contig:100:42.4899:3p:1:105:102,Contig:91:41.537:725,Contig:66:20.5529:4303,Contig:120:48.2:419,Contig:36:52.7333:1187,Contig:100:42.4899:3p:1:109:194,Contig:100:42.4899:3p:1:102:488,Contig:100:42.4899:3p:1:114:126,Contig:59:35.073:2025,Contig:140:49.879:594,Contig:20:49.7579:706,Contig:126:40.853:5p:1:3:520,Contig:48:40.0595:794,Contig:100:42.4899:3p:1:101:238,Contig:108:35.6813:9791,Contig:126:40.853:899	5	-0.639922122433515	5.5386076308724865	0.7513989772923847	PBF_P22	Contig:77:21.502:9231,Contig:101:19.8028:6860	4	0.0	0.8805380306054343	0.6898532272088536	0	0	0	0		1	False	0
ecol-SAMN34360970	PBF_P5	Contig:67:33.8404:2333,Contig:52:47.7265:722,Contig:20:49.7579:5p:1:3:288,Contig:61:62.5513:2583,Contig:124:22.447:270636,Contig:100:42.4899:3p:1:104:151,Contig:31:23.1265:22099,Contig:100:42.4899:3p:1:105:102,Contig:91:41.537:725,Contig:66:20.5529:4303,Contig:120:48.2:419,Contig:36:52.7333:1187,Contig:100:42.4899:3p:1:109:194,Contig:100:42.4899:3p:1:102:488,Contig:100:42.4899:3p:1:114:126,Contig:59:35.073:2025,Contig:140:49.879:594,Contig:20:49.7579:706,Contig:126:40.853:5p:1:3:520,Contig:48:40.0595:794,Contig:100:42.4899:3p:1:101:238,Contig:108:35.6813:9791,Contig:126:40.853:899	5	-0.639922122433515	5.5386076308724865	0.7513989772923847	PBF_P23	Contig:110:28.186:4992	4	0.0	0.2110475378428336	0.9769090047395638	5	-0.8089126464154999	5.634077418503729	0.1398636977737624	Contig:51:30.8885:10937,Contig:56:74.5997:957	0	False	0
ecol-SAMN34360970	PBF_P5	Contig:67:33.8404:2333,Contig:52:47.7265:722,Contig:20:49.7579:5p:1:3:288,Contig:61:62.5513:2583,Contig:124:22.447:270636,Contig:100:42.4899:3p:1:104:151,Contig:31:23.1265:22099,Contig:100:42.4899:3p:1:105:102,Contig:91:41.537:725,Contig:66:20.5529:4303,Contig:120:48.2:419,Contig:36:52.7333:1187,Contig:100:42.4899:3p:1:109:194,Contig:100:42.4899:3p:1:102:488,Contig:100:42.4899:3p:1:114:126,Contig:59:35.073:2025,Contig:140:49.879:594,Contig:20:49.7579:706,Contig:126:40.853:5p:1:3:520,Contig:48:40.0595:794,Contig:100:42.4899:3p:1:101:238,Contig:108:35.6813:9791,Contig:126:40.853:899	5	-0.639922122433515	5.5386076308724865	0.7513989772923847	PBF_P24	Contig:119:25.4264:3942	4	0.0	0.29983485438901725	0.8599504986078026	5	-1.7529668925288304	3.7393544555873146	0.08384331289744296	Contig:11:23.923:56484,Contig:149:26.8685:34428,Contig:150:23.5229:6355,Contig:15:34.3032:543,Contig:29:26.7062:2085,Contig:42:24.8933:134338,Contig:44:19.0744:86357,Contig:51:30.8885:10937,Contig:56:74.5997:957,Contig:74:193.457:1298,Contig:93:147.945:1250,Contig:150:23.5229:5p:1:5:671,Contig:29:26.7062:5p:1:2:360,Contig:42:24.8933:5p:1:2:102,Contig:44:19.0744:5p:1:2:141,Contig:44:19.0744:5p:1:4:141,Contig:44:19.0744:5p:1:5:554,Contig:44:19.0744:5p:1:9:462	0	False	0
ecol-SAMN34360970	PBF_P5	Contig:67:33.8404:2333,Contig:52:47.7265:722,Contig:20:49.7579:5p:1:3:288,Contig:61:62.5513:2583,Contig:124:22.447:270636,Contig:100:42.4899:3p:1:104:151,Contig:31:23.1265:22099,Contig:100:42.4899:3p:1:105:102,Contig:91:41.537:725,Contig:66:20.5529:4303,Contig:120:48.2:419,Contig:36:52.7333:1187,Contig:100:42.4899:3p:1:109:194,Contig:100:42.4899:3p:1:102:488,Contig:100:42.4899:3p:1:114:126,Contig:59:35.073:2025,Contig:140:49.879:594,Contig:20:49.7579:706,Contig:126:40.853:5p:1:3:520,Contig:48:40.0595:794,Contig:100:42.4899:3p:1:101:238,Contig:108:35.6813:9791,Contig:126:40.853:899	5	-0.639922122433515	5.5386076308724865	0.7513989772923847	PBF_P25	Contig:148:30.4916:3400	5	0.0	0.3104088215534112	1.0480696360149853	5	-0.639922122433515	5.849016452425897	0.7513989772924106		0	False	0
ecol-SAMN34360970	PBF_P5	Contig:67:33.8404:2333,Contig:52:47.7265:722,Contig:20:49.7579:5p:1:3:288,Contig:61:62.5513:2583,Contig:124:22.447:270636,Contig:100:42.4899:3p:1:104:151,Contig:31:23.1265:22099,Contig:100:42.4899:3p:1:105:102,Contig:91:41.537:725,Contig:66:20.5529:4303,Contig:120:48.2:419,Contig:36:52.7333:1187,Contig:100:42.4899:3p:1:109:194,Contig:100:42.4899:3p:1:102:488,Contig:100:42.4899:3p:1:114:126,Contig:59:35.073:2025,Contig:140:49.879:594,Contig:20:49.7579:706,Contig:126:40.853:5p:1:3:520,Contig:48:40.0595:794,Contig:100:42.4899:3p:1:101:238,Contig:108:35.6813:9791,Contig:126:40.853:899	5	-0.639922122433515	5.5386076308724865	0.7513989772923847	PBF_P26	Contig:16:16.7123:3534	4	0.0	0.4024554248497726	0.6261641889568632	0	0	0	0		1	False	0
ecol-SAMN34360970	PBF_P5	Contig:67:33.8404:2333,Contig:52:47.7265:722,Contig:20:49.7579:5p:1:3:288,Contig:61:62.5513:2583,Contig:124:22.447:270636,Contig:100:42.4899:3p:1:104:151,Contig:31:23.1265:22099,Contig:100:42.4899:3p:1:105:102,Contig:91:41.537:725,Contig:66:20.5529:4303,Contig:120:48.2:419,Contig:36:52.7333:1187,Contig:100:42.4899:3p:1:109:194,Contig:100:42.4899:3p:1:102:488,Contig:100:42.4899:3p:1:114:126,Contig:59:35.073:2025,Contig:140:49.879:594,Contig:20:49.7579:706,Contig:126:40.853:5p:1:3:520,Contig:48:40.0595:794,Contig:100:42.4899:3p:1:101:238,Contig:108:35.6813:9791,Contig:126:40.853:899	5	-0.639922122433515	5.5386076308724865	0.7513989772923847	PBF_P27	Contig:116:19.5884:4315	4	0.0	0.28341071530720896	0.7513940931250932	5	-0.9668740483552973	2.809736892896645	0.1398636977737624	Contig:11:23.923:56484,Contig:127:21.7798:68435,Contig:141:26.8054:203494,Contig:149:26.8685:34428,Contig:33:129.118:2532,Contig:42:24.8933:134338,Contig:51:30.8885:10937,Contig:56:74.5997:957,Contig:74:193.457:1298,Contig:93:147.945:1250,Contig:42:24.8933:5p:1:2:102	0	False	0
ecol-SAMN34360970	PBF_P6	Contig:52:47.7265:722,Contig:67:33.8404:2333,Contig:20:49.7579:5p:1:3:288,Contig:100:42.4899:3p:1:8:151,Contig:100:42.4899:3p:1:19:176,Contig:124:22.447:270636,Contig:100:42.4899:3p:1:43:238,Contig:91:41.537:725,Contig:120:48.2:419,Contig:36:52.7333:1187,Contig:100:42.4899:3p:1:13:127,Contig:20:49.7579:706,Contig:100:42.4899:1210,Contig:100:42.4899:3p:1:25:238,Contig:126:40.853:5p:1:3:520,Contig:7:27.1602:22571,Contig:33:129.118:2532,Contig:7:27.1602:5p:1:2:237,Contig:46:43.9868:1085,Contig:10:19.0323:2609,Contig:138:25.6548:21993,Contig:65:30.6633:10005,Contig:108:35.6813:9791,Contig:126:40.853:899,Contig:100:42.4899:3p:1:9:102	5	-0.7938840050237639	6.188079883992179	0.7253439537200757	PBF_P7	Contig:114:48.3289:1114,Contig:88:46.1816:823,Contig:35:45.5913:1963,Contig:35:45.5913:5p:1:4:505,Contig:131:58.9922:448,Contig:79:50.0818:661,Contig:39:51.202:3p:1:2:292,Contig:88:46.1816:3p:1:3:147,Contig:73:50.6727:2116,Contig:103:40.3743:2366,Contig:78:46.9803:723,Contig:64:53.2707:690,Contig:22:20.9556:4186,Contig:39:51.202:1729,Contig:135:47.4558:582,Contig:135:47.4558:3p:1:2:353	5	-0.09994749946170711	3.27597357737459	0.771045587055303	0	0	0	0		1	False	0
ecol-SAMN34360970	PBF_P6	Contig:52:47.7265:722,Contig:67:33.8404:2333,Contig:20:49.7579:5p:1:3:288,Contig:100:42.4899:3p:1:8:151,Contig:100:42.4899:3p:1:19:176,Contig:124:22.447:270636,Contig:100:42.4899:3p:1:43:238,Contig:91:41.537:725,Contig:120:48.2:419,Contig:36:52.7333:1187,Contig:100:42.4899:3p:1:13:127,Contig:20:49.7579:706,Contig:100:42.4899:1210,Contig:100:42.4899:3p:1:25:238,Contig:126:40.853:5p:1:3:520,Contig:7:27.1602:22571,Contig:33:129.118:2532,Contig:7:27.1602:5p:1:2:237,Contig:46:43.9868:1085,Contig:10:19.0323:2609,Contig:138:25.6548:21993,Contig:65:30.6633:10005,Contig:108:35.6813:9791,Contig:126:40.853:899,Contig:100:42.4899:3p:1:9:102	5	-0.7938840050237639	6.188079883992179	0.7253439537200757	PBF_P8	Contig:67:33.8404:2333,Contig:52:47.7265:722,Contig:20:49.7579:5p:1:3:288,Contig:148:30.4916:3400,Contig:148:30.4916:5p:1:4:133,Contig:148:30.4916:5p:1:8:285,Contig:29:26.7062:5p:1:2:360,Contig:61:62.5513:2583,Contig:126:40.853:899,Contig:94:20.1614:1604,Contig:15:34.3032:543,Contig:44:19.0744:86357,Contig:100:42.4899:3p:1:45:102,Contig:100:42.4899:3p:1:43:238,Contig:21:55.8175:1190,Contig:116:19.5884:4315,Contig:31:23.1265:22099,Contig:93:147.945:1250,Contig:44:19.0744:5p:1:9:462,Contig:29:26.7062:2085,Contig:32:17.4791:3065,Contig:36:52.7333:1187,Contig:100:42.4899:3p:1:65:238,Contig:100:42.4899:3p:1:102:488,Contig:121:47.0625:418,Contig:100:42.4899:3p:1:114:126,Contig:47:29.7911:3132,Contig:59:35.073:2025,Contig:20:49.7579:706,Contig:127:21.7798:68435,Contig:140:49.879:594,Contig:145:25.8567:2039,Contig:100:42.4899:3p:1:76:238,Contig:100:42.4899:1210,Contig:100:42.4899:3p:1:25:238,Contig:100:42.4899:3p:1:66:197,Contig:100:42.4899:3p:1:59:176,Contig:150:23.5229:6355,Contig:148:30.4916:5p:1:9:560,Contig:58:23.104:16444,Contig:126:40.853:5p:1:3:520,Contig:44:19.0744:5p:1:5:554,Contig:7:27.1602:22571,Contig:95:30.3196:2736,Contig:150:23.5229:5p:1:5:671,Contig:100:42.4899:3p:1:49:127,Contig:100:42.4899:3p:1:79:110,Contig:33:129.118:2532,Contig:43:27.8935:12904,Contig:7:27.1602:5p:1:2:237,Contig:44:19.0744:5p:1:4:141,Contig:46:43.9868:1085,Contig:44:19.0744:5p:1:2:141,Contig:146:19.2183:74605,Contig:48:40.0595:794,Contig:10:19.0323:2609,Contig:100:42.4899:3p:1:101:238,Contig:138:25.6548:21993,Contig:65:30.6633:10005,Contig:108:35.6813:9791,Contig:100:42.4899:3p:1:44:151,Contig:139:19.743:7362	4	-2.2987825552288763	9.309852022818484	0.6606348278381782	5	-3.8651859941795	16.74293988726975	0.6606348278382939	Contig:100:42.4899:3p:1:120:102,Contig:100:42.4899:3p:1:121:151,Contig:100:42.4899:3p:1:122:327,Contig:100:42.4899:3p:1:125:243	0	True	0
ecol-SAMN34360970	PBF_P6	Contig:52:47.7265:722,Contig:67:33.8404:2333,Contig:20:49.7579:5p:1:3:288,Contig:100:42.4899:3p:1:8:151,Contig:100:42.4899:3p:1:19:176,Contig:124:22.447:270636,Contig:100:42.4899:3p:1:43:238,Contig:91:41.537:725,Contig:120:48.2:419,Contig:36:52.7333:1187,Contig:100:42.4899:3p:1:13:127,Contig:20:49.7579:706,Contig:100:42.4899:1210,Contig:100:42.4899:3p:1:25:238,Contig:126:40.853:5p:1:3:520,Contig:7:27.1602:22571,Contig:33:129.118:2532,Contig:7:27.1602:5p:1:2:237,Contig:46:43.9868:1085,Contig:10:19.0323:2609,Contig:138:25.6548:21993,Contig:65:30.6633:10005,Contig:108:35.6813:9791,Contig:126:40.853:899,Contig:100:42.4899:3p:1:9:102	5	-0.7938840050237639	6.188079883992179	0.7253439537200757	PBF_P9	Contig:67:33.8404:2333,Contig:52:47.7265:722,Contig:20:49.7579:5p:1:3:288,Contig:100:42.4899:3p:1:8:151,Contig:100:42.4899:3p:1:19:176,Contig:100:42.4899:3p:1:43:238,Contig:100:42.4899:3p:1:65:238,Contig:100:42.4899:3p:1:13:127,Contig:121:47.0625:418,Contig:20:49.7579:706,Contig:100:42.4899:3p:1:76:238,Contig:100:42.4899:1210,Contig:100:42.4899:3p:1:25:238,Contig:100:42.4899:3p:1:66:197,Contig:126:40.853:5p:1:3:520,Contig:7:27.1602:22571,Contig:100:42.4899:3p:1:79:110,Contig:33:129.118:2532,Contig:7:27.1602:5p:1:2:237,Contig:138:25.6548:21993,Contig:65:30.6633:10005,Contig:126:40.853:899,Contig:100:42.4899:3p:1:9:102	5	-1.0941726084225654	5.888688686480091	0.9651419684517841	5	-1.9353861098314866	13.317449832478173	0.7253439537198574	Contig:100:42.4899:3p:1:81:151,Contig:100:42.4899:3p:1:82:102,Contig:100:42.4899:3p:1:86:127,Contig:100:42.4899:3p:1:93:176,Contig:100:42.4899:3p:1:102:488	0	True	0
ecol-SAMN34360970	PBF_P6	Contig:52:47.7265:722,Contig:67:33.8404:2333,Contig:20:49.7579:5p:1:3:288,Contig:100:42.4899:3p:1:8:151,Contig:100:42.4899:3p:1:19:176,Contig:124:22.447:270636,Contig:100:42.4899:3p:1:43:238,Contig:91:41.537:725,Contig:120:48.2:419,Contig:36:52.7333:1187,Contig:100:42.4899:3p:1:13:127,Contig:20:49.7579:706,Contig:100:42.4899:1210,Contig:100:42.4899:3p:1:25:238,Contig:126:40.853:5p:1:3:520,Contig:7:27.1602:22571,Contig:33:129.118:2532,Contig:7:27.1602:5p:1:2:237,Contig:46:43.9868:1085,Contig:10:19.0323:2609,Contig:138:25.6548:21993,Contig:65:30.6633:10005,Contig:108:35.6813:9791,Contig:126:40.853:899,Contig:100:42.4899:3p:1:9:102	5	-0.7938840050237639	6.188079883992179	0.7253439537200757	PBF_P10	Contig:130:25.0242:8956,Contig:111:38.4642:5p:1:12:458,Contig:69:30.0437:957,Contig:77:21.502:9231	5	-0.1489277839330487	1.9384933159176858	0.541722661418449	0	0	0	0		1	False	0
ecol-SAMN34360970	PBF_P6	Contig:52:47.7265:722,Contig:67:33.8404:2333,Contig:20:49.7579:5p:1:3:288,Contig:100:42.4899:3p:1:8:151,Contig:100:42.4899:3p:1:19:176,Contig:124:22.447:270636,Contig:100:42.4899:3p:1:43:238,Contig:91:41.537:725,Contig:120:48.2:419,Contig:36:52.7333:1187,Contig:100:42.4899:3p:1:13:127,Contig:20:49.7579:706,Contig:100:42.4899:1210,Contig:100:42.4899:3p:1:25:238,Contig:126:40.853:5p:1:3:520,Contig:7:27.1602:22571,Contig:33:129.118:2532,Contig:7:27.1602:5p:1:2:237,Contig:46:43.9868:1085,Contig:10:19.0323:2609,Contig:138:25.6548:21993,Contig:65:30.6633:10005,Contig:108:35.6813:9791,Contig:126:40.853:899,Contig:100:42.4899:3p:1:9:102	5	-0.7938840050237639	6.188079883992179	0.7253439537200757	PBF_P11	Contig:132:30.4854:6066,Contig:111:38.4642:5p:1:7:362	5	-0.04634189381383019	0.9973636411029688	1.2303195964748075	0	0	0	0		1	False	0
ecol-SAMN34360970	PBF_P6	Contig:52:47.7265:722,Contig:67:33.8404:2333,Contig:20:49.7579:5p:1:3:288,Contig:100:42.4899:3p:1:8:151,Contig:100:42.4899:3p:1:19:176,Contig:124:22.447:270636,Contig:100:42.4899:3p:1:43:238,Contig:91:41.537:725,Contig:120:48.2:419,Contig:36:52.7333:1187,Contig:100:42.4899:3p:1:13:127,Contig:20:49.7579:706,Contig:100:42.4899:1210,Contig:100:42.4899:3p:1:25:238,Contig:126:40.853:5p:1:3:520,Contig:7:27.1602:22571,Contig:33:129.118:2532,Contig:7:27.1602:5p:1:2:237,Contig:46:43.9868:1085,Contig:10:19.0323:2609,Contig:138:25.6548:21993,Contig:65:30.6633:10005,Contig:108:35.6813:9791,Contig:126:40.853:899,Contig:100:42.4899:3p:1:9:102	5	-0.7938840050237639	6.188079883992179	0.7253439537200757	PBF_P12	Contig:7:27.1602:5p:1:2:237,Contig:138:25.6548:21993,Contig:89:35.2774:3219,Contig:7:27.1602:22571	4	-0.010734381484954092	1.4329497161738098	0.9945821378649695	5	-1.1812602218881403	8.086712171743061	0.7253439537198574	Contig:68:28.5351:1219	0	True	0
ecol-SAMN34360970	PBF_P6	Contig:52:47.7265:722,Contig:67:33.8404:2333,Contig:20:49.7579:5p:1:3:288,Contig:100:42.4899:3p:1:8:151,Contig:100:42.4899:3p:1:19:176,Contig:124:22.447:270636,Contig:100:42.4899:3p:1:43:238,Contig:91:41.537:725,Contig:120:48.2:419,Contig:36:52.7333:1187,Contig:100:42.4899:3p:1:13:127,Contig:20:49.7579:706,Contig:100:42.4899:1210,Contig:100:42.4899:3p:1:25:238,Contig:126:40.853:5p:1:3:520,Contig:7:27.1602:22571,Contig:33:129.118:2532,Contig:7:27.1602:5p:1:2:237,Contig:46:43.9868:1085,Contig:10:19.0323:2609,Contig:138:25.6548:21993,Contig:65:30.6633:10005,Contig:108:35.6813:9791,Contig:126:40.853:899,Contig:100:42.4899:3p:1:9:102	5	-0.7938840050237639	6.188079883992179	0.7253439537200757	PBF_P13	Contig:131:58.9922:448,Contig:79:50.0818:661,Contig:39:51.202:3p:1:2:292,Contig:64:53.2707:690,Contig:22:20.9556:4186,Contig:39:51.202:1729,Contig:135:47.4558:582,Contig:135:47.4558:3p:1:2:353	5	-0.09994749946170711	2.0535022453201095	0.771045587055303	0	0	0	0		1	False	0
ecol-SAMN34360970	PBF_P6	Contig:52:47.7265:722,Contig:67:33.8404:2333,Contig:20:49.7579:5p:1:3:288,Contig:100:42.4899:3p:1:8:151,Contig:100:42.4899:3p:1:19:176,Contig:124:22.447:270636,Contig:100:42.4899:3p:1:43:238,Contig:91:41.537:725,Contig:120:48.2:419,Contig:36:52.7333:1187,Contig:100:42.4899:3p:1:13:127,Contig:20:49.7579:706,Contig:100:42.4899:1210,Contig:100:42.4899:3p:1:25:238,Contig:126:40.853:5p:1:3:520,Contig:7:27.1602:22571,Contig:33:129.118:2532,Contig:7:27.1602:5p:1:2:237,Contig:46:43.9868:1085,Contig:10:19.0323:2609,Contig:138:25.6548:21993,Contig:65:30.6633:10005,Contig:108:35.6813:9791,Contig:126:40.853:899,Contig:100:42.4899:3p:1:9:102	5	-0.7938840050237639	6.188079883992179	0.7253439537200757	PBF_P14	Contig:33:129.118:2532,Contig:75:19.2372:4718,Contig:136:23.6079:7744	5	-0.04660699732137735	1.321061874203569	0.7541002189552106	5	-0.8404910023451413	7.509141758195748	0.7253439537198574		0	True	0
ecol-SAMN34360970	PBF_P6	Contig:52:47.7265:722,Contig:67:33.8404:2333,Contig:20:49.7579:5p:1:3:288,Contig:100:42.4899:3p:1:8:151,Contig:100:42.4899:3p:1:19:176,Contig:124:22.447:270636,Contig:100:42.4899:3p:1:43:238,Contig:91:41.537:725,Contig:120:48.2:419,Contig:36:52.7333:1187,Contig:100:42.4899:3p:1:13:127,Contig:20:49.7579:706,Contig:100:42.4899:1210,Contig:100:42.4899:3p:1:25:238,Contig:126:40.853:5p:1:3:520,Contig:7:27.1602:22571,Contig:33:129.118:2532,Contig:7:27.1602:5p:1:2:237,Contig:46:43.9868:1085,Contig:10:19.0323:2609,Contig:138:25.6548:21993,Contig:65:30.6633:10005,Contig:108:35.6813:9791,Contig:126:40.853:899,Contig:100:42.4899:3p:1:9:102	5	-0.7938840050237639	6.188079883992179	0.7253439537200757	PBF_P15	Contig:24:31.772:4795,Contig:105:40.3588:1010	5	-0.13781281279315516	0.9123208354265933	0.9460417928397453	5	-1.3039950779393692	3.8131922612533855	0.7253439537198574	Contig:102:27.6008:32622,Contig:106:26.977:29935,Contig:128:26.8439:190899,Contig:141:26.8054:203494,Contig:149:26.8685:34428,Contig:40:27.0656:20375,Contig:74:193.457:1298,Contig:86:61.7111:1443,Contig:93:147.945:1250,Contig:96:53.2109:740,Contig:106:26.977:3p:1:14:151,Contig:40:27.0656:3p:1:4:130,Contig:54:16.9742:5p:1:3:355,Contig:54:16.9742:5p:1:4:386,Contig:54:16.9742:5p:1:7:289	0	False	0
ecol-SAMN34360970	PBF_P6	Contig:52:47.7265:722,Contig:67:33.8404:2333,Contig:20:49.7579:5p:1:3:288,Contig:100:42.4899:3p:1:8:151,Contig:100:42.4899:3p:1:19:176,Contig:124:22.447:270636,Contig:100:42.4899:3p:1:43:238,Contig:91:41.537:725,Contig:120:48.2:419,Contig:36:52.7333:1187,Contig:100:42.4899:3p:1:13:127,Contig:20:49.7579:706,Contig:100:42.4899:1210,Contig:100:42.4899:3p:1:25:238,Contig:126:40.853:5p:1:3:520,Contig:7:27.1602:22571,Contig:33:129.118:2532,Contig:7:27.1602:5p:1:2:237,Contig:46:43.9868:1085,Contig:10:19.0323:2609,Contig:138:25.6548:21993,Contig:65:30.6633:10005,Contig:108:35.6813:9791,Contig:126:40.853:899,Contig:100:42.4899:3p:1:9:102	5	-0.7938840050237639	6.188079883992179	0.7253439537200757	PBF_P16	Contig:43:27.8935:12904,Contig:21:55.8175:1190,Contig:145:25.8567:2039,Contig:61:62.5513:2583,Contig:93:147.945:1250,Contig:51:30.8885:10937	4	-0.046969773709497675	0.8011361088027857	0.8812919876578308	5	-1.1147137251119164	6.989215992794965	0.7253439537198574		0	False	0
ecol-SAMN34360970	PBF_P6	Contig:52:47.7265:722,Contig:67:33.8404:2333,Contig:20:49.7579:5p:1:3:288,Contig:100:42.4899:3p:1:8:151,Contig:100:42.4899:3p:1:19:176,Contig:124:22.447:270636,Contig:100:42.4899:3p:1:43:238,Contig:91:41.537:725,Contig:120:48.2:419,Contig:36:52.7333:1187,Contig:100:42.4899:3p:1:13:127,Contig:20:49.7579:706,Contig:100:42.4899:1210,Contig:100:42.4899:3p:1:25:238,Contig:126:40.853:5p:1:3:520,Contig:7:27.1602:22571,Contig:33:129.118:2532,Contig:7:27.1602:5p:1:2:237,Contig:46:43.9868:1085,Contig:10:19.0323:2609,Contig:138:25.6548:21993,Contig:65:30.6633:10005,Contig:108:35.6813:9791,Contig:126:40.853:899,Contig:100:42.4899:3p:1:9:102	5	-0.7938840050237639	6.188079883992179	0.7253439537200757	PBF_P17	Contig:28:16.5792:5068,Contig:111:38.4642:1613	4	-0.0016899422948838394	0.8739757593187112	0.6262080805326801	0	0	0	0		1	False	0
ecol-SAMN34360970	PBF_P6	Contig:52:47.7265:722,Contig:67:33.8404:2333,Contig:20:49.7579:5p:1:3:288,Contig:100:42.4899:3p:1:8:151,Contig:100:42.4899:3p:1:19:176,Contig:124:22.447:270636,Contig:100:42.4899:3p:1:43:238,Contig:91:41.537:725,Contig:120:48.2:419,Contig:36:52.7333:1187,Contig:100:42.4899:3p:1:13:127,Contig:20:49.7579:706,Contig:100:42.4899:1210,Contig:100:42.4899:3p:1:25:238,Contig:126:40.853:5p:1:3:520,Contig:7:27.1602:22571,Contig:33:129.118:2532,Contig:7:27.1602:5p:1:2:237,Contig:46:43.9868:1085,Contig:10:19.0323:2609,Contig:138:25.6548:21993,Contig:65:30.6633:10005,Contig:108:35.6813:9791,Contig:126:40.853:899,Contig:100:42.4899:3p:1:9:102	5	-0.7938840050237639	6.188079883992179	0.7253439537200757	PBF_P18	Contig:50:20.515:3034,Contig:150:23.5229:5p:1:9:732	4	0.0	0.7062893989825291	0.7546511038250914	4	-1.3507371025916584	7.08167728536663	0.08384331289744296	Contig:133:23.8907:2181,Contig:141:26.8054:203494,Contig:150:23.5229:6355,Contig:15:34.3032:543,Contig:44:19.0744:86357,Contig:93:147.945:1250,Contig:150:23.5229:5p:1:4:671,Contig:150:23.5229:5p:1:12:671,Contig:44:19.0744:5p:1:2:141,Contig:44:19.0744:5p:1:4:141,Contig:44:19.0744:5p:1:5:554,Contig:44:19.0744:5p:1:9:462	0	False	0
ecol-SAMN34360970	PBF_P6	Contig:52:47.7265:722,Contig:67:33.8404:2333,Contig:20:49.7579:5p:1:3:288,Contig:100:42.4899:3p:1:8:151,Contig:100:42.4899:3p:1:19:176,Contig:124:22.447:270636,Contig:100:42.4899:3p:1:43:238,Contig:91:41.537:725,Contig:120:48.2:419,Contig:36:52.7333:1187,Contig:100:42.4899:3p:1:13:127,Contig:20:49.7579:706,Contig:100:42.4899:1210,Contig:100:42.4899:3p:1:25:238,Contig:126:40.853:5p:1:3:520,Contig:7:27.1602:22571,Contig:33:129.118:2532,Contig:7:27.1602:5p:1:2:237,Contig:46:43.9868:1085,Contig:10:19.0323:2609,Contig:138:25.6548:21993,Contig:65:30.6633:10005,Contig:108:35.6813:9791,Contig:126:40.853:899,Contig:100:42.4899:3p:1:9:102	5	-0.7938840050237639	6.188079883992179	0.7253439537200757	PBF_P19	Contig:23:22.866:4418	5	0.0	0.465883237440576	0.8851384334052287	5	-1.1661822651462135	3.831397025668601	0.47605269869927724	Contig:102:27.6008:32622,Contig:105:40.3588:1010,Contig:106:26.977:29935,Contig:128:26.8439:190899,Contig:141:26.8054:203494,Contig:149:26.8685:34428,Contig:40:27.0656:20375,Contig:74:193.457:1298,Contig:86:61.7111:1443,Contig:93:147.945:1250,Contig:96:53.2109:740,Contig:106:26.977:3p:1:14:151,Contig:40:27.0656:3p:1:4:130,Contig:54:16.9742:5p:1:3:355,Contig:54:16.9742:5p:1:4:386,Contig:54:16.9742:5p:1:7:289	0	False	0
ecol-SAMN34360970	PBF_P6	Contig:52:47.7265:722,Contig:67:33.8404:2333,Contig:20:49.7579:5p:1:3:288,Contig:100:42.4899:3p:1:8:151,Contig:100:42.4899:3p:1:19:176,Contig:124:22.447:270636,Contig:100:42.4899:3p:1:43:238,Contig:91:41.537:725,Contig:120:48.2:419,Contig:36:52.7333:1187,Contig:100:42.4899:3p:1:13:127,Contig:20:49.7579:706,Contig:100:42.4899:1210,Contig:100:42.4899:3p:1:25:238,Contig:126:40.853:5p:1:3:520,Contig:7:27.1602:22571,Contig:33:129.118:2532,Contig:7:27.1602:5p:1:2:237,Contig:46:43.9868:1085,Contig:10:19.0323:2609,Contig:138:25.6548:21993,Contig:65:30.6633:10005,Contig:108:35.6813:9791,Contig:126:40.853:899,Contig:100:42.4899:3p:1:9:102	5	-0.7938840050237639	6.188079883992179	0.7253439537200757	PBF_P20	Contig:47:29.7911:3132,Contig:140:49.879:594,Contig:148:30.4916:3400,Contig:61:62.5513:2583,Contig:94:20.1614:1604,Contig:32:17.4791:3065	5	-0.24721782520796218	1.23277387390553	0.6606348278381782	5	-1.8447469232837326	7.344635761362995	0.08384331289744296	Contig:141:26.8054:203494,Contig:15:34.3032:543,Contig:44:19.0744:86357,Contig:58:23.104:16444,Contig:93:147.945:1250,Contig:148:30.4916:5p:1:4:133,Contig:148:30.4916:5p:1:8:285,Contig:148:30.4916:5p:1:9:560,Contig:44:19.0744:5p:1:2:141,Contig:44:19.0744:5p:1:4:141,Contig:44:19.0744:5p:1:5:554,Contig:44:19.0744:5p:1:9:462	0	False	0
ecol-SAMN34360970	PBF_P6	Contig:52:47.7265:722,Contig:67:33.8404:2333,Contig:20:49.7579:5p:1:3:288,Contig:100:42.4899:3p:1:8:151,Contig:100:42.4899:3p:1:19:176,Contig:124:22.447:270636,Contig:100:42.4899:3p:1:43:238,Contig:91:41.537:725,Contig:120:48.2:419,Contig:36:52.7333:1187,Contig:100:42.4899:3p:1:13:127,Contig:20:49.7579:706,Contig:100:42.4899:1210,Contig:100:42.4899:3p:1:25:238,Contig:126:40.853:5p:1:3:520,Contig:7:27.1602:22571,Contig:33:129.118:2532,Contig:7:27.1602:5p:1:2:237,Contig:46:43.9868:1085,Contig:10:19.0323:2609,Contig:138:25.6548:21993,Contig:65:30.6633:10005,Contig:108:35.6813:9791,Contig:126:40.853:899,Contig:100:42.4899:3p:1:9:102	5	-0.7938840050237639	6.188079883992179	0.7253439537200757	PBF_P21	Contig:79:50.0818:661,Contig:64:53.2707:690,Contig:22:20.9556:4186	5	-0.09994749946170711	1.1335759997579955	0.771045587055303	0	0	0	0		1	False	0
ecol-SAMN34360970	PBF_P6	Contig:52:47.7265:722,Contig:67:33.8404:2333,Contig:20:49.7579:5p:1:3:288,Contig:100:42.4899:3p:1:8:151,Contig:100:42.4899:3p:1:19:176,Contig:124:22.447:270636,Contig:100:42.4899:3p:1:43:238,Contig:91:41.537:725,Contig:120:48.2:419,Contig:36:52.7333:1187,Contig:100:42.4899:3p:1:13:127,Contig:20:49.7579:706,Contig:100:42.4899:1210,Contig:100:42.4899:3p:1:25:238,Contig:126:40.853:5p:1:3:520,Contig:7:27.1602:22571,Contig:33:129.118:2532,Contig:7:27.1602:5p:1:2:237,Contig:46:43.9868:1085,Contig:10:19.0323:2609,Contig:138:25.6548:21993,Contig:65:30.6633:10005,Contig:108:35.6813:9791,Contig:126:40.853:899,Contig:100:42.4899:3p:1:9:102	5	-0.7938840050237639	6.188079883992179	0.7253439537200757	PBF_P22	Contig:77:21.502:9231,Contig:101:19.8028:6860	4	0.0	0.8805380306054343	0.6898532272088536	0	0	0	0		1	False	0
ecol-SAMN34360970	PBF_P6	Contig:52:47.7265:722,Contig:67:33.8404:2333,Contig:20:49.7579:5p:1:3:288,Contig:100:42.4899:3p:1:8:151,Contig:100:42.4899:3p:1:19:176,Contig:124:22.447:270636,Contig:100:42.4899:3p:1:43:238,Contig:91:41.537:725,Contig:120:48.2:419,Contig:36:52.7333:1187,Contig:100:42.4899:3p:1:13:127,Contig:20:49.7579:706,Contig:100:42.4899:1210,Contig:100:42.4899:3p:1:25:238,Contig:126:40.853:5p:1:3:520,Contig:7:27.1602:22571,Contig:33:129.118:2532,Contig:7:27.1602:5p:1:2:237,Contig:46:43.9868:1085,Contig:10:19.0323:2609,Contig:138:25.6548:21993,Contig:65:30.6633:10005,Contig:108:35.6813:9791,Contig:126:40.853:899,Contig:100:42.4899:3p:1:9:102	5	-0.7938840050237639	6.188079883992179	0.7253439537200757	PBF_P23	Contig:110:28.186:4992	4	0.0	0.2110475378428336	0.9769090047395638	5	-1.0947626197505052	3.322501223766294	0.7253439537198574	Contig:11:23.923:56484,Contig:141:26.8054:203494,Contig:149:26.8685:34428,Contig:42:24.8933:134338,Contig:56:74.5997:957,Contig:74:193.457:1298,Contig:93:147.945:1250,Contig:42:24.8933:5p:1:2:102	0	False	0
ecol-SAMN34360970	PBF_P6	Contig:52:47.7265:722,Contig:67:33.8404:2333,Contig:20:49.7579:5p:1:3:288,Contig:100:42.4899:3p:1:8:151,Contig:100:42.4899:3p:1:19:176,Contig:124:22.447:270636,Contig:100:42.4899:3p:1:43:238,Contig:91:41.537:725,Contig:120:48.2:419,Contig:36:52.7333:1187,Contig:100:42.4899:3p:1:13:127,Contig:20:49.7579:706,Contig:100:42.4899:1210,Contig:100:42.4899:3p:1:25:238,Contig:126:40.853:5p:1:3:520,Contig:7:27.1602:22571,Contig:33:129.118:2532,Contig:7:27.1602:5p:1:2:237,Contig:46:43.9868:1085,Contig:10:19.0323:2609,Contig:138:25.6548:21993,Contig:65:30.6633:10005,Contig:108:35.6813:9791,Contig:126:40.853:899,Contig:100:42.4899:3p:1:9:102	5	-0.7938840050237639	6.188079883992179	0.7253439537200757	PBF_P24	Contig:119:25.4264:3942	4	0.0	0.29983485438901725	0.8599504986078026	4	-1.4423386294294662	6.373275895924439	0.08384331289744296	Contig:141:26.8054:203494,Contig:150:23.5229:6355,Contig:15:34.3032:543,Contig:29:26.7062:2085,Contig:44:19.0744:86357,Contig:93:147.945:1250,Contig:150:23.5229:5p:1:5:671,Contig:29:26.7062:5p:1:2:360,Contig:44:19.0744:5p:1:2:141,Contig:44:19.0744:5p:1:4:141,Contig:44:19.0744:5p:1:5:554,Contig:44:19.0744:5p:1:9:462	0	False	0
ecol-SAMN34360970	PBF_P6	Contig:52:47.7265:722,Contig:67:33.8404:2333,Contig:20:49.7579:5p:1:3:288,Contig:100:42.4899:3p:1:8:151,Contig:100:42.4899:3p:1:19:176,Contig:124:22.447:270636,Contig:100:42.4899:3p:1:43:238,Contig:91:41.537:725,Contig:120:48.2:419,Contig:36:52.7333:1187,Contig:100:42.4899:3p:1:13:127,Contig:20:49.7579:706,Contig:100:42.4899:1210,Contig:100:42.4899:3p:1:25:238,Contig:126:40.853:5p:1:3:520,Contig:7:27.1602:22571,Contig:33:129.118:2532,Contig:7:27.1602:5p:1:2:237,Contig:46:43.9868:1085,Contig:10:19.0323:2609,Contig:138:25.6548:21993,Contig:65:30.6633:10005,Contig:108:35.6813:9791,Contig:126:40.853:899,Contig:100:42.4899:3p:1:9:102	5	-0.7938840050237639	6.188079883992179	0.7253439537200757	PBF_P25	Contig:148:30.4916:3400	5	0.0	0.3104088215534112	1.0480696360149853	5	-1.5975290980757706	6.422270709010875	0.08384331289744296	Contig:141:26.8054:203494,Contig:15:34.3032:543,Contig:44:19.0744:86357,Contig:58:23.104:16444,Contig:93:147.945:1250,Contig:148:30.4916:5p:1:4:133,Contig:148:30.4916:5p:1:8:285,Contig:148:30.4916:5p:1:9:560,Contig:44:19.0744:5p:1:2:141,Contig:44:19.0744:5p:1:4:141,Contig:44:19.0744:5p:1:5:554,Contig:44:19.0744:5p:1:9:462	0	False	0
ecol-SAMN34360970	PBF_P6	Contig:52:47.7265:722,Contig:67:33.8404:2333,Contig:20:49.7579:5p:1:3:288,Contig:100:42.4899:3p:1:8:151,Contig:100:42.4899:3p:1:19:176,Contig:124:22.447:270636,Contig:100:42.4899:3p:1:43:238,Contig:91:41.537:725,Contig:120:48.2:419,Contig:36:52.7333:1187,Contig:100:42.4899:3p:1:13:127,Contig:20:49.7579:706,Contig:100:42.4899:1210,Contig:100:42.4899:3p:1:25:238,Contig:126:40.853:5p:1:3:520,Contig:7:27.1602:22571,Contig:33:129.118:2532,Contig:7:27.1602:5p:1:2:237,Contig:46:43.9868:1085,Contig:10:19.0323:2609,Contig:138:25.6548:21993,Contig:65:30.6633:10005,Contig:108:35.6813:9791,Contig:126:40.853:899,Contig:100:42.4899:3p:1:9:102	5	-0.7938840050237639	6.188079883992179	0.7253439537200757	PBF_P26	Contig:16:16.7123:3534	4	0.0	0.4024554248497726	0.6261641889568632	0	0	0	0		1	False	0
ecol-SAMN34360970	PBF_P6	Contig:52:47.7265:722,Contig:67:33.8404:2333,Contig:20:49.7579:5p:1:3:288,Contig:100:42.4899:3p:1:8:151,Contig:100:42.4899:3p:1:19:176,Contig:124:22.447:270636,Contig:100:42.4899:3p:1:43:238,Contig:91:41.537:725,Contig:120:48.2:419,Contig:36:52.7333:1187,Contig:100:42.4899:3p:1:13:127,Contig:20:49.7579:706,Contig:100:42.4899:1210,Contig:100:42.4899:3p:1:25:238,Contig:126:40.853:5p:1:3:520,Contig:7:27.1602:22571,Contig:33:129.118:2532,Contig:7:27.1602:5p:1:2:237,Contig:46:43.9868:1085,Contig:10:19.0323:2609,Contig:138:25.6548:21993,Contig:65:30.6633:10005,Contig:108:35.6813:9791,Contig:126:40.853:899,Contig:100:42.4899:3p:1:9:102	5	-0.7938840050237639	6.188079883992179	0.7253439537200757	PBF_P27	Contig:116:19.5884:4315	4	0.0	0.28341071530720896	0.7513940931250932	5	-0.8930635695181947	5.973471795698575	0.20316157386696432	Contig:127:21.7798:68435	0	False	0
ecol-SAMN34360970	PBF_P7	Contig:114:48.3289:1114,Contig:88:46.1816:823,Contig:35:45.5913:1963,Contig:35:45.5913:5p:1:4:505,Contig:131:58.9922:448,Contig:79:50.0818:661,Contig:39:51.202:3p:1:2:292,Contig:88:46.1816:3p:1:3:147,Contig:73:50.6727:2116,Contig:103:40.3743:2366,Contig:78:46.9803:723,Contig:64:53.2707:690,Contig:22:20.9556:4186,Contig:39:51.202:1729,Contig:135:47.4558:582,Contig:135:47.4558:3p:1:2:353	5	-0.09994749946170711	3.27597357737459	0.771045587055303	PBF_P8	Contig:67:33.8404:2333,Contig:52:47.7265:722,Contig:20:49.7579:5p:1:3:288,Contig:148:30.4916:3400,Contig:148:30.4916:5p:1:4:133,Contig:148:30.4916:5p:1:8:285,Contig:29:26.7062:5p:1:2:360,Contig:61:62.5513:2583,Contig:126:40.853:899,Contig:94:20.1614:1604,Contig:15:34.3032:543,Contig:44:19.0744:86357,Contig:100:42.4899:3p:1:45:102,Contig:100:42.4899:3p:1:43:238,Contig:21:55.8175:1190,Contig:116:19.5884:4315,Contig:31:23.1265:22099,Contig:93:147.945:1250,Contig:44:19.0744:5p:1:9:462,Contig:29:26.7062:2085,Contig:32:17.4791:3065,Contig:36:52.7333:1187,Contig:100:42.4899:3p:1:65:238,Contig:100:42.4899:3p:1:102:488,Contig:121:47.0625:418,Contig:100:42.4899:3p:1:114:126,Contig:47:29.7911:3132,Contig:59:35.073:2025,Contig:20:49.7579:706,Contig:127:21.7798:68435,Contig:140:49.879:594,Contig:145:25.8567:2039,Contig:100:42.4899:3p:1:76:238,Contig:100:42.4899:1210,Contig:100:42.4899:3p:1:25:238,Contig:100:42.4899:3p:1:66:197,Contig:100:42.4899:3p:1:59:176,Contig:150:23.5229:6355,Contig:148:30.4916:5p:1:9:560,Contig:58:23.104:16444,Contig:126:40.853:5p:1:3:520,Contig:44:19.0744:5p:1:5:554,Contig:7:27.1602:22571,Contig:95:30.3196:2736,Contig:150:23.5229:5p:1:5:671,Contig:100:42.4899:3p:1:49:127,Contig:100:42.4899:3p:1:79:110,Contig:33:129.118:2532,Contig:43:27.8935:12904,Contig:7:27.1602:5p:1:2:237,Contig:44:19.0744:5p:1:4:141,Contig:46:43.9868:1085,Contig:44:19.0744:5p:1:2:141,Contig:146:19.2183:74605,Contig:48:40.0595:794,Contig:10:19.0323:2609,Contig:100:42.4899:3p:1:101:238,Contig:138:25.6548:21993,Contig:65:30.6633:10005,Contig:108:35.6813:9791,Contig:100:42.4899:3p:1:44:151,Contig:139:19.743:7362	4	-2.2987825552288763	9.309852022818484	0.6606348278381782	0	0	0	0		1	False	0
ecol-SAMN34360970	PBF_P7	Contig:114:48.3289:1114,Contig:88:46.1816:823,Contig:35:45.5913:1963,Contig:35:45.5913:5p:1:4:505,Contig:131:58.9922:448,Contig:79:50.0818:661,Contig:39:51.202:3p:1:2:292,Contig:88:46.1816:3p:1:3:147,Contig:73:50.6727:2116,Contig:103:40.3743:2366,Contig:78:46.9803:723,Contig:64:53.2707:690,Contig:22:20.9556:4186,Contig:39:51.202:1729,Contig:135:47.4558:582,Contig:135:47.4558:3p:1:2:353	5	-0.09994749946170711	3.27597357737459	0.771045587055303	PBF_P9	Contig:67:33.8404:2333,Contig:52:47.7265:722,Contig:20:49.7579:5p:1:3:288,Contig:100:42.4899:3p:1:8:151,Contig:100:42.4899:3p:1:19:176,Contig:100:42.4899:3p:1:43:238,Contig:100:42.4899:3p:1:65:238,Contig:100:42.4899:3p:1:13:127,Contig:121:47.0625:418,Contig:20:49.7579:706,Contig:100:42.4899:3p:1:76:238,Contig:100:42.4899:1210,Contig:100:42.4899:3p:1:25:238,Contig:100:42.4899:3p:1:66:197,Contig:126:40.853:5p:1:3:520,Contig:7:27.1602:22571,Contig:100:42.4899:3p:1:79:110,Contig:33:129.118:2532,Contig:7:27.1602:5p:1:2:237,Contig:138:25.6548:21993,Contig:65:30.6633:10005,Contig:126:40.853:899,Contig:100:42.4899:3p:1:9:102	5	-1.0941726084225654	5.888688686480091	0.9651419684517841	0	0	0	0		1	False	0
ecol-SAMN34360970	PBF_P7	Contig:114:48.3289:1114,Contig:88:46.1816:823,Contig:35:45.5913:1963,Contig:35:45.5913:5p:1:4:505,Contig:131:58.9922:448,Contig:79:50.0818:661,Contig:39:51.202:3p:1:2:292,Contig:88:46.1816:3p:1:3:147,Contig:73:50.6727:2116,Contig:103:40.3743:2366,Contig:78:46.9803:723,Contig:64:53.2707:690,Contig:22:20.9556:4186,Contig:39:51.202:1729,Contig:135:47.4558:582,Contig:135:47.4558:3p:1:2:353	5	-0.09994749946170711	3.27597357737459	0.771045587055303	PBF_P10	Contig:130:25.0242:8956,Contig:111:38.4642:5p:1:12:458,Contig:69:30.0437:957,Contig:77:21.502:9231	5	-0.1489277839330487	1.9384933159176858	0.541722661418449	0	0	0	0		1	False	0
ecol-SAMN34360970	PBF_P7	Contig:114:48.3289:1114,Contig:88:46.1816:823,Contig:35:45.5913:1963,Contig:35:45.5913:5p:1:4:505,Contig:131:58.9922:448,Contig:79:50.0818:661,Contig:39:51.202:3p:1:2:292,Contig:88:46.1816:3p:1:3:147,Contig:73:50.6727:2116,Contig:103:40.3743:2366,Contig:78:46.9803:723,Contig:64:53.2707:690,Contig:22:20.9556:4186,Contig:39:51.202:1729,Contig:135:47.4558:582,Contig:135:47.4558:3p:1:2:353	5	-0.09994749946170711	3.27597357737459	0.771045587055303	PBF_P11	Contig:132:30.4854:6066,Contig:111:38.4642:5p:1:7:362	5	-0.04634189381383019	0.9973636411029688	1.2303195964748075	0	0	0	0		1	False	0
ecol-SAMN34360970	PBF_P7	Contig:114:48.3289:1114,Contig:88:46.1816:823,Contig:35:45.5913:1963,Contig:35:45.5913:5p:1:4:505,Contig:131:58.9922:448,Contig:79:50.0818:661,Contig:39:51.202:3p:1:2:292,Contig:88:46.1816:3p:1:3:147,Contig:73:50.6727:2116,Contig:103:40.3743:2366,Contig:78:46.9803:723,Contig:64:53.2707:690,Contig:22:20.9556:4186,Contig:39:51.202:1729,Contig:135:47.4558:582,Contig:135:47.4558:3p:1:2:353	5	-0.09994749946170711	3.27597357737459	0.771045587055303	PBF_P12	Contig:7:27.1602:5p:1:2:237,Contig:138:25.6548:21993,Contig:89:35.2774:3219,Contig:7:27.1602:22571	4	-0.010734381484954092	1.4329497161738098	0.9945821378649695	0	0	0	0		1	False	0
ecol-SAMN34360970	PBF_P7	Contig:114:48.3289:1114,Contig:88:46.1816:823,Contig:35:45.5913:1963,Contig:35:45.5913:5p:1:4:505,Contig:131:58.9922:448,Contig:79:50.0818:661,Contig:39:51.202:3p:1:2:292,Contig:88:46.1816:3p:1:3:147,Contig:73:50.6727:2116,Contig:103:40.3743:2366,Contig:78:46.9803:723,Contig:64:53.2707:690,Contig:22:20.9556:4186,Contig:39:51.202:1729,Contig:135:47.4558:582,Contig:135:47.4558:3p:1:2:353	5	0	0	0	PBF_P13	Contig:131:58.9922:448,Contig:79:50.0818:661,Contig:39:51.202:3p:1:2:292,Contig:64:53.2707:690,Contig:22:20.9556:4186,Contig:39:51.202:1729,Contig:135:47.4558:582,Contig:135:47.4558:3p:1:2:353	5	0	0	0	0	0	0	0	[]	0	1	1
ecol-SAMN34360970	PBF_P7	Contig:114:48.3289:1114,Contig:88:46.1816:823,Contig:35:45.5913:1963,Contig:35:45.5913:5p:1:4:505,Contig:131:58.9922:448,Contig:79:50.0818:661,Contig:39:51.202:3p:1:2:292,Contig:88:46.1816:3p:1:3:147,Contig:73:50.6727:2116,Contig:103:40.3743:2366,Contig:78:46.9803:723,Contig:64:53.2707:690,Contig:22:20.9556:4186,Contig:39:51.202:1729,Contig:135:47.4558:582,Contig:135:47.4558:3p:1:2:353	5	-0.09994749946170711	3.27597357737459	0.771045587055303	PBF_P14	Contig:33:129.118:2532,Contig:75:19.2372:4718,Contig:136:23.6079:7744	5	-0.04660699732137735	1.321061874203569	0.7541002189552106	0	0	0	0		1	False	0
ecol-SAMN34360970	PBF_P7	Contig:114:48.3289:1114,Contig:88:46.1816:823,Contig:35:45.5913:1963,Contig:35:45.5913:5p:1:4:505,Contig:131:58.9922:448,Contig:79:50.0818:661,Contig:39:51.202:3p:1:2:292,Contig:88:46.1816:3p:1:3:147,Contig:73:50.6727:2116,Contig:103:40.3743:2366,Contig:78:46.9803:723,Contig:64:53.2707:690,Contig:22:20.9556:4186,Contig:39:51.202:1729,Contig:135:47.4558:582,Contig:135:47.4558:3p:1:2:353	5	-0.09994749946170711	3.27597357737459	0.771045587055303	PBF_P15	Contig:24:31.772:4795,Contig:105:40.3588:1010	5	-0.13781281279315516	0.9123208354265933	0.9460417928397453	0	0	0	0		1	False	0
ecol-SAMN34360970	PBF_P7	Contig:114:48.3289:1114,Contig:88:46.1816:823,Contig:35:45.5913:1963,Contig:35:45.5913:5p:1:4:505,Contig:131:58.9922:448,Contig:79:50.0818:661,Contig:39:51.202:3p:1:2:292,Contig:88:46.1816:3p:1:3:147,Contig:73:50.6727:2116,Contig:103:40.3743:2366,Contig:78:46.9803:723,Contig:64:53.2707:690,Contig:22:20.9556:4186,Contig:39:51.202:1729,Contig:135:47.4558:582,Contig:135:47.4558:3p:1:2:353	5	-0.09994749946170711	3.27597357737459	0.771045587055303	PBF_P16	Contig:43:27.8935:12904,Contig:21:55.8175:1190,Contig:145:25.8567:2039,Contig:61:62.5513:2583,Contig:93:147.945:1250,Contig:51:30.8885:10937	4	-0.046969773709497675	0.8011361088027857	0.8812919876578308	0	0	0	0		1	False	0
ecol-SAMN34360970	PBF_P7	Contig:114:48.3289:1114,Contig:88:46.1816:823,Contig:35:45.5913:1963,Contig:35:45.5913:5p:1:4:505,Contig:131:58.9922:448,Contig:79:50.0818:661,Contig:39:51.202:3p:1:2:292,Contig:88:46.1816:3p:1:3:147,Contig:73:50.6727:2116,Contig:103:40.3743:2366,Contig:78:46.9803:723,Contig:64:53.2707:690,Contig:22:20.9556:4186,Contig:39:51.202:1729,Contig:135:47.4558:582,Contig:135:47.4558:3p:1:2:353	5	-0.09994749946170711	3.27597357737459	0.771045587055303	PBF_P17	Contig:28:16.5792:5068,Contig:111:38.4642:1613	4	-0.0016899422948838394	0.8739757593187112	0.6262080805326801	0	0	0	0		1	False	0
ecol-SAMN34360970	PBF_P7	Contig:114:48.3289:1114,Contig:88:46.1816:823,Contig:35:45.5913:1963,Contig:35:45.5913:5p:1:4:505,Contig:131:58.9922:448,Contig:79:50.0818:661,Contig:39:51.202:3p:1:2:292,Contig:88:46.1816:3p:1:3:147,Contig:73:50.6727:2116,Contig:103:40.3743:2366,Contig:78:46.9803:723,Contig:64:53.2707:690,Contig:22:20.9556:4186,Contig:39:51.202:1729,Contig:135:47.4558:582,Contig:135:47.4558:3p:1:2:353	5	-0.09994749946170711	3.27597357737459	0.771045587055303	PBF_P18	Contig:50:20.515:3034,Contig:150:23.5229:5p:1:9:732	4	0.0	0.7062893989825291	0.7546511038250914	0	0	0	0		1	False	0
ecol-SAMN34360970	PBF_P7	Contig:114:48.3289:1114,Contig:88:46.1816:823,Contig:35:45.5913:1963,Contig:35:45.5913:5p:1:4:505,Contig:131:58.9922:448,Contig:79:50.0818:661,Contig:39:51.202:3p:1:2:292,Contig:88:46.1816:3p:1:3:147,Contig:73:50.6727:2116,Contig:103:40.3743:2366,Contig:78:46.9803:723,Contig:64:53.2707:690,Contig:22:20.9556:4186,Contig:39:51.202:1729,Contig:135:47.4558:582,Contig:135:47.4558:3p:1:2:353	5	-0.09994749946170711	3.27597357737459	0.771045587055303	PBF_P19	Contig:23:22.866:4418	5	0.0	0.465883237440576	0.8851384334052287	0	0	0	0		1	False	0
ecol-SAMN34360970	PBF_P7	Contig:114:48.3289:1114,Contig:88:46.1816:823,Contig:35:45.5913:1963,Contig:35:45.5913:5p:1:4:505,Contig:131:58.9922:448,Contig:79:50.0818:661,Contig:39:51.202:3p:1:2:292,Contig:88:46.1816:3p:1:3:147,Contig:73:50.6727:2116,Contig:103:40.3743:2366,Contig:78:46.9803:723,Contig:64:53.2707:690,Contig:22:20.9556:4186,Contig:39:51.202:1729,Contig:135:47.4558:582,Contig:135:47.4558:3p:1:2:353	5	-0.09994749946170711	3.27597357737459	0.771045587055303	PBF_P20	Contig:47:29.7911:3132,Contig:140:49.879:594,Contig:148:30.4916:3400,Contig:61:62.5513:2583,Contig:94:20.1614:1604,Contig:32:17.4791:3065	5	-0.24721782520796218	1.23277387390553	0.6606348278381782	0	0	0	0		1	False	0
ecol-SAMN34360970	PBF_P7	Contig:114:48.3289:1114,Contig:88:46.1816:823,Contig:35:45.5913:1963,Contig:35:45.5913:5p:1:4:505,Contig:131:58.9922:448,Contig:79:50.0818:661,Contig:39:51.202:3p:1:2:292,Contig:88:46.1816:3p:1:3:147,Contig:73:50.6727:2116,Contig:103:40.3743:2366,Contig:78:46.9803:723,Contig:64:53.2707:690,Contig:22:20.9556:4186,Contig:39:51.202:1729,Contig:135:47.4558:582,Contig:135:47.4558:3p:1:2:353	5	0	0	0	PBF_P21	Contig:79:50.0818:661,Contig:64:53.2707:690,Contig:22:20.9556:4186	5	0	0	0	0	0	0	0	[]	0	1	1
ecol-SAMN34360970	PBF_P7	Contig:114:48.3289:1114,Contig:88:46.1816:823,Contig:35:45.5913:1963,Contig:35:45.5913:5p:1:4:505,Contig:131:58.9922:448,Contig:79:50.0818:661,Contig:39:51.202:3p:1:2:292,Contig:88:46.1816:3p:1:3:147,Contig:73:50.6727:2116,Contig:103:40.3743:2366,Contig:78:46.9803:723,Contig:64:53.2707:690,Contig:22:20.9556:4186,Contig:39:51.202:1729,Contig:135:47.4558:582,Contig:135:47.4558:3p:1:2:353	5	-0.09994749946170711	3.27597357737459	0.771045587055303	PBF_P22	Contig:77:21.502:9231,Contig:101:19.8028:6860	4	0.0	0.8805380306054343	0.6898532272088536	0	0	0	0		1	False	0
ecol-SAMN34360970	PBF_P7	Contig:114:48.3289:1114,Contig:88:46.1816:823,Contig:35:45.5913:1963,Contig:35:45.5913:5p:1:4:505,Contig:131:58.9922:448,Contig:79:50.0818:661,Contig:39:51.202:3p:1:2:292,Contig:88:46.1816:3p:1:3:147,Contig:73:50.6727:2116,Contig:103:40.3743:2366,Contig:78:46.9803:723,Contig:64:53.2707:690,Contig:22:20.9556:4186,Contig:39:51.202:1729,Contig:135:47.4558:582,Contig:135:47.4558:3p:1:2:353	5	-0.09994749946170711	3.27597357737459	0.771045587055303	PBF_P23	Contig:110:28.186:4992	4	0.0	0.2110475378428336	0.9769090047395638	0	0	0	0		1	False	0
ecol-SAMN34360970	PBF_P7	Contig:114:48.3289:1114,Contig:88:46.1816:823,Contig:35:45.5913:1963,Contig:35:45.5913:5p:1:4:505,Contig:131:58.9922:448,Contig:79:50.0818:661,Contig:39:51.202:3p:1:2:292,Contig:88:46.1816:3p:1:3:147,Contig:73:50.6727:2116,Contig:103:40.3743:2366,Contig:78:46.9803:723,Contig:64:53.2707:690,Contig:22:20.9556:4186,Contig:39:51.202:1729,Contig:135:47.4558:582,Contig:135:47.4558:3p:1:2:353	5	-0.09994749946170711	3.27597357737459	0.771045587055303	PBF_P24	Contig:119:25.4264:3942	4	0.0	0.29983485438901725	0.8599504986078026	0	0	0	0		1	False	0
ecol-SAMN34360970	PBF_P7	Contig:114:48.3289:1114,Contig:88:46.1816:823,Contig:35:45.5913:1963,Contig:35:45.5913:5p:1:4:505,Contig:131:58.9922:448,Contig:79:50.0818:661,Contig:39:51.202:3p:1:2:292,Contig:88:46.1816:3p:1:3:147,Contig:73:50.6727:2116,Contig:103:40.3743:2366,Contig:78:46.9803:723,Contig:64:53.2707:690,Contig:22:20.9556:4186,Contig:39:51.202:1729,Contig:135:47.4558:582,Contig:135:47.4558:3p:1:2:353	5	-0.09994749946170711	3.27597357737459	0.771045587055303	PBF_P25	Contig:148:30.4916:3400	5	0.0	0.3104088215534112	1.0480696360149853	0	0	0	0		1	False	0
ecol-SAMN34360970	PBF_P7	Contig:114:48.3289:1114,Contig:88:46.1816:823,Contig:35:45.5913:1963,Contig:35:45.5913:5p:1:4:505,Contig:131:58.9922:448,Contig:79:50.0818:661,Contig:39:51.202:3p:1:2:292,Contig:88:46.1816:3p:1:3:147,Contig:73:50.6727:2116,Contig:103:40.3743:2366,Contig:78:46.9803:723,Contig:64:53.2707:690,Contig:22:20.9556:4186,Contig:39:51.202:1729,Contig:135:47.4558:582,Contig:135:47.4558:3p:1:2:353	5	-0.09994749946170711	3.27597357737459	0.771045587055303	PBF_P26	Contig:16:16.7123:3534	4	0.0	0.4024554248497726	0.6261641889568632	0	0	0	0		1	False	0
ecol-SAMN34360970	PBF_P7	Contig:114:48.3289:1114,Contig:88:46.1816:823,Contig:35:45.5913:1963,Contig:35:45.5913:5p:1:4:505,Contig:131:58.9922:448,Contig:79:50.0818:661,Contig:39:51.202:3p:1:2:292,Contig:88:46.1816:3p:1:3:147,Contig:73:50.6727:2116,Contig:103:40.3743:2366,Contig:78:46.9803:723,Contig:64:53.2707:690,Contig:22:20.9556:4186,Contig:39:51.202:1729,Contig:135:47.4558:582,Contig:135:47.4558:3p:1:2:353	5	-0.09994749946170711	3.27597357737459	0.771045587055303	PBF_P27	Contig:116:19.5884:4315	4	0.0	0.28341071530720896	0.7513940931250932	0	0	0	0		1	False	0
ecol-SAMN34360970	PBF_P8	Contig:67:33.8404:2333,Contig:52:47.7265:722,Contig:20:49.7579:5p:1:3:288,Contig:148:30.4916:3400,Contig:148:30.4916:5p:1:4:133,Contig:148:30.4916:5p:1:8:285,Contig:29:26.7062:5p:1:2:360,Contig:61:62.5513:2583,Contig:126:40.853:899,Contig:94:20.1614:1604,Contig:15:34.3032:543,Contig:44:19.0744:86357,Contig:100:42.4899:3p:1:45:102,Contig:100:42.4899:3p:1:43:238,Contig:21:55.8175:1190,Contig:116:19.5884:4315,Contig:31:23.1265:22099,Contig:93:147.945:1250,Contig:44:19.0744:5p:1:9:462,Contig:29:26.7062:2085,Contig:32:17.4791:3065,Contig:36:52.7333:1187,Contig:100:42.4899:3p:1:65:238,Contig:100:42.4899:3p:1:102:488,Contig:121:47.0625:418,Contig:100:42.4899:3p:1:114:126,Contig:47:29.7911:3132,Contig:59:35.073:2025,Contig:20:49.7579:706,Contig:127:21.7798:68435,Contig:140:49.879:594,Contig:145:25.8567:2039,Contig:100:42.4899:3p:1:76:238,Contig:100:42.4899:1210,Contig:100:42.4899:3p:1:25:238,Contig:100:42.4899:3p:1:66:197,Contig:100:42.4899:3p:1:59:176,Contig:150:23.5229:6355,Contig:148:30.4916:5p:1:9:560,Contig:58:23.104:16444,Contig:126:40.853:5p:1:3:520,Contig:44:19.0744:5p:1:5:554,Contig:7:27.1602:22571,Contig:95:30.3196:2736,Contig:150:23.5229:5p:1:5:671,Contig:100:42.4899:3p:1:49:127,Contig:100:42.4899:3p:1:79:110,Contig:33:129.118:2532,Contig:43:27.8935:12904,Contig:7:27.1602:5p:1:2:237,Contig:44:19.0744:5p:1:4:141,Contig:46:43.9868:1085,Contig:44:19.0744:5p:1:2:141,Contig:146:19.2183:74605,Contig:48:40.0595:794,Contig:10:19.0323:2609,Contig:100:42.4899:3p:1:101:238,Contig:138:25.6548:21993,Contig:65:30.6633:10005,Contig:108:35.6813:9791,Contig:100:42.4899:3p:1:44:151,Contig:139:19.743:7362	4	-2.2987825552288763	9.309852022818484	0.6606348278381782	PBF_P9	Contig:67:33.8404:2333,Contig:52:47.7265:722,Contig:20:49.7579:5p:1:3:288,Contig:100:42.4899:3p:1:8:151,Contig:100:42.4899:3p:1:19:176,Contig:100:42.4899:3p:1:43:238,Contig:100:42.4899:3p:1:65:238,Contig:100:42.4899:3p:1:13:127,Contig:121:47.0625:418,Contig:20:49.7579:706,Contig:100:42.4899:3p:1:76:238,Contig:100:42.4899:1210,Contig:100:42.4899:3p:1:25:238,Contig:100:42.4899:3p:1:66:197,Contig:126:40.853:5p:1:3:520,Contig:7:27.1602:22571,Contig:100:42.4899:3p:1:79:110,Contig:33:129.118:2532,Contig:7:27.1602:5p:1:2:237,Contig:138:25.6548:21993,Contig:65:30.6633:10005,Contig:126:40.853:899,Contig:100:42.4899:3p:1:9:102	5	-1.0941726084225654	5.888688686480091	0.9651419684517841	4	-3.5907680764911563	16.014880011599736	0.6606348278437508	Contig:109:45.7427:723,Contig:126:40.853:5p:1:4:520	0	True	0
ecol-SAMN34360970	PBF_P8	Contig:67:33.8404:2333,Contig:52:47.7265:722,Contig:20:49.7579:5p:1:3:288,Contig:148:30.4916:3400,Contig:148:30.4916:5p:1:4:133,Contig:148:30.4916:5p:1:8:285,Contig:29:26.7062:5p:1:2:360,Contig:61:62.5513:2583,Contig:126:40.853:899,Contig:94:20.1614:1604,Contig:15:34.3032:543,Contig:44:19.0744:86357,Contig:100:42.4899:3p:1:45:102,Contig:100:42.4899:3p:1:43:238,Contig:21:55.8175:1190,Contig:116:19.5884:4315,Contig:31:23.1265:22099,Contig:93:147.945:1250,Contig:44:19.0744:5p:1:9:462,Contig:29:26.7062:2085,Contig:32:17.4791:3065,Contig:36:52.7333:1187,Contig:100:42.4899:3p:1:65:238,Contig:100:42.4899:3p:1:102:488,Contig:121:47.0625:418,Contig:100:42.4899:3p:1:114:126,Contig:47:29.7911:3132,Contig:59:35.073:2025,Contig:20:49.7579:706,Contig:127:21.7798:68435,Contig:140:49.879:594,Contig:145:25.8567:2039,Contig:100:42.4899:3p:1:76:238,Contig:100:42.4899:1210,Contig:100:42.4899:3p:1:25:238,Contig:100:42.4899:3p:1:66:197,Contig:100:42.4899:3p:1:59:176,Contig:150:23.5229:6355,Contig:148:30.4916:5p:1:9:560,Contig:58:23.104:16444,Contig:126:40.853:5p:1:3:520,Contig:44:19.0744:5p:1:5:554,Contig:7:27.1602:22571,Contig:95:30.3196:2736,Contig:150:23.5229:5p:1:5:671,Contig:100:42.4899:3p:1:49:127,Contig:100:42.4899:3p:1:79:110,Contig:33:129.118:2532,Contig:43:27.8935:12904,Contig:7:27.1602:5p:1:2:237,Contig:44:19.0744:5p:1:4:141,Contig:46:43.9868:1085,Contig:44:19.0744:5p:1:2:141,Contig:146:19.2183:74605,Contig:48:40.0595:794,Contig:10:19.0323:2609,Contig:100:42.4899:3p:1:101:238,Contig:138:25.6548:21993,Contig:65:30.6633:10005,Contig:108:35.6813:9791,Contig:100:42.4899:3p:1:44:151,Contig:139:19.743:7362	4	-2.2987825552288763	9.309852022818484	0.6606348278381782	PBF_P10	Contig:130:25.0242:8956,Contig:111:38.4642:5p:1:12:458,Contig:69:30.0437:957,Contig:77:21.502:9231	5	-0.1489277839330487	1.9384933159176858	0.541722661418449	0	0	0	0		1	False	0
ecol-SAMN34360970	PBF_P8	Contig:67:33.8404:2333,Contig:52:47.7265:722,Contig:20:49.7579:5p:1:3:288,Contig:148:30.4916:3400,Contig:148:30.4916:5p:1:4:133,Contig:148:30.4916:5p:1:8:285,Contig:29:26.7062:5p:1:2:360,Contig:61:62.5513:2583,Contig:126:40.853:899,Contig:94:20.1614:1604,Contig:15:34.3032:543,Contig:44:19.0744:86357,Contig:100:42.4899:3p:1:45:102,Contig:100:42.4899:3p:1:43:238,Contig:21:55.8175:1190,Contig:116:19.5884:4315,Contig:31:23.1265:22099,Contig:93:147.945:1250,Contig:44:19.0744:5p:1:9:462,Contig:29:26.7062:2085,Contig:32:17.4791:3065,Contig:36:52.7333:1187,Contig:100:42.4899:3p:1:65:238,Contig:100:42.4899:3p:1:102:488,Contig:121:47.0625:418,Contig:100:42.4899:3p:1:114:126,Contig:47:29.7911:3132,Contig:59:35.073:2025,Contig:20:49.7579:706,Contig:127:21.7798:68435,Contig:140:49.879:594,Contig:145:25.8567:2039,Contig:100:42.4899:3p:1:76:238,Contig:100:42.4899:1210,Contig:100:42.4899:3p:1:25:238,Contig:100:42.4899:3p:1:66:197,Contig:100:42.4899:3p:1:59:176,Contig:150:23.5229:6355,Contig:148:30.4916:5p:1:9:560,Contig:58:23.104:16444,Contig:126:40.853:5p:1:3:520,Contig:44:19.0744:5p:1:5:554,Contig:7:27.1602:22571,Contig:95:30.3196:2736,Contig:150:23.5229:5p:1:5:671,Contig:100:42.4899:3p:1:49:127,Contig:100:42.4899:3p:1:79:110,Contig:33:129.118:2532,Contig:43:27.8935:12904,Contig:7:27.1602:5p:1:2:237,Contig:44:19.0744:5p:1:4:141,Contig:46:43.9868:1085,Contig:44:19.0744:5p:1:2:141,Contig:146:19.2183:74605,Contig:48:40.0595:794,Contig:10:19.0323:2609,Contig:100:42.4899:3p:1:101:238,Contig:138:25.6548:21993,Contig:65:30.6633:10005,Contig:108:35.6813:9791,Contig:100:42.4899:3p:1:44:151,Contig:139:19.743:7362	4	-2.2987825552288763	9.309852022818484	0.6606348278381782	PBF_P11	Contig:132:30.4854:6066,Contig:111:38.4642:5p:1:7:362	5	-0.04634189381383019	0.9973636411029688	1.2303195964748075	0	0	0	0		1	False	0
ecol-SAMN34360970	PBF_P8	Contig:67:33.8404:2333,Contig:52:47.7265:722,Contig:20:49.7579:5p:1:3:288,Contig:148:30.4916:3400,Contig:148:30.4916:5p:1:4:133,Contig:148:30.4916:5p:1:8:285,Contig:29:26.7062:5p:1:2:360,Contig:61:62.5513:2583,Contig:126:40.853:899,Contig:94:20.1614:1604,Contig:15:34.3032:543,Contig:44:19.0744:86357,Contig:100:42.4899:3p:1:45:102,Contig:100:42.4899:3p:1:43:238,Contig:21:55.8175:1190,Contig:116:19.5884:4315,Contig:31:23.1265:22099,Contig:93:147.945:1250,Contig:44:19.0744:5p:1:9:462,Contig:29:26.7062:2085,Contig:32:17.4791:3065,Contig:36:52.7333:1187,Contig:100:42.4899:3p:1:65:238,Contig:100:42.4899:3p:1:102:488,Contig:121:47.0625:418,Contig:100:42.4899:3p:1:114:126,Contig:47:29.7911:3132,Contig:59:35.073:2025,Contig:20:49.7579:706,Contig:127:21.7798:68435,Contig:140:49.879:594,Contig:145:25.8567:2039,Contig:100:42.4899:3p:1:76:238,Contig:100:42.4899:1210,Contig:100:42.4899:3p:1:25:238,Contig:100:42.4899:3p:1:66:197,Contig:100:42.4899:3p:1:59:176,Contig:150:23.5229:6355,Contig:148:30.4916:5p:1:9:560,Contig:58:23.104:16444,Contig:126:40.853:5p:1:3:520,Contig:44:19.0744:5p:1:5:554,Contig:7:27.1602:22571,Contig:95:30.3196:2736,Contig:150:23.5229:5p:1:5:671,Contig:100:42.4899:3p:1:49:127,Contig:100:42.4899:3p:1:79:110,Contig:33:129.118:2532,Contig:43:27.8935:12904,Contig:7:27.1602:5p:1:2:237,Contig:44:19.0744:5p:1:4:141,Contig:46:43.9868:1085,Contig:44:19.0744:5p:1:2:141,Contig:146:19.2183:74605,Contig:48:40.0595:794,Contig:10:19.0323:2609,Contig:100:42.4899:3p:1:101:238,Contig:138:25.6548:21993,Contig:65:30.6633:10005,Contig:108:35.6813:9791,Contig:100:42.4899:3p:1:44:151,Contig:139:19.743:7362	4	-2.2987825552288763	9.309852022818484	0.6606348278381782	PBF_P12	Contig:7:27.1602:5p:1:2:237,Contig:138:25.6548:21993,Contig:89:35.2774:3219,Contig:7:27.1602:22571	4	-0.010734381484954092	1.4329497161738098	0.9945821378649695	4	-2.3095169367138304	11.208484310569366	0.6606348278382939	Contig:68:28.5351:1219	0	True	0
ecol-SAMN34360970	PBF_P8	Contig:67:33.8404:2333,Contig:52:47.7265:722,Contig:20:49.7579:5p:1:3:288,Contig:148:30.4916:3400,Contig:148:30.4916:5p:1:4:133,Contig:148:30.4916:5p:1:8:285,Contig:29:26.7062:5p:1:2:360,Contig:61:62.5513:2583,Contig:126:40.853:899,Contig:94:20.1614:1604,Contig:15:34.3032:543,Contig:44:19.0744:86357,Contig:100:42.4899:3p:1:45:102,Contig:100:42.4899:3p:1:43:238,Contig:21:55.8175:1190,Contig:116:19.5884:4315,Contig:31:23.1265:22099,Contig:93:147.945:1250,Contig:44:19.0744:5p:1:9:462,Contig:29:26.7062:2085,Contig:32:17.4791:3065,Contig:36:52.7333:1187,Contig:100:42.4899:3p:1:65:238,Contig:100:42.4899:3p:1:102:488,Contig:121:47.0625:418,Contig:100:42.4899:3p:1:114:126,Contig:47:29.7911:3132,Contig:59:35.073:2025,Contig:20:49.7579:706,Contig:127:21.7798:68435,Contig:140:49.879:594,Contig:145:25.8567:2039,Contig:100:42.4899:3p:1:76:238,Contig:100:42.4899:1210,Contig:100:42.4899:3p:1:25:238,Contig:100:42.4899:3p:1:66:197,Contig:100:42.4899:3p:1:59:176,Contig:150:23.5229:6355,Contig:148:30.4916:5p:1:9:560,Contig:58:23.104:16444,Contig:126:40.853:5p:1:3:520,Contig:44:19.0744:5p:1:5:554,Contig:7:27.1602:22571,Contig:95:30.3196:2736,Contig:150:23.5229:5p:1:5:671,Contig:100:42.4899:3p:1:49:127,Contig:100:42.4899:3p:1:79:110,Contig:33:129.118:2532,Contig:43:27.8935:12904,Contig:7:27.1602:5p:1:2:237,Contig:44:19.0744:5p:1:4:141,Contig:46:43.9868:1085,Contig:44:19.0744:5p:1:2:141,Contig:146:19.2183:74605,Contig:48:40.0595:794,Contig:10:19.0323:2609,Contig:100:42.4899:3p:1:101:238,Contig:138:25.6548:21993,Contig:65:30.6633:10005,Contig:108:35.6813:9791,Contig:100:42.4899:3p:1:44:151,Contig:139:19.743:7362	4	-2.2987825552288763	9.309852022818484	0.6606348278381782	PBF_P13	Contig:131:58.9922:448,Contig:79:50.0818:661,Contig:39:51.202:3p:1:2:292,Contig:64:53.2707:690,Contig:22:20.9556:4186,Contig:39:51.202:1729,Contig:135:47.4558:582,Contig:135:47.4558:3p:1:2:353	5	-0.09994749946170711	2.0535022453201095	0.771045587055303	0	0	0	0		1	False	0
ecol-SAMN34360970	PBF_P8	Contig:67:33.8404:2333,Contig:52:47.7265:722,Contig:20:49.7579:5p:1:3:288,Contig:148:30.4916:3400,Contig:148:30.4916:5p:1:4:133,Contig:148:30.4916:5p:1:8:285,Contig:29:26.7062:5p:1:2:360,Contig:61:62.5513:2583,Contig:126:40.853:899,Contig:94:20.1614:1604,Contig:15:34.3032:543,Contig:44:19.0744:86357,Contig:100:42.4899:3p:1:45:102,Contig:100:42.4899:3p:1:43:238,Contig:21:55.8175:1190,Contig:116:19.5884:4315,Contig:31:23.1265:22099,Contig:93:147.945:1250,Contig:44:19.0744:5p:1:9:462,Contig:29:26.7062:2085,Contig:32:17.4791:3065,Contig:36:52.7333:1187,Contig:100:42.4899:3p:1:65:238,Contig:100:42.4899:3p:1:102:488,Contig:121:47.0625:418,Contig:100:42.4899:3p:1:114:126,Contig:47:29.7911:3132,Contig:59:35.073:2025,Contig:20:49.7579:706,Contig:127:21.7798:68435,Contig:140:49.879:594,Contig:145:25.8567:2039,Contig:100:42.4899:3p:1:76:238,Contig:100:42.4899:1210,Contig:100:42.4899:3p:1:25:238,Contig:100:42.4899:3p:1:66:197,Contig:100:42.4899:3p:1:59:176,Contig:150:23.5229:6355,Contig:148:30.4916:5p:1:9:560,Contig:58:23.104:16444,Contig:126:40.853:5p:1:3:520,Contig:44:19.0744:5p:1:5:554,Contig:7:27.1602:22571,Contig:95:30.3196:2736,Contig:150:23.5229:5p:1:5:671,Contig:100:42.4899:3p:1:49:127,Contig:100:42.4899:3p:1:79:110,Contig:33:129.118:2532,Contig:43:27.8935:12904,Contig:7:27.1602:5p:1:2:237,Contig:44:19.0744:5p:1:4:141,Contig:46:43.9868:1085,Contig:44:19.0744:5p:1:2:141,Contig:146:19.2183:74605,Contig:48:40.0595:794,Contig:10:19.0323:2609,Contig:100:42.4899:3p:1:101:238,Contig:138:25.6548:21993,Contig:65:30.6633:10005,Contig:108:35.6813:9791,Contig:100:42.4899:3p:1:44:151,Contig:139:19.743:7362	4	-2.2987825552288763	9.309852022818484	0.6606348278381782	PBF_P14	Contig:33:129.118:2532,Contig:75:19.2372:4718,Contig:136:23.6079:7744	5	-0.04660699732137735	1.321061874203569	0.7541002189552106	4	-2.442357363018559	10.630913897022053	0.6606348278382939		0	True	0
ecol-SAMN34360970	PBF_P8	Contig:67:33.8404:2333,Contig:52:47.7265:722,Contig:20:49.7579:5p:1:3:288,Contig:148:30.4916:3400,Contig:148:30.4916:5p:1:4:133,Contig:148:30.4916:5p:1:8:285,Contig:29:26.7062:5p:1:2:360,Contig:61:62.5513:2583,Contig:126:40.853:899,Contig:94:20.1614:1604,Contig:15:34.3032:543,Contig:44:19.0744:86357,Contig:100:42.4899:3p:1:45:102,Contig:100:42.4899:3p:1:43:238,Contig:21:55.8175:1190,Contig:116:19.5884:4315,Contig:31:23.1265:22099,Contig:93:147.945:1250,Contig:44:19.0744:5p:1:9:462,Contig:29:26.7062:2085,Contig:32:17.4791:3065,Contig:36:52.7333:1187,Contig:100:42.4899:3p:1:65:238,Contig:100:42.4899:3p:1:102:488,Contig:121:47.0625:418,Contig:100:42.4899:3p:1:114:126,Contig:47:29.7911:3132,Contig:59:35.073:2025,Contig:20:49.7579:706,Contig:127:21.7798:68435,Contig:140:49.879:594,Contig:145:25.8567:2039,Contig:100:42.4899:3p:1:76:238,Contig:100:42.4899:1210,Contig:100:42.4899:3p:1:25:238,Contig:100:42.4899:3p:1:66:197,Contig:100:42.4899:3p:1:59:176,Contig:150:23.5229:6355,Contig:148:30.4916:5p:1:9:560,Contig:58:23.104:16444,Contig:126:40.853:5p:1:3:520,Contig:44:19.0744:5p:1:5:554,Contig:7:27.1602:22571,Contig:95:30.3196:2736,Contig:150:23.5229:5p:1:5:671,Contig:100:42.4899:3p:1:49:127,Contig:100:42.4899:3p:1:79:110,Contig:33:129.118:2532,Contig:43:27.8935:12904,Contig:7:27.1602:5p:1:2:237,Contig:44:19.0744:5p:1:4:141,Contig:46:43.9868:1085,Contig:44:19.0744:5p:1:2:141,Contig:146:19.2183:74605,Contig:48:40.0595:794,Contig:10:19.0323:2609,Contig:100:42.4899:3p:1:101:238,Contig:138:25.6548:21993,Contig:65:30.6633:10005,Contig:108:35.6813:9791,Contig:100:42.4899:3p:1:44:151,Contig:139:19.743:7362	4	-2.2987825552288763	9.309852022818484	0.6606348278381782	PBF_P15	Contig:24:31.772:4795,Contig:105:40.3588:1010	5	-0.13781281279315516	0.9123208354265933	0.9460417928397453	4	-2.4677643767131867	9.703801233890603	0.6606348278382939	Contig:41:18.0825:111532,Contig:49:17.8605:15821,Contig:86:61.7111:1443	0	False	0
ecol-SAMN34360970	PBF_P8	Contig:67:33.8404:2333,Contig:52:47.7265:722,Contig:20:49.7579:5p:1:3:288,Contig:148:30.4916:3400,Contig:148:30.4916:5p:1:4:133,Contig:148:30.4916:5p:1:8:285,Contig:29:26.7062:5p:1:2:360,Contig:61:62.5513:2583,Contig:126:40.853:899,Contig:94:20.1614:1604,Contig:15:34.3032:543,Contig:44:19.0744:86357,Contig:100:42.4899:3p:1:45:102,Contig:100:42.4899:3p:1:43:238,Contig:21:55.8175:1190,Contig:116:19.5884:4315,Contig:31:23.1265:22099,Contig:93:147.945:1250,Contig:44:19.0744:5p:1:9:462,Contig:29:26.7062:2085,Contig:32:17.4791:3065,Contig:36:52.7333:1187,Contig:100:42.4899:3p:1:65:238,Contig:100:42.4899:3p:1:102:488,Contig:121:47.0625:418,Contig:100:42.4899:3p:1:114:126,Contig:47:29.7911:3132,Contig:59:35.073:2025,Contig:20:49.7579:706,Contig:127:21.7798:68435,Contig:140:49.879:594,Contig:145:25.8567:2039,Contig:100:42.4899:3p:1:76:238,Contig:100:42.4899:1210,Contig:100:42.4899:3p:1:25:238,Contig:100:42.4899:3p:1:66:197,Contig:100:42.4899:3p:1:59:176,Contig:150:23.5229:6355,Contig:148:30.4916:5p:1:9:560,Contig:58:23.104:16444,Contig:126:40.853:5p:1:3:520,Contig:44:19.0744:5p:1:5:554,Contig:7:27.1602:22571,Contig:95:30.3196:2736,Contig:150:23.5229:5p:1:5:671,Contig:100:42.4899:3p:1:49:127,Contig:100:42.4899:3p:1:79:110,Contig:33:129.118:2532,Contig:43:27.8935:12904,Contig:7:27.1602:5p:1:2:237,Contig:44:19.0744:5p:1:4:141,Contig:46:43.9868:1085,Contig:44:19.0744:5p:1:2:141,Contig:146:19.2183:74605,Contig:48:40.0595:794,Contig:10:19.0323:2609,Contig:100:42.4899:3p:1:101:238,Contig:138:25.6548:21993,Contig:65:30.6633:10005,Contig:108:35.6813:9791,Contig:100:42.4899:3p:1:44:151,Contig:139:19.743:7362	4	-2.2987825552288763	9.309852022818484	0.6606348278381782	PBF_P16	Contig:43:27.8935:12904,Contig:21:55.8175:1190,Contig:145:25.8567:2039,Contig:61:62.5513:2583,Contig:93:147.945:1250,Contig:51:30.8885:10937	4	-0.046969773709497675	0.8011361088027857	0.8812919876578308	4	-2.345752328938374	10.11098813162127	0.6606348278382939		0	True	0
ecol-SAMN34360970	PBF_P8	Contig:67:33.8404:2333,Contig:52:47.7265:722,Contig:20:49.7579:5p:1:3:288,Contig:148:30.4916:3400,Contig:148:30.4916:5p:1:4:133,Contig:148:30.4916:5p:1:8:285,Contig:29:26.7062:5p:1:2:360,Contig:61:62.5513:2583,Contig:126:40.853:899,Contig:94:20.1614:1604,Contig:15:34.3032:543,Contig:44:19.0744:86357,Contig:100:42.4899:3p:1:45:102,Contig:100:42.4899:3p:1:43:238,Contig:21:55.8175:1190,Contig:116:19.5884:4315,Contig:31:23.1265:22099,Contig:93:147.945:1250,Contig:44:19.0744:5p:1:9:462,Contig:29:26.7062:2085,Contig:32:17.4791:3065,Contig:36:52.7333:1187,Contig:100:42.4899:3p:1:65:238,Contig:100:42.4899:3p:1:102:488,Contig:121:47.0625:418,Contig:100:42.4899:3p:1:114:126,Contig:47:29.7911:3132,Contig:59:35.073:2025,Contig:20:49.7579:706,Contig:127:21.7798:68435,Contig:140:49.879:594,Contig:145:25.8567:2039,Contig:100:42.4899:3p:1:76:238,Contig:100:42.4899:1210,Contig:100:42.4899:3p:1:25:238,Contig:100:42.4899:3p:1:66:197,Contig:100:42.4899:3p:1:59:176,Contig:150:23.5229:6355,Contig:148:30.4916:5p:1:9:560,Contig:58:23.104:16444,Contig:126:40.853:5p:1:3:520,Contig:44:19.0744:5p:1:5:554,Contig:7:27.1602:22571,Contig:95:30.3196:2736,Contig:150:23.5229:5p:1:5:671,Contig:100:42.4899:3p:1:49:127,Contig:100:42.4899:3p:1:79:110,Contig:33:129.118:2532,Contig:43:27.8935:12904,Contig:7:27.1602:5p:1:2:237,Contig:44:19.0744:5p:1:4:141,Contig:46:43.9868:1085,Contig:44:19.0744:5p:1:2:141,Contig:146:19.2183:74605,Contig:48:40.0595:794,Contig:10:19.0323:2609,Contig:100:42.4899:3p:1:101:238,Contig:138:25.6548:21993,Contig:65:30.6633:10005,Contig:108:35.6813:9791,Contig:100:42.4899:3p:1:44:151,Contig:139:19.743:7362	4	-2.2987825552288763	9.309852022818484	0.6606348278381782	PBF_P17	Contig:28:16.5792:5068,Contig:111:38.4642:1613	4	-0.0016899422948838394	0.8739757593187112	0.6262080805326801	0	0	0	0		1	False	0
ecol-SAMN34360970	PBF_P8	Contig:67:33.8404:2333,Contig:52:47.7265:722,Contig:20:49.7579:5p:1:3:288,Contig:148:30.4916:3400,Contig:148:30.4916:5p:1:4:133,Contig:148:30.4916:5p:1:8:285,Contig:29:26.7062:5p:1:2:360,Contig:61:62.5513:2583,Contig:126:40.853:899,Contig:94:20.1614:1604,Contig:15:34.3032:543,Contig:44:19.0744:86357,Contig:100:42.4899:3p:1:45:102,Contig:100:42.4899:3p:1:43:238,Contig:21:55.8175:1190,Contig:116:19.5884:4315,Contig:31:23.1265:22099,Contig:93:147.945:1250,Contig:44:19.0744:5p:1:9:462,Contig:29:26.7062:2085,Contig:32:17.4791:3065,Contig:36:52.7333:1187,Contig:100:42.4899:3p:1:65:238,Contig:100:42.4899:3p:1:102:488,Contig:121:47.0625:418,Contig:100:42.4899:3p:1:114:126,Contig:47:29.7911:3132,Contig:59:35.073:2025,Contig:20:49.7579:706,Contig:127:21.7798:68435,Contig:140:49.879:594,Contig:145:25.8567:2039,Contig:100:42.4899:3p:1:76:238,Contig:100:42.4899:1210,Contig:100:42.4899:3p:1:25:238,Contig:100:42.4899:3p:1:66:197,Contig:100:42.4899:3p:1:59:176,Contig:150:23.5229:6355,Contig:148:30.4916:5p:1:9:560,Contig:58:23.104:16444,Contig:126:40.853:5p:1:3:520,Contig:44:19.0744:5p:1:5:554,Contig:7:27.1602:22571,Contig:95:30.3196:2736,Contig:150:23.5229:5p:1:5:671,Contig:100:42.4899:3p:1:49:127,Contig:100:42.4899:3p:1:79:110,Contig:33:129.118:2532,Contig:43:27.8935:12904,Contig:7:27.1602:5p:1:2:237,Contig:44:19.0744:5p:1:4:141,Contig:46:43.9868:1085,Contig:44:19.0744:5p:1:2:141,Contig:146:19.2183:74605,Contig:48:40.0595:794,Contig:10:19.0323:2609,Contig:100:42.4899:3p:1:101:238,Contig:138:25.6548:21993,Contig:65:30.6633:10005,Contig:108:35.6813:9791,Contig:100:42.4899:3p:1:44:151,Contig:139:19.743:7362	4	-2.2987825552288763	9.309852022818484	0.6606348278381782	PBF_P18	Contig:50:20.515:3034,Contig:150:23.5229:5p:1:9:732	4	0.0	0.7062893989825291	0.7546511038250914	4	-2.2987825552288763	9.614785888810832	0.6606348278437508	Contig:133:23.8907:2181,Contig:150:23.5229:5p:1:12:671	0	False	0
ecol-SAMN34360970	PBF_P8	Contig:67:33.8404:2333,Contig:52:47.7265:722,Contig:20:49.7579:5p:1:3:288,Contig:148:30.4916:3400,Contig:148:30.4916:5p:1:4:133,Contig:148:30.4916:5p:1:8:285,Contig:29:26.7062:5p:1:2:360,Contig:61:62.5513:2583,Contig:126:40.853:899,Contig:94:20.1614:1604,Contig:15:34.3032:543,Contig:44:19.0744:86357,Contig:100:42.4899:3p:1:45:102,Contig:100:42.4899:3p:1:43:238,Contig:21:55.8175:1190,Contig:116:19.5884:4315,Contig:31:23.1265:22099,Contig:93:147.945:1250,Contig:44:19.0744:5p:1:9:462,Contig:29:26.7062:2085,Contig:32:17.4791:3065,Contig:36:52.7333:1187,Contig:100:42.4899:3p:1:65:238,Contig:100:42.4899:3p:1:102:488,Contig:121:47.0625:418,Contig:100:42.4899:3p:1:114:126,Contig:47:29.7911:3132,Contig:59:35.073:2025,Contig:20:49.7579:706,Contig:127:21.7798:68435,Contig:140:49.879:594,Contig:145:25.8567:2039,Contig:100:42.4899:3p:1:76:238,Contig:100:42.4899:1210,Contig:100:42.4899:3p:1:25:238,Contig:100:42.4899:3p:1:66:197,Contig:100:42.4899:3p:1:59:176,Contig:150:23.5229:6355,Contig:148:30.4916:5p:1:9:560,Contig:58:23.104:16444,Contig:126:40.853:5p:1:3:520,Contig:44:19.0744:5p:1:5:554,Contig:7:27.1602:22571,Contig:95:30.3196:2736,Contig:150:23.5229:5p:1:5:671,Contig:100:42.4899:3p:1:49:127,Contig:100:42.4899:3p:1:79:110,Contig:33:129.118:2532,Contig:43:27.8935:12904,Contig:7:27.1602:5p:1:2:237,Contig:44:19.0744:5p:1:4:141,Contig:46:43.9868:1085,Contig:44:19.0744:5p:1:2:141,Contig:146:19.2183:74605,Contig:48:40.0595:794,Contig:10:19.0323:2609,Contig:100:42.4899:3p:1:101:238,Contig:138:25.6548:21993,Contig:65:30.6633:10005,Contig:108:35.6813:9791,Contig:100:42.4899:3p:1:44:151,Contig:139:19.743:7362	4	-2.2987825552288763	9.309852022818484	0.6606348278381782	PBF_P19	Contig:23:22.866:4418	5	0.0	0.465883237440576	0.8851384334052287	4	-2.610103952152584	9.722005998305818	0.47605269869927724	Contig:105:40.3588:1010,Contig:41:18.0825:111532,Contig:49:17.8605:15821,Contig:86:61.7111:1443	0	False	0
ecol-SAMN34360970	PBF_P8	Contig:67:33.8404:2333,Contig:52:47.7265:722,Contig:20:49.7579:5p:1:3:288,Contig:148:30.4916:3400,Contig:148:30.4916:5p:1:4:133,Contig:148:30.4916:5p:1:8:285,Contig:29:26.7062:5p:1:2:360,Contig:61:62.5513:2583,Contig:126:40.853:899,Contig:94:20.1614:1604,Contig:15:34.3032:543,Contig:44:19.0744:86357,Contig:100:42.4899:3p:1:45:102,Contig:100:42.4899:3p:1:43:238,Contig:21:55.8175:1190,Contig:116:19.5884:4315,Contig:31:23.1265:22099,Contig:93:147.945:1250,Contig:44:19.0744:5p:1:9:462,Contig:29:26.7062:2085,Contig:32:17.4791:3065,Contig:36:52.7333:1187,Contig:100:42.4899:3p:1:65:238,Contig:100:42.4899:3p:1:102:488,Contig:121:47.0625:418,Contig:100:42.4899:3p:1:114:126,Contig:47:29.7911:3132,Contig:59:35.073:2025,Contig:20:49.7579:706,Contig:127:21.7798:68435,Contig:140:49.879:594,Contig:145:25.8567:2039,Contig:100:42.4899:3p:1:76:238,Contig:100:42.4899:1210,Contig:100:42.4899:3p:1:25:238,Contig:100:42.4899:3p:1:66:197,Contig:100:42.4899:3p:1:59:176,Contig:150:23.5229:6355,Contig:148:30.4916:5p:1:9:560,Contig:58:23.104:16444,Contig:126:40.853:5p:1:3:520,Contig:44:19.0744:5p:1:5:554,Contig:7:27.1602:22571,Contig:95:30.3196:2736,Contig:150:23.5229:5p:1:5:671,Contig:100:42.4899:3p:1:49:127,Contig:100:42.4899:3p:1:79:110,Contig:33:129.118:2532,Contig:43:27.8935:12904,Contig:7:27.1602:5p:1:2:237,Contig:44:19.0744:5p:1:4:141,Contig:46:43.9868:1085,Contig:44:19.0744:5p:1:2:141,Contig:146:19.2183:74605,Contig:48:40.0595:794,Contig:10:19.0323:2609,Contig:100:42.4899:3p:1:101:238,Contig:138:25.6548:21993,Contig:65:30.6633:10005,Contig:108:35.6813:9791,Contig:100:42.4899:3p:1:44:151,Contig:139:19.743:7362	4	0	0	0	PBF_P20	Contig:47:29.7911:3132,Contig:140:49.879:594,Contig:148:30.4916:3400,Contig:61:62.5513:2583,Contig:94:20.1614:1604,Contig:32:17.4791:3065	5	0	0	0	0	0	0	0	[]	0	1	1
ecol-SAMN34360970	PBF_P8	Contig:67:33.8404:2333,Contig:52:47.7265:722,Contig:20:49.7579:5p:1:3:288,Contig:148:30.4916:3400,Contig:148:30.4916:5p:1:4:133,Contig:148:30.4916:5p:1:8:285,Contig:29:26.7062:5p:1:2:360,Contig:61:62.5513:2583,Contig:126:40.853:899,Contig:94:20.1614:1604,Contig:15:34.3032:543,Contig:44:19.0744:86357,Contig:100:42.4899:3p:1:45:102,Contig:100:42.4899:3p:1:43:238,Contig:21:55.8175:1190,Contig:116:19.5884:4315,Contig:31:23.1265:22099,Contig:93:147.945:1250,Contig:44:19.0744:5p:1:9:462,Contig:29:26.7062:2085,Contig:32:17.4791:3065,Contig:36:52.7333:1187,Contig:100:42.4899:3p:1:65:238,Contig:100:42.4899:3p:1:102:488,Contig:121:47.0625:418,Contig:100:42.4899:3p:1:114:126,Contig:47:29.7911:3132,Contig:59:35.073:2025,Contig:20:49.7579:706,Contig:127:21.7798:68435,Contig:140:49.879:594,Contig:145:25.8567:2039,Contig:100:42.4899:3p:1:76:238,Contig:100:42.4899:1210,Contig:100:42.4899:3p:1:25:238,Contig:100:42.4899:3p:1:66:197,Contig:100:42.4899:3p:1:59:176,Contig:150:23.5229:6355,Contig:148:30.4916:5p:1:9:560,Contig:58:23.104:16444,Contig:126:40.853:5p:1:3:520,Contig:44:19.0744:5p:1:5:554,Contig:7:27.1602:22571,Contig:95:30.3196:2736,Contig:150:23.5229:5p:1:5:671,Contig:100:42.4899:3p:1:49:127,Contig:100:42.4899:3p:1:79:110,Contig:33:129.118:2532,Contig:43:27.8935:12904,Contig:7:27.1602:5p:1:2:237,Contig:44:19.0744:5p:1:4:141,Contig:46:43.9868:1085,Contig:44:19.0744:5p:1:2:141,Contig:146:19.2183:74605,Contig:48:40.0595:794,Contig:10:19.0323:2609,Contig:100:42.4899:3p:1:101:238,Contig:138:25.6548:21993,Contig:65:30.6633:10005,Contig:108:35.6813:9791,Contig:100:42.4899:3p:1:44:151,Contig:139:19.743:7362	4	-2.2987825552288763	9.309852022818484	0.6606348278381782	PBF_P21	Contig:79:50.0818:661,Contig:64:53.2707:690,Contig:22:20.9556:4186	5	-0.09994749946170711	1.1335759997579955	0.771045587055303	0	0	0	0		1	False	0
ecol-SAMN34360970	PBF_P8	Contig:67:33.8404:2333,Contig:52:47.7265:722,Contig:20:49.7579:5p:1:3:288,Contig:148:30.4916:3400,Contig:148:30.4916:5p:1:4:133,Contig:148:30.4916:5p:1:8:285,Contig:29:26.7062:5p:1:2:360,Contig:61:62.5513:2583,Contig:126:40.853:899,Contig:94:20.1614:1604,Contig:15:34.3032:543,Contig:44:19.0744:86357,Contig:100:42.4899:3p:1:45:102,Contig:100:42.4899:3p:1:43:238,Contig:21:55.8175:1190,Contig:116:19.5884:4315,Contig:31:23.1265:22099,Contig:93:147.945:1250,Contig:44:19.0744:5p:1:9:462,Contig:29:26.7062:2085,Contig:32:17.4791:3065,Contig:36:52.7333:1187,Contig:100:42.4899:3p:1:65:238,Contig:100:42.4899:3p:1:102:488,Contig:121:47.0625:418,Contig:100:42.4899:3p:1:114:126,Contig:47:29.7911:3132,Contig:59:35.073:2025,Contig:20:49.7579:706,Contig:127:21.7798:68435,Contig:140:49.879:594,Contig:145:25.8567:2039,Contig:100:42.4899:3p:1:76:238,Contig:100:42.4899:1210,Contig:100:42.4899:3p:1:25:238,Contig:100:42.4899:3p:1:66:197,Contig:100:42.4899:3p:1:59:176,Contig:150:23.5229:6355,Contig:148:30.4916:5p:1:9:560,Contig:58:23.104:16444,Contig:126:40.853:5p:1:3:520,Contig:44:19.0744:5p:1:5:554,Contig:7:27.1602:22571,Contig:95:30.3196:2736,Contig:150:23.5229:5p:1:5:671,Contig:100:42.4899:3p:1:49:127,Contig:100:42.4899:3p:1:79:110,Contig:33:129.118:2532,Contig:43:27.8935:12904,Contig:7:27.1602:5p:1:2:237,Contig:44:19.0744:5p:1:4:141,Contig:46:43.9868:1085,Contig:44:19.0744:5p:1:2:141,Contig:146:19.2183:74605,Contig:48:40.0595:794,Contig:10:19.0323:2609,Contig:100:42.4899:3p:1:101:238,Contig:138:25.6548:21993,Contig:65:30.6633:10005,Contig:108:35.6813:9791,Contig:100:42.4899:3p:1:44:151,Contig:139:19.743:7362	4	-2.2987825552288763	9.309852022818484	0.6606348278381782	PBF_P22	Contig:77:21.502:9231,Contig:101:19.8028:6860	4	0.0	0.8805380306054343	0.6898532272088536	0	0	0	0		1	False	0
ecol-SAMN34360970	PBF_P8	Contig:67:33.8404:2333,Contig:52:47.7265:722,Contig:20:49.7579:5p:1:3:288,Contig:148:30.4916:3400,Contig:148:30.4916:5p:1:4:133,Contig:148:30.4916:5p:1:8:285,Contig:29:26.7062:5p:1:2:360,Contig:61:62.5513:2583,Contig:126:40.853:899,Contig:94:20.1614:1604,Contig:15:34.3032:543,Contig:44:19.0744:86357,Contig:100:42.4899:3p:1:45:102,Contig:100:42.4899:3p:1:43:238,Contig:21:55.8175:1190,Contig:116:19.5884:4315,Contig:31:23.1265:22099,Contig:93:147.945:1250,Contig:44:19.0744:5p:1:9:462,Contig:29:26.7062:2085,Contig:32:17.4791:3065,Contig:36:52.7333:1187,Contig:100:42.4899:3p:1:65:238,Contig:100:42.4899:3p:1:102:488,Contig:121:47.0625:418,Contig:100:42.4899:3p:1:114:126,Contig:47:29.7911:3132,Contig:59:35.073:2025,Contig:20:49.7579:706,Contig:127:21.7798:68435,Contig:140:49.879:594,Contig:145:25.8567:2039,Contig:100:42.4899:3p:1:76:238,Contig:100:42.4899:1210,Contig:100:42.4899:3p:1:25:238,Contig:100:42.4899:3p:1:66:197,Contig:100:42.4899:3p:1:59:176,Contig:150:23.5229:6355,Contig:148:30.4916:5p:1:9:560,Contig:58:23.104:16444,Contig:126:40.853:5p:1:3:520,Contig:44:19.0744:5p:1:5:554,Contig:7:27.1602:22571,Contig:95:30.3196:2736,Contig:150:23.5229:5p:1:5:671,Contig:100:42.4899:3p:1:49:127,Contig:100:42.4899:3p:1:79:110,Contig:33:129.118:2532,Contig:43:27.8935:12904,Contig:7:27.1602:5p:1:2:237,Contig:44:19.0744:5p:1:4:141,Contig:46:43.9868:1085,Contig:44:19.0744:5p:1:2:141,Contig:146:19.2183:74605,Contig:48:40.0595:794,Contig:10:19.0323:2609,Contig:100:42.4899:3p:1:101:238,Contig:138:25.6548:21993,Contig:65:30.6633:10005,Contig:108:35.6813:9791,Contig:100:42.4899:3p:1:44:151,Contig:139:19.743:7362	4	-2.2987825552288763	9.309852022818484	0.6606348278381782	PBF_P23	Contig:110:28.186:4992	4	0.0	0.2110475378428336	0.9769090047395638	4	-2.5165158212547967	9.405321810449726	0.13986369777740038	Contig:51:30.8885:10937,Contig:56:74.5997:957	0	False	0
ecol-SAMN34360970	PBF_P8	Contig:67:33.8404:2333,Contig:52:47.7265:722,Contig:20:49.7579:5p:1:3:288,Contig:148:30.4916:3400,Contig:148:30.4916:5p:1:4:133,Contig:148:30.4916:5p:1:8:285,Contig:29:26.7062:5p:1:2:360,Contig:61:62.5513:2583,Contig:126:40.853:899,Contig:94:20.1614:1604,Contig:15:34.3032:543,Contig:44:19.0744:86357,Contig:100:42.4899:3p:1:45:102,Contig:100:42.4899:3p:1:43:238,Contig:21:55.8175:1190,Contig:116:19.5884:4315,Contig:31:23.1265:22099,Contig:93:147.945:1250,Contig:44:19.0744:5p:1:9:462,Contig:29:26.7062:2085,Contig:32:17.4791:3065,Contig:36:52.7333:1187,Contig:100:42.4899:3p:1:65:238,Contig:100:42.4899:3p:1:102:488,Contig:121:47.0625:418,Contig:100:42.4899:3p:1:114:126,Contig:47:29.7911:3132,Contig:59:35.073:2025,Contig:20:49.7579:706,Contig:127:21.7798:68435,Contig:140:49.879:594,Contig:145:25.8567:2039,Contig:100:42.4899:3p:1:76:238,Contig:100:42.4899:1210,Contig:100:42.4899:3p:1:25:238,Contig:100:42.4899:3p:1:66:197,Contig:100:42.4899:3p:1:59:176,Contig:150:23.5229:6355,Contig:148:30.4916:5p:1:9:560,Contig:58:23.104:16444,Contig:126:40.853:5p:1:3:520,Contig:44:19.0744:5p:1:5:554,Contig:7:27.1602:22571,Contig:95:30.3196:2736,Contig:150:23.5229:5p:1:5:671,Contig:100:42.4899:3p:1:49:127,Contig:100:42.4899:3p:1:79:110,Contig:33:129.118:2532,Contig:43:27.8935:12904,Contig:7:27.1602:5p:1:2:237,Contig:44:19.0744:5p:1:4:141,Contig:46:43.9868:1085,Contig:44:19.0744:5p:1:2:141,Contig:146:19.2183:74605,Contig:48:40.0595:794,Contig:10:19.0323:2609,Contig:100:42.4899:3p:1:101:238,Contig:138:25.6548:21993,Contig:65:30.6633:10005,Contig:108:35.6813:9791,Contig:100:42.4899:3p:1:44:151,Contig:139:19.743:7362	4	-2.2987825552288763	9.309852022818484	0.6606348278381782	PBF_P24	Contig:119:25.4264:3942	4	0.0	0.29983485438901725	0.8599504986078026	4	-2.2987825552288763	9.609686877207501	0.6606348278382939		0	False	0
ecol-SAMN34360970	PBF_P8	Contig:67:33.8404:2333,Contig:52:47.7265:722,Contig:20:49.7579:5p:1:3:288,Contig:148:30.4916:3400,Contig:148:30.4916:5p:1:4:133,Contig:148:30.4916:5p:1:8:285,Contig:29:26.7062:5p:1:2:360,Contig:61:62.5513:2583,Contig:126:40.853:899,Contig:94:20.1614:1604,Contig:15:34.3032:543,Contig:44:19.0744:86357,Contig:100:42.4899:3p:1:45:102,Contig:100:42.4899:3p:1:43:238,Contig:21:55.8175:1190,Contig:116:19.5884:4315,Contig:31:23.1265:22099,Contig:93:147.945:1250,Contig:44:19.0744:5p:1:9:462,Contig:29:26.7062:2085,Contig:32:17.4791:3065,Contig:36:52.7333:1187,Contig:100:42.4899:3p:1:65:238,Contig:100:42.4899:3p:1:102:488,Contig:121:47.0625:418,Contig:100:42.4899:3p:1:114:126,Contig:47:29.7911:3132,Contig:59:35.073:2025,Contig:20:49.7579:706,Contig:127:21.7798:68435,Contig:140:49.879:594,Contig:145:25.8567:2039,Contig:100:42.4899:3p:1:76:238,Contig:100:42.4899:1210,Contig:100:42.4899:3p:1:25:238,Contig:100:42.4899:3p:1:66:197,Contig:100:42.4899:3p:1:59:176,Contig:150:23.5229:6355,Contig:148:30.4916:5p:1:9:560,Contig:58:23.104:16444,Contig:126:40.853:5p:1:3:520,Contig:44:19.0744:5p:1:5:554,Contig:7:27.1602:22571,Contig:95:30.3196:2736,Contig:150:23.5229:5p:1:5:671,Contig:100:42.4899:3p:1:49:127,Contig:100:42.4899:3p:1:79:110,Contig:33:129.118:2532,Contig:43:27.8935:12904,Contig:7:27.1602:5p:1:2:237,Contig:44:19.0744:5p:1:4:141,Contig:46:43.9868:1085,Contig:44:19.0744:5p:1:2:141,Contig:146:19.2183:74605,Contig:48:40.0595:794,Contig:10:19.0323:2609,Contig:100:42.4899:3p:1:101:238,Contig:138:25.6548:21993,Contig:65:30.6633:10005,Contig:108:35.6813:9791,Contig:100:42.4899:3p:1:44:151,Contig:139:19.743:7362	4	0	0	0	PBF_P25	Contig:148:30.4916:3400	5	0	0	0	0	0	0	0	[]	0	1	1
ecol-SAMN34360970	PBF_P8	Contig:67:33.8404:2333,Contig:52:47.7265:722,Contig:20:49.7579:5p:1:3:288,Contig:148:30.4916:3400,Contig:148:30.4916:5p:1:4:133,Contig:148:30.4916:5p:1:8:285,Contig:29:26.7062:5p:1:2:360,Contig:61:62.5513:2583,Contig:126:40.853:899,Contig:94:20.1614:1604,Contig:15:34.3032:543,Contig:44:19.0744:86357,Contig:100:42.4899:3p:1:45:102,Contig:100:42.4899:3p:1:43:238,Contig:21:55.8175:1190,Contig:116:19.5884:4315,Contig:31:23.1265:22099,Contig:93:147.945:1250,Contig:44:19.0744:5p:1:9:462,Contig:29:26.7062:2085,Contig:32:17.4791:3065,Contig:36:52.7333:1187,Contig:100:42.4899:3p:1:65:238,Contig:100:42.4899:3p:1:102:488,Contig:121:47.0625:418,Contig:100:42.4899:3p:1:114:126,Contig:47:29.7911:3132,Contig:59:35.073:2025,Contig:20:49.7579:706,Contig:127:21.7798:68435,Contig:140:49.879:594,Contig:145:25.8567:2039,Contig:100:42.4899:3p:1:76:238,Contig:100:42.4899:1210,Contig:100:42.4899:3p:1:25:238,Contig:100:42.4899:3p:1:66:197,Contig:100:42.4899:3p:1:59:176,Contig:150:23.5229:6355,Contig:148:30.4916:5p:1:9:560,Contig:58:23.104:16444,Contig:126:40.853:5p:1:3:520,Contig:44:19.0744:5p:1:5:554,Contig:7:27.1602:22571,Contig:95:30.3196:2736,Contig:150:23.5229:5p:1:5:671,Contig:100:42.4899:3p:1:49:127,Contig:100:42.4899:3p:1:79:110,Contig:33:129.118:2532,Contig:43:27.8935:12904,Contig:7:27.1602:5p:1:2:237,Contig:44:19.0744:5p:1:4:141,Contig:46:43.9868:1085,Contig:44:19.0744:5p:1:2:141,Contig:146:19.2183:74605,Contig:48:40.0595:794,Contig:10:19.0323:2609,Contig:100:42.4899:3p:1:101:238,Contig:138:25.6548:21993,Contig:65:30.6633:10005,Contig:108:35.6813:9791,Contig:100:42.4899:3p:1:44:151,Contig:139:19.743:7362	4	-2.2987825552288763	9.309852022818484	0.6606348278381782	PBF_P26	Contig:16:16.7123:3534	4	0.0	0.4024554248497726	0.6261641889568632	0	0	0	0		1	False	0
ecol-SAMN34360970	PBF_P8	Contig:67:33.8404:2333,Contig:52:47.7265:722,Contig:20:49.7579:5p:1:3:288,Contig:148:30.4916:3400,Contig:148:30.4916:5p:1:4:133,Contig:148:30.4916:5p:1:8:285,Contig:29:26.7062:5p:1:2:360,Contig:61:62.5513:2583,Contig:126:40.853:899,Contig:94:20.1614:1604,Contig:15:34.3032:543,Contig:44:19.0744:86357,Contig:100:42.4899:3p:1:45:102,Contig:100:42.4899:3p:1:43:238,Contig:21:55.8175:1190,Contig:116:19.5884:4315,Contig:31:23.1265:22099,Contig:93:147.945:1250,Contig:44:19.0744:5p:1:9:462,Contig:29:26.7062:2085,Contig:32:17.4791:3065,Contig:36:52.7333:1187,Contig:100:42.4899:3p:1:65:238,Contig:100:42.4899:3p:1:102:488,Contig:121:47.0625:418,Contig:100:42.4899:3p:1:114:126,Contig:47:29.7911:3132,Contig:59:35.073:2025,Contig:20:49.7579:706,Contig:127:21.7798:68435,Contig:140:49.879:594,Contig:145:25.8567:2039,Contig:100:42.4899:3p:1:76:238,Contig:100:42.4899:1210,Contig:100:42.4899:3p:1:25:238,Contig:100:42.4899:3p:1:66:197,Contig:100:42.4899:3p:1:59:176,Contig:150:23.5229:6355,Contig:148:30.4916:5p:1:9:560,Contig:58:23.104:16444,Contig:126:40.853:5p:1:3:520,Contig:44:19.0744:5p:1:5:554,Contig:7:27.1602:22571,Contig:95:30.3196:2736,Contig:150:23.5229:5p:1:5:671,Contig:100:42.4899:3p:1:49:127,Contig:100:42.4899:3p:1:79:110,Contig:33:129.118:2532,Contig:43:27.8935:12904,Contig:7:27.1602:5p:1:2:237,Contig:44:19.0744:5p:1:4:141,Contig:46:43.9868:1085,Contig:44:19.0744:5p:1:2:141,Contig:146:19.2183:74605,Contig:48:40.0595:794,Contig:10:19.0323:2609,Contig:100:42.4899:3p:1:101:238,Contig:138:25.6548:21993,Contig:65:30.6633:10005,Contig:108:35.6813:9791,Contig:100:42.4899:3p:1:44:151,Contig:139:19.743:7362	4	0	0	0	PBF_P27	Contig:116:19.5884:4315	4	0	0	0	0	0	0	0	[]	0	1	1
ecol-SAMN34360970	PBF_P9	Contig:67:33.8404:2333,Contig:52:47.7265:722,Contig:20:49.7579:5p:1:3:288,Contig:100:42.4899:3p:1:8:151,Contig:100:42.4899:3p:1:19:176,Contig:100:42.4899:3p:1:43:238,Contig:100:42.4899:3p:1:65:238,Contig:100:42.4899:3p:1:13:127,Contig:121:47.0625:418,Contig:20:49.7579:706,Contig:100:42.4899:3p:1:76:238,Contig:100:42.4899:1210,Contig:100:42.4899:3p:1:25:238,Contig:100:42.4899:3p:1:66:197,Contig:126:40.853:5p:1:3:520,Contig:7:27.1602:22571,Contig:100:42.4899:3p:1:79:110,Contig:33:129.118:2532,Contig:7:27.1602:5p:1:2:237,Contig:138:25.6548:21993,Contig:65:30.6633:10005,Contig:126:40.853:899,Contig:100:42.4899:3p:1:9:102	5	-1.0941726084225654	5.888688686480091	0.9651419684517841	PBF_P10	Contig:130:25.0242:8956,Contig:111:38.4642:5p:1:12:458,Contig:69:30.0437:957,Contig:77:21.502:9231	5	-0.1489277839330487	1.9384933159176858	0.541722661418449	0	0	0	0		1	False	0
ecol-SAMN34360970	PBF_P9	Contig:67:33.8404:2333,Contig:52:47.7265:722,Contig:20:49.7579:5p:1:3:288,Contig:100:42.4899:3p:1:8:151,Contig:100:42.4899:3p:1:19:176,Contig:100:42.4899:3p:1:43:238,Contig:100:42.4899:3p:1:65:238,Contig:100:42.4899:3p:1:13:127,Contig:121:47.0625:418,Contig:20:49.7579:706,Contig:100:42.4899:3p:1:76:238,Contig:100:42.4899:1210,Contig:100:42.4899:3p:1:25:238,Contig:100:42.4899:3p:1:66:197,Contig:126:40.853:5p:1:3:520,Contig:7:27.1602:22571,Contig:100:42.4899:3p:1:79:110,Contig:33:129.118:2532,Contig:7:27.1602:5p:1:2:237,Contig:138:25.6548:21993,Contig:65:30.6633:10005,Contig:126:40.853:899,Contig:100:42.4899:3p:1:9:102	5	-1.0941726084225654	5.888688686480091	0.9651419684517841	PBF_P11	Contig:132:30.4854:6066,Contig:111:38.4642:5p:1:7:362	5	-0.04634189381383019	0.9973636411029688	1.2303195964748075	0	0	0	0		1	False	0
ecol-SAMN34360970	PBF_P9	Contig:67:33.8404:2333,Contig:52:47.7265:722,Contig:20:49.7579:5p:1:3:288,Contig:100:42.4899:3p:1:8:151,Contig:100:42.4899:3p:1:19:176,Contig:100:42.4899:3p:1:43:238,Contig:100:42.4899:3p:1:65:238,Contig:100:42.4899:3p:1:13:127,Contig:121:47.0625:418,Contig:20:49.7579:706,Contig:100:42.4899:3p:1:76:238,Contig:100:42.4899:1210,Contig:100:42.4899:3p:1:25:238,Contig:100:42.4899:3p:1:66:197,Contig:126:40.853:5p:1:3:520,Contig:7:27.1602:22571,Contig:100:42.4899:3p:1:79:110,Contig:33:129.118:2532,Contig:7:27.1602:5p:1:2:237,Contig:138:25.6548:21993,Contig:65:30.6633:10005,Contig:126:40.853:899,Contig:100:42.4899:3p:1:9:102	5	-1.0941726084225654	5.888688686480091	0.9651419684517841	PBF_P12	Contig:7:27.1602:5p:1:2:237,Contig:138:25.6548:21993,Contig:89:35.2774:3219,Contig:7:27.1602:22571	4	-0.010734381484954092	1.4329497161738098	0.9945821378649695	4	-1.2422562350480306	7.787320974230972	0.9651419684523717	Contig:68:28.5351:1219	0	True	0
ecol-SAMN34360970	PBF_P9	Contig:67:33.8404:2333,Contig:52:47.7265:722,Contig:20:49.7579:5p:1:3:288,Contig:100:42.4899:3p:1:8:151,Contig:100:42.4899:3p:1:19:176,Contig:100:42.4899:3p:1:43:238,Contig:100:42.4899:3p:1:65:238,Contig:100:42.4899:3p:1:13:127,Contig:121:47.0625:418,Contig:20:49.7579:706,Contig:100:42.4899:3p:1:76:238,Contig:100:42.4899:1210,Contig:100:42.4899:3p:1:25:238,Contig:100:42.4899:3p:1:66:197,Contig:126:40.853:5p:1:3:520,Contig:7:27.1602:22571,Contig:100:42.4899:3p:1:79:110,Contig:33:129.118:2532,Contig:7:27.1602:5p:1:2:237,Contig:138:25.6548:21993,Contig:65:30.6633:10005,Contig:126:40.853:899,Contig:100:42.4899:3p:1:9:102	5	-1.0941726084225654	5.888688686480091	0.9651419684517841	PBF_P13	Contig:131:58.9922:448,Contig:79:50.0818:661,Contig:39:51.202:3p:1:2:292,Contig:64:53.2707:690,Contig:22:20.9556:4186,Contig:39:51.202:1729,Contig:135:47.4558:582,Contig:135:47.4558:3p:1:2:353	5	-0.09994749946170711	2.0535022453201095	0.771045587055303	0	0	0	0		1	False	0
ecol-SAMN34360970	PBF_P9	Contig:67:33.8404:2333,Contig:52:47.7265:722,Contig:20:49.7579:5p:1:3:288,Contig:100:42.4899:3p:1:8:151,Contig:100:42.4899:3p:1:19:176,Contig:100:42.4899:3p:1:43:238,Contig:100:42.4899:3p:1:65:238,Contig:100:42.4899:3p:1:13:127,Contig:121:47.0625:418,Contig:20:49.7579:706,Contig:100:42.4899:3p:1:76:238,Contig:100:42.4899:1210,Contig:100:42.4899:3p:1:25:238,Contig:100:42.4899:3p:1:66:197,Contig:126:40.853:5p:1:3:520,Contig:7:27.1602:22571,Contig:100:42.4899:3p:1:79:110,Contig:33:129.118:2532,Contig:7:27.1602:5p:1:2:237,Contig:138:25.6548:21993,Contig:65:30.6633:10005,Contig:126:40.853:899,Contig:100:42.4899:3p:1:9:102	5	-1.0941726084225654	5.888688686480091	0.9651419684517841	PBF_P14	Contig:33:129.118:2532,Contig:75:19.2372:4718,Contig:136:23.6079:7744	5	-0.04660699732137735	1.321061874203569	0.7541002189552106	5	-1.1407796057439428	7.209750560683659	0.7541002189555002		0	True	0
ecol-SAMN34360970	PBF_P9	Contig:67:33.8404:2333,Contig:52:47.7265:722,Contig:20:49.7579:5p:1:3:288,Contig:100:42.4899:3p:1:8:151,Contig:100:42.4899:3p:1:19:176,Contig:100:42.4899:3p:1:43:238,Contig:100:42.4899:3p:1:65:238,Contig:100:42.4899:3p:1:13:127,Contig:121:47.0625:418,Contig:20:49.7579:706,Contig:100:42.4899:3p:1:76:238,Contig:100:42.4899:1210,Contig:100:42.4899:3p:1:25:238,Contig:100:42.4899:3p:1:66:197,Contig:126:40.853:5p:1:3:520,Contig:7:27.1602:22571,Contig:100:42.4899:3p:1:79:110,Contig:33:129.118:2532,Contig:7:27.1602:5p:1:2:237,Contig:138:25.6548:21993,Contig:65:30.6633:10005,Contig:126:40.853:899,Contig:100:42.4899:3p:1:9:102	5	-1.0941726084225654	5.888688686480091	0.9651419684517841	PBF_P15	Contig:24:31.772:4795,Contig:105:40.3588:1010	5	-0.13781281279315516	0.9123208354265933	0.9460417928397453	5	-1.6042836813381705	3.513801063741297	0.9460417928403331	Contig:102:27.6008:32622,Contig:106:26.977:29935,Contig:128:26.8439:190899,Contig:141:26.8054:203494,Contig:149:26.8685:34428,Contig:40:27.0656:20375,Contig:74:193.457:1298,Contig:86:61.7111:1443,Contig:93:147.945:1250,Contig:96:53.2109:740,Contig:106:26.977:3p:1:14:151,Contig:40:27.0656:3p:1:4:130,Contig:54:16.9742:5p:1:3:355,Contig:54:16.9742:5p:1:4:386,Contig:54:16.9742:5p:1:7:289	0	False	0
ecol-SAMN34360970	PBF_P9	Contig:67:33.8404:2333,Contig:52:47.7265:722,Contig:20:49.7579:5p:1:3:288,Contig:100:42.4899:3p:1:8:151,Contig:100:42.4899:3p:1:19:176,Contig:100:42.4899:3p:1:43:238,Contig:100:42.4899:3p:1:65:238,Contig:100:42.4899:3p:1:13:127,Contig:121:47.0625:418,Contig:20:49.7579:706,Contig:100:42.4899:3p:1:76:238,Contig:100:42.4899:1210,Contig:100:42.4899:3p:1:25:238,Contig:100:42.4899:3p:1:66:197,Contig:126:40.853:5p:1:3:520,Contig:7:27.1602:22571,Contig:100:42.4899:3p:1:79:110,Contig:33:129.118:2532,Contig:7:27.1602:5p:1:2:237,Contig:138:25.6548:21993,Contig:65:30.6633:10005,Contig:126:40.853:899,Contig:100:42.4899:3p:1:9:102	5	-1.0941726084225654	5.888688686480091	0.9651419684517841	PBF_P16	Contig:43:27.8935:12904,Contig:21:55.8175:1190,Contig:145:25.8567:2039,Contig:61:62.5513:2583,Contig:93:147.945:1250,Contig:51:30.8885:10937	4	-0.046969773709497675	0.8011361088027857	0.8812919876578308	4	-1.2784916272725741	6.189824795283651	0.8812919876581873	Contig:141:26.8054:203494	0	False	0
ecol-SAMN34360970	PBF_P9	Contig:67:33.8404:2333,Contig:52:47.7265:722,Contig:20:49.7579:5p:1:3:288,Contig:100:42.4899:3p:1:8:151,Contig:100:42.4899:3p:1:19:176,Contig:100:42.4899:3p:1:43:238,Contig:100:42.4899:3p:1:65:238,Contig:100:42.4899:3p:1:13:127,Contig:121:47.0625:418,Contig:20:49.7579:706,Contig:100:42.4899:3p:1:76:238,Contig:100:42.4899:1210,Contig:100:42.4899:3p:1:25:238,Contig:100:42.4899:3p:1:66:197,Contig:126:40.853:5p:1:3:520,Contig:7:27.1602:22571,Contig:100:42.4899:3p:1:79:110,Contig:33:129.118:2532,Contig:7:27.1602:5p:1:2:237,Contig:138:25.6548:21993,Contig:65:30.6633:10005,Contig:126:40.853:899,Contig:100:42.4899:3p:1:9:102	5	-1.0941726084225654	5.888688686480091	0.9651419684517841	PBF_P17	Contig:28:16.5792:5068,Contig:111:38.4642:1613	4	-0.0016899422948838394	0.8739757593187112	0.6262080805326801	0	0	0	0		1	False	0
ecol-SAMN34360970	PBF_P9	Contig:67:33.8404:2333,Contig:52:47.7265:722,Contig:20:49.7579:5p:1:3:288,Contig:100:42.4899:3p:1:8:151,Contig:100:42.4899:3p:1:19:176,Contig:100:42.4899:3p:1:43:238,Contig:100:42.4899:3p:1:65:238,Contig:100:42.4899:3p:1:13:127,Contig:121:47.0625:418,Contig:20:49.7579:706,Contig:100:42.4899:3p:1:76:238,Contig:100:42.4899:1210,Contig:100:42.4899:3p:1:25:238,Contig:100:42.4899:3p:1:66:197,Contig:126:40.853:5p:1:3:520,Contig:7:27.1602:22571,Contig:100:42.4899:3p:1:79:110,Contig:33:129.118:2532,Contig:7:27.1602:5p:1:2:237,Contig:138:25.6548:21993,Contig:65:30.6633:10005,Contig:126:40.853:899,Contig:100:42.4899:3p:1:9:102	5	-1.0941726084225654	5.888688686480091	0.9651419684517841	PBF_P18	Contig:50:20.515:3034,Contig:150:23.5229:5p:1:9:732	4	0.0	0.7062893989825291	0.7546511038250914	4	-1.2315218535630765	6.7822860878545415	0.08384331289744296	Contig:133:23.8907:2181,Contig:141:26.8054:203494,Contig:150:23.5229:6355,Contig:15:34.3032:543,Contig:44:19.0744:86357,Contig:93:147.945:1250,Contig:150:23.5229:5p:1:4:671,Contig:150:23.5229:5p:1:12:671,Contig:44:19.0744:5p:1:2:141,Contig:44:19.0744:5p:1:4:141,Contig:44:19.0744:5p:1:5:554,Contig:44:19.0744:5p:1:9:462	0	False	0
ecol-SAMN34360970	PBF_P9	Contig:67:33.8404:2333,Contig:52:47.7265:722,Contig:20:49.7579:5p:1:3:288,Contig:100:42.4899:3p:1:8:151,Contig:100:42.4899:3p:1:19:176,Contig:100:42.4899:3p:1:43:238,Contig:100:42.4899:3p:1:65:238,Contig:100:42.4899:3p:1:13:127,Contig:121:47.0625:418,Contig:20:49.7579:706,Contig:100:42.4899:3p:1:76:238,Contig:100:42.4899:1210,Contig:100:42.4899:3p:1:25:238,Contig:100:42.4899:3p:1:66:197,Contig:126:40.853:5p:1:3:520,Contig:7:27.1602:22571,Contig:100:42.4899:3p:1:79:110,Contig:33:129.118:2532,Contig:7:27.1602:5p:1:2:237,Contig:138:25.6548:21993,Contig:65:30.6633:10005,Contig:126:40.853:899,Contig:100:42.4899:3p:1:9:102	5	-1.0941726084225654	5.888688686480091	0.9651419684517841	PBF_P19	Contig:23:22.866:4418	5	0.0	0.465883237440576	0.8851384334052287	5	-1.4664708685450152	3.5320058281565117	0.47605269869927724	Contig:102:27.6008:32622,Contig:105:40.3588:1010,Contig:106:26.977:29935,Contig:128:26.8439:190899,Contig:141:26.8054:203494,Contig:149:26.8685:34428,Contig:40:27.0656:20375,Contig:74:193.457:1298,Contig:86:61.7111:1443,Contig:93:147.945:1250,Contig:96:53.2109:740,Contig:106:26.977:3p:1:14:151,Contig:40:27.0656:3p:1:4:130,Contig:54:16.9742:5p:1:3:355,Contig:54:16.9742:5p:1:4:386,Contig:54:16.9742:5p:1:7:289	0	False	0
ecol-SAMN34360970	PBF_P9	Contig:67:33.8404:2333,Contig:52:47.7265:722,Contig:20:49.7579:5p:1:3:288,Contig:100:42.4899:3p:1:8:151,Contig:100:42.4899:3p:1:19:176,Contig:100:42.4899:3p:1:43:238,Contig:100:42.4899:3p:1:65:238,Contig:100:42.4899:3p:1:13:127,Contig:121:47.0625:418,Contig:20:49.7579:706,Contig:100:42.4899:3p:1:76:238,Contig:100:42.4899:1210,Contig:100:42.4899:3p:1:25:238,Contig:100:42.4899:3p:1:66:197,Contig:126:40.853:5p:1:3:520,Contig:7:27.1602:22571,Contig:100:42.4899:3p:1:79:110,Contig:33:129.118:2532,Contig:7:27.1602:5p:1:2:237,Contig:138:25.6548:21993,Contig:65:30.6633:10005,Contig:126:40.853:899,Contig:100:42.4899:3p:1:9:102	5	-1.0941726084225654	5.888688686480091	0.9651419684517841	PBF_P20	Contig:47:29.7911:3132,Contig:140:49.879:594,Contig:148:30.4916:3400,Contig:61:62.5513:2583,Contig:94:20.1614:1604,Contig:32:17.4791:3065	5	-0.24721782520796218	1.23277387390553	0.6606348278381782	4	-1.8833652971861203	7.045244563850907	0.08384331289744296	Contig:141:26.8054:203494,Contig:15:34.3032:543,Contig:44:19.0744:86357,Contig:58:23.104:16444,Contig:93:147.945:1250,Contig:148:30.4916:5p:1:4:133,Contig:148:30.4916:5p:1:8:285,Contig:148:30.4916:5p:1:9:560,Contig:44:19.0744:5p:1:2:141,Contig:44:19.0744:5p:1:4:141,Contig:44:19.0744:5p:1:5:554,Contig:44:19.0744:5p:1:9:462	0	False	0
ecol-SAMN34360970	PBF_P9	Contig:67:33.8404:2333,Contig:52:47.7265:722,Contig:20:49.7579:5p:1:3:288,Contig:100:42.4899:3p:1:8:151,Contig:100:42.4899:3p:1:19:176,Contig:100:42.4899:3p:1:43:238,Contig:100:42.4899:3p:1:65:238,Contig:100:42.4899:3p:1:13:127,Contig:121:47.0625:418,Contig:20:49.7579:706,Contig:100:42.4899:3p:1:76:238,Contig:100:42.4899:1210,Contig:100:42.4899:3p:1:25:238,Contig:100:42.4899:3p:1:66:197,Contig:126:40.853:5p:1:3:520,Contig:7:27.1602:22571,Contig:100:42.4899:3p:1:79:110,Contig:33:129.118:2532,Contig:7:27.1602:5p:1:2:237,Contig:138:25.6548:21993,Contig:65:30.6633:10005,Contig:126:40.853:899,Contig:100:42.4899:3p:1:9:102	5	-1.0941726084225654	5.888688686480091	0.9651419684517841	PBF_P21	Contig:79:50.0818:661,Contig:64:53.2707:690,Contig:22:20.9556:4186	5	-0.09994749946170711	1.1335759997579955	0.771045587055303	0	0	0	0		1	False	0
ecol-SAMN34360970	PBF_P9	Contig:67:33.8404:2333,Contig:52:47.7265:722,Contig:20:49.7579:5p:1:3:288,Contig:100:42.4899:3p:1:8:151,Contig:100:42.4899:3p:1:19:176,Contig:100:42.4899:3p:1:43:238,Contig:100:42.4899:3p:1:65:238,Contig:100:42.4899:3p:1:13:127,Contig:121:47.0625:418,Contig:20:49.7579:706,Contig:100:42.4899:3p:1:76:238,Contig:100:42.4899:1210,Contig:100:42.4899:3p:1:25:238,Contig:100:42.4899:3p:1:66:197,Contig:126:40.853:5p:1:3:520,Contig:7:27.1602:22571,Contig:100:42.4899:3p:1:79:110,Contig:33:129.118:2532,Contig:7:27.1602:5p:1:2:237,Contig:138:25.6548:21993,Contig:65:30.6633:10005,Contig:126:40.853:899,Contig:100:42.4899:3p:1:9:102	5	-1.0941726084225654	5.888688686480091	0.9651419684517841	PBF_P22	Contig:77:21.502:9231,Contig:101:19.8028:6860	4	0.0	0.8805380306054343	0.6898532272088536	0	0	0	0		1	False	0
ecol-SAMN34360970	PBF_P9	Contig:67:33.8404:2333,Contig:52:47.7265:722,Contig:20:49.7579:5p:1:3:288,Contig:100:42.4899:3p:1:8:151,Contig:100:42.4899:3p:1:19:176,Contig:100:42.4899:3p:1:43:238,Contig:100:42.4899:3p:1:65:238,Contig:100:42.4899:3p:1:13:127,Contig:121:47.0625:418,Contig:20:49.7579:706,Contig:100:42.4899:3p:1:76:238,Contig:100:42.4899:1210,Contig:100:42.4899:3p:1:25:238,Contig:100:42.4899:3p:1:66:197,Contig:126:40.853:5p:1:3:520,Contig:7:27.1602:22571,Contig:100:42.4899:3p:1:79:110,Contig:33:129.118:2532,Contig:7:27.1602:5p:1:2:237,Contig:138:25.6548:21993,Contig:65:30.6633:10005,Contig:126:40.853:899,Contig:100:42.4899:3p:1:9:102	5	-1.0941726084225654	5.888688686480091	0.9651419684517841	PBF_P23	Contig:110:28.186:4992	4	0.0	0.2110475378428336	0.9769090047395638	5	-1.3950512231493064	3.0231100262542054	0.9393572978751763	Contig:11:23.923:56484,Contig:141:26.8054:203494,Contig:149:26.8685:34428,Contig:42:24.8933:134338,Contig:56:74.5997:957,Contig:74:193.457:1298,Contig:93:147.945:1250,Contig:42:24.8933:5p:1:2:102	0	False	0
ecol-SAMN34360970	PBF_P9	Contig:67:33.8404:2333,Contig:52:47.7265:722,Contig:20:49.7579:5p:1:3:288,Contig:100:42.4899:3p:1:8:151,Contig:100:42.4899:3p:1:19:176,Contig:100:42.4899:3p:1:43:238,Contig:100:42.4899:3p:1:65:238,Contig:100:42.4899:3p:1:13:127,Contig:121:47.0625:418,Contig:20:49.7579:706,Contig:100:42.4899:3p:1:76:238,Contig:100:42.4899:1210,Contig:100:42.4899:3p:1:25:238,Contig:100:42.4899:3p:1:66:197,Contig:126:40.853:5p:1:3:520,Contig:7:27.1602:22571,Contig:100:42.4899:3p:1:79:110,Contig:33:129.118:2532,Contig:7:27.1602:5p:1:2:237,Contig:138:25.6548:21993,Contig:65:30.6633:10005,Contig:126:40.853:899,Contig:100:42.4899:3p:1:9:102	5	-1.0941726084225654	5.888688686480091	0.9651419684517841	PBF_P24	Contig:119:25.4264:3942	4	0.0	0.29983485438901725	0.8599504986078026	4	-1.3231233804008844	6.073884698412351	0.08384331289744296	Contig:141:26.8054:203494,Contig:150:23.5229:6355,Contig:15:34.3032:543,Contig:29:26.7062:2085,Contig:44:19.0744:86357,Contig:93:147.945:1250,Contig:150:23.5229:5p:1:5:671,Contig:29:26.7062:5p:1:2:360,Contig:44:19.0744:5p:1:2:141,Contig:44:19.0744:5p:1:4:141,Contig:44:19.0744:5p:1:5:554,Contig:44:19.0744:5p:1:9:462	0	False	0
ecol-SAMN34360970	PBF_P9	Contig:67:33.8404:2333,Contig:52:47.7265:722,Contig:20:49.7579:5p:1:3:288,Contig:100:42.4899:3p:1:8:151,Contig:100:42.4899:3p:1:19:176,Contig:100:42.4899:3p:1:43:238,Contig:100:42.4899:3p:1:65:238,Contig:100:42.4899:3p:1:13:127,Contig:121:47.0625:418,Contig:20:49.7579:706,Contig:100:42.4899:3p:1:76:238,Contig:100:42.4899:1210,Contig:100:42.4899:3p:1:25:238,Contig:100:42.4899:3p:1:66:197,Contig:126:40.853:5p:1:3:520,Contig:7:27.1602:22571,Contig:100:42.4899:3p:1:79:110,Contig:33:129.118:2532,Contig:7:27.1602:5p:1:2:237,Contig:138:25.6548:21993,Contig:65:30.6633:10005,Contig:126:40.853:899,Contig:100:42.4899:3p:1:9:102	5	-1.0941726084225654	5.888688686480091	0.9651419684517841	PBF_P25	Contig:148:30.4916:3400	5	0.0	0.3104088215534112	1.0480696360149853	4	-1.6305582444988425	6.122879511498787	0.08384331289744296	Contig:141:26.8054:203494,Contig:15:34.3032:543,Contig:44:19.0744:86357,Contig:58:23.104:16444,Contig:93:147.945:1250,Contig:148:30.4916:5p:1:4:133,Contig:148:30.4916:5p:1:8:285,Contig:148:30.4916:5p:1:9:560,Contig:44:19.0744:5p:1:2:141,Contig:44:19.0744:5p:1:4:141,Contig:44:19.0744:5p:1:5:554,Contig:44:19.0744:5p:1:9:462	0	False	0
ecol-SAMN34360970	PBF_P9	Contig:67:33.8404:2333,Contig:52:47.7265:722,Contig:20:49.7579:5p:1:3:288,Contig:100:42.4899:3p:1:8:151,Contig:100:42.4899:3p:1:19:176,Contig:100:42.4899:3p:1:43:238,Contig:100:42.4899:3p:1:65:238,Contig:100:42.4899:3p:1:13:127,Contig:121:47.0625:418,Contig:20:49.7579:706,Contig:100:42.4899:3p:1:76:238,Contig:100:42.4899:1210,Contig:100:42.4899:3p:1:25:238,Contig:100:42.4899:3p:1:66:197,Contig:126:40.853:5p:1:3:520,Contig:7:27.1602:22571,Contig:100:42.4899:3p:1:79:110,Contig:33:129.118:2532,Contig:7:27.1602:5p:1:2:237,Contig:138:25.6548:21993,Contig:65:30.6633:10005,Contig:126:40.853:899,Contig:100:42.4899:3p:1:9:102	5	-1.0941726084225654	5.888688686480091	0.9651419684517841	PBF_P26	Contig:16:16.7123:3534	4	0.0	0.4024554248497726	0.6261641889568632	0	0	0	0		1	False	0
ecol-SAMN34360970	PBF_P9	Contig:67:33.8404:2333,Contig:52:47.7265:722,Contig:20:49.7579:5p:1:3:288,Contig:100:42.4899:3p:1:8:151,Contig:100:42.4899:3p:1:19:176,Contig:100:42.4899:3p:1:43:238,Contig:100:42.4899:3p:1:65:238,Contig:100:42.4899:3p:1:13:127,Contig:121:47.0625:418,Contig:20:49.7579:706,Contig:100:42.4899:3p:1:76:238,Contig:100:42.4899:1210,Contig:100:42.4899:3p:1:25:238,Contig:100:42.4899:3p:1:66:197,Contig:126:40.853:5p:1:3:520,Contig:7:27.1602:22571,Contig:100:42.4899:3p:1:79:110,Contig:33:129.118:2532,Contig:7:27.1602:5p:1:2:237,Contig:138:25.6548:21993,Contig:65:30.6633:10005,Contig:126:40.853:899,Contig:100:42.4899:3p:1:9:102	5	-1.0941726084225654	5.888688686480091	0.9651419684517841	PBF_P27	Contig:116:19.5884:4315	4	0.0	0.28341071530720896	0.7513940931250932	4	-1.3231233804008844	6.007723700451083	0.08384331289744296	Contig:141:26.8054:203494,Contig:150:23.5229:6355,Contig:15:34.3032:543,Contig:29:26.7062:2085,Contig:44:19.0744:86357,Contig:93:147.945:1250,Contig:95:30.3196:2736,Contig:150:23.5229:5p:1:5:671,Contig:29:26.7062:5p:1:2:360,Contig:44:19.0744:5p:1:2:141,Contig:44:19.0744:5p:1:4:141,Contig:44:19.0744:5p:1:5:554,Contig:44:19.0744:5p:1:9:462	0	False	0
ecol-SAMN34360970	PBF_P10	Contig:130:25.0242:8956,Contig:111:38.4642:5p:1:12:458,Contig:69:30.0437:957,Contig:77:21.502:9231	5	-0.1489277839330487	1.9384933159176858	0.541722661418449	PBF_P11	Contig:132:30.4854:6066,Contig:111:38.4642:5p:1:7:362	5	-0.04634189381383019	0.9973636411029688	1.2303195964748075	5	-0.27328494608178716	4.366830630544494	0.541722661419044	Contig:111:38.4642:1613,Contig:111:38.4642:5p:1:9:362,Contig:111:38.4642:5p:1:13:362	0	False	0
ecol-SAMN34360970	PBF_P10	Contig:130:25.0242:8956,Contig:111:38.4642:5p:1:12:458,Contig:69:30.0437:957,Contig:77:21.502:9231	5	-0.1489277839330487	1.9384933159176858	0.541722661418449	PBF_P12	Contig:7:27.1602:5p:1:2:237,Contig:138:25.6548:21993,Contig:89:35.2774:3219,Contig:7:27.1602:22571	4	-0.010734381484954092	1.4329497161738098	0.9945821378649695	0	0	0	0		1	False	0
ecol-SAMN34360970	PBF_P10	Contig:130:25.0242:8956,Contig:111:38.4642:5p:1:12:458,Contig:69:30.0437:957,Contig:77:21.502:9231	5	-0.1489277839330487	1.9384933159176858	0.541722661418449	PBF_P13	Contig:131:58.9922:448,Contig:79:50.0818:661,Contig:39:51.202:3p:1:2:292,Contig:64:53.2707:690,Contig:22:20.9556:4186,Contig:39:51.202:1729,Contig:135:47.4558:582,Contig:135:47.4558:3p:1:2:353	5	-0.09994749946170711	2.0535022453201095	0.771045587055303	0	0	0	0		1	False	0
ecol-SAMN34360970	PBF_P10	Contig:130:25.0242:8956,Contig:111:38.4642:5p:1:12:458,Contig:69:30.0437:957,Contig:77:21.502:9231	5	-0.1489277839330487	1.9384933159176858	0.541722661418449	PBF_P14	Contig:33:129.118:2532,Contig:75:19.2372:4718,Contig:136:23.6079:7744	5	-0.04660699732137735	1.321061874203569	0.7541002189552106	0	0	0	0		1	False	0
ecol-SAMN34360970	PBF_P10	Contig:130:25.0242:8956,Contig:111:38.4642:5p:1:12:458,Contig:69:30.0437:957,Contig:77:21.502:9231	5	-0.1489277839330487	1.9384933159176858	0.541722661418449	PBF_P15	Contig:24:31.772:4795,Contig:105:40.3588:1010	5	-0.13781281279315516	0.9123208354265933	0.9460417928397453	0	0	0	0		1	False	0
ecol-SAMN34360970	PBF_P10	Contig:130:25.0242:8956,Contig:111:38.4642:5p:1:12:458,Contig:69:30.0437:957,Contig:77:21.502:9231	5	-0.1489277839330487	1.9384933159176858	0.541722661418449	PBF_P16	Contig:43:27.8935:12904,Contig:21:55.8175:1190,Contig:145:25.8567:2039,Contig:61:62.5513:2583,Contig:93:147.945:1250,Contig:51:30.8885:10937	4	-0.046969773709497675	0.8011361088027857	0.8812919876578308	0	0	0	0		1	False	0
ecol-SAMN34360970	PBF_P10	Contig:130:25.0242:8956,Contig:111:38.4642:5p:1:12:458,Contig:69:30.0437:957,Contig:77:21.502:9231	5	-0.1489277839330487	1.9384933159176858	0.541722661418449	PBF_P17	Contig:28:16.5792:5068,Contig:111:38.4642:1613	4	-0.0016899422948838394	0.8739757593187112	0.6262080805326801	4	-0.158503328962176	3.3115046285833007	0.541722661419044	Contig:111:38.4642:5p:1:9:362	0	False	0
ecol-SAMN34360970	PBF_P10	Contig:130:25.0242:8956,Contig:111:38.4642:5p:1:12:458,Contig:69:30.0437:957,Contig:77:21.502:9231	5	-0.1489277839330487	1.9384933159176858	0.541722661418449	PBF_P18	Contig:50:20.515:3034,Contig:150:23.5229:5p:1:9:732	4	0.0	0.7062893989825291	0.7546511038250914	0	0	0	0		1	False	0
ecol-SAMN34360970	PBF_P10	Contig:130:25.0242:8956,Contig:111:38.4642:5p:1:12:458,Contig:69:30.0437:957,Contig:77:21.502:9231	5	-0.1489277839330487	1.9384933159176858	0.541722661418449	PBF_P19	Contig:23:22.866:4418	5	0.0	0.465883237440576	0.8851384334052287	0	0	0	0		1	False	0
ecol-SAMN34360970	PBF_P10	Contig:130:25.0242:8956,Contig:111:38.4642:5p:1:12:458,Contig:69:30.0437:957,Contig:77:21.502:9231	5	-0.1489277839330487	1.9384933159176858	0.541722661418449	PBF_P20	Contig:47:29.7911:3132,Contig:140:49.879:594,Contig:148:30.4916:3400,Contig:61:62.5513:2583,Contig:94:20.1614:1604,Contig:32:17.4791:3065	5	-0.24721782520796218	1.23277387390553	0.6606348278381782	0	0	0	0		1	False	0
ecol-SAMN34360970	PBF_P10	Contig:130:25.0242:8956,Contig:111:38.4642:5p:1:12:458,Contig:69:30.0437:957,Contig:77:21.502:9231	5	-0.1489277839330487	1.9384933159176858	0.541722661418449	PBF_P21	Contig:79:50.0818:661,Contig:64:53.2707:690,Contig:22:20.9556:4186	5	-0.09994749946170711	1.1335759997579955	0.771045587055303	0	0	0	0		1	False	0
ecol-SAMN34360970	PBF_P10	Contig:130:25.0242:8956,Contig:111:38.4642:5p:1:12:458,Contig:69:30.0437:957,Contig:77:21.502:9231	5	-0.1489277839330487	1.9384933159176858	0.541722661418449	PBF_P22	Contig:77:21.502:9231,Contig:101:19.8028:6860	4	0.0	0.8805380306054343	0.6898532272088536	4	-0.15681338666729217	2.8190313465231203	0.541722661419044		0	True	0
ecol-SAMN34360970	PBF_P10	Contig:130:25.0242:8956,Contig:111:38.4642:5p:1:12:458,Contig:69:30.0437:957,Contig:77:21.502:9231	5	-0.1489277839330487	1.9384933159176858	0.541722661418449	PBF_P23	Contig:110:28.186:4992	4	0.0	0.2110475378428336	0.9769090047395638	0	0	0	0		1	False	0
ecol-SAMN34360970	PBF_P10	Contig:130:25.0242:8956,Contig:111:38.4642:5p:1:12:458,Contig:69:30.0437:957,Contig:77:21.502:9231	5	-0.1489277839330487	1.9384933159176858	0.541722661418449	PBF_P24	Contig:119:25.4264:3942	4	0.0	0.29983485438901725	0.8599504986078026	0	0	0	0		1	False	0
ecol-SAMN34360970	PBF_P10	Contig:130:25.0242:8956,Contig:111:38.4642:5p:1:12:458,Contig:69:30.0437:957,Contig:77:21.502:9231	5	-0.1489277839330487	1.9384933159176858	0.541722661418449	PBF_P25	Contig:148:30.4916:3400	5	0.0	0.3104088215534112	1.0480696360149853	0	0	0	0		1	False	0
ecol-SAMN34360970	PBF_P10	Contig:130:25.0242:8956,Contig:111:38.4642:5p:1:12:458,Contig:69:30.0437:957,Contig:77:21.502:9231	5	-0.1489277839330487	1.9384933159176858	0.541722661418449	PBF_P26	Contig:16:16.7123:3534	4	0.0	0.4024554248497726	0.6261641889568632	0	0	0	0		1	False	0
ecol-SAMN34360970	PBF_P10	Contig:130:25.0242:8956,Contig:111:38.4642:5p:1:12:458,Contig:69:30.0437:957,Contig:77:21.502:9231	5	-0.1489277839330487	1.9384933159176858	0.541722661418449	PBF_P27	Contig:116:19.5884:4315	4	0.0	0.28341071530720896	0.7513940931250932	0	0	0	0		1	False	0
ecol-SAMN34360970	PBF_P11	Contig:132:30.4854:6066,Contig:111:38.4642:5p:1:7:362	5	-0.04634189381383019	0.9973636411029688	1.2303195964748075	PBF_P12	Contig:7:27.1602:5p:1:2:237,Contig:138:25.6548:21993,Contig:89:35.2774:3219,Contig:7:27.1602:22571	4	-0.010734381484954092	1.4329497161738098	0.9945821378649695	0	0	0	0		1	False	0
ecol-SAMN34360970	PBF_P11	Contig:132:30.4854:6066,Contig:111:38.4642:5p:1:7:362	5	-0.04634189381383019	0.9973636411029688	1.2303195964748075	PBF_P13	Contig:131:58.9922:448,Contig:79:50.0818:661,Contig:39:51.202:3p:1:2:292,Contig:64:53.2707:690,Contig:22:20.9556:4186,Contig:39:51.202:1729,Contig:135:47.4558:582,Contig:135:47.4558:3p:1:2:353	5	-0.09994749946170711	2.0535022453201095	0.771045587055303	0	0	0	0		1	False	0
ecol-SAMN34360970	PBF_P11	Contig:132:30.4854:6066,Contig:111:38.4642:5p:1:7:362	5	-0.04634189381383019	0.9973636411029688	1.2303195964748075	PBF_P14	Contig:33:129.118:2532,Contig:75:19.2372:4718,Contig:136:23.6079:7744	5	-0.04660699732137735	1.321061874203569	0.7541002189552106	0	0	0	0		1	False	0
ecol-SAMN34360970	PBF_P11	Contig:132:30.4854:6066,Contig:111:38.4642:5p:1:7:362	5	-0.04634189381383019	0.9973636411029688	1.2303195964748075	PBF_P15	Contig:24:31.772:4795,Contig:105:40.3588:1010	5	-0.13781281279315516	0.9123208354265933	0.9460417928397453	0	0	0	0		1	False	0
ecol-SAMN34360970	PBF_P11	Contig:132:30.4854:6066,Contig:111:38.4642:5p:1:7:362	5	-0.04634189381383019	0.9973636411029688	1.2303195964748075	PBF_P16	Contig:43:27.8935:12904,Contig:21:55.8175:1190,Contig:145:25.8567:2039,Contig:61:62.5513:2583,Contig:93:147.945:1250,Contig:51:30.8885:10937	4	-0.046969773709497675	0.8011361088027857	0.8812919876578308	0	0	0	0		1	False	0
ecol-SAMN34360970	PBF_P11	Contig:132:30.4854:6066,Contig:111:38.4642:5p:1:7:362	5	-0.04634189381383019	0.9973636411029688	1.2303195964748075	PBF_P17	Contig:28:16.5792:5068,Contig:111:38.4642:1613	4	-0.0016899422948838394	0.8739757593187112	0.6262080805326801	4	-0.1902321747460884	3.3618806629168265	0.6262080805317964	Contig:111:38.4642:5p:1:9:362,Contig:111:38.4642:5p:1:12:458,Contig:111:38.4642:5p:1:13:362	0	False	0
ecol-SAMN34360970	PBF_P11	Contig:132:30.4854:6066,Contig:111:38.4642:5p:1:7:362	5	-0.04634189381383019	0.9973636411029688	1.2303195964748075	PBF_P18	Contig:50:20.515:3034,Contig:150:23.5229:5p:1:9:732	4	0.0	0.7062893989825291	0.7546511038250914	0	0	0	0		1	False	0
ecol-SAMN34360970	PBF_P11	Contig:132:30.4854:6066,Contig:111:38.4642:5p:1:7:362	5	-0.04634189381383019	0.9973636411029688	1.2303195964748075	PBF_P19	Contig:23:22.866:4418	5	0.0	0.465883237440576	0.8851384334052287	0	0	0	0		1	False	0
ecol-SAMN34360970	PBF_P11	Contig:132:30.4854:6066,Contig:111:38.4642:5p:1:7:362	5	-0.04634189381383019	0.9973636411029688	1.2303195964748075	PBF_P20	Contig:47:29.7911:3132,Contig:140:49.879:594,Contig:148:30.4916:3400,Contig:61:62.5513:2583,Contig:94:20.1614:1604,Contig:32:17.4791:3065	5	-0.24721782520796218	1.23277387390553	0.6606348278381782	0	0	0	0		1	False	0
ecol-SAMN34360970	PBF_P11	Contig:132:30.4854:6066,Contig:111:38.4642:5p:1:7:362	5	-0.04634189381383019	0.9973636411029688	1.2303195964748075	PBF_P21	Contig:79:50.0818:661,Contig:64:53.2707:690,Contig:22:20.9556:4186	5	-0.09994749946170711	1.1335759997579955	0.771045587055303	0	0	0	0		1	False	0
ecol-SAMN34360970	PBF_P11	Contig:132:30.4854:6066,Contig:111:38.4642:5p:1:7:362	5	-0.04634189381383019	0.9973636411029688	1.2303195964748075	PBF_P22	Contig:77:21.502:9231,Contig:101:19.8028:6860	4	0.0	0.8805380306054343	0.6898532272088536	0	0	0	0		1	False	0
ecol-SAMN34360970	PBF_P11	Contig:132:30.4854:6066,Contig:111:38.4642:5p:1:7:362	5	-0.04634189381383019	0.9973636411029688	1.2303195964748075	PBF_P23	Contig:110:28.186:4992	4	0.0	0.2110475378428336	0.9769090047395638	0	0	0	0		1	False	0
ecol-SAMN34360970	PBF_P11	Contig:132:30.4854:6066,Contig:111:38.4642:5p:1:7:362	5	-0.04634189381383019	0.9973636411029688	1.2303195964748075	PBF_P24	Contig:119:25.4264:3942	4	0.0	0.29983485438901725	0.8599504986078026	0	0	0	0		1	False	0
ecol-SAMN34360970	PBF_P11	Contig:132:30.4854:6066,Contig:111:38.4642:5p:1:7:362	5	-0.04634189381383019	0.9973636411029688	1.2303195964748075	PBF_P25	Contig:148:30.4916:3400	5	0.0	0.3104088215534112	1.0480696360149853	0	0	0	0		1	False	0
ecol-SAMN34360970	PBF_P11	Contig:132:30.4854:6066,Contig:111:38.4642:5p:1:7:362	5	-0.04634189381383019	0.9973636411029688	1.2303195964748075	PBF_P26	Contig:16:16.7123:3534	4	0.0	0.4024554248497726	0.6261641889568632	0	0	0	0		1	False	0
ecol-SAMN34360970	PBF_P11	Contig:132:30.4854:6066,Contig:111:38.4642:5p:1:7:362	5	-0.04634189381383019	0.9973636411029688	1.2303195964748075	PBF_P27	Contig:116:19.5884:4315	4	0.0	0.28341071530720896	0.7513940931250932	0	0	0	0		1	False	0
ecol-SAMN34360970	PBF_P12	Contig:7:27.1602:5p:1:2:237,Contig:138:25.6548:21993,Contig:89:35.2774:3219,Contig:7:27.1602:22571	4	-0.010734381484954092	1.4329497161738098	0.9945821378649695	PBF_P13	Contig:131:58.9922:448,Contig:79:50.0818:661,Contig:39:51.202:3p:1:2:292,Contig:64:53.2707:690,Contig:22:20.9556:4186,Contig:39:51.202:1729,Contig:135:47.4558:582,Contig:135:47.4558:3p:1:2:353	5	-0.09994749946170711	2.0535022453201095	0.771045587055303	0	0	0	0		1	False	0
ecol-SAMN34360970	PBF_P12	Contig:7:27.1602:5p:1:2:237,Contig:138:25.6548:21993,Contig:89:35.2774:3219,Contig:7:27.1602:22571	4	-0.010734381484954092	1.4329497161738098	0.9945821378649695	PBF_P14	Contig:33:129.118:2532,Contig:75:19.2372:4718,Contig:136:23.6079:7744	5	-0.04660699732137735	1.321061874203569	0.7541002189552106	0	0	0	0		1	False	0
ecol-SAMN34360970	PBF_P12	Contig:7:27.1602:5p:1:2:237,Contig:138:25.6548:21993,Contig:89:35.2774:3219,Contig:7:27.1602:22571	4	-0.010734381484954092	1.4329497161738098	0.9945821378649695	PBF_P15	Contig:24:31.772:4795,Contig:105:40.3588:1010	5	-0.13781281279315516	0.9123208354265933	0.9460417928397453	0	0	0	0		1	False	0
ecol-SAMN34360970	PBF_P12	Contig:7:27.1602:5p:1:2:237,Contig:138:25.6548:21993,Contig:89:35.2774:3219,Contig:7:27.1602:22571	4	-0.010734381484954092	1.4329497161738098	0.9945821378649695	PBF_P16	Contig:43:27.8935:12904,Contig:21:55.8175:1190,Contig:145:25.8567:2039,Contig:61:62.5513:2583,Contig:93:147.945:1250,Contig:51:30.8885:10937	4	-0.046969773709497675	0.8011361088027857	0.8812919876578308	0	0	0	0		1	False	0
ecol-SAMN34360970	PBF_P12	Contig:7:27.1602:5p:1:2:237,Contig:138:25.6548:21993,Contig:89:35.2774:3219,Contig:7:27.1602:22571	4	-0.010734381484954092	1.4329497161738098	0.9945821378649695	PBF_P17	Contig:28:16.5792:5068,Contig:111:38.4642:1613	4	-0.0016899422948838394	0.8739757593187112	0.6262080805326801	0	0	0	0		1	False	0
ecol-SAMN34360970	PBF_P12	Contig:7:27.1602:5p:1:2:237,Contig:138:25.6548:21993,Contig:89:35.2774:3219,Contig:7:27.1602:22571	4	-0.010734381484954092	1.4329497161738098	0.9945821378649695	PBF_P18	Contig:50:20.515:3034,Contig:150:23.5229:5p:1:9:732	4	0.0	0.7062893989825291	0.7546511038250914	0	0	0	0		1	False	0
ecol-SAMN34360970	PBF_P12	Contig:7:27.1602:5p:1:2:237,Contig:138:25.6548:21993,Contig:89:35.2774:3219,Contig:7:27.1602:22571	4	-0.010734381484954092	1.4329497161738098	0.9945821378649695	PBF_P19	Contig:23:22.866:4418	5	0.0	0.465883237440576	0.8851384334052287	0	0	0	0		1	False	0
ecol-SAMN34360970	PBF_P12	Contig:7:27.1602:5p:1:2:237,Contig:138:25.6548:21993,Contig:89:35.2774:3219,Contig:7:27.1602:22571	4	-0.010734381484954092	1.4329497161738098	0.9945821378649695	PBF_P20	Contig:47:29.7911:3132,Contig:140:49.879:594,Contig:148:30.4916:3400,Contig:61:62.5513:2583,Contig:94:20.1614:1604,Contig:32:17.4791:3065	5	-0.24721782520796218	1.23277387390553	0.6606348278381782	0	0	0	0		1	False	0
ecol-SAMN34360970	PBF_P12	Contig:7:27.1602:5p:1:2:237,Contig:138:25.6548:21993,Contig:89:35.2774:3219,Contig:7:27.1602:22571	4	-0.010734381484954092	1.4329497161738098	0.9945821378649695	PBF_P21	Contig:79:50.0818:661,Contig:64:53.2707:690,Contig:22:20.9556:4186	5	-0.09994749946170711	1.1335759997579955	0.771045587055303	0	0	0	0		1	False	0
ecol-SAMN34360970	PBF_P12	Contig:7:27.1602:5p:1:2:237,Contig:138:25.6548:21993,Contig:89:35.2774:3219,Contig:7:27.1602:22571	4	-0.010734381484954092	1.4329497161738098	0.9945821378649695	PBF_P22	Contig:77:21.502:9231,Contig:101:19.8028:6860	4	0.0	0.8805380306054343	0.6898532272088536	0	0	0	0		1	False	0
ecol-SAMN34360970	PBF_P12	Contig:7:27.1602:5p:1:2:237,Contig:138:25.6548:21993,Contig:89:35.2774:3219,Contig:7:27.1602:22571	4	-0.010734381484954092	1.4329497161738098	0.9945821378649695	PBF_P23	Contig:110:28.186:4992	4	0.0	0.2110475378428336	0.9769090047395638	0	0	0	0		1	False	0
ecol-SAMN34360970	PBF_P12	Contig:7:27.1602:5p:1:2:237,Contig:138:25.6548:21993,Contig:89:35.2774:3219,Contig:7:27.1602:22571	4	-0.010734381484954092	1.4329497161738098	0.9945821378649695	PBF_P24	Contig:119:25.4264:3942	4	0.0	0.29983485438901725	0.8599504986078026	0	0	0	0		1	False	0
ecol-SAMN34360970	PBF_P12	Contig:7:27.1602:5p:1:2:237,Contig:138:25.6548:21993,Contig:89:35.2774:3219,Contig:7:27.1602:22571	4	-0.010734381484954092	1.4329497161738098	0.9945821378649695	PBF_P25	Contig:148:30.4916:3400	5	0.0	0.3104088215534112	1.0480696360149853	0	0	0	0		1	False	0
ecol-SAMN34360970	PBF_P12	Contig:7:27.1602:5p:1:2:237,Contig:138:25.6548:21993,Contig:89:35.2774:3219,Contig:7:27.1602:22571	4	-0.010734381484954092	1.4329497161738098	0.9945821378649695	PBF_P26	Contig:16:16.7123:3534	4	0.0	0.4024554248497726	0.6261641889568632	0	0	0	0		1	False	0
ecol-SAMN34360970	PBF_P12	Contig:7:27.1602:5p:1:2:237,Contig:138:25.6548:21993,Contig:89:35.2774:3219,Contig:7:27.1602:22571	4	-0.010734381484954092	1.4329497161738098	0.9945821378649695	PBF_P27	Contig:116:19.5884:4315	4	0.0	0.28341071530720896	0.7513940931250932	0	0	0	0		1	False	0
ecol-SAMN34360970	PBF_P13	Contig:131:58.9922:448,Contig:79:50.0818:661,Contig:39:51.202:3p:1:2:292,Contig:64:53.2707:690,Contig:22:20.9556:4186,Contig:39:51.202:1729,Contig:135:47.4558:582,Contig:135:47.4558:3p:1:2:353	5	-0.09994749946170711	2.0535022453201095	0.771045587055303	PBF_P14	Contig:33:129.118:2532,Contig:75:19.2372:4718,Contig:136:23.6079:7744	5	-0.04660699732137735	1.321061874203569	0.7541002189552106	0	0	0	0		1	False	0
ecol-SAMN34360970	PBF_P13	Contig:131:58.9922:448,Contig:79:50.0818:661,Contig:39:51.202:3p:1:2:292,Contig:64:53.2707:690,Contig:22:20.9556:4186,Contig:39:51.202:1729,Contig:135:47.4558:582,Contig:135:47.4558:3p:1:2:353	5	-0.09994749946170711	2.0535022453201095	0.771045587055303	PBF_P15	Contig:24:31.772:4795,Contig:105:40.3588:1010	5	-0.13781281279315516	0.9123208354265933	0.9460417928397453	0	0	0	0		1	False	0
ecol-SAMN34360970	PBF_P13	Contig:131:58.9922:448,Contig:79:50.0818:661,Contig:39:51.202:3p:1:2:292,Contig:64:53.2707:690,Contig:22:20.9556:4186,Contig:39:51.202:1729,Contig:135:47.4558:582,Contig:135:47.4558:3p:1:2:353	5	-0.09994749946170711	2.0535022453201095	0.771045587055303	PBF_P16	Contig:43:27.8935:12904,Contig:21:55.8175:1190,Contig:145:25.8567:2039,Contig:61:62.5513:2583,Contig:93:147.945:1250,Contig:51:30.8885:10937	4	-0.046969773709497675	0.8011361088027857	0.8812919876578308	0	0	0	0		1	False	0
ecol-SAMN34360970	PBF_P13	Contig:131:58.9922:448,Contig:79:50.0818:661,Contig:39:51.202:3p:1:2:292,Contig:64:53.2707:690,Contig:22:20.9556:4186,Contig:39:51.202:1729,Contig:135:47.4558:582,Contig:135:47.4558:3p:1:2:353	5	-0.09994749946170711	2.0535022453201095	0.771045587055303	PBF_P17	Contig:28:16.5792:5068,Contig:111:38.4642:1613	4	-0.0016899422948838394	0.8739757593187112	0.6262080805326801	0	0	0	0		1	False	0
ecol-SAMN34360970	PBF_P13	Contig:131:58.9922:448,Contig:79:50.0818:661,Contig:39:51.202:3p:1:2:292,Contig:64:53.2707:690,Contig:22:20.9556:4186,Contig:39:51.202:1729,Contig:135:47.4558:582,Contig:135:47.4558:3p:1:2:353	5	-0.09994749946170711	2.0535022453201095	0.771045587055303	PBF_P18	Contig:50:20.515:3034,Contig:150:23.5229:5p:1:9:732	4	0.0	0.7062893989825291	0.7546511038250914	0	0	0	0		1	False	0
ecol-SAMN34360970	PBF_P13	Contig:131:58.9922:448,Contig:79:50.0818:661,Contig:39:51.202:3p:1:2:292,Contig:64:53.2707:690,Contig:22:20.9556:4186,Contig:39:51.202:1729,Contig:135:47.4558:582,Contig:135:47.4558:3p:1:2:353	5	-0.09994749946170711	2.0535022453201095	0.771045587055303	PBF_P19	Contig:23:22.866:4418	5	0.0	0.465883237440576	0.8851384334052287	0	0	0	0		1	False	0
ecol-SAMN34360970	PBF_P13	Contig:131:58.9922:448,Contig:79:50.0818:661,Contig:39:51.202:3p:1:2:292,Contig:64:53.2707:690,Contig:22:20.9556:4186,Contig:39:51.202:1729,Contig:135:47.4558:582,Contig:135:47.4558:3p:1:2:353	5	-0.09994749946170711	2.0535022453201095	0.771045587055303	PBF_P20	Contig:47:29.7911:3132,Contig:140:49.879:594,Contig:148:30.4916:3400,Contig:61:62.5513:2583,Contig:94:20.1614:1604,Contig:32:17.4791:3065	5	-0.24721782520796218	1.23277387390553	0.6606348278381782	0	0	0	0		1	False	0
ecol-SAMN34360970	PBF_P13	Contig:131:58.9922:448,Contig:79:50.0818:661,Contig:39:51.202:3p:1:2:292,Contig:64:53.2707:690,Contig:22:20.9556:4186,Contig:39:51.202:1729,Contig:135:47.4558:582,Contig:135:47.4558:3p:1:2:353	5	0	0	0	PBF_P21	Contig:79:50.0818:661,Contig:64:53.2707:690,Contig:22:20.9556:4186	5	0	0	0	0	0	0	0	[]	0	1	1
ecol-SAMN34360970	PBF_P13	Contig:131:58.9922:448,Contig:79:50.0818:661,Contig:39:51.202:3p:1:2:292,Contig:64:53.2707:690,Contig:22:20.9556:4186,Contig:39:51.202:1729,Contig:135:47.4558:582,Contig:135:47.4558:3p:1:2:353	5	-0.09994749946170711	2.0535022453201095	0.771045587055303	PBF_P22	Contig:77:21.502:9231,Contig:101:19.8028:6860	4	0.0	0.8805380306054343	0.6898532272088536	0	0	0	0		1	False	0
ecol-SAMN34360970	PBF_P13	Contig:131:58.9922:448,Contig:79:50.0818:661,Contig:39:51.202:3p:1:2:292,Contig:64:53.2707:690,Contig:22:20.9556:4186,Contig:39:51.202:1729,Contig:135:47.4558:582,Contig:135:47.4558:3p:1:2:353	5	-0.09994749946170711	2.0535022453201095	0.771045587055303	PBF_P23	Contig:110:28.186:4992	4	0.0	0.2110475378428336	0.9769090047395638	0	0	0	0		1	False	0
ecol-SAMN34360970	PBF_P13	Contig:131:58.9922:448,Contig:79:50.0818:661,Contig:39:51.202:3p:1:2:292,Contig:64:53.2707:690,Contig:22:20.9556:4186,Contig:39:51.202:1729,Contig:135:47.4558:582,Contig:135:47.4558:3p:1:2:353	5	-0.09994749946170711	2.0535022453201095	0.771045587055303	PBF_P24	Contig:119:25.4264:3942	4	0.0	0.29983485438901725	0.8599504986078026	0	0	0	0		1	False	0
ecol-SAMN34360970	PBF_P13	Contig:131:58.9922:448,Contig:79:50.0818:661,Contig:39:51.202:3p:1:2:292,Contig:64:53.2707:690,Contig:22:20.9556:4186,Contig:39:51.202:1729,Contig:135:47.4558:582,Contig:135:47.4558:3p:1:2:353	5	-0.09994749946170711	2.0535022453201095	0.771045587055303	PBF_P25	Contig:148:30.4916:3400	5	0.0	0.3104088215534112	1.0480696360149853	0	0	0	0		1	False	0
ecol-SAMN34360970	PBF_P13	Contig:131:58.9922:448,Contig:79:50.0818:661,Contig:39:51.202:3p:1:2:292,Contig:64:53.2707:690,Contig:22:20.9556:4186,Contig:39:51.202:1729,Contig:135:47.4558:582,Contig:135:47.4558:3p:1:2:353	5	-0.09994749946170711	2.0535022453201095	0.771045587055303	PBF_P26	Contig:16:16.7123:3534	4	0.0	0.4024554248497726	0.6261641889568632	0	0	0	0		1	False	0
ecol-SAMN34360970	PBF_P13	Contig:131:58.9922:448,Contig:79:50.0818:661,Contig:39:51.202:3p:1:2:292,Contig:64:53.2707:690,Contig:22:20.9556:4186,Contig:39:51.202:1729,Contig:135:47.4558:582,Contig:135:47.4558:3p:1:2:353	5	-0.09994749946170711	2.0535022453201095	0.771045587055303	PBF_P27	Contig:116:19.5884:4315	4	0.0	0.28341071530720896	0.7513940931250932	0	0	0	0		1	False	0
ecol-SAMN34360970	PBF_P14	Contig:33:129.118:2532,Contig:75:19.2372:4718,Contig:136:23.6079:7744	5	-0.04660699732137735	1.321061874203569	0.7541002189552106	PBF_P15	Contig:24:31.772:4795,Contig:105:40.3588:1010	5	-0.13781281279315516	0.9123208354265933	0.9460417928397453	5	-0.556718070236982	-1.0538257485352245	0.7541002189555002	Contig:102:27.6008:32622,Contig:106:26.977:29935,Contig:128:26.8439:190899,Contig:141:26.8054:203494,Contig:149:26.8685:34428,Contig:40:27.0656:20375,Contig:74:193.457:1298,Contig:86:61.7111:1443,Contig:93:147.945:1250,Contig:96:53.2109:740,Contig:106:26.977:3p:1:14:151,Contig:40:27.0656:3p:1:4:130,Contig:54:16.9742:5p:1:3:355,Contig:54:16.9742:5p:1:4:386,Contig:54:16.9742:5p:1:7:289	0	False	0
ecol-SAMN34360970	PBF_P14	Contig:33:129.118:2532,Contig:75:19.2372:4718,Contig:136:23.6079:7744	5	-0.04660699732137735	1.321061874203569	0.7541002189552106	PBF_P16	Contig:43:27.8935:12904,Contig:21:55.8175:1190,Contig:145:25.8567:2039,Contig:61:62.5513:2583,Contig:93:147.945:1250,Contig:51:30.8885:10937	4	-0.046969773709497675	0.8011361088027857	0.8812919876578308	4	-0.1905445814991803	1.6221979830071296	0.7541002189555002	Contig:141:26.8054:203494	0	False	0
ecol-SAMN34360970	PBF_P14	Contig:33:129.118:2532,Contig:75:19.2372:4718,Contig:136:23.6079:7744	5	-0.04660699732137735	1.321061874203569	0.7541002189552106	PBF_P17	Contig:28:16.5792:5068,Contig:111:38.4642:1613	4	-0.0016899422948838394	0.8739757593187112	0.6262080805326801	0	0	0	0		1	False	0
ecol-SAMN34360970	PBF_P14	Contig:33:129.118:2532,Contig:75:19.2372:4718,Contig:136:23.6079:7744	5	-0.04660699732137735	1.321061874203569	0.7541002189552106	PBF_P18	Contig:50:20.515:3034,Contig:150:23.5229:5p:1:9:732	4	0.0	0.7062893989825291	0.7546511038250914	4	-0.14357480778968262	2.2146592755780214	0.08384331289744296	Contig:133:23.8907:2181,Contig:141:26.8054:203494,Contig:150:23.5229:6355,Contig:15:34.3032:543,Contig:44:19.0744:86357,Contig:93:147.945:1250,Contig:150:23.5229:5p:1:4:671,Contig:150:23.5229:5p:1:12:671,Contig:44:19.0744:5p:1:2:141,Contig:44:19.0744:5p:1:4:141,Contig:44:19.0744:5p:1:5:554,Contig:44:19.0744:5p:1:9:462	0	False	0
ecol-SAMN34360970	PBF_P14	Contig:33:129.118:2532,Contig:75:19.2372:4718,Contig:136:23.6079:7744	5	-0.04660699732137735	1.321061874203569	0.7541002189552106	PBF_P19	Contig:23:22.866:4418	5	0.0	0.465883237440576	0.8851384334052287	5	-0.41890525744382706	-1.0356209841200097	0.47605269869927724	Contig:102:27.6008:32622,Contig:105:40.3588:1010,Contig:106:26.977:29935,Contig:128:26.8439:190899,Contig:141:26.8054:203494,Contig:149:26.8685:34428,Contig:40:27.0656:20375,Contig:74:193.457:1298,Contig:86:61.7111:1443,Contig:93:147.945:1250,Contig:96:53.2109:740,Contig:106:26.977:3p:1:14:151,Contig:40:27.0656:3p:1:4:130,Contig:54:16.9742:5p:1:3:355,Contig:54:16.9742:5p:1:4:386,Contig:54:16.9742:5p:1:7:289	0	False	0
ecol-SAMN34360970	PBF_P14	Contig:33:129.118:2532,Contig:75:19.2372:4718,Contig:136:23.6079:7744	5	-0.04660699732137735	1.321061874203569	0.7541002189552106	PBF_P20	Contig:47:29.7911:3132,Contig:140:49.879:594,Contig:148:30.4916:3400,Contig:61:62.5513:2583,Contig:94:20.1614:1604,Contig:32:17.4791:3065	5	-0.24721782520796218	1.23277387390553	0.6606348278381782	4	-0.7954182514127263	2.4776177515743854	0.08384331289744296	Contig:141:26.8054:203494,Contig:15:34.3032:543,Contig:44:19.0744:86357,Contig:58:23.104:16444,Contig:93:147.945:1250,Contig:148:30.4916:5p:1:4:133,Contig:148:30.4916:5p:1:8:285,Contig:148:30.4916:5p:1:9:560,Contig:44:19.0744:5p:1:2:141,Contig:44:19.0744:5p:1:4:141,Contig:44:19.0744:5p:1:5:554,Contig:44:19.0744:5p:1:9:462	0	False	0
ecol-SAMN34360970	PBF_P14	Contig:33:129.118:2532,Contig:75:19.2372:4718,Contig:136:23.6079:7744	5	-0.04660699732137735	1.321061874203569	0.7541002189552106	PBF_P21	Contig:79:50.0818:661,Contig:64:53.2707:690,Contig:22:20.9556:4186	5	-0.09994749946170711	1.1335759997579955	0.771045587055303	0	0	0	0		1	False	0
ecol-SAMN34360970	PBF_P14	Contig:33:129.118:2532,Contig:75:19.2372:4718,Contig:136:23.6079:7744	5	-0.04660699732137735	1.321061874203569	0.7541002189552106	PBF_P22	Contig:77:21.502:9231,Contig:101:19.8028:6860	4	0.0	0.8805380306054343	0.6898532272088536	0	0	0	0		1	False	0
ecol-SAMN34360970	PBF_P14	Contig:33:129.118:2532,Contig:75:19.2372:4718,Contig:136:23.6079:7744	5	-0.04660699732137735	1.321061874203569	0.7541002189552106	PBF_P23	Contig:110:28.186:4992	4	0.0	0.2110475378428336	0.9769090047395638	5	-0.34748561204811873	-1.5445167860223163	0.7541002189555002	Contig:11:23.923:56484,Contig:141:26.8054:203494,Contig:149:26.8685:34428,Contig:42:24.8933:134338,Contig:56:74.5997:957,Contig:74:193.457:1298,Contig:93:147.945:1250,Contig:42:24.8933:5p:1:2:102	0	False	0
ecol-SAMN34360970	PBF_P14	Contig:33:129.118:2532,Contig:75:19.2372:4718,Contig:136:23.6079:7744	5	-0.04660699732137735	1.321061874203569	0.7541002189552106	PBF_P24	Contig:119:25.4264:3942	4	0.0	0.29983485438901725	0.8599504986078026	4	-0.2351763346274905	1.5062578861358311	0.08384331289744296	Contig:141:26.8054:203494,Contig:150:23.5229:6355,Contig:15:34.3032:543,Contig:29:26.7062:2085,Contig:44:19.0744:86357,Contig:93:147.945:1250,Contig:150:23.5229:5p:1:5:671,Contig:29:26.7062:5p:1:2:360,Contig:44:19.0744:5p:1:2:141,Contig:44:19.0744:5p:1:4:141,Contig:44:19.0744:5p:1:5:554,Contig:44:19.0744:5p:1:9:462	0	False	0
ecol-SAMN34360970	PBF_P14	Contig:33:129.118:2532,Contig:75:19.2372:4718,Contig:136:23.6079:7744	5	-0.04660699732137735	1.321061874203569	0.7541002189552106	PBF_P25	Contig:148:30.4916:3400	5	0.0	0.3104088215534112	1.0480696360149853	4	-0.5426111987254485	1.5552526992222666	0.08384331289744296	Contig:141:26.8054:203494,Contig:15:34.3032:543,Contig:44:19.0744:86357,Contig:58:23.104:16444,Contig:93:147.945:1250,Contig:148:30.4916:5p:1:4:133,Contig:148:30.4916:5p:1:8:285,Contig:148:30.4916:5p:1:9:560,Contig:44:19.0744:5p:1:2:141,Contig:44:19.0744:5p:1:4:141,Contig:44:19.0744:5p:1:5:554,Contig:44:19.0744:5p:1:9:462	0	False	0
ecol-SAMN34360970	PBF_P14	Contig:33:129.118:2532,Contig:75:19.2372:4718,Contig:136:23.6079:7744	5	-0.04660699732137735	1.321061874203569	0.7541002189552106	PBF_P26	Contig:16:16.7123:3534	4	0.0	0.4024554248497726	0.6261641889568632	0	0	0	0		1	False	0
ecol-SAMN34360970	PBF_P14	Contig:33:129.118:2532,Contig:75:19.2372:4718,Contig:136:23.6079:7744	5	-0.04660699732137735	1.321061874203569	0.7541002189552106	PBF_P27	Contig:116:19.5884:4315	4	0.0	0.28341071530720896	0.7513940931250932	4	-0.2351763346274905	1.4400968881745622	0.08384331289744296	Contig:141:26.8054:203494,Contig:150:23.5229:6355,Contig:15:34.3032:543,Contig:29:26.7062:2085,Contig:44:19.0744:86357,Contig:93:147.945:1250,Contig:95:30.3196:2736,Contig:150:23.5229:5p:1:5:671,Contig:29:26.7062:5p:1:2:360,Contig:44:19.0744:5p:1:2:141,Contig:44:19.0744:5p:1:4:141,Contig:44:19.0744:5p:1:5:554,Contig:44:19.0744:5p:1:9:462	0	False	0
ecol-SAMN34360970	PBF_P15	Contig:24:31.772:4795,Contig:105:40.3588:1010	5	-0.13781281279315516	0.9123208354265933	0.9460417928397453	PBF_P16	Contig:43:27.8935:12904,Contig:21:55.8175:1190,Contig:145:25.8567:2039,Contig:61:62.5513:2583,Contig:93:147.945:1250,Contig:51:30.8885:10937	4	-0.046969773709497675	0.8011361088027857	0.8812919876578308	4	-0.5822371752781266	-1.1069189339275038	0.8812919876581873	Contig:102:27.6008:32622,Contig:106:26.977:29935,Contig:128:26.8439:190899,Contig:149:26.8685:34428,Contig:40:27.0656:20375,Contig:74:193.457:1298,Contig:86:61.7111:1443,Contig:96:53.2109:740,Contig:106:26.977:3p:1:14:151,Contig:40:27.0656:3p:1:4:130,Contig:54:16.9742:5p:1:3:355,Contig:54:16.9742:5p:1:4:386,Contig:54:16.9742:5p:1:7:289	0	False	0
ecol-SAMN34360970	PBF_P15	Contig:24:31.772:4795,Contig:105:40.3588:1010	5	-0.13781281279315516	0.9123208354265933	0.9460417928397453	PBF_P17	Contig:28:16.5792:5068,Contig:111:38.4642:1613	4	-0.0016899422948838394	0.8739757593187112	0.6262080805326801	0	0	0	0		1	False	0
ecol-SAMN34360970	PBF_P15	Contig:24:31.772:4795,Contig:105:40.3588:1010	5	-0.13781281279315516	0.9123208354265933	0.9460417928397453	PBF_P18	Contig:50:20.515:3034,Contig:150:23.5229:5p:1:9:732	4	0.0	0.7062893989825291	0.7546511038250914	4	-0.5352674015686288	-0.5144576413566118	0.08384331289744296	Contig:102:27.6008:32622,Contig:106:26.977:29935,Contig:128:26.8439:190899,Contig:133:23.8907:2181,Contig:149:26.8685:34428,Contig:150:23.5229:6355,Contig:15:34.3032:543,Contig:40:27.0656:20375,Contig:44:19.0744:86357,Contig:74:193.457:1298,Contig:86:61.7111:1443,Contig:93:147.945:1250,Contig:96:53.2109:740,Contig:106:26.977:3p:1:14:151,Contig:150:23.5229:5p:1:4:671,Contig:150:23.5229:5p:1:12:671,Contig:40:27.0656:3p:1:4:130,Contig:44:19.0744:5p:1:2:141,Contig:44:19.0744:5p:1:4:141,Contig:44:19.0744:5p:1:5:554,Contig:44:19.0744:5p:1:9:462,Contig:54:16.9742:5p:1:3:355,Contig:54:16.9742:5p:1:4:386,Contig:54:16.9742:5p:1:7:289	0	False	0
ecol-SAMN34360970	PBF_P15	Contig:24:31.772:4795,Contig:105:40.3588:1010	5	-0.13781281279315516	0.9123208354265933	0.9460417928397453	PBF_P19	Contig:23:22.866:4418	5	0.0	0.465883237440576	0.8851384334052287	5	-0.2636400696511454	1.7626028697621474	0.8851384334047907	Contig:86:61.7111:1443	0	False	0
ecol-SAMN34360970	PBF_P15	Contig:24:31.772:4795,Contig:105:40.3588:1010	5	-0.13781281279315516	0.9123208354265933	0.9460417928397453	PBF_P20	Contig:47:29.7911:3132,Contig:140:49.879:594,Contig:148:30.4916:3400,Contig:61:62.5513:2583,Contig:94:20.1614:1604,Contig:32:17.4791:3065	5	-0.24721782520796218	1.23277387390553	0.6606348278381782	4	-0.5331839065993926	1.6267230849776486	0.6606348278382939	Contig:41:18.0825:111532,Contig:49:17.8605:15821,Contig:86:61.7111:1443	0	False	0
ecol-SAMN34360970	PBF_P15	Contig:24:31.772:4795,Contig:105:40.3588:1010	5	-0.13781281279315516	0.9123208354265933	0.9460417928397453	PBF_P21	Contig:79:50.0818:661,Contig:64:53.2707:690,Contig:22:20.9556:4186	5	-0.09994749946170711	1.1335759997579955	0.771045587055303	0	0	0	0		1	False	0
ecol-SAMN34360970	PBF_P15	Contig:24:31.772:4795,Contig:105:40.3588:1010	5	-0.13781281279315516	0.9123208354265933	0.9460417928397453	PBF_P22	Contig:77:21.502:9231,Contig:101:19.8028:6860	4	0.0	0.8805380306054343	0.6898532272088536	0	0	0	0		1	False	0
ecol-SAMN34360970	PBF_P15	Contig:24:31.772:4795,Contig:105:40.3588:1010	5	-0.13781281279315516	0.9123208354265933	0.9460417928397453	PBF_P23	Contig:110:28.186:4992	4	0.0	0.2110475378428336	0.9769090047395638	5	-0.5607775858728212	-2.9505860552582175	0.9393572978751763	Contig:102:27.6008:32622,Contig:106:26.977:29935,Contig:11:23.923:56484,Contig:128:26.8439:190899,Contig:40:27.0656:20375,Contig:42:24.8933:134338,Contig:56:74.5997:957,Contig:74:193.457:1298,Contig:86:61.7111:1443,Contig:96:53.2109:740,Contig:106:26.977:3p:1:14:151,Contig:40:27.0656:3p:1:4:130,Contig:42:24.8933:5p:1:2:102,Contig:54:16.9742:5p:1:3:355,Contig:54:16.9742:5p:1:4:386,Contig:54:16.9742:5p:1:7:289	0	False	0
ecol-SAMN34360970	PBF_P15	Contig:24:31.772:4795,Contig:105:40.3588:1010	5	-0.13781281279315516	0.9123208354265933	0.9460417928397453	PBF_P24	Contig:119:25.4264:3942	4	0.0	0.29983485438901725	0.8599504986078026	4	-0.6268689284064367	-1.2228590307988025	0.08384331289744296	Contig:102:27.6008:32622,Contig:106:26.977:29935,Contig:128:26.8439:190899,Contig:149:26.8685:34428,Contig:150:23.5229:6355,Contig:15:34.3032:543,Contig:29:26.7062:2085,Contig:40:27.0656:20375,Contig:44:19.0744:86357,Contig:74:193.457:1298,Contig:86:61.7111:1443,Contig:93:147.945:1250,Contig:96:53.2109:740,Contig:106:26.977:3p:1:14:151,Contig:150:23.5229:5p:1:5:671,Contig:29:26.7062:5p:1:2:360,Contig:40:27.0656:3p:1:4:130,Contig:44:19.0744:5p:1:2:141,Contig:44:19.0744:5p:1:4:141,Contig:44:19.0744:5p:1:5:554,Contig:44:19.0744:5p:1:9:462,Contig:54:16.9742:5p:1:3:355,Contig:54:16.9742:5p:1:4:386,Contig:54:16.9742:5p:1:7:289	0	False	0
ecol-SAMN34360970	PBF_P15	Contig:24:31.772:4795,Contig:105:40.3588:1010	5	-0.13781281279315516	0.9123208354265933	0.9460417928397453	PBF_P25	Contig:148:30.4916:3400	5	0.0	0.3104088215534112	1.0480696360149853	4	-0.9343037925043948	-1.173864217712367	0.08384331289744296	Contig:102:27.6008:32622,Contig:106:26.977:29935,Contig:128:26.8439:190899,Contig:149:26.8685:34428,Contig:15:34.3032:543,Contig:40:27.0656:20375,Contig:44:19.0744:86357,Contig:58:23.104:16444,Contig:74:193.457:1298,Contig:86:61.7111:1443,Contig:93:147.945:1250,Contig:96:53.2109:740,Contig:106:26.977:3p:1:14:151,Contig:148:30.4916:5p:1:4:133,Contig:148:30.4916:5p:1:8:285,Contig:148:30.4916:5p:1:9:560,Contig:40:27.0656:3p:1:4:130,Contig:44:19.0744:5p:1:2:141,Contig:44:19.0744:5p:1:4:141,Contig:44:19.0744:5p:1:5:554,Contig:44:19.0744:5p:1:9:462,Contig:54:16.9742:5p:1:3:355,Contig:54:16.9742:5p:1:4:386,Contig:54:16.9742:5p:1:7:289	0	False	0
ecol-SAMN34360970	PBF_P15	Contig:24:31.772:4795,Contig:105:40.3588:1010	5	-0.13781281279315516	0.9123208354265933	0.9460417928397453	PBF_P26	Contig:16:16.7123:3534	4	0.0	0.4024554248497726	0.6261641889568632	0	0	0	0		1	False	0
ecol-SAMN34360970	PBF_P15	Contig:24:31.772:4795,Contig:105:40.3588:1010	5	-0.13781281279315516	0.9123208354265933	0.9460417928397453	PBF_P27	Contig:116:19.5884:4315	4	0.0	0.28341071530720896	0.7513940931250932	4	-0.6268689284064367	-1.2890200287600713	0.08384331289744296	Contig:102:27.6008:32622,Contig:106:26.977:29935,Contig:128:26.8439:190899,Contig:149:26.8685:34428,Contig:150:23.5229:6355,Contig:15:34.3032:543,Contig:29:26.7062:2085,Contig:40:27.0656:20375,Contig:44:19.0744:86357,Contig:74:193.457:1298,Contig:86:61.7111:1443,Contig:93:147.945:1250,Contig:95:30.3196:2736,Contig:96:53.2109:740,Contig:106:26.977:3p:1:14:151,Contig:150:23.5229:5p:1:5:671,Contig:29:26.7062:5p:1:2:360,Contig:40:27.0656:3p:1:4:130,Contig:44:19.0744:5p:1:2:141,Contig:44:19.0744:5p:1:4:141,Contig:44:19.0744:5p:1:5:554,Contig:44:19.0744:5p:1:9:462,Contig:54:16.9742:5p:1:3:355,Contig:54:16.9742:5p:1:4:386,Contig:54:16.9742:5p:1:7:289	0	False	0
ecol-SAMN34360970	PBF_P16	Contig:43:27.8935:12904,Contig:21:55.8175:1190,Contig:145:25.8567:2039,Contig:61:62.5513:2583,Contig:93:147.945:1250,Contig:51:30.8885:10937	4	-0.046969773709497675	0.8011361088027857	0.8812919876578308	PBF_P17	Contig:28:16.5792:5068,Contig:111:38.4642:1613	4	-0.0016899422948838394	0.8739757593187112	0.6262080805326801	0	0	0	0		1	False	0
ecol-SAMN34360970	PBF_P16	Contig:43:27.8935:12904,Contig:21:55.8175:1190,Contig:145:25.8567:2039,Contig:61:62.5513:2583,Contig:93:147.945:1250,Contig:51:30.8885:10937	4	-0.046969773709497675	0.8011361088027857	0.8812919876578308	PBF_P18	Contig:50:20.515:3034,Contig:150:23.5229:5p:1:9:732	4	0.0	0.7062893989825291	0.7546511038250914	4	-0.046969773709497675	2.161566090185742	0.08384331289744296	Contig:133:23.8907:2181,Contig:150:23.5229:6355,Contig:15:34.3032:543,Contig:44:19.0744:86357,Contig:150:23.5229:5p:1:4:671,Contig:150:23.5229:5p:1:12:671,Contig:44:19.0744:5p:1:2:141,Contig:44:19.0744:5p:1:4:141,Contig:44:19.0744:5p:1:5:554,Contig:44:19.0744:5p:1:9:462	0	False	0
ecol-SAMN34360970	PBF_P16	Contig:43:27.8935:12904,Contig:21:55.8175:1190,Contig:145:25.8567:2039,Contig:61:62.5513:2583,Contig:93:147.945:1250,Contig:51:30.8885:10937	4	-0.046969773709497675	0.8011361088027857	0.8812919876578308	PBF_P19	Contig:23:22.866:4418	5	0.0	0.465883237440576	0.8851384334052287	4	-0.555594929233213	-1.5533565319135207	0.8812919876600063	Contig:102:27.6008:32622,Contig:106:26.977:29935,Contig:128:26.8439:190899,Contig:149:26.8685:34428,Contig:40:27.0656:20375,Contig:74:193.457:1298,Contig:86:61.7111:1443,Contig:96:53.2109:740,Contig:106:26.977:3p:1:14:151,Contig:40:27.0656:3p:1:4:130,Contig:54:16.9742:5p:1:3:355,Contig:54:16.9742:5p:1:4:386,Contig:54:16.9742:5p:1:7:289	0	False	0
ecol-SAMN34360970	PBF_P16	Contig:43:27.8935:12904,Contig:21:55.8175:1190,Contig:145:25.8567:2039,Contig:61:62.5513:2583,Contig:93:147.945:1250,Contig:51:30.8885:10937	4	-0.046969773709497675	0.8011361088027857	0.8812919876578308	PBF_P20	Contig:47:29.7911:3132,Contig:140:49.879:594,Contig:148:30.4916:3400,Contig:61:62.5513:2583,Contig:94:20.1614:1604,Contig:32:17.4791:3065	5	-0.24721782520796218	1.23277387390553	0.6606348278381782	4	-0.4111718588245797	2.033909982708316	0.6606348278382939		0	True	0
ecol-SAMN34360970	PBF_P16	Contig:43:27.8935:12904,Contig:21:55.8175:1190,Contig:145:25.8567:2039,Contig:61:62.5513:2583,Contig:93:147.945:1250,Contig:51:30.8885:10937	4	-0.046969773709497675	0.8011361088027857	0.8812919876578308	PBF_P21	Contig:79:50.0818:661,Contig:64:53.2707:690,Contig:22:20.9556:4186	5	-0.09994749946170711	1.1335759997579955	0.771045587055303	0	0	0	0		1	False	0
ecol-SAMN34360970	PBF_P16	Contig:43:27.8935:12904,Contig:21:55.8175:1190,Contig:145:25.8567:2039,Contig:61:62.5513:2583,Contig:93:147.945:1250,Contig:51:30.8885:10937	4	-0.046969773709497675	0.8011361088027857	0.8812919876578308	PBF_P22	Contig:77:21.502:9231,Contig:101:19.8028:6860	4	0.0	0.8805380306054343	0.6898532272088536	0	0	0	0		1	False	0
ecol-SAMN34360970	PBF_P16	Contig:43:27.8935:12904,Contig:21:55.8175:1190,Contig:145:25.8567:2039,Contig:61:62.5513:2583,Contig:93:147.945:1250,Contig:51:30.8885:10937	4	-0.046969773709497675	0.8011361088027857	0.8812919876578308	PBF_P23	Contig:110:28.186:4992	4	0.0	0.2110475378428336	0.9769090047395638	4	-0.2647030397354182	0.7712614655904722	0.8812919876581873	Contig:56:74.5997:957	0	False	0
ecol-SAMN34360970	PBF_P16	Contig:43:27.8935:12904,Contig:21:55.8175:1190,Contig:145:25.8567:2039,Contig:61:62.5513:2583,Contig:93:147.945:1250,Contig:51:30.8885:10937	4	-0.046969773709497675	0.8011361088027857	0.8812919876578308	PBF_P24	Contig:119:25.4264:3942	4	0.0	0.29983485438901725	0.8599504986078026	4	-0.13857130054730554	1.4531647007435513	0.08384331289744296	Contig:150:23.5229:6355,Contig:15:34.3032:543,Contig:29:26.7062:2085,Contig:44:19.0744:86357,Contig:150:23.5229:5p:1:5:671,Contig:29:26.7062:5p:1:2:360,Contig:44:19.0744:5p:1:2:141,Contig:44:19.0744:5p:1:4:141,Contig:44:19.0744:5p:1:5:554,Contig:44:19.0744:5p:1:9:462	0	False	0
ecol-SAMN34360970	PBF_P16	Contig:43:27.8935:12904,Contig:21:55.8175:1190,Contig:145:25.8567:2039,Contig:61:62.5513:2583,Contig:93:147.945:1250,Contig:51:30.8885:10937	4	-0.046969773709497675	0.8011361088027857	0.8812919876578308	PBF_P25	Contig:148:30.4916:3400	5	0.0	0.3104088215534112	1.0480696360149853	4	-0.44600616464526355	1.5021595138299872	0.08384331289744296	Contig:15:34.3032:543,Contig:44:19.0744:86357,Contig:58:23.104:16444,Contig:148:30.4916:5p:1:4:133,Contig:148:30.4916:5p:1:8:285,Contig:148:30.4916:5p:1:9:560,Contig:44:19.0744:5p:1:2:141,Contig:44:19.0744:5p:1:4:141,Contig:44:19.0744:5p:1:5:554,Contig:44:19.0744:5p:1:9:462	0	False	0
ecol-SAMN34360970	PBF_P16	Contig:43:27.8935:12904,Contig:21:55.8175:1190,Contig:145:25.8567:2039,Contig:61:62.5513:2583,Contig:93:147.945:1250,Contig:51:30.8885:10937	4	-0.046969773709497675	0.8011361088027857	0.8812919876578308	PBF_P26	Contig:16:16.7123:3534	4	0.0	0.4024554248497726	0.6261641889568632	0	0	0	0		1	False	0
ecol-SAMN34360970	PBF_P16	Contig:43:27.8935:12904,Contig:21:55.8175:1190,Contig:145:25.8567:2039,Contig:61:62.5513:2583,Contig:93:147.945:1250,Contig:51:30.8885:10937	4	-0.046969773709497675	0.8011361088027857	0.8812919876578308	PBF_P27	Contig:116:19.5884:4315	4	0.0	0.28341071530720896	0.7513940931250932	4	-0.13857130054730554	1.3870037027822828	0.08384331289744296	Contig:150:23.5229:6355,Contig:15:34.3032:543,Contig:29:26.7062:2085,Contig:44:19.0744:86357,Contig:95:30.3196:2736,Contig:150:23.5229:5p:1:5:671,Contig:29:26.7062:5p:1:2:360,Contig:44:19.0744:5p:1:2:141,Contig:44:19.0744:5p:1:4:141,Contig:44:19.0744:5p:1:5:554,Contig:44:19.0744:5p:1:9:462	0	False	0
ecol-SAMN34360970	PBF_P17	Contig:28:16.5792:5068,Contig:111:38.4642:1613	4	-0.0016899422948838394	0.8739757593187112	0.6262080805326801	PBF_P18	Contig:50:20.515:3034,Contig:150:23.5229:5p:1:9:732	4	0.0	0.7062893989825291	0.7546511038250914	0	0	0	0		1	False	0
ecol-SAMN34360970	PBF_P17	Contig:28:16.5792:5068,Contig:111:38.4642:1613	4	-0.0016899422948838394	0.8739757593187112	0.6262080805326801	PBF_P19	Contig:23:22.866:4418	5	0.0	0.465883237440576	0.8851384334052287	0	0	0	0		1	False	0
ecol-SAMN34360970	PBF_P17	Contig:28:16.5792:5068,Contig:111:38.4642:1613	4	-0.0016899422948838394	0.8739757593187112	0.6262080805326801	PBF_P20	Contig:47:29.7911:3132,Contig:140:49.879:594,Contig:148:30.4916:3400,Contig:61:62.5513:2583,Contig:94:20.1614:1604,Contig:32:17.4791:3065	5	-0.24721782520796218	1.23277387390553	0.6606348278381782	0	0	0	0		1	False	0
ecol-SAMN34360970	PBF_P17	Contig:28:16.5792:5068,Contig:111:38.4642:1613	4	-0.0016899422948838394	0.8739757593187112	0.6262080805326801	PBF_P21	Contig:79:50.0818:661,Contig:64:53.2707:690,Contig:22:20.9556:4186	5	-0.09994749946170711	1.1335759997579955	0.771045587055303	0	0	0	0		1	False	0
ecol-SAMN34360970	PBF_P17	Contig:28:16.5792:5068,Contig:111:38.4642:1613	4	-0.0016899422948838394	0.8739757593187112	0.6262080805326801	PBF_P22	Contig:77:21.502:9231,Contig:101:19.8028:6860	4	0.0	0.8805380306054343	0.6898532272088536	0	0	0	0		1	False	0
ecol-SAMN34360970	PBF_P17	Contig:28:16.5792:5068,Contig:111:38.4642:1613	4	-0.0016899422948838394	0.8739757593187112	0.6262080805326801	PBF_P23	Contig:110:28.186:4992	4	0.0	0.2110475378428336	0.9769090047395638	0	0	0	0		1	False	0
ecol-SAMN34360970	PBF_P17	Contig:28:16.5792:5068,Contig:111:38.4642:1613	4	-0.0016899422948838394	0.8739757593187112	0.6262080805326801	PBF_P24	Contig:119:25.4264:3942	4	0.0	0.29983485438901725	0.8599504986078026	0	0	0	0		1	False	0
ecol-SAMN34360970	PBF_P17	Contig:28:16.5792:5068,Contig:111:38.4642:1613	4	-0.0016899422948838394	0.8739757593187112	0.6262080805326801	PBF_P25	Contig:148:30.4916:3400	5	0.0	0.3104088215534112	1.0480696360149853	0	0	0	0		1	False	0
ecol-SAMN34360970	PBF_P17	Contig:28:16.5792:5068,Contig:111:38.4642:1613	4	-0.0016899422948838394	0.8739757593187112	0.6262080805326801	PBF_P26	Contig:16:16.7123:3534	4	0.0	0.4024554248497726	0.6261641889568632	0	0	0	0		1	False	0
ecol-SAMN34360970	PBF_P17	Contig:28:16.5792:5068,Contig:111:38.4642:1613	4	-0.0016899422948838394	0.8739757593187112	0.6262080805326801	PBF_P27	Contig:116:19.5884:4315	4	0.0	0.28341071530720896	0.7513940931250932	0	0	0	0		1	False	0
ecol-SAMN34360970	PBF_P18	Contig:50:20.515:3034,Contig:150:23.5229:5p:1:9:732	4	0.0	0.7062893989825291	0.7546511038250914	PBF_P19	Contig:23:22.866:4418	5	0.0	0.465883237440576	0.8851384334052287	4	-0.6776069770080259	-0.49625287694139725	0.08384331289744296	Contig:102:27.6008:32622,Contig:105:40.3588:1010,Contig:106:26.977:29935,Contig:128:26.8439:190899,Contig:133:23.8907:2181,Contig:149:26.8685:34428,Contig:150:23.5229:6355,Contig:15:34.3032:543,Contig:40:27.0656:20375,Contig:44:19.0744:86357,Contig:74:193.457:1298,Contig:86:61.7111:1443,Contig:93:147.945:1250,Contig:96:53.2109:740,Contig:106:26.977:3p:1:14:151,Contig:150:23.5229:5p:1:4:671,Contig:150:23.5229:5p:1:12:671,Contig:40:27.0656:3p:1:4:130,Contig:44:19.0744:5p:1:2:141,Contig:44:19.0744:5p:1:4:141,Contig:44:19.0744:5p:1:5:554,Contig:44:19.0744:5p:1:9:462,Contig:54:16.9742:5p:1:3:355,Contig:54:16.9742:5p:1:4:386,Contig:54:16.9742:5p:1:7:289	0	False	0
ecol-SAMN34360970	PBF_P18	Contig:50:20.515:3034,Contig:150:23.5229:5p:1:9:732	4	0.0	0.7062893989825291	0.7546511038250914	PBF_P20	Contig:47:29.7911:3132,Contig:140:49.879:594,Contig:148:30.4916:3400,Contig:61:62.5513:2583,Contig:94:20.1614:1604,Contig:32:17.4791:3065	5	-0.24721782520796218	1.23277387390553	0.6606348278381782	4	-0.6518434436230437	0.4009657876431688	0.16699291579789133	Contig:133:23.8907:2181,Contig:150:23.5229:6355,Contig:15:34.3032:543,Contig:58:23.104:16444,Contig:148:30.4916:5p:1:4:133,Contig:148:30.4916:5p:1:8:285,Contig:148:30.4916:5p:1:9:560,Contig:150:23.5229:5p:1:4:671,Contig:150:23.5229:5p:1:12:671	0	False	0
ecol-SAMN34360970	PBF_P18	Contig:50:20.515:3034,Contig:150:23.5229:5p:1:9:732	4	0.0	0.7062893989825291	0.7546511038250914	PBF_P21	Contig:79:50.0818:661,Contig:64:53.2707:690,Contig:22:20.9556:4186	5	-0.09994749946170711	1.1335759997579955	0.771045587055303	0	0	0	0		1	False	0
ecol-SAMN34360970	PBF_P18	Contig:50:20.515:3034,Contig:150:23.5229:5p:1:9:732	4	0.0	0.7062893989825291	0.7546511038250914	PBF_P22	Contig:77:21.502:9231,Contig:101:19.8028:6860	4	0.0	0.8805380306054343	0.6898532272088536	0	0	0	0		1	False	0
ecol-SAMN34360970	PBF_P18	Contig:50:20.515:3034,Contig:150:23.5229:5p:1:9:732	4	0.0	0.7062893989825291	0.7546511038250914	PBF_P23	Contig:110:28.186:4992	4	0.0	0.2110475378428336	0.9769090047395638	4	-0.2648197816887132	-1.0051486788437036	0.08384331289744296	Contig:11:23.923:56484,Contig:133:23.8907:2181,Contig:149:26.8685:34428,Contig:150:23.5229:6355,Contig:15:34.3032:543,Contig:42:24.8933:134338,Contig:44:19.0744:86357,Contig:56:74.5997:957,Contig:74:193.457:1298,Contig:93:147.945:1250,Contig:150:23.5229:5p:1:4:671,Contig:150:23.5229:5p:1:12:671,Contig:42:24.8933:5p:1:2:102,Contig:44:19.0744:5p:1:2:141,Contig:44:19.0744:5p:1:4:141,Contig:44:19.0744:5p:1:5:554,Contig:44:19.0744:5p:1:9:462	0	False	0
ecol-SAMN34360970	PBF_P18	Contig:50:20.515:3034,Contig:150:23.5229:5p:1:9:732	4	0.0	0.7062893989825291	0.7546511038250914	PBF_P24	Contig:119:25.4264:3942	4	0.0	0.29983485438901725	0.8599504986078026	4	-0.09160152683780787	-0.38274055775804194	0.1880759697251051	Contig:133:23.8907:2181,Contig:29:26.7062:2085,Contig:150:23.5229:5p:1:5:671,Contig:150:23.5229:5p:1:12:671,Contig:29:26.7062:5p:1:2:360	0	False	0
ecol-SAMN34360970	PBF_P18	Contig:50:20.515:3034,Contig:150:23.5229:5p:1:9:732	4	0.0	0.7062893989825291	0.7546511038250914	PBF_P25	Contig:148:30.4916:3400	5	0.0	0.3104088215534112	1.0480696360149853	4	-0.39903639093576593	-0.52139926470895	0.16699291579789133	Contig:133:23.8907:2181,Contig:150:23.5229:6355,Contig:15:34.3032:543,Contig:58:23.104:16444,Contig:148:30.4916:5p:1:4:133,Contig:148:30.4916:5p:1:8:285,Contig:148:30.4916:5p:1:9:560,Contig:150:23.5229:5p:1:4:671,Contig:150:23.5229:5p:1:12:671	0	False	0
ecol-SAMN34360970	PBF_P18	Contig:50:20.515:3034,Contig:150:23.5229:5p:1:9:732	4	0.0	0.7062893989825291	0.7546511038250914	PBF_P26	Contig:16:16.7123:3534	4	0.0	0.4024554248497726	0.6261641889568632	0	0	0	0		1	False	0
ecol-SAMN34360970	PBF_P18	Contig:50:20.515:3034,Contig:150:23.5229:5p:1:9:732	4	0.0	0.7062893989825291	0.7546511038250914	PBF_P27	Contig:116:19.5884:4315	4	0.0	0.28341071530720896	0.7513940931250932	4	-0.008635919799468206	1.1160084306237743	0.08384331289744297	Contig:127:21.7798:68435,Contig:133:23.8907:2181,Contig:141:26.8054:203494,Contig:150:23.5229:6355,Contig:15:34.3032:543,Contig:33:129.118:2532,Contig:44:19.0744:86357,Contig:93:147.945:1250,Contig:150:23.5229:5p:1:4:671,Contig:150:23.5229:5p:1:12:671,Contig:44:19.0744:5p:1:2:141,Contig:44:19.0744:5p:1:4:141,Contig:44:19.0744:5p:1:5:554,Contig:44:19.0744:5p:1:9:462	0	False	0
ecol-SAMN34360970	PBF_P19	Contig:23:22.866:4418	5	0.0	0.465883237440576	0.8851384334052287	PBF_P20	Contig:47:29.7911:3132,Contig:140:49.879:594,Contig:148:30.4916:3400,Contig:61:62.5513:2583,Contig:94:20.1614:1604,Contig:32:17.4791:3065	5	-0.24721782520796218	1.23277387390553	0.6606348278381782	5	-0.4768676618828006	1.6449278493928636	0.47605269869927724	Contig:105:40.3588:1010,Contig:41:18.0825:111532,Contig:49:17.8605:15821,Contig:86:61.7111:1443	0	False	0
ecol-SAMN34360970	PBF_P19	Contig:23:22.866:4418	5	0.0	0.465883237440576	0.8851384334052287	PBF_P21	Contig:79:50.0818:661,Contig:64:53.2707:690,Contig:22:20.9556:4186	5	-0.09994749946170711	1.1335759997579955	0.771045587055303	0	0	0	0		1	False	0
ecol-SAMN34360970	PBF_P19	Contig:23:22.866:4418	5	0.0	0.465883237440576	0.8851384334052287	PBF_P22	Contig:77:21.502:9231,Contig:101:19.8028:6860	4	0.0	0.8805380306054343	0.6898532272088536	0	0	0	0		1	False	0
ecol-SAMN34360970	PBF_P19	Contig:23:22.866:4418	5	0.0	0.465883237440576	0.8851384334052287	PBF_P23	Contig:110:28.186:4992	4	0.0	0.2110475378428336	0.9769090047395638	5	-0.42296477307966607	-2.932381290843003	0.47605269869927724	Contig:102:27.6008:32622,Contig:105:40.3588:1010,Contig:106:26.977:29935,Contig:11:23.923:56484,Contig:128:26.8439:190899,Contig:40:27.0656:20375,Contig:42:24.8933:134338,Contig:56:74.5997:957,Contig:74:193.457:1298,Contig:86:61.7111:1443,Contig:96:53.2109:740,Contig:106:26.977:3p:1:14:151,Contig:40:27.0656:3p:1:4:130,Contig:42:24.8933:5p:1:2:102,Contig:54:16.9742:5p:1:3:355,Contig:54:16.9742:5p:1:4:386,Contig:54:16.9742:5p:1:7:289	0	False	0
ecol-SAMN34360970	PBF_P19	Contig:23:22.866:4418	5	0.0	0.465883237440576	0.8851384334052287	PBF_P24	Contig:119:25.4264:3942	4	0.0	0.29983485438901725	0.8599504986078026	4	-0.7692085038458337	-1.204654266383588	0.08384331289744296	Contig:102:27.6008:32622,Contig:105:40.3588:1010,Contig:106:26.977:29935,Contig:128:26.8439:190899,Contig:149:26.8685:34428,Contig:150:23.5229:6355,Contig:15:34.3032:543,Contig:29:26.7062:2085,Contig:40:27.0656:20375,Contig:44:19.0744:86357,Contig:74:193.457:1298,Contig:86:61.7111:1443,Contig:93:147.945:1250,Contig:96:53.2109:740,Contig:106:26.977:3p:1:14:151,Contig:150:23.5229:5p:1:5:671,Contig:29:26.7062:5p:1:2:360,Contig:40:27.0656:3p:1:4:130,Contig:44:19.0744:5p:1:2:141,Contig:44:19.0744:5p:1:4:141,Contig:44:19.0744:5p:1:5:554,Contig:44:19.0744:5p:1:9:462,Contig:54:16.9742:5p:1:3:355,Contig:54:16.9742:5p:1:4:386,Contig:54:16.9742:5p:1:7:289	0	False	0
ecol-SAMN34360970	PBF_P19	Contig:23:22.866:4418	5	0.0	0.465883237440576	0.8851384334052287	PBF_P25	Contig:148:30.4916:3400	5	0.0	0.3104088215534112	1.0480696360149853	5	-1.062425441141023	-1.1556594532971525	0.08384331289744296	Contig:102:27.6008:32622,Contig:105:40.3588:1010,Contig:106:26.977:29935,Contig:128:26.8439:190899,Contig:149:26.8685:34428,Contig:15:34.3032:543,Contig:40:27.0656:20375,Contig:44:19.0744:86357,Contig:58:23.104:16444,Contig:74:193.457:1298,Contig:86:61.7111:1443,Contig:93:147.945:1250,Contig:96:53.2109:740,Contig:106:26.977:3p:1:14:151,Contig:148:30.4916:5p:1:4:133,Contig:148:30.4916:5p:1:8:285,Contig:148:30.4916:5p:1:9:560,Contig:40:27.0656:3p:1:4:130,Contig:44:19.0744:5p:1:2:141,Contig:44:19.0744:5p:1:4:141,Contig:44:19.0744:5p:1:5:554,Contig:44:19.0744:5p:1:9:462,Contig:54:16.9742:5p:1:3:355,Contig:54:16.9742:5p:1:4:386,Contig:54:16.9742:5p:1:7:289	0	False	0
ecol-SAMN34360970	PBF_P19	Contig:23:22.866:4418	5	0.0	0.465883237440576	0.8851384334052287	PBF_P26	Contig:16:16.7123:3534	4	0.0	0.4024554248497726	0.6261641889568632	0	0	0	0		1	False	0
ecol-SAMN34360970	PBF_P19	Contig:23:22.866:4418	5	0.0	0.465883237440576	0.8851384334052287	PBF_P27	Contig:116:19.5884:4315	4	0.0	0.28341071530720896	0.7513940931250932	4	-0.7692085038458337	-1.2708152643448563	0.08384331289744296	Contig:102:27.6008:32622,Contig:105:40.3588:1010,Contig:106:26.977:29935,Contig:128:26.8439:190899,Contig:149:26.8685:34428,Contig:150:23.5229:6355,Contig:15:34.3032:543,Contig:29:26.7062:2085,Contig:40:27.0656:20375,Contig:44:19.0744:86357,Contig:74:193.457:1298,Contig:86:61.7111:1443,Contig:93:147.945:1250,Contig:95:30.3196:2736,Contig:96:53.2109:740,Contig:106:26.977:3p:1:14:151,Contig:150:23.5229:5p:1:5:671,Contig:29:26.7062:5p:1:2:360,Contig:40:27.0656:3p:1:4:130,Contig:44:19.0744:5p:1:2:141,Contig:44:19.0744:5p:1:4:141,Contig:44:19.0744:5p:1:5:554,Contig:44:19.0744:5p:1:9:462,Contig:54:16.9742:5p:1:3:355,Contig:54:16.9742:5p:1:4:386,Contig:54:16.9742:5p:1:7:289	0	False	0
ecol-SAMN34360970	PBF_P20	Contig:47:29.7911:3132,Contig:140:49.879:594,Contig:148:30.4916:3400,Contig:61:62.5513:2583,Contig:94:20.1614:1604,Contig:32:17.4791:3065	5	-0.24721782520796218	1.23277387390553	0.6606348278381782	PBF_P21	Contig:79:50.0818:661,Contig:64:53.2707:690,Contig:22:20.9556:4186	5	-0.09994749946170711	1.1335759997579955	0.771045587055303	0	0	0	0		1	False	0
ecol-SAMN34360970	PBF_P20	Contig:47:29.7911:3132,Contig:140:49.879:594,Contig:148:30.4916:3400,Contig:61:62.5513:2583,Contig:94:20.1614:1604,Contig:32:17.4791:3065	5	-0.24721782520796218	1.23277387390553	0.6606348278381782	PBF_P22	Contig:77:21.502:9231,Contig:101:19.8028:6860	4	0.0	0.8805380306054343	0.6898532272088536	0	0	0	0		1	False	0
ecol-SAMN34360970	PBF_P20	Contig:47:29.7911:3132,Contig:140:49.879:594,Contig:148:30.4916:3400,Contig:61:62.5513:2583,Contig:94:20.1614:1604,Contig:32:17.4791:3065	5	-0.24721782520796218	1.23277387390553	0.6606348278381782	PBF_P23	Contig:110:28.186:4992	4	0.0	0.2110475378428336	0.9769090047395638	5	-0.41620834918994704	1.3282436615367725	0.1398636977737624	Contig:51:30.8885:10937,Contig:56:74.5997:957	0	False	0
ecol-SAMN34360970	PBF_P20	Contig:47:29.7911:3132,Contig:140:49.879:594,Contig:148:30.4916:3400,Contig:61:62.5513:2583,Contig:94:20.1614:1604,Contig:32:17.4791:3065	5	-0.24721782520796218	1.23277387390553	0.6606348278381782	PBF_P24	Contig:119:25.4264:3942	4	0.0	0.29983485438901725	0.8599504986078026	4	-0.7434449704608516	-0.3074356017990219	0.16699291579789133	Contig:150:23.5229:6355,Contig:15:34.3032:543,Contig:29:26.7062:2085,Contig:58:23.104:16444,Contig:148:30.4916:5p:1:4:133,Contig:148:30.4916:5p:1:8:285,Contig:148:30.4916:5p:1:9:560,Contig:150:23.5229:5p:1:5:671,Contig:29:26.7062:5p:1:2:360	0	False	0
ecol-SAMN34360970	PBF_P20	Contig:47:29.7911:3132,Contig:140:49.879:594,Contig:148:30.4916:3400,Contig:61:62.5513:2583,Contig:94:20.1614:1604,Contig:32:17.4791:3065	5	0	0	0	PBF_P25	Contig:148:30.4916:3400	5	0	0	0	0	0	0	0	[]	0	1	1
ecol-SAMN34360970	PBF_P20	Contig:47:29.7911:3132,Contig:140:49.879:594,Contig:148:30.4916:3400,Contig:61:62.5513:2583,Contig:94:20.1614:1604,Contig:32:17.4791:3065	5	-0.24721782520796218	1.23277387390553	0.6606348278381782	PBF_P26	Contig:16:16.7123:3534	4	0.0	0.4024554248497726	0.6261641889568632	0	0	0	0		1	False	0
ecol-SAMN34360970	PBF_P20	Contig:47:29.7911:3132,Contig:140:49.879:594,Contig:148:30.4916:3400,Contig:61:62.5513:2583,Contig:94:20.1614:1604,Contig:32:17.4791:3065	5	-0.24721782520796218	1.23277387390553	0.6606348278381782	PBF_P27	Contig:116:19.5884:4315	4	0.0	0.28341071530720896	0.7513940931250932	4	-0.6604793634225119	1.3789669066201382	0.08384331289744296	Contig:127:21.7798:68435,Contig:141:26.8054:203494,Contig:15:34.3032:543,Contig:33:129.118:2532,Contig:44:19.0744:86357,Contig:58:23.104:16444,Contig:93:147.945:1250,Contig:148:30.4916:5p:1:4:133,Contig:148:30.4916:5p:1:8:285,Contig:148:30.4916:5p:1:9:560,Contig:44:19.0744:5p:1:2:141,Contig:44:19.0744:5p:1:4:141,Contig:44:19.0744:5p:1:5:554,Contig:44:19.0744:5p:1:9:462	0	False	0
ecol-SAMN34360970	PBF_P21	Contig:79:50.0818:661,Contig:64:53.2707:690,Contig:22:20.9556:4186	5	-0.09994749946170711	1.1335759997579955	0.771045587055303	PBF_P22	Contig:77:21.502:9231,Contig:101:19.8028:6860	4	0.0	0.8805380306054343	0.6898532272088536	0	0	0	0		1	False	0
ecol-SAMN34360970	PBF_P21	Contig:79:50.0818:661,Contig:64:53.2707:690,Contig:22:20.9556:4186	5	-0.09994749946170711	1.1335759997579955	0.771045587055303	PBF_P23	Contig:110:28.186:4992	4	0.0	0.2110475378428336	0.9769090047395638	0	0	0	0		1	False	0
ecol-SAMN34360970	PBF_P21	Contig:79:50.0818:661,Contig:64:53.2707:690,Contig:22:20.9556:4186	5	-0.09994749946170711	1.1335759997579955	0.771045587055303	PBF_P24	Contig:119:25.4264:3942	4	0.0	0.29983485438901725	0.8599504986078026	0	0	0	0		1	False	0
ecol-SAMN34360970	PBF_P21	Contig:79:50.0818:661,Contig:64:53.2707:690,Contig:22:20.9556:4186	5	-0.09994749946170711	1.1335759997579955	0.771045587055303	PBF_P25	Contig:148:30.4916:3400	5	0.0	0.3104088215534112	1.0480696360149853	0	0	0	0		1	False	0
ecol-SAMN34360970	PBF_P21	Contig:79:50.0818:661,Contig:64:53.2707:690,Contig:22:20.9556:4186	5	-0.09994749946170711	1.1335759997579955	0.771045587055303	PBF_P26	Contig:16:16.7123:3534	4	0.0	0.4024554248497726	0.6261641889568632	0	0	0	0		1	False	0
ecol-SAMN34360970	PBF_P21	Contig:79:50.0818:661,Contig:64:53.2707:690,Contig:22:20.9556:4186	5	-0.09994749946170711	1.1335759997579955	0.771045587055303	PBF_P27	Contig:116:19.5884:4315	4	0.0	0.28341071530720896	0.7513940931250932	0	0	0	0		1	False	0
ecol-SAMN34360970	PBF_P22	Contig:77:21.502:9231,Contig:101:19.8028:6860	4	0.0	0.8805380306054343	0.6898532272088536	PBF_P23	Contig:110:28.186:4992	4	0.0	0.2110475378428336	0.9769090047395638	0	0	0	0		1	False	0
ecol-SAMN34360970	PBF_P22	Contig:77:21.502:9231,Contig:101:19.8028:6860	4	0.0	0.8805380306054343	0.6898532272088536	PBF_P24	Contig:119:25.4264:3942	4	0.0	0.29983485438901725	0.8599504986078026	0	0	0	0		1	False	0
ecol-SAMN34360970	PBF_P22	Contig:77:21.502:9231,Contig:101:19.8028:6860	4	0.0	0.8805380306054343	0.6898532272088536	PBF_P25	Contig:148:30.4916:3400	5	0.0	0.3104088215534112	1.0480696360149853	0	0	0	0		1	False	0
ecol-SAMN34360970	PBF_P22	Contig:77:21.502:9231,Contig:101:19.8028:6860	4	0.0	0.8805380306054343	0.6898532272088536	PBF_P26	Contig:16:16.7123:3534	4	0.0	0.4024554248497726	0.6261641889568632	0	0	0	0		1	False	0
ecol-SAMN34360970	PBF_P22	Contig:77:21.502:9231,Contig:101:19.8028:6860	4	0.0	0.8805380306054343	0.6898532272088536	PBF_P27	Contig:116:19.5884:4315	4	0.0	0.28341071530720896	0.7513940931250932	0	0	0	0		1	False	0
ecol-SAMN34360970	PBF_P23	Contig:110:28.186:4992	4	0.0	0.2110475378428336	0.9769090047395638	PBF_P24	Contig:119:25.4264:3942	4	0.0	0.29983485438901725	0.8599504986078026	4	-0.35642130852652104	-1.7135500682858944	0.08384331289744296	Contig:11:23.923:56484,Contig:149:26.8685:34428,Contig:150:23.5229:6355,Contig:15:34.3032:543,Contig:29:26.7062:2085,Contig:42:24.8933:134338,Contig:44:19.0744:86357,Contig:56:74.5997:957,Contig:74:193.457:1298,Contig:93:147.945:1250,Contig:150:23.5229:5p:1:5:671,Contig:29:26.7062:5p:1:2:360,Contig:42:24.8933:5p:1:2:102,Contig:44:19.0744:5p:1:2:141,Contig:44:19.0744:5p:1:4:141,Contig:44:19.0744:5p:1:5:554,Contig:44:19.0744:5p:1:9:462	0	False	0
ecol-SAMN34360970	PBF_P23	Contig:110:28.186:4992	4	0.0	0.2110475378428336	0.9769090047395638	PBF_P25	Contig:148:30.4916:3400	5	0.0	0.3104088215534112	1.0480696360149853	4	-0.6638561726244792	-1.664555255199459	0.08384331289744296	Contig:11:23.923:56484,Contig:149:26.8685:34428,Contig:15:34.3032:543,Contig:42:24.8933:134338,Contig:44:19.0744:86357,Contig:56:74.5997:957,Contig:58:23.104:16444,Contig:74:193.457:1298,Contig:93:147.945:1250,Contig:148:30.4916:5p:1:4:133,Contig:148:30.4916:5p:1:8:285,Contig:148:30.4916:5p:1:9:560,Contig:42:24.8933:5p:1:2:102,Contig:44:19.0744:5p:1:2:141,Contig:44:19.0744:5p:1:4:141,Contig:44:19.0744:5p:1:5:554,Contig:44:19.0744:5p:1:9:462	0	False	0
ecol-SAMN34360970	PBF_P23	Contig:110:28.186:4992	4	0.0	0.2110475378428336	0.9769090047395638	PBF_P26	Contig:16:16.7123:3534	4	0.0	0.4024554248497726	0.6261641889568632	0	0	0	0		1	False	0
ecol-SAMN34360970	PBF_P23	Contig:110:28.186:4992	4	0.0	0.2110475378428336	0.9769090047395638	PBF_P27	Contig:116:19.5884:4315	4	0.0	0.28341071530720896	0.7513940931250932	4	-0.35642130852652104	-1.7797110662471627	0.08384331289744296	Contig:11:23.923:56484,Contig:149:26.8685:34428,Contig:150:23.5229:6355,Contig:15:34.3032:543,Contig:29:26.7062:2085,Contig:42:24.8933:134338,Contig:44:19.0744:86357,Contig:56:74.5997:957,Contig:74:193.457:1298,Contig:93:147.945:1250,Contig:95:30.3196:2736,Contig:150:23.5229:5p:1:5:671,Contig:29:26.7062:5p:1:2:360,Contig:42:24.8933:5p:1:2:102,Contig:44:19.0744:5p:1:2:141,Contig:44:19.0744:5p:1:4:141,Contig:44:19.0744:5p:1:5:554,Contig:44:19.0744:5p:1:9:462	0	False	0
ecol-SAMN34360970	PBF_P24	Contig:119:25.4264:3942	4	0.0	0.29983485438901725	0.8599504986078026	PBF_P25	Contig:148:30.4916:3400	5	0.0	0.3104088215534112	1.0480696360149853	4	-0.4906379177735738	-1.2298006541511404	0.16699291579789133	Contig:150:23.5229:6355,Contig:15:34.3032:543,Contig:29:26.7062:2085,Contig:58:23.104:16444,Contig:148:30.4916:5p:1:4:133,Contig:148:30.4916:5p:1:8:285,Contig:148:30.4916:5p:1:9:560,Contig:150:23.5229:5p:1:5:671,Contig:29:26.7062:5p:1:2:360	0	False	0
ecol-SAMN34360970	PBF_P24	Contig:119:25.4264:3942	4	0.0	0.29983485438901725	0.8599504986078026	PBF_P26	Contig:16:16.7123:3534	4	0.0	0.4024554248497726	0.6261641889568632	0	0	0	0		1	False	0
ecol-SAMN34360970	PBF_P24	Contig:119:25.4264:3942	4	0.0	0.29983485438901725	0.8599504986078026	PBF_P27	Contig:116:19.5884:4315	4	0.0	0.28341071530720896	0.7513940931250932	4	-0.10023744663727607	0.40760704118158386	0.08384331289744296	Contig:127:21.7798:68435,Contig:141:26.8054:203494,Contig:150:23.5229:6355,Contig:15:34.3032:543,Contig:29:26.7062:2085,Contig:33:129.118:2532,Contig:44:19.0744:86357,Contig:93:147.945:1250,Contig:150:23.5229:5p:1:5:671,Contig:29:26.7062:5p:1:2:360,Contig:44:19.0744:5p:1:2:141,Contig:44:19.0744:5p:1:4:141,Contig:44:19.0744:5p:1:5:554,Contig:44:19.0744:5p:1:9:462	0	False	0
ecol-SAMN34360970	PBF_P25	Contig:148:30.4916:3400	5	0.0	0.3104088215534112	1.0480696360149853	PBF_P26	Contig:16:16.7123:3534	4	0.0	0.4024554248497726	0.6261641889568632	0	0	0	0		1	False	0
ecol-SAMN34360970	PBF_P25	Contig:148:30.4916:3400	5	0.0	0.3104088215534112	1.0480696360149853	PBF_P27	Contig:116:19.5884:4315	4	0.0	0.28341071530720896	0.7513940931250932	4	-0.40767231073523413	0.45660185426801936	0.08384331289744296	Contig:127:21.7798:68435,Contig:141:26.8054:203494,Contig:15:34.3032:543,Contig:33:129.118:2532,Contig:44:19.0744:86357,Contig:58:23.104:16444,Contig:93:147.945:1250,Contig:148:30.4916:5p:1:4:133,Contig:148:30.4916:5p:1:8:285,Contig:148:30.4916:5p:1:9:560,Contig:44:19.0744:5p:1:2:141,Contig:44:19.0744:5p:1:4:141,Contig:44:19.0744:5p:1:5:554,Contig:44:19.0744:5p:1:9:462	0	False	0
ecol-SAMN34360970	PBF_P26	Contig:16:16.7123:3534	4	0.0	0.4024554248497726	0.6261641889568632	PBF_P27	Contig:116:19.5884:4315	4	0.0	0.28341071530720896	0.7513940931250932	0	0	0	0		1	False	0