SAMPLE	BIN1	BIN1_CONTIGS	BIN1_GC_BIN	BIN1_GC	BIN1_GD	BIN1_RD	BIN2	BIN2_CONTIGS	BIN2_GC_BIN	BIN2_GC	BIN2_GD	BIN2_RD	MERGE_GC_BIN	MERGE_GC	MERGE_GD	MERGE_RD	MERGE_PATH	MILP_INFEASIBLE	BINS_OVERLAP	IS_SUBSET
ecol-SAMN36938185	PBF_P1	Contig:91:230.107:471,Contig:105:200.428:3p:1:93:311,Contig:109:106.709:3p:1:10:623,Contig:139:104.06:1773,Contig:109:106.709:8231,Contig:105:200.428:3p:1:98:153,Contig:105:200.428:3p:1:95:314,Contig:118:71.1096:4158,Contig:109:106.709:3p:1:8:436,Contig:14:55.5054:89273,Contig:21:227.209:503,Contig:112:317.28:3p:1:8:365,Contig:60:745.323:765,Contig:105:200.428:3p:1:75:908,Contig:55:242.999:3325,Contig:105:200.428:1197,Contig:4:133.862:3p:1:6:408,Contig:109:106.709:3p:1:9:115,Contig:21:227.209:5p:1:1:119,Contig:94:141.101:1045,Contig:105:200.428:3p:1:85:606,Contig:41:105.771:5675,Contig:104:158.648:1080,Contig:112:317.28:3p:1:6:111,Contig:87:177.248:3207,Contig:105:200.428:3p:1:20:204,Contig:7:122.06:505,Contig:105:200.428:3p:1:42:304,Contig:112:317.28:3p:1:9:126,Contig:31:130.049:2328,Contig:105:200.428:3p:1:84:311,Contig:112:317.28:822,Contig:125:197.11:1176,Contig:117:54.9901:12501,Contig:136:170.198:1028	5	-1.0417991573269045	10.633325899999997	0.9564710389753975	PBF_P2	Contig:91:230.107:471,Contig:105:200.428:3p:1:93:311,Contig:109:106.709:3p:1:10:623,Contig:132:118.362:554,Contig:105:200.428:3p:1:31:325,Contig:116:123.592:3031,Contig:43:46.5431:358185,Contig:139:104.06:1773,Contig:143:93.8449:8241,Contig:109:106.709:8231,Contig:52:54.1135:149526,Contig:24:72.3943:11592,Contig:118:71.1096:4158,Contig:109:106.709:3p:1:8:436,Contig:21:227.209:503,Contig:54:70.0514:5p:1:12:560,Contig:105:200.428:3p:1:76:364,Contig:98:116.765:2137,Contig:112:317.28:3p:1:8:365,Contig:115:496.02:2029,Contig:54:70.0514:17099,Contig:105:200.428:3p:1:80:795,Contig:60:745.323:765,Contig:105:200.428:3p:1:75:908,Contig:105:200.428:1197,Contig:105:200.428:3p:1:121:466,Contig:55:242.999:3325,Contig:4:133.862:3p:1:6:408,Contig:102:118.99:6464,Contig:21:227.209:5p:1:1:119,Contig:47:114.198:1862,Contig:51:97.3072:9651,Contig:54:70.0514:5p:1:2:139,Contig:109:106.709:3p:1:9:115,Contig:94:141.101:1045,Contig:105:200.428:3p:1:85:606,Contig:27:48.1728:99786,Contig:41:105.771:5675,Contig:111:49.3152:5p:1:4:182,Contig:104:158.648:1080,Contig:112:317.28:3p:1:6:111,Contig:87:177.248:3207,Contig:105:200.428:3p:1:20:204,Contig:88:95.5494:542,Contig:7:122.06:505,Contig:61:122.455:740,Contig:4:133.862:1456,Contig:112:317.28:3p:1:9:126,Contig:54:70.0514:5p:1:3:439,Contig:105:200.428:3p:1:77:455,Contig:105:200.428:3p:1:84:311,Contig:31:130.049:2328,Contig:105:200.428:3p:1:27:537,Contig:85:57.4677:150171,Contig:105:200.428:3p:1:70:641,Contig:102:118.99:3p:1:10:493,Contig:112:317.28:822,Contig:125:197.11:1176,Contig:2:67.9311:4179,Contig:117:54.9901:12501,Contig:136:170.198:1028,Contig:105:200.428:3p:1:64:735,Contig:102:118.99:3p:1:14:524	5	-2.0807709577609796	11.707650169999997	0.7464894055679466	5	-3.167096504895286	23.064938749999992	0.7464894055683544	Contig:105:200.428:3p:1:89:153,Contig:105:200.428:3p:1:94:550,Contig:105:200.428:3p:1:105:267	0	True	0
ecol-SAMN36938185	PBF_P1	Contig:91:230.107:471,Contig:105:200.428:3p:1:93:311,Contig:109:106.709:3p:1:10:623,Contig:139:104.06:1773,Contig:109:106.709:8231,Contig:105:200.428:3p:1:98:153,Contig:105:200.428:3p:1:95:314,Contig:118:71.1096:4158,Contig:109:106.709:3p:1:8:436,Contig:14:55.5054:89273,Contig:21:227.209:503,Contig:112:317.28:3p:1:8:365,Contig:60:745.323:765,Contig:105:200.428:3p:1:75:908,Contig:55:242.999:3325,Contig:105:200.428:1197,Contig:4:133.862:3p:1:6:408,Contig:109:106.709:3p:1:9:115,Contig:21:227.209:5p:1:1:119,Contig:94:141.101:1045,Contig:105:200.428:3p:1:85:606,Contig:41:105.771:5675,Contig:104:158.648:1080,Contig:112:317.28:3p:1:6:111,Contig:87:177.248:3207,Contig:105:200.428:3p:1:20:204,Contig:7:122.06:505,Contig:105:200.428:3p:1:42:304,Contig:112:317.28:3p:1:9:126,Contig:31:130.049:2328,Contig:105:200.428:3p:1:84:311,Contig:112:317.28:822,Contig:125:197.11:1176,Contig:117:54.9901:12501,Contig:136:170.198:1028	5	-1.0417991573269045	10.633325899999997	0.9564710389753975	PBF_P3	Contig:91:230.107:471,Contig:109:106.709:3p:1:10:623,Contig:116:123.592:3031,Contig:109:106.709:8231,Contig:139:104.06:1773,Contig:109:106.709:3p:1:8:436,Contig:54:70.0514:5p:1:12:560,Contig:21:227.209:503,Contig:112:317.28:3p:1:8:365,Contig:54:70.0514:17099,Contig:105:200.428:3p:1:75:908,Contig:105:200.428:1197,Contig:55:242.999:3325,Contig:4:133.862:3p:1:6:408,Contig:109:106.709:3p:1:9:115,Contig:21:227.209:5p:1:1:119,Contig:54:70.0514:5p:1:2:139,Contig:94:141.101:1045,Contig:105:200.428:3p:1:85:606,Contig:41:105.771:5675,Contig:112:317.28:3p:1:6:111,Contig:87:177.248:3207,Contig:7:122.06:505,Contig:112:317.28:3p:1:9:126,Contig:54:70.0514:5p:1:3:439,Contig:105:200.428:3p:1:27:537,Contig:85:57.4677:150171,Contig:105:200.428:3p:1:84:311,Contig:105:200.428:3p:1:70:641,Contig:112:317.28:822,Contig:125:197.11:1176,Contig:136:170.198:1028	5	-0.8258273731411034	8.739889729	1.0622753847692665	5	-1.867626530468008	20.044639829	0.9564710389749962	Contig:114:81.2978:11643,Contig:18:162.887:3959,Contig:105:200.428:3p:1:63:198,Contig:105:200.428:3p:1:64:735,Contig:105:200.428:3p:1:67:105	0	True	0
ecol-SAMN36938185	PBF_P1	Contig:91:230.107:471,Contig:105:200.428:3p:1:93:311,Contig:109:106.709:3p:1:10:623,Contig:139:104.06:1773,Contig:109:106.709:8231,Contig:105:200.428:3p:1:98:153,Contig:105:200.428:3p:1:95:314,Contig:118:71.1096:4158,Contig:109:106.709:3p:1:8:436,Contig:14:55.5054:89273,Contig:21:227.209:503,Contig:112:317.28:3p:1:8:365,Contig:60:745.323:765,Contig:105:200.428:3p:1:75:908,Contig:55:242.999:3325,Contig:105:200.428:1197,Contig:4:133.862:3p:1:6:408,Contig:109:106.709:3p:1:9:115,Contig:21:227.209:5p:1:1:119,Contig:94:141.101:1045,Contig:105:200.428:3p:1:85:606,Contig:41:105.771:5675,Contig:104:158.648:1080,Contig:112:317.28:3p:1:6:111,Contig:87:177.248:3207,Contig:105:200.428:3p:1:20:204,Contig:7:122.06:505,Contig:105:200.428:3p:1:42:304,Contig:112:317.28:3p:1:9:126,Contig:31:130.049:2328,Contig:105:200.428:3p:1:84:311,Contig:112:317.28:822,Contig:125:197.11:1176,Contig:117:54.9901:12501,Contig:136:170.198:1028	5	-1.0417991573269045	10.633325899999997	0.9564710389753975	PBF_P4	Contig:109:106.709:3p:1:10:623,Contig:105:200.428:3p:1:2:309,Contig:43:46.5431:358185,Contig:109:106.709:8231,Contig:1:234.332:1392,Contig:21:227.209:503,Contig:54:70.0514:5p:1:12:560,Contig:105:200.428:3p:1:76:364,Contig:136:170.198:5p:1:19:460,Contig:81:167.081:1059,Contig:98:116.765:2137,Contig:8:146.985:3255,Contig:10:151.513:5253,Contig:112:317.28:3p:1:8:365,Contig:54:70.0514:17099,Contig:105:200.428:3p:1:75:908,Contig:105:200.428:1197,Contig:105:200.428:3p:1:121:466,Contig:55:242.999:3325,Contig:4:133.862:3p:1:6:408,Contig:102:118.99:6464,Contig:21:227.209:5p:1:1:119,Contig:119:94.8888:5p:1:1:458,Contig:54:70.0514:5p:1:2:139,Contig:142:195.561:1607,Contig:109:106.709:3p:1:9:115,Contig:109:106.709:3p:1:8:436,Contig:105:200.428:3p:1:85:606,Contig:41:105.771:5675,Contig:8:146.985:3p:1:4:145,Contig:119:94.8888:880,Contig:112:317.28:3p:1:6:111,Contig:87:177.248:3207,Contig:105:200.428:3p:1:120:133,Contig:88:95.5494:542,Contig:7:122.06:505,Contig:5:104.891:1466,Contig:4:133.862:1456,Contig:131:49.0643:42829,Contig:112:317.28:3p:1:9:126,Contig:54:70.0514:5p:1:3:439,Contig:105:200.428:3p:1:77:455,Contig:105:200.428:3p:1:84:311,Contig:85:57.4677:150171,Contig:105:200.428:3p:1:70:641,Contig:105:200.428:3p:1:27:537,Contig:102:118.99:3p:1:10:493,Contig:112:317.28:822,Contig:125:197.11:1176,Contig:136:170.198:1028,Contig:105:200.428:3p:1:64:735,Contig:102:118.99:3p:1:14:524,Contig:124:222.636:1176	5	-1.1512692396132773	6.2589754750000015	0.8896916051868373	5	-2.193068396940182	17.225973115	0.8896916051871813	Contig:114:81.2978:11643,Contig:18:162.887:3959,Contig:105:200.428:3p:1:63:198,Contig:105:200.428:3p:1:67:105	0	True	0
ecol-SAMN36938185	PBF_P1	Contig:91:230.107:471,Contig:105:200.428:3p:1:93:311,Contig:109:106.709:3p:1:10:623,Contig:139:104.06:1773,Contig:109:106.709:8231,Contig:105:200.428:3p:1:98:153,Contig:105:200.428:3p:1:95:314,Contig:118:71.1096:4158,Contig:109:106.709:3p:1:8:436,Contig:14:55.5054:89273,Contig:21:227.209:503,Contig:112:317.28:3p:1:8:365,Contig:60:745.323:765,Contig:105:200.428:3p:1:75:908,Contig:55:242.999:3325,Contig:105:200.428:1197,Contig:4:133.862:3p:1:6:408,Contig:109:106.709:3p:1:9:115,Contig:21:227.209:5p:1:1:119,Contig:94:141.101:1045,Contig:105:200.428:3p:1:85:606,Contig:41:105.771:5675,Contig:104:158.648:1080,Contig:112:317.28:3p:1:6:111,Contig:87:177.248:3207,Contig:105:200.428:3p:1:20:204,Contig:7:122.06:505,Contig:105:200.428:3p:1:42:304,Contig:112:317.28:3p:1:9:126,Contig:31:130.049:2328,Contig:105:200.428:3p:1:84:311,Contig:112:317.28:822,Contig:125:197.11:1176,Contig:117:54.9901:12501,Contig:136:170.198:1028	5	-1.0417991573269045	10.633325899999997	0.9564710389753975	PBF_P5	Contig:54:70.0514:5p:1:12:560,Contig:21:227.209:503,Contig:98:116.765:2137,Contig:112:317.28:3p:1:8:365,Contig:54:70.0514:17099,Contig:105:200.428:3p:1:75:908,Contig:55:242.999:3325,Contig:4:133.862:3p:1:6:408,Contig:21:227.209:5p:1:1:119,Contig:54:70.0514:5p:1:2:139,Contig:105:200.428:3p:1:85:606,Contig:41:105.771:5675,Contig:112:317.28:3p:1:6:111,Contig:87:177.248:3207,Contig:7:122.06:505,Contig:112:317.28:3p:1:9:126,Contig:54:70.0514:5p:1:3:439,Contig:85:57.4677:150171,Contig:105:200.428:3p:1:84:311,Contig:105:200.428:3p:1:70:641,Contig:112:317.28:822,Contig:125:197.11:1176,Contig:136:170.198:1028,Contig:105:200.428:3p:1:64:735	5	-0.6279141124554677	5.442755029	1.0622753847692665	5	-1.6735249510928991	16.560824798999995	0.9564710389749962	Contig:137:191.399:770,Contig:105:200.428:3p:1:27:537	0	True	0
ecol-SAMN36938185	PBF_P1	Contig:91:230.107:471,Contig:105:200.428:3p:1:93:311,Contig:109:106.709:3p:1:10:623,Contig:139:104.06:1773,Contig:109:106.709:8231,Contig:105:200.428:3p:1:98:153,Contig:105:200.428:3p:1:95:314,Contig:118:71.1096:4158,Contig:109:106.709:3p:1:8:436,Contig:14:55.5054:89273,Contig:21:227.209:503,Contig:112:317.28:3p:1:8:365,Contig:60:745.323:765,Contig:105:200.428:3p:1:75:908,Contig:55:242.999:3325,Contig:105:200.428:1197,Contig:4:133.862:3p:1:6:408,Contig:109:106.709:3p:1:9:115,Contig:21:227.209:5p:1:1:119,Contig:94:141.101:1045,Contig:105:200.428:3p:1:85:606,Contig:41:105.771:5675,Contig:104:158.648:1080,Contig:112:317.28:3p:1:6:111,Contig:87:177.248:3207,Contig:105:200.428:3p:1:20:204,Contig:7:122.06:505,Contig:105:200.428:3p:1:42:304,Contig:112:317.28:3p:1:9:126,Contig:31:130.049:2328,Contig:105:200.428:3p:1:84:311,Contig:112:317.28:822,Contig:125:197.11:1176,Contig:117:54.9901:12501,Contig:136:170.198:1028	5	-1.0417991573269045	10.633325899999997	0.9564710389753975	PBF_P6	Contig:105:200.428:3p:1:80:795,Contig:105:200.428:3p:1:75:908,Contig:112:317.28:822,Contig:112:317.28:3p:1:6:111,Contig:143:93.8449:8241,Contig:87:177.248:3207,Contig:21:227.209:5p:1:1:119,Contig:136:170.198:1028,Contig:21:227.209:503,Contig:124:222.636:1176,Contig:5:104.891:1466	5	-0.34383550049634837	4.258891	1.0144986875900674	5	-1.3856346578232528	15.337856199999997	0.9564710389749962	Contig:105:200.428:3p:1:76:364	0	True	0
ecol-SAMN36938185	PBF_P1	Contig:91:230.107:471,Contig:105:200.428:3p:1:93:311,Contig:109:106.709:3p:1:10:623,Contig:139:104.06:1773,Contig:109:106.709:8231,Contig:105:200.428:3p:1:98:153,Contig:105:200.428:3p:1:95:314,Contig:118:71.1096:4158,Contig:109:106.709:3p:1:8:436,Contig:14:55.5054:89273,Contig:21:227.209:503,Contig:112:317.28:3p:1:8:365,Contig:60:745.323:765,Contig:105:200.428:3p:1:75:908,Contig:55:242.999:3325,Contig:105:200.428:1197,Contig:4:133.862:3p:1:6:408,Contig:109:106.709:3p:1:9:115,Contig:21:227.209:5p:1:1:119,Contig:94:141.101:1045,Contig:105:200.428:3p:1:85:606,Contig:41:105.771:5675,Contig:104:158.648:1080,Contig:112:317.28:3p:1:6:111,Contig:87:177.248:3207,Contig:105:200.428:3p:1:20:204,Contig:7:122.06:505,Contig:105:200.428:3p:1:42:304,Contig:112:317.28:3p:1:9:126,Contig:31:130.049:2328,Contig:105:200.428:3p:1:84:311,Contig:112:317.28:822,Contig:125:197.11:1176,Contig:117:54.9901:12501,Contig:136:170.198:1028	5	-1.0417991573269045	10.633325899999997	0.9564710389753975	PBF_P7	Contig:105:200.428:3p:1:77:455,Contig:112:317.28:822,Contig:112:317.28:3p:1:6:111,Contig:102:118.99:6464,Contig:87:177.248:3207,Contig:21:227.209:5p:1:1:119,Contig:136:170.198:1028,Contig:21:227.209:503,Contig:124:222.636:1176,Contig:5:104.891:1466	5	-0.3019163186738171	3.8839211400000004	1.0144986875900674	5	-1.3437154760007215	14.962886339999997	0.9564710389749962	Contig:105:200.428:3p:1:76:364	0	True	0
ecol-SAMN36938185	PBF_P1	Contig:91:230.107:471,Contig:105:200.428:3p:1:93:311,Contig:109:106.709:3p:1:10:623,Contig:139:104.06:1773,Contig:109:106.709:8231,Contig:105:200.428:3p:1:98:153,Contig:105:200.428:3p:1:95:314,Contig:118:71.1096:4158,Contig:109:106.709:3p:1:8:436,Contig:14:55.5054:89273,Contig:21:227.209:503,Contig:112:317.28:3p:1:8:365,Contig:60:745.323:765,Contig:105:200.428:3p:1:75:908,Contig:55:242.999:3325,Contig:105:200.428:1197,Contig:4:133.862:3p:1:6:408,Contig:109:106.709:3p:1:9:115,Contig:21:227.209:5p:1:1:119,Contig:94:141.101:1045,Contig:105:200.428:3p:1:85:606,Contig:41:105.771:5675,Contig:104:158.648:1080,Contig:112:317.28:3p:1:6:111,Contig:87:177.248:3207,Contig:105:200.428:3p:1:20:204,Contig:7:122.06:505,Contig:105:200.428:3p:1:42:304,Contig:112:317.28:3p:1:9:126,Contig:31:130.049:2328,Contig:105:200.428:3p:1:84:311,Contig:112:317.28:822,Contig:125:197.11:1176,Contig:117:54.9901:12501,Contig:136:170.198:1028	5	-1.0417991573269045	10.633325899999997	0.9564710389753975	PBF_P8	Contig:55:242.999:3325,Contig:4:133.862:3p:1:6:408,Contig:105:200.428:3p:1:64:735,Contig:98:116.765:2137	5	0.0	1.57462302	1.7560659358916548	5	-1.0417991573269045	12.54162066	0.9564710389749962	Contig:114:81.2978:11643,Contig:18:162.887:3959,Contig:105:200.428:3p:1:63:198,Contig:105:200.428:3p:1:67:105	0	True	0
ecol-SAMN36938185	PBF_P1	Contig:91:230.107:471,Contig:105:200.428:3p:1:93:311,Contig:109:106.709:3p:1:10:623,Contig:139:104.06:1773,Contig:109:106.709:8231,Contig:105:200.428:3p:1:98:153,Contig:105:200.428:3p:1:95:314,Contig:118:71.1096:4158,Contig:109:106.709:3p:1:8:436,Contig:14:55.5054:89273,Contig:21:227.209:503,Contig:112:317.28:3p:1:8:365,Contig:60:745.323:765,Contig:105:200.428:3p:1:75:908,Contig:55:242.999:3325,Contig:105:200.428:1197,Contig:4:133.862:3p:1:6:408,Contig:109:106.709:3p:1:9:115,Contig:21:227.209:5p:1:1:119,Contig:94:141.101:1045,Contig:105:200.428:3p:1:85:606,Contig:41:105.771:5675,Contig:104:158.648:1080,Contig:112:317.28:3p:1:6:111,Contig:87:177.248:3207,Contig:105:200.428:3p:1:20:204,Contig:7:122.06:505,Contig:105:200.428:3p:1:42:304,Contig:112:317.28:3p:1:9:126,Contig:31:130.049:2328,Contig:105:200.428:3p:1:84:311,Contig:112:317.28:822,Contig:125:197.11:1176,Contig:117:54.9901:12501,Contig:136:170.198:1028	5	-1.0417991573269045	10.633325899999997	0.9564710389753975	PBF_P9	Contig:105:200.428:3p:1:85:606,Contig:105:200.428:3p:1:31:325,Contig:105:200.428:3p:1:77:455,Contig:111:49.3152:5p:1:4:182,Contig:112:317.28:822,Contig:112:317.28:3p:1:6:111,Contig:102:118.99:6464,Contig:2:67.9311:4179,Contig:24:72.3943:11592,Contig:112:317.28:3p:1:8:365	4	-0.29854976106221015	2.4653555600000003	1.1605132512674594	5	-1.4273305902907445	13.544320759999998	0.9564710389788551	Contig:105:200.428:3p:1:76:364	0	True	0
ecol-SAMN36938185	PBF_P1	Contig:91:230.107:471,Contig:105:200.428:3p:1:93:311,Contig:109:106.709:3p:1:10:623,Contig:139:104.06:1773,Contig:109:106.709:8231,Contig:105:200.428:3p:1:98:153,Contig:105:200.428:3p:1:95:314,Contig:118:71.1096:4158,Contig:109:106.709:3p:1:8:436,Contig:14:55.5054:89273,Contig:21:227.209:503,Contig:112:317.28:3p:1:8:365,Contig:60:745.323:765,Contig:105:200.428:3p:1:75:908,Contig:55:242.999:3325,Contig:105:200.428:1197,Contig:4:133.862:3p:1:6:408,Contig:109:106.709:3p:1:9:115,Contig:21:227.209:5p:1:1:119,Contig:94:141.101:1045,Contig:105:200.428:3p:1:85:606,Contig:41:105.771:5675,Contig:104:158.648:1080,Contig:112:317.28:3p:1:6:111,Contig:87:177.248:3207,Contig:105:200.428:3p:1:20:204,Contig:7:122.06:505,Contig:105:200.428:3p:1:42:304,Contig:112:317.28:3p:1:9:126,Contig:31:130.049:2328,Contig:105:200.428:3p:1:84:311,Contig:112:317.28:822,Contig:125:197.11:1176,Contig:117:54.9901:12501,Contig:136:170.198:1028	5	-1.0417991573269045	10.633325899999997	0.9564710389753975	PBF_P10	Contig:21:227.209:5p:1:1:119,Contig:21:227.209:503,Contig:59:135.843:7417,Contig:124:222.636:1176	5	-0.009840454370120988	1.42159809	1.4514536720372713	5	-1.096166001504427	12.778886669999997	0.9564710389749962	Contig:105:200.428:3p:1:89:153,Contig:105:200.428:3p:1:94:550,Contig:105:200.428:3p:1:105:267	0	True	0
ecol-SAMN36938185	PBF_P1	Contig:91:230.107:471,Contig:105:200.428:3p:1:93:311,Contig:109:106.709:3p:1:10:623,Contig:139:104.06:1773,Contig:109:106.709:8231,Contig:105:200.428:3p:1:98:153,Contig:105:200.428:3p:1:95:314,Contig:118:71.1096:4158,Contig:109:106.709:3p:1:8:436,Contig:14:55.5054:89273,Contig:21:227.209:503,Contig:112:317.28:3p:1:8:365,Contig:60:745.323:765,Contig:105:200.428:3p:1:75:908,Contig:55:242.999:3325,Contig:105:200.428:1197,Contig:4:133.862:3p:1:6:408,Contig:109:106.709:3p:1:9:115,Contig:21:227.209:5p:1:1:119,Contig:94:141.101:1045,Contig:105:200.428:3p:1:85:606,Contig:41:105.771:5675,Contig:104:158.648:1080,Contig:112:317.28:3p:1:6:111,Contig:87:177.248:3207,Contig:105:200.428:3p:1:20:204,Contig:7:122.06:505,Contig:105:200.428:3p:1:42:304,Contig:112:317.28:3p:1:9:126,Contig:31:130.049:2328,Contig:105:200.428:3p:1:84:311,Contig:112:317.28:822,Contig:125:197.11:1176,Contig:117:54.9901:12501,Contig:136:170.198:1028	5	-1.0417991573269045	10.633325899999997	0.9564710389753975	PBF_P11	Contig:126:83.2145:3802,Contig:105:200.428:3p:1:77:455,Contig:112:317.28:822	4	0.0	1.19945736	1.1299475553858878	5	-1.265547715002389	12.278422559999997	0.9564710389749962	Contig:105:200.428:3p:1:76:364	0	True	0
ecol-SAMN36938185	PBF_P1	Contig:91:230.107:471,Contig:105:200.428:3p:1:93:311,Contig:109:106.709:3p:1:10:623,Contig:139:104.06:1773,Contig:109:106.709:8231,Contig:105:200.428:3p:1:98:153,Contig:105:200.428:3p:1:95:314,Contig:118:71.1096:4158,Contig:109:106.709:3p:1:8:436,Contig:14:55.5054:89273,Contig:21:227.209:503,Contig:112:317.28:3p:1:8:365,Contig:60:745.323:765,Contig:105:200.428:3p:1:75:908,Contig:55:242.999:3325,Contig:105:200.428:1197,Contig:4:133.862:3p:1:6:408,Contig:109:106.709:3p:1:9:115,Contig:21:227.209:5p:1:1:119,Contig:94:141.101:1045,Contig:105:200.428:3p:1:85:606,Contig:41:105.771:5675,Contig:104:158.648:1080,Contig:112:317.28:3p:1:6:111,Contig:87:177.248:3207,Contig:105:200.428:3p:1:20:204,Contig:7:122.06:505,Contig:105:200.428:3p:1:42:304,Contig:112:317.28:3p:1:9:126,Contig:31:130.049:2328,Contig:105:200.428:3p:1:84:311,Contig:112:317.28:822,Contig:125:197.11:1176,Contig:117:54.9901:12501,Contig:136:170.198:1028	5	-1.0417991573269045	10.633325899999997	0.9564710389753975	PBF_P12	Contig:70:100.261:4186	5	0.0	0.18894200000000005	1.8535859849839733	5	-1.0417991573269045	11.155939639999996	0.9564710389749962	Contig:114:81.2978:11643,Contig:18:162.887:3959,Contig:105:200.428:3p:1:63:198,Contig:105:200.428:3p:1:67:105	0	False	0
ecol-SAMN36938185	PBF_P1	Contig:91:230.107:471,Contig:105:200.428:3p:1:93:311,Contig:109:106.709:3p:1:10:623,Contig:139:104.06:1773,Contig:109:106.709:8231,Contig:105:200.428:3p:1:98:153,Contig:105:200.428:3p:1:95:314,Contig:118:71.1096:4158,Contig:109:106.709:3p:1:8:436,Contig:14:55.5054:89273,Contig:21:227.209:503,Contig:112:317.28:3p:1:8:365,Contig:60:745.323:765,Contig:105:200.428:3p:1:75:908,Contig:55:242.999:3325,Contig:105:200.428:1197,Contig:4:133.862:3p:1:6:408,Contig:109:106.709:3p:1:9:115,Contig:21:227.209:5p:1:1:119,Contig:94:141.101:1045,Contig:105:200.428:3p:1:85:606,Contig:41:105.771:5675,Contig:104:158.648:1080,Contig:112:317.28:3p:1:6:111,Contig:87:177.248:3207,Contig:105:200.428:3p:1:20:204,Contig:7:122.06:505,Contig:105:200.428:3p:1:42:304,Contig:112:317.28:3p:1:9:126,Contig:31:130.049:2328,Contig:105:200.428:3p:1:84:311,Contig:112:317.28:822,Contig:125:197.11:1176,Contig:117:54.9901:12501,Contig:136:170.198:1028	5	-1.0417991573269045	10.633325899999997	0.9564710389753975	PBF_P13	Contig:79:60.4369:8307,Contig:105:200.428:3p:1:63:198	4	-0.12182616961445597	0.61522817	1.363945340494552	5	-1.172895516882268	11.733297939999996	0.9564710389804532	Contig:137:191.399:770,Contig:105:200.428:3p:1:27:537	0	False	0
ecol-SAMN36938185	PBF_P1	Contig:91:230.107:471,Contig:105:200.428:3p:1:93:311,Contig:109:106.709:3p:1:10:623,Contig:139:104.06:1773,Contig:109:106.709:8231,Contig:105:200.428:3p:1:98:153,Contig:105:200.428:3p:1:95:314,Contig:118:71.1096:4158,Contig:109:106.709:3p:1:8:436,Contig:14:55.5054:89273,Contig:21:227.209:503,Contig:112:317.28:3p:1:8:365,Contig:60:745.323:765,Contig:105:200.428:3p:1:75:908,Contig:55:242.999:3325,Contig:105:200.428:1197,Contig:4:133.862:3p:1:6:408,Contig:109:106.709:3p:1:9:115,Contig:21:227.209:5p:1:1:119,Contig:94:141.101:1045,Contig:105:200.428:3p:1:85:606,Contig:41:105.771:5675,Contig:104:158.648:1080,Contig:112:317.28:3p:1:6:111,Contig:87:177.248:3207,Contig:105:200.428:3p:1:20:204,Contig:7:122.06:505,Contig:105:200.428:3p:1:42:304,Contig:112:317.28:3p:1:9:126,Contig:31:130.049:2328,Contig:105:200.428:3p:1:84:311,Contig:112:317.28:822,Contig:125:197.11:1176,Contig:117:54.9901:12501,Contig:136:170.198:1028	5	-1.0417991573269045	10.633325899999997	0.9564710389753975	PBF_P14	Contig:32:104.791:5115,Contig:102:118.99:3p:1:10:493,Contig:102:118.99:3p:1:8:296	5	-0.10209795273576361	0.4882590499999999	1.023154946670896	5	-1.4331289449395053	10.397942159999996	0.9071201465012564	Contig:106:74.4866:12738,Contig:115:496.02:2029,Contig:25:59.9378:9687,Contig:102:118.99:3p:1:9:1076,Contig:102:118.99:3p:1:19:652,Contig:106:74.4866:3p:1:5:172,Contig:111:49.3152:5p:1:4:182	0	False	0
ecol-SAMN36938185	PBF_P1	Contig:91:230.107:471,Contig:105:200.428:3p:1:93:311,Contig:109:106.709:3p:1:10:623,Contig:139:104.06:1773,Contig:109:106.709:8231,Contig:105:200.428:3p:1:98:153,Contig:105:200.428:3p:1:95:314,Contig:118:71.1096:4158,Contig:109:106.709:3p:1:8:436,Contig:14:55.5054:89273,Contig:21:227.209:503,Contig:112:317.28:3p:1:8:365,Contig:60:745.323:765,Contig:105:200.428:3p:1:75:908,Contig:55:242.999:3325,Contig:105:200.428:1197,Contig:4:133.862:3p:1:6:408,Contig:109:106.709:3p:1:9:115,Contig:21:227.209:5p:1:1:119,Contig:94:141.101:1045,Contig:105:200.428:3p:1:85:606,Contig:41:105.771:5675,Contig:104:158.648:1080,Contig:112:317.28:3p:1:6:111,Contig:87:177.248:3207,Contig:105:200.428:3p:1:20:204,Contig:7:122.06:505,Contig:105:200.428:3p:1:42:304,Contig:112:317.28:3p:1:9:126,Contig:31:130.049:2328,Contig:105:200.428:3p:1:84:311,Contig:112:317.28:822,Contig:125:197.11:1176,Contig:117:54.9901:12501,Contig:136:170.198:1028	5	-1.0417991573269045	10.633325899999997	0.9564710389753975	PBF_P15	Contig:118:71.1096:4158,Contig:105:200.428:3p:1:67:105	5	-0.09225553026369732	0.5770316099999999	1.97712563007855	5	-1.1378663689011288	11.695101379999997	0.9564710389749962	Contig:137:191.399:770,Contig:105:200.428:3p:1:27:537	0	True	0
ecol-SAMN36938185	PBF_P1	Contig:91:230.107:471,Contig:105:200.428:3p:1:93:311,Contig:109:106.709:3p:1:10:623,Contig:139:104.06:1773,Contig:109:106.709:8231,Contig:105:200.428:3p:1:98:153,Contig:105:200.428:3p:1:95:314,Contig:118:71.1096:4158,Contig:109:106.709:3p:1:8:436,Contig:14:55.5054:89273,Contig:21:227.209:503,Contig:112:317.28:3p:1:8:365,Contig:60:745.323:765,Contig:105:200.428:3p:1:75:908,Contig:55:242.999:3325,Contig:105:200.428:1197,Contig:4:133.862:3p:1:6:408,Contig:109:106.709:3p:1:9:115,Contig:21:227.209:5p:1:1:119,Contig:94:141.101:1045,Contig:105:200.428:3p:1:85:606,Contig:41:105.771:5675,Contig:104:158.648:1080,Contig:112:317.28:3p:1:6:111,Contig:87:177.248:3207,Contig:105:200.428:3p:1:20:204,Contig:7:122.06:505,Contig:105:200.428:3p:1:42:304,Contig:112:317.28:3p:1:9:126,Contig:31:130.049:2328,Contig:105:200.428:3p:1:84:311,Contig:112:317.28:822,Contig:125:197.11:1176,Contig:117:54.9901:12501,Contig:136:170.198:1028	5	-1.0417991573269045	10.633325899999997	0.9564710389753975	PBF_P16	Contig:116:123.592:3031,Contig:105:200.428:3p:1:106:823	4	0.0	0.64959508	1.108771645643922	5	-1.15366854281864	11.282920979999997	0.9564710389749962		0	False	0
ecol-SAMN36938185	PBF_P1	Contig:91:230.107:471,Contig:105:200.428:3p:1:93:311,Contig:109:106.709:3p:1:10:623,Contig:139:104.06:1773,Contig:109:106.709:8231,Contig:105:200.428:3p:1:98:153,Contig:105:200.428:3p:1:95:314,Contig:118:71.1096:4158,Contig:109:106.709:3p:1:8:436,Contig:14:55.5054:89273,Contig:21:227.209:503,Contig:112:317.28:3p:1:8:365,Contig:60:745.323:765,Contig:105:200.428:3p:1:75:908,Contig:55:242.999:3325,Contig:105:200.428:1197,Contig:4:133.862:3p:1:6:408,Contig:109:106.709:3p:1:9:115,Contig:21:227.209:5p:1:1:119,Contig:94:141.101:1045,Contig:105:200.428:3p:1:85:606,Contig:41:105.771:5675,Contig:104:158.648:1080,Contig:112:317.28:3p:1:6:111,Contig:87:177.248:3207,Contig:105:200.428:3p:1:20:204,Contig:7:122.06:505,Contig:105:200.428:3p:1:42:304,Contig:112:317.28:3p:1:9:126,Contig:31:130.049:2328,Contig:105:200.428:3p:1:84:311,Contig:112:317.28:822,Contig:125:197.11:1176,Contig:117:54.9901:12501,Contig:136:170.198:1028	5	-1.0417991573269045	10.633325899999997	0.9564710389753975	PBF_P17	Contig:141:51.4419:11613	4	0.0	0.20781945999999996	1.026197473057015	5	-1.3260918346187527	11.265331859999996	0.9564710389749962	Contig:56:55.288:14254,Contig:105:200.428:3p:1:2:309,Contig:105:200.428:3p:1:36:145,Contig:105:200.428:3p:1:120:133,Contig:105:200.428:3p:1:121:466	0	False	0
ecol-SAMN36938185	PBF_P2	Contig:91:230.107:471,Contig:105:200.428:3p:1:93:311,Contig:109:106.709:3p:1:10:623,Contig:132:118.362:554,Contig:105:200.428:3p:1:31:325,Contig:116:123.592:3031,Contig:43:46.5431:358185,Contig:139:104.06:1773,Contig:143:93.8449:8241,Contig:109:106.709:8231,Contig:52:54.1135:149526,Contig:24:72.3943:11592,Contig:118:71.1096:4158,Contig:109:106.709:3p:1:8:436,Contig:21:227.209:503,Contig:54:70.0514:5p:1:12:560,Contig:105:200.428:3p:1:76:364,Contig:98:116.765:2137,Contig:112:317.28:3p:1:8:365,Contig:115:496.02:2029,Contig:54:70.0514:17099,Contig:105:200.428:3p:1:80:795,Contig:60:745.323:765,Contig:105:200.428:3p:1:75:908,Contig:105:200.428:1197,Contig:105:200.428:3p:1:121:466,Contig:55:242.999:3325,Contig:4:133.862:3p:1:6:408,Contig:102:118.99:6464,Contig:21:227.209:5p:1:1:119,Contig:47:114.198:1862,Contig:51:97.3072:9651,Contig:54:70.0514:5p:1:2:139,Contig:109:106.709:3p:1:9:115,Contig:94:141.101:1045,Contig:105:200.428:3p:1:85:606,Contig:27:48.1728:99786,Contig:41:105.771:5675,Contig:111:49.3152:5p:1:4:182,Contig:104:158.648:1080,Contig:112:317.28:3p:1:6:111,Contig:87:177.248:3207,Contig:105:200.428:3p:1:20:204,Contig:88:95.5494:542,Contig:7:122.06:505,Contig:61:122.455:740,Contig:4:133.862:1456,Contig:112:317.28:3p:1:9:126,Contig:54:70.0514:5p:1:3:439,Contig:105:200.428:3p:1:77:455,Contig:105:200.428:3p:1:84:311,Contig:31:130.049:2328,Contig:105:200.428:3p:1:27:537,Contig:85:57.4677:150171,Contig:105:200.428:3p:1:70:641,Contig:102:118.99:3p:1:10:493,Contig:112:317.28:822,Contig:125:197.11:1176,Contig:2:67.9311:4179,Contig:117:54.9901:12501,Contig:136:170.198:1028,Contig:105:200.428:3p:1:64:735,Contig:102:118.99:3p:1:14:524	5	0	0	0	PBF_P3	Contig:91:230.107:471,Contig:109:106.709:3p:1:10:623,Contig:116:123.592:3031,Contig:109:106.709:8231,Contig:139:104.06:1773,Contig:109:106.709:3p:1:8:436,Contig:54:70.0514:5p:1:12:560,Contig:21:227.209:503,Contig:112:317.28:3p:1:8:365,Contig:54:70.0514:17099,Contig:105:200.428:3p:1:75:908,Contig:105:200.428:1197,Contig:55:242.999:3325,Contig:4:133.862:3p:1:6:408,Contig:109:106.709:3p:1:9:115,Contig:21:227.209:5p:1:1:119,Contig:54:70.0514:5p:1:2:139,Contig:94:141.101:1045,Contig:105:200.428:3p:1:85:606,Contig:41:105.771:5675,Contig:112:317.28:3p:1:6:111,Contig:87:177.248:3207,Contig:7:122.06:505,Contig:112:317.28:3p:1:9:126,Contig:54:70.0514:5p:1:3:439,Contig:105:200.428:3p:1:27:537,Contig:85:57.4677:150171,Contig:105:200.428:3p:1:84:311,Contig:105:200.428:3p:1:70:641,Contig:112:317.28:822,Contig:125:197.11:1176,Contig:136:170.198:1028	5	0	0	0	0	0	0	0	[]	0	1	1
ecol-SAMN36938185	PBF_P2	Contig:91:230.107:471,Contig:105:200.428:3p:1:93:311,Contig:109:106.709:3p:1:10:623,Contig:132:118.362:554,Contig:105:200.428:3p:1:31:325,Contig:116:123.592:3031,Contig:43:46.5431:358185,Contig:139:104.06:1773,Contig:143:93.8449:8241,Contig:109:106.709:8231,Contig:52:54.1135:149526,Contig:24:72.3943:11592,Contig:118:71.1096:4158,Contig:109:106.709:3p:1:8:436,Contig:21:227.209:503,Contig:54:70.0514:5p:1:12:560,Contig:105:200.428:3p:1:76:364,Contig:98:116.765:2137,Contig:112:317.28:3p:1:8:365,Contig:115:496.02:2029,Contig:54:70.0514:17099,Contig:105:200.428:3p:1:80:795,Contig:60:745.323:765,Contig:105:200.428:3p:1:75:908,Contig:105:200.428:1197,Contig:105:200.428:3p:1:121:466,Contig:55:242.999:3325,Contig:4:133.862:3p:1:6:408,Contig:102:118.99:6464,Contig:21:227.209:5p:1:1:119,Contig:47:114.198:1862,Contig:51:97.3072:9651,Contig:54:70.0514:5p:1:2:139,Contig:109:106.709:3p:1:9:115,Contig:94:141.101:1045,Contig:105:200.428:3p:1:85:606,Contig:27:48.1728:99786,Contig:41:105.771:5675,Contig:111:49.3152:5p:1:4:182,Contig:104:158.648:1080,Contig:112:317.28:3p:1:6:111,Contig:87:177.248:3207,Contig:105:200.428:3p:1:20:204,Contig:88:95.5494:542,Contig:7:122.06:505,Contig:61:122.455:740,Contig:4:133.862:1456,Contig:112:317.28:3p:1:9:126,Contig:54:70.0514:5p:1:3:439,Contig:105:200.428:3p:1:77:455,Contig:105:200.428:3p:1:84:311,Contig:31:130.049:2328,Contig:105:200.428:3p:1:27:537,Contig:85:57.4677:150171,Contig:105:200.428:3p:1:70:641,Contig:102:118.99:3p:1:10:493,Contig:112:317.28:822,Contig:125:197.11:1176,Contig:2:67.9311:4179,Contig:117:54.9901:12501,Contig:136:170.198:1028,Contig:105:200.428:3p:1:64:735,Contig:102:118.99:3p:1:14:524	5	-2.0807709577609796	11.707650169999997	0.7464894055679466	PBF_P4	Contig:109:106.709:3p:1:10:623,Contig:105:200.428:3p:1:2:309,Contig:43:46.5431:358185,Contig:109:106.709:8231,Contig:1:234.332:1392,Contig:21:227.209:503,Contig:54:70.0514:5p:1:12:560,Contig:105:200.428:3p:1:76:364,Contig:136:170.198:5p:1:19:460,Contig:81:167.081:1059,Contig:98:116.765:2137,Contig:8:146.985:3255,Contig:10:151.513:5253,Contig:112:317.28:3p:1:8:365,Contig:54:70.0514:17099,Contig:105:200.428:3p:1:75:908,Contig:105:200.428:1197,Contig:105:200.428:3p:1:121:466,Contig:55:242.999:3325,Contig:4:133.862:3p:1:6:408,Contig:102:118.99:6464,Contig:21:227.209:5p:1:1:119,Contig:119:94.8888:5p:1:1:458,Contig:54:70.0514:5p:1:2:139,Contig:142:195.561:1607,Contig:109:106.709:3p:1:9:115,Contig:109:106.709:3p:1:8:436,Contig:105:200.428:3p:1:85:606,Contig:41:105.771:5675,Contig:8:146.985:3p:1:4:145,Contig:119:94.8888:880,Contig:112:317.28:3p:1:6:111,Contig:87:177.248:3207,Contig:105:200.428:3p:1:120:133,Contig:88:95.5494:542,Contig:7:122.06:505,Contig:5:104.891:1466,Contig:4:133.862:1456,Contig:131:49.0643:42829,Contig:112:317.28:3p:1:9:126,Contig:54:70.0514:5p:1:3:439,Contig:105:200.428:3p:1:77:455,Contig:105:200.428:3p:1:84:311,Contig:85:57.4677:150171,Contig:105:200.428:3p:1:70:641,Contig:105:200.428:3p:1:27:537,Contig:102:118.99:3p:1:10:493,Contig:112:317.28:822,Contig:125:197.11:1176,Contig:136:170.198:1028,Contig:105:200.428:3p:1:64:735,Contig:102:118.99:3p:1:14:524,Contig:124:222.636:1176	5	-1.1512692396132773	6.2589754750000015	0.8896916051868373	5	-3.232040197374257	18.300297385	0.7464894055683544	Contig:114:81.2978:11643,Contig:18:162.887:3959,Contig:105:200.428:3p:1:63:198,Contig:105:200.428:3p:1:67:105	0	True	0
ecol-SAMN36938185	PBF_P2	Contig:91:230.107:471,Contig:105:200.428:3p:1:93:311,Contig:109:106.709:3p:1:10:623,Contig:132:118.362:554,Contig:105:200.428:3p:1:31:325,Contig:116:123.592:3031,Contig:43:46.5431:358185,Contig:139:104.06:1773,Contig:143:93.8449:8241,Contig:109:106.709:8231,Contig:52:54.1135:149526,Contig:24:72.3943:11592,Contig:118:71.1096:4158,Contig:109:106.709:3p:1:8:436,Contig:21:227.209:503,Contig:54:70.0514:5p:1:12:560,Contig:105:200.428:3p:1:76:364,Contig:98:116.765:2137,Contig:112:317.28:3p:1:8:365,Contig:115:496.02:2029,Contig:54:70.0514:17099,Contig:105:200.428:3p:1:80:795,Contig:60:745.323:765,Contig:105:200.428:3p:1:75:908,Contig:105:200.428:1197,Contig:105:200.428:3p:1:121:466,Contig:55:242.999:3325,Contig:4:133.862:3p:1:6:408,Contig:102:118.99:6464,Contig:21:227.209:5p:1:1:119,Contig:47:114.198:1862,Contig:51:97.3072:9651,Contig:54:70.0514:5p:1:2:139,Contig:109:106.709:3p:1:9:115,Contig:94:141.101:1045,Contig:105:200.428:3p:1:85:606,Contig:27:48.1728:99786,Contig:41:105.771:5675,Contig:111:49.3152:5p:1:4:182,Contig:104:158.648:1080,Contig:112:317.28:3p:1:6:111,Contig:87:177.248:3207,Contig:105:200.428:3p:1:20:204,Contig:88:95.5494:542,Contig:7:122.06:505,Contig:61:122.455:740,Contig:4:133.862:1456,Contig:112:317.28:3p:1:9:126,Contig:54:70.0514:5p:1:3:439,Contig:105:200.428:3p:1:77:455,Contig:105:200.428:3p:1:84:311,Contig:31:130.049:2328,Contig:105:200.428:3p:1:27:537,Contig:85:57.4677:150171,Contig:105:200.428:3p:1:70:641,Contig:102:118.99:3p:1:10:493,Contig:112:317.28:822,Contig:125:197.11:1176,Contig:2:67.9311:4179,Contig:117:54.9901:12501,Contig:136:170.198:1028,Contig:105:200.428:3p:1:64:735,Contig:102:118.99:3p:1:14:524	5	0	0	0	PBF_P5	Contig:54:70.0514:5p:1:12:560,Contig:21:227.209:503,Contig:98:116.765:2137,Contig:112:317.28:3p:1:8:365,Contig:54:70.0514:17099,Contig:105:200.428:3p:1:75:908,Contig:55:242.999:3325,Contig:4:133.862:3p:1:6:408,Contig:21:227.209:5p:1:1:119,Contig:54:70.0514:5p:1:2:139,Contig:105:200.428:3p:1:85:606,Contig:41:105.771:5675,Contig:112:317.28:3p:1:6:111,Contig:87:177.248:3207,Contig:7:122.06:505,Contig:112:317.28:3p:1:9:126,Contig:54:70.0514:5p:1:3:439,Contig:85:57.4677:150171,Contig:105:200.428:3p:1:84:311,Contig:105:200.428:3p:1:70:641,Contig:112:317.28:822,Contig:125:197.11:1176,Contig:136:170.198:1028,Contig:105:200.428:3p:1:64:735	5	0	0	0	0	0	0	0	[]	0	1	1
ecol-SAMN36938185	PBF_P2	Contig:91:230.107:471,Contig:105:200.428:3p:1:93:311,Contig:109:106.709:3p:1:10:623,Contig:132:118.362:554,Contig:105:200.428:3p:1:31:325,Contig:116:123.592:3031,Contig:43:46.5431:358185,Contig:139:104.06:1773,Contig:143:93.8449:8241,Contig:109:106.709:8231,Contig:52:54.1135:149526,Contig:24:72.3943:11592,Contig:118:71.1096:4158,Contig:109:106.709:3p:1:8:436,Contig:21:227.209:503,Contig:54:70.0514:5p:1:12:560,Contig:105:200.428:3p:1:76:364,Contig:98:116.765:2137,Contig:112:317.28:3p:1:8:365,Contig:115:496.02:2029,Contig:54:70.0514:17099,Contig:105:200.428:3p:1:80:795,Contig:60:745.323:765,Contig:105:200.428:3p:1:75:908,Contig:105:200.428:1197,Contig:105:200.428:3p:1:121:466,Contig:55:242.999:3325,Contig:4:133.862:3p:1:6:408,Contig:102:118.99:6464,Contig:21:227.209:5p:1:1:119,Contig:47:114.198:1862,Contig:51:97.3072:9651,Contig:54:70.0514:5p:1:2:139,Contig:109:106.709:3p:1:9:115,Contig:94:141.101:1045,Contig:105:200.428:3p:1:85:606,Contig:27:48.1728:99786,Contig:41:105.771:5675,Contig:111:49.3152:5p:1:4:182,Contig:104:158.648:1080,Contig:112:317.28:3p:1:6:111,Contig:87:177.248:3207,Contig:105:200.428:3p:1:20:204,Contig:88:95.5494:542,Contig:7:122.06:505,Contig:61:122.455:740,Contig:4:133.862:1456,Contig:112:317.28:3p:1:9:126,Contig:54:70.0514:5p:1:3:439,Contig:105:200.428:3p:1:77:455,Contig:105:200.428:3p:1:84:311,Contig:31:130.049:2328,Contig:105:200.428:3p:1:27:537,Contig:85:57.4677:150171,Contig:105:200.428:3p:1:70:641,Contig:102:118.99:3p:1:10:493,Contig:112:317.28:822,Contig:125:197.11:1176,Contig:2:67.9311:4179,Contig:117:54.9901:12501,Contig:136:170.198:1028,Contig:105:200.428:3p:1:64:735,Contig:102:118.99:3p:1:14:524	5	-2.0807709577609796	11.707650169999997	0.7464894055679466	PBF_P6	Contig:105:200.428:3p:1:80:795,Contig:105:200.428:3p:1:75:908,Contig:112:317.28:822,Contig:112:317.28:3p:1:6:111,Contig:143:93.8449:8241,Contig:87:177.248:3207,Contig:21:227.209:5p:1:1:119,Contig:136:170.198:1028,Contig:21:227.209:503,Contig:124:222.636:1176,Contig:5:104.891:1466	5	-0.34383550049634837	4.258891	1.0144986875900674	5	-2.424606458257328	15.966541169999998	0.7464894055683544		0	True	0
ecol-SAMN36938185	PBF_P2	Contig:91:230.107:471,Contig:105:200.428:3p:1:93:311,Contig:109:106.709:3p:1:10:623,Contig:132:118.362:554,Contig:105:200.428:3p:1:31:325,Contig:116:123.592:3031,Contig:43:46.5431:358185,Contig:139:104.06:1773,Contig:143:93.8449:8241,Contig:109:106.709:8231,Contig:52:54.1135:149526,Contig:24:72.3943:11592,Contig:118:71.1096:4158,Contig:109:106.709:3p:1:8:436,Contig:21:227.209:503,Contig:54:70.0514:5p:1:12:560,Contig:105:200.428:3p:1:76:364,Contig:98:116.765:2137,Contig:112:317.28:3p:1:8:365,Contig:115:496.02:2029,Contig:54:70.0514:17099,Contig:105:200.428:3p:1:80:795,Contig:60:745.323:765,Contig:105:200.428:3p:1:75:908,Contig:105:200.428:1197,Contig:105:200.428:3p:1:121:466,Contig:55:242.999:3325,Contig:4:133.862:3p:1:6:408,Contig:102:118.99:6464,Contig:21:227.209:5p:1:1:119,Contig:47:114.198:1862,Contig:51:97.3072:9651,Contig:54:70.0514:5p:1:2:139,Contig:109:106.709:3p:1:9:115,Contig:94:141.101:1045,Contig:105:200.428:3p:1:85:606,Contig:27:48.1728:99786,Contig:41:105.771:5675,Contig:111:49.3152:5p:1:4:182,Contig:104:158.648:1080,Contig:112:317.28:3p:1:6:111,Contig:87:177.248:3207,Contig:105:200.428:3p:1:20:204,Contig:88:95.5494:542,Contig:7:122.06:505,Contig:61:122.455:740,Contig:4:133.862:1456,Contig:112:317.28:3p:1:9:126,Contig:54:70.0514:5p:1:3:439,Contig:105:200.428:3p:1:77:455,Contig:105:200.428:3p:1:84:311,Contig:31:130.049:2328,Contig:105:200.428:3p:1:27:537,Contig:85:57.4677:150171,Contig:105:200.428:3p:1:70:641,Contig:102:118.99:3p:1:10:493,Contig:112:317.28:822,Contig:125:197.11:1176,Contig:2:67.9311:4179,Contig:117:54.9901:12501,Contig:136:170.198:1028,Contig:105:200.428:3p:1:64:735,Contig:102:118.99:3p:1:14:524	5	-2.0807709577609796	11.707650169999997	0.7464894055679466	PBF_P7	Contig:105:200.428:3p:1:77:455,Contig:112:317.28:822,Contig:112:317.28:3p:1:6:111,Contig:102:118.99:6464,Contig:87:177.248:3207,Contig:21:227.209:5p:1:1:119,Contig:136:170.198:1028,Contig:21:227.209:503,Contig:124:222.636:1176,Contig:5:104.891:1466	5	-0.3019163186738171	3.8839211400000004	1.0144986875900674	5	-2.3826872764347966	15.591571309999997	0.7464894055683544		0	True	0
ecol-SAMN36938185	PBF_P2	Contig:91:230.107:471,Contig:105:200.428:3p:1:93:311,Contig:109:106.709:3p:1:10:623,Contig:132:118.362:554,Contig:105:200.428:3p:1:31:325,Contig:116:123.592:3031,Contig:43:46.5431:358185,Contig:139:104.06:1773,Contig:143:93.8449:8241,Contig:109:106.709:8231,Contig:52:54.1135:149526,Contig:24:72.3943:11592,Contig:118:71.1096:4158,Contig:109:106.709:3p:1:8:436,Contig:21:227.209:503,Contig:54:70.0514:5p:1:12:560,Contig:105:200.428:3p:1:76:364,Contig:98:116.765:2137,Contig:112:317.28:3p:1:8:365,Contig:115:496.02:2029,Contig:54:70.0514:17099,Contig:105:200.428:3p:1:80:795,Contig:60:745.323:765,Contig:105:200.428:3p:1:75:908,Contig:105:200.428:1197,Contig:105:200.428:3p:1:121:466,Contig:55:242.999:3325,Contig:4:133.862:3p:1:6:408,Contig:102:118.99:6464,Contig:21:227.209:5p:1:1:119,Contig:47:114.198:1862,Contig:51:97.3072:9651,Contig:54:70.0514:5p:1:2:139,Contig:109:106.709:3p:1:9:115,Contig:94:141.101:1045,Contig:105:200.428:3p:1:85:606,Contig:27:48.1728:99786,Contig:41:105.771:5675,Contig:111:49.3152:5p:1:4:182,Contig:104:158.648:1080,Contig:112:317.28:3p:1:6:111,Contig:87:177.248:3207,Contig:105:200.428:3p:1:20:204,Contig:88:95.5494:542,Contig:7:122.06:505,Contig:61:122.455:740,Contig:4:133.862:1456,Contig:112:317.28:3p:1:9:126,Contig:54:70.0514:5p:1:3:439,Contig:105:200.428:3p:1:77:455,Contig:105:200.428:3p:1:84:311,Contig:31:130.049:2328,Contig:105:200.428:3p:1:27:537,Contig:85:57.4677:150171,Contig:105:200.428:3p:1:70:641,Contig:102:118.99:3p:1:10:493,Contig:112:317.28:822,Contig:125:197.11:1176,Contig:2:67.9311:4179,Contig:117:54.9901:12501,Contig:136:170.198:1028,Contig:105:200.428:3p:1:64:735,Contig:102:118.99:3p:1:14:524	5	0	0	0	PBF_P8	Contig:55:242.999:3325,Contig:4:133.862:3p:1:6:408,Contig:105:200.428:3p:1:64:735,Contig:98:116.765:2137	5	0	0	0	0	0	0	0	[]	0	1	1
ecol-SAMN36938185	PBF_P2	Contig:91:230.107:471,Contig:105:200.428:3p:1:93:311,Contig:109:106.709:3p:1:10:623,Contig:132:118.362:554,Contig:105:200.428:3p:1:31:325,Contig:116:123.592:3031,Contig:43:46.5431:358185,Contig:139:104.06:1773,Contig:143:93.8449:8241,Contig:109:106.709:8231,Contig:52:54.1135:149526,Contig:24:72.3943:11592,Contig:118:71.1096:4158,Contig:109:106.709:3p:1:8:436,Contig:21:227.209:503,Contig:54:70.0514:5p:1:12:560,Contig:105:200.428:3p:1:76:364,Contig:98:116.765:2137,Contig:112:317.28:3p:1:8:365,Contig:115:496.02:2029,Contig:54:70.0514:17099,Contig:105:200.428:3p:1:80:795,Contig:60:745.323:765,Contig:105:200.428:3p:1:75:908,Contig:105:200.428:1197,Contig:105:200.428:3p:1:121:466,Contig:55:242.999:3325,Contig:4:133.862:3p:1:6:408,Contig:102:118.99:6464,Contig:21:227.209:5p:1:1:119,Contig:47:114.198:1862,Contig:51:97.3072:9651,Contig:54:70.0514:5p:1:2:139,Contig:109:106.709:3p:1:9:115,Contig:94:141.101:1045,Contig:105:200.428:3p:1:85:606,Contig:27:48.1728:99786,Contig:41:105.771:5675,Contig:111:49.3152:5p:1:4:182,Contig:104:158.648:1080,Contig:112:317.28:3p:1:6:111,Contig:87:177.248:3207,Contig:105:200.428:3p:1:20:204,Contig:88:95.5494:542,Contig:7:122.06:505,Contig:61:122.455:740,Contig:4:133.862:1456,Contig:112:317.28:3p:1:9:126,Contig:54:70.0514:5p:1:3:439,Contig:105:200.428:3p:1:77:455,Contig:105:200.428:3p:1:84:311,Contig:31:130.049:2328,Contig:105:200.428:3p:1:27:537,Contig:85:57.4677:150171,Contig:105:200.428:3p:1:70:641,Contig:102:118.99:3p:1:10:493,Contig:112:317.28:822,Contig:125:197.11:1176,Contig:2:67.9311:4179,Contig:117:54.9901:12501,Contig:136:170.198:1028,Contig:105:200.428:3p:1:64:735,Contig:102:118.99:3p:1:14:524	5	0	0	0	PBF_P9	Contig:105:200.428:3p:1:85:606,Contig:105:200.428:3p:1:31:325,Contig:105:200.428:3p:1:77:455,Contig:111:49.3152:5p:1:4:182,Contig:112:317.28:822,Contig:112:317.28:3p:1:6:111,Contig:102:118.99:6464,Contig:2:67.9311:4179,Contig:24:72.3943:11592,Contig:112:317.28:3p:1:8:365	4	0	0	0	0	0	0	0	[]	0	1	1
ecol-SAMN36938185	PBF_P2	Contig:91:230.107:471,Contig:105:200.428:3p:1:93:311,Contig:109:106.709:3p:1:10:623,Contig:132:118.362:554,Contig:105:200.428:3p:1:31:325,Contig:116:123.592:3031,Contig:43:46.5431:358185,Contig:139:104.06:1773,Contig:143:93.8449:8241,Contig:109:106.709:8231,Contig:52:54.1135:149526,Contig:24:72.3943:11592,Contig:118:71.1096:4158,Contig:109:106.709:3p:1:8:436,Contig:21:227.209:503,Contig:54:70.0514:5p:1:12:560,Contig:105:200.428:3p:1:76:364,Contig:98:116.765:2137,Contig:112:317.28:3p:1:8:365,Contig:115:496.02:2029,Contig:54:70.0514:17099,Contig:105:200.428:3p:1:80:795,Contig:60:745.323:765,Contig:105:200.428:3p:1:75:908,Contig:105:200.428:1197,Contig:105:200.428:3p:1:121:466,Contig:55:242.999:3325,Contig:4:133.862:3p:1:6:408,Contig:102:118.99:6464,Contig:21:227.209:5p:1:1:119,Contig:47:114.198:1862,Contig:51:97.3072:9651,Contig:54:70.0514:5p:1:2:139,Contig:109:106.709:3p:1:9:115,Contig:94:141.101:1045,Contig:105:200.428:3p:1:85:606,Contig:27:48.1728:99786,Contig:41:105.771:5675,Contig:111:49.3152:5p:1:4:182,Contig:104:158.648:1080,Contig:112:317.28:3p:1:6:111,Contig:87:177.248:3207,Contig:105:200.428:3p:1:20:204,Contig:88:95.5494:542,Contig:7:122.06:505,Contig:61:122.455:740,Contig:4:133.862:1456,Contig:112:317.28:3p:1:9:126,Contig:54:70.0514:5p:1:3:439,Contig:105:200.428:3p:1:77:455,Contig:105:200.428:3p:1:84:311,Contig:31:130.049:2328,Contig:105:200.428:3p:1:27:537,Contig:85:57.4677:150171,Contig:105:200.428:3p:1:70:641,Contig:102:118.99:3p:1:10:493,Contig:112:317.28:822,Contig:125:197.11:1176,Contig:2:67.9311:4179,Contig:117:54.9901:12501,Contig:136:170.198:1028,Contig:105:200.428:3p:1:64:735,Contig:102:118.99:3p:1:14:524	5	-2.0807709577609796	11.707650169999997	0.7464894055679466	PBF_P10	Contig:21:227.209:5p:1:1:119,Contig:21:227.209:503,Contig:59:135.843:7417,Contig:124:222.636:1176	5	-0.009840454370120988	1.42159809	1.4514536720372713	5	-2.1638941846532886	14.586348999999997	0.5248754930853465	Contig:105:200.428:3p:1:42:304,Contig:105:200.428:3p:1:89:153,Contig:105:200.428:3p:1:90:457,Contig:105:200.428:3p:1:94:550,Contig:105:200.428:3p:1:95:314,Contig:105:200.428:3p:1:98:153,Contig:105:200.428:3p:1:105:267	0	True	0
ecol-SAMN36938185	PBF_P2	Contig:91:230.107:471,Contig:105:200.428:3p:1:93:311,Contig:109:106.709:3p:1:10:623,Contig:132:118.362:554,Contig:105:200.428:3p:1:31:325,Contig:116:123.592:3031,Contig:43:46.5431:358185,Contig:139:104.06:1773,Contig:143:93.8449:8241,Contig:109:106.709:8231,Contig:52:54.1135:149526,Contig:24:72.3943:11592,Contig:118:71.1096:4158,Contig:109:106.709:3p:1:8:436,Contig:21:227.209:503,Contig:54:70.0514:5p:1:12:560,Contig:105:200.428:3p:1:76:364,Contig:98:116.765:2137,Contig:112:317.28:3p:1:8:365,Contig:115:496.02:2029,Contig:54:70.0514:17099,Contig:105:200.428:3p:1:80:795,Contig:60:745.323:765,Contig:105:200.428:3p:1:75:908,Contig:105:200.428:1197,Contig:105:200.428:3p:1:121:466,Contig:55:242.999:3325,Contig:4:133.862:3p:1:6:408,Contig:102:118.99:6464,Contig:21:227.209:5p:1:1:119,Contig:47:114.198:1862,Contig:51:97.3072:9651,Contig:54:70.0514:5p:1:2:139,Contig:109:106.709:3p:1:9:115,Contig:94:141.101:1045,Contig:105:200.428:3p:1:85:606,Contig:27:48.1728:99786,Contig:41:105.771:5675,Contig:111:49.3152:5p:1:4:182,Contig:104:158.648:1080,Contig:112:317.28:3p:1:6:111,Contig:87:177.248:3207,Contig:105:200.428:3p:1:20:204,Contig:88:95.5494:542,Contig:7:122.06:505,Contig:61:122.455:740,Contig:4:133.862:1456,Contig:112:317.28:3p:1:9:126,Contig:54:70.0514:5p:1:3:439,Contig:105:200.428:3p:1:77:455,Contig:105:200.428:3p:1:84:311,Contig:31:130.049:2328,Contig:105:200.428:3p:1:27:537,Contig:85:57.4677:150171,Contig:105:200.428:3p:1:70:641,Contig:102:118.99:3p:1:10:493,Contig:112:317.28:822,Contig:125:197.11:1176,Contig:2:67.9311:4179,Contig:117:54.9901:12501,Contig:136:170.198:1028,Contig:105:200.428:3p:1:64:735,Contig:102:118.99:3p:1:14:524	5	-2.0807709577609796	11.707650169999997	0.7464894055679466	PBF_P11	Contig:126:83.2145:3802,Contig:105:200.428:3p:1:77:455,Contig:112:317.28:822	4	0.0	1.19945736	1.1299475553858878	5	-2.304519515436464	12.907107529999998	0.7464894055683544		0	True	0
ecol-SAMN36938185	PBF_P2	Contig:91:230.107:471,Contig:105:200.428:3p:1:93:311,Contig:109:106.709:3p:1:10:623,Contig:132:118.362:554,Contig:105:200.428:3p:1:31:325,Contig:116:123.592:3031,Contig:43:46.5431:358185,Contig:139:104.06:1773,Contig:143:93.8449:8241,Contig:109:106.709:8231,Contig:52:54.1135:149526,Contig:24:72.3943:11592,Contig:118:71.1096:4158,Contig:109:106.709:3p:1:8:436,Contig:21:227.209:503,Contig:54:70.0514:5p:1:12:560,Contig:105:200.428:3p:1:76:364,Contig:98:116.765:2137,Contig:112:317.28:3p:1:8:365,Contig:115:496.02:2029,Contig:54:70.0514:17099,Contig:105:200.428:3p:1:80:795,Contig:60:745.323:765,Contig:105:200.428:3p:1:75:908,Contig:105:200.428:1197,Contig:105:200.428:3p:1:121:466,Contig:55:242.999:3325,Contig:4:133.862:3p:1:6:408,Contig:102:118.99:6464,Contig:21:227.209:5p:1:1:119,Contig:47:114.198:1862,Contig:51:97.3072:9651,Contig:54:70.0514:5p:1:2:139,Contig:109:106.709:3p:1:9:115,Contig:94:141.101:1045,Contig:105:200.428:3p:1:85:606,Contig:27:48.1728:99786,Contig:41:105.771:5675,Contig:111:49.3152:5p:1:4:182,Contig:104:158.648:1080,Contig:112:317.28:3p:1:6:111,Contig:87:177.248:3207,Contig:105:200.428:3p:1:20:204,Contig:88:95.5494:542,Contig:7:122.06:505,Contig:61:122.455:740,Contig:4:133.862:1456,Contig:112:317.28:3p:1:9:126,Contig:54:70.0514:5p:1:3:439,Contig:105:200.428:3p:1:77:455,Contig:105:200.428:3p:1:84:311,Contig:31:130.049:2328,Contig:105:200.428:3p:1:27:537,Contig:85:57.4677:150171,Contig:105:200.428:3p:1:70:641,Contig:102:118.99:3p:1:10:493,Contig:112:317.28:822,Contig:125:197.11:1176,Contig:2:67.9311:4179,Contig:117:54.9901:12501,Contig:136:170.198:1028,Contig:105:200.428:3p:1:64:735,Contig:102:118.99:3p:1:14:524	5	-2.0807709577609796	11.707650169999997	0.7464894055679466	PBF_P12	Contig:70:100.261:4186	5	0.0	0.18894200000000005	1.8535859849839733	5	-2.0807709577609796	12.230263909999998	0.7464894055683544	Contig:114:81.2978:11643,Contig:18:162.887:3959,Contig:105:200.428:3p:1:63:198,Contig:105:200.428:3p:1:67:105	0	False	0
ecol-SAMN36938185	PBF_P2	Contig:91:230.107:471,Contig:105:200.428:3p:1:93:311,Contig:109:106.709:3p:1:10:623,Contig:132:118.362:554,Contig:105:200.428:3p:1:31:325,Contig:116:123.592:3031,Contig:43:46.5431:358185,Contig:139:104.06:1773,Contig:143:93.8449:8241,Contig:109:106.709:8231,Contig:52:54.1135:149526,Contig:24:72.3943:11592,Contig:118:71.1096:4158,Contig:109:106.709:3p:1:8:436,Contig:21:227.209:503,Contig:54:70.0514:5p:1:12:560,Contig:105:200.428:3p:1:76:364,Contig:98:116.765:2137,Contig:112:317.28:3p:1:8:365,Contig:115:496.02:2029,Contig:54:70.0514:17099,Contig:105:200.428:3p:1:80:795,Contig:60:745.323:765,Contig:105:200.428:3p:1:75:908,Contig:105:200.428:1197,Contig:105:200.428:3p:1:121:466,Contig:55:242.999:3325,Contig:4:133.862:3p:1:6:408,Contig:102:118.99:6464,Contig:21:227.209:5p:1:1:119,Contig:47:114.198:1862,Contig:51:97.3072:9651,Contig:54:70.0514:5p:1:2:139,Contig:109:106.709:3p:1:9:115,Contig:94:141.101:1045,Contig:105:200.428:3p:1:85:606,Contig:27:48.1728:99786,Contig:41:105.771:5675,Contig:111:49.3152:5p:1:4:182,Contig:104:158.648:1080,Contig:112:317.28:3p:1:6:111,Contig:87:177.248:3207,Contig:105:200.428:3p:1:20:204,Contig:88:95.5494:542,Contig:7:122.06:505,Contig:61:122.455:740,Contig:4:133.862:1456,Contig:112:317.28:3p:1:9:126,Contig:54:70.0514:5p:1:3:439,Contig:105:200.428:3p:1:77:455,Contig:105:200.428:3p:1:84:311,Contig:31:130.049:2328,Contig:105:200.428:3p:1:27:537,Contig:85:57.4677:150171,Contig:105:200.428:3p:1:70:641,Contig:102:118.99:3p:1:10:493,Contig:112:317.28:822,Contig:125:197.11:1176,Contig:2:67.9311:4179,Contig:117:54.9901:12501,Contig:136:170.198:1028,Contig:105:200.428:3p:1:64:735,Contig:102:118.99:3p:1:14:524	5	-2.0807709577609796	11.707650169999997	0.7464894055679466	PBF_P13	Contig:79:60.4369:8307,Contig:105:200.428:3p:1:63:198	4	-0.12182616961445597	0.61522817	1.363945340494552	5	-2.211867317316343	12.461633039999997	0.7464894055683544	Contig:137:191.399:770	0	False	0
ecol-SAMN36938185	PBF_P2	Contig:91:230.107:471,Contig:105:200.428:3p:1:93:311,Contig:109:106.709:3p:1:10:623,Contig:132:118.362:554,Contig:105:200.428:3p:1:31:325,Contig:116:123.592:3031,Contig:43:46.5431:358185,Contig:139:104.06:1773,Contig:143:93.8449:8241,Contig:109:106.709:8231,Contig:52:54.1135:149526,Contig:24:72.3943:11592,Contig:118:71.1096:4158,Contig:109:106.709:3p:1:8:436,Contig:21:227.209:503,Contig:54:70.0514:5p:1:12:560,Contig:105:200.428:3p:1:76:364,Contig:98:116.765:2137,Contig:112:317.28:3p:1:8:365,Contig:115:496.02:2029,Contig:54:70.0514:17099,Contig:105:200.428:3p:1:80:795,Contig:60:745.323:765,Contig:105:200.428:3p:1:75:908,Contig:105:200.428:1197,Contig:105:200.428:3p:1:121:466,Contig:55:242.999:3325,Contig:4:133.862:3p:1:6:408,Contig:102:118.99:6464,Contig:21:227.209:5p:1:1:119,Contig:47:114.198:1862,Contig:51:97.3072:9651,Contig:54:70.0514:5p:1:2:139,Contig:109:106.709:3p:1:9:115,Contig:94:141.101:1045,Contig:105:200.428:3p:1:85:606,Contig:27:48.1728:99786,Contig:41:105.771:5675,Contig:111:49.3152:5p:1:4:182,Contig:104:158.648:1080,Contig:112:317.28:3p:1:6:111,Contig:87:177.248:3207,Contig:105:200.428:3p:1:20:204,Contig:88:95.5494:542,Contig:7:122.06:505,Contig:61:122.455:740,Contig:4:133.862:1456,Contig:112:317.28:3p:1:9:126,Contig:54:70.0514:5p:1:3:439,Contig:105:200.428:3p:1:77:455,Contig:105:200.428:3p:1:84:311,Contig:31:130.049:2328,Contig:105:200.428:3p:1:27:537,Contig:85:57.4677:150171,Contig:105:200.428:3p:1:70:641,Contig:102:118.99:3p:1:10:493,Contig:112:317.28:822,Contig:125:197.11:1176,Contig:2:67.9311:4179,Contig:117:54.9901:12501,Contig:136:170.198:1028,Contig:105:200.428:3p:1:64:735,Contig:102:118.99:3p:1:14:524	5	-2.0807709577609796	11.707650169999997	0.7464894055679466	PBF_P14	Contig:32:104.791:5115,Contig:102:118.99:3p:1:10:493,Contig:102:118.99:3p:1:8:296	5	-0.10209795273576361	0.4882590499999999	1.023154946670896	5	-2.1828689104967434	12.195909219999997	0.7464894055683544		0	True	0
ecol-SAMN36938185	PBF_P2	Contig:91:230.107:471,Contig:105:200.428:3p:1:93:311,Contig:109:106.709:3p:1:10:623,Contig:132:118.362:554,Contig:105:200.428:3p:1:31:325,Contig:116:123.592:3031,Contig:43:46.5431:358185,Contig:139:104.06:1773,Contig:143:93.8449:8241,Contig:109:106.709:8231,Contig:52:54.1135:149526,Contig:24:72.3943:11592,Contig:118:71.1096:4158,Contig:109:106.709:3p:1:8:436,Contig:21:227.209:503,Contig:54:70.0514:5p:1:12:560,Contig:105:200.428:3p:1:76:364,Contig:98:116.765:2137,Contig:112:317.28:3p:1:8:365,Contig:115:496.02:2029,Contig:54:70.0514:17099,Contig:105:200.428:3p:1:80:795,Contig:60:745.323:765,Contig:105:200.428:3p:1:75:908,Contig:105:200.428:1197,Contig:105:200.428:3p:1:121:466,Contig:55:242.999:3325,Contig:4:133.862:3p:1:6:408,Contig:102:118.99:6464,Contig:21:227.209:5p:1:1:119,Contig:47:114.198:1862,Contig:51:97.3072:9651,Contig:54:70.0514:5p:1:2:139,Contig:109:106.709:3p:1:9:115,Contig:94:141.101:1045,Contig:105:200.428:3p:1:85:606,Contig:27:48.1728:99786,Contig:41:105.771:5675,Contig:111:49.3152:5p:1:4:182,Contig:104:158.648:1080,Contig:112:317.28:3p:1:6:111,Contig:87:177.248:3207,Contig:105:200.428:3p:1:20:204,Contig:88:95.5494:542,Contig:7:122.06:505,Contig:61:122.455:740,Contig:4:133.862:1456,Contig:112:317.28:3p:1:9:126,Contig:54:70.0514:5p:1:3:439,Contig:105:200.428:3p:1:77:455,Contig:105:200.428:3p:1:84:311,Contig:31:130.049:2328,Contig:105:200.428:3p:1:27:537,Contig:85:57.4677:150171,Contig:105:200.428:3p:1:70:641,Contig:102:118.99:3p:1:10:493,Contig:112:317.28:822,Contig:125:197.11:1176,Contig:2:67.9311:4179,Contig:117:54.9901:12501,Contig:136:170.198:1028,Contig:105:200.428:3p:1:64:735,Contig:102:118.99:3p:1:14:524	5	-2.0807709577609796	11.707650169999997	0.7464894055679466	PBF_P15	Contig:118:71.1096:4158,Contig:105:200.428:3p:1:67:105	5	-0.09225553026369732	0.5770316099999999	1.97712563007855	5	-2.1768381693352037	12.423436479999998	0.7464894055683544	Contig:137:191.399:770	0	True	0
ecol-SAMN36938185	PBF_P2	Contig:91:230.107:471,Contig:105:200.428:3p:1:93:311,Contig:109:106.709:3p:1:10:623,Contig:132:118.362:554,Contig:105:200.428:3p:1:31:325,Contig:116:123.592:3031,Contig:43:46.5431:358185,Contig:139:104.06:1773,Contig:143:93.8449:8241,Contig:109:106.709:8231,Contig:52:54.1135:149526,Contig:24:72.3943:11592,Contig:118:71.1096:4158,Contig:109:106.709:3p:1:8:436,Contig:21:227.209:503,Contig:54:70.0514:5p:1:12:560,Contig:105:200.428:3p:1:76:364,Contig:98:116.765:2137,Contig:112:317.28:3p:1:8:365,Contig:115:496.02:2029,Contig:54:70.0514:17099,Contig:105:200.428:3p:1:80:795,Contig:60:745.323:765,Contig:105:200.428:3p:1:75:908,Contig:105:200.428:1197,Contig:105:200.428:3p:1:121:466,Contig:55:242.999:3325,Contig:4:133.862:3p:1:6:408,Contig:102:118.99:6464,Contig:21:227.209:5p:1:1:119,Contig:47:114.198:1862,Contig:51:97.3072:9651,Contig:54:70.0514:5p:1:2:139,Contig:109:106.709:3p:1:9:115,Contig:94:141.101:1045,Contig:105:200.428:3p:1:85:606,Contig:27:48.1728:99786,Contig:41:105.771:5675,Contig:111:49.3152:5p:1:4:182,Contig:104:158.648:1080,Contig:112:317.28:3p:1:6:111,Contig:87:177.248:3207,Contig:105:200.428:3p:1:20:204,Contig:88:95.5494:542,Contig:7:122.06:505,Contig:61:122.455:740,Contig:4:133.862:1456,Contig:112:317.28:3p:1:9:126,Contig:54:70.0514:5p:1:3:439,Contig:105:200.428:3p:1:77:455,Contig:105:200.428:3p:1:84:311,Contig:31:130.049:2328,Contig:105:200.428:3p:1:27:537,Contig:85:57.4677:150171,Contig:105:200.428:3p:1:70:641,Contig:102:118.99:3p:1:10:493,Contig:112:317.28:822,Contig:125:197.11:1176,Contig:2:67.9311:4179,Contig:117:54.9901:12501,Contig:136:170.198:1028,Contig:105:200.428:3p:1:64:735,Contig:102:118.99:3p:1:14:524	5	-2.0807709577609796	11.707650169999997	0.7464894055679466	PBF_P16	Contig:116:123.592:3031,Contig:105:200.428:3p:1:106:823	4	0.0	0.64959508	1.108771645643922	5	-2.192640343252715	12.357245249999997	0.7464894055683544		0	True	0
ecol-SAMN36938185	PBF_P2	Contig:91:230.107:471,Contig:105:200.428:3p:1:93:311,Contig:109:106.709:3p:1:10:623,Contig:132:118.362:554,Contig:105:200.428:3p:1:31:325,Contig:116:123.592:3031,Contig:43:46.5431:358185,Contig:139:104.06:1773,Contig:143:93.8449:8241,Contig:109:106.709:8231,Contig:52:54.1135:149526,Contig:24:72.3943:11592,Contig:118:71.1096:4158,Contig:109:106.709:3p:1:8:436,Contig:21:227.209:503,Contig:54:70.0514:5p:1:12:560,Contig:105:200.428:3p:1:76:364,Contig:98:116.765:2137,Contig:112:317.28:3p:1:8:365,Contig:115:496.02:2029,Contig:54:70.0514:17099,Contig:105:200.428:3p:1:80:795,Contig:60:745.323:765,Contig:105:200.428:3p:1:75:908,Contig:105:200.428:1197,Contig:105:200.428:3p:1:121:466,Contig:55:242.999:3325,Contig:4:133.862:3p:1:6:408,Contig:102:118.99:6464,Contig:21:227.209:5p:1:1:119,Contig:47:114.198:1862,Contig:51:97.3072:9651,Contig:54:70.0514:5p:1:2:139,Contig:109:106.709:3p:1:9:115,Contig:94:141.101:1045,Contig:105:200.428:3p:1:85:606,Contig:27:48.1728:99786,Contig:41:105.771:5675,Contig:111:49.3152:5p:1:4:182,Contig:104:158.648:1080,Contig:112:317.28:3p:1:6:111,Contig:87:177.248:3207,Contig:105:200.428:3p:1:20:204,Contig:88:95.5494:542,Contig:7:122.06:505,Contig:61:122.455:740,Contig:4:133.862:1456,Contig:112:317.28:3p:1:9:126,Contig:54:70.0514:5p:1:3:439,Contig:105:200.428:3p:1:77:455,Contig:105:200.428:3p:1:84:311,Contig:31:130.049:2328,Contig:105:200.428:3p:1:27:537,Contig:85:57.4677:150171,Contig:105:200.428:3p:1:70:641,Contig:102:118.99:3p:1:10:493,Contig:112:317.28:822,Contig:125:197.11:1176,Contig:2:67.9311:4179,Contig:117:54.9901:12501,Contig:136:170.198:1028,Contig:105:200.428:3p:1:64:735,Contig:102:118.99:3p:1:14:524	5	-2.0807709577609796	11.707650169999997	0.7464894055679466	PBF_P17	Contig:141:51.4419:11613	4	0.0	0.20781945999999996	1.026197473057015	5	-2.2515378878653274	11.915469629999997	0.7464894055683544		0	False	0
ecol-SAMN36938185	PBF_P3	Contig:91:230.107:471,Contig:109:106.709:3p:1:10:623,Contig:116:123.592:3031,Contig:109:106.709:8231,Contig:139:104.06:1773,Contig:109:106.709:3p:1:8:436,Contig:54:70.0514:5p:1:12:560,Contig:21:227.209:503,Contig:112:317.28:3p:1:8:365,Contig:54:70.0514:17099,Contig:105:200.428:3p:1:75:908,Contig:105:200.428:1197,Contig:55:242.999:3325,Contig:4:133.862:3p:1:6:408,Contig:109:106.709:3p:1:9:115,Contig:21:227.209:5p:1:1:119,Contig:54:70.0514:5p:1:2:139,Contig:94:141.101:1045,Contig:105:200.428:3p:1:85:606,Contig:41:105.771:5675,Contig:112:317.28:3p:1:6:111,Contig:87:177.248:3207,Contig:7:122.06:505,Contig:112:317.28:3p:1:9:126,Contig:54:70.0514:5p:1:3:439,Contig:105:200.428:3p:1:27:537,Contig:85:57.4677:150171,Contig:105:200.428:3p:1:84:311,Contig:105:200.428:3p:1:70:641,Contig:112:317.28:822,Contig:125:197.11:1176,Contig:136:170.198:1028	5	-0.8258273731411034	8.739889729	1.0622753847692665	PBF_P4	Contig:109:106.709:3p:1:10:623,Contig:105:200.428:3p:1:2:309,Contig:43:46.5431:358185,Contig:109:106.709:8231,Contig:1:234.332:1392,Contig:21:227.209:503,Contig:54:70.0514:5p:1:12:560,Contig:105:200.428:3p:1:76:364,Contig:136:170.198:5p:1:19:460,Contig:81:167.081:1059,Contig:98:116.765:2137,Contig:8:146.985:3255,Contig:10:151.513:5253,Contig:112:317.28:3p:1:8:365,Contig:54:70.0514:17099,Contig:105:200.428:3p:1:75:908,Contig:105:200.428:1197,Contig:105:200.428:3p:1:121:466,Contig:55:242.999:3325,Contig:4:133.862:3p:1:6:408,Contig:102:118.99:6464,Contig:21:227.209:5p:1:1:119,Contig:119:94.8888:5p:1:1:458,Contig:54:70.0514:5p:1:2:139,Contig:142:195.561:1607,Contig:109:106.709:3p:1:9:115,Contig:109:106.709:3p:1:8:436,Contig:105:200.428:3p:1:85:606,Contig:41:105.771:5675,Contig:8:146.985:3p:1:4:145,Contig:119:94.8888:880,Contig:112:317.28:3p:1:6:111,Contig:87:177.248:3207,Contig:105:200.428:3p:1:120:133,Contig:88:95.5494:542,Contig:7:122.06:505,Contig:5:104.891:1466,Contig:4:133.862:1456,Contig:131:49.0643:42829,Contig:112:317.28:3p:1:9:126,Contig:54:70.0514:5p:1:3:439,Contig:105:200.428:3p:1:77:455,Contig:105:200.428:3p:1:84:311,Contig:85:57.4677:150171,Contig:105:200.428:3p:1:70:641,Contig:105:200.428:3p:1:27:537,Contig:102:118.99:3p:1:10:493,Contig:112:317.28:822,Contig:125:197.11:1176,Contig:136:170.198:1028,Contig:105:200.428:3p:1:64:735,Contig:102:118.99:3p:1:14:524,Contig:124:222.636:1176	5	-1.1512692396132773	6.2589754750000015	0.8896916051868373	5	-2.030828252490193	15.244829134000002	0.8896916051871813	Contig:105:200.428:3p:1:93:311	0	True	0
ecol-SAMN36938185	PBF_P3	Contig:91:230.107:471,Contig:109:106.709:3p:1:10:623,Contig:116:123.592:3031,Contig:109:106.709:8231,Contig:139:104.06:1773,Contig:109:106.709:3p:1:8:436,Contig:54:70.0514:5p:1:12:560,Contig:21:227.209:503,Contig:112:317.28:3p:1:8:365,Contig:54:70.0514:17099,Contig:105:200.428:3p:1:75:908,Contig:105:200.428:1197,Contig:55:242.999:3325,Contig:4:133.862:3p:1:6:408,Contig:109:106.709:3p:1:9:115,Contig:21:227.209:5p:1:1:119,Contig:54:70.0514:5p:1:2:139,Contig:94:141.101:1045,Contig:105:200.428:3p:1:85:606,Contig:41:105.771:5675,Contig:112:317.28:3p:1:6:111,Contig:87:177.248:3207,Contig:7:122.06:505,Contig:112:317.28:3p:1:9:126,Contig:54:70.0514:5p:1:3:439,Contig:105:200.428:3p:1:27:537,Contig:85:57.4677:150171,Contig:105:200.428:3p:1:84:311,Contig:105:200.428:3p:1:70:641,Contig:112:317.28:822,Contig:125:197.11:1176,Contig:136:170.198:1028	5	-0.8258273731411034	8.739889729	1.0622753847692665	PBF_P5	Contig:54:70.0514:5p:1:12:560,Contig:21:227.209:503,Contig:98:116.765:2137,Contig:112:317.28:3p:1:8:365,Contig:54:70.0514:17099,Contig:105:200.428:3p:1:75:908,Contig:55:242.999:3325,Contig:4:133.862:3p:1:6:408,Contig:21:227.209:5p:1:1:119,Contig:54:70.0514:5p:1:2:139,Contig:105:200.428:3p:1:85:606,Contig:41:105.771:5675,Contig:112:317.28:3p:1:6:111,Contig:87:177.248:3207,Contig:7:122.06:505,Contig:112:317.28:3p:1:9:126,Contig:54:70.0514:5p:1:3:439,Contig:85:57.4677:150171,Contig:105:200.428:3p:1:84:311,Contig:105:200.428:3p:1:70:641,Contig:112:317.28:822,Contig:125:197.11:1176,Contig:136:170.198:1028,Contig:105:200.428:3p:1:64:735	5	-0.6279141124554677	5.442755029	1.0622753847692665	5	-1.4537414855965711	14.628284057999998	1.0622753847692366	Contig:105:200.428:3p:1:76:364	0	True	0
ecol-SAMN36938185	PBF_P3	Contig:91:230.107:471,Contig:109:106.709:3p:1:10:623,Contig:116:123.592:3031,Contig:109:106.709:8231,Contig:139:104.06:1773,Contig:109:106.709:3p:1:8:436,Contig:54:70.0514:5p:1:12:560,Contig:21:227.209:503,Contig:112:317.28:3p:1:8:365,Contig:54:70.0514:17099,Contig:105:200.428:3p:1:75:908,Contig:105:200.428:1197,Contig:55:242.999:3325,Contig:4:133.862:3p:1:6:408,Contig:109:106.709:3p:1:9:115,Contig:21:227.209:5p:1:1:119,Contig:54:70.0514:5p:1:2:139,Contig:94:141.101:1045,Contig:105:200.428:3p:1:85:606,Contig:41:105.771:5675,Contig:112:317.28:3p:1:6:111,Contig:87:177.248:3207,Contig:7:122.06:505,Contig:112:317.28:3p:1:9:126,Contig:54:70.0514:5p:1:3:439,Contig:105:200.428:3p:1:27:537,Contig:85:57.4677:150171,Contig:105:200.428:3p:1:84:311,Contig:105:200.428:3p:1:70:641,Contig:112:317.28:822,Contig:125:197.11:1176,Contig:136:170.198:1028	5	-0.8258273731411034	8.739889729	1.0622753847692665	PBF_P6	Contig:105:200.428:3p:1:80:795,Contig:105:200.428:3p:1:75:908,Contig:112:317.28:822,Contig:112:317.28:3p:1:6:111,Contig:143:93.8449:8241,Contig:87:177.248:3207,Contig:21:227.209:5p:1:1:119,Contig:136:170.198:1028,Contig:21:227.209:503,Contig:124:222.636:1176,Contig:5:104.891:1466	5	-0.34383550049634837	4.258891	1.0144986875900674	5	-1.4291354678795667	14.460996198999998	0.5248754930853465	Contig:132:118.362:554,Contig:47:114.198:1862,Contig:60:745.323:765,Contig:105:200.428:3p:1:42:304,Contig:105:200.428:3p:1:89:153,Contig:105:200.428:3p:1:93:311,Contig:105:200.428:3p:1:94:550,Contig:105:200.428:3p:1:95:314,Contig:105:200.428:3p:1:98:153,Contig:105:200.428:3p:1:105:267	0	True	0
ecol-SAMN36938185	PBF_P3	Contig:91:230.107:471,Contig:109:106.709:3p:1:10:623,Contig:116:123.592:3031,Contig:109:106.709:8231,Contig:139:104.06:1773,Contig:109:106.709:3p:1:8:436,Contig:54:70.0514:5p:1:12:560,Contig:21:227.209:503,Contig:112:317.28:3p:1:8:365,Contig:54:70.0514:17099,Contig:105:200.428:3p:1:75:908,Contig:105:200.428:1197,Contig:55:242.999:3325,Contig:4:133.862:3p:1:6:408,Contig:109:106.709:3p:1:9:115,Contig:21:227.209:5p:1:1:119,Contig:54:70.0514:5p:1:2:139,Contig:94:141.101:1045,Contig:105:200.428:3p:1:85:606,Contig:41:105.771:5675,Contig:112:317.28:3p:1:6:111,Contig:87:177.248:3207,Contig:7:122.06:505,Contig:112:317.28:3p:1:9:126,Contig:54:70.0514:5p:1:3:439,Contig:105:200.428:3p:1:27:537,Contig:85:57.4677:150171,Contig:105:200.428:3p:1:84:311,Contig:105:200.428:3p:1:70:641,Contig:112:317.28:822,Contig:125:197.11:1176,Contig:136:170.198:1028	5	-0.8258273731411034	8.739889729	1.0622753847692665	PBF_P7	Contig:105:200.428:3p:1:77:455,Contig:112:317.28:822,Contig:112:317.28:3p:1:6:111,Contig:102:118.99:6464,Contig:87:177.248:3207,Contig:21:227.209:5p:1:1:119,Contig:136:170.198:1028,Contig:21:227.209:503,Contig:124:222.636:1176,Contig:5:104.891:1466	5	-0.3019163186738171	3.8839211400000004	1.0144986875900674	5	-1.1277436918149206	13.069450169	1.0144986875896138	Contig:105:200.428:3p:1:76:364	0	True	0
ecol-SAMN36938185	PBF_P3	Contig:91:230.107:471,Contig:109:106.709:3p:1:10:623,Contig:116:123.592:3031,Contig:109:106.709:8231,Contig:139:104.06:1773,Contig:109:106.709:3p:1:8:436,Contig:54:70.0514:5p:1:12:560,Contig:21:227.209:503,Contig:112:317.28:3p:1:8:365,Contig:54:70.0514:17099,Contig:105:200.428:3p:1:75:908,Contig:105:200.428:1197,Contig:55:242.999:3325,Contig:4:133.862:3p:1:6:408,Contig:109:106.709:3p:1:9:115,Contig:21:227.209:5p:1:1:119,Contig:54:70.0514:5p:1:2:139,Contig:94:141.101:1045,Contig:105:200.428:3p:1:85:606,Contig:41:105.771:5675,Contig:112:317.28:3p:1:6:111,Contig:87:177.248:3207,Contig:7:122.06:505,Contig:112:317.28:3p:1:9:126,Contig:54:70.0514:5p:1:3:439,Contig:105:200.428:3p:1:27:537,Contig:85:57.4677:150171,Contig:105:200.428:3p:1:84:311,Contig:105:200.428:3p:1:70:641,Contig:112:317.28:822,Contig:125:197.11:1176,Contig:136:170.198:1028	5	-0.8258273731411034	8.739889729	1.0622753847692665	PBF_P8	Contig:55:242.999:3325,Contig:4:133.862:3p:1:6:408,Contig:105:200.428:3p:1:64:735,Contig:98:116.765:2137	5	0.0	1.57462302	1.7560659358916548	5	-0.8258273731411034	10.314512749	1.0622753847692366		0	True	0
ecol-SAMN36938185	PBF_P3	Contig:91:230.107:471,Contig:109:106.709:3p:1:10:623,Contig:116:123.592:3031,Contig:109:106.709:8231,Contig:139:104.06:1773,Contig:109:106.709:3p:1:8:436,Contig:54:70.0514:5p:1:12:560,Contig:21:227.209:503,Contig:112:317.28:3p:1:8:365,Contig:54:70.0514:17099,Contig:105:200.428:3p:1:75:908,Contig:105:200.428:1197,Contig:55:242.999:3325,Contig:4:133.862:3p:1:6:408,Contig:109:106.709:3p:1:9:115,Contig:21:227.209:5p:1:1:119,Contig:54:70.0514:5p:1:2:139,Contig:94:141.101:1045,Contig:105:200.428:3p:1:85:606,Contig:41:105.771:5675,Contig:112:317.28:3p:1:6:111,Contig:87:177.248:3207,Contig:7:122.06:505,Contig:112:317.28:3p:1:9:126,Contig:54:70.0514:5p:1:3:439,Contig:105:200.428:3p:1:27:537,Contig:85:57.4677:150171,Contig:105:200.428:3p:1:84:311,Contig:105:200.428:3p:1:70:641,Contig:112:317.28:822,Contig:125:197.11:1176,Contig:136:170.198:1028	5	-0.8258273731411034	8.739889729	1.0622753847692665	PBF_P9	Contig:105:200.428:3p:1:85:606,Contig:105:200.428:3p:1:31:325,Contig:105:200.428:3p:1:77:455,Contig:111:49.3152:5p:1:4:182,Contig:112:317.28:822,Contig:112:317.28:3p:1:6:111,Contig:102:118.99:6464,Contig:2:67.9311:4179,Contig:24:72.3943:11592,Contig:112:317.28:3p:1:8:365	4	-0.29854976106221015	2.4653555600000003	1.1605132512674594	5	-1.490354662699004	12.782045899	0.5248754930853465	Contig:111:49.3152:4086,Contig:60:745.323:765,Contig:105:200.428:3p:1:42:304,Contig:105:200.428:3p:1:89:153,Contig:105:200.428:3p:1:93:311,Contig:105:200.428:3p:1:94:550,Contig:105:200.428:3p:1:95:314,Contig:105:200.428:3p:1:98:153,Contig:105:200.428:3p:1:105:267	0	True	0
ecol-SAMN36938185	PBF_P3	Contig:91:230.107:471,Contig:109:106.709:3p:1:10:623,Contig:116:123.592:3031,Contig:109:106.709:8231,Contig:139:104.06:1773,Contig:109:106.709:3p:1:8:436,Contig:54:70.0514:5p:1:12:560,Contig:21:227.209:503,Contig:112:317.28:3p:1:8:365,Contig:54:70.0514:17099,Contig:105:200.428:3p:1:75:908,Contig:105:200.428:1197,Contig:55:242.999:3325,Contig:4:133.862:3p:1:6:408,Contig:109:106.709:3p:1:9:115,Contig:21:227.209:5p:1:1:119,Contig:54:70.0514:5p:1:2:139,Contig:94:141.101:1045,Contig:105:200.428:3p:1:85:606,Contig:41:105.771:5675,Contig:112:317.28:3p:1:6:111,Contig:87:177.248:3207,Contig:7:122.06:505,Contig:112:317.28:3p:1:9:126,Contig:54:70.0514:5p:1:3:439,Contig:105:200.428:3p:1:27:537,Contig:85:57.4677:150171,Contig:105:200.428:3p:1:84:311,Contig:105:200.428:3p:1:70:641,Contig:112:317.28:822,Contig:125:197.11:1176,Contig:136:170.198:1028	5	-0.8258273731411034	8.739889729	1.0622753847692665	PBF_P10	Contig:21:227.209:5p:1:1:119,Contig:21:227.209:503,Contig:59:135.843:7417,Contig:124:222.636:1176	5	-0.009840454370120988	1.42159809	1.4514536720372713	5	-0.962682239769224	11.772279748999999	0.5248754930853465	Contig:60:745.323:765,Contig:105:200.428:3p:1:20:204,Contig:105:200.428:3p:1:42:304,Contig:105:200.428:3p:1:89:153,Contig:105:200.428:3p:1:90:457,Contig:105:200.428:3p:1:93:311,Contig:105:200.428:3p:1:94:550,Contig:105:200.428:3p:1:95:314,Contig:105:200.428:3p:1:98:153,Contig:105:200.428:3p:1:105:267	0	True	0
ecol-SAMN36938185	PBF_P3	Contig:91:230.107:471,Contig:109:106.709:3p:1:10:623,Contig:116:123.592:3031,Contig:109:106.709:8231,Contig:139:104.06:1773,Contig:109:106.709:3p:1:8:436,Contig:54:70.0514:5p:1:12:560,Contig:21:227.209:503,Contig:112:317.28:3p:1:8:365,Contig:54:70.0514:17099,Contig:105:200.428:3p:1:75:908,Contig:105:200.428:1197,Contig:55:242.999:3325,Contig:4:133.862:3p:1:6:408,Contig:109:106.709:3p:1:9:115,Contig:21:227.209:5p:1:1:119,Contig:54:70.0514:5p:1:2:139,Contig:94:141.101:1045,Contig:105:200.428:3p:1:85:606,Contig:41:105.771:5675,Contig:112:317.28:3p:1:6:111,Contig:87:177.248:3207,Contig:7:122.06:505,Contig:112:317.28:3p:1:9:126,Contig:54:70.0514:5p:1:3:439,Contig:105:200.428:3p:1:27:537,Contig:85:57.4677:150171,Contig:105:200.428:3p:1:84:311,Contig:105:200.428:3p:1:70:641,Contig:112:317.28:822,Contig:125:197.11:1176,Contig:136:170.198:1028	5	-0.8258273731411034	8.739889729	1.0622753847692665	PBF_P11	Contig:126:83.2145:3802,Contig:105:200.428:3p:1:77:455,Contig:112:317.28:822	4	0.0	1.19945736	1.1299475553858878	5	-1.049575930816588	10.384986389	1.0622753847692366	Contig:105:200.428:3p:1:76:364	0	True	0
ecol-SAMN36938185	PBF_P3	Contig:91:230.107:471,Contig:109:106.709:3p:1:10:623,Contig:116:123.592:3031,Contig:109:106.709:8231,Contig:139:104.06:1773,Contig:109:106.709:3p:1:8:436,Contig:54:70.0514:5p:1:12:560,Contig:21:227.209:503,Contig:112:317.28:3p:1:8:365,Contig:54:70.0514:17099,Contig:105:200.428:3p:1:75:908,Contig:105:200.428:1197,Contig:55:242.999:3325,Contig:4:133.862:3p:1:6:408,Contig:109:106.709:3p:1:9:115,Contig:21:227.209:5p:1:1:119,Contig:54:70.0514:5p:1:2:139,Contig:94:141.101:1045,Contig:105:200.428:3p:1:85:606,Contig:41:105.771:5675,Contig:112:317.28:3p:1:6:111,Contig:87:177.248:3207,Contig:7:122.06:505,Contig:112:317.28:3p:1:9:126,Contig:54:70.0514:5p:1:3:439,Contig:105:200.428:3p:1:27:537,Contig:85:57.4677:150171,Contig:105:200.428:3p:1:84:311,Contig:105:200.428:3p:1:70:641,Contig:112:317.28:822,Contig:125:197.11:1176,Contig:136:170.198:1028	5	-0.8258273731411034	8.739889729	1.0622753847692665	PBF_P12	Contig:70:100.261:4186	5	0.0	0.18894200000000005	1.8535859849839733	5	-0.8258273731411034	9.268173189	1.0622753847692366	Contig:114:81.2978:11643,Contig:105:200.428:3p:1:64:735	0	False	0
ecol-SAMN36938185	PBF_P3	Contig:91:230.107:471,Contig:109:106.709:3p:1:10:623,Contig:116:123.592:3031,Contig:109:106.709:8231,Contig:139:104.06:1773,Contig:109:106.709:3p:1:8:436,Contig:54:70.0514:5p:1:12:560,Contig:21:227.209:503,Contig:112:317.28:3p:1:8:365,Contig:54:70.0514:17099,Contig:105:200.428:3p:1:75:908,Contig:105:200.428:1197,Contig:55:242.999:3325,Contig:4:133.862:3p:1:6:408,Contig:109:106.709:3p:1:9:115,Contig:21:227.209:5p:1:1:119,Contig:54:70.0514:5p:1:2:139,Contig:94:141.101:1045,Contig:105:200.428:3p:1:85:606,Contig:41:105.771:5675,Contig:112:317.28:3p:1:6:111,Contig:87:177.248:3207,Contig:7:122.06:505,Contig:112:317.28:3p:1:9:126,Contig:54:70.0514:5p:1:3:439,Contig:105:200.428:3p:1:27:537,Contig:85:57.4677:150171,Contig:105:200.428:3p:1:84:311,Contig:105:200.428:3p:1:70:641,Contig:112:317.28:822,Contig:125:197.11:1176,Contig:136:170.198:1028	5	-0.8258273731411034	8.739889729	1.0622753847692665	PBF_P13	Contig:79:60.4369:8307,Contig:105:200.428:3p:1:63:198	4	-0.12182616961445597	0.61522817	1.363945340494552	5	-0.9531120513859399	9.694459359	1.0622753847710555	Contig:114:81.2978:11643,Contig:105:200.428:3p:1:64:735	0	False	0
ecol-SAMN36938185	PBF_P3	Contig:91:230.107:471,Contig:109:106.709:3p:1:10:623,Contig:116:123.592:3031,Contig:109:106.709:8231,Contig:139:104.06:1773,Contig:109:106.709:3p:1:8:436,Contig:54:70.0514:5p:1:12:560,Contig:21:227.209:503,Contig:112:317.28:3p:1:8:365,Contig:54:70.0514:17099,Contig:105:200.428:3p:1:75:908,Contig:105:200.428:1197,Contig:55:242.999:3325,Contig:4:133.862:3p:1:6:408,Contig:109:106.709:3p:1:9:115,Contig:21:227.209:5p:1:1:119,Contig:54:70.0514:5p:1:2:139,Contig:94:141.101:1045,Contig:105:200.428:3p:1:85:606,Contig:41:105.771:5675,Contig:112:317.28:3p:1:6:111,Contig:87:177.248:3207,Contig:7:122.06:505,Contig:112:317.28:3p:1:9:126,Contig:54:70.0514:5p:1:3:439,Contig:105:200.428:3p:1:27:537,Contig:85:57.4677:150171,Contig:105:200.428:3p:1:84:311,Contig:105:200.428:3p:1:70:641,Contig:112:317.28:822,Contig:125:197.11:1176,Contig:136:170.198:1028	5	-0.8258273731411034	8.739889729	1.0622753847692665	PBF_P14	Contig:32:104.791:5115,Contig:102:118.99:3p:1:10:493,Contig:102:118.99:3p:1:8:296	5	-0.10209795273576361	0.4882590499999999	1.023154946670896	5	-1.496153017347765	10.081306599	0.5248754930853465	Contig:106:74.4866:12738,Contig:111:49.3152:4086,Contig:115:496.02:2029,Contig:25:59.9378:9687,Contig:60:745.323:765,Contig:102:118.99:3p:1:9:1076,Contig:102:118.99:3p:1:19:652,Contig:105:200.428:3p:1:42:304,Contig:105:200.428:3p:1:89:153,Contig:105:200.428:3p:1:93:311,Contig:105:200.428:3p:1:94:550,Contig:105:200.428:3p:1:95:314,Contig:105:200.428:3p:1:98:153,Contig:105:200.428:3p:1:105:267,Contig:106:74.4866:3p:1:5:172,Contig:111:49.3152:5p:1:4:182	0	False	0
ecol-SAMN36938185	PBF_P3	Contig:91:230.107:471,Contig:109:106.709:3p:1:10:623,Contig:116:123.592:3031,Contig:109:106.709:8231,Contig:139:104.06:1773,Contig:109:106.709:3p:1:8:436,Contig:54:70.0514:5p:1:12:560,Contig:21:227.209:503,Contig:112:317.28:3p:1:8:365,Contig:54:70.0514:17099,Contig:105:200.428:3p:1:75:908,Contig:105:200.428:1197,Contig:55:242.999:3325,Contig:4:133.862:3p:1:6:408,Contig:109:106.709:3p:1:9:115,Contig:21:227.209:5p:1:1:119,Contig:54:70.0514:5p:1:2:139,Contig:94:141.101:1045,Contig:105:200.428:3p:1:85:606,Contig:41:105.771:5675,Contig:112:317.28:3p:1:6:111,Contig:87:177.248:3207,Contig:7:122.06:505,Contig:112:317.28:3p:1:9:126,Contig:54:70.0514:5p:1:3:439,Contig:105:200.428:3p:1:27:537,Contig:85:57.4677:150171,Contig:105:200.428:3p:1:84:311,Contig:105:200.428:3p:1:70:641,Contig:112:317.28:822,Contig:125:197.11:1176,Contig:136:170.198:1028	5	-0.8258273731411034	8.739889729	1.0622753847692665	PBF_P15	Contig:118:71.1096:4158,Contig:105:200.428:3p:1:67:105	5	-0.09225553026369732	0.5770316099999999	1.97712563007855	5	-1.1970787599988615	11.114541779	0.5248754930853465	Contig:111:49.3152:4086,Contig:60:745.323:765,Contig:105:200.428:3p:1:42:304,Contig:105:200.428:3p:1:89:153,Contig:105:200.428:3p:1:93:311,Contig:105:200.428:3p:1:94:550,Contig:105:200.428:3p:1:95:314,Contig:105:200.428:3p:1:98:153,Contig:105:200.428:3p:1:105:267,Contig:111:49.3152:5p:1:4:182	0	False	0
ecol-SAMN36938185	PBF_P3	Contig:91:230.107:471,Contig:109:106.709:3p:1:10:623,Contig:116:123.592:3031,Contig:109:106.709:8231,Contig:139:104.06:1773,Contig:109:106.709:3p:1:8:436,Contig:54:70.0514:5p:1:12:560,Contig:21:227.209:503,Contig:112:317.28:3p:1:8:365,Contig:54:70.0514:17099,Contig:105:200.428:3p:1:75:908,Contig:105:200.428:1197,Contig:55:242.999:3325,Contig:4:133.862:3p:1:6:408,Contig:109:106.709:3p:1:9:115,Contig:21:227.209:5p:1:1:119,Contig:54:70.0514:5p:1:2:139,Contig:94:141.101:1045,Contig:105:200.428:3p:1:85:606,Contig:41:105.771:5675,Contig:112:317.28:3p:1:6:111,Contig:87:177.248:3207,Contig:7:122.06:505,Contig:112:317.28:3p:1:9:126,Contig:54:70.0514:5p:1:3:439,Contig:105:200.428:3p:1:27:537,Contig:85:57.4677:150171,Contig:105:200.428:3p:1:84:311,Contig:105:200.428:3p:1:70:641,Contig:112:317.28:822,Contig:125:197.11:1176,Contig:136:170.198:1028	5	-0.8258273731411034	8.739889729	1.0622753847692665	PBF_P16	Contig:116:123.592:3031,Contig:105:200.428:3p:1:106:823	4	0.0	0.64959508	1.108771645643922	5	-0.9376967586328387	9.389484808999999	1.0622753847692366		0	True	0
ecol-SAMN36938185	PBF_P3	Contig:91:230.107:471,Contig:109:106.709:3p:1:10:623,Contig:116:123.592:3031,Contig:109:106.709:8231,Contig:139:104.06:1773,Contig:109:106.709:3p:1:8:436,Contig:54:70.0514:5p:1:12:560,Contig:21:227.209:503,Contig:112:317.28:3p:1:8:365,Contig:54:70.0514:17099,Contig:105:200.428:3p:1:75:908,Contig:105:200.428:1197,Contig:55:242.999:3325,Contig:4:133.862:3p:1:6:408,Contig:109:106.709:3p:1:9:115,Contig:21:227.209:5p:1:1:119,Contig:54:70.0514:5p:1:2:139,Contig:94:141.101:1045,Contig:105:200.428:3p:1:85:606,Contig:41:105.771:5675,Contig:112:317.28:3p:1:6:111,Contig:87:177.248:3207,Contig:7:122.06:505,Contig:112:317.28:3p:1:9:126,Contig:54:70.0514:5p:1:3:439,Contig:105:200.428:3p:1:27:537,Contig:85:57.4677:150171,Contig:105:200.428:3p:1:84:311,Contig:105:200.428:3p:1:70:641,Contig:112:317.28:822,Contig:125:197.11:1176,Contig:136:170.198:1028	5	-0.8258273731411034	8.739889729	1.0622753847692665	PBF_P17	Contig:141:51.4419:11613	4	0.0	0.20781945999999996	1.026197473057015	5	-1.1101200504329514	9.199111288999998	0.9898197861602966	Contig:56:55.288:14254,Contig:105:200.428:3p:1:2:309,Contig:105:200.428:3p:1:120:133,Contig:105:200.428:3p:1:121:466	0	False	0
ecol-SAMN36938185	PBF_P4	Contig:109:106.709:3p:1:10:623,Contig:105:200.428:3p:1:2:309,Contig:43:46.5431:358185,Contig:109:106.709:8231,Contig:1:234.332:1392,Contig:21:227.209:503,Contig:54:70.0514:5p:1:12:560,Contig:105:200.428:3p:1:76:364,Contig:136:170.198:5p:1:19:460,Contig:81:167.081:1059,Contig:98:116.765:2137,Contig:8:146.985:3255,Contig:10:151.513:5253,Contig:112:317.28:3p:1:8:365,Contig:54:70.0514:17099,Contig:105:200.428:3p:1:75:908,Contig:105:200.428:1197,Contig:105:200.428:3p:1:121:466,Contig:55:242.999:3325,Contig:4:133.862:3p:1:6:408,Contig:102:118.99:6464,Contig:21:227.209:5p:1:1:119,Contig:119:94.8888:5p:1:1:458,Contig:54:70.0514:5p:1:2:139,Contig:142:195.561:1607,Contig:109:106.709:3p:1:9:115,Contig:109:106.709:3p:1:8:436,Contig:105:200.428:3p:1:85:606,Contig:41:105.771:5675,Contig:8:146.985:3p:1:4:145,Contig:119:94.8888:880,Contig:112:317.28:3p:1:6:111,Contig:87:177.248:3207,Contig:105:200.428:3p:1:120:133,Contig:88:95.5494:542,Contig:7:122.06:505,Contig:5:104.891:1466,Contig:4:133.862:1456,Contig:131:49.0643:42829,Contig:112:317.28:3p:1:9:126,Contig:54:70.0514:5p:1:3:439,Contig:105:200.428:3p:1:77:455,Contig:105:200.428:3p:1:84:311,Contig:85:57.4677:150171,Contig:105:200.428:3p:1:70:641,Contig:105:200.428:3p:1:27:537,Contig:102:118.99:3p:1:10:493,Contig:112:317.28:822,Contig:125:197.11:1176,Contig:136:170.198:1028,Contig:105:200.428:3p:1:64:735,Contig:102:118.99:3p:1:14:524,Contig:124:222.636:1176	5	0	0	0	PBF_P5	Contig:54:70.0514:5p:1:12:560,Contig:21:227.209:503,Contig:98:116.765:2137,Contig:112:317.28:3p:1:8:365,Contig:54:70.0514:17099,Contig:105:200.428:3p:1:75:908,Contig:55:242.999:3325,Contig:4:133.862:3p:1:6:408,Contig:21:227.209:5p:1:1:119,Contig:54:70.0514:5p:1:2:139,Contig:105:200.428:3p:1:85:606,Contig:41:105.771:5675,Contig:112:317.28:3p:1:6:111,Contig:87:177.248:3207,Contig:7:122.06:505,Contig:112:317.28:3p:1:9:126,Contig:54:70.0514:5p:1:3:439,Contig:85:57.4677:150171,Contig:105:200.428:3p:1:84:311,Contig:105:200.428:3p:1:70:641,Contig:112:317.28:822,Contig:125:197.11:1176,Contig:136:170.198:1028,Contig:105:200.428:3p:1:64:735	5	0	0	0	0	0	0	0	[]	0	1	1
ecol-SAMN36938185	PBF_P4	Contig:109:106.709:3p:1:10:623,Contig:105:200.428:3p:1:2:309,Contig:43:46.5431:358185,Contig:109:106.709:8231,Contig:1:234.332:1392,Contig:21:227.209:503,Contig:54:70.0514:5p:1:12:560,Contig:105:200.428:3p:1:76:364,Contig:136:170.198:5p:1:19:460,Contig:81:167.081:1059,Contig:98:116.765:2137,Contig:8:146.985:3255,Contig:10:151.513:5253,Contig:112:317.28:3p:1:8:365,Contig:54:70.0514:17099,Contig:105:200.428:3p:1:75:908,Contig:105:200.428:1197,Contig:105:200.428:3p:1:121:466,Contig:55:242.999:3325,Contig:4:133.862:3p:1:6:408,Contig:102:118.99:6464,Contig:21:227.209:5p:1:1:119,Contig:119:94.8888:5p:1:1:458,Contig:54:70.0514:5p:1:2:139,Contig:142:195.561:1607,Contig:109:106.709:3p:1:9:115,Contig:109:106.709:3p:1:8:436,Contig:105:200.428:3p:1:85:606,Contig:41:105.771:5675,Contig:8:146.985:3p:1:4:145,Contig:119:94.8888:880,Contig:112:317.28:3p:1:6:111,Contig:87:177.248:3207,Contig:105:200.428:3p:1:120:133,Contig:88:95.5494:542,Contig:7:122.06:505,Contig:5:104.891:1466,Contig:4:133.862:1456,Contig:131:49.0643:42829,Contig:112:317.28:3p:1:9:126,Contig:54:70.0514:5p:1:3:439,Contig:105:200.428:3p:1:77:455,Contig:105:200.428:3p:1:84:311,Contig:85:57.4677:150171,Contig:105:200.428:3p:1:70:641,Contig:105:200.428:3p:1:27:537,Contig:102:118.99:3p:1:10:493,Contig:112:317.28:822,Contig:125:197.11:1176,Contig:136:170.198:1028,Contig:105:200.428:3p:1:64:735,Contig:102:118.99:3p:1:14:524,Contig:124:222.636:1176	5	-1.1512692396132773	6.2589754750000015	0.8896916051868373	PBF_P6	Contig:105:200.428:3p:1:80:795,Contig:105:200.428:3p:1:75:908,Contig:112:317.28:822,Contig:112:317.28:3p:1:6:111,Contig:143:93.8449:8241,Contig:87:177.248:3207,Contig:21:227.209:5p:1:1:119,Contig:136:170.198:1028,Contig:21:227.209:503,Contig:124:222.636:1176,Contig:5:104.891:1466	5	-0.34383550049634837	4.258891	1.0144986875900674	5	-1.7545773343517406	11.980081945000002	0.5248754930853465	Contig:132:118.362:554,Contig:47:114.198:1862,Contig:60:745.323:765,Contig:105:200.428:3p:1:42:304,Contig:105:200.428:3p:1:89:153,Contig:105:200.428:3p:1:93:311,Contig:105:200.428:3p:1:94:550,Contig:105:200.428:3p:1:95:314,Contig:105:200.428:3p:1:98:153,Contig:105:200.428:3p:1:105:267	0	True	0
ecol-SAMN36938185	PBF_P4	Contig:109:106.709:3p:1:10:623,Contig:105:200.428:3p:1:2:309,Contig:43:46.5431:358185,Contig:109:106.709:8231,Contig:1:234.332:1392,Contig:21:227.209:503,Contig:54:70.0514:5p:1:12:560,Contig:105:200.428:3p:1:76:364,Contig:136:170.198:5p:1:19:460,Contig:81:167.081:1059,Contig:98:116.765:2137,Contig:8:146.985:3255,Contig:10:151.513:5253,Contig:112:317.28:3p:1:8:365,Contig:54:70.0514:17099,Contig:105:200.428:3p:1:75:908,Contig:105:200.428:1197,Contig:105:200.428:3p:1:121:466,Contig:55:242.999:3325,Contig:4:133.862:3p:1:6:408,Contig:102:118.99:6464,Contig:21:227.209:5p:1:1:119,Contig:119:94.8888:5p:1:1:458,Contig:54:70.0514:5p:1:2:139,Contig:142:195.561:1607,Contig:109:106.709:3p:1:9:115,Contig:109:106.709:3p:1:8:436,Contig:105:200.428:3p:1:85:606,Contig:41:105.771:5675,Contig:8:146.985:3p:1:4:145,Contig:119:94.8888:880,Contig:112:317.28:3p:1:6:111,Contig:87:177.248:3207,Contig:105:200.428:3p:1:120:133,Contig:88:95.5494:542,Contig:7:122.06:505,Contig:5:104.891:1466,Contig:4:133.862:1456,Contig:131:49.0643:42829,Contig:112:317.28:3p:1:9:126,Contig:54:70.0514:5p:1:3:439,Contig:105:200.428:3p:1:77:455,Contig:105:200.428:3p:1:84:311,Contig:85:57.4677:150171,Contig:105:200.428:3p:1:70:641,Contig:105:200.428:3p:1:27:537,Contig:102:118.99:3p:1:10:493,Contig:112:317.28:822,Contig:125:197.11:1176,Contig:136:170.198:1028,Contig:105:200.428:3p:1:64:735,Contig:102:118.99:3p:1:14:524,Contig:124:222.636:1176	5	0	0	0	PBF_P7	Contig:105:200.428:3p:1:77:455,Contig:112:317.28:822,Contig:112:317.28:3p:1:6:111,Contig:102:118.99:6464,Contig:87:177.248:3207,Contig:21:227.209:5p:1:1:119,Contig:136:170.198:1028,Contig:21:227.209:503,Contig:124:222.636:1176,Contig:5:104.891:1466	5	0	0	0	0	0	0	0	[]	0	1	1
ecol-SAMN36938185	PBF_P4	Contig:109:106.709:3p:1:10:623,Contig:105:200.428:3p:1:2:309,Contig:43:46.5431:358185,Contig:109:106.709:8231,Contig:1:234.332:1392,Contig:21:227.209:503,Contig:54:70.0514:5p:1:12:560,Contig:105:200.428:3p:1:76:364,Contig:136:170.198:5p:1:19:460,Contig:81:167.081:1059,Contig:98:116.765:2137,Contig:8:146.985:3255,Contig:10:151.513:5253,Contig:112:317.28:3p:1:8:365,Contig:54:70.0514:17099,Contig:105:200.428:3p:1:75:908,Contig:105:200.428:1197,Contig:105:200.428:3p:1:121:466,Contig:55:242.999:3325,Contig:4:133.862:3p:1:6:408,Contig:102:118.99:6464,Contig:21:227.209:5p:1:1:119,Contig:119:94.8888:5p:1:1:458,Contig:54:70.0514:5p:1:2:139,Contig:142:195.561:1607,Contig:109:106.709:3p:1:9:115,Contig:109:106.709:3p:1:8:436,Contig:105:200.428:3p:1:85:606,Contig:41:105.771:5675,Contig:8:146.985:3p:1:4:145,Contig:119:94.8888:880,Contig:112:317.28:3p:1:6:111,Contig:87:177.248:3207,Contig:105:200.428:3p:1:120:133,Contig:88:95.5494:542,Contig:7:122.06:505,Contig:5:104.891:1466,Contig:4:133.862:1456,Contig:131:49.0643:42829,Contig:112:317.28:3p:1:9:126,Contig:54:70.0514:5p:1:3:439,Contig:105:200.428:3p:1:77:455,Contig:105:200.428:3p:1:84:311,Contig:85:57.4677:150171,Contig:105:200.428:3p:1:70:641,Contig:105:200.428:3p:1:27:537,Contig:102:118.99:3p:1:10:493,Contig:112:317.28:822,Contig:125:197.11:1176,Contig:136:170.198:1028,Contig:105:200.428:3p:1:64:735,Contig:102:118.99:3p:1:14:524,Contig:124:222.636:1176	5	0	0	0	PBF_P8	Contig:55:242.999:3325,Contig:4:133.862:3p:1:6:408,Contig:105:200.428:3p:1:64:735,Contig:98:116.765:2137	5	0	0	0	0	0	0	0	[]	0	1	1
ecol-SAMN36938185	PBF_P4	Contig:109:106.709:3p:1:10:623,Contig:105:200.428:3p:1:2:309,Contig:43:46.5431:358185,Contig:109:106.709:8231,Contig:1:234.332:1392,Contig:21:227.209:503,Contig:54:70.0514:5p:1:12:560,Contig:105:200.428:3p:1:76:364,Contig:136:170.198:5p:1:19:460,Contig:81:167.081:1059,Contig:98:116.765:2137,Contig:8:146.985:3255,Contig:10:151.513:5253,Contig:112:317.28:3p:1:8:365,Contig:54:70.0514:17099,Contig:105:200.428:3p:1:75:908,Contig:105:200.428:1197,Contig:105:200.428:3p:1:121:466,Contig:55:242.999:3325,Contig:4:133.862:3p:1:6:408,Contig:102:118.99:6464,Contig:21:227.209:5p:1:1:119,Contig:119:94.8888:5p:1:1:458,Contig:54:70.0514:5p:1:2:139,Contig:142:195.561:1607,Contig:109:106.709:3p:1:9:115,Contig:109:106.709:3p:1:8:436,Contig:105:200.428:3p:1:85:606,Contig:41:105.771:5675,Contig:8:146.985:3p:1:4:145,Contig:119:94.8888:880,Contig:112:317.28:3p:1:6:111,Contig:87:177.248:3207,Contig:105:200.428:3p:1:120:133,Contig:88:95.5494:542,Contig:7:122.06:505,Contig:5:104.891:1466,Contig:4:133.862:1456,Contig:131:49.0643:42829,Contig:112:317.28:3p:1:9:126,Contig:54:70.0514:5p:1:3:439,Contig:105:200.428:3p:1:77:455,Contig:105:200.428:3p:1:84:311,Contig:85:57.4677:150171,Contig:105:200.428:3p:1:70:641,Contig:105:200.428:3p:1:27:537,Contig:102:118.99:3p:1:10:493,Contig:112:317.28:822,Contig:125:197.11:1176,Contig:136:170.198:1028,Contig:105:200.428:3p:1:64:735,Contig:102:118.99:3p:1:14:524,Contig:124:222.636:1176	5	-1.1512692396132773	6.2589754750000015	0.8896916051868373	PBF_P9	Contig:105:200.428:3p:1:85:606,Contig:105:200.428:3p:1:31:325,Contig:105:200.428:3p:1:77:455,Contig:111:49.3152:5p:1:4:182,Contig:112:317.28:822,Contig:112:317.28:3p:1:6:111,Contig:102:118.99:6464,Contig:2:67.9311:4179,Contig:24:72.3943:11592,Contig:112:317.28:3p:1:8:365	4	-0.29854976106221015	2.4653555600000003	1.1605132512674594	5	-1.815796529171178	10.301131645000002	0.5248754930853465	Contig:111:49.3152:4086,Contig:60:745.323:765,Contig:105:200.428:3p:1:42:304,Contig:105:200.428:3p:1:89:153,Contig:105:200.428:3p:1:93:311,Contig:105:200.428:3p:1:94:550,Contig:105:200.428:3p:1:95:314,Contig:105:200.428:3p:1:98:153,Contig:105:200.428:3p:1:105:267	0	True	0
ecol-SAMN36938185	PBF_P4	Contig:109:106.709:3p:1:10:623,Contig:105:200.428:3p:1:2:309,Contig:43:46.5431:358185,Contig:109:106.709:8231,Contig:1:234.332:1392,Contig:21:227.209:503,Contig:54:70.0514:5p:1:12:560,Contig:105:200.428:3p:1:76:364,Contig:136:170.198:5p:1:19:460,Contig:81:167.081:1059,Contig:98:116.765:2137,Contig:8:146.985:3255,Contig:10:151.513:5253,Contig:112:317.28:3p:1:8:365,Contig:54:70.0514:17099,Contig:105:200.428:3p:1:75:908,Contig:105:200.428:1197,Contig:105:200.428:3p:1:121:466,Contig:55:242.999:3325,Contig:4:133.862:3p:1:6:408,Contig:102:118.99:6464,Contig:21:227.209:5p:1:1:119,Contig:119:94.8888:5p:1:1:458,Contig:54:70.0514:5p:1:2:139,Contig:142:195.561:1607,Contig:109:106.709:3p:1:9:115,Contig:109:106.709:3p:1:8:436,Contig:105:200.428:3p:1:85:606,Contig:41:105.771:5675,Contig:8:146.985:3p:1:4:145,Contig:119:94.8888:880,Contig:112:317.28:3p:1:6:111,Contig:87:177.248:3207,Contig:105:200.428:3p:1:120:133,Contig:88:95.5494:542,Contig:7:122.06:505,Contig:5:104.891:1466,Contig:4:133.862:1456,Contig:131:49.0643:42829,Contig:112:317.28:3p:1:9:126,Contig:54:70.0514:5p:1:3:439,Contig:105:200.428:3p:1:77:455,Contig:105:200.428:3p:1:84:311,Contig:85:57.4677:150171,Contig:105:200.428:3p:1:70:641,Contig:105:200.428:3p:1:27:537,Contig:102:118.99:3p:1:10:493,Contig:112:317.28:822,Contig:125:197.11:1176,Contig:136:170.198:1028,Contig:105:200.428:3p:1:64:735,Contig:102:118.99:3p:1:14:524,Contig:124:222.636:1176	5	-1.1512692396132773	6.2589754750000015	0.8896916051868373	PBF_P10	Contig:21:227.209:5p:1:1:119,Contig:21:227.209:503,Contig:59:135.843:7417,Contig:124:222.636:1176	5	-0.009840454370120988	1.42159809	1.4514536720372713	5	-1.288124106241398	9.291365495	0.5248754930853465	Contig:60:745.323:765,Contig:105:200.428:3p:1:20:204,Contig:105:200.428:3p:1:42:304,Contig:105:200.428:3p:1:89:153,Contig:105:200.428:3p:1:90:457,Contig:105:200.428:3p:1:93:311,Contig:105:200.428:3p:1:94:550,Contig:105:200.428:3p:1:95:314,Contig:105:200.428:3p:1:98:153,Contig:105:200.428:3p:1:105:267	0	True	0
ecol-SAMN36938185	PBF_P4	Contig:109:106.709:3p:1:10:623,Contig:105:200.428:3p:1:2:309,Contig:43:46.5431:358185,Contig:109:106.709:8231,Contig:1:234.332:1392,Contig:21:227.209:503,Contig:54:70.0514:5p:1:12:560,Contig:105:200.428:3p:1:76:364,Contig:136:170.198:5p:1:19:460,Contig:81:167.081:1059,Contig:98:116.765:2137,Contig:8:146.985:3255,Contig:10:151.513:5253,Contig:112:317.28:3p:1:8:365,Contig:54:70.0514:17099,Contig:105:200.428:3p:1:75:908,Contig:105:200.428:1197,Contig:105:200.428:3p:1:121:466,Contig:55:242.999:3325,Contig:4:133.862:3p:1:6:408,Contig:102:118.99:6464,Contig:21:227.209:5p:1:1:119,Contig:119:94.8888:5p:1:1:458,Contig:54:70.0514:5p:1:2:139,Contig:142:195.561:1607,Contig:109:106.709:3p:1:9:115,Contig:109:106.709:3p:1:8:436,Contig:105:200.428:3p:1:85:606,Contig:41:105.771:5675,Contig:8:146.985:3p:1:4:145,Contig:119:94.8888:880,Contig:112:317.28:3p:1:6:111,Contig:87:177.248:3207,Contig:105:200.428:3p:1:120:133,Contig:88:95.5494:542,Contig:7:122.06:505,Contig:5:104.891:1466,Contig:4:133.862:1456,Contig:131:49.0643:42829,Contig:112:317.28:3p:1:9:126,Contig:54:70.0514:5p:1:3:439,Contig:105:200.428:3p:1:77:455,Contig:105:200.428:3p:1:84:311,Contig:85:57.4677:150171,Contig:105:200.428:3p:1:70:641,Contig:105:200.428:3p:1:27:537,Contig:102:118.99:3p:1:10:493,Contig:112:317.28:822,Contig:125:197.11:1176,Contig:136:170.198:1028,Contig:105:200.428:3p:1:64:735,Contig:102:118.99:3p:1:14:524,Contig:124:222.636:1176	5	-1.1512692396132773	6.2589754750000015	0.8896916051868373	PBF_P11	Contig:126:83.2145:3802,Contig:105:200.428:3p:1:77:455,Contig:112:317.28:822	4	0.0	1.19945736	1.1299475553858878	5	-1.3750177972887618	7.458432835000002	0.8896916051871813		0	True	0
ecol-SAMN36938185	PBF_P4	Contig:109:106.709:3p:1:10:623,Contig:105:200.428:3p:1:2:309,Contig:43:46.5431:358185,Contig:109:106.709:8231,Contig:1:234.332:1392,Contig:21:227.209:503,Contig:54:70.0514:5p:1:12:560,Contig:105:200.428:3p:1:76:364,Contig:136:170.198:5p:1:19:460,Contig:81:167.081:1059,Contig:98:116.765:2137,Contig:8:146.985:3255,Contig:10:151.513:5253,Contig:112:317.28:3p:1:8:365,Contig:54:70.0514:17099,Contig:105:200.428:3p:1:75:908,Contig:105:200.428:1197,Contig:105:200.428:3p:1:121:466,Contig:55:242.999:3325,Contig:4:133.862:3p:1:6:408,Contig:102:118.99:6464,Contig:21:227.209:5p:1:1:119,Contig:119:94.8888:5p:1:1:458,Contig:54:70.0514:5p:1:2:139,Contig:142:195.561:1607,Contig:109:106.709:3p:1:9:115,Contig:109:106.709:3p:1:8:436,Contig:105:200.428:3p:1:85:606,Contig:41:105.771:5675,Contig:8:146.985:3p:1:4:145,Contig:119:94.8888:880,Contig:112:317.28:3p:1:6:111,Contig:87:177.248:3207,Contig:105:200.428:3p:1:120:133,Contig:88:95.5494:542,Contig:7:122.06:505,Contig:5:104.891:1466,Contig:4:133.862:1456,Contig:131:49.0643:42829,Contig:112:317.28:3p:1:9:126,Contig:54:70.0514:5p:1:3:439,Contig:105:200.428:3p:1:77:455,Contig:105:200.428:3p:1:84:311,Contig:85:57.4677:150171,Contig:105:200.428:3p:1:70:641,Contig:105:200.428:3p:1:27:537,Contig:102:118.99:3p:1:10:493,Contig:112:317.28:822,Contig:125:197.11:1176,Contig:136:170.198:1028,Contig:105:200.428:3p:1:64:735,Contig:102:118.99:3p:1:14:524,Contig:124:222.636:1176	5	-1.1512692396132773	6.2589754750000015	0.8896916051868373	PBF_P12	Contig:70:100.261:4186	5	0.0	0.18894200000000005	1.8535859849839733	5	-1.1512692396132773	6.535967955000001	0.8896916051871813	Contig:114:81.2978:11643,Contig:18:162.887:3959,Contig:105:200.428:3p:1:63:198	0	False	0
ecol-SAMN36938185	PBF_P4	Contig:109:106.709:3p:1:10:623,Contig:105:200.428:3p:1:2:309,Contig:43:46.5431:358185,Contig:109:106.709:8231,Contig:1:234.332:1392,Contig:21:227.209:503,Contig:54:70.0514:5p:1:12:560,Contig:105:200.428:3p:1:76:364,Contig:136:170.198:5p:1:19:460,Contig:81:167.081:1059,Contig:98:116.765:2137,Contig:8:146.985:3255,Contig:10:151.513:5253,Contig:112:317.28:3p:1:8:365,Contig:54:70.0514:17099,Contig:105:200.428:3p:1:75:908,Contig:105:200.428:1197,Contig:105:200.428:3p:1:121:466,Contig:55:242.999:3325,Contig:4:133.862:3p:1:6:408,Contig:102:118.99:6464,Contig:21:227.209:5p:1:1:119,Contig:119:94.8888:5p:1:1:458,Contig:54:70.0514:5p:1:2:139,Contig:142:195.561:1607,Contig:109:106.709:3p:1:9:115,Contig:109:106.709:3p:1:8:436,Contig:105:200.428:3p:1:85:606,Contig:41:105.771:5675,Contig:8:146.985:3p:1:4:145,Contig:119:94.8888:880,Contig:112:317.28:3p:1:6:111,Contig:87:177.248:3207,Contig:105:200.428:3p:1:120:133,Contig:88:95.5494:542,Contig:7:122.06:505,Contig:5:104.891:1466,Contig:4:133.862:1456,Contig:131:49.0643:42829,Contig:112:317.28:3p:1:9:126,Contig:54:70.0514:5p:1:3:439,Contig:105:200.428:3p:1:77:455,Contig:105:200.428:3p:1:84:311,Contig:85:57.4677:150171,Contig:105:200.428:3p:1:70:641,Contig:105:200.428:3p:1:27:537,Contig:102:118.99:3p:1:10:493,Contig:112:317.28:822,Contig:125:197.11:1176,Contig:136:170.198:1028,Contig:105:200.428:3p:1:64:735,Contig:102:118.99:3p:1:14:524,Contig:124:222.636:1176	5	-1.1512692396132773	6.2589754750000015	0.8896916051868373	PBF_P13	Contig:79:60.4369:8307,Contig:105:200.428:3p:1:63:198	4	-0.12182616961445597	0.61522817	1.363945340494552	5	-1.2823655991686407	7.012958345000001	0.8896916051871813	Contig:137:191.399:770	0	False	0
ecol-SAMN36938185	PBF_P4	Contig:109:106.709:3p:1:10:623,Contig:105:200.428:3p:1:2:309,Contig:43:46.5431:358185,Contig:109:106.709:8231,Contig:1:234.332:1392,Contig:21:227.209:503,Contig:54:70.0514:5p:1:12:560,Contig:105:200.428:3p:1:76:364,Contig:136:170.198:5p:1:19:460,Contig:81:167.081:1059,Contig:98:116.765:2137,Contig:8:146.985:3255,Contig:10:151.513:5253,Contig:112:317.28:3p:1:8:365,Contig:54:70.0514:17099,Contig:105:200.428:3p:1:75:908,Contig:105:200.428:1197,Contig:105:200.428:3p:1:121:466,Contig:55:242.999:3325,Contig:4:133.862:3p:1:6:408,Contig:102:118.99:6464,Contig:21:227.209:5p:1:1:119,Contig:119:94.8888:5p:1:1:458,Contig:54:70.0514:5p:1:2:139,Contig:142:195.561:1607,Contig:109:106.709:3p:1:9:115,Contig:109:106.709:3p:1:8:436,Contig:105:200.428:3p:1:85:606,Contig:41:105.771:5675,Contig:8:146.985:3p:1:4:145,Contig:119:94.8888:880,Contig:112:317.28:3p:1:6:111,Contig:87:177.248:3207,Contig:105:200.428:3p:1:120:133,Contig:88:95.5494:542,Contig:7:122.06:505,Contig:5:104.891:1466,Contig:4:133.862:1456,Contig:131:49.0643:42829,Contig:112:317.28:3p:1:9:126,Contig:54:70.0514:5p:1:3:439,Contig:105:200.428:3p:1:77:455,Contig:105:200.428:3p:1:84:311,Contig:85:57.4677:150171,Contig:105:200.428:3p:1:70:641,Contig:105:200.428:3p:1:27:537,Contig:102:118.99:3p:1:10:493,Contig:112:317.28:822,Contig:125:197.11:1176,Contig:136:170.198:1028,Contig:105:200.428:3p:1:64:735,Contig:102:118.99:3p:1:14:524,Contig:124:222.636:1176	5	-1.1512692396132773	6.2589754750000015	0.8896916051868373	PBF_P14	Contig:32:104.791:5115,Contig:102:118.99:3p:1:10:493,Contig:102:118.99:3p:1:8:296	5	-0.10209795273576361	0.4882590499999999	1.023154946670896	5	-1.253367192349041	6.747234525000001	0.8896916051871813		0	True	0
ecol-SAMN36938185	PBF_P4	Contig:109:106.709:3p:1:10:623,Contig:105:200.428:3p:1:2:309,Contig:43:46.5431:358185,Contig:109:106.709:8231,Contig:1:234.332:1392,Contig:21:227.209:503,Contig:54:70.0514:5p:1:12:560,Contig:105:200.428:3p:1:76:364,Contig:136:170.198:5p:1:19:460,Contig:81:167.081:1059,Contig:98:116.765:2137,Contig:8:146.985:3255,Contig:10:151.513:5253,Contig:112:317.28:3p:1:8:365,Contig:54:70.0514:17099,Contig:105:200.428:3p:1:75:908,Contig:105:200.428:1197,Contig:105:200.428:3p:1:121:466,Contig:55:242.999:3325,Contig:4:133.862:3p:1:6:408,Contig:102:118.99:6464,Contig:21:227.209:5p:1:1:119,Contig:119:94.8888:5p:1:1:458,Contig:54:70.0514:5p:1:2:139,Contig:142:195.561:1607,Contig:109:106.709:3p:1:9:115,Contig:109:106.709:3p:1:8:436,Contig:105:200.428:3p:1:85:606,Contig:41:105.771:5675,Contig:8:146.985:3p:1:4:145,Contig:119:94.8888:880,Contig:112:317.28:3p:1:6:111,Contig:87:177.248:3207,Contig:105:200.428:3p:1:120:133,Contig:88:95.5494:542,Contig:7:122.06:505,Contig:5:104.891:1466,Contig:4:133.862:1456,Contig:131:49.0643:42829,Contig:112:317.28:3p:1:9:126,Contig:54:70.0514:5p:1:3:439,Contig:105:200.428:3p:1:77:455,Contig:105:200.428:3p:1:84:311,Contig:85:57.4677:150171,Contig:105:200.428:3p:1:70:641,Contig:105:200.428:3p:1:27:537,Contig:102:118.99:3p:1:10:493,Contig:112:317.28:822,Contig:125:197.11:1176,Contig:136:170.198:1028,Contig:105:200.428:3p:1:64:735,Contig:102:118.99:3p:1:14:524,Contig:124:222.636:1176	5	-1.1512692396132773	6.2589754750000015	0.8896916051868373	PBF_P15	Contig:118:71.1096:4158,Contig:105:200.428:3p:1:67:105	5	-0.09225553026369732	0.5770316099999999	1.97712563007855	5	-1.5225206264710354	8.633627525000001	0.5248754930853465	Contig:111:49.3152:4086,Contig:60:745.323:765,Contig:105:200.428:3p:1:42:304,Contig:105:200.428:3p:1:89:153,Contig:105:200.428:3p:1:93:311,Contig:105:200.428:3p:1:94:550,Contig:105:200.428:3p:1:95:314,Contig:105:200.428:3p:1:98:153,Contig:105:200.428:3p:1:105:267,Contig:111:49.3152:5p:1:4:182	0	False	0
ecol-SAMN36938185	PBF_P4	Contig:109:106.709:3p:1:10:623,Contig:105:200.428:3p:1:2:309,Contig:43:46.5431:358185,Contig:109:106.709:8231,Contig:1:234.332:1392,Contig:21:227.209:503,Contig:54:70.0514:5p:1:12:560,Contig:105:200.428:3p:1:76:364,Contig:136:170.198:5p:1:19:460,Contig:81:167.081:1059,Contig:98:116.765:2137,Contig:8:146.985:3255,Contig:10:151.513:5253,Contig:112:317.28:3p:1:8:365,Contig:54:70.0514:17099,Contig:105:200.428:3p:1:75:908,Contig:105:200.428:1197,Contig:105:200.428:3p:1:121:466,Contig:55:242.999:3325,Contig:4:133.862:3p:1:6:408,Contig:102:118.99:6464,Contig:21:227.209:5p:1:1:119,Contig:119:94.8888:5p:1:1:458,Contig:54:70.0514:5p:1:2:139,Contig:142:195.561:1607,Contig:109:106.709:3p:1:9:115,Contig:109:106.709:3p:1:8:436,Contig:105:200.428:3p:1:85:606,Contig:41:105.771:5675,Contig:8:146.985:3p:1:4:145,Contig:119:94.8888:880,Contig:112:317.28:3p:1:6:111,Contig:87:177.248:3207,Contig:105:200.428:3p:1:120:133,Contig:88:95.5494:542,Contig:7:122.06:505,Contig:5:104.891:1466,Contig:4:133.862:1456,Contig:131:49.0643:42829,Contig:112:317.28:3p:1:9:126,Contig:54:70.0514:5p:1:3:439,Contig:105:200.428:3p:1:77:455,Contig:105:200.428:3p:1:84:311,Contig:85:57.4677:150171,Contig:105:200.428:3p:1:70:641,Contig:105:200.428:3p:1:27:537,Contig:102:118.99:3p:1:10:493,Contig:112:317.28:822,Contig:125:197.11:1176,Contig:136:170.198:1028,Contig:105:200.428:3p:1:64:735,Contig:102:118.99:3p:1:14:524,Contig:124:222.636:1176	5	-1.1512692396132773	6.2589754750000015	0.8896916051868373	PBF_P16	Contig:116:123.592:3031,Contig:105:200.428:3p:1:106:823	4	0.0	0.64959508	1.108771645643922	0	0	0	0		1	False	0
ecol-SAMN36938185	PBF_P4	Contig:109:106.709:3p:1:10:623,Contig:105:200.428:3p:1:2:309,Contig:43:46.5431:358185,Contig:109:106.709:8231,Contig:1:234.332:1392,Contig:21:227.209:503,Contig:54:70.0514:5p:1:12:560,Contig:105:200.428:3p:1:76:364,Contig:136:170.198:5p:1:19:460,Contig:81:167.081:1059,Contig:98:116.765:2137,Contig:8:146.985:3255,Contig:10:151.513:5253,Contig:112:317.28:3p:1:8:365,Contig:54:70.0514:17099,Contig:105:200.428:3p:1:75:908,Contig:105:200.428:1197,Contig:105:200.428:3p:1:121:466,Contig:55:242.999:3325,Contig:4:133.862:3p:1:6:408,Contig:102:118.99:6464,Contig:21:227.209:5p:1:1:119,Contig:119:94.8888:5p:1:1:458,Contig:54:70.0514:5p:1:2:139,Contig:142:195.561:1607,Contig:109:106.709:3p:1:9:115,Contig:109:106.709:3p:1:8:436,Contig:105:200.428:3p:1:85:606,Contig:41:105.771:5675,Contig:8:146.985:3p:1:4:145,Contig:119:94.8888:880,Contig:112:317.28:3p:1:6:111,Contig:87:177.248:3207,Contig:105:200.428:3p:1:120:133,Contig:88:95.5494:542,Contig:7:122.06:505,Contig:5:104.891:1466,Contig:4:133.862:1456,Contig:131:49.0643:42829,Contig:112:317.28:3p:1:9:126,Contig:54:70.0514:5p:1:3:439,Contig:105:200.428:3p:1:77:455,Contig:105:200.428:3p:1:84:311,Contig:85:57.4677:150171,Contig:105:200.428:3p:1:70:641,Contig:105:200.428:3p:1:27:537,Contig:102:118.99:3p:1:10:493,Contig:112:317.28:822,Contig:125:197.11:1176,Contig:136:170.198:1028,Contig:105:200.428:3p:1:64:735,Contig:102:118.99:3p:1:14:524,Contig:124:222.636:1176	5	-1.1512692396132773	6.2589754750000015	0.8896916051868373	PBF_P17	Contig:141:51.4419:11613	4	0.0	0.20781945999999996	1.026197473057015	5	-1.322036169717625	6.466794935000001	0.8896916051871813		0	False	0
ecol-SAMN36938185	PBF_P5	Contig:54:70.0514:5p:1:12:560,Contig:21:227.209:503,Contig:98:116.765:2137,Contig:112:317.28:3p:1:8:365,Contig:54:70.0514:17099,Contig:105:200.428:3p:1:75:908,Contig:55:242.999:3325,Contig:4:133.862:3p:1:6:408,Contig:21:227.209:5p:1:1:119,Contig:54:70.0514:5p:1:2:139,Contig:105:200.428:3p:1:85:606,Contig:41:105.771:5675,Contig:112:317.28:3p:1:6:111,Contig:87:177.248:3207,Contig:7:122.06:505,Contig:112:317.28:3p:1:9:126,Contig:54:70.0514:5p:1:3:439,Contig:85:57.4677:150171,Contig:105:200.428:3p:1:84:311,Contig:105:200.428:3p:1:70:641,Contig:112:317.28:822,Contig:125:197.11:1176,Contig:136:170.198:1028,Contig:105:200.428:3p:1:64:735	5	-0.6279141124554677	5.442755029	1.0622753847692665	PBF_P6	Contig:105:200.428:3p:1:80:795,Contig:105:200.428:3p:1:75:908,Contig:112:317.28:822,Contig:112:317.28:3p:1:6:111,Contig:143:93.8449:8241,Contig:87:177.248:3207,Contig:21:227.209:5p:1:1:119,Contig:136:170.198:1028,Contig:21:227.209:503,Contig:124:222.636:1176,Contig:5:104.891:1466	5	-0.34383550049634837	4.258891	1.0144986875900674	5	-1.2312222071939312	11.163861499	0.5248754930853465	Contig:132:118.362:554,Contig:47:114.198:1862,Contig:60:745.323:765,Contig:105:200.428:3p:1:42:304,Contig:105:200.428:3p:1:89:153,Contig:105:200.428:3p:1:93:311,Contig:105:200.428:3p:1:94:550,Contig:105:200.428:3p:1:95:314,Contig:105:200.428:3p:1:98:153,Contig:105:200.428:3p:1:105:267	0	True	0
ecol-SAMN36938185	PBF_P5	Contig:54:70.0514:5p:1:12:560,Contig:21:227.209:503,Contig:98:116.765:2137,Contig:112:317.28:3p:1:8:365,Contig:54:70.0514:17099,Contig:105:200.428:3p:1:75:908,Contig:55:242.999:3325,Contig:4:133.862:3p:1:6:408,Contig:21:227.209:5p:1:1:119,Contig:54:70.0514:5p:1:2:139,Contig:105:200.428:3p:1:85:606,Contig:41:105.771:5675,Contig:112:317.28:3p:1:6:111,Contig:87:177.248:3207,Contig:7:122.06:505,Contig:112:317.28:3p:1:9:126,Contig:54:70.0514:5p:1:3:439,Contig:85:57.4677:150171,Contig:105:200.428:3p:1:84:311,Contig:105:200.428:3p:1:70:641,Contig:112:317.28:822,Contig:125:197.11:1176,Contig:136:170.198:1028,Contig:105:200.428:3p:1:64:735	5	-0.6279141124554677	5.442755029	1.0622753847692665	PBF_P7	Contig:105:200.428:3p:1:77:455,Contig:112:317.28:822,Contig:112:317.28:3p:1:6:111,Contig:102:118.99:6464,Contig:87:177.248:3207,Contig:21:227.209:5p:1:1:119,Contig:136:170.198:1028,Contig:21:227.209:503,Contig:124:222.636:1176,Contig:5:104.891:1466	5	-0.3019163186738171	3.8839211400000004	1.0144986875900674	5	-0.9298304311292848	9.772315469	1.0144986875893665	Contig:105:200.428:3p:1:76:364	0	True	0
ecol-SAMN36938185	PBF_P5	Contig:54:70.0514:5p:1:12:560,Contig:21:227.209:503,Contig:98:116.765:2137,Contig:112:317.28:3p:1:8:365,Contig:54:70.0514:17099,Contig:105:200.428:3p:1:75:908,Contig:55:242.999:3325,Contig:4:133.862:3p:1:6:408,Contig:21:227.209:5p:1:1:119,Contig:54:70.0514:5p:1:2:139,Contig:105:200.428:3p:1:85:606,Contig:41:105.771:5675,Contig:112:317.28:3p:1:6:111,Contig:87:177.248:3207,Contig:7:122.06:505,Contig:112:317.28:3p:1:9:126,Contig:54:70.0514:5p:1:3:439,Contig:85:57.4677:150171,Contig:105:200.428:3p:1:84:311,Contig:105:200.428:3p:1:70:641,Contig:112:317.28:822,Contig:125:197.11:1176,Contig:136:170.198:1028,Contig:105:200.428:3p:1:64:735	5	0	0	0	PBF_P8	Contig:55:242.999:3325,Contig:4:133.862:3p:1:6:408,Contig:105:200.428:3p:1:64:735,Contig:98:116.765:2137	5	0	0	0	0	0	0	0	[]	0	1	1
ecol-SAMN36938185	PBF_P5	Contig:54:70.0514:5p:1:12:560,Contig:21:227.209:503,Contig:98:116.765:2137,Contig:112:317.28:3p:1:8:365,Contig:54:70.0514:17099,Contig:105:200.428:3p:1:75:908,Contig:55:242.999:3325,Contig:4:133.862:3p:1:6:408,Contig:21:227.209:5p:1:1:119,Contig:54:70.0514:5p:1:2:139,Contig:105:200.428:3p:1:85:606,Contig:41:105.771:5675,Contig:112:317.28:3p:1:6:111,Contig:87:177.248:3207,Contig:7:122.06:505,Contig:112:317.28:3p:1:9:126,Contig:54:70.0514:5p:1:3:439,Contig:85:57.4677:150171,Contig:105:200.428:3p:1:84:311,Contig:105:200.428:3p:1:70:641,Contig:112:317.28:822,Contig:125:197.11:1176,Contig:136:170.198:1028,Contig:105:200.428:3p:1:64:735	5	-0.6279141124554677	5.442755029	1.0622753847692665	PBF_P9	Contig:105:200.428:3p:1:85:606,Contig:105:200.428:3p:1:31:325,Contig:105:200.428:3p:1:77:455,Contig:111:49.3152:5p:1:4:182,Contig:112:317.28:822,Contig:112:317.28:3p:1:6:111,Contig:102:118.99:6464,Contig:2:67.9311:4179,Contig:24:72.3943:11592,Contig:112:317.28:3p:1:8:365	4	-0.29854976106221015	2.4653555600000003	1.1605132512674594	5	-1.2924414020133683	9.484911199	0.5248754930853465	Contig:111:49.3152:4086,Contig:60:745.323:765,Contig:105:200.428:3p:1:42:304,Contig:105:200.428:3p:1:89:153,Contig:105:200.428:3p:1:93:311,Contig:105:200.428:3p:1:94:550,Contig:105:200.428:3p:1:95:314,Contig:105:200.428:3p:1:98:153,Contig:105:200.428:3p:1:105:267	0	True	0
ecol-SAMN36938185	PBF_P5	Contig:54:70.0514:5p:1:12:560,Contig:21:227.209:503,Contig:98:116.765:2137,Contig:112:317.28:3p:1:8:365,Contig:54:70.0514:17099,Contig:105:200.428:3p:1:75:908,Contig:55:242.999:3325,Contig:4:133.862:3p:1:6:408,Contig:21:227.209:5p:1:1:119,Contig:54:70.0514:5p:1:2:139,Contig:105:200.428:3p:1:85:606,Contig:41:105.771:5675,Contig:112:317.28:3p:1:6:111,Contig:87:177.248:3207,Contig:7:122.06:505,Contig:112:317.28:3p:1:9:126,Contig:54:70.0514:5p:1:3:439,Contig:85:57.4677:150171,Contig:105:200.428:3p:1:84:311,Contig:105:200.428:3p:1:70:641,Contig:112:317.28:822,Contig:125:197.11:1176,Contig:136:170.198:1028,Contig:105:200.428:3p:1:64:735	5	-0.6279141124554677	5.442755029	1.0622753847692665	PBF_P10	Contig:21:227.209:5p:1:1:119,Contig:21:227.209:503,Contig:59:135.843:7417,Contig:124:222.636:1176	5	-0.009840454370120988	1.42159809	1.4514536720372713	5	-0.7647689790835882	8.475145049	0.5248754930853465	Contig:60:745.323:765,Contig:105:200.428:3p:1:20:204,Contig:105:200.428:3p:1:42:304,Contig:105:200.428:3p:1:89:153,Contig:105:200.428:3p:1:90:457,Contig:105:200.428:3p:1:93:311,Contig:105:200.428:3p:1:94:550,Contig:105:200.428:3p:1:95:314,Contig:105:200.428:3p:1:98:153,Contig:105:200.428:3p:1:105:267	0	True	0
ecol-SAMN36938185	PBF_P5	Contig:54:70.0514:5p:1:12:560,Contig:21:227.209:503,Contig:98:116.765:2137,Contig:112:317.28:3p:1:8:365,Contig:54:70.0514:17099,Contig:105:200.428:3p:1:75:908,Contig:55:242.999:3325,Contig:4:133.862:3p:1:6:408,Contig:21:227.209:5p:1:1:119,Contig:54:70.0514:5p:1:2:139,Contig:105:200.428:3p:1:85:606,Contig:41:105.771:5675,Contig:112:317.28:3p:1:6:111,Contig:87:177.248:3207,Contig:7:122.06:505,Contig:112:317.28:3p:1:9:126,Contig:54:70.0514:5p:1:3:439,Contig:85:57.4677:150171,Contig:105:200.428:3p:1:84:311,Contig:105:200.428:3p:1:70:641,Contig:112:317.28:822,Contig:125:197.11:1176,Contig:136:170.198:1028,Contig:105:200.428:3p:1:64:735	5	-0.6279141124554677	5.442755029	1.0622753847692665	PBF_P11	Contig:126:83.2145:3802,Contig:105:200.428:3p:1:77:455,Contig:112:317.28:822	4	0.0	1.19945736	1.1299475553858878	5	-0.8516626701309522	7.087851689	1.0622753847692366	Contig:105:200.428:3p:1:76:364	0	True	0
ecol-SAMN36938185	PBF_P5	Contig:54:70.0514:5p:1:12:560,Contig:21:227.209:503,Contig:98:116.765:2137,Contig:112:317.28:3p:1:8:365,Contig:54:70.0514:17099,Contig:105:200.428:3p:1:75:908,Contig:55:242.999:3325,Contig:4:133.862:3p:1:6:408,Contig:21:227.209:5p:1:1:119,Contig:54:70.0514:5p:1:2:139,Contig:105:200.428:3p:1:85:606,Contig:41:105.771:5675,Contig:112:317.28:3p:1:6:111,Contig:87:177.248:3207,Contig:7:122.06:505,Contig:112:317.28:3p:1:9:126,Contig:54:70.0514:5p:1:3:439,Contig:85:57.4677:150171,Contig:105:200.428:3p:1:84:311,Contig:105:200.428:3p:1:70:641,Contig:112:317.28:822,Contig:125:197.11:1176,Contig:136:170.198:1028,Contig:105:200.428:3p:1:64:735	5	-0.6279141124554677	5.442755029	1.0622753847692665	PBF_P12	Contig:70:100.261:4186	5	0.0	0.18894200000000005	1.8535859849839733	5	-0.6279141124554677	5.633286029	1.0622753847692366	Contig:114:81.2978:11643	0	False	0
ecol-SAMN36938185	PBF_P5	Contig:54:70.0514:5p:1:12:560,Contig:21:227.209:503,Contig:98:116.765:2137,Contig:112:317.28:3p:1:8:365,Contig:54:70.0514:17099,Contig:105:200.428:3p:1:75:908,Contig:55:242.999:3325,Contig:4:133.862:3p:1:6:408,Contig:21:227.209:5p:1:1:119,Contig:54:70.0514:5p:1:2:139,Contig:105:200.428:3p:1:85:606,Contig:41:105.771:5675,Contig:112:317.28:3p:1:6:111,Contig:87:177.248:3207,Contig:7:122.06:505,Contig:112:317.28:3p:1:9:126,Contig:54:70.0514:5p:1:3:439,Contig:85:57.4677:150171,Contig:105:200.428:3p:1:84:311,Contig:105:200.428:3p:1:70:641,Contig:112:317.28:822,Contig:125:197.11:1176,Contig:136:170.198:1028,Contig:105:200.428:3p:1:64:735	5	-0.6279141124554677	5.442755029	1.0622753847692665	PBF_P13	Contig:79:60.4369:8307,Contig:105:200.428:3p:1:63:198	4	-0.12182616961445597	0.61522817	1.363945340494552	5	-0.759010472010831	6.542727069	1.0622753847710555	Contig:137:191.399:770,Contig:105:200.428:3p:1:27:537	0	False	0
ecol-SAMN36938185	PBF_P5	Contig:54:70.0514:5p:1:12:560,Contig:21:227.209:503,Contig:98:116.765:2137,Contig:112:317.28:3p:1:8:365,Contig:54:70.0514:17099,Contig:105:200.428:3p:1:75:908,Contig:55:242.999:3325,Contig:4:133.862:3p:1:6:408,Contig:21:227.209:5p:1:1:119,Contig:54:70.0514:5p:1:2:139,Contig:105:200.428:3p:1:85:606,Contig:41:105.771:5675,Contig:112:317.28:3p:1:6:111,Contig:87:177.248:3207,Contig:7:122.06:505,Contig:112:317.28:3p:1:9:126,Contig:54:70.0514:5p:1:3:439,Contig:85:57.4677:150171,Contig:105:200.428:3p:1:84:311,Contig:105:200.428:3p:1:70:641,Contig:112:317.28:822,Contig:125:197.11:1176,Contig:136:170.198:1028,Contig:105:200.428:3p:1:64:735	5	-0.6279141124554677	5.442755029	1.0622753847692665	PBF_P14	Contig:32:104.791:5115,Contig:102:118.99:3p:1:10:493,Contig:102:118.99:3p:1:8:296	5	-0.10209795273576361	0.4882590499999999	1.023154946670896	5	-1.2982397566621293	6.784171898999999	0.5248754930853465	Contig:106:74.4866:12738,Contig:111:49.3152:4086,Contig:115:496.02:2029,Contig:25:59.9378:9687,Contig:60:745.323:765,Contig:102:118.99:3p:1:9:1076,Contig:102:118.99:3p:1:19:652,Contig:105:200.428:3p:1:42:304,Contig:105:200.428:3p:1:89:153,Contig:105:200.428:3p:1:93:311,Contig:105:200.428:3p:1:94:550,Contig:105:200.428:3p:1:95:314,Contig:105:200.428:3p:1:98:153,Contig:105:200.428:3p:1:105:267,Contig:106:74.4866:3p:1:5:172,Contig:111:49.3152:5p:1:4:182	0	False	0
ecol-SAMN36938185	PBF_P5	Contig:54:70.0514:5p:1:12:560,Contig:21:227.209:503,Contig:98:116.765:2137,Contig:112:317.28:3p:1:8:365,Contig:54:70.0514:17099,Contig:105:200.428:3p:1:75:908,Contig:55:242.999:3325,Contig:4:133.862:3p:1:6:408,Contig:21:227.209:5p:1:1:119,Contig:54:70.0514:5p:1:2:139,Contig:105:200.428:3p:1:85:606,Contig:41:105.771:5675,Contig:112:317.28:3p:1:6:111,Contig:87:177.248:3207,Contig:7:122.06:505,Contig:112:317.28:3p:1:9:126,Contig:54:70.0514:5p:1:3:439,Contig:85:57.4677:150171,Contig:105:200.428:3p:1:84:311,Contig:105:200.428:3p:1:70:641,Contig:112:317.28:822,Contig:125:197.11:1176,Contig:136:170.198:1028,Contig:105:200.428:3p:1:64:735	5	-0.6279141124554677	5.442755029	1.0622753847692665	PBF_P15	Contig:118:71.1096:4158,Contig:105:200.428:3p:1:67:105	5	-0.09225553026369732	0.5770316099999999	1.97712563007855	5	-0.9991654993132256	7.817407079	0.5248754930853465	Contig:111:49.3152:4086,Contig:60:745.323:765,Contig:105:200.428:3p:1:42:304,Contig:105:200.428:3p:1:89:153,Contig:105:200.428:3p:1:93:311,Contig:105:200.428:3p:1:94:550,Contig:105:200.428:3p:1:95:314,Contig:105:200.428:3p:1:98:153,Contig:105:200.428:3p:1:105:267,Contig:111:49.3152:5p:1:4:182	0	False	0
ecol-SAMN36938185	PBF_P5	Contig:54:70.0514:5p:1:12:560,Contig:21:227.209:503,Contig:98:116.765:2137,Contig:112:317.28:3p:1:8:365,Contig:54:70.0514:17099,Contig:105:200.428:3p:1:75:908,Contig:55:242.999:3325,Contig:4:133.862:3p:1:6:408,Contig:21:227.209:5p:1:1:119,Contig:54:70.0514:5p:1:2:139,Contig:105:200.428:3p:1:85:606,Contig:41:105.771:5675,Contig:112:317.28:3p:1:6:111,Contig:87:177.248:3207,Contig:7:122.06:505,Contig:112:317.28:3p:1:9:126,Contig:54:70.0514:5p:1:3:439,Contig:85:57.4677:150171,Contig:105:200.428:3p:1:84:311,Contig:105:200.428:3p:1:70:641,Contig:112:317.28:822,Contig:125:197.11:1176,Contig:136:170.198:1028,Contig:105:200.428:3p:1:64:735	5	-0.6279141124554677	5.442755029	1.0622753847692665	PBF_P16	Contig:116:123.592:3031,Contig:105:200.428:3p:1:106:823	4	0.0	0.64959508	1.108771645643922	0	0	0	0		1	False	0
ecol-SAMN36938185	PBF_P5	Contig:54:70.0514:5p:1:12:560,Contig:21:227.209:503,Contig:98:116.765:2137,Contig:112:317.28:3p:1:8:365,Contig:54:70.0514:17099,Contig:105:200.428:3p:1:75:908,Contig:55:242.999:3325,Contig:4:133.862:3p:1:6:408,Contig:21:227.209:5p:1:1:119,Contig:54:70.0514:5p:1:2:139,Contig:105:200.428:3p:1:85:606,Contig:41:105.771:5675,Contig:112:317.28:3p:1:6:111,Contig:87:177.248:3207,Contig:7:122.06:505,Contig:112:317.28:3p:1:9:126,Contig:54:70.0514:5p:1:3:439,Contig:85:57.4677:150171,Contig:105:200.428:3p:1:84:311,Contig:105:200.428:3p:1:70:641,Contig:112:317.28:822,Contig:125:197.11:1176,Contig:136:170.198:1028,Contig:105:200.428:3p:1:64:735	5	-0.6279141124554677	5.442755029	1.0622753847692665	PBF_P17	Contig:141:51.4419:11613	4	0.0	0.20781945999999996	1.026197473057015	5	-0.9122067897473156	5.901976588999999	0.9898197861602966	Contig:56:55.288:14254,Contig:105:200.428:3p:1:2:309,Contig:105:200.428:3p:1:120:133,Contig:105:200.428:3p:1:121:466	0	False	0
ecol-SAMN36938185	PBF_P6	Contig:105:200.428:3p:1:80:795,Contig:105:200.428:3p:1:75:908,Contig:112:317.28:822,Contig:112:317.28:3p:1:6:111,Contig:143:93.8449:8241,Contig:87:177.248:3207,Contig:21:227.209:5p:1:1:119,Contig:136:170.198:1028,Contig:21:227.209:503,Contig:124:222.636:1176,Contig:5:104.891:1466	5	-0.34383550049634837	4.258891	1.0144986875900674	PBF_P7	Contig:105:200.428:3p:1:77:455,Contig:112:317.28:822,Contig:112:317.28:3p:1:6:111,Contig:102:118.99:6464,Contig:87:177.248:3207,Contig:21:227.209:5p:1:1:119,Contig:136:170.198:1028,Contig:21:227.209:503,Contig:124:222.636:1176,Contig:5:104.891:1466	5	-0.3019163186738171	3.8839211400000004	1.0144986875900674	5	-0.6457518191701654	8.58845144	1.0144986875948234	Contig:105:200.428:3p:1:76:364	0	True	0
ecol-SAMN36938185	PBF_P6	Contig:105:200.428:3p:1:80:795,Contig:105:200.428:3p:1:75:908,Contig:112:317.28:822,Contig:112:317.28:3p:1:6:111,Contig:143:93.8449:8241,Contig:87:177.248:3207,Contig:21:227.209:5p:1:1:119,Contig:136:170.198:1028,Contig:21:227.209:503,Contig:124:222.636:1176,Contig:5:104.891:1466	5	-0.34383550049634837	4.258891	1.0144986875900674	PBF_P8	Contig:55:242.999:3325,Contig:4:133.862:3p:1:6:408,Contig:105:200.428:3p:1:64:735,Contig:98:116.765:2137	5	0.0	1.57462302	1.7560659358916548	5	-0.3943609585818807	3.4280793900000006	0.19612170742584567	Contig:10:151.513:5253,Contig:114:81.2978:11643,Contig:119:94.8888:880,Contig:18:162.887:3959,Contig:81:167.081:1059,Contig:8:146.985:3255,Contig:105:200.428:3p:1:63:198,Contig:136:170.198:5p:1:19:460,Contig:8:146.985:3p:1:4:145	0	False	0
ecol-SAMN36938185	PBF_P6	Contig:105:200.428:3p:1:80:795,Contig:105:200.428:3p:1:75:908,Contig:112:317.28:822,Contig:112:317.28:3p:1:6:111,Contig:143:93.8449:8241,Contig:87:177.248:3207,Contig:21:227.209:5p:1:1:119,Contig:136:170.198:1028,Contig:21:227.209:503,Contig:124:222.636:1176,Contig:5:104.891:1466	5	-0.34383550049634837	4.258891	1.0144986875900674	PBF_P9	Contig:105:200.428:3p:1:85:606,Contig:105:200.428:3p:1:31:325,Contig:105:200.428:3p:1:77:455,Contig:111:49.3152:5p:1:4:182,Contig:112:317.28:822,Contig:112:317.28:3p:1:6:111,Contig:102:118.99:6464,Contig:2:67.9311:4179,Contig:24:72.3943:11592,Contig:112:317.28:3p:1:8:365	4	-0.29854976106221015	2.4653555600000003	1.1605132512674594	5	-1.1269595571326545	8.47077879	0.5248754930853465	Contig:111:49.3152:4086,Contig:60:745.323:765,Contig:105:200.428:3p:1:13:120,Contig:105:200.428:3p:1:42:304,Contig:105:200.428:3p:1:84:311,Contig:105:200.428:3p:1:89:153,Contig:105:200.428:3p:1:93:311,Contig:105:200.428:3p:1:94:550,Contig:105:200.428:3p:1:95:314,Contig:105:200.428:3p:1:98:153,Contig:105:200.428:3p:1:105:267	0	True	0
ecol-SAMN36938185	PBF_P6	Contig:105:200.428:3p:1:80:795,Contig:105:200.428:3p:1:75:908,Contig:112:317.28:822,Contig:112:317.28:3p:1:6:111,Contig:143:93.8449:8241,Contig:87:177.248:3207,Contig:21:227.209:5p:1:1:119,Contig:136:170.198:1028,Contig:21:227.209:503,Contig:124:222.636:1176,Contig:5:104.891:1466	5	-0.34383550049634837	4.258891	1.0144986875900674	PBF_P10	Contig:21:227.209:5p:1:1:119,Contig:21:227.209:503,Contig:59:135.843:7417,Contig:124:222.636:1176	5	-0.009840454370120988	1.42159809	1.4514536720372713	5	-0.5992871342028746	7.461012640000001	0.5248754930853465	Contig:60:745.323:765,Contig:105:200.428:3p:1:13:120,Contig:105:200.428:3p:1:20:204,Contig:105:200.428:3p:1:42:304,Contig:105:200.428:3p:1:84:311,Contig:105:200.428:3p:1:89:153,Contig:105:200.428:3p:1:90:457,Contig:105:200.428:3p:1:93:311,Contig:105:200.428:3p:1:94:550,Contig:105:200.428:3p:1:95:314,Contig:105:200.428:3p:1:98:153,Contig:105:200.428:3p:1:105:267	0	True	0
ecol-SAMN36938185	PBF_P6	Contig:105:200.428:3p:1:80:795,Contig:105:200.428:3p:1:75:908,Contig:112:317.28:822,Contig:112:317.28:3p:1:6:111,Contig:143:93.8449:8241,Contig:87:177.248:3207,Contig:21:227.209:5p:1:1:119,Contig:136:170.198:1028,Contig:21:227.209:503,Contig:124:222.636:1176,Contig:5:104.891:1466	5	-0.34383550049634837	4.258891	1.0144986875900674	PBF_P11	Contig:126:83.2145:3802,Contig:105:200.428:3p:1:77:455,Contig:112:317.28:822	4	0.0	1.19945736	1.1299475553858878	5	-0.5675840581718329	5.90398766	1.0144986875893665	Contig:105:200.428:3p:1:76:364	0	True	0
ecol-SAMN36938185	PBF_P6	Contig:105:200.428:3p:1:80:795,Contig:105:200.428:3p:1:75:908,Contig:112:317.28:822,Contig:112:317.28:3p:1:6:111,Contig:143:93.8449:8241,Contig:87:177.248:3207,Contig:21:227.209:5p:1:1:119,Contig:136:170.198:1028,Contig:21:227.209:503,Contig:124:222.636:1176,Contig:5:104.891:1466	5	-0.34383550049634837	4.258891	1.0144986875900674	PBF_P12	Contig:70:100.261:4186	5	0.0	0.18894200000000005	1.8535859849839733	5	-0.3943609585818807	2.042398370000001	0.19612170742584567	Contig:10:151.513:5253,Contig:114:81.2978:11643,Contig:119:94.8888:880,Contig:18:162.887:3959,Contig:81:167.081:1059,Contig:8:146.985:3255,Contig:105:200.428:3p:1:63:198,Contig:136:170.198:5p:1:19:460,Contig:8:146.985:3p:1:4:145	0	False	0
ecol-SAMN36938185	PBF_P6	Contig:105:200.428:3p:1:80:795,Contig:105:200.428:3p:1:75:908,Contig:112:317.28:822,Contig:112:317.28:3p:1:6:111,Contig:143:93.8449:8241,Contig:87:177.248:3207,Contig:21:227.209:5p:1:1:119,Contig:136:170.198:1028,Contig:21:227.209:503,Contig:124:222.636:1176,Contig:5:104.891:1466	5	-0.34383550049634837	4.258891	1.0144986875900674	PBF_P13	Contig:79:60.4369:8307,Contig:105:200.428:3p:1:63:198	4	-0.12182616961445597	0.61522817	1.363945340494552	5	-0.521645636826717	2.168424000000001	0.19612170742584567	Contig:10:151.513:5253,Contig:119:94.8888:880,Contig:18:162.887:3959,Contig:81:167.081:1059,Contig:8:146.985:3255,Contig:136:170.198:5p:1:19:460,Contig:8:146.985:3p:1:4:145	0	False	0
ecol-SAMN36938185	PBF_P6	Contig:105:200.428:3p:1:80:795,Contig:105:200.428:3p:1:75:908,Contig:112:317.28:822,Contig:112:317.28:3p:1:6:111,Contig:143:93.8449:8241,Contig:87:177.248:3207,Contig:21:227.209:5p:1:1:119,Contig:136:170.198:1028,Contig:21:227.209:503,Contig:124:222.636:1176,Contig:5:104.891:1466	5	-0.34383550049634837	4.258891	1.0144986875900674	PBF_P14	Contig:32:104.791:5115,Contig:102:118.99:3p:1:10:493,Contig:102:118.99:3p:1:8:296	5	-0.10209795273576361	0.4882590499999999	1.023154946670896	5	-1.1327579117814157	5.77003949	0.5248754930853465	Contig:106:74.4866:12738,Contig:111:49.3152:4086,Contig:115:496.02:2029,Contig:25:59.9378:9687,Contig:60:745.323:765,Contig:102:118.99:3p:1:9:1076,Contig:102:118.99:3p:1:19:652,Contig:105:200.428:3p:1:13:120,Contig:105:200.428:3p:1:42:304,Contig:105:200.428:3p:1:84:311,Contig:105:200.428:3p:1:89:153,Contig:105:200.428:3p:1:93:311,Contig:105:200.428:3p:1:94:550,Contig:105:200.428:3p:1:95:314,Contig:105:200.428:3p:1:98:153,Contig:105:200.428:3p:1:105:267,Contig:106:74.4866:3p:1:5:172,Contig:111:49.3152:5p:1:4:182	0	False	0
ecol-SAMN36938185	PBF_P6	Contig:105:200.428:3p:1:80:795,Contig:105:200.428:3p:1:75:908,Contig:112:317.28:822,Contig:112:317.28:3p:1:6:111,Contig:143:93.8449:8241,Contig:87:177.248:3207,Contig:21:227.209:5p:1:1:119,Contig:136:170.198:1028,Contig:21:227.209:503,Contig:124:222.636:1176,Contig:5:104.891:1466	5	-0.34383550049634837	4.258891	1.0144986875900674	PBF_P15	Contig:118:71.1096:4158,Contig:105:200.428:3p:1:67:105	5	-0.09225553026369732	0.5770316099999999	1.97712563007855	5	-0.8336836544325118	6.803274670000001	0.5248754930853465	Contig:111:49.3152:4086,Contig:60:745.323:765,Contig:105:200.428:3p:1:13:120,Contig:105:200.428:3p:1:42:304,Contig:105:200.428:3p:1:84:311,Contig:105:200.428:3p:1:89:153,Contig:105:200.428:3p:1:93:311,Contig:105:200.428:3p:1:94:550,Contig:105:200.428:3p:1:95:314,Contig:105:200.428:3p:1:98:153,Contig:105:200.428:3p:1:105:267,Contig:111:49.3152:5p:1:4:182	0	False	0
ecol-SAMN36938185	PBF_P6	Contig:105:200.428:3p:1:80:795,Contig:105:200.428:3p:1:75:908,Contig:112:317.28:822,Contig:112:317.28:3p:1:6:111,Contig:143:93.8449:8241,Contig:87:177.248:3207,Contig:21:227.209:5p:1:1:119,Contig:136:170.198:1028,Contig:21:227.209:503,Contig:124:222.636:1176,Contig:5:104.891:1466	5	-0.34383550049634837	4.258891	1.0144986875900674	PBF_P16	Contig:116:123.592:3031,Contig:105:200.428:3p:1:106:823	4	0.0	0.64959508	1.108771645643922	0	0	0	0		1	False	0
ecol-SAMN36938185	PBF_P6	Contig:105:200.428:3p:1:80:795,Contig:105:200.428:3p:1:75:908,Contig:112:317.28:822,Contig:112:317.28:3p:1:6:111,Contig:143:93.8449:8241,Contig:87:177.248:3207,Contig:21:227.209:5p:1:1:119,Contig:136:170.198:1028,Contig:21:227.209:503,Contig:124:222.636:1176,Contig:5:104.891:1466	5	-0.34383550049634837	4.258891	1.0144986875900674	PBF_P17	Contig:141:51.4419:11613	4	0.0	0.20781945999999996	1.026197473057015	5	-1.0403388230359423	5.26913722	0.5248754930853465	Contig:121:56.9599:46499,Contig:132:118.362:554,Contig:47:114.198:1862,Contig:56:55.288:14254,Contig:60:745.323:765,Contig:105:200.428:3p:1:2:309,Contig:105:200.428:3p:1:13:120,Contig:105:200.428:3p:1:42:304,Contig:105:200.428:3p:1:89:153,Contig:105:200.428:3p:1:93:311,Contig:105:200.428:3p:1:94:550,Contig:105:200.428:3p:1:95:314,Contig:105:200.428:3p:1:98:153,Contig:105:200.428:3p:1:105:267	0	False	0
ecol-SAMN36938185	PBF_P7	Contig:105:200.428:3p:1:77:455,Contig:112:317.28:822,Contig:112:317.28:3p:1:6:111,Contig:102:118.99:6464,Contig:87:177.248:3207,Contig:21:227.209:5p:1:1:119,Contig:136:170.198:1028,Contig:21:227.209:503,Contig:124:222.636:1176,Contig:5:104.891:1466	5	-0.3019163186738171	3.8839211400000004	1.0144986875900674	PBF_P8	Contig:55:242.999:3325,Contig:4:133.862:3p:1:6:408,Contig:105:200.428:3p:1:64:735,Contig:98:116.765:2137	5	0.0	1.57462302	1.7560659358916548	5	-0.3524417767593494	3.0531095300000004	0.19612170742584567	Contig:10:151.513:5253,Contig:114:81.2978:11643,Contig:119:94.8888:880,Contig:18:162.887:3959,Contig:81:167.081:1059,Contig:8:146.985:3255,Contig:105:200.428:3p:1:63:198,Contig:136:170.198:5p:1:19:460,Contig:8:146.985:3p:1:4:145	0	False	0
ecol-SAMN36938185	PBF_P7	Contig:105:200.428:3p:1:77:455,Contig:112:317.28:822,Contig:112:317.28:3p:1:6:111,Contig:102:118.99:6464,Contig:87:177.248:3207,Contig:21:227.209:5p:1:1:119,Contig:136:170.198:1028,Contig:21:227.209:503,Contig:124:222.636:1176,Contig:5:104.891:1466	5	-0.3019163186738171	3.8839211400000004	1.0144986875900674	PBF_P9	Contig:105:200.428:3p:1:85:606,Contig:105:200.428:3p:1:31:325,Contig:105:200.428:3p:1:77:455,Contig:111:49.3152:5p:1:4:182,Contig:112:317.28:822,Contig:112:317.28:3p:1:6:111,Contig:102:118.99:6464,Contig:2:67.9311:4179,Contig:24:72.3943:11592,Contig:112:317.28:3p:1:8:365	4	-0.29854976106221015	2.4653555600000003	1.1605132512674594	5	-0.687447751637657	6.794916000000001	1.0144986875893665	Contig:105:200.428:3p:1:76:364	0	True	0
ecol-SAMN36938185	PBF_P7	Contig:105:200.428:3p:1:77:455,Contig:112:317.28:822,Contig:112:317.28:3p:1:6:111,Contig:102:118.99:6464,Contig:87:177.248:3207,Contig:21:227.209:5p:1:1:119,Contig:136:170.198:1028,Contig:21:227.209:503,Contig:124:222.636:1176,Contig:5:104.891:1466	5	-0.3019163186738171	3.8839211400000004	1.0144986875900674	PBF_P10	Contig:21:227.209:5p:1:1:119,Contig:21:227.209:503,Contig:59:135.843:7417,Contig:124:222.636:1176	5	-0.009840454370120988	1.42159809	1.4514536720372713	5	-0.31175677304393806	5.305519230000001	1.0144986875893665		0	True	0
ecol-SAMN36938185	PBF_P7	Contig:105:200.428:3p:1:77:455,Contig:112:317.28:822,Contig:112:317.28:3p:1:6:111,Contig:102:118.99:6464,Contig:87:177.248:3207,Contig:21:227.209:5p:1:1:119,Contig:136:170.198:1028,Contig:21:227.209:503,Contig:124:222.636:1176,Contig:5:104.891:1466	5	-0.3019163186738171	3.8839211400000004	1.0144986875900674	PBF_P11	Contig:126:83.2145:3802,Contig:105:200.428:3p:1:77:455,Contig:112:317.28:822	4	0.0	1.19945736	1.1299475553858878	5	-0.5256648763493016	5.5290178	1.0144986875893665	Contig:105:200.428:3p:1:76:364	0	True	0
ecol-SAMN36938185	PBF_P7	Contig:105:200.428:3p:1:77:455,Contig:112:317.28:822,Contig:112:317.28:3p:1:6:111,Contig:102:118.99:6464,Contig:87:177.248:3207,Contig:21:227.209:5p:1:1:119,Contig:136:170.198:1028,Contig:21:227.209:503,Contig:124:222.636:1176,Contig:5:104.891:1466	5	-0.3019163186738171	3.8839211400000004	1.0144986875900674	PBF_P12	Contig:70:100.261:4186	5	0.0	0.18894200000000005	1.8535859849839733	5	-0.3524417767593494	1.6674285100000006	0.19612170742584567	Contig:10:151.513:5253,Contig:114:81.2978:11643,Contig:119:94.8888:880,Contig:18:162.887:3959,Contig:81:167.081:1059,Contig:8:146.985:3255,Contig:105:200.428:3p:1:63:198,Contig:136:170.198:5p:1:19:460,Contig:8:146.985:3p:1:4:145	0	False	0
ecol-SAMN36938185	PBF_P7	Contig:105:200.428:3p:1:77:455,Contig:112:317.28:822,Contig:112:317.28:3p:1:6:111,Contig:102:118.99:6464,Contig:87:177.248:3207,Contig:21:227.209:5p:1:1:119,Contig:136:170.198:1028,Contig:21:227.209:503,Contig:124:222.636:1176,Contig:5:104.891:1466	5	-0.3019163186738171	3.8839211400000004	1.0144986875900674	PBF_P13	Contig:79:60.4369:8307,Contig:105:200.428:3p:1:63:198	4	-0.12182616961445597	0.61522817	1.363945340494552	5	-0.4797264550041858	1.7934541400000006	0.19612170742584567	Contig:10:151.513:5253,Contig:119:94.8888:880,Contig:18:162.887:3959,Contig:81:167.081:1059,Contig:8:146.985:3255,Contig:136:170.198:5p:1:19:460,Contig:8:146.985:3p:1:4:145	0	False	0
ecol-SAMN36938185	PBF_P7	Contig:105:200.428:3p:1:77:455,Contig:112:317.28:822,Contig:112:317.28:3p:1:6:111,Contig:102:118.99:6464,Contig:87:177.248:3207,Contig:21:227.209:5p:1:1:119,Contig:136:170.198:1028,Contig:21:227.209:503,Contig:124:222.636:1176,Contig:5:104.891:1466	5	-0.3019163186738171	3.8839211400000004	1.0144986875900674	PBF_P14	Contig:32:104.791:5115,Contig:102:118.99:3p:1:10:493,Contig:102:118.99:3p:1:8:296	5	-0.10209795273576361	0.4882590499999999	1.023154946670896	5	-0.4040142714095807	4.37218019	1.0144986875893665		0	False	0
ecol-SAMN36938185	PBF_P7	Contig:105:200.428:3p:1:77:455,Contig:112:317.28:822,Contig:112:317.28:3p:1:6:111,Contig:102:118.99:6464,Contig:87:177.248:3207,Contig:21:227.209:5p:1:1:119,Contig:136:170.198:1028,Contig:21:227.209:503,Contig:124:222.636:1176,Contig:5:104.891:1466	5	-0.3019163186738171	3.8839211400000004	1.0144986875900674	PBF_P15	Contig:118:71.1096:4158,Contig:105:200.428:3p:1:67:105	5	-0.09225553026369732	0.5770316099999999	1.97712563007855	5	-1.130932116536273	5.322736973	0.17583211430974188	Contig:106:74.4866:12738,Contig:111:49.3152:4086,Contig:115:496.02:2029,Contig:25:59.9378:9687,Contig:27:48.1728:99786,Contig:60:745.323:765,Contig:102:118.99:3p:1:8:296,Contig:102:118.99:3p:1:9:1076,Contig:102:118.99:3p:1:10:493,Contig:102:118.99:3p:1:19:652,Contig:105:200.428:3p:1:13:120,Contig:105:200.428:3p:1:42:304,Contig:105:200.428:3p:1:84:311,Contig:105:200.428:3p:1:89:153,Contig:105:200.428:3p:1:93:311,Contig:105:200.428:3p:1:94:550,Contig:105:200.428:3p:1:95:314,Contig:105:200.428:3p:1:98:153,Contig:105:200.428:3p:1:105:267,Contig:106:74.4866:3p:1:5:172,Contig:111:49.3152:5p:1:4:182	0	False	0
ecol-SAMN36938185	PBF_P7	Contig:105:200.428:3p:1:77:455,Contig:112:317.28:822,Contig:112:317.28:3p:1:6:111,Contig:102:118.99:6464,Contig:87:177.248:3207,Contig:21:227.209:5p:1:1:119,Contig:136:170.198:1028,Contig:21:227.209:503,Contig:124:222.636:1176,Contig:5:104.891:1466	5	-0.3019163186738171	3.8839211400000004	1.0144986875900674	PBF_P16	Contig:116:123.592:3031,Contig:105:200.428:3p:1:106:823	4	0.0	0.64959508	1.108771645643922	0	0	0	0		1	False	0
ecol-SAMN36938185	PBF_P7	Contig:105:200.428:3p:1:77:455,Contig:112:317.28:822,Contig:112:317.28:3p:1:6:111,Contig:102:118.99:6464,Contig:87:177.248:3207,Contig:21:227.209:5p:1:1:119,Contig:136:170.198:1028,Contig:21:227.209:503,Contig:124:222.636:1176,Contig:5:104.891:1466	5	-0.3019163186738171	3.8839211400000004	1.0144986875900674	PBF_P17	Contig:141:51.4419:11613	4	0.0	0.20781945999999996	1.026197473057015	5	-1.3071747384421941	4.6138691099999996	0.33595447911102383	Contig:106:74.4866:12738,Contig:111:49.3152:4086,Contig:115:496.02:2029,Contig:121:56.9599:46499,Contig:25:59.9378:9687,Contig:56:55.288:14254,Contig:60:745.323:765,Contig:102:118.99:3p:1:8:296,Contig:102:118.99:3p:1:9:1076,Contig:102:118.99:3p:1:10:493,Contig:102:118.99:3p:1:19:652,Contig:105:200.428:3p:1:2:309,Contig:105:200.428:3p:1:13:120,Contig:105:200.428:3p:1:42:304,Contig:105:200.428:3p:1:89:153,Contig:105:200.428:3p:1:93:311,Contig:105:200.428:3p:1:94:550,Contig:105:200.428:3p:1:95:314,Contig:105:200.428:3p:1:98:153,Contig:105:200.428:3p:1:105:267,Contig:106:74.4866:3p:1:5:172,Contig:111:49.3152:5p:1:4:182	0	False	0
ecol-SAMN36938185	PBF_P8	Contig:55:242.999:3325,Contig:4:133.862:3p:1:6:408,Contig:105:200.428:3p:1:64:735,Contig:98:116.765:2137	5	0.0	1.57462302	1.7560659358916548	PBF_P9	Contig:105:200.428:3p:1:85:606,Contig:105:200.428:3p:1:31:325,Contig:105:200.428:3p:1:77:455,Contig:111:49.3152:5p:1:4:182,Contig:112:317.28:822,Contig:112:317.28:3p:1:6:111,Contig:102:118.99:6464,Contig:2:67.9311:4179,Contig:24:72.3943:11592,Contig:112:317.28:3p:1:8:365	4	-0.29854976106221015	2.4653555600000003	1.1605132512674594	0	0	0	0		1	False	0
ecol-SAMN36938185	PBF_P8	Contig:55:242.999:3325,Contig:4:133.862:3p:1:6:408,Contig:105:200.428:3p:1:64:735,Contig:98:116.765:2137	5	0.0	1.57462302	1.7560659358916548	PBF_P10	Contig:21:227.209:5p:1:1:119,Contig:21:227.209:503,Contig:59:135.843:7417,Contig:124:222.636:1176	5	-0.009840454370120988	1.42159809	1.4514536720372713	5	-0.060365912455653314	0.33409661999999984	0.19612170742584567	Contig:10:151.513:5253,Contig:114:81.2978:11643,Contig:119:94.8888:880,Contig:18:162.887:3959,Contig:40:99.8342:1029,Contig:81:167.081:1059,Contig:8:146.985:3255,Contig:105:200.428:3p:1:63:198,Contig:136:170.198:5p:1:19:460,Contig:8:146.985:3p:1:4:145	0	False	0
ecol-SAMN36938185	PBF_P8	Contig:55:242.999:3325,Contig:4:133.862:3p:1:6:408,Contig:105:200.428:3p:1:64:735,Contig:98:116.765:2137	5	0.0	1.57462302	1.7560659358916548	PBF_P11	Contig:126:83.2145:3802,Contig:105:200.428:3p:1:77:455,Contig:112:317.28:822	4	0.0	1.19945736	1.1299475553858878	0	0	0	0		1	False	0
ecol-SAMN36938185	PBF_P8	Contig:55:242.999:3325,Contig:4:133.862:3p:1:6:408,Contig:105:200.428:3p:1:64:735,Contig:98:116.765:2137	5	0.0	1.57462302	1.7560659358916548	PBF_P12	Contig:70:100.261:4186	5	0.0	0.18894200000000005	1.8535859849839733	5	0.0	1.7651540199999998	1.132720177707597	Contig:114:81.2978:11643	0	False	0
ecol-SAMN36938185	PBF_P8	Contig:55:242.999:3325,Contig:4:133.862:3p:1:6:408,Contig:105:200.428:3p:1:64:735,Contig:98:116.765:2137	5	0.0	1.57462302	1.7560659358916548	PBF_P13	Contig:79:60.4369:8307,Contig:105:200.428:3p:1:63:198	4	-0.12182616961445597	0.61522817	1.363945340494552	5	-0.1272846782448364	2.19144019	1.132720177707597	Contig:114:81.2978:11643	0	False	0
ecol-SAMN36938185	PBF_P8	Contig:55:242.999:3325,Contig:4:133.862:3p:1:6:408,Contig:105:200.428:3p:1:64:735,Contig:98:116.765:2137	5	0.0	1.57462302	1.7560659358916548	PBF_P14	Contig:32:104.791:5115,Contig:102:118.99:3p:1:10:493,Contig:102:118.99:3p:1:8:296	5	-0.10209795273576361	0.4882590499999999	1.023154946670896	0	0	0	0		1	False	0
ecol-SAMN36938185	PBF_P8	Contig:55:242.999:3325,Contig:4:133.862:3p:1:6:408,Contig:105:200.428:3p:1:64:735,Contig:98:116.765:2137	5	0.0	1.57462302	1.7560659358916548	PBF_P15	Contig:118:71.1096:4158,Contig:105:200.428:3p:1:67:105	5	-0.09225553026369732	0.5770316099999999	1.97712563007855	5	-0.09225553026369732	2.23970511	1.0746841409327317	Contig:114:81.2978:11643,Contig:18:162.887:3959,Contig:105:200.428:3p:1:63:198	0	False	0
ecol-SAMN36938185	PBF_P8	Contig:55:242.999:3325,Contig:4:133.862:3p:1:6:408,Contig:105:200.428:3p:1:64:735,Contig:98:116.765:2137	5	0.0	1.57462302	1.7560659358916548	PBF_P16	Contig:116:123.592:3031,Contig:105:200.428:3p:1:106:823	4	0.0	0.64959508	1.108771645643922	0	0	0	0		1	False	0
ecol-SAMN36938185	PBF_P8	Contig:55:242.999:3325,Contig:4:133.862:3p:1:6:408,Contig:105:200.428:3p:1:64:735,Contig:98:116.765:2137	5	0.0	1.57462302	1.7560659358916548	PBF_P17	Contig:141:51.4419:11613	4	0.0	0.20781945999999996	1.026197473057015	0	0	0	0		1	False	0
ecol-SAMN36938185	PBF_P9	Contig:105:200.428:3p:1:85:606,Contig:105:200.428:3p:1:31:325,Contig:105:200.428:3p:1:77:455,Contig:111:49.3152:5p:1:4:182,Contig:112:317.28:822,Contig:112:317.28:3p:1:6:111,Contig:102:118.99:6464,Contig:2:67.9311:4179,Contig:24:72.3943:11592,Contig:112:317.28:3p:1:8:365	4	-0.29854976106221015	2.4653555600000003	1.1605132512674594	PBF_P10	Contig:21:227.209:5p:1:1:119,Contig:21:227.209:503,Contig:59:135.843:7417,Contig:124:222.636:1176	5	-0.009840454370120988	1.42159809	1.4514536720372713	5	-0.6409830666703661	5.667477200000001	0.5248754930853465	Contig:60:745.323:765,Contig:105:200.428:3p:1:13:120,Contig:105:200.428:3p:1:20:204,Contig:105:200.428:3p:1:42:304,Contig:105:200.428:3p:1:84:311,Contig:105:200.428:3p:1:89:153,Contig:105:200.428:3p:1:90:457,Contig:105:200.428:3p:1:93:311,Contig:105:200.428:3p:1:94:550,Contig:105:200.428:3p:1:95:314,Contig:105:200.428:3p:1:98:153,Contig:105:200.428:3p:1:105:267	0	False	0
ecol-SAMN36938185	PBF_P9	Contig:105:200.428:3p:1:85:606,Contig:105:200.428:3p:1:31:325,Contig:105:200.428:3p:1:77:455,Contig:111:49.3152:5p:1:4:182,Contig:112:317.28:822,Contig:112:317.28:3p:1:6:111,Contig:102:118.99:6464,Contig:2:67.9311:4179,Contig:24:72.3943:11592,Contig:112:317.28:3p:1:8:365	4	-0.29854976106221015	2.4653555600000003	1.1605132512674594	PBF_P11	Contig:126:83.2145:3802,Contig:105:200.428:3p:1:77:455,Contig:112:317.28:822	4	0.0	1.19945736	1.1299475553858878	4	-0.3177124961817532	4.11045222	1.1299475553860248	Contig:105:200.428:3p:1:76:364	0	True	0
ecol-SAMN36938185	PBF_P9	Contig:105:200.428:3p:1:85:606,Contig:105:200.428:3p:1:31:325,Contig:105:200.428:3p:1:77:455,Contig:111:49.3152:5p:1:4:182,Contig:112:317.28:822,Contig:112:317.28:3p:1:6:111,Contig:102:118.99:6464,Contig:2:67.9311:4179,Contig:24:72.3943:11592,Contig:112:317.28:3p:1:8:365	4	-0.29854976106221015	2.4653555600000003	1.1605132512674594	PBF_P12	Contig:70:100.261:4186	5	0.0	0.18894200000000005	1.8535859849839733	0	0	0	0		1	False	0
ecol-SAMN36938185	PBF_P9	Contig:105:200.428:3p:1:85:606,Contig:105:200.428:3p:1:31:325,Contig:105:200.428:3p:1:77:455,Contig:111:49.3152:5p:1:4:182,Contig:112:317.28:822,Contig:112:317.28:3p:1:6:111,Contig:102:118.99:6464,Contig:2:67.9311:4179,Contig:24:72.3943:11592,Contig:112:317.28:3p:1:8:365	4	-0.29854976106221015	2.4653555600000003	1.1605132512674594	PBF_P13	Contig:79:60.4369:8307,Contig:105:200.428:3p:1:63:198	4	-0.12182616961445597	0.61522817	1.363945340494552	0	0	0	0		1	False	0
ecol-SAMN36938185	PBF_P9	Contig:105:200.428:3p:1:85:606,Contig:105:200.428:3p:1:31:325,Contig:105:200.428:3p:1:77:455,Contig:111:49.3152:5p:1:4:182,Contig:112:317.28:822,Contig:112:317.28:3p:1:6:111,Contig:102:118.99:6464,Contig:2:67.9311:4179,Contig:24:72.3943:11592,Contig:112:317.28:3p:1:8:365	4	-0.29854976106221015	2.4653555600000003	1.1605132512674594	PBF_P14	Contig:32:104.791:5115,Contig:102:118.99:3p:1:10:493,Contig:102:118.99:3p:1:8:296	5	-0.10209795273576361	0.4882590499999999	1.023154946670896	4	-0.42692380354748893	2.9536146100000003	1.0231549466716388		0	False	0
ecol-SAMN36938185	PBF_P9	Contig:105:200.428:3p:1:85:606,Contig:105:200.428:3p:1:31:325,Contig:105:200.428:3p:1:77:455,Contig:111:49.3152:5p:1:4:182,Contig:112:317.28:822,Contig:112:317.28:3p:1:6:111,Contig:102:118.99:6464,Contig:2:67.9311:4179,Contig:24:72.3943:11592,Contig:112:317.28:3p:1:8:365	4	-0.29854976106221015	2.4653555600000003	1.1605132512674594	PBF_P15	Contig:118:71.1096:4158,Contig:105:200.428:3p:1:67:105	5	-0.09225553026369732	0.5770316099999999	1.97712563007855	4	-0.4552998543257155	3.0423871700000005	1.1605132512668206		0	False	0
ecol-SAMN36938185	PBF_P9	Contig:105:200.428:3p:1:85:606,Contig:105:200.428:3p:1:31:325,Contig:105:200.428:3p:1:77:455,Contig:111:49.3152:5p:1:4:182,Contig:112:317.28:822,Contig:112:317.28:3p:1:6:111,Contig:102:118.99:6464,Contig:2:67.9311:4179,Contig:24:72.3943:11592,Contig:112:317.28:3p:1:8:365	4	-0.29854976106221015	2.4653555600000003	1.1605132512674594	PBF_P16	Contig:116:123.592:3031,Contig:105:200.428:3p:1:106:823	4	0.0	0.64959508	1.108771645643922	0	0	0	0		1	False	0
ecol-SAMN36938185	PBF_P9	Contig:105:200.428:3p:1:85:606,Contig:105:200.428:3p:1:31:325,Contig:105:200.428:3p:1:77:455,Contig:111:49.3152:5p:1:4:182,Contig:112:317.28:822,Contig:112:317.28:3p:1:6:111,Contig:102:118.99:6464,Contig:2:67.9311:4179,Contig:24:72.3943:11592,Contig:112:317.28:3p:1:8:365	4	-0.29854976106221015	2.4653555600000003	1.1605132512674594	PBF_P17	Contig:141:51.4419:11613	4	0.0	0.20781945999999996	1.026197473057015	4	-0.45010669919443225	2.9245771200000004	0.9898197861602966	Contig:56:55.288:14254,Contig:105:200.428:3p:1:2:309,Contig:105:200.428:3p:1:120:133,Contig:105:200.428:3p:1:121:466	0	False	0
ecol-SAMN36938185	PBF_P10	Contig:21:227.209:5p:1:1:119,Contig:21:227.209:503,Contig:59:135.843:7417,Contig:124:222.636:1176	5	-0.009840454370120988	1.42159809	1.4514536720372713	PBF_P11	Contig:126:83.2145:3802,Contig:105:200.428:3p:1:77:455,Contig:112:317.28:822	4	0.0	1.19945736	1.1299475553858878	0	0	0	0		1	False	0
ecol-SAMN36938185	PBF_P10	Contig:21:227.209:5p:1:1:119,Contig:21:227.209:503,Contig:59:135.843:7417,Contig:124:222.636:1176	5	-0.009840454370120988	1.42159809	1.4514536720372713	PBF_P12	Contig:70:100.261:4186	5	0.0	0.18894200000000005	1.8535859849839733	5	-0.060365912455653314	-1.0515844000000003	0.19612170742584567	Contig:10:151.513:5253,Contig:114:81.2978:11643,Contig:119:94.8888:880,Contig:18:162.887:3959,Contig:40:99.8342:1029,Contig:81:167.081:1059,Contig:8:146.985:3255,Contig:105:200.428:3p:1:63:198,Contig:136:170.198:5p:1:19:460,Contig:8:146.985:3p:1:4:145	0	False	0
ecol-SAMN36938185	PBF_P10	Contig:21:227.209:5p:1:1:119,Contig:21:227.209:503,Contig:59:135.843:7417,Contig:124:222.636:1176	5	-0.009840454370120988	1.42159809	1.4514536720372713	PBF_P13	Contig:79:60.4369:8307,Contig:105:200.428:3p:1:63:198	4	-0.12182616961445597	0.61522817	1.363945340494552	5	-0.18765059070048973	-0.9255587700000001	0.19612170742584567	Contig:10:151.513:5253,Contig:119:94.8888:880,Contig:18:162.887:3959,Contig:40:99.8342:1029,Contig:81:167.081:1059,Contig:8:146.985:3255,Contig:136:170.198:5p:1:19:460,Contig:8:146.985:3p:1:4:145	0	False	0
ecol-SAMN36938185	PBF_P10	Contig:21:227.209:5p:1:1:119,Contig:21:227.209:503,Contig:59:135.843:7417,Contig:124:222.636:1176	5	-0.009840454370120988	1.42159809	1.4514536720372713	PBF_P14	Contig:32:104.791:5115,Contig:102:118.99:3p:1:10:493,Contig:102:118.99:3p:1:8:296	5	-0.10209795273576361	0.4882590499999999	1.023154946670896	5	-0.6264344588409707	2.75532603	0.5248754930853465	Contig:106:74.4866:12738,Contig:111:49.3152:4086,Contig:115:496.02:2029,Contig:25:59.9378:9687,Contig:60:745.323:765,Contig:102:118.99:3p:1:9:1076,Contig:102:118.99:3p:1:19:652,Contig:105:200.428:3p:1:42:304,Contig:105:200.428:3p:1:89:153,Contig:105:200.428:3p:1:90:457,Contig:105:200.428:3p:1:94:550,Contig:105:200.428:3p:1:95:314,Contig:105:200.428:3p:1:98:153,Contig:105:200.428:3p:1:105:267,Contig:106:74.4866:3p:1:5:172,Contig:111:49.3152:5p:1:4:182	0	False	0
ecol-SAMN36938185	PBF_P10	Contig:21:227.209:5p:1:1:119,Contig:21:227.209:503,Contig:59:135.843:7417,Contig:124:222.636:1176	5	-0.009840454370120988	1.42159809	1.4514536720372713	PBF_P15	Contig:118:71.1096:4158,Contig:105:200.428:3p:1:67:105	5	-0.09225553026369732	0.5770316099999999	1.97712563007855	5	-0.3273602014920671	3.7885612099999997	0.5248754930853465	Contig:111:49.3152:4086,Contig:60:745.323:765,Contig:105:200.428:3p:1:42:304,Contig:105:200.428:3p:1:89:153,Contig:105:200.428:3p:1:90:457,Contig:105:200.428:3p:1:94:550,Contig:105:200.428:3p:1:95:314,Contig:105:200.428:3p:1:98:153,Contig:105:200.428:3p:1:105:267,Contig:111:49.3152:5p:1:4:182	0	False	0
ecol-SAMN36938185	PBF_P10	Contig:21:227.209:5p:1:1:119,Contig:21:227.209:503,Contig:59:135.843:7417,Contig:124:222.636:1176	5	-0.009840454370120988	1.42159809	1.4514536720372713	PBF_P16	Contig:116:123.592:3031,Contig:105:200.428:3p:1:106:823	4	0.0	0.64959508	1.108771645643922	0	0	0	0		1	False	0
ecol-SAMN36938185	PBF_P10	Contig:21:227.209:5p:1:1:119,Contig:21:227.209:503,Contig:59:135.843:7417,Contig:124:222.636:1176	5	-0.009840454370120988	1.42159809	1.4514536720372713	PBF_P17	Contig:141:51.4419:11613	4	0.0	0.20781945999999996	1.026197473057015	5	-0.5738855949255994	2.5804207700000004	0.5248754930853465	Contig:121:56.9599:46499,Contig:56:55.288:14254,Contig:60:745.323:765,Contig:105:200.428:3p:1:2:309,Contig:105:200.428:3p:1:13:120,Contig:105:200.428:3p:1:20:204,Contig:105:200.428:3p:1:42:304,Contig:105:200.428:3p:1:89:153,Contig:105:200.428:3p:1:90:457,Contig:105:200.428:3p:1:93:311,Contig:105:200.428:3p:1:94:550,Contig:105:200.428:3p:1:95:314,Contig:105:200.428:3p:1:98:153,Contig:105:200.428:3p:1:105:267	0	False	0
ecol-SAMN36938185	PBF_P11	Contig:126:83.2145:3802,Contig:105:200.428:3p:1:77:455,Contig:112:317.28:822	4	0.0	1.19945736	1.1299475553858878	PBF_P12	Contig:70:100.261:4186	5	0.0	0.18894200000000005	1.8535859849839733	0	0	0	0		1	False	0
ecol-SAMN36938185	PBF_P11	Contig:126:83.2145:3802,Contig:105:200.428:3p:1:77:455,Contig:112:317.28:822	4	0.0	1.19945736	1.1299475553858878	PBF_P13	Contig:79:60.4369:8307,Contig:105:200.428:3p:1:63:198	4	-0.12182616961445597	0.61522817	1.363945340494552	0	0	0	0		1	False	0
ecol-SAMN36938185	PBF_P11	Contig:126:83.2145:3802,Contig:105:200.428:3p:1:77:455,Contig:112:317.28:822	4	0.0	1.19945736	1.1299475553858878	PBF_P14	Contig:32:104.791:5115,Contig:102:118.99:3p:1:10:493,Contig:102:118.99:3p:1:8:296	5	-0.10209795273576361	0.4882590499999999	1.023154946670896	0	0	0	0		1	False	0
ecol-SAMN36938185	PBF_P11	Contig:126:83.2145:3802,Contig:105:200.428:3p:1:77:455,Contig:112:317.28:822	4	0.0	1.19945736	1.1299475553858878	PBF_P15	Contig:118:71.1096:4158,Contig:105:200.428:3p:1:67:105	5	-0.09225553026369732	0.5770316099999999	1.97712563007855	0	0	0	0		1	False	0
ecol-SAMN36938185	PBF_P11	Contig:126:83.2145:3802,Contig:105:200.428:3p:1:77:455,Contig:112:317.28:822	4	0.0	1.19945736	1.1299475553858878	PBF_P16	Contig:116:123.592:3031,Contig:105:200.428:3p:1:106:823	4	0.0	0.64959508	1.108771645643922	0	0	0	0		1	False	0
ecol-SAMN36938185	PBF_P11	Contig:126:83.2145:3802,Contig:105:200.428:3p:1:77:455,Contig:112:317.28:822	4	0.0	1.19945736	1.1299475553858878	PBF_P17	Contig:141:51.4419:11613	4	0.0	0.20781945999999996	1.026197473057015	0	0	0	0		1	False	0
ecol-SAMN36938185	PBF_P12	Contig:70:100.261:4186	5	0.0	0.18894200000000005	1.8535859849839733	PBF_P13	Contig:79:60.4369:8307,Contig:105:200.428:3p:1:63:198	4	-0.12182616961445597	0.61522817	1.363945340494552	5	-0.1272846782448364	0.80575917	1.132720177707597	Contig:114:81.2978:11643	0	False	0
ecol-SAMN36938185	PBF_P12	Contig:70:100.261:4186	5	0.0	0.18894200000000005	1.8535859849839733	PBF_P14	Contig:32:104.791:5115,Contig:102:118.99:3p:1:10:493,Contig:102:118.99:3p:1:8:296	5	-0.10209795273576361	0.4882590499999999	1.023154946670896	0	0	0	0		1	False	0
ecol-SAMN36938185	PBF_P12	Contig:70:100.261:4186	5	0.0	0.18894200000000005	1.8535859849839733	PBF_P15	Contig:118:71.1096:4158,Contig:105:200.428:3p:1:67:105	5	-0.09225553026369732	0.5770316099999999	1.97712563007855	5	-0.09225553026369732	0.8540240899999999	1.0746841409309127	Contig:114:81.2978:11643,Contig:18:162.887:3959,Contig:105:200.428:3p:1:63:198	0	False	0
ecol-SAMN36938185	PBF_P12	Contig:70:100.261:4186	5	0.0	0.18894200000000005	1.8535859849839733	PBF_P16	Contig:116:123.592:3031,Contig:105:200.428:3p:1:106:823	4	0.0	0.64959508	1.108771645643922	0	0	0	0		1	False	0
ecol-SAMN36938185	PBF_P12	Contig:70:100.261:4186	5	0.0	0.18894200000000005	1.8535859849839733	PBF_P17	Contig:141:51.4419:11613	4	0.0	0.20781945999999996	1.026197473057015	0	0	0	0		1	False	0
ecol-SAMN36938185	PBF_P13	Contig:79:60.4369:8307,Contig:105:200.428:3p:1:63:198	4	-0.12182616961445597	0.61522817	1.363945340494552	PBF_P14	Contig:32:104.791:5115,Contig:102:118.99:3p:1:10:493,Contig:102:118.99:3p:1:8:296	5	-0.10209795273576361	0.4882590499999999	1.023154946670896	0	0	0	0		1	False	0
ecol-SAMN36938185	PBF_P13	Contig:79:60.4369:8307,Contig:105:200.428:3p:1:63:198	4	-0.12182616961445597	0.61522817	1.363945340494552	PBF_P15	Contig:118:71.1096:4158,Contig:105:200.428:3p:1:67:105	5	-0.09225553026369732	0.5770316099999999	1.97712563007855	5	-0.22335188981906062	1.3310144799999999	1.1054536689080123	Contig:137:191.399:770	0	False	0
ecol-SAMN36938185	PBF_P13	Contig:79:60.4369:8307,Contig:105:200.428:3p:1:63:198	4	-0.12182616961445597	0.61522817	1.363945340494552	PBF_P16	Contig:116:123.592:3031,Contig:105:200.428:3p:1:106:823	4	0.0	0.64959508	1.108771645643922	0	0	0	0		1	False	0
ecol-SAMN36938185	PBF_P13	Contig:79:60.4369:8307,Contig:105:200.428:3p:1:63:198	4	-0.12182616961445597	0.61522817	1.363945340494552	PBF_P17	Contig:141:51.4419:11613	4	0.0	0.20781945999999996	1.026197473057015	0	0	0	0		1	False	0
ecol-SAMN36938185	PBF_P14	Contig:32:104.791:5115,Contig:102:118.99:3p:1:10:493,Contig:102:118.99:3p:1:8:296	5	-0.10209795273576361	0.4882590499999999	1.023154946670896	PBF_P15	Contig:118:71.1096:4158,Contig:105:200.428:3p:1:67:105	5	-0.09225553026369732	0.5770316099999999	1.97712563007855	5	-0.9311137505982192	1.598315483	0.17583211430974188	Contig:106:74.4866:12738,Contig:111:49.3152:4086,Contig:115:496.02:2029,Contig:25:59.9378:9687,Contig:27:48.1728:99786,Contig:60:745.323:765,Contig:102:118.99:3p:1:9:1076,Contig:102:118.99:3p:1:19:652,Contig:105:200.428:3p:1:13:120,Contig:105:200.428:3p:1:42:304,Contig:105:200.428:3p:1:84:311,Contig:105:200.428:3p:1:89:153,Contig:105:200.428:3p:1:93:311,Contig:105:200.428:3p:1:94:550,Contig:105:200.428:3p:1:95:314,Contig:105:200.428:3p:1:98:153,Contig:105:200.428:3p:1:105:267,Contig:106:74.4866:3p:1:5:172,Contig:111:49.3152:5p:1:4:182	0	False	0
ecol-SAMN36938185	PBF_P14	Contig:32:104.791:5115,Contig:102:118.99:3p:1:10:493,Contig:102:118.99:3p:1:8:296	5	-0.10209795273576361	0.4882590499999999	1.023154946670896	PBF_P16	Contig:116:123.592:3031,Contig:105:200.428:3p:1:106:823	4	0.0	0.64959508	1.108771645643922	0	0	0	0		1	False	0
ecol-SAMN36938185	PBF_P14	Contig:32:104.791:5115,Contig:102:118.99:3p:1:10:493,Contig:102:118.99:3p:1:8:296	5	-0.10209795273576361	0.4882590499999999	1.023154946670896	PBF_P17	Contig:141:51.4419:11613	4	0.0	0.20781945999999996	1.026197473057015	4	-0.8900362924231912	0.8894476200000001	0.5248754930853465	Contig:106:74.4866:12738,Contig:111:49.3152:4086,Contig:115:496.02:2029,Contig:121:56.9599:46499,Contig:25:59.9378:9687,Contig:56:55.288:14254,Contig:60:745.323:765,Contig:102:118.99:3p:1:9:1076,Contig:102:118.99:3p:1:19:652,Contig:105:200.428:3p:1:2:309,Contig:105:200.428:3p:1:13:120,Contig:105:200.428:3p:1:42:304,Contig:105:200.428:3p:1:89:153,Contig:105:200.428:3p:1:93:311,Contig:105:200.428:3p:1:94:550,Contig:105:200.428:3p:1:95:314,Contig:105:200.428:3p:1:98:153,Contig:105:200.428:3p:1:105:267,Contig:106:74.4866:3p:1:5:172,Contig:111:49.3152:5p:1:4:182	0	False	0
ecol-SAMN36938185	PBF_P15	Contig:118:71.1096:4158,Contig:105:200.428:3p:1:67:105	5	-0.09225553026369732	0.5770316099999999	1.97712563007855	PBF_P16	Contig:116:123.592:3031,Contig:105:200.428:3p:1:106:823	4	0.0	0.64959508	1.108771645643922	0	0	0	0		1	False	0
ecol-SAMN36938185	PBF_P15	Contig:118:71.1096:4158,Contig:105:200.428:3p:1:67:105	5	-0.09225553026369732	0.5770316099999999	1.97712563007855	PBF_P17	Contig:141:51.4419:11613	4	0.0	0.20781945999999996	1.026197473057015	4	-0.7094647333828751	1.9226828	0.5248754930853465	Contig:111:49.3152:4086,Contig:121:56.9599:46499,Contig:56:55.288:14254,Contig:60:745.323:765,Contig:105:200.428:3p:1:2:309,Contig:105:200.428:3p:1:13:120,Contig:105:200.428:3p:1:42:304,Contig:105:200.428:3p:1:89:153,Contig:105:200.428:3p:1:93:311,Contig:105:200.428:3p:1:94:550,Contig:105:200.428:3p:1:95:314,Contig:105:200.428:3p:1:98:153,Contig:105:200.428:3p:1:105:267,Contig:111:49.3152:5p:1:4:182	0	False	0
ecol-SAMN36938185	PBF_P16	Contig:116:123.592:3031,Contig:105:200.428:3p:1:106:823	4	0.0	0.64959508	1.108771645643922	PBF_P17	Contig:141:51.4419:11613	4	0.0	0.20781945999999996	1.026197473057015	0	0	0	0		1	False	0