SAMPLE	BIN1	BIN1_CONTIGS	BIN1_GC_BIN	BIN1_GC	BIN1_GD	BIN1_RD	BIN2	BIN2_CONTIGS	BIN2_GC_BIN	BIN2_GC	BIN2_GD	BIN2_RD	MERGE_GC_BIN	MERGE_GC	MERGE_GD	MERGE_RD	MERGE_PATH	MILP_INFEASIBLE	BINS_OVERLAP	IS_SUBSET
ecol-SAMN34375047	GP_1	29:34364,40:16232,41:15539,52:4173,54:3958,58:1917,61:1318,62:1287,63:1262,65:1202,66:1090,67:1078,68:1021,71:975,73:872,80:676,82:564,85:528,86:524,92:460,97:355,105:325,106:325,112:291,113:291,125:248,126:248,147:196,148:196,156:169,165:161,183:143,205:128,225:111,229:109,231:106,232:106,233:105	5	-1.0443964912818788	5.683015323725829	0.7935297790995962	GP_0	30:32927,32:31957,45:11355,51:4776,57:2393,58:1917,64:1259,74:850,85:528,92:460,104:329,116:282,153:181,178:148,211:119,236:102	4	-0.40882166783202545	5.65330538794656	0.5309741272030514	5	-2.2416658532926825	13.544058914484054	0.11392970901659516	36:27171,46:11201,75:820,103:330,123:258,175:151,192:134,201:130	0	True	0
ecol-SAMN34375047	GP_1	29:34364,40:16232,41:15539,52:4173,54:3958,58:1917,61:1318,62:1287,63:1262,65:1202,66:1090,67:1078,68:1021,71:975,73:872,80:676,82:564,85:528,86:524,92:460,97:355,105:325,106:325,112:291,113:291,125:248,126:248,147:196,148:196,156:169,165:161,183:143,205:128,225:111,229:109,231:106,232:106,233:105	5	-1.0443964912818788	5.683015323725829	0.7935297790995962	GP_2	39:16761,46:11201,48:10524,49:9966,50:6657,55:3695,60:1383,62:1287,69:1012,75:820,175:151,191:134,192:134	5	-0.307110159229705	4.512370598254264	0.4478276105288222	5	-1.9481493017455007	12.679495422672222	0.44782761053465947	12:139701,17:126231,44:11585,72:969,116:282,123:258,153:181,159:166,160:166,178:148,201:130,211:119,223:113,236:102	0	True	0
ecol-SAMN34375047	GP_1	29:34364,40:16232,41:15539,52:4173,54:3958,58:1917,61:1318,62:1287,63:1262,65:1202,66:1090,67:1078,68:1021,71:975,73:872,80:676,82:564,85:528,86:524,92:460,97:355,105:325,106:325,112:291,113:291,125:248,126:248,147:196,148:196,156:169,165:161,183:143,205:128,225:111,229:109,231:106,232:106,233:105	5	-1.0443964912818788	5.683015323725829	0.7935297790995962	GP_unb_1	90:474	4	0.0	0.007119905918968605	0.9548944467156958	5	-2.213721869457306	6.638502073956495	0.11392970901579247	17:126231,45:11355,46:11201,74:850,75:820,103:330,116:282,123:258,129:235,153:181,175:151,178:148,192:134,196:131,201:130,203:128,204:128,210:119,216:116,227:109,236:102	0	False	0
ecol-SAMN34375047	GP_1	29:34364,40:16232,41:15539,52:4173,54:3958,58:1917,61:1318,62:1287,63:1262,65:1202,66:1090,67:1078,68:1021,71:975,73:872,80:676,82:564,85:528,86:524,92:460,97:355,105:325,106:325,112:291,113:291,125:248,126:248,147:196,148:196,156:169,165:161,183:143,205:128,225:111,229:109,231:106,232:106,233:105	5	-1.0443964912818788	5.683015323725829	0.7935297790995962	GP_unb_2	91:474	4	0.0	0.2866585970286226	1.0232850679952739	5	-2.213721869457306	6.918040765066149	0.11392970901579247	17:126231,45:11355,46:11201,74:850,75:820,103:330,116:282,123:258,129:235,153:181,175:151,178:148,192:134,196:131,201:130,203:128,204:128,210:119,216:116,227:109,236:102	0	False	0
ecol-SAMN34375047	GP_1	29:34364,40:16232,41:15539,52:4173,54:3958,58:1917,61:1318,62:1287,63:1262,65:1202,66:1090,67:1078,68:1021,71:975,73:872,80:676,82:564,85:528,86:524,92:460,97:355,105:325,106:325,112:291,113:291,125:248,126:248,147:196,148:196,156:169,165:161,183:143,205:128,225:111,229:109,231:106,232:106,233:105	5	-1.0443964912818788	5.683015323725829	0.7935297790995962	GP_unb_3	93:439	5	0.0	0.4575458991810222	0.6284497436980264	0	0	0	0		1	False	0
ecol-SAMN34375047	GP_1	29:34364,40:16232,41:15539,52:4173,54:3958,58:1917,61:1318,62:1287,63:1262,65:1202,66:1090,67:1078,68:1021,71:975,73:872,80:676,82:564,85:528,86:524,92:460,97:355,105:325,106:325,112:291,113:291,125:248,126:248,147:196,148:196,156:169,165:161,183:143,205:128,225:111,229:109,231:106,232:106,233:105	5	-1.0443964912818788	5.683015323725829	0.7935297790995962	GP_unb_4	96:367	4	0.0	0.29919295219336894	0.996464335614069	5	-1.0468092443232409	5.982208275919199	0.7935297790991171		0	False	0
ecol-SAMN34375047	GP_1	29:34364,40:16232,41:15539,52:4173,54:3958,58:1917,61:1318,62:1287,63:1262,65:1202,66:1090,67:1078,68:1021,71:975,73:872,80:676,82:564,85:528,86:524,92:460,97:355,105:325,106:325,112:291,113:291,125:248,126:248,147:196,148:196,156:169,165:161,183:143,205:128,225:111,229:109,231:106,232:106,233:105	5	-1.0443964912818788	5.683015323725829	0.7935297790995962	GP_unb_5	99:345	4	0.0	0.3712196198596299	0.8266214369281063	5	-1.1688553853250876	6.05423494358546	0.7935297790991171		0	False	0
ecol-SAMN34375047	GP_1	29:34364,40:16232,41:15539,52:4173,54:3958,58:1917,61:1318,62:1287,63:1262,65:1202,66:1090,67:1078,68:1021,71:975,73:872,80:676,82:564,85:528,86:524,92:460,97:355,105:325,106:325,112:291,113:291,125:248,126:248,147:196,148:196,156:169,165:161,183:143,205:128,225:111,229:109,231:106,232:106,233:105	5	-1.0443964912818788	5.683015323725829	0.7935297790995962	GP_unb_6	101:334	5	0.0	0.2140039682439162	0.9164424117993253	0	0	0	0		1	False	0
ecol-SAMN34375047	GP_1	29:34364,40:16232,41:15539,52:4173,54:3958,58:1917,61:1318,62:1287,63:1262,65:1202,66:1090,67:1078,68:1021,71:975,73:872,80:676,82:564,85:528,86:524,92:460,97:355,105:325,106:325,112:291,113:291,125:248,126:248,147:196,148:196,156:169,165:161,183:143,205:128,225:111,229:109,231:106,232:106,233:105	5	-1.0443964912818788	5.683015323725829	0.7935297790995962	GP_unb_7	102:334	5	0.0	0.45742415933987923	0.9597689014281927	0	0	0	0		1	False	0
ecol-SAMN34375047	GP_1	29:34364,40:16232,41:15539,52:4173,54:3958,58:1917,61:1318,62:1287,63:1262,65:1202,66:1090,67:1078,68:1021,71:975,73:872,80:676,82:564,85:528,86:524,92:460,97:355,105:325,106:325,112:291,113:291,125:248,126:248,147:196,148:196,156:169,165:161,183:143,205:128,225:111,229:109,231:106,232:106,233:105	5	-1.0443964912818788	5.683015323725829	0.7935297790995962	GP_unb_8	107:324	5	0.0	0.376968185760968	0.4623184434091532	5	-2.0263554262476733	11.055384182530382	0.11392970901579247	12:139701,17:126231,44:11585,45:11355,46:11201,72:969,74:850,75:820,103:330,116:282,123:258,142:210,153:181,159:166,160:166,175:151,178:148,192:134,201:130,211:119,236:102	0	False	0
ecol-SAMN34375047	GP_1	29:34364,40:16232,41:15539,52:4173,54:3958,58:1917,61:1318,62:1287,63:1262,65:1202,66:1090,67:1078,68:1021,71:975,73:872,80:676,82:564,85:528,86:524,92:460,97:355,105:325,106:325,112:291,113:291,125:248,126:248,147:196,148:196,156:169,165:161,183:143,205:128,225:111,229:109,231:106,232:106,233:105	5	-1.0443964912818788	5.683015323725829	0.7935297790995962	GP_unb_9	108:313	5	0.0	0.36179865744668616	0.9670289187695708	0	0	0	0		1	False	0
ecol-SAMN34375047	GP_1	29:34364,40:16232,41:15539,52:4173,54:3958,58:1917,61:1318,62:1287,63:1262,65:1202,66:1090,67:1078,68:1021,71:975,73:872,80:676,82:564,85:528,86:524,92:460,97:355,105:325,106:325,112:291,113:291,125:248,126:248,147:196,148:196,156:169,165:161,183:143,205:128,225:111,229:109,231:106,232:106,233:105	5	-1.0443964912818788	5.683015323725829	0.7935297790995962	GP_unb_10	110:305	4	0.0	0.49104329456140383	1.1868421170857502	5	-2.2171981482655925	8.582982790624785	0.11392970901579247	17:126231,45:11355,46:11201,74:850,75:820,103:330,115:285,116:282,123:258,150:186,153:181,175:151,178:148,192:134,201:130,236:102	0	False	0
ecol-SAMN34375047	GP_1	29:34364,40:16232,41:15539,52:4173,54:3958,58:1917,61:1318,62:1287,63:1262,65:1202,66:1090,67:1078,68:1021,71:975,73:872,80:676,82:564,85:528,86:524,92:460,97:355,105:325,106:325,112:291,113:291,125:248,126:248,147:196,148:196,156:169,165:161,183:143,205:128,225:111,229:109,231:106,232:106,233:105	5	-1.0443964912818788	5.683015323725829	0.7935297790995962	GP_unb_11	111:294	4	0.0	0.49389668248310037	0.9541711405325513	5	-1.8024354430819165	7.777314342550845	0.7935297790991171	12:139701,17:126231,28:35231,44:11585,72:969,116:282,153:181,159:166,160:166,161:164,178:148,201:130,211:119,223:113,236:102	0	False	0
ecol-SAMN34375047	GP_1	29:34364,40:16232,41:15539,52:4173,54:3958,58:1917,61:1318,62:1287,63:1262,65:1202,66:1090,67:1078,68:1021,71:975,73:872,80:676,82:564,85:528,86:524,92:460,97:355,105:325,106:325,112:291,113:291,125:248,126:248,147:196,148:196,156:169,165:161,183:143,205:128,225:111,229:109,231:106,232:106,233:105	5	-1.0443964912818788	5.683015323725829	0.7935297790995962	GP_unb_12	114:288	5	0.0	0.44667937818249115	1.016564160852513	5	-1.9573533366207876	10.407733551701606	0.11392970901579247	12:139701,17:126231,44:11585,46:11201,72:969,74:850,75:820,103:330,116:282,123:258,153:181,159:166,160:166,175:151,178:148,192:134,201:130,211:119,223:113,236:102	0	False	0
ecol-SAMN34375047	GP_1	29:34364,40:16232,41:15539,52:4173,54:3958,58:1917,61:1318,62:1287,63:1262,65:1202,66:1090,67:1078,68:1021,71:975,73:872,80:676,82:564,85:528,86:524,92:460,97:355,105:325,106:325,112:291,113:291,125:248,126:248,147:196,148:196,156:169,165:161,183:143,205:128,225:111,229:109,231:106,232:106,233:105	5	-1.0443964912818788	5.683015323725829	0.7935297790995962	GP_unb_13	117:281	4	0.0	0.423083698972579	0.8502935904289971	5	-1.7901387066704353	7.706501359040324	0.793529779104574	12:139701,17:126231,28:35231,44:11585,72:969,116:282,153:181,159:166,160:166,161:164,178:148,201:130,211:119,223:113,236:102	0	False	0
ecol-SAMN34375047	GP_1	29:34364,40:16232,41:15539,52:4173,54:3958,58:1917,61:1318,62:1287,63:1262,65:1202,66:1090,67:1078,68:1021,71:975,73:872,80:676,82:564,85:528,86:524,92:460,97:355,105:325,106:325,112:291,113:291,125:248,126:248,147:196,148:196,156:169,165:161,183:143,205:128,225:111,229:109,231:106,232:106,233:105	5	-1.0443964912818788	5.683015323725829	0.7935297790995962	GP_unb_14	118:274	5	0.0	0.4979322478388736	0.5418957070443323	0	0	0	0		1	False	0
ecol-SAMN34375047	GP_1	29:34364,40:16232,41:15539,52:4173,54:3958,58:1917,61:1318,62:1287,63:1262,65:1202,66:1090,67:1078,68:1021,71:975,73:872,80:676,82:564,85:528,86:524,92:460,97:355,105:325,106:325,112:291,113:291,125:248,126:248,147:196,148:196,156:169,165:161,183:143,205:128,225:111,229:109,231:106,232:106,233:105	5	-1.0443964912818788	5.683015323725829	0.7935297790995962	GP_unb_15	119:273	5	0.0	0.48372980043610203	0.970762256894995	5	-2.0263554262476733	10.900453342686774	0.11392970901579247	12:139701,17:126231,44:11585,45:11355,46:11201,72:969,74:850,75:820,103:330,116:282,123:258,153:181,159:166,160:166,175:151,178:148,192:134,201:130,211:119,236:102	0	False	0
ecol-SAMN34375047	GP_1	29:34364,40:16232,41:15539,52:4173,54:3958,58:1917,61:1318,62:1287,63:1262,65:1202,66:1090,67:1078,68:1021,71:975,73:872,80:676,82:564,85:528,86:524,92:460,97:355,105:325,106:325,112:291,113:291,125:248,126:248,147:196,148:196,156:169,165:161,183:143,205:128,225:111,229:109,231:106,232:106,233:105	5	-1.0443964912818788	5.683015323725829	0.7935297790995962	GP_unb_16	121:265	4	0.0	0.1058561025785324	4.618422294003747	5	-1.9750894150331393	8.379636264287965	0.11392970901579247	17:126231,23:73170,45:11355,46:11201,56:3086,74:850,75:820,103:330,116:282,123:258,153:181,175:151,178:148,192:134,194:132,201:130,235:103,236:102	0	False	0
ecol-SAMN34375047	GP_1	29:34364,40:16232,41:15539,52:4173,54:3958,58:1917,61:1318,62:1287,63:1262,65:1202,66:1090,67:1078,68:1021,71:975,73:872,80:676,82:564,85:528,86:524,92:460,97:355,105:325,106:325,112:291,113:291,125:248,126:248,147:196,148:196,156:169,165:161,183:143,205:128,225:111,229:109,231:106,232:106,233:105	5	-1.0443964912818788	5.683015323725829	0.7935297790995962	GP_unb_17	124:253	4	0.0	0.178215563310269	1.152918607837764	5	-1.751939768951615	8.345340387728232	0.7935297790991171	12:139701,17:126231,44:11585,72:969,116:282,123:258,153:181,159:166,160:166,178:148,201:130,211:119,223:113,236:102	0	False	0
ecol-SAMN34375047	GP_1	29:34364,40:16232,41:15539,52:4173,54:3958,58:1917,61:1318,62:1287,63:1262,65:1202,66:1090,67:1078,68:1021,71:975,73:872,80:676,82:564,85:528,86:524,92:460,97:355,105:325,106:325,112:291,113:291,125:248,126:248,147:196,148:196,156:169,165:161,183:143,205:128,225:111,229:109,231:106,232:106,233:105	5	-1.0443964912818788	5.683015323725829	0.7935297790995962	GP_unb_18	127:237	4	0.0	0.49702341008473283	0.7763591192736389	5	-1.8058995760307845	7.780441070152477	0.7763591192742751	12:139701,17:126231,28:35231,44:11585,72:969,116:282,153:181,159:166,160:166,161:164,178:148,201:130,211:119,223:113,236:102	0	False	0
ecol-SAMN34375047	GP_1	29:34364,40:16232,41:15539,52:4173,54:3958,58:1917,61:1318,62:1287,63:1262,65:1202,66:1090,67:1078,68:1021,71:975,73:872,80:676,82:564,85:528,86:524,92:460,97:355,105:325,106:325,112:291,113:291,125:248,126:248,147:196,148:196,156:169,165:161,183:143,205:128,225:111,229:109,231:106,232:106,233:105	5	-1.0443964912818788	5.683015323725829	0.7935297790995962	GP_unb_19	130:233	4	0.0	0.49105483505975644	1.1888053767257143	0	0	0	0		1	False	0
ecol-SAMN34375047	GP_1	29:34364,40:16232,41:15539,52:4173,54:3958,58:1917,61:1318,62:1287,63:1262,65:1202,66:1090,67:1078,68:1021,71:975,73:872,80:676,82:564,85:528,86:524,92:460,97:355,105:325,106:325,112:291,113:291,125:248,126:248,147:196,148:196,156:169,165:161,183:143,205:128,225:111,229:109,231:106,232:106,233:105	5	-1.0443964912818788	5.683015323725829	0.7935297790995962	GP_unb_20	132:223	5	0.0	0.41624278017758964	1.3296613938694186	5	-2.3887384176744852	11.984683199028812	0.11392970901579247	12:139701,17:126231,44:11585,45:11355,46:11201,74:850,75:820,103:330,116:282,123:258,153:181,159:166,160:166,175:151,178:148,181:144,184:141,192:134,193:132,195:132,201:130,211:119,218:116,220:115,236:102	0	False	0
ecol-SAMN34375047	GP_1	29:34364,40:16232,41:15539,52:4173,54:3958,58:1917,61:1318,62:1287,63:1262,65:1202,66:1090,67:1078,68:1021,71:975,73:872,80:676,82:564,85:528,86:524,92:460,97:355,105:325,106:325,112:291,113:291,125:248,126:248,147:196,148:196,156:169,165:161,183:143,205:128,225:111,229:109,231:106,232:106,233:105	5	-1.0443964912818788	5.683015323725829	0.7935297790995962	GP_unb_21	133:223	5	0.0	0.408511360060988	1.1646307769027222	5	-2.3887384176744852	11.976951778912209	0.11392970901579247	12:139701,17:126231,44:11585,45:11355,46:11201,74:850,75:820,103:330,116:282,123:258,153:181,159:166,160:166,175:151,178:148,181:144,184:141,192:134,193:132,195:132,201:130,211:119,218:116,220:115,236:102	0	False	0
ecol-SAMN34375047	GP_1	29:34364,40:16232,41:15539,52:4173,54:3958,58:1917,61:1318,62:1287,63:1262,65:1202,66:1090,67:1078,68:1021,71:975,73:872,80:676,82:564,85:528,86:524,92:460,97:355,105:325,106:325,112:291,113:291,125:248,126:248,147:196,148:196,156:169,165:161,183:143,205:128,225:111,229:109,231:106,232:106,233:105	5	-1.0443964912818788	5.683015323725829	0.7935297790995962	GP_unb_22	134:220	2	0.0	0.3968998665507588	1.2895650728472656	5	-1.2292543767346695	6.079915190276588	0.7935297790991171		0	False	0
ecol-SAMN34375047	GP_1	29:34364,40:16232,41:15539,52:4173,54:3958,58:1917,61:1318,62:1287,63:1262,65:1202,66:1090,67:1078,68:1021,71:975,73:872,80:676,82:564,85:528,86:524,92:460,97:355,105:325,106:325,112:291,113:291,125:248,126:248,147:196,148:196,156:169,165:161,183:143,205:128,225:111,229:109,231:106,232:106,233:105	5	-1.0443964912818788	5.683015323725829	0.7935297790995962	GP_unb_23	135:219	5	0.0	0.44235904838689255	0.4623184434091532	5	-1.0443964912818788	6.423015898543685	0.07120971836047829	60:1383	0	False	0
ecol-SAMN34375047	GP_1	29:34364,40:16232,41:15539,52:4173,54:3958,58:1917,61:1318,62:1287,63:1262,65:1202,66:1090,67:1078,68:1021,71:975,73:872,80:676,82:564,85:528,86:524,92:460,97:355,105:325,106:325,112:291,113:291,125:248,126:248,147:196,148:196,156:169,165:161,183:143,205:128,225:111,229:109,231:106,232:106,233:105	5	-1.0443964912818788	5.683015323725829	0.7935297790995962	GP_unb_24	140:211	5	0.0	0.1675830139114065	1.0746038663186412	0	0	0	0		1	False	0
ecol-SAMN34375047	GP_1	29:34364,40:16232,41:15539,52:4173,54:3958,58:1917,61:1318,62:1287,63:1262,65:1202,66:1090,67:1078,68:1021,71:975,73:872,80:676,82:564,85:528,86:524,92:460,97:355,105:325,106:325,112:291,113:291,125:248,126:248,147:196,148:196,156:169,165:161,183:143,205:128,225:111,229:109,231:106,232:106,233:105	5	-1.0443964912818788	5.683015323725829	0.7935297790995962	GP_unb_25	141:211	5	0.0	0.47333547992256597	1.0955572827048956	0	0	0	0		1	False	0
ecol-SAMN34375047	GP_1	29:34364,40:16232,41:15539,52:4173,54:3958,58:1917,61:1318,62:1287,63:1262,65:1202,66:1090,67:1078,68:1021,71:975,73:872,80:676,82:564,85:528,86:524,92:460,97:355,105:325,106:325,112:291,113:291,125:248,126:248,147:196,148:196,156:169,165:161,183:143,205:128,225:111,229:109,231:106,232:106,233:105	5	-1.0443964912818788	5.683015323725829	0.7935297790995962	GP_unb_26	143:208	5	0.0	0.475990418465596	1.0334472952392078	0	0	0	0		1	False	0
ecol-SAMN34375047	GP_1	29:34364,40:16232,41:15539,52:4173,54:3958,58:1917,61:1318,62:1287,63:1262,65:1202,66:1090,67:1078,68:1021,71:975,73:872,80:676,82:564,85:528,86:524,92:460,97:355,105:325,106:325,112:291,113:291,125:248,126:248,147:196,148:196,156:169,165:161,183:143,205:128,225:111,229:109,231:106,232:106,233:105	5	-1.0443964912818788	5.683015323725829	0.7935297790995962	GP_unb_27	144:208	5	0.0	0.48221642619736504	0.8881615892968656	0	0	0	0		1	False	0
ecol-SAMN34375047	GP_1	29:34364,40:16232,41:15539,52:4173,54:3958,58:1917,61:1318,62:1287,63:1262,65:1202,66:1090,67:1078,68:1021,71:975,73:872,80:676,82:564,85:528,86:524,92:460,97:355,105:325,106:325,112:291,113:291,125:248,126:248,147:196,148:196,156:169,165:161,183:143,205:128,225:111,229:109,231:106,232:106,233:105	5	-1.0443964912818788	5.683015323725829	0.7935297790995962	GP_unb_28	151:186	5	0.0	0.49126754067499323	0.6284497436980264	5	-2.0263554262476733	11.16968353744441	0.11392970901579247	12:139701,17:126231,44:11585,45:11355,46:11201,72:969,74:850,75:820,103:330,116:282,123:258,142:210,153:181,159:166,160:166,175:151,178:148,192:134,201:130,211:119,236:102	0	False	0
ecol-SAMN34375047	GP_1	29:34364,40:16232,41:15539,52:4173,54:3958,58:1917,61:1318,62:1287,63:1262,65:1202,66:1090,67:1078,68:1021,71:975,73:872,80:676,82:564,85:528,86:524,92:460,97:355,105:325,106:325,112:291,113:291,125:248,126:248,147:196,148:196,156:169,165:161,183:143,205:128,225:111,229:109,231:106,232:106,233:105	5	-1.0443964912818788	5.683015323725829	0.7935297790995962	GP_unb_29	157:168	5	0.0	0.4796988348830612	1.2973866633122033	5	-1.9447105229238038	8.022631075347933	0.11392970901579247	5:245627,17:126231,19:109011,23:73170,45:11355,46:11201,59:1577,74:850,75:820,103:330,116:282,123:258,153:181,174:151,175:151,178:148,192:134,194:132,201:130,236:102	0	False	0
ecol-SAMN34375047	GP_1	29:34364,40:16232,41:15539,52:4173,54:3958,58:1917,61:1318,62:1287,63:1262,65:1202,66:1090,67:1078,68:1021,71:975,73:872,80:676,82:564,85:528,86:524,92:460,97:355,105:325,106:325,112:291,113:291,125:248,126:248,147:196,148:196,156:169,165:161,183:143,205:128,225:111,229:109,231:106,232:106,233:105	5	-1.0443964912818788	5.683015323725829	0.7935297790995962	GP_unb_30	166:160	4	0.0	0.21507936407806172	1.0429356347348702	0	0	0	0		1	False	0
ecol-SAMN34375047	GP_1	29:34364,40:16232,41:15539,52:4173,54:3958,58:1917,61:1318,62:1287,63:1262,65:1202,66:1090,67:1078,68:1021,71:975,73:872,80:676,82:564,85:528,86:524,92:460,97:355,105:325,106:325,112:291,113:291,125:248,126:248,147:196,148:196,156:169,165:161,183:143,205:128,225:111,229:109,231:106,232:106,233:105	5	-1.0443964912818788	5.683015323725829	0.7935297790995962	GP_unb_31	167:160	5	0.0	0.4989549680172808	1.0394808368787318	0	0	0	0		1	False	0
ecol-SAMN34375047	GP_1	29:34364,40:16232,41:15539,52:4173,54:3958,58:1917,61:1318,62:1287,63:1262,65:1202,66:1090,67:1078,68:1021,71:975,73:872,80:676,82:564,85:528,86:524,92:460,97:355,105:325,106:325,112:291,113:291,125:248,126:248,147:196,148:196,156:169,165:161,183:143,205:128,225:111,229:109,231:106,232:106,233:105	5	-1.0443964912818788	5.683015323725829	0.7935297790995962	GP_unb_32	170:156	5	0.0	0.489610564409944	0.8857580563280307	0	0	0	0		1	False	0
ecol-SAMN34375047	GP_1	29:34364,40:16232,41:15539,52:4173,54:3958,58:1917,61:1318,62:1287,63:1262,65:1202,66:1090,67:1078,68:1021,71:975,73:872,80:676,82:564,85:528,86:524,92:460,97:355,105:325,106:325,112:291,113:291,125:248,126:248,147:196,148:196,156:169,165:161,183:143,205:128,225:111,229:109,231:106,232:106,233:105	5	-1.0443964912818788	5.683015323725829	0.7935297790995962	GP_unb_33	171:156	5	0.0	0.3302439589820926	1.0954135199852644	0	0	0	0		1	False	0
ecol-SAMN34375047	GP_1	29:34364,40:16232,41:15539,52:4173,54:3958,58:1917,61:1318,62:1287,63:1262,65:1202,66:1090,67:1078,68:1021,71:975,73:872,80:676,82:564,85:528,86:524,92:460,97:355,105:325,106:325,112:291,113:291,125:248,126:248,147:196,148:196,156:169,165:161,183:143,205:128,225:111,229:109,231:106,232:106,233:105	5	-1.0443964912818788	5.683015323725829	0.7935297790995962	GP_unb_34	172:153	5	0.0	0.453655333245074	1.1118114551932035	5	-1.9573533366207876	10.414709506764188	0.11392970901579247	12:139701,17:126231,44:11585,46:11201,72:969,74:850,75:820,103:330,116:282,123:258,153:181,159:166,160:166,175:151,178:148,192:134,201:130,211:119,223:113,236:102	0	False	0
ecol-SAMN34375047	GP_1	29:34364,40:16232,41:15539,52:4173,54:3958,58:1917,61:1318,62:1287,63:1262,65:1202,66:1090,67:1078,68:1021,71:975,73:872,80:676,82:564,85:528,86:524,92:460,97:355,105:325,106:325,112:291,113:291,125:248,126:248,147:196,148:196,156:169,165:161,183:143,205:128,225:111,229:109,231:106,232:106,233:105	5	-1.0443964912818788	5.683015323725829	0.7935297790995962	GP_unb_35	173:152	4	0.0	0.3937565651970263	2.0112943586610297	5	-1.0740267613170542	5.954664541962375	0.7935297790991171	43:13205,77:754	0	False	0
ecol-SAMN34375047	GP_1	29:34364,40:16232,41:15539,52:4173,54:3958,58:1917,61:1318,62:1287,63:1262,65:1202,66:1090,67:1078,68:1021,71:975,73:872,80:676,82:564,85:528,86:524,92:460,97:355,105:325,106:325,112:291,113:291,125:248,126:248,147:196,148:196,156:169,165:161,183:143,205:128,225:111,229:109,231:106,232:106,233:105	5	-1.0443964912818788	5.683015323725829	0.7935297790995962	GP_unb_36	177:150	5	0.0	0.013632447912708234	7.32709163525601	5	-1.830449532402379	8.959906538119222	0.11392970901579247	36:27171,45:11355,46:11201,74:850,75:820,103:330,123:258,153:181,175:151,178:148,192:134,201:130,236:102	0	False	0
ecol-SAMN34375047	GP_1	29:34364,40:16232,41:15539,52:4173,54:3958,58:1917,61:1318,62:1287,63:1262,65:1202,66:1090,67:1078,68:1021,71:975,73:872,80:676,82:564,85:528,86:524,92:460,97:355,105:325,106:325,112:291,113:291,125:248,126:248,147:196,148:196,156:169,165:161,183:143,205:128,225:111,229:109,231:106,232:106,233:105	5	-1.0443964912818788	5.683015323725829	0.7935297790995962	GP_unb_37	219:116	4	0.0	0.4892892881834844	1.2391852247864898	0	0	0	0		1	False	0
ecol-SAMN34375047	GP_1	29:34364,40:16232,41:15539,52:4173,54:3958,58:1917,61:1318,62:1287,63:1262,65:1202,66:1090,67:1078,68:1021,71:975,73:872,80:676,82:564,85:528,86:524,92:460,97:355,105:325,106:325,112:291,113:291,125:248,126:248,147:196,148:196,156:169,165:161,183:143,205:128,225:111,229:109,231:106,232:106,233:105	5	-1.0443964912818788	5.683015323725829	0.7935297790995962	GP_unb_38	224:112	4	0.0	0.46294458785956616	2.1528467264779483	0	0	0	0		1	False	0
ecol-SAMN34375047	GP_1	29:34364,40:16232,41:15539,52:4173,54:3958,58:1917,61:1318,62:1287,63:1262,65:1202,66:1090,67:1078,68:1021,71:975,73:872,80:676,82:564,85:528,86:524,92:460,97:355,105:325,106:325,112:291,113:291,125:248,126:248,147:196,148:196,156:169,165:161,183:143,205:128,225:111,229:109,231:106,232:106,233:105	5	-1.0443964912818788	5.683015323725829	0.7935297790995962	GP_unb_39	228:109	4	0.0	0.49977650941861884	1.9011811005934705	5	-1.3075515955696992	5.39003594249524	0.7761344900245604	87:522,158:167	0	False	0
ecol-SAMN34375047	GP_1	29:34364,40:16232,41:15539,52:4173,54:3958,58:1917,61:1318,62:1287,63:1262,65:1202,66:1090,67:1078,68:1021,71:975,73:872,80:676,82:564,85:528,86:524,92:460,97:355,105:325,106:325,112:291,113:291,125:248,126:248,147:196,148:196,156:169,165:161,183:143,205:128,225:111,229:109,231:106,232:106,233:105	5	-1.0443964912818788	5.683015323725829	0.7935297790995962	GP_unb_40	230:109	5	0.0	0.488385559122413	1.9849049144387194	5	-2.5263793164123083	9.085949270648532	0.11392970901579247	17:126231,18:117172,19:109011,23:73170,35:27703,45:11355,46:11201,59:1577,70:980,74:850,75:820,79:677,83:559,84:559,94:409,98:348,103:330,116:282,123:258,138:213,145:202,146:202,153:181,175:151,178:148,186:140,192:134,194:132,201:130,215:118,236:102	0	False	0
ecol-SAMN34375047	GP_0	30:32927,32:31957,45:11355,51:4776,57:2393,58:1917,64:1259,74:850,85:528,92:460,104:329,116:282,153:181,178:148,211:119,236:102	4	-0.40882166783202545	5.65330538794656	0.5309741272030514	GP_2	39:16761,46:11201,48:10524,49:9966,50:6657,55:3695,60:1383,62:1287,69:1012,75:820,175:151,191:134,192:134	5	-0.307110159229705	4.512370598254264	0.4478276105288222	5	-1.188065327135517	11.057462713509706	0.4478276105292025	36:27171,123:258,201:130	0	False	0
ecol-SAMN34375047	GP_0	30:32927,32:31957,45:11355,51:4776,57:2393,58:1917,64:1259,74:850,85:528,92:460,104:329,116:282,153:181,178:148,211:119,236:102	4	-0.40882166783202545	5.65330538794656	0.5309741272030514	GP_unb_1	90:474	4	0.0	0.007119905918968605	0.9548944467156958	4	-1.0046298147768344	4.454700651797207	0.11392970901579247	6:225722,10:190833,22:77030,46:11201,53:4115,62:1287,71:975,75:820,103:330,123:258,129:235,152:181,162:164,175:151,192:134,196:131,201:130,204:128,210:119,216:116,227:109,235:103	0	False	0
ecol-SAMN34375047	GP_0	30:32927,32:31957,45:11355,51:4776,57:2393,58:1917,64:1259,74:850,85:528,92:460,104:329,116:282,153:181,178:148,211:119,236:102	4	-0.40882166783202545	5.65330538794656	0.5309741272030514	GP_unb_2	91:474	4	0.0	0.2866585970286226	1.0232850679952739	4	-1.0046298147768344	4.734239342906862	0.11392970901579247	6:225722,10:190833,22:77030,46:11201,53:4115,62:1287,71:975,75:820,103:330,123:258,129:235,152:181,162:164,175:151,192:134,196:131,201:130,204:128,210:119,216:116,227:109,235:103	0	False	0
ecol-SAMN34375047	GP_0	30:32927,32:31957,45:11355,51:4776,57:2393,58:1917,64:1259,74:850,85:528,92:460,104:329,116:282,153:181,178:148,211:119,236:102	4	-0.40882166783202545	5.65330538794656	0.5309741272030514	GP_unb_3	93:439	5	0.0	0.4575458991810222	0.6284497436980264	4	-0.5043779020211918	6.110851287127582	0.5309741272030806		0	False	0
ecol-SAMN34375047	GP_0	30:32927,32:31957,45:11355,51:4776,57:2393,58:1917,64:1259,74:850,85:528,92:460,104:329,116:282,153:181,178:148,211:119,236:102	4	-0.40882166783202545	5.65330538794656	0.5309741272030514	GP_unb_4	96:367	4	0.0	0.29919295219336894	0.996464335614069	4	-0.5457326392067373	8.56552992042218	0.11392970901579247	36:27171,46:11201,62:1287,75:820,103:330,123:258,175:151,192:134,201:130	0	False	0
ecol-SAMN34375047	GP_0	30:32927,32:31957,45:11355,51:4776,57:2393,58:1917,64:1259,74:850,85:528,92:460,104:329,116:282,153:181,178:148,211:119,236:102	4	-0.40882166783202545	5.65330538794656	0.5309741272030514	GP_unb_5	99:345	4	0.0	0.3712196198596299	0.8266214369281063	0	0	0	0		1	False	0
ecol-SAMN34375047	GP_0	30:32927,32:31957,45:11355,51:4776,57:2393,58:1917,64:1259,74:850,85:528,92:460,104:329,116:282,153:181,178:148,211:119,236:102	4	-0.40882166783202545	5.65330538794656	0.5309741272030514	GP_unb_6	101:334	5	0.0	0.2140039682439162	0.9164424117993253	0	0	0	0		1	False	0
ecol-SAMN34375047	GP_0	30:32927,32:31957,45:11355,51:4776,57:2393,58:1917,64:1259,74:850,85:528,92:460,104:329,116:282,153:181,178:148,211:119,236:102	4	-0.40882166783202545	5.65330538794656	0.5309741272030514	GP_unb_7	102:334	5	0.0	0.45742415933987923	0.9597689014281927	0	0	0	0		1	False	0
ecol-SAMN34375047	GP_0	30:32927,32:31957,45:11355,51:4776,57:2393,58:1917,64:1259,74:850,85:528,92:460,104:329,116:282,153:181,178:148,211:119,236:102	4	-0.40882166783202545	5.65330538794656	0.5309741272030514	GP_unb_8	107:324	5	0.0	0.376968185760968	0.4623184434091532	5	-0.7022173518099546	7.205732625659131	0.46231844341012174	44:11585,72:969,142:210,159:166	0	False	0
ecol-SAMN34375047	GP_0	30:32927,32:31957,45:11355,51:4776,57:2393,58:1917,64:1259,74:850,85:528,92:460,104:329,116:282,153:181,178:148,211:119,236:102	4	-0.40882166783202545	5.65330538794656	0.5309741272030514	GP_unb_9	108:313	5	0.0	0.36179865744668616	0.9670289187695708	0	0	0	0		1	False	0
ecol-SAMN34375047	GP_0	30:32927,32:31957,45:11355,51:4776,57:2393,58:1917,64:1259,74:850,85:528,92:460,104:329,116:282,153:181,178:148,211:119,236:102	4	-0.40882166783202545	5.65330538794656	0.5309741272030514	GP_unb_10	110:305	4	0.0	0.49104329456140383	1.1868421170857502	4	-0.40882166783202545	5.216571212711989	0.5309741272030806	115:285,150:186	0	False	0
ecol-SAMN34375047	GP_0	30:32927,32:31957,45:11355,51:4776,57:2393,58:1917,64:1259,74:850,85:528,92:460,104:329,116:282,153:181,178:148,211:119,236:102	4	-0.40882166783202545	5.65330538794656	0.5309741272030514	GP_unb_11	111:294	4	0.0	0.49389668248310037	0.9541711405325513	4	-0.5457326392067373	8.64070112260012	0.11392970901579247	28:35231,46:11201,62:1287,71:975,75:820,103:330,123:258,161:164,175:151,192:134,201:130	0	False	0
ecol-SAMN34375047	GP_0	30:32927,32:31957,45:11355,51:4776,57:2393,58:1917,64:1259,74:850,85:528,92:460,104:329,116:282,153:181,178:148,211:119,236:102	4	-0.40882166783202545	5.65330538794656	0.5309741272030514	GP_unb_12	114:288	5	0.0	0.44667937818249115	1.016564160852513	4	-0.9090277274888139	7.200200800274398	0.11392970901579247	3:392279,10:190833,22:77030,46:11201,52:4173,53:4115,62:1287,71:975,75:820,103:330,123:258,152:181,162:164,165:161,175:151,191:134,192:134,201:130,235:103	0	False	0
ecol-SAMN34375047	GP_0	30:32927,32:31957,45:11355,51:4776,57:2393,58:1917,64:1259,74:850,85:528,92:460,104:329,116:282,153:181,178:148,211:119,236:102	4	-0.40882166783202545	5.65330538794656	0.5309741272030514	GP_unb_13	117:281	4	0.0	0.423083698972579	0.8502935904289971	4	-0.5457326392067373	8.5698881390896	0.11392970901579247	28:35231,46:11201,62:1287,71:975,75:820,103:330,123:258,161:164,175:151,192:134,201:130	0	False	0
ecol-SAMN34375047	GP_0	30:32927,32:31957,45:11355,51:4776,57:2393,58:1917,64:1259,74:850,85:528,92:460,104:329,116:282,153:181,178:148,211:119,236:102	4	-0.40882166783202545	5.65330538794656	0.5309741272030514	GP_unb_14	118:274	5	0.0	0.4979322478388736	0.5418957070443323	5	-0.5604310551666893	6.151237635785433	0.5309741272030806		0	False	0
ecol-SAMN34375047	GP_0	30:32927,32:31957,45:11355,51:4776,57:2393,58:1917,64:1259,74:850,85:528,92:460,104:329,116:282,153:181,178:148,211:119,236:102	4	-0.40882166783202545	5.65330538794656	0.5309741272030514	GP_unb_15	119:273	5	0.0	0.48372980043610203	0.970762256894995	4	-0.5550953628962797	7.050801785815523	0.5309741272048996	44:11585,72:969,159:166	0	False	0
ecol-SAMN34375047	GP_0	30:32927,32:31957,45:11355,51:4776,57:2393,58:1917,64:1259,74:850,85:528,92:460,104:329,116:282,153:181,178:148,211:119,236:102	4	-0.40882166783202545	5.65330538794656	0.5309741272030514	GP_unb_16	121:265	4	0.0	0.1058561025785324	4.618422294003747	5	-1.0566320164898468	7.61961787579066	0.1618947926453984	14:134225,25:55987,29:34364,40:16232,59:1577,61:1318,63:1262,66:1090,76:817,80:676,105:325,106:325,112:291,113:291,122:259,147:196,148:196,156:169,183:143,188:136,205:128,231:106,232:106,233:105	0	False	0
ecol-SAMN34375047	GP_0	30:32927,32:31957,45:11355,51:4776,57:2393,58:1917,64:1259,74:850,85:528,92:460,104:329,116:282,153:181,178:148,211:119,236:102	4	-0.40882166783202545	5.65330538794656	0.5309741272030514	GP_unb_17	124:253	4	0.0	0.178215563310269	1.152918607837764	4	-0.5457326392067373	8.260626209942206	0.11392970901579247	46:11201,62:1287,71:975,75:820,103:330,192:134	0	False	0
ecol-SAMN34375047	GP_0	30:32927,32:31957,45:11355,51:4776,57:2393,58:1917,64:1259,74:850,85:528,92:460,104:329,116:282,153:181,178:148,211:119,236:102	4	-0.40882166783202545	5.65330538794656	0.5309741272030514	GP_unb_18	127:237	4	0.0	0.49702341008473283	0.7763591192736389	4	-0.5457326392067373	8.643827850201752	0.11392970901579247	28:35231,46:11201,62:1287,71:975,75:820,103:330,123:258,161:164,175:151,192:134,201:130	0	False	0
ecol-SAMN34375047	GP_0	30:32927,32:31957,45:11355,51:4776,57:2393,58:1917,64:1259,74:850,85:528,92:460,104:329,116:282,153:181,178:148,211:119,236:102	4	-0.40882166783202545	5.65330538794656	0.5309741272030514	GP_unb_19	130:233	4	0.0	0.49105483505975644	1.1888053767257143	0	0	0	0		1	False	0
ecol-SAMN34375047	GP_0	30:32927,32:31957,45:11355,51:4776,57:2393,58:1917,64:1259,74:850,85:528,92:460,104:329,116:282,153:181,178:148,211:119,236:102	4	-0.40882166783202545	5.65330538794656	0.5309741272030514	GP_unb_20	132:223	5	0.0	0.41624278017758964	1.3296613938694186	5	-0.8417572925409327	8.169069699858664	0.1618947926453984	29:34364,63:1262,66:1090,80:676,106:325,112:291,113:291,122:259,125:248,147:196,148:196,156:169,183:143,185:140,188:136,190:134,231:106,232:106,233:105	0	False	0
ecol-SAMN34375047	GP_0	30:32927,32:31957,45:11355,51:4776,57:2393,58:1917,64:1259,74:850,85:528,92:460,104:329,116:282,153:181,178:148,211:119,236:102	4	-0.40882166783202545	5.65330538794656	0.5309741272030514	GP_unb_21	133:223	5	0.0	0.408511360060988	1.1646307769027222	5	-0.8417572925409327	8.161338279742061	0.16189479264539836	29:34364,63:1262,66:1090,80:676,106:325,112:291,113:291,122:259,125:248,147:196,148:196,156:169,183:143,185:140,188:136,190:134,231:106,232:106,233:105	0	False	0
ecol-SAMN34375047	GP_0	30:32927,32:31957,45:11355,51:4776,57:2393,58:1917,64:1259,74:850,85:528,92:460,104:329,116:282,153:181,178:148,211:119,236:102	4	-0.40882166783202545	5.65330538794656	0.5309741272030514	GP_unb_22	134:220	2	0.0	0.3968998665507588	1.2895650728472656	0	0	0	0		1	False	0
ecol-SAMN34375047	GP_0	30:32927,32:31957,45:11355,51:4776,57:2393,58:1917,64:1259,74:850,85:528,92:460,104:329,116:282,153:181,178:148,211:119,236:102	4	-0.40882166783202545	5.65330538794656	0.5309741272030514	GP_unb_23	135:219	5	0.0	0.44235904838689255	0.4623184434091532	4	-0.7208617786765921	9.006337543046667	0.07120971836047829	36:27171,46:11201,60:1383,62:1287,75:820,103:330,123:258,175:151,192:134,201:130	0	False	0
ecol-SAMN34375047	GP_0	30:32927,32:31957,45:11355,51:4776,57:2393,58:1917,64:1259,74:850,85:528,92:460,104:329,116:282,153:181,178:148,211:119,236:102	4	-0.40882166783202545	5.65330538794656	0.5309741272030514	GP_unb_24	140:211	5	0.0	0.1675830139114065	1.0746038663186412	0	0	0	0		1	False	0
ecol-SAMN34375047	GP_0	30:32927,32:31957,45:11355,51:4776,57:2393,58:1917,64:1259,74:850,85:528,92:460,104:329,116:282,153:181,178:148,211:119,236:102	4	-0.40882166783202545	5.65330538794656	0.5309741272030514	GP_unb_25	141:211	5	0.0	0.47333547992256597	1.0955572827048956	0	0	0	0		1	False	0
ecol-SAMN34375047	GP_0	30:32927,32:31957,45:11355,51:4776,57:2393,58:1917,64:1259,74:850,85:528,92:460,104:329,116:282,153:181,178:148,211:119,236:102	4	-0.40882166783202545	5.65330538794656	0.5309741272030514	GP_unb_26	143:208	5	0.0	0.475990418465596	1.0334472952392078	0	0	0	0		1	False	0
ecol-SAMN34375047	GP_0	30:32927,32:31957,45:11355,51:4776,57:2393,58:1917,64:1259,74:850,85:528,92:460,104:329,116:282,153:181,178:148,211:119,236:102	4	-0.40882166783202545	5.65330538794656	0.5309741272030514	GP_unb_27	144:208	5	0.0	0.48221642619736504	0.8881615892968656	0	0	0	0		1	False	0
ecol-SAMN34375047	GP_0	30:32927,32:31957,45:11355,51:4776,57:2393,58:1917,64:1259,74:850,85:528,92:460,104:329,116:282,153:181,178:148,211:119,236:102	4	-0.40882166783202545	5.65330538794656	0.5309741272030514	GP_unb_28	151:186	5	0.0	0.49126754067499323	0.6284497436980264	5	-0.7022173518099546	7.320031980573156	0.4623184434094395	44:11585,72:969,142:210,159:166	0	False	0
ecol-SAMN34375047	GP_0	30:32927,32:31957,45:11355,51:4776,57:2393,58:1917,64:1259,74:850,85:528,92:460,104:329,116:282,153:181,178:148,211:119,236:102	4	-0.40882166783202545	5.65330538794656	0.5309741272030514	GP_unb_29	157:168	5	0.0	0.4796988348830612	1.2973866633122033	4	-0.8020583463646186	7.560534073144947	0.11392970901579247	1:451721,31:32561,46:11201,62:1287,71:975,75:820,89:518,103:330,123:258,174:151,175:151,192:134,201:130	0	False	0
ecol-SAMN34375047	GP_0	30:32927,32:31957,45:11355,51:4776,57:2393,58:1917,64:1259,74:850,85:528,92:460,104:329,116:282,153:181,178:148,211:119,236:102	4	-0.40882166783202545	5.65330538794656	0.5309741272030514	GP_unb_30	166:160	4	0.0	0.21507936407806172	1.0429356347348702	0	0	0	0		1	False	0
ecol-SAMN34375047	GP_0	30:32927,32:31957,45:11355,51:4776,57:2393,58:1917,64:1259,74:850,85:528,92:460,104:329,116:282,153:181,178:148,211:119,236:102	4	-0.40882166783202545	5.65330538794656	0.5309741272030514	GP_unb_31	167:160	5	0.0	0.4989549680172808	1.0394808368787318	0	0	0	0		1	False	0
ecol-SAMN34375047	GP_0	30:32927,32:31957,45:11355,51:4776,57:2393,58:1917,64:1259,74:850,85:528,92:460,104:329,116:282,153:181,178:148,211:119,236:102	4	-0.40882166783202545	5.65330538794656	0.5309741272030514	GP_unb_32	170:156	5	0.0	0.489610564409944	0.8857580563280307	0	0	0	0		1	False	0
ecol-SAMN34375047	GP_0	30:32927,32:31957,45:11355,51:4776,57:2393,58:1917,64:1259,74:850,85:528,92:460,104:329,116:282,153:181,178:148,211:119,236:102	4	-0.40882166783202545	5.65330538794656	0.5309741272030514	GP_unb_33	171:156	5	0.0	0.3302439589820926	1.0954135199852644	0	0	0	0		1	False	0
ecol-SAMN34375047	GP_0	30:32927,32:31957,45:11355,51:4776,57:2393,58:1917,64:1259,74:850,85:528,92:460,104:329,116:282,153:181,178:148,211:119,236:102	4	-0.40882166783202545	5.65330538794656	0.5309741272030514	GP_unb_34	172:153	5	0.0	0.453655333245074	1.1118114551932035	4	-0.42468355891882853	6.1069607211916335	0.5309741272030806		0	False	0
ecol-SAMN34375047	GP_0	30:32927,32:31957,45:11355,51:4776,57:2393,58:1917,64:1259,74:850,85:528,92:460,104:329,116:282,153:181,178:148,211:119,236:102	4	-0.40882166783202545	5.65330538794656	0.5309741272030514	GP_unb_35	173:152	4	0.0	0.3937565651970263	2.0112943586610297	4	-0.5062017730466021	5.924954606183104	0.5309741272030806	43:13205,77:754	0	False	0
ecol-SAMN34375047	GP_0	30:32927,32:31957,45:11355,51:4776,57:2393,58:1917,64:1259,74:850,85:528,92:460,104:329,116:282,153:181,178:148,211:119,236:102	4	-0.40882166783202545	5.65330538794656	0.5309741272030514	GP_unb_36	177:150	5	0.0	0.013632447912708234	7.32709163525601	4	-0.6196994569343105	8.577900618028671	0.11392970901579247	46:11201,62:1287,71:975,75:820,103:330,123:258,175:151,192:134,201:130	0	False	0
ecol-SAMN34375047	GP_0	30:32927,32:31957,45:11355,51:4776,57:2393,58:1917,64:1259,74:850,85:528,92:460,104:329,116:282,153:181,178:148,211:119,236:102	4	-0.40882166783202545	5.65330538794656	0.5309741272030514	GP_unb_37	219:116	4	0.0	0.4892892881834844	1.2391852247864898	0	0	0	0		1	False	0
ecol-SAMN34375047	GP_0	30:32927,32:31957,45:11355,51:4776,57:2393,58:1917,64:1259,74:850,85:528,92:460,104:329,116:282,153:181,178:148,211:119,236:102	4	-0.40882166783202545	5.65330538794656	0.5309741272030514	GP_unb_38	224:112	4	0.0	0.46294458785956616	2.1528467264779483	0	0	0	0		1	False	0
ecol-SAMN34375047	GP_0	30:32927,32:31957,45:11355,51:4776,57:2393,58:1917,64:1259,74:850,85:528,92:460,104:329,116:282,153:181,178:148,211:119,236:102	4	-0.40882166783202545	5.65330538794656	0.5309741272030514	GP_unb_39	228:109	4	0.0	0.49977650941861884	1.9011811005934705	5	-1.1697222599818276	7.705731556192195	0.1618947926453983	2:413688,63:1262,66:1090,67:1078,80:676,87:522,105:325,106:325,112:291,113:291,122:259,147:196,148:196,156:169,158:167,183:143,188:136,225:111,229:109,231:106,232:106,233:105	0	False	0
ecol-SAMN34375047	GP_0	30:32927,32:31957,45:11355,51:4776,57:2393,58:1917,64:1259,74:850,85:528,92:460,104:329,116:282,153:181,178:148,211:119,236:102	4	-0.40882166783202545	5.65330538794656	0.5309741272030514	GP_unb_40	230:109	5	0.0	0.488385559122413	1.9849049144387194	5	-1.5964596706763048	8.474520061088665	0.1618947926453984	14:134225,18:117172,25:55987,29:34364,35:27703,40:16232,59:1577,61:1318,63:1262,66:1090,70:980,76:817,79:677,80:676,83:559,84:559,94:409,98:348,105:325,106:325,112:291,113:291,122:259,138:213,145:202,146:202,147:196,148:196,156:169,183:143,186:140,188:136,205:128,215:118,231:106,232:106,233:105	0	False	0
ecol-SAMN34375047	GP_2	39:16761,46:11201,48:10524,49:9966,50:6657,55:3695,60:1383,62:1287,69:1012,75:820,175:151,191:134,192:134	5	-0.307110159229705	4.512370598254264	0.4478276105288222	GP_unb_1	90:474	4	0.0	0.007119905918968605	0.9548944467156958	5	-1.1719974760306238	7.0356908814932035	0.16189479264539847	2:413688,29:34364,41:15539,45:11355,58:1917,63:1262,65:1202,74:850,85:528,92:460,104:329,105:325,106:325,112:291,113:291,122:259,129:235,147:196,148:196,155:173,183:143,188:136,196:131,203:128,204:128,210:119,216:116,227:109,231:106,232:106,233:105,236:102	0	False	0
ecol-SAMN34375047	GP_2	39:16761,46:11201,48:10524,49:9966,50:6657,55:3695,60:1383,62:1287,69:1012,75:820,175:151,191:134,192:134	5	-0.307110159229705	4.512370598254264	0.4478276105288222	GP_unb_2	91:474	4	0.0	0.2866585970286226	1.0232850679952739	5	-1.1719974760306238	7.315229572602859	0.16189479264539844	2:413688,29:34364,41:15539,45:11355,58:1917,63:1262,65:1202,74:850,85:528,92:460,104:329,105:325,106:325,112:291,113:291,122:259,129:235,147:196,148:196,155:173,183:143,188:136,196:131,203:128,204:128,210:119,216:116,227:109,231:106,232:106,233:105,236:102	0	False	0
ecol-SAMN34375047	GP_2	39:16761,46:11201,48:10524,49:9966,50:6657,55:3695,60:1383,62:1287,69:1012,75:820,175:151,191:134,192:134	5	-0.307110159229705	4.512370598254264	0.4478276105288222	GP_unb_3	93:439	5	0.0	0.4575458991810222	0.6284497436980264	0	0	0	0		1	False	0
ecol-SAMN34375047	GP_2	39:16761,46:11201,48:10524,49:9966,50:6657,55:3695,60:1383,62:1287,69:1012,75:820,175:151,191:134,192:134	5	-0.307110159229705	4.512370598254264	0.4478276105288222	GP_unb_4	96:367	4	0.0	0.29919295219336894	0.996464335614069	5	-0.30952291227106704	4.811563550447633	0.4478276105292025		0	False	0
ecol-SAMN34375047	GP_2	39:16761,46:11201,48:10524,49:9966,50:6657,55:3695,60:1383,62:1287,69:1012,75:820,175:151,191:134,192:134	5	-0.307110159229705	4.512370598254264	0.4478276105288222	GP_unb_5	99:345	4	0.0	0.3712196198596299	0.8266214369281063	0	0	0	0		1	False	0
ecol-SAMN34375047	GP_2	39:16761,46:11201,48:10524,49:9966,50:6657,55:3695,60:1383,62:1287,69:1012,75:820,175:151,191:134,192:134	5	-0.307110159229705	4.512370598254264	0.4478276105288222	GP_unb_6	101:334	5	0.0	0.2140039682439162	0.9164424117993253	0	0	0	0		1	False	0
ecol-SAMN34375047	GP_2	39:16761,46:11201,48:10524,49:9966,50:6657,55:3695,60:1383,62:1287,69:1012,75:820,175:151,191:134,192:134	5	-0.307110159229705	4.512370598254264	0.4478276105288222	GP_unb_7	102:334	5	0.0	0.45742415933987923	0.9597689014281927	0	0	0	0		1	False	0
ecol-SAMN34375047	GP_2	39:16761,46:11201,48:10524,49:9966,50:6657,55:3695,60:1383,62:1287,69:1012,75:820,175:151,191:134,192:134	5	-0.307110159229705	4.512370598254264	0.4478276105288222	GP_unb_8	107:324	5	0.0	0.376968185760968	0.4623184434091532	5	-0.9846310328209907	11.452572990067091	0.1618947926453984	2:413688,12:139701,29:34364,41:15539,44:11585,45:11355,58:1917,63:1262,65:1202,72:969,74:850,85:528,92:460,104:329,105:325,106:325,112:291,113:291,122:259,142:210,147:196,148:196,155:173,159:166,160:166,183:143,188:136,211:119,231:106,232:106,233:105,236:102	0	False	0
ecol-SAMN34375047	GP_2	39:16761,46:11201,48:10524,49:9966,50:6657,55:3695,60:1383,62:1287,69:1012,75:820,175:151,191:134,192:134	5	-0.307110159229705	4.512370598254264	0.4478276105288222	GP_unb_9	108:313	5	0.0	0.36179865744668616	0.9670289187695708	0	0	0	0		1	False	0
ecol-SAMN34375047	GP_2	39:16761,46:11201,48:10524,49:9966,50:6657,55:3695,60:1383,62:1287,69:1012,75:820,175:151,191:134,192:134	5	-0.307110159229705	4.512370598254264	0.4478276105288222	GP_unb_10	110:305	4	0.0	0.49104329456140383	1.1868421170857502	5	-1.1754737548389103	8.980171598161492	0.1618947926453984	2:413688,29:34364,41:15539,45:11355,58:1917,63:1262,65:1202,74:850,85:528,92:460,104:329,105:325,106:325,112:291,113:291,115:285,122:259,147:196,148:196,150:186,155:173,183:143,188:136,231:106,232:106,233:105,236:102	0	False	0
ecol-SAMN34375047	GP_2	39:16761,46:11201,48:10524,49:9966,50:6657,55:3695,60:1383,62:1287,69:1012,75:820,175:151,191:134,192:134	5	-0.307110159229705	4.512370598254264	0.4478276105288222	GP_unb_11	111:294	4	0.0	0.49389668248310037	0.9541711405325513	5	-1.5163713774856484	10.764739846256644	0.16189479264539852	2:413688,12:139701,17:126231,27:37279,28:35231,29:34364,41:15539,44:11585,45:11355,58:1917,63:1262,65:1202,72:969,74:850,85:528,92:460,97:355,104:329,105:325,106:325,112:291,113:291,116:282,122:259,147:196,148:196,155:173,159:166,160:166,161:164,183:143,188:136,201:130,211:119,223:113,231:106,232:106,233:105,236:102	0	False	0
ecol-SAMN34375047	GP_2	39:16761,46:11201,48:10524,49:9966,50:6657,55:3695,60:1383,62:1287,69:1012,75:820,175:151,191:134,192:134	5	-0.307110159229705	4.512370598254264	0.4478276105288222	GP_unb_12	114:288	5	0.0	0.44667937818249115	1.016564160852513	5	-1.3549750769195277	11.601229706306254	0.1618947926453984	2:413688,12:139701,17:126231,27:37279,29:34364,41:15539,44:11585,45:11355,58:1917,63:1262,65:1202,72:969,74:850,85:528,92:460,97:355,104:329,105:325,106:325,112:291,113:291,116:282,122:259,123:258,147:196,148:196,155:173,159:166,160:166,183:143,188:136,201:130,211:119,223:113,231:106,232:106,233:105,236:102	0	False	0
ecol-SAMN34375047	GP_2	39:16761,46:11201,48:10524,49:9966,50:6657,55:3695,60:1383,62:1287,69:1012,75:820,175:151,191:134,192:134	5	-0.307110159229705	4.512370598254264	0.4478276105288222	GP_unb_13	117:281	4	0.0	0.423083698972579	0.8502935904289971	5	-1.5040746410741672	10.693926862746123	0.1618947926453984	2:413688,12:139701,17:126231,27:37279,28:35231,29:34364,41:15539,44:11585,45:11355,58:1917,63:1262,65:1202,72:969,74:850,85:528,92:460,97:355,104:329,105:325,106:325,112:291,113:291,116:282,122:259,147:196,148:196,155:173,159:166,160:166,161:164,183:143,188:136,201:130,211:119,223:113,231:106,232:106,233:105,236:102	0	False	0
ecol-SAMN34375047	GP_2	39:16761,46:11201,48:10524,49:9966,50:6657,55:3695,60:1383,62:1287,69:1012,75:820,175:151,191:134,192:134	5	-0.307110159229705	4.512370598254264	0.4478276105288222	GP_unb_14	118:274	5	0.0	0.4979322478388736	0.5418957070443323	0	0	0	0		1	False	0
ecol-SAMN34375047	GP_2	39:16761,46:11201,48:10524,49:9966,50:6657,55:3695,60:1383,62:1287,69:1012,75:820,175:151,191:134,192:134	5	-0.307110159229705	4.512370598254264	0.4478276105288222	GP_unb_15	119:273	5	0.0	0.48372980043610203	0.970762256894995	5	-0.9846310328209907	11.297642150223483	0.1618947926453984	2:413688,12:139701,29:34364,41:15539,44:11585,45:11355,58:1917,63:1262,65:1202,72:969,74:850,85:528,92:460,104:329,105:325,106:325,112:291,113:291,122:259,147:196,148:196,155:173,159:166,160:166,183:143,188:136,211:119,231:106,232:106,233:105,236:102	0	False	0
ecol-SAMN34375047	GP_2	39:16761,46:11201,48:10524,49:9966,50:6657,55:3695,60:1383,62:1287,69:1012,75:820,175:151,191:134,192:134	5	-0.307110159229705	4.512370598254264	0.4478276105288222	GP_unb_16	121:265	4	0.0	0.1058561025785324	4.618422294003747	5	-1.3269390113827433	10.283573906396148	0.1618947926453984	12:139701,14:134225,25:55987,29:34364,37:19914,40:16232,41:15539,44:11585,45:11355,54:3958,58:1917,59:1577,61:1318,63:1262,65:1202,72:969,74:850,76:817,85:528,92:460,97:355,104:329,105:325,106:325,112:291,113:291,116:282,122:259,147:196,148:196,153:181,155:173,159:166,160:166,178:148,183:143,188:136,205:128,211:119,223:113,231:106,232:106,233:105,236:102	0	False	0
ecol-SAMN34375047	GP_2	39:16761,46:11201,48:10524,49:9966,50:6657,55:3695,60:1383,62:1287,69:1012,75:820,175:151,191:134,192:134	5	-0.307110159229705	4.512370598254264	0.4478276105288222	GP_unb_17	124:253	4	0.0	0.178215563310269	1.152918607837764	5	-1.465875703355347	11.332765891434034	0.1618947926453984	2:413688,12:139701,17:126231,27:37279,29:34364,41:15539,44:11585,45:11355,58:1917,63:1262,65:1202,72:969,74:850,85:528,92:460,97:355,104:329,105:325,106:325,112:291,113:291,116:282,122:259,123:258,147:196,148:196,155:173,159:166,160:166,183:143,188:136,201:130,211:119,223:113,231:106,232:106,233:105,236:102	0	False	0
ecol-SAMN34375047	GP_2	39:16761,46:11201,48:10524,49:9966,50:6657,55:3695,60:1383,62:1287,69:1012,75:820,175:151,191:134,192:134	5	-0.307110159229705	4.512370598254264	0.4478276105288222	GP_unb_18	127:237	4	0.0	0.49702341008473283	0.7763591192736389	5	-1.5198355104345165	10.767866573858276	0.1618947926453984	2:413688,12:139701,17:126231,27:37279,28:35231,29:34364,41:15539,44:11585,45:11355,58:1917,63:1262,65:1202,72:969,74:850,85:528,92:460,97:355,104:329,105:325,106:325,112:291,113:291,116:282,122:259,147:196,148:196,155:173,159:166,160:166,161:164,183:143,188:136,201:130,211:119,223:113,231:106,232:106,233:105,236:102	0	False	0
ecol-SAMN34375047	GP_2	39:16761,46:11201,48:10524,49:9966,50:6657,55:3695,60:1383,62:1287,69:1012,75:820,175:151,191:134,192:134	5	-0.307110159229705	4.512370598254264	0.4478276105288222	GP_unb_19	130:233	4	0.0	0.49105483505975644	1.1888053767257143	0	0	0	0		1	False	0
ecol-SAMN34375047	GP_2	39:16761,46:11201,48:10524,49:9966,50:6657,55:3695,60:1383,62:1287,69:1012,75:820,175:151,191:134,192:134	5	-0.307110159229705	4.512370598254264	0.4478276105288222	GP_unb_20	132:223	5	0.0	0.41624278017758964	1.3296613938694186	5	-1.3552860268181006	12.547396510237915	0.1618947926453984	2:413688,27:37279,29:34364,41:15539,44:11585,45:11355,58:1917,63:1262,65:1202,72:969,74:850,85:528,92:460,97:355,104:329,105:325,106:325,112:291,113:291,116:282,122:259,147:196,148:196,153:181,155:173,159:166,178:148,181:144,183:143,184:141,188:136,193:132,195:132,211:119,218:116,220:115,223:113,231:106,232:106,233:105,236:102	0	False	0
ecol-SAMN34375047	GP_2	39:16761,46:11201,48:10524,49:9966,50:6657,55:3695,60:1383,62:1287,69:1012,75:820,175:151,191:134,192:134	5	-0.307110159229705	4.512370598254264	0.4478276105288222	GP_unb_21	133:223	5	0.0	0.408511360060988	1.1646307769027222	5	-1.3552860268181006	12.539665090121312	0.1618947926453984	2:413688,27:37279,29:34364,41:15539,44:11585,45:11355,58:1917,63:1262,65:1202,72:969,74:850,85:528,92:460,97:355,104:329,105:325,106:325,112:291,113:291,116:282,122:259,147:196,148:196,153:181,155:173,159:166,178:148,181:144,183:143,184:141,188:136,193:132,195:132,211:119,218:116,220:115,223:113,231:106,232:106,233:105,236:102	0	False	0
ecol-SAMN34375047	GP_2	39:16761,46:11201,48:10524,49:9966,50:6657,55:3695,60:1383,62:1287,69:1012,75:820,175:151,191:134,192:134	5	-0.307110159229705	4.512370598254264	0.4478276105288222	GP_unb_22	134:220	2	0.0	0.3968998665507588	1.2895650728472656	0	0	0	0		1	False	0
ecol-SAMN34375047	GP_2	39:16761,46:11201,48:10524,49:9966,50:6657,55:3695,60:1383,62:1287,69:1012,75:820,175:151,191:134,192:134	5	-0.307110159229705	4.512370598254264	0.4478276105288222	GP_unb_23	135:219	5	0.0	0.44235904838689255	0.4623184434091532	5	-0.307110159229705	4.954729646641156	0.4478276105292025		0	False	0
ecol-SAMN34375047	GP_2	39:16761,46:11201,48:10524,49:9966,50:6657,55:3695,60:1383,62:1287,69:1012,75:820,175:151,191:134,192:134	5	-0.307110159229705	4.512370598254264	0.4478276105288222	GP_unb_24	140:211	5	0.0	0.1675830139114065	1.0746038663186412	0	0	0	0		1	False	0
ecol-SAMN34375047	GP_2	39:16761,46:11201,48:10524,49:9966,50:6657,55:3695,60:1383,62:1287,69:1012,75:820,175:151,191:134,192:134	5	-0.307110159229705	4.512370598254264	0.4478276105288222	GP_unb_25	141:211	5	0.0	0.47333547992256597	1.0955572827048956	0	0	0	0		1	False	0
ecol-SAMN34375047	GP_2	39:16761,46:11201,48:10524,49:9966,50:6657,55:3695,60:1383,62:1287,69:1012,75:820,175:151,191:134,192:134	5	-0.307110159229705	4.512370598254264	0.4478276105288222	GP_unb_26	143:208	5	0.0	0.475990418465596	1.0334472952392078	0	0	0	0		1	False	0
ecol-SAMN34375047	GP_2	39:16761,46:11201,48:10524,49:9966,50:6657,55:3695,60:1383,62:1287,69:1012,75:820,175:151,191:134,192:134	5	-0.307110159229705	4.512370598254264	0.4478276105288222	GP_unb_27	144:208	5	0.0	0.48221642619736504	0.8881615892968656	0	0	0	0		1	False	0
ecol-SAMN34375047	GP_2	39:16761,46:11201,48:10524,49:9966,50:6657,55:3695,60:1383,62:1287,69:1012,75:820,175:151,191:134,192:134	5	-0.307110159229705	4.512370598254264	0.4478276105288222	GP_unb_28	151:186	5	0.0	0.49126754067499323	0.6284497436980264	5	-0.9846310328209907	11.566872344981116	0.1618947926453984	2:413688,12:139701,29:34364,41:15539,44:11585,45:11355,58:1917,63:1262,65:1202,72:969,74:850,85:528,92:460,104:329,105:325,106:325,112:291,113:291,122:259,142:210,147:196,148:196,155:173,159:166,160:166,183:143,188:136,211:119,231:106,232:106,233:105,236:102	0	False	0
ecol-SAMN34375047	GP_2	39:16761,46:11201,48:10524,49:9966,50:6657,55:3695,60:1383,62:1287,69:1012,75:820,175:151,191:134,192:134	5	-0.307110159229705	4.512370598254264	0.4478276105288222	GP_unb_29	157:168	5	0.0	0.4796988348830612	1.2973866633122033	5	-1.2850978720806965	10.075157896393558	0.1618947926453984	5:245627,12:139701,14:134225,25:55987,29:34364,37:19914,40:16232,41:15539,44:11585,45:11355,54:3958,58:1917,59:1577,61:1318,63:1262,65:1202,72:969,74:850,76:817,85:528,92:460,97:355,104:329,105:325,106:325,112:291,113:291,116:282,122:259,147:196,148:196,153:181,155:173,159:166,160:166,174:151,178:148,183:143,188:136,205:128,211:119,223:113,231:106,232:106,233:105,236:102	0	False	0
ecol-SAMN34375047	GP_2	39:16761,46:11201,48:10524,49:9966,50:6657,55:3695,60:1383,62:1287,69:1012,75:820,175:151,191:134,192:134	5	-0.307110159229705	4.512370598254264	0.4478276105288222	GP_unb_30	166:160	4	0.0	0.21507936407806172	1.0429356347348702	0	0	0	0		1	False	0
ecol-SAMN34375047	GP_2	39:16761,46:11201,48:10524,49:9966,50:6657,55:3695,60:1383,62:1287,69:1012,75:820,175:151,191:134,192:134	5	-0.307110159229705	4.512370598254264	0.4478276105288222	GP_unb_31	167:160	5	0.0	0.4989549680172808	1.0394808368787318	0	0	0	0		1	False	0
ecol-SAMN34375047	GP_2	39:16761,46:11201,48:10524,49:9966,50:6657,55:3695,60:1383,62:1287,69:1012,75:820,175:151,191:134,192:134	5	-0.307110159229705	4.512370598254264	0.4478276105288222	GP_unb_32	170:156	5	0.0	0.489610564409944	0.8857580563280307	0	0	0	0		1	False	0
ecol-SAMN34375047	GP_2	39:16761,46:11201,48:10524,49:9966,50:6657,55:3695,60:1383,62:1287,69:1012,75:820,175:151,191:134,192:134	5	-0.307110159229705	4.512370598254264	0.4478276105288222	GP_unb_33	171:156	5	0.0	0.3302439589820926	1.0954135199852644	0	0	0	0		1	False	0
ecol-SAMN34375047	GP_2	39:16761,46:11201,48:10524,49:9966,50:6657,55:3695,60:1383,62:1287,69:1012,75:820,175:151,191:134,192:134	5	-0.307110159229705	4.512370598254264	0.4478276105288222	GP_unb_34	172:153	5	0.0	0.453655333245074	1.1118114551932035	5	-1.3549750769195277	11.608205661368837	0.16189479264539844	2:413688,12:139701,17:126231,27:37279,29:34364,41:15539,44:11585,45:11355,58:1917,63:1262,65:1202,72:969,74:850,85:528,92:460,97:355,104:329,105:325,106:325,112:291,113:291,116:282,122:259,123:258,147:196,148:196,155:173,159:166,160:166,183:143,188:136,201:130,211:119,223:113,231:106,232:106,233:105,236:102	0	False	0
ecol-SAMN34375047	GP_2	39:16761,46:11201,48:10524,49:9966,50:6657,55:3695,60:1383,62:1287,69:1012,75:820,175:151,191:134,192:134	5	-0.307110159229705	4.512370598254264	0.4478276105288222	GP_unb_35	173:152	4	0.0	0.3937565651970263	2.0112943586610297	5	-1.2556383469366148	10.58007890120538	0.1618947926453984	2:413688,12:139701,17:126231,27:37279,29:34364,43:13205,44:11585,58:1917,63:1262,65:1202,72:969,77:754,85:528,97:355,104:329,105:325,106:325,112:291,113:291,116:282,122:259,123:258,147:196,148:196,155:173,159:166,160:166,183:143,188:136,201:130,211:119,223:113,231:106,232:106,233:105,236:102	0	False	0
ecol-SAMN34375047	GP_2	39:16761,46:11201,48:10524,49:9966,50:6657,55:3695,60:1383,62:1287,69:1012,75:820,175:151,191:134,192:134	5	-0.307110159229705	4.512370598254264	0.4478276105288222	GP_unb_36	177:150	5	0.0	0.013632447912708234	7.32709163525601	5	-1.2429806300314699	10.701939341685195	0.1618947926453984	2:413688,12:139701,17:126231,27:37279,29:34364,41:15539,44:11585,45:11355,58:1917,63:1262,65:1202,72:969,74:850,85:528,92:460,97:355,104:329,105:325,106:325,112:291,113:291,116:282,122:259,147:196,148:196,155:173,159:166,160:166,183:143,188:136,201:130,211:119,223:113,231:106,232:106,233:105,236:102	0	False	0
ecol-SAMN34375047	GP_2	39:16761,46:11201,48:10524,49:9966,50:6657,55:3695,60:1383,62:1287,69:1012,75:820,175:151,191:134,192:134	5	-0.307110159229705	4.512370598254264	0.4478276105288222	GP_unb_37	219:116	4	0.0	0.4892892881834844	1.2391852247864898	0	0	0	0		1	False	0
ecol-SAMN34375047	GP_2	39:16761,46:11201,48:10524,49:9966,50:6657,55:3695,60:1383,62:1287,69:1012,75:820,175:151,191:134,192:134	5	-0.307110159229705	4.512370598254264	0.4478276105288222	GP_unb_38	224:112	4	0.0	0.46294458785956616	2.1528467264779483	0	0	0	0		1	False	0
ecol-SAMN34375047	GP_2	39:16761,46:11201,48:10524,49:9966,50:6657,55:3695,60:1383,62:1287,69:1012,75:820,175:151,191:134,192:134	5	-0.307110159229705	4.512370598254264	0.4478276105288222	GP_unb_39	228:109	4	0.0	0.49977650941861884	1.9011811005934705	5	-1.3371395949969078	10.301108602203845	0.1618947926453984	2:413688,12:139701,41:15539,44:11585,45:11355,54:3958,58:1917,63:1262,65:1202,67:1078,72:969,74:850,85:528,87:522,92:460,97:355,104:329,105:325,106:325,112:291,113:291,122:259,147:196,148:196,155:173,158:167,159:166,160:166,183:143,188:136,211:119,223:113,225:111,229:109,231:106,232:106,233:105,236:102	0	False	0
ecol-SAMN34375047	GP_2	39:16761,46:11201,48:10524,49:9966,50:6657,55:3695,60:1383,62:1287,69:1012,75:820,175:151,191:134,192:134	5	-0.307110159229705	4.512370598254264	0.4478276105288222	GP_unb_40	230:109	5	0.0	0.488385559122413	1.9849049144387194	5	-1.4492334747164406	10.896185913928859	0.1618947926453984	2:413688,12:139701,17:126231,26:52304,27:37279,29:34364,43:13205,44:11585,58:1917,63:1262,65:1202,72:969,77:754,83:559,84:559,85:528,94:409,97:355,98:348,104:329,105:325,106:325,112:291,113:291,116:282,122:259,123:258,138:213,145:202,146:202,147:196,148:196,155:173,159:166,160:166,183:143,186:140,188:136,201:130,211:119,215:118,223:113,231:106,232:106,233:105,236:102	0	False	0
ecol-SAMN34375047	GP_unb_1	90:474	4	0.0	0.007119905918968605	0.9548944467156958	GP_unb_2	91:474	4	0.0	0.2866585970286226	1.0232850679952739	4	0.0	0.1748657985474512	0.9548944467151159	217:116	0	False	0
ecol-SAMN34375047	GP_unb_1	90:474	4	0.0	0.007119905918968605	0.9548944467156958	GP_unb_3	93:439	5	0.0	0.4575458991810222	0.6284497436980264	0	0	0	0		1	False	0
ecol-SAMN34375047	GP_unb_1	90:474	4	0.0	0.007119905918968605	0.9548944467156958	GP_unb_4	96:367	4	0.0	0.29919295219336894	0.996464335614069	5	-1.755392394788291	5.348396740127777	0.11392970901579247	2:413688,6:225722,7:221570,12:139701,17:126231,27:37279,41:15539,44:11585,45:11355,46:11201,58:1917,62:1287,63:1262,65:1202,67:1078,71:975,72:969,74:850,75:820,85:528,92:460,97:355,103:330,104:329,105:325,106:325,112:291,113:291,116:282,122:259,123:258,129:235,147:196,148:196,155:173,159:166,160:166,175:151,183:143,188:136,192:134,196:131,201:130,204:128,210:119,211:119,216:116,223:113,225:111,227:109,229:109,231:106,232:106,233:105,235:103,236:102	0	False	0
ecol-SAMN34375047	GP_unb_1	90:474	4	0.0	0.007119905918968605	0.9548944467156958	GP_unb_5	99:345	4	0.0	0.3712196198596299	0.8266214369281063	0	0	0	0		1	False	0
ecol-SAMN34375047	GP_unb_1	90:474	4	0.0	0.007119905918968605	0.9548944467156958	GP_unb_6	101:334	5	0.0	0.2140039682439162	0.9164424117993253	0	0	0	0		1	False	0
ecol-SAMN34375047	GP_unb_1	90:474	4	0.0	0.007119905918968605	0.9548944467156958	GP_unb_7	102:334	5	0.0	0.45742415933987923	0.9597689014281927	0	0	0	0		1	False	0
ecol-SAMN34375047	GP_unb_1	90:474	4	0.0	0.007119905918968605	0.9548944467156958	GP_unb_8	107:324	5	0.0	0.376968185760968	0.4623184434091532	5	-1.6801311179659508	5.753589189075931	0.11392970901579247	6:225722,12:139701,14:134225,17:126231,19:109011,25:55987,29:34364,40:16232,41:15539,44:11585,45:11355,46:11201,58:1917,59:1577,61:1318,63:1262,65:1202,72:969,74:850,75:820,76:817,85:528,92:460,103:330,104:329,105:325,106:325,112:291,113:291,116:282,122:259,123:258,129:235,142:210,147:196,148:196,153:181,155:173,159:166,160:166,175:151,178:148,183:143,188:136,192:134,194:132,196:131,201:130,204:128,205:128,210:119,211:119,216:116,227:109,231:106,232:106,233:105,235:103,236:102	0	False	0
ecol-SAMN34375047	GP_unb_1	90:474	4	0.0	0.007119905918968605	0.9548944467156958	GP_unb_9	108:313	5	0.0	0.36179865744668616	0.9670289187695708	0	0	0	0		1	False	0
ecol-SAMN34375047	GP_unb_1	90:474	4	0.0	0.007119905918968605	0.9548944467156958	GP_unb_10	110:305	4	0.0	0.49104329456140383	1.1868421170857502	5	-2.129009752578083	3.9926688553797574	0.11392970901579247	6:225722,12:139701,14:134225,17:126231,19:109011,25:55987,27:37279,29:34364,40:16232,41:15539,44:11585,45:11355,46:11201,58:1917,59:1577,61:1318,63:1262,65:1202,72:969,74:850,75:820,76:817,85:528,92:460,97:355,103:330,104:329,105:325,106:325,112:291,113:291,115:285,116:282,122:259,123:258,129:235,147:196,148:196,150:186,155:173,159:166,160:166,175:151,183:143,188:136,192:134,194:132,196:131,201:130,204:128,205:128,210:119,211:119,216:116,223:113,227:109,231:106,232:106,233:105,235:103,236:102	0	False	0
ecol-SAMN34375047	GP_unb_1	90:474	4	0.0	0.007119905918968605	0.9548944467156958	GP_unb_11	111:294	4	0.0	0.49389668248310037	0.9541711405325513	5	-1.6770569062397431	4.881948060562036	0.11392970901579247	2:413688,28:35231,29:34364,41:15539,45:11355,46:11201,58:1917,63:1262,65:1202,74:850,75:820,85:528,92:460,103:330,104:329,105:325,106:325,112:291,113:291,122:259,123:258,129:235,147:196,148:196,155:173,161:164,175:151,183:143,188:136,192:134,196:131,201:130,203:128,204:128,210:119,216:116,227:109,231:106,232:106,233:105,236:102	0	False	0
ecol-SAMN34375047	GP_unb_1	90:474	4	0.0	0.007119905918968605	0.9548944467156958	GP_unb_12	114:288	5	0.0	0.44667937818249115	1.016564160852513	5	-1.6338501712698732	5.388607657323609	0.11392970901579247	2:413688,17:126231,29:34364,37:19914,41:15539,45:11355,46:11201,58:1917,62:1287,63:1262,65:1202,71:975,74:850,75:820,85:528,92:460,103:330,104:329,105:325,106:325,112:291,113:291,116:282,122:259,123:258,129:235,147:196,148:196,155:173,175:151,183:143,188:136,192:134,196:131,201:130,203:128,204:128,210:119,216:116,227:109,231:106,232:106,233:105,236:102	0	False	0
ecol-SAMN34375047	GP_unb_1	90:474	4	0.0	0.007119905918968605	0.9548944467156958	GP_unb_13	117:281	4	0.0	0.423083698972579	0.8502935904289971	5	-1.664760169828262	4.811135077051515	0.11392970901579247	2:413688,28:35231,29:34364,41:15539,45:11355,46:11201,58:1917,63:1262,65:1202,74:850,75:820,85:528,92:460,103:330,104:329,105:325,106:325,112:291,113:291,122:259,123:258,129:235,147:196,148:196,155:173,161:164,175:151,183:143,188:136,192:134,196:131,201:130,203:128,204:128,210:119,216:116,227:109,231:106,232:106,233:105,236:102	0	False	0
ecol-SAMN34375047	GP_unb_1	90:474	4	0.0	0.007119905918968605	0.9548944467156958	GP_unb_14	118:274	5	0.0	0.4979322478388736	0.5418957070443323	0	0	0	0		1	False	0
ecol-SAMN34375047	GP_unb_1	90:474	4	0.0	0.007119905918968605	0.9548944467156958	GP_unb_15	119:273	5	0.0	0.48372980043610203	0.970762256894995	5	-1.6801311179659508	5.598658349232321	0.11392970901579247	6:225722,12:139701,14:134225,17:126231,19:109011,25:55987,29:34364,40:16232,41:15539,44:11585,45:11355,46:11201,58:1917,59:1577,61:1318,63:1262,65:1202,72:969,74:850,75:820,76:817,85:528,92:460,103:330,104:329,105:325,106:325,112:291,113:291,116:282,122:259,123:258,129:235,147:196,148:196,153:181,155:173,159:166,160:166,175:151,178:148,183:143,188:136,192:134,194:132,196:131,201:130,204:128,205:128,210:119,211:119,216:116,227:109,231:106,232:106,233:105,235:103,236:102	0	False	0
ecol-SAMN34375047	GP_unb_1	90:474	4	0.0	0.007119905918968605	0.9548944467156958	GP_unb_16	121:265	4	0.0	0.1058561025785324	4.618422294003747	5	-1.9397139326953354	5.051588131263352	0.11392970901579247	12:139701,14:134225,17:126231,25:55987,27:37279,29:34364,40:16232,41:15539,44:11585,45:11355,46:11201,58:1917,59:1577,61:1318,63:1262,65:1202,72:969,74:850,75:820,76:817,85:528,92:460,97:355,103:330,104:329,105:325,106:325,112:291,113:291,116:282,122:259,123:258,129:235,147:196,148:196,155:173,159:166,160:166,175:151,183:143,188:136,192:134,196:131,201:130,203:128,204:128,205:128,210:119,211:119,216:116,223:113,227:109,231:106,232:106,233:105,236:102	0	False	0
ecol-SAMN34375047	GP_unb_1	90:474	4	0.0	0.007119905918968605	0.9548944467156958	GP_unb_17	124:253	4	0.0	0.178215563310269	1.152918607837764	5	-1.1250228820793196	4.5018731479041225	0.11392970901579255	2:413688,29:34364,41:15539,45:11355,46:11201,58:1917,63:1262,65:1202,74:850,75:820,85:528,92:460,103:330,104:329,105:325,106:325,112:291,113:291,122:259,129:235,147:196,148:196,155:173,183:143,188:136,192:134,196:131,203:128,204:128,210:119,216:116,227:109,231:106,232:106,233:105,236:102	0	False	0
ecol-SAMN34375047	GP_unb_1	90:474	4	0.0	0.007119905918968605	0.9548944467156958	GP_unb_18	127:237	4	0.0	0.49702341008473283	0.7763591192736389	5	-1.6805210391886112	4.88507478816367	0.11392970901579236	2:413688,28:35231,29:34364,41:15539,45:11355,46:11201,58:1917,63:1262,65:1202,74:850,75:820,85:528,92:460,103:330,104:329,105:325,106:325,112:291,113:291,122:259,123:258,129:235,147:196,148:196,155:173,161:164,175:151,183:143,188:136,192:134,196:131,201:130,203:128,204:128,210:119,216:116,227:109,231:106,232:106,233:105,236:102	0	False	0
ecol-SAMN34375047	GP_unb_1	90:474	4	0.0	0.007119905918968605	0.9548944467156958	GP_unb_19	130:233	4	0.0	0.49105483505975644	1.1888053767257143	0	0	0	0		1	False	0
ecol-SAMN34375047	GP_unb_1	90:474	4	0.0	0.007119905918968605	0.9548944467156958	GP_unb_20	132:223	5	0.0	0.41624278017758964	1.3296613938694186	5	-2.0557989888483537	7.375072074058676	0.11392970901579247	2:413688,17:126231,27:37279,29:34364,41:15539,44:11585,45:11355,46:11201,58:1917,63:1262,65:1202,72:969,74:850,75:820,85:528,92:460,97:355,103:330,104:329,105:325,106:325,112:291,113:291,116:282,122:259,123:258,129:235,147:196,148:196,155:173,159:166,175:151,181:144,183:143,184:141,188:136,192:134,193:132,195:132,196:131,201:130,203:128,204:128,210:119,211:119,216:116,218:116,220:115,223:113,227:109,231:106,232:106,233:105,236:102	0	False	0
ecol-SAMN34375047	GP_unb_1	90:474	4	0.0	0.007119905918968605	0.9548944467156958	GP_unb_21	133:223	5	0.0	0.408511360060988	1.1646307769027222	5	-2.0557989888483537	7.367340653942073	0.11392970901579247	2:413688,17:126231,27:37279,29:34364,41:15539,44:11585,45:11355,46:11201,58:1917,63:1262,65:1202,72:969,74:850,75:820,85:528,92:460,97:355,103:330,104:329,105:325,106:325,112:291,113:291,116:282,122:259,123:258,129:235,147:196,148:196,155:173,159:166,175:151,181:144,183:143,184:141,188:136,192:134,193:132,195:132,196:131,201:130,203:128,204:128,210:119,211:119,216:116,218:116,220:115,223:113,227:109,231:106,232:106,233:105,236:102	0	False	0
ecol-SAMN34375047	GP_unb_1	90:474	4	0.0	0.007119905918968605	0.9548944467156958	GP_unb_22	134:220	2	0.0	0.3968998665507588	1.2895650728472656	0	0	0	0		1	False	0
ecol-SAMN34375047	GP_unb_1	90:474	4	0.0	0.007119905918968605	0.9548944467156958	GP_unb_23	135:219	5	0.0	0.44235904838689255	0.4623184434091532	5	-1.7529796417469292	5.789204362752262	0.07120971836047829	2:413688,6:225722,7:221570,12:139701,17:126231,27:37279,41:15539,44:11585,45:11355,46:11201,58:1917,60:1383,62:1287,63:1262,65:1202,67:1078,71:975,72:969,74:850,75:820,85:528,92:460,97:355,103:330,104:329,105:325,106:325,112:291,113:291,116:282,122:259,123:258,129:235,147:196,148:196,155:173,159:166,160:166,175:151,183:143,188:136,192:134,196:131,201:130,204:128,210:119,211:119,216:116,223:113,225:111,227:109,229:109,231:106,232:106,233:105,235:103,236:102	0	False	0
ecol-SAMN34375047	GP_unb_1	90:474	4	0.0	0.007119905918968605	0.9548944467156958	GP_unb_24	140:211	5	0.0	0.1675830139114065	1.0746038663186412	0	0	0	0		1	False	0
ecol-SAMN34375047	GP_unb_1	90:474	4	0.0	0.007119905918968605	0.9548944467156958	GP_unb_25	141:211	5	0.0	0.47333547992256597	1.0955572827048956	0	0	0	0		1	False	0
ecol-SAMN34375047	GP_unb_1	90:474	4	0.0	0.007119905918968605	0.9548944467156958	GP_unb_26	143:208	5	0.0	0.475990418465596	1.0334472952392078	0	0	0	0		1	False	0
ecol-SAMN34375047	GP_unb_1	90:474	4	0.0	0.007119905918968605	0.9548944467156958	GP_unb_27	144:208	5	0.0	0.48221642619736504	0.8881615892968656	0	0	0	0		1	False	0
ecol-SAMN34375047	GP_unb_1	90:474	4	0.0	0.007119905918968605	0.9548944467156958	GP_unb_28	151:186	5	0.0	0.49126754067499323	0.6284497436980264	5	-1.6801311179659508	5.867888543989955	0.11392970901668181	6:225722,12:139701,14:134225,17:126231,19:109011,25:55987,29:34364,40:16232,41:15539,44:11585,45:11355,46:11201,58:1917,59:1577,61:1318,63:1262,65:1202,72:969,74:850,75:820,76:817,85:528,92:460,103:330,104:329,105:325,106:325,112:291,113:291,116:282,122:259,123:258,129:235,142:210,147:196,148:196,153:181,155:173,159:166,160:166,175:151,178:148,183:143,188:136,192:134,194:132,196:131,201:130,204:128,205:128,210:119,211:119,216:116,227:109,231:106,232:106,233:105,235:103,236:102	0	False	0
ecol-SAMN34375047	GP_unb_1	90:474	4	0.0	0.007119905918968605	0.9548944467156958	GP_unb_29	157:168	5	0.0	0.4796988348830612	1.2973866633122033	5	-1.8978727933932886	4.8431721212607615	0.11392970901579247	5:245627,12:139701,14:134225,17:126231,25:55987,27:37279,29:34364,40:16232,41:15539,44:11585,45:11355,46:11201,58:1917,59:1577,61:1318,63:1262,65:1202,72:969,74:850,75:820,76:817,85:528,92:460,97:355,103:330,104:329,105:325,106:325,112:291,113:291,116:282,122:259,123:258,129:235,147:196,148:196,155:173,159:166,160:166,174:151,175:151,183:143,188:136,192:134,196:131,201:130,203:128,204:128,205:128,210:119,211:119,216:116,223:113,227:109,231:106,232:106,233:105,236:102	0	False	0
ecol-SAMN34375047	GP_unb_1	90:474	4	0.0	0.007119905918968605	0.9548944467156958	GP_unb_30	166:160	4	0.0	0.21507936407806172	1.0429356347348702	4	0.0	-0.9745306231847701	0.9548944467151159	139:212,169:158,199:130,217:116	0	False	0
ecol-SAMN34375047	GP_unb_1	90:474	4	0.0	0.007119905918968605	0.9548944467156958	GP_unb_31	167:160	5	0.0	0.4989549680172808	1.0394808368787318	4	-0.005984818271511261	-0.6906550192455511	0.9548944467151159	139:212,169:158,199:130,217:116	0	False	0
ecol-SAMN34375047	GP_unb_1	90:474	4	0.0	0.007119905918968605	0.9548944467156958	GP_unb_32	170:156	5	0.0	0.489610564409944	0.8857580563280307	0	0	0	0		1	False	0
ecol-SAMN34375047	GP_unb_1	90:474	4	0.0	0.007119905918968605	0.9548944467156958	GP_unb_33	171:156	5	0.0	0.3302439589820926	1.0954135199852644	0	0	0	0		1	False	0
ecol-SAMN34375047	GP_unb_1	90:474	4	0.0	0.007119905918968605	0.9548944467156958	GP_unb_34	172:153	5	0.0	0.453655333245074	1.1118114551932035	5	-1.6338501712698732	5.395583612386192	0.1139297090157925	2:413688,17:126231,29:34364,37:19914,41:15539,45:11355,46:11201,58:1917,62:1287,63:1262,65:1202,71:975,74:850,75:820,85:528,92:460,103:330,104:329,105:325,106:325,112:291,113:291,116:282,122:259,123:258,129:235,147:196,148:196,155:173,175:151,183:143,188:136,192:134,196:131,201:130,203:128,204:128,210:119,216:116,227:109,231:106,232:106,233:105,236:102	0	False	0
ecol-SAMN34375047	GP_unb_1	90:474	4	0.0	0.007119905918968605	0.9548944467156958	GP_unb_35	173:152	4	0.0	0.3937565651970263	2.0112943586610297	5	-1.5811758250396224	5.153994592554115	0.11392970901579247	2:413688,17:126231,27:37279,29:34364,41:15539,43:13205,45:11355,46:11201,54:3958,58:1917,63:1262,65:1202,74:850,75:820,77:754,85:528,92:460,97:355,103:330,104:329,105:325,106:325,112:291,113:291,116:282,122:259,123:258,129:235,147:196,148:196,155:173,175:151,183:143,188:136,192:134,196:131,201:130,203:128,204:128,210:119,216:116,227:109,231:106,232:106,233:105,236:102	0	False	0
ecol-SAMN34375047	GP_unb_1	90:474	4	0.0	0.007119905918968605	0.9548944467156958	GP_unb_36	177:150	5	0.0	0.013632447912708234	7.32709163525601	5	-1.403666158785564	4.819147555990589	0.11392970901579261	2:413688,29:34364,41:15539,45:11355,46:11201,58:1917,63:1262,65:1202,74:850,75:820,85:528,92:460,103:330,104:329,105:325,106:325,112:291,113:291,122:259,123:258,129:235,147:196,148:196,155:173,175:151,183:143,188:136,192:134,196:131,201:130,203:128,204:128,210:119,216:116,227:109,231:106,232:106,233:105,236:102	0	False	0
ecol-SAMN34375047	GP_unb_1	90:474	4	0.0	0.007119905918968605	0.9548944467156958	GP_unb_37	219:116	4	0.0	0.4892892881834844	1.2391852247864898	0	0	0	0		1	False	0
ecol-SAMN34375047	GP_unb_1	90:474	4	0.0	0.007119905918968605	0.9548944467156958	GP_unb_38	224:112	4	0.0	0.46294458785956616	2.1528467264779483	0	0	0	0		1	False	0
ecol-SAMN34375047	GP_unb_1	90:474	4	0.0	0.007119905918968605	0.9548944467156958	GP_unb_39	228:109	4	0.0	0.49977650941861884	1.9011811005934705	5	-2.020767798403477	3.961365310469768	0.11392970901579261	2:413688,6:225722,10:190833,12:139701,22:77030,41:15539,44:11585,45:11355,46:11201,53:4115,54:3958,58:1917,63:1262,65:1202,67:1078,72:969,74:850,75:820,85:528,87:522,92:460,97:355,103:330,104:329,105:325,106:325,112:291,113:291,122:259,123:258,129:235,147:196,148:196,152:181,155:173,158:167,159:166,160:166,162:164,175:151,183:143,188:136,192:134,196:131,201:130,204:128,210:119,211:119,216:116,223:113,225:111,227:109,229:109,231:106,232:106,233:105,235:103,236:102	0	False	0
ecol-SAMN34375047	GP_unb_1	90:474	4	0.0	0.007119905918968605	0.9548944467156958	GP_unb_40	230:109	5	0.0	0.488385559122413	1.9849049144387194	5	-1.7747709528194484	5.470101605277589	0.11392970901579236	2:413688,17:126231,26:52304,27:37279,29:34364,41:15539,43:13205,45:11355,46:11201,54:3958,58:1917,63:1262,65:1202,74:850,75:820,77:754,83:559,84:559,85:528,92:460,94:409,97:355,98:348,103:330,104:329,105:325,106:325,112:291,113:291,116:282,122:259,123:258,129:235,138:213,145:202,146:202,147:196,148:196,155:173,175:151,183:143,186:140,188:136,192:134,196:131,201:130,203:128,204:128,210:119,215:118,216:116,227:109,231:106,232:106,233:105,236:102	0	False	0
ecol-SAMN34375047	GP_unb_2	91:474	4	0.0	0.2866585970286226	1.0232850679952739	GP_unb_3	93:439	5	0.0	0.4575458991810222	0.6284497436980264	0	0	0	0		1	False	0
ecol-SAMN34375047	GP_unb_2	91:474	4	0.0	0.2866585970286226	1.0232850679952739	GP_unb_4	96:367	4	0.0	0.29919295219336894	0.996464335614069	5	-1.755392394788291	5.627935431237429	0.11392970901579247	2:413688,6:225722,7:221570,12:139701,17:126231,27:37279,41:15539,44:11585,45:11355,46:11201,58:1917,62:1287,63:1262,65:1202,67:1078,71:975,72:969,74:850,75:820,85:528,92:460,97:355,103:330,104:329,105:325,106:325,112:291,113:291,116:282,122:259,123:258,129:235,147:196,148:196,155:173,159:166,160:166,175:151,183:143,188:136,192:134,196:131,201:130,204:128,210:119,211:119,216:116,223:113,225:111,227:109,229:109,231:106,232:106,233:105,235:103,236:102	0	False	0
ecol-SAMN34375047	GP_unb_2	91:474	4	0.0	0.2866585970286226	1.0232850679952739	GP_unb_5	99:345	4	0.0	0.3712196198596299	0.8266214369281063	0	0	0	0		1	False	0
ecol-SAMN34375047	GP_unb_2	91:474	4	0.0	0.2866585970286226	1.0232850679952739	GP_unb_6	101:334	5	0.0	0.2140039682439162	0.9164424117993253	0	0	0	0		1	False	0
ecol-SAMN34375047	GP_unb_2	91:474	4	0.0	0.2866585970286226	1.0232850679952739	GP_unb_7	102:334	5	0.0	0.45742415933987923	0.9597689014281927	0	0	0	0		1	False	0
ecol-SAMN34375047	GP_unb_2	91:474	4	0.0	0.2866585970286226	1.0232850679952739	GP_unb_8	107:324	5	0.0	0.376968185760968	0.4623184434091532	5	-1.6801311179659508	6.033127880185584	0.11392970901579247	6:225722,12:139701,14:134225,17:126231,19:109011,25:55987,29:34364,40:16232,41:15539,44:11585,45:11355,46:11201,58:1917,59:1577,61:1318,63:1262,65:1202,72:969,74:850,75:820,76:817,85:528,92:460,103:330,104:329,105:325,106:325,112:291,113:291,116:282,122:259,123:258,129:235,142:210,147:196,148:196,153:181,155:173,159:166,160:166,175:151,178:148,183:143,188:136,192:134,194:132,196:131,201:130,204:128,205:128,210:119,211:119,216:116,227:109,231:106,232:106,233:105,235:103,236:102	0	False	0
ecol-SAMN34375047	GP_unb_2	91:474	4	0.0	0.2866585970286226	1.0232850679952739	GP_unb_9	108:313	5	0.0	0.36179865744668616	0.9670289187695708	0	0	0	0		1	False	0
ecol-SAMN34375047	GP_unb_2	91:474	4	0.0	0.2866585970286226	1.0232850679952739	GP_unb_10	110:305	4	0.0	0.49104329456140383	1.1868421170857502	5	-2.129009752578083	4.272207546489411	0.11392970901579229	6:225722,12:139701,14:134225,17:126231,19:109011,25:55987,27:37279,29:34364,40:16232,41:15539,44:11585,45:11355,46:11201,58:1917,59:1577,61:1318,63:1262,65:1202,72:969,74:850,75:820,76:817,85:528,92:460,97:355,103:330,104:329,105:325,106:325,112:291,113:291,115:285,116:282,122:259,123:258,129:235,147:196,148:196,150:186,155:173,159:166,160:166,175:151,183:143,188:136,192:134,194:132,196:131,201:130,204:128,205:128,210:119,211:119,216:116,223:113,227:109,231:106,232:106,233:105,235:103,236:102	0	False	0
ecol-SAMN34375047	GP_unb_2	91:474	4	0.0	0.2866585970286226	1.0232850679952739	GP_unb_11	111:294	4	0.0	0.49389668248310037	0.9541711405325513	5	-1.6770569062397431	5.161486751671692	0.11392970901579247	2:413688,28:35231,29:34364,41:15539,45:11355,46:11201,58:1917,63:1262,65:1202,74:850,75:820,85:528,92:460,103:330,104:329,105:325,106:325,112:291,113:291,122:259,123:258,129:235,147:196,148:196,155:173,161:164,175:151,183:143,188:136,192:134,196:131,201:130,203:128,204:128,210:119,216:116,227:109,231:106,232:106,233:105,236:102	0	False	0
ecol-SAMN34375047	GP_unb_2	91:474	4	0.0	0.2866585970286226	1.0232850679952739	GP_unb_12	114:288	5	0.0	0.44667937818249115	1.016564160852513	5	-1.6338501712698732	5.668146348433265	0.11392970901579247	2:413688,17:126231,29:34364,37:19914,41:15539,45:11355,46:11201,58:1917,62:1287,63:1262,65:1202,71:975,74:850,75:820,85:528,92:460,103:330,104:329,105:325,106:325,112:291,113:291,116:282,122:259,123:258,129:235,147:196,148:196,155:173,175:151,183:143,188:136,192:134,196:131,201:130,203:128,204:128,210:119,216:116,227:109,231:106,232:106,233:105,236:102	0	False	0
ecol-SAMN34375047	GP_unb_2	91:474	4	0.0	0.2866585970286226	1.0232850679952739	GP_unb_13	117:281	4	0.0	0.423083698972579	0.8502935904289971	5	-1.664760169828262	5.090673768161171	0.11392970902124944	2:413688,28:35231,29:34364,41:15539,45:11355,46:11201,58:1917,63:1262,65:1202,74:850,75:820,85:528,92:460,103:330,104:329,105:325,106:325,112:291,113:291,122:259,123:258,129:235,147:196,148:196,155:173,161:164,175:151,183:143,188:136,192:134,196:131,201:130,203:128,204:128,210:119,216:116,227:109,231:106,232:106,233:105,236:102	0	False	0
ecol-SAMN34375047	GP_unb_2	91:474	4	0.0	0.2866585970286226	1.0232850679952739	GP_unb_14	118:274	5	0.0	0.4979322478388736	0.5418957070443323	0	0	0	0		1	False	0
ecol-SAMN34375047	GP_unb_2	91:474	4	0.0	0.2866585970286226	1.0232850679952739	GP_unb_15	119:273	5	0.0	0.48372980043610203	0.970762256894995	5	-1.6801311179659508	5.878197040341974	0.11392970901579247	6:225722,12:139701,14:134225,17:126231,19:109011,25:55987,29:34364,40:16232,41:15539,44:11585,45:11355,46:11201,58:1917,59:1577,61:1318,63:1262,65:1202,72:969,74:850,75:820,76:817,85:528,92:460,103:330,104:329,105:325,106:325,112:291,113:291,116:282,122:259,123:258,129:235,147:196,148:196,153:181,155:173,159:166,160:166,175:151,178:148,183:143,188:136,192:134,194:132,196:131,201:130,204:128,205:128,210:119,211:119,216:116,227:109,231:106,232:106,233:105,235:103,236:102	0	False	0
ecol-SAMN34375047	GP_unb_2	91:474	4	0.0	0.2866585970286226	1.0232850679952739	GP_unb_16	121:265	4	0.0	0.1058561025785324	4.618422294003747	5	-1.9397139326953354	5.3311268223730055	0.11392970901579247	12:139701,14:134225,17:126231,25:55987,27:37279,29:34364,40:16232,41:15539,44:11585,45:11355,46:11201,58:1917,59:1577,61:1318,63:1262,65:1202,72:969,74:850,75:820,76:817,85:528,92:460,97:355,103:330,104:329,105:325,106:325,112:291,113:291,116:282,122:259,123:258,129:235,147:196,148:196,155:173,159:166,160:166,175:151,183:143,188:136,192:134,196:131,201:130,203:128,204:128,205:128,210:119,211:119,216:116,223:113,227:109,231:106,232:106,233:105,236:102	0	False	0
ecol-SAMN34375047	GP_unb_2	91:474	4	0.0	0.2866585970286226	1.0232850679952739	GP_unb_17	124:253	4	0.0	0.178215563310269	1.152918607837764	5	-1.1250228820793196	4.781411839013776	0.11392970901579247	2:413688,29:34364,41:15539,45:11355,46:11201,58:1917,63:1262,65:1202,74:850,75:820,85:528,92:460,103:330,104:329,105:325,106:325,112:291,113:291,122:259,129:235,147:196,148:196,155:173,183:143,188:136,192:134,196:131,203:128,204:128,210:119,216:116,227:109,231:106,232:106,233:105,236:102	0	False	0
ecol-SAMN34375047	GP_unb_2	91:474	4	0.0	0.2866585970286226	1.0232850679952739	GP_unb_18	127:237	4	0.0	0.49702341008473283	0.7763591192736389	5	-1.6805210391886112	5.164613479273324	0.11392970901579247	2:413688,28:35231,29:34364,41:15539,45:11355,46:11201,58:1917,63:1262,65:1202,74:850,75:820,85:528,92:460,103:330,104:329,105:325,106:325,112:291,113:291,122:259,123:258,129:235,147:196,148:196,155:173,161:164,175:151,183:143,188:136,192:134,196:131,201:130,203:128,204:128,210:119,216:116,227:109,231:106,232:106,233:105,236:102	0	False	0
ecol-SAMN34375047	GP_unb_2	91:474	4	0.0	0.2866585970286226	1.0232850679952739	GP_unb_19	130:233	4	0.0	0.49105483505975644	1.1888053767257143	0	0	0	0		1	False	0
ecol-SAMN34375047	GP_unb_2	91:474	4	0.0	0.2866585970286226	1.0232850679952739	GP_unb_20	132:223	5	0.0	0.41624278017758964	1.3296613938694186	5	-2.0557989888483537	7.6546107651683295	0.1139297090157926	2:413688,17:126231,27:37279,29:34364,41:15539,44:11585,45:11355,46:11201,58:1917,63:1262,65:1202,72:969,74:850,75:820,85:528,92:460,97:355,103:330,104:329,105:325,106:325,112:291,113:291,116:282,122:259,123:258,129:235,147:196,148:196,155:173,159:166,175:151,181:144,183:143,184:141,188:136,192:134,193:132,195:132,196:131,201:130,203:128,204:128,210:119,211:119,216:116,218:116,220:115,223:113,227:109,231:106,232:106,233:105,236:102	0	False	0
ecol-SAMN34375047	GP_unb_2	91:474	4	0.0	0.2866585970286226	1.0232850679952739	GP_unb_21	133:223	5	0.0	0.408511360060988	1.1646307769027222	5	-2.0557989888483537	7.646879345051729	0.11392970901579247	2:413688,17:126231,27:37279,29:34364,41:15539,44:11585,45:11355,46:11201,58:1917,63:1262,65:1202,72:969,74:850,75:820,85:528,92:460,97:355,103:330,104:329,105:325,106:325,112:291,113:291,116:282,122:259,123:258,129:235,147:196,148:196,155:173,159:166,175:151,181:144,183:143,184:141,188:136,192:134,193:132,195:132,196:131,201:130,203:128,204:128,210:119,211:119,216:116,218:116,220:115,223:113,227:109,231:106,232:106,233:105,236:102	0	False	0
ecol-SAMN34375047	GP_unb_2	91:474	4	0.0	0.2866585970286226	1.0232850679952739	GP_unb_22	134:220	2	0.0	0.3968998665507588	1.2895650728472656	0	0	0	0		1	False	0
ecol-SAMN34375047	GP_unb_2	91:474	4	0.0	0.2866585970286226	1.0232850679952739	GP_unb_23	135:219	5	0.0	0.44235904838689255	0.4623184434091532	5	-1.7529796417469292	6.068743053861917	0.07120971836047829	2:413688,6:225722,7:221570,12:139701,17:126231,27:37279,41:15539,44:11585,45:11355,46:11201,58:1917,60:1383,62:1287,63:1262,65:1202,67:1078,71:975,72:969,74:850,75:820,85:528,92:460,97:355,103:330,104:329,105:325,106:325,112:291,113:291,116:282,122:259,123:258,129:235,147:196,148:196,155:173,159:166,160:166,175:151,183:143,188:136,192:134,196:131,201:130,204:128,210:119,211:119,216:116,223:113,225:111,227:109,229:109,231:106,232:106,233:105,235:103,236:102	0	False	0
ecol-SAMN34375047	GP_unb_2	91:474	4	0.0	0.2866585970286226	1.0232850679952739	GP_unb_24	140:211	5	0.0	0.1675830139114065	1.0746038663186412	0	0	0	0		1	False	0
ecol-SAMN34375047	GP_unb_2	91:474	4	0.0	0.2866585970286226	1.0232850679952739	GP_unb_25	141:211	5	0.0	0.47333547992256597	1.0955572827048956	0	0	0	0		1	False	0
ecol-SAMN34375047	GP_unb_2	91:474	4	0.0	0.2866585970286226	1.0232850679952739	GP_unb_26	143:208	5	0.0	0.475990418465596	1.0334472952392078	0	0	0	0		1	False	0
ecol-SAMN34375047	GP_unb_2	91:474	4	0.0	0.2866585970286226	1.0232850679952739	GP_unb_27	144:208	5	0.0	0.48221642619736504	0.8881615892968656	0	0	0	0		1	False	0
ecol-SAMN34375047	GP_unb_2	91:474	4	0.0	0.2866585970286226	1.0232850679952739	GP_unb_28	151:186	5	0.0	0.49126754067499323	0.6284497436980264	5	-1.6801311179659508	6.147427235099609	0.11392970901579248	6:225722,12:139701,14:134225,17:126231,19:109011,25:55987,29:34364,40:16232,41:15539,44:11585,45:11355,46:11201,58:1917,59:1577,61:1318,63:1262,65:1202,72:969,74:850,75:820,76:817,85:528,92:460,103:330,104:329,105:325,106:325,112:291,113:291,116:282,122:259,123:258,129:235,142:210,147:196,148:196,153:181,155:173,159:166,160:166,175:151,178:148,183:143,188:136,192:134,194:132,196:131,201:130,204:128,205:128,210:119,211:119,216:116,227:109,231:106,232:106,233:105,235:103,236:102	0	False	0
ecol-SAMN34375047	GP_unb_2	91:474	4	0.0	0.2866585970286226	1.0232850679952739	GP_unb_29	157:168	5	0.0	0.4796988348830612	1.2973866633122033	5	-1.8978727933932886	5.122710812370415	0.11392970901579247	5:245627,12:139701,14:134225,17:126231,25:55987,27:37279,29:34364,40:16232,41:15539,44:11585,45:11355,46:11201,58:1917,59:1577,61:1318,63:1262,65:1202,72:969,74:850,75:820,76:817,85:528,92:460,97:355,103:330,104:329,105:325,106:325,112:291,113:291,116:282,122:259,123:258,129:235,147:196,148:196,155:173,159:166,160:166,174:151,175:151,183:143,188:136,192:134,196:131,201:130,203:128,204:128,205:128,210:119,211:119,216:116,223:113,227:109,231:106,232:106,233:105,236:102	0	False	0
ecol-SAMN34375047	GP_unb_2	91:474	4	0.0	0.2866585970286226	1.0232850679952739	GP_unb_30	166:160	4	0.0	0.21507936407806172	1.0429356347348702	4	0.0	-0.694991932075116	1.023285067994948	139:212,169:158,199:130,217:116	0	False	0
ecol-SAMN34375047	GP_unb_2	91:474	4	0.0	0.2866585970286226	1.0232850679952739	GP_unb_31	167:160	5	0.0	0.4989549680172808	1.0394808368787318	4	-0.005984818271511261	-0.411116328135897	1.023285067994948	139:212,169:158,199:130,217:116	0	False	0
ecol-SAMN34375047	GP_unb_2	91:474	4	0.0	0.2866585970286226	1.0232850679952739	GP_unb_32	170:156	5	0.0	0.489610564409944	0.8857580563280307	0	0	0	0		1	False	0
ecol-SAMN34375047	GP_unb_2	91:474	4	0.0	0.2866585970286226	1.0232850679952739	GP_unb_33	171:156	5	0.0	0.3302439589820926	1.0954135199852644	0	0	0	0		1	False	0
ecol-SAMN34375047	GP_unb_2	91:474	4	0.0	0.2866585970286226	1.0232850679952739	GP_unb_34	172:153	5	0.0	0.453655333245074	1.1118114551932035	5	-1.6338501712698732	5.675122303495845	0.11392970901579247	2:413688,17:126231,29:34364,37:19914,41:15539,45:11355,46:11201,58:1917,62:1287,63:1262,65:1202,71:975,74:850,75:820,85:528,92:460,103:330,104:329,105:325,106:325,112:291,113:291,116:282,122:259,123:258,129:235,147:196,148:196,155:173,175:151,183:143,188:136,192:134,196:131,201:130,203:128,204:128,210:119,216:116,227:109,231:106,232:106,233:105,236:102	0	False	0
ecol-SAMN34375047	GP_unb_2	91:474	4	0.0	0.2866585970286226	1.0232850679952739	GP_unb_35	173:152	4	0.0	0.3937565651970263	2.0112943586610297	5	-1.5811758250396224	5.433533283663769	0.11392970901579247	2:413688,17:126231,27:37279,29:34364,41:15539,43:13205,45:11355,46:11201,54:3958,58:1917,63:1262,65:1202,74:850,75:820,77:754,85:528,92:460,97:355,103:330,104:329,105:325,106:325,112:291,113:291,116:282,122:259,123:258,129:235,147:196,148:196,155:173,175:151,183:143,188:136,192:134,196:131,201:130,203:128,204:128,210:119,216:116,227:109,231:106,232:106,233:105,236:102	0	False	0
ecol-SAMN34375047	GP_unb_2	91:474	4	0.0	0.2866585970286226	1.0232850679952739	GP_unb_36	177:150	5	0.0	0.013632447912708234	7.32709163525601	5	-1.403666158785564	5.098686247100245	0.11392970901579247	2:413688,29:34364,41:15539,45:11355,46:11201,58:1917,63:1262,65:1202,74:850,75:820,85:528,92:460,103:330,104:329,105:325,106:325,112:291,113:291,122:259,123:258,129:235,147:196,148:196,155:173,175:151,183:143,188:136,192:134,196:131,201:130,203:128,204:128,210:119,216:116,227:109,231:106,232:106,233:105,236:102	0	False	0
ecol-SAMN34375047	GP_unb_2	91:474	4	0.0	0.2866585970286226	1.0232850679952739	GP_unb_37	219:116	4	0.0	0.4892892881834844	1.2391852247864898	0	0	0	0		1	False	0
ecol-SAMN34375047	GP_unb_2	91:474	4	0.0	0.2866585970286226	1.0232850679952739	GP_unb_38	224:112	4	0.0	0.46294458785956616	2.1528467264779483	0	0	0	0		1	False	0
ecol-SAMN34375047	GP_unb_2	91:474	4	0.0	0.2866585970286226	1.0232850679952739	GP_unb_39	228:109	4	0.0	0.49977650941861884	1.9011811005934705	5	-2.020767798403477	4.240904001579422	0.11392970901579247	2:413688,6:225722,10:190833,12:139701,22:77030,41:15539,44:11585,45:11355,46:11201,53:4115,54:3958,58:1917,63:1262,65:1202,67:1078,72:969,74:850,75:820,85:528,87:522,92:460,97:355,103:330,104:329,105:325,106:325,112:291,113:291,122:259,123:258,129:235,147:196,148:196,152:181,155:173,158:167,159:166,160:166,162:164,175:151,183:143,188:136,192:134,196:131,201:130,204:128,210:119,211:119,216:116,223:113,225:111,227:109,229:109,231:106,232:106,233:105,235:103,236:102	0	False	0
ecol-SAMN34375047	GP_unb_2	91:474	4	0.0	0.2866585970286226	1.0232850679952739	GP_unb_40	230:109	5	0.0	0.488385559122413	1.9849049144387194	5	-1.7747709528194484	5.749640296387242	0.11392970901579247	2:413688,17:126231,26:52304,27:37279,29:34364,41:15539,43:13205,45:11355,46:11201,54:3958,58:1917,63:1262,65:1202,74:850,75:820,77:754,83:559,84:559,85:528,92:460,94:409,97:355,98:348,103:330,104:329,105:325,106:325,112:291,113:291,116:282,122:259,123:258,129:235,138:213,145:202,146:202,147:196,148:196,155:173,175:151,183:143,186:140,188:136,192:134,196:131,201:130,203:128,204:128,210:119,215:118,216:116,227:109,231:106,232:106,233:105,236:102	0	False	0
ecol-SAMN34375047	GP_unb_3	93:439	5	0.0	0.4575458991810222	0.6284497436980264	GP_unb_4	96:367	4	0.0	0.29919295219336894	0.996464335614069	0	0	0	0		1	False	0
ecol-SAMN34375047	GP_unb_3	93:439	5	0.0	0.4575458991810222	0.6284497436980264	GP_unb_5	99:345	4	0.0	0.3712196198596299	0.8266214369281063	0	0	0	0		1	False	0
ecol-SAMN34375047	GP_unb_3	93:439	5	0.0	0.4575458991810222	0.6284497436980264	GP_unb_6	101:334	5	0.0	0.2140039682439162	0.9164424117993253	0	0	0	0		1	False	0
ecol-SAMN34375047	GP_unb_3	93:439	5	0.0	0.4575458991810222	0.6284497436980264	GP_unb_7	102:334	5	0.0	0.45742415933987923	0.9597689014281927	0	0	0	0		1	False	0
ecol-SAMN34375047	GP_unb_3	93:439	5	0.0	0.4575458991810222	0.6284497436980264	GP_unb_8	107:324	5	0.0	0.376968185760968	0.4623184434091532	0	0	0	0		1	False	0
ecol-SAMN34375047	GP_unb_3	93:439	5	0.0	0.4575458991810222	0.6284497436980264	GP_unb_9	108:313	5	0.0	0.36179865744668616	0.9670289187695708	0	0	0	0		1	False	0
ecol-SAMN34375047	GP_unb_3	93:439	5	0.0	0.4575458991810222	0.6284497436980264	GP_unb_10	110:305	4	0.0	0.49104329456140383	1.1868421170857502	0	0	0	0		1	False	0
ecol-SAMN34375047	GP_unb_3	93:439	5	0.0	0.4575458991810222	0.6284497436980264	GP_unb_11	111:294	4	0.0	0.49389668248310037	0.9541711405325513	0	0	0	0		1	False	0
ecol-SAMN34375047	GP_unb_3	93:439	5	0.0	0.4575458991810222	0.6284497436980264	GP_unb_12	114:288	5	0.0	0.44667937818249115	1.016564160852513	0	0	0	0		1	False	0
ecol-SAMN34375047	GP_unb_3	93:439	5	0.0	0.4575458991810222	0.6284497436980264	GP_unb_13	117:281	4	0.0	0.423083698972579	0.8502935904289971	0	0	0	0		1	False	0
ecol-SAMN34375047	GP_unb_3	93:439	5	0.0	0.4575458991810222	0.6284497436980264	GP_unb_14	118:274	5	0.0	0.4979322478388736	0.5418957070443323	0	0	0	0		1	False	0
ecol-SAMN34375047	GP_unb_3	93:439	5	0.0	0.4575458991810222	0.6284497436980264	GP_unb_15	119:273	5	0.0	0.48372980043610203	0.970762256894995	0	0	0	0		1	False	0
ecol-SAMN34375047	GP_unb_3	93:439	5	0.0	0.4575458991810222	0.6284497436980264	GP_unb_16	121:265	4	0.0	0.1058561025785324	4.618422294003747	0	0	0	0		1	False	0
ecol-SAMN34375047	GP_unb_3	93:439	5	0.0	0.4575458991810222	0.6284497436980264	GP_unb_17	124:253	4	0.0	0.178215563310269	1.152918607837764	0	0	0	0		1	False	0
ecol-SAMN34375047	GP_unb_3	93:439	5	0.0	0.4575458991810222	0.6284497436980264	GP_unb_18	127:237	4	0.0	0.49702341008473283	0.7763591192736389	0	0	0	0		1	False	0
ecol-SAMN34375047	GP_unb_3	93:439	5	0.0	0.4575458991810222	0.6284497436980264	GP_unb_19	130:233	4	0.0	0.49105483505975644	1.1888053767257143	0	0	0	0		1	False	0
ecol-SAMN34375047	GP_unb_3	93:439	5	0.0	0.4575458991810222	0.6284497436980264	GP_unb_20	132:223	5	0.0	0.41624278017758964	1.3296613938694186	0	0	0	0		1	False	0
ecol-SAMN34375047	GP_unb_3	93:439	5	0.0	0.4575458991810222	0.6284497436980264	GP_unb_21	133:223	5	0.0	0.408511360060988	1.1646307769027222	0	0	0	0		1	False	0
ecol-SAMN34375047	GP_unb_3	93:439	5	0.0	0.4575458991810222	0.6284497436980264	GP_unb_22	134:220	2	0.0	0.3968998665507588	1.2895650728472656	0	0	0	0		1	False	0
ecol-SAMN34375047	GP_unb_3	93:439	5	0.0	0.4575458991810222	0.6284497436980264	GP_unb_23	135:219	5	0.0	0.44235904838689255	0.4623184434091532	0	0	0	0		1	False	0
ecol-SAMN34375047	GP_unb_3	93:439	5	0.0	0.4575458991810222	0.6284497436980264	GP_unb_24	140:211	5	0.0	0.1675830139114065	1.0746038663186412	0	0	0	0		1	False	0
ecol-SAMN34375047	GP_unb_3	93:439	5	0.0	0.4575458991810222	0.6284497436980264	GP_unb_25	141:211	5	0.0	0.47333547992256597	1.0955572827048956	0	0	0	0		1	False	0
ecol-SAMN34375047	GP_unb_3	93:439	5	0.0	0.4575458991810222	0.6284497436980264	GP_unb_26	143:208	5	0.0	0.475990418465596	1.0334472952392078	0	0	0	0		1	False	0
ecol-SAMN34375047	GP_unb_3	93:439	5	0.0	0.4575458991810222	0.6284497436980264	GP_unb_27	144:208	5	0.0	0.48221642619736504	0.8881615892968656	0	0	0	0		1	False	0
ecol-SAMN34375047	GP_unb_3	93:439	5	0.0	0.4575458991810222	0.6284497436980264	GP_unb_28	151:186	5	0.0	0.49126754067499323	0.6284497436980264	5	0.0	0.9488134398560154	0.6284497436972742		0	False	0
ecol-SAMN34375047	GP_unb_3	93:439	5	0.0	0.4575458991810222	0.6284497436980264	GP_unb_29	157:168	5	0.0	0.4796988348830612	1.2973866633122033	0	0	0	0		1	False	0
ecol-SAMN34375047	GP_unb_3	93:439	5	0.0	0.4575458991810222	0.6284497436980264	GP_unb_30	166:160	4	0.0	0.21507936407806172	1.0429356347348702	0	0	0	0		1	False	0
ecol-SAMN34375047	GP_unb_3	93:439	5	0.0	0.4575458991810222	0.6284497436980264	GP_unb_31	167:160	5	0.0	0.4989549680172808	1.0394808368787318	0	0	0	0		1	False	0
ecol-SAMN34375047	GP_unb_3	93:439	5	0.0	0.4575458991810222	0.6284497436980264	GP_unb_32	170:156	5	0.0	0.489610564409944	0.8857580563280307	0	0	0	0		1	False	0
ecol-SAMN34375047	GP_unb_3	93:439	5	0.0	0.4575458991810222	0.6284497436980264	GP_unb_33	171:156	5	0.0	0.3302439589820926	1.0954135199852644	0	0	0	0		1	False	0
ecol-SAMN34375047	GP_unb_3	93:439	5	0.0	0.4575458991810222	0.6284497436980264	GP_unb_34	172:153	5	0.0	0.453655333245074	1.1118114551932035	0	0	0	0		1	False	0
ecol-SAMN34375047	GP_unb_3	93:439	5	0.0	0.4575458991810222	0.6284497436980264	GP_unb_35	173:152	4	0.0	0.3937565651970263	2.0112943586610297	0	0	0	0		1	False	0
ecol-SAMN34375047	GP_unb_3	93:439	5	0.0	0.4575458991810222	0.6284497436980264	GP_unb_36	177:150	5	0.0	0.013632447912708234	7.32709163525601	0	0	0	0		1	False	0
ecol-SAMN34375047	GP_unb_3	93:439	5	0.0	0.4575458991810222	0.6284497436980264	GP_unb_37	219:116	4	0.0	0.4892892881834844	1.2391852247864898	0	0	0	0		1	False	0
ecol-SAMN34375047	GP_unb_3	93:439	5	0.0	0.4575458991810222	0.6284497436980264	GP_unb_38	224:112	4	0.0	0.46294458785956616	2.1528467264779483	0	0	0	0		1	False	0
ecol-SAMN34375047	GP_unb_3	93:439	5	0.0	0.4575458991810222	0.6284497436980264	GP_unb_39	228:109	4	0.0	0.49977650941861884	1.9011811005934705	0	0	0	0		1	False	0
ecol-SAMN34375047	GP_unb_3	93:439	5	0.0	0.4575458991810222	0.6284497436980264	GP_unb_40	230:109	5	0.0	0.488385559122413	1.9849049144387194	0	0	0	0		1	False	0
ecol-SAMN34375047	GP_unb_4	96:367	4	0.0	0.29919295219336894	0.996464335614069	GP_unb_5	99:345	4	0.0	0.3712196198596299	0.8266214369281063	0	0	0	0		1	False	0
ecol-SAMN34375047	GP_unb_4	96:367	4	0.0	0.29919295219336894	0.996464335614069	GP_unb_6	101:334	5	0.0	0.2140039682439162	0.9164424117993253	0	0	0	0		1	False	0
ecol-SAMN34375047	GP_unb_4	96:367	4	0.0	0.29919295219336894	0.996464335614069	GP_unb_7	102:334	5	0.0	0.45742415933987923	0.9597689014281927	0	0	0	0		1	False	0
ecol-SAMN34375047	GP_unb_4	96:367	4	0.0	0.29919295219336894	0.996464335614069	GP_unb_8	107:324	5	0.0	0.376968185760968	0.4623184434091532	5	-0.6799336266326478	8.14455205776053	0.16189502341688342	2:413688,12:139701,29:34364,41:15539,44:11585,45:11355,58:1917,62:1287,63:1262,65:1202,72:969,74:850,85:528,92:460,104:329,105:325,106:325,112:291,113:291,122:259,142:210,147:196,148:196,155:173,159:166,160:166,183:143,188:136,192:134,211:119,231:106,232:106,233:105,236:102	0	False	0
ecol-SAMN34375047	GP_unb_4	96:367	4	0.0	0.29919295219336894	0.996464335614069	GP_unb_9	108:313	5	0.0	0.36179865744668616	0.9670289187695708	0	0	0	0		1	False	0
ecol-SAMN34375047	GP_unb_4	96:367	4	0.0	0.29919295219336894	0.996464335614069	GP_unb_10	110:305	4	0.0	0.49104329456140383	1.1868421170857502	4	-0.8614921373682944	5.809080058674456	0.11392970901579247	12:139701,17:126231,27:37279,41:15539,44:11585,45:11355,46:11201,58:1917,62:1287,71:975,72:969,74:850,75:820,85:528,92:460,97:355,103:330,115:285,116:282,123:258,150:186,159:166,160:166,175:151,192:134,201:130,211:119,223:113,236:102	0	False	0
ecol-SAMN34375047	GP_unb_4	96:367	4	0.0	0.29919295219336894	0.996464335614069	GP_unb_11	111:294	4	0.0	0.49389668248310037	0.9541711405325513	5	-1.6988453050843142	8.971183904791994	0.11392970901579247	2:413688,12:139701,27:37279,28:35231,29:34364,37:19914,41:15539,44:11585,45:11355,46:11201,58:1917,62:1287,63:1262,65:1202,71:975,72:969,74:850,75:820,85:528,92:460,97:355,103:330,104:329,105:325,106:325,112:291,113:291,116:282,122:259,123:258,147:196,148:196,155:173,159:166,160:166,161:164,175:151,183:143,188:136,192:134,201:130,211:119,223:113,231:106,232:106,233:105,236:102	0	False	0
ecol-SAMN34375047	GP_unb_4	96:367	4	0.0	0.29919295219336894	0.996464335614069	GP_unb_12	114:288	5	0.0	0.44667937818249115	1.016564160852513	5	-1.3665918648361763	9.10929691321873	0.11392970901579247	2:413688,12:139701,17:126231,27:37279,29:34364,41:15539,44:11585,45:11355,46:11201,58:1917,62:1287,63:1262,65:1202,72:969,74:850,75:820,85:528,92:460,97:355,103:330,104:329,105:325,106:325,112:291,113:291,116:282,122:259,123:258,147:196,148:196,155:173,159:166,160:166,175:151,183:143,188:136,192:134,201:130,211:119,223:113,231:106,232:106,233:105,236:102	0	False	0
ecol-SAMN34375047	GP_unb_4	96:367	4	0.0	0.29919295219336894	0.996464335614069	GP_unb_13	117:281	4	0.0	0.423083698972579	0.8502935904289971	5	-1.6865485686728334	8.900370921281473	0.11392970902124962	2:413688,12:139701,27:37279,28:35231,29:34364,37:19914,41:15539,44:11585,45:11355,46:11201,58:1917,62:1287,63:1262,65:1202,71:975,72:969,74:850,75:820,85:528,92:460,97:355,103:330,104:329,105:325,106:325,112:291,113:291,116:282,122:259,123:258,147:196,148:196,155:173,159:166,160:166,161:164,175:151,183:143,188:136,192:134,201:130,211:119,223:113,231:106,232:106,233:105,236:102	0	False	0
ecol-SAMN34375047	GP_unb_4	96:367	4	0.0	0.29919295219336894	0.996464335614069	GP_unb_14	118:274	5	0.0	0.4979322478388736	0.5418957070443323	0	0	0	0		1	False	0
ecol-SAMN34375047	GP_unb_4	96:367	4	0.0	0.29919295219336894	0.996464335614069	GP_unb_15	119:273	5	0.0	0.48372980043610203	0.970762256894995	5	-0.6799336266326478	7.989621217916921	0.1618947926453984	2:413688,12:139701,29:34364,41:15539,44:11585,45:11355,58:1917,62:1287,63:1262,65:1202,72:969,74:850,85:528,92:460,104:329,105:325,106:325,112:291,113:291,122:259,147:196,148:196,155:173,159:166,160:166,183:143,188:136,192:134,211:119,231:106,232:106,233:105,236:102	0	False	0
ecol-SAMN34375047	GP_unb_4	96:367	4	0.0	0.29919295219336894	0.996464335614069	GP_unb_16	121:265	4	0.0	0.1058561025785324	4.618422294003747	5	-1.421068208447858	7.476370204889511	0.11392970901579243	12:139701,14:134225,17:126231,25:55987,29:34364,40:16232,44:11585,46:11201,54:3958,59:1577,61:1318,62:1287,63:1262,65:1202,72:969,75:820,76:817,85:528,97:355,103:330,104:329,105:325,106:325,112:291,113:291,116:282,122:259,123:258,147:196,148:196,153:181,155:173,159:166,160:166,175:151,178:148,183:143,188:136,192:134,201:130,205:128,211:119,223:113,231:106,232:106,233:105,236:102	0	False	0
ecol-SAMN34375047	GP_unb_4	96:367	4	0.0	0.29919295219336894	0.996464335614069	GP_unb_17	124:253	4	0.0	0.178215563310269	1.152918607837764	5	-1.1468112809238908	8.59110899213408	0.11392970901579247	2:413688,12:139701,27:37279,29:34364,37:19914,41:15539,44:11585,45:11355,46:11201,58:1917,62:1287,63:1262,65:1202,71:975,72:969,74:850,75:820,85:528,92:460,97:355,103:330,104:329,105:325,106:325,112:291,113:291,116:282,122:259,147:196,148:196,155:173,159:166,160:166,183:143,188:136,192:134,211:119,223:113,231:106,232:106,233:105,236:102	0	False	0
ecol-SAMN34375047	GP_unb_4	96:367	4	0.0	0.29919295219336894	0.996464335614069	GP_unb_18	127:237	4	0.0	0.49702341008473283	0.7763591192736389	5	-1.7023094380331827	8.974310632393626	0.11392970901579247	2:413688,12:139701,27:37279,28:35231,29:34364,37:19914,41:15539,44:11585,45:11355,46:11201,58:1917,62:1287,63:1262,65:1202,71:975,72:969,74:850,75:820,85:528,92:460,97:355,103:330,104:329,105:325,106:325,112:291,113:291,116:282,122:259,123:258,147:196,148:196,155:173,159:166,160:166,161:164,175:151,183:143,188:136,192:134,201:130,211:119,223:113,231:106,232:106,233:105,236:102	0	False	0
ecol-SAMN34375047	GP_unb_4	96:367	4	0.0	0.29919295219336894	0.996464335614069	GP_unb_19	130:233	4	0.0	0.49105483505975644	1.1888053767257143	0	0	0	0		1	False	0
ecol-SAMN34375047	GP_unb_4	96:367	4	0.0	0.29919295219336894	0.996464335614069	GP_unb_20	132:223	5	0.0	0.41624278017758964	1.3296613938694186	5	-1.8257065187934645	10.618450090869812	0.11392970901579247	2:413688,27:37279,29:34364,36:27171,37:19914,41:15539,44:11585,45:11355,46:11201,58:1917,62:1287,63:1262,65:1202,71:975,72:969,74:850,75:820,85:528,92:460,97:355,103:330,104:329,105:325,106:325,112:291,113:291,116:282,122:259,123:258,147:196,148:196,155:173,159:166,175:151,181:144,183:143,184:141,188:136,192:134,193:132,195:132,201:130,211:119,218:116,220:115,223:113,231:106,232:106,233:105,236:102	0	False	0
ecol-SAMN34375047	GP_unb_4	96:367	4	0.0	0.29919295219336894	0.996464335614069	GP_unb_21	133:223	5	0.0	0.408511360060988	1.1646307769027222	5	-1.8257065187934645	10.61071867075321	0.11392970901579247	2:413688,27:37279,29:34364,36:27171,37:19914,41:15539,44:11585,45:11355,46:11201,58:1917,62:1287,63:1262,65:1202,71:975,72:969,74:850,75:820,85:528,92:460,97:355,103:330,104:329,105:325,106:325,112:291,113:291,116:282,122:259,123:258,147:196,148:196,155:173,159:166,175:151,181:144,183:143,184:141,188:136,192:134,193:132,195:132,201:130,211:119,218:116,220:115,223:113,231:106,232:106,233:105,236:102	0	False	0
ecol-SAMN34375047	GP_unb_4	96:367	4	0.0	0.29919295219336894	0.996464335614069	GP_unb_22	134:220	2	0.0	0.3968998665507588	1.2895650728472656	4	-0.019986229612449974	1.153135975309295	0.2421184266295313	68:1021	0	False	0
ecol-SAMN34375047	GP_unb_4	96:367	4	0.0	0.29919295219336894	0.996464335614069	GP_unb_23	135:219	5	0.0	0.44235904838689255	0.4623184434091532	5	-0.0024127530413620146	1.4444869044818103	0.07120971836047829	60:1383,62:1287	0	False	0
ecol-SAMN34375047	GP_unb_4	96:367	4	0.0	0.29919295219336894	0.996464335614069	GP_unb_24	140:211	5	0.0	0.1675830139114065	1.0746038663186412	0	0	0	0		1	False	0
ecol-SAMN34375047	GP_unb_4	96:367	4	0.0	0.29919295219336894	0.996464335614069	GP_unb_25	141:211	5	0.0	0.47333547992256597	1.0955572827048956	0	0	0	0		1	False	0
ecol-SAMN34375047	GP_unb_4	96:367	4	0.0	0.29919295219336894	0.996464335614069	GP_unb_26	143:208	5	0.0	0.475990418465596	1.0334472952392078	0	0	0	0		1	False	0
ecol-SAMN34375047	GP_unb_4	96:367	4	0.0	0.29919295219336894	0.996464335614069	GP_unb_27	144:208	5	0.0	0.48221642619736504	0.8881615892968656	0	0	0	0		1	False	0
ecol-SAMN34375047	GP_unb_4	96:367	4	0.0	0.29919295219336894	0.996464335614069	GP_unb_28	151:186	5	0.0	0.49126754067499323	0.6284497436980264	5	-0.6799336266326478	8.258851412674554	0.1618947926453984	2:413688,12:139701,29:34364,41:15539,44:11585,45:11355,58:1917,62:1287,63:1262,65:1202,72:969,74:850,85:528,92:460,104:329,105:325,106:325,112:291,113:291,122:259,142:210,147:196,148:196,155:173,159:166,160:166,183:143,188:136,192:134,211:119,231:106,232:106,233:105,236:102	0	False	0
ecol-SAMN34375047	GP_unb_4	96:367	4	0.0	0.29919295219336894	0.996464335614069	GP_unb_29	157:168	5	0.0	0.4796988348830612	1.2973866633122033	5	-1.4832380707588544	7.8910168553368205	0.11392970901579247	1:451721,2:413688,12:139701,27:37279,29:34364,31:32561,37:19914,41:15539,44:11585,45:11355,46:11201,58:1917,62:1287,63:1262,65:1202,71:975,72:969,74:850,75:820,85:528,89:518,92:460,97:355,103:330,104:329,105:325,106:325,112:291,113:291,116:282,122:259,123:258,147:196,148:196,155:173,159:166,160:166,174:151,175:151,183:143,188:136,192:134,201:130,211:119,223:113,231:106,232:106,233:105,236:102	0	False	0
ecol-SAMN34375047	GP_unb_4	96:367	4	0.0	0.29919295219336894	0.996464335614069	GP_unb_30	166:160	4	0.0	0.21507936407806172	1.0429356347348702	0	0	0	0		1	False	0
ecol-SAMN34375047	GP_unb_4	96:367	4	0.0	0.29919295219336894	0.996464335614069	GP_unb_31	167:160	5	0.0	0.4989549680172808	1.0394808368787318	0	0	0	0		1	False	0
ecol-SAMN34375047	GP_unb_4	96:367	4	0.0	0.29919295219336894	0.996464335614069	GP_unb_32	170:156	5	0.0	0.489610564409944	0.8857580563280307	0	0	0	0		1	False	0
ecol-SAMN34375047	GP_unb_4	96:367	4	0.0	0.29919295219336894	0.996464335614069	GP_unb_33	171:156	5	0.0	0.3302439589820926	1.0954135199852644	0	0	0	0		1	False	0
ecol-SAMN34375047	GP_unb_4	96:367	4	0.0	0.29919295219336894	0.996464335614069	GP_unb_34	172:153	5	0.0	0.453655333245074	1.1118114551932035	5	-1.3665918648361763	9.116272868281312	0.11392970901579247	2:413688,12:139701,17:126231,27:37279,29:34364,41:15539,44:11585,45:11355,46:11201,58:1917,62:1287,63:1262,65:1202,72:969,74:850,75:820,85:528,92:460,97:355,103:330,104:329,105:325,106:325,112:291,113:291,116:282,122:259,123:258,147:196,148:196,155:173,159:166,160:166,175:151,183:143,188:136,192:134,201:130,211:119,223:113,231:106,232:106,233:105,236:102	0	False	0
ecol-SAMN34375047	GP_unb_4	96:367	4	0.0	0.29919295219336894	0.996464335614069	GP_unb_35	173:152	4	0.0	0.3937565651970263	2.0112943586610297	5	-1.4440995889522112	9.157741333132657	0.11392970901579247	2:413688,12:139701,17:126231,27:37279,29:34364,41:15539,43:13205,44:11585,45:11355,46:11201,58:1917,62:1287,63:1262,65:1202,71:975,72:969,74:850,75:820,77:754,85:528,92:460,97:355,103:330,104:329,105:325,106:325,112:291,113:291,116:282,122:259,123:258,147:196,148:196,155:173,159:166,160:166,175:151,183:143,188:136,192:134,201:130,211:119,223:113,231:106,232:106,233:105,236:102	0	False	0
ecol-SAMN34375047	GP_unb_4	96:367	4	0.0	0.29919295219336894	0.996464335614069	GP_unb_36	177:150	5	0.0	0.013632447912708234	7.32709163525601	5	-1.4254545576301356	8.908383400220545	0.11392970901579247	2:413688,12:139701,27:37279,29:34364,37:19914,41:15539,44:11585,45:11355,46:11201,58:1917,62:1287,63:1262,65:1202,71:975,72:969,74:850,75:820,85:528,92:460,97:355,103:330,104:329,105:325,106:325,112:291,113:291,116:282,122:259,123:258,147:196,148:196,155:173,159:166,160:166,175:151,183:143,188:136,192:134,201:130,211:119,223:113,231:106,232:106,233:105,236:102	0	False	0
ecol-SAMN34375047	GP_unb_4	96:367	4	0.0	0.29919295219336894	0.996464335614069	GP_unb_37	219:116	4	0.0	0.4892892881834844	1.2391852247864898	0	0	0	0		1	False	0
ecol-SAMN34375047	GP_unb_4	96:367	4	0.0	0.29919295219336894	0.996464335614069	GP_unb_38	224:112	4	0.0	0.46294458785956616	2.1528467264779483	0	0	0	0		1	False	0
ecol-SAMN34375047	GP_unb_4	96:367	4	0.0	0.29919295219336894	0.996464335614069	GP_unb_39	228:109	4	0.0	0.49977650941861884	1.9011811005934705	5	-1.7136670025598586	8.446877613091578	0.11392970901579247	2:413688,12:139701,17:126231,27:37279,41:15539,44:11585,45:11355,46:11201,58:1917,62:1287,63:1262,65:1202,67:1078,71:975,72:969,74:850,75:820,85:528,87:522,92:460,97:355,103:330,104:329,105:325,106:325,112:291,113:291,116:282,122:259,123:258,147:196,148:196,155:173,158:167,159:166,160:166,175:151,183:143,188:136,192:134,201:130,211:119,223:113,225:111,229:109,231:106,232:106,233:105,236:102	0	False	0
ecol-SAMN34375047	GP_unb_4	96:367	4	0.0	0.29919295219336894	0.996464335614069	GP_unb_40	230:109	5	0.0	0.488385559122413	1.9849049144387194	5	-1.6376947167320373	9.473848345856132	0.11392970901579247	2:413688,12:139701,17:126231,26:52304,27:37279,29:34364,41:15539,43:13205,44:11585,45:11355,46:11201,58:1917,62:1287,63:1262,65:1202,71:975,72:969,74:850,75:820,77:754,83:559,84:559,85:528,92:460,94:409,97:355,98:348,103:330,104:329,105:325,106:325,112:291,113:291,116:282,122:259,123:258,138:213,145:202,146:202,147:196,148:196,155:173,159:166,160:166,175:151,183:143,186:140,188:136,192:134,201:130,211:119,215:118,223:113,231:106,232:106,233:105,236:102	0	False	0
ecol-SAMN34375047	GP_unb_5	99:345	4	0.0	0.3712196198596299	0.8266214369281063	GP_unb_6	101:334	5	0.0	0.2140039682439162	0.9164424117993253	0	0	0	0		1	False	0
ecol-SAMN34375047	GP_unb_5	99:345	4	0.0	0.3712196198596299	0.8266214369281063	GP_unb_7	102:334	5	0.0	0.45742415933987923	0.9597689014281927	0	0	0	0		1	False	0
ecol-SAMN34375047	GP_unb_5	99:345	4	0.0	0.3712196198596299	0.8266214369281063	GP_unb_8	107:324	5	0.0	0.376968185760968	0.4623184434091532	0	0	0	0		1	False	0
ecol-SAMN34375047	GP_unb_5	99:345	4	0.0	0.3712196198596299	0.8266214369281063	GP_unb_9	108:313	5	0.0	0.36179865744668616	0.9670289187695708	0	0	0	0		1	False	0
ecol-SAMN34375047	GP_unb_5	99:345	4	0.0	0.3712196198596299	0.8266214369281063	GP_unb_10	110:305	4	0.0	0.49104329456140383	1.1868421170857502	0	0	0	0		1	False	0
ecol-SAMN34375047	GP_unb_5	99:345	4	0.0	0.3712196198596299	0.8266214369281063	GP_unb_11	111:294	4	0.0	0.49389668248310037	0.9541711405325513	0	0	0	0		1	False	0
ecol-SAMN34375047	GP_unb_5	99:345	4	0.0	0.3712196198596299	0.8266214369281063	GP_unb_12	114:288	5	0.0	0.44667937818249115	1.016564160852513	0	0	0	0		1	False	0
ecol-SAMN34375047	GP_unb_5	99:345	4	0.0	0.3712196198596299	0.8266214369281063	GP_unb_13	117:281	4	0.0	0.423083698972579	0.8502935904289971	0	0	0	0		1	False	0
ecol-SAMN34375047	GP_unb_5	99:345	4	0.0	0.3712196198596299	0.8266214369281063	GP_unb_14	118:274	5	0.0	0.4979322478388736	0.5418957070443323	0	0	0	0		1	False	0
ecol-SAMN34375047	GP_unb_5	99:345	4	0.0	0.3712196198596299	0.8266214369281063	GP_unb_15	119:273	5	0.0	0.48372980043610203	0.970762256894995	0	0	0	0		1	False	0
ecol-SAMN34375047	GP_unb_5	99:345	4	0.0	0.3712196198596299	0.8266214369281063	GP_unb_16	121:265	4	0.0	0.1058561025785324	4.618422294003747	0	0	0	0		1	False	0
ecol-SAMN34375047	GP_unb_5	99:345	4	0.0	0.3712196198596299	0.8266214369281063	GP_unb_17	124:253	4	0.0	0.178215563310269	1.152918607837764	0	0	0	0		1	False	0
ecol-SAMN34375047	GP_unb_5	99:345	4	0.0	0.3712196198596299	0.8266214369281063	GP_unb_18	127:237	4	0.0	0.49702341008473283	0.7763591192736389	0	0	0	0		1	False	0
ecol-SAMN34375047	GP_unb_5	99:345	4	0.0	0.3712196198596299	0.8266214369281063	GP_unb_19	130:233	4	0.0	0.49105483505975644	1.1888053767257143	0	0	0	0		1	False	0
ecol-SAMN34375047	GP_unb_5	99:345	4	0.0	0.3712196198596299	0.8266214369281063	GP_unb_20	132:223	5	0.0	0.41624278017758964	1.3296613938694186	0	0	0	0		1	False	0
ecol-SAMN34375047	GP_unb_5	99:345	4	0.0	0.3712196198596299	0.8266214369281063	GP_unb_21	133:223	5	0.0	0.408511360060988	1.1646307769027222	0	0	0	0		1	False	0
ecol-SAMN34375047	GP_unb_5	99:345	4	0.0	0.3712196198596299	0.8266214369281063	GP_unb_22	134:220	2	0.0	0.3968998665507588	1.2895650728472656	0	0	0	0		1	False	0
ecol-SAMN34375047	GP_unb_5	99:345	4	0.0	0.3712196198596299	0.8266214369281063	GP_unb_23	135:219	5	0.0	0.44235904838689255	0.4623184434091532	0	0	0	0		1	False	0
ecol-SAMN34375047	GP_unb_5	99:345	4	0.0	0.3712196198596299	0.8266214369281063	GP_unb_24	140:211	5	0.0	0.1675830139114065	1.0746038663186412	0	0	0	0		1	False	0
ecol-SAMN34375047	GP_unb_5	99:345	4	0.0	0.3712196198596299	0.8266214369281063	GP_unb_25	141:211	5	0.0	0.47333547992256597	1.0955572827048956	0	0	0	0		1	False	0
ecol-SAMN34375047	GP_unb_5	99:345	4	0.0	0.3712196198596299	0.8266214369281063	GP_unb_26	143:208	5	0.0	0.475990418465596	1.0334472952392078	0	0	0	0		1	False	0
ecol-SAMN34375047	GP_unb_5	99:345	4	0.0	0.3712196198596299	0.8266214369281063	GP_unb_27	144:208	5	0.0	0.48221642619736504	0.8881615892968656	0	0	0	0		1	False	0
ecol-SAMN34375047	GP_unb_5	99:345	4	0.0	0.3712196198596299	0.8266214369281063	GP_unb_28	151:186	5	0.0	0.49126754067499323	0.6284497436980264	0	0	0	0		1	False	0
ecol-SAMN34375047	GP_unb_5	99:345	4	0.0	0.3712196198596299	0.8266214369281063	GP_unb_29	157:168	5	0.0	0.4796988348830612	1.2973866633122033	0	0	0	0		1	False	0
ecol-SAMN34375047	GP_unb_5	99:345	4	0.0	0.3712196198596299	0.8266214369281063	GP_unb_30	166:160	4	0.0	0.21507936407806172	1.0429356347348702	0	0	0	0		1	False	0
ecol-SAMN34375047	GP_unb_5	99:345	4	0.0	0.3712196198596299	0.8266214369281063	GP_unb_31	167:160	5	0.0	0.4989549680172808	1.0394808368787318	0	0	0	0		1	False	0
ecol-SAMN34375047	GP_unb_5	99:345	4	0.0	0.3712196198596299	0.8266214369281063	GP_unb_32	170:156	5	0.0	0.489610564409944	0.8857580563280307	0	0	0	0		1	False	0
ecol-SAMN34375047	GP_unb_5	99:345	4	0.0	0.3712196198596299	0.8266214369281063	GP_unb_33	171:156	5	0.0	0.3302439589820926	1.0954135199852644	0	0	0	0		1	False	0
ecol-SAMN34375047	GP_unb_5	99:345	4	0.0	0.3712196198596299	0.8266214369281063	GP_unb_34	172:153	5	0.0	0.453655333245074	1.1118114551932035	0	0	0	0		1	False	0
ecol-SAMN34375047	GP_unb_5	99:345	4	0.0	0.3712196198596299	0.8266214369281063	GP_unb_35	173:152	4	0.0	0.3937565651970263	2.0112943586610297	0	0	0	0		1	False	0
ecol-SAMN34375047	GP_unb_5	99:345	4	0.0	0.3712196198596299	0.8266214369281063	GP_unb_36	177:150	5	0.0	0.013632447912708234	7.32709163525601	0	0	0	0		1	False	0
ecol-SAMN34375047	GP_unb_5	99:345	4	0.0	0.3712196198596299	0.8266214369281063	GP_unb_37	219:116	4	0.0	0.4892892881834844	1.2391852247864898	0	0	0	0		1	False	0
ecol-SAMN34375047	GP_unb_5	99:345	4	0.0	0.3712196198596299	0.8266214369281063	GP_unb_38	224:112	4	0.0	0.46294458785956616	2.1528467264779483	0	0	0	0		1	False	0
ecol-SAMN34375047	GP_unb_5	99:345	4	0.0	0.3712196198596299	0.8266214369281063	GP_unb_39	228:109	4	0.0	0.49977650941861884	1.9011811005934705	0	0	0	0		1	False	0
ecol-SAMN34375047	GP_unb_5	99:345	4	0.0	0.3712196198596299	0.8266214369281063	GP_unb_40	230:109	5	0.0	0.488385559122413	1.9849049144387194	0	0	0	0		1	False	0
ecol-SAMN34375047	GP_unb_6	101:334	5	0.0	0.2140039682439162	0.9164424117993253	GP_unb_7	102:334	5	0.0	0.45742415933987923	0.9597689014281927	5	0.0	1.1665184254310184	0.9164424117989256	212:118	0	False	0
ecol-SAMN34375047	GP_unb_6	101:334	5	0.0	0.2140039682439162	0.9164424117993253	GP_unb_8	107:324	5	0.0	0.376968185760968	0.4623184434091532	0	0	0	0		1	False	0
ecol-SAMN34375047	GP_unb_6	101:334	5	0.0	0.2140039682439162	0.9164424117993253	GP_unb_9	108:313	5	0.0	0.36179865744668616	0.9670289187695708	0	0	0	0		1	False	0
ecol-SAMN34375047	GP_unb_6	101:334	5	0.0	0.2140039682439162	0.9164424117993253	GP_unb_10	110:305	4	0.0	0.49104329456140383	1.1868421170857502	0	0	0	0		1	False	0
ecol-SAMN34375047	GP_unb_6	101:334	5	0.0	0.2140039682439162	0.9164424117993253	GP_unb_11	111:294	4	0.0	0.49389668248310037	0.9541711405325513	0	0	0	0		1	False	0
ecol-SAMN34375047	GP_unb_6	101:334	5	0.0	0.2140039682439162	0.9164424117993253	GP_unb_12	114:288	5	0.0	0.44667937818249115	1.016564160852513	0	0	0	0		1	False	0
ecol-SAMN34375047	GP_unb_6	101:334	5	0.0	0.2140039682439162	0.9164424117993253	GP_unb_13	117:281	4	0.0	0.423083698972579	0.8502935904289971	0	0	0	0		1	False	0
ecol-SAMN34375047	GP_unb_6	101:334	5	0.0	0.2140039682439162	0.9164424117993253	GP_unb_14	118:274	5	0.0	0.4979322478388736	0.5418957070443323	0	0	0	0		1	False	0
ecol-SAMN34375047	GP_unb_6	101:334	5	0.0	0.2140039682439162	0.9164424117993253	GP_unb_15	119:273	5	0.0	0.48372980043610203	0.970762256894995	0	0	0	0		1	False	0
ecol-SAMN34375047	GP_unb_6	101:334	5	0.0	0.2140039682439162	0.9164424117993253	GP_unb_16	121:265	4	0.0	0.1058561025785324	4.618422294003747	0	0	0	0		1	False	0
ecol-SAMN34375047	GP_unb_6	101:334	5	0.0	0.2140039682439162	0.9164424117993253	GP_unb_17	124:253	4	0.0	0.178215563310269	1.152918607837764	0	0	0	0		1	False	0
ecol-SAMN34375047	GP_unb_6	101:334	5	0.0	0.2140039682439162	0.9164424117993253	GP_unb_18	127:237	4	0.0	0.49702341008473283	0.7763591192736389	0	0	0	0		1	False	0
ecol-SAMN34375047	GP_unb_6	101:334	5	0.0	0.2140039682439162	0.9164424117993253	GP_unb_19	130:233	4	0.0	0.49105483505975644	1.1888053767257143	0	0	0	0		1	False	0
ecol-SAMN34375047	GP_unb_6	101:334	5	0.0	0.2140039682439162	0.9164424117993253	GP_unb_20	132:223	5	0.0	0.41624278017758964	1.3296613938694186	0	0	0	0		1	False	0
ecol-SAMN34375047	GP_unb_6	101:334	5	0.0	0.2140039682439162	0.9164424117993253	GP_unb_21	133:223	5	0.0	0.408511360060988	1.1646307769027222	0	0	0	0		1	False	0
ecol-SAMN34375047	GP_unb_6	101:334	5	0.0	0.2140039682439162	0.9164424117993253	GP_unb_22	134:220	2	0.0	0.3968998665507588	1.2895650728472656	0	0	0	0		1	False	0
ecol-SAMN34375047	GP_unb_6	101:334	5	0.0	0.2140039682439162	0.9164424117993253	GP_unb_23	135:219	5	0.0	0.44235904838689255	0.4623184434091532	0	0	0	0		1	False	0
ecol-SAMN34375047	GP_unb_6	101:334	5	0.0	0.2140039682439162	0.9164424117993253	GP_unb_24	140:211	5	0.0	0.1675830139114065	1.0746038663186412	0	0	0	0		1	False	0
ecol-SAMN34375047	GP_unb_6	101:334	5	0.0	0.2140039682439162	0.9164424117993253	GP_unb_25	141:211	5	0.0	0.47333547992256597	1.0955572827048956	0	0	0	0		1	False	0
ecol-SAMN34375047	GP_unb_6	101:334	5	0.0	0.2140039682439162	0.9164424117993253	GP_unb_26	143:208	5	0.0	0.475990418465596	1.0334472952392078	5	0.0	0.9657335401727073	0.9164424117989256	163:161	0	False	0
ecol-SAMN34375047	GP_unb_6	101:334	5	0.0	0.2140039682439162	0.9164424117993253	GP_unb_27	144:208	5	0.0	0.48221642619736504	0.8881615892968656	5	0.0	0.9719595479044764	0.8881615892969421	163:161	0	False	0
ecol-SAMN34375047	GP_unb_6	101:334	5	0.0	0.2140039682439162	0.9164424117993253	GP_unb_28	151:186	5	0.0	0.49126754067499323	0.6284497436980264	0	0	0	0		1	False	0
ecol-SAMN34375047	GP_unb_6	101:334	5	0.0	0.2140039682439162	0.9164424117993253	GP_unb_29	157:168	5	0.0	0.4796988348830612	1.2973866633122033	0	0	0	0		1	False	0
ecol-SAMN34375047	GP_unb_6	101:334	5	0.0	0.2140039682439162	0.9164424117993253	GP_unb_30	166:160	4	0.0	0.21507936407806172	1.0429356347348702	0	0	0	0		1	False	0
ecol-SAMN34375047	GP_unb_6	101:334	5	0.0	0.2140039682439162	0.9164424117993253	GP_unb_31	167:160	5	0.0	0.4989549680172808	1.0394808368787318	0	0	0	0		1	False	0
ecol-SAMN34375047	GP_unb_6	101:334	5	0.0	0.2140039682439162	0.9164424117993253	GP_unb_32	170:156	5	0.0	0.489610564409944	0.8857580563280307	5	0.0	1.198704830501083	0.8857580563271767	212:118	0	False	0
ecol-SAMN34375047	GP_unb_6	101:334	5	0.0	0.2140039682439162	0.9164424117993253	GP_unb_33	171:156	5	0.0	0.3302439589820926	1.0954135199852644	5	0.0	1.0393382250732315	0.9164424117989256	212:118	0	False	0
ecol-SAMN34375047	GP_unb_6	101:334	5	0.0	0.2140039682439162	0.9164424117993253	GP_unb_34	172:153	5	0.0	0.453655333245074	1.1118114551932035	0	0	0	0		1	False	0
ecol-SAMN34375047	GP_unb_6	101:334	5	0.0	0.2140039682439162	0.9164424117993253	GP_unb_35	173:152	4	0.0	0.3937565651970263	2.0112943586610297	0	0	0	0		1	False	0
ecol-SAMN34375047	GP_unb_6	101:334	5	0.0	0.2140039682439162	0.9164424117993253	GP_unb_36	177:150	5	0.0	0.013632447912708234	7.32709163525601	0	0	0	0		1	False	0
ecol-SAMN34375047	GP_unb_6	101:334	5	0.0	0.2140039682439162	0.9164424117993253	GP_unb_37	219:116	4	0.0	0.4892892881834844	1.2391852247864898	0	0	0	0		1	False	0
ecol-SAMN34375047	GP_unb_6	101:334	5	0.0	0.2140039682439162	0.9164424117993253	GP_unb_38	224:112	4	0.0	0.46294458785956616	2.1528467264779483	0	0	0	0		1	False	0
ecol-SAMN34375047	GP_unb_6	101:334	5	0.0	0.2140039682439162	0.9164424117993253	GP_unb_39	228:109	4	0.0	0.49977650941861884	1.9011811005934705	0	0	0	0		1	False	0
ecol-SAMN34375047	GP_unb_6	101:334	5	0.0	0.2140039682439162	0.9164424117993253	GP_unb_40	230:109	5	0.0	0.488385559122413	1.9849049144387194	0	0	0	0		1	False	0
ecol-SAMN34375047	GP_unb_7	102:334	5	0.0	0.45742415933987923	0.9597689014281927	GP_unb_8	107:324	5	0.0	0.376968185760968	0.4623184434091532	0	0	0	0		1	False	0
ecol-SAMN34375047	GP_unb_7	102:334	5	0.0	0.45742415933987923	0.9597689014281927	GP_unb_9	108:313	5	0.0	0.36179865744668616	0.9670289187695708	0	0	0	0		1	False	0
ecol-SAMN34375047	GP_unb_7	102:334	5	0.0	0.45742415933987923	0.9597689014281927	GP_unb_10	110:305	4	0.0	0.49104329456140383	1.1868421170857502	0	0	0	0		1	False	0
ecol-SAMN34375047	GP_unb_7	102:334	5	0.0	0.45742415933987923	0.9597689014281927	GP_unb_11	111:294	4	0.0	0.49389668248310037	0.9541711405325513	0	0	0	0		1	False	0
ecol-SAMN34375047	GP_unb_7	102:334	5	0.0	0.45742415933987923	0.9597689014281927	GP_unb_12	114:288	5	0.0	0.44667937818249115	1.016564160852513	0	0	0	0		1	False	0
ecol-SAMN34375047	GP_unb_7	102:334	5	0.0	0.45742415933987923	0.9597689014281927	GP_unb_13	117:281	4	0.0	0.423083698972579	0.8502935904289971	0	0	0	0		1	False	0
ecol-SAMN34375047	GP_unb_7	102:334	5	0.0	0.45742415933987923	0.9597689014281927	GP_unb_14	118:274	5	0.0	0.4979322478388736	0.5418957070443323	0	0	0	0		1	False	0
ecol-SAMN34375047	GP_unb_7	102:334	5	0.0	0.45742415933987923	0.9597689014281927	GP_unb_15	119:273	5	0.0	0.48372980043610203	0.970762256894995	0	0	0	0		1	False	0
ecol-SAMN34375047	GP_unb_7	102:334	5	0.0	0.45742415933987923	0.9597689014281927	GP_unb_16	121:265	4	0.0	0.1058561025785324	4.618422294003747	0	0	0	0		1	False	0
ecol-SAMN34375047	GP_unb_7	102:334	5	0.0	0.45742415933987923	0.9597689014281927	GP_unb_17	124:253	4	0.0	0.178215563310269	1.152918607837764	0	0	0	0		1	False	0
ecol-SAMN34375047	GP_unb_7	102:334	5	0.0	0.45742415933987923	0.9597689014281927	GP_unb_18	127:237	4	0.0	0.49702341008473283	0.7763591192736389	0	0	0	0		1	False	0
ecol-SAMN34375047	GP_unb_7	102:334	5	0.0	0.45742415933987923	0.9597689014281927	GP_unb_19	130:233	4	0.0	0.49105483505975644	1.1888053767257143	0	0	0	0		1	False	0
ecol-SAMN34375047	GP_unb_7	102:334	5	0.0	0.45742415933987923	0.9597689014281927	GP_unb_20	132:223	5	0.0	0.41624278017758964	1.3296613938694186	0	0	0	0		1	False	0
ecol-SAMN34375047	GP_unb_7	102:334	5	0.0	0.45742415933987923	0.9597689014281927	GP_unb_21	133:223	5	0.0	0.408511360060988	1.1646307769027222	0	0	0	0		1	False	0
ecol-SAMN34375047	GP_unb_7	102:334	5	0.0	0.45742415933987923	0.9597689014281927	GP_unb_22	134:220	2	0.0	0.3968998665507588	1.2895650728472656	0	0	0	0		1	False	0
ecol-SAMN34375047	GP_unb_7	102:334	5	0.0	0.45742415933987923	0.9597689014281927	GP_unb_23	135:219	5	0.0	0.44235904838689255	0.4623184434091532	0	0	0	0		1	False	0
ecol-SAMN34375047	GP_unb_7	102:334	5	0.0	0.45742415933987923	0.9597689014281927	GP_unb_24	140:211	5	0.0	0.1675830139114065	1.0746038663186412	0	0	0	0		1	False	0
ecol-SAMN34375047	GP_unb_7	102:334	5	0.0	0.45742415933987923	0.9597689014281927	GP_unb_25	141:211	5	0.0	0.47333547992256597	1.0955572827048956	0	0	0	0		1	False	0
ecol-SAMN34375047	GP_unb_7	102:334	5	0.0	0.45742415933987923	0.9597689014281927	GP_unb_26	143:208	5	0.0	0.475990418465596	1.0334472952392078	5	0.0	1.2091537312686702	0.9597689014281059	163:161	0	False	0
ecol-SAMN34375047	GP_unb_7	102:334	5	0.0	0.45742415933987923	0.9597689014281927	GP_unb_27	144:208	5	0.0	0.48221642619736504	0.8881615892968656	5	0.0	1.2153797390004395	0.8881615892969421	163:161	0	False	0
ecol-SAMN34375047	GP_unb_7	102:334	5	0.0	0.45742415933987923	0.9597689014281927	GP_unb_28	151:186	5	0.0	0.49126754067499323	0.6284497436980264	0	0	0	0		1	False	0
ecol-SAMN34375047	GP_unb_7	102:334	5	0.0	0.45742415933987923	0.9597689014281927	GP_unb_29	157:168	5	0.0	0.4796988348830612	1.2973866633122033	0	0	0	0		1	False	0
ecol-SAMN34375047	GP_unb_7	102:334	5	0.0	0.45742415933987923	0.9597689014281927	GP_unb_30	166:160	4	0.0	0.21507936407806172	1.0429356347348702	0	0	0	0		1	False	0
ecol-SAMN34375047	GP_unb_7	102:334	5	0.0	0.45742415933987923	0.9597689014281927	GP_unb_31	167:160	5	0.0	0.4989549680172808	1.0394808368787318	0	0	0	0		1	False	0
ecol-SAMN34375047	GP_unb_7	102:334	5	0.0	0.45742415933987923	0.9597689014281927	GP_unb_32	170:156	5	0.0	0.489610564409944	0.8857580563280307	5	0.0	1.442125021597046	0.8857580563271767	212:118	0	False	0
ecol-SAMN34375047	GP_unb_7	102:334	5	0.0	0.45742415933987923	0.9597689014281927	GP_unb_33	171:156	5	0.0	0.3302439589820926	1.0954135199852644	5	0.0	1.2827584161691945	0.9597689014281059	212:118	0	False	0
ecol-SAMN34375047	GP_unb_7	102:334	5	0.0	0.45742415933987923	0.9597689014281927	GP_unb_34	172:153	5	0.0	0.453655333245074	1.1118114551932035	0	0	0	0		1	False	0
ecol-SAMN34375047	GP_unb_7	102:334	5	0.0	0.45742415933987923	0.9597689014281927	GP_unb_35	173:152	4	0.0	0.3937565651970263	2.0112943586610297	0	0	0	0		1	False	0
ecol-SAMN34375047	GP_unb_7	102:334	5	0.0	0.45742415933987923	0.9597689014281927	GP_unb_36	177:150	5	0.0	0.013632447912708234	7.32709163525601	0	0	0	0		1	False	0
ecol-SAMN34375047	GP_unb_7	102:334	5	0.0	0.45742415933987923	0.9597689014281927	GP_unb_37	219:116	4	0.0	0.4892892881834844	1.2391852247864898	0	0	0	0		1	False	0
ecol-SAMN34375047	GP_unb_7	102:334	5	0.0	0.45742415933987923	0.9597689014281927	GP_unb_38	224:112	4	0.0	0.46294458785956616	2.1528467264779483	0	0	0	0		1	False	0
ecol-SAMN34375047	GP_unb_7	102:334	5	0.0	0.45742415933987923	0.9597689014281927	GP_unb_39	228:109	4	0.0	0.49977650941861884	1.9011811005934705	0	0	0	0		1	False	0
ecol-SAMN34375047	GP_unb_7	102:334	5	0.0	0.45742415933987923	0.9597689014281927	GP_unb_40	230:109	5	0.0	0.488385559122413	1.9849049144387194	0	0	0	0		1	False	0
ecol-SAMN34375047	GP_unb_8	107:324	5	0.0	0.376968185760968	0.4623184434091532	GP_unb_9	108:313	5	0.0	0.36179865744668616	0.9670289187695708	0	0	0	0		1	False	0
ecol-SAMN34375047	GP_unb_8	107:324	5	0.0	0.376968185760968	0.4623184434091532	GP_unb_10	110:305	4	0.0	0.49104329456140383	1.1868421170857502	5	-1.5551059795865627	6.993085189767062	0.11392970901579247	2:413688,17:126231,27:37279,29:34364,41:15539,45:11355,46:11201,58:1917,63:1262,65:1202,72:969,74:850,75:820,85:528,92:460,97:355,103:330,104:329,105:325,106:325,112:291,113:291,115:285,116:282,122:259,123:258,142:210,147:196,148:196,150:186,155:173,175:151,183:143,188:136,192:134,201:130,223:113,231:106,232:106,233:105,236:102	0	False	0
ecol-SAMN34375047	GP_unb_8	107:324	5	0.0	0.376968185760968	0.4623184434091532	GP_unb_11	111:294	4	0.0	0.49389668248310037	0.9541711405325513	5	-1.4896904630301102	9.298830169135927	0.11392970901611645	2:413688,12:139701,28:35231,29:34364,41:15539,44:11585,45:11355,46:11201,58:1917,63:1262,65:1202,72:969,74:850,75:820,85:528,92:460,103:330,104:329,105:325,106:325,112:291,113:291,122:259,123:258,142:210,147:196,148:196,155:173,159:166,160:166,161:164,175:151,183:143,188:136,192:134,201:130,211:119,231:106,232:106,233:105,236:102	0	False	0
ecol-SAMN34375047	GP_unb_8	107:324	5	0.0	0.376968185760968	0.4623184434091532	GP_unb_12	114:288	5	0.0	0.44667937818249115	1.016564160852513	5	-1.4464837280602405	9.805489765897496	0.11392970901579247	2:413688,12:139701,17:126231,29:34364,37:19914,41:15539,44:11585,45:11355,46:11201,58:1917,62:1287,63:1262,65:1202,71:975,72:969,74:850,75:820,85:528,92:460,103:330,104:329,105:325,106:325,112:291,113:291,116:282,122:259,123:258,142:210,147:196,148:196,155:173,159:166,160:166,175:151,183:143,188:136,192:134,201:130,211:119,231:106,232:106,233:105,236:102	0	False	0
ecol-SAMN34375047	GP_unb_8	107:324	5	0.0	0.376968185760968	0.4623184434091532	GP_unb_13	117:281	4	0.0	0.423083698972579	0.8502935904289971	5	-1.477393726618629	9.228017185625406	0.11392970901579247	2:413688,12:139701,28:35231,29:34364,41:15539,44:11585,45:11355,46:11201,58:1917,63:1262,65:1202,72:969,74:850,75:820,85:528,92:460,103:330,104:329,105:325,106:325,112:291,113:291,122:259,123:258,142:210,147:196,148:196,155:173,159:166,160:166,161:164,175:151,183:143,188:136,192:134,201:130,211:119,231:106,232:106,233:105,236:102	0	False	0
ecol-SAMN34375047	GP_unb_8	107:324	5	0.0	0.376968185760968	0.4623184434091532	GP_unb_14	118:274	5	0.0	0.4979322478388736	0.5418957070443323	0	0	0	0		1	False	0
ecol-SAMN34375047	GP_unb_8	107:324	5	0.0	0.376968185760968	0.4623184434091532	GP_unb_15	119:273	5	0.0	0.48372980043610203	0.970762256894995	5	-8.414577382881427e-05	1.3524245364567684	0.46231844340945827	72:969,142:210	0	False	0
ecol-SAMN34375047	GP_unb_8	107:324	5	0.0	0.376968185760968	0.4623184434091532	GP_unb_16	121:265	4	0.0	0.1058561025785324	4.618422294003747	5	-1.49431157689149	8.756989181627814	0.11392970901579247	12:139701,14:134225,17:126231,25:55987,29:34364,40:16232,41:15539,44:11585,45:11355,46:11201,58:1917,59:1577,61:1318,63:1262,65:1202,72:969,74:850,75:820,76:817,85:528,92:460,103:330,104:329,105:325,106:325,112:291,113:291,116:282,122:259,123:258,142:210,147:196,148:196,153:181,155:173,159:166,160:166,175:151,178:148,183:143,188:136,192:134,201:130,205:128,211:119,231:106,232:106,233:105,236:102	0	False	0
ecol-SAMN34375047	GP_unb_8	107:324	5	0.0	0.376968185760968	0.4623184434091532	GP_unb_17	124:253	4	0.0	0.178215563310269	1.152918607837764	5	-0.9376564388696869	8.918755256478013	0.11392970901579247	2:413688,12:139701,29:34364,41:15539,44:11585,45:11355,46:11201,58:1917,63:1262,65:1202,72:969,74:850,75:820,85:528,92:460,103:330,104:329,105:325,106:325,112:291,113:291,122:259,142:210,147:196,148:196,155:173,159:166,160:166,183:143,188:136,192:134,211:119,231:106,232:106,233:105,236:102	0	False	0
ecol-SAMN34375047	GP_unb_8	107:324	5	0.0	0.376968185760968	0.4623184434091532	GP_unb_18	127:237	4	0.0	0.49702341008473283	0.7763591192736389	5	-1.4931545959789783	9.30195689673756	0.11392970901579247	2:413688,12:139701,28:35231,29:34364,41:15539,44:11585,45:11355,46:11201,58:1917,63:1262,65:1202,72:969,74:850,75:820,85:528,92:460,103:330,104:329,105:325,106:325,112:291,113:291,122:259,123:258,142:210,147:196,148:196,155:173,159:166,160:166,161:164,175:151,183:143,188:136,192:134,201:130,211:119,231:106,232:106,233:105,236:102	0	False	0
ecol-SAMN34375047	GP_unb_8	107:324	5	0.0	0.376968185760968	0.4623184434091532	GP_unb_19	130:233	4	0.0	0.49105483505975644	1.1888053767257143	0	0	0	0		1	False	0
ecol-SAMN34375047	GP_unb_8	107:324	5	0.0	0.376968185760968	0.4623184434091532	GP_unb_20	132:223	5	0.0	0.41624278017758964	1.3296613938694186	5	-1.7266462489954555	10.394785598171088	0.11392970901579247	2:413688,12:139701,17:126231,27:37279,29:34364,41:15539,44:11585,45:11355,46:11201,58:1917,63:1262,65:1202,72:969,74:850,75:820,85:528,92:460,97:355,103:330,104:329,105:325,106:325,112:291,113:291,116:282,122:259,123:258,142:210,147:196,148:196,155:173,159:166,160:166,175:151,181:144,183:143,184:141,188:136,192:134,193:132,195:132,201:130,211:119,218:116,220:115,223:113,231:106,232:106,233:105,236:102	0	False	0
ecol-SAMN34375047	GP_unb_8	107:324	5	0.0	0.376968185760968	0.4623184434091532	GP_unb_21	133:223	5	0.0	0.408511360060988	1.1646307769027222	5	-1.7266462489954555	10.387054178054486	0.11392970901579247	2:413688,12:139701,17:126231,27:37279,29:34364,41:15539,44:11585,45:11355,46:11201,58:1917,63:1262,65:1202,72:969,74:850,75:820,85:528,92:460,97:355,103:330,104:329,105:325,106:325,112:291,113:291,116:282,122:259,123:258,142:210,147:196,148:196,155:173,159:166,160:166,175:151,181:144,183:143,184:141,188:136,192:134,193:132,195:132,201:130,211:119,218:116,220:115,223:113,231:106,232:106,233:105,236:102	0	False	0
ecol-SAMN34375047	GP_unb_8	107:324	5	0.0	0.376968185760968	0.4623184434091532	GP_unb_22	134:220	2	0.0	0.3968998665507588	1.2895650728472656	0	0	0	0		1	False	0
ecol-SAMN34375047	GP_unb_8	107:324	5	0.0	0.376968185760968	0.4623184434091532	GP_unb_23	135:219	5	0.0	0.44235904838689255	0.4623184434091532	5	-1.2352121117767263	9.171666014836353	0.07120971836047829	2:413688,12:139701,17:126231,27:37279,29:34364,44:11585,46:11201,54:3958,60:1383,62:1287,63:1262,65:1202,72:969,75:820,85:528,97:355,103:330,104:329,105:325,106:325,112:291,113:291,116:282,122:259,123:258,142:210,147:196,148:196,155:173,159:166,160:166,175:151,183:143,188:136,192:134,201:130,211:119,231:106,232:106,233:105,236:102	0	False	0
ecol-SAMN34375047	GP_unb_8	107:324	5	0.0	0.376968185760968	0.4623184434091532	GP_unb_24	140:211	5	0.0	0.1675830139114065	1.0746038663186412	0	0	0	0		1	False	0
ecol-SAMN34375047	GP_unb_8	107:324	5	0.0	0.376968185760968	0.4623184434091532	GP_unb_25	141:211	5	0.0	0.47333547992256597	1.0955572827048956	0	0	0	0		1	False	0
ecol-SAMN34375047	GP_unb_8	107:324	5	0.0	0.376968185760968	0.4623184434091532	GP_unb_26	143:208	5	0.0	0.475990418465596	1.0334472952392078	0	0	0	0		1	False	0
ecol-SAMN34375047	GP_unb_8	107:324	5	0.0	0.376968185760968	0.4623184434091532	GP_unb_27	144:208	5	0.0	0.48221642619736504	0.8881615892968656	0	0	0	0		1	False	0
ecol-SAMN34375047	GP_unb_8	107:324	5	0.0	0.376968185760968	0.4623184434091532	GP_unb_28	151:186	5	0.0	0.49126754067499323	0.6284497436980264	5	0.0	1.1299281809547042	0.46231844340945827	142:210	0	False	0
ecol-SAMN34375047	GP_unb_8	107:324	5	0.0	0.376968185760968	0.4623184434091532	GP_unb_29	157:168	5	0.0	0.4796988348830612	1.2973866633122033	5	-1.4524704375894435	8.548573171625222	0.11392970901579247	5:245627,12:139701,14:134225,17:126231,25:55987,29:34364,40:16232,41:15539,44:11585,45:11355,46:11201,58:1917,59:1577,61:1318,63:1262,65:1202,72:969,74:850,75:820,76:817,85:528,92:460,103:330,104:329,105:325,106:325,112:291,113:291,116:282,122:259,123:258,142:210,147:196,148:196,153:181,155:173,159:166,160:166,174:151,175:151,178:148,183:143,188:136,192:134,201:130,205:128,211:119,231:106,232:106,233:105,236:102	0	False	0
ecol-SAMN34375047	GP_unb_8	107:324	5	0.0	0.376968185760968	0.4623184434091532	GP_unb_30	166:160	4	0.0	0.21507936407806172	1.0429356347348702	0	0	0	0		1	False	0
ecol-SAMN34375047	GP_unb_8	107:324	5	0.0	0.376968185760968	0.4623184434091532	GP_unb_31	167:160	5	0.0	0.4989549680172808	1.0394808368787318	0	0	0	0		1	False	0
ecol-SAMN34375047	GP_unb_8	107:324	5	0.0	0.376968185760968	0.4623184434091532	GP_unb_32	170:156	5	0.0	0.489610564409944	0.8857580563280307	0	0	0	0		1	False	0
ecol-SAMN34375047	GP_unb_8	107:324	5	0.0	0.376968185760968	0.4623184434091532	GP_unb_33	171:156	5	0.0	0.3302439589820926	1.0954135199852644	0	0	0	0		1	False	0
ecol-SAMN34375047	GP_unb_8	107:324	5	0.0	0.376968185760968	0.4623184434091532	GP_unb_34	172:153	5	0.0	0.453655333245074	1.1118114551932035	5	-1.4464837280602405	9.812465720960079	0.11392970901579247	2:413688,12:139701,17:126231,29:34364,37:19914,41:15539,44:11585,45:11355,46:11201,58:1917,62:1287,63:1262,65:1202,71:975,72:969,74:850,75:820,85:528,92:460,103:330,104:329,105:325,106:325,112:291,113:291,116:282,122:259,123:258,142:210,147:196,148:196,155:173,159:166,160:166,175:151,183:143,188:136,192:134,201:130,211:119,231:106,232:106,233:105,236:102	0	False	0
ecol-SAMN34375047	GP_unb_8	107:324	5	0.0	0.376968185760968	0.4623184434091532	GP_unb_35	173:152	4	0.0	0.3937565651970263	2.0112943586610297	5	-1.3938093818299897	9.570876701128002	0.11392970901579247	2:413688,12:139701,17:126231,27:37279,29:34364,41:15539,43:13205,44:11585,45:11355,46:11201,54:3958,58:1917,63:1262,65:1202,72:969,74:850,75:820,77:754,85:528,92:460,97:355,103:330,104:329,105:325,106:325,112:291,113:291,116:282,122:259,123:258,142:210,147:196,148:196,155:173,159:166,160:166,175:151,183:143,188:136,192:134,201:130,211:119,231:106,232:106,233:105,236:102	0	False	0
ecol-SAMN34375047	GP_unb_8	107:324	5	0.0	0.376968185760968	0.4623184434091532	GP_unb_36	177:150	5	0.0	0.013632447912708234	7.32709163525601	5	-1.2162997155759314	9.236029664564478	0.11392970901579247	2:413688,12:139701,29:34364,41:15539,44:11585,45:11355,46:11201,58:1917,63:1262,65:1202,72:969,74:850,75:820,85:528,92:460,103:330,104:329,105:325,106:325,112:291,113:291,122:259,123:258,142:210,147:196,148:196,155:173,159:166,160:166,175:151,183:143,188:136,192:134,201:130,211:119,231:106,232:106,233:105,236:102	0	False	0
ecol-SAMN34375047	GP_unb_8	107:324	5	0.0	0.376968185760968	0.4623184434091532	GP_unb_37	219:116	4	0.0	0.4892892881834844	1.2391852247864898	0	0	0	0		1	False	0
ecol-SAMN34375047	GP_unb_8	107:324	5	0.0	0.376968185760968	0.4623184434091532	GP_unb_38	224:112	4	0.0	0.46294458785956616	2.1528467264779483	0	0	0	0		1	False	0
ecol-SAMN34375047	GP_unb_8	107:324	5	0.0	0.376968185760968	0.4623184434091532	GP_unb_39	228:109	4	0.0	0.49977650941861884	1.9011811005934705	5	-1.4587359071503474	7.602541135599987	0.11392970901579247	2:413688,17:126231,41:15539,45:11355,46:11201,54:3958,58:1917,63:1262,65:1202,67:1078,72:969,74:850,75:820,85:528,87:522,92:460,97:355,103:330,104:329,105:325,106:325,112:291,113:291,116:282,122:259,123:258,142:210,147:196,148:196,153:181,155:173,158:167,175:151,178:148,183:143,188:136,192:134,201:130,223:113,225:111,229:109,231:106,232:106,233:105,236:102	0	False	0
ecol-SAMN34375047	GP_unb_8	107:324	5	0.0	0.376968185760968	0.4623184434091532	GP_unb_40	230:109	5	0.0	0.488385559122413	1.9849049144387194	5	-1.5874045096098157	9.886983713851476	0.11392970901579247	2:413688,12:139701,17:126231,26:52304,27:37279,29:34364,41:15539,43:13205,44:11585,45:11355,46:11201,54:3958,58:1917,63:1262,65:1202,72:969,74:850,75:820,77:754,83:559,84:559,85:528,92:460,94:409,97:355,98:348,103:330,104:329,105:325,106:325,112:291,113:291,116:282,122:259,123:258,138:213,142:210,145:202,146:202,147:196,148:196,155:173,159:166,160:166,175:151,183:143,186:140,188:136,192:134,201:130,211:119,215:118,231:106,232:106,233:105,236:102	0	False	0
ecol-SAMN34375047	GP_unb_9	108:313	5	0.0	0.36179865744668616	0.9670289187695708	GP_unb_10	110:305	4	0.0	0.49104329456140383	1.1868421170857502	0	0	0	0		1	False	0
ecol-SAMN34375047	GP_unb_9	108:313	5	0.0	0.36179865744668616	0.9670289187695708	GP_unb_11	111:294	4	0.0	0.49389668248310037	0.9541711405325513	0	0	0	0		1	False	0
ecol-SAMN34375047	GP_unb_9	108:313	5	0.0	0.36179865744668616	0.9670289187695708	GP_unb_12	114:288	5	0.0	0.44667937818249115	1.016564160852513	0	0	0	0		1	False	0
ecol-SAMN34375047	GP_unb_9	108:313	5	0.0	0.36179865744668616	0.9670289187695708	GP_unb_13	117:281	4	0.0	0.423083698972579	0.8502935904289971	0	0	0	0		1	False	0
ecol-SAMN34375047	GP_unb_9	108:313	5	0.0	0.36179865744668616	0.9670289187695708	GP_unb_14	118:274	5	0.0	0.4979322478388736	0.5418957070443323	0	0	0	0		1	False	0
ecol-SAMN34375047	GP_unb_9	108:313	5	0.0	0.36179865744668616	0.9670289187695708	GP_unb_15	119:273	5	0.0	0.48372980043610203	0.970762256894995	0	0	0	0		1	False	0
ecol-SAMN34375047	GP_unb_9	108:313	5	0.0	0.36179865744668616	0.9670289187695708	GP_unb_16	121:265	4	0.0	0.1058561025785324	4.618422294003747	0	0	0	0		1	False	0
ecol-SAMN34375047	GP_unb_9	108:313	5	0.0	0.36179865744668616	0.9670289187695708	GP_unb_17	124:253	4	0.0	0.178215563310269	1.152918607837764	0	0	0	0		1	False	0
ecol-SAMN34375047	GP_unb_9	108:313	5	0.0	0.36179865744668616	0.9670289187695708	GP_unb_18	127:237	4	0.0	0.49702341008473283	0.7763591192736389	0	0	0	0		1	False	0
ecol-SAMN34375047	GP_unb_9	108:313	5	0.0	0.36179865744668616	0.9670289187695708	GP_unb_19	130:233	4	0.0	0.49105483505975644	1.1888053767257143	0	0	0	0		1	False	0
ecol-SAMN34375047	GP_unb_9	108:313	5	0.0	0.36179865744668616	0.9670289187695708	GP_unb_20	132:223	5	0.0	0.41624278017758964	1.3296613938694186	0	0	0	0		1	False	0
ecol-SAMN34375047	GP_unb_9	108:313	5	0.0	0.36179865744668616	0.9670289187695708	GP_unb_21	133:223	5	0.0	0.408511360060988	1.1646307769027222	0	0	0	0		1	False	0
ecol-SAMN34375047	GP_unb_9	108:313	5	0.0	0.36179865744668616	0.9670289187695708	GP_unb_22	134:220	2	0.0	0.3968998665507588	1.2895650728472656	0	0	0	0		1	False	0
ecol-SAMN34375047	GP_unb_9	108:313	5	0.0	0.36179865744668616	0.9670289187695708	GP_unb_23	135:219	5	0.0	0.44235904838689255	0.4623184434091532	0	0	0	0		1	False	0
ecol-SAMN34375047	GP_unb_9	108:313	5	0.0	0.36179865744668616	0.9670289187695708	GP_unb_24	140:211	5	0.0	0.1675830139114065	1.0746038663186412	5	0.0	0.3310014335337404	0.9670289187688468	109:313,164:161,180:145	0	False	0
ecol-SAMN34375047	GP_unb_9	108:313	5	0.0	0.36179865744668616	0.9670289187695708	GP_unb_25	141:211	5	0.0	0.47333547992256597	1.0955572827048956	5	0.0	0.6367538995448999	0.9670289187688468	109:313,164:161,180:145	0	False	0
ecol-SAMN34375047	GP_unb_9	108:313	5	0.0	0.36179865744668616	0.9670289187695708	GP_unb_26	143:208	5	0.0	0.475990418465596	1.0334472952392078	0	0	0	0		1	False	0
ecol-SAMN34375047	GP_unb_9	108:313	5	0.0	0.36179865744668616	0.9670289187695708	GP_unb_27	144:208	5	0.0	0.48221642619736504	0.8881615892968656	0	0	0	0		1	False	0
ecol-SAMN34375047	GP_unb_9	108:313	5	0.0	0.36179865744668616	0.9670289187695708	GP_unb_28	151:186	5	0.0	0.49126754067499323	0.6284497436980264	0	0	0	0		1	False	0
ecol-SAMN34375047	GP_unb_9	108:313	5	0.0	0.36179865744668616	0.9670289187695708	GP_unb_29	157:168	5	0.0	0.4796988348830612	1.2973866633122033	0	0	0	0		1	False	0
ecol-SAMN34375047	GP_unb_9	108:313	5	0.0	0.36179865744668616	0.9670289187695708	GP_unb_30	166:160	4	0.0	0.21507936407806172	1.0429356347348702	0	0	0	0		1	False	0
ecol-SAMN34375047	GP_unb_9	108:313	5	0.0	0.36179865744668616	0.9670289187695708	GP_unb_31	167:160	5	0.0	0.4989549680172808	1.0394808368787318	0	0	0	0		1	False	0
ecol-SAMN34375047	GP_unb_9	108:313	5	0.0	0.36179865744668616	0.9670289187695708	GP_unb_32	170:156	5	0.0	0.489610564409944	0.8857580563280307	5	0.0	1.3513878486586242	0.8857580563271767	180:145	0	False	0
ecol-SAMN34375047	GP_unb_9	108:313	5	0.0	0.36179865744668616	0.9670289187695708	GP_unb_33	171:156	5	0.0	0.3302439589820926	1.0954135199852644	5	0.0	1.1920212432307729	0.9670289187688468	180:145	0	False	0
ecol-SAMN34375047	GP_unb_9	108:313	5	0.0	0.36179865744668616	0.9670289187695708	GP_unb_34	172:153	5	0.0	0.453655333245074	1.1118114551932035	0	0	0	0		1	False	0
ecol-SAMN34375047	GP_unb_9	108:313	5	0.0	0.36179865744668616	0.9670289187695708	GP_unb_35	173:152	4	0.0	0.3937565651970263	2.0112943586610297	0	0	0	0		1	False	0
ecol-SAMN34375047	GP_unb_9	108:313	5	0.0	0.36179865744668616	0.9670289187695708	GP_unb_36	177:150	5	0.0	0.013632447912708234	7.32709163525601	0	0	0	0		1	False	0
ecol-SAMN34375047	GP_unb_9	108:313	5	0.0	0.36179865744668616	0.9670289187695708	GP_unb_37	219:116	4	0.0	0.4892892881834844	1.2391852247864898	0	0	0	0		1	False	0
ecol-SAMN34375047	GP_unb_9	108:313	5	0.0	0.36179865744668616	0.9670289187695708	GP_unb_38	224:112	4	0.0	0.46294458785956616	2.1528467264779483	0	0	0	0		1	False	0
ecol-SAMN34375047	GP_unb_9	108:313	5	0.0	0.36179865744668616	0.9670289187695708	GP_unb_39	228:109	4	0.0	0.49977650941861884	1.9011811005934705	0	0	0	0		1	False	0
ecol-SAMN34375047	GP_unb_9	108:313	5	0.0	0.36179865744668616	0.9670289187695708	GP_unb_40	230:109	5	0.0	0.488385559122413	1.9849049144387194	0	0	0	0		1	False	0
ecol-SAMN34375047	GP_unb_10	110:305	4	0.0	0.49104329456140383	1.1868421170857502	GP_unb_11	111:294	4	0.0	0.49389668248310037	0.9541711405325513	5	-1.6805331850480298	6.826428777230327	0.11392970902124921	2:413688,28:35231,29:34364,41:15539,45:11355,46:11201,58:1917,63:1262,65:1202,74:850,75:820,85:528,92:460,103:330,104:329,105:325,106:325,112:291,113:291,115:285,122:259,123:258,147:196,148:196,150:186,155:173,161:164,175:151,183:143,188:136,192:134,201:130,231:106,232:106,233:105,236:102	0	False	0
ecol-SAMN34375047	GP_unb_10	110:305	4	0.0	0.49104329456140383	1.1868421170857502	GP_unb_12	114:288	5	0.0	0.44667937818249115	1.016564160852513	5	-1.63732645007816	7.3330883739919	0.11392970901579247	2:413688,17:126231,29:34364,37:19914,41:15539,45:11355,46:11201,58:1917,62:1287,63:1262,65:1202,71:975,74:850,75:820,85:528,92:460,103:330,104:329,105:325,106:325,112:291,113:291,115:285,116:282,122:259,123:258,147:196,148:196,150:186,155:173,175:151,183:143,188:136,192:134,201:130,231:106,232:106,233:105,236:102	0	False	0
ecol-SAMN34375047	GP_unb_10	110:305	4	0.0	0.49104329456140383	1.1868421170857502	GP_unb_13	117:281	4	0.0	0.423083698972579	0.8502935904289971	5	-1.6682364486365486	6.755615793719806	0.11392970901594608	2:413688,28:35231,29:34364,41:15539,45:11355,46:11201,58:1917,63:1262,65:1202,74:850,75:820,85:528,92:460,103:330,104:329,105:325,106:325,112:291,113:291,115:285,122:259,123:258,147:196,148:196,150:186,155:173,161:164,175:151,183:143,188:136,192:134,201:130,231:106,232:106,233:105,236:102	0	False	0
ecol-SAMN34375047	GP_unb_10	110:305	4	0.0	0.49104329456140383	1.1868421170857502	GP_unb_14	118:274	5	0.0	0.4979322478388736	0.5418957070443323	0	0	0	0		1	False	0
ecol-SAMN34375047	GP_unb_10	110:305	4	0.0	0.49104329456140383	1.1868421170857502	GP_unb_15	119:273	5	0.0	0.48372980043610203	0.970762256894995	5	-1.5551059795865627	6.838154349923453	0.11392970901579247	2:413688,17:126231,27:37279,29:34364,41:15539,45:11355,46:11201,58:1917,63:1262,65:1202,72:969,74:850,75:820,85:528,92:460,97:355,103:330,104:329,105:325,106:325,112:291,113:291,115:285,116:282,122:259,123:258,147:196,148:196,150:186,155:173,175:151,183:143,188:136,192:134,201:130,223:113,231:106,232:106,233:105,236:102	0	False	0
ecol-SAMN34375047	GP_unb_10	110:305	4	0.0	0.49104329456140383	1.1868421170857502	GP_unb_16	121:265	4	0.0	0.1058561025785324	4.618422294003747	5	-1.9431902115036221	6.996068847931641	0.11392970901619368	12:139701,14:134225,17:126231,25:55987,27:37279,29:34364,40:16232,41:15539,44:11585,45:11355,46:11201,58:1917,59:1577,61:1318,63:1262,65:1202,72:969,74:850,75:820,76:817,85:528,92:460,97:355,103:330,104:329,105:325,106:325,112:291,113:291,115:285,116:282,122:259,123:258,147:196,148:196,150:186,155:173,159:166,160:166,175:151,183:143,188:136,192:134,201:130,205:128,211:119,223:113,231:106,232:106,233:105,236:102	0	False	0
ecol-SAMN34375047	GP_unb_10	110:305	4	0.0	0.49104329456140383	1.1868421170857502	GP_unb_17	124:253	4	0.0	0.178215563310269	1.152918607837764	5	-1.1284991608876065	6.446353864572414	0.11392970901579247	2:413688,29:34364,41:15539,45:11355,46:11201,58:1917,63:1262,65:1202,74:850,75:820,85:528,92:460,103:330,104:329,105:325,106:325,112:291,113:291,115:285,122:259,147:196,148:196,150:186,155:173,183:143,188:136,192:134,231:106,232:106,233:105,236:102	0	False	0
ecol-SAMN34375047	GP_unb_10	110:305	4	0.0	0.49104329456140383	1.1868421170857502	GP_unb_18	127:237	4	0.0	0.49702341008473283	0.7763591192736389	5	-1.683997317996898	6.82955550483196	0.11392970901578325	2:413688,28:35231,29:34364,41:15539,45:11355,46:11201,58:1917,63:1262,65:1202,74:850,75:820,85:528,92:460,103:330,104:329,105:325,106:325,112:291,113:291,115:285,122:259,123:258,147:196,148:196,150:186,155:173,161:164,175:151,183:143,188:136,192:134,201:130,231:106,232:106,233:105,236:102	0	False	0
ecol-SAMN34375047	GP_unb_10	110:305	4	0.0	0.49104329456140383	1.1868421170857502	GP_unb_19	130:233	4	0.0	0.49105483505975644	1.1888053767257143	4	0.0	0.9820981296211603	1.186842117085689		0	False	0
ecol-SAMN34375047	GP_unb_10	110:305	4	0.0	0.49104329456140383	1.1868421170857502	GP_unb_20	132:223	5	0.0	0.41624278017758964	1.3296613938694186	5	-2.05927526765664	9.319552790726961	0.11392970901595337	2:413688,17:126231,27:37279,29:34364,41:15539,44:11585,45:11355,46:11201,58:1917,63:1262,65:1202,72:969,74:850,75:820,85:528,92:460,97:355,103:330,104:329,105:325,106:325,112:291,113:291,115:285,116:282,122:259,123:258,147:196,148:196,150:186,155:173,159:166,175:151,181:144,183:143,184:141,188:136,192:134,193:132,195:132,201:130,211:119,218:116,220:115,223:113,231:106,232:106,233:105,236:102	0	False	0
ecol-SAMN34375047	GP_unb_10	110:305	4	0.0	0.49104329456140383	1.1868421170857502	GP_unb_21	133:223	5	0.0	0.408511360060988	1.1646307769027222	5	-2.05927526765664	9.311821370610362	0.11392970901579336	2:413688,17:126231,27:37279,29:34364,41:15539,44:11585,45:11355,46:11201,58:1917,63:1262,65:1202,72:969,74:850,75:820,85:528,92:460,97:355,103:330,104:329,105:325,106:325,112:291,113:291,115:285,116:282,122:259,123:258,147:196,148:196,150:186,155:173,159:166,175:151,181:144,183:143,184:141,188:136,192:134,193:132,195:132,201:130,211:119,218:116,220:115,223:113,231:106,232:106,233:105,236:102	0	False	0
ecol-SAMN34375047	GP_unb_10	110:305	4	0.0	0.49104329456140383	1.1868421170857502	GP_unb_22	134:220	2	0.0	0.3968998665507588	1.2895650728472656	0	0	0	0		1	False	0
ecol-SAMN34375047	GP_unb_10	110:305	4	0.0	0.49104329456140383	1.1868421170857502	GP_unb_23	135:219	5	0.0	0.44235904838689255	0.4623184434091532	5	-1.4260548337946457	6.699264622930753	0.07120971836047829	2:413688,17:126231,27:37279,29:34364,46:11201,54:3958,60:1383,62:1287,63:1262,65:1202,75:820,85:528,97:355,103:330,104:329,105:325,106:325,112:291,113:291,115:285,116:282,122:259,123:258,147:196,148:196,150:186,155:173,175:151,183:143,188:136,192:134,201:130,231:106,232:106,233:105,236:102	0	False	0
ecol-SAMN34375047	GP_unb_10	110:305	4	0.0	0.49104329456140383	1.1868421170857502	GP_unb_24	140:211	5	0.0	0.1675830139114065	1.0746038663186412	0	0	0	0		1	False	0
ecol-SAMN34375047	GP_unb_10	110:305	4	0.0	0.49104329456140383	1.1868421170857502	GP_unb_25	141:211	5	0.0	0.47333547992256597	1.0955572827048956	0	0	0	0		1	False	0
ecol-SAMN34375047	GP_unb_10	110:305	4	0.0	0.49104329456140383	1.1868421170857502	GP_unb_26	143:208	5	0.0	0.475990418465596	1.0334472952392078	0	0	0	0		1	False	0
ecol-SAMN34375047	GP_unb_10	110:305	4	0.0	0.49104329456140383	1.1868421170857502	GP_unb_27	144:208	5	0.0	0.48221642619736504	0.8881615892968656	0	0	0	0		1	False	0
ecol-SAMN34375047	GP_unb_10	110:305	4	0.0	0.49104329456140383	1.1868421170857502	GP_unb_28	151:186	5	0.0	0.49126754067499323	0.6284497436980264	5	-1.5551059795865627	7.107384544681087	0.11392970901579247	2:413688,17:126231,27:37279,29:34364,41:15539,45:11355,46:11201,58:1917,63:1262,65:1202,72:969,74:850,75:820,85:528,92:460,97:355,103:330,104:329,105:325,106:325,112:291,113:291,115:285,116:282,122:259,123:258,142:210,147:196,148:196,150:186,155:173,175:151,183:143,188:136,192:134,201:130,223:113,231:106,232:106,233:105,236:102	0	False	0
ecol-SAMN34375047	GP_unb_10	110:305	4	0.0	0.49104329456140383	1.1868421170857502	GP_unb_29	157:168	5	0.0	0.4796988348830612	1.2973866633122033	5	-1.9013490722015753	6.78765283792905	0.11392970901579247	5:245627,12:139701,14:134225,17:126231,25:55987,27:37279,29:34364,40:16232,41:15539,44:11585,45:11355,46:11201,58:1917,59:1577,61:1318,63:1262,65:1202,72:969,74:850,75:820,76:817,85:528,92:460,97:355,103:330,104:329,105:325,106:325,112:291,113:291,115:285,116:282,122:259,123:258,147:196,148:196,150:186,155:173,159:166,160:166,174:151,175:151,183:143,188:136,192:134,201:130,205:128,211:119,223:113,231:106,232:106,233:105,236:102	0	False	0
ecol-SAMN34375047	GP_unb_10	110:305	4	0.0	0.49104329456140383	1.1868421170857502	GP_unb_30	166:160	4	0.0	0.21507936407806172	1.0429356347348702	0	0	0	0		1	False	0
ecol-SAMN34375047	GP_unb_10	110:305	4	0.0	0.49104329456140383	1.1868421170857502	GP_unb_31	167:160	5	0.0	0.4989549680172808	1.0394808368787318	0	0	0	0		1	False	0
ecol-SAMN34375047	GP_unb_10	110:305	4	0.0	0.49104329456140383	1.1868421170857502	GP_unb_32	170:156	5	0.0	0.489610564409944	0.8857580563280307	0	0	0	0		1	False	0
ecol-SAMN34375047	GP_unb_10	110:305	4	0.0	0.49104329456140383	1.1868421170857502	GP_unb_33	171:156	5	0.0	0.3302439589820926	1.0954135199852644	0	0	0	0		1	False	0
ecol-SAMN34375047	GP_unb_10	110:305	4	0.0	0.49104329456140383	1.1868421170857502	GP_unb_34	172:153	5	0.0	0.453655333245074	1.1118114551932035	5	-1.63732645007816	7.340064329054481	0.11392970901579247	2:413688,17:126231,29:34364,37:19914,41:15539,45:11355,46:11201,58:1917,62:1287,63:1262,65:1202,71:975,74:850,75:820,85:528,92:460,103:330,104:329,105:325,106:325,112:291,113:291,115:285,116:282,122:259,123:258,147:196,148:196,150:186,155:173,175:151,183:143,188:136,192:134,201:130,231:106,232:106,233:105,236:102	0	False	0
ecol-SAMN34375047	GP_unb_10	110:305	4	0.0	0.49104329456140383	1.1868421170857502	GP_unb_35	173:152	4	0.0	0.3937565651970263	2.0112943586610297	5	-1.5846521038479093	7.098475309222404	0.11392970901579247	2:413688,17:126231,27:37279,29:34364,41:15539,43:13205,45:11355,46:11201,54:3958,58:1917,63:1262,65:1202,74:850,75:820,77:754,85:528,92:460,97:355,103:330,104:329,105:325,106:325,112:291,113:291,115:285,116:282,122:259,123:258,147:196,148:196,150:186,155:173,175:151,183:143,188:136,192:134,201:130,231:106,232:106,233:105,236:102	0	False	0
ecol-SAMN34375047	GP_unb_10	110:305	4	0.0	0.49104329456140383	1.1868421170857502	GP_unb_36	177:150	5	0.0	0.013632447912708234	7.32709163525601	5	-1.407142437593851	6.76362827265888	0.11392970901579247	2:413688,29:34364,41:15539,45:11355,46:11201,58:1917,63:1262,65:1202,74:850,75:820,85:528,92:460,103:330,104:329,105:325,106:325,112:291,113:291,115:285,122:259,123:258,147:196,148:196,150:186,155:173,175:151,183:143,188:136,192:134,201:130,231:106,232:106,233:105,236:102	0	False	0
ecol-SAMN34375047	GP_unb_10	110:305	4	0.0	0.49104329456140383	1.1868421170857502	GP_unb_37	219:116	4	0.0	0.4892892881834844	1.2391852247864898	0	0	0	0		1	False	0
ecol-SAMN34375047	GP_unb_10	110:305	4	0.0	0.49104329456140383	1.1868421170857502	GP_unb_38	224:112	4	0.0	0.46294458785956616	2.1528467264779483	0	0	0	0		1	False	0
ecol-SAMN34375047	GP_unb_10	110:305	4	0.0	0.49104329456140383	1.1868421170857502	GP_unb_39	228:109	4	0.0	0.49977650941861884	1.9011811005934705	5	-2.6033388153022576	6.4176019226684415	0.11392970901579247	8:200841,12:139701,14:134225,17:126231,20:105754,25:55987,40:16232,41:15539,44:11585,45:11355,46:11201,54:3958,58:1917,59:1577,61:1318,63:1262,65:1202,67:1078,72:969,74:850,75:820,76:817,85:528,87:522,92:460,97:355,103:330,104:329,105:325,106:325,112:291,113:291,115:285,116:282,122:259,123:258,147:196,148:196,149:190,150:186,153:181,155:173,158:167,159:166,160:166,175:151,176:150,178:148,183:143,188:136,192:134,201:130,205:128,207:126,211:119,223:113,225:111,229:109,231:106,232:106,233:105,236:102	0	False	0
ecol-SAMN34375047	GP_unb_10	110:305	4	0.0	0.49104329456140383	1.1868421170857502	GP_unb_40	230:109	5	0.0	0.488385559122413	1.9849049144387194	5	-1.7782472316277351	7.414582321945878	0.11392970901579247	2:413688,17:126231,26:52304,27:37279,29:34364,41:15539,43:13205,45:11355,46:11201,54:3958,58:1917,63:1262,65:1202,74:850,75:820,77:754,83:559,84:559,85:528,92:460,94:409,97:355,98:348,103:330,104:329,105:325,106:325,112:291,113:291,115:285,116:282,122:259,123:258,138:213,145:202,146:202,147:196,148:196,150:186,155:173,175:151,183:143,186:140,188:136,192:134,201:130,215:118,231:106,232:106,233:105,236:102	0	False	0
ecol-SAMN34375047	GP_unb_11	111:294	4	0.0	0.49389668248310037	0.9541711405325513	GP_unb_12	114:288	5	0.0	0.44667937818249115	1.016564160852513	5	-1.6964325520429524	9.118670330781116	0.11392970901579247	2:413688,12:139701,27:37279,28:35231,29:34364,37:19914,41:15539,44:11585,45:11355,46:11201,58:1917,62:1287,63:1262,65:1202,71:975,72:969,74:850,75:820,85:528,92:460,97:355,103:330,104:329,105:325,106:325,112:291,113:291,116:282,122:259,123:258,147:196,148:196,155:173,159:166,160:166,161:164,175:151,183:143,188:136,192:134,201:130,211:119,223:113,231:106,232:106,233:105,236:102	0	False	0
ecol-SAMN34375047	GP_unb_11	111:294	4	0.0	0.49389668248310037	0.9541711405325513	GP_unb_13	117:281	4	0.0	0.423083698972579	0.8502935904289971	4	0.0	0.9935085128922301	0.8502935904289188	161:164	0	False	0
ecol-SAMN34375047	GP_unb_11	111:294	4	0.0	0.49389668248310037	0.9541711405325513	GP_unb_14	118:274	5	0.0	0.4979322478388736	0.5418957070443323	0	0	0	0		1	False	0
ecol-SAMN34375047	GP_unb_11	111:294	4	0.0	0.49389668248310037	0.9541711405325513	GP_unb_15	119:273	5	0.0	0.48372980043610203	0.970762256894995	5	-1.4896904630301102	9.143899329292319	0.11392970901579247	2:413688,12:139701,28:35231,29:34364,41:15539,44:11585,45:11355,46:11201,58:1917,63:1262,65:1202,72:969,74:850,75:820,85:528,92:460,103:330,104:329,105:325,106:325,112:291,113:291,122:259,123:258,147:196,148:196,155:173,159:166,160:166,161:164,175:151,183:143,188:136,192:134,201:130,211:119,231:106,232:106,233:105,236:102	0	False	0
ecol-SAMN34375047	GP_unb_11	111:294	4	0.0	0.49389668248310037	0.9541711405325513	GP_unb_16	121:265	4	0.0	0.1058561025785324	4.618422294003747	5	-1.831998441591863	8.129831085464984	0.11392970901579247	12:139701,14:134225,25:55987,28:35231,29:34364,37:19914,40:16232,41:15539,44:11585,45:11355,46:11201,54:3958,58:1917,59:1577,61:1318,63:1262,65:1202,72:969,74:850,75:820,76:817,85:528,92:460,97:355,103:330,104:329,105:325,106:325,112:291,113:291,116:282,122:259,123:258,147:196,148:196,153:181,155:173,159:166,160:166,161:164,175:151,178:148,183:143,188:136,192:134,201:130,205:128,211:119,223:113,231:106,232:106,233:105,236:102	0	False	0
ecol-SAMN34375047	GP_unb_11	111:294	4	0.0	0.49389668248310037	0.9541711405325513	GP_unb_17	124:253	4	0.0	0.178215563310269	1.152918607837764	5	-1.4693967835343447	8.230922112667566	0.11392970901579247	2:413688,12:139701,17:126231,27:37279,28:35231,29:34364,41:15539,44:11585,45:11355,46:11201,58:1917,63:1262,65:1202,72:969,74:850,75:820,85:528,92:460,97:355,103:330,104:329,105:325,106:325,112:291,113:291,116:282,122:259,147:196,148:196,155:173,159:166,160:166,161:164,183:143,188:136,192:134,201:130,211:119,223:113,231:106,232:106,233:105,236:102	0	False	0
ecol-SAMN34375047	GP_unb_11	111:294	4	0.0	0.49389668248310037	0.9541711405325513	GP_unb_18	127:237	4	0.0	0.49702341008473283	0.7763591192736389	4	0.0	1.0674482240043839	0.7763591192742751	161:164	0	False	0
ecol-SAMN34375047	GP_unb_11	111:294	4	0.0	0.49389668248310037	0.9541711405325513	GP_unb_19	130:233	4	0.0	0.49105483505975644	1.1888053767257143	0	0	0	0		1	False	0
ecol-SAMN34375047	GP_unb_11	111:294	4	0.0	0.49389668248310037	0.9541711405325513	GP_unb_20	132:223	5	0.0	0.41624278017758964	1.3296613938694186	5	-1.8603454570272202	10.393653689306754	0.11392970901579247	2:413688,27:37279,28:35231,29:34364,41:15539,44:11585,45:11355,46:11201,58:1917,63:1262,65:1202,72:969,74:850,75:820,85:528,92:460,97:355,103:330,104:329,105:325,106:325,112:291,113:291,116:282,122:259,123:258,147:196,148:196,153:181,155:173,159:166,161:164,175:151,178:148,181:144,183:143,184:141,188:136,192:134,193:132,195:132,201:130,211:119,218:116,220:115,223:113,231:106,232:106,233:105,236:102	0	False	0
ecol-SAMN34375047	GP_unb_11	111:294	4	0.0	0.49389668248310037	0.9541711405325513	GP_unb_21	133:223	5	0.0	0.408511360060988	1.1646307769027222	5	-1.8603454570272202	10.385922269190152	0.11392970901579247	2:413688,27:37279,28:35231,29:34364,41:15539,44:11585,45:11355,46:11201,58:1917,63:1262,65:1202,72:969,74:850,75:820,85:528,92:460,97:355,103:330,104:329,105:325,106:325,112:291,113:291,116:282,122:259,123:258,147:196,148:196,153:181,155:173,159:166,161:164,175:151,178:148,181:144,183:143,184:141,188:136,192:134,193:132,195:132,201:130,211:119,218:116,220:115,223:113,231:106,232:106,233:105,236:102	0	False	0
ecol-SAMN34375047	GP_unb_11	111:294	4	0.0	0.49389668248310037	0.9541711405325513	GP_unb_22	134:220	2	0.0	0.3968998665507588	1.2895650728472656	0	0	0	0		1	False	0
ecol-SAMN34375047	GP_unb_11	111:294	4	0.0	0.49389668248310037	0.9541711405325513	GP_unb_23	135:219	5	0.0	0.44235904838689255	0.4623184434091532	5	-1.6964325520429524	9.41199152741648	0.07120971836047829	2:413688,12:139701,27:37279,28:35231,29:34364,37:19914,41:15539,44:11585,45:11355,46:11201,58:1917,60:1383,62:1287,63:1262,65:1202,71:975,72:969,74:850,75:820,85:528,92:460,97:355,103:330,104:329,105:325,106:325,112:291,113:291,116:282,122:259,123:258,147:196,148:196,155:173,159:166,160:166,161:164,175:151,183:143,188:136,192:134,201:130,211:119,223:113,231:106,232:106,233:105,236:102	0	False	0
ecol-SAMN34375047	GP_unb_11	111:294	4	0.0	0.49389668248310037	0.9541711405325513	GP_unb_24	140:211	5	0.0	0.1675830139114065	1.0746038663186412	0	0	0	0		1	False	0
ecol-SAMN34375047	GP_unb_11	111:294	4	0.0	0.49389668248310037	0.9541711405325513	GP_unb_25	141:211	5	0.0	0.47333547992256597	1.0955572827048956	0	0	0	0		1	False	0
ecol-SAMN34375047	GP_unb_11	111:294	4	0.0	0.49389668248310037	0.9541711405325513	GP_unb_26	143:208	5	0.0	0.475990418465596	1.0334472952392078	0	0	0	0		1	False	0
ecol-SAMN34375047	GP_unb_11	111:294	4	0.0	0.49389668248310037	0.9541711405325513	GP_unb_27	144:208	5	0.0	0.48221642619736504	0.8881615892968656	0	0	0	0		1	False	0
ecol-SAMN34375047	GP_unb_11	111:294	4	0.0	0.49389668248310037	0.9541711405325513	GP_unb_28	151:186	5	0.0	0.49126754067499323	0.6284497436980264	5	-1.4896904630301102	9.413129524049952	0.11392970901579247	2:413688,12:139701,28:35231,29:34364,41:15539,44:11585,45:11355,46:11201,58:1917,63:1262,65:1202,72:969,74:850,75:820,85:528,92:460,103:330,104:329,105:325,106:325,112:291,113:291,122:259,123:258,142:210,147:196,148:196,155:173,159:166,160:166,161:164,175:151,183:143,188:136,192:134,201:130,211:119,231:106,232:106,233:105,236:102	0	False	0
ecol-SAMN34375047	GP_unb_11	111:294	4	0.0	0.49389668248310037	0.9541711405325513	GP_unb_29	157:168	5	0.0	0.4796988348830612	1.2973866633122033	5	-1.790157302289816	7.921415075462393	0.11392970901579247	5:245627,12:139701,14:134225,25:55987,28:35231,29:34364,37:19914,40:16232,41:15539,44:11585,45:11355,46:11201,54:3958,58:1917,59:1577,61:1318,63:1262,65:1202,72:969,74:850,75:820,76:817,85:528,92:460,97:355,103:330,104:329,105:325,106:325,112:291,113:291,116:282,122:259,123:258,147:196,148:196,153:181,155:173,159:166,160:166,161:164,174:151,175:151,178:148,183:143,188:136,192:134,201:130,205:128,211:119,223:113,231:106,232:106,233:105,236:102	0	False	0
ecol-SAMN34375047	GP_unb_11	111:294	4	0.0	0.49389668248310037	0.9541711405325513	GP_unb_30	166:160	4	0.0	0.21507936407806172	1.0429356347348702	0	0	0	0		1	False	0
ecol-SAMN34375047	GP_unb_11	111:294	4	0.0	0.49389668248310037	0.9541711405325513	GP_unb_31	167:160	5	0.0	0.4989549680172808	1.0394808368787318	0	0	0	0		1	False	0
ecol-SAMN34375047	GP_unb_11	111:294	4	0.0	0.49389668248310037	0.9541711405325513	GP_unb_32	170:156	5	0.0	0.489610564409944	0.8857580563280307	0	0	0	0		1	False	0
ecol-SAMN34375047	GP_unb_11	111:294	4	0.0	0.49389668248310037	0.9541711405325513	GP_unb_33	171:156	5	0.0	0.3302439589820926	1.0954135199852644	0	0	0	0		1	False	0
ecol-SAMN34375047	GP_unb_11	111:294	4	0.0	0.49389668248310037	0.9541711405325513	GP_unb_34	172:153	5	0.0	0.453655333245074	1.1118114551932035	5	-1.6964325520429524	9.125646285843699	0.11392970901579247	2:413688,12:139701,27:37279,28:35231,29:34364,37:19914,41:15539,44:11585,45:11355,46:11201,58:1917,62:1287,63:1262,65:1202,71:975,72:969,74:850,75:820,85:528,92:460,97:355,103:330,104:329,105:325,106:325,112:291,113:291,116:282,122:259,123:258,147:196,148:196,155:173,159:166,160:166,161:164,175:151,183:143,188:136,192:134,201:130,211:119,223:113,231:106,232:106,233:105,236:102	0	False	0
ecol-SAMN34375047	GP_unb_11	111:294	4	0.0	0.49389668248310037	0.9541711405325513	GP_unb_35	173:152	4	0.0	0.3937565651970263	2.0112943586610297	5	-1.5970958220600397	8.097519525680244	0.11392970901579247	2:413688,12:139701,27:37279,28:35231,29:34364,37:19914,43:13205,44:11585,46:11201,58:1917,62:1287,63:1262,65:1202,71:975,72:969,75:820,77:754,85:528,97:355,103:330,104:329,105:325,106:325,112:291,113:291,116:282,122:259,123:258,147:196,148:196,155:173,159:166,160:166,161:164,175:151,183:143,188:136,192:134,201:130,211:119,223:113,231:106,232:106,233:105,236:102	0	False	0
ecol-SAMN34375047	GP_unb_11	111:294	4	0.0	0.49389668248310037	0.9541711405325513	GP_unb_36	177:150	5	0.0	0.013632447912708234	7.32709163525601	5	-1.5581529607233602	8.24177254418182	0.11392970901579247	2:413688,12:139701,27:37279,28:35231,29:34364,41:15539,44:11585,45:11355,46:11201,58:1917,63:1262,65:1202,72:969,74:850,75:820,85:528,92:460,97:355,103:330,104:329,105:325,106:325,112:291,113:291,116:282,122:259,123:258,147:196,148:196,153:181,155:173,159:166,160:166,161:164,175:151,183:143,188:136,192:134,201:130,211:119,223:113,231:106,232:106,233:105,236:102	0	False	0
ecol-SAMN34375047	GP_unb_11	111:294	4	0.0	0.49389668248310037	0.9541711405325513	GP_unb_37	219:116	4	0.0	0.4892892881834844	1.2391852247864898	0	0	0	0		1	False	0
ecol-SAMN34375047	GP_unb_11	111:294	4	0.0	0.49389668248310037	0.9541711405325513	GP_unb_38	224:112	4	0.0	0.46294458785956616	2.1528467264779483	0	0	0	0		1	False	0
ecol-SAMN34375047	GP_unb_11	111:294	4	0.0	0.49389668248310037	0.9541711405325513	GP_unb_39	228:109	4	0.0	0.49977650941861884	1.9011811005934705	5	-1.842199025206027	8.14736578127268	0.11392970901579247	2:413688,12:139701,28:35231,41:15539,44:11585,45:11355,46:11201,54:3958,58:1917,63:1262,65:1202,67:1078,72:969,74:850,75:820,85:528,87:522,92:460,97:355,103:330,104:329,105:325,106:325,112:291,113:291,122:259,123:258,147:196,148:196,155:173,158:167,159:166,160:166,161:164,175:151,183:143,188:136,192:134,201:130,211:119,223:113,225:111,229:109,231:106,232:106,233:105,236:102	0	False	0
ecol-SAMN34375047	GP_unb_11	111:294	4	0.0	0.49389668248310037	0.9541711405325513	GP_unb_40	230:109	5	0.0	0.488385559122413	1.9849049144387194	5	-1.7906909498398655	8.41362653840372	0.11392970901579247	2:413688,12:139701,26:52304,27:37279,28:35231,29:34364,37:19914,43:13205,44:11585,46:11201,58:1917,62:1287,63:1262,65:1202,71:975,72:969,75:820,77:754,83:559,84:559,85:528,94:409,97:355,98:348,103:330,104:329,105:325,106:325,112:291,113:291,116:282,122:259,123:258,138:213,145:202,146:202,147:196,148:196,155:173,159:166,160:166,161:164,175:151,183:143,186:140,188:136,192:134,201:130,211:119,215:118,223:113,231:106,232:106,233:105,236:102	0	False	0
ecol-SAMN34375047	GP_unb_12	114:288	5	0.0	0.44667937818249115	1.016564160852513	GP_unb_13	117:281	4	0.0	0.423083698972579	0.8502935904289971	5	-1.6841358156314712	9.047857347270595	0.11392970901579247	2:413688,12:139701,27:37279,28:35231,29:34364,37:19914,41:15539,44:11585,45:11355,46:11201,58:1917,62:1287,63:1262,65:1202,71:975,72:969,74:850,75:820,85:528,92:460,97:355,103:330,104:329,105:325,106:325,112:291,113:291,116:282,122:259,123:258,147:196,148:196,155:173,159:166,160:166,161:164,175:151,183:143,188:136,192:134,201:130,211:119,223:113,231:106,232:106,233:105,236:102	0	False	0
ecol-SAMN34375047	GP_unb_12	114:288	5	0.0	0.44667937818249115	1.016564160852513	GP_unb_14	118:274	5	0.0	0.4979322478388736	0.5418957070443323	0	0	0	0		1	False	0
ecol-SAMN34375047	GP_unb_12	114:288	5	0.0	0.44667937818249115	1.016564160852513	GP_unb_15	119:273	5	0.0	0.48372980043610203	0.970762256894995	5	-1.4464837280602405	9.650558926053888	0.11392970901579248	2:413688,12:139701,17:126231,29:34364,37:19914,41:15539,44:11585,45:11355,46:11201,58:1917,62:1287,63:1262,65:1202,71:975,72:969,74:850,75:820,85:528,92:460,103:330,104:329,105:325,106:325,112:291,113:291,116:282,122:259,123:258,147:196,148:196,155:173,159:166,160:166,175:151,183:143,188:136,192:134,201:130,211:119,231:106,232:106,233:105,236:102	0	False	0
ecol-SAMN34375047	GP_unb_12	114:288	5	0.0	0.44667937818249115	1.016564160852513	GP_unb_16	121:265	4	0.0	0.1058561025785324	4.618422294003747	5	-1.7072087095990842	8.442452574063612	0.11392970901579247	12:139701,14:134225,25:55987,27:37279,29:34364,36:27171,37:19914,40:16232,41:15539,44:11585,45:11355,46:11201,58:1917,59:1577,61:1318,62:1287,63:1262,65:1202,71:975,72:969,74:850,75:820,76:817,85:528,92:460,97:355,103:330,104:329,105:325,106:325,112:291,113:291,116:282,122:259,123:258,147:196,148:196,155:173,159:166,160:166,175:151,183:143,188:136,192:134,201:130,205:128,211:119,223:113,231:106,232:106,233:105,236:102	0	False	0
ecol-SAMN34375047	GP_unb_12	114:288	5	0.0	0.44667937818249115	1.016564160852513	GP_unb_17	124:253	4	0.0	0.178215563310269	1.152918607837764	5	-1.144398527882529	8.738595418123202	0.11392970901579247	2:413688,12:139701,27:37279,29:34364,37:19914,41:15539,44:11585,45:11355,46:11201,58:1917,62:1287,63:1262,65:1202,71:975,72:969,74:850,75:820,85:528,92:460,97:355,103:330,104:329,105:325,106:325,112:291,113:291,116:282,122:259,147:196,148:196,155:173,159:166,160:166,183:143,188:136,192:134,211:119,223:113,231:106,232:106,233:105,236:102	0	False	0
ecol-SAMN34375047	GP_unb_12	114:288	5	0.0	0.44667937818249115	1.016564160852513	GP_unb_18	127:237	4	0.0	0.49702341008473283	0.7763591192736389	5	-1.6998966849918205	9.121797058382748	0.11392970901579247	2:413688,12:139701,27:37279,28:35231,29:34364,37:19914,41:15539,44:11585,45:11355,46:11201,58:1917,62:1287,63:1262,65:1202,71:975,72:969,74:850,75:820,85:528,92:460,97:355,103:330,104:329,105:325,106:325,112:291,113:291,116:282,122:259,123:258,147:196,148:196,155:173,159:166,160:166,161:164,175:151,183:143,188:136,192:134,201:130,211:119,223:113,231:106,232:106,233:105,236:102	0	False	0
ecol-SAMN34375047	GP_unb_12	114:288	5	0.0	0.44667937818249115	1.016564160852513	GP_unb_19	130:233	4	0.0	0.49105483505975644	1.1888053767257143	0	0	0	0		1	False	0
ecol-SAMN34375047	GP_unb_12	114:288	5	0.0	0.44667937818249115	1.016564160852513	GP_unb_20	132:223	5	0.0	0.41624278017758964	1.3296613938694186	5	-1.8088667194870527	10.734788782395926	0.11392970901579247	2:413688,12:139701,17:126231,29:34364,37:19914,41:15539,44:11585,45:11355,46:11201,58:1917,62:1287,63:1262,65:1202,71:975,74:850,75:820,85:528,92:460,103:330,104:329,105:325,106:325,112:291,113:291,116:282,122:259,123:258,147:196,148:196,155:173,159:166,160:166,175:151,181:144,183:143,184:141,188:136,192:134,193:132,195:132,201:130,211:119,218:116,220:115,231:106,232:106,233:105,236:102	0	False	0
ecol-SAMN34375047	GP_unb_12	114:288	5	0.0	0.44667937818249115	1.016564160852513	GP_unb_21	133:223	5	0.0	0.408511360060988	1.1646307769027222	5	-1.8088667194870527	10.727057362279323	0.11392970901579247	2:413688,12:139701,17:126231,29:34364,37:19914,41:15539,44:11585,45:11355,46:11201,58:1917,62:1287,63:1262,65:1202,71:975,74:850,75:820,85:528,92:460,103:330,104:329,105:325,106:325,112:291,113:291,116:282,122:259,123:258,147:196,148:196,155:173,159:166,160:166,175:151,181:144,183:143,184:141,188:136,192:134,193:132,195:132,201:130,211:119,218:116,220:115,231:106,232:106,233:105,236:102	0	False	0
ecol-SAMN34375047	GP_unb_12	114:288	5	0.0	0.44667937818249115	1.016564160852513	GP_unb_22	134:220	2	0.0	0.3968998665507588	1.2895650728472656	0	0	0	0		1	False	0
ecol-SAMN34375047	GP_unb_12	114:288	5	0.0	0.44667937818249115	1.016564160852513	GP_unb_23	135:219	5	0.0	0.44235904838689255	0.4623184434091532	5	-1.3641791117948143	9.550104535843216	0.07120971836047829	2:413688,12:139701,17:126231,27:37279,29:34364,41:15539,44:11585,45:11355,46:11201,58:1917,60:1383,62:1287,63:1262,65:1202,72:969,74:850,75:820,85:528,92:460,97:355,103:330,104:329,105:325,106:325,112:291,113:291,116:282,122:259,123:258,147:196,148:196,155:173,159:166,160:166,175:151,183:143,188:136,192:134,201:130,211:119,223:113,231:106,232:106,233:105,236:102	0	False	0
ecol-SAMN34375047	GP_unb_12	114:288	5	0.0	0.44667937818249115	1.016564160852513	GP_unb_24	140:211	5	0.0	0.1675830139114065	1.0746038663186412	0	0	0	0		1	False	0
ecol-SAMN34375047	GP_unb_12	114:288	5	0.0	0.44667937818249115	1.016564160852513	GP_unb_25	141:211	5	0.0	0.47333547992256597	1.0955572827048956	0	0	0	0		1	False	0
ecol-SAMN34375047	GP_unb_12	114:288	5	0.0	0.44667937818249115	1.016564160852513	GP_unb_26	143:208	5	0.0	0.475990418465596	1.0334472952392078	0	0	0	0		1	False	0
ecol-SAMN34375047	GP_unb_12	114:288	5	0.0	0.44667937818249115	1.016564160852513	GP_unb_27	144:208	5	0.0	0.48221642619736504	0.8881615892968656	0	0	0	0		1	False	0
ecol-SAMN34375047	GP_unb_12	114:288	5	0.0	0.44667937818249115	1.016564160852513	GP_unb_28	151:186	5	0.0	0.49126754067499323	0.6284497436980264	5	-1.4464837280602405	9.91978912081152	0.11392970901579247	2:413688,12:139701,17:126231,29:34364,37:19914,41:15539,44:11585,45:11355,46:11201,58:1917,62:1287,63:1262,65:1202,71:975,72:969,74:850,75:820,85:528,92:460,103:330,104:329,105:325,106:325,112:291,113:291,116:282,122:259,123:258,142:210,147:196,148:196,155:173,159:166,160:166,175:151,183:143,188:136,192:134,201:130,211:119,231:106,232:106,233:105,236:102	0	False	0
ecol-SAMN34375047	GP_unb_12	114:288	5	0.0	0.44667937818249115	1.016564160852513	GP_unb_29	157:168	5	0.0	0.4796988348830612	1.2973866633122033	5	-1.6653675702970374	8.23403656406102	0.11392970901579247	5:245627,12:139701,14:134225,25:55987,27:37279,29:34364,36:27171,37:19914,40:16232,41:15539,44:11585,45:11355,46:11201,58:1917,59:1577,61:1318,62:1287,63:1262,65:1202,71:975,72:969,74:850,75:820,76:817,85:528,92:460,97:355,103:330,104:329,105:325,106:325,112:291,113:291,116:282,122:259,123:258,147:196,148:196,155:173,159:166,160:166,174:151,175:151,183:143,188:136,192:134,201:130,205:128,211:119,223:113,231:106,232:106,233:105,236:102	0	False	0
ecol-SAMN34375047	GP_unb_12	114:288	5	0.0	0.44667937818249115	1.016564160852513	GP_unb_30	166:160	4	0.0	0.21507936407806172	1.0429356347348702	0	0	0	0		1	False	0
ecol-SAMN34375047	GP_unb_12	114:288	5	0.0	0.44667937818249115	1.016564160852513	GP_unb_31	167:160	5	0.0	0.4989549680172808	1.0394808368787318	0	0	0	0		1	False	0
ecol-SAMN34375047	GP_unb_12	114:288	5	0.0	0.44667937818249115	1.016564160852513	GP_unb_32	170:156	5	0.0	0.489610564409944	0.8857580563280307	0	0	0	0		1	False	0
ecol-SAMN34375047	GP_unb_12	114:288	5	0.0	0.44667937818249115	1.016564160852513	GP_unb_33	171:156	5	0.0	0.3302439589820926	1.0954135199852644	0	0	0	0		1	False	0
ecol-SAMN34375047	GP_unb_12	114:288	5	0.0	0.44667937818249115	1.016564160852513	GP_unb_34	172:153	5	0.0	0.453655333245074	1.1118114551932035	5	-1.4429353609731121	9.225041568108479	0.11392970901579247	2:413688,12:139701,17:126231,27:37279,29:34364,41:15539,44:11585,46:11201,52:4173,58:1917,63:1262,65:1202,72:969,74:850,75:820,85:528,92:460,97:355,103:330,104:329,105:325,106:325,112:291,113:291,116:282,122:259,123:258,147:196,148:196,155:173,159:166,160:166,165:161,175:151,183:143,188:136,191:134,192:134,201:130,211:119,223:113,231:106,232:106,233:105,236:102	0	False	0
ecol-SAMN34375047	GP_unb_12	114:288	5	0.0	0.44667937818249115	1.016564160852513	GP_unb_35	173:152	4	0.0	0.3937565651970263	2.0112943586610297	5	-1.4816028102439704	8.842133487101476	0.11392970901579247	2:413688,12:139701,17:126231,27:37279,29:34364,43:13205,44:11585,45:11355,46:11201,52:4173,58:1917,63:1262,65:1202,72:969,74:850,75:820,77:754,85:528,92:460,97:355,103:330,104:329,105:325,106:325,112:291,113:291,116:282,122:259,123:258,147:196,148:196,155:173,159:166,160:166,165:161,175:151,183:143,188:136,191:134,192:134,201:130,211:119,223:113,231:106,232:106,233:105,236:102	0	False	0
ecol-SAMN34375047	GP_unb_12	114:288	5	0.0	0.44667937818249115	1.016564160852513	GP_unb_36	177:150	5	0.0	0.013632447912708234	7.32709163525601	5	-1.4230418045887736	9.055869826209667	0.11392970901579247	2:413688,12:139701,27:37279,29:34364,37:19914,41:15539,44:11585,45:11355,46:11201,58:1917,62:1287,63:1262,65:1202,71:975,72:969,74:850,75:820,85:528,92:460,97:355,103:330,104:329,105:325,106:325,112:291,113:291,116:282,122:259,123:258,147:196,148:196,155:173,159:166,160:166,175:151,183:143,188:136,192:134,201:130,211:119,223:113,231:106,232:106,233:105,236:102	0	False	0
ecol-SAMN34375047	GP_unb_12	114:288	5	0.0	0.44667937818249115	1.016564160852513	GP_unb_37	219:116	4	0.0	0.4892892881834844	1.2391852247864898	0	0	0	0		1	False	0
ecol-SAMN34375047	GP_unb_12	114:288	5	0.0	0.44667937818249115	1.016564160852513	GP_unb_38	224:112	4	0.0	0.46294458785956616	2.1528467264779483	0	0	0	0		1	False	0
ecol-SAMN34375047	GP_unb_12	114:288	5	0.0	0.44667937818249115	1.016564160852513	GP_unb_39	228:109	4	0.0	0.49977650941861884	1.9011811005934705	5	-1.7112542495184966	8.5943640390807	0.11392970901579247	2:413688,12:139701,17:126231,27:37279,41:15539,44:11585,45:11355,46:11201,58:1917,62:1287,63:1262,65:1202,67:1078,71:975,72:969,74:850,75:820,85:528,87:522,92:460,97:355,103:330,104:329,105:325,106:325,112:291,113:291,116:282,122:259,123:258,147:196,148:196,155:173,158:167,159:166,160:166,175:151,183:143,188:136,192:134,201:130,211:119,223:113,225:111,229:109,231:106,232:106,233:105,236:102	0	False	0
ecol-SAMN34375047	GP_unb_12	114:288	5	0.0	0.44667937818249115	1.016564160852513	GP_unb_40	230:109	5	0.0	0.488385559122413	1.9849049144387194	5	-1.6751979380237967	9.15824049982495	0.11392970901579244	2:413688,12:139701,17:126231,26:52304,27:37279,29:34364,43:13205,44:11585,45:11355,46:11201,52:4173,58:1917,63:1262,65:1202,72:969,74:850,75:820,77:754,83:559,84:559,85:528,92:460,94:409,97:355,98:348,103:330,104:329,105:325,106:325,112:291,113:291,116:282,122:259,123:258,138:213,145:202,146:202,147:196,148:196,155:173,159:166,160:166,165:161,175:151,183:143,186:140,188:136,191:134,192:134,201:130,211:119,215:118,223:113,231:106,232:106,233:105,236:102	0	False	0
ecol-SAMN34375047	GP_unb_13	117:281	4	0.0	0.423083698972579	0.8502935904289971	GP_unb_14	118:274	5	0.0	0.4979322478388736	0.5418957070443323	0	0	0	0		1	False	0
ecol-SAMN34375047	GP_unb_13	117:281	4	0.0	0.423083698972579	0.8502935904289971	GP_unb_15	119:273	5	0.0	0.48372980043610203	0.970762256894995	5	-1.477393726618629	9.073086345781798	0.11392970901579247	2:413688,12:139701,28:35231,29:34364,41:15539,44:11585,45:11355,46:11201,58:1917,63:1262,65:1202,72:969,74:850,75:820,85:528,92:460,103:330,104:329,105:325,106:325,112:291,113:291,122:259,123:258,147:196,148:196,155:173,159:166,160:166,161:164,175:151,183:143,188:136,192:134,201:130,211:119,231:106,232:106,233:105,236:102	0	False	0
ecol-SAMN34375047	GP_unb_13	117:281	4	0.0	0.423083698972579	0.8502935904289971	GP_unb_16	121:265	4	0.0	0.1058561025785324	4.618422294003747	5	-1.8197017051803819	8.059018101954463	0.11392970901579247	12:139701,14:134225,25:55987,28:35231,29:34364,37:19914,40:16232,41:15539,44:11585,45:11355,46:11201,54:3958,58:1917,59:1577,61:1318,63:1262,65:1202,72:969,74:850,75:820,76:817,85:528,92:460,97:355,103:330,104:329,105:325,106:325,112:291,113:291,116:282,122:259,123:258,147:196,148:196,153:181,155:173,159:166,160:166,161:164,175:151,178:148,183:143,188:136,192:134,201:130,205:128,211:119,223:113,231:106,232:106,233:105,236:102	0	False	0
ecol-SAMN34375047	GP_unb_13	117:281	4	0.0	0.423083698972579	0.8502935904289971	GP_unb_17	124:253	4	0.0	0.178215563310269	1.152918607837764	5	-1.4571000471228635	8.160109129157044	0.11392970901579247	2:413688,12:139701,17:126231,27:37279,28:35231,29:34364,41:15539,44:11585,45:11355,46:11201,58:1917,63:1262,65:1202,72:969,74:850,75:820,85:528,92:460,97:355,103:330,104:329,105:325,106:325,112:291,113:291,116:282,122:259,147:196,148:196,155:173,159:166,160:166,161:164,183:143,188:136,192:134,201:130,211:119,223:113,231:106,232:106,233:105,236:102	0	False	0
ecol-SAMN34375047	GP_unb_13	117:281	4	0.0	0.423083698972579	0.8502935904289971	GP_unb_18	127:237	4	0.0	0.49702341008473283	0.7763591192736389	4	0.0	0.9966352404938625	0.7763591192742751	161:164	0	False	0
ecol-SAMN34375047	GP_unb_13	117:281	4	0.0	0.423083698972579	0.8502935904289971	GP_unb_19	130:233	4	0.0	0.49105483505975644	1.1888053767257143	0	0	0	0		1	False	0
ecol-SAMN34375047	GP_unb_13	117:281	4	0.0	0.423083698972579	0.8502935904289971	GP_unb_20	132:223	5	0.0	0.41624278017758964	1.3296613938694186	5	-1.848048720615739	10.322840705796233	0.11392970901579247	2:413688,27:37279,28:35231,29:34364,41:15539,44:11585,45:11355,46:11201,58:1917,63:1262,65:1202,72:969,74:850,75:820,85:528,92:460,97:355,103:330,104:329,105:325,106:325,112:291,113:291,116:282,122:259,123:258,147:196,148:196,153:181,155:173,159:166,161:164,175:151,178:148,181:144,183:143,184:141,188:136,192:134,193:132,195:132,201:130,211:119,218:116,220:115,223:113,231:106,232:106,233:105,236:102	0	False	0
ecol-SAMN34375047	GP_unb_13	117:281	4	0.0	0.423083698972579	0.8502935904289971	GP_unb_21	133:223	5	0.0	0.408511360060988	1.1646307769027222	5	-1.848048720615739	10.31510928567963	0.11392970901579247	2:413688,27:37279,28:35231,29:34364,41:15539,44:11585,45:11355,46:11201,58:1917,63:1262,65:1202,72:969,74:850,75:820,85:528,92:460,97:355,103:330,104:329,105:325,106:325,112:291,113:291,116:282,122:259,123:258,147:196,148:196,153:181,155:173,159:166,161:164,175:151,178:148,181:144,183:143,184:141,188:136,192:134,193:132,195:132,201:130,211:119,218:116,220:115,223:113,231:106,232:106,233:105,236:102	0	False	0
ecol-SAMN34375047	GP_unb_13	117:281	4	0.0	0.423083698972579	0.8502935904289971	GP_unb_22	134:220	2	0.0	0.3968998665507588	1.2895650728472656	0	0	0	0		1	False	0
ecol-SAMN34375047	GP_unb_13	117:281	4	0.0	0.423083698972579	0.8502935904289971	GP_unb_23	135:219	5	0.0	0.44235904838689255	0.4623184434091532	5	-1.6841358156314712	9.34117854390596	0.07120971836047829	2:413688,12:139701,27:37279,28:35231,29:34364,37:19914,41:15539,44:11585,45:11355,46:11201,58:1917,60:1383,62:1287,63:1262,65:1202,71:975,72:969,74:850,75:820,85:528,92:460,97:355,103:330,104:329,105:325,106:325,112:291,113:291,116:282,122:259,123:258,147:196,148:196,155:173,159:166,160:166,161:164,175:151,183:143,188:136,192:134,201:130,211:119,223:113,231:106,232:106,233:105,236:102	0	False	0
ecol-SAMN34375047	GP_unb_13	117:281	4	0.0	0.423083698972579	0.8502935904289971	GP_unb_24	140:211	5	0.0	0.1675830139114065	1.0746038663186412	0	0	0	0		1	False	0
ecol-SAMN34375047	GP_unb_13	117:281	4	0.0	0.423083698972579	0.8502935904289971	GP_unb_25	141:211	5	0.0	0.47333547992256597	1.0955572827048956	0	0	0	0		1	False	0
ecol-SAMN34375047	GP_unb_13	117:281	4	0.0	0.423083698972579	0.8502935904289971	GP_unb_26	143:208	5	0.0	0.475990418465596	1.0334472952392078	0	0	0	0		1	False	0
ecol-SAMN34375047	GP_unb_13	117:281	4	0.0	0.423083698972579	0.8502935904289971	GP_unb_27	144:208	5	0.0	0.48221642619736504	0.8881615892968656	0	0	0	0		1	False	0
ecol-SAMN34375047	GP_unb_13	117:281	4	0.0	0.423083698972579	0.8502935904289971	GP_unb_28	151:186	5	0.0	0.49126754067499323	0.6284497436980264	5	-1.477393726618629	9.34231654053943	0.11392970901579247	2:413688,12:139701,28:35231,29:34364,41:15539,44:11585,45:11355,46:11201,58:1917,63:1262,65:1202,72:969,74:850,75:820,85:528,92:460,103:330,104:329,105:325,106:325,112:291,113:291,122:259,123:258,142:210,147:196,148:196,155:173,159:166,160:166,161:164,175:151,183:143,188:136,192:134,201:130,211:119,231:106,232:106,233:105,236:102	0	False	0
ecol-SAMN34375047	GP_unb_13	117:281	4	0.0	0.423083698972579	0.8502935904289971	GP_unb_29	157:168	5	0.0	0.4796988348830612	1.2973866633122033	5	-1.7778605658783349	7.850602091951872	0.11392970901579247	5:245627,12:139701,14:134225,25:55987,28:35231,29:34364,37:19914,40:16232,41:15539,44:11585,45:11355,46:11201,54:3958,58:1917,59:1577,61:1318,63:1262,65:1202,72:969,74:850,75:820,76:817,85:528,92:460,97:355,103:330,104:329,105:325,106:325,112:291,113:291,116:282,122:259,123:258,147:196,148:196,153:181,155:173,159:166,160:166,161:164,174:151,175:151,178:148,183:143,188:136,192:134,201:130,205:128,211:119,223:113,231:106,232:106,233:105,236:102	0	False	0
ecol-SAMN34375047	GP_unb_13	117:281	4	0.0	0.423083698972579	0.8502935904289971	GP_unb_30	166:160	4	0.0	0.21507936407806172	1.0429356347348702	0	0	0	0		1	False	0
ecol-SAMN34375047	GP_unb_13	117:281	4	0.0	0.423083698972579	0.8502935904289971	GP_unb_31	167:160	5	0.0	0.4989549680172808	1.0394808368787318	0	0	0	0		1	False	0
ecol-SAMN34375047	GP_unb_13	117:281	4	0.0	0.423083698972579	0.8502935904289971	GP_unb_32	170:156	5	0.0	0.489610564409944	0.8857580563280307	0	0	0	0		1	False	0
ecol-SAMN34375047	GP_unb_13	117:281	4	0.0	0.423083698972579	0.8502935904289971	GP_unb_33	171:156	5	0.0	0.3302439589820926	1.0954135199852644	0	0	0	0		1	False	0
ecol-SAMN34375047	GP_unb_13	117:281	4	0.0	0.423083698972579	0.8502935904289971	GP_unb_34	172:153	5	0.0	0.453655333245074	1.1118114551932035	5	-1.6841358156314712	9.054833302333178	0.11392970901579247	2:413688,12:139701,27:37279,28:35231,29:34364,37:19914,41:15539,44:11585,45:11355,46:11201,58:1917,62:1287,63:1262,65:1202,71:975,72:969,74:850,75:820,85:528,92:460,97:355,103:330,104:329,105:325,106:325,112:291,113:291,116:282,122:259,123:258,147:196,148:196,155:173,159:166,160:166,161:164,175:151,183:143,188:136,192:134,201:130,211:119,223:113,231:106,232:106,233:105,236:102	0	False	0
ecol-SAMN34375047	GP_unb_13	117:281	4	0.0	0.423083698972579	0.8502935904289971	GP_unb_35	173:152	4	0.0	0.3937565651970263	2.0112943586610297	5	-1.5847990856485585	8.026706542169723	0.11392970901579247	2:413688,12:139701,27:37279,28:35231,29:34364,37:19914,43:13205,44:11585,46:11201,58:1917,62:1287,63:1262,65:1202,71:975,72:969,75:820,77:754,85:528,97:355,103:330,104:329,105:325,106:325,112:291,113:291,116:282,122:259,123:258,147:196,148:196,155:173,159:166,160:166,161:164,175:151,183:143,188:136,192:134,201:130,211:119,223:113,231:106,232:106,233:105,236:102	0	False	0
ecol-SAMN34375047	GP_unb_13	117:281	4	0.0	0.423083698972579	0.8502935904289971	GP_unb_36	177:150	5	0.0	0.013632447912708234	7.32709163525601	5	-1.545856224311879	8.1709595606713	0.11392970901579247	2:413688,12:139701,27:37279,28:35231,29:34364,41:15539,44:11585,45:11355,46:11201,58:1917,63:1262,65:1202,72:969,74:850,75:820,85:528,92:460,97:355,103:330,104:329,105:325,106:325,112:291,113:291,116:282,122:259,123:258,147:196,148:196,153:181,155:173,159:166,160:166,161:164,175:151,183:143,188:136,192:134,201:130,211:119,223:113,231:106,232:106,233:105,236:102	0	False	0
ecol-SAMN34375047	GP_unb_13	117:281	4	0.0	0.423083698972579	0.8502935904289971	GP_unb_37	219:116	4	0.0	0.4892892881834844	1.2391852247864898	0	0	0	0		1	False	0
ecol-SAMN34375047	GP_unb_13	117:281	4	0.0	0.423083698972579	0.8502935904289971	GP_unb_38	224:112	4	0.0	0.46294458785956616	2.1528467264779483	0	0	0	0		1	False	0
ecol-SAMN34375047	GP_unb_13	117:281	4	0.0	0.423083698972579	0.8502935904289971	GP_unb_39	228:109	4	0.0	0.49977650941861884	1.9011811005934705	5	-1.8299022887945458	8.076552797762158	0.11392970901579247	2:413688,12:139701,28:35231,41:15539,44:11585,45:11355,46:11201,54:3958,58:1917,63:1262,65:1202,67:1078,72:969,74:850,75:820,85:528,87:522,92:460,97:355,103:330,104:329,105:325,106:325,112:291,113:291,122:259,123:258,147:196,148:196,155:173,158:167,159:166,160:166,161:164,175:151,183:143,188:136,192:134,201:130,211:119,223:113,225:111,229:109,231:106,232:106,233:105,236:102	0	False	0
ecol-SAMN34375047	GP_unb_13	117:281	4	0.0	0.423083698972579	0.8502935904289971	GP_unb_40	230:109	5	0.0	0.488385559122413	1.9849049144387194	5	-1.7783942134283843	8.342813554893198	0.11392970901579247	2:413688,12:139701,26:52304,27:37279,28:35231,29:34364,37:19914,43:13205,44:11585,46:11201,58:1917,62:1287,63:1262,65:1202,71:975,72:969,75:820,77:754,83:559,84:559,85:528,94:409,97:355,98:348,103:330,104:329,105:325,106:325,112:291,113:291,116:282,122:259,123:258,138:213,145:202,146:202,147:196,148:196,155:173,159:166,160:166,161:164,175:151,183:143,186:140,188:136,192:134,201:130,211:119,215:118,223:113,231:106,232:106,233:105,236:102	0	False	0
ecol-SAMN34375047	GP_unb_14	118:274	5	0.0	0.4979322478388736	0.5418957070443323	GP_unb_15	119:273	5	0.0	0.48372980043610203	0.970762256894995	0	0	0	0		1	False	0
ecol-SAMN34375047	GP_unb_14	118:274	5	0.0	0.4979322478388736	0.5418957070443323	GP_unb_16	121:265	4	0.0	0.1058561025785324	4.618422294003747	0	0	0	0		1	False	0
ecol-SAMN34375047	GP_unb_14	118:274	5	0.0	0.4979322478388736	0.5418957070443323	GP_unb_17	124:253	4	0.0	0.178215563310269	1.152918607837764	0	0	0	0		1	False	0
ecol-SAMN34375047	GP_unb_14	118:274	5	0.0	0.4979322478388736	0.5418957070443323	GP_unb_18	127:237	4	0.0	0.49702341008473283	0.7763591192736389	0	0	0	0		1	False	0
ecol-SAMN34375047	GP_unb_14	118:274	5	0.0	0.4979322478388736	0.5418957070443323	GP_unb_19	130:233	4	0.0	0.49105483505975644	1.1888053767257143	0	0	0	0		1	False	0
ecol-SAMN34375047	GP_unb_14	118:274	5	0.0	0.4979322478388736	0.5418957070443323	GP_unb_20	132:223	5	0.0	0.41624278017758964	1.3296613938694186	0	0	0	0		1	False	0
ecol-SAMN34375047	GP_unb_14	118:274	5	0.0	0.4979322478388736	0.5418957070443323	GP_unb_21	133:223	5	0.0	0.408511360060988	1.1646307769027222	0	0	0	0		1	False	0
ecol-SAMN34375047	GP_unb_14	118:274	5	0.0	0.4979322478388736	0.5418957070443323	GP_unb_22	134:220	2	0.0	0.3968998665507588	1.2895650728472656	0	0	0	0		1	False	0
ecol-SAMN34375047	GP_unb_14	118:274	5	0.0	0.4979322478388736	0.5418957070443323	GP_unb_23	135:219	5	0.0	0.44235904838689255	0.4623184434091532	0	0	0	0		1	False	0
ecol-SAMN34375047	GP_unb_14	118:274	5	0.0	0.4979322478388736	0.5418957070443323	GP_unb_24	140:211	5	0.0	0.1675830139114065	1.0746038663186412	0	0	0	0		1	False	0
ecol-SAMN34375047	GP_unb_14	118:274	5	0.0	0.4979322478388736	0.5418957070443323	GP_unb_25	141:211	5	0.0	0.47333547992256597	1.0955572827048956	0	0	0	0		1	False	0
ecol-SAMN34375047	GP_unb_14	118:274	5	0.0	0.4979322478388736	0.5418957070443323	GP_unb_26	143:208	5	0.0	0.475990418465596	1.0334472952392078	0	0	0	0		1	False	0
ecol-SAMN34375047	GP_unb_14	118:274	5	0.0	0.4979322478388736	0.5418957070443323	GP_unb_27	144:208	5	0.0	0.48221642619736504	0.8881615892968656	0	0	0	0		1	False	0
ecol-SAMN34375047	GP_unb_14	118:274	5	0.0	0.4979322478388736	0.5418957070443323	GP_unb_28	151:186	5	0.0	0.49126754067499323	0.6284497436980264	0	0	0	0		1	False	0
ecol-SAMN34375047	GP_unb_14	118:274	5	0.0	0.4979322478388736	0.5418957070443323	GP_unb_29	157:168	5	0.0	0.4796988348830612	1.2973866633122033	0	0	0	0		1	False	0
ecol-SAMN34375047	GP_unb_14	118:274	5	0.0	0.4979322478388736	0.5418957070443323	GP_unb_30	166:160	4	0.0	0.21507936407806172	1.0429356347348702	0	0	0	0		1	False	0
ecol-SAMN34375047	GP_unb_14	118:274	5	0.0	0.4979322478388736	0.5418957070443323	GP_unb_31	167:160	5	0.0	0.4989549680172808	1.0394808368787318	0	0	0	0		1	False	0
ecol-SAMN34375047	GP_unb_14	118:274	5	0.0	0.4979322478388736	0.5418957070443323	GP_unb_32	170:156	5	0.0	0.489610564409944	0.8857580563280307	0	0	0	0		1	False	0
ecol-SAMN34375047	GP_unb_14	118:274	5	0.0	0.4979322478388736	0.5418957070443323	GP_unb_33	171:156	5	0.0	0.3302439589820926	1.0954135199852644	0	0	0	0		1	False	0
ecol-SAMN34375047	GP_unb_14	118:274	5	0.0	0.4979322478388736	0.5418957070443323	GP_unb_34	172:153	5	0.0	0.453655333245074	1.1118114551932035	0	0	0	0		1	False	0
ecol-SAMN34375047	GP_unb_14	118:274	5	0.0	0.4979322478388736	0.5418957070443323	GP_unb_35	173:152	4	0.0	0.3937565651970263	2.0112943586610297	0	0	0	0		1	False	0
ecol-SAMN34375047	GP_unb_14	118:274	5	0.0	0.4979322478388736	0.5418957070443323	GP_unb_36	177:150	5	0.0	0.013632447912708234	7.32709163525601	0	0	0	0		1	False	0
ecol-SAMN34375047	GP_unb_14	118:274	5	0.0	0.4979322478388736	0.5418957070443323	GP_unb_37	219:116	4	0.0	0.4892892881834844	1.2391852247864898	0	0	0	0		1	False	0
ecol-SAMN34375047	GP_unb_14	118:274	5	0.0	0.4979322478388736	0.5418957070443323	GP_unb_38	224:112	4	0.0	0.46294458785956616	2.1528467264779483	0	0	0	0		1	False	0
ecol-SAMN34375047	GP_unb_14	118:274	5	0.0	0.4979322478388736	0.5418957070443323	GP_unb_39	228:109	4	0.0	0.49977650941861884	1.9011811005934705	0	0	0	0		1	False	0
ecol-SAMN34375047	GP_unb_14	118:274	5	0.0	0.4979322478388736	0.5418957070443323	GP_unb_40	230:109	5	0.0	0.488385559122413	1.9849049144387194	0	0	0	0		1	False	0
ecol-SAMN34375047	GP_unb_15	119:273	5	0.0	0.48372980043610203	0.970762256894995	GP_unb_16	121:265	4	0.0	0.1058561025785324	4.618422294003747	5	-1.49431157689149	8.602058341784204	0.11392970901579247	12:139701,14:134225,17:126231,25:55987,29:34364,40:16232,41:15539,44:11585,45:11355,46:11201,58:1917,59:1577,61:1318,63:1262,65:1202,72:969,74:850,75:820,76:817,85:528,92:460,103:330,104:329,105:325,106:325,112:291,113:291,116:282,122:259,123:258,147:196,148:196,153:181,155:173,159:166,160:166,175:151,178:148,183:143,188:136,192:134,201:130,205:128,211:119,231:106,232:106,233:105,236:102	0	False	0
ecol-SAMN34375047	GP_unb_15	119:273	5	0.0	0.48372980043610203	0.970762256894995	GP_unb_17	124:253	4	0.0	0.178215563310269	1.152918607837764	5	-0.9376564388696869	8.763824416634403	0.11392970901579247	2:413688,12:139701,29:34364,41:15539,44:11585,45:11355,46:11201,58:1917,63:1262,65:1202,72:969,74:850,75:820,85:528,92:460,103:330,104:329,105:325,106:325,112:291,113:291,122:259,147:196,148:196,155:173,159:166,160:166,183:143,188:136,192:134,211:119,231:106,232:106,233:105,236:102	0	False	0
ecol-SAMN34375047	GP_unb_15	119:273	5	0.0	0.48372980043610203	0.970762256894995	GP_unb_18	127:237	4	0.0	0.49702341008473283	0.7763591192736389	5	-1.4931545959789783	9.147026056893951	0.11392970901579247	2:413688,12:139701,28:35231,29:34364,41:15539,44:11585,45:11355,46:11201,58:1917,63:1262,65:1202,72:969,74:850,75:820,85:528,92:460,103:330,104:329,105:325,106:325,112:291,113:291,122:259,123:258,147:196,148:196,155:173,159:166,160:166,161:164,175:151,183:143,188:136,192:134,201:130,211:119,231:106,232:106,233:105,236:102	0	False	0
ecol-SAMN34375047	GP_unb_15	119:273	5	0.0	0.48372980043610203	0.970762256894995	GP_unb_19	130:233	4	0.0	0.49105483505975644	1.1888053767257143	0	0	0	0		1	False	0
ecol-SAMN34375047	GP_unb_15	119:273	5	0.0	0.48372980043610203	0.970762256894995	GP_unb_20	132:223	5	0.0	0.41624278017758964	1.3296613938694186	5	-1.7266462489954555	10.23985475832748	0.11392970901579247	2:413688,12:139701,17:126231,27:37279,29:34364,41:15539,44:11585,45:11355,46:11201,58:1917,63:1262,65:1202,72:969,74:850,75:820,85:528,92:460,97:355,103:330,104:329,105:325,106:325,112:291,113:291,116:282,122:259,123:258,147:196,148:196,155:173,159:166,160:166,175:151,181:144,183:143,184:141,188:136,192:134,193:132,195:132,201:130,211:119,218:116,220:115,223:113,231:106,232:106,233:105,236:102	0	False	0
ecol-SAMN34375047	GP_unb_15	119:273	5	0.0	0.48372980043610203	0.970762256894995	GP_unb_21	133:223	5	0.0	0.408511360060988	1.1646307769027222	5	-1.7266462489954555	10.232123338210878	0.11392970901579247	2:413688,12:139701,17:126231,27:37279,29:34364,41:15539,44:11585,45:11355,46:11201,58:1917,63:1262,65:1202,72:969,74:850,75:820,85:528,92:460,97:355,103:330,104:329,105:325,106:325,112:291,113:291,116:282,122:259,123:258,147:196,148:196,155:173,159:166,160:166,175:151,181:144,183:143,184:141,188:136,192:134,193:132,195:132,201:130,211:119,218:116,220:115,223:113,231:106,232:106,233:105,236:102	0	False	0
ecol-SAMN34375047	GP_unb_15	119:273	5	0.0	0.48372980043610203	0.970762256894995	GP_unb_22	134:220	2	0.0	0.3968998665507588	1.2895650728472656	0	0	0	0		1	False	0
ecol-SAMN34375047	GP_unb_15	119:273	5	0.0	0.48372980043610203	0.970762256894995	GP_unb_23	135:219	5	0.0	0.44235904838689255	0.4623184434091532	5	-1.2352121117767263	9.016735174992741	0.07120971836047829	2:413688,12:139701,17:126231,27:37279,29:34364,44:11585,46:11201,54:3958,60:1383,62:1287,63:1262,65:1202,72:969,75:820,85:528,97:355,103:330,104:329,105:325,106:325,112:291,113:291,116:282,122:259,123:258,147:196,148:196,155:173,159:166,160:166,175:151,183:143,188:136,192:134,201:130,211:119,231:106,232:106,233:105,236:102	0	False	0
ecol-SAMN34375047	GP_unb_15	119:273	5	0.0	0.48372980043610203	0.970762256894995	GP_unb_24	140:211	5	0.0	0.1675830139114065	1.0746038663186412	0	0	0	0		1	False	0
ecol-SAMN34375047	GP_unb_15	119:273	5	0.0	0.48372980043610203	0.970762256894995	GP_unb_25	141:211	5	0.0	0.47333547992256597	1.0955572827048956	0	0	0	0		1	False	0
ecol-SAMN34375047	GP_unb_15	119:273	5	0.0	0.48372980043610203	0.970762256894995	GP_unb_26	143:208	5	0.0	0.475990418465596	1.0334472952392078	0	0	0	0		1	False	0
ecol-SAMN34375047	GP_unb_15	119:273	5	0.0	0.48372980043610203	0.970762256894995	GP_unb_27	144:208	5	0.0	0.48221642619736504	0.8881615892968656	0	0	0	0		1	False	0
ecol-SAMN34375047	GP_unb_15	119:273	5	0.0	0.48372980043610203	0.970762256894995	GP_unb_28	151:186	5	0.0	0.49126754067499323	0.6284497436980264	5	-8.414577382881427e-05	1.4667238913707936	0.46231844340945827	72:969,142:210	0	False	0
ecol-SAMN34375047	GP_unb_15	119:273	5	0.0	0.48372980043610203	0.970762256894995	GP_unb_29	157:168	5	0.0	0.4796988348830612	1.2973866633122033	5	-1.4524704375894435	8.393642331781614	0.11392970901579247	5:245627,12:139701,14:134225,17:126231,25:55987,29:34364,40:16232,41:15539,44:11585,45:11355,46:11201,58:1917,59:1577,61:1318,63:1262,65:1202,72:969,74:850,75:820,76:817,85:528,92:460,103:330,104:329,105:325,106:325,112:291,113:291,116:282,122:259,123:258,147:196,148:196,153:181,155:173,159:166,160:166,174:151,175:151,178:148,183:143,188:136,192:134,201:130,205:128,211:119,231:106,232:106,233:105,236:102	0	False	0
ecol-SAMN34375047	GP_unb_15	119:273	5	0.0	0.48372980043610203	0.970762256894995	GP_unb_30	166:160	4	0.0	0.21507936407806172	1.0429356347348702	0	0	0	0		1	False	0
ecol-SAMN34375047	GP_unb_15	119:273	5	0.0	0.48372980043610203	0.970762256894995	GP_unb_31	167:160	5	0.0	0.4989549680172808	1.0394808368787318	0	0	0	0		1	False	0
ecol-SAMN34375047	GP_unb_15	119:273	5	0.0	0.48372980043610203	0.970762256894995	GP_unb_32	170:156	5	0.0	0.489610564409944	0.8857580563280307	0	0	0	0		1	False	0
ecol-SAMN34375047	GP_unb_15	119:273	5	0.0	0.48372980043610203	0.970762256894995	GP_unb_33	171:156	5	0.0	0.3302439589820926	1.0954135199852644	0	0	0	0		1	False	0
ecol-SAMN34375047	GP_unb_15	119:273	5	0.0	0.48372980043610203	0.970762256894995	GP_unb_34	172:153	5	0.0	0.453655333245074	1.1118114551932035	5	-1.4464837280602405	9.65753488111647	0.11392970901579247	2:413688,12:139701,17:126231,29:34364,37:19914,41:15539,44:11585,45:11355,46:11201,58:1917,62:1287,63:1262,65:1202,71:975,72:969,74:850,75:820,85:528,92:460,103:330,104:329,105:325,106:325,112:291,113:291,116:282,122:259,123:258,147:196,148:196,155:173,159:166,160:166,175:151,183:143,188:136,192:134,201:130,211:119,231:106,232:106,233:105,236:102	0	False	0
ecol-SAMN34375047	GP_unb_15	119:273	5	0.0	0.48372980043610203	0.970762256894995	GP_unb_35	173:152	4	0.0	0.3937565651970263	2.0112943586610297	5	-1.3938093818299897	9.415945861284394	0.11392970901579247	2:413688,12:139701,17:126231,27:37279,29:34364,41:15539,43:13205,44:11585,45:11355,46:11201,54:3958,58:1917,63:1262,65:1202,72:969,74:850,75:820,77:754,85:528,92:460,97:355,103:330,104:329,105:325,106:325,112:291,113:291,116:282,122:259,123:258,147:196,148:196,155:173,159:166,160:166,175:151,183:143,188:136,192:134,201:130,211:119,231:106,232:106,233:105,236:102	0	False	0
ecol-SAMN34375047	GP_unb_15	119:273	5	0.0	0.48372980043610203	0.970762256894995	GP_unb_36	177:150	5	0.0	0.013632447912708234	7.32709163525601	5	-1.2162997155759314	9.08109882472087	0.11392970901579247	2:413688,12:139701,29:34364,41:15539,44:11585,45:11355,46:11201,58:1917,63:1262,65:1202,72:969,74:850,75:820,85:528,92:460,103:330,104:329,105:325,106:325,112:291,113:291,122:259,123:258,147:196,148:196,155:173,159:166,160:166,175:151,183:143,188:136,192:134,201:130,211:119,231:106,232:106,233:105,236:102	0	False	0
ecol-SAMN34375047	GP_unb_15	119:273	5	0.0	0.48372980043610203	0.970762256894995	GP_unb_37	219:116	4	0.0	0.4892892881834844	1.2391852247864898	0	0	0	0		1	False	0
ecol-SAMN34375047	GP_unb_15	119:273	5	0.0	0.48372980043610203	0.970762256894995	GP_unb_38	224:112	4	0.0	0.46294458785956616	2.1528467264779483	0	0	0	0		1	False	0
ecol-SAMN34375047	GP_unb_15	119:273	5	0.0	0.48372980043610203	0.970762256894995	GP_unb_39	228:109	4	0.0	0.49977650941861884	1.9011811005934705	5	-1.4587359071503474	7.447610295756379	0.11392970901630858	2:413688,17:126231,41:15539,45:11355,46:11201,54:3958,58:1917,63:1262,65:1202,67:1078,72:969,74:850,75:820,85:528,87:522,92:460,97:355,103:330,104:329,105:325,106:325,112:291,113:291,116:282,122:259,123:258,147:196,148:196,153:181,155:173,158:167,175:151,178:148,183:143,188:136,192:134,201:130,223:113,225:111,229:109,231:106,232:106,233:105,236:102	0	False	0
ecol-SAMN34375047	GP_unb_15	119:273	5	0.0	0.48372980043610203	0.970762256894995	GP_unb_40	230:109	5	0.0	0.488385559122413	1.9849049144387194	5	-1.5874045096098157	9.732052874007868	0.11392970901579247	2:413688,12:139701,17:126231,26:52304,27:37279,29:34364,41:15539,43:13205,44:11585,45:11355,46:11201,54:3958,58:1917,63:1262,65:1202,72:969,74:850,75:820,77:754,83:559,84:559,85:528,92:460,94:409,97:355,98:348,103:330,104:329,105:325,106:325,112:291,113:291,116:282,122:259,123:258,138:213,145:202,146:202,147:196,148:196,155:173,159:166,160:166,175:151,183:143,186:140,188:136,192:134,201:130,211:119,215:118,231:106,232:106,233:105,236:102	0	False	0
ecol-SAMN34375047	GP_unb_16	121:265	4	0.0	0.1058561025785324	4.618422294003747	GP_unb_17	124:253	4	0.0	0.178215563310269	1.152918607837764	5	-1.2799644174314397	7.74975617280707	0.11392970901579247	12:139701,14:134225,25:55987,29:34364,37:19914,40:16232,41:15539,44:11585,45:11355,46:11201,54:3958,58:1917,59:1577,61:1318,63:1262,65:1202,72:969,74:850,75:820,76:817,85:528,92:460,97:355,103:330,104:329,105:325,106:325,112:291,113:291,116:282,122:259,147:196,148:196,153:181,155:173,159:166,160:166,178:148,183:143,188:136,192:134,205:128,211:119,223:113,231:106,232:106,233:105,236:102	0	False	0
ecol-SAMN34375047	GP_unb_16	121:265	4	0.0	0.1058561025785324	4.618422294003747	GP_unb_18	127:237	4	0.0	0.49702341008473283	0.7763591192736389	5	-1.8354625745407311	8.132957813066618	0.11392970901579247	12:139701,14:134225,25:55987,28:35231,29:34364,37:19914,40:16232,41:15539,44:11585,45:11355,46:11201,54:3958,58:1917,59:1577,61:1318,63:1262,65:1202,72:969,74:850,75:820,76:817,85:528,92:460,97:355,103:330,104:329,105:325,106:325,112:291,113:291,116:282,122:259,123:258,147:196,148:196,153:181,155:173,159:166,160:166,161:164,175:151,178:148,183:143,188:136,192:134,201:130,205:128,211:119,223:113,231:106,232:106,233:105,236:102	0	False	0
ecol-SAMN34375047	GP_unb_16	121:265	4	0.0	0.1058561025785324	4.618422294003747	GP_unb_19	130:233	4	0.0	0.49105483505975644	1.1888053767257143	0	0	0	0		1	False	0
ecol-SAMN34375047	GP_unb_16	121:265	4	0.0	0.1058561025785324	4.618422294003747	GP_unb_20	132:223	5	0.0	0.41624278017758964	1.3296613938694186	5	-1.8711216145833522	9.717435932589249	0.11392970901579247	14:134225,25:55987,27:37279,29:34364,36:27171,40:16232,41:15539,44:11585,45:11355,46:11201,58:1917,59:1577,61:1318,63:1262,65:1202,72:969,74:850,75:820,76:817,85:528,92:460,97:355,103:330,104:329,105:325,106:325,112:291,113:291,116:282,122:259,123:258,147:196,148:196,153:181,155:173,159:166,175:151,178:148,181:144,183:143,184:141,188:136,192:134,193:132,195:132,201:130,205:128,211:119,218:116,220:115,223:113,231:106,232:106,233:105,236:102	0	False	0
ecol-SAMN34375047	GP_unb_16	121:265	4	0.0	0.1058561025785324	4.618422294003747	GP_unb_21	133:223	5	0.0	0.408511360060988	1.1646307769027222	5	-1.8711216145833522	9.709704512472646	0.11392970901579247	14:134225,25:55987,27:37279,29:34364,36:27171,40:16232,41:15539,44:11585,45:11355,46:11201,58:1917,59:1577,61:1318,63:1262,65:1202,72:969,74:850,75:820,76:817,85:528,92:460,97:355,103:330,104:329,105:325,106:325,112:291,113:291,116:282,122:259,123:258,147:196,148:196,153:181,155:173,159:166,175:151,178:148,181:144,183:143,184:141,188:136,192:134,193:132,195:132,201:130,205:128,211:119,218:116,220:115,223:113,231:106,232:106,233:105,236:102	0	False	0
ecol-SAMN34375047	GP_unb_16	121:265	4	0.0	0.1058561025785324	4.618422294003747	GP_unb_22	134:220	2	0.0	0.3968998665507588	1.2895650728472656	0	0	0	0		1	False	0
ecol-SAMN34375047	GP_unb_16	121:265	4	0.0	0.1058561025785324	4.618422294003747	GP_unb_23	135:219	5	0.0	0.44235904838689255	0.4623184434091532	5	-1.4186554554064958	7.917177827513997	0.07120971836047829	12:139701,14:134225,17:126231,25:55987,29:34364,40:16232,44:11585,46:11201,54:3958,59:1577,60:1383,61:1318,62:1287,63:1262,65:1202,72:969,75:820,76:817,85:528,97:355,103:330,104:329,105:325,106:325,112:291,113:291,116:282,122:259,123:258,147:196,148:196,153:181,155:173,159:166,160:166,175:151,178:148,183:143,188:136,192:134,201:130,205:128,211:119,223:113,231:106,232:106,233:105,236:102	0	False	0
ecol-SAMN34375047	GP_unb_16	121:265	4	0.0	0.1058561025785324	4.618422294003747	GP_unb_24	140:211	5	0.0	0.1675830139114065	1.0746038663186412	0	0	0	0		1	False	0
ecol-SAMN34375047	GP_unb_16	121:265	4	0.0	0.1058561025785324	4.618422294003747	GP_unb_25	141:211	5	0.0	0.47333547992256597	1.0955572827048956	0	0	0	0		1	False	0
ecol-SAMN34375047	GP_unb_16	121:265	4	0.0	0.1058561025785324	4.618422294003747	GP_unb_26	143:208	5	0.0	0.475990418465596	1.0334472952392078	0	0	0	0		1	False	0
ecol-SAMN34375047	GP_unb_16	121:265	4	0.0	0.1058561025785324	4.618422294003747	GP_unb_27	144:208	5	0.0	0.48221642619736504	0.8881615892968656	0	0	0	0		1	False	0
ecol-SAMN34375047	GP_unb_16	121:265	4	0.0	0.1058561025785324	4.618422294003747	GP_unb_28	151:186	5	0.0	0.49126754067499323	0.6284497436980264	5	-1.49431157689149	8.871288536541838	0.11392970901579247	12:139701,14:134225,17:126231,25:55987,29:34364,40:16232,41:15539,44:11585,45:11355,46:11201,58:1917,59:1577,61:1318,63:1262,65:1202,72:969,74:850,75:820,76:817,85:528,92:460,103:330,104:329,105:325,106:325,112:291,113:291,116:282,122:259,123:258,142:210,147:196,148:196,153:181,155:173,159:166,160:166,175:151,178:148,183:143,188:136,192:134,201:130,205:128,211:119,231:106,232:106,233:105,236:102	0	False	0
ecol-SAMN34375047	GP_unb_16	121:265	4	0.0	0.1058561025785324	4.618422294003747	GP_unb_29	157:168	5	0.0	0.4796988348830612	1.2973866633122033	5	-1.616391207266403	7.049664036009813	0.11392970901579247	1:451721,12:139701,14:134225,25:55987,29:34364,31:32561,37:19914,40:16232,41:15539,44:11585,45:11355,46:11201,54:3958,58:1917,59:1577,61:1318,63:1262,65:1202,72:969,74:850,75:820,76:817,85:528,89:518,92:460,97:355,103:330,104:329,105:325,106:325,112:291,113:291,116:282,122:259,123:258,147:196,148:196,153:181,155:173,159:166,160:166,174:151,175:151,178:148,183:143,188:136,192:134,201:130,205:128,211:119,223:113,231:106,232:106,233:105,236:102	0	False	0
ecol-SAMN34375047	GP_unb_16	121:265	4	0.0	0.1058561025785324	4.618422294003747	GP_unb_30	166:160	4	0.0	0.21507936407806172	1.0429356347348702	0	0	0	0		1	False	0
ecol-SAMN34375047	GP_unb_16	121:265	4	0.0	0.1058561025785324	4.618422294003747	GP_unb_31	167:160	5	0.0	0.4989549680172808	1.0394808368787318	0	0	0	0		1	False	0
ecol-SAMN34375047	GP_unb_16	121:265	4	0.0	0.1058561025785324	4.618422294003747	GP_unb_32	170:156	5	0.0	0.489610564409944	0.8857580563280307	0	0	0	0		1	False	0
ecol-SAMN34375047	GP_unb_16	121:265	4	0.0	0.1058561025785324	4.618422294003747	GP_unb_33	171:156	5	0.0	0.3302439589820926	1.0954135199852644	0	0	0	0		1	False	0
ecol-SAMN34375047	GP_unb_16	121:265	4	0.0	0.1058561025785324	4.618422294003747	GP_unb_34	172:153	5	0.0	0.453655333245074	1.1118114551932035	5	-1.7072087095990842	8.449428529126195	0.11392970901579247	12:139701,14:134225,25:55987,27:37279,29:34364,36:27171,37:19914,40:16232,41:15539,44:11585,45:11355,46:11201,58:1917,59:1577,61:1318,62:1287,63:1262,65:1202,71:975,72:969,74:850,75:820,76:817,85:528,92:460,97:355,103:330,104:329,105:325,106:325,112:291,113:291,116:282,122:259,123:258,147:196,148:196,155:173,159:166,160:166,175:151,183:143,188:136,192:134,201:130,205:128,211:119,223:113,231:106,232:106,233:105,236:102	0	False	0
ecol-SAMN34375047	GP_unb_16	121:265	4	0.0	0.1058561025785324	4.618422294003747	GP_unb_35	173:152	4	0.0	0.3937565651970263	2.0112943586610297	5	-1.5772527254597597	8.316388513805649	0.11392970901579247	12:139701,14:134225,17:126231,25:55987,29:34364,40:16232,41:15539,43:13205,44:11585,45:11355,46:11201,54:3958,58:1917,59:1577,61:1318,63:1262,65:1202,72:969,74:850,75:820,76:817,77:754,85:528,92:460,97:355,103:330,104:329,105:325,106:325,112:291,113:291,116:282,122:259,123:258,147:196,148:196,153:181,155:173,159:166,160:166,175:151,178:148,183:143,188:136,192:134,201:130,205:128,211:119,223:113,231:106,232:106,233:105,236:102	0	False	0
ecol-SAMN34375047	GP_unb_16	121:265	4	0.0	0.1058561025785324	4.618422294003747	GP_unb_36	177:150	5	0.0	0.013632447912708234	7.32709163525601	5	-1.5586076941376843	8.067030580893537	0.11392970901579247	12:139701,14:134225,25:55987,29:34364,37:19914,40:16232,41:15539,44:11585,45:11355,46:11201,54:3958,58:1917,59:1577,61:1318,63:1262,65:1202,72:969,74:850,75:820,76:817,85:528,92:460,97:355,103:330,104:329,105:325,106:325,112:291,113:291,116:282,122:259,123:258,147:196,148:196,153:181,155:173,159:166,160:166,175:151,178:148,183:143,188:136,192:134,201:130,205:128,211:119,223:113,231:106,232:106,233:105,236:102	0	False	0
ecol-SAMN34375047	GP_unb_16	121:265	4	0.0	0.1058561025785324	4.618422294003747	GP_unb_37	219:116	4	0.0	0.4892892881834844	1.2391852247864898	0	0	0	0		1	False	0
ecol-SAMN34375047	GP_unb_16	121:265	4	0.0	0.1058561025785324	4.618422294003747	GP_unb_38	224:112	4	0.0	0.46294458785956616	2.1528467264779483	0	0	0	0		1	False	0
ecol-SAMN34375047	GP_unb_16	121:265	4	0.0	0.1058561025785324	4.618422294003747	GP_unb_39	228:109	4	0.0	0.49977650941861884	1.9011811005934705	5	-2.1982212501485514	7.202934117788406	0.11392970901579247	2:413688,8:200841,12:139701,17:126231,20:105754,41:15539,44:11585,45:11355,46:11201,54:3958,58:1917,59:1577,63:1262,65:1202,67:1078,72:969,74:850,75:820,85:528,87:522,92:460,97:355,103:330,104:329,105:325,106:325,112:291,113:291,116:282,122:259,123:258,147:196,148:196,149:190,153:181,155:173,158:167,159:166,160:166,175:151,176:150,178:148,183:143,188:136,192:134,201:130,207:126,211:119,223:113,225:111,229:109,231:106,232:106,233:105,236:102	0	False	0
ecol-SAMN34375047	GP_unb_16	121:265	4	0.0	0.1058561025785324	4.618422294003747	GP_unb_40	230:109	5	0.0	0.488385559122413	1.9849049144387194	5	-1.7708478532395857	8.632495526529121	0.11392970901579247	12:139701,14:134225,17:126231,25:55987,26:52304,29:34364,40:16232,41:15539,43:13205,44:11585,45:11355,46:11201,54:3958,58:1917,59:1577,61:1318,63:1262,65:1202,72:969,74:850,75:820,76:817,77:754,83:559,84:559,85:528,92:460,94:409,97:355,98:348,103:330,104:329,105:325,106:325,112:291,113:291,116:282,122:259,123:258,138:213,145:202,146:202,147:196,148:196,153:181,155:173,159:166,160:166,175:151,178:148,183:143,186:140,188:136,192:134,201:130,205:128,211:119,215:118,223:113,231:106,232:106,233:105,236:102	0	False	0
ecol-SAMN34375047	GP_unb_17	124:253	4	0.0	0.178215563310269	1.152918607837764	GP_unb_18	127:237	4	0.0	0.49702341008473283	0.7763591192736389	5	-1.4728609164832127	8.2340488402692	0.11392970901579247	2:413688,12:139701,17:126231,27:37279,28:35231,29:34364,41:15539,44:11585,45:11355,46:11201,58:1917,63:1262,65:1202,72:969,74:850,75:820,85:528,92:460,97:355,103:330,104:329,105:325,106:325,112:291,113:291,116:282,122:259,147:196,148:196,155:173,159:166,160:166,161:164,183:143,188:136,192:134,201:130,211:119,223:113,231:106,232:106,233:105,236:102	0	False	0
ecol-SAMN34375047	GP_unb_17	124:253	4	0.0	0.178215563310269	1.152918607837764	GP_unb_19	130:233	4	0.0	0.49105483505975644	1.1888053767257143	0	0	0	0		1	False	0
ecol-SAMN34375047	GP_unb_17	124:253	4	0.0	0.178215563310269	1.152918607837764	GP_unb_20	132:223	5	0.0	0.41624278017758964	1.3296613938694186	5	-1.3083114328667969	10.01357877664884	0.11392970901579247	2:413688,27:37279,29:34364,41:15539,44:11585,45:11355,46:11201,58:1917,63:1262,65:1202,72:969,74:850,75:820,85:528,92:460,97:355,103:330,104:329,105:325,106:325,112:291,113:291,116:282,122:259,147:196,148:196,153:181,155:173,159:166,178:148,181:144,183:143,184:141,188:136,192:134,193:132,195:132,211:119,218:116,220:115,223:113,231:106,232:106,233:105,236:102	0	False	0
ecol-SAMN34375047	GP_unb_17	124:253	4	0.0	0.178215563310269	1.152918607837764	GP_unb_21	133:223	5	0.0	0.408511360060988	1.1646307769027222	5	-1.3083114328667969	10.005847356532238	0.11392970901579247	2:413688,27:37279,29:34364,41:15539,44:11585,45:11355,46:11201,58:1917,63:1262,65:1202,72:969,74:850,75:820,85:528,92:460,97:355,103:330,104:329,105:325,106:325,112:291,113:291,116:282,122:259,147:196,148:196,153:181,155:173,159:166,178:148,181:144,183:143,184:141,188:136,192:134,193:132,195:132,211:119,218:116,220:115,223:113,231:106,232:106,233:105,236:102	0	False	0
ecol-SAMN34375047	GP_unb_17	124:253	4	0.0	0.178215563310269	1.152918607837764	GP_unb_22	134:220	2	0.0	0.3968998665507588	1.2895650728472656	0	0	0	0		1	False	0
ecol-SAMN34375047	GP_unb_17	124:253	4	0.0	0.178215563310269	1.152918607837764	GP_unb_23	135:219	5	0.0	0.44235904838689255	0.4623184434091532	5	-1.144398527882529	9.031916614758567	0.07120971836047829	2:413688,12:139701,27:37279,29:34364,37:19914,41:15539,44:11585,45:11355,46:11201,58:1917,60:1383,62:1287,63:1262,65:1202,71:975,72:969,74:850,75:820,85:528,92:460,97:355,103:330,104:329,105:325,106:325,112:291,113:291,116:282,122:259,147:196,148:196,155:173,159:166,160:166,183:143,188:136,192:134,211:119,223:113,231:106,232:106,233:105,236:102	0	False	0
ecol-SAMN34375047	GP_unb_17	124:253	4	0.0	0.178215563310269	1.152918607837764	GP_unb_24	140:211	5	0.0	0.1675830139114065	1.0746038663186412	0	0	0	0		1	False	0
ecol-SAMN34375047	GP_unb_17	124:253	4	0.0	0.178215563310269	1.152918607837764	GP_unb_25	141:211	5	0.0	0.47333547992256597	1.0955572827048956	0	0	0	0		1	False	0
ecol-SAMN34375047	GP_unb_17	124:253	4	0.0	0.178215563310269	1.152918607837764	GP_unb_26	143:208	5	0.0	0.475990418465596	1.0334472952392078	0	0	0	0		1	False	0
ecol-SAMN34375047	GP_unb_17	124:253	4	0.0	0.178215563310269	1.152918607837764	GP_unb_27	144:208	5	0.0	0.48221642619736504	0.8881615892968656	0	0	0	0		1	False	0
ecol-SAMN34375047	GP_unb_17	124:253	4	0.0	0.178215563310269	1.152918607837764	GP_unb_28	151:186	5	0.0	0.49126754067499323	0.6284497436980264	5	-0.9376564388696869	9.033054611392037	0.11392970901579247	2:413688,12:139701,29:34364,41:15539,44:11585,45:11355,46:11201,58:1917,63:1262,65:1202,72:969,74:850,75:820,85:528,92:460,103:330,104:329,105:325,106:325,112:291,113:291,122:259,142:210,147:196,148:196,155:173,159:166,160:166,183:143,188:136,192:134,211:119,231:106,232:106,233:105,236:102	0	False	0
ecol-SAMN34375047	GP_unb_17	124:253	4	0.0	0.178215563310269	1.152918607837764	GP_unb_29	157:168	5	0.0	0.4796988348830612	1.2973866633122033	5	-1.2381232781293927	7.541340162804479	0.11395263390288066	5:245627,12:139701,14:134225,25:55987,29:34364,37:19914,40:16232,41:15539,44:11585,45:11355,46:11201,54:3958,58:1917,59:1577,61:1318,63:1262,65:1202,72:969,74:850,75:820,76:817,85:528,92:460,97:355,103:330,104:329,105:325,106:325,112:291,113:291,116:282,122:259,147:196,148:196,153:181,155:173,159:166,160:166,174:151,178:148,183:143,188:136,192:134,205:128,211:119,223:113,231:106,232:106,233:105,236:102	0	False	0
ecol-SAMN34375047	GP_unb_17	124:253	4	0.0	0.178215563310269	1.152918607837764	GP_unb_30	166:160	4	0.0	0.21507936407806172	1.0429356347348702	0	0	0	0		1	False	0
ecol-SAMN34375047	GP_unb_17	124:253	4	0.0	0.178215563310269	1.152918607837764	GP_unb_31	167:160	5	0.0	0.4989549680172808	1.0394808368787318	0	0	0	0		1	False	0
ecol-SAMN34375047	GP_unb_17	124:253	4	0.0	0.178215563310269	1.152918607837764	GP_unb_32	170:156	5	0.0	0.489610564409944	0.8857580563280307	0	0	0	0		1	False	0
ecol-SAMN34375047	GP_unb_17	124:253	4	0.0	0.178215563310269	1.152918607837764	GP_unb_33	171:156	5	0.0	0.3302439589820926	1.0954135199852644	0	0	0	0		1	False	0
ecol-SAMN34375047	GP_unb_17	124:253	4	0.0	0.178215563310269	1.152918607837764	GP_unb_34	172:153	5	0.0	0.453655333245074	1.1118114551932035	5	-1.144398527882529	8.745571373185784	0.11392970901579247	2:413688,12:139701,27:37279,29:34364,37:19914,41:15539,44:11585,45:11355,46:11201,58:1917,62:1287,63:1262,65:1202,71:975,72:969,74:850,75:820,85:528,92:460,97:355,103:330,104:329,105:325,106:325,112:291,113:291,116:282,122:259,147:196,148:196,155:173,159:166,160:166,183:143,188:136,192:134,211:119,223:113,231:106,232:106,233:105,236:102	0	False	0
ecol-SAMN34375047	GP_unb_17	124:253	4	0.0	0.178215563310269	1.152918607837764	GP_unb_35	173:152	4	0.0	0.3937565651970263	2.0112943586610297	5	-1.2362732682416768	8.220675805030522	0.1618947926453984	2:413688,12:139701,17:126231,27:37279,29:34364,41:15539,43:13205,44:11585,45:11355,58:1917,62:1287,63:1262,65:1202,71:975,72:969,74:850,77:754,85:528,92:460,97:355,104:329,105:325,106:325,112:291,113:291,116:282,122:259,123:258,147:196,148:196,155:173,159:166,160:166,183:143,188:136,192:134,201:130,211:119,223:113,231:106,232:106,233:105,236:102	0	False	0
ecol-SAMN34375047	GP_unb_17	124:253	4	0.0	0.178215563310269	1.152918607837764	GP_unb_36	177:150	5	0.0	0.013632447912708234	7.32709163525601	5	-1.1960060360801656	8.16812160809612	0.11392970901579247	2:413688,12:139701,17:126231,27:37279,29:34364,41:15539,44:11585,45:11355,46:11201,58:1917,63:1262,65:1202,72:969,74:850,75:820,85:528,92:460,97:355,103:330,104:329,105:325,106:325,112:291,113:291,116:282,122:259,147:196,148:196,155:173,159:166,160:166,183:143,188:136,192:134,201:130,211:119,223:113,231:106,232:106,233:105,236:102	0	False	0
ecol-SAMN34375047	GP_unb_17	124:253	4	0.0	0.178215563310269	1.152918607837764	GP_unb_37	219:116	4	0.0	0.4892892881834844	1.2391852247864898	0	0	0	0		1	False	0
ecol-SAMN34375047	GP_unb_17	124:253	4	0.0	0.178215563310269	1.152918607837764	GP_unb_38	224:112	4	0.0	0.46294458785956616	2.1528467264779483	0	0	0	0		1	False	0
ecol-SAMN34375047	GP_unb_17	124:253	4	0.0	0.178215563310269	1.152918607837764	GP_unb_39	228:109	4	0.0	0.49977650941861884	1.9011811005934705	5	-1.2901650010456036	7.767290868614766	0.11392970901579247	2:413688,12:139701,41:15539,44:11585,45:11355,46:11201,54:3958,58:1917,63:1262,65:1202,67:1078,72:969,74:850,75:820,85:528,87:522,92:460,97:355,103:330,104:329,105:325,106:325,112:291,113:291,122:259,147:196,148:196,155:173,158:167,159:166,160:166,183:143,188:136,192:134,211:119,223:113,225:111,229:109,231:106,232:106,233:105,236:102	0	False	0
ecol-SAMN34375047	GP_unb_17	124:253	4	0.0	0.178215563310269	1.152918607837764	GP_unb_40	230:109	5	0.0	0.488385559122413	1.9849049144387194	5	-1.4298683960215026	8.536782817753995	0.1618947926453983	2:413688,12:139701,17:126231,26:52304,27:37279,29:34364,41:15539,43:13205,44:11585,45:11355,58:1917,62:1287,63:1262,65:1202,71:975,72:969,74:850,77:754,83:559,84:559,85:528,92:460,94:409,97:355,98:348,104:329,105:325,106:325,112:291,113:291,116:282,122:259,123:258,138:213,145:202,146:202,147:196,148:196,155:173,159:166,160:166,183:143,186:140,188:136,192:134,201:130,211:119,215:118,223:113,231:106,232:106,233:105,236:102	0	False	0
ecol-SAMN34375047	GP_unb_18	127:237	4	0.0	0.49702341008473283	0.7763591192736389	GP_unb_19	130:233	4	0.0	0.49105483505975644	1.1888053767257143	0	0	0	0		1	False	0
ecol-SAMN34375047	GP_unb_18	127:237	4	0.0	0.49702341008473283	0.7763591192736389	GP_unb_20	132:223	5	0.0	0.41624278017758964	1.3296613938694186	5	-1.8638095899760883	10.396780416908383	0.11392970901579247	2:413688,27:37279,28:35231,29:34364,41:15539,44:11585,45:11355,46:11201,58:1917,63:1262,65:1202,72:969,74:850,75:820,85:528,92:460,97:355,103:330,104:329,105:325,106:325,112:291,113:291,116:282,122:259,123:258,147:196,148:196,153:181,155:173,159:166,161:164,175:151,178:148,181:144,183:143,184:141,188:136,192:134,193:132,195:132,201:130,211:119,218:116,220:115,223:113,231:106,232:106,233:105,236:102	0	False	0
ecol-SAMN34375047	GP_unb_18	127:237	4	0.0	0.49702341008473283	0.7763591192736389	GP_unb_21	133:223	5	0.0	0.408511360060988	1.1646307769027222	5	-1.8638095899760883	10.389048996791784	0.11392970901579236	2:413688,27:37279,28:35231,29:34364,41:15539,44:11585,45:11355,46:11201,58:1917,63:1262,65:1202,72:969,74:850,75:820,85:528,92:460,97:355,103:330,104:329,105:325,106:325,112:291,113:291,116:282,122:259,123:258,147:196,148:196,153:181,155:173,159:166,161:164,175:151,178:148,181:144,183:143,184:141,188:136,192:134,193:132,195:132,201:130,211:119,218:116,220:115,223:113,231:106,232:106,233:105,236:102	0	False	0
ecol-SAMN34375047	GP_unb_18	127:237	4	0.0	0.49702341008473283	0.7763591192736389	GP_unb_22	134:220	2	0.0	0.3968998665507588	1.2895650728472656	0	0	0	0		1	False	0
ecol-SAMN34375047	GP_unb_18	127:237	4	0.0	0.49702341008473283	0.7763591192736389	GP_unb_23	135:219	5	0.0	0.44235904838689255	0.4623184434091532	5	-1.6998966849918205	9.415118255018113	0.07120971836047829	2:413688,12:139701,27:37279,28:35231,29:34364,37:19914,41:15539,44:11585,45:11355,46:11201,58:1917,60:1383,62:1287,63:1262,65:1202,71:975,72:969,74:850,75:820,85:528,92:460,97:355,103:330,104:329,105:325,106:325,112:291,113:291,116:282,122:259,123:258,147:196,148:196,155:173,159:166,160:166,161:164,175:151,183:143,188:136,192:134,201:130,211:119,223:113,231:106,232:106,233:105,236:102	0	False	0
ecol-SAMN34375047	GP_unb_18	127:237	4	0.0	0.49702341008473283	0.7763591192736389	GP_unb_24	140:211	5	0.0	0.1675830139114065	1.0746038663186412	0	0	0	0		1	False	0
ecol-SAMN34375047	GP_unb_18	127:237	4	0.0	0.49702341008473283	0.7763591192736389	GP_unb_25	141:211	5	0.0	0.47333547992256597	1.0955572827048956	0	0	0	0		1	False	0
ecol-SAMN34375047	GP_unb_18	127:237	4	0.0	0.49702341008473283	0.7763591192736389	GP_unb_26	143:208	5	0.0	0.475990418465596	1.0334472952392078	0	0	0	0		1	False	0
ecol-SAMN34375047	GP_unb_18	127:237	4	0.0	0.49702341008473283	0.7763591192736389	GP_unb_27	144:208	5	0.0	0.48221642619736504	0.8881615892968656	0	0	0	0		1	False	0
ecol-SAMN34375047	GP_unb_18	127:237	4	0.0	0.49702341008473283	0.7763591192736389	GP_unb_28	151:186	5	0.0	0.49126754067499323	0.6284497436980264	5	-1.4931545959789783	9.416256251651584	0.11392970901650129	2:413688,12:139701,28:35231,29:34364,41:15539,44:11585,45:11355,46:11201,58:1917,63:1262,65:1202,72:969,74:850,75:820,85:528,92:460,103:330,104:329,105:325,106:325,112:291,113:291,122:259,123:258,142:210,147:196,148:196,155:173,159:166,160:166,161:164,175:151,183:143,188:136,192:134,201:130,211:119,231:106,232:106,233:105,236:102	0	False	0
ecol-SAMN34375047	GP_unb_18	127:237	4	0.0	0.49702341008473283	0.7763591192736389	GP_unb_29	157:168	5	0.0	0.4796988348830612	1.2973866633122033	5	-1.7936214352386841	7.924541803064026	0.11392970901579247	5:245627,12:139701,14:134225,25:55987,28:35231,29:34364,37:19914,40:16232,41:15539,44:11585,45:11355,46:11201,54:3958,58:1917,59:1577,61:1318,63:1262,65:1202,72:969,74:850,75:820,76:817,85:528,92:460,97:355,103:330,104:329,105:325,106:325,112:291,113:291,116:282,122:259,123:258,147:196,148:196,153:181,155:173,159:166,160:166,161:164,174:151,175:151,178:148,183:143,188:136,192:134,201:130,205:128,211:119,223:113,231:106,232:106,233:105,236:102	0	False	0
ecol-SAMN34375047	GP_unb_18	127:237	4	0.0	0.49702341008473283	0.7763591192736389	GP_unb_30	166:160	4	0.0	0.21507936407806172	1.0429356347348702	0	0	0	0		1	False	0
ecol-SAMN34375047	GP_unb_18	127:237	4	0.0	0.49702341008473283	0.7763591192736389	GP_unb_31	167:160	5	0.0	0.4989549680172808	1.0394808368787318	0	0	0	0		1	False	0
ecol-SAMN34375047	GP_unb_18	127:237	4	0.0	0.49702341008473283	0.7763591192736389	GP_unb_32	170:156	5	0.0	0.489610564409944	0.8857580563280307	0	0	0	0		1	False	0
ecol-SAMN34375047	GP_unb_18	127:237	4	0.0	0.49702341008473283	0.7763591192736389	GP_unb_33	171:156	5	0.0	0.3302439589820926	1.0954135199852644	0	0	0	0		1	False	0
ecol-SAMN34375047	GP_unb_18	127:237	4	0.0	0.49702341008473283	0.7763591192736389	GP_unb_34	172:153	5	0.0	0.453655333245074	1.1118114551932035	5	-1.6998966849918205	9.12877301344533	0.11392970901579247	2:413688,12:139701,27:37279,28:35231,29:34364,37:19914,41:15539,44:11585,45:11355,46:11201,58:1917,62:1287,63:1262,65:1202,71:975,72:969,74:850,75:820,85:528,92:460,97:355,103:330,104:329,105:325,106:325,112:291,113:291,116:282,122:259,123:258,147:196,148:196,155:173,159:166,160:166,161:164,175:151,183:143,188:136,192:134,201:130,211:119,223:113,231:106,232:106,233:105,236:102	0	False	0
ecol-SAMN34375047	GP_unb_18	127:237	4	0.0	0.49702341008473283	0.7763591192736389	GP_unb_35	173:152	4	0.0	0.3937565651970263	2.0112943586610297	5	-1.6005599550089078	8.100646253281877	0.11392970901579272	2:413688,12:139701,27:37279,28:35231,29:34364,37:19914,43:13205,44:11585,46:11201,58:1917,62:1287,63:1262,65:1202,71:975,72:969,75:820,77:754,85:528,97:355,103:330,104:329,105:325,106:325,112:291,113:291,116:282,122:259,123:258,147:196,148:196,155:173,159:166,160:166,161:164,175:151,183:143,188:136,192:134,201:130,211:119,223:113,231:106,232:106,233:105,236:102	0	False	0
ecol-SAMN34375047	GP_unb_18	127:237	4	0.0	0.49702341008473283	0.7763591192736389	GP_unb_36	177:150	5	0.0	0.013632447912708234	7.32709163525601	5	-1.5616170936722282	8.244899271783453	0.11392970901579247	2:413688,12:139701,27:37279,28:35231,29:34364,41:15539,44:11585,45:11355,46:11201,58:1917,63:1262,65:1202,72:969,74:850,75:820,85:528,92:460,97:355,103:330,104:329,105:325,106:325,112:291,113:291,116:282,122:259,123:258,147:196,148:196,153:181,155:173,159:166,160:166,161:164,175:151,183:143,188:136,192:134,201:130,211:119,223:113,231:106,232:106,233:105,236:102	0	False	0
ecol-SAMN34375047	GP_unb_18	127:237	4	0.0	0.49702341008473283	0.7763591192736389	GP_unb_37	219:116	4	0.0	0.4892892881834844	1.2391852247864898	0	0	0	0		1	False	0
ecol-SAMN34375047	GP_unb_18	127:237	4	0.0	0.49702341008473283	0.7763591192736389	GP_unb_38	224:112	4	0.0	0.46294458785956616	2.1528467264779483	0	0	0	0		1	False	0
ecol-SAMN34375047	GP_unb_18	127:237	4	0.0	0.49702341008473283	0.7763591192736389	GP_unb_39	228:109	4	0.0	0.49977650941861884	1.9011811005934705	5	-1.845663158154895	8.150492508874311	0.11392970901579247	2:413688,12:139701,28:35231,41:15539,44:11585,45:11355,46:11201,54:3958,58:1917,63:1262,65:1202,67:1078,72:969,74:850,75:820,85:528,87:522,92:460,97:355,103:330,104:329,105:325,106:325,112:291,113:291,122:259,123:258,147:196,148:196,155:173,158:167,159:166,160:166,161:164,175:151,183:143,188:136,192:134,201:130,211:119,223:113,225:111,229:109,231:106,232:106,233:105,236:102	0	False	0
ecol-SAMN34375047	GP_unb_18	127:237	4	0.0	0.49702341008473283	0.7763591192736389	GP_unb_40	230:109	5	0.0	0.488385559122413	1.9849049144387194	5	-1.7941550827887336	8.416753266005353	0.11392970901579247	2:413688,12:139701,26:52304,27:37279,28:35231,29:34364,37:19914,43:13205,44:11585,46:11201,58:1917,62:1287,63:1262,65:1202,71:975,72:969,75:820,77:754,83:559,84:559,85:528,94:409,97:355,98:348,103:330,104:329,105:325,106:325,112:291,113:291,116:282,122:259,123:258,138:213,145:202,146:202,147:196,148:196,155:173,159:166,160:166,161:164,175:151,183:143,186:140,188:136,192:134,201:130,211:119,215:118,223:113,231:106,232:106,233:105,236:102	0	False	0
ecol-SAMN34375047	GP_unb_19	130:233	4	0.0	0.49105483505975644	1.1888053767257143	GP_unb_20	132:223	5	0.0	0.41624278017758964	1.3296613938694186	0	0	0	0		1	False	0
ecol-SAMN34375047	GP_unb_19	130:233	4	0.0	0.49105483505975644	1.1888053767257143	GP_unb_21	133:223	5	0.0	0.408511360060988	1.1646307769027222	0	0	0	0		1	False	0
ecol-SAMN34375047	GP_unb_19	130:233	4	0.0	0.49105483505975644	1.1888053767257143	GP_unb_22	134:220	2	0.0	0.3968998665507588	1.2895650728472656	0	0	0	0		1	False	0
ecol-SAMN34375047	GP_unb_19	130:233	4	0.0	0.49105483505975644	1.1888053767257143	GP_unb_23	135:219	5	0.0	0.44235904838689255	0.4623184434091532	0	0	0	0		1	False	0
ecol-SAMN34375047	GP_unb_19	130:233	4	0.0	0.49105483505975644	1.1888053767257143	GP_unb_24	140:211	5	0.0	0.1675830139114065	1.0746038663186412	0	0	0	0		1	False	0
ecol-SAMN34375047	GP_unb_19	130:233	4	0.0	0.49105483505975644	1.1888053767257143	GP_unb_25	141:211	5	0.0	0.47333547992256597	1.0955572827048956	0	0	0	0		1	False	0
ecol-SAMN34375047	GP_unb_19	130:233	4	0.0	0.49105483505975644	1.1888053767257143	GP_unb_26	143:208	5	0.0	0.475990418465596	1.0334472952392078	0	0	0	0		1	False	0
ecol-SAMN34375047	GP_unb_19	130:233	4	0.0	0.49105483505975644	1.1888053767257143	GP_unb_27	144:208	5	0.0	0.48221642619736504	0.8881615892968656	0	0	0	0		1	False	0
ecol-SAMN34375047	GP_unb_19	130:233	4	0.0	0.49105483505975644	1.1888053767257143	GP_unb_28	151:186	5	0.0	0.49126754067499323	0.6284497436980264	0	0	0	0		1	False	0
ecol-SAMN34375047	GP_unb_19	130:233	4	0.0	0.49105483505975644	1.1888053767257143	GP_unb_29	157:168	5	0.0	0.4796988348830612	1.2973866633122033	0	0	0	0		1	False	0
ecol-SAMN34375047	GP_unb_19	130:233	4	0.0	0.49105483505975644	1.1888053767257143	GP_unb_30	166:160	4	0.0	0.21507936407806172	1.0429356347348702	0	0	0	0		1	False	0
ecol-SAMN34375047	GP_unb_19	130:233	4	0.0	0.49105483505975644	1.1888053767257143	GP_unb_31	167:160	5	0.0	0.4989549680172808	1.0394808368787318	0	0	0	0		1	False	0
ecol-SAMN34375047	GP_unb_19	130:233	4	0.0	0.49105483505975644	1.1888053767257143	GP_unb_32	170:156	5	0.0	0.489610564409944	0.8857580563280307	0	0	0	0		1	False	0
ecol-SAMN34375047	GP_unb_19	130:233	4	0.0	0.49105483505975644	1.1888053767257143	GP_unb_33	171:156	5	0.0	0.3302439589820926	1.0954135199852644	0	0	0	0		1	False	0
ecol-SAMN34375047	GP_unb_19	130:233	4	0.0	0.49105483505975644	1.1888053767257143	GP_unb_34	172:153	5	0.0	0.453655333245074	1.1118114551932035	0	0	0	0		1	False	0
ecol-SAMN34375047	GP_unb_19	130:233	4	0.0	0.49105483505975644	1.1888053767257143	GP_unb_35	173:152	4	0.0	0.3937565651970263	2.0112943586610297	0	0	0	0		1	False	0
ecol-SAMN34375047	GP_unb_19	130:233	4	0.0	0.49105483505975644	1.1888053767257143	GP_unb_36	177:150	5	0.0	0.013632447912708234	7.32709163525601	0	0	0	0		1	False	0
ecol-SAMN34375047	GP_unb_19	130:233	4	0.0	0.49105483505975644	1.1888053767257143	GP_unb_37	219:116	4	0.0	0.4892892881834844	1.2391852247864898	4	0.0	0.9803441232432408	1.1888053767252131		0	False	0
ecol-SAMN34375047	GP_unb_19	130:233	4	0.0	0.49105483505975644	1.1888053767257143	GP_unb_38	224:112	4	0.0	0.46294458785956616	2.1528467264779483	0	0	0	0		1	False	0
ecol-SAMN34375047	GP_unb_19	130:233	4	0.0	0.49105483505975644	1.1888053767257143	GP_unb_39	228:109	4	0.0	0.49977650941861884	1.9011811005934705	0	0	0	0		1	False	0
ecol-SAMN34375047	GP_unb_19	130:233	4	0.0	0.49105483505975644	1.1888053767257143	GP_unb_40	230:109	5	0.0	0.488385559122413	1.9849049144387194	0	0	0	0		1	False	0
ecol-SAMN34375047	GP_unb_20	132:223	5	0.0	0.41624278017758964	1.3296613938694186	GP_unb_21	133:223	5	0.0	0.408511360060988	1.1646307769027222	5	-1.6562468906344376	10.259156336540647	0.11392970901579247	27:37279,29:34364,36:27171,41:15539,44:11585,45:11355,46:11201,58:1917,63:1262,65:1202,72:969,74:850,75:820,85:528,92:460,97:355,103:330,104:329,106:325,112:291,113:291,116:282,122:259,123:258,125:248,147:196,148:196,153:181,155:173,159:166,175:151,178:148,181:144,183:143,184:141,185:140,188:136,190:134,192:134,193:132,195:132,201:130,211:119,218:116,220:115,223:113,231:106,232:106,233:105,236:102	0	False	0
ecol-SAMN34375047	GP_unb_20	132:223	5	0.0	0.41624278017758964	1.3296613938694186	GP_unb_22	134:220	2	0.0	0.3968998665507588	1.2895650728472656	0	0	0	0		1	False	0
ecol-SAMN34375047	GP_unb_20	132:223	5	0.0	0.41624278017758964	1.3296613938694186	GP_unb_23	135:219	5	0.0	0.44235904838689255	0.4623184434091532	5	-1.8232937657521022	11.059257713494295	0.07120971836047829	2:413688,27:37279,29:34364,36:27171,37:19914,41:15539,44:11585,45:11355,46:11201,58:1917,60:1383,62:1287,63:1262,65:1202,71:975,72:969,74:850,75:820,85:528,92:460,97:355,103:330,104:329,105:325,106:325,112:291,113:291,116:282,122:259,123:258,147:196,148:196,155:173,159:166,175:151,181:144,183:143,184:141,188:136,192:134,193:132,195:132,201:130,211:119,218:116,220:115,223:113,231:106,232:106,233:105,236:102	0	False	0
ecol-SAMN34375047	GP_unb_20	132:223	5	0.0	0.41624278017758964	1.3296613938694186	GP_unb_24	140:211	5	0.0	0.1675830139114065	1.0746038663186412	0	0	0	0		1	False	0
ecol-SAMN34375047	GP_unb_20	132:223	5	0.0	0.41624278017758964	1.3296613938694186	GP_unb_25	141:211	5	0.0	0.47333547992256597	1.0955572827048956	0	0	0	0		1	False	0
ecol-SAMN34375047	GP_unb_20	132:223	5	0.0	0.41624278017758964	1.3296613938694186	GP_unb_26	143:208	5	0.0	0.475990418465596	1.0334472952392078	0	0	0	0		1	False	0
ecol-SAMN34375047	GP_unb_20	132:223	5	0.0	0.41624278017758964	1.3296613938694186	GP_unb_27	144:208	5	0.0	0.48221642619736504	0.8881615892968656	0	0	0	0		1	False	0
ecol-SAMN34375047	GP_unb_20	132:223	5	0.0	0.41624278017758964	1.3296613938694186	GP_unb_28	151:186	5	0.0	0.49126754067499323	0.6284497436980264	5	-1.7266462489954555	10.509084953085113	0.11392970901579247	2:413688,12:139701,17:126231,27:37279,29:34364,41:15539,44:11585,45:11355,46:11201,58:1917,63:1262,65:1202,72:969,74:850,75:820,85:528,92:460,97:355,103:330,104:329,105:325,106:325,112:291,113:291,116:282,122:259,123:258,142:210,147:196,148:196,155:173,159:166,160:166,175:151,181:144,183:143,184:141,188:136,192:134,193:132,195:132,201:130,211:119,218:116,220:115,223:113,231:106,232:106,233:105,236:102	0	False	0
ecol-SAMN34375047	GP_unb_20	132:223	5	0.0	0.41624278017758964	1.3296613938694186	GP_unb_29	157:168	5	0.0	0.4796988348830612	1.2973866633122033	5	-1.8292804752813052	9.509019922586655	0.11392970901579247	5:245627,14:134225,25:55987,27:37279,29:34364,36:27171,40:16232,41:15539,44:11585,45:11355,46:11201,58:1917,59:1577,61:1318,63:1262,65:1202,72:969,74:850,75:820,76:817,85:528,92:460,97:355,103:330,104:329,105:325,106:325,112:291,113:291,116:282,122:259,123:258,147:196,148:196,153:181,155:173,159:166,174:151,175:151,178:148,181:144,183:143,184:141,188:136,192:134,193:132,195:132,201:130,205:128,211:119,218:116,220:115,223:113,231:106,232:106,233:105,236:102	0	False	0
ecol-SAMN34375047	GP_unb_20	132:223	5	0.0	0.41624278017758964	1.3296613938694186	GP_unb_30	166:160	4	0.0	0.21507936407806172	1.0429356347348702	0	0	0	0		1	False	0
ecol-SAMN34375047	GP_unb_20	132:223	5	0.0	0.41624278017758964	1.3296613938694186	GP_unb_31	167:160	5	0.0	0.4989549680172808	1.0394808368787318	0	0	0	0		1	False	0
ecol-SAMN34375047	GP_unb_20	132:223	5	0.0	0.41624278017758964	1.3296613938694186	GP_unb_32	170:156	5	0.0	0.489610564409944	0.8857580563280307	0	0	0	0		1	False	0
ecol-SAMN34375047	GP_unb_20	132:223	5	0.0	0.41624278017758964	1.3296613938694186	GP_unb_33	171:156	5	0.0	0.3302439589820926	1.0954135199852644	0	0	0	0		1	False	0
ecol-SAMN34375047	GP_unb_20	132:223	5	0.0	0.41624278017758964	1.3296613938694186	GP_unb_34	172:153	5	0.0	0.453655333245074	1.1118114551932035	5	-1.8088667194870527	10.741764737458508	0.11392970901579247	2:413688,12:139701,17:126231,29:34364,37:19914,41:15539,44:11585,45:11355,46:11201,58:1917,62:1287,63:1262,65:1202,71:975,74:850,75:820,85:528,92:460,103:330,104:329,105:325,106:325,112:291,113:291,116:282,122:259,123:258,147:196,148:196,155:173,159:166,160:166,175:151,181:144,183:143,184:141,188:136,192:134,193:132,195:132,201:130,211:119,218:116,220:115,231:106,232:106,233:105,236:102	0	False	0
ecol-SAMN34375047	GP_unb_20	132:223	5	0.0	0.41624278017758964	1.3296613938694186	GP_unb_35	173:152	4	0.0	0.3937565651970263	2.0112943586610297	5	-1.6933377816127777	10.63987245660097	0.11392970901508702	2:413688,17:126231,29:34364,41:15539,43:13205,44:11585,45:11355,46:11201,54:3958,58:1917,63:1262,65:1202,72:969,74:850,75:820,77:754,85:528,92:460,97:355,103:330,104:329,105:325,106:325,112:291,113:291,116:282,122:259,123:258,147:196,148:196,153:181,155:173,159:166,175:151,178:148,181:144,183:143,184:141,188:136,192:134,193:132,195:132,201:130,211:119,218:116,220:115,223:113,231:106,232:106,233:105,236:102	0	False	0
ecol-SAMN34375047	GP_unb_20	132:223	5	0.0	0.41624278017758964	1.3296613938694186	GP_unb_36	177:150	5	0.0	0.013632447912708234	7.32709163525601	5	-1.5869547095730416	10.330853184735306	0.11392970901579247	2:413688,27:37279,29:34364,41:15539,44:11585,45:11355,46:11201,58:1917,63:1262,65:1202,72:969,74:850,75:820,85:528,92:460,97:355,103:330,104:329,105:325,106:325,112:291,113:291,116:282,122:259,123:258,147:196,148:196,153:181,155:173,159:166,175:151,178:148,181:144,183:143,184:141,188:136,192:134,193:132,195:132,201:130,211:119,218:116,220:115,223:113,231:106,232:106,233:105,236:102	0	False	0
ecol-SAMN34375047	GP_unb_20	132:223	5	0.0	0.41624278017758964	1.3296613938694186	GP_unb_37	219:116	4	0.0	0.4892892881834844	1.2391852247864898	0	0	0	0		1	False	0
ecol-SAMN34375047	GP_unb_20	132:223	5	0.0	0.41624278017758964	1.3296613938694186	GP_unb_38	224:112	4	0.0	0.46294458785956616	2.1528467264779483	0	0	0	0		1	False	0
ecol-SAMN34375047	GP_unb_20	132:223	5	0.0	0.41624278017758964	1.3296613938694186	GP_unb_39	228:109	4	0.0	0.49977650941861884	1.9011811005934705	5	-1.9629051952204248	9.929008736559888	0.11392970901579247	2:413688,17:126231,41:15539,44:11585,45:11355,46:11201,54:3958,58:1917,63:1262,65:1202,67:1078,72:969,74:850,75:820,85:528,87:522,92:460,97:355,103:330,104:329,105:325,106:325,112:291,113:291,116:282,122:259,123:258,147:196,148:196,153:181,155:173,158:167,159:166,175:151,178:148,181:144,183:143,184:141,188:136,192:134,193:132,195:132,201:130,211:119,218:116,220:115,223:113,225:111,229:109,231:106,232:106,233:105,236:102	0	False	0
ecol-SAMN34375047	GP_unb_20	132:223	5	0.0	0.41624278017758964	1.3296613938694186	GP_unb_40	230:109	5	0.0	0.488385559122413	1.9849049144387194	5	-1.8869329093926037	10.955979469324442	0.11392970901579247	2:413688,17:126231,26:52304,29:34364,41:15539,43:13205,44:11585,45:11355,46:11201,54:3958,58:1917,63:1262,65:1202,72:969,74:850,75:820,77:754,83:559,84:559,85:528,92:460,94:409,97:355,98:348,103:330,104:329,105:325,106:325,112:291,113:291,116:282,122:259,123:258,138:213,145:202,146:202,147:196,148:196,153:181,155:173,159:166,175:151,178:148,181:144,183:143,184:141,186:140,188:136,192:134,193:132,195:132,201:130,211:119,215:118,218:116,220:115,223:113,231:106,232:106,233:105,236:102	0	False	0
ecol-SAMN34375047	GP_unb_21	133:223	5	0.0	0.408511360060988	1.1646307769027222	GP_unb_22	134:220	2	0.0	0.3968998665507588	1.2895650728472656	0	0	0	0		1	False	0
ecol-SAMN34375047	GP_unb_21	133:223	5	0.0	0.408511360060988	1.1646307769027222	GP_unb_23	135:219	5	0.0	0.44235904838689255	0.4623184434091532	5	-1.8232937657521022	11.051526293377693	0.07120971836047829	2:413688,27:37279,29:34364,36:27171,37:19914,41:15539,44:11585,45:11355,46:11201,58:1917,60:1383,62:1287,63:1262,65:1202,71:975,72:969,74:850,75:820,85:528,92:460,97:355,103:330,104:329,105:325,106:325,112:291,113:291,116:282,122:259,123:258,147:196,148:196,155:173,159:166,175:151,181:144,183:143,184:141,188:136,192:134,193:132,195:132,201:130,211:119,218:116,220:115,223:113,231:106,232:106,233:105,236:102	0	False	0
ecol-SAMN34375047	GP_unb_21	133:223	5	0.0	0.408511360060988	1.1646307769027222	GP_unb_24	140:211	5	0.0	0.1675830139114065	1.0746038663186412	0	0	0	0		1	False	0
ecol-SAMN34375047	GP_unb_21	133:223	5	0.0	0.408511360060988	1.1646307769027222	GP_unb_25	141:211	5	0.0	0.47333547992256597	1.0955572827048956	0	0	0	0		1	False	0
ecol-SAMN34375047	GP_unb_21	133:223	5	0.0	0.408511360060988	1.1646307769027222	GP_unb_26	143:208	5	0.0	0.475990418465596	1.0334472952392078	0	0	0	0		1	False	0
ecol-SAMN34375047	GP_unb_21	133:223	5	0.0	0.408511360060988	1.1646307769027222	GP_unb_27	144:208	5	0.0	0.48221642619736504	0.8881615892968656	0	0	0	0		1	False	0
ecol-SAMN34375047	GP_unb_21	133:223	5	0.0	0.408511360060988	1.1646307769027222	GP_unb_28	151:186	5	0.0	0.49126754067499323	0.6284497436980264	5	-1.7266462489954555	10.50135353296851	0.11392970901579247	2:413688,12:139701,17:126231,27:37279,29:34364,41:15539,44:11585,45:11355,46:11201,58:1917,63:1262,65:1202,72:969,74:850,75:820,85:528,92:460,97:355,103:330,104:329,105:325,106:325,112:291,113:291,116:282,122:259,123:258,142:210,147:196,148:196,155:173,159:166,160:166,175:151,181:144,183:143,184:141,188:136,192:134,193:132,195:132,201:130,211:119,218:116,220:115,223:113,231:106,232:106,233:105,236:102	0	False	0
ecol-SAMN34375047	GP_unb_21	133:223	5	0.0	0.408511360060988	1.1646307769027222	GP_unb_29	157:168	5	0.0	0.4796988348830612	1.2973866633122033	5	-1.8292804752813052	9.501288502470056	0.11392970901579247	5:245627,14:134225,25:55987,27:37279,29:34364,36:27171,40:16232,41:15539,44:11585,45:11355,46:11201,58:1917,59:1577,61:1318,63:1262,65:1202,72:969,74:850,75:820,76:817,85:528,92:460,97:355,103:330,104:329,105:325,106:325,112:291,113:291,116:282,122:259,123:258,147:196,148:196,153:181,155:173,159:166,174:151,175:151,178:148,181:144,183:143,184:141,188:136,192:134,193:132,195:132,201:130,205:128,211:119,218:116,220:115,223:113,231:106,232:106,233:105,236:102	0	False	0
ecol-SAMN34375047	GP_unb_21	133:223	5	0.0	0.408511360060988	1.1646307769027222	GP_unb_30	166:160	4	0.0	0.21507936407806172	1.0429356347348702	0	0	0	0		1	False	0
ecol-SAMN34375047	GP_unb_21	133:223	5	0.0	0.408511360060988	1.1646307769027222	GP_unb_31	167:160	5	0.0	0.4989549680172808	1.0394808368787318	0	0	0	0		1	False	0
ecol-SAMN34375047	GP_unb_21	133:223	5	0.0	0.408511360060988	1.1646307769027222	GP_unb_32	170:156	5	0.0	0.489610564409944	0.8857580563280307	0	0	0	0		1	False	0
ecol-SAMN34375047	GP_unb_21	133:223	5	0.0	0.408511360060988	1.1646307769027222	GP_unb_33	171:156	5	0.0	0.3302439589820926	1.0954135199852644	0	0	0	0		1	False	0
ecol-SAMN34375047	GP_unb_21	133:223	5	0.0	0.408511360060988	1.1646307769027222	GP_unb_34	172:153	5	0.0	0.453655333245074	1.1118114551932035	5	-1.8088667194870527	10.734033317341906	0.11392970901579247	2:413688,12:139701,17:126231,29:34364,37:19914,41:15539,44:11585,45:11355,46:11201,58:1917,62:1287,63:1262,65:1202,71:975,74:850,75:820,85:528,92:460,103:330,104:329,105:325,106:325,112:291,113:291,116:282,122:259,123:258,147:196,148:196,155:173,159:166,160:166,175:151,181:144,183:143,184:141,188:136,192:134,193:132,195:132,201:130,211:119,218:116,220:115,231:106,232:106,233:105,236:102	0	False	0
ecol-SAMN34375047	GP_unb_21	133:223	5	0.0	0.408511360060988	1.1646307769027222	GP_unb_35	173:152	4	0.0	0.3937565651970263	2.0112943586610297	5	-1.6933377816127777	10.632141036484368	0.11392970901579247	2:413688,17:126231,29:34364,41:15539,43:13205,44:11585,45:11355,46:11201,54:3958,58:1917,63:1262,65:1202,72:969,74:850,75:820,77:754,85:528,92:460,97:355,103:330,104:329,105:325,106:325,112:291,113:291,116:282,122:259,123:258,147:196,148:196,153:181,155:173,159:166,175:151,178:148,181:144,183:143,184:141,188:136,192:134,193:132,195:132,201:130,211:119,218:116,220:115,223:113,231:106,232:106,233:105,236:102	0	False	0
ecol-SAMN34375047	GP_unb_21	133:223	5	0.0	0.408511360060988	1.1646307769027222	GP_unb_36	177:150	5	0.0	0.013632447912708234	7.32709163525601	5	-1.5869547095730416	10.323121764618707	0.11392970901579247	2:413688,27:37279,29:34364,41:15539,44:11585,45:11355,46:11201,58:1917,63:1262,65:1202,72:969,74:850,75:820,85:528,92:460,97:355,103:330,104:329,105:325,106:325,112:291,113:291,116:282,122:259,123:258,147:196,148:196,153:181,155:173,159:166,175:151,178:148,181:144,183:143,184:141,188:136,192:134,193:132,195:132,201:130,211:119,218:116,220:115,223:113,231:106,232:106,233:105,236:102	0	False	0
ecol-SAMN34375047	GP_unb_21	133:223	5	0.0	0.408511360060988	1.1646307769027222	GP_unb_37	219:116	4	0.0	0.4892892881834844	1.2391852247864898	0	0	0	0		1	False	0
ecol-SAMN34375047	GP_unb_21	133:223	5	0.0	0.408511360060988	1.1646307769027222	GP_unb_38	224:112	4	0.0	0.46294458785956616	2.1528467264779483	0	0	0	0		1	False	0
ecol-SAMN34375047	GP_unb_21	133:223	5	0.0	0.408511360060988	1.1646307769027222	GP_unb_39	228:109	4	0.0	0.49977650941861884	1.9011811005934705	5	-1.9629051952204248	9.921277316443286	0.11392970901579247	2:413688,17:126231,41:15539,44:11585,45:11355,46:11201,54:3958,58:1917,63:1262,65:1202,67:1078,72:969,74:850,75:820,85:528,87:522,92:460,97:355,103:330,104:329,105:325,106:325,112:291,113:291,116:282,122:259,123:258,147:196,148:196,153:181,155:173,158:167,159:166,175:151,178:148,181:144,183:143,184:141,188:136,192:134,193:132,195:132,201:130,211:119,218:116,220:115,223:113,225:111,229:109,231:106,232:106,233:105,236:102	0	False	0
ecol-SAMN34375047	GP_unb_21	133:223	5	0.0	0.408511360060988	1.1646307769027222	GP_unb_40	230:109	5	0.0	0.488385559122413	1.9849049144387194	5	-1.8869329093926037	10.948248049207843	0.11392970901579647	2:413688,17:126231,26:52304,29:34364,41:15539,43:13205,44:11585,45:11355,46:11201,54:3958,58:1917,63:1262,65:1202,72:969,74:850,75:820,77:754,83:559,84:559,85:528,92:460,94:409,97:355,98:348,103:330,104:329,105:325,106:325,112:291,113:291,116:282,122:259,123:258,138:213,145:202,146:202,147:196,148:196,153:181,155:173,159:166,175:151,178:148,181:144,183:143,184:141,186:140,188:136,192:134,193:132,195:132,201:130,211:119,215:118,218:116,220:115,223:113,231:106,232:106,233:105,236:102	0	False	0
ecol-SAMN34375047	GP_unb_22	134:220	2	0.0	0.3968998665507588	1.2895650728472656	GP_unb_23	135:219	5	0.0	0.44235904838689255	0.4623184434091532	0	0	0	0		1	False	0
ecol-SAMN34375047	GP_unb_22	134:220	2	0.0	0.3968998665507588	1.2895650728472656	GP_unb_24	140:211	5	0.0	0.1675830139114065	1.0746038663186412	0	0	0	0		1	False	0
ecol-SAMN34375047	GP_unb_22	134:220	2	0.0	0.3968998665507588	1.2895650728472656	GP_unb_25	141:211	5	0.0	0.47333547992256597	1.0955572827048956	0	0	0	0		1	False	0
ecol-SAMN34375047	GP_unb_22	134:220	2	0.0	0.3968998665507588	1.2895650728472656	GP_unb_26	143:208	5	0.0	0.475990418465596	1.0334472952392078	0	0	0	0		1	False	0
ecol-SAMN34375047	GP_unb_22	134:220	2	0.0	0.3968998665507588	1.2895650728472656	GP_unb_27	144:208	5	0.0	0.48221642619736504	0.8881615892968656	0	0	0	0		1	False	0
ecol-SAMN34375047	GP_unb_22	134:220	2	0.0	0.3968998665507588	1.2895650728472656	GP_unb_28	151:186	5	0.0	0.49126754067499323	0.6284497436980264	0	0	0	0		1	False	0
ecol-SAMN34375047	GP_unb_22	134:220	2	0.0	0.3968998665507588	1.2895650728472656	GP_unb_29	157:168	5	0.0	0.4796988348830612	1.2973866633122033	0	0	0	0		1	False	0
ecol-SAMN34375047	GP_unb_22	134:220	2	0.0	0.3968998665507588	1.2895650728472656	GP_unb_30	166:160	4	0.0	0.21507936407806172	1.0429356347348702	0	0	0	0		1	False	0
ecol-SAMN34375047	GP_unb_22	134:220	2	0.0	0.3968998665507588	1.2895650728472656	GP_unb_31	167:160	5	0.0	0.4989549680172808	1.0394808368787318	0	0	0	0		1	False	0
ecol-SAMN34375047	GP_unb_22	134:220	2	0.0	0.3968998665507588	1.2895650728472656	GP_unb_32	170:156	5	0.0	0.489610564409944	0.8857580563280307	0	0	0	0		1	False	0
ecol-SAMN34375047	GP_unb_22	134:220	2	0.0	0.3968998665507588	1.2895650728472656	GP_unb_33	171:156	5	0.0	0.3302439589820926	1.0954135199852644	0	0	0	0		1	False	0
ecol-SAMN34375047	GP_unb_22	134:220	2	0.0	0.3968998665507588	1.2895650728472656	GP_unb_34	172:153	5	0.0	0.453655333245074	1.1118114551932035	0	0	0	0		1	False	0
ecol-SAMN34375047	GP_unb_22	134:220	2	0.0	0.3968998665507588	1.2895650728472656	GP_unb_35	173:152	4	0.0	0.3937565651970263	2.0112943586610297	0	0	0	0		1	False	0
ecol-SAMN34375047	GP_unb_22	134:220	2	0.0	0.3968998665507588	1.2895650728472656	GP_unb_36	177:150	5	0.0	0.013632447912708234	7.32709163525601	0	0	0	0		1	False	0
ecol-SAMN34375047	GP_unb_22	134:220	2	0.0	0.3968998665507588	1.2895650728472656	GP_unb_37	219:116	4	0.0	0.4892892881834844	1.2391852247864898	4	-0.019986229612449974	0.8861891547342432	1.239185224785615		0	False	0
ecol-SAMN34375047	GP_unb_22	134:220	2	0.0	0.3968998665507588	1.2895650728472656	GP_unb_38	224:112	4	0.0	0.46294458785956616	2.1528467264779483	0	0	0	0		1	False	0
ecol-SAMN34375047	GP_unb_22	134:220	2	0.0	0.3968998665507588	1.2895650728472656	GP_unb_39	228:109	4	0.0	0.49977650941861884	1.9011811005934705	0	0	0	0		1	False	0
ecol-SAMN34375047	GP_unb_22	134:220	2	0.0	0.3968998665507588	1.2895650728472656	GP_unb_40	230:109	5	0.0	0.488385559122413	1.9849049144387194	0	0	0	0		1	False	0
ecol-SAMN34375047	GP_unb_23	135:219	5	0.0	0.44235904838689255	0.4623184434091532	GP_unb_24	140:211	5	0.0	0.1675830139114065	1.0746038663186412	0	0	0	0		1	False	0
ecol-SAMN34375047	GP_unb_23	135:219	5	0.0	0.44235904838689255	0.4623184434091532	GP_unb_25	141:211	5	0.0	0.47333547992256597	1.0955572827048956	0	0	0	0		1	False	0
ecol-SAMN34375047	GP_unb_23	135:219	5	0.0	0.44235904838689255	0.4623184434091532	GP_unb_26	143:208	5	0.0	0.475990418465596	1.0334472952392078	0	0	0	0		1	False	0
ecol-SAMN34375047	GP_unb_23	135:219	5	0.0	0.44235904838689255	0.4623184434091532	GP_unb_27	144:208	5	0.0	0.48221642619736504	0.8881615892968656	0	0	0	0		1	False	0
ecol-SAMN34375047	GP_unb_23	135:219	5	0.0	0.44235904838689255	0.4623184434091532	GP_unb_28	151:186	5	0.0	0.49126754067499323	0.6284497436980264	5	-1.2352121117767263	9.285965369750377	0.07120971836047829	2:413688,12:139701,17:126231,27:37279,29:34364,44:11585,46:11201,54:3958,60:1383,62:1287,63:1262,65:1202,72:969,75:820,85:528,97:355,103:330,104:329,105:325,106:325,112:291,113:291,116:282,122:259,123:258,142:210,147:196,148:196,155:173,159:166,160:166,175:151,183:143,188:136,192:134,201:130,211:119,231:106,232:106,233:105,236:102	0	False	0
ecol-SAMN34375047	GP_unb_23	135:219	5	0.0	0.44235904838689255	0.4623184434091532	GP_unb_29	157:168	5	0.0	0.4796988348830612	1.2973866633122033	5	-1.4808253177174926	8.331824477961309	0.07120971836047829	1:451721,2:413688,12:139701,27:37279,29:34364,31:32561,37:19914,41:15539,44:11585,45:11355,46:11201,58:1917,60:1383,62:1287,63:1262,65:1202,71:975,72:969,74:850,75:820,85:528,89:518,92:460,97:355,103:330,104:329,105:325,106:325,112:291,113:291,116:282,122:259,123:258,147:196,148:196,155:173,159:166,160:166,174:151,175:151,183:143,188:136,192:134,201:130,211:119,223:113,231:106,232:106,233:105,236:102	0	False	0
ecol-SAMN34375047	GP_unb_23	135:219	5	0.0	0.44235904838689255	0.4623184434091532	GP_unb_30	166:160	4	0.0	0.21507936407806172	1.0429356347348702	0	0	0	0		1	False	0
ecol-SAMN34375047	GP_unb_23	135:219	5	0.0	0.44235904838689255	0.4623184434091532	GP_unb_31	167:160	5	0.0	0.4989549680172808	1.0394808368787318	0	0	0	0		1	False	0
ecol-SAMN34375047	GP_unb_23	135:219	5	0.0	0.44235904838689255	0.4623184434091532	GP_unb_32	170:156	5	0.0	0.489610564409944	0.8857580563280307	0	0	0	0		1	False	0
ecol-SAMN34375047	GP_unb_23	135:219	5	0.0	0.44235904838689255	0.4623184434091532	GP_unb_33	171:156	5	0.0	0.3302439589820926	1.0954135199852644	0	0	0	0		1	False	0
ecol-SAMN34375047	GP_unb_23	135:219	5	0.0	0.44235904838689255	0.4623184434091532	GP_unb_34	172:153	5	0.0	0.453655333245074	1.1118114551932035	5	-1.3641791117948143	9.557080490905799	0.07120971836047829	2:413688,12:139701,17:126231,27:37279,29:34364,41:15539,44:11585,45:11355,46:11201,58:1917,60:1383,62:1287,63:1262,65:1202,72:969,74:850,75:820,85:528,92:460,97:355,103:330,104:329,105:325,106:325,112:291,113:291,116:282,122:259,123:258,147:196,148:196,155:173,159:166,160:166,175:151,183:143,188:136,192:134,201:130,211:119,223:113,231:106,232:106,233:105,236:102	0	False	0
ecol-SAMN34375047	GP_unb_23	135:219	5	0.0	0.44235904838689255	0.4623184434091532	GP_unb_35	173:152	4	0.0	0.3937565651970263	2.0112943586610297	5	-1.4416868359108492	9.598548955757144	0.07120971836047829	2:413688,12:139701,17:126231,27:37279,29:34364,41:15539,43:13205,44:11585,45:11355,46:11201,58:1917,60:1383,62:1287,63:1262,65:1202,71:975,72:969,74:850,75:820,77:754,85:528,92:460,97:355,103:330,104:329,105:325,106:325,112:291,113:291,116:282,122:259,123:258,147:196,148:196,155:173,159:166,160:166,175:151,183:143,188:136,192:134,201:130,211:119,223:113,231:106,232:106,233:105,236:102	0	False	0
ecol-SAMN34375047	GP_unb_23	135:219	5	0.0	0.44235904838689255	0.4623184434091532	GP_unb_36	177:150	5	0.0	0.013632447912708234	7.32709163525601	5	-1.4230418045887736	9.349191022845032	0.07120971836047829	2:413688,12:139701,27:37279,29:34364,37:19914,41:15539,44:11585,45:11355,46:11201,58:1917,60:1383,62:1287,63:1262,65:1202,71:975,72:969,74:850,75:820,85:528,92:460,97:355,103:330,104:329,105:325,106:325,112:291,113:291,116:282,122:259,123:258,147:196,148:196,155:173,159:166,160:166,175:151,183:143,188:136,192:134,201:130,211:119,223:113,231:106,232:106,233:105,236:102	0	False	0
ecol-SAMN34375047	GP_unb_23	135:219	5	0.0	0.44235904838689255	0.4623184434091532	GP_unb_37	219:116	4	0.0	0.4892892881834844	1.2391852247864898	0	0	0	0		1	False	0
ecol-SAMN34375047	GP_unb_23	135:219	5	0.0	0.44235904838689255	0.4623184434091532	GP_unb_38	224:112	4	0.0	0.46294458785956616	2.1528467264779483	0	0	0	0		1	False	0
ecol-SAMN34375047	GP_unb_23	135:219	5	0.0	0.44235904838689255	0.4623184434091532	GP_unb_39	228:109	4	0.0	0.49977650941861884	1.9011811005934705	5	-1.7112542495184966	8.887685235716061	0.07120971836047829	2:413688,12:139701,17:126231,27:37279,41:15539,44:11585,45:11355,46:11201,58:1917,60:1383,62:1287,63:1262,65:1202,67:1078,71:975,72:969,74:850,75:820,85:528,87:522,92:460,97:355,103:330,104:329,105:325,106:325,112:291,113:291,116:282,122:259,123:258,147:196,148:196,155:173,158:167,159:166,160:166,175:151,183:143,188:136,192:134,201:130,211:119,223:113,225:111,229:109,231:106,232:106,233:105,236:102	0	False	0
ecol-SAMN34375047	GP_unb_23	135:219	5	0.0	0.44235904838689255	0.4623184434091532	GP_unb_40	230:109	5	0.0	0.488385559122413	1.9849049144387194	5	-1.6352819636906752	9.914655968480618	0.07120971836047829	2:413688,12:139701,17:126231,26:52304,27:37279,29:34364,41:15539,43:13205,44:11585,45:11355,46:11201,58:1917,60:1383,62:1287,63:1262,65:1202,71:975,72:969,74:850,75:820,77:754,83:559,84:559,85:528,92:460,94:409,97:355,98:348,103:330,104:329,105:325,106:325,112:291,113:291,116:282,122:259,123:258,138:213,145:202,146:202,147:196,148:196,155:173,159:166,160:166,175:151,183:143,186:140,188:136,192:134,201:130,211:119,215:118,223:113,231:106,232:106,233:105,236:102	0	False	0
ecol-SAMN34375047	GP_unb_24	140:211	5	0.0	0.1675830139114065	1.0746038663186412	GP_unb_25	141:211	5	0.0	0.47333547992256597	1.0955572827048956	5	0.0	0.3133356882177792	1.0746038663182844	202:129	0	False	0
ecol-SAMN34375047	GP_unb_24	140:211	5	0.0	0.1675830139114065	1.0746038663186412	GP_unb_26	143:208	5	0.0	0.475990418465596	1.0334472952392078	0	0	0	0		1	False	0
ecol-SAMN34375047	GP_unb_24	140:211	5	0.0	0.1675830139114065	1.0746038663186412	GP_unb_27	144:208	5	0.0	0.48221642619736504	0.8881615892968656	0	0	0	0		1	False	0
ecol-SAMN34375047	GP_unb_24	140:211	5	0.0	0.1675830139114065	1.0746038663186412	GP_unb_28	151:186	5	0.0	0.49126754067499323	0.6284497436980264	0	0	0	0		1	False	0
ecol-SAMN34375047	GP_unb_24	140:211	5	0.0	0.1675830139114065	1.0746038663186412	GP_unb_29	157:168	5	0.0	0.4796988348830612	1.2973866633122033	0	0	0	0		1	False	0
ecol-SAMN34375047	GP_unb_24	140:211	5	0.0	0.1675830139114065	1.0746038663186412	GP_unb_30	166:160	4	0.0	0.21507936407806172	1.0429356347348702	0	0	0	0		1	False	0
ecol-SAMN34375047	GP_unb_24	140:211	5	0.0	0.1675830139114065	1.0746038663186412	GP_unb_31	167:160	5	0.0	0.4989549680172808	1.0394808368787318	0	0	0	0		1	False	0
ecol-SAMN34375047	GP_unb_24	140:211	5	0.0	0.1675830139114065	1.0746038663186412	GP_unb_32	170:156	5	0.0	0.489610564409944	0.8857580563280307	5	0.0	0.4588133404969982	0.8857580563271767	109:313,164:161,180:145	0	False	0
ecol-SAMN34375047	GP_unb_24	140:211	5	0.0	0.1675830139114065	1.0746038663186412	GP_unb_33	171:156	5	0.0	0.3302439589820926	1.0954135199852644	5	0.0	0.29944673506914676	1.041718144202605	109:313,164:161,180:145	0	False	0
ecol-SAMN34375047	GP_unb_24	140:211	5	0.0	0.1675830139114065	1.0746038663186412	GP_unb_34	172:153	5	0.0	0.453655333245074	1.1118114551932035	0	0	0	0		1	False	0
ecol-SAMN34375047	GP_unb_24	140:211	5	0.0	0.1675830139114065	1.0746038663186412	GP_unb_35	173:152	4	0.0	0.3937565651970263	2.0112943586610297	0	0	0	0		1	False	0
ecol-SAMN34375047	GP_unb_24	140:211	5	0.0	0.1675830139114065	1.0746038663186412	GP_unb_36	177:150	5	0.0	0.013632447912708234	7.32709163525601	0	0	0	0		1	False	0
ecol-SAMN34375047	GP_unb_24	140:211	5	0.0	0.1675830139114065	1.0746038663186412	GP_unb_37	219:116	4	0.0	0.4892892881834844	1.2391852247864898	0	0	0	0		1	False	0
ecol-SAMN34375047	GP_unb_24	140:211	5	0.0	0.1675830139114065	1.0746038663186412	GP_unb_38	224:112	4	0.0	0.46294458785956616	2.1528467264779483	0	0	0	0		1	False	0
ecol-SAMN34375047	GP_unb_24	140:211	5	0.0	0.1675830139114065	1.0746038663186412	GP_unb_39	228:109	4	0.0	0.49977650941861884	1.9011811005934705	0	0	0	0		1	False	0
ecol-SAMN34375047	GP_unb_24	140:211	5	0.0	0.1675830139114065	1.0746038663186412	GP_unb_40	230:109	5	0.0	0.488385559122413	1.9849049144387194	5	0.0	0.3283857674176262	1.0746038663182844	202:129	0	False	0
ecol-SAMN34375047	GP_unb_25	141:211	5	0.0	0.47333547992256597	1.0955572827048956	GP_unb_26	143:208	5	0.0	0.475990418465596	1.0334472952392078	0	0	0	0		1	False	0
ecol-SAMN34375047	GP_unb_25	141:211	5	0.0	0.47333547992256597	1.0955572827048956	GP_unb_27	144:208	5	0.0	0.48221642619736504	0.8881615892968656	0	0	0	0		1	False	0
ecol-SAMN34375047	GP_unb_25	141:211	5	0.0	0.47333547992256597	1.0955572827048956	GP_unb_28	151:186	5	0.0	0.49126754067499323	0.6284497436980264	0	0	0	0		1	False	0
ecol-SAMN34375047	GP_unb_25	141:211	5	0.0	0.47333547992256597	1.0955572827048956	GP_unb_29	157:168	5	0.0	0.4796988348830612	1.2973866633122033	0	0	0	0		1	False	0
ecol-SAMN34375047	GP_unb_25	141:211	5	0.0	0.47333547992256597	1.0955572827048956	GP_unb_30	166:160	4	0.0	0.21507936407806172	1.0429356347348702	0	0	0	0		1	False	0
ecol-SAMN34375047	GP_unb_25	141:211	5	0.0	0.47333547992256597	1.0955572827048956	GP_unb_31	167:160	5	0.0	0.4989549680172808	1.0394808368787318	0	0	0	0		1	False	0
ecol-SAMN34375047	GP_unb_25	141:211	5	0.0	0.47333547992256597	1.0955572827048956	GP_unb_32	170:156	5	0.0	0.489610564409944	0.8857580563280307	5	0.0	0.7645658065081578	0.8857580563271767	109:313,164:161,180:145	0	False	0
ecol-SAMN34375047	GP_unb_25	141:211	5	0.0	0.47333547992256597	1.0955572827048956	GP_unb_33	171:156	5	0.0	0.3302439589820926	1.0954135199852644	5	0.0	0.6051992010803062	1.041718144202605	109:313,164:161,180:145	0	False	0
ecol-SAMN34375047	GP_unb_25	141:211	5	0.0	0.47333547992256597	1.0955572827048956	GP_unb_34	172:153	5	0.0	0.453655333245074	1.1118114551932035	0	0	0	0		1	False	0
ecol-SAMN34375047	GP_unb_25	141:211	5	0.0	0.47333547992256597	1.0955572827048956	GP_unb_35	173:152	4	0.0	0.3937565651970263	2.0112943586610297	0	0	0	0		1	False	0
ecol-SAMN34375047	GP_unb_25	141:211	5	0.0	0.47333547992256597	1.0955572827048956	GP_unb_36	177:150	5	0.0	0.013632447912708234	7.32709163525601	0	0	0	0		1	False	0
ecol-SAMN34375047	GP_unb_25	141:211	5	0.0	0.47333547992256597	1.0955572827048956	GP_unb_37	219:116	4	0.0	0.4892892881834844	1.2391852247864898	0	0	0	0		1	False	0
ecol-SAMN34375047	GP_unb_25	141:211	5	0.0	0.47333547992256597	1.0955572827048956	GP_unb_38	224:112	4	0.0	0.46294458785956616	2.1528467264779483	0	0	0	0		1	False	0
ecol-SAMN34375047	GP_unb_25	141:211	5	0.0	0.47333547992256597	1.0955572827048956	GP_unb_39	228:109	4	0.0	0.49977650941861884	1.9011811005934705	0	0	0	0		1	False	0
ecol-SAMN34375047	GP_unb_25	141:211	5	0.0	0.47333547992256597	1.0955572827048956	GP_unb_40	230:109	5	0.0	0.488385559122413	1.9849049144387194	5	0.0	0.6341382334287857	1.0955572827042488	202:129	0	False	0
ecol-SAMN34375047	GP_unb_26	143:208	5	0.0	0.475990418465596	1.0334472952392078	GP_unb_27	144:208	5	0.0	0.48221642619736504	0.8881615892968656	5	-0.1383732035443052	1.404750450715234	0.8881615892969421	226:110	0	False	0
ecol-SAMN34375047	GP_unb_26	143:208	5	0.0	0.475990418465596	1.0334472952392078	GP_unb_28	151:186	5	0.0	0.49126754067499323	0.6284497436980264	0	0	0	0		1	False	0
ecol-SAMN34375047	GP_unb_26	143:208	5	0.0	0.475990418465596	1.0334472952392078	GP_unb_29	157:168	5	0.0	0.4796988348830612	1.2973866633122033	0	0	0	0		1	False	0
ecol-SAMN34375047	GP_unb_26	143:208	5	0.0	0.475990418465596	1.0334472952392078	GP_unb_30	166:160	4	0.0	0.21507936407806172	1.0429356347348702	0	0	0	0		1	False	0
ecol-SAMN34375047	GP_unb_26	143:208	5	0.0	0.475990418465596	1.0334472952392078	GP_unb_31	167:160	5	0.0	0.4989549680172808	1.0394808368787318	0	0	0	0		1	False	0
ecol-SAMN34375047	GP_unb_26	143:208	5	0.0	0.475990418465596	1.0334472952392078	GP_unb_32	170:156	5	0.0	0.489610564409944	0.8857580563280307	0	0	0	0		1	False	0
ecol-SAMN34375047	GP_unb_26	143:208	5	0.0	0.475990418465596	1.0334472952392078	GP_unb_33	171:156	5	0.0	0.3302439589820926	1.0954135199852644	0	0	0	0		1	False	0
ecol-SAMN34375047	GP_unb_26	143:208	5	0.0	0.475990418465596	1.0334472952392078	GP_unb_34	172:153	5	0.0	0.453655333245074	1.1118114551932035	0	0	0	0		1	False	0
ecol-SAMN34375047	GP_unb_26	143:208	5	0.0	0.475990418465596	1.0334472952392078	GP_unb_35	173:152	4	0.0	0.3937565651970263	2.0112943586610297	0	0	0	0		1	False	0
ecol-SAMN34375047	GP_unb_26	143:208	5	0.0	0.475990418465596	1.0334472952392078	GP_unb_36	177:150	5	0.0	0.013632447912708234	7.32709163525601	0	0	0	0		1	False	0
ecol-SAMN34375047	GP_unb_26	143:208	5	0.0	0.475990418465596	1.0334472952392078	GP_unb_37	219:116	4	0.0	0.4892892881834844	1.2391852247864898	0	0	0	0		1	False	0
ecol-SAMN34375047	GP_unb_26	143:208	5	0.0	0.475990418465596	1.0334472952392078	GP_unb_38	224:112	4	0.0	0.46294458785956616	2.1528467264779483	4	-0.11931365418805534	-0.08313161585304485	1.010063390374853	154:173,209:121,214:118,226:110	0	False	0
ecol-SAMN34375047	GP_unb_26	143:208	5	0.0	0.475990418465596	1.0334472952392078	GP_unb_39	228:109	4	0.0	0.49977650941861884	1.9011811005934705	0	0	0	0		1	False	0
ecol-SAMN34375047	GP_unb_26	143:208	5	0.0	0.475990418465596	1.0334472952392078	GP_unb_40	230:109	5	0.0	0.488385559122413	1.9849049144387194	0	0	0	0		1	False	0
ecol-SAMN34375047	GP_unb_27	144:208	5	0.0	0.48221642619736504	0.8881615892968656	GP_unb_28	151:186	5	0.0	0.49126754067499323	0.6284497436980264	0	0	0	0		1	False	0
ecol-SAMN34375047	GP_unb_27	144:208	5	0.0	0.48221642619736504	0.8881615892968656	GP_unb_29	157:168	5	0.0	0.4796988348830612	1.2973866633122033	0	0	0	0		1	False	0
ecol-SAMN34375047	GP_unb_27	144:208	5	0.0	0.48221642619736504	0.8881615892968656	GP_unb_30	166:160	4	0.0	0.21507936407806172	1.0429356347348702	0	0	0	0		1	False	0
ecol-SAMN34375047	GP_unb_27	144:208	5	0.0	0.48221642619736504	0.8881615892968656	GP_unb_31	167:160	5	0.0	0.4989549680172808	1.0394808368787318	0	0	0	0		1	False	0
ecol-SAMN34375047	GP_unb_27	144:208	5	0.0	0.48221642619736504	0.8881615892968656	GP_unb_32	170:156	5	0.0	0.489610564409944	0.8857580563280307	0	0	0	0		1	False	0
ecol-SAMN34375047	GP_unb_27	144:208	5	0.0	0.48221642619736504	0.8881615892968656	GP_unb_33	171:156	5	0.0	0.3302439589820926	1.0954135199852644	0	0	0	0		1	False	0
ecol-SAMN34375047	GP_unb_27	144:208	5	0.0	0.48221642619736504	0.8881615892968656	GP_unb_34	172:153	5	0.0	0.453655333245074	1.1118114551932035	0	0	0	0		1	False	0
ecol-SAMN34375047	GP_unb_27	144:208	5	0.0	0.48221642619736504	0.8881615892968656	GP_unb_35	173:152	4	0.0	0.3937565651970263	2.0112943586610297	0	0	0	0		1	False	0
ecol-SAMN34375047	GP_unb_27	144:208	5	0.0	0.48221642619736504	0.8881615892968656	GP_unb_36	177:150	5	0.0	0.013632447912708234	7.32709163525601	0	0	0	0		1	False	0
ecol-SAMN34375047	GP_unb_27	144:208	5	0.0	0.48221642619736504	0.8881615892968656	GP_unb_37	219:116	4	0.0	0.4892892881834844	1.2391852247864898	0	0	0	0		1	False	0
ecol-SAMN34375047	GP_unb_27	144:208	5	0.0	0.48221642619736504	0.8881615892968656	GP_unb_38	224:112	4	0.0	0.46294458785956616	2.1528467264779483	4	-0.1765394571524641	-0.07737228708897048	0.8881615892969421	154:173,209:121,213:118,226:110	0	False	0
ecol-SAMN34375047	GP_unb_27	144:208	5	0.0	0.48221642619736504	0.8881615892968656	GP_unb_39	228:109	4	0.0	0.49977650941861884	1.9011811005934705	0	0	0	0		1	False	0
ecol-SAMN34375047	GP_unb_27	144:208	5	0.0	0.48221642619736504	0.8881615892968656	GP_unb_40	230:109	5	0.0	0.488385559122413	1.9849049144387194	0	0	0	0		1	False	0
ecol-SAMN34375047	GP_unb_28	151:186	5	0.0	0.49126754067499323	0.6284497436980264	GP_unb_29	157:168	5	0.0	0.4796988348830612	1.2973866633122033	5	-1.4524704375894435	8.662872526539248	0.11392970901579247	5:245627,12:139701,14:134225,17:126231,25:55987,29:34364,40:16232,41:15539,44:11585,45:11355,46:11201,58:1917,59:1577,61:1318,63:1262,65:1202,72:969,74:850,75:820,76:817,85:528,92:460,103:330,104:329,105:325,106:325,112:291,113:291,116:282,122:259,123:258,142:210,147:196,148:196,153:181,155:173,159:166,160:166,174:151,175:151,178:148,183:143,188:136,192:134,201:130,205:128,211:119,231:106,232:106,233:105,236:102	0	False	0
ecol-SAMN34375047	GP_unb_28	151:186	5	0.0	0.49126754067499323	0.6284497436980264	GP_unb_30	166:160	4	0.0	0.21507936407806172	1.0429356347348702	0	0	0	0		1	False	0
ecol-SAMN34375047	GP_unb_28	151:186	5	0.0	0.49126754067499323	0.6284497436980264	GP_unb_31	167:160	5	0.0	0.4989549680172808	1.0394808368787318	0	0	0	0		1	False	0
ecol-SAMN34375047	GP_unb_28	151:186	5	0.0	0.49126754067499323	0.6284497436980264	GP_unb_32	170:156	5	0.0	0.489610564409944	0.8857580563280307	0	0	0	0		1	False	0
ecol-SAMN34375047	GP_unb_28	151:186	5	0.0	0.49126754067499323	0.6284497436980264	GP_unb_33	171:156	5	0.0	0.3302439589820926	1.0954135199852644	0	0	0	0		1	False	0
ecol-SAMN34375047	GP_unb_28	151:186	5	0.0	0.49126754067499323	0.6284497436980264	GP_unb_34	172:153	5	0.0	0.453655333245074	1.1118114551932035	5	-1.4464837280602405	9.926765075874103	0.11392970901579247	2:413688,12:139701,17:126231,29:34364,37:19914,41:15539,44:11585,45:11355,46:11201,58:1917,62:1287,63:1262,65:1202,71:975,72:969,74:850,75:820,85:528,92:460,103:330,104:329,105:325,106:325,112:291,113:291,116:282,122:259,123:258,142:210,147:196,148:196,155:173,159:166,160:166,175:151,183:143,188:136,192:134,201:130,211:119,231:106,232:106,233:105,236:102	0	False	0
ecol-SAMN34375047	GP_unb_28	151:186	5	0.0	0.49126754067499323	0.6284497436980264	GP_unb_35	173:152	4	0.0	0.3937565651970263	2.0112943586610297	5	-1.3938093818299897	9.685176056042026	0.11392970901579247	2:413688,12:139701,17:126231,27:37279,29:34364,41:15539,43:13205,44:11585,45:11355,46:11201,54:3958,58:1917,63:1262,65:1202,72:969,74:850,75:820,77:754,85:528,92:460,97:355,103:330,104:329,105:325,106:325,112:291,113:291,116:282,122:259,123:258,142:210,147:196,148:196,155:173,159:166,160:166,175:151,183:143,188:136,192:134,201:130,211:119,231:106,232:106,233:105,236:102	0	False	0
ecol-SAMN34375047	GP_unb_28	151:186	5	0.0	0.49126754067499323	0.6284497436980264	GP_unb_36	177:150	5	0.0	0.013632447912708234	7.32709163525601	5	-1.2162997155759314	9.350329019478503	0.11392993433353046	2:413688,12:139701,29:34364,41:15539,44:11585,45:11355,46:11201,58:1917,63:1262,65:1202,72:969,74:850,75:820,85:528,92:460,103:330,104:329,105:325,106:325,112:291,113:291,122:259,123:258,142:210,147:196,148:196,155:173,159:166,160:166,175:151,183:143,188:136,192:134,201:130,211:119,231:106,232:106,233:105,236:102	0	False	0
ecol-SAMN34375047	GP_unb_28	151:186	5	0.0	0.49126754067499323	0.6284497436980264	GP_unb_37	219:116	4	0.0	0.4892892881834844	1.2391852247864898	0	0	0	0		1	False	0
ecol-SAMN34375047	GP_unb_28	151:186	5	0.0	0.49126754067499323	0.6284497436980264	GP_unb_38	224:112	4	0.0	0.46294458785956616	2.1528467264779483	0	0	0	0		1	False	0
ecol-SAMN34375047	GP_unb_28	151:186	5	0.0	0.49126754067499323	0.6284497436980264	GP_unb_39	228:109	4	0.0	0.49977650941861884	1.9011811005934705	5	-1.4587359071503474	7.716840490514013	0.11392970901601739	2:413688,17:126231,41:15539,45:11355,46:11201,54:3958,58:1917,63:1262,65:1202,67:1078,72:969,74:850,75:820,85:528,87:522,92:460,97:355,103:330,104:329,105:325,106:325,112:291,113:291,116:282,122:259,123:258,142:210,147:196,148:196,153:181,155:173,158:167,175:151,178:148,183:143,188:136,192:134,201:130,223:113,225:111,229:109,231:106,232:106,233:105,236:102	0	False	0
ecol-SAMN34375047	GP_unb_28	151:186	5	0.0	0.49126754067499323	0.6284497436980264	GP_unb_40	230:109	5	0.0	0.488385559122413	1.9849049144387194	5	-1.5874045096098157	10.0012830687655	0.11392970901579247	2:413688,12:139701,17:126231,26:52304,27:37279,29:34364,41:15539,43:13205,44:11585,45:11355,46:11201,54:3958,58:1917,63:1262,65:1202,72:969,74:850,75:820,77:754,83:559,84:559,85:528,92:460,94:409,97:355,98:348,103:330,104:329,105:325,106:325,112:291,113:291,116:282,122:259,123:258,138:213,142:210,145:202,146:202,147:196,148:196,155:173,159:166,160:166,175:151,183:143,186:140,188:136,192:134,201:130,211:119,215:118,231:106,232:106,233:105,236:102	0	False	0
ecol-SAMN34375047	GP_unb_29	157:168	5	0.0	0.4796988348830612	1.2973866633122033	GP_unb_30	166:160	4	0.0	0.21507936407806172	1.0429356347348702	0	0	0	0		1	False	0
ecol-SAMN34375047	GP_unb_29	157:168	5	0.0	0.4796988348830612	1.2973866633122033	GP_unb_31	167:160	5	0.0	0.4989549680172808	1.0394808368787318	0	0	0	0		1	False	0
ecol-SAMN34375047	GP_unb_29	157:168	5	0.0	0.4796988348830612	1.2973866633122033	GP_unb_32	170:156	5	0.0	0.489610564409944	0.8857580563280307	0	0	0	0		1	False	0
ecol-SAMN34375047	GP_unb_29	157:168	5	0.0	0.4796988348830612	1.2973866633122033	GP_unb_33	171:156	5	0.0	0.3302439589820926	1.0954135199852644	0	0	0	0		1	False	0
ecol-SAMN34375047	GP_unb_29	157:168	5	0.0	0.4796988348830612	1.2973866633122033	GP_unb_34	172:153	5	0.0	0.453655333245074	1.1118114551932035	5	-1.6653675702970374	8.241012519123602	0.11392970901579247	5:245627,12:139701,14:134225,25:55987,27:37279,29:34364,36:27171,37:19914,40:16232,41:15539,44:11585,45:11355,46:11201,58:1917,59:1577,61:1318,62:1287,63:1262,65:1202,71:975,72:969,74:850,75:820,76:817,85:528,92:460,97:355,103:330,104:329,105:325,106:325,112:291,113:291,116:282,122:259,123:258,147:196,148:196,155:173,159:166,160:166,174:151,175:151,183:143,188:136,192:134,201:130,205:128,211:119,223:113,231:106,232:106,233:105,236:102	0	False	0
ecol-SAMN34375047	GP_unb_29	157:168	5	0.0	0.4796988348830612	1.2973866633122033	GP_unb_35	173:152	4	0.0	0.3937565651970263	2.0112943586610297	5	-1.5354115861577131	8.107972503803058	0.11392970901579247	5:245627,12:139701,14:134225,17:126231,25:55987,29:34364,40:16232,41:15539,43:13205,44:11585,45:11355,46:11201,54:3958,58:1917,59:1577,61:1318,63:1262,65:1202,72:969,74:850,75:820,76:817,77:754,85:528,92:460,97:355,103:330,104:329,105:325,106:325,112:291,113:291,116:282,122:259,123:258,147:196,148:196,153:181,155:173,159:166,160:166,174:151,175:151,178:148,183:143,188:136,192:134,201:130,205:128,211:119,223:113,231:106,232:106,233:105,236:102	0	False	0
ecol-SAMN34375047	GP_unb_29	157:168	5	0.0	0.4796988348830612	1.2973866633122033	GP_unb_36	177:150	5	0.0	0.013632447912708234	7.32709163525601	5	-1.5167665548356375	7.8586145708909445	0.11392970901579247	5:245627,12:139701,14:134225,25:55987,29:34364,37:19914,40:16232,41:15539,44:11585,45:11355,46:11201,54:3958,58:1917,59:1577,61:1318,63:1262,65:1202,72:969,74:850,75:820,76:817,85:528,92:460,97:355,103:330,104:329,105:325,106:325,112:291,113:291,116:282,122:259,123:258,147:196,148:196,153:181,155:173,159:166,160:166,174:151,175:151,178:148,183:143,188:136,192:134,201:130,205:128,211:119,223:113,231:106,232:106,233:105,236:102	0	False	0
ecol-SAMN34375047	GP_unb_29	157:168	5	0.0	0.4796988348830612	1.2973866633122033	GP_unb_37	219:116	4	0.0	0.4892892881834844	1.2391852247864898	0	0	0	0		1	False	0
ecol-SAMN34375047	GP_unb_29	157:168	5	0.0	0.4796988348830612	1.2973866633122033	GP_unb_38	224:112	4	0.0	0.46294458785956616	2.1528467264779483	0	0	0	0		1	False	0
ecol-SAMN34375047	GP_unb_29	157:168	5	0.0	0.4796988348830612	1.2973866633122033	GP_unb_39	228:109	4	0.0	0.49977650941861884	1.9011811005934705	5	-1.6265917908805674	7.0671987318175065	0.11392970901579247	1:451721,2:413688,12:139701,31:32561,41:15539,44:11585,45:11355,46:11201,54:3958,58:1917,63:1262,65:1202,67:1078,72:969,74:850,75:820,85:528,87:522,89:518,92:460,97:355,103:330,104:329,105:325,106:325,112:291,113:291,122:259,123:258,147:196,148:196,155:173,158:167,159:166,160:166,174:151,175:151,183:143,188:136,192:134,201:130,211:119,223:113,225:111,229:109,231:106,232:106,233:105,236:102	0	False	0
ecol-SAMN34375047	GP_unb_29	157:168	5	0.0	0.4796988348830612	1.2973866633122033	GP_unb_40	230:109	5	0.0	0.488385559122413	1.9849049144387194	5	-1.729006713937539	8.424079516526533	0.11392970901579247	5:245627,12:139701,14:134225,17:126231,25:55987,26:52304,29:34364,40:16232,41:15539,43:13205,44:11585,45:11355,46:11201,54:3958,58:1917,59:1577,61:1318,63:1262,65:1202,72:969,74:850,75:820,76:817,77:754,83:559,84:559,85:528,92:460,94:409,97:355,98:348,103:330,104:329,105:325,106:325,112:291,113:291,116:282,122:259,123:258,138:213,145:202,146:202,147:196,148:196,153:181,155:173,159:166,160:166,174:151,175:151,178:148,183:143,186:140,188:136,192:134,201:130,205:128,211:119,215:118,223:113,231:106,232:106,233:105,236:102	0	False	0
ecol-SAMN34375047	GP_unb_30	166:160	4	0.0	0.21507936407806172	1.0429356347348702	GP_unb_31	167:160	5	0.0	0.4989549680172808	1.0394808368787318	4	-0.005984818271511261	0.493930699926464	1.0394808368782833	100:339	0	False	0
ecol-SAMN34375047	GP_unb_30	166:160	4	0.0	0.21507936407806172	1.0429356347348702	GP_unb_32	170:156	5	0.0	0.489610564409944	0.8857580563280307	0	0	0	0		1	False	0
ecol-SAMN34375047	GP_unb_30	166:160	4	0.0	0.21507936407806172	1.0429356347348702	GP_unb_33	171:156	5	0.0	0.3302439589820926	1.0954135199852644	0	0	0	0		1	False	0
ecol-SAMN34375047	GP_unb_30	166:160	4	0.0	0.21507936407806172	1.0429356347348702	GP_unb_34	172:153	5	0.0	0.453655333245074	1.1118114551932035	0	0	0	0		1	False	0
ecol-SAMN34375047	GP_unb_30	166:160	4	0.0	0.21507936407806172	1.0429356347348702	GP_unb_35	173:152	4	0.0	0.3937565651970263	2.0112943586610297	0	0	0	0		1	False	0
ecol-SAMN34375047	GP_unb_30	166:160	4	0.0	0.21507936407806172	1.0429356347348702	GP_unb_36	177:150	5	0.0	0.013632447912708234	7.32709163525601	0	0	0	0		1	False	0
ecol-SAMN34375047	GP_unb_30	166:160	4	0.0	0.21507936407806172	1.0429356347348702	GP_unb_37	219:116	4	0.0	0.4892892881834844	1.2391852247864898	0	0	0	0		1	False	0
ecol-SAMN34375047	GP_unb_30	166:160	4	0.0	0.21507936407806172	1.0429356347348702	GP_unb_38	224:112	4	0.0	0.46294458785956616	2.1528467264779483	0	0	0	0		1	False	0
ecol-SAMN34375047	GP_unb_30	166:160	4	0.0	0.21507936407806172	1.0429356347348702	GP_unb_39	228:109	4	0.0	0.49977650941861884	1.9011811005934705	4	0.0	0.49475224132780204	1.0429356347340217	100:339	0	False	0
ecol-SAMN34375047	GP_unb_30	166:160	4	0.0	0.21507936407806172	1.0429356347348702	GP_unb_40	230:109	5	0.0	0.488385559122413	1.9849049144387194	0	0	0	0		1	False	0
ecol-SAMN34375047	GP_unb_31	167:160	5	0.0	0.4989549680172808	1.0394808368787318	GP_unb_32	170:156	5	0.0	0.489610564409944	0.8857580563280307	0	0	0	0		1	False	0
ecol-SAMN34375047	GP_unb_31	167:160	5	0.0	0.4989549680172808	1.0394808368787318	GP_unb_33	171:156	5	0.0	0.3302439589820926	1.0954135199852644	0	0	0	0		1	False	0
ecol-SAMN34375047	GP_unb_31	167:160	5	0.0	0.4989549680172808	1.0394808368787318	GP_unb_34	172:153	5	0.0	0.453655333245074	1.1118114551932035	0	0	0	0		1	False	0
ecol-SAMN34375047	GP_unb_31	167:160	5	0.0	0.4989549680172808	1.0394808368787318	GP_unb_35	173:152	4	0.0	0.3937565651970263	2.0112943586610297	0	0	0	0		1	False	0
ecol-SAMN34375047	GP_unb_31	167:160	5	0.0	0.4989549680172808	1.0394808368787318	GP_unb_36	177:150	5	0.0	0.013632447912708234	7.32709163525601	0	0	0	0		1	False	0
ecol-SAMN34375047	GP_unb_31	167:160	5	0.0	0.4989549680172808	1.0394808368787318	GP_unb_37	219:116	4	0.0	0.4892892881834844	1.2391852247864898	0	0	0	0		1	False	0
ecol-SAMN34375047	GP_unb_31	167:160	5	0.0	0.4989549680172808	1.0394808368787318	GP_unb_38	224:112	4	0.0	0.46294458785956616	2.1528467264779483	0	0	0	0		1	False	0
ecol-SAMN34375047	GP_unb_31	167:160	5	0.0	0.4989549680172808	1.0394808368787318	GP_unb_39	228:109	4	0.0	0.49977650941861884	1.9011811005934705	4	-0.005984818271511261	0.7786278452670211	1.0394808368782833	100:339	0	False	0
ecol-SAMN34375047	GP_unb_31	167:160	5	0.0	0.4989549680172808	1.0394808368787318	GP_unb_40	230:109	5	0.0	0.488385559122413	1.9849049144387194	0	0	0	0		1	False	0
ecol-SAMN34375047	GP_unb_32	170:156	5	0.0	0.489610564409944	0.8857580563280307	GP_unb_33	171:156	5	0.0	0.3302439589820926	1.0954135199852644	5	0.0	1.3198331501940306	0.8857580563271767	180:145	0	False	0
ecol-SAMN34375047	GP_unb_32	170:156	5	0.0	0.489610564409944	0.8857580563280307	GP_unb_34	172:153	5	0.0	0.453655333245074	1.1118114551932035	0	0	0	0		1	False	0
ecol-SAMN34375047	GP_unb_32	170:156	5	0.0	0.489610564409944	0.8857580563280307	GP_unb_35	173:152	4	0.0	0.3937565651970263	2.0112943586610297	0	0	0	0		1	False	0
ecol-SAMN34375047	GP_unb_32	170:156	5	0.0	0.489610564409944	0.8857580563280307	GP_unb_36	177:150	5	0.0	0.013632447912708234	7.32709163525601	0	0	0	0		1	False	0
ecol-SAMN34375047	GP_unb_32	170:156	5	0.0	0.489610564409944	0.8857580563280307	GP_unb_37	219:116	4	0.0	0.4892892881834844	1.2391852247864898	0	0	0	0		1	False	0
ecol-SAMN34375047	GP_unb_32	170:156	5	0.0	0.489610564409944	0.8857580563280307	GP_unb_38	224:112	4	0.0	0.46294458785956616	2.1528467264779483	0	0	0	0		1	False	0
ecol-SAMN34375047	GP_unb_32	170:156	5	0.0	0.489610564409944	0.8857580563280307	GP_unb_39	228:109	4	0.0	0.49977650941861884	1.9011811005934705	0	0	0	0		1	False	0
ecol-SAMN34375047	GP_unb_32	170:156	5	0.0	0.489610564409944	0.8857580563280307	GP_unb_40	230:109	5	0.0	0.488385559122413	1.9849049144387194	0	0	0	0		1	False	0
ecol-SAMN34375047	GP_unb_33	171:156	5	0.0	0.3302439589820926	1.0954135199852644	GP_unb_34	172:153	5	0.0	0.453655333245074	1.1118114551932035	0	0	0	0		1	False	0
ecol-SAMN34375047	GP_unb_33	171:156	5	0.0	0.3302439589820926	1.0954135199852644	GP_unb_35	173:152	4	0.0	0.3937565651970263	2.0112943586610297	0	0	0	0		1	False	0
ecol-SAMN34375047	GP_unb_33	171:156	5	0.0	0.3302439589820926	1.0954135199852644	GP_unb_36	177:150	5	0.0	0.013632447912708234	7.32709163525601	0	0	0	0		1	False	0
ecol-SAMN34375047	GP_unb_33	171:156	5	0.0	0.3302439589820926	1.0954135199852644	GP_unb_37	219:116	4	0.0	0.4892892881834844	1.2391852247864898	0	0	0	0		1	False	0
ecol-SAMN34375047	GP_unb_33	171:156	5	0.0	0.3302439589820926	1.0954135199852644	GP_unb_38	224:112	4	0.0	0.46294458785956616	2.1528467264779483	0	0	0	0		1	False	0
ecol-SAMN34375047	GP_unb_33	171:156	5	0.0	0.3302439589820926	1.0954135199852644	GP_unb_39	228:109	4	0.0	0.49977650941861884	1.9011811005934705	0	0	0	0		1	False	0
ecol-SAMN34375047	GP_unb_33	171:156	5	0.0	0.3302439589820926	1.0954135199852644	GP_unb_40	230:109	5	0.0	0.488385559122413	1.9849049144387194	0	0	0	0		1	False	0
ecol-SAMN34375047	GP_unb_34	172:153	5	0.0	0.453655333245074	1.1118114551932035	GP_unb_35	173:152	4	0.0	0.3937565651970263	2.0112943586610297	5	-1.2648423818119015	8.315292985297345	0.11392970901579247	2:413688,12:139701,17:126231,27:37279,29:34364,43:13205,44:11585,46:11201,58:1917,63:1262,65:1202,72:969,74:850,75:820,77:754,85:528,97:355,103:330,104:329,105:325,106:325,112:291,113:291,116:282,122:259,123:258,147:196,148:196,155:173,159:166,160:166,175:151,183:143,188:136,192:134,201:130,211:119,223:113,231:106,232:106,233:105,236:102	0	False	0
ecol-SAMN34375047	GP_unb_34	172:153	5	0.0	0.453655333245074	1.1118114551932035	GP_unb_36	177:150	5	0.0	0.013632447912708234	7.32709163525601	5	-1.4230418045887736	9.06284578127225	0.11392970901579247	2:413688,12:139701,27:37279,29:34364,37:19914,41:15539,44:11585,45:11355,46:11201,58:1917,62:1287,63:1262,65:1202,71:975,72:969,74:850,75:820,85:528,92:460,97:355,103:330,104:329,105:325,106:325,112:291,113:291,116:282,122:259,123:258,147:196,148:196,155:173,159:166,160:166,175:151,183:143,188:136,192:134,201:130,211:119,223:113,231:106,232:106,233:105,236:102	0	False	0
ecol-SAMN34375047	GP_unb_34	172:153	5	0.0	0.453655333245074	1.1118114551932035	GP_unb_37	219:116	4	0.0	0.4892892881834844	1.2391852247864898	0	0	0	0		1	False	0
ecol-SAMN34375047	GP_unb_34	172:153	5	0.0	0.453655333245074	1.1118114551932035	GP_unb_38	224:112	4	0.0	0.46294458785956616	2.1528467264779483	0	0	0	0		1	False	0
ecol-SAMN34375047	GP_unb_34	172:153	5	0.0	0.453655333245074	1.1118114551932035	GP_unb_39	228:109	4	0.0	0.49977650941861884	1.9011811005934705	5	-1.7112542495184966	8.601339994143279	0.11392970901579247	2:413688,12:139701,17:126231,27:37279,41:15539,44:11585,45:11355,46:11201,58:1917,62:1287,63:1262,65:1202,67:1078,71:975,72:969,74:850,75:820,85:528,87:522,92:460,97:355,103:330,104:329,105:325,106:325,112:291,113:291,116:282,122:259,123:258,147:196,148:196,155:173,158:167,159:166,160:166,175:151,183:143,188:136,192:134,201:130,211:119,223:113,225:111,229:109,231:106,232:106,233:105,236:102	0	False	0
ecol-SAMN34375047	GP_unb_34	172:153	5	0.0	0.453655333245074	1.1118114551932035	GP_unb_40	230:109	5	0.0	0.488385559122413	1.9849049144387194	5	-1.4584375095917275	8.63139999802082	0.11392970901579247	2:413688,12:139701,17:126231,26:52304,27:37279,29:34364,43:13205,44:11585,46:11201,58:1917,63:1262,65:1202,72:969,74:850,75:820,77:754,83:559,84:559,85:528,94:409,97:355,98:348,103:330,104:329,105:325,106:325,112:291,113:291,116:282,122:259,123:258,138:213,145:202,146:202,147:196,148:196,155:173,159:166,160:166,175:151,183:143,186:140,188:136,192:134,201:130,211:119,215:118,223:113,231:106,232:106,233:105,236:102	0	False	0
ecol-SAMN34375047	GP_unb_35	173:152	4	0.0	0.3937565651970263	2.0112943586610297	GP_unb_36	177:150	5	0.0	0.013632447912708234	7.32709163525601	5	-1.3237050746058607	8.034719021108797	0.11392970901579247	2:413688,12:139701,27:37279,29:34364,37:19914,43:13205,44:11585,46:11201,58:1917,62:1287,63:1262,65:1202,71:975,72:969,75:820,77:754,85:528,97:355,103:330,104:329,105:325,106:325,112:291,113:291,116:282,122:259,123:258,147:196,148:196,155:173,159:166,160:166,175:151,183:143,188:136,192:134,201:130,211:119,223:113,231:106,232:106,233:105,236:102	0	False	0
ecol-SAMN34375047	GP_unb_35	173:152	4	0.0	0.3937565651970263	2.0112943586610297	GP_unb_37	219:116	4	0.0	0.4892892881834844	1.2391852247864898	0	0	0	0		1	False	0
ecol-SAMN34375047	GP_unb_35	173:152	4	0.0	0.3937565651970263	2.0112943586610297	GP_unb_38	224:112	4	0.0	0.46294458785956616	2.1528467264779483	4	0.0	0.8567011530565924	2.0112943586609617		0	False	0
ecol-SAMN34375047	GP_unb_35	173:152	4	0.0	0.3937565651970263	2.0112943586610297	GP_unb_39	228:109	4	0.0	0.49977650941861884	1.9011811005934705	5	-1.1075371598832373	7.189018515800331	0.1618947926453984	2:413688,12:139701,41:15539,43:13205,44:11585,45:11355,54:3958,58:1917,62:1287,63:1262,65:1202,67:1078,71:975,72:969,74:850,77:754,85:528,87:522,92:460,97:355,104:329,105:325,106:325,112:291,113:291,122:259,147:196,148:196,155:173,158:167,159:166,160:166,183:143,188:136,192:134,211:119,223:113,225:111,229:109,231:106,232:106,233:105,236:102	0	False	0
ecol-SAMN34375047	GP_unb_35	173:152	4	0.0	0.3937565651970263	2.0112943586610297	GP_unb_40	230:109	5	0.0	0.488385559122413	1.9849049144387194	5	-2.1170803796462176	9.171290699103652	0.11392970901579247	12:139701,14:134225,17:126231,18:117172,25:55987,29:34364,35:27703,40:16232,41:15539,43:13205,44:11585,45:11355,46:11201,54:3958,58:1917,59:1577,61:1318,63:1262,65:1202,70:980,72:969,74:850,75:820,76:817,77:754,79:677,83:559,84:559,85:528,92:460,94:409,97:355,98:348,103:330,104:329,105:325,106:325,112:291,113:291,116:282,122:259,123:258,138:213,145:202,146:202,147:196,148:196,153:181,155:173,159:166,160:166,175:151,178:148,183:143,186:140,188:136,192:134,201:130,205:128,211:119,215:118,223:113,231:106,232:106,233:105,236:102	0	False	0
ecol-SAMN34375047	GP_unb_36	177:150	5	0.0	0.013632447912708234	7.32709163525601	GP_unb_37	219:116	4	0.0	0.4892892881834844	1.2391852247864898	0	0	0	0		1	False	0
ecol-SAMN34375047	GP_unb_36	177:150	5	0.0	0.013632447912708234	7.32709163525601	GP_unb_38	224:112	4	0.0	0.46294458785956616	2.1528467264779483	0	0	0	0		1	False	0
ecol-SAMN34375047	GP_unb_36	177:150	5	0.0	0.013632447912708234	7.32709163525601	GP_unb_39	228:109	4	0.0	0.49977650941861884	1.9011811005934705	5	-1.5688082777518482	8.08456527670123	0.11392970901579247	2:413688,12:139701,41:15539,44:11585,45:11355,46:11201,54:3958,58:1917,63:1262,65:1202,67:1078,72:969,74:850,75:820,85:528,87:522,92:460,97:355,103:330,104:329,105:325,106:325,112:291,113:291,122:259,123:258,147:196,148:196,155:173,158:167,159:166,160:166,175:151,183:143,188:136,192:134,201:130,211:119,223:113,225:111,229:109,231:106,232:106,233:105,236:102	0	False	0
ecol-SAMN34375047	GP_unb_36	177:150	5	0.0	0.013632447912708234	7.32709163525601	GP_unb_40	230:109	5	0.0	0.488385559122413	1.9849049144387194	5	-1.5173002023856867	8.350826033832272	0.11392970901579247	2:413688,12:139701,26:52304,27:37279,29:34364,37:19914,43:13205,44:11585,46:11201,58:1917,62:1287,63:1262,65:1202,71:975,72:969,75:820,77:754,83:559,84:559,85:528,94:409,97:355,98:348,103:330,104:329,105:325,106:325,112:291,113:291,116:282,122:259,123:258,138:213,145:202,146:202,147:196,148:196,155:173,159:166,160:166,175:151,183:143,186:140,188:136,192:134,201:130,211:119,215:118,223:113,231:106,232:106,233:105,236:102	0	False	0
ecol-SAMN34375047	GP_unb_37	219:116	4	0.0	0.4892892881834844	1.2391852247864898	GP_unb_38	224:112	4	0.0	0.46294458785956616	2.1528467264779483	0	0	0	0		1	False	0
ecol-SAMN34375047	GP_unb_37	219:116	4	0.0	0.4892892881834844	1.2391852247864898	GP_unb_39	228:109	4	0.0	0.49977650941861884	1.9011811005934705	0	0	0	0		1	False	0
ecol-SAMN34375047	GP_unb_37	219:116	4	0.0	0.4892892881834844	1.2391852247864898	GP_unb_40	230:109	5	0.0	0.488385559122413	1.9849049144387194	0	0	0	0		1	False	0
ecol-SAMN34375047	GP_unb_38	224:112	4	0.0	0.46294458785956616	2.1528467264779483	GP_unb_39	228:109	4	0.0	0.49977650941861884	1.9011811005934705	0	0	0	0		1	False	0
ecol-SAMN34375047	GP_unb_38	224:112	4	0.0	0.46294458785956616	2.1528467264779483	GP_unb_40	230:109	5	0.0	0.488385559122413	1.9849049144387194	0	0	0	0		1	False	0
ecol-SAMN34375047	GP_unb_39	228:109	4	0.0	0.49977650941861884	1.9011811005934705	GP_unb_40	230:109	5	0.0	0.488385559122413	1.9849049144387194	5	-1.3011322876630633	7.505125528523806	0.1618947926460183	2:413688,12:139701,26:52304,41:15539,43:13205,44:11585,45:11355,54:3958,58:1917,62:1287,63:1262,65:1202,67:1078,71:975,72:969,74:850,77:754,83:559,84:559,85:528,87:522,92:460,94:409,97:355,98:348,104:329,105:325,106:325,112:291,113:291,122:259,138:213,145:202,146:202,147:196,148:196,155:173,158:167,159:166,160:166,183:143,186:140,188:136,192:134,211:119,215:118,223:113,225:111,229:109,231:106,232:106,233:105,236:102	0	False	0