SAMPLE	BIN1	BIN1_CONTIGS	BIN1_GC_BIN	BIN1_GC	BIN1_GD	BIN1_RD	BIN2	BIN2_CONTIGS	BIN2_GC_BIN	BIN2_GC	BIN2_GD	BIN2_RD	MERGE_GC_BIN	MERGE_GC	MERGE_GD	MERGE_RD	MERGE_PATH	MILP_INFEASIBLE	BINS_OVERLAP	IS_SUBSET
efae-SAMN17038078	GP_1	49:19826,57:16867,69:13350,73:12574,82:10666,85:9508,98:6659,104:6138,105:6065,106:5879,107:5623,108:5551,114:4815,116:4159,117:3958,119:3451,126:2373,127:2345,138:1686,139:1634,142:1514,143:1499,145:1466,147:1390,148:1324,151:1248,156:1053,157:1040,158:1036,161:1006,162:1004,164:946,165:935,166:922,167:914,170:767,171:739,173:701,176:692,178:669,183:586,186:529,187:529,196:405,200:386,203:363,204:355,210:316,212:290,215:279,221:238,225:231,233:208,234:206,236:194,239:190,245:180,247:173,252:152,256:146,263:132,267:126,272:121,273:117	4	-0.14089391802880022	13.324906945000007	0.716095744766215	GP_0	101:6303	4	0.0	0.4999137	4.635687901377221	0	0	0	0		1	False	0
efae-SAMN17038078	GP_1	49:19826,57:16867,69:13350,73:12574,82:10666,85:9508,98:6659,104:6138,105:6065,106:5879,107:5623,108:5551,114:4815,116:4159,117:3958,119:3451,126:2373,127:2345,138:1686,139:1634,142:1514,143:1499,145:1466,147:1390,148:1324,151:1248,156:1053,157:1040,158:1036,161:1006,162:1004,164:946,165:935,166:922,167:914,170:767,171:739,173:701,176:692,178:669,183:586,186:529,187:529,196:405,200:386,203:363,204:355,210:316,212:290,215:279,221:238,225:231,233:208,234:206,236:194,239:190,245:180,247:173,252:152,256:146,263:132,267:126,272:121,273:117	4	-0.14089391802880022	13.324906945000007	0.716095744766215	GP_unb_1	109:5469	3	0.0	0.22993063999999996	0.9811190550700915	4	-0.14119168857880066	13.554837585000007	0.7160957447667897		0	False	0
efae-SAMN17038078	GP_1	49:19826,57:16867,69:13350,73:12574,82:10666,85:9508,98:6659,104:6138,105:6065,106:5879,107:5623,108:5551,114:4815,116:4159,117:3958,119:3451,126:2373,127:2345,138:1686,139:1634,142:1514,143:1499,145:1466,147:1390,148:1324,151:1248,156:1053,157:1040,158:1036,161:1006,162:1004,164:946,165:935,166:922,167:914,170:767,171:739,173:701,176:692,178:669,183:586,186:529,187:529,196:405,200:386,203:363,204:355,210:316,212:290,215:279,221:238,225:231,233:208,234:206,236:194,239:190,245:180,247:173,252:152,256:146,263:132,267:126,272:121,273:117	4	-0.14089391802880022	13.324906945000007	0.716095744766215	GP_2	130:1980	4	0.0	0.49983920000000004	6.156862430423491	0	0	0	0		1	False	0
efae-SAMN17038078	GP_1	49:19826,57:16867,69:13350,73:12574,82:10666,85:9508,98:6659,104:6138,105:6065,106:5879,107:5623,108:5551,114:4815,116:4159,117:3958,119:3451,126:2373,127:2345,138:1686,139:1634,142:1514,143:1499,145:1466,147:1390,148:1324,151:1248,156:1053,157:1040,158:1036,161:1006,162:1004,164:946,165:935,166:922,167:914,170:767,171:739,173:701,176:692,178:669,183:586,186:529,187:529,196:405,200:386,203:363,204:355,210:316,212:290,215:279,221:238,225:231,233:208,234:206,236:194,239:190,245:180,247:173,252:152,256:146,263:132,267:126,272:121,273:117	4	-0.14089391802880022	13.324906945000007	0.716095744766215	GP_unb_2	177:673	4	0.0	0.44646262999999997	5.334221344909581	4	-0.14089391802880022	13.771369575000007	0.7160957447667897		0	False	0
efae-SAMN17038078	GP_1	49:19826,57:16867,69:13350,73:12574,82:10666,85:9508,98:6659,104:6138,105:6065,106:5879,107:5623,108:5551,114:4815,116:4159,117:3958,119:3451,126:2373,127:2345,138:1686,139:1634,142:1514,143:1499,145:1466,147:1390,148:1324,151:1248,156:1053,157:1040,158:1036,161:1006,162:1004,164:946,165:935,166:922,167:914,170:767,171:739,173:701,176:692,178:669,183:586,186:529,187:529,196:405,200:386,203:363,204:355,210:316,212:290,215:279,221:238,225:231,233:208,234:206,236:194,239:190,245:180,247:173,252:152,256:146,263:132,267:126,272:121,273:117	4	-0.14089391802880022	13.324906945000007	0.716095744766215	GP_unb_3	194:454	4	0.0	0.29687684999999997	1.5043638279718297	4	-0.14089391802880022	13.621783795000008	0.7160957447667897		0	False	0
efae-SAMN17038078	GP_1	49:19826,57:16867,69:13350,73:12574,82:10666,85:9508,98:6659,104:6138,105:6065,106:5879,107:5623,108:5551,114:4815,116:4159,117:3958,119:3451,126:2373,127:2345,138:1686,139:1634,142:1514,143:1499,145:1466,147:1390,148:1324,151:1248,156:1053,157:1040,158:1036,161:1006,162:1004,164:946,165:935,166:922,167:914,170:767,171:739,173:701,176:692,178:669,183:586,186:529,187:529,196:405,200:386,203:363,204:355,210:316,212:290,215:279,221:238,225:231,233:208,234:206,236:194,239:190,245:180,247:173,252:152,256:146,263:132,267:126,272:121,273:117	4	-0.14089391802880022	13.324906945000007	0.716095744766215	GP_unb_4	199:389	3	0.0	0.15480815999999997	0.8998713453107907	4	-0.14410524728388713	13.479715105000007	0.7160957447667897		0	False	0
efae-SAMN17038078	GP_1	49:19826,57:16867,69:13350,73:12574,82:10666,85:9508,98:6659,104:6138,105:6065,106:5879,107:5623,108:5551,114:4815,116:4159,117:3958,119:3451,126:2373,127:2345,138:1686,139:1634,142:1514,143:1499,145:1466,147:1390,148:1324,151:1248,156:1053,157:1040,158:1036,161:1006,162:1004,164:946,165:935,166:922,167:914,170:767,171:739,173:701,176:692,178:669,183:586,186:529,187:529,196:405,200:386,203:363,204:355,210:316,212:290,215:279,221:238,225:231,233:208,234:206,236:194,239:190,245:180,247:173,252:152,256:146,263:132,267:126,272:121,273:117	4	-0.14089391802880022	13.324906945000007	0.716095744766215	GP_unb_5	208:319	4	0.0	0.32922566	1.4153299685183849	4	-0.14089391802880022	14.061492445000008	0.7160957447667897	255:149	0	False	0
efae-SAMN17038078	GP_1	49:19826,57:16867,69:13350,73:12574,82:10666,85:9508,98:6659,104:6138,105:6065,106:5879,107:5623,108:5551,114:4815,116:4159,117:3958,119:3451,126:2373,127:2345,138:1686,139:1634,142:1514,143:1499,145:1466,147:1390,148:1324,151:1248,156:1053,157:1040,158:1036,161:1006,162:1004,164:946,165:935,166:922,167:914,170:767,171:739,173:701,176:692,178:669,183:586,186:529,187:529,196:405,200:386,203:363,204:355,210:316,212:290,215:279,221:238,225:231,233:208,234:206,236:194,239:190,245:180,247:173,252:152,256:146,263:132,267:126,272:121,273:117	4	-0.14089391802880022	13.324906945000007	0.716095744766215	GP_unb_6	209:319	4	0.0	0.29632139999999996	1.204769585068567	4	-0.14089391802880022	14.028588185000007	0.7160957447667897	255:149	0	False	0
efae-SAMN17038078	GP_1	49:19826,57:16867,69:13350,73:12574,82:10666,85:9508,98:6659,104:6138,105:6065,106:5879,107:5623,108:5551,114:4815,116:4159,117:3958,119:3451,126:2373,127:2345,138:1686,139:1634,142:1514,143:1499,145:1466,147:1390,148:1324,151:1248,156:1053,157:1040,158:1036,161:1006,162:1004,164:946,165:935,166:922,167:914,170:767,171:739,173:701,176:692,178:669,183:586,186:529,187:529,196:405,200:386,203:363,204:355,210:316,212:290,215:279,221:238,225:231,233:208,234:206,236:194,239:190,245:180,247:173,252:152,256:146,263:132,267:126,272:121,273:117	4	-0.14089391802880022	13.324906945000007	0.716095744766215	GP_unb_7	213:289	4	0.0	0.31064939999999996	1.0657155313759634	4	-0.14089391802880022	14.040848795000008	0.7160957447667897	227:226	0	False	0
efae-SAMN17038078	GP_1	49:19826,57:16867,69:13350,73:12574,82:10666,85:9508,98:6659,104:6138,105:6065,106:5879,107:5623,108:5551,114:4815,116:4159,117:3958,119:3451,126:2373,127:2345,138:1686,139:1634,142:1514,143:1499,145:1466,147:1390,148:1324,151:1248,156:1053,157:1040,158:1036,161:1006,162:1004,164:946,165:935,166:922,167:914,170:767,171:739,173:701,176:692,178:669,183:586,186:529,187:529,196:405,200:386,203:363,204:355,210:316,212:290,215:279,221:238,225:231,233:208,234:206,236:194,239:190,245:180,247:173,252:152,256:146,263:132,267:126,272:121,273:117	4	-0.14089391802880022	13.324906945000007	0.716095744766215	GP_unb_8	214:288	4	0.0	0.37110509999999997	1.374620522161506	4	-0.14089391802880022	14.101304495000006	0.7160957447667897	227:226	0	False	0
efae-SAMN17038078	GP_1	49:19826,57:16867,69:13350,73:12574,82:10666,85:9508,98:6659,104:6138,105:6065,106:5879,107:5623,108:5551,114:4815,116:4159,117:3958,119:3451,126:2373,127:2345,138:1686,139:1634,142:1514,143:1499,145:1466,147:1390,148:1324,151:1248,156:1053,157:1040,158:1036,161:1006,162:1004,164:946,165:935,166:922,167:914,170:767,171:739,173:701,176:692,178:669,183:586,186:529,187:529,196:405,200:386,203:363,204:355,210:316,212:290,215:279,221:238,225:231,233:208,234:206,236:194,239:190,245:180,247:173,252:152,256:146,263:132,267:126,272:121,273:117	4	-0.14089391802880022	13.324906945000007	0.716095744766215	GP_unb_9	216:267	4	0.0	0.19665089999999996	2.101768266424871	4	-0.14089391802880022	13.521557845000007	0.7160957447667897		0	False	0
efae-SAMN17038078	GP_1	49:19826,57:16867,69:13350,73:12574,82:10666,85:9508,98:6659,104:6138,105:6065,106:5879,107:5623,108:5551,114:4815,116:4159,117:3958,119:3451,126:2373,127:2345,138:1686,139:1634,142:1514,143:1499,145:1466,147:1390,148:1324,151:1248,156:1053,157:1040,158:1036,161:1006,162:1004,164:946,165:935,166:922,167:914,170:767,171:739,173:701,176:692,178:669,183:586,186:529,187:529,196:405,200:386,203:363,204:355,210:316,212:290,215:279,221:238,225:231,233:208,234:206,236:194,239:190,245:180,247:173,252:152,256:146,263:132,267:126,272:121,273:117	4	-0.14089391802880022	13.324906945000007	0.716095744766215	GP_unb_10	218:251	4	0.0	0.31580865	1.298912185819097	4	-0.15654908042244164	14.314423975000008	0.7160957447667897	229:217,258:145	0	False	0
efae-SAMN17038078	GP_1	49:19826,57:16867,69:13350,73:12574,82:10666,85:9508,98:6659,104:6138,105:6065,106:5879,107:5623,108:5551,114:4815,116:4159,117:3958,119:3451,126:2373,127:2345,138:1686,139:1634,142:1514,143:1499,145:1466,147:1390,148:1324,151:1248,156:1053,157:1040,158:1036,161:1006,162:1004,164:946,165:935,166:922,167:914,170:767,171:739,173:701,176:692,178:669,183:586,186:529,187:529,196:405,200:386,203:363,204:355,210:316,212:290,215:279,221:238,225:231,233:208,234:206,236:194,239:190,245:180,247:173,252:152,256:146,263:132,267:126,272:121,273:117	4	-0.14089391802880022	13.324906945000007	0.716095744766215	GP_unb_11	231:208	4	0.0	0.29453229999999997	1.2823555844426793	4	-0.14789945142941108	14.000727045000009	0.7160957447667897	240:190	0	False	0
efae-SAMN17038078	GP_1	49:19826,57:16867,69:13350,73:12574,82:10666,85:9508,98:6659,104:6138,105:6065,106:5879,107:5623,108:5551,114:4815,116:4159,117:3958,119:3451,126:2373,127:2345,138:1686,139:1634,142:1514,143:1499,145:1466,147:1390,148:1324,151:1248,156:1053,157:1040,158:1036,161:1006,162:1004,164:946,165:935,166:922,167:914,170:767,171:739,173:701,176:692,178:669,183:586,186:529,187:529,196:405,200:386,203:363,204:355,210:316,212:290,215:279,221:238,225:231,233:208,234:206,236:194,239:190,245:180,247:173,252:152,256:146,263:132,267:126,272:121,273:117	4	-0.14089391802880022	13.324906945000007	0.716095744766215	GP_unb_12	232:208	4	0.0	0.25719800000000004	1.0725280780166315	4	-0.14789945142941108	13.963392745000007	0.7160957447667897	240:190	0	False	0
efae-SAMN17038078	GP_1	49:19826,57:16867,69:13350,73:12574,82:10666,85:9508,98:6659,104:6138,105:6065,106:5879,107:5623,108:5551,114:4815,116:4159,117:3958,119:3451,126:2373,127:2345,138:1686,139:1634,142:1514,143:1499,145:1466,147:1390,148:1324,151:1248,156:1053,157:1040,158:1036,161:1006,162:1004,164:946,165:935,166:922,167:914,170:767,171:739,173:701,176:692,178:669,183:586,186:529,187:529,196:405,200:386,203:363,204:355,210:316,212:290,215:279,221:238,225:231,233:208,234:206,236:194,239:190,245:180,247:173,252:152,256:146,263:132,267:126,272:121,273:117	4	-0.14089391802880022	13.324906945000007	0.716095744766215	GP_unb_13	238:191	4	0.0	0.33569443	1.418536974180796	4	-0.15654908042244164	14.334309755000007	0.7160957447667897	229:217,258:145	0	False	0
efae-SAMN17038078	GP_1	49:19826,57:16867,69:13350,73:12574,82:10666,85:9508,98:6659,104:6138,105:6065,106:5879,107:5623,108:5551,114:4815,116:4159,117:3958,119:3451,126:2373,127:2345,138:1686,139:1634,142:1514,143:1499,145:1466,147:1390,148:1324,151:1248,156:1053,157:1040,158:1036,161:1006,162:1004,164:946,165:935,166:922,167:914,170:767,171:739,173:701,176:692,178:669,183:586,186:529,187:529,196:405,200:386,203:363,204:355,210:316,212:290,215:279,221:238,225:231,233:208,234:206,236:194,239:190,245:180,247:173,252:152,256:146,263:132,267:126,272:121,273:117	4	-0.14089391802880022	13.324906945000007	0.716095744766215	GP_unb_14	243:182	4	0.0	0.2556965	1.402980723194488	4	-0.14089391802880022	13.580603445000008	0.7160957447667897		0	False	0
efae-SAMN17038078	GP_1	49:19826,57:16867,69:13350,73:12574,82:10666,85:9508,98:6659,104:6138,105:6065,106:5879,107:5623,108:5551,114:4815,116:4159,117:3958,119:3451,126:2373,127:2345,138:1686,139:1634,142:1514,143:1499,145:1466,147:1390,148:1324,151:1248,156:1053,157:1040,158:1036,161:1006,162:1004,164:946,165:935,166:922,167:914,170:767,171:739,173:701,176:692,178:669,183:586,186:529,187:529,196:405,200:386,203:363,204:355,210:316,212:290,215:279,221:238,225:231,233:208,234:206,236:194,239:190,245:180,247:173,252:152,256:146,263:132,267:126,272:121,273:117	4	-0.14089391802880022	13.324906945000007	0.716095744766215	GP_unb_15	244:182	4	0.0	0.21796393000000003	1.0050605960911443	4	-0.14089391802880022	13.542870875000007	0.7160957447667897		0	False	0
efae-SAMN17038078	GP_1	49:19826,57:16867,69:13350,73:12574,82:10666,85:9508,98:6659,104:6138,105:6065,106:5879,107:5623,108:5551,114:4815,116:4159,117:3958,119:3451,126:2373,127:2345,138:1686,139:1634,142:1514,143:1499,145:1466,147:1390,148:1324,151:1248,156:1053,157:1040,158:1036,161:1006,162:1004,164:946,165:935,166:922,167:914,170:767,171:739,173:701,176:692,178:669,183:586,186:529,187:529,196:405,200:386,203:363,204:355,210:316,212:290,215:279,221:238,225:231,233:208,234:206,236:194,239:190,245:180,247:173,252:152,256:146,263:132,267:126,272:121,273:117	4	-0.14089391802880022	13.324906945000007	0.716095744766215	GP_unb_16	248:172	4	0.0	0.09082955000000004	0.8537669611548431	4	-0.14089391802880022	13.415736495000008	0.7160957447667897		0	False	0
efae-SAMN17038078	GP_1	49:19826,57:16867,69:13350,73:12574,82:10666,85:9508,98:6659,104:6138,105:6065,106:5879,107:5623,108:5551,114:4815,116:4159,117:3958,119:3451,126:2373,127:2345,138:1686,139:1634,142:1514,143:1499,145:1466,147:1390,148:1324,151:1248,156:1053,157:1040,158:1036,161:1006,162:1004,164:946,165:935,166:922,167:914,170:767,171:739,173:701,176:692,178:669,183:586,186:529,187:529,196:405,200:386,203:363,204:355,210:316,212:290,215:279,221:238,225:231,233:208,234:206,236:194,239:190,245:180,247:173,252:152,256:146,263:132,267:126,272:121,273:117	4	-0.14089391802880022	13.324906945000007	0.716095744766215	GP_unb_17	253:152	4	0.0	0.17961150000000004	1.0074839047901805	4	-0.1556820300834587	13.067112545000008	0.7160957447667897	131:1882,197:395,228:218	0	False	0
efae-SAMN17038078	GP_1	49:19826,57:16867,69:13350,73:12574,82:10666,85:9508,98:6659,104:6138,105:6065,106:5879,107:5623,108:5551,114:4815,116:4159,117:3958,119:3451,126:2373,127:2345,138:1686,139:1634,142:1514,143:1499,145:1466,147:1390,148:1324,151:1248,156:1053,157:1040,158:1036,161:1006,162:1004,164:946,165:935,166:922,167:914,170:767,171:739,173:701,176:692,178:669,183:586,186:529,187:529,196:405,200:386,203:363,204:355,210:316,212:290,215:279,221:238,225:231,233:208,234:206,236:194,239:190,245:180,247:173,252:152,256:146,263:132,267:126,272:121,273:117	4	-0.14089391802880022	13.324906945000007	0.716095744766215	GP_unb_18	254:151	4	0.0	0.1950328	1.1671655044948899	4	-0.1556820300834587	13.082533845000007	0.7160957447667897	131:1882,197:395,228:218	0	False	0
efae-SAMN17038078	GP_1	49:19826,57:16867,69:13350,73:12574,82:10666,85:9508,98:6659,104:6138,105:6065,106:5879,107:5623,108:5551,114:4815,116:4159,117:3958,119:3451,126:2373,127:2345,138:1686,139:1634,142:1514,143:1499,145:1466,147:1390,148:1324,151:1248,156:1053,157:1040,158:1036,161:1006,162:1004,164:946,165:935,166:922,167:914,170:767,171:739,173:701,176:692,178:669,183:586,186:529,187:529,196:405,200:386,203:363,204:355,210:316,212:290,215:279,221:238,225:231,233:208,234:206,236:194,239:190,245:180,247:173,252:152,256:146,263:132,267:126,272:121,273:117	4	-0.14089391802880022	13.324906945000007	0.716095744766215	GP_unb_19	261:135	2	0.0	0.08021027000000003	1.2448905900194989	4	-0.15038972921844826	13.405117215000008	0.7160957447667897		0	False	0
efae-SAMN17038078	GP_1	49:19826,57:16867,69:13350,73:12574,82:10666,85:9508,98:6659,104:6138,105:6065,106:5879,107:5623,108:5551,114:4815,116:4159,117:3958,119:3451,126:2373,127:2345,138:1686,139:1634,142:1514,143:1499,145:1466,147:1390,148:1324,151:1248,156:1053,157:1040,158:1036,161:1006,162:1004,164:946,165:935,166:922,167:914,170:767,171:739,173:701,176:692,178:669,183:586,186:529,187:529,196:405,200:386,203:363,204:355,210:316,212:290,215:279,221:238,225:231,233:208,234:206,236:194,239:190,245:180,247:173,252:152,256:146,263:132,267:126,272:121,273:117	4	-0.14089391802880022	13.324906945000007	0.716095744766215	GP_unb_20	262:133	4	0.0	0.22139925000000005	3.7312534604366774	4	-0.14089391802880022	13.546306195000007	0.7160957447667897		0	False	0
efae-SAMN17038078	GP_1	49:19826,57:16867,69:13350,73:12574,82:10666,85:9508,98:6659,104:6138,105:6065,106:5879,107:5623,108:5551,114:4815,116:4159,117:3958,119:3451,126:2373,127:2345,138:1686,139:1634,142:1514,143:1499,145:1466,147:1390,148:1324,151:1248,156:1053,157:1040,158:1036,161:1006,162:1004,164:946,165:935,166:922,167:914,170:767,171:739,173:701,176:692,178:669,183:586,186:529,187:529,196:405,200:386,203:363,204:355,210:316,212:290,215:279,221:238,225:231,233:208,234:206,236:194,239:190,245:180,247:173,252:152,256:146,263:132,267:126,272:121,273:117	4	-0.14089391802880022	13.324906945000007	0.716095744766215	GP_unb_21	266:128	4	0.0	0.35169530000000004	2.567744316859649	4	-0.14630243168514825	13.144641165000005	0.7160957447667897	134:1787,153:1098,174:701,211:299	0	False	0
efae-SAMN17038078	GP_1	49:19826,57:16867,69:13350,73:12574,82:10666,85:9508,98:6659,104:6138,105:6065,106:5879,107:5623,108:5551,114:4815,116:4159,117:3958,119:3451,126:2373,127:2345,138:1686,139:1634,142:1514,143:1499,145:1466,147:1390,148:1324,151:1248,156:1053,157:1040,158:1036,161:1006,162:1004,164:946,165:935,166:922,167:914,170:767,171:739,173:701,176:692,178:669,183:586,186:529,187:529,196:405,200:386,203:363,204:355,210:316,212:290,215:279,221:238,225:231,233:208,234:206,236:194,239:190,245:180,247:173,252:152,256:146,263:132,267:126,272:121,273:117	4	-0.14089391802880022	13.324906945000007	0.716095744766215	GP_unb_22	269:122	4	0.0	0.33510019999999996	1.544899416640588	0	0	0	0		1	False	0
efae-SAMN17038078	GP_1	49:19826,57:16867,69:13350,73:12574,82:10666,85:9508,98:6659,104:6138,105:6065,106:5879,107:5623,108:5551,114:4815,116:4159,117:3958,119:3451,126:2373,127:2345,138:1686,139:1634,142:1514,143:1499,145:1466,147:1390,148:1324,151:1248,156:1053,157:1040,158:1036,161:1006,162:1004,164:946,165:935,166:922,167:914,170:767,171:739,173:701,176:692,178:669,183:586,186:529,187:529,196:405,200:386,203:363,204:355,210:316,212:290,215:279,221:238,225:231,233:208,234:206,236:194,239:190,245:180,247:173,252:152,256:146,263:132,267:126,272:121,273:117	4	-0.14089391802880022	13.324906945000007	0.716095744766215	GP_unb_23	270:122	4	0.0	0.298334	1.2143718789201567	0	0	0	0		1	False	0
efae-SAMN17038078	GP_1	49:19826,57:16867,69:13350,73:12574,82:10666,85:9508,98:6659,104:6138,105:6065,106:5879,107:5623,108:5551,114:4815,116:4159,117:3958,119:3451,126:2373,127:2345,138:1686,139:1634,142:1514,143:1499,145:1466,147:1390,148:1324,151:1248,156:1053,157:1040,158:1036,161:1006,162:1004,164:946,165:935,166:922,167:914,170:767,171:739,173:701,176:692,178:669,183:586,186:529,187:529,196:405,200:386,203:363,204:355,210:316,212:290,215:279,221:238,225:231,233:208,234:206,236:194,239:190,245:180,247:173,252:152,256:146,263:132,267:126,272:121,273:117	4	-0.14089391802880022	13.324906945000007	0.716095744766215	GP_unb_24	274:104	4	0.0	0.35823225999999997	1.2539980581433605	4	-0.14089391802880022	13.683139205000007	0.7160957447667897		0	False	0
efae-SAMN17038078	GP_0	101:6303	4	0.0	0.4999137	4.635687901377221	GP_unb_1	109:5469	3	0.0	0.22993063999999996	0.9811190550700915	0	0	0	0		1	False	0
efae-SAMN17038078	GP_0	101:6303	4	0.0	0.4999137	4.635687901377221	GP_2	130:1980	4	0.0	0.49983920000000004	6.156862430423491	0	0	0	0		1	False	0
efae-SAMN17038078	GP_0	101:6303	4	0.0	0.4999137	4.635687901377221	GP_unb_2	177:673	4	0.0	0.44646262999999997	5.334221344909581	0	0	0	0		1	False	0
efae-SAMN17038078	GP_0	101:6303	4	0.0	0.4999137	4.635687901377221	GP_unb_3	194:454	4	0.0	0.29687684999999997	1.5043638279718297	0	0	0	0		1	False	0
efae-SAMN17038078	GP_0	101:6303	4	0.0	0.4999137	4.635687901377221	GP_unb_4	199:389	3	0.0	0.15480815999999997	0.8998713453107907	0	0	0	0		1	False	0
efae-SAMN17038078	GP_0	101:6303	4	0.0	0.4999137	4.635687901377221	GP_unb_5	208:319	4	0.0	0.32922566	1.4153299685183849	0	0	0	0		1	False	0
efae-SAMN17038078	GP_0	101:6303	4	0.0	0.4999137	4.635687901377221	GP_unb_6	209:319	4	0.0	0.29632139999999996	1.204769585068567	0	0	0	0		1	False	0
efae-SAMN17038078	GP_0	101:6303	4	0.0	0.4999137	4.635687901377221	GP_unb_7	213:289	4	0.0	0.31064939999999996	1.0657155313759634	0	0	0	0		1	False	0
efae-SAMN17038078	GP_0	101:6303	4	0.0	0.4999137	4.635687901377221	GP_unb_8	214:288	4	0.0	0.37110509999999997	1.374620522161506	0	0	0	0		1	False	0
efae-SAMN17038078	GP_0	101:6303	4	0.0	0.4999137	4.635687901377221	GP_unb_9	216:267	4	0.0	0.19665089999999996	2.101768266424871	0	0	0	0		1	False	0
efae-SAMN17038078	GP_0	101:6303	4	0.0	0.4999137	4.635687901377221	GP_unb_10	218:251	4	0.0	0.31580865	1.298912185819097	0	0	0	0		1	False	0
efae-SAMN17038078	GP_0	101:6303	4	0.0	0.4999137	4.635687901377221	GP_unb_11	231:208	4	0.0	0.29453229999999997	1.2823555844426793	0	0	0	0		1	False	0
efae-SAMN17038078	GP_0	101:6303	4	0.0	0.4999137	4.635687901377221	GP_unb_12	232:208	4	0.0	0.25719800000000004	1.0725280780166315	0	0	0	0		1	False	0
efae-SAMN17038078	GP_0	101:6303	4	0.0	0.4999137	4.635687901377221	GP_unb_13	238:191	4	0.0	0.33569443	1.418536974180796	0	0	0	0		1	False	0
efae-SAMN17038078	GP_0	101:6303	4	0.0	0.4999137	4.635687901377221	GP_unb_14	243:182	4	0.0	0.2556965	1.402980723194488	0	0	0	0		1	False	0
efae-SAMN17038078	GP_0	101:6303	4	0.0	0.4999137	4.635687901377221	GP_unb_15	244:182	4	0.0	0.21796393000000003	1.0050605960911443	0	0	0	0		1	False	0
efae-SAMN17038078	GP_0	101:6303	4	0.0	0.4999137	4.635687901377221	GP_unb_16	248:172	4	0.0	0.09082955000000004	0.8537669611548431	0	0	0	0		1	False	0
efae-SAMN17038078	GP_0	101:6303	4	0.0	0.4999137	4.635687901377221	GP_unb_17	253:152	4	0.0	0.17961150000000004	1.0074839047901805	0	0	0	0		1	False	0
efae-SAMN17038078	GP_0	101:6303	4	0.0	0.4999137	4.635687901377221	GP_unb_18	254:151	4	0.0	0.1950328	1.1671655044948899	0	0	0	0		1	False	0
efae-SAMN17038078	GP_0	101:6303	4	0.0	0.4999137	4.635687901377221	GP_unb_19	261:135	2	0.0	0.08021027000000003	1.2448905900194989	0	0	0	0		1	False	0
efae-SAMN17038078	GP_0	101:6303	4	0.0	0.4999137	4.635687901377221	GP_unb_20	262:133	4	0.0	0.22139925000000005	3.7312534604366774	0	0	0	0		1	False	0
efae-SAMN17038078	GP_0	101:6303	4	0.0	0.4999137	4.635687901377221	GP_unb_21	266:128	4	0.0	0.35169530000000004	2.567744316859649	0	0	0	0		1	False	0
efae-SAMN17038078	GP_0	101:6303	4	0.0	0.4999137	4.635687901377221	GP_unb_22	269:122	4	0.0	0.33510019999999996	1.544899416640588	0	0	0	0		1	False	0
efae-SAMN17038078	GP_0	101:6303	4	0.0	0.4999137	4.635687901377221	GP_unb_23	270:122	4	0.0	0.298334	1.2143718789201567	0	0	0	0		1	False	0
efae-SAMN17038078	GP_0	101:6303	4	0.0	0.4999137	4.635687901377221	GP_unb_24	274:104	4	0.0	0.35823225999999997	1.2539980581433605	0	0	0	0		1	False	0
efae-SAMN17038078	GP_unb_1	109:5469	3	0.0	0.22993063999999996	0.9811190550700915	GP_2	130:1980	4	0.0	0.49983920000000004	6.156862430423491	0	0	0	0		1	False	0
efae-SAMN17038078	GP_unb_1	109:5469	3	0.0	0.22993063999999996	0.9811190550700915	GP_unb_2	177:673	4	0.0	0.44646262999999997	5.334221344909581	4	-0.020141692852479187	10.15793533	0.5594312446337426	30:27908,50:19696,69:13350,73:12574,82:10666,98:6659,104:6138,106:5879,111:5061,114:4815,117:3958,119:3451,123:2781,127:2345,138:1686,143:1499,146:1416,147:1390,148:1324,151:1248,158:1036,161:1006,162:1004,164:946,165:935,166:922,186:529,187:529,196:405,198:390,200:386,203:363,204:355,210:316,221:238,225:231,233:208,234:206,239:190,252:152,256:146	0	False	0
efae-SAMN17038078	GP_unb_1	109:5469	3	0.0	0.22993063999999996	0.9811190550700915	GP_unb_3	194:454	4	0.0	0.29687684999999997	1.5043638279718297	4	-0.02320058802803418	10.350540970000003	0.4816267000824155	30:27908,50:19696,57:16867,73:12574,82:10666,83:10455,85:9508,98:6659,104:6138,114:4815,117:3958,119:3451,123:2781,127:2345,138:1686,143:1499,147:1390,148:1324,151:1248,158:1036,161:1006,162:1004,164:946,165:935,166:922,186:529,187:529,196:405,198:390,200:386,203:363,204:355,210:316,215:279,221:238,225:231,234:206,239:190,252:152,256:146,258:145	0	False	0
efae-SAMN17038078	GP_unb_1	109:5469	3	0.0	0.22993063999999996	0.9811190550700915	GP_unb_4	199:389	3	0.0	0.15480815999999997	0.8998713453107907	0	0	0	0		1	False	0
efae-SAMN17038078	GP_unb_1	109:5469	3	0.0	0.22993063999999996	0.9811190550700915	GP_unb_5	208:319	4	0.0	0.32922566	1.4153299685183849	4	-0.06347872414274763	10.376538175999999	0.3072974758542842	57:16867,69:13350,73:12574,81:11065,83:10455,85:9508,98:6659,104:6138,108:5551,111:5061,114:4815,117:3958,119:3451,127:2345,134:1787,142:1514,143:1499,146:1416,147:1390,148:1324,151:1248,153:1098,156:1053,158:1036,161:1006,162:1004,164:946,165:935,166:922,169:798,173:701,176:692,186:529,187:529,193:456,196:405,198:390,200:386,203:363,204:355,207:331,210:316,212:290,215:279,221:238,225:231,233:208,234:206,239:190,252:152,256:146,258:145,273:117	0	False	0
efae-SAMN17038078	GP_unb_1	109:5469	3	0.0	0.22993063999999996	0.9811190550700915	GP_unb_6	209:319	4	0.0	0.29632139999999996	1.204769585068567	4	-0.06347872414274763	10.343633916	0.3072974758546855	57:16867,69:13350,73:12574,81:11065,83:10455,85:9508,98:6659,104:6138,108:5551,111:5061,114:4815,117:3958,119:3451,127:2345,134:1787,142:1514,143:1499,146:1416,147:1390,148:1324,151:1248,153:1098,156:1053,158:1036,161:1006,162:1004,164:946,165:935,166:922,169:798,173:701,176:692,186:529,187:529,193:456,196:405,198:390,200:386,203:363,204:355,207:331,210:316,212:290,215:279,221:238,225:231,233:208,234:206,239:190,252:152,256:146,258:145,273:117	0	False	0
efae-SAMN17038078	GP_unb_1	109:5469	3	0.0	0.22993063999999996	0.9811190550700915	GP_unb_7	213:289	4	0.0	0.31064939999999996	1.0657155313759634	0	0	0	0		1	False	0
efae-SAMN17038078	GP_unb_1	109:5469	3	0.0	0.22993063999999996	0.9811190550700915	GP_unb_8	214:288	4	0.0	0.37110509999999997	1.374620522161506	0	0	0	0		1	False	0
efae-SAMN17038078	GP_unb_1	109:5469	3	0.0	0.22993063999999996	0.9811190550700915	GP_unb_9	216:267	4	0.0	0.19665089999999996	2.101768266424871	4	-0.04620805996289934	9.990502646000001	0.3063773674730328	57:16867,69:13350,73:12574,81:11065,83:10455,85:9508,98:6659,104:6138,108:5551,111:5061,114:4815,117:3958,119:3451,127:2345,139:1634,142:1514,143:1499,145:1466,146:1416,147:1390,148:1324,151:1248,156:1053,158:1036,161:1006,162:1004,164:946,165:935,166:922,173:701,176:692,180:658,186:529,187:529,196:405,198:390,200:386,203:363,204:355,210:316,212:290,215:279,221:238,225:231,233:208,234:206,239:190,252:152,256:146,258:145,263:132,273:117	0	False	0
efae-SAMN17038078	GP_unb_1	109:5469	3	0.0	0.22993063999999996	0.9811190550700915	GP_unb_10	218:251	4	0.0	0.31580865	1.298912185819097	4	-0.04632218491096779	10.817807240000002	0.30729747585428413	40:22223,57:16867,69:13350,73:12574,82:10666,83:10455,98:6659,104:6138,108:5551,111:5061,114:4815,117:3958,119:3451,127:2345,142:1514,143:1499,146:1416,147:1390,148:1324,151:1248,156:1053,158:1036,161:1006,162:1004,164:946,165:935,166:922,173:701,176:692,186:529,187:529,196:405,198:390,200:386,203:363,204:355,210:316,212:290,215:279,221:238,225:231,229:217,233:208,234:206,239:190,252:152,256:146,258:145	0	False	0
efae-SAMN17038078	GP_unb_1	109:5469	3	0.0	0.22993063999999996	0.9811190550700915	GP_unb_11	231:208	4	0.0	0.29453229999999997	1.2823555844426793	4	-0.03020612142864504	10.711750040000002	0.4816267000824154	30:27908,50:19696,57:16867,73:12574,82:10666,83:10455,85:9508,98:6659,104:6138,111:5061,114:4815,117:3958,119:3451,123:2781,127:2345,138:1686,143:1499,146:1416,147:1390,148:1324,151:1248,156:1053,158:1036,162:1004,164:946,165:935,166:922,176:692,186:529,187:529,196:405,198:390,200:386,203:363,204:355,210:316,212:290,215:279,221:238,225:231,234:206,239:190,240:190,252:152,256:146,258:145	0	False	0
efae-SAMN17038078	GP_unb_1	109:5469	3	0.0	0.22993063999999996	0.9811190550700915	GP_unb_12	232:208	4	0.0	0.25719800000000004	1.0725280780166315	4	-0.03020612142864504	10.67441574	0.4816267000824155	30:27908,50:19696,57:16867,73:12574,82:10666,83:10455,85:9508,98:6659,104:6138,111:5061,114:4815,117:3958,119:3451,123:2781,127:2345,138:1686,143:1499,146:1416,147:1390,148:1324,151:1248,156:1053,158:1036,162:1004,164:946,165:935,166:922,176:692,186:529,187:529,196:405,198:390,200:386,203:363,204:355,210:316,212:290,215:279,221:238,225:231,234:206,239:190,240:190,252:152,256:146,258:145	0	False	0
efae-SAMN17038078	GP_unb_1	109:5469	3	0.0	0.22993063999999996	0.9811190550700915	GP_unb_13	238:191	4	0.0	0.33569443	1.418536974180796	4	-0.04632218491096779	10.837693020000001	0.30729747585428413	40:22223,57:16867,69:13350,73:12574,82:10666,83:10455,98:6659,104:6138,108:5551,111:5061,114:4815,117:3958,119:3451,127:2345,142:1514,143:1499,146:1416,147:1390,148:1324,151:1248,156:1053,158:1036,161:1006,162:1004,164:946,165:935,166:922,173:701,176:692,186:529,187:529,196:405,198:390,200:386,203:363,204:355,210:316,212:290,215:279,221:238,225:231,229:217,233:208,234:206,239:190,252:152,256:146,258:145	0	False	0
efae-SAMN17038078	GP_unb_1	109:5469	3	0.0	0.22993063999999996	0.9811190550700915	GP_unb_14	243:182	4	0.0	0.2556965	1.402980723194488	0	0	0	0		1	False	0
efae-SAMN17038078	GP_unb_1	109:5469	3	0.0	0.22993063999999996	0.9811190550700915	GP_unb_15	244:182	4	0.0	0.21796393000000003	1.0050605960911443	0	0	0	0		1	False	0
efae-SAMN17038078	GP_unb_1	109:5469	3	0.0	0.22993063999999996	0.9811190550700915	GP_unb_16	248:172	4	0.0	0.09082955000000004	0.8537669611548431	4	-0.031249814948805077	10.310382030000001	0.3226317239459604	30:27908,50:19696,57:16867,69:13350,73:12574,82:10666,83:10455,85:9508,98:6659,104:6138,111:5061,114:4815,117:3958,119:3451,123:2781,127:2345,138:1686,143:1499,146:1416,147:1390,148:1324,151:1248,156:1053,158:1036,161:1006,162:1004,164:946,165:935,166:922,173:701,186:529,187:529,196:405,198:390,200:386,203:363,204:355,210:316,215:279,221:238,225:231,233:208,234:206,239:190,252:152,256:146,258:145	0	False	0
efae-SAMN17038078	GP_unb_1	109:5469	3	0.0	0.22993063999999996	0.9811190550700915	GP_unb_17	253:152	4	0.0	0.17961150000000004	1.0074839047901805	4	-0.06099617201755783	9.536057345999998	0.30637736747303307	57:16867,69:13350,73:12574,81:11065,83:10455,85:9508,98:6659,104:6138,108:5551,111:5061,114:4815,117:3958,119:3451,127:2345,131:1882,139:1634,142:1514,143:1499,145:1466,146:1416,147:1390,148:1324,151:1248,156:1053,158:1036,161:1006,162:1004,164:946,165:935,166:922,173:701,176:692,180:658,186:529,187:529,196:405,197:395,198:390,200:386,203:363,204:355,210:316,212:290,215:279,221:238,225:231,228:218,233:208,234:206,239:190,252:152,256:146,258:145,263:132,273:117	0	False	0
efae-SAMN17038078	GP_unb_1	109:5469	3	0.0	0.22993063999999996	0.9811190550700915	GP_unb_18	254:151	4	0.0	0.1950328	1.1671655044948899	4	-0.06099617201755783	9.551478645999998	0.30637736747303335	57:16867,69:13350,73:12574,81:11065,83:10455,85:9508,98:6659,104:6138,108:5551,111:5061,114:4815,117:3958,119:3451,127:2345,131:1882,139:1634,142:1514,143:1499,145:1466,146:1416,147:1390,148:1324,151:1248,156:1053,158:1036,161:1006,162:1004,164:946,165:935,166:922,173:701,176:692,180:658,186:529,187:529,196:405,197:395,198:390,200:386,203:363,204:355,210:316,212:290,215:279,221:238,225:231,228:218,233:208,234:206,239:190,252:152,256:146,258:145,263:132,273:117	0	False	0
efae-SAMN17038078	GP_unb_1	109:5469	3	0.0	0.22993063999999996	0.9811190550700915	GP_unb_19	261:135	2	0.0	0.08021027000000003	1.2448905900194989	4	-0.06057301929213468	10.070404476	0.3063773674730328	57:16867,69:13350,73:12574,81:11065,83:10455,85:9508,98:6659,104:6138,108:5551,111:5061,114:4815,117:3958,119:3451,127:2345,139:1634,142:1514,143:1499,146:1416,147:1390,148:1324,151:1248,156:1053,157:1040,158:1036,161:1006,162:1004,164:946,165:935,166:922,173:701,176:692,186:529,187:529,196:405,198:390,200:386,203:363,204:355,210:316,212:290,215:279,221:238,225:231,226:227,233:208,234:206,239:190,252:152,256:146,258:145,263:132,273:117	0	False	0
efae-SAMN17038078	GP_unb_1	109:5469	3	0.0	0.22993063999999996	0.9811190550700915	GP_unb_20	262:133	4	0.0	0.22139925000000005	3.7312534604366774	4	-0.05107720810248664	10.517775296	0.3063773674730328	57:16867,69:13350,73:12574,81:11065,85:9508,98:6659,104:6138,106:5879,108:5551,111:5061,114:4815,117:3958,119:3451,127:2345,139:1634,142:1514,143:1499,146:1416,147:1390,148:1324,151:1248,156:1053,157:1040,158:1036,161:1006,162:1004,164:946,165:935,166:922,173:701,176:692,186:529,187:529,196:405,198:390,200:386,203:363,204:355,210:316,212:290,215:279,221:238,225:231,226:227,233:208,234:206,239:190,252:152,256:146,258:145,263:132,273:117	0	False	0
efae-SAMN17038078	GP_unb_1	109:5469	3	0.0	0.22993063999999996	0.9811190550700915	GP_unb_21	266:128	4	0.0	0.35169530000000004	2.567744316859649	4	-0.06347872414274763	10.084278865999998	0.30729747585428413	57:16867,69:13350,73:12574,81:11065,83:10455,85:9508,98:6659,104:6138,108:5551,111:5061,114:4815,117:3958,119:3451,127:2345,134:1787,142:1514,143:1499,146:1416,147:1390,148:1324,151:1248,153:1098,156:1053,158:1036,161:1006,162:1004,164:946,165:935,166:922,169:798,173:701,174:701,176:692,186:529,187:529,196:405,198:390,200:386,203:363,204:355,210:316,211:299,212:290,215:279,221:238,225:231,233:208,234:206,239:190,252:152,256:146,258:145,273:117	0	False	0
efae-SAMN17038078	GP_unb_1	109:5469	3	0.0	0.22993063999999996	0.9811190550700915	GP_unb_22	269:122	4	0.0	0.33510019999999996	1.544899416640588	0	0	0	0		1	False	0
efae-SAMN17038078	GP_unb_1	109:5469	3	0.0	0.22993063999999996	0.9811190550700915	GP_unb_23	270:122	4	0.0	0.298334	1.2143718789201567	0	0	0	0		1	False	0
efae-SAMN17038078	GP_unb_1	109:5469	3	0.0	0.22993063999999996	0.9811190550700915	GP_unb_24	274:104	4	0.0	0.35823225999999997	1.2539980581433605	4	-0.06625646758071344	10.221831	0.3226317239459604	30:27908,50:19696,57:16867,69:13350,73:12574,83:10455,85:9508,98:6659,104:6138,111:5061,114:4815,117:3958,119:3451,123:2781,127:2345,138:1686,143:1499,146:1416,147:1390,148:1324,151:1248,156:1053,158:1036,161:1006,162:1004,164:946,165:935,166:922,170:767,173:701,186:529,187:529,196:405,198:390,200:386,203:363,204:355,210:316,215:279,221:238,225:231,233:208,234:206,239:190,252:152,256:146,258:145	0	False	0
efae-SAMN17038078	GP_2	130:1980	4	0.0	0.49983920000000004	6.156862430423491	GP_unb_2	177:673	4	0.0	0.44646262999999997	5.334221344909581	0	0	0	0		1	False	0
efae-SAMN17038078	GP_2	130:1980	4	0.0	0.49983920000000004	6.156862430423491	GP_unb_3	194:454	4	0.0	0.29687684999999997	1.5043638279718297	0	0	0	0		1	False	0
efae-SAMN17038078	GP_2	130:1980	4	0.0	0.49983920000000004	6.156862430423491	GP_unb_4	199:389	3	0.0	0.15480815999999997	0.8998713453107907	0	0	0	0		1	False	0
efae-SAMN17038078	GP_2	130:1980	4	0.0	0.49983920000000004	6.156862430423491	GP_unb_5	208:319	4	0.0	0.32922566	1.4153299685183849	0	0	0	0		1	False	0
efae-SAMN17038078	GP_2	130:1980	4	0.0	0.49983920000000004	6.156862430423491	GP_unb_6	209:319	4	0.0	0.29632139999999996	1.204769585068567	0	0	0	0		1	False	0
efae-SAMN17038078	GP_2	130:1980	4	0.0	0.49983920000000004	6.156862430423491	GP_unb_7	213:289	4	0.0	0.31064939999999996	1.0657155313759634	0	0	0	0		1	False	0
efae-SAMN17038078	GP_2	130:1980	4	0.0	0.49983920000000004	6.156862430423491	GP_unb_8	214:288	4	0.0	0.37110509999999997	1.374620522161506	0	0	0	0		1	False	0
efae-SAMN17038078	GP_2	130:1980	4	0.0	0.49983920000000004	6.156862430423491	GP_unb_9	216:267	4	0.0	0.19665089999999996	2.101768266424871	0	0	0	0		1	False	0
efae-SAMN17038078	GP_2	130:1980	4	0.0	0.49983920000000004	6.156862430423491	GP_unb_10	218:251	4	0.0	0.31580865	1.298912185819097	0	0	0	0		1	False	0
efae-SAMN17038078	GP_2	130:1980	4	0.0	0.49983920000000004	6.156862430423491	GP_unb_11	231:208	4	0.0	0.29453229999999997	1.2823555844426793	0	0	0	0		1	False	0
efae-SAMN17038078	GP_2	130:1980	4	0.0	0.49983920000000004	6.156862430423491	GP_unb_12	232:208	4	0.0	0.25719800000000004	1.0725280780166315	0	0	0	0		1	False	0
efae-SAMN17038078	GP_2	130:1980	4	0.0	0.49983920000000004	6.156862430423491	GP_unb_13	238:191	4	0.0	0.33569443	1.418536974180796	0	0	0	0		1	False	0
efae-SAMN17038078	GP_2	130:1980	4	0.0	0.49983920000000004	6.156862430423491	GP_unb_14	243:182	4	0.0	0.2556965	1.402980723194488	0	0	0	0		1	False	0
efae-SAMN17038078	GP_2	130:1980	4	0.0	0.49983920000000004	6.156862430423491	GP_unb_15	244:182	4	0.0	0.21796393000000003	1.0050605960911443	0	0	0	0		1	False	0
efae-SAMN17038078	GP_2	130:1980	4	0.0	0.49983920000000004	6.156862430423491	GP_unb_16	248:172	4	0.0	0.09082955000000004	0.8537669611548431	0	0	0	0		1	False	0
efae-SAMN17038078	GP_2	130:1980	4	0.0	0.49983920000000004	6.156862430423491	GP_unb_17	253:152	4	0.0	0.17961150000000004	1.0074839047901805	0	0	0	0		1	False	0
efae-SAMN17038078	GP_2	130:1980	4	0.0	0.49983920000000004	6.156862430423491	GP_unb_18	254:151	4	0.0	0.1950328	1.1671655044948899	0	0	0	0		1	False	0
efae-SAMN17038078	GP_2	130:1980	4	0.0	0.49983920000000004	6.156862430423491	GP_unb_19	261:135	2	0.0	0.08021027000000003	1.2448905900194989	0	0	0	0		1	False	0
efae-SAMN17038078	GP_2	130:1980	4	0.0	0.49983920000000004	6.156862430423491	GP_unb_20	262:133	4	0.0	0.22139925000000005	3.7312534604366774	0	0	0	0		1	False	0
efae-SAMN17038078	GP_2	130:1980	4	0.0	0.49983920000000004	6.156862430423491	GP_unb_21	266:128	4	0.0	0.35169530000000004	2.567744316859649	0	0	0	0		1	False	0
efae-SAMN17038078	GP_2	130:1980	4	0.0	0.49983920000000004	6.156862430423491	GP_unb_22	269:122	4	0.0	0.33510019999999996	1.544899416640588	0	0	0	0		1	False	0
efae-SAMN17038078	GP_2	130:1980	4	0.0	0.49983920000000004	6.156862430423491	GP_unb_23	270:122	4	0.0	0.298334	1.2143718789201567	0	0	0	0		1	False	0
efae-SAMN17038078	GP_2	130:1980	4	0.0	0.49983920000000004	6.156862430423491	GP_unb_24	274:104	4	0.0	0.35823225999999997	1.2539980581433605	0	0	0	0		1	False	0
efae-SAMN17038078	GP_unb_2	177:673	4	0.0	0.44646262999999997	5.334221344909581	GP_unb_3	194:454	4	0.0	0.29687684999999997	1.5043638279718297	4	-0.027893149223249647	10.730021820000005	0.32263172394596046	30:27908,50:19696,69:13350,73:12574,82:10666,98:6659,104:6138,106:5879,114:4815,117:3958,119:3451,123:2781,127:2345,138:1686,143:1499,147:1390,148:1324,151:1248,156:1053,158:1036,161:1006,162:1004,164:946,165:935,166:922,173:701,186:529,187:529,196:405,198:390,203:363,204:355,210:316,221:238,225:231,233:208,234:206,239:190,252:152,256:146	0	False	0
efae-SAMN17038078	GP_unb_2	177:673	4	0.0	0.44646262999999997	5.334221344909581	GP_unb_4	199:389	3	0.0	0.15480815999999997	0.8998713453107907	0	0	0	0		1	False	0
efae-SAMN17038078	GP_unb_2	177:673	4	0.0	0.44646262999999997	5.334221344909581	GP_unb_5	208:319	4	0.0	0.32922566	1.4153299685183849	4	-0.0631809535927472	10.593070165999999	0.30729747585428413	57:16867,69:13350,73:12574,81:11065,83:10455,85:9508,98:6659,104:6138,108:5551,111:5061,114:4815,117:3958,119:3451,127:2345,134:1787,142:1514,143:1499,146:1416,147:1390,148:1324,151:1248,153:1098,156:1053,158:1036,161:1006,162:1004,164:946,165:935,166:922,169:798,173:701,176:692,186:529,187:529,193:456,196:405,198:390,200:386,203:363,204:355,207:331,210:316,212:290,215:279,221:238,225:231,233:208,234:206,239:190,252:152,256:146,258:145,273:117	0	False	0
efae-SAMN17038078	GP_unb_2	177:673	4	0.0	0.44646262999999997	5.334221344909581	GP_unb_6	209:319	4	0.0	0.29632139999999996	1.204769585068567	4	-0.0631809535927472	10.560165906	0.30729747585429984	57:16867,69:13350,73:12574,81:11065,83:10455,85:9508,98:6659,104:6138,108:5551,111:5061,114:4815,117:3958,119:3451,127:2345,134:1787,142:1514,143:1499,146:1416,147:1390,148:1324,151:1248,153:1098,156:1053,158:1036,161:1006,162:1004,164:946,165:935,166:922,169:798,173:701,176:692,186:529,187:529,193:456,196:405,198:390,200:386,203:363,204:355,207:331,210:316,212:290,215:279,221:238,225:231,233:208,234:206,239:190,252:152,256:146,258:145,273:117	0	False	0
efae-SAMN17038078	GP_unb_2	177:673	4	0.0	0.44646262999999997	5.334221344909581	GP_unb_7	213:289	4	0.0	0.31064939999999996	1.0657155313759634	0	0	0	0		1	False	0
efae-SAMN17038078	GP_unb_2	177:673	4	0.0	0.44646262999999997	5.334221344909581	GP_unb_8	214:288	4	0.0	0.37110509999999997	1.374620522161506	0	0	0	0		1	False	0
efae-SAMN17038078	GP_unb_2	177:673	4	0.0	0.44646262999999997	5.334221344909581	GP_unb_9	216:267	4	0.0	0.19665089999999996	2.101768266424871	4	-0.0459102894128989	10.207034636000001	0.30637736747303285	57:16867,69:13350,73:12574,81:11065,83:10455,85:9508,98:6659,104:6138,108:5551,111:5061,114:4815,117:3958,119:3451,127:2345,139:1634,142:1514,143:1499,145:1466,146:1416,147:1390,148:1324,151:1248,156:1053,158:1036,161:1006,162:1004,164:946,165:935,166:922,173:701,176:692,180:658,186:529,187:529,196:405,198:390,200:386,203:363,204:355,210:316,212:290,215:279,221:238,225:231,233:208,234:206,239:190,252:152,256:146,258:145,263:132,273:117	0	False	0
efae-SAMN17038078	GP_unb_2	177:673	4	0.0	0.44646262999999997	5.334221344909581	GP_unb_10	218:251	4	0.0	0.31580865	1.298912185819097	4	-0.04602441436096735	11.034339230000002	0.30729747585428413	40:22223,57:16867,69:13350,73:12574,82:10666,83:10455,98:6659,104:6138,108:5551,111:5061,114:4815,117:3958,119:3451,127:2345,142:1514,143:1499,146:1416,147:1390,148:1324,151:1248,156:1053,158:1036,161:1006,162:1004,164:946,165:935,166:922,173:701,176:692,186:529,187:529,196:405,198:390,200:386,203:363,204:355,210:316,212:290,215:279,221:238,225:231,229:217,233:208,234:206,239:190,252:152,256:146,258:145	0	False	0
efae-SAMN17038078	GP_unb_2	177:673	4	0.0	0.44646262999999997	5.334221344909581	GP_unb_11	231:208	4	0.0	0.29453229999999997	1.2823555844426793	4	-0.05811615229079073	11.090380300000003	0.3226317239459604	30:27908,50:19696,57:16867,69:13350,73:12574,83:10455,85:9508,98:6659,104:6138,111:5061,114:4815,117:3958,119:3451,123:2781,127:2345,143:1499,146:1416,147:1390,148:1324,151:1248,156:1053,158:1036,161:1006,162:1004,164:946,165:935,166:922,169:798,173:701,176:692,186:529,187:529,196:405,198:390,200:386,203:363,204:355,210:316,212:290,215:279,221:238,225:231,233:208,234:206,239:190,240:190,252:152,256:146,258:145	0	False	0
efae-SAMN17038078	GP_unb_2	177:673	4	0.0	0.44646262999999997	5.334221344909581	GP_unb_12	232:208	4	0.0	0.25719800000000004	1.0725280780166315	4	-0.05811615229079073	11.053046000000002	0.3226317239459604	30:27908,50:19696,57:16867,69:13350,73:12574,83:10455,85:9508,98:6659,104:6138,111:5061,114:4815,117:3958,119:3451,123:2781,127:2345,143:1499,146:1416,147:1390,148:1324,151:1248,156:1053,158:1036,161:1006,162:1004,164:946,165:935,166:922,169:798,173:701,176:692,186:529,187:529,196:405,198:390,200:386,203:363,204:355,210:316,212:290,215:279,221:238,225:231,233:208,234:206,239:190,240:190,252:152,256:146,258:145	0	False	0
efae-SAMN17038078	GP_unb_2	177:673	4	0.0	0.44646262999999997	5.334221344909581	GP_unb_13	238:191	4	0.0	0.33569443	1.418536974180796	4	-0.04602441436096735	11.054225010000001	0.3072974758542842	40:22223,57:16867,69:13350,73:12574,82:10666,83:10455,98:6659,104:6138,108:5551,111:5061,114:4815,117:3958,119:3451,127:2345,142:1514,143:1499,146:1416,147:1390,148:1324,151:1248,156:1053,158:1036,161:1006,162:1004,164:946,165:935,166:922,173:701,176:692,186:529,187:529,196:405,198:390,200:386,203:363,204:355,210:316,212:290,215:279,221:238,225:231,229:217,233:208,234:206,239:190,252:152,256:146,258:145	0	False	0
efae-SAMN17038078	GP_unb_2	177:673	4	0.0	0.44646262999999997	5.334221344909581	GP_unb_14	243:182	4	0.0	0.2556965	1.402980723194488	0	0	0	0		1	False	0
efae-SAMN17038078	GP_unb_2	177:673	4	0.0	0.44646262999999997	5.334221344909581	GP_unb_15	244:182	4	0.0	0.21796393000000003	1.0050605960911443	0	0	0	0		1	False	0
efae-SAMN17038078	GP_unb_2	177:673	4	0.0	0.44646262999999997	5.334221344909581	GP_unb_16	248:172	4	0.0	0.09082955000000004	0.8537669611548431	4	-0.03095204439880464	10.526914020000001	0.3226317239459604	30:27908,50:19696,57:16867,69:13350,73:12574,82:10666,83:10455,85:9508,98:6659,104:6138,111:5061,114:4815,117:3958,119:3451,123:2781,127:2345,138:1686,143:1499,146:1416,147:1390,148:1324,151:1248,156:1053,158:1036,161:1006,162:1004,164:946,165:935,166:922,173:701,186:529,187:529,196:405,198:390,200:386,203:363,204:355,210:316,215:279,221:238,225:231,233:208,234:206,239:190,252:152,256:146,258:145	0	False	0
efae-SAMN17038078	GP_unb_2	177:673	4	0.0	0.44646262999999997	5.334221344909581	GP_unb_17	253:152	4	0.0	0.17961150000000004	1.0074839047901805	4	-0.060698401467557395	9.752589335999998	0.30637736747303285	57:16867,69:13350,73:12574,81:11065,83:10455,85:9508,98:6659,104:6138,108:5551,111:5061,114:4815,117:3958,119:3451,127:2345,131:1882,139:1634,142:1514,143:1499,145:1466,146:1416,147:1390,148:1324,151:1248,156:1053,158:1036,161:1006,162:1004,164:946,165:935,166:922,173:701,176:692,180:658,186:529,187:529,196:405,197:395,198:390,200:386,203:363,204:355,210:316,212:290,215:279,221:238,225:231,228:218,233:208,234:206,239:190,252:152,256:146,258:145,263:132,273:117	0	False	0
efae-SAMN17038078	GP_unb_2	177:673	4	0.0	0.44646262999999997	5.334221344909581	GP_unb_18	254:151	4	0.0	0.1950328	1.1671655044948899	4	-0.060698401467557395	9.768010635999998	0.3063773674730328	57:16867,69:13350,73:12574,81:11065,83:10455,85:9508,98:6659,104:6138,108:5551,111:5061,114:4815,117:3958,119:3451,127:2345,131:1882,139:1634,142:1514,143:1499,145:1466,146:1416,147:1390,148:1324,151:1248,156:1053,158:1036,161:1006,162:1004,164:946,165:935,166:922,173:701,176:692,180:658,186:529,187:529,196:405,197:395,198:390,200:386,203:363,204:355,210:316,212:290,215:279,221:238,225:231,228:218,233:208,234:206,239:190,252:152,256:146,258:145,263:132,273:117	0	False	0
efae-SAMN17038078	GP_unb_2	177:673	4	0.0	0.44646262999999997	5.334221344909581	GP_unb_19	261:135	2	0.0	0.08021027000000003	1.2448905900194989	4	-0.060275248742134246	10.286936466	0.30637736747383515	57:16867,69:13350,73:12574,81:11065,83:10455,85:9508,98:6659,104:6138,108:5551,111:5061,114:4815,117:3958,119:3451,127:2345,139:1634,142:1514,143:1499,146:1416,147:1390,148:1324,151:1248,156:1053,157:1040,158:1036,161:1006,162:1004,164:946,165:935,166:922,173:701,176:692,186:529,187:529,196:405,198:390,200:386,203:363,204:355,210:316,212:290,215:279,221:238,225:231,226:227,233:208,234:206,239:190,252:152,256:146,258:145,263:132,273:117	0	False	0
efae-SAMN17038078	GP_unb_2	177:673	4	0.0	0.44646262999999997	5.334221344909581	GP_unb_20	262:133	4	0.0	0.22139925000000005	3.7312534604366774	4	-0.050779437552486206	10.734307286	0.3063773674730328	57:16867,69:13350,73:12574,81:11065,85:9508,98:6659,104:6138,106:5879,108:5551,111:5061,114:4815,117:3958,119:3451,127:2345,139:1634,142:1514,143:1499,146:1416,147:1390,148:1324,151:1248,156:1053,157:1040,158:1036,161:1006,162:1004,164:946,165:935,166:922,173:701,176:692,186:529,187:529,196:405,198:390,200:386,203:363,204:355,210:316,212:290,215:279,221:238,225:231,226:227,233:208,234:206,239:190,252:152,256:146,258:145,263:132,273:117	0	False	0
efae-SAMN17038078	GP_unb_2	177:673	4	0.0	0.44646262999999997	5.334221344909581	GP_unb_21	266:128	4	0.0	0.35169530000000004	2.567744316859649	4	-0.0631809535927472	10.300810855999998	0.30729747585428446	57:16867,69:13350,73:12574,81:11065,83:10455,85:9508,98:6659,104:6138,108:5551,111:5061,114:4815,117:3958,119:3451,127:2345,134:1787,142:1514,143:1499,146:1416,147:1390,148:1324,151:1248,153:1098,156:1053,158:1036,161:1006,162:1004,164:946,165:935,166:922,169:798,173:701,174:701,176:692,186:529,187:529,196:405,198:390,200:386,203:363,204:355,210:316,211:299,212:290,215:279,221:238,225:231,233:208,234:206,239:190,252:152,256:146,258:145,273:117	0	False	0
efae-SAMN17038078	GP_unb_2	177:673	4	0.0	0.44646262999999997	5.334221344909581	GP_unb_22	269:122	4	0.0	0.33510019999999996	1.544899416640588	0	0	0	0		1	False	0
efae-SAMN17038078	GP_unb_2	177:673	4	0.0	0.44646262999999997	5.334221344909581	GP_unb_23	270:122	4	0.0	0.298334	1.2143718789201567	0	0	0	0		1	False	0
efae-SAMN17038078	GP_unb_2	177:673	4	0.0	0.44646262999999997	5.334221344909581	GP_unb_24	274:104	4	0.0	0.35823225999999997	1.2539980581433605	4	-0.065958697030713	10.43836299	0.3226317239459602	30:27908,50:19696,57:16867,69:13350,73:12574,83:10455,85:9508,98:6659,104:6138,111:5061,114:4815,117:3958,119:3451,123:2781,127:2345,138:1686,143:1499,146:1416,147:1390,148:1324,151:1248,156:1053,158:1036,161:1006,162:1004,164:946,165:935,166:922,170:767,173:701,186:529,187:529,196:405,198:390,200:386,203:363,204:355,210:316,215:279,221:238,225:231,233:208,234:206,239:190,252:152,256:146,258:145	0	False	0
efae-SAMN17038078	GP_unb_3	194:454	4	0.0	0.29687684999999997	1.5043638279718297	GP_unb_4	199:389	3	0.0	0.15480815999999997	0.8998713453107907	0	0	0	0		1	False	0
efae-SAMN17038078	GP_unb_3	194:454	4	0.0	0.29687684999999997	1.5043638279718297	GP_unb_5	208:319	4	0.0	0.32922566	1.4153299685183849	4	-0.043022379101371966	10.746005326	0.30729747585428385	57:16867,73:12574,81:11065,82:10666,83:10455,85:9508,98:6659,104:6138,108:5551,114:4815,117:3958,119:3451,127:2345,134:1787,142:1514,143:1499,147:1390,148:1324,151:1248,153:1098,156:1053,158:1036,161:1006,162:1004,164:946,165:935,166:922,173:701,176:692,186:529,187:529,193:456,196:405,198:390,200:386,203:363,204:355,207:331,210:316,212:290,215:279,221:238,225:231,234:206,239:190,252:152,256:146,258:145,273:117	0	False	0
efae-SAMN17038078	GP_unb_3	194:454	4	0.0	0.29687684999999997	1.5043638279718297	GP_unb_6	209:319	4	0.0	0.29632139999999996	1.204769585068567	4	-0.043022379101371966	10.713101066	0.30729747585428413	57:16867,73:12574,81:11065,82:10666,83:10455,85:9508,98:6659,104:6138,108:5551,114:4815,117:3958,119:3451,127:2345,134:1787,142:1514,143:1499,147:1390,148:1324,151:1248,153:1098,156:1053,158:1036,161:1006,162:1004,164:946,165:935,166:922,173:701,176:692,186:529,187:529,193:456,196:405,198:390,200:386,203:363,204:355,207:331,210:316,212:290,215:279,221:238,225:231,234:206,239:190,252:152,256:146,258:145,273:117	0	False	0
efae-SAMN17038078	GP_unb_3	194:454	4	0.0	0.29687684999999997	1.5043638279718297	GP_unb_7	213:289	4	0.0	0.31064939999999996	1.0657155313759634	0	0	0	0		1	False	0
efae-SAMN17038078	GP_unb_3	194:454	4	0.0	0.29687684999999997	1.5043638279718297	GP_unb_8	214:288	4	0.0	0.37110509999999997	1.374620522161506	0	0	0	0		1	False	0
efae-SAMN17038078	GP_unb_3	194:454	4	0.0	0.29687684999999997	1.5043638279718297	GP_unb_9	216:267	4	0.0	0.19665089999999996	2.101768266424871	4	-0.03342814714288092	10.316562596	0.3072974758542837	30:27908,50:19696,57:16867,69:13350,73:12574,80:11140,83:10455,85:9508,98:6659,104:6138,108:5551,114:4815,117:3958,119:3451,123:2781,127:2345,142:1514,143:1499,147:1390,148:1324,151:1248,156:1053,158:1036,161:1006,162:1004,164:946,165:935,166:922,173:701,176:692,186:529,187:529,196:405,198:390,200:386,203:363,204:355,210:316,212:290,215:279,221:238,225:231,233:208,234:206,239:190,252:152,256:146,258:145	0	False	0
efae-SAMN17038078	GP_unb_3	194:454	4	0.0	0.29687684999999997	1.5043638279718297	GP_unb_10	218:251	4	0.0	0.31580865	1.298912185819097	4	-0.04354831161689107	11.05924251	0.3226317239459604	30:27908,50:19696,73:12574,82:10666,85:9508,98:6659,104:6138,106:5879,114:4815,117:3958,119:3451,123:2781,127:2345,138:1686,143:1499,147:1390,148:1324,151:1248,156:1053,158:1036,161:1006,162:1004,164:946,165:935,166:922,173:701,186:529,187:529,196:405,198:390,203:363,204:355,210:316,221:238,225:231,229:217,234:206,239:190,252:152,256:146,258:145	0	False	0
efae-SAMN17038078	GP_unb_3	194:454	4	0.0	0.29687684999999997	1.5043638279718297	GP_unb_11	231:208	4	0.0	0.29453229999999997	1.2823555844426793	4	-0.0379575777994155	11.210164730000002	0.3226317239459604	30:27908,50:19696,57:16867,73:12574,82:10666,83:10455,85:9508,98:6659,104:6138,114:4815,117:3958,119:3451,123:2781,127:2345,138:1686,143:1499,147:1390,148:1324,151:1248,156:1053,158:1036,162:1004,164:946,165:935,166:922,173:701,176:692,186:529,187:529,196:405,198:390,200:386,203:363,204:355,210:316,212:290,215:279,221:238,225:231,234:206,239:190,240:190,252:152,256:146,258:145	0	False	0
efae-SAMN17038078	GP_unb_3	194:454	4	0.0	0.29687684999999997	1.5043638279718297	GP_unb_12	232:208	4	0.0	0.25719800000000004	1.0725280780166315	4	-0.0379575777994155	11.172830430000005	0.32263172394596035	30:27908,50:19696,57:16867,73:12574,82:10666,83:10455,85:9508,98:6659,104:6138,114:4815,117:3958,119:3451,123:2781,127:2345,138:1686,143:1499,147:1390,148:1324,151:1248,156:1053,158:1036,162:1004,164:946,165:935,166:922,173:701,176:692,186:529,187:529,196:405,198:390,200:386,203:363,204:355,210:316,212:290,215:279,221:238,225:231,234:206,239:190,240:190,252:152,256:146,258:145	0	False	0
efae-SAMN17038078	GP_unb_3	194:454	4	0.0	0.29687684999999997	1.5043638279718297	GP_unb_13	238:191	4	0.0	0.33569443	1.418536974180796	4	-0.04354831161689107	11.079128290000003	0.3226317239459609	30:27908,50:19696,73:12574,82:10666,85:9508,98:6659,104:6138,106:5879,114:4815,117:3958,119:3451,123:2781,127:2345,138:1686,143:1499,147:1390,148:1324,151:1248,156:1053,158:1036,161:1006,162:1004,164:946,165:935,166:922,173:701,186:529,187:529,196:405,198:390,203:363,204:355,210:316,221:238,225:231,229:217,234:206,239:190,252:152,256:146,258:145	0	False	0
efae-SAMN17038078	GP_unb_3	194:454	4	0.0	0.29687684999999997	1.5043638279718297	GP_unb_14	243:182	4	0.0	0.2556965	1.402980723194488	0	0	0	0		1	False	0
efae-SAMN17038078	GP_unb_3	194:454	4	0.0	0.29687684999999997	1.5043638279718297	GP_unb_15	244:182	4	0.0	0.21796393000000003	1.0050605960911443	0	0	0	0		1	False	0
efae-SAMN17038078	GP_unb_3	194:454	4	0.0	0.29687684999999997	1.5043638279718297	GP_unb_16	248:172	4	0.0	0.09082955000000004	0.8537669611548431	4	-0.04789950082962055	9.818125034	0.30729747585428413	30:27908,50:19696,57:16867,73:12574,82:10666,83:10455,85:9508,98:6659,104:6138,108:5551,114:4815,117:3958,119:3451,123:2781,127:2345,138:1686,142:1514,143:1499,147:1390,148:1324,151:1248,156:1053,158:1036,162:1004,164:946,165:935,166:922,173:701,176:692,179:668,186:529,187:529,196:405,198:390,200:386,203:363,204:355,210:316,212:290,215:279,221:238,222:237,225:231,234:206,239:190,252:152,256:146,258:145	0	False	0
efae-SAMN17038078	GP_unb_3	194:454	4	0.0	0.29687684999999997	1.5043638279718297	GP_unb_17	253:152	4	0.0	0.17961150000000004	1.0074839047901805	4	-0.04821625919753941	9.862117296	0.30729747585428413	30:27908,50:19696,57:16867,69:13350,73:12574,80:11140,83:10455,85:9508,98:6659,104:6138,108:5551,114:4815,117:3958,119:3451,123:2781,127:2345,131:1882,142:1514,143:1499,147:1390,148:1324,151:1248,156:1053,158:1036,161:1006,162:1004,164:946,165:935,166:922,173:701,176:692,186:529,187:529,196:405,197:395,198:390,200:386,203:363,204:355,210:316,212:290,215:279,221:238,225:231,228:218,233:208,234:206,239:190,252:152,256:146,258:145	0	False	0
efae-SAMN17038078	GP_unb_3	194:454	4	0.0	0.29687684999999997	1.5043638279718297	GP_unb_18	254:151	4	0.0	0.1950328	1.1671655044948899	4	-0.04821625919753941	9.877538595999999	0.30729747585428413	30:27908,50:19696,57:16867,69:13350,73:12574,80:11140,83:10455,85:9508,98:6659,104:6138,108:5551,114:4815,117:3958,119:3451,123:2781,127:2345,131:1882,142:1514,143:1499,147:1390,148:1324,151:1248,156:1053,158:1036,161:1006,162:1004,164:946,165:935,166:922,173:701,176:692,186:529,187:529,196:405,197:395,198:390,200:386,203:363,204:355,210:316,212:290,215:279,221:238,225:231,228:218,233:208,234:206,239:190,252:152,256:146,258:145	0	False	0
efae-SAMN17038078	GP_unb_3	194:454	4	0.0	0.29687684999999997	1.5043638279718297	GP_unb_19	261:135	2	0.0	0.08021027000000003	1.2448905900194989	4	-0.060275248742134246	10.530728316000001	0.3063773674730328	57:16867,69:13350,73:12574,80:11140,83:10455,85:9508,98:6659,104:6138,108:5551,114:4815,117:3958,119:3451,127:2345,139:1634,142:1514,143:1499,147:1390,148:1324,151:1248,156:1053,157:1040,158:1036,161:1006,162:1004,164:946,165:935,166:922,173:701,176:692,186:529,187:529,196:405,198:390,200:386,203:363,204:355,210:316,212:290,215:279,221:238,225:231,226:227,233:208,234:206,239:190,252:152,256:146,258:145,263:132,273:117	0	False	0
efae-SAMN17038078	GP_unb_3	194:454	4	0.0	0.29687684999999997	1.5043638279718297	GP_unb_20	262:133	4	0.0	0.22139925000000005	3.7312534604366774	4	-0.03095204439880464	10.762023320000003	0.32263172394595857	30:27908,50:19696,57:16867,73:12574,82:10666,85:9508,98:6659,104:6138,106:5879,114:4815,117:3958,119:3451,123:2781,127:2345,138:1686,143:1499,147:1390,148:1324,151:1248,156:1053,158:1036,161:1006,162:1004,164:946,165:935,166:922,173:701,186:529,187:529,196:405,198:390,203:363,204:355,210:316,215:279,221:238,225:231,234:206,239:190,252:152,256:146,258:145	0	False	0
efae-SAMN17038078	GP_unb_3	194:454	4	0.0	0.29687684999999997	1.5043638279718297	GP_unb_21	266:128	4	0.0	0.35169530000000004	2.567744316859649	4	-0.043022379101371966	10.453746015999998	0.30729747585428424	57:16867,73:12574,81:11065,82:10666,83:10455,85:9508,98:6659,104:6138,108:5551,114:4815,117:3958,119:3451,127:2345,134:1787,142:1514,143:1499,147:1390,148:1324,151:1248,153:1098,156:1053,158:1036,161:1006,162:1004,164:946,165:935,166:922,173:701,174:701,176:692,186:529,187:529,196:405,198:390,200:386,203:363,204:355,210:316,211:299,212:290,215:279,221:238,225:231,234:206,239:190,252:152,256:146,258:145,273:117	0	False	0
efae-SAMN17038078	GP_unb_3	194:454	4	0.0	0.29687684999999997	1.5043638279718297	GP_unb_22	269:122	4	0.0	0.33510019999999996	1.544899416640588	0	0	0	0		1	False	0
efae-SAMN17038078	GP_unb_3	194:454	4	0.0	0.29687684999999997	1.5043638279718297	GP_unb_23	270:122	4	0.0	0.298334	1.2143718789201567	0	0	0	0		1	False	0
efae-SAMN17038078	GP_unb_3	194:454	4	0.0	0.29687684999999997	1.5043638279718297	GP_unb_24	274:104	4	0.0	0.35823225999999997	1.2539980581433605	4	-0.06843479977478928	10.482859216	0.30729747585428413	30:27908,50:19696,57:16867,69:13350,73:12574,80:11140,83:10455,85:9508,98:6659,104:6138,108:5551,114:4815,117:3958,119:3451,123:2781,127:2345,142:1514,143:1499,147:1390,148:1324,151:1248,156:1053,158:1036,161:1006,162:1004,164:946,165:935,166:922,170:767,173:701,176:692,186:529,187:529,196:405,198:390,200:386,203:363,204:355,210:316,212:290,215:279,221:238,225:231,233:208,234:206,239:190,252:152,256:146,258:145	0	False	0
efae-SAMN17038078	GP_unb_4	199:389	3	0.0	0.15480815999999997	0.8998713453107907	GP_unb_5	208:319	4	0.0	0.32922566	1.4153299685183849	0	0	0	0		1	False	0
efae-SAMN17038078	GP_unb_4	199:389	3	0.0	0.15480815999999997	0.8998713453107907	GP_unb_6	209:319	4	0.0	0.29632139999999996	1.204769585068567	0	0	0	0		1	False	0
efae-SAMN17038078	GP_unb_4	199:389	3	0.0	0.15480815999999997	0.8998713453107907	GP_unb_7	213:289	4	0.0	0.31064939999999996	1.0657155313759634	4	-0.003211329255086909	1.75837797	0.643471376337402	126:2373,227:226,245:180,247:173	0	False	0
efae-SAMN17038078	GP_unb_4	199:389	3	0.0	0.15480815999999997	0.8998713453107907	GP_unb_8	214:288	4	0.0	0.37110509999999997	1.374620522161506	4	-0.003211329255086909	1.8188336699999998	0.643471376337402	126:2373,227:226,245:180,247:173	0	False	0
efae-SAMN17038078	GP_unb_4	199:389	3	0.0	0.15480815999999997	0.8998713453107907	GP_unb_9	216:267	4	0.0	0.19665089999999996	2.101768266424871	0	0	0	0		1	False	0
efae-SAMN17038078	GP_unb_4	199:389	3	0.0	0.15480815999999997	0.8998713453107907	GP_unb_10	218:251	4	0.0	0.31580865	1.298912185819097	0	0	0	0		1	False	0
efae-SAMN17038078	GP_unb_4	199:389	3	0.0	0.15480815999999997	0.8998713453107907	GP_unb_11	231:208	4	0.0	0.29453229999999997	1.2823555844426793	0	0	0	0		1	False	0
efae-SAMN17038078	GP_unb_4	199:389	3	0.0	0.15480815999999997	0.8998713453107907	GP_unb_12	232:208	4	0.0	0.25719800000000004	1.0725280780166315	0	0	0	0		1	False	0
efae-SAMN17038078	GP_unb_4	199:389	3	0.0	0.15480815999999997	0.8998713453107907	GP_unb_13	238:191	4	0.0	0.33569443	1.418536974180796	0	0	0	0		1	False	0
efae-SAMN17038078	GP_unb_4	199:389	3	0.0	0.15480815999999997	0.8998713453107907	GP_unb_14	243:182	4	0.0	0.2556965	1.402980723194488	4	-0.003211329255086909	1.29813262	0.643471376337402	126:2373,245:180,247:173	0	False	0
efae-SAMN17038078	GP_unb_4	199:389	3	0.0	0.15480815999999997	0.8998713453107907	GP_unb_15	244:182	4	0.0	0.21796393000000003	1.0050605960911443	4	-0.003211329255086909	1.2604000499999999	0.643471376337402	126:2373,245:180,247:173	0	False	0
efae-SAMN17038078	GP_unb_4	199:389	3	0.0	0.15480815999999997	0.8998713453107907	GP_unb_16	248:172	4	0.0	0.09082955000000004	0.8537669611548431	0	0	0	0		1	False	0
efae-SAMN17038078	GP_unb_4	199:389	3	0.0	0.15480815999999997	0.8998713453107907	GP_unb_17	253:152	4	0.0	0.17961150000000004	1.0074839047901805	0	0	0	0		1	False	0
efae-SAMN17038078	GP_unb_4	199:389	3	0.0	0.15480815999999997	0.8998713453107907	GP_unb_18	254:151	4	0.0	0.1950328	1.1671655044948899	0	0	0	0		1	False	0
efae-SAMN17038078	GP_unb_4	199:389	3	0.0	0.15480815999999997	0.8998713453107907	GP_unb_19	261:135	2	0.0	0.08021027000000003	1.2448905900194989	0	0	0	0		1	False	0
efae-SAMN17038078	GP_unb_4	199:389	3	0.0	0.15480815999999997	0.8998713453107907	GP_unb_20	262:133	4	0.0	0.22139925000000005	3.7312534604366774	0	0	0	0		1	False	0
efae-SAMN17038078	GP_unb_4	199:389	3	0.0	0.15480815999999997	0.8998713453107907	GP_unb_21	266:128	4	0.0	0.35169530000000004	2.567744316859649	0	0	0	0		1	False	0
efae-SAMN17038078	GP_unb_4	199:389	3	0.0	0.15480815999999997	0.8998713453107907	GP_unb_22	269:122	4	0.0	0.33510019999999996	1.544899416640588	0	0	0	0		1	False	0
efae-SAMN17038078	GP_unb_4	199:389	3	0.0	0.15480815999999997	0.8998713453107907	GP_unb_23	270:122	4	0.0	0.298334	1.2143718789201567	0	0	0	0		1	False	0
efae-SAMN17038078	GP_unb_4	199:389	3	0.0	0.15480815999999997	0.8998713453107907	GP_unb_24	274:104	4	0.0	0.35823225999999997	1.2539980581433605	0	0	0	0		1	False	0
efae-SAMN17038078	GP_unb_5	208:319	4	0.0	0.32922566	1.4153299685183849	GP_unb_6	209:319	4	0.0	0.29632139999999996	1.204769585068567	4	0.0	1.0329069	1.2047695850687887	255:149	0	False	0
efae-SAMN17038078	GP_unb_5	208:319	4	0.0	0.32922566	1.4153299685183849	GP_unb_7	213:289	4	0.0	0.31064939999999996	1.0657155313759634	4	0.0	2.3127235400000004	0.6938814653258305	49:19826,107:5623,236:194,255:149	0	False	0
efae-SAMN17038078	GP_unb_5	208:319	4	0.0	0.32922566	1.4153299685183849	GP_unb_8	214:288	4	0.0	0.37110509999999997	1.374620522161506	4	0.0	2.37317924	0.6938814653258305	49:19826,107:5623,236:194,255:149	0	False	0
efae-SAMN17038078	GP_unb_5	208:319	4	0.0	0.32922566	1.4153299685183849	GP_unb_9	216:267	4	0.0	0.19665089999999996	2.101768266424871	4	-0.040546276357295685	10.03481063	0.3226317239459604	30:27908,50:19696,57:16867,73:12574,82:10666,83:10455,85:9508,98:6659,104:6138,111:5061,114:4815,117:3958,119:3451,123:2781,127:2345,134:1787,138:1686,143:1499,146:1416,147:1390,148:1324,151:1248,153:1098,156:1053,158:1036,161:1006,162:1004,164:946,165:935,166:922,173:701,186:529,187:529,193:456,196:405,198:390,200:386,203:363,204:355,207:331,210:316,215:279,221:238,225:231,234:206,239:190,252:152,256:146,258:145,273:117	0	False	0
efae-SAMN17038078	GP_unb_5	208:319	4	0.0	0.32922566	1.4153299685183849	GP_unb_10	218:251	4	0.0	0.31580865	1.298912185819097	4	-0.05314254357538212	11.017730610000003	0.3226317239459604	22:35861,73:12574,82:10666,85:9508,98:6659,104:6138,114:4815,117:3958,119:3451,127:2345,134:1787,138:1686,143:1499,147:1390,148:1324,151:1248,153:1098,156:1053,158:1036,161:1006,162:1004,164:946,165:935,166:922,173:701,186:529,187:529,193:456,196:405,198:390,203:363,204:355,207:331,210:316,221:238,225:231,229:217,234:206,239:190,252:152,256:146,258:145,273:117	0	False	0
efae-SAMN17038078	GP_unb_5	208:319	4	0.0	0.32922566	1.4153299685183849	GP_unb_11	231:208	4	0.0	0.29453229999999997	1.2823555844426793	4	-0.047551809757906544	10.921717069999998	0.3226317239459603	22:35861,57:16867,73:12574,82:10666,83:10455,85:9508,98:6659,104:6138,117:3958,119:3451,127:2345,134:1787,143:1499,147:1390,148:1324,151:1248,153:1098,156:1053,161:1006,162:1004,164:946,165:935,166:922,173:701,176:692,186:529,187:529,193:456,196:405,198:390,200:386,203:363,204:355,207:331,210:316,212:290,215:279,221:238,225:231,234:206,239:190,240:190,252:152,256:146,258:145,273:117	0	False	0
efae-SAMN17038078	GP_unb_5	208:319	4	0.0	0.32922566	1.4153299685183849	GP_unb_12	232:208	4	0.0	0.25719800000000004	1.0725280780166315	4	-0.047551809757906544	10.88438277	0.32263172394636175	22:35861,57:16867,73:12574,82:10666,83:10455,85:9508,98:6659,104:6138,117:3958,119:3451,127:2345,134:1787,143:1499,147:1390,148:1324,151:1248,153:1098,156:1053,161:1006,162:1004,164:946,165:935,166:922,173:701,176:692,186:529,187:529,193:456,196:405,198:390,200:386,203:363,204:355,207:331,210:316,212:290,215:279,221:238,225:231,234:206,239:190,240:190,252:152,256:146,258:145,273:117	0	False	0
efae-SAMN17038078	GP_unb_5	208:319	4	0.0	0.32922566	1.4153299685183849	GP_unb_13	238:191	4	0.0	0.33569443	1.418536974180796	4	-0.05314254357538212	11.037616390000002	0.32263172394596035	22:35861,73:12574,82:10666,85:9508,98:6659,104:6138,114:4815,117:3958,119:3451,127:2345,134:1787,138:1686,143:1499,147:1390,148:1324,151:1248,153:1098,156:1053,158:1036,161:1006,162:1004,164:946,165:935,166:922,173:701,186:529,187:529,193:456,196:405,198:390,203:363,204:355,207:331,210:316,221:238,225:231,229:217,234:206,239:190,252:152,256:146,258:145,273:117	0	False	0
efae-SAMN17038078	GP_unb_5	208:319	4	0.0	0.32922566	1.4153299685183849	GP_unb_14	243:182	4	0.0	0.2556965	1.402980723194488	0	0	0	0		1	False	0
efae-SAMN17038078	GP_unb_5	208:319	4	0.0	0.32922566	1.4153299685183849	GP_unb_15	244:182	4	0.0	0.21796393000000003	1.0050605960911443	0	0	0	0		1	False	0
efae-SAMN17038078	GP_unb_5	208:319	4	0.0	0.32922566	1.4153299685183849	GP_unb_16	248:172	4	0.0	0.09082955000000004	0.8537669611548431	4	-0.043022379101371966	10.216661126	0.30729747585428413	22:35861,57:16867,69:13350,73:12574,80:11140,82:10666,83:10455,85:9508,98:6659,104:6138,108:5551,117:3958,119:3451,127:2345,134:1787,138:1686,142:1514,143:1499,147:1390,148:1324,151:1248,153:1098,156:1053,162:1004,164:946,165:935,166:922,173:701,176:692,186:529,187:529,193:456,196:405,198:390,200:386,203:363,204:355,207:331,210:316,212:290,215:279,221:238,225:231,233:208,234:206,239:190,252:152,256:146,258:145,273:117	0	False	0
efae-SAMN17038078	GP_unb_5	208:319	4	0.0	0.32922566	1.4153299685183849	GP_unb_17	253:152	4	0.0	0.17961150000000004	1.0074839047901805	4	-0.05533438841195418	9.58036533	0.3226317239459604	30:27908,50:19696,57:16867,73:12574,82:10666,83:10455,85:9508,98:6659,104:6138,111:5061,114:4815,117:3958,119:3451,123:2781,127:2345,131:1882,134:1787,138:1686,143:1499,146:1416,147:1390,148:1324,151:1248,153:1098,156:1053,158:1036,161:1006,162:1004,164:946,165:935,166:922,173:701,186:529,187:529,193:456,196:405,197:395,198:390,200:386,203:363,204:355,207:331,210:316,215:279,221:238,225:231,228:218,234:206,239:190,252:152,256:146,258:145,273:117	0	False	0
efae-SAMN17038078	GP_unb_5	208:319	4	0.0	0.32922566	1.4153299685183849	GP_unb_18	254:151	4	0.0	0.1950328	1.1671655044948899	4	-0.05533438841195418	9.59578663	0.3226317239459604	30:27908,50:19696,57:16867,73:12574,82:10666,83:10455,85:9508,98:6659,104:6138,111:5061,114:4815,117:3958,119:3451,123:2781,127:2345,131:1882,134:1787,138:1686,143:1499,146:1416,147:1390,148:1324,151:1248,153:1098,156:1053,158:1036,161:1006,162:1004,164:946,165:935,166:922,173:701,186:529,187:529,193:456,196:405,197:395,198:390,200:386,203:363,204:355,207:331,210:316,215:279,221:238,225:231,228:218,234:206,239:190,252:152,256:146,258:145,273:117	0	False	0
efae-SAMN17038078	GP_unb_5	208:319	4	0.0	0.32922566	1.4153299685183849	GP_unb_19	261:135	2	0.0	0.08021027000000003	1.2448905900194989	4	-0.050042087546943725	10.33732599	0.32263172394676276	57:16867,73:12574,82:10666,83:10455,85:9508,98:6659,104:6138,111:5061,114:4815,117:3958,119:3451,127:2345,134:1787,138:1686,143:1499,146:1416,147:1390,148:1324,151:1248,153:1098,156:1053,158:1036,161:1006,162:1004,164:946,165:935,166:922,173:701,186:529,187:529,193:456,196:405,198:390,200:386,203:363,204:355,207:331,210:316,215:279,221:238,225:231,234:206,239:190,252:152,256:146,258:145,273:117	0	False	0
efae-SAMN17038078	GP_unb_5	208:319	4	0.0	0.32922566	1.4153299685183849	GP_unb_20	262:133	4	0.0	0.22139925000000005	3.7312534604366774	4	-0.040546276357295685	10.720511420000001	0.3226317239459604	22:35861,57:16867,73:12574,82:10666,85:9508,98:6659,104:6138,114:4815,117:3958,119:3451,127:2345,134:1787,138:1686,143:1499,147:1390,148:1324,151:1248,153:1098,156:1053,158:1036,161:1006,162:1004,164:946,165:935,166:922,173:701,186:529,187:529,193:456,196:405,198:390,203:363,204:355,207:331,210:316,215:279,221:238,225:231,234:206,239:190,252:152,256:146,258:145,273:117	0	False	0
efae-SAMN17038078	GP_unb_5	208:319	4	0.0	0.32922566	1.4153299685183849	GP_unb_21	266:128	4	0.0	0.35169530000000004	2.567744316859649	4	0.0	0.6954747	1.415329968520382	134:1787,174:701,193:456,207:331,211:299	0	False	0
efae-SAMN17038078	GP_unb_5	208:319	4	0.0	0.32922566	1.4153299685183849	GP_unb_22	269:122	4	0.0	0.33510019999999996	1.544899416640588	0	0	0	0		1	False	0
efae-SAMN17038078	GP_unb_5	208:319	4	0.0	0.32922566	1.4153299685183849	GP_unb_23	270:122	4	0.0	0.298334	1.2143718789201567	0	0	0	0		1	False	0
efae-SAMN17038078	GP_unb_5	208:319	4	0.0	0.32922566	1.4153299685183849	GP_unb_24	274:104	4	0.0	0.35823225999999997	1.2539980581433605	4	-0.07802903173328032	10.161260825999998	0.30729747585428413	22:35861,57:16867,69:13350,73:12574,80:11140,83:10455,85:9508,98:6659,104:6138,108:5551,117:3958,119:3451,127:2345,134:1787,142:1514,143:1499,147:1390,148:1324,151:1248,153:1098,156:1053,161:1006,162:1004,164:946,165:935,166:922,170:767,173:701,176:692,186:529,187:529,193:456,196:405,198:390,200:386,203:363,204:355,207:331,210:316,212:290,215:279,221:238,225:231,233:208,234:206,239:190,252:152,256:146,258:145,273:117	0	False	0
efae-SAMN17038078	GP_unb_6	209:319	4	0.0	0.29632139999999996	1.204769585068567	GP_unb_7	213:289	4	0.0	0.31064939999999996	1.0657155313759634	4	0.0	2.27981928	0.6938814653258305	49:19826,107:5623,236:194,255:149	0	False	0
efae-SAMN17038078	GP_unb_6	209:319	4	0.0	0.29632139999999996	1.204769585068567	GP_unb_8	214:288	4	0.0	0.37110509999999997	1.374620522161506	4	0.0	2.3402749800000002	0.6938814653258305	49:19826,107:5623,236:194,255:149	0	False	0
efae-SAMN17038078	GP_unb_6	209:319	4	0.0	0.29632139999999996	1.204769585068567	GP_unb_9	216:267	4	0.0	0.19665089999999996	2.101768266424871	4	-0.040546276357295685	10.00190637	0.3226317239459604	30:27908,50:19696,57:16867,73:12574,82:10666,83:10455,85:9508,98:6659,104:6138,111:5061,114:4815,117:3958,119:3451,123:2781,127:2345,134:1787,138:1686,143:1499,146:1416,147:1390,148:1324,151:1248,153:1098,156:1053,158:1036,161:1006,162:1004,164:946,165:935,166:922,173:701,186:529,187:529,193:456,196:405,198:390,200:386,203:363,204:355,207:331,210:316,215:279,221:238,225:231,234:206,239:190,252:152,256:146,258:145,273:117	0	False	0
efae-SAMN17038078	GP_unb_6	209:319	4	0.0	0.29632139999999996	1.204769585068567	GP_unb_10	218:251	4	0.0	0.31580865	1.298912185819097	4	-0.05314254357538212	10.98482635	0.3226317239459603	22:35861,73:12574,82:10666,85:9508,98:6659,104:6138,114:4815,117:3958,119:3451,127:2345,134:1787,138:1686,143:1499,147:1390,148:1324,151:1248,153:1098,156:1053,158:1036,161:1006,162:1004,164:946,165:935,166:922,173:701,186:529,187:529,193:456,196:405,198:390,203:363,204:355,207:331,210:316,221:238,225:231,229:217,234:206,239:190,252:152,256:146,258:145,273:117	0	False	0
efae-SAMN17038078	GP_unb_6	209:319	4	0.0	0.29632139999999996	1.204769585068567	GP_unb_11	231:208	4	0.0	0.29453229999999997	1.2823555844426793	4	-0.047551809757906544	10.88881281	0.3226317239459603	22:35861,57:16867,73:12574,82:10666,83:10455,85:9508,98:6659,104:6138,117:3958,119:3451,127:2345,134:1787,143:1499,147:1390,148:1324,151:1248,153:1098,156:1053,161:1006,162:1004,164:946,165:935,166:922,173:701,176:692,186:529,187:529,193:456,196:405,198:390,200:386,203:363,204:355,207:331,210:316,212:290,215:279,221:238,225:231,234:206,239:190,240:190,252:152,256:146,258:145,273:117	0	False	0
efae-SAMN17038078	GP_unb_6	209:319	4	0.0	0.29632139999999996	1.204769585068567	GP_unb_12	232:208	4	0.0	0.25719800000000004	1.0725280780166315	4	-0.047551809757906544	10.851478509999998	0.3226317239459603	22:35861,57:16867,73:12574,82:10666,83:10455,85:9508,98:6659,104:6138,117:3958,119:3451,127:2345,134:1787,143:1499,147:1390,148:1324,151:1248,153:1098,156:1053,161:1006,162:1004,164:946,165:935,166:922,173:701,176:692,186:529,187:529,193:456,196:405,198:390,200:386,203:363,204:355,207:331,210:316,212:290,215:279,221:238,225:231,234:206,239:190,240:190,252:152,256:146,258:145,273:117	0	False	0
efae-SAMN17038078	GP_unb_6	209:319	4	0.0	0.29632139999999996	1.204769585068567	GP_unb_13	238:191	4	0.0	0.33569443	1.418536974180796	4	-0.05314254357538212	11.00471213	0.3226317239459604	22:35861,73:12574,82:10666,85:9508,98:6659,104:6138,114:4815,117:3958,119:3451,127:2345,134:1787,138:1686,143:1499,147:1390,148:1324,151:1248,153:1098,156:1053,158:1036,161:1006,162:1004,164:946,165:935,166:922,173:701,186:529,187:529,193:456,196:405,198:390,203:363,204:355,207:331,210:316,221:238,225:231,229:217,234:206,239:190,252:152,256:146,258:145,273:117	0	False	0
efae-SAMN17038078	GP_unb_6	209:319	4	0.0	0.29632139999999996	1.204769585068567	GP_unb_14	243:182	4	0.0	0.2556965	1.402980723194488	0	0	0	0		1	False	0
efae-SAMN17038078	GP_unb_6	209:319	4	0.0	0.29632139999999996	1.204769585068567	GP_unb_15	244:182	4	0.0	0.21796393000000003	1.0050605960911443	0	0	0	0		1	False	0
efae-SAMN17038078	GP_unb_6	209:319	4	0.0	0.29632139999999996	1.204769585068567	GP_unb_16	248:172	4	0.0	0.09082955000000004	0.8537669611548431	4	-0.043022379101371966	10.183756866	0.30729747585428413	22:35861,57:16867,69:13350,73:12574,80:11140,82:10666,83:10455,85:9508,98:6659,104:6138,108:5551,117:3958,119:3451,127:2345,134:1787,138:1686,142:1514,143:1499,147:1390,148:1324,151:1248,153:1098,156:1053,162:1004,164:946,165:935,166:922,173:701,176:692,186:529,187:529,193:456,196:405,198:390,200:386,203:363,204:355,207:331,210:316,212:290,215:279,221:238,225:231,233:208,234:206,239:190,252:152,256:146,258:145,273:117	0	False	0
efae-SAMN17038078	GP_unb_6	209:319	4	0.0	0.29632139999999996	1.204769585068567	GP_unb_17	253:152	4	0.0	0.17961150000000004	1.0074839047901805	4	-0.05533438841195418	9.547461069999999	0.3226317239459605	30:27908,50:19696,57:16867,73:12574,82:10666,83:10455,85:9508,98:6659,104:6138,111:5061,114:4815,117:3958,119:3451,123:2781,127:2345,131:1882,134:1787,138:1686,143:1499,146:1416,147:1390,148:1324,151:1248,153:1098,156:1053,158:1036,161:1006,162:1004,164:946,165:935,166:922,173:701,186:529,187:529,193:456,196:405,197:395,198:390,200:386,203:363,204:355,207:331,210:316,215:279,221:238,225:231,228:218,234:206,239:190,252:152,256:146,258:145,273:117	0	False	0
efae-SAMN17038078	GP_unb_6	209:319	4	0.0	0.29632139999999996	1.204769585068567	GP_unb_18	254:151	4	0.0	0.1950328	1.1671655044948899	4	-0.05533438841195418	9.562882369999999	0.3226317239459604	30:27908,50:19696,57:16867,73:12574,82:10666,83:10455,85:9508,98:6659,104:6138,111:5061,114:4815,117:3958,119:3451,123:2781,127:2345,131:1882,134:1787,138:1686,143:1499,146:1416,147:1390,148:1324,151:1248,153:1098,156:1053,158:1036,161:1006,162:1004,164:946,165:935,166:922,173:701,186:529,187:529,193:456,196:405,197:395,198:390,200:386,203:363,204:355,207:331,210:316,215:279,221:238,225:231,228:218,234:206,239:190,252:152,256:146,258:145,273:117	0	False	0
efae-SAMN17038078	GP_unb_6	209:319	4	0.0	0.29632139999999996	1.204769585068567	GP_unb_19	261:135	2	0.0	0.08021027000000003	1.2448905900194989	4	-0.050042087546943725	10.30442173	0.3226317239459604	57:16867,73:12574,82:10666,83:10455,85:9508,98:6659,104:6138,111:5061,114:4815,117:3958,119:3451,127:2345,134:1787,138:1686,143:1499,146:1416,147:1390,148:1324,151:1248,153:1098,156:1053,158:1036,161:1006,162:1004,164:946,165:935,166:922,173:701,186:529,187:529,193:456,196:405,198:390,200:386,203:363,204:355,207:331,210:316,215:279,221:238,225:231,234:206,239:190,252:152,256:146,258:145,273:117	0	False	0
efae-SAMN17038078	GP_unb_6	209:319	4	0.0	0.29632139999999996	1.204769585068567	GP_unb_20	262:133	4	0.0	0.22139925000000005	3.7312534604366774	4	-0.040546276357295685	10.68760716	0.322631723946659	22:35861,57:16867,73:12574,82:10666,85:9508,98:6659,104:6138,114:4815,117:3958,119:3451,127:2345,134:1787,138:1686,143:1499,147:1390,148:1324,151:1248,153:1098,156:1053,158:1036,161:1006,162:1004,164:946,165:935,166:922,173:701,186:529,187:529,193:456,196:405,198:390,203:363,204:355,207:331,210:316,215:279,221:238,225:231,234:206,239:190,252:152,256:146,258:145,273:117	0	False	0
efae-SAMN17038078	GP_unb_6	209:319	4	0.0	0.29632139999999996	1.204769585068567	GP_unb_21	266:128	4	0.0	0.35169530000000004	2.567744316859649	4	0.0	0.66257044	1.2047695850687887	134:1787,174:701,193:456,207:331,211:299	0	False	0
efae-SAMN17038078	GP_unb_6	209:319	4	0.0	0.29632139999999996	1.204769585068567	GP_unb_22	269:122	4	0.0	0.33510019999999996	1.544899416640588	0	0	0	0		1	False	0
efae-SAMN17038078	GP_unb_6	209:319	4	0.0	0.29632139999999996	1.204769585068567	GP_unb_23	270:122	4	0.0	0.298334	1.2143718789201567	0	0	0	0		1	False	0
efae-SAMN17038078	GP_unb_6	209:319	4	0.0	0.29632139999999996	1.204769585068567	GP_unb_24	274:104	4	0.0	0.35823225999999997	1.2539980581433605	4	-0.07802903173328032	10.128356565999997	0.3072974758542626	22:35861,57:16867,69:13350,73:12574,80:11140,83:10455,85:9508,98:6659,104:6138,108:5551,117:3958,119:3451,127:2345,134:1787,142:1514,143:1499,147:1390,148:1324,151:1248,153:1098,156:1053,161:1006,162:1004,164:946,165:935,166:922,170:767,173:701,176:692,186:529,187:529,193:456,196:405,198:390,200:386,203:363,204:355,207:331,210:316,212:290,215:279,221:238,225:231,233:208,234:206,239:190,252:152,256:146,258:145,273:117	0	False	0
efae-SAMN17038078	GP_unb_7	213:289	4	0.0	0.31064939999999996	1.0657155313759634	GP_unb_8	214:288	4	0.0	0.37110509999999997	1.374620522161506	4	0.0	1.1455019	1.0657155313765543	49:19826	0	False	0
efae-SAMN17038078	GP_unb_7	213:289	4	0.0	0.31064939999999996	1.0657155313759634	GP_unb_9	216:267	4	0.0	0.19665089999999996	2.101768266424871	0	0	0	0		1	False	0
efae-SAMN17038078	GP_unb_7	213:289	4	0.0	0.31064939999999996	1.0657155313759634	GP_unb_10	218:251	4	0.0	0.31580865	1.298912185819097	0	0	0	0		1	False	0
efae-SAMN17038078	GP_unb_7	213:289	4	0.0	0.31064939999999996	1.0657155313759634	GP_unb_11	231:208	4	0.0	0.29453229999999997	1.2823555844426793	0	0	0	0		1	False	0
efae-SAMN17038078	GP_unb_7	213:289	4	0.0	0.31064939999999996	1.0657155313759634	GP_unb_12	232:208	4	0.0	0.25719800000000004	1.0725280780166315	0	0	0	0		1	False	0
efae-SAMN17038078	GP_unb_7	213:289	4	0.0	0.31064939999999996	1.0657155313759634	GP_unb_13	238:191	4	0.0	0.33569443	1.418536974180796	0	0	0	0		1	False	0
efae-SAMN17038078	GP_unb_7	213:289	4	0.0	0.31064939999999996	1.0657155313759634	GP_unb_14	243:182	4	0.0	0.2556965	1.402980723194488	4	0.0	1.85926631	0.643471376337402	126:2373,227:226,245:180,247:173	0	False	0
efae-SAMN17038078	GP_unb_7	213:289	4	0.0	0.31064939999999996	1.0657155313759634	GP_unb_15	244:182	4	0.0	0.21796393000000003	1.0050605960911443	4	0.0	1.82153374	0.643471376337402	126:2373,227:226,245:180,247:173	0	False	0
efae-SAMN17038078	GP_unb_7	213:289	4	0.0	0.31064939999999996	1.0657155313759634	GP_unb_16	248:172	4	0.0	0.09082955000000004	0.8537669611548431	0	0	0	0		1	False	0
efae-SAMN17038078	GP_unb_7	213:289	4	0.0	0.31064939999999996	1.0657155313759634	GP_unb_17	253:152	4	0.0	0.17961150000000004	1.0074839047901805	0	0	0	0		1	False	0
efae-SAMN17038078	GP_unb_7	213:289	4	0.0	0.31064939999999996	1.0657155313759634	GP_unb_18	254:151	4	0.0	0.1950328	1.1671655044948899	0	0	0	0		1	False	0
efae-SAMN17038078	GP_unb_7	213:289	4	0.0	0.31064939999999996	1.0657155313759634	GP_unb_19	261:135	2	0.0	0.08021027000000003	1.2448905900194989	0	0	0	0		1	False	0
efae-SAMN17038078	GP_unb_7	213:289	4	0.0	0.31064939999999996	1.0657155313759634	GP_unb_20	262:133	4	0.0	0.22139925000000005	3.7312534604366774	0	0	0	0		1	False	0
efae-SAMN17038078	GP_unb_7	213:289	4	0.0	0.31064939999999996	1.0657155313759634	GP_unb_21	266:128	4	0.0	0.35169530000000004	2.567744316859649	0	0	0	0		1	False	0
efae-SAMN17038078	GP_unb_7	213:289	4	0.0	0.31064939999999996	1.0657155313759634	GP_unb_22	269:122	4	0.0	0.33510019999999996	1.544899416640588	0	0	0	0		1	False	0
efae-SAMN17038078	GP_unb_7	213:289	4	0.0	0.31064939999999996	1.0657155313759634	GP_unb_23	270:122	4	0.0	0.298334	1.2143718789201567	0	0	0	0		1	False	0
efae-SAMN17038078	GP_unb_7	213:289	4	0.0	0.31064939999999996	1.0657155313759634	GP_unb_24	274:104	4	0.0	0.35823225999999997	1.2539980581433605	0	0	0	0		1	False	0
efae-SAMN17038078	GP_unb_8	214:288	4	0.0	0.37110509999999997	1.374620522161506	GP_unb_9	216:267	4	0.0	0.19665089999999996	2.101768266424871	0	0	0	0		1	False	0
efae-SAMN17038078	GP_unb_8	214:288	4	0.0	0.37110509999999997	1.374620522161506	GP_unb_10	218:251	4	0.0	0.31580865	1.298912185819097	0	0	0	0		1	False	0
efae-SAMN17038078	GP_unb_8	214:288	4	0.0	0.37110509999999997	1.374620522161506	GP_unb_11	231:208	4	0.0	0.29453229999999997	1.2823555844426793	0	0	0	0		1	False	0
efae-SAMN17038078	GP_unb_8	214:288	4	0.0	0.37110509999999997	1.374620522161506	GP_unb_12	232:208	4	0.0	0.25719800000000004	1.0725280780166315	0	0	0	0		1	False	0
efae-SAMN17038078	GP_unb_8	214:288	4	0.0	0.37110509999999997	1.374620522161506	GP_unb_13	238:191	4	0.0	0.33569443	1.418536974180796	0	0	0	0		1	False	0
efae-SAMN17038078	GP_unb_8	214:288	4	0.0	0.37110509999999997	1.374620522161506	GP_unb_14	243:182	4	0.0	0.2556965	1.402980723194488	4	0.0	1.9197220099999999	0.643471376337402	126:2373,227:226,245:180,247:173	0	False	0
efae-SAMN17038078	GP_unb_8	214:288	4	0.0	0.37110509999999997	1.374620522161506	GP_unb_15	244:182	4	0.0	0.21796393000000003	1.0050605960911443	4	0.0	1.88198944	0.643471376337402	126:2373,227:226,245:180,247:173	0	False	0
efae-SAMN17038078	GP_unb_8	214:288	4	0.0	0.37110509999999997	1.374620522161506	GP_unb_16	248:172	4	0.0	0.09082955000000004	0.8537669611548431	0	0	0	0		1	False	0
efae-SAMN17038078	GP_unb_8	214:288	4	0.0	0.37110509999999997	1.374620522161506	GP_unb_17	253:152	4	0.0	0.17961150000000004	1.0074839047901805	0	0	0	0		1	False	0
efae-SAMN17038078	GP_unb_8	214:288	4	0.0	0.37110509999999997	1.374620522161506	GP_unb_18	254:151	4	0.0	0.1950328	1.1671655044948899	0	0	0	0		1	False	0
efae-SAMN17038078	GP_unb_8	214:288	4	0.0	0.37110509999999997	1.374620522161506	GP_unb_19	261:135	2	0.0	0.08021027000000003	1.2448905900194989	0	0	0	0		1	False	0
efae-SAMN17038078	GP_unb_8	214:288	4	0.0	0.37110509999999997	1.374620522161506	GP_unb_20	262:133	4	0.0	0.22139925000000005	3.7312534604366774	0	0	0	0		1	False	0
efae-SAMN17038078	GP_unb_8	214:288	4	0.0	0.37110509999999997	1.374620522161506	GP_unb_21	266:128	4	0.0	0.35169530000000004	2.567744316859649	0	0	0	0		1	False	0
efae-SAMN17038078	GP_unb_8	214:288	4	0.0	0.37110509999999997	1.374620522161506	GP_unb_22	269:122	4	0.0	0.33510019999999996	1.544899416640588	0	0	0	0		1	False	0
efae-SAMN17038078	GP_unb_8	214:288	4	0.0	0.37110509999999997	1.374620522161506	GP_unb_23	270:122	4	0.0	0.298334	1.2143718789201567	0	0	0	0		1	False	0
efae-SAMN17038078	GP_unb_8	214:288	4	0.0	0.37110509999999997	1.374620522161506	GP_unb_24	274:104	4	0.0	0.35823225999999997	1.2539980581433605	0	0	0	0		1	False	0
efae-SAMN17038078	GP_unb_9	216:267	4	0.0	0.19665089999999996	2.101768266424871	GP_unb_10	218:251	4	0.0	0.31580865	1.298912185819097	4	-0.04354831161689107	10.492782180000003	0.32263172394596024	22:35861,73:12574,82:10666,85:9508,98:6659,104:6138,114:4815,117:3958,119:3451,127:2345,138:1686,143:1499,147:1390,148:1324,151:1248,156:1053,158:1036,161:1006,162:1004,165:935,166:922,173:701,186:529,187:529,196:405,198:390,203:363,204:355,210:316,221:238,225:231,229:217,234:206,239:190,252:152,256:146,258:145	0	False	0
efae-SAMN17038078	GP_unb_9	216:267	4	0.0	0.19665089999999996	2.101768266424871	GP_unb_11	231:208	4	0.0	0.29453229999999997	1.2823555844426793	4	-0.05043972006943348	10.467089030000002	0.3063773674730075	30:27908,50:19696,57:16867,73:12574,82:10666,83:10455,85:9508,98:6659,104:6138,111:5061,114:4815,117:3958,119:3451,123:2781,127:2345,139:1634,143:1499,145:1466,146:1416,147:1390,148:1324,151:1248,156:1053,158:1036,161:1006,162:1004,164:946,165:935,166:922,173:701,176:692,180:658,186:529,187:529,196:405,198:390,200:386,203:363,204:355,210:316,212:290,215:279,221:238,225:231,234:206,239:190,240:190,252:152,256:146,258:145,263:132,273:117	0	False	0
efae-SAMN17038078	GP_unb_9	216:267	4	0.0	0.19665089999999996	2.101768266424871	GP_unb_12	232:208	4	0.0	0.25719800000000004	1.0725280780166315	4	-0.05043972006943348	10.42975473	0.3063773674730328	30:27908,50:19696,57:16867,73:12574,82:10666,83:10455,85:9508,98:6659,104:6138,111:5061,114:4815,117:3958,119:3451,123:2781,127:2345,139:1634,143:1499,145:1466,146:1416,147:1390,148:1324,151:1248,156:1053,158:1036,161:1006,162:1004,164:946,165:935,166:922,173:701,176:692,180:658,186:529,187:529,196:405,198:390,200:386,203:363,204:355,210:316,212:290,215:279,221:238,225:231,234:206,239:190,240:190,252:152,256:146,258:145,263:132,273:117	0	False	0
efae-SAMN17038078	GP_unb_9	216:267	4	0.0	0.19665089999999996	2.101768266424871	GP_unb_13	238:191	4	0.0	0.33569443	1.418536974180796	4	-0.04354831161689107	10.512667960000002	0.3226317239461479	22:35861,73:12574,82:10666,85:9508,98:6659,104:6138,114:4815,117:3958,119:3451,127:2345,138:1686,143:1499,147:1390,148:1324,151:1248,156:1053,158:1036,161:1006,162:1004,165:935,166:922,173:701,186:529,187:529,196:405,198:390,203:363,204:355,210:316,221:238,225:231,229:217,234:206,239:190,252:152,256:146,258:145	0	False	0
efae-SAMN17038078	GP_unb_9	216:267	4	0.0	0.19665089999999996	2.101768266424871	GP_unb_14	243:182	4	0.0	0.2556965	1.402980723194488	0	0	0	0		1	False	0
efae-SAMN17038078	GP_unb_9	216:267	4	0.0	0.19665089999999996	2.101768266424871	GP_unb_15	244:182	4	0.0	0.21796393000000003	1.0050605960911443	0	0	0	0		1	False	0
efae-SAMN17038078	GP_unb_9	216:267	4	0.0	0.19665089999999996	2.101768266424871	GP_unb_16	248:172	4	0.0	0.09082955000000004	0.8537669611548431	4	-0.0459102894128989	9.762033085999999	0.3063773674730328	30:27908,50:19696,57:16867,69:13350,73:12574,80:11140,82:10666,83:10455,85:9508,98:6659,104:6138,108:5551,111:5061,114:4815,117:3958,119:3451,123:2781,127:2345,138:1686,139:1634,142:1514,143:1499,145:1466,146:1416,147:1390,148:1324,151:1248,156:1053,158:1036,162:1004,164:946,165:935,166:922,173:701,176:692,180:658,186:529,187:529,196:405,198:390,200:386,203:363,204:355,210:316,212:290,215:279,221:238,225:231,233:208,234:206,239:190,252:152,256:146,258:145,263:132,273:117	0	False	0
efae-SAMN17038078	GP_unb_9	216:267	4	0.0	0.19665089999999996	2.101768266424871	GP_unb_17	253:152	4	0.0	0.17961150000000004	1.0074839047901805	4	-0.04343418666882262	8.945720699999997	0.3063773674730328	30:27908,50:19696,57:16867,73:12574,82:10666,83:10455,85:9508,98:6659,104:6138,111:5061,114:4815,117:3958,119:3451,123:2781,127:2345,135:1728,138:1686,139:1634,143:1499,145:1466,146:1416,147:1390,148:1324,151:1248,156:1053,158:1036,161:1006,162:1004,164:946,165:935,166:922,173:701,180:658,186:529,187:529,196:405,197:395,198:390,200:386,203:363,204:355,210:316,215:279,221:238,225:231,228:218,234:206,239:190,252:152,256:146,258:145,263:132,273:117	0	False	0
efae-SAMN17038078	GP_unb_9	216:267	4	0.0	0.19665089999999996	2.101768266424871	GP_unb_18	254:151	4	0.0	0.1950328	1.1671655044948899	4	-0.04343418666882262	8.961141999999997	0.3063773674730328	30:27908,50:19696,57:16867,73:12574,82:10666,83:10455,85:9508,98:6659,104:6138,111:5061,114:4815,117:3958,119:3451,123:2781,127:2345,135:1728,138:1686,139:1634,143:1499,145:1466,146:1416,147:1390,148:1324,151:1248,156:1053,158:1036,161:1006,162:1004,164:946,165:935,166:922,173:701,180:658,186:529,187:529,196:405,197:395,198:390,200:386,203:363,204:355,210:316,215:279,221:238,225:231,228:218,234:206,239:190,252:152,256:146,258:145,263:132,273:117	0	False	0
efae-SAMN17038078	GP_unb_9	216:267	4	0.0	0.19665089999999996	2.101768266424871	GP_unb_19	261:135	2	0.0	0.08021027000000003	1.2448905900194989	4	-0.04044785558845268	9.81237756	0.32263172394676304	57:16867,73:12574,82:10666,83:10455,85:9508,98:6659,104:6138,111:5061,114:4815,117:3958,119:3451,127:2345,138:1686,143:1499,146:1416,147:1390,148:1324,151:1248,156:1053,158:1036,161:1006,162:1004,165:935,166:922,173:701,186:529,187:529,196:405,198:390,200:386,203:363,204:355,210:316,215:279,221:238,225:231,234:206,239:190,252:152,256:146,258:145	0	False	0
efae-SAMN17038078	GP_unb_9	216:267	4	0.0	0.19665089999999996	2.101768266424871	GP_unb_20	262:133	4	0.0	0.22139925000000005	3.7312534604366774	4	-0.03095204439880464	10.195562990000003	0.3226317239459604	22:35861,57:16867,73:12574,82:10666,85:9508,98:6659,104:6138,114:4815,117:3958,119:3451,127:2345,138:1686,143:1499,147:1390,148:1324,151:1248,156:1053,158:1036,161:1006,162:1004,165:935,166:922,173:701,186:529,187:529,196:405,198:390,203:363,204:355,210:316,215:279,221:238,225:231,234:206,239:190,252:152,256:146,258:145	0	False	0
efae-SAMN17038078	GP_unb_9	216:267	4	0.0	0.19665089999999996	2.101768266424871	GP_unb_21	266:128	4	0.0	0.35169530000000004	2.567744316859649	4	-0.040546276357295685	9.742551319999999	0.3226317239466702	30:27908,50:19696,57:16867,73:12574,82:10666,83:10455,85:9508,98:6659,104:6138,111:5061,114:4815,117:3958,119:3451,123:2781,127:2345,134:1787,138:1686,143:1499,146:1416,147:1390,148:1324,151:1248,153:1098,156:1053,158:1036,161:1006,162:1004,164:946,165:935,166:922,173:701,174:701,186:529,187:529,196:405,198:390,200:386,203:363,204:355,210:316,211:299,215:279,221:238,225:231,234:206,239:190,252:152,256:146,258:145,273:117	0	False	0
efae-SAMN17038078	GP_unb_9	216:267	4	0.0	0.19665089999999996	2.101768266424871	GP_unb_22	269:122	4	0.0	0.33510019999999996	1.544899416640588	0	0	0	0		1	False	0
efae-SAMN17038078	GP_unb_9	216:267	4	0.0	0.19665089999999996	2.101768266424871	GP_unb_23	270:122	4	0.0	0.298334	1.2143718789201567	0	0	0	0		1	False	0
efae-SAMN17038078	GP_unb_9	216:267	4	0.0	0.19665089999999996	2.101768266424871	GP_unb_24	274:104	4	0.0	0.35823225999999997	1.2539980581433605	4	-0.03095204439880464	9.966229659999998	0.3226317239459907	30:27908,50:19696,57:16867,73:12574,82:10666,83:10455,85:9508,98:6659,104:6138,111:5061,114:4815,117:3958,119:3451,123:2781,127:2345,138:1686,143:1499,146:1416,147:1390,148:1324,151:1248,156:1053,158:1036,161:1006,162:1004,164:946,165:935,166:922,173:701,186:529,187:529,196:405,198:390,200:386,203:363,204:355,210:316,215:279,221:238,225:231,234:206,239:190,252:152,256:146,258:145	0	False	0
efae-SAMN17038078	GP_unb_10	218:251	4	0.0	0.31580865	1.298912185819097	GP_unb_11	231:208	4	0.0	0.29453229999999997	1.2823555844426793	4	-0.06303598728751991	11.416858280000001	0.3063773674730328	22:35861,73:12574,82:10666,85:9508,98:6659,104:6138,114:4815,117:3958,119:3451,127:2345,138:1686,139:1634,143:1499,145:1466,147:1390,148:1324,151:1248,156:1053,158:1036,162:1004,164:946,165:935,166:922,173:701,176:692,180:658,186:529,187:529,196:405,198:390,203:363,204:355,210:316,212:290,221:238,225:231,229:217,234:206,239:190,240:190,252:152,256:146,258:145,263:132,273:117	0	False	0
efae-SAMN17038078	GP_unb_10	218:251	4	0.0	0.31580865	1.298912185819097	GP_unb_12	232:208	4	0.0	0.25719800000000004	1.0725280780166315	4	-0.06303598728751991	11.379523980000004	0.3063773674730326	22:35861,73:12574,82:10666,85:9508,98:6659,104:6138,114:4815,117:3958,119:3451,127:2345,138:1686,139:1634,143:1499,145:1466,147:1390,148:1324,151:1248,156:1053,158:1036,162:1004,164:946,165:935,166:922,173:701,176:692,180:658,186:529,187:529,196:405,198:390,203:363,204:355,210:316,212:290,221:238,225:231,229:217,234:206,239:190,240:190,252:152,256:146,258:145,263:132,273:117	0	False	0
efae-SAMN17038078	GP_unb_10	218:251	4	0.0	0.31580865	1.298912185819097	GP_unb_13	238:191	4	0.0	0.33569443	1.418536974180796	4	-0.06337570477057264	10.476763206	0.3063773674737417	57:16867,69:13350,73:12574,80:11140,83:10455,98:6659,104:6138,108:5551,111:5061,114:4815,117:3958,119:3451,127:2345,139:1634,142:1514,143:1499,146:1416,147:1390,148:1324,151:1248,156:1053,157:1040,158:1036,161:1006,162:1004,164:946,165:935,166:922,173:701,176:692,186:529,187:529,196:405,198:390,200:386,203:363,204:355,210:316,212:290,215:279,221:238,225:231,226:227,229:217,233:208,234:206,239:190,252:152,256:146,258:145,263:132,273:117	0	False	0
efae-SAMN17038078	GP_unb_10	218:251	4	0.0	0.31580865	1.298912185819097	GP_unb_14	243:182	4	0.0	0.2556965	1.402980723194488	0	0	0	0		1	False	0
efae-SAMN17038078	GP_unb_10	218:251	4	0.0	0.31580865	1.298912185819097	GP_unb_15	244:182	4	0.0	0.21796393000000003	1.0050605960911443	0	0	0	0		1	False	0
efae-SAMN17038078	GP_unb_10	218:251	4	0.0	0.31580865	1.298912185819097	GP_unb_16	248:172	4	0.0	0.09082955000000004	0.8537669611548431	4	-0.04602441436096735	10.674874566	0.30729747585428413	30:27908,50:19696,69:13350,73:12574,80:11140,82:10666,85:9508,98:6659,104:6138,106:5879,108:5551,111:5061,114:4815,117:3958,119:3451,123:2781,127:2345,138:1686,142:1514,143:1499,146:1416,147:1390,148:1324,151:1248,156:1053,158:1036,162:1004,164:946,165:935,166:922,173:701,176:692,186:529,187:529,196:405,198:390,200:386,203:363,204:355,210:316,212:290,221:238,225:231,229:217,233:208,234:206,239:190,252:152,256:146,258:145	0	False	0
efae-SAMN17038078	GP_unb_10	218:251	4	0.0	0.31580865	1.298912185819097	GP_unb_17	253:152	4	0.0	0.17961150000000004	1.0074839047901805	4	-0.058336423671549564	10.03833688	0.32263172394596046	22:35861,73:12574,82:10666,85:9508,98:6659,104:6138,114:4815,117:3958,119:3451,127:2345,131:1882,138:1686,143:1499,147:1390,148:1324,151:1248,156:1053,158:1036,161:1006,162:1004,165:935,166:922,173:701,186:529,187:529,196:405,197:395,198:390,203:363,204:355,210:316,221:238,225:231,228:218,229:217,234:206,239:190,252:152,256:146,258:145	0	False	0
efae-SAMN17038078	GP_unb_10	218:251	4	0.0	0.31580865	1.298912185819097	GP_unb_18	254:151	4	0.0	0.1950328	1.1671655044948899	4	-0.058336423671549564	10.053758179999999	0.32263172394615947	22:35861,73:12574,82:10666,85:9508,98:6659,104:6138,114:4815,117:3958,119:3451,127:2345,131:1882,138:1686,143:1499,147:1390,148:1324,151:1248,156:1053,158:1036,161:1006,162:1004,165:935,166:922,173:701,186:529,187:529,196:405,197:395,198:390,203:363,204:355,210:316,221:238,225:231,228:218,229:217,234:206,239:190,252:152,256:146,258:145	0	False	0
efae-SAMN17038078	GP_unb_10	218:251	4	0.0	0.31580865	1.298912185819097	GP_unb_19	261:135	2	0.0	0.08021027000000003	1.2448905900194989	4	-0.07287151596022068	10.603157976	0.30637736747321975	22:35861,69:13350,73:12574,80:11140,85:9508,98:6659,104:6138,108:5551,114:4815,117:3958,119:3451,127:2345,139:1634,142:1514,143:1499,147:1390,148:1324,151:1248,156:1053,157:1040,158:1036,161:1006,162:1004,164:946,165:935,166:922,173:701,176:692,186:529,187:529,196:405,198:390,203:363,204:355,210:316,212:290,221:238,225:231,226:227,229:217,233:208,234:206,239:190,252:152,256:146,258:145,263:132,273:117	0	False	0
efae-SAMN17038078	GP_unb_10	218:251	4	0.0	0.31580865	1.298912185819097	GP_unb_20	262:133	4	0.0	0.22139925000000005	3.7312534604366774	4	-0.04354831161689107	10.185172839999998	0.32263172394596135	30:27908,50:19696,73:12574,82:10666,83:10455,85:9508,98:6659,104:6138,111:5061,114:4815,117:3958,119:3451,123:2781,127:2345,138:1686,143:1499,146:1416,147:1390,148:1324,151:1248,156:1053,158:1036,161:1006,162:1004,164:946,165:935,166:922,173:701,186:529,187:529,196:405,198:390,200:386,203:363,204:355,210:316,215:279,221:238,225:231,229:217,234:206,239:190,252:152,256:146,258:145	0	False	0
efae-SAMN17038078	GP_unb_10	218:251	4	0.0	0.31580865	1.298912185819097	GP_unb_21	266:128	4	0.0	0.35169530000000004	2.567744316859649	4	-0.05314254357538212	10.7254713	0.3226317239459604	22:35861,73:12574,82:10666,85:9508,98:6659,104:6138,114:4815,117:3958,119:3451,127:2345,134:1787,138:1686,143:1499,147:1390,148:1324,151:1248,153:1098,156:1053,158:1036,161:1006,162:1004,164:946,165:935,166:922,173:701,174:701,186:529,187:529,196:405,198:390,203:363,204:355,210:316,211:299,221:238,225:231,229:217,234:206,239:190,252:152,256:146,258:145,273:117	0	False	0
efae-SAMN17038078	GP_unb_10	218:251	4	0.0	0.31580865	1.298912185819097	GP_unb_22	269:122	4	0.0	0.33510019999999996	1.544899416640588	0	0	0	0		1	False	0
efae-SAMN17038078	GP_unb_10	218:251	4	0.0	0.31580865	1.298912185819097	GP_unb_23	270:122	4	0.0	0.298334	1.2143718789201567	0	0	0	0		1	False	0
efae-SAMN17038078	GP_unb_10	218:251	4	0.0	0.31580865	1.298912185819097	GP_unb_24	274:104	4	0.0	0.35823225999999997	1.2539980581433605	4	-0.09351320926289369	10.689552766	0.3063773674730328	22:35861,69:13350,73:12574,80:11140,85:9508,98:6659,104:6138,108:5551,114:4815,117:3958,119:3451,127:2345,139:1634,142:1514,143:1499,145:1466,147:1390,148:1324,151:1248,156:1053,158:1036,161:1006,162:1004,164:946,165:935,166:922,170:767,173:701,176:692,180:658,186:529,187:529,196:405,198:390,203:363,204:355,210:316,212:290,221:238,225:231,229:217,233:208,234:206,239:190,252:152,256:146,258:145,263:132,273:117	0	False	0
efae-SAMN17038078	GP_unb_11	231:208	4	0.0	0.29453229999999997	1.2823555844426793	GP_unb_12	232:208	4	0.0	0.25719800000000004	1.0725280780166315	4	-0.007005533400610858	0.9330181	1.0725280780170579	240:190	0	False	0
efae-SAMN17038078	GP_unb_11	231:208	4	0.0	0.29453229999999997	1.2823555844426793	GP_unb_13	238:191	4	0.0	0.33569443	1.418536974180796	4	-0.06303598728751991	11.43674406	0.3063773674730334	22:35861,73:12574,82:10666,85:9508,98:6659,104:6138,114:4815,117:3958,119:3451,127:2345,138:1686,139:1634,143:1499,145:1466,147:1390,148:1324,151:1248,156:1053,158:1036,162:1004,164:946,165:935,166:922,173:701,176:692,180:658,186:529,187:529,196:405,198:390,203:363,204:355,210:316,212:290,221:238,225:231,229:217,234:206,239:190,240:190,252:152,256:146,258:145,263:132,273:117	0	False	0
efae-SAMN17038078	GP_unb_11	231:208	4	0.0	0.29453229999999997	1.2823555844426793	GP_unb_14	243:182	4	0.0	0.2556965	1.402980723194488	4	-0.0011433965603733498	0.87707474	1.2823555844424845	257:145	0	False	0
efae-SAMN17038078	GP_unb_11	231:208	4	0.0	0.29453229999999997	1.2823555844426793	GP_unb_15	244:182	4	0.0	0.21796393000000003	1.0050605960911443	4	-0.0011433965603733498	0.83934217	1.0050605960914254	257:145	0	False	0
efae-SAMN17038078	GP_unb_11	231:208	4	0.0	0.29453229999999997	1.2823555844426793	GP_unb_16	248:172	4	0.0	0.09082955000000004	0.8537669611548431	4	-0.034977259100723995	10.612809703000002	0.32263172394596046	30:27908,31:25941,50:19696,57:16867,69:13350,73:12574,82:10666,83:10455,85:9508,98:6659,104:6138,111:5061,114:4815,117:3958,119:3451,123:2781,127:2345,143:1499,146:1416,148:1324,151:1248,156:1053,158:1036,161:1006,162:1004,164:946,165:935,166:922,173:701,176:692,186:529,187:529,196:405,198:390,200:386,203:363,204:355,210:316,212:290,215:279,221:238,225:231,233:208,234:206,239:190,240:190,252:152,256:146,258:145	0	False	0
efae-SAMN17038078	GP_unb_11	231:208	4	0.0	0.29453229999999997	1.2823555844426793	GP_unb_17	253:152	4	0.0	0.17961150000000004	1.0074839047901805	4	-0.06522783212409197	10.012643729999999	0.3063773674730328	30:27908,50:19696,57:16867,73:12574,82:10666,83:10455,85:9508,98:6659,104:6138,111:5061,114:4815,117:3958,119:3451,123:2781,127:2345,131:1882,139:1634,143:1499,145:1466,146:1416,147:1390,148:1324,151:1248,156:1053,158:1036,161:1006,162:1004,164:946,165:935,166:922,173:701,176:692,180:658,186:529,187:529,196:405,197:395,198:390,200:386,203:363,204:355,210:316,212:290,215:279,221:238,225:231,228:218,234:206,239:190,240:190,252:152,256:146,258:145,263:132,273:117	0	False	0
efae-SAMN17038078	GP_unb_11	231:208	4	0.0	0.29453229999999997	1.2823555844426793	GP_unb_18	254:151	4	0.0	0.1950328	1.1671655044948899	4	-0.06522783212409197	10.028065029999999	0.30637736747303274	30:27908,50:19696,57:16867,73:12574,82:10666,83:10455,85:9508,98:6659,104:6138,111:5061,114:4815,117:3958,119:3451,123:2781,127:2345,131:1882,139:1634,143:1499,145:1466,146:1416,147:1390,148:1324,151:1248,156:1053,158:1036,161:1006,162:1004,164:946,165:935,166:922,173:701,176:692,180:658,186:529,187:529,196:405,197:395,198:390,200:386,203:363,204:355,210:316,212:290,215:279,221:238,225:231,228:218,234:206,239:190,240:190,252:152,256:146,258:145,263:132,273:117	0	False	0
efae-SAMN17038078	GP_unb_11	231:208	4	0.0	0.29453229999999997	1.2823555844426793	GP_unb_19	261:135	2	0.0	0.08021027000000003	1.2448905900194989	4	-0.05993553125908152	10.736453660000002	0.30637736747340794	57:16867,73:12574,82:10666,83:10455,85:9508,98:6659,104:6138,111:5061,114:4815,117:3958,119:3451,127:2345,138:1686,139:1634,143:1499,145:1466,146:1416,147:1390,148:1324,151:1248,156:1053,158:1036,162:1004,164:946,165:935,166:922,173:701,176:692,180:658,186:529,187:529,196:405,198:390,200:386,203:363,204:355,210:316,212:290,215:279,221:238,225:231,234:206,239:190,240:190,252:152,256:146,258:145,263:132,273:117	0	False	0
efae-SAMN17038078	GP_unb_11	231:208	4	0.0	0.29453229999999997	1.2823555844426793	GP_unb_20	262:133	4	0.0	0.22139925000000005	3.7312534604366774	4	-0.05043972006943348	11.11963909	0.3063773674730328	22:35861,57:16867,73:12574,82:10666,85:9508,98:6659,104:6138,114:4815,117:3958,119:3451,127:2345,138:1686,139:1634,143:1499,145:1466,147:1390,148:1324,151:1248,156:1053,158:1036,162:1004,164:946,165:935,166:922,173:701,176:692,180:658,186:529,187:529,196:405,198:390,203:363,204:355,210:316,212:290,215:279,221:238,225:231,234:206,239:190,240:190,252:152,256:146,258:145,263:132,273:117	0	False	0
efae-SAMN17038078	GP_unb_11	231:208	4	0.0	0.29453229999999997	1.2823555844426793	GP_unb_21	266:128	4	0.0	0.35169530000000004	2.567744316859649	4	-0.047551809757906544	10.62945776	0.32263172394636164	22:35861,57:16867,73:12574,82:10666,83:10455,85:9508,98:6659,104:6138,117:3958,119:3451,127:2345,134:1787,143:1499,147:1390,148:1324,151:1248,153:1098,156:1053,161:1006,162:1004,164:946,165:935,166:922,173:701,174:701,176:692,186:529,187:529,196:405,198:390,200:386,203:363,204:355,210:316,211:299,212:290,215:279,221:238,225:231,234:206,239:190,240:190,252:152,256:146,258:145,273:117	0	False	0
efae-SAMN17038078	GP_unb_11	231:208	4	0.0	0.29453229999999997	1.2823555844426793	GP_unb_22	269:122	4	0.0	0.33510019999999996	1.544899416640588	0	0	0	0		1	False	0
efae-SAMN17038078	GP_unb_11	231:208	4	0.0	0.29453229999999997	1.2823555844426793	GP_unb_23	270:122	4	0.0	0.298334	1.2143718789201567	0	0	0	0		1	False	0
efae-SAMN17038078	GP_unb_11	231:208	4	0.0	0.29453229999999997	1.2823555844426793	GP_unb_24	274:104	4	0.0	0.35823225999999997	1.2539980581433605	4	-0.0379575777994155	10.580867979999999	0.32263172394596035	30:27908,50:19696,57:16867,73:12574,82:10666,83:10455,85:9508,98:6659,104:6138,111:5061,114:4815,117:3958,119:3451,123:2781,127:2345,143:1499,146:1416,147:1390,148:1324,151:1248,154:1092,156:1053,158:1036,161:1006,162:1004,164:946,165:935,166:922,173:701,176:692,186:529,187:529,196:405,198:390,200:386,203:363,204:355,210:316,212:290,215:279,221:238,225:231,234:206,239:190,240:190,252:152,256:146,258:145	0	False	0
efae-SAMN17038078	GP_unb_12	232:208	4	0.0	0.25719800000000004	1.0725280780166315	GP_unb_13	238:191	4	0.0	0.33569443	1.418536974180796	4	-0.06303598728751991	11.399409760000003	0.3063773674730333	22:35861,73:12574,82:10666,85:9508,98:6659,104:6138,114:4815,117:3958,119:3451,127:2345,138:1686,139:1634,143:1499,145:1466,147:1390,148:1324,151:1248,156:1053,158:1036,162:1004,164:946,165:935,166:922,173:701,176:692,180:658,186:529,187:529,196:405,198:390,203:363,204:355,210:316,212:290,221:238,225:231,229:217,234:206,239:190,240:190,252:152,256:146,258:145,263:132,273:117	0	False	0
efae-SAMN17038078	GP_unb_12	232:208	4	0.0	0.25719800000000004	1.0725280780166315	GP_unb_14	243:182	4	0.0	0.2556965	1.402980723194488	4	-0.0011433965603733498	0.83974044	1.0725280780170579	257:145	0	False	0
efae-SAMN17038078	GP_unb_12	232:208	4	0.0	0.25719800000000004	1.0725280780166315	GP_unb_15	244:182	4	0.0	0.21796393000000003	1.0050605960911443	4	-0.0011433965603733498	0.8020078700000001	1.0050605960914254	257:145	0	False	0
efae-SAMN17038078	GP_unb_12	232:208	4	0.0	0.25719800000000004	1.0725280780166315	GP_unb_16	248:172	4	0.0	0.09082955000000004	0.8537669611548431	4	-0.034977259100723995	10.575475403	0.3226317239459604	30:27908,31:25941,50:19696,57:16867,69:13350,73:12574,82:10666,83:10455,85:9508,98:6659,104:6138,111:5061,114:4815,117:3958,119:3451,123:2781,127:2345,143:1499,146:1416,148:1324,151:1248,156:1053,158:1036,161:1006,162:1004,164:946,165:935,166:922,173:701,176:692,186:529,187:529,196:405,198:390,200:386,203:363,204:355,210:316,212:290,215:279,221:238,225:231,233:208,234:206,239:190,240:190,252:152,256:146,258:145	0	False	0
efae-SAMN17038078	GP_unb_12	232:208	4	0.0	0.25719800000000004	1.0725280780166315	GP_unb_17	253:152	4	0.0	0.17961150000000004	1.0074839047901805	4	-0.06522783212409197	9.975309430000001	0.30637736747303695	30:27908,50:19696,57:16867,73:12574,82:10666,83:10455,85:9508,98:6659,104:6138,111:5061,114:4815,117:3958,119:3451,123:2781,127:2345,131:1882,139:1634,143:1499,145:1466,146:1416,147:1390,148:1324,151:1248,156:1053,158:1036,161:1006,162:1004,164:946,165:935,166:922,173:701,176:692,180:658,186:529,187:529,196:405,197:395,198:390,200:386,203:363,204:355,210:316,212:290,215:279,221:238,225:231,228:218,234:206,239:190,240:190,252:152,256:146,258:145,263:132,273:117	0	False	0
efae-SAMN17038078	GP_unb_12	232:208	4	0.0	0.25719800000000004	1.0725280780166315	GP_unb_18	254:151	4	0.0	0.1950328	1.1671655044948899	4	-0.06522783212409197	9.990730730000001	0.30637736747303035	30:27908,50:19696,57:16867,73:12574,82:10666,83:10455,85:9508,98:6659,104:6138,111:5061,114:4815,117:3958,119:3451,123:2781,127:2345,131:1882,139:1634,143:1499,145:1466,146:1416,147:1390,148:1324,151:1248,156:1053,158:1036,161:1006,162:1004,164:946,165:935,166:922,173:701,176:692,180:658,186:529,187:529,196:405,197:395,198:390,200:386,203:363,204:355,210:316,212:290,215:279,221:238,225:231,228:218,234:206,239:190,240:190,252:152,256:146,258:145,263:132,273:117	0	False	0
efae-SAMN17038078	GP_unb_12	232:208	4	0.0	0.25719800000000004	1.0725280780166315	GP_unb_19	261:135	2	0.0	0.08021027000000003	1.2448905900194989	4	-0.05993553125908152	10.699119360000001	0.30637736747303285	57:16867,73:12574,82:10666,83:10455,85:9508,98:6659,104:6138,111:5061,114:4815,117:3958,119:3451,127:2345,138:1686,139:1634,143:1499,145:1466,146:1416,147:1390,148:1324,151:1248,156:1053,158:1036,162:1004,164:946,165:935,166:922,173:701,176:692,180:658,186:529,187:529,196:405,198:390,200:386,203:363,204:355,210:316,212:290,215:279,221:238,225:231,234:206,239:190,240:190,252:152,256:146,258:145,263:132,273:117	0	False	0
efae-SAMN17038078	GP_unb_12	232:208	4	0.0	0.25719800000000004	1.0725280780166315	GP_unb_20	262:133	4	0.0	0.22139925000000005	3.7312534604366774	4	-0.05043972006943348	11.082304790000002	0.30637736747303274	22:35861,57:16867,73:12574,82:10666,85:9508,98:6659,104:6138,114:4815,117:3958,119:3451,127:2345,138:1686,139:1634,143:1499,145:1466,147:1390,148:1324,151:1248,156:1053,158:1036,162:1004,164:946,165:935,166:922,173:701,176:692,180:658,186:529,187:529,196:405,198:390,203:363,204:355,210:316,212:290,215:279,221:238,225:231,234:206,239:190,240:190,252:152,256:146,258:145,263:132,273:117	0	False	0
efae-SAMN17038078	GP_unb_12	232:208	4	0.0	0.25719800000000004	1.0725280780166315	GP_unb_21	266:128	4	0.0	0.35169530000000004	2.567744316859649	4	-0.047551809757906544	10.592123459999998	0.3226317239459604	22:35861,57:16867,73:12574,82:10666,83:10455,85:9508,98:6659,104:6138,117:3958,119:3451,127:2345,134:1787,143:1499,147:1390,148:1324,151:1248,153:1098,156:1053,161:1006,162:1004,164:946,165:935,166:922,173:701,174:701,176:692,186:529,187:529,196:405,198:390,200:386,203:363,204:355,210:316,211:299,212:290,215:279,221:238,225:231,234:206,239:190,240:190,252:152,256:146,258:145,273:117	0	False	0
efae-SAMN17038078	GP_unb_12	232:208	4	0.0	0.25719800000000004	1.0725280780166315	GP_unb_22	269:122	4	0.0	0.33510019999999996	1.544899416640588	0	0	0	0		1	False	0
efae-SAMN17038078	GP_unb_12	232:208	4	0.0	0.25719800000000004	1.0725280780166315	GP_unb_23	270:122	4	0.0	0.298334	1.2143718789201567	0	0	0	0		1	False	0
efae-SAMN17038078	GP_unb_12	232:208	4	0.0	0.25719800000000004	1.0725280780166315	GP_unb_24	274:104	4	0.0	0.35823225999999997	1.2539980581433605	4	-0.0379575777994155	10.543533679999998	0.32263172394596035	30:27908,50:19696,57:16867,73:12574,82:10666,83:10455,85:9508,98:6659,104:6138,111:5061,114:4815,117:3958,119:3451,123:2781,127:2345,143:1499,146:1416,147:1390,148:1324,151:1248,154:1092,156:1053,158:1036,161:1006,162:1004,164:946,165:935,166:922,173:701,176:692,186:529,187:529,196:405,198:390,200:386,203:363,204:355,210:316,212:290,215:279,221:238,225:231,234:206,239:190,240:190,252:152,256:146,258:145	0	False	0
efae-SAMN17038078	GP_unb_13	238:191	4	0.0	0.33569443	1.418536974180796	GP_unb_14	243:182	4	0.0	0.2556965	1.402980723194488	0	0	0	0		1	False	0
efae-SAMN17038078	GP_unb_13	238:191	4	0.0	0.33569443	1.418536974180796	GP_unb_15	244:182	4	0.0	0.21796393000000003	1.0050605960911443	0	0	0	0		1	False	0
efae-SAMN17038078	GP_unb_13	238:191	4	0.0	0.33569443	1.418536974180796	GP_unb_16	248:172	4	0.0	0.09082955000000004	0.8537669611548431	4	-0.04602441436096735	10.694760346	0.30729747585428413	30:27908,50:19696,69:13350,73:12574,80:11140,82:10666,85:9508,98:6659,104:6138,106:5879,108:5551,111:5061,114:4815,117:3958,119:3451,123:2781,127:2345,138:1686,142:1514,143:1499,146:1416,147:1390,148:1324,151:1248,156:1053,158:1036,162:1004,164:946,165:935,166:922,173:701,176:692,186:529,187:529,196:405,198:390,200:386,203:363,204:355,210:316,212:290,221:238,225:231,229:217,233:208,234:206,239:190,252:152,256:146,258:145	0	False	0
efae-SAMN17038078	GP_unb_13	238:191	4	0.0	0.33569443	1.418536974180796	GP_unb_17	253:152	4	0.0	0.17961150000000004	1.0074839047901805	4	-0.058336423671549564	10.058222659999998	0.3226317239459604	22:35861,73:12574,82:10666,85:9508,98:6659,104:6138,114:4815,117:3958,119:3451,127:2345,131:1882,138:1686,143:1499,147:1390,148:1324,151:1248,156:1053,158:1036,161:1006,162:1004,165:935,166:922,173:701,186:529,187:529,196:405,197:395,198:390,203:363,204:355,210:316,221:238,225:231,228:218,229:217,234:206,239:190,252:152,256:146,258:145	0	False	0
efae-SAMN17038078	GP_unb_13	238:191	4	0.0	0.33569443	1.418536974180796	GP_unb_18	254:151	4	0.0	0.1950328	1.1671655044948899	4	-0.058336423671549564	10.073643959999998	0.3226317239459604	22:35861,73:12574,82:10666,85:9508,98:6659,104:6138,114:4815,117:3958,119:3451,127:2345,131:1882,138:1686,143:1499,147:1390,148:1324,151:1248,156:1053,158:1036,161:1006,162:1004,165:935,166:922,173:701,186:529,187:529,196:405,197:395,198:390,203:363,204:355,210:316,221:238,225:231,228:218,229:217,234:206,239:190,252:152,256:146,258:145	0	False	0
efae-SAMN17038078	GP_unb_13	238:191	4	0.0	0.33569443	1.418536974180796	GP_unb_19	261:135	2	0.0	0.08021027000000003	1.2448905900194989	4	-0.07287151596022068	10.623043756000001	0.3063773674737426	22:35861,69:13350,73:12574,80:11140,85:9508,98:6659,104:6138,108:5551,114:4815,117:3958,119:3451,127:2345,139:1634,142:1514,143:1499,147:1390,148:1324,151:1248,156:1053,157:1040,158:1036,161:1006,162:1004,164:946,165:935,166:922,173:701,176:692,186:529,187:529,196:405,198:390,203:363,204:355,210:316,212:290,221:238,225:231,226:227,229:217,233:208,234:206,239:190,252:152,256:146,258:145,263:132,273:117	0	False	0
efae-SAMN17038078	GP_unb_13	238:191	4	0.0	0.33569443	1.418536974180796	GP_unb_20	262:133	4	0.0	0.22139925000000005	3.7312534604366774	4	-0.04354831161689107	10.205058619999999	0.3226317239459604	30:27908,50:19696,73:12574,82:10666,83:10455,85:9508,98:6659,104:6138,111:5061,114:4815,117:3958,119:3451,123:2781,127:2345,138:1686,143:1499,146:1416,147:1390,148:1324,151:1248,156:1053,158:1036,161:1006,162:1004,164:946,165:935,166:922,173:701,186:529,187:529,196:405,198:390,200:386,203:363,204:355,210:316,215:279,221:238,225:231,229:217,234:206,239:190,252:152,256:146,258:145	0	False	0
efae-SAMN17038078	GP_unb_13	238:191	4	0.0	0.33569443	1.418536974180796	GP_unb_21	266:128	4	0.0	0.35169530000000004	2.567744316859649	4	-0.05314254357538212	10.74535708	0.3226317239459604	22:35861,73:12574,82:10666,85:9508,98:6659,104:6138,114:4815,117:3958,119:3451,127:2345,134:1787,138:1686,143:1499,147:1390,148:1324,151:1248,153:1098,156:1053,158:1036,161:1006,162:1004,164:946,165:935,166:922,173:701,174:701,186:529,187:529,196:405,198:390,203:363,204:355,210:316,211:299,221:238,225:231,229:217,234:206,239:190,252:152,256:146,258:145,273:117	0	False	0
efae-SAMN17038078	GP_unb_13	238:191	4	0.0	0.33569443	1.418536974180796	GP_unb_22	269:122	4	0.0	0.33510019999999996	1.544899416640588	0	0	0	0		1	False	0
efae-SAMN17038078	GP_unb_13	238:191	4	0.0	0.33569443	1.418536974180796	GP_unb_23	270:122	4	0.0	0.298334	1.2143718789201567	0	0	0	0		1	False	0
efae-SAMN17038078	GP_unb_13	238:191	4	0.0	0.33569443	1.418536974180796	GP_unb_24	274:104	4	0.0	0.35823225999999997	1.2539980581433605	4	-0.09351320926289369	10.709438546	0.3063773674730328	22:35861,69:13350,73:12574,80:11140,85:9508,98:6659,104:6138,108:5551,114:4815,117:3958,119:3451,127:2345,139:1634,142:1514,143:1499,145:1466,147:1390,148:1324,151:1248,156:1053,158:1036,161:1006,162:1004,164:946,165:935,166:922,170:767,173:701,176:692,180:658,186:529,187:529,196:405,198:390,203:363,204:355,210:316,212:290,221:238,225:231,229:217,233:208,234:206,239:190,252:152,256:146,258:145,263:132,273:117	0	False	0
efae-SAMN17038078	GP_unb_14	243:182	4	0.0	0.2556965	1.402980723194488	GP_unb_15	244:182	4	0.0	0.21796393000000003	1.0050605960911443	4	-0.0011433965603733498	0.80050637	1.0050605960914254	257:145	0	False	0
efae-SAMN17038078	GP_unb_14	243:182	4	0.0	0.2556965	1.402980723194488	GP_unb_16	248:172	4	0.0	0.09082955000000004	0.8537669611548431	0	0	0	0		1	False	0
efae-SAMN17038078	GP_unb_14	243:182	4	0.0	0.2556965	1.402980723194488	GP_unb_17	253:152	4	0.0	0.17961150000000004	1.0074839047901805	0	0	0	0		1	False	0
efae-SAMN17038078	GP_unb_14	243:182	4	0.0	0.2556965	1.402980723194488	GP_unb_18	254:151	4	0.0	0.1950328	1.1671655044948899	0	0	0	0		1	False	0
efae-SAMN17038078	GP_unb_14	243:182	4	0.0	0.2556965	1.402980723194488	GP_unb_19	261:135	2	0.0	0.08021027000000003	1.2448905900194989	0	0	0	0		1	False	0
efae-SAMN17038078	GP_unb_14	243:182	4	0.0	0.2556965	1.402980723194488	GP_unb_20	262:133	4	0.0	0.22139925000000005	3.7312534604366774	0	0	0	0		1	False	0
efae-SAMN17038078	GP_unb_14	243:182	4	0.0	0.2556965	1.402980723194488	GP_unb_21	266:128	4	0.0	0.35169530000000004	2.567744316859649	0	0	0	0		1	False	0
efae-SAMN17038078	GP_unb_14	243:182	4	0.0	0.2556965	1.402980723194488	GP_unb_22	269:122	4	0.0	0.33510019999999996	1.544899416640588	0	0	0	0		1	False	0
efae-SAMN17038078	GP_unb_14	243:182	4	0.0	0.2556965	1.402980723194488	GP_unb_23	270:122	4	0.0	0.298334	1.2143718789201567	0	0	0	0		1	False	0
efae-SAMN17038078	GP_unb_14	243:182	4	0.0	0.2556965	1.402980723194488	GP_unb_24	274:104	4	0.0	0.35823225999999997	1.2539980581433605	0	0	0	0		1	False	0
efae-SAMN17038078	GP_unb_15	244:182	4	0.0	0.21796393000000003	1.0050605960911443	GP_unb_16	248:172	4	0.0	0.09082955000000004	0.8537669611548431	0	0	0	0		1	False	0
efae-SAMN17038078	GP_unb_15	244:182	4	0.0	0.21796393000000003	1.0050605960911443	GP_unb_17	253:152	4	0.0	0.17961150000000004	1.0074839047901805	0	0	0	0		1	False	0
efae-SAMN17038078	GP_unb_15	244:182	4	0.0	0.21796393000000003	1.0050605960911443	GP_unb_18	254:151	4	0.0	0.1950328	1.1671655044948899	0	0	0	0		1	False	0
efae-SAMN17038078	GP_unb_15	244:182	4	0.0	0.21796393000000003	1.0050605960911443	GP_unb_19	261:135	2	0.0	0.08021027000000003	1.2448905900194989	0	0	0	0		1	False	0
efae-SAMN17038078	GP_unb_15	244:182	4	0.0	0.21796393000000003	1.0050605960911443	GP_unb_20	262:133	4	0.0	0.22139925000000005	3.7312534604366774	0	0	0	0		1	False	0
efae-SAMN17038078	GP_unb_15	244:182	4	0.0	0.21796393000000003	1.0050605960911443	GP_unb_21	266:128	4	0.0	0.35169530000000004	2.567744316859649	0	0	0	0		1	False	0
efae-SAMN17038078	GP_unb_15	244:182	4	0.0	0.21796393000000003	1.0050605960911443	GP_unb_22	269:122	4	0.0	0.33510019999999996	1.544899416640588	0	0	0	0		1	False	0
efae-SAMN17038078	GP_unb_15	244:182	4	0.0	0.21796393000000003	1.0050605960911443	GP_unb_23	270:122	4	0.0	0.298334	1.2143718789201567	0	0	0	0		1	False	0
efae-SAMN17038078	GP_unb_15	244:182	4	0.0	0.21796393000000003	1.0050605960911443	GP_unb_24	274:104	4	0.0	0.35823225999999997	1.2539980581433605	0	0	0	0		1	False	0
efae-SAMN17038078	GP_unb_16	248:172	4	0.0	0.09082955000000004	0.8537669611548431	GP_unb_17	253:152	4	0.0	0.17961150000000004	1.0074839047901805	4	-0.060698401467557395	9.307587785999997	0.3063773674730328	30:27908,50:19696,57:16867,69:13350,73:12574,80:11140,82:10666,83:10455,85:9508,98:6659,104:6138,108:5551,111:5061,114:4815,117:3958,119:3451,123:2781,127:2345,131:1882,138:1686,139:1634,142:1514,143:1499,145:1466,146:1416,147:1390,148:1324,151:1248,156:1053,158:1036,162:1004,164:946,165:935,166:922,173:701,176:692,180:658,186:529,187:529,196:405,197:395,198:390,200:386,203:363,204:355,210:316,212:290,215:279,221:238,225:231,228:218,233:208,234:206,239:190,252:152,256:146,258:145,263:132,273:117	0	False	0
efae-SAMN17038078	GP_unb_16	248:172	4	0.0	0.09082955000000004	0.8537669611548431	GP_unb_18	254:151	4	0.0	0.1950328	1.1671655044948899	4	-0.060698401467557395	9.323009085999997	0.3063773674730328	30:27908,50:19696,57:16867,69:13350,73:12574,80:11140,82:10666,83:10455,85:9508,98:6659,104:6138,108:5551,111:5061,114:4815,117:3958,119:3451,123:2781,127:2345,131:1882,138:1686,139:1634,142:1514,143:1499,145:1466,146:1416,147:1390,148:1324,151:1248,156:1053,158:1036,162:1004,164:946,165:935,166:922,173:701,176:692,180:658,186:529,187:529,196:405,197:395,198:390,200:386,203:363,204:355,210:316,212:290,215:279,221:238,225:231,228:218,233:208,234:206,239:190,252:152,256:146,258:145,263:132,273:117	0	False	0
efae-SAMN17038078	GP_unb_16	248:172	4	0.0	0.09082955000000004	0.8537669611548431	GP_unb_19	261:135	2	0.0	0.08021027000000003	1.2448905900194989	4	-0.04292395833252896	9.930284556	0.30729747585428413	30:27908,50:19696,57:16867,69:13350,73:12574,80:11140,82:10666,83:10455,85:9508,98:6659,104:6138,108:5551,111:5061,114:4815,117:3958,119:3451,123:2781,127:2345,138:1686,142:1514,143:1499,146:1416,147:1390,148:1324,151:1248,156:1053,158:1036,162:1004,164:946,165:935,166:922,173:701,176:692,186:529,187:529,196:405,198:390,200:386,203:363,204:355,210:316,212:290,215:279,221:238,225:231,233:208,234:206,239:190,252:152,256:146,258:145	0	False	0
efae-SAMN17038078	GP_unb_16	248:172	4	0.0	0.09082955000000004	0.8537669611548431	GP_unb_20	262:133	4	0.0	0.22139925000000005	3.7312534604366774	4	-0.03342814714288092	10.377655376	0.3072974758546854	30:27908,50:19696,57:16867,69:13350,73:12574,80:11140,82:10666,85:9508,98:6659,104:6138,106:5879,108:5551,111:5061,114:4815,117:3958,119:3451,123:2781,127:2345,138:1686,142:1514,143:1499,146:1416,147:1390,148:1324,151:1248,156:1053,158:1036,162:1004,164:946,165:935,166:922,173:701,176:692,186:529,187:529,196:405,198:390,200:386,203:363,204:355,210:316,212:290,215:279,221:238,225:231,233:208,234:206,239:190,252:152,256:146,258:145	0	False	0
efae-SAMN17038078	GP_unb_16	248:172	4	0.0	0.09082955000000004	0.8537669611548431	GP_unb_21	266:128	4	0.0	0.35169530000000004	2.567744316859649	4	-0.043022379101371966	9.924401815999998	0.3072974758542842	22:35861,57:16867,69:13350,73:12574,80:11140,82:10666,83:10455,85:9508,98:6659,104:6138,108:5551,117:3958,119:3451,127:2345,134:1787,138:1686,142:1514,143:1499,147:1390,148:1324,151:1248,153:1098,156:1053,162:1004,164:946,165:935,166:922,173:701,174:701,176:692,186:529,187:529,196:405,198:390,200:386,203:363,204:355,210:316,211:299,212:290,215:279,221:238,225:231,233:208,234:206,239:190,252:152,256:146,258:145,273:117	0	False	0
efae-SAMN17038078	GP_unb_16	248:172	4	0.0	0.09082955000000004	0.8537669611548431	GP_unb_22	269:122	4	0.0	0.33510019999999996	1.544899416640588	0	0	0	0		1	False	0
efae-SAMN17038078	GP_unb_16	248:172	4	0.0	0.09082955000000004	0.8537669611548431	GP_unb_23	270:122	4	0.0	0.298334	1.2143718789201567	0	0	0	0		1	False	0
efae-SAMN17038078	GP_unb_16	248:172	4	0.0	0.09082955000000004	0.8537669611548431	GP_unb_24	274:104	4	0.0	0.35823225999999997	1.2539980581433605	4	-0.03342814714288092	9.875812035999997	0.30729747585428396	30:27908,50:19696,57:16867,69:13350,73:12574,80:11140,82:10666,83:10455,85:9508,98:6659,104:6138,108:5551,111:5061,114:4815,117:3958,119:3451,123:2781,127:2345,138:1686,142:1514,143:1499,146:1416,147:1390,148:1324,151:1248,154:1092,156:1053,158:1036,162:1004,164:946,165:935,166:922,173:701,176:692,186:529,187:529,196:405,198:390,200:386,203:363,204:355,210:316,212:290,215:279,221:238,225:231,233:208,234:206,239:190,252:152,256:146,258:145	0	False	0
efae-SAMN17038078	GP_unb_17	253:152	4	0.0	0.17961150000000004	1.0074839047901805	GP_unb_18	254:151	4	0.0	0.1950328	1.1671655044948899	4	0.0	0.6593500600000001	1.007483904790206	246:178	0	False	0
efae-SAMN17038078	GP_unb_17	253:152	4	0.0	0.17961150000000004	1.0074839047901805	GP_unb_19	261:135	2	0.0	0.08021027000000003	1.2448905900194989	4	-0.05523596764311117	9.357932259999998	0.3226317239459604	57:16867,73:12574,82:10666,83:10455,85:9508,98:6659,104:6138,111:5061,114:4815,117:3958,119:3451,127:2345,131:1882,138:1686,143:1499,146:1416,147:1390,148:1324,151:1248,156:1053,158:1036,161:1006,162:1004,165:935,166:922,173:701,186:529,187:529,196:405,197:395,198:390,200:386,203:363,204:355,210:316,215:279,221:238,225:231,228:218,234:206,239:190,252:152,256:146,258:145	0	False	0
efae-SAMN17038078	GP_unb_17	253:152	4	0.0	0.17961150000000004	1.0074839047901805	GP_unb_20	262:133	4	0.0	0.22139925000000005	3.7312534604366774	4	-0.04574015645346313	9.741117689999998	0.3226317239459604	22:35861,57:16867,73:12574,82:10666,85:9508,98:6659,104:6138,114:4815,117:3958,119:3451,127:2345,131:1882,138:1686,143:1499,147:1390,148:1324,151:1248,156:1053,158:1036,161:1006,162:1004,165:935,166:922,173:701,186:529,187:529,196:405,197:395,198:390,203:363,204:355,210:316,215:279,221:238,225:231,228:218,234:206,239:190,252:152,256:146,258:145	0	False	0
efae-SAMN17038078	GP_unb_17	253:152	4	0.0	0.17961150000000004	1.0074839047901805	GP_unb_21	266:128	4	0.0	0.35169530000000004	2.567744316859649	4	-0.05533438841195418	9.288106019999997	0.32263172394596046	30:27908,50:19696,57:16867,73:12574,82:10666,83:10455,85:9508,98:6659,104:6138,111:5061,114:4815,117:3958,119:3451,123:2781,127:2345,131:1882,134:1787,138:1686,143:1499,146:1416,147:1390,148:1324,151:1248,153:1098,156:1053,158:1036,161:1006,162:1004,164:946,165:935,166:922,173:701,174:701,186:529,187:529,196:405,197:395,198:390,200:386,203:363,204:355,210:316,211:299,215:279,221:238,225:231,228:218,234:206,239:190,252:152,256:146,258:145,273:117	0	False	0
efae-SAMN17038078	GP_unb_17	253:152	4	0.0	0.17961150000000004	1.0074839047901805	GP_unb_22	269:122	4	0.0	0.33510019999999996	1.544899416640588	0	0	0	0		1	False	0
efae-SAMN17038078	GP_unb_17	253:152	4	0.0	0.17961150000000004	1.0074839047901805	GP_unb_23	270:122	4	0.0	0.298334	1.2143718789201567	0	0	0	0		1	False	0
efae-SAMN17038078	GP_unb_17	253:152	4	0.0	0.17961150000000004	1.0074839047901805	GP_unb_24	274:104	4	0.0	0.35823225999999997	1.2539980581433605	4	-0.04574015645346313	9.511784359999998	0.3226317239461614	30:27908,50:19696,57:16867,73:12574,82:10666,83:10455,85:9508,98:6659,104:6138,111:5061,114:4815,117:3958,119:3451,123:2781,127:2345,131:1882,138:1686,143:1499,146:1416,147:1390,148:1324,151:1248,156:1053,158:1036,161:1006,162:1004,164:946,165:935,166:922,173:701,186:529,187:529,196:405,197:395,198:390,200:386,203:363,204:355,210:316,215:279,221:238,225:231,228:218,234:206,239:190,252:152,256:146,258:145	0	False	0
efae-SAMN17038078	GP_unb_18	254:151	4	0.0	0.1950328	1.1671655044948899	GP_unb_19	261:135	2	0.0	0.08021027000000003	1.2448905900194989	4	-0.05523596764311117	9.373353559999998	0.322631723946268	57:16867,73:12574,82:10666,83:10455,85:9508,98:6659,104:6138,111:5061,114:4815,117:3958,119:3451,127:2345,131:1882,138:1686,143:1499,146:1416,147:1390,148:1324,151:1248,156:1053,158:1036,161:1006,162:1004,165:935,166:922,173:701,186:529,187:529,196:405,197:395,198:390,200:386,203:363,204:355,210:316,215:279,221:238,225:231,228:218,234:206,239:190,252:152,256:146,258:145	0	False	0
efae-SAMN17038078	GP_unb_18	254:151	4	0.0	0.1950328	1.1671655044948899	GP_unb_20	262:133	4	0.0	0.22139925000000005	3.7312534604366774	4	-0.04574015645346313	9.756538989999997	0.3226317239459604	22:35861,57:16867,73:12574,82:10666,85:9508,98:6659,104:6138,114:4815,117:3958,119:3451,127:2345,131:1882,138:1686,143:1499,147:1390,148:1324,151:1248,156:1053,158:1036,161:1006,162:1004,165:935,166:922,173:701,186:529,187:529,196:405,197:395,198:390,203:363,204:355,210:316,215:279,221:238,225:231,228:218,234:206,239:190,252:152,256:146,258:145	0	False	0
efae-SAMN17038078	GP_unb_18	254:151	4	0.0	0.1950328	1.1671655044948899	GP_unb_21	266:128	4	0.0	0.35169530000000004	2.567744316859649	4	-0.05533438841195418	9.303527319999997	0.32263172394596035	30:27908,50:19696,57:16867,73:12574,82:10666,83:10455,85:9508,98:6659,104:6138,111:5061,114:4815,117:3958,119:3451,123:2781,127:2345,131:1882,134:1787,138:1686,143:1499,146:1416,147:1390,148:1324,151:1248,153:1098,156:1053,158:1036,161:1006,162:1004,164:946,165:935,166:922,173:701,174:701,186:529,187:529,196:405,197:395,198:390,200:386,203:363,204:355,210:316,211:299,215:279,221:238,225:231,228:218,234:206,239:190,252:152,256:146,258:145,273:117	0	False	0
efae-SAMN17038078	GP_unb_18	254:151	4	0.0	0.1950328	1.1671655044948899	GP_unb_22	269:122	4	0.0	0.33510019999999996	1.544899416640588	0	0	0	0		1	False	0
efae-SAMN17038078	GP_unb_18	254:151	4	0.0	0.1950328	1.1671655044948899	GP_unb_23	270:122	4	0.0	0.298334	1.2143718789201567	0	0	0	0		1	False	0
efae-SAMN17038078	GP_unb_18	254:151	4	0.0	0.1950328	1.1671655044948899	GP_unb_24	274:104	4	0.0	0.35823225999999997	1.2539980581433605	4	-0.04574015645346313	9.527205659999998	0.3226317239459601	30:27908,50:19696,57:16867,73:12574,82:10666,83:10455,85:9508,98:6659,104:6138,111:5061,114:4815,117:3958,119:3451,123:2781,127:2345,131:1882,138:1686,143:1499,146:1416,147:1390,148:1324,151:1248,156:1053,158:1036,161:1006,162:1004,164:946,165:935,166:922,173:701,186:529,187:529,196:405,197:395,198:390,200:386,203:363,204:355,210:316,215:279,221:238,225:231,228:218,234:206,239:190,252:152,256:146,258:145	0	False	0
efae-SAMN17038078	GP_unb_19	261:135	2	0.0	0.08021027000000003	1.2448905900194989	GP_unb_20	262:133	4	0.0	0.22139925000000005	3.7312534604366774	4	-0.060275248742134246	10.305938786	0.3063773674730328	22:35861,57:16867,69:13350,73:12574,80:11140,85:9508,98:6659,104:6138,108:5551,114:4815,117:3958,119:3451,127:2345,139:1634,142:1514,143:1499,147:1390,148:1324,151:1248,156:1053,157:1040,158:1036,161:1006,162:1004,164:946,165:935,166:922,173:701,176:692,186:529,187:529,196:405,198:390,203:363,204:355,210:316,212:290,215:279,221:238,225:231,226:227,233:208,234:206,239:190,252:152,256:146,258:145,263:132,273:117	0	False	0
efae-SAMN17038078	GP_unb_19	261:135	2	0.0	0.08021027000000003	1.2448905900194989	GP_unb_21	266:128	4	0.0	0.35169530000000004	2.567744316859649	4	-0.050042087546943725	10.045066679999998	0.32263172394596046	57:16867,73:12574,82:10666,83:10455,85:9508,98:6659,104:6138,111:5061,114:4815,117:3958,119:3451,127:2345,134:1787,138:1686,143:1499,146:1416,147:1390,148:1324,151:1248,153:1098,156:1053,158:1036,161:1006,162:1004,164:946,165:935,166:922,173:701,174:701,186:529,187:529,196:405,198:390,200:386,203:363,204:355,210:316,211:299,215:279,221:238,225:231,234:206,239:190,252:152,256:146,258:145,273:117	0	False	0
efae-SAMN17038078	GP_unb_19	261:135	2	0.0	0.08021027000000003	1.2448905900194989	GP_unb_22	269:122	4	0.0	0.33510019999999996	1.544899416640588	0	0	0	0		1	False	0
efae-SAMN17038078	GP_unb_19	261:135	2	0.0	0.08021027000000003	1.2448905900194989	GP_unb_23	270:122	4	0.0	0.298334	1.2143718789201567	0	0	0	0		1	False	0
efae-SAMN17038078	GP_unb_19	261:135	2	0.0	0.08021027000000003	1.2448905900194989	GP_unb_24	274:104	4	0.0	0.35823225999999997	1.2539980581433605	4	-0.0904127532344553	10.009148146	0.3063773674735741	57:16867,69:13350,73:12574,80:11140,83:10455,85:9508,98:6659,104:6138,108:5551,111:5061,114:4815,117:3958,119:3451,127:2345,139:1634,142:1514,143:1499,145:1466,146:1416,147:1390,148:1324,151:1248,156:1053,158:1036,161:1006,162:1004,164:946,165:935,166:922,170:767,173:701,176:692,180:658,186:529,187:529,196:405,198:390,200:386,203:363,204:355,210:316,212:290,215:279,221:238,225:231,233:208,234:206,239:190,252:152,256:146,258:145,263:132,273:117	0	False	0
efae-SAMN17038078	GP_unb_20	262:133	4	0.0	0.22139925000000005	3.7312534604366774	GP_unb_21	266:128	4	0.0	0.35169530000000004	2.567744316859649	4	-0.040546276357295685	10.428252109999999	0.32263172394639533	22:35861,57:16867,73:12574,82:10666,85:9508,98:6659,104:6138,114:4815,117:3958,119:3451,127:2345,134:1787,138:1686,143:1499,147:1390,148:1324,151:1248,153:1098,156:1053,158:1036,161:1006,162:1004,164:946,165:935,166:922,173:701,174:701,186:529,187:529,196:405,198:390,203:363,204:355,210:316,211:299,215:279,221:238,225:231,234:206,239:190,252:152,256:146,258:145,273:117	0	False	0
efae-SAMN17038078	GP_unb_20	262:133	4	0.0	0.22139925000000005	3.7312534604366774	GP_unb_22	269:122	4	0.0	0.33510019999999996	1.544899416640588	4	0.0	0.89226965	1.5448994166399643	224:233	0	False	0
efae-SAMN17038078	GP_unb_20	262:133	4	0.0	0.22139925000000005	3.7312534604366774	GP_unb_23	270:122	4	0.0	0.298334	1.2143718789201567	4	0.0	0.85550345	1.2143718789193372	224:233	0	False	0
efae-SAMN17038078	GP_unb_20	262:133	4	0.0	0.22139925000000005	3.7312534604366774	GP_unb_24	274:104	4	0.0	0.35823225999999997	1.2539980581433605	4	-0.08091694204480726	10.392333576	0.30637736747303285	22:35861,57:16867,69:13350,73:12574,80:11140,85:9508,98:6659,104:6138,108:5551,114:4815,117:3958,119:3451,127:2345,139:1634,142:1514,143:1499,145:1466,147:1390,148:1324,151:1248,156:1053,158:1036,161:1006,162:1004,164:946,165:935,166:922,170:767,173:701,176:692,180:658,186:529,187:529,196:405,198:390,203:363,204:355,210:316,212:290,215:279,221:238,225:231,233:208,234:206,239:190,252:152,256:146,258:145,263:132,273:117	0	False	0
efae-SAMN17038078	GP_unb_21	266:128	4	0.0	0.35169530000000004	2.567744316859649	GP_unb_22	269:122	4	0.0	0.33510019999999996	1.544899416640588	4	0.0	1.0755938	1.5448994166399643	223:235	0	False	0
efae-SAMN17038078	GP_unb_21	266:128	4	0.0	0.35169530000000004	2.567744316859649	GP_unb_23	270:122	4	0.0	0.298334	1.2143718789201567	4	0.0	1.0388276	1.2143718789193372	223:235	0	False	0
efae-SAMN17038078	GP_unb_21	266:128	4	0.0	0.35169530000000004	2.567744316859649	GP_unb_24	274:104	4	0.0	0.35823225999999997	1.2539980581433605	4	-0.07802903173328032	9.869001515999997	0.30729747585428413	22:35861,57:16867,69:13350,73:12574,80:11140,83:10455,85:9508,98:6659,104:6138,108:5551,117:3958,119:3451,127:2345,134:1787,142:1514,143:1499,147:1390,148:1324,151:1248,153:1098,156:1053,161:1006,162:1004,164:946,165:935,166:922,170:767,173:701,174:701,176:692,186:529,187:529,196:405,198:390,200:386,203:363,204:355,210:316,211:299,212:290,215:279,221:238,225:231,233:208,234:206,239:190,252:152,256:146,258:145,273:117	0	False	0
efae-SAMN17038078	GP_unb_22	269:122	4	0.0	0.33510019999999996	1.544899416640588	GP_unb_23	270:122	4	0.0	0.298334	1.2143718789201567	4	0.0	1.0222324999999999	1.2143718789193372	223:235	0	False	0
efae-SAMN17038078	GP_unb_22	269:122	4	0.0	0.33510019999999996	1.544899416640588	GP_unb_24	274:104	4	0.0	0.35823225999999997	1.2539980581433605	0	0	0	0		1	False	0
efae-SAMN17038078	GP_unb_23	270:122	4	0.0	0.298334	1.2143718789201567	GP_unb_24	274:104	4	0.0	0.35823225999999997	1.2539980581433605	0	0	0	0		1	False	0