SAMPLE	BIN1	BIN1_CONTIGS	BIN1_GC_BIN	BIN1_GC	BIN1_GD	BIN1_RD	BIN2	BIN2_CONTIGS	BIN2_GC_BIN	BIN2_GC	BIN2_GD	BIN2_RD	MERGE_GC_BIN	MERGE_GC	MERGE_GD	MERGE_RD	MERGE_PATH	MILP_INFEASIBLE	BINS_OVERLAP	IS_SUBSET
ecol-SAMN34375054	GP_0	25:61967,38:19116,48:11205,50:10524,51:9970,53:6661,58:3695,60:2999,66:1312,75:1016,82:816,86:700,89:644,90:625,95:528,112:372,152:227,161:210,175:176,210:134	5	-0.6369151105829638	7.512924056518159	0.410098161306864	GP_1	26:61534,41:16232,42:15084,47:11355,52:9888,55:4173,57:3699,61:2581,62:1932,65:1404,67:1287,68:1259,69:1203,70:1167,71:1090,72:1078,77:975,78:910,79:881,85:725,87:676,89:644,95:528,96:524,100:511,103:460,104:431,115:340,120:329,121:327,133:291,135:282,139:259,140:259,141:248,142:248,152:227,176:174,180:169,202:143,203:141,207:136,210:134,224:128,234:119,239:118,246:111,251:109	5	-1.8269343611155437	11.076335554058534	0.8344297121090031	5	-2.8586327326965146	21.002781913176197	0.4100981613064505	40:16874,73:1055,83:753,111:379,130:295,170:186,173:185,184:167	0	True	0
ecol-SAMN34375054	GP_0	25:61967,38:19116,48:11205,50:10524,51:9970,53:6661,58:3695,60:2999,66:1312,75:1016,82:816,86:700,89:644,90:625,95:528,112:372,152:227,161:210,175:176,210:134	5	-0.6369151105829638	7.512924056518159	0.410098161306864	GP_unb_1	101:474	4	0.0	0.2866585970286226	1.002842282616658	5	-2.036962094748973	11.577001836132785	0.09672551461517287	7:202026,22:73170,37:19430,40:16874,57:3699,61:2581,69:1203,70:1167,72:1078,73:1055,79:881,83:753,85:725,104:431,111:379,120:329,122:325,123:325,130:295,132:291,133:291,139:259,140:259,144:235,167:197,170:186,173:185,179:173,184:167,202:143,207:136,213:132,216:131,223:128,225:128,235:119,243:116,246:111,248:109,251:109,254:106,256:105,258:103,259:102	0	False	0
ecol-SAMN34375054	GP_0	25:61967,38:19116,48:11205,50:10524,51:9970,53:6661,58:3695,60:2999,66:1312,75:1016,82:816,86:700,89:644,90:625,95:528,112:372,152:227,161:210,175:176,210:134	5	-0.6369151105829638	7.512924056518159	0.410098161306864	GP_unb_2	102:474	4	0.0	0.007119905918968605	0.7030364075891876	5	-2.036962094748973	11.297463145023132	0.09672551461517287	7:202026,22:73170,37:19430,40:16874,57:3699,61:2581,69:1203,70:1167,72:1078,73:1055,79:881,83:753,85:725,104:431,111:379,120:329,122:325,123:325,130:295,132:291,133:291,139:259,140:259,144:235,167:197,170:186,173:185,179:173,184:167,202:143,207:136,213:132,216:131,223:128,225:128,235:119,243:116,246:111,248:109,251:109,254:106,256:105,258:103,259:102	0	False	0
ecol-SAMN34375054	GP_0	25:61967,38:19116,48:11205,50:10524,51:9970,53:6661,58:3695,60:2999,66:1312,75:1016,82:816,86:700,89:644,90:625,95:528,112:372,152:227,161:210,175:176,210:134	5	-0.6369151105829638	7.512924056518159	0.410098161306864	GP_unb_3	105:412	5	0.0	0.489142173539451	0.8290453720594638	0	0	0	0		1	False	0
ecol-SAMN34375054	GP_0	25:61967,38:19116,48:11205,50:10524,51:9970,53:6661,58:3695,60:2999,66:1312,75:1016,82:816,86:700,89:644,90:625,95:528,112:372,152:227,161:210,175:176,210:134	5	-0.6369151105829638	7.512924056518159	0.410098161306864	GP_unb_4	109:399	5	0.0	0.2818158589020193	1.4503389107456037	5	-1.5357757946829746	14.650905280972964	0.35233657253775164	30:34364,40:16874,46:11585,54:6507,61:2581,71:1090,73:1055,83:753,87:676,111:379,122:325,123:325,130:295,132:291,133:291,140:259,148:233,167:197,170:186,173:185,180:169,182:167,184:167,186:167,202:143,207:136,234:119,254:106,256:105	0	False	0
ecol-SAMN34375054	GP_0	25:61967,38:19116,48:11205,50:10524,51:9970,53:6661,58:3695,60:2999,66:1312,75:1016,82:816,86:700,89:644,90:625,95:528,112:372,152:227,161:210,175:176,210:134	5	-0.6369151105829638	7.512924056518159	0.410098161306864	GP_unb_5	118:334	5	0.0	0.45742415933987923	1.3565160061533954	0	0	0	0		1	False	0
ecol-SAMN34375054	GP_0	25:61967,38:19116,48:11205,50:10524,51:9970,53:6661,58:3695,60:2999,66:1312,75:1016,82:816,86:700,89:644,90:625,95:528,112:372,152:227,161:210,175:176,210:134	5	-0.6369151105829638	7.512924056518159	0.410098161306864	GP_unb_6	119:334	5	0.0	0.21400396824392498	1.409237418504139	0	0	0	0		1	False	0
ecol-SAMN34375054	GP_0	25:61967,38:19116,48:11205,50:10524,51:9970,53:6661,58:3695,60:2999,66:1312,75:1016,82:816,86:700,89:644,90:625,95:528,112:372,152:227,161:210,175:176,210:134	5	-0.6369151105829638	7.512924056518159	0.410098161306864	GP_unb_7	127:313	5	0.0	0.36179865744668616	1.1949674016555565	0	0	0	0		1	False	0
ecol-SAMN34375054	GP_0	25:61967,38:19116,48:11205,50:10524,51:9970,53:6661,58:3695,60:2999,66:1312,75:1016,82:816,86:700,89:644,90:625,95:528,112:372,152:227,161:210,175:176,210:134	5	-0.6369151105829638	7.512924056518159	0.410098161306864	GP_unb_8	129:301	5	0.0	0.4891388840448532	1.3563548457988426	0	0	0	0		1	False	0
ecol-SAMN34375054	GP_0	25:61967,38:19116,48:11205,50:10524,51:9970,53:6661,58:3695,60:2999,66:1312,75:1016,82:816,86:700,89:644,90:625,95:528,112:372,152:227,161:210,175:176,210:134	5	-0.6369151105829638	7.512924056518159	0.410098161306864	GP_unb_9	131:294	4	0.0	0.49389668248310037	0.8402168339315801	5	-2.121083276090502	14.180573089181538	0.09672551461517287	7:202026,22:73170,29:35229,35:27169,37:19430,40:16874,57:3699,61:2581,69:1203,70:1167,72:1078,73:1055,79:881,83:753,85:725,104:431,111:379,120:329,122:325,123:325,130:295,132:291,133:291,139:259,140:259,167:197,170:186,173:185,179:173,184:167,188:164,202:143,207:136,213:132,214:132,246:111,251:109,254:106,256:105,258:103,259:102	0	False	0
ecol-SAMN34375054	GP_0	25:61967,38:19116,48:11205,50:10524,51:9970,53:6661,58:3695,60:2999,66:1312,75:1016,82:816,86:700,89:644,90:625,95:528,112:372,152:227,161:210,175:176,210:134	5	-0.6369151105829638	7.512924056518159	0.410098161306864	GP_unb_10	134:288	5	0.0	0.44667937818249115	1.0383268625009159	5	-1.5688396564925862	13.683743422213993	0.09672551461517287	30:34364,33:28845,40:16874,42:15084,47:11355,61:2581,69:1203,81:816,83:753,103:460,111:379,115:340,120:329,121:327,122:325,123:325,130:295,132:291,133:291,140:259,167:197,170:186,173:185,179:173,184:167,202:143,207:136,254:106,256:105	0	False	0
ecol-SAMN34375054	GP_0	25:61967,38:19116,48:11205,50:10524,51:9970,53:6661,58:3695,60:2999,66:1312,75:1016,82:816,86:700,89:644,90:625,95:528,112:372,152:227,161:210,175:176,210:134	5	-0.6369151105829638	7.512924056518159	0.410098161306864	GP_unb_11	136:281	4	0.0	0.423083698972579	0.8525822284081752	5	-2.108786539679021	14.109760105671016	0.09672551461517287	7:202026,22:73170,29:35229,35:27169,37:19430,40:16874,57:3699,61:2581,69:1203,70:1167,72:1078,73:1055,79:881,83:753,85:725,104:431,111:379,120:329,122:325,123:325,130:295,132:291,133:291,139:259,140:259,167:197,170:186,173:185,179:173,184:167,188:164,202:143,207:136,213:132,214:132,246:111,251:109,254:106,256:105,258:103,259:102	0	False	0
ecol-SAMN34375054	GP_0	25:61967,38:19116,48:11205,50:10524,51:9970,53:6661,58:3695,60:2999,66:1312,75:1016,82:816,86:700,89:644,90:625,95:528,112:372,152:227,161:210,175:176,210:134	5	-0.6369151105829638	7.512924056518159	0.410098161306864	GP_unb_12	137:265	4	0.0	0.1058561025785324	6.106153395355651	5	-1.590420677579383	13.026712125196266	0.09672551461517287	7:202026,37:19430,40:16874,57:3699,59:3086,61:2581,69:1203,70:1167,72:1078,73:1055,79:881,83:753,85:725,104:431,111:379,120:329,122:325,123:325,130:295,132:291,133:291,139:259,140:259,167:197,170:186,173:185,179:173,184:167,202:143,207:136,246:111,251:109,254:106,256:105,258:103	0	False	0
ecol-SAMN34375054	GP_0	25:61967,38:19116,48:11205,50:10524,51:9970,53:6661,58:3695,60:2999,66:1312,75:1016,82:816,86:700,89:644,90:625,95:528,112:372,152:227,161:210,175:176,210:134	5	-0.6369151105829638	7.512924056518159	0.410098161306864	GP_unb_13	138:260	5	0.0	0.480627033506576	1.5873269357556223	5	-2.038335980687738	16.459876643692088	0.09672551461517287	7:202026,22:73170,26:61534,37:19430,40:16874,57:3699,61:2581,69:1203,70:1167,72:1078,73:1055,78:910,79:881,83:753,85:725,104:431,111:379,120:329,122:325,123:325,130:295,132:291,133:291,135:282,139:259,140:259,167:197,170:186,173:185,176:174,179:173,184:167,198:148,202:143,207:136,213:132,246:111,251:109,254:106,256:105,258:103,259:102	0	False	0
ecol-SAMN34375054	GP_0	25:61967,38:19116,48:11205,50:10524,51:9970,53:6661,58:3695,60:2999,66:1312,75:1016,82:816,86:700,89:644,90:625,95:528,112:372,152:227,161:210,175:176,210:134	5	-0.6369151105829638	7.512924056518159	0.410098161306864	GP_unb_14	143:237	4	0.0	0.49702341008473283	0.8763460552340487	5	-2.12454740903937	14.18369981678317	0.09672551461517287	7:202026,22:73170,29:35229,35:27169,37:19430,40:16874,57:3699,61:2581,69:1203,70:1167,72:1078,73:1055,79:881,83:753,85:725,104:431,111:379,120:329,122:325,123:325,130:295,132:291,133:291,139:259,140:259,167:197,170:186,173:185,179:173,184:167,188:164,202:143,207:136,213:132,214:132,246:111,251:109,254:106,256:105,258:103,259:102	0	False	0
ecol-SAMN34375054	GP_0	25:61967,38:19116,48:11205,50:10524,51:9970,53:6661,58:3695,60:2999,66:1312,75:1016,82:816,86:700,89:644,90:625,95:528,112:372,152:227,161:210,175:176,210:134	5	-0.6369151105829638	7.512924056518159	0.410098161306864	GP_unb_15	146:234	5	0.0	0.48395117861074444	0.7934803311112739	5	-1.847638841101571	14.587967407570657	0.09672551461517287	7:202026,22:73170,35:27169,37:19430,40:16874,57:3699,61:2581,69:1203,70:1167,72:1078,73:1055,79:881,83:753,85:725,104:431,111:379,120:329,122:325,123:325,130:295,132:291,133:291,139:259,140:259,167:197,170:186,173:185,179:173,184:167,202:143,207:136,213:132,214:132,246:111,251:109,254:106,256:105,258:103,259:102	0	False	0
ecol-SAMN34375054	GP_0	25:61967,38:19116,48:11205,50:10524,51:9970,53:6661,58:3695,60:2999,66:1312,75:1016,82:816,86:700,89:644,90:625,95:528,112:372,152:227,161:210,175:176,210:134	5	-0.6369151105829638	7.512924056518159	0.410098161306864	GP_unb_16	147:234	5	0.0	0.4643358309778072	0.9224159402241595	5	-1.847638841101571	14.568352059937718	0.09672551461517287	7:202026,22:73170,35:27169,37:19430,40:16874,57:3699,61:2581,69:1203,70:1167,72:1078,73:1055,79:881,83:753,85:725,104:431,111:379,120:329,122:325,123:325,130:295,132:291,133:291,139:259,140:259,167:197,170:186,173:185,179:173,184:167,202:143,207:136,213:132,214:132,246:111,251:109,254:106,256:105,258:103,259:102	0	False	0
ecol-SAMN34375054	GP_0	25:61967,38:19116,48:11205,50:10524,51:9970,53:6661,58:3695,60:2999,66:1312,75:1016,82:816,86:700,89:644,90:625,95:528,112:372,152:227,161:210,175:176,210:134	5	-0.6369151105829638	7.512924056518159	0.410098161306864	GP_unb_17	150:228	4	0.0	0.49445963715976216	1.963848802285547	5	-2.0648598608416453	13.195863445978164	0.09672551461517287	7:202026,22:73170,37:19430,40:16874,57:3699,61:2581,69:1203,70:1167,72:1078,73:1055,79:881,83:753,85:725,104:431,111:379,120:329,122:325,123:325,130:295,132:291,133:291,139:259,140:259,149:232,167:197,170:186,171:186,173:185,179:173,184:167,202:143,207:136,213:132,246:111,251:109,254:106,256:105,258:103,259:102	0	False	0
ecol-SAMN34375054	GP_0	25:61967,38:19116,48:11205,50:10524,51:9970,53:6661,58:3695,60:2999,66:1312,75:1016,82:816,86:700,89:644,90:625,95:528,112:372,152:227,161:210,175:176,210:134	5	-0.6369151105829638	7.512924056518159	0.410098161306864	GP_unb_18	153:223	5	0.0	0.41624278017758964	1.1671159622005713	5	-1.8982429318836158	17.169196085969606	0.35233657253775164	30:34364,40:16874,46:11585,54:6507,61:2581,71:1090,73:1055,83:753,87:676,111:379,122:325,123:325,130:295,132:291,133:291,140:259,167:197,170:186,173:185,180:169,182:167,184:167,186:167,199:145,202:143,203:141,207:136,211:132,212:132,234:119,244:116,245:115,254:106,256:105	0	False	0
ecol-SAMN34375054	GP_0	25:61967,38:19116,48:11205,50:10524,51:9970,53:6661,58:3695,60:2999,66:1312,75:1016,82:816,86:700,89:644,90:625,95:528,112:372,152:227,161:210,175:176,210:134	5	-0.6369151105829638	7.512924056518159	0.410098161306864	GP_unb_19	154:223	5	0.0	0.408511360060988	1.2613727932019634	5	-1.8982429318836158	17.161464665853003	0.35233657253775164	30:34364,40:16874,46:11585,54:6507,61:2581,71:1090,73:1055,83:753,87:676,111:379,122:325,123:325,130:295,132:291,133:291,140:259,167:197,170:186,173:185,180:169,182:167,184:167,186:167,199:145,202:143,203:141,207:136,211:132,212:132,234:119,244:116,245:115,254:106,256:105	0	False	0
ecol-SAMN34375054	GP_0	25:61967,38:19116,48:11205,50:10524,51:9970,53:6661,58:3695,60:2999,66:1312,75:1016,82:816,86:700,89:644,90:625,95:528,112:372,152:227,161:210,175:176,210:134	5	-0.6369151105829638	7.512924056518159	0.410098161306864	GP_unb_20	159:211	5	0.0	0.47333547992256597	1.2704050985275805	0	0	0	0		1	False	0
ecol-SAMN34375054	GP_0	25:61967,38:19116,48:11205,50:10524,51:9970,53:6661,58:3695,60:2999,66:1312,75:1016,82:816,86:700,89:644,90:625,95:528,112:372,152:227,161:210,175:176,210:134	5	-0.6369151105829638	7.512924056518159	0.410098161306864	GP_unb_21	160:211	5	0.0	0.1675830139114065	1.4041315654530804	0	0	0	0		1	False	0
ecol-SAMN34375054	GP_0	25:61967,38:19116,48:11205,50:10524,51:9970,53:6661,58:3695,60:2999,66:1312,75:1016,82:816,86:700,89:644,90:625,95:528,112:372,152:227,161:210,175:176,210:134	5	-0.6369151105829638	7.512924056518159	0.410098161306864	GP_unb_22	162:208	5	0.0	0.48221642619736504	1.3486337997216322	5	-2.0061794622480527	13.723776215747984	0.09672551461517287	7:202026,22:73170,36:19914,37:19430,40:16874,45:13205,57:3699,61:2581,63:1917,69:1203,70:1167,72:1078,73:1055,74:1020,79:881,83:753,85:725,104:431,111:379,120:329,122:325,123:325,130:295,132:291,133:291,135:282,139:259,140:259,167:197,170:186,173:185,178:173,179:173,184:167,198:148,202:143,207:136,213:132,232:121,238:118,246:111,247:110,251:109,254:106,256:105,258:103,259:102	0	False	0
ecol-SAMN34375054	GP_0	25:61967,38:19116,48:11205,50:10524,51:9970,53:6661,58:3695,60:2999,66:1312,75:1016,82:816,86:700,89:644,90:625,95:528,112:372,152:227,161:210,175:176,210:134	5	-0.6369151105829638	7.512924056518159	0.410098161306864	GP_unb_23	163:208	5	0.0	0.475990418465596	1.085407662442312	5	-2.0061794622480527	13.717550208016215	0.09672551461517287	7:202026,22:73170,36:19914,37:19430,40:16874,45:13205,57:3699,61:2581,63:1917,69:1203,70:1167,72:1078,73:1055,74:1020,79:881,83:753,85:725,104:431,111:379,120:329,122:325,123:325,130:295,132:291,133:291,135:282,139:259,140:259,167:197,170:186,173:185,178:173,179:173,184:167,198:148,202:143,207:136,213:132,232:121,238:118,246:111,247:110,251:109,254:106,256:105,258:103,259:102	0	False	0
ecol-SAMN34375054	GP_0	25:61967,38:19116,48:11205,50:10524,51:9970,53:6661,58:3695,60:2999,66:1312,75:1016,82:816,86:700,89:644,90:625,95:528,112:372,152:227,161:210,175:176,210:134	5	-0.6369151105829638	7.512924056518159	0.410098161306864	GP_unb_24	164:203	4	0.0	0.4928958531709364	2.15280199252802	0	0	0	0		1	False	0
ecol-SAMN34375054	GP_0	25:61967,38:19116,48:11205,50:10524,51:9970,53:6661,58:3695,60:2999,66:1312,75:1016,82:816,86:700,89:644,90:625,95:528,112:372,152:227,161:210,175:176,210:134	5	-0.6369151105829638	7.512924056518159	0.410098161306864	GP_unb_25	172:186	5	0.0	0.3968176402729984	1.4146802432056262	5	-0.7887255560341446	8.154041363090482	0.19923792670306284	52:9888	0	False	0
ecol-SAMN34375054	GP_0	25:61967,38:19116,48:11205,50:10524,51:9970,53:6661,58:3695,60:2999,66:1312,75:1016,82:816,86:700,89:644,90:625,95:528,112:372,152:227,161:210,175:176,210:134	5	-0.6369151105829638	7.512924056518159	0.410098161306864	GP_unb_26	177:174	4	0.0	0.4640159774030528	0.7011120064464142	5	-1.4514506490968984	14.964381006406608	0.0967255146151729	30:34364,40:16874,61:2581,69:1203,70:1167,73:1055,79:881,83:753,85:725,104:431,111:379,120:329,122:325,123:325,130:295,132:291,133:291,139:259,140:259,167:197,170:186,173:185,179:173,184:167,202:143,207:136,254:106,256:105	0	False	0
ecol-SAMN34375054	GP_0	25:61967,38:19116,48:11205,50:10524,51:9970,53:6661,58:3695,60:2999,66:1312,75:1016,82:816,86:700,89:644,90:625,95:528,112:372,152:227,161:210,175:176,210:134	5	-0.6369151105829638	7.512924056518159	0.410098161306864	GP_unb_27	191:160	5	0.0	0.4989549680172808	0.6509882059922351	0	0	0	0		1	False	0
ecol-SAMN34375054	GP_0	25:61967,38:19116,48:11205,50:10524,51:9970,53:6661,58:3695,60:2999,66:1312,75:1016,82:816,86:700,89:644,90:625,95:528,112:372,152:227,161:210,175:176,210:134	5	-0.6369151105829638	7.512924056518159	0.410098161306864	GP_unb_28	192:160	4	0.0	0.21507936407806172	1.1898688740751593	0	0	0	0		1	False	0
ecol-SAMN34375054	GP_0	25:61967,38:19116,48:11205,50:10524,51:9970,53:6661,58:3695,60:2999,66:1312,75:1016,82:816,86:700,89:644,90:625,95:528,112:372,152:227,161:210,175:176,210:134	5	-0.6369151105829638	7.512924056518159	0.410098161306864	GP_unb_29	193:156	5	0.0	0.489610564409944	1.6908871144971065	0	0	0	0		1	False	0
ecol-SAMN34375054	GP_0	25:61967,38:19116,48:11205,50:10524,51:9970,53:6661,58:3695,60:2999,66:1312,75:1016,82:816,86:700,89:644,90:625,95:528,112:372,152:227,161:210,175:176,210:134	5	-0.6369151105829638	7.512924056518159	0.410098161306864	GP_unb_30	194:156	5	0.0	0.3302439589820926	1.016218592044539	0	0	0	0		1	False	0
ecol-SAMN34375054	GP_0	25:61967,38:19116,48:11205,50:10524,51:9970,53:6661,58:3695,60:2999,66:1312,75:1016,82:816,86:700,89:644,90:625,95:528,112:372,152:227,161:210,175:176,210:134	5	-0.6369151105829638	7.512924056518159	0.410098161306864	GP_unb_31	195:153	5	0.0	0.453655333245074	1.2588601567650723	5	-1.5688396564925862	13.690719377276576	0.09672551461517287	30:34364,33:28845,40:16874,42:15084,47:11355,61:2581,69:1203,81:816,83:753,103:460,111:379,115:340,120:329,121:327,122:325,123:325,130:295,132:291,133:291,140:259,167:197,170:186,173:185,179:173,184:167,202:143,207:136,254:106,256:105	0	False	0
ecol-SAMN34375054	GP_0	25:61967,38:19116,48:11205,50:10524,51:9970,53:6661,58:3695,60:2999,66:1312,75:1016,82:816,86:700,89:644,90:625,95:528,112:372,152:227,161:210,175:176,210:134	5	-0.6369151105829638	7.512924056518159	0.410098161306864	GP_unb_32	204:141	4	0.0	0.4978667098285404	1.2225697751080506	0	0	0	0		1	False	0
ecol-SAMN34375054	GP_0	25:61967,38:19116,48:11205,50:10524,51:9970,53:6661,58:3695,60:2999,66:1312,75:1016,82:816,86:700,89:644,90:625,95:528,112:372,152:227,161:210,175:176,210:134	5	-0.6369151105829638	7.512924056518159	0.410098161306864	GP_unb_33	219:131	4	0.0	0.4991936115234976	1.0244011427734232	0	0	0	0		1	False	0
ecol-SAMN34375054	GP_0	25:61967,38:19116,48:11205,50:10524,51:9970,53:6661,58:3695,60:2999,66:1312,75:1016,82:816,86:700,89:644,90:625,95:528,112:372,152:227,161:210,175:176,210:134	5	-0.6369151105829638	7.512924056518159	0.410098161306864	GP_unb_34	226:128	4	0.0	0.49956212824918245	1.0474763753571166	5	-1.891968914017821	14.979977863849486	0.09672551461517287	7:202026,22:73170,36:19914,37:19430,40:16874,57:3699,61:2581,63:1917,69:1203,70:1167,72:1078,73:1055,79:881,83:753,85:725,104:431,111:379,120:329,122:325,123:325,130:295,132:291,133:291,135:282,139:259,140:259,167:197,170:186,173:185,179:173,184:167,198:148,202:143,207:136,213:132,246:111,251:109,254:106,256:105,258:103,259:102	0	False	0
ecol-SAMN34375054	GP_0	25:61967,38:19116,48:11205,50:10524,51:9970,53:6661,58:3695,60:2999,66:1312,75:1016,82:816,86:700,89:644,90:625,95:528,112:372,152:227,161:210,175:176,210:134	5	-0.6369151105829638	7.512924056518159	0.410098161306864	GP_unb_35	231:124	5	0.0	0.4678017939366288	0.9255182174926284	5	-0.6369151105829638	8.502242097652546	0.4100981613064505	125:321,239:118	0	False	0
ecol-SAMN34375054	GP_0	25:61967,38:19116,48:11205,50:10524,51:9970,53:6661,58:3695,60:2999,66:1312,75:1016,82:816,86:700,89:644,90:625,95:528,112:372,152:227,161:210,175:176,210:134	5	-0.6369151105829638	7.512924056518159	0.410098161306864	GP_unb_36	241:116	4	0.0	0.4892892881834844	2.1243864918321003	5	-2.1116429981049665	15.754175061601368	0.09672551461517287	7:202026,22:73170,26:61534,37:19430,40:16874,57:3699,61:2581,69:1203,70:1167,72:1078,73:1055,79:881,83:753,85:725,104:431,111:379,120:329,122:325,123:325,130:295,132:291,133:291,135:282,139:259,140:259,167:197,170:186,173:185,176:174,179:173,184:167,198:148,202:143,207:136,213:132,233:121,246:111,251:109,254:106,256:105,258:103,259:102	0	False	0
ecol-SAMN34375054	GP_0	25:61967,38:19116,48:11205,50:10524,51:9970,53:6661,58:3695,60:2999,66:1312,75:1016,82:816,86:700,89:644,90:625,95:528,112:372,152:227,161:210,175:176,210:134	5	-0.6369151105829638	7.512924056518159	0.410098161306864	GP_unb_37	249:109	4	0.0	0.49977650941861884	1.5649842502380782	5	-1.66584422095217	14.320975899869666	0.09672551461517287	40:16874,57:3699,61:2581,69:1203,70:1167,72:1078,73:1055,79:881,83:753,85:725,98:522,104:431,111:379,120:329,122:325,123:325,130:295,132:291,133:291,139:259,140:259,167:197,170:186,173:185,179:173,184:167,185:167,202:143,207:136,246:111,251:109,254:106,256:105	0	False	0
ecol-SAMN34375054	GP_0	25:61967,38:19116,48:11205,50:10524,51:9970,53:6661,58:3695,60:2999,66:1312,75:1016,82:816,86:700,89:644,90:625,95:528,112:372,152:227,161:210,175:176,210:134	5	-0.6369151105829638	7.512924056518159	0.410098161306864	GP_unb_38	250:109	5	0.0	0.488385559122413	2.0378140795546114	5	-1.9736497716921113	14.97348998964931	0.09672551461517287	7:202026,22:73170,27:52304,36:19914,37:19430,40:16874,45:13205,57:3699,61:2581,63:1917,69:1203,70:1167,72:1078,73:1055,74:1020,79:881,83:753,85:725,93:559,94:559,104:431,106:409,111:379,114:348,120:329,122:325,123:325,130:295,132:291,133:291,135:282,139:259,140:259,156:213,165:202,166:202,167:197,170:186,173:185,179:173,184:167,198:148,202:143,206:140,207:136,213:132,237:118,246:111,251:109,254:106,256:105,258:103,259:102	0	False	0
ecol-SAMN34375054	GP_0	25:61967,38:19116,48:11205,50:10524,51:9970,53:6661,58:3695,60:2999,66:1312,75:1016,82:816,86:700,89:644,90:625,95:528,112:372,152:227,161:210,175:176,210:134	5	-0.6369151105829638	7.512924056518159	0.410098161306864	GP_unb_39	257:104	5	0.0	0.49908094478854037	1.1816836343984096	5	-0.6369151105829638	8.753688362097174	0.30636778157895606	65:1404,125:321,239:118	0	False	0
ecol-SAMN34375054	GP_1	26:61534,41:16232,42:15084,47:11355,52:9888,55:4173,57:3699,61:2581,62:1932,65:1404,67:1287,68:1259,69:1203,70:1167,71:1090,72:1078,77:975,78:910,79:881,85:725,87:676,89:644,95:528,96:524,100:511,103:460,104:431,115:340,120:329,121:327,133:291,135:282,139:259,140:259,141:248,142:248,152:227,176:174,180:169,202:143,203:141,207:136,210:134,224:128,234:119,239:118,246:111,251:109	5	-1.8269343611155437	11.076335554058534	0.8344297121090031	GP_unb_1	101:474	4	0.0	0.2866585970286226	1.002842282616658	5	-2.978409020824218	12.441125897970078	0.6531206505023874	35:27169,39:17090,40:16874,73:1055,83:753,92:587,111:379,124:324,130:295,144:235,161:210,170:186,173:185,184:167,214:132,216:131,223:128,225:128,235:119,243:116,248:109,259:102	0	False	0
ecol-SAMN34375054	GP_1	26:61534,41:16232,42:15084,47:11355,52:9888,55:4173,57:3699,61:2581,62:1932,65:1404,67:1287,68:1259,69:1203,70:1167,71:1090,72:1078,77:975,78:910,79:881,85:725,87:676,89:644,95:528,96:524,100:511,103:460,104:431,115:340,120:329,121:327,133:291,135:282,139:259,140:259,141:248,142:248,152:227,176:174,180:169,202:143,203:141,207:136,210:134,224:128,234:119,239:118,246:111,251:109	5	-1.8269343611155437	11.076335554058534	0.8344297121090031	GP_unb_2	102:474	4	0.0	0.007119905918968605	0.7030364075891876	5	-2.978409020824218	12.161587206860425	0.6531206505023874	35:27169,39:17090,40:16874,73:1055,83:753,92:587,111:379,124:324,130:295,144:235,161:210,170:186,173:185,184:167,214:132,216:131,223:128,225:128,235:119,243:116,248:109,259:102	0	False	0
ecol-SAMN34375054	GP_1	26:61534,41:16232,42:15084,47:11355,52:9888,55:4173,57:3699,61:2581,62:1932,65:1404,67:1287,68:1259,69:1203,70:1167,71:1090,72:1078,77:975,78:910,79:881,85:725,87:676,89:644,95:528,96:524,100:511,103:460,104:431,115:340,120:329,121:327,133:291,135:282,139:259,140:259,141:248,142:248,152:227,176:174,180:169,202:143,203:141,207:136,210:134,224:128,234:119,239:118,246:111,251:109	5	-1.8269343611155437	11.076335554058534	0.8344297121090031	GP_unb_3	105:412	5	0.0	0.489142173539451	0.8290453720594638	0	0	0	0		1	False	0
ecol-SAMN34375054	GP_1	26:61534,41:16232,42:15084,47:11355,52:9888,55:4173,57:3699,61:2581,62:1932,65:1404,67:1287,68:1259,69:1203,70:1167,71:1090,72:1078,77:975,78:910,79:881,85:725,87:676,89:644,95:528,96:524,100:511,103:460,104:431,115:340,120:329,121:327,133:291,135:282,139:259,140:259,141:248,142:248,152:227,176:174,180:169,202:143,203:141,207:136,210:134,224:128,234:119,239:118,246:111,251:109	5	-1.8269343611155437	11.076335554058534	0.8344297121090031	GP_unb_4	109:399	5	0.0	0.2818158589020193	1.4503389107456037	5	-2.4583608960117846	14.137882899211622	0.6531206505023874	40:16874,46:11585,54:6507,73:1055,83:753,111:379,130:295,148:233,170:186,173:185,182:167,184:167	0	False	0
ecol-SAMN34375054	GP_1	26:61534,41:16232,42:15084,47:11355,52:9888,55:4173,57:3699,61:2581,62:1932,65:1404,67:1287,68:1259,69:1203,70:1167,71:1090,72:1078,77:975,78:910,79:881,85:725,87:676,89:644,95:528,96:524,100:511,103:460,104:431,115:340,120:329,121:327,133:291,135:282,139:259,140:259,141:248,142:248,152:227,176:174,180:169,202:143,203:141,207:136,210:134,224:128,234:119,239:118,246:111,251:109	5	-1.8269343611155437	11.076335554058534	0.8344297121090031	GP_unb_5	118:334	5	0.0	0.45742415933987923	1.3565160061533954	0	0	0	0		1	False	0
ecol-SAMN34375054	GP_1	26:61534,41:16232,42:15084,47:11355,52:9888,55:4173,57:3699,61:2581,62:1932,65:1404,67:1287,68:1259,69:1203,70:1167,71:1090,72:1078,77:975,78:910,79:881,85:725,87:676,89:644,95:528,96:524,100:511,103:460,104:431,115:340,120:329,121:327,133:291,135:282,139:259,140:259,141:248,142:248,152:227,176:174,180:169,202:143,203:141,207:136,210:134,224:128,234:119,239:118,246:111,251:109	5	-1.8269343611155437	11.076335554058534	0.8344297121090031	GP_unb_6	119:334	5	0.0	0.21400396824392498	1.409237418504139	0	0	0	0		1	False	0
ecol-SAMN34375054	GP_1	26:61534,41:16232,42:15084,47:11355,52:9888,55:4173,57:3699,61:2581,62:1932,65:1404,67:1287,68:1259,69:1203,70:1167,71:1090,72:1078,77:975,78:910,79:881,85:725,87:676,89:644,95:528,96:524,100:511,103:460,104:431,115:340,120:329,121:327,133:291,135:282,139:259,140:259,141:248,142:248,152:227,176:174,180:169,202:143,203:141,207:136,210:134,224:128,234:119,239:118,246:111,251:109	5	-1.8269343611155437	11.076335554058534	0.8344297121090031	GP_unb_7	127:313	5	0.0	0.36179865744668616	1.1949674016555565	0	0	0	0		1	False	0
ecol-SAMN34375054	GP_1	26:61534,41:16232,42:15084,47:11355,52:9888,55:4173,57:3699,61:2581,62:1932,65:1404,67:1287,68:1259,69:1203,70:1167,71:1090,72:1078,77:975,78:910,79:881,85:725,87:676,89:644,95:528,96:524,100:511,103:460,104:431,115:340,120:329,121:327,133:291,135:282,139:259,140:259,141:248,142:248,152:227,176:174,180:169,202:143,203:141,207:136,210:134,224:128,234:119,239:118,246:111,251:109	5	-1.8269343611155437	11.076335554058534	0.8344297121090031	GP_unb_8	129:301	5	0.0	0.4891388840448532	1.3563548457988426	0	0	0	0		1	False	0
ecol-SAMN34375054	GP_1	26:61534,41:16232,42:15084,47:11355,52:9888,55:4173,57:3699,61:2581,62:1932,65:1404,67:1287,68:1259,69:1203,70:1167,71:1090,72:1078,77:975,78:910,79:881,85:725,87:676,89:644,95:528,96:524,100:511,103:460,104:431,115:340,120:329,121:327,133:291,135:282,139:259,140:259,141:248,142:248,152:227,176:174,180:169,202:143,203:141,207:136,210:134,224:128,234:119,239:118,246:111,251:109	5	-1.8269343611155437	11.076335554058534	0.8344297121090031	GP_unb_9	131:294	4	0.0	0.49389668248310037	0.8402168339315801	5	-3.0666772874347057	14.744122404921173	0.6531206505023874	1:484462,28:41938,29:35229,35:27169,40:16874,73:1055,83:753,88:675,90:625,111:379,130:295,161:210,170:186,173:185,184:167,188:164,214:132,259:102	0	False	0
ecol-SAMN34375054	GP_1	26:61534,41:16232,42:15084,47:11355,52:9888,55:4173,57:3699,61:2581,62:1932,65:1404,67:1287,68:1259,69:1203,70:1167,71:1090,72:1078,77:975,78:910,79:881,85:725,87:676,89:644,95:528,96:524,100:511,103:460,104:431,115:340,120:329,121:327,133:291,135:282,139:259,140:259,141:248,142:248,152:227,176:174,180:169,202:143,203:141,207:136,210:134,224:128,234:119,239:118,246:111,251:109	5	-1.8269343611155437	11.076335554058534	0.8344297121090031	GP_unb_10	134:288	5	0.0	0.44667937818249115	1.0383268625009159	5	-1.8269343611155437	11.523014932241026	0.8344297121093405		0	False	0
ecol-SAMN34375054	GP_1	26:61534,41:16232,42:15084,47:11355,52:9888,55:4173,57:3699,61:2581,62:1932,65:1404,67:1287,68:1259,69:1203,70:1167,71:1090,72:1078,77:975,78:910,79:881,85:725,87:676,89:644,95:528,96:524,100:511,103:460,104:431,115:340,120:329,121:327,133:291,135:282,139:259,140:259,141:248,142:248,152:227,176:174,180:169,202:143,203:141,207:136,210:134,224:128,234:119,239:118,246:111,251:109	5	-1.8269343611155437	11.076335554058534	0.8344297121090031	GP_unb_11	136:281	4	0.0	0.423083698972579	0.8525822284081752	5	-3.0543805510232245	14.673309421410652	0.6531206505023874	1:484462,28:41938,29:35229,35:27169,40:16874,73:1055,83:753,88:675,90:625,111:379,130:295,161:210,170:186,173:185,184:167,188:164,214:132,259:102	0	False	0
ecol-SAMN34375054	GP_1	26:61534,41:16232,42:15084,47:11355,52:9888,55:4173,57:3699,61:2581,62:1932,65:1404,67:1287,68:1259,69:1203,70:1167,71:1090,72:1078,77:975,78:910,79:881,85:725,87:676,89:644,95:528,96:524,100:511,103:460,104:431,115:340,120:329,121:327,133:291,135:282,139:259,140:259,141:248,142:248,152:227,176:174,180:169,202:143,203:141,207:136,210:134,224:128,234:119,239:118,246:111,251:109	5	-1.8269343611155437	11.076335554058534	0.8344297121090031	GP_unb_12	137:265	4	0.0	0.1058561025785324	6.106153395355651	5	-2.739776566400051	13.902721397191897	0.6531206505023874	22:73170,35:27169,39:17090,40:16874,59:3086,73:1055,83:753,92:587,111:379,124:324,130:295,161:210,170:186,173:185,184:167,213:132,214:132,258:103,259:102	0	False	0
ecol-SAMN34375054	GP_1	26:61534,41:16232,42:15084,47:11355,52:9888,55:4173,57:3699,61:2581,62:1932,65:1404,67:1287,68:1259,69:1203,70:1167,71:1090,72:1078,77:975,78:910,79:881,85:725,87:676,89:644,95:528,96:524,100:511,103:460,104:431,115:340,120:329,121:327,133:291,135:282,139:259,140:259,141:248,142:248,152:227,176:174,180:169,202:143,203:141,207:136,210:134,224:128,234:119,239:118,246:111,251:109	5	-1.8269343611155437	11.076335554058534	0.8344297121090031	GP_unb_13	138:260	5	0.0	0.480627033506576	1.5873269357556223	5	-1.8269343611155437	11.55696258756511	0.8344297121093405		0	False	0
ecol-SAMN34375054	GP_1	26:61534,41:16232,42:15084,47:11355,52:9888,55:4173,57:3699,61:2581,62:1932,65:1404,67:1287,68:1259,69:1203,70:1167,71:1090,72:1078,77:975,78:910,79:881,85:725,87:676,89:644,95:528,96:524,100:511,103:460,104:431,115:340,120:329,121:327,133:291,135:282,139:259,140:259,141:248,142:248,152:227,176:174,180:169,202:143,203:141,207:136,210:134,224:128,234:119,239:118,246:111,251:109	5	-1.8269343611155437	11.076335554058534	0.8344297121090031	GP_unb_14	143:237	4	0.0	0.49702341008473283	0.8763460552340487	5	-3.0701414203835737	14.747249132522805	0.6531206505023874	1:484462,28:41938,29:35229,35:27169,40:16874,73:1055,83:753,88:675,90:625,111:379,130:295,161:210,170:186,173:185,184:167,188:164,214:132,259:102	0	False	0
ecol-SAMN34375054	GP_1	26:61534,41:16232,42:15084,47:11355,52:9888,55:4173,57:3699,61:2581,62:1932,65:1404,67:1287,68:1259,69:1203,70:1167,71:1090,72:1078,77:975,78:910,79:881,85:725,87:676,89:644,95:528,96:524,100:511,103:460,104:431,115:340,120:329,121:327,133:291,135:282,139:259,140:259,141:248,142:248,152:227,176:174,180:169,202:143,203:141,207:136,210:134,224:128,234:119,239:118,246:111,251:109	5	-1.8269343611155437	11.076335554058534	0.8344297121090031	GP_unb_15	146:234	5	0.0	0.48395117861074444	0.7934803311112739	5	-2.7932328524457746	15.151516723310293	0.6531206505023874	1:484462,28:41938,35:27169,40:16874,73:1055,83:753,88:675,90:625,111:379,130:295,161:210,170:186,173:185,184:167,214:132,259:102	0	False	0
ecol-SAMN34375054	GP_1	26:61534,41:16232,42:15084,47:11355,52:9888,55:4173,57:3699,61:2581,62:1932,65:1404,67:1287,68:1259,69:1203,70:1167,71:1090,72:1078,77:975,78:910,79:881,85:725,87:676,89:644,95:528,96:524,100:511,103:460,104:431,115:340,120:329,121:327,133:291,135:282,139:259,140:259,141:248,142:248,152:227,176:174,180:169,202:143,203:141,207:136,210:134,224:128,234:119,239:118,246:111,251:109	5	-1.8269343611155437	11.076335554058534	0.8344297121090031	GP_unb_16	147:234	5	0.0	0.4643358309778072	0.9224159402241595	5	-2.7932328524457746	15.131901375677357	0.6531206505023874	1:484462,28:41938,35:27169,40:16874,73:1055,83:753,88:675,90:625,111:379,130:295,161:210,170:186,173:185,184:167,214:132,259:102	0	False	0
ecol-SAMN34375054	GP_1	26:61534,41:16232,42:15084,47:11355,52:9888,55:4173,57:3699,61:2581,62:1932,65:1404,67:1287,68:1259,69:1203,70:1167,71:1090,72:1078,77:975,78:910,79:881,85:725,87:676,89:644,95:528,96:524,100:511,103:460,104:431,115:340,120:329,121:327,133:291,135:282,139:259,140:259,141:248,142:248,152:227,176:174,180:169,202:143,203:141,207:136,210:134,224:128,234:119,239:118,246:111,251:109	5	-1.8269343611155437	11.076335554058534	0.8344297121090031	GP_unb_17	150:228	4	0.0	0.49445963715976216	1.963848802285547	5	-3.00630678691689	14.059987507815457	0.6531206505023874	35:27169,39:17090,40:16874,73:1055,83:753,92:587,111:379,124:324,130:295,149:232,161:210,170:186,171:186,173:185,184:167,214:132,259:102	0	False	0
ecol-SAMN34375054	GP_1	26:61534,41:16232,42:15084,47:11355,52:9888,55:4173,57:3699,61:2581,62:1932,65:1404,67:1287,68:1259,69:1203,70:1167,71:1090,72:1078,77:975,78:910,79:881,85:725,87:676,89:644,95:528,96:524,100:511,103:460,104:431,115:340,120:329,121:327,133:291,135:282,139:259,140:259,141:248,142:248,152:227,176:174,180:169,202:143,203:141,207:136,210:134,224:128,234:119,239:118,246:111,251:109	5	-1.8269343611155437	11.076335554058534	0.8344297121090031	GP_unb_18	153:223	5	0.0	0.41624278017758964	1.1671159622005713	5	-1.8269343611155437	11.492578334236125	0.8344297121093405		0	False	0
ecol-SAMN34375054	GP_1	26:61534,41:16232,42:15084,47:11355,52:9888,55:4173,57:3699,61:2581,62:1932,65:1404,67:1287,68:1259,69:1203,70:1167,71:1090,72:1078,77:975,78:910,79:881,85:725,87:676,89:644,95:528,96:524,100:511,103:460,104:431,115:340,120:329,121:327,133:291,135:282,139:259,140:259,141:248,142:248,152:227,176:174,180:169,202:143,203:141,207:136,210:134,224:128,234:119,239:118,246:111,251:109	5	-1.8269343611155437	11.076335554058534	0.8344297121090031	GP_unb_19	154:223	5	0.0	0.408511360060988	1.2613727932019634	5	-1.8269343611155437	11.484846914119522	0.8344297121093405		0	False	0
ecol-SAMN34375054	GP_1	26:61534,41:16232,42:15084,47:11355,52:9888,55:4173,57:3699,61:2581,62:1932,65:1404,67:1287,68:1259,69:1203,70:1167,71:1090,72:1078,77:975,78:910,79:881,85:725,87:676,89:644,95:528,96:524,100:511,103:460,104:431,115:340,120:329,121:327,133:291,135:282,139:259,140:259,141:248,142:248,152:227,176:174,180:169,202:143,203:141,207:136,210:134,224:128,234:119,239:118,246:111,251:109	5	-1.8269343611155437	11.076335554058534	0.8344297121090031	GP_unb_20	159:211	5	0.0	0.47333547992256597	1.2704050985275805	0	0	0	0		1	False	0
ecol-SAMN34375054	GP_1	26:61534,41:16232,42:15084,47:11355,52:9888,55:4173,57:3699,61:2581,62:1932,65:1404,67:1287,68:1259,69:1203,70:1167,71:1090,72:1078,77:975,78:910,79:881,85:725,87:676,89:644,95:528,96:524,100:511,103:460,104:431,115:340,120:329,121:327,133:291,135:282,139:259,140:259,141:248,142:248,152:227,176:174,180:169,202:143,203:141,207:136,210:134,224:128,234:119,239:118,246:111,251:109	5	-1.8269343611155437	11.076335554058534	0.8344297121090031	GP_unb_21	160:211	5	0.0	0.1675830139114065	1.4041315654530804	0	0	0	0		1	False	0
ecol-SAMN34375054	GP_1	26:61534,41:16232,42:15084,47:11355,52:9888,55:4173,57:3699,61:2581,62:1932,65:1404,67:1287,68:1259,69:1203,70:1167,71:1090,72:1078,77:975,78:910,79:881,85:725,87:676,89:644,95:528,96:524,100:511,103:460,104:431,115:340,120:329,121:327,133:291,135:282,139:259,140:259,141:248,142:248,152:227,176:174,180:169,202:143,203:141,207:136,210:134,224:128,234:119,239:118,246:111,251:109	5	-1.8269343611155437	11.076335554058534	0.8344297121090031	GP_unb_22	162:208	5	0.0	0.48221642619736504	1.3486337997216322	5	-2.9891297900151907	13.712899326036936	0.6531206505023874	24:62199,35:27169,39:17090,40:16874,45:13205,63:1917,73:1055,74:1020,83:753,92:587,111:379,124:324,130:295,161:210,170:186,173:185,178:173,184:167,214:132,232:121,238:118,247:110,259:102	0	False	0
ecol-SAMN34375054	GP_1	26:61534,41:16232,42:15084,47:11355,52:9888,55:4173,57:3699,61:2581,62:1932,65:1404,67:1287,68:1259,69:1203,70:1167,71:1090,72:1078,77:975,78:910,79:881,85:725,87:676,89:644,95:528,96:524,100:511,103:460,104:431,115:340,120:329,121:327,133:291,135:282,139:259,140:259,141:248,142:248,152:227,176:174,180:169,202:143,203:141,207:136,210:134,224:128,234:119,239:118,246:111,251:109	5	-1.8269343611155437	11.076335554058534	0.8344297121090031	GP_unb_23	163:208	5	0.0	0.475990418465596	1.085407662442312	5	-2.9891297900151907	13.706673318305167	0.6531206505023874	24:62199,35:27169,39:17090,40:16874,45:13205,63:1917,73:1055,74:1020,83:753,92:587,111:379,124:324,130:295,161:210,170:186,173:185,178:173,184:167,214:132,232:121,238:118,247:110,259:102	0	False	0
ecol-SAMN34375054	GP_1	26:61534,41:16232,42:15084,47:11355,52:9888,55:4173,57:3699,61:2581,62:1932,65:1404,67:1287,68:1259,69:1203,70:1167,71:1090,72:1078,77:975,78:910,79:881,85:725,87:676,89:644,95:528,96:524,100:511,103:460,104:431,115:340,120:329,121:327,133:291,135:282,139:259,140:259,141:248,142:248,152:227,176:174,180:169,202:143,203:141,207:136,210:134,224:128,234:119,239:118,246:111,251:109	5	-1.8269343611155437	11.076335554058534	0.8344297121090031	GP_unb_24	164:203	4	0.0	0.4928958531709364	2.15280199252802	0	0	0	0		1	False	0
ecol-SAMN34375054	GP_1	26:61534,41:16232,42:15084,47:11355,52:9888,55:4173,57:3699,61:2581,62:1932,65:1404,67:1287,68:1259,69:1203,70:1167,71:1090,72:1078,77:975,78:910,79:881,85:725,87:676,89:644,95:528,96:524,100:511,103:460,104:431,115:340,120:329,121:327,133:291,135:282,139:259,140:259,141:248,142:248,152:227,176:174,180:169,202:143,203:141,207:136,210:134,224:128,234:119,239:118,246:111,251:109	5	-1.8269343611155437	11.076335554058534	0.8344297121090031	GP_unb_25	172:186	5	0.0	0.3968176402729984	1.4146802432056262	5	-1.8269343611155437	11.473153194331532	0.8344297121093405		0	False	0
ecol-SAMN34375054	GP_1	26:61534,41:16232,42:15084,47:11355,52:9888,55:4173,57:3699,61:2581,62:1932,65:1404,67:1287,68:1259,69:1203,70:1167,71:1090,72:1078,77:975,78:910,79:881,85:725,87:676,89:644,95:528,96:524,100:511,103:460,104:431,115:340,120:329,121:327,133:291,135:282,139:259,140:259,141:248,142:248,152:227,176:174,180:169,202:143,203:141,207:136,210:134,224:128,234:119,239:118,246:111,251:109	5	-1.8269343611155437	11.076335554058534	0.8344297121090031	GP_unb_26	177:174	4	0.0	0.4640159774030528	0.7011120064464142	5	-2.5419929485702304	15.4891025437427	0.6531206505023874	46:11585,54:6507,73:1055,83:753,111:379,130:295,170:186,173:185,182:167,184:167,186:167	0	False	0
ecol-SAMN34375054	GP_1	26:61534,41:16232,42:15084,47:11355,52:9888,55:4173,57:3699,61:2581,62:1932,65:1404,67:1287,68:1259,69:1203,70:1167,71:1090,72:1078,77:975,78:910,79:881,85:725,87:676,89:644,95:528,96:524,100:511,103:460,104:431,115:340,120:329,121:327,133:291,135:282,139:259,140:259,141:248,142:248,152:227,176:174,180:169,202:143,203:141,207:136,210:134,224:128,234:119,239:118,246:111,251:109	5	-1.8269343611155437	11.076335554058534	0.8344297121090031	GP_unb_27	191:160	5	0.0	0.4989549680172808	0.6509882059922351	0	0	0	0		1	False	0
ecol-SAMN34375054	GP_1	26:61534,41:16232,42:15084,47:11355,52:9888,55:4173,57:3699,61:2581,62:1932,65:1404,67:1287,68:1259,69:1203,70:1167,71:1090,72:1078,77:975,78:910,79:881,85:725,87:676,89:644,95:528,96:524,100:511,103:460,104:431,115:340,120:329,121:327,133:291,135:282,139:259,140:259,141:248,142:248,152:227,176:174,180:169,202:143,203:141,207:136,210:134,224:128,234:119,239:118,246:111,251:109	5	-1.8269343611155437	11.076335554058534	0.8344297121090031	GP_unb_28	192:160	4	0.0	0.21507936407806172	1.1898688740751593	0	0	0	0		1	False	0
ecol-SAMN34375054	GP_1	26:61534,41:16232,42:15084,47:11355,52:9888,55:4173,57:3699,61:2581,62:1932,65:1404,67:1287,68:1259,69:1203,70:1167,71:1090,72:1078,77:975,78:910,79:881,85:725,87:676,89:644,95:528,96:524,100:511,103:460,104:431,115:340,120:329,121:327,133:291,135:282,139:259,140:259,141:248,142:248,152:227,176:174,180:169,202:143,203:141,207:136,210:134,224:128,234:119,239:118,246:111,251:109	5	-1.8269343611155437	11.076335554058534	0.8344297121090031	GP_unb_29	193:156	5	0.0	0.489610564409944	1.6908871144971065	0	0	0	0		1	False	0
ecol-SAMN34375054	GP_1	26:61534,41:16232,42:15084,47:11355,52:9888,55:4173,57:3699,61:2581,62:1932,65:1404,67:1287,68:1259,69:1203,70:1167,71:1090,72:1078,77:975,78:910,79:881,85:725,87:676,89:644,95:528,96:524,100:511,103:460,104:431,115:340,120:329,121:327,133:291,135:282,139:259,140:259,141:248,142:248,152:227,176:174,180:169,202:143,203:141,207:136,210:134,224:128,234:119,239:118,246:111,251:109	5	-1.8269343611155437	11.076335554058534	0.8344297121090031	GP_unb_30	194:156	5	0.0	0.3302439589820926	1.016218592044539	0	0	0	0		1	False	0
ecol-SAMN34375054	GP_1	26:61534,41:16232,42:15084,47:11355,52:9888,55:4173,57:3699,61:2581,62:1932,65:1404,67:1287,68:1259,69:1203,70:1167,71:1090,72:1078,77:975,78:910,79:881,85:725,87:676,89:644,95:528,96:524,100:511,103:460,104:431,115:340,120:329,121:327,133:291,135:282,139:259,140:259,141:248,142:248,152:227,176:174,180:169,202:143,203:141,207:136,210:134,224:128,234:119,239:118,246:111,251:109	5	-1.8269343611155437	11.076335554058534	0.8344297121090031	GP_unb_31	195:153	5	0.0	0.453655333245074	1.2588601567650723	5	-1.8269343611155437	11.529990887303608	0.8344297121093405		0	False	0
ecol-SAMN34375054	GP_1	26:61534,41:16232,42:15084,47:11355,52:9888,55:4173,57:3699,61:2581,62:1932,65:1404,67:1287,68:1259,69:1203,70:1167,71:1090,72:1078,77:975,78:910,79:881,85:725,87:676,89:644,95:528,96:524,100:511,103:460,104:431,115:340,120:329,121:327,133:291,135:282,139:259,140:259,141:248,142:248,152:227,176:174,180:169,202:143,203:141,207:136,210:134,224:128,234:119,239:118,246:111,251:109	5	-1.8269343611155437	11.076335554058534	0.8344297121090031	GP_unb_32	204:141	4	0.0	0.4978667098285404	1.2225697751080506	0	0	0	0		1	False	0
ecol-SAMN34375054	GP_1	26:61534,41:16232,42:15084,47:11355,52:9888,55:4173,57:3699,61:2581,62:1932,65:1404,67:1287,68:1259,69:1203,70:1167,71:1090,72:1078,77:975,78:910,79:881,85:725,87:676,89:644,95:528,96:524,100:511,103:460,104:431,115:340,120:329,121:327,133:291,135:282,139:259,140:259,141:248,142:248,152:227,176:174,180:169,202:143,203:141,207:136,210:134,224:128,234:119,239:118,246:111,251:109	5	-1.8269343611155437	11.076335554058534	0.8344297121090031	GP_unb_33	219:131	4	0.0	0.4991936115234976	1.0244011427734232	0	0	0	0		1	False	0
ecol-SAMN34375054	GP_1	26:61534,41:16232,42:15084,47:11355,52:9888,55:4173,57:3699,61:2581,62:1932,65:1404,67:1287,68:1259,69:1203,70:1167,71:1090,72:1078,77:975,78:910,79:881,85:725,87:676,89:644,95:528,96:524,100:511,103:460,104:431,115:340,120:329,121:327,133:291,135:282,139:259,140:259,141:248,142:248,152:227,176:174,180:169,202:143,203:141,207:136,210:134,224:128,234:119,239:118,246:111,251:109	5	-1.8269343611155437	11.076335554058534	0.8344297121090031	GP_unb_34	226:128	4	0.0	0.49956212824918245	1.0474763753571166	5	-2.8749192417849594	14.969100974138435	0.6531206505023874	24:62199,35:27169,39:17090,40:16874,63:1917,73:1055,83:753,92:587,111:379,124:324,130:295,161:210,170:186,173:185,184:167,214:132,259:102	0	False	0
ecol-SAMN34375054	GP_1	26:61534,41:16232,42:15084,47:11355,52:9888,55:4173,57:3699,61:2581,62:1932,65:1404,67:1287,68:1259,69:1203,70:1167,71:1090,72:1078,77:975,78:910,79:881,85:725,87:676,89:644,95:528,96:524,100:511,103:460,104:431,115:340,120:329,121:327,133:291,135:282,139:259,140:259,141:248,142:248,152:227,176:174,180:169,202:143,203:141,207:136,210:134,224:128,234:119,239:118,246:111,251:109	5	-1.8269343611155437	11.076335554058534	0.8344297121090031	GP_unb_35	231:124	5	0.0	0.4678017939366288	0.9255182174926284	5	-1.8269343611155437	11.88697812279109	0.8344297121093405	125:321	0	False	0
ecol-SAMN34375054	GP_1	26:61534,41:16232,42:15084,47:11355,52:9888,55:4173,57:3699,61:2581,62:1932,65:1404,67:1287,68:1259,69:1203,70:1167,71:1090,72:1078,77:975,78:910,79:881,85:725,87:676,89:644,95:528,96:524,100:511,103:460,104:431,115:340,120:329,121:327,133:291,135:282,139:259,140:259,141:248,142:248,152:227,176:174,180:169,202:143,203:141,207:136,210:134,224:128,234:119,239:118,246:111,251:109	5	-1.8269343611155437	11.076335554058534	0.8344297121090031	GP_unb_36	241:116	4	0.0	0.4892892881834844	2.1243864918321003	5	-2.008074969548553	11.33516112844124	0.8344297121093405	233:121	0	False	0
ecol-SAMN34375054	GP_1	26:61534,41:16232,42:15084,47:11355,52:9888,55:4173,57:3699,61:2581,62:1932,65:1404,67:1287,68:1259,69:1203,70:1167,71:1090,72:1078,77:975,78:910,79:881,85:725,87:676,89:644,95:528,96:524,100:511,103:460,104:431,115:340,120:329,121:327,133:291,135:282,139:259,140:259,141:248,142:248,152:227,176:174,180:169,202:143,203:141,207:136,210:134,224:128,234:119,239:118,246:111,251:109	5	-1.8269343611155437	11.076335554058534	0.8344297121090031	GP_unb_37	249:109	4	0.0	0.49977650941861884	1.5649842502380782	5	-2.090089465403364	10.685676865185412	0.8344297121093405	97:522,185:167	0	False	0
ecol-SAMN34375054	GP_1	26:61534,41:16232,42:15084,47:11355,52:9888,55:4173,57:3699,61:2581,62:1932,65:1404,67:1287,68:1259,69:1203,70:1167,71:1090,72:1078,77:975,78:910,79:881,85:725,87:676,89:644,95:528,96:524,100:511,103:460,104:431,115:340,120:329,121:327,133:291,135:282,139:259,140:259,141:248,142:248,152:227,176:174,180:169,202:143,203:141,207:136,210:134,224:128,234:119,239:118,246:111,251:109	5	-1.8269343611155437	11.076335554058534	0.8344297121090031	GP_unb_38	250:109	5	0.0	0.488385559122413	2.0378140795546114	5	-2.880232614371196	15.228582138365239	0.6531206505023872	15:117172,28:41938,40:16874,73:1055,76:980,83:753,88:675,90:625,93:559,94:559,106:409,111:379,114:348,130:295,156:213,161:210,165:202,166:202,170:186,173:185,184:167,206:140,237:118	0	False	0
ecol-SAMN34375054	GP_1	26:61534,41:16232,42:15084,47:11355,52:9888,55:4173,57:3699,61:2581,62:1932,65:1404,67:1287,68:1259,69:1203,70:1167,71:1090,72:1078,77:975,78:910,79:881,85:725,87:676,89:644,95:528,96:524,100:511,103:460,104:431,115:340,120:329,121:327,133:291,135:282,139:259,140:259,141:248,142:248,152:227,176:174,180:169,202:143,203:141,207:136,210:134,224:128,234:119,239:118,246:111,251:109	5	-1.8269343611155437	11.076335554058534	0.8344297121090031	GP_unb_39	257:104	5	0.0	0.49908094478854037	1.1816836343984096	5	-1.8269343611155437	11.575416498847074	0.8344297121093405		0	False	0
ecol-SAMN34375054	GP_unb_1	101:474	4	0.0	0.2866585970286226	1.002842282616658	GP_unb_2	102:474	4	0.0	0.007119905918968605	0.7030364075891876	4	0.0	0.1748657985474512	0.7030364075890247	242:116	0	False	0
ecol-SAMN34375054	GP_unb_1	101:474	4	0.0	0.2866585970286226	1.002842282616658	GP_unb_3	105:412	5	0.0	0.489142173539451	0.8290453720594638	0	0	0	0		1	False	0
ecol-SAMN34375054	GP_unb_1	101:474	4	0.0	0.2866585970286226	1.002842282616658	GP_unb_4	109:399	5	0.0	0.2818158589020193	1.4503389107456037	5	-2.035257834610328	10.697161704786309	0.07217477347694512	25:61967,33:28845,36:19914,37:19430,38:19116,40:16874,42:15084,46:11585,47:11355,48:11205,54:6507,57:3699,61:2581,63:1917,69:1203,70:1167,72:1078,73:1055,79:881,81:816,82:816,83:753,85:725,89:644,95:528,103:460,104:431,111:379,115:340,120:329,121:327,122:325,123:325,130:295,132:291,133:291,135:282,139:259,140:259,144:235,148:233,167:197,170:186,173:185,179:173,182:167,184:167,186:167,198:148,202:143,207:136,216:131,223:128,225:128,234:119,235:119,243:116,246:111,248:109,251:109,254:106,256:105,259:102	0	False	0
ecol-SAMN34375054	GP_unb_1	101:474	4	0.0	0.2866585970286226	1.002842282616658	GP_unb_5	118:334	5	0.0	0.45742415933987923	1.3565160061533954	0	0	0	0		1	False	0
ecol-SAMN34375054	GP_unb_1	101:474	4	0.0	0.2866585970286226	1.002842282616658	GP_unb_6	119:334	5	0.0	0.21400396824392498	1.409237418504139	0	0	0	0		1	False	0
ecol-SAMN34375054	GP_unb_1	101:474	4	0.0	0.2866585970286226	1.002842282616658	GP_unb_7	127:313	5	0.0	0.36179865744668616	1.1949674016555565	0	0	0	0		1	False	0
ecol-SAMN34375054	GP_unb_1	101:474	4	0.0	0.2866585970286226	1.002842282616658	GP_unb_8	129:301	5	0.0	0.4891388840448532	1.3563548457988426	0	0	0	0		1	False	0
ecol-SAMN34375054	GP_unb_1	101:474	4	0.0	0.2866585970286226	1.002842282616658	GP_unb_9	131:294	4	0.0	0.49389668248310037	0.8402168339315801	5	-2.2610034213731955	9.770148319586431	0.07217477347694512	25:61967,29:35229,33:28845,36:19914,37:19430,38:19116,39:17090,40:16874,42:15084,47:11355,48:11205,57:3699,61:2581,63:1917,69:1203,70:1167,72:1078,73:1055,79:881,81:816,82:816,83:753,85:725,89:644,92:587,95:528,103:460,104:431,111:379,115:340,120:329,121:327,122:325,123:325,124:324,130:295,132:291,133:291,135:282,139:259,140:259,144:235,161:210,167:197,170:186,173:185,179:173,184:167,188:164,198:148,202:143,207:136,214:132,216:131,223:128,225:128,235:119,243:116,246:111,248:109,251:109,254:106,256:105,259:102	0	False	0
ecol-SAMN34375054	GP_unb_1	101:474	4	0.0	0.2866585970286226	1.002842282616658	GP_unb_10	134:288	5	0.0	0.44667937818249115	1.0383268625009159	5	-1.7626809546317974	10.576710948700073	0.07217477347694512	25:61967,36:19914,37:19430,38:19116,40:16874,47:11355,48:11205,55:4173,57:3699,61:2581,63:1917,69:1203,70:1167,72:1078,73:1055,79:881,82:816,83:753,85:725,89:644,95:528,103:460,104:431,111:379,115:340,120:329,122:325,123:325,130:295,132:291,133:291,135:282,139:259,140:259,144:235,152:227,167:197,170:186,173:185,179:173,184:167,198:148,202:143,207:136,210:134,216:131,223:128,225:128,235:119,243:116,246:111,248:109,251:109,254:106,256:105,259:102	0	False	0
ecol-SAMN34375054	GP_unb_1	101:474	4	0.0	0.2866585970286226	1.002842282616658	GP_unb_11	136:281	4	0.0	0.423083698972579	0.8525822284081752	5	-2.2487066849617143	9.69933533607591	0.07217477347765401	25:61967,29:35229,33:28845,36:19914,37:19430,38:19116,39:17090,40:16874,42:15084,47:11355,48:11205,57:3699,61:2581,63:1917,69:1203,70:1167,72:1078,73:1055,79:881,81:816,82:816,83:753,85:725,89:644,92:587,95:528,103:460,104:431,111:379,115:340,120:329,121:327,122:325,123:325,124:324,130:295,132:291,133:291,135:282,139:259,140:259,144:235,161:210,167:197,170:186,173:185,179:173,184:167,188:164,198:148,202:143,207:136,214:132,216:131,223:128,225:128,235:119,243:116,246:111,248:109,251:109,254:106,256:105,259:102	0	False	0
ecol-SAMN34375054	GP_unb_1	101:474	4	0.0	0.2866585970286226	1.002842282616658	GP_unb_12	137:265	4	0.0	0.1058561025785324	6.106153395355651	5	-2.214110397181398	9.049134659292909	0.07217477347694512	25:61967,28:41938,33:28845,34:27705,36:19914,37:19430,38:19116,40:16874,42:15084,47:11355,48:11205,57:3699,61:2581,63:1917,64:1577,69:1203,70:1167,72:1078,73:1055,79:881,81:816,82:816,83:753,85:725,88:675,89:644,90:625,95:528,103:460,104:431,111:379,115:340,120:329,121:327,122:325,123:325,130:295,132:291,133:291,135:282,139:259,140:259,144:235,161:210,167:197,170:186,173:185,179:173,184:167,198:148,202:143,207:136,216:131,223:128,225:128,235:119,243:116,246:111,248:109,251:109,254:106,256:105,259:102	0	False	0
ecol-SAMN34375054	GP_unb_1	101:474	4	0.0	0.2866585970286226	1.002842282616658	GP_unb_13	138:260	5	0.0	0.480627033506576	1.5873269357556223	5	-2.4639796780729437	11.16643172970686	0.07217477347694512	25:61967,26:61534,33:28845,35:27169,36:19914,37:19430,38:19116,39:17090,40:16874,42:15084,47:11355,48:11205,57:3699,61:2581,63:1917,69:1203,70:1167,72:1078,73:1055,78:910,79:881,81:816,82:816,83:753,85:725,89:644,92:587,95:528,103:460,104:431,111:379,115:340,120:329,121:327,122:325,123:325,124:324,130:295,132:291,133:291,135:282,139:259,140:259,144:235,161:210,167:197,170:186,173:185,176:174,179:173,184:167,202:143,207:136,214:132,216:131,223:128,225:128,235:119,243:116,246:111,248:109,251:109,254:106,256:105,259:102	0	False	0
ecol-SAMN34375054	GP_unb_1	101:474	4	0.0	0.2866585970286226	1.002842282616658	GP_unb_14	143:237	4	0.0	0.49702341008473283	0.8763460552340487	5	-2.2644675543220636	9.773275047188063	0.07217477347694512	25:61967,29:35229,33:28845,36:19914,37:19430,38:19116,39:17090,40:16874,42:15084,47:11355,48:11205,57:3699,61:2581,63:1917,69:1203,70:1167,72:1078,73:1055,79:881,81:816,82:816,83:753,85:725,89:644,92:587,95:528,103:460,104:431,111:379,115:340,120:329,121:327,122:325,123:325,124:324,130:295,132:291,133:291,135:282,139:259,140:259,144:235,161:210,167:197,170:186,173:185,179:173,184:167,188:164,198:148,202:143,207:136,214:132,216:131,223:128,225:128,235:119,243:116,246:111,248:109,251:109,254:106,256:105,259:102	0	False	0
ecol-SAMN34375054	GP_unb_1	101:474	4	0.0	0.2866585970286226	1.002842282616658	GP_unb_15	146:234	5	0.0	0.48395117861074444	0.7934803311112739	5	-1.987558986384263	10.17754263797555	0.07217477347694512	25:61967,33:28845,36:19914,37:19430,38:19116,39:17090,40:16874,42:15084,47:11355,48:11205,57:3699,61:2581,63:1917,69:1203,70:1167,72:1078,73:1055,79:881,81:816,82:816,83:753,85:725,89:644,92:587,95:528,103:460,104:431,111:379,115:340,120:329,121:327,122:325,123:325,124:324,130:295,132:291,133:291,135:282,139:259,140:259,144:235,161:210,167:197,170:186,173:185,179:173,184:167,198:148,202:143,207:136,214:132,216:131,223:128,225:128,235:119,243:116,246:111,248:109,251:109,254:106,256:105,259:102	0	False	0
ecol-SAMN34375054	GP_unb_1	101:474	4	0.0	0.2866585970286226	1.002842282616658	GP_unb_16	147:234	5	0.0	0.4643358309778072	0.9224159402241595	5	-1.987558986384263	10.157927290342611	0.07217477347703467	25:61967,33:28845,36:19914,37:19430,38:19116,39:17090,40:16874,42:15084,47:11355,48:11205,57:3699,61:2581,63:1917,69:1203,70:1167,72:1078,73:1055,79:881,81:816,82:816,83:753,85:725,89:644,92:587,95:528,103:460,104:431,111:379,115:340,120:329,121:327,122:325,123:325,124:324,130:295,132:291,133:291,135:282,139:259,140:259,144:235,161:210,167:197,170:186,173:185,179:173,184:167,198:148,202:143,207:136,214:132,216:131,223:128,225:128,235:119,243:116,246:111,248:109,251:109,254:106,256:105,259:102	0	False	0
ecol-SAMN34375054	GP_unb_1	101:474	4	0.0	0.2866585970286226	1.002842282616658	GP_unb_17	150:228	4	0.0	0.49445963715976216	1.963848802285547	5	-2.43995659263794	8.710776868416975	0.07217477347694518	23:63158,25:61967,33:28845,36:19914,37:19430,38:19116,39:17090,40:16874,42:15084,47:11355,48:11205,57:3699,61:2581,63:1917,69:1203,70:1167,72:1078,73:1055,79:881,81:816,82:816,83:753,85:725,89:644,92:587,95:528,103:460,104:431,111:379,115:340,120:329,121:327,122:325,123:325,124:324,130:295,132:291,133:291,135:282,139:259,140:259,144:235,149:232,161:210,167:197,170:186,171:186,173:185,179:173,184:167,198:148,202:143,207:136,214:132,216:131,223:128,225:128,235:119,243:116,246:111,248:109,251:109,254:106,256:105,259:102	0	False	0
ecol-SAMN34375054	GP_unb_1	101:474	4	0.0	0.2866585970286226	1.002842282616658	GP_unb_18	153:223	5	0.0	0.41624278017758964	1.1671159622005713	5	-2.3977249718109697	13.215452509782951	0.07217477347694512	25:61967,33:28845,36:19914,37:19430,38:19116,40:16874,42:15084,46:11585,47:11355,48:11205,54:6507,57:3699,61:2581,63:1917,69:1203,70:1167,72:1078,73:1055,79:881,81:816,82:816,83:753,85:725,89:644,95:528,103:460,104:431,111:379,115:340,120:329,121:327,122:325,123:325,130:295,132:291,133:291,135:282,139:259,140:259,144:235,167:197,170:186,173:185,179:173,182:167,184:167,186:167,198:148,199:145,202:143,203:141,207:136,211:132,212:132,216:131,223:128,225:128,234:119,235:119,243:116,244:116,245:115,246:111,248:109,251:109,254:106,256:105,259:102	0	False	0
ecol-SAMN34375054	GP_unb_1	101:474	4	0.0	0.2866585970286226	1.002842282616658	GP_unb_19	154:223	5	0.0	0.408511360060988	1.2613727932019634	5	-2.3977249718109697	13.207721089666348	0.07217477347700899	25:61967,33:28845,36:19914,37:19430,38:19116,40:16874,42:15084,46:11585,47:11355,48:11205,54:6507,57:3699,61:2581,63:1917,69:1203,70:1167,72:1078,73:1055,79:881,81:816,82:816,83:753,85:725,89:644,95:528,103:460,104:431,111:379,115:340,120:329,121:327,122:325,123:325,130:295,132:291,133:291,135:282,139:259,140:259,144:235,167:197,170:186,173:185,179:173,182:167,184:167,186:167,198:148,199:145,202:143,203:141,207:136,211:132,212:132,216:131,223:128,225:128,234:119,235:119,243:116,244:116,245:115,246:111,248:109,251:109,254:106,256:105,259:102	0	False	0
ecol-SAMN34375054	GP_unb_1	101:474	4	0.0	0.2866585970286226	1.002842282616658	GP_unb_20	159:211	5	0.0	0.47333547992256597	1.2704050985275805	0	0	0	0		1	False	0
ecol-SAMN34375054	GP_unb_1	101:474	4	0.0	0.2866585970286226	1.002842282616658	GP_unb_21	160:211	5	0.0	0.1675830139114065	1.4041315654530804	0	0	0	0		1	False	0
ecol-SAMN34375054	GP_unb_1	101:474	4	0.0	0.2866585970286226	1.002842282616658	GP_unb_22	162:208	5	0.0	0.48221642619736504	1.3486337997216322	5	-2.2385313625167083	8.487292475429637	0.07217477347694512	25:61967,33:28845,35:27169,37:19430,38:19116,39:17090,40:16874,42:15084,45:13205,47:11355,48:11205,57:3699,61:2581,63:1917,69:1203,70:1167,72:1078,73:1055,74:1020,79:881,81:816,82:816,83:753,85:725,89:644,92:587,95:528,103:460,104:431,111:379,115:340,120:329,121:327,122:325,123:325,124:324,130:295,132:291,133:291,139:259,140:259,144:235,161:210,167:197,170:186,173:185,178:173,179:173,184:167,202:143,207:136,214:132,216:131,223:128,225:128,232:121,235:119,238:118,243:116,246:111,247:110,248:109,251:109,254:106,256:105,259:102	0	False	0
ecol-SAMN34375054	GP_unb_1	101:474	4	0.0	0.2866585970286226	1.002842282616658	GP_unb_23	163:208	5	0.0	0.475990418465596	1.085407662442312	5	-2.2385313625167083	8.481066467697868	0.07217477347746562	25:61967,33:28845,35:27169,37:19430,38:19116,39:17090,40:16874,42:15084,45:13205,47:11355,48:11205,57:3699,61:2581,63:1917,69:1203,70:1167,72:1078,73:1055,74:1020,79:881,81:816,82:816,83:753,85:725,89:644,92:587,95:528,103:460,104:431,111:379,115:340,120:329,121:327,122:325,123:325,124:324,130:295,132:291,133:291,139:259,140:259,144:235,161:210,167:197,170:186,173:185,178:173,179:173,184:167,202:143,207:136,214:132,216:131,223:128,225:128,232:121,235:119,238:118,243:116,246:111,247:110,248:109,251:109,254:106,256:105,259:102	0	False	0
ecol-SAMN34375054	GP_unb_1	101:474	4	0.0	0.2866585970286226	1.002842282616658	GP_unb_24	164:203	4	0.0	0.4928958531709364	2.15280199252802	0	0	0	0		1	False	0
ecol-SAMN34375054	GP_unb_1	101:474	4	0.0	0.2866585970286226	1.002842282616658	GP_unb_25	172:186	5	0.0	0.3968176402729984	1.4146802432056262	5	-1.791863021906398	9.974507016931666	0.07217477347694512	25:61967,36:19914,37:19430,38:19116,40:16874,47:11355,48:11205,52:9888,57:3699,61:2581,63:1917,69:1203,70:1167,72:1078,73:1055,79:881,82:816,83:753,85:725,89:644,95:528,103:460,104:431,111:379,115:340,120:329,122:325,123:325,130:295,132:291,133:291,135:282,139:259,140:259,144:235,152:227,167:197,170:186,173:185,179:173,184:167,198:148,202:143,207:136,216:131,223:128,225:128,235:119,243:116,246:111,248:109,251:109,254:106,256:105,259:102	0	False	0
ecol-SAMN34375054	GP_unb_1	101:474	4	0.0	0.2866585970286226	1.002842282616658	GP_unb_26	177:174	4	0.0	0.4640159774030528	0.7011120064464142	5	-1.8834186724996458	10.177878617660594	0.07217477347694512	25:61967,33:28845,36:19914,37:19430,38:19116,40:16874,42:15084,47:11355,48:11205,61:2581,63:1917,69:1203,70:1167,72:1078,73:1055,79:881,81:816,82:816,83:753,85:725,89:644,95:528,103:460,104:431,111:379,115:340,120:329,121:327,122:325,123:325,124:324,125:321,130:295,132:291,133:291,135:282,139:259,140:259,144:235,161:210,167:197,170:186,173:185,175:176,179:173,184:167,198:148,202:143,207:136,216:131,223:128,225:128,235:119,239:118,243:116,246:111,248:109,251:109,254:106,256:105,259:102	0	False	0
ecol-SAMN34375054	GP_unb_1	101:474	4	0.0	0.2866585970286226	1.002842282616658	GP_unb_27	191:160	5	0.0	0.4989549680172808	0.6509882059922351	4	-0.005984818271511261	-0.3816325804907982	0.6509882059926895	128:305,158:212,220:130,242:116	0	False	0
ecol-SAMN34375054	GP_unb_1	101:474	4	0.0	0.2866585970286226	1.002842282616658	GP_unb_28	192:160	4	0.0	0.21507936407806172	1.1898688740751593	4	0.0	-0.6655081844300172	1.0028422826162569	128:305,158:212,220:130,242:116	0	False	0
ecol-SAMN34375054	GP_unb_1	101:474	4	0.0	0.2866585970286226	1.002842282616658	GP_unb_29	193:156	5	0.0	0.489610564409944	1.6908871144971065	0	0	0	0		1	False	0
ecol-SAMN34375054	GP_unb_1	101:474	4	0.0	0.2866585970286226	1.002842282616658	GP_unb_30	194:156	5	0.0	0.3302439589820926	1.016218592044539	0	0	0	0		1	False	0
ecol-SAMN34375054	GP_unb_1	101:474	4	0.0	0.2866585970286226	1.002842282616658	GP_unb_31	195:153	5	0.0	0.453655333245074	1.2588601567650723	5	-1.7626809546317974	10.252996814565789	0.0721747734769451	25:61967,36:19914,37:19430,38:19116,40:16874,47:11355,48:11205,55:4173,57:3699,61:2581,63:1917,69:1203,70:1167,72:1078,73:1055,79:881,82:816,83:753,85:725,89:644,95:528,103:460,104:431,111:379,115:340,120:329,122:325,123:325,130:295,132:291,133:291,135:282,139:259,140:259,144:235,152:227,167:197,170:186,173:185,179:173,184:167,198:148,202:143,207:136,208:135,210:134,216:131,223:128,225:128,235:119,243:116,246:111,248:109,251:109,254:106,256:105,259:102	0	False	0
ecol-SAMN34375054	GP_unb_1	101:474	4	0.0	0.2866585970286226	1.002842282616658	GP_unb_32	204:141	4	0.0	0.4978667098285404	1.2225697751080506	0	0	0	0		1	False	0
ecol-SAMN34375054	GP_unb_1	101:474	4	0.0	0.2866585970286226	1.002842282616658	GP_unb_33	219:131	4	0.0	0.4991936115234976	1.0244011427734232	0	0	0	0		1	False	0
ecol-SAMN34375054	GP_unb_1	101:474	4	0.0	0.2866585970286226	1.002842282616658	GP_unb_34	226:128	4	0.0	0.49956212824918245	1.0474763753571166	5	-1.8562673434298265	10.00436870712081	0.07217477347694512	25:61967,36:19914,37:19430,38:19116,40:16874,42:15084,47:11355,48:11205,57:3699,61:2581,63:1917,69:1203,70:1167,72:1078,73:1055,79:881,82:816,83:753,85:725,89:644,95:528,103:460,104:431,111:379,115:340,120:329,121:327,122:325,123:325,130:295,132:291,133:291,135:282,139:259,140:259,144:235,167:197,170:186,173:185,179:173,184:167,198:148,202:143,207:136,216:131,223:128,225:128,235:119,243:116,246:111,248:109,251:109,254:106,256:105,259:102	0	False	0
ecol-SAMN34375054	GP_unb_1	101:474	4	0.0	0.2866585970286226	1.002842282616658	GP_unb_35	231:124	5	0.0	0.4678017939366288	0.9255182174926284	5	-1.798614560712095	10.4414898068648	0.07217477347734655	25:61967,33:28845,36:19914,37:19430,38:19116,40:16874,42:15084,47:11355,48:11205,57:3699,61:2581,63:1917,69:1203,70:1167,72:1078,73:1055,79:881,81:816,82:816,83:753,85:725,89:644,95:528,103:460,104:431,111:379,115:340,120:329,121:327,122:325,123:325,124:324,125:321,130:295,132:291,133:291,135:282,139:259,140:259,144:235,161:210,167:197,170:186,173:185,175:176,179:173,184:167,198:148,202:143,207:136,216:131,223:128,225:128,235:119,239:118,243:116,246:111,248:109,251:109,254:106,256:105,259:102	0	False	0
ecol-SAMN34375054	GP_unb_1	101:474	4	0.0	0.2866585970286226	1.002842282616658	GP_unb_36	241:116	4	0.0	0.4892892881834844	2.1243864918321003	5	-2.537286695490171	10.460730147616145	0.07217477347694891	25:61967,26:61534,33:28845,35:27169,36:19914,37:19430,38:19116,39:17090,40:16874,42:15084,47:11355,48:11205,57:3699,61:2581,63:1917,69:1203,70:1167,72:1078,73:1055,79:881,81:816,82:816,83:753,85:725,89:644,92:587,95:528,103:460,104:431,111:379,115:340,120:329,121:327,122:325,123:325,124:324,130:295,132:291,133:291,135:282,139:259,140:259,144:235,161:210,167:197,170:186,173:185,176:174,179:173,184:167,202:143,207:136,214:132,216:131,223:128,225:128,233:121,235:119,243:116,246:111,248:109,251:109,254:106,256:105,259:102	0	False	0
ecol-SAMN34375054	GP_unb_1	101:474	4	0.0	0.2866585970286226	1.002842282616658	GP_unb_37	249:109	4	0.0	0.49977650941861884	1.5649842502380782	5	-2.1380362786429816	8.477463925559228	0.07842548148619244	33:28845,35:27169,38:19116,39:17090,40:16874,42:15084,47:11355,48:11205,57:3699,61:2581,69:1203,70:1167,72:1078,73:1055,79:881,81:816,82:816,83:753,85:725,89:644,92:587,95:528,98:522,103:460,104:431,111:379,115:340,120:329,121:327,122:325,123:325,124:324,130:295,132:291,133:291,139:259,140:259,144:235,161:210,167:197,170:186,173:185,179:173,184:167,185:167,202:143,207:136,214:132,216:131,223:128,225:128,235:119,243:116,246:111,248:109,251:109,254:106,256:105,259:102	0	False	0
ecol-SAMN34375054	GP_unb_1	101:474	4	0.0	0.2866585970286226	1.002842282616658	GP_unb_38	250:109	5	0.0	0.488385559122413	2.0378140795546114	5	-2.45712955296974	10.804713988942476	0.07217477347694512	15:117172,25:61967,28:41938,33:28845,36:19914,37:19430,38:19116,40:16874,42:15084,47:11355,48:11205,57:3699,61:2581,63:1917,69:1203,70:1167,72:1078,73:1055,76:980,79:881,81:816,82:816,83:753,85:725,88:675,89:644,90:625,93:559,94:559,95:528,103:460,104:431,106:409,111:379,114:348,115:340,120:329,121:327,122:325,123:325,130:295,132:291,133:291,135:282,139:259,140:259,144:235,156:213,161:210,165:202,166:202,167:197,170:186,173:185,179:173,184:167,198:148,202:143,206:140,207:136,216:131,223:128,225:128,235:119,237:118,243:116,246:111,248:109,251:109,254:106,256:105,259:102	0	False	0
ecol-SAMN34375054	GP_unb_1	101:474	4	0.0	0.2866585970286226	1.002842282616658	GP_unb_39	257:104	5	0.0	0.49908094478854037	1.1816836343984096	5	-1.798614560712095	10.350095296513498	0.07217477347694512	25:61967,33:28845,36:19914,37:19430,38:19116,40:16874,42:15084,47:11355,48:11205,57:3699,61:2581,63:1917,65:1404,69:1203,70:1167,72:1078,73:1055,79:881,81:816,82:816,83:753,85:725,89:644,95:528,103:460,104:431,111:379,115:340,120:329,121:327,122:325,123:325,124:324,130:295,132:291,133:291,135:282,139:259,140:259,144:235,161:210,167:197,170:186,173:185,175:176,179:173,184:167,198:148,202:143,207:136,216:131,223:128,225:128,235:119,239:118,243:116,246:111,248:109,251:109,254:106,256:105,259:102	0	False	0
ecol-SAMN34375054	GP_unb_2	102:474	4	0.0	0.007119905918968605	0.7030364075891876	GP_unb_3	105:412	5	0.0	0.489142173539451	0.8290453720594638	0	0	0	0		1	False	0
ecol-SAMN34375054	GP_unb_2	102:474	4	0.0	0.007119905918968605	0.7030364075891876	GP_unb_4	109:399	5	0.0	0.2818158589020193	1.4503389107456037	5	-2.035257834610328	10.417623013676655	0.07217477347694512	25:61967,33:28845,36:19914,37:19430,38:19116,40:16874,42:15084,46:11585,47:11355,48:11205,54:6507,57:3699,61:2581,63:1917,69:1203,70:1167,72:1078,73:1055,79:881,81:816,82:816,83:753,85:725,89:644,95:528,103:460,104:431,111:379,115:340,120:329,121:327,122:325,123:325,130:295,132:291,133:291,135:282,139:259,140:259,144:235,148:233,167:197,170:186,173:185,179:173,182:167,184:167,186:167,198:148,202:143,207:136,216:131,223:128,225:128,234:119,235:119,243:116,246:111,248:109,251:109,254:106,256:105,259:102	0	False	0
ecol-SAMN34375054	GP_unb_2	102:474	4	0.0	0.007119905918968605	0.7030364075891876	GP_unb_5	118:334	5	0.0	0.45742415933987923	1.3565160061533954	0	0	0	0		1	False	0
ecol-SAMN34375054	GP_unb_2	102:474	4	0.0	0.007119905918968605	0.7030364075891876	GP_unb_6	119:334	5	0.0	0.21400396824392498	1.409237418504139	0	0	0	0		1	False	0
ecol-SAMN34375054	GP_unb_2	102:474	4	0.0	0.007119905918968605	0.7030364075891876	GP_unb_7	127:313	5	0.0	0.36179865744668616	1.1949674016555565	0	0	0	0		1	False	0
ecol-SAMN34375054	GP_unb_2	102:474	4	0.0	0.007119905918968605	0.7030364075891876	GP_unb_8	129:301	5	0.0	0.4891388840448532	1.3563548457988426	0	0	0	0		1	False	0
ecol-SAMN34375054	GP_unb_2	102:474	4	0.0	0.007119905918968605	0.7030364075891876	GP_unb_9	131:294	4	0.0	0.49389668248310037	0.8402168339315801	5	-2.2610034213731955	9.490609628476774	0.07217477347694257	25:61967,29:35229,33:28845,36:19914,37:19430,38:19116,39:17090,40:16874,42:15084,47:11355,48:11205,57:3699,61:2581,63:1917,69:1203,70:1167,72:1078,73:1055,79:881,81:816,82:816,83:753,85:725,89:644,92:587,95:528,103:460,104:431,111:379,115:340,120:329,121:327,122:325,123:325,124:324,130:295,132:291,133:291,135:282,139:259,140:259,144:235,161:210,167:197,170:186,173:185,179:173,184:167,188:164,198:148,202:143,207:136,214:132,216:131,223:128,225:128,235:119,243:116,246:111,248:109,251:109,254:106,256:105,259:102	0	False	0
ecol-SAMN34375054	GP_unb_2	102:474	4	0.0	0.007119905918968605	0.7030364075891876	GP_unb_10	134:288	5	0.0	0.44667937818249115	1.0383268625009159	5	-1.7626809546317974	10.29717225759042	0.07217477347694512	25:61967,36:19914,37:19430,38:19116,40:16874,47:11355,48:11205,55:4173,57:3699,61:2581,63:1917,69:1203,70:1167,72:1078,73:1055,79:881,82:816,83:753,85:725,89:644,95:528,103:460,104:431,111:379,115:340,120:329,122:325,123:325,130:295,132:291,133:291,135:282,139:259,140:259,144:235,152:227,167:197,170:186,173:185,179:173,184:167,198:148,202:143,207:136,210:134,216:131,223:128,225:128,235:119,243:116,246:111,248:109,251:109,254:106,256:105,259:102	0	False	0
ecol-SAMN34375054	GP_unb_2	102:474	4	0.0	0.007119905918968605	0.7030364075891876	GP_unb_11	136:281	4	0.0	0.423083698972579	0.8525822284081752	5	-2.2487066849617143	9.41979664496625	0.07217477347694512	25:61967,29:35229,33:28845,36:19914,37:19430,38:19116,39:17090,40:16874,42:15084,47:11355,48:11205,57:3699,61:2581,63:1917,69:1203,70:1167,72:1078,73:1055,79:881,81:816,82:816,83:753,85:725,89:644,92:587,95:528,103:460,104:431,111:379,115:340,120:329,121:327,122:325,123:325,124:324,130:295,132:291,133:291,135:282,139:259,140:259,144:235,161:210,167:197,170:186,173:185,179:173,184:167,188:164,198:148,202:143,207:136,214:132,216:131,223:128,225:128,235:119,243:116,246:111,248:109,251:109,254:106,256:105,259:102	0	False	0
ecol-SAMN34375054	GP_unb_2	102:474	4	0.0	0.007119905918968605	0.7030364075891876	GP_unb_12	137:265	4	0.0	0.1058561025785324	6.106153395355651	5	-2.214110397181398	8.769595968183252	0.07217477347694512	25:61967,28:41938,33:28845,34:27705,36:19914,37:19430,38:19116,40:16874,42:15084,47:11355,48:11205,57:3699,61:2581,63:1917,64:1577,69:1203,70:1167,72:1078,73:1055,79:881,81:816,82:816,83:753,85:725,88:675,89:644,90:625,95:528,103:460,104:431,111:379,115:340,120:329,121:327,122:325,123:325,130:295,132:291,133:291,135:282,139:259,140:259,144:235,161:210,167:197,170:186,173:185,179:173,184:167,198:148,202:143,207:136,216:131,223:128,225:128,235:119,243:116,246:111,248:109,251:109,254:106,256:105,259:102	0	False	0
ecol-SAMN34375054	GP_unb_2	102:474	4	0.0	0.007119905918968605	0.7030364075891876	GP_unb_13	138:260	5	0.0	0.480627033506576	1.5873269357556223	5	-2.4639796780729437	10.886893038597206	0.07217477347694512	25:61967,26:61534,33:28845,35:27169,36:19914,37:19430,38:19116,39:17090,40:16874,42:15084,47:11355,48:11205,57:3699,61:2581,63:1917,69:1203,70:1167,72:1078,73:1055,78:910,79:881,81:816,82:816,83:753,85:725,89:644,92:587,95:528,103:460,104:431,111:379,115:340,120:329,121:327,122:325,123:325,124:324,130:295,132:291,133:291,135:282,139:259,140:259,144:235,161:210,167:197,170:186,173:185,176:174,179:173,184:167,202:143,207:136,214:132,216:131,223:128,225:128,235:119,243:116,246:111,248:109,251:109,254:106,256:105,259:102	0	False	0
ecol-SAMN34375054	GP_unb_2	102:474	4	0.0	0.007119905918968605	0.7030364075891876	GP_unb_14	143:237	4	0.0	0.49702341008473283	0.8763460552340487	5	-2.2644675543220636	9.493736356078406	0.07217477347694512	25:61967,29:35229,33:28845,36:19914,37:19430,38:19116,39:17090,40:16874,42:15084,47:11355,48:11205,57:3699,61:2581,63:1917,69:1203,70:1167,72:1078,73:1055,79:881,81:816,82:816,83:753,85:725,89:644,92:587,95:528,103:460,104:431,111:379,115:340,120:329,121:327,122:325,123:325,124:324,130:295,132:291,133:291,135:282,139:259,140:259,144:235,161:210,167:197,170:186,173:185,179:173,184:167,188:164,198:148,202:143,207:136,214:132,216:131,223:128,225:128,235:119,243:116,246:111,248:109,251:109,254:106,256:105,259:102	0	False	0
ecol-SAMN34375054	GP_unb_2	102:474	4	0.0	0.007119905918968605	0.7030364075891876	GP_unb_15	146:234	5	0.0	0.48395117861074444	0.7934803311112739	5	-1.987558986384263	9.898003946865893	0.07217477347694512	25:61967,33:28845,36:19914,37:19430,38:19116,39:17090,40:16874,42:15084,47:11355,48:11205,57:3699,61:2581,63:1917,69:1203,70:1167,72:1078,73:1055,79:881,81:816,82:816,83:753,85:725,89:644,92:587,95:528,103:460,104:431,111:379,115:340,120:329,121:327,122:325,123:325,124:324,130:295,132:291,133:291,135:282,139:259,140:259,144:235,161:210,167:197,170:186,173:185,179:173,184:167,198:148,202:143,207:136,214:132,216:131,223:128,225:128,235:119,243:116,246:111,248:109,251:109,254:106,256:105,259:102	0	False	0
ecol-SAMN34375054	GP_unb_2	102:474	4	0.0	0.007119905918968605	0.7030364075891876	GP_unb_16	147:234	5	0.0	0.4643358309778072	0.9224159402241595	5	-1.987558986384263	9.878388599232958	0.07217477347694509	25:61967,33:28845,36:19914,37:19430,38:19116,39:17090,40:16874,42:15084,47:11355,48:11205,57:3699,61:2581,63:1917,69:1203,70:1167,72:1078,73:1055,79:881,81:816,82:816,83:753,85:725,89:644,92:587,95:528,103:460,104:431,111:379,115:340,120:329,121:327,122:325,123:325,124:324,130:295,132:291,133:291,135:282,139:259,140:259,144:235,161:210,167:197,170:186,173:185,179:173,184:167,198:148,202:143,207:136,214:132,216:131,223:128,225:128,235:119,243:116,246:111,248:109,251:109,254:106,256:105,259:102	0	False	0
ecol-SAMN34375054	GP_unb_2	102:474	4	0.0	0.007119905918968605	0.7030364075891876	GP_unb_17	150:228	4	0.0	0.49445963715976216	1.963848802285547	5	-2.43995659263794	8.431238177307323	0.07217477347694512	23:63158,25:61967,33:28845,36:19914,37:19430,38:19116,39:17090,40:16874,42:15084,47:11355,48:11205,57:3699,61:2581,63:1917,69:1203,70:1167,72:1078,73:1055,79:881,81:816,82:816,83:753,85:725,89:644,92:587,95:528,103:460,104:431,111:379,115:340,120:329,121:327,122:325,123:325,124:324,130:295,132:291,133:291,135:282,139:259,140:259,144:235,149:232,161:210,167:197,170:186,171:186,173:185,179:173,184:167,198:148,202:143,207:136,214:132,216:131,223:128,225:128,235:119,243:116,246:111,248:109,251:109,254:106,256:105,259:102	0	False	0
ecol-SAMN34375054	GP_unb_2	102:474	4	0.0	0.007119905918968605	0.7030364075891876	GP_unb_18	153:223	5	0.0	0.41624278017758964	1.1671159622005713	5	-2.3977249718109697	12.935913818673297	0.07217477347694512	25:61967,33:28845,36:19914,37:19430,38:19116,40:16874,42:15084,46:11585,47:11355,48:11205,54:6507,57:3699,61:2581,63:1917,69:1203,70:1167,72:1078,73:1055,79:881,81:816,82:816,83:753,85:725,89:644,95:528,103:460,104:431,111:379,115:340,120:329,121:327,122:325,123:325,130:295,132:291,133:291,135:282,139:259,140:259,144:235,167:197,170:186,173:185,179:173,182:167,184:167,186:167,198:148,199:145,202:143,203:141,207:136,211:132,212:132,216:131,223:128,225:128,234:119,235:119,243:116,244:116,245:115,246:111,248:109,251:109,254:106,256:105,259:102	0	False	0
ecol-SAMN34375054	GP_unb_2	102:474	4	0.0	0.007119905918968605	0.7030364075891876	GP_unb_19	154:223	5	0.0	0.408511360060988	1.2613727932019634	5	-2.3977249718109697	12.928182398556695	0.07217477347694512	25:61967,33:28845,36:19914,37:19430,38:19116,40:16874,42:15084,46:11585,47:11355,48:11205,54:6507,57:3699,61:2581,63:1917,69:1203,70:1167,72:1078,73:1055,79:881,81:816,82:816,83:753,85:725,89:644,95:528,103:460,104:431,111:379,115:340,120:329,121:327,122:325,123:325,130:295,132:291,133:291,135:282,139:259,140:259,144:235,167:197,170:186,173:185,179:173,182:167,184:167,186:167,198:148,199:145,202:143,203:141,207:136,211:132,212:132,216:131,223:128,225:128,234:119,235:119,243:116,244:116,245:115,246:111,248:109,251:109,254:106,256:105,259:102	0	False	0
ecol-SAMN34375054	GP_unb_2	102:474	4	0.0	0.007119905918968605	0.7030364075891876	GP_unb_20	159:211	5	0.0	0.47333547992256597	1.2704050985275805	0	0	0	0		1	False	0
ecol-SAMN34375054	GP_unb_2	102:474	4	0.0	0.007119905918968605	0.7030364075891876	GP_unb_21	160:211	5	0.0	0.1675830139114065	1.4041315654530804	0	0	0	0		1	False	0
ecol-SAMN34375054	GP_unb_2	102:474	4	0.0	0.007119905918968605	0.7030364075891876	GP_unb_22	162:208	5	0.0	0.48221642619736504	1.3486337997216322	5	-2.2385313625167083	8.20775378431998	0.07217477347697014	25:61967,33:28845,35:27169,37:19430,38:19116,39:17090,40:16874,42:15084,45:13205,47:11355,48:11205,57:3699,61:2581,63:1917,69:1203,70:1167,72:1078,73:1055,74:1020,79:881,81:816,82:816,83:753,85:725,89:644,92:587,95:528,103:460,104:431,111:379,115:340,120:329,121:327,122:325,123:325,124:324,130:295,132:291,133:291,139:259,140:259,144:235,161:210,167:197,170:186,173:185,178:173,179:173,184:167,202:143,207:136,214:132,216:131,223:128,225:128,232:121,235:119,238:118,243:116,246:111,247:110,248:109,251:109,254:106,256:105,259:102	0	False	0
ecol-SAMN34375054	GP_unb_2	102:474	4	0.0	0.007119905918968605	0.7030364075891876	GP_unb_23	163:208	5	0.0	0.475990418465596	1.085407662442312	5	-2.2385313625167083	8.201527776588211	0.07217477347694512	25:61967,33:28845,35:27169,37:19430,38:19116,39:17090,40:16874,42:15084,45:13205,47:11355,48:11205,57:3699,61:2581,63:1917,69:1203,70:1167,72:1078,73:1055,74:1020,79:881,81:816,82:816,83:753,85:725,89:644,92:587,95:528,103:460,104:431,111:379,115:340,120:329,121:327,122:325,123:325,124:324,130:295,132:291,133:291,139:259,140:259,144:235,161:210,167:197,170:186,173:185,178:173,179:173,184:167,202:143,207:136,214:132,216:131,223:128,225:128,232:121,235:119,238:118,243:116,246:111,247:110,248:109,251:109,254:106,256:105,259:102	0	False	0
ecol-SAMN34375054	GP_unb_2	102:474	4	0.0	0.007119905918968605	0.7030364075891876	GP_unb_24	164:203	4	0.0	0.4928958531709364	2.15280199252802	0	0	0	0		1	False	0
ecol-SAMN34375054	GP_unb_2	102:474	4	0.0	0.007119905918968605	0.7030364075891876	GP_unb_25	172:186	5	0.0	0.3968176402729984	1.4146802432056262	5	-1.791863021906398	9.694968325822012	0.07217477347694512	25:61967,36:19914,37:19430,38:19116,40:16874,47:11355,48:11205,52:9888,57:3699,61:2581,63:1917,69:1203,70:1167,72:1078,73:1055,79:881,82:816,83:753,85:725,89:644,95:528,103:460,104:431,111:379,115:340,120:329,122:325,123:325,130:295,132:291,133:291,135:282,139:259,140:259,144:235,152:227,167:197,170:186,173:185,179:173,184:167,198:148,202:143,207:136,216:131,223:128,225:128,235:119,243:116,246:111,248:109,251:109,254:106,256:105,259:102	0	False	0
ecol-SAMN34375054	GP_unb_2	102:474	4	0.0	0.007119905918968605	0.7030364075891876	GP_unb_26	177:174	4	0.0	0.4640159774030528	0.7011120064464142	5	-1.8834186724996458	9.89833992655094	0.07217477347694512	25:61967,33:28845,36:19914,37:19430,38:19116,40:16874,42:15084,47:11355,48:11205,61:2581,63:1917,69:1203,70:1167,72:1078,73:1055,79:881,81:816,82:816,83:753,85:725,89:644,95:528,103:460,104:431,111:379,115:340,120:329,121:327,122:325,123:325,124:324,125:321,130:295,132:291,133:291,135:282,139:259,140:259,144:235,161:210,167:197,170:186,173:185,175:176,179:173,184:167,198:148,202:143,207:136,216:131,223:128,225:128,235:119,239:118,243:116,246:111,248:109,251:109,254:106,256:105,259:102	0	False	0
ecol-SAMN34375054	GP_unb_2	102:474	4	0.0	0.007119905918968605	0.7030364075891876	GP_unb_27	191:160	5	0.0	0.4989549680172808	0.6509882059922351	4	-0.005984818271511261	-0.6611712716004522	0.6509882059926895	128:305,158:212,220:130,242:116	0	False	0
ecol-SAMN34375054	GP_unb_2	102:474	4	0.0	0.007119905918968605	0.7030364075891876	GP_unb_28	192:160	4	0.0	0.21507936407806172	1.1898688740751593	4	0.0	-0.9450468755396713	0.7030364075890247	128:305,158:212,220:130,242:116	0	False	0
ecol-SAMN34375054	GP_unb_2	102:474	4	0.0	0.007119905918968605	0.7030364075891876	GP_unb_29	193:156	5	0.0	0.489610564409944	1.6908871144971065	0	0	0	0		1	False	0
ecol-SAMN34375054	GP_unb_2	102:474	4	0.0	0.007119905918968605	0.7030364075891876	GP_unb_30	194:156	5	0.0	0.3302439589820926	1.016218592044539	0	0	0	0		1	False	0
ecol-SAMN34375054	GP_unb_2	102:474	4	0.0	0.007119905918968605	0.7030364075891876	GP_unb_31	195:153	5	0.0	0.453655333245074	1.2588601567650723	5	-1.7626809546317974	9.973458123456139	0.07217477347770392	25:61967,36:19914,37:19430,38:19116,40:16874,47:11355,48:11205,55:4173,57:3699,61:2581,63:1917,69:1203,70:1167,72:1078,73:1055,79:881,82:816,83:753,85:725,89:644,95:528,103:460,104:431,111:379,115:340,120:329,122:325,123:325,130:295,132:291,133:291,135:282,139:259,140:259,144:235,152:227,167:197,170:186,173:185,179:173,184:167,198:148,202:143,207:136,208:135,210:134,216:131,223:128,225:128,235:119,243:116,246:111,248:109,251:109,254:106,256:105,259:102	0	False	0
ecol-SAMN34375054	GP_unb_2	102:474	4	0.0	0.007119905918968605	0.7030364075891876	GP_unb_32	204:141	4	0.0	0.4978667098285404	1.2225697751080506	0	0	0	0		1	False	0
ecol-SAMN34375054	GP_unb_2	102:474	4	0.0	0.007119905918968605	0.7030364075891876	GP_unb_33	219:131	4	0.0	0.4991936115234976	1.0244011427734232	0	0	0	0		1	False	0
ecol-SAMN34375054	GP_unb_2	102:474	4	0.0	0.007119905918968605	0.7030364075891876	GP_unb_34	226:128	4	0.0	0.49956212824918245	1.0474763753571166	5	-1.8562673434298265	9.724830016011156	0.07217477347694512	25:61967,36:19914,37:19430,38:19116,40:16874,42:15084,47:11355,48:11205,57:3699,61:2581,63:1917,69:1203,70:1167,72:1078,73:1055,79:881,82:816,83:753,85:725,89:644,95:528,103:460,104:431,111:379,115:340,120:329,121:327,122:325,123:325,130:295,132:291,133:291,135:282,139:259,140:259,144:235,167:197,170:186,173:185,179:173,184:167,198:148,202:143,207:136,216:131,223:128,225:128,235:119,243:116,246:111,248:109,251:109,254:106,256:105,259:102	0	False	0
ecol-SAMN34375054	GP_unb_2	102:474	4	0.0	0.007119905918968605	0.7030364075891876	GP_unb_35	231:124	5	0.0	0.4678017939366288	0.9255182174926284	5	-1.798614560712095	10.161951115755143	0.07217477347694512	25:61967,33:28845,36:19914,37:19430,38:19116,40:16874,42:15084,47:11355,48:11205,57:3699,61:2581,63:1917,69:1203,70:1167,72:1078,73:1055,79:881,81:816,82:816,83:753,85:725,89:644,95:528,103:460,104:431,111:379,115:340,120:329,121:327,122:325,123:325,124:324,125:321,130:295,132:291,133:291,135:282,139:259,140:259,144:235,161:210,167:197,170:186,173:185,175:176,179:173,184:167,198:148,202:143,207:136,216:131,223:128,225:128,235:119,239:118,243:116,246:111,248:109,251:109,254:106,256:105,259:102	0	False	0
ecol-SAMN34375054	GP_unb_2	102:474	4	0.0	0.007119905918968605	0.7030364075891876	GP_unb_36	241:116	4	0.0	0.4892892881834844	2.1243864918321003	5	-2.537286695490171	10.181191456506488	0.07217477347694043	25:61967,26:61534,33:28845,35:27169,36:19914,37:19430,38:19116,39:17090,40:16874,42:15084,47:11355,48:11205,57:3699,61:2581,63:1917,69:1203,70:1167,72:1078,73:1055,79:881,81:816,82:816,83:753,85:725,89:644,92:587,95:528,103:460,104:431,111:379,115:340,120:329,121:327,122:325,123:325,124:324,130:295,132:291,133:291,135:282,139:259,140:259,144:235,161:210,167:197,170:186,173:185,176:174,179:173,184:167,202:143,207:136,214:132,216:131,223:128,225:128,233:121,235:119,243:116,246:111,248:109,251:109,254:106,256:105,259:102	0	False	0
ecol-SAMN34375054	GP_unb_2	102:474	4	0.0	0.007119905918968605	0.7030364075891876	GP_unb_37	249:109	4	0.0	0.49977650941861884	1.5649842502380782	5	-2.1380362786429816	8.197925234449574	0.07842548148619244	33:28845,35:27169,38:19116,39:17090,40:16874,42:15084,47:11355,48:11205,57:3699,61:2581,69:1203,70:1167,72:1078,73:1055,79:881,81:816,82:816,83:753,85:725,89:644,92:587,95:528,98:522,103:460,104:431,111:379,115:340,120:329,121:327,122:325,123:325,124:324,130:295,132:291,133:291,139:259,140:259,144:235,161:210,167:197,170:186,173:185,179:173,184:167,185:167,202:143,207:136,214:132,216:131,223:128,225:128,235:119,243:116,246:111,248:109,251:109,254:106,256:105,259:102	0	False	0
ecol-SAMN34375054	GP_unb_2	102:474	4	0.0	0.007119905918968605	0.7030364075891876	GP_unb_38	250:109	5	0.0	0.488385559122413	2.0378140795546114	5	-2.45712955296974	10.525175297832822	0.07217477347694512	15:117172,25:61967,28:41938,33:28845,36:19914,37:19430,38:19116,40:16874,42:15084,47:11355,48:11205,57:3699,61:2581,63:1917,69:1203,70:1167,72:1078,73:1055,76:980,79:881,81:816,82:816,83:753,85:725,88:675,89:644,90:625,93:559,94:559,95:528,103:460,104:431,106:409,111:379,114:348,115:340,120:329,121:327,122:325,123:325,130:295,132:291,133:291,135:282,139:259,140:259,144:235,156:213,161:210,165:202,166:202,167:197,170:186,173:185,179:173,184:167,198:148,202:143,206:140,207:136,216:131,223:128,225:128,235:119,237:118,243:116,246:111,248:109,251:109,254:106,256:105,259:102	0	False	0
ecol-SAMN34375054	GP_unb_2	102:474	4	0.0	0.007119905918968605	0.7030364075891876	GP_unb_39	257:104	5	0.0	0.49908094478854037	1.1816836343984096	5	-1.798614560712095	10.070556605403844	0.07217477347694512	25:61967,33:28845,36:19914,37:19430,38:19116,40:16874,42:15084,47:11355,48:11205,57:3699,61:2581,63:1917,65:1404,69:1203,70:1167,72:1078,73:1055,79:881,81:816,82:816,83:753,85:725,89:644,95:528,103:460,104:431,111:379,115:340,120:329,121:327,122:325,123:325,124:324,130:295,132:291,133:291,135:282,139:259,140:259,144:235,161:210,167:197,170:186,173:185,175:176,179:173,184:167,198:148,202:143,207:136,216:131,223:128,225:128,235:119,239:118,243:116,246:111,248:109,251:109,254:106,256:105,259:102	0	False	0
ecol-SAMN34375054	GP_unb_3	105:412	5	0.0	0.489142173539451	0.8290453720594638	GP_unb_4	109:399	5	0.0	0.2818158589020193	1.4503389107456037	0	0	0	0		1	False	0
ecol-SAMN34375054	GP_unb_3	105:412	5	0.0	0.489142173539451	0.8290453720594638	GP_unb_5	118:334	5	0.0	0.45742415933987923	1.3565160061533954	0	0	0	0		1	False	0
ecol-SAMN34375054	GP_unb_3	105:412	5	0.0	0.489142173539451	0.8290453720594638	GP_unb_6	119:334	5	0.0	0.21400396824392498	1.409237418504139	0	0	0	0		1	False	0
ecol-SAMN34375054	GP_unb_3	105:412	5	0.0	0.489142173539451	0.8290453720594638	GP_unb_7	127:313	5	0.0	0.36179865744668616	1.1949674016555565	0	0	0	0		1	False	0
ecol-SAMN34375054	GP_unb_3	105:412	5	0.0	0.489142173539451	0.8290453720594638	GP_unb_8	129:301	5	0.0	0.4891388840448532	1.3563548457988426	0	0	0	0		1	False	0
ecol-SAMN34375054	GP_unb_3	105:412	5	0.0	0.489142173539451	0.8290453720594638	GP_unb_9	131:294	4	0.0	0.49389668248310037	0.8402168339315801	0	0	0	0		1	False	0
ecol-SAMN34375054	GP_unb_3	105:412	5	0.0	0.489142173539451	0.8290453720594638	GP_unb_10	134:288	5	0.0	0.44667937818249115	1.0383268625009159	0	0	0	0		1	False	0
ecol-SAMN34375054	GP_unb_3	105:412	5	0.0	0.489142173539451	0.8290453720594638	GP_unb_11	136:281	4	0.0	0.423083698972579	0.8525822284081752	0	0	0	0		1	False	0
ecol-SAMN34375054	GP_unb_3	105:412	5	0.0	0.489142173539451	0.8290453720594638	GP_unb_12	137:265	4	0.0	0.1058561025785324	6.106153395355651	0	0	0	0		1	False	0
ecol-SAMN34375054	GP_unb_3	105:412	5	0.0	0.489142173539451	0.8290453720594638	GP_unb_13	138:260	5	0.0	0.480627033506576	1.5873269357556223	0	0	0	0		1	False	0
ecol-SAMN34375054	GP_unb_3	105:412	5	0.0	0.489142173539451	0.8290453720594638	GP_unb_14	143:237	4	0.0	0.49702341008473283	0.8763460552340487	0	0	0	0		1	False	0
ecol-SAMN34375054	GP_unb_3	105:412	5	0.0	0.489142173539451	0.8290453720594638	GP_unb_15	146:234	5	0.0	0.48395117861074444	0.7934803311112739	0	0	0	0		1	False	0
ecol-SAMN34375054	GP_unb_3	105:412	5	0.0	0.489142173539451	0.8290453720594638	GP_unb_16	147:234	5	0.0	0.4643358309778072	0.9224159402241595	0	0	0	0		1	False	0
ecol-SAMN34375054	GP_unb_3	105:412	5	0.0	0.489142173539451	0.8290453720594638	GP_unb_17	150:228	4	0.0	0.49445963715976216	1.963848802285547	0	0	0	0		1	False	0
ecol-SAMN34375054	GP_unb_3	105:412	5	0.0	0.489142173539451	0.8290453720594638	GP_unb_18	153:223	5	0.0	0.41624278017758964	1.1671159622005713	0	0	0	0		1	False	0
ecol-SAMN34375054	GP_unb_3	105:412	5	0.0	0.489142173539451	0.8290453720594638	GP_unb_19	154:223	5	0.0	0.408511360060988	1.2613727932019634	0	0	0	0		1	False	0
ecol-SAMN34375054	GP_unb_3	105:412	5	0.0	0.489142173539451	0.8290453720594638	GP_unb_20	159:211	5	0.0	0.47333547992256597	1.2704050985275805	0	0	0	0		1	False	0
ecol-SAMN34375054	GP_unb_3	105:412	5	0.0	0.489142173539451	0.8290453720594638	GP_unb_21	160:211	5	0.0	0.1675830139114065	1.4041315654530804	0	0	0	0		1	False	0
ecol-SAMN34375054	GP_unb_3	105:412	5	0.0	0.489142173539451	0.8290453720594638	GP_unb_22	162:208	5	0.0	0.48221642619736504	1.3486337997216322	0	0	0	0		1	False	0
ecol-SAMN34375054	GP_unb_3	105:412	5	0.0	0.489142173539451	0.8290453720594638	GP_unb_23	163:208	5	0.0	0.475990418465596	1.085407662442312	0	0	0	0		1	False	0
ecol-SAMN34375054	GP_unb_3	105:412	5	0.0	0.489142173539451	0.8290453720594638	GP_unb_24	164:203	4	0.0	0.4928958531709364	2.15280199252802	0	0	0	0		1	False	0
ecol-SAMN34375054	GP_unb_3	105:412	5	0.0	0.489142173539451	0.8290453720594638	GP_unb_25	172:186	5	0.0	0.3968176402729984	1.4146802432056262	0	0	0	0		1	False	0
ecol-SAMN34375054	GP_unb_3	105:412	5	0.0	0.489142173539451	0.8290453720594638	GP_unb_26	177:174	4	0.0	0.4640159774030528	0.7011120064464142	0	0	0	0		1	False	0
ecol-SAMN34375054	GP_unb_3	105:412	5	0.0	0.489142173539451	0.8290453720594638	GP_unb_27	191:160	5	0.0	0.4989549680172808	0.6509882059922351	0	0	0	0		1	False	0
ecol-SAMN34375054	GP_unb_3	105:412	5	0.0	0.489142173539451	0.8290453720594638	GP_unb_28	192:160	4	0.0	0.21507936407806172	1.1898688740751593	0	0	0	0		1	False	0
ecol-SAMN34375054	GP_unb_3	105:412	5	0.0	0.489142173539451	0.8290453720594638	GP_unb_29	193:156	5	0.0	0.489610564409944	1.6908871144971065	0	0	0	0		1	False	0
ecol-SAMN34375054	GP_unb_3	105:412	5	0.0	0.489142173539451	0.8290453720594638	GP_unb_30	194:156	5	0.0	0.3302439589820926	1.016218592044539	0	0	0	0		1	False	0
ecol-SAMN34375054	GP_unb_3	105:412	5	0.0	0.489142173539451	0.8290453720594638	GP_unb_31	195:153	5	0.0	0.453655333245074	1.2588601567650723	0	0	0	0		1	False	0
ecol-SAMN34375054	GP_unb_3	105:412	5	0.0	0.489142173539451	0.8290453720594638	GP_unb_32	204:141	4	0.0	0.4978667098285404	1.2225697751080506	0	0	0	0		1	False	0
ecol-SAMN34375054	GP_unb_3	105:412	5	0.0	0.489142173539451	0.8290453720594638	GP_unb_33	219:131	4	0.0	0.4991936115234976	1.0244011427734232	4	-0.04449097256295248	0.9883357850629486	0.8290453720601363		0	False	0
ecol-SAMN34375054	GP_unb_3	105:412	5	0.0	0.489142173539451	0.8290453720594638	GP_unb_34	226:128	4	0.0	0.49956212824918245	1.0474763753571166	0	0	0	0		1	False	0
ecol-SAMN34375054	GP_unb_3	105:412	5	0.0	0.489142173539451	0.8290453720594638	GP_unb_35	231:124	5	0.0	0.4678017939366288	0.9255182174926284	5	0.0	0.9569439674760798	0.8290453720601363		0	False	0
ecol-SAMN34375054	GP_unb_3	105:412	5	0.0	0.489142173539451	0.8290453720594638	GP_unb_36	241:116	4	0.0	0.4892892881834844	2.1243864918321003	0	0	0	0		1	False	0
ecol-SAMN34375054	GP_unb_3	105:412	5	0.0	0.489142173539451	0.8290453720594638	GP_unb_37	249:109	4	0.0	0.49977650941861884	1.5649842502380782	0	0	0	0		1	False	0
ecol-SAMN34375054	GP_unb_3	105:412	5	0.0	0.489142173539451	0.8290453720594638	GP_unb_38	250:109	5	0.0	0.488385559122413	2.0378140795546114	0	0	0	0		1	False	0
ecol-SAMN34375054	GP_unb_3	105:412	5	0.0	0.489142173539451	0.8290453720594638	GP_unb_39	257:104	5	0.0	0.49908094478854037	1.1816836343984096	0	0	0	0		1	False	0
ecol-SAMN34375054	GP_unb_4	109:399	5	0.0	0.2818158589020193	1.4503389107456037	GP_unb_5	118:334	5	0.0	0.45742415933987923	1.3565160061533954	0	0	0	0		1	False	0
ecol-SAMN34375054	GP_unb_4	109:399	5	0.0	0.2818158589020193	1.4503389107456037	GP_unb_6	119:334	5	0.0	0.21400396824392498	1.409237418504139	0	0	0	0		1	False	0
ecol-SAMN34375054	GP_unb_4	109:399	5	0.0	0.2818158589020193	1.4503389107456037	GP_unb_7	127:313	5	0.0	0.36179865744668616	1.1949674016555565	0	0	0	0		1	False	0
ecol-SAMN34375054	GP_unb_4	109:399	5	0.0	0.2818158589020193	1.4503389107456037	GP_unb_8	129:301	5	0.0	0.4891388840448532	1.3563548457988426	0	0	0	0		1	False	0
ecol-SAMN34375054	GP_unb_4	109:399	5	0.0	0.2818158589020193	1.4503389107456037	GP_unb_9	131:294	4	0.0	0.49389668248310037	0.8402168339315801	5	-2.1193790159518575	13.300732957835057	0.07217477347694512	25:61967,29:35229,33:28845,35:27169,36:19914,37:19430,38:19116,40:16874,42:15084,46:11585,47:11355,48:11205,54:6507,57:3699,61:2581,63:1917,69:1203,70:1167,72:1078,73:1055,79:881,81:816,82:816,83:753,85:725,89:644,95:528,103:460,104:431,111:379,115:340,120:329,121:327,122:325,123:325,130:295,132:291,133:291,135:282,139:259,140:259,148:233,167:197,170:186,173:185,179:173,182:167,184:167,186:167,188:164,198:148,202:143,207:136,214:132,234:119,246:111,251:109,254:106,256:105,259:102	0	False	0
ecol-SAMN34375054	GP_unb_4	109:399	5	0.0	0.2818158589020193	1.4503389107456037	GP_unb_10	134:288	5	0.0	0.44667937818249115	1.0383268625009159	5	-1.7897680600475276	13.624138470996693	0.07217477347694512	1:484462,25:61967,28:41938,36:19914,37:19430,38:19116,40:16874,46:11585,47:11355,48:11205,54:6507,55:4173,61:2581,63:1917,69:1203,72:1078,73:1055,82:816,83:753,88:675,89:644,90:625,95:528,103:460,111:379,115:340,120:329,122:325,123:325,124:324,125:321,130:295,132:291,133:291,135:282,140:259,148:233,152:227,161:210,167:197,170:186,173:185,175:176,179:173,182:167,184:167,186:167,198:148,202:143,207:136,210:134,234:119,239:118,246:111,251:109,254:106,256:105,259:102	0	False	0
ecol-SAMN34375054	GP_unb_4	109:399	5	0.0	0.2818158589020193	1.4503389107456037	GP_unb_11	136:281	4	0.0	0.423083698972579	0.8525822284081752	5	-2.1070822795403763	13.229919974324536	0.07217477347694512	25:61967,29:35229,33:28845,35:27169,36:19914,37:19430,38:19116,40:16874,42:15084,46:11585,47:11355,48:11205,54:6507,57:3699,61:2581,63:1917,69:1203,70:1167,72:1078,73:1055,79:881,81:816,82:816,83:753,85:725,89:644,95:528,103:460,104:431,111:379,115:340,120:329,121:327,122:325,123:325,130:295,132:291,133:291,135:282,139:259,140:259,148:233,167:197,170:186,173:185,179:173,182:167,184:167,186:167,188:164,198:148,202:143,207:136,214:132,234:119,246:111,251:109,254:106,256:105,259:102	0	False	0
ecol-SAMN34375054	GP_unb_4	109:399	5	0.0	0.2818158589020193	1.4503389107456037	GP_unb_12	137:265	4	0.0	0.1058561025785324	6.106153395355651	5	-2.34837766364144	13.073235614650768	0.07217477347694519	25:61967,28:41938,33:28845,34:27705,35:27169,36:19914,37:19430,38:19116,39:17090,40:16874,42:15084,46:11585,47:11355,48:11205,54:6507,57:3699,61:2581,63:1917,64:1577,69:1203,70:1167,72:1078,73:1055,79:881,81:816,82:816,83:753,85:725,88:675,89:644,90:625,92:587,95:528,103:460,104:431,111:379,115:340,120:329,121:327,122:325,123:325,124:324,130:295,132:291,133:291,135:282,139:259,140:259,148:233,161:210,167:197,170:186,173:185,179:173,182:167,184:167,186:167,198:148,202:143,207:136,214:132,234:119,246:111,251:109,254:106,256:105,259:102	0	False	0
ecol-SAMN34375054	GP_unb_4	109:399	5	0.0	0.2818158589020193	1.4503389107456037	GP_unb_13	138:260	5	0.0	0.480627033506576	1.5873269357556223	5	-2.0781351222409876	14.705035560797269	0.07217477347694512	24:62199,25:61967,26:61534,33:28845,37:19430,38:19116,40:16874,42:15084,46:11585,47:11355,48:11205,54:6507,57:3699,61:2581,63:1917,69:1203,70:1167,72:1078,73:1055,78:910,79:881,81:816,82:816,83:753,85:725,89:644,95:528,103:460,104:431,111:379,115:340,120:329,121:327,122:325,123:325,130:295,132:291,133:291,135:282,139:259,140:259,148:233,167:197,170:186,173:185,176:174,179:173,182:167,184:167,186:167,198:148,202:143,207:136,234:119,246:111,251:109,254:106,256:105,259:102	0	False	0
ecol-SAMN34375054	GP_unb_4	109:399	5	0.0	0.2818158589020193	1.4503389107456037	GP_unb_14	143:237	4	0.0	0.49702341008473283	0.8763460552340487	5	-2.1228431489007256	13.30385968543669	0.07217477347694512	25:61967,29:35229,33:28845,35:27169,36:19914,37:19430,38:19116,40:16874,42:15084,46:11585,47:11355,48:11205,54:6507,57:3699,61:2581,63:1917,69:1203,70:1167,72:1078,73:1055,79:881,81:816,82:816,83:753,85:725,89:644,95:528,103:460,104:431,111:379,115:340,120:329,121:327,122:325,123:325,130:295,132:291,133:291,135:282,139:259,140:259,148:233,167:197,170:186,173:185,179:173,182:167,184:167,186:167,188:164,198:148,202:143,207:136,214:132,234:119,246:111,251:109,254:106,256:105,259:102	0	False	0
ecol-SAMN34375054	GP_unb_4	109:399	5	0.0	0.2818158589020193	1.4503389107456037	GP_unb_15	146:234	5	0.0	0.48395117861074444	0.7934803311112739	5	-1.8459345809629264	13.708127276224177	0.07217477347694512	25:61967,33:28845,35:27169,36:19914,37:19430,38:19116,40:16874,42:15084,46:11585,47:11355,48:11205,54:6507,57:3699,61:2581,63:1917,69:1203,70:1167,72:1078,73:1055,79:881,81:816,82:816,83:753,85:725,89:644,95:528,103:460,104:431,111:379,115:340,120:329,121:327,122:325,123:325,130:295,132:291,133:291,135:282,139:259,140:259,148:233,167:197,170:186,173:185,179:173,182:167,184:167,186:167,198:148,202:143,207:136,214:132,234:119,246:111,251:109,254:106,256:105,259:102	0	False	0
ecol-SAMN34375054	GP_unb_4	109:399	5	0.0	0.2818158589020193	1.4503389107456037	GP_unb_16	147:234	5	0.0	0.4643358309778072	0.9224159402241595	5	-1.8459345809629264	13.688511928591238	0.07217477347694512	25:61967,33:28845,35:27169,36:19914,37:19430,38:19116,40:16874,42:15084,46:11585,47:11355,48:11205,54:6507,57:3699,61:2581,63:1917,69:1203,70:1167,72:1078,73:1055,79:881,81:816,82:816,83:753,85:725,89:644,95:528,103:460,104:431,111:379,115:340,120:329,121:327,122:325,123:325,130:295,132:291,133:291,135:282,139:259,140:259,148:233,167:197,170:186,173:185,179:173,182:167,184:167,186:167,198:148,202:143,207:136,214:132,234:119,246:111,251:109,254:106,256:105,259:102	0	False	0
ecol-SAMN34375054	GP_unb_4	109:399	5	0.0	0.2818158589020193	1.4503389107456037	GP_unb_17	150:228	4	0.0	0.49445963715976216	1.963848802285547	5	-2.0631556007030003	12.316023314631687	0.07217477347694512	25:61967,33:28845,36:19914,37:19430,38:19116,40:16874,42:15084,46:11585,47:11355,48:11205,54:6507,57:3699,61:2581,63:1917,69:1203,70:1167,72:1078,73:1055,79:881,81:816,82:816,83:753,85:725,89:644,95:528,103:460,104:431,111:379,115:340,120:329,121:327,122:325,123:325,130:295,132:291,133:291,135:282,139:259,140:259,148:233,149:232,167:197,170:186,171:186,173:185,179:173,182:167,184:167,186:167,198:148,202:143,207:136,234:119,246:111,251:109,254:106,256:105,259:102	0	False	0
ecol-SAMN34375054	GP_unb_4	109:399	5	0.0	0.2818158589020193	1.4503389107456037	GP_unb_18	153:223	5	0.0	0.41624278017758964	1.1671159622005713	5	-1.6745977376587218	11.48911905795969	0.07217477347699336	2:413688,25:61967,33:28845,36:19914,37:19430,38:19116,40:16874,42:15084,46:11585,47:11355,48:11205,54:6507,57:3699,61:2581,63:1917,69:1203,70:1167,72:1078,73:1055,79:881,81:816,82:816,83:753,85:725,89:644,95:528,103:460,104:431,111:379,115:340,120:329,121:327,122:325,123:325,130:295,132:291,133:291,135:282,139:259,140:259,142:248,148:233,167:197,170:186,173:185,179:173,182:167,184:167,186:167,198:148,202:143,205:140,207:136,209:134,234:119,246:111,251:109,254:106,256:105,259:102	0	False	0
ecol-SAMN34375054	GP_unb_4	109:399	5	0.0	0.2818158589020193	1.4503389107456037	GP_unb_19	154:223	5	0.0	0.408511360060988	1.2613727932019634	5	-1.6745977376587218	11.48138763784309	0.07217477347694512	2:413688,25:61967,33:28845,36:19914,37:19430,38:19116,40:16874,42:15084,46:11585,47:11355,48:11205,54:6507,57:3699,61:2581,63:1917,69:1203,70:1167,72:1078,73:1055,79:881,81:816,82:816,83:753,85:725,89:644,95:528,103:460,104:431,111:379,115:340,120:329,121:327,122:325,123:325,130:295,132:291,133:291,135:282,139:259,140:259,142:248,148:233,167:197,170:186,173:185,179:173,182:167,184:167,186:167,198:148,202:143,205:140,207:136,209:134,234:119,246:111,251:109,254:106,256:105,259:102	0	False	0
ecol-SAMN34375054	GP_unb_4	109:399	5	0.0	0.2818158589020193	1.4503389107456037	GP_unb_20	159:211	5	0.0	0.47333547992256597	1.2704050985275805	0	0	0	0		1	False	0
ecol-SAMN34375054	GP_unb_4	109:399	5	0.0	0.2818158589020193	1.4503389107456037	GP_unb_21	160:211	5	0.0	0.1675830139114065	1.4041315654530804	0	0	0	0		1	False	0
ecol-SAMN34375054	GP_unb_4	109:399	5	0.0	0.2818158589020193	1.4503389107456037	GP_unb_22	162:208	5	0.0	0.48221642619736504	1.3486337997216322	5	-2.737374248798061	12.540906505290026	0.07217477347694512	15:117172,25:61967,27:52304,28:41938,33:28845,35:27169,36:19914,37:19430,38:19116,39:17090,40:16874,42:15084,46:11585,47:11355,48:11205,54:6507,57:3699,61:2581,63:1917,69:1203,70:1167,72:1078,73:1055,74:1020,76:980,79:881,81:816,82:816,83:753,85:725,88:675,89:644,90:625,92:587,95:528,103:460,104:431,111:379,115:340,120:329,121:327,122:325,123:325,124:324,130:295,132:291,133:291,135:282,139:259,140:259,148:233,161:210,167:197,170:186,173:185,178:173,179:173,182:167,184:167,186:167,198:148,202:143,206:140,207:136,214:132,232:121,234:119,238:118,246:111,247:110,251:109,254:106,256:105,259:102	0	False	0
ecol-SAMN34375054	GP_unb_4	109:399	5	0.0	0.2818158589020193	1.4503389107456037	GP_unb_23	163:208	5	0.0	0.475990418465596	1.085407662442312	5	-2.737374248798061	12.534680497558258	0.07217477347694035	15:117172,25:61967,27:52304,28:41938,33:28845,35:27169,36:19914,37:19430,38:19116,39:17090,40:16874,42:15084,46:11585,47:11355,48:11205,54:6507,57:3699,61:2581,63:1917,69:1203,70:1167,72:1078,73:1055,74:1020,76:980,79:881,81:816,82:816,83:753,85:725,88:675,89:644,90:625,92:587,95:528,103:460,104:431,111:379,115:340,120:329,121:327,122:325,123:325,124:324,130:295,132:291,133:291,135:282,139:259,140:259,148:233,161:210,167:197,170:186,173:185,178:173,179:173,182:167,184:167,186:167,198:148,202:143,206:140,207:136,214:132,232:121,234:119,238:118,246:111,247:110,251:109,254:106,256:105,259:102	0	False	0
ecol-SAMN34375054	GP_unb_4	109:399	5	0.0	0.2818158589020193	1.4503389107456037	GP_unb_24	164:203	4	0.0	0.4928958531709364	2.15280199252802	0	0	0	0		1	False	0
ecol-SAMN34375054	GP_unb_4	109:399	5	0.0	0.2818158589020193	1.4503389107456037	GP_unb_25	172:186	5	0.0	0.3968176402729984	1.4146802432056262	5	-1.8189501273221282	13.021934539228281	0.07217477347694512	1:484462,25:61967,28:41938,36:19914,37:19430,38:19116,40:16874,46:11585,47:11355,48:11205,52:9888,54:6507,61:2581,63:1917,69:1203,72:1078,73:1055,82:816,83:753,88:675,89:644,90:625,95:528,103:460,111:379,115:340,120:329,122:325,123:325,124:324,125:321,130:295,132:291,133:291,135:282,140:259,148:233,152:227,161:210,167:197,170:186,173:185,175:176,179:173,182:167,184:167,186:167,198:148,202:143,207:136,234:119,239:118,246:111,251:109,254:106,256:105,259:102	0	False	0
ecol-SAMN34375054	GP_unb_4	109:399	5	0.0	0.2818158589020193	1.4503389107456037	GP_unb_26	177:174	4	0.0	0.4640159774030528	0.7011120064464142	5	-1.9727178708364197	12.950076929040625	0.07217477347694512	25:61967,33:28845,35:27169,36:19914,37:19430,38:19116,39:17090,40:16874,42:15084,46:11585,47:11355,48:11205,54:6507,57:3699,61:2581,63:1917,69:1203,72:1078,73:1055,81:816,82:816,83:753,89:644,92:587,95:528,103:460,111:379,115:340,120:329,121:327,122:325,123:325,124:324,130:295,132:291,133:291,135:282,139:259,140:259,148:233,161:210,167:197,170:186,173:185,179:173,182:167,184:167,186:167,198:148,202:143,207:136,214:132,234:119,246:111,251:109,254:106,256:105,259:102	0	False	0
ecol-SAMN34375054	GP_unb_4	109:399	5	0.0	0.2818158589020193	1.4503389107456037	GP_unb_27	191:160	5	0.0	0.4989549680172808	0.6509882059922351	0	0	0	0		1	False	0
ecol-SAMN34375054	GP_unb_4	109:399	5	0.0	0.2818158589020193	1.4503389107456037	GP_unb_28	192:160	4	0.0	0.21507936407806172	1.1898688740751593	0	0	0	0		1	False	0
ecol-SAMN34375054	GP_unb_4	109:399	5	0.0	0.2818158589020193	1.4503389107456037	GP_unb_29	193:156	5	0.0	0.489610564409944	1.6908871144971065	0	0	0	0		1	False	0
ecol-SAMN34375054	GP_unb_4	109:399	5	0.0	0.2818158589020193	1.4503389107456037	GP_unb_30	194:156	5	0.0	0.3302439589820926	1.016218592044539	0	0	0	0		1	False	0
ecol-SAMN34375054	GP_unb_4	109:399	5	0.0	0.2818158589020193	1.4503389107456037	GP_unb_31	195:153	5	0.0	0.453655333245074	1.2588601567650723	5	-1.7897680600475276	13.300424336862408	0.07217477347694513	1:484462,25:61967,28:41938,36:19914,37:19430,38:19116,40:16874,46:11585,47:11355,48:11205,54:6507,55:4173,61:2581,63:1917,69:1203,72:1078,73:1055,82:816,83:753,88:675,89:644,90:625,95:528,103:460,111:379,115:340,120:329,122:325,123:325,124:324,125:321,130:295,132:291,133:291,135:282,140:259,148:233,152:227,161:210,167:197,170:186,173:185,175:176,179:173,182:167,184:167,186:167,198:148,202:143,207:136,208:135,210:134,234:119,239:118,246:111,251:109,254:106,256:105,259:102	0	False	0
ecol-SAMN34375054	GP_unb_4	109:399	5	0.0	0.2818158589020193	1.4503389107456037	GP_unb_32	204:141	4	0.0	0.4978667098285404	1.2225697751080506	4	-0.05135935838695249	0.7796825687305597	1.2225697751073312		0	False	0
ecol-SAMN34375054	GP_unb_4	109:399	5	0.0	0.2818158589020193	1.4503389107456037	GP_unb_33	219:131	4	0.0	0.4991936115234976	1.0244011427734232	0	0	0	0		1	False	0
ecol-SAMN34375054	GP_unb_4	109:399	5	0.0	0.2818158589020193	1.4503389107456037	GP_unb_34	226:128	4	0.0	0.49956212824918245	1.0474763753571166	5	-1.8833544488455563	13.051796229417425	0.07217477347694512	1:484462,25:61967,28:41938,36:19914,37:19430,38:19116,40:16874,42:15084,46:11585,47:11355,48:11205,54:6507,61:2581,63:1917,69:1203,72:1078,73:1055,82:816,83:753,88:675,89:644,90:625,95:528,103:460,111:379,115:340,120:329,121:327,122:325,123:325,124:324,125:321,130:295,132:291,133:291,135:282,140:259,148:233,161:210,167:197,170:186,173:185,175:176,179:173,182:167,184:167,186:167,198:148,202:143,207:136,234:119,239:118,246:111,251:109,254:106,256:105,259:102	0	False	0
ecol-SAMN34375054	GP_unb_4	109:399	5	0.0	0.2818158589020193	1.4503389107456037	GP_unb_35	231:124	5	0.0	0.4678017939366288	0.9255182174926284	5	-1.937028912441096	14.165016016125003	0.07217477347694512	1:484462,25:61967,28:41938,33:28845,36:19914,37:19430,38:19116,40:16874,42:15084,46:11585,47:11355,48:11205,54:6507,57:3699,61:2581,63:1917,69:1203,70:1167,72:1078,73:1055,79:881,81:816,82:816,83:753,85:725,88:675,89:644,90:625,95:528,103:460,104:431,111:379,115:340,120:329,121:327,122:325,123:325,124:324,125:321,130:295,132:291,133:291,135:282,139:259,140:259,148:233,161:210,167:197,170:186,173:185,175:176,179:173,182:167,184:167,186:167,198:148,202:143,207:136,234:119,239:118,246:111,251:109,254:106,256:105,259:102	0	False	0
ecol-SAMN34375054	GP_unb_4	109:399	5	0.0	0.2818158589020193	1.4503389107456037	GP_unb_36	241:116	4	0.0	0.4892892881834844	2.1243864918321003	5	-2.1514421396582155	13.99933397870655	0.07217477347694512	24:62199,25:61967,26:61534,33:28845,37:19430,38:19116,40:16874,42:15084,46:11585,47:11355,48:11205,54:6507,57:3699,61:2581,63:1917,69:1203,70:1167,72:1078,73:1055,79:881,81:816,82:816,83:753,85:725,89:644,95:528,103:460,104:431,111:379,115:340,120:329,121:327,122:325,123:325,130:295,132:291,133:291,135:282,139:259,140:259,148:233,167:197,170:186,173:185,176:174,179:173,182:167,184:167,186:167,198:148,202:143,207:136,233:121,234:119,246:111,251:109,254:106,256:105,259:102	0	False	0
ecol-SAMN34375054	GP_unb_4	109:399	5	0.0	0.2818158589020193	1.4503389107456037	GP_unb_37	249:109	4	0.0	0.49977650941861884	1.5649842502380782	5	-1.6179881538305485	11.15736788179822	0.07842548148619244	33:28845,38:19116,40:16874,42:15084,46:11585,47:11355,48:11205,54:6507,57:3699,61:2581,69:1203,70:1167,72:1078,73:1055,79:881,81:816,82:816,83:753,85:725,89:644,95:528,98:522,103:460,104:431,111:379,115:340,120:329,121:327,122:325,123:325,130:295,132:291,133:291,139:259,140:259,148:233,167:197,170:186,173:185,179:173,182:167,184:167,185:167,186:167,202:143,207:136,234:119,246:111,251:109,254:106,256:105	0	False	0
ecol-SAMN34375054	GP_unb_4	109:399	5	0.0	0.2818158589020193	1.4503389107456037	GP_unb_38	250:109	5	0.0	0.488385559122413	2.0378140795546114	5	-2.5913968194297827	14.828814944300335	0.07217477347694512	15:117172,25:61967,28:41938,33:28845,35:27169,36:19914,37:19430,38:19116,39:17090,40:16874,42:15084,46:11585,47:11355,48:11205,54:6507,57:3699,61:2581,63:1917,69:1203,70:1167,72:1078,73:1055,76:980,79:881,81:816,82:816,83:753,85:725,88:675,89:644,90:625,92:587,93:559,94:559,95:528,103:460,104:431,106:409,111:379,114:348,115:340,120:329,121:327,122:325,123:325,124:324,130:295,132:291,133:291,135:282,139:259,140:259,148:233,156:213,161:210,165:202,166:202,167:197,170:186,173:185,179:173,182:167,184:167,186:167,198:148,202:143,206:140,207:136,214:132,234:119,237:118,246:111,251:109,254:106,256:105,259:102	0	False	0
ecol-SAMN34375054	GP_unb_4	109:399	5	0.0	0.2818158589020193	1.4503389107456037	GP_unb_39	257:104	5	0.0	0.49908094478854037	1.1816836343984096	5	-1.937028912441096	14.073621505773705	0.07217477347694734	1:484462,25:61967,28:41938,33:28845,36:19914,37:19430,38:19116,40:16874,42:15084,46:11585,47:11355,48:11205,54:6507,57:3699,61:2581,63:1917,65:1404,69:1203,70:1167,72:1078,73:1055,79:881,81:816,82:816,83:753,85:725,88:675,89:644,90:625,95:528,103:460,104:431,111:379,115:340,120:329,121:327,122:325,123:325,124:324,130:295,132:291,133:291,135:282,139:259,140:259,148:233,161:210,167:197,170:186,173:185,175:176,179:173,182:167,184:167,186:167,198:148,202:143,207:136,234:119,239:118,246:111,251:109,254:106,256:105,259:102	0	False	0
ecol-SAMN34375054	GP_unb_5	118:334	5	0.0	0.45742415933987923	1.3565160061533954	GP_unb_6	119:334	5	0.0	0.21400396824392498	1.409237418504139	5	0.0	1.1665184254310266	1.3565160061534698	236:118	0	False	0
ecol-SAMN34375054	GP_unb_5	118:334	5	0.0	0.45742415933987923	1.3565160061533954	GP_unb_7	127:313	5	0.0	0.36179865744668616	1.1949674016555565	0	0	0	0		1	False	0
ecol-SAMN34375054	GP_unb_5	118:334	5	0.0	0.45742415933987923	1.3565160061533954	GP_unb_8	129:301	5	0.0	0.4891388840448532	1.3563548457988426	0	0	0	0		1	False	0
ecol-SAMN34375054	GP_unb_5	118:334	5	0.0	0.45742415933987923	1.3565160061533954	GP_unb_9	131:294	4	0.0	0.49389668248310037	0.8402168339315801	0	0	0	0		1	False	0
ecol-SAMN34375054	GP_unb_5	118:334	5	0.0	0.45742415933987923	1.3565160061533954	GP_unb_10	134:288	5	0.0	0.44667937818249115	1.0383268625009159	0	0	0	0		1	False	0
ecol-SAMN34375054	GP_unb_5	118:334	5	0.0	0.45742415933987923	1.3565160061533954	GP_unb_11	136:281	4	0.0	0.423083698972579	0.8525822284081752	0	0	0	0		1	False	0
ecol-SAMN34375054	GP_unb_5	118:334	5	0.0	0.45742415933987923	1.3565160061533954	GP_unb_12	137:265	4	0.0	0.1058561025785324	6.106153395355651	0	0	0	0		1	False	0
ecol-SAMN34375054	GP_unb_5	118:334	5	0.0	0.45742415933987923	1.3565160061533954	GP_unb_13	138:260	5	0.0	0.480627033506576	1.5873269357556223	0	0	0	0		1	False	0
ecol-SAMN34375054	GP_unb_5	118:334	5	0.0	0.45742415933987923	1.3565160061533954	GP_unb_14	143:237	4	0.0	0.49702341008473283	0.8763460552340487	0	0	0	0		1	False	0
ecol-SAMN34375054	GP_unb_5	118:334	5	0.0	0.45742415933987923	1.3565160061533954	GP_unb_15	146:234	5	0.0	0.48395117861074444	0.7934803311112739	0	0	0	0		1	False	0
ecol-SAMN34375054	GP_unb_5	118:334	5	0.0	0.45742415933987923	1.3565160061533954	GP_unb_16	147:234	5	0.0	0.4643358309778072	0.9224159402241595	0	0	0	0		1	False	0
ecol-SAMN34375054	GP_unb_5	118:334	5	0.0	0.45742415933987923	1.3565160061533954	GP_unb_17	150:228	4	0.0	0.49445963715976216	1.963848802285547	0	0	0	0		1	False	0
ecol-SAMN34375054	GP_unb_5	118:334	5	0.0	0.45742415933987923	1.3565160061533954	GP_unb_18	153:223	5	0.0	0.41624278017758964	1.1671159622005713	0	0	0	0		1	False	0
ecol-SAMN34375054	GP_unb_5	118:334	5	0.0	0.45742415933987923	1.3565160061533954	GP_unb_19	154:223	5	0.0	0.408511360060988	1.2613727932019634	0	0	0	0		1	False	0
ecol-SAMN34375054	GP_unb_5	118:334	5	0.0	0.45742415933987923	1.3565160061533954	GP_unb_20	159:211	5	0.0	0.47333547992256597	1.2704050985275805	0	0	0	0		1	False	0
ecol-SAMN34375054	GP_unb_5	118:334	5	0.0	0.45742415933987923	1.3565160061533954	GP_unb_21	160:211	5	0.0	0.1675830139114065	1.4041315654530804	0	0	0	0		1	False	0
ecol-SAMN34375054	GP_unb_5	118:334	5	0.0	0.45742415933987923	1.3565160061533954	GP_unb_22	162:208	5	0.0	0.48221642619736504	1.3486337997216322	5	0.0	1.2153797390004395	1.348633799721938	189:161	0	False	0
ecol-SAMN34375054	GP_unb_5	118:334	5	0.0	0.45742415933987923	1.3565160061533954	GP_unb_23	163:208	5	0.0	0.475990418465596	1.085407662442312	5	0.0	1.2091537312686702	1.0854076624418667	189:161	0	False	0
ecol-SAMN34375054	GP_unb_5	118:334	5	0.0	0.45742415933987923	1.3565160061533954	GP_unb_24	164:203	4	0.0	0.4928958531709364	2.15280199252802	0	0	0	0		1	False	0
ecol-SAMN34375054	GP_unb_5	118:334	5	0.0	0.45742415933987923	1.3565160061533954	GP_unb_25	172:186	5	0.0	0.3968176402729984	1.4146802432056262	0	0	0	0		1	False	0
ecol-SAMN34375054	GP_unb_5	118:334	5	0.0	0.45742415933987923	1.3565160061533954	GP_unb_26	177:174	4	0.0	0.4640159774030528	0.7011120064464142	0	0	0	0		1	False	0
ecol-SAMN34375054	GP_unb_5	118:334	5	0.0	0.45742415933987923	1.3565160061533954	GP_unb_27	191:160	5	0.0	0.4989549680172808	0.6509882059922351	0	0	0	0		1	False	0
ecol-SAMN34375054	GP_unb_5	118:334	5	0.0	0.45742415933987923	1.3565160061533954	GP_unb_28	192:160	4	0.0	0.21507936407806172	1.1898688740751593	0	0	0	0		1	False	0
ecol-SAMN34375054	GP_unb_5	118:334	5	0.0	0.45742415933987923	1.3565160061533954	GP_unb_29	193:156	5	0.0	0.489610564409944	1.6908871144971065	5	0.0	1.4421250215970456	1.3565160061534698	236:118	0	False	0
ecol-SAMN34375054	GP_unb_5	118:334	5	0.0	0.45742415933987923	1.3565160061533954	GP_unb_30	194:156	5	0.0	0.3302439589820926	1.016218592044539	5	0.0	1.282758416169194	1.016218592045334	236:118	0	False	0
ecol-SAMN34375054	GP_unb_5	118:334	5	0.0	0.45742415933987923	1.3565160061533954	GP_unb_31	195:153	5	0.0	0.453655333245074	1.2588601567650723	0	0	0	0		1	False	0
ecol-SAMN34375054	GP_unb_5	118:334	5	0.0	0.45742415933987923	1.3565160061533954	GP_unb_32	204:141	4	0.0	0.4978667098285404	1.2225697751080506	0	0	0	0		1	False	0
ecol-SAMN34375054	GP_unb_5	118:334	5	0.0	0.45742415933987923	1.3565160061533954	GP_unb_33	219:131	4	0.0	0.4991936115234976	1.0244011427734232	0	0	0	0		1	False	0
ecol-SAMN34375054	GP_unb_5	118:334	5	0.0	0.45742415933987923	1.3565160061533954	GP_unb_34	226:128	4	0.0	0.49956212824918245	1.0474763753571166	0	0	0	0		1	False	0
ecol-SAMN34375054	GP_unb_5	118:334	5	0.0	0.45742415933987923	1.3565160061533954	GP_unb_35	231:124	5	0.0	0.4678017939366288	0.9255182174926284	0	0	0	0		1	False	0
ecol-SAMN34375054	GP_unb_5	118:334	5	0.0	0.45742415933987923	1.3565160061533954	GP_unb_36	241:116	4	0.0	0.4892892881834844	2.1243864918321003	0	0	0	0		1	False	0
ecol-SAMN34375054	GP_unb_5	118:334	5	0.0	0.45742415933987923	1.3565160061533954	GP_unb_37	249:109	4	0.0	0.49977650941861884	1.5649842502380782	0	0	0	0		1	False	0
ecol-SAMN34375054	GP_unb_5	118:334	5	0.0	0.45742415933987923	1.3565160061533954	GP_unb_38	250:109	5	0.0	0.488385559122413	2.0378140795546114	0	0	0	0		1	False	0
ecol-SAMN34375054	GP_unb_5	118:334	5	0.0	0.45742415933987923	1.3565160061533954	GP_unb_39	257:104	5	0.0	0.49908094478854037	1.1816836343984096	0	0	0	0		1	False	0
ecol-SAMN34375054	GP_unb_6	119:334	5	0.0	0.21400396824392498	1.409237418504139	GP_unb_7	127:313	5	0.0	0.36179865744668616	1.1949674016555565	0	0	0	0		1	False	0
ecol-SAMN34375054	GP_unb_6	119:334	5	0.0	0.21400396824392498	1.409237418504139	GP_unb_8	129:301	5	0.0	0.4891388840448532	1.3563548457988426	0	0	0	0		1	False	0
ecol-SAMN34375054	GP_unb_6	119:334	5	0.0	0.21400396824392498	1.409237418504139	GP_unb_9	131:294	4	0.0	0.49389668248310037	0.8402168339315801	0	0	0	0		1	False	0
ecol-SAMN34375054	GP_unb_6	119:334	5	0.0	0.21400396824392498	1.409237418504139	GP_unb_10	134:288	5	0.0	0.44667937818249115	1.0383268625009159	0	0	0	0		1	False	0
ecol-SAMN34375054	GP_unb_6	119:334	5	0.0	0.21400396824392498	1.409237418504139	GP_unb_11	136:281	4	0.0	0.423083698972579	0.8525822284081752	0	0	0	0		1	False	0
ecol-SAMN34375054	GP_unb_6	119:334	5	0.0	0.21400396824392498	1.409237418504139	GP_unb_12	137:265	4	0.0	0.1058561025785324	6.106153395355651	0	0	0	0		1	False	0
ecol-SAMN34375054	GP_unb_6	119:334	5	0.0	0.21400396824392498	1.409237418504139	GP_unb_13	138:260	5	0.0	0.480627033506576	1.5873269357556223	0	0	0	0		1	False	0
ecol-SAMN34375054	GP_unb_6	119:334	5	0.0	0.21400396824392498	1.409237418504139	GP_unb_14	143:237	4	0.0	0.49702341008473283	0.8763460552340487	0	0	0	0		1	False	0
ecol-SAMN34375054	GP_unb_6	119:334	5	0.0	0.21400396824392498	1.409237418504139	GP_unb_15	146:234	5	0.0	0.48395117861074444	0.7934803311112739	0	0	0	0		1	False	0
ecol-SAMN34375054	GP_unb_6	119:334	5	0.0	0.21400396824392498	1.409237418504139	GP_unb_16	147:234	5	0.0	0.4643358309778072	0.9224159402241595	0	0	0	0		1	False	0
ecol-SAMN34375054	GP_unb_6	119:334	5	0.0	0.21400396824392498	1.409237418504139	GP_unb_17	150:228	4	0.0	0.49445963715976216	1.963848802285547	0	0	0	0		1	False	0
ecol-SAMN34375054	GP_unb_6	119:334	5	0.0	0.21400396824392498	1.409237418504139	GP_unb_18	153:223	5	0.0	0.41624278017758964	1.1671159622005713	0	0	0	0		1	False	0
ecol-SAMN34375054	GP_unb_6	119:334	5	0.0	0.21400396824392498	1.409237418504139	GP_unb_19	154:223	5	0.0	0.408511360060988	1.2613727932019634	0	0	0	0		1	False	0
ecol-SAMN34375054	GP_unb_6	119:334	5	0.0	0.21400396824392498	1.409237418504139	GP_unb_20	159:211	5	0.0	0.47333547992256597	1.2704050985275805	0	0	0	0		1	False	0
ecol-SAMN34375054	GP_unb_6	119:334	5	0.0	0.21400396824392498	1.409237418504139	GP_unb_21	160:211	5	0.0	0.1675830139114065	1.4041315654530804	0	0	0	0		1	False	0
ecol-SAMN34375054	GP_unb_6	119:334	5	0.0	0.21400396824392498	1.409237418504139	GP_unb_22	162:208	5	0.0	0.48221642619736504	1.3486337997216322	5	0.0	0.9719595479044851	1.348633799721938	189:161	0	False	0
ecol-SAMN34375054	GP_unb_6	119:334	5	0.0	0.21400396824392498	1.409237418504139	GP_unb_23	163:208	5	0.0	0.475990418465596	1.085407662442312	5	0.0	0.9657335401727161	1.0854076624418667	189:161	0	False	0
ecol-SAMN34375054	GP_unb_6	119:334	5	0.0	0.21400396824392498	1.409237418504139	GP_unb_24	164:203	4	0.0	0.4928958531709364	2.15280199252802	0	0	0	0		1	False	0
ecol-SAMN34375054	GP_unb_6	119:334	5	0.0	0.21400396824392498	1.409237418504139	GP_unb_25	172:186	5	0.0	0.3968176402729984	1.4146802432056262	0	0	0	0		1	False	0
ecol-SAMN34375054	GP_unb_6	119:334	5	0.0	0.21400396824392498	1.409237418504139	GP_unb_26	177:174	4	0.0	0.4640159774030528	0.7011120064464142	0	0	0	0		1	False	0
ecol-SAMN34375054	GP_unb_6	119:334	5	0.0	0.21400396824392498	1.409237418504139	GP_unb_27	191:160	5	0.0	0.4989549680172808	0.6509882059922351	0	0	0	0		1	False	0
ecol-SAMN34375054	GP_unb_6	119:334	5	0.0	0.21400396824392498	1.409237418504139	GP_unb_28	192:160	4	0.0	0.21507936407806172	1.1898688740751593	0	0	0	0		1	False	0
ecol-SAMN34375054	GP_unb_6	119:334	5	0.0	0.21400396824392498	1.409237418504139	GP_unb_29	193:156	5	0.0	0.489610564409944	1.6908871144971065	5	0.0	1.1987048305010912	1.4092374185038352	236:118	0	False	0
ecol-SAMN34375054	GP_unb_6	119:334	5	0.0	0.21400396824392498	1.409237418504139	GP_unb_30	194:156	5	0.0	0.3302439589820926	1.016218592044539	5	0.0	1.03933822507324	1.016218592045334	236:118	0	False	0
ecol-SAMN34375054	GP_unb_6	119:334	5	0.0	0.21400396824392498	1.409237418504139	GP_unb_31	195:153	5	0.0	0.453655333245074	1.2588601567650723	0	0	0	0		1	False	0
ecol-SAMN34375054	GP_unb_6	119:334	5	0.0	0.21400396824392498	1.409237418504139	GP_unb_32	204:141	4	0.0	0.4978667098285404	1.2225697751080506	0	0	0	0		1	False	0
ecol-SAMN34375054	GP_unb_6	119:334	5	0.0	0.21400396824392498	1.409237418504139	GP_unb_33	219:131	4	0.0	0.4991936115234976	1.0244011427734232	0	0	0	0		1	False	0
ecol-SAMN34375054	GP_unb_6	119:334	5	0.0	0.21400396824392498	1.409237418504139	GP_unb_34	226:128	4	0.0	0.49956212824918245	1.0474763753571166	0	0	0	0		1	False	0
ecol-SAMN34375054	GP_unb_6	119:334	5	0.0	0.21400396824392498	1.409237418504139	GP_unb_35	231:124	5	0.0	0.4678017939366288	0.9255182174926284	0	0	0	0		1	False	0
ecol-SAMN34375054	GP_unb_6	119:334	5	0.0	0.21400396824392498	1.409237418504139	GP_unb_36	241:116	4	0.0	0.4892892881834844	2.1243864918321003	0	0	0	0		1	False	0
ecol-SAMN34375054	GP_unb_6	119:334	5	0.0	0.21400396824392498	1.409237418504139	GP_unb_37	249:109	4	0.0	0.49977650941861884	1.5649842502380782	0	0	0	0		1	False	0
ecol-SAMN34375054	GP_unb_6	119:334	5	0.0	0.21400396824392498	1.409237418504139	GP_unb_38	250:109	5	0.0	0.488385559122413	2.0378140795546114	0	0	0	0		1	False	0
ecol-SAMN34375054	GP_unb_6	119:334	5	0.0	0.21400396824392498	1.409237418504139	GP_unb_39	257:104	5	0.0	0.49908094478854037	1.1816836343984096	0	0	0	0		1	False	0
ecol-SAMN34375054	GP_unb_7	127:313	5	0.0	0.36179865744668616	1.1949674016555565	GP_unb_8	129:301	5	0.0	0.4891388840448532	1.3563548457988426	0	0	0	0		1	False	0
ecol-SAMN34375054	GP_unb_7	127:313	5	0.0	0.36179865744668616	1.1949674016555565	GP_unb_9	131:294	4	0.0	0.49389668248310037	0.8402168339315801	0	0	0	0		1	False	0
ecol-SAMN34375054	GP_unb_7	127:313	5	0.0	0.36179865744668616	1.1949674016555565	GP_unb_10	134:288	5	0.0	0.44667937818249115	1.0383268625009159	0	0	0	0		1	False	0
ecol-SAMN34375054	GP_unb_7	127:313	5	0.0	0.36179865744668616	1.1949674016555565	GP_unb_11	136:281	4	0.0	0.423083698972579	0.8525822284081752	0	0	0	0		1	False	0
ecol-SAMN34375054	GP_unb_7	127:313	5	0.0	0.36179865744668616	1.1949674016555565	GP_unb_12	137:265	4	0.0	0.1058561025785324	6.106153395355651	0	0	0	0		1	False	0
ecol-SAMN34375054	GP_unb_7	127:313	5	0.0	0.36179865744668616	1.1949674016555565	GP_unb_13	138:260	5	0.0	0.480627033506576	1.5873269357556223	0	0	0	0		1	False	0
ecol-SAMN34375054	GP_unb_7	127:313	5	0.0	0.36179865744668616	1.1949674016555565	GP_unb_14	143:237	4	0.0	0.49702341008473283	0.8763460552340487	0	0	0	0		1	False	0
ecol-SAMN34375054	GP_unb_7	127:313	5	0.0	0.36179865744668616	1.1949674016555565	GP_unb_15	146:234	5	0.0	0.48395117861074444	0.7934803311112739	0	0	0	0		1	False	0
ecol-SAMN34375054	GP_unb_7	127:313	5	0.0	0.36179865744668616	1.1949674016555565	GP_unb_16	147:234	5	0.0	0.4643358309778072	0.9224159402241595	0	0	0	0		1	False	0
ecol-SAMN34375054	GP_unb_7	127:313	5	0.0	0.36179865744668616	1.1949674016555565	GP_unb_17	150:228	4	0.0	0.49445963715976216	1.963848802285547	0	0	0	0		1	False	0
ecol-SAMN34375054	GP_unb_7	127:313	5	0.0	0.36179865744668616	1.1949674016555565	GP_unb_18	153:223	5	0.0	0.41624278017758964	1.1671159622005713	0	0	0	0		1	False	0
ecol-SAMN34375054	GP_unb_7	127:313	5	0.0	0.36179865744668616	1.1949674016555565	GP_unb_19	154:223	5	0.0	0.408511360060988	1.2613727932019634	0	0	0	0		1	False	0
ecol-SAMN34375054	GP_unb_7	127:313	5	0.0	0.36179865744668616	1.1949674016555565	GP_unb_20	159:211	5	0.0	0.47333547992256597	1.2704050985275805	5	0.0	0.6367538995448999	1.1949674016559584	126:313,190:161,200:145	0	False	0
ecol-SAMN34375054	GP_unb_7	127:313	5	0.0	0.36179865744668616	1.1949674016555565	GP_unb_21	160:211	5	0.0	0.1675830139114065	1.4041315654530804	5	0.0	0.3310014335337404	1.1949674016559584	126:313,190:161,200:145	0	False	0
ecol-SAMN34375054	GP_unb_7	127:313	5	0.0	0.36179865744668616	1.1949674016555565	GP_unb_22	162:208	5	0.0	0.48221642619736504	1.3486337997216322	0	0	0	0		1	False	0
ecol-SAMN34375054	GP_unb_7	127:313	5	0.0	0.36179865744668616	1.1949674016555565	GP_unb_23	163:208	5	0.0	0.475990418465596	1.085407662442312	0	0	0	0		1	False	0
ecol-SAMN34375054	GP_unb_7	127:313	5	0.0	0.36179865744668616	1.1949674016555565	GP_unb_24	164:203	4	0.0	0.4928958531709364	2.15280199252802	0	0	0	0		1	False	0
ecol-SAMN34375054	GP_unb_7	127:313	5	0.0	0.36179865744668616	1.1949674016555565	GP_unb_25	172:186	5	0.0	0.3968176402729984	1.4146802432056262	0	0	0	0		1	False	0
ecol-SAMN34375054	GP_unb_7	127:313	5	0.0	0.36179865744668616	1.1949674016555565	GP_unb_26	177:174	4	0.0	0.4640159774030528	0.7011120064464142	0	0	0	0		1	False	0
ecol-SAMN34375054	GP_unb_7	127:313	5	0.0	0.36179865744668616	1.1949674016555565	GP_unb_27	191:160	5	0.0	0.4989549680172808	0.6509882059922351	0	0	0	0		1	False	0
ecol-SAMN34375054	GP_unb_7	127:313	5	0.0	0.36179865744668616	1.1949674016555565	GP_unb_28	192:160	4	0.0	0.21507936407806172	1.1898688740751593	0	0	0	0		1	False	0
ecol-SAMN34375054	GP_unb_7	127:313	5	0.0	0.36179865744668616	1.1949674016555565	GP_unb_29	193:156	5	0.0	0.489610564409944	1.6908871144971065	5	0.0	1.3513878486586242	1.1949674016559584	200:145	0	False	0
ecol-SAMN34375054	GP_unb_7	127:313	5	0.0	0.36179865744668616	1.1949674016555565	GP_unb_30	194:156	5	0.0	0.3302439589820926	1.016218592044539	5	0.0	1.1920212432307729	1.016218592045334	200:145	0	False	0
ecol-SAMN34375054	GP_unb_7	127:313	5	0.0	0.36179865744668616	1.1949674016555565	GP_unb_31	195:153	5	0.0	0.453655333245074	1.2588601567650723	0	0	0	0		1	False	0
ecol-SAMN34375054	GP_unb_7	127:313	5	0.0	0.36179865744668616	1.1949674016555565	GP_unb_32	204:141	4	0.0	0.4978667098285404	1.2225697751080506	0	0	0	0		1	False	0
ecol-SAMN34375054	GP_unb_7	127:313	5	0.0	0.36179865744668616	1.1949674016555565	GP_unb_33	219:131	4	0.0	0.4991936115234976	1.0244011427734232	0	0	0	0		1	False	0
ecol-SAMN34375054	GP_unb_7	127:313	5	0.0	0.36179865744668616	1.1949674016555565	GP_unb_34	226:128	4	0.0	0.49956212824918245	1.0474763753571166	0	0	0	0		1	False	0
ecol-SAMN34375054	GP_unb_7	127:313	5	0.0	0.36179865744668616	1.1949674016555565	GP_unb_35	231:124	5	0.0	0.4678017939366288	0.9255182174926284	0	0	0	0		1	False	0
ecol-SAMN34375054	GP_unb_7	127:313	5	0.0	0.36179865744668616	1.1949674016555565	GP_unb_36	241:116	4	0.0	0.4892892881834844	2.1243864918321003	0	0	0	0		1	False	0
ecol-SAMN34375054	GP_unb_7	127:313	5	0.0	0.36179865744668616	1.1949674016555565	GP_unb_37	249:109	4	0.0	0.49977650941861884	1.5649842502380782	0	0	0	0		1	False	0
ecol-SAMN34375054	GP_unb_7	127:313	5	0.0	0.36179865744668616	1.1949674016555565	GP_unb_38	250:109	5	0.0	0.488385559122413	2.0378140795546114	0	0	0	0		1	False	0
ecol-SAMN34375054	GP_unb_7	127:313	5	0.0	0.36179865744668616	1.1949674016555565	GP_unb_39	257:104	5	0.0	0.49908094478854037	1.1816836343984096	0	0	0	0		1	False	0
ecol-SAMN34375054	GP_unb_8	129:301	5	0.0	0.4891388840448532	1.3563548457988426	GP_unb_9	131:294	4	0.0	0.49389668248310037	0.8402168339315801	0	0	0	0		1	False	0
ecol-SAMN34375054	GP_unb_8	129:301	5	0.0	0.4891388840448532	1.3563548457988426	GP_unb_10	134:288	5	0.0	0.44667937818249115	1.0383268625009159	0	0	0	0		1	False	0
ecol-SAMN34375054	GP_unb_8	129:301	5	0.0	0.4891388840448532	1.3563548457988426	GP_unb_11	136:281	4	0.0	0.423083698972579	0.8525822284081752	0	0	0	0		1	False	0
ecol-SAMN34375054	GP_unb_8	129:301	5	0.0	0.4891388840448532	1.3563548457988426	GP_unb_12	137:265	4	0.0	0.1058561025785324	6.106153395355651	0	0	0	0		1	False	0
ecol-SAMN34375054	GP_unb_8	129:301	5	0.0	0.4891388840448532	1.3563548457988426	GP_unb_13	138:260	5	0.0	0.480627033506576	1.5873269357556223	0	0	0	0		1	False	0
ecol-SAMN34375054	GP_unb_8	129:301	5	0.0	0.4891388840448532	1.3563548457988426	GP_unb_14	143:237	4	0.0	0.49702341008473283	0.8763460552340487	0	0	0	0		1	False	0
ecol-SAMN34375054	GP_unb_8	129:301	5	0.0	0.4891388840448532	1.3563548457988426	GP_unb_15	146:234	5	0.0	0.48395117861074444	0.7934803311112739	0	0	0	0		1	False	0
ecol-SAMN34375054	GP_unb_8	129:301	5	0.0	0.4891388840448532	1.3563548457988426	GP_unb_16	147:234	5	0.0	0.4643358309778072	0.9224159402241595	0	0	0	0		1	False	0
ecol-SAMN34375054	GP_unb_8	129:301	5	0.0	0.4891388840448532	1.3563548457988426	GP_unb_17	150:228	4	0.0	0.49445963715976216	1.963848802285547	0	0	0	0		1	False	0
ecol-SAMN34375054	GP_unb_8	129:301	5	0.0	0.4891388840448532	1.3563548457988426	GP_unb_18	153:223	5	0.0	0.41624278017758964	1.1671159622005713	0	0	0	0		1	False	0
ecol-SAMN34375054	GP_unb_8	129:301	5	0.0	0.4891388840448532	1.3563548457988426	GP_unb_19	154:223	5	0.0	0.408511360060988	1.2613727932019634	0	0	0	0		1	False	0
ecol-SAMN34375054	GP_unb_8	129:301	5	0.0	0.4891388840448532	1.3563548457988426	GP_unb_20	159:211	5	0.0	0.47333547992256597	1.2704050985275805	0	0	0	0		1	False	0
ecol-SAMN34375054	GP_unb_8	129:301	5	0.0	0.4891388840448532	1.3563548457988426	GP_unb_21	160:211	5	0.0	0.1675830139114065	1.4041315654530804	0	0	0	0		1	False	0
ecol-SAMN34375054	GP_unb_8	129:301	5	0.0	0.4891388840448532	1.3563548457988426	GP_unb_22	162:208	5	0.0	0.48221642619736504	1.3486337997216322	0	0	0	0		1	False	0
ecol-SAMN34375054	GP_unb_8	129:301	5	0.0	0.4891388840448532	1.3563548457988426	GP_unb_23	163:208	5	0.0	0.475990418465596	1.085407662442312	0	0	0	0		1	False	0
ecol-SAMN34375054	GP_unb_8	129:301	5	0.0	0.4891388840448532	1.3563548457988426	GP_unb_24	164:203	4	0.0	0.4928958531709364	2.15280199252802	0	0	0	0		1	False	0
ecol-SAMN34375054	GP_unb_8	129:301	5	0.0	0.4891388840448532	1.3563548457988426	GP_unb_25	172:186	5	0.0	0.3968176402729984	1.4146802432056262	5	0.0	0.8859565243178515	1.3563548457987054		0	False	0
ecol-SAMN34375054	GP_unb_8	129:301	5	0.0	0.4891388840448532	1.3563548457988426	GP_unb_26	177:174	4	0.0	0.4640159774030528	0.7011120064464142	0	0	0	0		1	False	0
ecol-SAMN34375054	GP_unb_8	129:301	5	0.0	0.4891388840448532	1.3563548457988426	GP_unb_27	191:160	5	0.0	0.4989549680172808	0.6509882059922351	0	0	0	0		1	False	0
ecol-SAMN34375054	GP_unb_8	129:301	5	0.0	0.4891388840448532	1.3563548457988426	GP_unb_28	192:160	4	0.0	0.21507936407806172	1.1898688740751593	0	0	0	0		1	False	0
ecol-SAMN34375054	GP_unb_8	129:301	5	0.0	0.4891388840448532	1.3563548457988426	GP_unb_29	193:156	5	0.0	0.489610564409944	1.6908871144971065	0	0	0	0		1	False	0
ecol-SAMN34375054	GP_unb_8	129:301	5	0.0	0.4891388840448532	1.3563548457988426	GP_unb_30	194:156	5	0.0	0.3302439589820926	1.016218592044539	0	0	0	0		1	False	0
ecol-SAMN34375054	GP_unb_8	129:301	5	0.0	0.4891388840448532	1.3563548457988426	GP_unb_31	195:153	5	0.0	0.453655333245074	1.2588601567650723	0	0	0	0		1	False	0
ecol-SAMN34375054	GP_unb_8	129:301	5	0.0	0.4891388840448532	1.3563548457988426	GP_unb_32	204:141	4	0.0	0.4978667098285404	1.2225697751080506	0	0	0	0		1	False	0
ecol-SAMN34375054	GP_unb_8	129:301	5	0.0	0.4891388840448532	1.3563548457988426	GP_unb_33	219:131	4	0.0	0.4991936115234976	1.0244011427734232	4	-0.0321144010060726	0.9883324955683508	1.0244011427730584		0	False	0
ecol-SAMN34375054	GP_unb_8	129:301	5	0.0	0.4891388840448532	1.3563548457988426	GP_unb_34	226:128	4	0.0	0.49956212824918245	1.0474763753571166	0	0	0	0		1	False	0
ecol-SAMN34375054	GP_unb_8	129:301	5	0.0	0.4891388840448532	1.3563548457988426	GP_unb_35	231:124	5	0.0	0.4678017939366288	0.9255182174926284	0	0	0	0		1	False	0
ecol-SAMN34375054	GP_unb_8	129:301	5	0.0	0.4891388840448532	1.3563548457988426	GP_unb_36	241:116	4	0.0	0.4892892881834844	2.1243864918321003	0	0	0	0		1	False	0
ecol-SAMN34375054	GP_unb_8	129:301	5	0.0	0.4891388840448532	1.3563548457988426	GP_unb_37	249:109	4	0.0	0.49977650941861884	1.5649842502380782	0	0	0	0		1	False	0
ecol-SAMN34375054	GP_unb_8	129:301	5	0.0	0.4891388840448532	1.3563548457988426	GP_unb_38	250:109	5	0.0	0.488385559122413	2.0378140795546114	0	0	0	0		1	False	0
ecol-SAMN34375054	GP_unb_8	129:301	5	0.0	0.4891388840448532	1.3563548457988426	GP_unb_39	257:104	5	0.0	0.49908094478854037	1.1816836343984096	0	0	0	0		1	False	0
ecol-SAMN34375054	GP_unb_9	131:294	4	0.0	0.49389668248310037	0.8402168339315801	GP_unb_10	134:288	5	0.0	0.44667937818249115	1.0383268625009159	5	-1.846802135973327	13.180282201748822	0.07217477347694512	25:61967,29:35229,35:27169,36:19914,37:19430,38:19116,40:16874,47:11355,48:11205,55:4173,57:3699,61:2581,63:1917,69:1203,70:1167,72:1078,73:1055,79:881,82:816,83:753,85:725,89:644,95:528,103:460,104:431,111:379,115:340,120:329,122:325,123:325,130:295,132:291,133:291,135:282,139:259,140:259,152:227,167:197,170:186,173:185,179:173,184:167,188:164,198:148,202:143,207:136,210:134,214:132,246:111,251:109,254:106,256:105,259:102	0	False	0
ecol-SAMN34375054	GP_unb_9	131:294	4	0.0	0.49389668248310037	0.8402168339315801	GP_unb_11	136:281	4	0.0	0.423083698972579	0.8525822284081752	4	0.0	0.9935085128922301	0.8402168339325726	188:164	0	False	0
ecol-SAMN34375054	GP_unb_9	131:294	4	0.0	0.49389668248310037	0.8402168339315801	GP_unb_12	137:265	4	0.0	0.1058561025785324	6.106153395355651	5	-2.2982315785229273	11.652705912341657	0.07217477347694512	25:61967,28:41938,29:35229,33:28845,34:27705,35:27169,36:19914,37:19430,38:19116,40:16874,42:15084,47:11355,48:11205,57:3699,61:2581,63:1917,64:1577,69:1203,70:1167,72:1078,73:1055,79:881,81:816,82:816,83:753,85:725,88:675,89:644,90:625,95:528,103:460,104:431,111:379,115:340,120:329,121:327,122:325,123:325,130:295,132:291,133:291,135:282,139:259,140:259,161:210,167:197,170:186,173:185,179:173,184:167,188:164,198:148,202:143,207:136,214:132,246:111,251:109,254:106,256:105,259:102	0	False	0
ecol-SAMN34375054	GP_unb_9	131:294	4	0.0	0.49389668248310037	0.8402168339315801	GP_unb_13	138:260	5	0.0	0.480627033506576	1.5873269357556223	5	-2.303880709003854	13.778022175597384	0.07217477347694512	24:62199,25:61967,26:61534,29:35229,33:28845,37:19430,38:19116,39:17090,40:16874,42:15084,47:11355,48:11205,57:3699,61:2581,63:1917,69:1203,70:1167,72:1078,73:1055,78:910,79:881,81:816,82:816,83:753,85:725,89:644,92:587,95:528,103:460,104:431,111:379,115:340,120:329,121:327,122:325,123:325,124:324,130:295,132:291,133:291,135:282,139:259,140:259,161:210,167:197,170:186,173:185,176:174,179:173,184:167,188:164,198:148,202:143,207:136,214:132,246:111,251:109,254:106,256:105,259:102	0	False	0
ecol-SAMN34375054	GP_unb_9	131:294	4	0.0	0.49389668248310037	0.8402168339315801	GP_unb_14	143:237	4	0.0	0.49702341008473283	0.8763460552340487	4	0.0	1.0674482240043839	0.8402168339307536	188:164	0	False	0
ecol-SAMN34375054	GP_unb_9	131:294	4	0.0	0.49389668248310037	0.8402168339315801	GP_unb_15	146:234	5	0.0	0.48395117861074444	0.7934803311112739	5	-1.9502548419130346	11.662987655253799	0.07217477347694512	16:111546,25:61967,29:35229,33:28845,36:19914,37:19430,38:19116,39:17090,40:16874,42:15084,47:11355,48:11205,57:3699,61:2581,63:1917,69:1203,70:1167,72:1078,73:1055,79:881,81:816,82:816,83:753,85:725,89:644,92:587,95:528,103:460,104:431,111:379,115:340,117:339,120:329,121:327,122:325,123:325,124:324,130:295,132:291,133:291,135:282,139:259,140:259,161:210,167:197,170:186,173:185,179:173,184:167,188:164,198:148,202:143,207:136,214:132,246:111,251:109,254:106,256:105,259:102	0	False	0
ecol-SAMN34375054	GP_unb_9	131:294	4	0.0	0.49389668248310037	0.8402168339315801	GP_unb_16	147:234	5	0.0	0.4643358309778072	0.9224159402241595	5	-1.9502548419130346	11.643372307620863	0.07217477347694512	16:111546,25:61967,29:35229,33:28845,36:19914,37:19430,38:19116,39:17090,40:16874,42:15084,47:11355,48:11205,57:3699,61:2581,63:1917,69:1203,70:1167,72:1078,73:1055,79:881,81:816,82:816,83:753,85:725,89:644,92:587,95:528,103:460,104:431,111:379,115:340,117:339,120:329,121:327,122:325,123:325,124:324,130:295,132:291,133:291,135:282,139:259,140:259,161:210,167:197,170:186,173:185,179:173,184:167,188:164,198:148,202:143,207:136,214:132,246:111,251:109,254:106,256:105,259:102	0	False	0
ecol-SAMN34375054	GP_unb_9	131:294	4	0.0	0.49389668248310037	0.8402168339315801	GP_unb_17	150:228	4	0.0	0.49445963715976216	1.963848802285547	5	-2.288901187465868	11.389009929431806	0.07217477347694512	25:61967,29:35229,33:28845,36:19914,37:19430,38:19116,39:17090,40:16874,42:15084,47:11355,48:11205,57:3699,61:2581,63:1917,69:1203,70:1167,72:1078,73:1055,79:881,81:816,82:816,83:753,85:725,89:644,92:587,95:528,103:460,104:431,111:379,115:340,120:329,121:327,122:325,123:325,124:324,130:295,132:291,133:291,135:282,139:259,140:259,149:232,161:210,167:197,170:186,171:186,173:185,179:173,184:167,188:164,198:148,202:143,207:136,214:132,246:111,251:109,254:106,256:105,259:102	0	False	0
ecol-SAMN34375054	GP_unb_9	131:294	4	0.0	0.49389668248310037	0.8402168339315801	GP_unb_18	153:223	5	0.0	0.41624278017758964	1.1671159622005713	5	-2.4818461531524987	15.8190237628317	0.07217477347694512	25:61967,29:35229,33:28845,35:27169,36:19914,37:19430,38:19116,40:16874,42:15084,46:11585,47:11355,48:11205,54:6507,57:3699,61:2581,63:1917,69:1203,70:1167,72:1078,73:1055,79:881,81:816,82:816,83:753,85:725,89:644,95:528,103:460,104:431,111:379,115:340,120:329,121:327,122:325,123:325,130:295,132:291,133:291,135:282,139:259,140:259,167:197,170:186,173:185,179:173,182:167,184:167,186:167,188:164,198:148,199:145,202:143,203:141,207:136,211:132,212:132,214:132,234:119,244:116,245:115,246:111,251:109,254:106,256:105,259:102	0	False	0
ecol-SAMN34375054	GP_unb_9	131:294	4	0.0	0.49389668248310037	0.8402168339315801	GP_unb_19	154:223	5	0.0	0.408511360060988	1.2613727932019634	5	-2.4818461531524987	15.811292342715097	0.07217477347694512	25:61967,29:35229,33:28845,35:27169,36:19914,37:19430,38:19116,40:16874,42:15084,46:11585,47:11355,48:11205,54:6507,57:3699,61:2581,63:1917,69:1203,70:1167,72:1078,73:1055,79:881,81:816,82:816,83:753,85:725,89:644,95:528,103:460,104:431,111:379,115:340,120:329,121:327,122:325,123:325,130:295,132:291,133:291,135:282,139:259,140:259,167:197,170:186,173:185,179:173,182:167,184:167,186:167,188:164,198:148,199:145,202:143,203:141,207:136,211:132,212:132,214:132,234:119,244:116,245:115,246:111,251:109,254:106,256:105,259:102	0	False	0
ecol-SAMN34375054	GP_unb_9	131:294	4	0.0	0.49389668248310037	0.8402168339315801	GP_unb_20	159:211	5	0.0	0.47333547992256597	1.2704050985275805	0	0	0	0		1	False	0
ecol-SAMN34375054	GP_unb_9	131:294	4	0.0	0.49389668248310037	0.8402168339315801	GP_unb_21	160:211	5	0.0	0.1675830139114065	1.4041315654530804	0	0	0	0		1	False	0
ecol-SAMN34375054	GP_unb_9	131:294	4	0.0	0.49389668248310037	0.8402168339315801	GP_unb_22	162:208	5	0.0	0.48221642619736504	1.3486337997216322	5	-2.326799629127196	10.790288982380728	0.07217477347694512	1:484462,25:61967,28:41938,29:35229,33:28845,35:27169,37:19430,38:19116,40:16874,42:15084,45:13205,47:11355,48:11205,57:3699,61:2581,63:1917,69:1203,70:1167,72:1078,73:1055,74:1020,79:881,81:816,82:816,83:753,85:725,88:675,89:644,90:625,95:528,103:460,104:431,111:379,115:340,120:329,121:327,122:325,123:325,130:295,132:291,133:291,139:259,140:259,161:210,167:197,170:186,173:185,178:173,179:173,184:167,188:164,202:143,207:136,214:132,232:121,238:118,246:111,247:110,251:109,254:106,256:105,259:102	0	False	0
ecol-SAMN34375054	GP_unb_9	131:294	4	0.0	0.49389668248310037	0.8402168339315801	GP_unb_23	163:208	5	0.0	0.475990418465596	1.085407662442312	5	-2.326799629127196	10.78406297464896	0.07217477347694512	1:484462,25:61967,28:41938,29:35229,33:28845,35:27169,37:19430,38:19116,40:16874,42:15084,45:13205,47:11355,48:11205,57:3699,61:2581,63:1917,69:1203,70:1167,72:1078,73:1055,74:1020,79:881,81:816,82:816,83:753,85:725,88:675,89:644,90:625,95:528,103:460,104:431,111:379,115:340,120:329,121:327,122:325,123:325,130:295,132:291,133:291,139:259,140:259,161:210,167:197,170:186,173:185,178:173,179:173,184:167,188:164,202:143,207:136,214:132,232:121,238:118,246:111,247:110,251:109,254:106,256:105,259:102	0	False	0
ecol-SAMN34375054	GP_unb_9	131:294	4	0.0	0.49389668248310037	0.8402168339315801	GP_unb_24	164:203	4	0.0	0.4928958531709364	2.15280199252802	0	0	0	0		1	False	0
ecol-SAMN34375054	GP_unb_9	131:294	4	0.0	0.49389668248310037	0.8402168339315801	GP_unb_25	172:186	5	0.0	0.3968176402729984	1.4146802432056262	5	-1.8759842032479273	12.578078269980415	0.07217477347694512	25:61967,29:35229,35:27169,36:19914,37:19430,38:19116,40:16874,47:11355,48:11205,52:9888,57:3699,61:2581,63:1917,69:1203,70:1167,72:1078,73:1055,79:881,82:816,83:753,85:725,89:644,95:528,103:460,104:431,111:379,115:340,120:329,122:325,123:325,130:295,132:291,133:291,135:282,139:259,140:259,152:227,167:197,170:186,173:185,179:173,184:167,188:164,198:148,202:143,207:136,214:132,246:111,251:109,254:106,256:105,259:102	0	False	0
ecol-SAMN34375054	GP_unb_9	131:294	4	0.0	0.49389668248310037	0.8402168339315801	GP_unb_26	177:174	4	0.0	0.4640159774030528	0.7011120064464142	5	-1.9675398538411746	12.781449870709343	0.07217477347694512	25:61967,29:35229,33:28845,35:27169,36:19914,37:19430,38:19116,40:16874,42:15084,47:11355,48:11205,61:2581,63:1917,69:1203,70:1167,72:1078,73:1055,79:881,81:816,82:816,83:753,85:725,89:644,95:528,103:460,104:431,111:379,115:340,120:329,121:327,122:325,123:325,124:324,125:321,130:295,132:291,133:291,135:282,139:259,140:259,161:210,167:197,170:186,173:185,175:176,179:173,184:167,188:164,198:148,202:143,207:136,214:132,239:118,246:111,251:109,254:106,256:105,259:102	0	False	0
ecol-SAMN34375054	GP_unb_9	131:294	4	0.0	0.49389668248310037	0.8402168339315801	GP_unb_27	191:160	5	0.0	0.4989549680172808	0.6509882059922351	0	0	0	0		1	False	0
ecol-SAMN34375054	GP_unb_9	131:294	4	0.0	0.49389668248310037	0.8402168339315801	GP_unb_28	192:160	4	0.0	0.21507936407806172	1.1898688740751593	0	0	0	0		1	False	0
ecol-SAMN34375054	GP_unb_9	131:294	4	0.0	0.49389668248310037	0.8402168339315801	GP_unb_29	193:156	5	0.0	0.489610564409944	1.6908871144971065	0	0	0	0		1	False	0
ecol-SAMN34375054	GP_unb_9	131:294	4	0.0	0.49389668248310037	0.8402168339315801	GP_unb_30	194:156	5	0.0	0.3302439589820926	1.016218592044539	0	0	0	0		1	False	0
ecol-SAMN34375054	GP_unb_9	131:294	4	0.0	0.49389668248310037	0.8402168339315801	GP_unb_31	195:153	5	0.0	0.453655333245074	1.2588601567650723	5	-1.846802135973327	12.85656806761454	0.07217477347694512	25:61967,29:35229,35:27169,36:19914,37:19430,38:19116,40:16874,47:11355,48:11205,55:4173,57:3699,61:2581,63:1917,69:1203,70:1167,72:1078,73:1055,79:881,82:816,83:753,85:725,89:644,95:528,103:460,104:431,111:379,115:340,120:329,122:325,123:325,130:295,132:291,133:291,135:282,139:259,140:259,152:227,167:197,170:186,173:185,179:173,184:167,188:164,198:148,202:143,207:136,208:135,210:134,214:132,246:111,251:109,254:106,256:105,259:102	0	False	0
ecol-SAMN34375054	GP_unb_9	131:294	4	0.0	0.49389668248310037	0.8402168339315801	GP_unb_32	204:141	4	0.0	0.4978667098285404	1.2225697751080506	0	0	0	0		1	False	0
ecol-SAMN34375054	GP_unb_9	131:294	4	0.0	0.49389668248310037	0.8402168339315801	GP_unb_33	219:131	4	0.0	0.4991936115234976	1.0244011427734232	0	0	0	0		1	False	0
ecol-SAMN34375054	GP_unb_9	131:294	4	0.0	0.49389668248310037	0.8402168339315801	GP_unb_34	226:128	4	0.0	0.49956212824918245	1.0474763753571166	5	-1.940388524771355	12.607939960169558	0.07217477347694512	25:61967,29:35229,35:27169,36:19914,37:19430,38:19116,40:16874,42:15084,47:11355,48:11205,57:3699,61:2581,63:1917,69:1203,70:1167,72:1078,73:1055,79:881,82:816,83:753,85:725,89:644,95:528,103:460,104:431,111:379,115:340,120:329,121:327,122:325,123:325,130:295,132:291,133:291,135:282,139:259,140:259,167:197,170:186,173:185,179:173,184:167,188:164,198:148,202:143,207:136,214:132,246:111,251:109,254:106,256:105,259:102	0	False	0
ecol-SAMN34375054	GP_unb_9	131:294	4	0.0	0.49389668248310037	0.8402168339315801	GP_unb_35	231:124	5	0.0	0.4678017939366288	0.9255182174926284	5	-1.8827357420536237	13.045061059913548	0.07217477347694512	25:61967,29:35229,33:28845,35:27169,36:19914,37:19430,38:19116,40:16874,42:15084,47:11355,48:11205,57:3699,61:2581,63:1917,69:1203,70:1167,72:1078,73:1055,79:881,81:816,82:816,83:753,85:725,89:644,95:528,103:460,104:431,111:379,115:340,120:329,121:327,122:325,123:325,124:324,125:321,130:295,132:291,133:291,135:282,139:259,140:259,161:210,167:197,170:186,173:185,175:176,179:173,184:167,188:164,198:148,202:143,207:136,214:132,239:118,246:111,251:109,254:106,256:105,259:102	0	False	0
ecol-SAMN34375054	GP_unb_9	131:294	4	0.0	0.49389668248310037	0.8402168339315801	GP_unb_36	241:116	4	0.0	0.4892892881834844	2.1243864918321003	5	-2.3771877264210817	13.072320593506669	0.07217477347694512	24:62199,25:61967,26:61534,29:35229,33:28845,37:19430,38:19116,39:17090,40:16874,42:15084,47:11355,48:11205,57:3699,61:2581,63:1917,69:1203,70:1167,72:1078,73:1055,79:881,81:816,82:816,83:753,85:725,89:644,92:587,95:528,103:460,104:431,111:379,115:340,120:329,121:327,122:325,123:325,124:324,130:295,132:291,133:291,135:282,139:259,140:259,161:210,167:197,170:186,173:185,176:174,179:173,184:167,188:164,198:148,202:143,207:136,214:132,233:121,246:111,251:109,254:106,256:105,259:102	0	False	0
ecol-SAMN34375054	GP_unb_9	131:294	4	0.0	0.49389668248310037	0.8402168339315801	GP_unb_37	249:109	4	0.0	0.49977650941861884	1.5649842502380782	5	-2.226304545253469	10.780460432510319	0.07842548148619244	1:484462,28:41938,29:35229,33:28845,35:27169,38:19116,40:16874,42:15084,47:11355,48:11205,57:3699,61:2581,69:1203,70:1167,72:1078,73:1055,79:881,81:816,82:816,83:753,85:725,88:675,89:644,90:625,95:528,98:522,103:460,104:431,111:379,115:340,120:329,121:327,122:325,123:325,130:295,132:291,133:291,139:259,140:259,161:210,167:197,170:186,173:185,179:173,184:167,185:167,188:164,202:143,207:136,214:132,246:111,251:109,254:106,256:105,259:102	0	False	0
ecol-SAMN34375054	GP_unb_9	131:294	4	0.0	0.49389668248310037	0.8402168339315801	GP_unb_38	250:109	5	0.0	0.488385559122413	2.0378140795546114	5	-2.5412507343112694	13.408285241991225	0.07217477347694512	15:117172,25:61967,28:41938,29:35229,33:28845,35:27169,36:19914,37:19430,38:19116,40:16874,42:15084,47:11355,48:11205,57:3699,61:2581,63:1917,69:1203,70:1167,72:1078,73:1055,76:980,79:881,81:816,82:816,83:753,85:725,88:675,89:644,90:625,93:559,94:559,95:528,103:460,104:431,106:409,111:379,114:348,115:340,120:329,121:327,122:325,123:325,130:295,132:291,133:291,135:282,139:259,140:259,156:213,161:210,165:202,166:202,167:197,170:186,173:185,179:173,184:167,188:164,198:148,202:143,206:140,207:136,214:132,237:118,246:111,251:109,254:106,256:105,259:102	0	False	0
ecol-SAMN34375054	GP_unb_9	131:294	4	0.0	0.49389668248310037	0.8402168339315801	GP_unb_39	257:104	5	0.0	0.49908094478854037	1.1816836343984096	5	-1.8827357420536237	12.953666549562247	0.07217477347694512	25:61967,29:35229,33:28845,35:27169,36:19914,37:19430,38:19116,40:16874,42:15084,47:11355,48:11205,57:3699,61:2581,63:1917,65:1404,69:1203,70:1167,72:1078,73:1055,79:881,81:816,82:816,83:753,85:725,89:644,95:528,103:460,104:431,111:379,115:340,120:329,121:327,122:325,123:325,124:324,130:295,132:291,133:291,135:282,139:259,140:259,161:210,167:197,170:186,173:185,175:176,179:173,184:167,188:164,198:148,202:143,207:136,214:132,239:118,246:111,251:109,254:106,256:105,259:102	0	False	0
ecol-SAMN34375054	GP_unb_10	134:288	5	0.0	0.44667937818249115	1.0383268625009159	GP_unb_11	136:281	4	0.0	0.423083698972579	0.8525822284081752	5	-1.8345053995618459	13.109469218238301	0.07217477347694512	25:61967,29:35229,35:27169,36:19914,37:19430,38:19116,40:16874,47:11355,48:11205,55:4173,57:3699,61:2581,63:1917,69:1203,70:1167,72:1078,73:1055,79:881,82:816,83:753,85:725,89:644,95:528,103:460,104:431,111:379,115:340,120:329,122:325,123:325,130:295,132:291,133:291,135:282,139:259,140:259,152:227,167:197,170:186,173:185,179:173,184:167,188:164,198:148,202:143,207:136,210:134,214:132,246:111,251:109,254:106,256:105,259:102	0	False	0
ecol-SAMN34375054	GP_unb_10	134:288	5	0.0	0.44667937818249115	1.0383268625009159	GP_unb_12	137:265	4	0.0	0.1058561025785324	6.106153395355651	5	-2.0758007836629093	12.952784858564536	0.07217477347694512	25:61967,28:41938,34:27705,35:27169,36:19914,37:19430,38:19116,39:17090,40:16874,47:11355,48:11205,55:4173,57:3699,61:2581,63:1917,64:1577,69:1203,70:1167,72:1078,73:1055,79:881,82:816,83:753,85:725,88:675,89:644,90:625,92:587,95:528,103:460,104:431,111:379,115:340,120:329,122:325,123:325,124:324,130:295,132:291,133:291,135:282,139:259,140:259,152:227,161:210,167:197,170:186,173:185,179:173,184:167,198:148,202:143,207:136,210:134,214:132,246:111,251:109,254:106,256:105,259:102	0	False	0
ecol-SAMN34375054	GP_unb_10	134:288	5	0.0	0.44667937818249115	1.0383268625009159	GP_unb_13	138:260	5	0.0	0.480627033506576	1.5873269357556223	5	-1.805558242262456	14.58458480471103	0.07217477347694512	24:62199,25:61967,26:61534,37:19430,38:19116,40:16874,47:11355,48:11205,55:4173,57:3699,61:2581,63:1917,69:1203,70:1167,72:1078,73:1055,78:910,79:881,82:816,83:753,85:725,89:644,95:528,103:460,104:431,111:379,115:340,120:329,122:325,123:325,130:295,132:291,133:291,135:282,139:259,140:259,152:227,167:197,170:186,173:185,176:174,179:173,184:167,198:148,202:143,207:136,210:134,246:111,251:109,254:106,256:105,259:102	0	False	0
ecol-SAMN34375054	GP_unb_10	134:288	5	0.0	0.44667937818249115	1.0383268625009159	GP_unb_14	143:237	4	0.0	0.49702341008473283	0.8763460552340487	5	-1.8502662689221951	13.183408929350454	0.07217477347694512	25:61967,29:35229,35:27169,36:19914,37:19430,38:19116,40:16874,47:11355,48:11205,55:4173,57:3699,61:2581,63:1917,69:1203,70:1167,72:1078,73:1055,79:881,82:816,83:753,85:725,89:644,95:528,103:460,104:431,111:379,115:340,120:329,122:325,123:325,130:295,132:291,133:291,135:282,139:259,140:259,152:227,167:197,170:186,173:185,179:173,184:167,188:164,198:148,202:143,207:136,210:134,214:132,246:111,251:109,254:106,256:105,259:102	0	False	0
ecol-SAMN34375054	GP_unb_10	134:288	5	0.0	0.44667937818249115	1.0383268625009159	GP_unb_15	146:234	5	0.0	0.48395117861074444	0.7934803311112739	5	-1.5733577009843955	13.587676520137942	0.07217477347694512	25:61967,35:27169,36:19914,37:19430,38:19116,40:16874,47:11355,48:11205,55:4173,57:3699,61:2581,63:1917,69:1203,70:1167,72:1078,73:1055,79:881,82:816,83:753,85:725,89:644,95:528,103:460,104:431,111:379,115:340,120:329,122:325,123:325,130:295,132:291,133:291,135:282,139:259,140:259,152:227,167:197,170:186,173:185,179:173,184:167,198:148,202:143,207:136,210:134,214:132,246:111,251:109,254:106,256:105,259:102	0	False	0
ecol-SAMN34375054	GP_unb_10	134:288	5	0.0	0.44667937818249115	1.0383268625009159	GP_unb_16	147:234	5	0.0	0.4643358309778072	0.9224159402241595	5	-1.5733577009843955	13.568061172505006	0.07217477347694512	25:61967,35:27169,36:19914,37:19430,38:19116,40:16874,47:11355,48:11205,55:4173,57:3699,61:2581,63:1917,69:1203,70:1167,72:1078,73:1055,79:881,82:816,83:753,85:725,89:644,95:528,103:460,104:431,111:379,115:340,120:329,122:325,123:325,130:295,132:291,133:291,135:282,139:259,140:259,152:227,167:197,170:186,173:185,179:173,184:167,198:148,202:143,207:136,210:134,214:132,246:111,251:109,254:106,256:105,259:102	0	False	0
ecol-SAMN34375054	GP_unb_10	134:288	5	0.0	0.44667937818249115	1.0383268625009159	GP_unb_17	150:228	4	0.0	0.49445963715976216	1.963848802285547	5	-1.7905787207244697	12.195572558545448	0.07217477347694512	25:61967,36:19914,37:19430,38:19116,40:16874,47:11355,48:11205,55:4173,57:3699,61:2581,63:1917,69:1203,70:1167,72:1078,73:1055,79:881,82:816,83:753,85:725,89:644,95:528,103:460,104:431,111:379,115:340,120:329,122:325,123:325,130:295,132:291,133:291,135:282,139:259,140:259,149:232,152:227,167:197,170:186,171:186,173:185,179:173,184:167,198:148,202:143,207:136,210:134,246:111,251:109,254:106,256:105,259:102	0	False	0
ecol-SAMN34375054	GP_unb_10	134:288	5	0.0	0.44667937818249115	1.0383268625009159	GP_unb_18	153:223	5	0.0	0.41624278017758964	1.1671159622005713	5	-2.152235197248169	16.142429275993333	0.07217477347694512	1:484462,25:61967,28:41938,36:19914,37:19430,38:19116,40:16874,46:11585,47:11355,48:11205,54:6507,55:4173,61:2581,63:1917,69:1203,72:1078,73:1055,82:816,83:753,88:675,89:644,90:625,95:528,103:460,111:379,115:340,120:329,122:325,123:325,124:324,125:321,130:295,132:291,133:291,135:282,140:259,152:227,161:210,167:197,170:186,173:185,175:176,179:173,182:167,184:167,186:167,198:148,199:145,202:143,203:141,207:136,210:134,211:132,212:132,234:119,239:118,244:116,245:115,246:111,251:109,254:106,256:105,259:102	0	False	0
ecol-SAMN34375054	GP_unb_10	134:288	5	0.0	0.44667937818249115	1.0383268625009159	GP_unb_19	154:223	5	0.0	0.408511360060988	1.2613727932019634	5	-2.152235197248169	16.134697855876734	0.07217477347694512	1:484462,25:61967,28:41938,36:19914,37:19430,38:19116,40:16874,46:11585,47:11355,48:11205,54:6507,55:4173,61:2581,63:1917,69:1203,72:1078,73:1055,82:816,83:753,88:675,89:644,90:625,95:528,103:460,111:379,115:340,120:329,122:325,123:325,124:324,125:321,130:295,132:291,133:291,135:282,140:259,152:227,161:210,167:197,170:186,173:185,175:176,179:173,182:167,184:167,186:167,198:148,199:145,202:143,203:141,207:136,210:134,211:132,212:132,234:119,239:118,244:116,245:115,246:111,251:109,254:106,256:105,259:102	0	False	0
ecol-SAMN34375054	GP_unb_10	134:288	5	0.0	0.44667937818249115	1.0383268625009159	GP_unb_20	159:211	5	0.0	0.47333547992256597	1.2704050985275805	0	0	0	0		1	False	0
ecol-SAMN34375054	GP_unb_10	134:288	5	0.0	0.44667937818249115	1.0383268625009159	GP_unb_21	160:211	5	0.0	0.1675830139114065	1.4041315654530804	0	0	0	0		1	False	0
ecol-SAMN34375054	GP_unb_10	134:288	5	0.0	0.44667937818249115	1.0383268625009159	GP_unb_22	162:208	5	0.0	0.48221642619736504	1.3486337997216322	5	-2.46479736881953	12.420455749203787	0.07217477347694512	15:117172,25:61967,27:52304,28:41938,35:27169,36:19914,37:19430,38:19116,39:17090,40:16874,47:11355,48:11205,55:4173,57:3699,61:2581,63:1917,69:1203,70:1167,72:1078,73:1055,74:1020,76:980,79:881,82:816,83:753,85:725,88:675,89:644,90:625,92:587,95:528,103:460,104:431,111:379,115:340,120:329,122:325,123:325,124:324,130:295,132:291,133:291,135:282,139:259,140:259,152:227,161:210,167:197,170:186,173:185,178:173,179:173,184:167,198:148,202:143,206:140,207:136,210:134,214:132,232:121,238:118,246:111,247:110,251:109,254:106,256:105,259:102	0	False	0
ecol-SAMN34375054	GP_unb_10	134:288	5	0.0	0.44667937818249115	1.0383268625009159	GP_unb_23	163:208	5	0.0	0.475990418465596	1.085407662442312	5	-2.46479736881953	12.414229741472019	0.07217477347694512	15:117172,25:61967,27:52304,28:41938,35:27169,36:19914,37:19430,38:19116,39:17090,40:16874,47:11355,48:11205,55:4173,57:3699,61:2581,63:1917,69:1203,70:1167,72:1078,73:1055,74:1020,76:980,79:881,82:816,83:753,85:725,88:675,89:644,90:625,92:587,95:528,103:460,104:431,111:379,115:340,120:329,122:325,123:325,124:324,130:295,132:291,133:291,135:282,139:259,140:259,152:227,161:210,167:197,170:186,173:185,178:173,179:173,184:167,198:148,202:143,206:140,207:136,210:134,214:132,232:121,238:118,246:111,247:110,251:109,254:106,256:105,259:102	0	False	0
ecol-SAMN34375054	GP_unb_10	134:288	5	0.0	0.44667937818249115	1.0383268625009159	GP_unb_24	164:203	4	0.0	0.4928958531709364	2.15280199252802	0	0	0	0		1	False	0
ecol-SAMN34375054	GP_unb_10	134:288	5	0.0	0.44667937818249115	1.0383268625009159	GP_unb_25	172:186	5	0.0	0.3968176402729984	1.4146802432056262	5	-1.8655523802271343	13.247454878466177	0.07217477347694512	25:61967,33:28845,35:27169,36:19914,37:19430,38:19116,39:17090,40:16874,42:15084,48:11205,52:9888,57:3699,61:2581,63:1917,69:1203,70:1167,72:1078,73:1055,79:881,81:816,82:816,83:753,85:725,89:644,92:587,95:528,103:460,104:431,111:379,115:340,120:329,121:327,122:325,123:325,124:324,130:295,132:291,133:291,135:282,139:259,140:259,152:227,161:210,167:197,170:186,173:185,179:173,184:167,198:148,202:143,207:136,214:132,246:111,251:109,254:106,256:105,259:102	0	False	0
ecol-SAMN34375054	GP_unb_10	134:288	5	0.0	0.44667937818249115	1.0383268625009159	GP_unb_26	177:174	4	0.0	0.4640159774030528	0.7011120064464142	5	-1.749256144250115	13.780954070834566	0.07217477347694512	1:484462,25:61967,28:41938,36:19914,37:19430,38:19116,40:16874,47:11355,48:11205,55:4173,61:2581,63:1917,69:1203,70:1167,72:1078,73:1055,79:881,82:816,83:753,85:725,88:675,89:644,90:625,95:528,103:460,104:431,111:379,115:340,120:329,122:325,123:325,124:324,125:321,130:295,132:291,133:291,135:282,139:259,140:259,152:227,161:210,167:197,170:186,173:185,175:176,179:173,184:167,198:148,202:143,207:136,210:134,239:118,246:111,251:109,254:106,256:105,259:102	0	False	0
ecol-SAMN34375054	GP_unb_10	134:288	5	0.0	0.44667937818249115	1.0383268625009159	GP_unb_27	191:160	5	0.0	0.4989549680172808	0.6509882059922351	0	0	0	0		1	False	0
ecol-SAMN34375054	GP_unb_10	134:288	5	0.0	0.44667937818249115	1.0383268625009159	GP_unb_28	192:160	4	0.0	0.21507936407806172	1.1898688740751593	0	0	0	0		1	False	0
ecol-SAMN34375054	GP_unb_10	134:288	5	0.0	0.44667937818249115	1.0383268625009159	GP_unb_29	193:156	5	0.0	0.489610564409944	1.6908871144971065	0	0	0	0		1	False	0
ecol-SAMN34375054	GP_unb_10	134:288	5	0.0	0.44667937818249115	1.0383268625009159	GP_unb_30	194:156	5	0.0	0.3302439589820926	1.016218592044539	0	0	0	0		1	False	0
ecol-SAMN34375054	GP_unb_10	134:288	5	0.0	0.44667937818249115	1.0383268625009159	GP_unb_31	195:153	5	0.0	0.453655333245074	1.2588601567650723	5	-1.8363703129525337	13.856634765297168	0.07217477347694512	25:61967,33:28845,35:27169,36:19914,37:19430,38:19116,39:17090,40:16874,42:15084,48:11205,55:4173,57:3699,61:2581,63:1917,69:1203,70:1167,72:1078,73:1055,79:881,81:816,82:816,83:753,85:725,89:644,92:587,95:528,103:460,104:431,111:379,115:340,120:329,121:327,122:325,123:325,124:324,130:295,132:291,133:291,135:282,139:259,140:259,152:227,161:210,167:197,170:186,173:185,179:173,184:167,198:148,202:143,207:136,210:134,214:132,246:111,251:109,254:106,256:105,259:102	0	False	0
ecol-SAMN34375054	GP_unb_10	134:288	5	0.0	0.44667937818249115	1.0383268625009159	GP_unb_32	204:141	4	0.0	0.4978667098285404	1.2225697751080506	0	0	0	0		1	False	0
ecol-SAMN34375054	GP_unb_10	134:288	5	0.0	0.44667937818249115	1.0383268625009159	GP_unb_33	219:131	4	0.0	0.4991936115234976	1.0244011427734232	0	0	0	0		1	False	0
ecol-SAMN34375054	GP_unb_10	134:288	5	0.0	0.44667937818249115	1.0383268625009159	GP_unb_34	226:128	4	0.0	0.49956212824918245	1.0474763753571166	5	-1.9891877325043412	13.657164012161354	0.07217477347694512	25:61967,33:28845,35:27169,36:19914,37:19430,38:19116,39:17090,40:16874,47:11355,48:11205,55:4173,57:3699,61:2581,63:1917,69:1203,70:1167,72:1078,73:1055,79:881,81:816,82:816,83:753,85:725,89:644,92:587,95:528,103:460,104:431,111:379,115:340,120:329,121:327,122:325,123:325,124:324,130:295,132:291,133:291,135:282,139:259,140:259,152:227,161:210,167:197,170:186,173:185,179:173,184:167,198:148,202:143,207:136,210:134,214:132,246:111,251:109,254:106,256:105,259:102	0	False	0
ecol-SAMN34375054	GP_unb_10	134:288	5	0.0	0.44667937818249115	1.0383268625009159	GP_unb_35	231:124	5	0.0	0.4678017939366288	0.9255182174926284	5	-1.6644520324625642	14.044565260038768	0.07217477347694523	1:484462,25:61967,28:41938,36:19914,37:19430,38:19116,40:16874,47:11355,48:11205,55:4173,57:3699,61:2581,63:1917,69:1203,70:1167,72:1078,73:1055,79:881,82:816,83:753,85:725,88:675,89:644,90:625,95:528,103:460,104:431,111:379,115:340,120:329,122:325,123:325,124:324,125:321,130:295,132:291,133:291,135:282,139:259,140:259,152:227,161:210,167:197,170:186,173:185,175:176,179:173,184:167,198:148,202:143,207:136,210:134,239:118,246:111,251:109,254:106,256:105,259:102	0	False	0
ecol-SAMN34375054	GP_unb_10	134:288	5	0.0	0.44667937818249115	1.0383268625009159	GP_unb_36	241:116	4	0.0	0.4892892881834844	2.1243864918321003	5	-1.878865259679684	13.878883222620315	0.07217477347694512	24:62199,25:61967,26:61534,37:19430,38:19116,40:16874,47:11355,48:11205,55:4173,57:3699,61:2581,63:1917,69:1203,70:1167,72:1078,73:1055,79:881,82:816,83:753,85:725,89:644,95:528,103:460,104:431,111:379,115:340,120:329,122:325,123:325,130:295,132:291,133:291,135:282,139:259,140:259,152:227,167:197,170:186,173:185,176:174,179:173,184:167,198:148,202:143,207:136,210:134,233:121,246:111,251:109,254:106,256:105,259:102	0	False	0
ecol-SAMN34375054	GP_unb_10	134:288	5	0.0	0.44667937818249115	1.0383268625009159	GP_unb_37	249:109	4	0.0	0.49977650941861884	1.5649842502380782	5	-1.835416099773754	11.622028884005859	0.07217477347694512	25:61967,30:34364,35:27169,36:19914,37:19430,38:19116,39:17090,40:16874,47:11355,48:11205,55:4173,61:2581,63:1917,69:1203,73:1055,82:816,83:753,89:644,92:587,95:528,98:522,103:460,111:379,115:340,120:329,122:325,123:325,124:324,130:295,132:291,133:291,135:282,140:259,152:227,161:210,167:197,170:186,173:185,179:173,184:167,185:167,198:148,202:143,207:136,210:134,214:132,246:111,254:106,256:105,259:102	0	False	0
ecol-SAMN34375054	GP_unb_10	134:288	5	0.0	0.44667937818249115	1.0383268625009159	GP_unb_38	250:109	5	0.0	0.488385559122413	2.0378140795546114	5	-2.318819939451252	14.708364188214103	0.07217477347694512	15:117172,25:61967,28:41938,35:27169,36:19914,37:19430,38:19116,39:17090,40:16874,47:11355,48:11205,55:4173,57:3699,61:2581,63:1917,69:1203,70:1167,72:1078,73:1055,76:980,79:881,82:816,83:753,85:725,88:675,89:644,90:625,92:587,93:559,94:559,95:528,103:460,104:431,106:409,111:379,114:348,115:340,120:329,122:325,123:325,124:324,130:295,132:291,133:291,135:282,139:259,140:259,152:227,156:213,161:210,165:202,166:202,167:197,170:186,173:185,179:173,184:167,198:148,202:143,206:140,207:136,210:134,214:132,237:118,246:111,251:109,254:106,256:105,259:102	0	False	0
ecol-SAMN34375054	GP_unb_10	134:288	5	0.0	0.44667937818249115	1.0383268625009159	GP_unb_39	257:104	5	0.0	0.49908094478854037	1.1816836343984096	5	-1.6644520324625642	13.95317074968747	0.07217477347694512	1:484462,25:61967,28:41938,36:19914,37:19430,38:19116,40:16874,47:11355,48:11205,55:4173,57:3699,61:2581,63:1917,65:1404,69:1203,70:1167,72:1078,73:1055,79:881,82:816,83:753,85:725,88:675,89:644,90:625,95:528,103:460,104:431,111:379,115:340,120:329,122:325,123:325,124:324,130:295,132:291,133:291,135:282,139:259,140:259,152:227,161:210,167:197,170:186,173:185,175:176,179:173,184:167,198:148,202:143,207:136,210:134,239:118,246:111,251:109,254:106,256:105,259:102	0	False	0
ecol-SAMN34375054	GP_unb_11	136:281	4	0.0	0.423083698972579	0.8525822284081752	GP_unb_12	137:265	4	0.0	0.1058561025785324	6.106153395355651	5	-2.285934842111446	11.581892928831133	0.07217477347694512	25:61967,28:41938,29:35229,33:28845,34:27705,35:27169,36:19914,37:19430,38:19116,40:16874,42:15084,47:11355,48:11205,57:3699,61:2581,63:1917,64:1577,69:1203,70:1167,72:1078,73:1055,79:881,81:816,82:816,83:753,85:725,88:675,89:644,90:625,95:528,103:460,104:431,111:379,115:340,120:329,121:327,122:325,123:325,130:295,132:291,133:291,135:282,139:259,140:259,161:210,167:197,170:186,173:185,179:173,184:167,188:164,198:148,202:143,207:136,214:132,246:111,251:109,254:106,256:105,259:102	0	False	0
ecol-SAMN34375054	GP_unb_11	136:281	4	0.0	0.423083698972579	0.8525822284081752	GP_unb_13	138:260	5	0.0	0.480627033506576	1.5873269357556223	5	-2.291583972592373	13.707209192086863	0.07217477347694512	24:62199,25:61967,26:61534,29:35229,33:28845,37:19430,38:19116,39:17090,40:16874,42:15084,47:11355,48:11205,57:3699,61:2581,63:1917,69:1203,70:1167,72:1078,73:1055,78:910,79:881,81:816,82:816,83:753,85:725,89:644,92:587,95:528,103:460,104:431,111:379,115:340,120:329,121:327,122:325,123:325,124:324,130:295,132:291,133:291,135:282,139:259,140:259,161:210,167:197,170:186,173:185,176:174,179:173,184:167,188:164,198:148,202:143,207:136,214:132,246:111,251:109,254:106,256:105,259:102	0	False	0
ecol-SAMN34375054	GP_unb_11	136:281	4	0.0	0.423083698972579	0.8525822284081752	GP_unb_14	143:237	4	0.0	0.49702341008473283	0.8763460552340487	4	0.0	0.9966352404938625	0.8525822284100286	188:164	0	False	0
ecol-SAMN34375054	GP_unb_11	136:281	4	0.0	0.423083698972579	0.8525822284081752	GP_unb_15	146:234	5	0.0	0.48395117861074444	0.7934803311112739	5	-1.9379581055015533	11.592174671743278	0.07217477347694512	16:111546,25:61967,29:35229,33:28845,36:19914,37:19430,38:19116,39:17090,40:16874,42:15084,47:11355,48:11205,57:3699,61:2581,63:1917,69:1203,70:1167,72:1078,73:1055,79:881,81:816,82:816,83:753,85:725,89:644,92:587,95:528,103:460,104:431,111:379,115:340,117:339,120:329,121:327,122:325,123:325,124:324,130:295,132:291,133:291,135:282,139:259,140:259,161:210,167:197,170:186,173:185,179:173,184:167,188:164,198:148,202:143,207:136,214:132,246:111,251:109,254:106,256:105,259:102	0	False	0
ecol-SAMN34375054	GP_unb_11	136:281	4	0.0	0.423083698972579	0.8525822284081752	GP_unb_16	147:234	5	0.0	0.4643358309778072	0.9224159402241595	5	-1.9379581055015533	11.572559324110342	0.07217477347694512	16:111546,25:61967,29:35229,33:28845,36:19914,37:19430,38:19116,39:17090,40:16874,42:15084,47:11355,48:11205,57:3699,61:2581,63:1917,69:1203,70:1167,72:1078,73:1055,79:881,81:816,82:816,83:753,85:725,89:644,92:587,95:528,103:460,104:431,111:379,115:340,117:339,120:329,121:327,122:325,123:325,124:324,130:295,132:291,133:291,135:282,139:259,140:259,161:210,167:197,170:186,173:185,179:173,184:167,188:164,198:148,202:143,207:136,214:132,246:111,251:109,254:106,256:105,259:102	0	False	0
ecol-SAMN34375054	GP_unb_11	136:281	4	0.0	0.423083698972579	0.8525822284081752	GP_unb_17	150:228	4	0.0	0.49445963715976216	1.963848802285547	5	-2.2766044510543866	11.318196945921285	0.07217477347694512	25:61967,29:35229,33:28845,36:19914,37:19430,38:19116,39:17090,40:16874,42:15084,47:11355,48:11205,57:3699,61:2581,63:1917,69:1203,70:1167,72:1078,73:1055,79:881,81:816,82:816,83:753,85:725,89:644,92:587,95:528,103:460,104:431,111:379,115:340,120:329,121:327,122:325,123:325,124:324,130:295,132:291,133:291,135:282,139:259,140:259,149:232,161:210,167:197,170:186,171:186,173:185,179:173,184:167,188:164,198:148,202:143,207:136,214:132,246:111,251:109,254:106,256:105,259:102	0	False	0
ecol-SAMN34375054	GP_unb_11	136:281	4	0.0	0.423083698972579	0.8525822284081752	GP_unb_18	153:223	5	0.0	0.41624278017758964	1.1671159622005713	5	-2.4695494167410175	15.748210779321179	0.07217477347694512	25:61967,29:35229,33:28845,35:27169,36:19914,37:19430,38:19116,40:16874,42:15084,46:11585,47:11355,48:11205,54:6507,57:3699,61:2581,63:1917,69:1203,70:1167,72:1078,73:1055,79:881,81:816,82:816,83:753,85:725,89:644,95:528,103:460,104:431,111:379,115:340,120:329,121:327,122:325,123:325,130:295,132:291,133:291,135:282,139:259,140:259,167:197,170:186,173:185,179:173,182:167,184:167,186:167,188:164,198:148,199:145,202:143,203:141,207:136,211:132,212:132,214:132,234:119,244:116,245:115,246:111,251:109,254:106,256:105,259:102	0	False	0
ecol-SAMN34375054	GP_unb_11	136:281	4	0.0	0.423083698972579	0.8525822284081752	GP_unb_19	154:223	5	0.0	0.408511360060988	1.2613727932019634	5	-2.4695494167410175	15.740479359204576	0.07217477347694512	25:61967,29:35229,33:28845,35:27169,36:19914,37:19430,38:19116,40:16874,42:15084,46:11585,47:11355,48:11205,54:6507,57:3699,61:2581,63:1917,69:1203,70:1167,72:1078,73:1055,79:881,81:816,82:816,83:753,85:725,89:644,95:528,103:460,104:431,111:379,115:340,120:329,121:327,122:325,123:325,130:295,132:291,133:291,135:282,139:259,140:259,167:197,170:186,173:185,179:173,182:167,184:167,186:167,188:164,198:148,199:145,202:143,203:141,207:136,211:132,212:132,214:132,234:119,244:116,245:115,246:111,251:109,254:106,256:105,259:102	0	False	0
ecol-SAMN34375054	GP_unb_11	136:281	4	0.0	0.423083698972579	0.8525822284081752	GP_unb_20	159:211	5	0.0	0.47333547992256597	1.2704050985275805	0	0	0	0		1	False	0
ecol-SAMN34375054	GP_unb_11	136:281	4	0.0	0.423083698972579	0.8525822284081752	GP_unb_21	160:211	5	0.0	0.1675830139114065	1.4041315654530804	0	0	0	0		1	False	0
ecol-SAMN34375054	GP_unb_11	136:281	4	0.0	0.423083698972579	0.8525822284081752	GP_unb_22	162:208	5	0.0	0.48221642619736504	1.3486337997216322	5	-2.3145028927157147	10.719475998870207	0.07217477347694512	1:484462,25:61967,28:41938,29:35229,33:28845,35:27169,37:19430,38:19116,40:16874,42:15084,45:13205,47:11355,48:11205,57:3699,61:2581,63:1917,69:1203,70:1167,72:1078,73:1055,74:1020,79:881,81:816,82:816,83:753,85:725,88:675,89:644,90:625,95:528,103:460,104:431,111:379,115:340,120:329,121:327,122:325,123:325,130:295,132:291,133:291,139:259,140:259,161:210,167:197,170:186,173:185,178:173,179:173,184:167,188:164,202:143,207:136,214:132,232:121,238:118,246:111,247:110,251:109,254:106,256:105,259:102	0	False	0
ecol-SAMN34375054	GP_unb_11	136:281	4	0.0	0.423083698972579	0.8525822284081752	GP_unb_23	163:208	5	0.0	0.475990418465596	1.085407662442312	5	-2.3145028927157147	10.713249991138438	0.07217477347694512	1:484462,25:61967,28:41938,29:35229,33:28845,35:27169,37:19430,38:19116,40:16874,42:15084,45:13205,47:11355,48:11205,57:3699,61:2581,63:1917,69:1203,70:1167,72:1078,73:1055,74:1020,79:881,81:816,82:816,83:753,85:725,88:675,89:644,90:625,95:528,103:460,104:431,111:379,115:340,120:329,121:327,122:325,123:325,130:295,132:291,133:291,139:259,140:259,161:210,167:197,170:186,173:185,178:173,179:173,184:167,188:164,202:143,207:136,214:132,232:121,238:118,246:111,247:110,251:109,254:106,256:105,259:102	0	False	0
ecol-SAMN34375054	GP_unb_11	136:281	4	0.0	0.423083698972579	0.8525822284081752	GP_unb_24	164:203	4	0.0	0.4928958531709364	2.15280199252802	0	0	0	0		1	False	0
ecol-SAMN34375054	GP_unb_11	136:281	4	0.0	0.423083698972579	0.8525822284081752	GP_unb_25	172:186	5	0.0	0.3968176402729984	1.4146802432056262	5	-1.863687466836446	12.507265286469893	0.07217477347694512	25:61967,29:35229,35:27169,36:19914,37:19430,38:19116,40:16874,47:11355,48:11205,52:9888,57:3699,61:2581,63:1917,69:1203,70:1167,72:1078,73:1055,79:881,82:816,83:753,85:725,89:644,95:528,103:460,104:431,111:379,115:340,120:329,122:325,123:325,130:295,132:291,133:291,135:282,139:259,140:259,152:227,167:197,170:186,173:185,179:173,184:167,188:164,198:148,202:143,207:136,214:132,246:111,251:109,254:106,256:105,259:102	0	False	0
ecol-SAMN34375054	GP_unb_11	136:281	4	0.0	0.423083698972579	0.8525822284081752	GP_unb_26	177:174	4	0.0	0.4640159774030528	0.7011120064464142	5	-1.9552431174296934	12.710636887198822	0.07217477347694512	25:61967,29:35229,33:28845,35:27169,36:19914,37:19430,38:19116,40:16874,42:15084,47:11355,48:11205,61:2581,63:1917,69:1203,70:1167,72:1078,73:1055,79:881,81:816,82:816,83:753,85:725,89:644,95:528,103:460,104:431,111:379,115:340,120:329,121:327,122:325,123:325,124:324,125:321,130:295,132:291,133:291,135:282,139:259,140:259,161:210,167:197,170:186,173:185,175:176,179:173,184:167,188:164,198:148,202:143,207:136,214:132,239:118,246:111,251:109,254:106,256:105,259:102	0	False	0
ecol-SAMN34375054	GP_unb_11	136:281	4	0.0	0.423083698972579	0.8525822284081752	GP_unb_27	191:160	5	0.0	0.4989549680172808	0.6509882059922351	0	0	0	0		1	False	0
ecol-SAMN34375054	GP_unb_11	136:281	4	0.0	0.423083698972579	0.8525822284081752	GP_unb_28	192:160	4	0.0	0.21507936407806172	1.1898688740751593	0	0	0	0		1	False	0
ecol-SAMN34375054	GP_unb_11	136:281	4	0.0	0.423083698972579	0.8525822284081752	GP_unb_29	193:156	5	0.0	0.489610564409944	1.6908871144971065	0	0	0	0		1	False	0
ecol-SAMN34375054	GP_unb_11	136:281	4	0.0	0.423083698972579	0.8525822284081752	GP_unb_30	194:156	5	0.0	0.3302439589820926	1.016218592044539	0	0	0	0		1	False	0
ecol-SAMN34375054	GP_unb_11	136:281	4	0.0	0.423083698972579	0.8525822284081752	GP_unb_31	195:153	5	0.0	0.453655333245074	1.2588601567650723	5	-1.8345053995618459	12.78575508410402	0.07217477347694512	25:61967,29:35229,35:27169,36:19914,37:19430,38:19116,40:16874,47:11355,48:11205,55:4173,57:3699,61:2581,63:1917,69:1203,70:1167,72:1078,73:1055,79:881,82:816,83:753,85:725,89:644,95:528,103:460,104:431,111:379,115:340,120:329,122:325,123:325,130:295,132:291,133:291,135:282,139:259,140:259,152:227,167:197,170:186,173:185,179:173,184:167,188:164,198:148,202:143,207:136,208:135,210:134,214:132,246:111,251:109,254:106,256:105,259:102	0	False	0
ecol-SAMN34375054	GP_unb_11	136:281	4	0.0	0.423083698972579	0.8525822284081752	GP_unb_32	204:141	4	0.0	0.4978667098285404	1.2225697751080506	0	0	0	0		1	False	0
ecol-SAMN34375054	GP_unb_11	136:281	4	0.0	0.423083698972579	0.8525822284081752	GP_unb_33	219:131	4	0.0	0.4991936115234976	1.0244011427734232	0	0	0	0		1	False	0
ecol-SAMN34375054	GP_unb_11	136:281	4	0.0	0.423083698972579	0.8525822284081752	GP_unb_34	226:128	4	0.0	0.49956212824918245	1.0474763753571166	5	-1.9280917883598738	12.537126976659037	0.07217477347694512	25:61967,29:35229,35:27169,36:19914,37:19430,38:19116,40:16874,42:15084,47:11355,48:11205,57:3699,61:2581,63:1917,69:1203,70:1167,72:1078,73:1055,79:881,82:816,83:753,85:725,89:644,95:528,103:460,104:431,111:379,115:340,120:329,121:327,122:325,123:325,130:295,132:291,133:291,135:282,139:259,140:259,167:197,170:186,173:185,179:173,184:167,188:164,198:148,202:143,207:136,214:132,246:111,251:109,254:106,256:105,259:102	0	False	0
ecol-SAMN34375054	GP_unb_11	136:281	4	0.0	0.423083698972579	0.8525822284081752	GP_unb_35	231:124	5	0.0	0.4678017939366288	0.9255182174926284	5	-1.8704390056421425	12.974248076403024	0.07217477347694512	25:61967,29:35229,33:28845,35:27169,36:19914,37:19430,38:19116,40:16874,42:15084,47:11355,48:11205,57:3699,61:2581,63:1917,69:1203,70:1167,72:1078,73:1055,79:881,81:816,82:816,83:753,85:725,89:644,95:528,103:460,104:431,111:379,115:340,120:329,121:327,122:325,123:325,124:324,125:321,130:295,132:291,133:291,135:282,139:259,140:259,161:210,167:197,170:186,173:185,175:176,179:173,184:167,188:164,198:148,202:143,207:136,214:132,239:118,246:111,251:109,254:106,256:105,259:102	0	False	0
ecol-SAMN34375054	GP_unb_11	136:281	4	0.0	0.423083698972579	0.8525822284081752	GP_unb_36	241:116	4	0.0	0.4892892881834844	2.1243864918321003	5	-2.3648909900096005	13.001507609996148	0.07217477347694512	24:62199,25:61967,26:61534,29:35229,33:28845,37:19430,38:19116,39:17090,40:16874,42:15084,47:11355,48:11205,57:3699,61:2581,63:1917,69:1203,70:1167,72:1078,73:1055,79:881,81:816,82:816,83:753,85:725,89:644,92:587,95:528,103:460,104:431,111:379,115:340,120:329,121:327,122:325,123:325,124:324,130:295,132:291,133:291,135:282,139:259,140:259,161:210,167:197,170:186,173:185,176:174,179:173,184:167,188:164,198:148,202:143,207:136,214:132,233:121,246:111,251:109,254:106,256:105,259:102	0	False	0
ecol-SAMN34375054	GP_unb_11	136:281	4	0.0	0.423083698972579	0.8525822284081752	GP_unb_37	249:109	4	0.0	0.49977650941861884	1.5649842502380782	5	-2.2140078088419877	10.709647448999798	0.07842548148619241	1:484462,28:41938,29:35229,33:28845,35:27169,38:19116,40:16874,42:15084,47:11355,48:11205,57:3699,61:2581,69:1203,70:1167,72:1078,73:1055,79:881,81:816,82:816,83:753,85:725,88:675,89:644,90:625,95:528,98:522,103:460,104:431,111:379,115:340,120:329,121:327,122:325,123:325,130:295,132:291,133:291,139:259,140:259,161:210,167:197,170:186,173:185,179:173,184:167,185:167,188:164,202:143,207:136,214:132,246:111,251:109,254:106,256:105,259:102	0	False	0
ecol-SAMN34375054	GP_unb_11	136:281	4	0.0	0.423083698972579	0.8525822284081752	GP_unb_38	250:109	5	0.0	0.488385559122413	2.0378140795546114	5	-2.528953997899788	13.3374722584807	0.07217477347694512	15:117172,25:61967,28:41938,29:35229,33:28845,35:27169,36:19914,37:19430,38:19116,40:16874,42:15084,47:11355,48:11205,57:3699,61:2581,63:1917,69:1203,70:1167,72:1078,73:1055,76:980,79:881,81:816,82:816,83:753,85:725,88:675,89:644,90:625,93:559,94:559,95:528,103:460,104:431,106:409,111:379,114:348,115:340,120:329,121:327,122:325,123:325,130:295,132:291,133:291,135:282,139:259,140:259,156:213,161:210,165:202,166:202,167:197,170:186,173:185,179:173,184:167,188:164,198:148,202:143,206:140,207:136,214:132,237:118,246:111,251:109,254:106,256:105,259:102	0	False	0
ecol-SAMN34375054	GP_unb_11	136:281	4	0.0	0.423083698972579	0.8525822284081752	GP_unb_39	257:104	5	0.0	0.49908094478854037	1.1816836343984096	5	-1.8704390056421425	12.882853566051725	0.07217477347694512	25:61967,29:35229,33:28845,35:27169,36:19914,37:19430,38:19116,40:16874,42:15084,47:11355,48:11205,57:3699,61:2581,63:1917,65:1404,69:1203,70:1167,72:1078,73:1055,79:881,81:816,82:816,83:753,85:725,89:644,95:528,103:460,104:431,111:379,115:340,120:329,121:327,122:325,123:325,124:324,130:295,132:291,133:291,135:282,139:259,140:259,161:210,167:197,170:186,173:185,175:176,179:173,184:167,188:164,198:148,202:143,207:136,214:132,239:118,246:111,251:109,254:106,256:105,259:102	0	False	0
ecol-SAMN34375054	GP_unb_12	137:265	4	0.0	0.1058561025785324	6.106153395355651	GP_unb_13	138:260	5	0.0	0.480627033506576	1.5873269357556223	5	-2.2569876848120565	13.057008515303865	0.07217477347694512	24:62199,25:61967,26:61534,28:41938,33:28845,34:27705,37:19430,38:19116,40:16874,42:15084,47:11355,48:11205,57:3699,61:2581,63:1917,64:1577,69:1203,70:1167,72:1078,73:1055,78:910,79:881,81:816,82:816,83:753,85:725,88:675,89:644,90:625,95:528,103:460,104:431,111:379,115:340,120:329,121:327,122:325,123:325,130:295,132:291,133:291,135:282,139:259,140:259,161:210,167:197,170:186,173:185,176:174,179:173,184:167,198:148,202:143,207:136,246:111,251:109,254:106,256:105,259:102	0	False	0
ecol-SAMN34375054	GP_unb_12	137:265	4	0.0	0.1058561025785324	6.106153395355651	GP_unb_14	143:237	4	0.0	0.49702341008473283	0.8763460552340487	5	-2.3016957114717953	11.65583263994329	0.07217477347694512	25:61967,28:41938,29:35229,33:28845,34:27705,35:27169,36:19914,37:19430,38:19116,40:16874,42:15084,47:11355,48:11205,57:3699,61:2581,63:1917,64:1577,69:1203,70:1167,72:1078,73:1055,79:881,81:816,82:816,83:753,85:725,88:675,89:644,90:625,95:528,103:460,104:431,111:379,115:340,120:329,121:327,122:325,123:325,130:295,132:291,133:291,135:282,139:259,140:259,161:210,167:197,170:186,173:185,179:173,184:167,188:164,198:148,202:143,207:136,214:132,246:111,251:109,254:106,256:105,259:102	0	False	0
ecol-SAMN34375054	GP_unb_12	137:265	4	0.0	0.1058561025785324	6.106153395355651	GP_unb_15	146:234	5	0.0	0.48395117861074444	0.7934803311112739	5	-2.0247871435339952	12.060100230730777	0.07217477347694512	25:61967,28:41938,33:28845,34:27705,35:27169,36:19914,37:19430,38:19116,40:16874,42:15084,47:11355,48:11205,57:3699,61:2581,63:1917,64:1577,69:1203,70:1167,72:1078,73:1055,79:881,81:816,82:816,83:753,85:725,88:675,89:644,90:625,95:528,103:460,104:431,111:379,115:340,120:329,121:327,122:325,123:325,130:295,132:291,133:291,135:282,139:259,140:259,161:210,167:197,170:186,173:185,179:173,184:167,198:148,202:143,207:136,214:132,246:111,251:109,254:106,256:105,259:102	0	False	0
ecol-SAMN34375054	GP_unb_12	137:265	4	0.0	0.1058561025785324	6.106153395355651	GP_unb_16	147:234	5	0.0	0.4643358309778072	0.9224159402241595	5	-2.0247871435339952	12.040484883097838	0.07217477347694512	25:61967,28:41938,33:28845,34:27705,35:27169,36:19914,37:19430,38:19116,40:16874,42:15084,47:11355,48:11205,57:3699,61:2581,63:1917,64:1577,69:1203,70:1167,72:1078,73:1055,79:881,81:816,82:816,83:753,85:725,88:675,89:644,90:625,95:528,103:460,104:431,111:379,115:340,120:329,121:327,122:325,123:325,130:295,132:291,133:291,135:282,139:259,140:259,161:210,167:197,170:186,173:185,179:173,184:167,198:148,202:143,207:136,214:132,246:111,251:109,254:106,256:105,259:102	0	False	0
ecol-SAMN34375054	GP_unb_12	137:265	4	0.0	0.1058561025785324	6.106153395355651	GP_unb_17	150:228	4	0.0	0.49445963715976216	1.963848802285547	5	-2.24200816327407	10.667996269138284	0.07217477347694512	25:61967,28:41938,33:28845,34:27705,36:19914,37:19430,38:19116,40:16874,42:15084,47:11355,48:11205,57:3699,61:2581,63:1917,64:1577,69:1203,70:1167,72:1078,73:1055,79:881,81:816,82:816,83:753,85:725,88:675,89:644,90:625,95:528,103:460,104:431,111:379,115:340,120:329,121:327,122:325,123:325,130:295,132:291,133:291,135:282,139:259,140:259,149:232,161:210,167:197,170:186,171:186,173:185,179:173,184:167,198:148,202:143,207:136,246:111,251:109,254:106,256:105,259:102	0	False	0
ecol-SAMN34375054	GP_unb_12	137:265	4	0.0	0.1058561025785324	6.106153395355651	GP_unb_18	153:223	5	0.0	0.41624278017758964	1.1671159622005713	5	-2.7108448008420813	15.591526419647407	0.07217477347694512	25:61967,28:41938,33:28845,34:27705,35:27169,36:19914,37:19430,38:19116,39:17090,40:16874,42:15084,46:11585,47:11355,48:11205,54:6507,57:3699,61:2581,63:1917,64:1577,69:1203,70:1167,72:1078,73:1055,79:881,81:816,82:816,83:753,85:725,88:675,89:644,90:625,92:587,95:528,103:460,104:431,111:379,115:340,120:329,121:327,122:325,123:325,124:324,130:295,132:291,133:291,135:282,139:259,140:259,161:210,167:197,170:186,173:185,179:173,182:167,184:167,186:167,198:148,199:145,202:143,203:141,207:136,211:132,212:132,214:132,234:119,244:116,245:115,246:111,251:109,254:106,256:105,259:102	0	False	0
ecol-SAMN34375054	GP_unb_12	137:265	4	0.0	0.1058561025785324	6.106153395355651	GP_unb_19	154:223	5	0.0	0.408511360060988	1.2613727932019634	5	-2.7108448008420813	15.583794999530808	0.07217477347694512	25:61967,28:41938,33:28845,34:27705,35:27169,36:19914,37:19430,38:19116,39:17090,40:16874,42:15084,46:11585,47:11355,48:11205,54:6507,57:3699,61:2581,63:1917,64:1577,69:1203,70:1167,72:1078,73:1055,79:881,81:816,82:816,83:753,85:725,88:675,89:644,90:625,92:587,95:528,103:460,104:431,111:379,115:340,120:329,121:327,122:325,123:325,124:324,130:295,132:291,133:291,135:282,139:259,140:259,161:210,167:197,170:186,173:185,179:173,182:167,184:167,186:167,198:148,199:145,202:143,203:141,207:136,211:132,212:132,214:132,234:119,244:116,245:115,246:111,251:109,254:106,256:105,259:102	0	False	0
ecol-SAMN34375054	GP_unb_12	137:265	4	0.0	0.1058561025785324	6.106153395355651	GP_unb_20	159:211	5	0.0	0.47333547992256597	1.2704050985275805	0	0	0	0		1	False	0
ecol-SAMN34375054	GP_unb_12	137:265	4	0.0	0.1058561025785324	6.106153395355651	GP_unb_21	160:211	5	0.0	0.1675830139114065	1.4041315654530804	0	0	0	0		1	False	0
ecol-SAMN34375054	GP_unb_12	137:265	4	0.0	0.1058561025785324	6.106153395355651	GP_unb_22	162:208	5	0.0	0.48221642619736504	1.3486337997216322	5	-1.9998989080925418	9.948887974651457	0.07217477347694509	22:73170,25:61967,33:28845,35:27169,37:19430,38:19116,39:17090,40:16874,42:15084,45:13205,47:11355,48:11205,57:3699,59:3086,61:2581,63:1917,69:1203,70:1167,72:1078,73:1055,74:1020,79:881,81:816,82:816,83:753,85:725,89:644,92:587,95:528,103:460,104:431,111:379,115:340,120:329,121:327,122:325,123:325,124:324,130:295,132:291,133:291,139:259,140:259,161:210,167:197,170:186,173:185,178:173,179:173,184:167,202:143,207:136,213:132,214:132,232:121,238:118,246:111,247:110,251:109,254:106,256:105,258:103,259:102	0	False	0
ecol-SAMN34375054	GP_unb_12	137:265	4	0.0	0.1058561025785324	6.106153395355651	GP_unb_23	163:208	5	0.0	0.475990418465596	1.085407662442312	5	-1.9998989080925418	9.942661966919689	0.07217477347694512	22:73170,25:61967,33:28845,35:27169,37:19430,38:19116,39:17090,40:16874,42:15084,45:13205,47:11355,48:11205,57:3699,59:3086,61:2581,63:1917,69:1203,70:1167,72:1078,73:1055,74:1020,79:881,81:816,82:816,83:753,85:725,89:644,92:587,95:528,103:460,104:431,111:379,115:340,120:329,121:327,122:325,123:325,124:324,130:295,132:291,133:291,139:259,140:259,161:210,167:197,170:186,173:185,178:173,179:173,184:167,202:143,207:136,213:132,214:132,232:121,238:118,246:111,247:110,251:109,254:106,256:105,258:103,259:102	0	False	0
ecol-SAMN34375054	GP_unb_12	137:265	4	0.0	0.1058561025785324	6.106153395355651	GP_unb_24	164:203	4	0.0	0.4928958531709364	2.15280199252802	0	0	0	0		1	False	0
ecol-SAMN34375054	GP_unb_12	137:265	4	0.0	0.1058561025785324	6.106153395355651	GP_unb_25	172:186	5	0.0	0.3968176402729984	1.4146802432056262	5	-2.1049828509375095	12.350580926796125	0.07217477347694512	25:61967,28:41938,34:27705,35:27169,36:19914,37:19430,38:19116,39:17090,40:16874,47:11355,48:11205,52:9888,57:3699,61:2581,63:1917,64:1577,69:1203,70:1167,72:1078,73:1055,79:881,82:816,83:753,85:725,88:675,89:644,90:625,92:587,95:528,103:460,104:431,111:379,115:340,120:329,122:325,123:325,124:324,130:295,132:291,133:291,135:282,139:259,140:259,152:227,161:210,167:197,170:186,173:185,179:173,184:167,198:148,202:143,207:136,214:132,246:111,251:109,254:106,256:105,259:102	0	False	0
ecol-SAMN34375054	GP_unb_12	137:265	4	0.0	0.1058561025785324	6.106153395355651	GP_unb_26	177:174	4	0.0	0.4640159774030528	0.7011120064464142	5	-1.6447862180754786	11.639474116882417	0.07217477347694512	22:73170,25:61967,33:28845,36:19914,37:19430,38:19116,40:16874,42:15084,47:11355,48:11205,59:3086,61:2581,63:1917,69:1203,70:1167,72:1078,73:1055,79:881,81:816,82:816,83:753,85:725,89:644,95:528,103:460,104:431,111:379,115:340,120:329,121:327,122:325,123:325,124:324,125:321,130:295,132:291,133:291,135:282,139:259,140:259,161:210,167:197,170:186,173:185,175:176,179:173,184:167,198:148,202:143,207:136,213:132,239:118,246:111,251:109,254:106,256:105,258:103,259:102	0	False	0
ecol-SAMN34375054	GP_unb_12	137:265	4	0.0	0.1058561025785324	6.106153395355651	GP_unb_27	191:160	5	0.0	0.4989549680172808	0.6509882059922351	0	0	0	0		1	False	0
ecol-SAMN34375054	GP_unb_12	137:265	4	0.0	0.1058561025785324	6.106153395355651	GP_unb_28	192:160	4	0.0	0.21507936407806172	1.1898688740751593	0	0	0	0		1	False	0
ecol-SAMN34375054	GP_unb_12	137:265	4	0.0	0.1058561025785324	6.106153395355651	GP_unb_29	193:156	5	0.0	0.489610564409944	1.6908871144971065	0	0	0	0		1	False	0
ecol-SAMN34375054	GP_unb_12	137:265	4	0.0	0.1058561025785324	6.106153395355651	GP_unb_30	194:156	5	0.0	0.3302439589820926	1.016218592044539	0	0	0	0		1	False	0
ecol-SAMN34375054	GP_unb_12	137:265	4	0.0	0.1058561025785324	6.106153395355651	GP_unb_31	195:153	5	0.0	0.453655333245074	1.2588601567650723	5	-2.0758007836629093	12.629070724430251	0.07217477347694512	25:61967,28:41938,34:27705,35:27169,36:19914,37:19430,38:19116,39:17090,40:16874,47:11355,48:11205,55:4173,57:3699,61:2581,63:1917,64:1577,69:1203,70:1167,72:1078,73:1055,79:881,82:816,83:753,85:725,88:675,89:644,90:625,92:587,95:528,103:460,104:431,111:379,115:340,120:329,122:325,123:325,124:324,130:295,132:291,133:291,135:282,139:259,140:259,152:227,161:210,167:197,170:186,173:185,179:173,184:167,198:148,202:143,207:136,208:135,210:134,214:132,246:111,251:109,254:106,256:105,259:102	0	False	0
ecol-SAMN34375054	GP_unb_12	137:265	4	0.0	0.1058561025785324	6.106153395355651	GP_unb_32	204:141	4	0.0	0.4978667098285404	1.2225697751080506	0	0	0	0		1	False	0
ecol-SAMN34375054	GP_unb_12	137:265	4	0.0	0.1058561025785324	6.106153395355651	GP_unb_33	219:131	4	0.0	0.4991936115234976	1.0244011427734232	0	0	0	0		1	False	0
ecol-SAMN34375054	GP_unb_12	137:265	4	0.0	0.1058561025785324	6.106153395355651	GP_unb_34	226:128	4	0.0	0.49956212824918245	1.0474763753571166	5	-2.1693871724609375	12.380442616985269	0.07217477347765379	25:61967,28:41938,34:27705,35:27169,36:19914,37:19430,38:19116,39:17090,40:16874,42:15084,47:11355,48:11205,57:3699,61:2581,63:1917,64:1577,69:1203,70:1167,72:1078,73:1055,79:881,82:816,83:753,85:725,88:675,89:644,90:625,92:587,95:528,103:460,104:431,111:379,115:340,120:329,121:327,122:325,123:325,124:324,130:295,132:291,133:291,135:282,139:259,140:259,161:210,167:197,170:186,173:185,179:173,184:167,198:148,202:143,207:136,214:132,246:111,251:109,254:106,256:105,259:102	0	False	0
ecol-SAMN34375054	GP_unb_12	137:265	4	0.0	0.1058561025785324	6.106153395355651	GP_unb_35	231:124	5	0.0	0.4678017939366288	0.9255182174926284	5	-1.5599821062879278	11.903085306086618	0.07217477347694512	22:73170,25:61967,33:28845,36:19914,37:19430,38:19116,40:16874,42:15084,47:11355,48:11205,57:3699,59:3086,61:2581,63:1917,69:1203,70:1167,72:1078,73:1055,79:881,81:816,82:816,83:753,85:725,89:644,95:528,103:460,104:431,111:379,115:340,120:329,121:327,122:325,123:325,124:324,125:321,130:295,132:291,133:291,135:282,139:259,140:259,161:210,167:197,170:186,173:185,175:176,179:173,184:167,198:148,202:143,207:136,213:132,239:118,246:111,251:109,254:106,256:105,258:103,259:102	0	False	0
ecol-SAMN34375054	GP_unb_12	137:265	4	0.0	0.1058561025785324	6.106153395355651	GP_unb_36	241:116	4	0.0	0.4892892881834844	2.1243864918321003	5	-2.3302947022292844	12.35130693321315	0.07217477347694512	24:62199,25:61967,26:61534,28:41938,33:28845,34:27705,37:19430,38:19116,40:16874,42:15084,47:11355,48:11205,57:3699,61:2581,63:1917,64:1577,69:1203,70:1167,72:1078,73:1055,79:881,81:816,82:816,83:753,85:725,88:675,89:644,90:625,95:528,103:460,104:431,111:379,115:340,120:329,121:327,122:325,123:325,130:295,132:291,133:291,135:282,139:259,140:259,161:210,167:197,170:186,173:185,176:174,179:173,184:167,198:148,202:143,207:136,233:121,246:111,251:109,254:106,256:105,259:102	0	False	0
ecol-SAMN34375054	GP_unb_12	137:265	4	0.0	0.1058561025785324	6.106153395355651	GP_unb_37	249:109	4	0.0	0.49977650941861884	1.5649842502380782	5	-2.0884442398714156	10.293634669051846	0.07217477347694512	7:202026,25:61967,33:28845,35:27169,36:19914,37:19430,38:19116,39:17090,40:16874,42:15084,47:11355,48:11205,57:3699,59:3086,61:2581,63:1917,69:1203,70:1167,72:1078,73:1055,79:881,81:816,82:816,83:753,85:725,89:644,92:587,95:528,98:522,103:460,104:431,111:379,115:340,120:329,121:327,122:325,123:325,124:324,130:295,132:291,133:291,135:282,139:259,140:259,161:210,167:197,170:186,173:185,179:173,184:167,185:167,198:148,202:143,207:136,214:132,246:111,251:109,254:106,256:105,258:103,259:102	0	False	0
ecol-SAMN34375054	GP_unb_12	137:265	4	0.0	0.1058561025785324	6.106153395355651	GP_unb_38	250:109	5	0.0	0.488385559122413	2.0378140795546114	5	-2.218497098545573	12.266309488164294	0.07217477347694512	15:117172,22:73170,25:61967,28:41938,33:28845,36:19914,37:19430,38:19116,40:16874,42:15084,47:11355,48:11205,57:3699,59:3086,61:2581,63:1917,69:1203,70:1167,72:1078,73:1055,76:980,79:881,81:816,82:816,83:753,85:725,88:675,89:644,90:625,93:559,94:559,95:528,103:460,104:431,106:409,111:379,114:348,115:340,120:329,121:327,122:325,123:325,130:295,132:291,133:291,135:282,139:259,140:259,156:213,161:210,165:202,166:202,167:197,170:186,173:185,179:173,184:167,198:148,202:143,206:140,207:136,213:132,237:118,246:111,251:109,254:106,256:105,258:103,259:102	0	False	0
ecol-SAMN34375054	GP_unb_12	137:265	4	0.0	0.1058561025785324	6.106153395355651	GP_unb_39	257:104	5	0.0	0.49908094478854037	1.1816836343984096	5	-1.5599821062879278	11.81169079573532	0.07217477347694512	22:73170,25:61967,33:28845,36:19914,37:19430,38:19116,40:16874,42:15084,47:11355,48:11205,57:3699,59:3086,61:2581,63:1917,65:1404,69:1203,70:1167,72:1078,73:1055,79:881,81:816,82:816,83:753,85:725,89:644,95:528,103:460,104:431,111:379,115:340,120:329,121:327,122:325,123:325,124:324,130:295,132:291,133:291,135:282,139:259,140:259,161:210,167:197,170:186,173:185,175:176,179:173,184:167,198:148,202:143,207:136,213:132,239:118,246:111,251:109,254:106,256:105,258:103,259:102	0	False	0
ecol-SAMN34375054	GP_unb_13	138:260	5	0.0	0.480627033506576	1.5873269357556223	GP_unb_14	143:237	4	0.0	0.49702341008473283	0.8763460552340487	5	-2.3073448419527223	13.781148903199016	0.07217477347694512	24:62199,25:61967,26:61534,29:35229,33:28845,37:19430,38:19116,39:17090,40:16874,42:15084,47:11355,48:11205,57:3699,61:2581,63:1917,69:1203,70:1167,72:1078,73:1055,78:910,79:881,81:816,82:816,83:753,85:725,89:644,92:587,95:528,103:460,104:431,111:379,115:340,120:329,121:327,122:325,123:325,124:324,130:295,132:291,133:291,135:282,139:259,140:259,161:210,167:197,170:186,173:185,176:174,179:173,184:167,188:164,198:148,202:143,207:136,214:132,246:111,251:109,254:106,256:105,259:102	0	False	0
ecol-SAMN34375054	GP_unb_13	138:260	5	0.0	0.480627033506576	1.5873269357556223	GP_unb_15	146:234	5	0.0	0.48395117861074444	0.7934803311112739	5	-2.030436274014922	14.185416493986507	0.07217477347694512	24:62199,25:61967,26:61534,33:28845,37:19430,38:19116,39:17090,40:16874,42:15084,47:11355,48:11205,57:3699,61:2581,63:1917,69:1203,70:1167,72:1078,73:1055,78:910,79:881,81:816,82:816,83:753,85:725,89:644,92:587,95:528,103:460,104:431,111:379,115:340,120:329,121:327,122:325,123:325,124:324,130:295,132:291,133:291,135:282,139:259,140:259,161:210,167:197,170:186,173:185,176:174,179:173,184:167,198:148,202:143,207:136,214:132,246:111,251:109,254:106,256:105,259:102	0	False	0
ecol-SAMN34375054	GP_unb_13	138:260	5	0.0	0.480627033506576	1.5873269357556223	GP_unb_16	147:234	5	0.0	0.4643358309778072	0.9224159402241595	5	-2.030436274014922	14.165801146353568	0.07217477347694512	24:62199,25:61967,26:61534,33:28845,37:19430,38:19116,39:17090,40:16874,42:15084,47:11355,48:11205,57:3699,61:2581,63:1917,69:1203,70:1167,72:1078,73:1055,78:910,79:881,81:816,82:816,83:753,85:725,89:644,92:587,95:528,103:460,104:431,111:379,115:340,120:329,121:327,122:325,123:325,124:324,130:295,132:291,133:291,135:282,139:259,140:259,161:210,167:197,170:186,173:185,176:174,179:173,184:167,198:148,202:143,207:136,214:132,246:111,251:109,254:106,256:105,259:102	0	False	0
ecol-SAMN34375054	GP_unb_13	138:260	5	0.0	0.480627033506576	1.5873269357556223	GP_unb_17	150:228	4	0.0	0.49445963715976216	1.963848802285547	5	-2.491877444165616	12.785293339552235	0.07217477347694513	25:61967,26:61534,33:28845,35:27169,36:19914,37:19430,38:19116,39:17090,40:16874,42:15084,47:11355,48:11205,57:3699,61:2581,63:1917,69:1203,70:1167,72:1078,73:1055,78:910,79:881,81:816,82:816,83:753,85:725,89:644,92:587,95:528,103:460,104:431,111:379,115:340,120:329,121:327,122:325,123:325,124:324,130:295,132:291,133:291,135:282,139:259,140:259,149:232,161:210,167:197,170:186,171:186,173:185,176:174,179:173,184:167,202:143,207:136,214:132,246:111,251:109,254:106,256:105,259:102	0	False	0
ecol-SAMN34375054	GP_unb_13	138:260	5	0.0	0.480627033506576	1.5873269357556223	GP_unb_18	153:223	5	0.0	0.41624278017758964	1.1671159622005713	5	-2.440602259441629	17.223326365793916	0.07217477347694512	24:62199,25:61967,26:61534,33:28845,37:19430,38:19116,40:16874,42:15084,46:11585,47:11355,48:11205,54:6507,57:3699,61:2581,63:1917,69:1203,70:1167,72:1078,73:1055,78:910,79:881,81:816,82:816,83:753,85:725,89:644,95:528,103:460,104:431,111:379,115:340,120:329,121:327,122:325,123:325,130:295,132:291,133:291,135:282,139:259,140:259,167:197,170:186,173:185,176:174,179:173,182:167,184:167,186:167,198:148,199:145,202:143,203:141,207:136,211:132,212:132,234:119,244:116,245:115,246:111,251:109,254:106,256:105,259:102	0	False	0
ecol-SAMN34375054	GP_unb_13	138:260	5	0.0	0.480627033506576	1.5873269357556223	GP_unb_19	154:223	5	0.0	0.408511360060988	1.2613727932019634	5	-2.440602259441629	17.215594945677314	0.07217477347765389	24:62199,25:61967,26:61534,33:28845,37:19430,38:19116,40:16874,42:15084,46:11585,47:11355,48:11205,54:6507,57:3699,61:2581,63:1917,69:1203,70:1167,72:1078,73:1055,78:910,79:881,81:816,82:816,83:753,85:725,89:644,95:528,103:460,104:431,111:379,115:340,120:329,121:327,122:325,123:325,130:295,132:291,133:291,135:282,139:259,140:259,167:197,170:186,173:185,176:174,179:173,182:167,184:167,186:167,198:148,199:145,202:143,203:141,207:136,211:132,212:132,234:119,244:116,245:115,246:111,251:109,254:106,256:105,259:102	0	False	0
ecol-SAMN34375054	GP_unb_13	138:260	5	0.0	0.480627033506576	1.5873269357556223	GP_unb_20	159:211	5	0.0	0.47333547992256597	1.2704050985275805	0	0	0	0		1	False	0
ecol-SAMN34375054	GP_unb_13	138:260	5	0.0	0.480627033506576	1.5873269357556223	GP_unb_21	160:211	5	0.0	0.1675830139114065	1.4041315654530804	0	0	0	0		1	False	0
ecol-SAMN34375054	GP_unb_13	138:260	5	0.0	0.480627033506576	1.5873269357556223	GP_unb_22	162:208	5	0.0	0.48221642619736504	1.3486337997216322	5	-2.239905248455474	13.370167282988932	0.07217477347694512	25:61967,26:61534,33:28845,35:27169,37:19430,38:19116,39:17090,40:16874,42:15084,45:13205,47:11355,48:11205,57:3699,61:2581,63:1917,69:1203,70:1167,72:1078,73:1055,74:1020,78:910,79:881,81:816,82:816,83:753,85:725,89:644,92:587,95:528,103:460,104:431,111:379,115:340,120:329,121:327,122:325,123:325,124:324,130:295,132:291,133:291,135:282,139:259,140:259,161:210,167:197,170:186,173:185,176:174,178:173,179:173,184:167,198:148,202:143,207:136,214:132,232:121,238:118,246:111,247:110,251:109,254:106,256:105,259:102	0	False	0
ecol-SAMN34375054	GP_unb_13	138:260	5	0.0	0.480627033506576	1.5873269357556223	GP_unb_23	163:208	5	0.0	0.475990418465596	1.085407662442312	5	-2.239905248455474	13.363941275257163	0.07217477347694512	25:61967,26:61534,33:28845,35:27169,37:19430,38:19116,39:17090,40:16874,42:15084,45:13205,47:11355,48:11205,57:3699,61:2581,63:1917,69:1203,70:1167,72:1078,73:1055,74:1020,78:910,79:881,81:816,82:816,83:753,85:725,89:644,92:587,95:528,103:460,104:431,111:379,115:340,120:329,121:327,122:325,123:325,124:324,130:295,132:291,133:291,135:282,139:259,140:259,161:210,167:197,170:186,173:185,176:174,178:173,179:173,184:167,198:148,202:143,207:136,214:132,232:121,238:118,246:111,247:110,251:109,254:106,256:105,259:102	0	False	0
ecol-SAMN34375054	GP_unb_13	138:260	5	0.0	0.480627033506576	1.5873269357556223	GP_unb_24	164:203	4	0.0	0.4928958531709364	2.15280199252802	0	0	0	0		1	False	0
ecol-SAMN34375054	GP_unb_13	138:260	5	0.0	0.480627033506576	1.5873269357556223	GP_unb_25	172:186	5	0.0	0.3968176402729984	1.4146802432056262	5	-1.8347403095370567	13.98238087294263	0.07217477347694512	24:62199,25:61967,26:61534,37:19430,38:19116,40:16874,47:11355,48:11205,52:9888,57:3699,61:2581,63:1917,69:1203,70:1167,72:1078,73:1055,78:910,79:881,82:816,83:753,85:725,89:644,95:528,103:460,104:431,111:379,115:340,120:329,122:325,123:325,130:295,132:291,133:291,135:282,139:259,140:259,152:227,167:197,170:186,173:185,176:174,179:173,184:167,198:148,202:143,207:136,246:111,251:109,254:106,256:105,259:102	0	False	0
ecol-SAMN34375054	GP_unb_13	138:260	5	0.0	0.480627033506576	1.5873269357556223	GP_unb_26	177:174	4	0.0	0.4640159774030528	0.7011120064464142	5	-1.9262959601303045	14.185752473671554	0.0721747734769298	24:62199,25:61967,26:61534,33:28845,37:19430,38:19116,40:16874,42:15084,47:11355,48:11205,61:2581,63:1917,69:1203,70:1167,72:1078,73:1055,78:910,79:881,81:816,82:816,83:753,85:725,89:644,95:528,103:460,104:431,111:379,115:340,120:329,121:327,122:325,123:325,124:324,125:321,130:295,132:291,133:291,135:282,139:259,140:259,161:210,167:197,170:186,173:185,175:176,176:174,179:173,184:167,198:148,202:143,207:136,239:118,246:111,251:109,254:106,256:105,259:102	0	False	0
ecol-SAMN34375054	GP_unb_13	138:260	5	0.0	0.480627033506576	1.5873269357556223	GP_unb_27	191:160	5	0.0	0.4989549680172808	0.6509882059922351	0	0	0	0		1	False	0
ecol-SAMN34375054	GP_unb_13	138:260	5	0.0	0.480627033506576	1.5873269357556223	GP_unb_28	192:160	4	0.0	0.21507936407806172	1.1898688740751593	0	0	0	0		1	False	0
ecol-SAMN34375054	GP_unb_13	138:260	5	0.0	0.480627033506576	1.5873269357556223	GP_unb_29	193:156	5	0.0	0.489610564409944	1.6908871144971065	0	0	0	0		1	False	0
ecol-SAMN34375054	GP_unb_13	138:260	5	0.0	0.480627033506576	1.5873269357556223	GP_unb_30	194:156	5	0.0	0.3302439589820926	1.016218592044539	0	0	0	0		1	False	0
ecol-SAMN34375054	GP_unb_13	138:260	5	0.0	0.480627033506576	1.5873269357556223	GP_unb_31	195:153	5	0.0	0.453655333245074	1.2588601567650723	5	-1.805558242262456	14.260870670576745	0.07217477347694513	24:62199,25:61967,26:61534,37:19430,38:19116,40:16874,47:11355,48:11205,55:4173,57:3699,61:2581,63:1917,69:1203,70:1167,72:1078,73:1055,78:910,79:881,82:816,83:753,85:725,89:644,95:528,103:460,104:431,111:379,115:340,120:329,122:325,123:325,130:295,132:291,133:291,135:282,139:259,140:259,152:227,167:197,170:186,173:185,176:174,179:173,184:167,198:148,202:143,207:136,208:135,210:134,246:111,251:109,254:106,256:105,259:102	0	False	0
ecol-SAMN34375054	GP_unb_13	138:260	5	0.0	0.480627033506576	1.5873269357556223	GP_unb_32	204:141	4	0.0	0.4978667098285404	1.2225697751080506	0	0	0	0		1	False	0
ecol-SAMN34375054	GP_unb_13	138:260	5	0.0	0.480627033506576	1.5873269357556223	GP_unb_33	219:131	4	0.0	0.4991936115234976	1.0244011427734232	0	0	0	0		1	False	0
ecol-SAMN34375054	GP_unb_13	138:260	5	0.0	0.480627033506576	1.5873269357556223	GP_unb_34	226:128	4	0.0	0.49956212824918245	1.0474763753571166	5	-2.1256947002252424	14.62636893109043	0.07217477347694512	25:61967,26:61534,33:28845,35:27169,37:19430,38:19116,39:17090,40:16874,42:15084,47:11355,48:11205,57:3699,61:2581,63:1917,69:1203,70:1167,72:1078,73:1055,78:910,79:881,81:816,82:816,83:753,85:725,89:644,92:587,95:528,103:460,104:431,111:379,115:340,120:329,121:327,122:325,123:325,124:324,130:295,132:291,133:291,135:282,139:259,140:259,161:210,167:197,170:186,173:185,176:174,179:173,184:167,198:148,202:143,207:136,214:132,246:111,251:109,254:106,256:105,259:102	0	False	0
ecol-SAMN34375054	GP_unb_13	138:260	5	0.0	0.480627033506576	1.5873269357556223	GP_unb_35	231:124	5	0.0	0.4678017939366288	0.9255182174926284	5	-1.8414918483427536	14.44936366287576	0.07217477347694512	24:62199,25:61967,26:61534,33:28845,37:19430,38:19116,40:16874,42:15084,47:11355,48:11205,57:3699,61:2581,63:1917,69:1203,70:1167,72:1078,73:1055,78:910,79:881,81:816,82:816,83:753,85:725,89:644,95:528,103:460,104:431,111:379,115:340,120:329,121:327,122:325,123:325,124:324,125:321,130:295,132:291,133:291,135:282,139:259,140:259,161:210,167:197,170:186,173:185,175:176,176:174,179:173,184:167,198:148,202:143,207:136,239:118,246:111,251:109,254:106,256:105,259:102	0	False	0
ecol-SAMN34375054	GP_unb_13	138:260	5	0.0	0.480627033506576	1.5873269357556223	GP_unb_36	241:116	4	0.0	0.4892892881834844	2.1243864918321003	5	-1.6007293207472821	12.81880920658123	0.07217477347694512	24:62199,25:61967,26:61534,37:19430,38:19116,40:16874,48:11205,57:3699,61:2581,63:1917,67:1287,69:1203,70:1167,72:1078,73:1055,79:881,82:816,83:753,85:725,89:644,95:528,104:431,111:379,120:329,122:325,123:325,130:295,132:291,133:291,135:282,139:259,140:259,167:197,170:186,173:185,176:174,179:173,184:167,198:148,202:143,207:136,233:121,246:111,251:109,254:106,256:105,259:102	0	False	0
ecol-SAMN34375054	GP_unb_13	138:260	5	0.0	0.480627033506576	1.5873269357556223	GP_unb_37	249:109	4	0.0	0.49977650941861884	1.5649842502380782	5	-2.139410164581747	13.360338733118523	0.07842548148619244	26:61534,33:28845,35:27169,38:19116,39:17090,40:16874,42:15084,47:11355,48:11205,57:3699,61:2581,69:1203,70:1167,72:1078,73:1055,78:910,79:881,81:816,82:816,83:753,85:725,89:644,92:587,95:528,98:522,103:460,104:431,111:379,115:340,120:329,121:327,122:325,123:325,124:324,130:295,132:291,133:291,135:282,139:259,140:259,161:210,167:197,170:186,173:185,176:174,179:173,184:167,185:167,198:148,202:143,207:136,214:132,246:111,251:109,254:106,256:105,259:102	0	False	0
ecol-SAMN34375054	GP_unb_13	138:260	5	0.0	0.480627033506576	1.5873269357556223	GP_unb_38	250:109	5	0.0	0.488385559122413	2.0378140795546114	5	-2.2073755578995335	14.619881056890259	0.07217477347694512	25:61967,26:61534,27:52304,33:28845,35:27169,37:19430,38:19116,39:17090,40:16874,42:15084,45:13205,47:11355,48:11205,57:3699,61:2581,63:1917,69:1203,70:1167,72:1078,73:1055,74:1020,78:910,79:881,81:816,82:816,83:753,85:725,89:644,92:587,93:559,94:559,95:528,103:460,104:431,106:409,111:379,114:348,115:340,120:329,121:327,122:325,123:325,124:324,130:295,132:291,133:291,135:282,139:259,140:259,156:213,161:210,165:202,166:202,167:197,170:186,173:185,176:174,179:173,184:167,198:148,202:143,206:140,207:136,214:132,237:118,246:111,251:109,254:106,256:105,259:102	0	False	0
ecol-SAMN34375054	GP_unb_13	138:260	5	0.0	0.480627033506576	1.5873269357556223	GP_unb_39	257:104	5	0.0	0.49908094478854037	1.1816836343984096	5	-1.8414918483427536	14.357969152524461	0.07217477347694512	24:62199,25:61967,26:61534,33:28845,37:19430,38:19116,40:16874,42:15084,47:11355,48:11205,57:3699,61:2581,63:1917,65:1404,69:1203,70:1167,72:1078,73:1055,78:910,79:881,81:816,82:816,83:753,85:725,89:644,95:528,103:460,104:431,111:379,115:340,120:329,121:327,122:325,123:325,124:324,130:295,132:291,133:291,135:282,139:259,140:259,161:210,167:197,170:186,173:185,175:176,176:174,179:173,184:167,198:148,202:143,207:136,239:118,246:111,251:109,254:106,256:105,259:102	0	False	0
ecol-SAMN34375054	GP_unb_14	143:237	4	0.0	0.49702341008473283	0.8763460552340487	GP_unb_15	146:234	5	0.0	0.48395117861074444	0.7934803311112739	5	-1.9537189748619026	11.666114382855431	0.07217477347694512	16:111546,25:61967,29:35229,33:28845,36:19914,37:19430,38:19116,39:17090,40:16874,42:15084,47:11355,48:11205,57:3699,61:2581,63:1917,69:1203,70:1167,72:1078,73:1055,79:881,81:816,82:816,83:753,85:725,89:644,92:587,95:528,103:460,104:431,111:379,115:340,117:339,120:329,121:327,122:325,123:325,124:324,130:295,132:291,133:291,135:282,139:259,140:259,161:210,167:197,170:186,173:185,179:173,184:167,188:164,198:148,202:143,207:136,214:132,246:111,251:109,254:106,256:105,259:102	0	False	0
ecol-SAMN34375054	GP_unb_14	143:237	4	0.0	0.49702341008473283	0.8763460552340487	GP_unb_16	147:234	5	0.0	0.4643358309778072	0.9224159402241595	5	-1.9537189748619026	11.646499035222496	0.07217477347694512	16:111546,25:61967,29:35229,33:28845,36:19914,37:19430,38:19116,39:17090,40:16874,42:15084,47:11355,48:11205,57:3699,61:2581,63:1917,69:1203,70:1167,72:1078,73:1055,79:881,81:816,82:816,83:753,85:725,89:644,92:587,95:528,103:460,104:431,111:379,115:340,117:339,120:329,121:327,122:325,123:325,124:324,130:295,132:291,133:291,135:282,139:259,140:259,161:210,167:197,170:186,173:185,179:173,184:167,188:164,198:148,202:143,207:136,214:132,246:111,251:109,254:106,256:105,259:102	0	False	0
ecol-SAMN34375054	GP_unb_14	143:237	4	0.0	0.49702341008473283	0.8763460552340487	GP_unb_17	150:228	4	0.0	0.49445963715976216	1.963848802285547	5	-2.292365320414736	11.392136657033438	0.07217477347694512	25:61967,29:35229,33:28845,36:19914,37:19430,38:19116,39:17090,40:16874,42:15084,47:11355,48:11205,57:3699,61:2581,63:1917,69:1203,70:1167,72:1078,73:1055,79:881,81:816,82:816,83:753,85:725,89:644,92:587,95:528,103:460,104:431,111:379,115:340,120:329,121:327,122:325,123:325,124:324,130:295,132:291,133:291,135:282,139:259,140:259,149:232,161:210,167:197,170:186,171:186,173:185,179:173,184:167,188:164,198:148,202:143,207:136,214:132,246:111,251:109,254:106,256:105,259:102	0	False	0
ecol-SAMN34375054	GP_unb_14	143:237	4	0.0	0.49702341008473283	0.8763460552340487	GP_unb_18	153:223	5	0.0	0.41624278017758964	1.1671159622005713	5	-2.4853102861013667	15.822150490433332	0.07217477347694512	25:61967,29:35229,33:28845,35:27169,36:19914,37:19430,38:19116,40:16874,42:15084,46:11585,47:11355,48:11205,54:6507,57:3699,61:2581,63:1917,69:1203,70:1167,72:1078,73:1055,79:881,81:816,82:816,83:753,85:725,89:644,95:528,103:460,104:431,111:379,115:340,120:329,121:327,122:325,123:325,130:295,132:291,133:291,135:282,139:259,140:259,167:197,170:186,173:185,179:173,182:167,184:167,186:167,188:164,198:148,199:145,202:143,203:141,207:136,211:132,212:132,214:132,234:119,244:116,245:115,246:111,251:109,254:106,256:105,259:102	0	False	0
ecol-SAMN34375054	GP_unb_14	143:237	4	0.0	0.49702341008473283	0.8763460552340487	GP_unb_19	154:223	5	0.0	0.408511360060988	1.2613727932019634	5	-2.4853102861013667	15.81441907031673	0.07217477347694512	25:61967,29:35229,33:28845,35:27169,36:19914,37:19430,38:19116,40:16874,42:15084,46:11585,47:11355,48:11205,54:6507,57:3699,61:2581,63:1917,69:1203,70:1167,72:1078,73:1055,79:881,81:816,82:816,83:753,85:725,89:644,95:528,103:460,104:431,111:379,115:340,120:329,121:327,122:325,123:325,130:295,132:291,133:291,135:282,139:259,140:259,167:197,170:186,173:185,179:173,182:167,184:167,186:167,188:164,198:148,199:145,202:143,203:141,207:136,211:132,212:132,214:132,234:119,244:116,245:115,246:111,251:109,254:106,256:105,259:102	0	False	0
ecol-SAMN34375054	GP_unb_14	143:237	4	0.0	0.49702341008473283	0.8763460552340487	GP_unb_20	159:211	5	0.0	0.47333547992256597	1.2704050985275805	0	0	0	0		1	False	0
ecol-SAMN34375054	GP_unb_14	143:237	4	0.0	0.49702341008473283	0.8763460552340487	GP_unb_21	160:211	5	0.0	0.1675830139114065	1.4041315654530804	0	0	0	0		1	False	0
ecol-SAMN34375054	GP_unb_14	143:237	4	0.0	0.49702341008473283	0.8763460552340487	GP_unb_22	162:208	5	0.0	0.48221642619736504	1.3486337997216322	5	-2.330263762076064	10.79341570998236	0.07217477347694512	1:484462,25:61967,28:41938,29:35229,33:28845,35:27169,37:19430,38:19116,40:16874,42:15084,45:13205,47:11355,48:11205,57:3699,61:2581,63:1917,69:1203,70:1167,72:1078,73:1055,74:1020,79:881,81:816,82:816,83:753,85:725,88:675,89:644,90:625,95:528,103:460,104:431,111:379,115:340,120:329,121:327,122:325,123:325,130:295,132:291,133:291,139:259,140:259,161:210,167:197,170:186,173:185,178:173,179:173,184:167,188:164,202:143,207:136,214:132,232:121,238:118,246:111,247:110,251:109,254:106,256:105,259:102	0	False	0
ecol-SAMN34375054	GP_unb_14	143:237	4	0.0	0.49702341008473283	0.8763460552340487	GP_unb_23	163:208	5	0.0	0.475990418465596	1.085407662442312	5	-2.330263762076064	10.787189702250592	0.07217477347694523	1:484462,25:61967,28:41938,29:35229,33:28845,35:27169,37:19430,38:19116,40:16874,42:15084,45:13205,47:11355,48:11205,57:3699,61:2581,63:1917,69:1203,70:1167,72:1078,73:1055,74:1020,79:881,81:816,82:816,83:753,85:725,88:675,89:644,90:625,95:528,103:460,104:431,111:379,115:340,120:329,121:327,122:325,123:325,130:295,132:291,133:291,139:259,140:259,161:210,167:197,170:186,173:185,178:173,179:173,184:167,188:164,202:143,207:136,214:132,232:121,238:118,246:111,247:110,251:109,254:106,256:105,259:102	0	False	0
ecol-SAMN34375054	GP_unb_14	143:237	4	0.0	0.49702341008473283	0.8763460552340487	GP_unb_24	164:203	4	0.0	0.4928958531709364	2.15280199252802	0	0	0	0		1	False	0
ecol-SAMN34375054	GP_unb_14	143:237	4	0.0	0.49702341008473283	0.8763460552340487	GP_unb_25	172:186	5	0.0	0.3968176402729984	1.4146802432056262	5	-1.8794483361967953	12.581204997582047	0.07217477347694512	25:61967,29:35229,35:27169,36:19914,37:19430,38:19116,40:16874,47:11355,48:11205,52:9888,57:3699,61:2581,63:1917,69:1203,70:1167,72:1078,73:1055,79:881,82:816,83:753,85:725,89:644,95:528,103:460,104:431,111:379,115:340,120:329,122:325,123:325,130:295,132:291,133:291,135:282,139:259,140:259,152:227,167:197,170:186,173:185,179:173,184:167,188:164,198:148,202:143,207:136,214:132,246:111,251:109,254:106,256:105,259:102	0	False	0
ecol-SAMN34375054	GP_unb_14	143:237	4	0.0	0.49702341008473283	0.8763460552340487	GP_unb_26	177:174	4	0.0	0.4640159774030528	0.7011120064464142	5	-1.9710039867900426	12.784576598310975	0.07217477347694512	25:61967,29:35229,33:28845,35:27169,36:19914,37:19430,38:19116,40:16874,42:15084,47:11355,48:11205,61:2581,63:1917,69:1203,70:1167,72:1078,73:1055,79:881,81:816,82:816,83:753,85:725,89:644,95:528,103:460,104:431,111:379,115:340,120:329,121:327,122:325,123:325,124:324,125:321,130:295,132:291,133:291,135:282,139:259,140:259,161:210,167:197,170:186,173:185,175:176,179:173,184:167,188:164,198:148,202:143,207:136,214:132,239:118,246:111,251:109,254:106,256:105,259:102	0	False	0
ecol-SAMN34375054	GP_unb_14	143:237	4	0.0	0.49702341008473283	0.8763460552340487	GP_unb_27	191:160	5	0.0	0.4989549680172808	0.6509882059922351	0	0	0	0		1	False	0
ecol-SAMN34375054	GP_unb_14	143:237	4	0.0	0.49702341008473283	0.8763460552340487	GP_unb_28	192:160	4	0.0	0.21507936407806172	1.1898688740751593	0	0	0	0		1	False	0
ecol-SAMN34375054	GP_unb_14	143:237	4	0.0	0.49702341008473283	0.8763460552340487	GP_unb_29	193:156	5	0.0	0.489610564409944	1.6908871144971065	0	0	0	0		1	False	0
ecol-SAMN34375054	GP_unb_14	143:237	4	0.0	0.49702341008473283	0.8763460552340487	GP_unb_30	194:156	5	0.0	0.3302439589820926	1.016218592044539	0	0	0	0		1	False	0
ecol-SAMN34375054	GP_unb_14	143:237	4	0.0	0.49702341008473283	0.8763460552340487	GP_unb_31	195:153	5	0.0	0.453655333245074	1.2588601567650723	5	-1.8502662689221951	12.859694795216173	0.07217477347694512	25:61967,29:35229,35:27169,36:19914,37:19430,38:19116,40:16874,47:11355,48:11205,55:4173,57:3699,61:2581,63:1917,69:1203,70:1167,72:1078,73:1055,79:881,82:816,83:753,85:725,89:644,95:528,103:460,104:431,111:379,115:340,120:329,122:325,123:325,130:295,132:291,133:291,135:282,139:259,140:259,152:227,167:197,170:186,173:185,179:173,184:167,188:164,198:148,202:143,207:136,208:135,210:134,214:132,246:111,251:109,254:106,256:105,259:102	0	False	0
ecol-SAMN34375054	GP_unb_14	143:237	4	0.0	0.49702341008473283	0.8763460552340487	GP_unb_32	204:141	4	0.0	0.4978667098285404	1.2225697751080506	0	0	0	0		1	False	0
ecol-SAMN34375054	GP_unb_14	143:237	4	0.0	0.49702341008473283	0.8763460552340487	GP_unb_33	219:131	4	0.0	0.4991936115234976	1.0244011427734232	0	0	0	0		1	False	0
ecol-SAMN34375054	GP_unb_14	143:237	4	0.0	0.49702341008473283	0.8763460552340487	GP_unb_34	226:128	4	0.0	0.49956212824918245	1.0474763753571166	5	-1.943852657720223	12.61106668777119	0.07217477347694512	25:61967,29:35229,35:27169,36:19914,37:19430,38:19116,40:16874,42:15084,47:11355,48:11205,57:3699,61:2581,63:1917,69:1203,70:1167,72:1078,73:1055,79:881,82:816,83:753,85:725,89:644,95:528,103:460,104:431,111:379,115:340,120:329,121:327,122:325,123:325,130:295,132:291,133:291,135:282,139:259,140:259,167:197,170:186,173:185,179:173,184:167,188:164,198:148,202:143,207:136,214:132,246:111,251:109,254:106,256:105,259:102	0	False	0
ecol-SAMN34375054	GP_unb_14	143:237	4	0.0	0.49702341008473283	0.8763460552340487	GP_unb_35	231:124	5	0.0	0.4678017939366288	0.9255182174926284	5	-1.8861998750024918	13.04818778751518	0.07217477347694512	25:61967,29:35229,33:28845,35:27169,36:19914,37:19430,38:19116,40:16874,42:15084,47:11355,48:11205,57:3699,61:2581,63:1917,69:1203,70:1167,72:1078,73:1055,79:881,81:816,82:816,83:753,85:725,89:644,95:528,103:460,104:431,111:379,115:340,120:329,121:327,122:325,123:325,124:324,125:321,130:295,132:291,133:291,135:282,139:259,140:259,161:210,167:197,170:186,173:185,175:176,179:173,184:167,188:164,198:148,202:143,207:136,214:132,239:118,246:111,251:109,254:106,256:105,259:102	0	False	0
ecol-SAMN34375054	GP_unb_14	143:237	4	0.0	0.49702341008473283	0.8763460552340487	GP_unb_36	241:116	4	0.0	0.4892892881834844	2.1243864918321003	5	-2.3806518593699497	13.075447321108301	0.07217477347694512	24:62199,25:61967,26:61534,29:35229,33:28845,37:19430,38:19116,39:17090,40:16874,42:15084,47:11355,48:11205,57:3699,61:2581,63:1917,69:1203,70:1167,72:1078,73:1055,79:881,81:816,82:816,83:753,85:725,89:644,92:587,95:528,103:460,104:431,111:379,115:340,120:329,121:327,122:325,123:325,124:324,130:295,132:291,133:291,135:282,139:259,140:259,161:210,167:197,170:186,173:185,176:174,179:173,184:167,188:164,198:148,202:143,207:136,214:132,233:121,246:111,251:109,254:106,256:105,259:102	0	False	0
ecol-SAMN34375054	GP_unb_14	143:237	4	0.0	0.49702341008473283	0.8763460552340487	GP_unb_37	249:109	4	0.0	0.49977650941861884	1.5649842502380782	5	-2.229768678202337	10.783587160111951	0.078425481486468	1:484462,28:41938,29:35229,33:28845,35:27169,38:19116,40:16874,42:15084,47:11355,48:11205,57:3699,61:2581,69:1203,70:1167,72:1078,73:1055,79:881,81:816,82:816,83:753,85:725,88:675,89:644,90:625,95:528,98:522,103:460,104:431,111:379,115:340,120:329,121:327,122:325,123:325,130:295,132:291,133:291,139:259,140:259,161:210,167:197,170:186,173:185,179:173,184:167,185:167,188:164,202:143,207:136,214:132,246:111,251:109,254:106,256:105,259:102	0	False	0
ecol-SAMN34375054	GP_unb_14	143:237	4	0.0	0.49702341008473283	0.8763460552340487	GP_unb_38	250:109	5	0.0	0.488385559122413	2.0378140795546114	5	-2.5447148672601374	13.411411969592857	0.07217477347694512	15:117172,25:61967,28:41938,29:35229,33:28845,35:27169,36:19914,37:19430,38:19116,40:16874,42:15084,47:11355,48:11205,57:3699,61:2581,63:1917,69:1203,70:1167,72:1078,73:1055,76:980,79:881,81:816,82:816,83:753,85:725,88:675,89:644,90:625,93:559,94:559,95:528,103:460,104:431,106:409,111:379,114:348,115:340,120:329,121:327,122:325,123:325,130:295,132:291,133:291,135:282,139:259,140:259,156:213,161:210,165:202,166:202,167:197,170:186,173:185,179:173,184:167,188:164,198:148,202:143,206:140,207:136,214:132,237:118,246:111,251:109,254:106,256:105,259:102	0	False	0
ecol-SAMN34375054	GP_unb_14	143:237	4	0.0	0.49702341008473283	0.8763460552340487	GP_unb_39	257:104	5	0.0	0.49908094478854037	1.1816836343984096	5	-1.8861998750024918	12.956793277163879	0.07217477347694512	25:61967,29:35229,33:28845,35:27169,36:19914,37:19430,38:19116,40:16874,42:15084,47:11355,48:11205,57:3699,61:2581,63:1917,65:1404,69:1203,70:1167,72:1078,73:1055,79:881,81:816,82:816,83:753,85:725,89:644,95:528,103:460,104:431,111:379,115:340,120:329,121:327,122:325,123:325,124:324,130:295,132:291,133:291,135:282,139:259,140:259,161:210,167:197,170:186,173:185,175:176,179:173,184:167,188:164,198:148,202:143,207:136,214:132,239:118,246:111,251:109,254:106,256:105,259:102	0	False	0
ecol-SAMN34375054	GP_unb_15	146:234	5	0.0	0.48395117861074444	0.7934803311112739	GP_unb_16	147:234	5	0.0	0.4643358309778072	0.9224159402241595	5	-1.676810406924103	12.050766626009983	0.07217477347694512	16:111546,25:61967,33:28845,36:19914,37:19430,38:19116,39:17090,40:16874,42:15084,47:11355,48:11205,57:3699,61:2581,63:1917,69:1203,70:1167,72:1078,73:1055,79:881,81:816,82:816,83:753,85:725,89:644,92:587,95:528,103:460,104:431,111:379,115:340,117:339,120:329,121:327,122:325,123:325,124:324,130:295,132:291,133:291,135:282,139:259,140:259,161:210,167:197,170:186,173:185,179:173,184:167,198:148,202:143,207:136,214:132,246:111,251:109,254:106,256:105,259:102	0	False	0
ecol-SAMN34375054	GP_unb_15	146:234	5	0.0	0.48395117861074444	0.7934803311112739	GP_unb_17	150:228	4	0.0	0.49445963715976216	1.963848802285547	5	-2.0154567524769353	11.796404247820922	0.07217477347694512	25:61967,33:28845,36:19914,37:19430,38:19116,39:17090,40:16874,42:15084,47:11355,48:11205,57:3699,61:2581,63:1917,69:1203,70:1167,72:1078,73:1055,79:881,81:816,82:816,83:753,85:725,89:644,92:587,95:528,103:460,104:431,111:379,115:340,120:329,121:327,122:325,123:325,124:324,130:295,132:291,133:291,135:282,139:259,140:259,149:232,161:210,167:197,170:186,171:186,173:185,179:173,184:167,198:148,202:143,207:136,214:132,246:111,251:109,254:106,256:105,259:102	0	False	0
ecol-SAMN34375054	GP_unb_15	146:234	5	0.0	0.48395117861074444	0.7934803311112739	GP_unb_18	153:223	5	0.0	0.41624278017758964	1.1671159622005713	5	-2.2084017181635676	16.22641808122082	0.07217477347694512	25:61967,33:28845,35:27169,36:19914,37:19430,38:19116,40:16874,42:15084,46:11585,47:11355,48:11205,54:6507,57:3699,61:2581,63:1917,69:1203,70:1167,72:1078,73:1055,79:881,81:816,82:816,83:753,85:725,89:644,95:528,103:460,104:431,111:379,115:340,120:329,121:327,122:325,123:325,130:295,132:291,133:291,135:282,139:259,140:259,167:197,170:186,173:185,179:173,182:167,184:167,186:167,198:148,199:145,202:143,203:141,207:136,211:132,212:132,214:132,234:119,244:116,245:115,246:111,251:109,254:106,256:105,259:102	0	False	0
ecol-SAMN34375054	GP_unb_15	146:234	5	0.0	0.48395117861074444	0.7934803311112739	GP_unb_19	154:223	5	0.0	0.408511360060988	1.2613727932019634	5	-2.2084017181635676	16.21868666110422	0.07217477347694512	25:61967,33:28845,35:27169,36:19914,37:19430,38:19116,40:16874,42:15084,46:11585,47:11355,48:11205,54:6507,57:3699,61:2581,63:1917,69:1203,70:1167,72:1078,73:1055,79:881,81:816,82:816,83:753,85:725,89:644,95:528,103:460,104:431,111:379,115:340,120:329,121:327,122:325,123:325,130:295,132:291,133:291,135:282,139:259,140:259,167:197,170:186,173:185,179:173,182:167,184:167,186:167,198:148,199:145,202:143,203:141,207:136,211:132,212:132,214:132,234:119,244:116,245:115,246:111,251:109,254:106,256:105,259:102	0	False	0
ecol-SAMN34375054	GP_unb_15	146:234	5	0.0	0.48395117861074444	0.7934803311112739	GP_unb_20	159:211	5	0.0	0.47333547992256597	1.2704050985275805	0	0	0	0		1	False	0
ecol-SAMN34375054	GP_unb_15	146:234	5	0.0	0.48395117861074444	0.7934803311112739	GP_unb_21	160:211	5	0.0	0.1675830139114065	1.4041315654530804	0	0	0	0		1	False	0
ecol-SAMN34375054	GP_unb_15	146:234	5	0.0	0.48395117861074444	0.7934803311112739	GP_unb_22	162:208	5	0.0	0.48221642619736504	1.3486337997216322	5	-2.0533551941382653	11.197683300769851	0.07217477347694512	1:484462,25:61967,28:41938,33:28845,35:27169,37:19430,38:19116,40:16874,42:15084,45:13205,47:11355,48:11205,57:3699,61:2581,63:1917,69:1203,70:1167,72:1078,73:1055,74:1020,79:881,81:816,82:816,83:753,85:725,88:675,89:644,90:625,95:528,103:460,104:431,111:379,115:340,120:329,121:327,122:325,123:325,130:295,132:291,133:291,139:259,140:259,161:210,167:197,170:186,173:185,178:173,179:173,184:167,202:143,207:136,214:132,232:121,238:118,246:111,247:110,251:109,254:106,256:105,259:102	0	False	0
ecol-SAMN34375054	GP_unb_15	146:234	5	0.0	0.48395117861074444	0.7934803311112739	GP_unb_23	163:208	5	0.0	0.475990418465596	1.085407662442312	5	-2.0533551941382653	11.191457293038082	0.07217477347694512	1:484462,25:61967,28:41938,33:28845,35:27169,37:19430,38:19116,40:16874,42:15084,45:13205,47:11355,48:11205,57:3699,61:2581,63:1917,69:1203,70:1167,72:1078,73:1055,74:1020,79:881,81:816,82:816,83:753,85:725,88:675,89:644,90:625,95:528,103:460,104:431,111:379,115:340,120:329,121:327,122:325,123:325,130:295,132:291,133:291,139:259,140:259,161:210,167:197,170:186,173:185,178:173,179:173,184:167,202:143,207:136,214:132,232:121,238:118,246:111,247:110,251:109,254:106,256:105,259:102	0	False	0
ecol-SAMN34375054	GP_unb_15	146:234	5	0.0	0.48395117861074444	0.7934803311112739	GP_unb_24	164:203	4	0.0	0.4928958531709364	2.15280199252802	0	0	0	0		1	False	0
ecol-SAMN34375054	GP_unb_15	146:234	5	0.0	0.48395117861074444	0.7934803311112739	GP_unb_25	172:186	5	0.0	0.3968176402729984	1.4146802432056262	5	-1.6025397682589957	12.985472588369534	0.07217477347694512	25:61967,35:27169,36:19914,37:19430,38:19116,40:16874,47:11355,48:11205,52:9888,57:3699,61:2581,63:1917,69:1203,70:1167,72:1078,73:1055,79:881,82:816,83:753,85:725,89:644,95:528,103:460,104:431,111:379,115:340,120:329,122:325,123:325,130:295,132:291,133:291,135:282,139:259,140:259,152:227,167:197,170:186,173:185,179:173,184:167,198:148,202:143,207:136,214:132,246:111,251:109,254:106,256:105,259:102	0	False	0
ecol-SAMN34375054	GP_unb_15	146:234	5	0.0	0.48395117861074444	0.7934803311112739	GP_unb_26	177:174	4	0.0	0.4640159774030528	0.7011120064464142	5	-1.6940954188522435	13.188844189098463	0.07217477347694531	25:61967,33:28845,35:27169,36:19914,37:19430,38:19116,40:16874,42:15084,47:11355,48:11205,61:2581,63:1917,69:1203,70:1167,72:1078,73:1055,79:881,81:816,82:816,83:753,85:725,89:644,95:528,103:460,104:431,111:379,115:340,120:329,121:327,122:325,123:325,124:324,125:321,130:295,132:291,133:291,135:282,139:259,140:259,161:210,167:197,170:186,173:185,175:176,179:173,184:167,198:148,202:143,207:136,214:132,239:118,246:111,251:109,254:106,256:105,259:102	0	False	0
ecol-SAMN34375054	GP_unb_15	146:234	5	0.0	0.48395117861074444	0.7934803311112739	GP_unb_27	191:160	5	0.0	0.4989549680172808	0.6509882059922351	0	0	0	0		1	False	0
ecol-SAMN34375054	GP_unb_15	146:234	5	0.0	0.48395117861074444	0.7934803311112739	GP_unb_28	192:160	4	0.0	0.21507936407806172	1.1898688740751593	0	0	0	0		1	False	0
ecol-SAMN34375054	GP_unb_15	146:234	5	0.0	0.48395117861074444	0.7934803311112739	GP_unb_29	193:156	5	0.0	0.489610564409944	1.6908871144971065	0	0	0	0		1	False	0
ecol-SAMN34375054	GP_unb_15	146:234	5	0.0	0.48395117861074444	0.7934803311112739	GP_unb_30	194:156	5	0.0	0.3302439589820926	1.016218592044539	0	0	0	0		1	False	0
ecol-SAMN34375054	GP_unb_15	146:234	5	0.0	0.48395117861074444	0.7934803311112739	GP_unb_31	195:153	5	0.0	0.453655333245074	1.2588601567650723	5	-1.5733577009843955	13.263962386003657	0.07217477347694512	25:61967,35:27169,36:19914,37:19430,38:19116,40:16874,47:11355,48:11205,55:4173,57:3699,61:2581,63:1917,69:1203,70:1167,72:1078,73:1055,79:881,82:816,83:753,85:725,89:644,95:528,103:460,104:431,111:379,115:340,120:329,122:325,123:325,130:295,132:291,133:291,135:282,139:259,140:259,152:227,167:197,170:186,173:185,179:173,184:167,198:148,202:143,207:136,208:135,210:134,214:132,246:111,251:109,254:106,256:105,259:102	0	False	0
ecol-SAMN34375054	GP_unb_15	146:234	5	0.0	0.48395117861074444	0.7934803311112739	GP_unb_32	204:141	4	0.0	0.4978667098285404	1.2225697751080506	0	0	0	0		1	False	0
ecol-SAMN34375054	GP_unb_15	146:234	5	0.0	0.48395117861074444	0.7934803311112739	GP_unb_33	219:131	4	0.0	0.4991936115234976	1.0244011427734232	0	0	0	0		1	False	0
ecol-SAMN34375054	GP_unb_15	146:234	5	0.0	0.48395117861074444	0.7934803311112739	GP_unb_34	226:128	4	0.0	0.49956212824918245	1.0474763753571166	5	-1.666944089782424	13.015334278558678	0.07217477347694512	25:61967,35:27169,36:19914,37:19430,38:19116,40:16874,42:15084,47:11355,48:11205,57:3699,61:2581,63:1917,69:1203,70:1167,72:1078,73:1055,79:881,82:816,83:753,85:725,89:644,95:528,103:460,104:431,111:379,115:340,120:329,121:327,122:325,123:325,130:295,132:291,133:291,135:282,139:259,140:259,167:197,170:186,173:185,179:173,184:167,198:148,202:143,207:136,214:132,246:111,251:109,254:106,256:105,259:102	0	False	0
ecol-SAMN34375054	GP_unb_15	146:234	5	0.0	0.48395117861074444	0.7934803311112739	GP_unb_35	231:124	5	0.0	0.4678017939366288	0.9255182174926284	5	-1.6092913070646926	13.452455378302668	0.07217477347694512	25:61967,33:28845,35:27169,36:19914,37:19430,38:19116,40:16874,42:15084,47:11355,48:11205,57:3699,61:2581,63:1917,69:1203,70:1167,72:1078,73:1055,79:881,81:816,82:816,83:753,85:725,89:644,95:528,103:460,104:431,111:379,115:340,120:329,121:327,122:325,123:325,124:324,125:321,130:295,132:291,133:291,135:282,139:259,140:259,161:210,167:197,170:186,173:185,175:176,179:173,184:167,198:148,202:143,207:136,214:132,239:118,246:111,251:109,254:106,256:105,259:102	0	False	0
ecol-SAMN34375054	GP_unb_15	146:234	5	0.0	0.48395117861074444	0.7934803311112739	GP_unb_36	241:116	4	0.0	0.4892892881834844	2.1243864918321003	5	-2.10374329143215	13.479714911895792	0.07217477347694512	24:62199,25:61967,26:61534,33:28845,37:19430,38:19116,39:17090,40:16874,42:15084,47:11355,48:11205,57:3699,61:2581,63:1917,69:1203,70:1167,72:1078,73:1055,79:881,81:816,82:816,83:753,85:725,89:644,92:587,95:528,103:460,104:431,111:379,115:340,120:329,121:327,122:325,123:325,124:324,130:295,132:291,133:291,135:282,139:259,140:259,161:210,167:197,170:186,173:185,176:174,179:173,184:167,198:148,202:143,207:136,214:132,233:121,246:111,251:109,254:106,256:105,259:102	0	False	0
ecol-SAMN34375054	GP_unb_15	146:234	5	0.0	0.48395117861074444	0.7934803311112739	GP_unb_37	249:109	4	0.0	0.49977650941861884	1.5649842502380782	5	-1.9528601102645382	11.187854750899442	0.07842548148619244	1:484462,28:41938,33:28845,35:27169,38:19116,40:16874,42:15084,47:11355,48:11205,57:3699,61:2581,69:1203,70:1167,72:1078,73:1055,79:881,81:816,82:816,83:753,85:725,88:675,89:644,90:625,95:528,98:522,103:460,104:431,111:379,115:340,120:329,121:327,122:325,123:325,130:295,132:291,133:291,139:259,140:259,161:210,167:197,170:186,173:185,179:173,184:167,185:167,202:143,207:136,214:132,246:111,251:109,254:106,256:105,259:102	0	False	0
ecol-SAMN34375054	GP_unb_15	146:234	5	0.0	0.48395117861074444	0.7934803311112739	GP_unb_38	250:109	5	0.0	0.488385559122413	2.0378140795546114	5	-2.2678062993223382	13.815679560380344	0.07217477347691222	15:117172,25:61967,28:41938,33:28845,35:27169,36:19914,37:19430,38:19116,40:16874,42:15084,47:11355,48:11205,57:3699,61:2581,63:1917,69:1203,70:1167,72:1078,73:1055,76:980,79:881,81:816,82:816,83:753,85:725,88:675,89:644,90:625,93:559,94:559,95:528,103:460,104:431,106:409,111:379,114:348,115:340,120:329,121:327,122:325,123:325,130:295,132:291,133:291,135:282,139:259,140:259,156:213,161:210,165:202,166:202,167:197,170:186,173:185,179:173,184:167,198:148,202:143,206:140,207:136,214:132,237:118,246:111,251:109,254:106,256:105,259:102	0	False	0
ecol-SAMN34375054	GP_unb_15	146:234	5	0.0	0.48395117861074444	0.7934803311112739	GP_unb_39	257:104	5	0.0	0.49908094478854037	1.1816836343984096	5	-1.6092913070646926	13.36106086795137	0.07217477347694512	25:61967,33:28845,35:27169,36:19914,37:19430,38:19116,40:16874,42:15084,47:11355,48:11205,57:3699,61:2581,63:1917,65:1404,69:1203,70:1167,72:1078,73:1055,79:881,81:816,82:816,83:753,85:725,89:644,95:528,103:460,104:431,111:379,115:340,120:329,121:327,122:325,123:325,124:324,130:295,132:291,133:291,135:282,139:259,140:259,161:210,167:197,170:186,173:185,175:176,179:173,184:167,198:148,202:143,207:136,214:132,239:118,246:111,251:109,254:106,256:105,259:102	0	False	0
ecol-SAMN34375054	GP_unb_16	147:234	5	0.0	0.4643358309778072	0.9224159402241595	GP_unb_17	150:228	4	0.0	0.49445963715976216	1.963848802285547	5	-2.0154567524769353	11.776788900187986	0.07217477347694512	25:61967,33:28845,36:19914,37:19430,38:19116,39:17090,40:16874,42:15084,47:11355,48:11205,57:3699,61:2581,63:1917,69:1203,70:1167,72:1078,73:1055,79:881,81:816,82:816,83:753,85:725,89:644,92:587,95:528,103:460,104:431,111:379,115:340,120:329,121:327,122:325,123:325,124:324,130:295,132:291,133:291,135:282,139:259,140:259,149:232,161:210,167:197,170:186,171:186,173:185,179:173,184:167,198:148,202:143,207:136,214:132,246:111,251:109,254:106,256:105,259:102	0	False	0
ecol-SAMN34375054	GP_unb_16	147:234	5	0.0	0.4643358309778072	0.9224159402241595	GP_unb_18	153:223	5	0.0	0.41624278017758964	1.1671159622005713	5	-2.2084017181635676	16.206802733587885	0.07217477347694512	25:61967,33:28845,35:27169,36:19914,37:19430,38:19116,40:16874,42:15084,46:11585,47:11355,48:11205,54:6507,57:3699,61:2581,63:1917,69:1203,70:1167,72:1078,73:1055,79:881,81:816,82:816,83:753,85:725,89:644,95:528,103:460,104:431,111:379,115:340,120:329,121:327,122:325,123:325,130:295,132:291,133:291,135:282,139:259,140:259,167:197,170:186,173:185,179:173,182:167,184:167,186:167,198:148,199:145,202:143,203:141,207:136,211:132,212:132,214:132,234:119,244:116,245:115,246:111,251:109,254:106,256:105,259:102	0	False	0
ecol-SAMN34375054	GP_unb_16	147:234	5	0.0	0.4643358309778072	0.9224159402241595	GP_unb_19	154:223	5	0.0	0.408511360060988	1.2613727932019634	5	-2.2084017181635676	16.199071313471283	0.07217477347694512	25:61967,33:28845,35:27169,36:19914,37:19430,38:19116,40:16874,42:15084,46:11585,47:11355,48:11205,54:6507,57:3699,61:2581,63:1917,69:1203,70:1167,72:1078,73:1055,79:881,81:816,82:816,83:753,85:725,89:644,95:528,103:460,104:431,111:379,115:340,120:329,121:327,122:325,123:325,130:295,132:291,133:291,135:282,139:259,140:259,167:197,170:186,173:185,179:173,182:167,184:167,186:167,198:148,199:145,202:143,203:141,207:136,211:132,212:132,214:132,234:119,244:116,245:115,246:111,251:109,254:106,256:105,259:102	0	False	0
ecol-SAMN34375054	GP_unb_16	147:234	5	0.0	0.4643358309778072	0.9224159402241595	GP_unb_20	159:211	5	0.0	0.47333547992256597	1.2704050985275805	0	0	0	0		1	False	0
ecol-SAMN34375054	GP_unb_16	147:234	5	0.0	0.4643358309778072	0.9224159402241595	GP_unb_21	160:211	5	0.0	0.1675830139114065	1.4041315654530804	0	0	0	0		1	False	0
ecol-SAMN34375054	GP_unb_16	147:234	5	0.0	0.4643358309778072	0.9224159402241595	GP_unb_22	162:208	5	0.0	0.48221642619736504	1.3486337997216322	5	-2.0533551941382653	11.178067953136912	0.07217477347694512	1:484462,25:61967,28:41938,33:28845,35:27169,37:19430,38:19116,40:16874,42:15084,45:13205,47:11355,48:11205,57:3699,61:2581,63:1917,69:1203,70:1167,72:1078,73:1055,74:1020,79:881,81:816,82:816,83:753,85:725,88:675,89:644,90:625,95:528,103:460,104:431,111:379,115:340,120:329,121:327,122:325,123:325,130:295,132:291,133:291,139:259,140:259,161:210,167:197,170:186,173:185,178:173,179:173,184:167,202:143,207:136,214:132,232:121,238:118,246:111,247:110,251:109,254:106,256:105,259:102	0	False	0
ecol-SAMN34375054	GP_unb_16	147:234	5	0.0	0.4643358309778072	0.9224159402241595	GP_unb_23	163:208	5	0.0	0.475990418465596	1.085407662442312	5	-2.0533551941382653	11.171841945405143	0.07217477347694562	1:484462,25:61967,28:41938,33:28845,35:27169,37:19430,38:19116,40:16874,42:15084,45:13205,47:11355,48:11205,57:3699,61:2581,63:1917,69:1203,70:1167,72:1078,73:1055,74:1020,79:881,81:816,82:816,83:753,85:725,88:675,89:644,90:625,95:528,103:460,104:431,111:379,115:340,120:329,121:327,122:325,123:325,130:295,132:291,133:291,139:259,140:259,161:210,167:197,170:186,173:185,178:173,179:173,184:167,202:143,207:136,214:132,232:121,238:118,246:111,247:110,251:109,254:106,256:105,259:102	0	False	0
ecol-SAMN34375054	GP_unb_16	147:234	5	0.0	0.4643358309778072	0.9224159402241595	GP_unb_24	164:203	4	0.0	0.4928958531709364	2.15280199252802	0	0	0	0		1	False	0
ecol-SAMN34375054	GP_unb_16	147:234	5	0.0	0.4643358309778072	0.9224159402241595	GP_unb_25	172:186	5	0.0	0.3968176402729984	1.4146802432056262	5	-1.6025397682589957	12.965857240736598	0.07217477347694512	25:61967,35:27169,36:19914,37:19430,38:19116,40:16874,47:11355,48:11205,52:9888,57:3699,61:2581,63:1917,69:1203,70:1167,72:1078,73:1055,79:881,82:816,83:753,85:725,89:644,95:528,103:460,104:431,111:379,115:340,120:329,122:325,123:325,130:295,132:291,133:291,135:282,139:259,140:259,152:227,167:197,170:186,173:185,179:173,184:167,198:148,202:143,207:136,214:132,246:111,251:109,254:106,256:105,259:102	0	False	0
ecol-SAMN34375054	GP_unb_16	147:234	5	0.0	0.4643358309778072	0.9224159402241595	GP_unb_26	177:174	4	0.0	0.4640159774030528	0.7011120064464142	5	-1.6940954188522435	13.169228841465527	0.07217477347694512	25:61967,33:28845,35:27169,36:19914,37:19430,38:19116,40:16874,42:15084,47:11355,48:11205,61:2581,63:1917,69:1203,70:1167,72:1078,73:1055,79:881,81:816,82:816,83:753,85:725,89:644,95:528,103:460,104:431,111:379,115:340,120:329,121:327,122:325,123:325,124:324,125:321,130:295,132:291,133:291,135:282,139:259,140:259,161:210,167:197,170:186,173:185,175:176,179:173,184:167,198:148,202:143,207:136,214:132,239:118,246:111,251:109,254:106,256:105,259:102	0	False	0
ecol-SAMN34375054	GP_unb_16	147:234	5	0.0	0.4643358309778072	0.9224159402241595	GP_unb_27	191:160	5	0.0	0.4989549680172808	0.6509882059922351	0	0	0	0		1	False	0
ecol-SAMN34375054	GP_unb_16	147:234	5	0.0	0.4643358309778072	0.9224159402241595	GP_unb_28	192:160	4	0.0	0.21507936407806172	1.1898688740751593	0	0	0	0		1	False	0
ecol-SAMN34375054	GP_unb_16	147:234	5	0.0	0.4643358309778072	0.9224159402241595	GP_unb_29	193:156	5	0.0	0.489610564409944	1.6908871144971065	0	0	0	0		1	False	0
ecol-SAMN34375054	GP_unb_16	147:234	5	0.0	0.4643358309778072	0.9224159402241595	GP_unb_30	194:156	5	0.0	0.3302439589820926	1.016218592044539	0	0	0	0		1	False	0
ecol-SAMN34375054	GP_unb_16	147:234	5	0.0	0.4643358309778072	0.9224159402241595	GP_unb_31	195:153	5	0.0	0.453655333245074	1.2588601567650723	5	-1.5733577009843955	13.244347038370721	0.07217477347694512	25:61967,35:27169,36:19914,37:19430,38:19116,40:16874,47:11355,48:11205,55:4173,57:3699,61:2581,63:1917,69:1203,70:1167,72:1078,73:1055,79:881,82:816,83:753,85:725,89:644,95:528,103:460,104:431,111:379,115:340,120:329,122:325,123:325,130:295,132:291,133:291,135:282,139:259,140:259,152:227,167:197,170:186,173:185,179:173,184:167,198:148,202:143,207:136,208:135,210:134,214:132,246:111,251:109,254:106,256:105,259:102	0	False	0
ecol-SAMN34375054	GP_unb_16	147:234	5	0.0	0.4643358309778072	0.9224159402241595	GP_unb_32	204:141	4	0.0	0.4978667098285404	1.2225697751080506	0	0	0	0		1	False	0
ecol-SAMN34375054	GP_unb_16	147:234	5	0.0	0.4643358309778072	0.9224159402241595	GP_unb_33	219:131	4	0.0	0.4991936115234976	1.0244011427734232	0	0	0	0		1	False	0
ecol-SAMN34375054	GP_unb_16	147:234	5	0.0	0.4643358309778072	0.9224159402241595	GP_unb_34	226:128	4	0.0	0.49956212824918245	1.0474763753571166	5	-1.666944089782424	12.995718930925742	0.07217477347694512	25:61967,35:27169,36:19914,37:19430,38:19116,40:16874,42:15084,47:11355,48:11205,57:3699,61:2581,63:1917,69:1203,70:1167,72:1078,73:1055,79:881,82:816,83:753,85:725,89:644,95:528,103:460,104:431,111:379,115:340,120:329,121:327,122:325,123:325,130:295,132:291,133:291,135:282,139:259,140:259,167:197,170:186,173:185,179:173,184:167,198:148,202:143,207:136,214:132,246:111,251:109,254:106,256:105,259:102	0	False	0
ecol-SAMN34375054	GP_unb_16	147:234	5	0.0	0.4643358309778072	0.9224159402241595	GP_unb_35	231:124	5	0.0	0.4678017939366288	0.9255182174926284	5	-1.6092913070646926	13.432840030669732	0.07217477347765391	25:61967,33:28845,35:27169,36:19914,37:19430,38:19116,40:16874,42:15084,47:11355,48:11205,57:3699,61:2581,63:1917,69:1203,70:1167,72:1078,73:1055,79:881,81:816,82:816,83:753,85:725,89:644,95:528,103:460,104:431,111:379,115:340,120:329,121:327,122:325,123:325,124:324,125:321,130:295,132:291,133:291,135:282,139:259,140:259,161:210,167:197,170:186,173:185,175:176,179:173,184:167,198:148,202:143,207:136,214:132,239:118,246:111,251:109,254:106,256:105,259:102	0	False	0
ecol-SAMN34375054	GP_unb_16	147:234	5	0.0	0.4643358309778072	0.9224159402241595	GP_unb_36	241:116	4	0.0	0.4892892881834844	2.1243864918321003	5	-2.10374329143215	13.460099564262853	0.07217477347694512	24:62199,25:61967,26:61534,33:28845,37:19430,38:19116,39:17090,40:16874,42:15084,47:11355,48:11205,57:3699,61:2581,63:1917,69:1203,70:1167,72:1078,73:1055,79:881,81:816,82:816,83:753,85:725,89:644,92:587,95:528,103:460,104:431,111:379,115:340,120:329,121:327,122:325,123:325,124:324,130:295,132:291,133:291,135:282,139:259,140:259,161:210,167:197,170:186,173:185,176:174,179:173,184:167,198:148,202:143,207:136,214:132,233:121,246:111,251:109,254:106,256:105,259:102	0	False	0
ecol-SAMN34375054	GP_unb_16	147:234	5	0.0	0.4643358309778072	0.9224159402241595	GP_unb_37	249:109	4	0.0	0.49977650941861884	1.5649842502380782	5	-1.9528601102645382	11.168239403266503	0.07842548148619244	1:484462,28:41938,33:28845,35:27169,38:19116,40:16874,42:15084,47:11355,48:11205,57:3699,61:2581,69:1203,70:1167,72:1078,73:1055,79:881,81:816,82:816,83:753,85:725,88:675,89:644,90:625,95:528,98:522,103:460,104:431,111:379,115:340,120:329,121:327,122:325,123:325,130:295,132:291,133:291,139:259,140:259,161:210,167:197,170:186,173:185,179:173,184:167,185:167,202:143,207:136,214:132,246:111,251:109,254:106,256:105,259:102	0	False	0
ecol-SAMN34375054	GP_unb_16	147:234	5	0.0	0.4643358309778072	0.9224159402241595	GP_unb_38	250:109	5	0.0	0.488385559122413	2.0378140795546114	5	-2.2678062993223382	13.796064212747408	0.07217477347774807	15:117172,25:61967,28:41938,33:28845,35:27169,36:19914,37:19430,38:19116,40:16874,42:15084,47:11355,48:11205,57:3699,61:2581,63:1917,69:1203,70:1167,72:1078,73:1055,76:980,79:881,81:816,82:816,83:753,85:725,88:675,89:644,90:625,93:559,94:559,95:528,103:460,104:431,106:409,111:379,114:348,115:340,120:329,121:327,122:325,123:325,130:295,132:291,133:291,135:282,139:259,140:259,156:213,161:210,165:202,166:202,167:197,170:186,173:185,179:173,184:167,198:148,202:143,206:140,207:136,214:132,237:118,246:111,251:109,254:106,256:105,259:102	0	False	0
ecol-SAMN34375054	GP_unb_16	147:234	5	0.0	0.4643358309778072	0.9224159402241595	GP_unb_39	257:104	5	0.0	0.49908094478854037	1.1816836343984096	5	-1.6092913070646926	13.34144552031843	0.07217477347694513	25:61967,33:28845,35:27169,36:19914,37:19430,38:19116,40:16874,42:15084,47:11355,48:11205,57:3699,61:2581,63:1917,65:1404,69:1203,70:1167,72:1078,73:1055,79:881,81:816,82:816,83:753,85:725,89:644,95:528,103:460,104:431,111:379,115:340,120:329,121:327,122:325,123:325,124:324,130:295,132:291,133:291,135:282,139:259,140:259,161:210,167:197,170:186,173:185,175:176,179:173,184:167,198:148,202:143,207:136,214:132,239:118,246:111,251:109,254:106,256:105,259:102	0	False	0
ecol-SAMN34375054	GP_unb_17	150:228	4	0.0	0.49445963715976216	1.963848802285547	GP_unb_18	153:223	5	0.0	0.41624278017758964	1.1671159622005713	5	-2.4256227379036415	14.834314119628333	0.07217477347694512	25:61967,33:28845,36:19914,37:19430,38:19116,40:16874,42:15084,46:11585,47:11355,48:11205,54:6507,57:3699,61:2581,63:1917,69:1203,70:1167,72:1078,73:1055,79:881,81:816,82:816,83:753,85:725,89:644,95:528,103:460,104:431,111:379,115:340,120:329,121:327,122:325,123:325,130:295,132:291,133:291,135:282,139:259,140:259,149:232,167:197,170:186,171:186,173:185,179:173,182:167,184:167,186:167,198:148,199:145,202:143,203:141,207:136,211:132,212:132,234:119,244:116,245:115,246:111,251:109,254:106,256:105,259:102	0	False	0
ecol-SAMN34375054	GP_unb_17	150:228	4	0.0	0.49445963715976216	1.963848802285547	GP_unb_19	154:223	5	0.0	0.408511360060988	1.2613727932019634	5	-2.4256227379036415	14.82658269951173	0.07217477347694512	25:61967,33:28845,36:19914,37:19430,38:19116,40:16874,42:15084,46:11585,47:11355,48:11205,54:6507,57:3699,61:2581,63:1917,69:1203,70:1167,72:1078,73:1055,79:881,81:816,82:816,83:753,85:725,89:644,95:528,103:460,104:431,111:379,115:340,120:329,121:327,122:325,123:325,130:295,132:291,133:291,135:282,139:259,140:259,149:232,167:197,170:186,171:186,173:185,179:173,182:167,184:167,186:167,198:148,199:145,202:143,203:141,207:136,211:132,212:132,234:119,244:116,245:115,246:111,251:109,254:106,256:105,259:102	0	False	0
ecol-SAMN34375054	GP_unb_17	150:228	4	0.0	0.49445963715976216	1.963848802285547	GP_unb_20	159:211	5	0.0	0.47333547992256597	1.2704050985275805	0	0	0	0		1	False	0
ecol-SAMN34375054	GP_unb_17	150:228	4	0.0	0.49445963715976216	1.963848802285547	GP_unb_21	160:211	5	0.0	0.1675830139114065	1.4041315654530804	0	0	0	0		1	False	0
ecol-SAMN34375054	GP_unb_17	150:228	4	0.0	0.49445963715976216	1.963848802285547	GP_unb_22	162:208	5	0.0	0.48221642619736504	1.3486337997216322	5	-2.2664291286093805	10.10615408527501	0.07217477347694512	25:61967,33:28845,35:27169,37:19430,38:19116,39:17090,40:16874,42:15084,45:13205,47:11355,48:11205,57:3699,61:2581,63:1917,69:1203,70:1167,72:1078,73:1055,74:1020,79:881,81:816,82:816,83:753,85:725,89:644,92:587,95:528,103:460,104:431,111:379,115:340,120:329,121:327,122:325,123:325,124:324,130:295,132:291,133:291,139:259,140:259,149:232,161:210,167:197,170:186,171:186,173:185,178:173,179:173,184:167,202:143,207:136,214:132,232:121,238:118,246:111,247:110,251:109,254:106,256:105,259:102	0	False	0
ecol-SAMN34375054	GP_unb_17	150:228	4	0.0	0.49445963715976216	1.963848802285547	GP_unb_23	163:208	5	0.0	0.475990418465596	1.085407662442312	5	-2.2664291286093805	10.099928077543241	0.07217477347694512	25:61967,33:28845,35:27169,37:19430,38:19116,39:17090,40:16874,42:15084,45:13205,47:11355,48:11205,57:3699,61:2581,63:1917,69:1203,70:1167,72:1078,73:1055,74:1020,79:881,81:816,82:816,83:753,85:725,89:644,92:587,95:528,103:460,104:431,111:379,115:340,120:329,121:327,122:325,123:325,124:324,130:295,132:291,133:291,139:259,140:259,149:232,161:210,167:197,170:186,171:186,173:185,178:173,179:173,184:167,202:143,207:136,214:132,232:121,238:118,246:111,247:110,251:109,254:106,256:105,259:102	0	False	0
ecol-SAMN34375054	GP_unb_17	150:228	4	0.0	0.49445963715976216	1.963848802285547	GP_unb_24	164:203	4	0.0	0.4928958531709364	2.15280199252802	4	0.0	0.9873554903306986	1.9638488022847014		0	False	0
ecol-SAMN34375054	GP_unb_17	150:228	4	0.0	0.49445963715976216	1.963848802285547	GP_unb_25	172:186	5	0.0	0.3968176402729984	1.4146802432056262	5	-1.8197607879990703	11.593368626777048	0.07217477347694512	25:61967,36:19914,37:19430,38:19116,40:16874,47:11355,48:11205,52:9888,57:3699,61:2581,63:1917,69:1203,70:1167,72:1078,73:1055,79:881,82:816,83:753,85:725,89:644,95:528,103:460,104:431,111:379,115:340,120:329,122:325,123:325,130:295,132:291,133:291,135:282,139:259,140:259,149:232,152:227,167:197,170:186,171:186,173:185,179:173,184:167,198:148,202:143,207:136,246:111,251:109,254:106,256:105,259:102	0	False	0
ecol-SAMN34375054	GP_unb_17	150:228	4	0.0	0.49445963715976216	1.963848802285547	GP_unb_26	177:174	4	0.0	0.4640159774030528	0.7011120064464142	5	-1.9113164385923176	11.796740227505973	0.07217477347694512	25:61967,33:28845,36:19914,37:19430,38:19116,40:16874,42:15084,47:11355,48:11205,61:2581,63:1917,69:1203,70:1167,72:1078,73:1055,79:881,81:816,82:816,83:753,85:725,89:644,95:528,103:460,104:431,111:379,115:340,120:329,121:327,122:325,123:325,124:324,125:321,130:295,132:291,133:291,135:282,139:259,140:259,149:232,161:210,167:197,170:186,171:186,173:185,175:176,179:173,184:167,198:148,202:143,207:136,239:118,246:111,251:109,254:106,256:105,259:102	0	False	0
ecol-SAMN34375054	GP_unb_17	150:228	4	0.0	0.49445963715976216	1.963848802285547	GP_unb_27	191:160	5	0.0	0.4989549680172808	0.6509882059922351	0	0	0	0		1	False	0
ecol-SAMN34375054	GP_unb_17	150:228	4	0.0	0.49445963715976216	1.963848802285547	GP_unb_28	192:160	4	0.0	0.21507936407806172	1.1898688740751593	0	0	0	0		1	False	0
ecol-SAMN34375054	GP_unb_17	150:228	4	0.0	0.49445963715976216	1.963848802285547	GP_unb_29	193:156	5	0.0	0.489610564409944	1.6908871144971065	0	0	0	0		1	False	0
ecol-SAMN34375054	GP_unb_17	150:228	4	0.0	0.49445963715976216	1.963848802285547	GP_unb_30	194:156	5	0.0	0.3302439589820926	1.016218592044539	0	0	0	0		1	False	0
ecol-SAMN34375054	GP_unb_17	150:228	4	0.0	0.49445963715976216	1.963848802285547	GP_unb_31	195:153	5	0.0	0.453655333245074	1.2588601567650723	5	-1.7905787207244697	11.871858424411164	0.07217477347694512	25:61967,36:19914,37:19430,38:19116,40:16874,47:11355,48:11205,55:4173,57:3699,61:2581,63:1917,69:1203,70:1167,72:1078,73:1055,79:881,82:816,83:753,85:725,89:644,95:528,103:460,104:431,111:379,115:340,120:329,122:325,123:325,130:295,132:291,133:291,135:282,139:259,140:259,149:232,152:227,167:197,170:186,171:186,173:185,179:173,184:167,198:148,202:143,207:136,208:135,210:134,246:111,251:109,254:106,256:105,259:102	0	False	0
ecol-SAMN34375054	GP_unb_17	150:228	4	0.0	0.49445963715976216	1.963848802285547	GP_unb_32	204:141	4	0.0	0.4978667098285404	1.2225697751080506	0	0	0	0		1	False	0
ecol-SAMN34375054	GP_unb_17	150:228	4	0.0	0.49445963715976216	1.963848802285547	GP_unb_33	219:131	4	0.0	0.4991936115234976	1.0244011427734232	0	0	0	0		1	False	0
ecol-SAMN34375054	GP_unb_17	150:228	4	0.0	0.49445963715976216	1.963848802285547	GP_unb_34	226:128	4	0.0	0.49956212824918245	1.0474763753571166	5	-1.8841651095224987	11.623230316966184	0.07217477347694512	25:61967,36:19914,37:19430,38:19116,40:16874,42:15084,47:11355,48:11205,57:3699,61:2581,63:1917,69:1203,70:1167,72:1078,73:1055,79:881,82:816,83:753,85:725,89:644,95:528,103:460,104:431,111:379,115:340,120:329,121:327,122:325,123:325,130:295,132:291,133:291,135:282,139:259,140:259,149:232,167:197,170:186,171:186,173:185,179:173,184:167,198:148,202:143,207:136,246:111,251:109,254:106,256:105,259:102	0	False	0
ecol-SAMN34375054	GP_unb_17	150:228	4	0.0	0.49445963715976216	1.963848802285547	GP_unb_35	231:124	5	0.0	0.4678017939366288	0.9255182174926284	5	-1.8265123268047667	12.060351416710175	0.07217477347694512	25:61967,33:28845,36:19914,37:19430,38:19116,40:16874,42:15084,47:11355,48:11205,57:3699,61:2581,63:1917,69:1203,70:1167,72:1078,73:1055,79:881,81:816,82:816,83:753,85:725,89:644,95:528,103:460,104:431,111:379,115:340,120:329,121:327,122:325,123:325,124:324,125:321,130:295,132:291,133:291,135:282,139:259,140:259,149:232,161:210,167:197,170:186,171:186,173:185,175:176,179:173,184:167,198:148,202:143,207:136,239:118,246:111,251:109,254:106,256:105,259:102	0	False	0
ecol-SAMN34375054	GP_unb_17	150:228	4	0.0	0.49445963715976216	1.963848802285547	GP_unb_36	241:116	4	0.0	0.4892892881834844	2.1243864918321003	5	-2.565184461582844	12.079591757461516	0.07217477347694512	25:61967,26:61534,33:28845,35:27169,36:19914,37:19430,38:19116,39:17090,40:16874,42:15084,47:11355,48:11205,57:3699,61:2581,63:1917,69:1203,70:1167,72:1078,73:1055,79:881,81:816,82:816,83:753,85:725,89:644,92:587,95:528,103:460,104:431,111:379,115:340,120:329,121:327,122:325,123:325,124:324,130:295,132:291,133:291,135:282,139:259,140:259,149:232,161:210,167:197,170:186,171:186,173:185,176:174,179:173,184:167,202:143,207:136,214:132,233:121,246:111,251:109,254:106,256:105,259:102	0	False	0
ecol-SAMN34375054	GP_unb_17	150:228	4	0.0	0.49445963715976216	1.963848802285547	GP_unb_37	249:109	4	0.0	0.49977650941861884	1.5649842502380782	5	-2.165934044735654	10.096325535404604	0.07842548148619244	33:28845,35:27169,38:19116,39:17090,40:16874,42:15084,47:11355,48:11205,57:3699,61:2581,69:1203,70:1167,72:1078,73:1055,79:881,81:816,82:816,83:753,85:725,89:644,92:587,95:528,98:522,103:460,104:431,111:379,115:340,120:329,121:327,122:325,123:325,124:324,130:295,132:291,133:291,139:259,140:259,149:232,161:210,167:197,170:186,171:186,173:185,179:173,184:167,185:167,202:143,207:136,214:132,246:111,251:109,254:106,256:105,259:102	0	False	0
ecol-SAMN34375054	GP_unb_17	150:228	4	0.0	0.49445963715976216	1.963848802285547	GP_unb_38	250:109	5	0.0	0.488385559122413	2.0378140795546114	5	-2.485027319062412	12.423575598787854	0.07217477347694512	15:117172,25:61967,28:41938,33:28845,36:19914,37:19430,38:19116,40:16874,42:15084,47:11355,48:11205,57:3699,61:2581,63:1917,69:1203,70:1167,72:1078,73:1055,76:980,79:881,81:816,82:816,83:753,85:725,88:675,89:644,90:625,93:559,94:559,95:528,103:460,104:431,106:409,111:379,114:348,115:340,120:329,121:327,122:325,123:325,130:295,132:291,133:291,135:282,139:259,140:259,149:232,156:213,161:210,165:202,166:202,167:197,170:186,171:186,173:185,179:173,184:167,198:148,202:143,206:140,207:136,237:118,246:111,251:109,254:106,256:105,259:102	0	False	0
ecol-SAMN34375054	GP_unb_17	150:228	4	0.0	0.49445963715976216	1.963848802285547	GP_unb_39	257:104	5	0.0	0.49908094478854037	1.1816836343984096	5	-1.8265123268047667	11.96895690635888	0.07217477347694512	25:61967,33:28845,36:19914,37:19430,38:19116,40:16874,42:15084,47:11355,48:11205,57:3699,61:2581,63:1917,65:1404,69:1203,70:1167,72:1078,73:1055,79:881,81:816,82:816,83:753,85:725,89:644,95:528,103:460,104:431,111:379,115:340,120:329,121:327,122:325,123:325,124:324,130:295,132:291,133:291,135:282,139:259,140:259,149:232,161:210,167:197,170:186,171:186,173:185,175:176,179:173,184:167,198:148,202:143,207:136,239:118,246:111,251:109,254:106,256:105,259:102	0	False	0
ecol-SAMN34375054	GP_unb_18	153:223	5	0.0	0.41624278017758964	1.1671159622005713	GP_unb_19	154:223	5	0.0	0.408511360060988	1.2613727932019634	5	-2.0370648748593627	13.999678442839732	0.07217477347694512	2:413688,25:61967,33:28845,36:19914,37:19430,38:19116,40:16874,42:15084,46:11585,47:11355,48:11205,54:6507,57:3699,61:2581,63:1917,69:1203,70:1167,72:1078,73:1055,79:881,81:816,82:816,83:753,85:725,89:644,95:528,103:460,104:431,111:379,115:340,120:329,121:327,122:325,123:325,130:295,132:291,133:291,135:282,139:259,140:259,142:248,167:197,170:186,173:185,179:173,182:167,184:167,186:167,198:148,199:145,202:143,203:141,205:140,207:136,209:134,211:132,212:132,234:119,244:116,245:115,246:111,251:109,254:106,256:105,259:102	0	False	0
ecol-SAMN34375054	GP_unb_18	153:223	5	0.0	0.41624278017758964	1.1671159622005713	GP_unb_20	159:211	5	0.0	0.47333547992256597	1.2704050985275805	0	0	0	0		1	False	0
ecol-SAMN34375054	GP_unb_18	153:223	5	0.0	0.41624278017758964	1.1671159622005713	GP_unb_21	160:211	5	0.0	0.1675830139114065	1.4041315654530804	0	0	0	0		1	False	0
ecol-SAMN34375054	GP_unb_18	153:223	5	0.0	0.41624278017758964	1.1671159622005713	GP_unb_22	162:208	5	0.0	0.48221642619736504	1.3486337997216322	5	-3.099841385998702	15.059197310286669	0.07217477347694523	15:117172,25:61967,27:52304,28:41938,33:28845,35:27169,36:19914,37:19430,38:19116,39:17090,40:16874,42:15084,46:11585,47:11355,48:11205,54:6507,57:3699,61:2581,63:1917,69:1203,70:1167,72:1078,73:1055,74:1020,76:980,79:881,81:816,82:816,83:753,85:725,88:675,89:644,90:625,92:587,95:528,103:460,104:431,111:379,115:340,120:329,121:327,122:325,123:325,124:324,130:295,132:291,133:291,135:282,139:259,140:259,161:210,167:197,170:186,173:185,178:173,179:173,182:167,184:167,186:167,198:148,199:145,202:143,203:141,206:140,207:136,211:132,212:132,214:132,232:121,234:119,238:118,244:116,245:115,246:111,247:110,251:109,254:106,256:105,259:102	0	False	0
ecol-SAMN34375054	GP_unb_18	153:223	5	0.0	0.41624278017758964	1.1671159622005713	GP_unb_23	163:208	5	0.0	0.475990418465596	1.085407662442312	5	-3.099841385998702	15.0529713025549	0.07217477347694512	15:117172,25:61967,27:52304,28:41938,33:28845,35:27169,36:19914,37:19430,38:19116,39:17090,40:16874,42:15084,46:11585,47:11355,48:11205,54:6507,57:3699,61:2581,63:1917,69:1203,70:1167,72:1078,73:1055,74:1020,76:980,79:881,81:816,82:816,83:753,85:725,88:675,89:644,90:625,92:587,95:528,103:460,104:431,111:379,115:340,120:329,121:327,122:325,123:325,124:324,130:295,132:291,133:291,135:282,139:259,140:259,161:210,167:197,170:186,173:185,178:173,179:173,182:167,184:167,186:167,198:148,199:145,202:143,203:141,206:140,207:136,211:132,212:132,214:132,232:121,234:119,238:118,244:116,245:115,246:111,247:110,251:109,254:106,256:105,259:102	0	False	0
ecol-SAMN34375054	GP_unb_18	153:223	5	0.0	0.41624278017758964	1.1671159622005713	GP_unb_24	164:203	4	0.0	0.4928958531709364	2.15280199252802	0	0	0	0		1	False	0
ecol-SAMN34375054	GP_unb_18	153:223	5	0.0	0.41624278017758964	1.1671159622005713	GP_unb_25	172:186	5	0.0	0.3968176402729984	1.4146802432056262	5	-2.1814172645227696	15.540225344224927	0.07217477347694512	1:484462,25:61967,28:41938,36:19914,37:19430,38:19116,40:16874,46:11585,47:11355,48:11205,52:9888,54:6507,61:2581,63:1917,69:1203,72:1078,73:1055,82:816,83:753,88:675,89:644,90:625,95:528,103:460,111:379,115:340,120:329,122:325,123:325,124:324,125:321,130:295,132:291,133:291,135:282,140:259,152:227,161:210,167:197,170:186,173:185,175:176,179:173,182:167,184:167,186:167,198:148,199:145,202:143,203:141,207:136,211:132,212:132,234:119,239:118,244:116,245:115,246:111,251:109,254:106,256:105,259:102	0	False	0
ecol-SAMN34375054	GP_unb_18	153:223	5	0.0	0.41624278017758964	1.1671159622005713	GP_unb_26	177:174	4	0.0	0.4640159774030528	0.7011120064464142	5	-2.335185008037061	15.468367734037267	0.07217477347694512	25:61967,33:28845,35:27169,36:19914,37:19430,38:19116,39:17090,40:16874,42:15084,46:11585,47:11355,48:11205,54:6507,57:3699,61:2581,63:1917,69:1203,72:1078,73:1055,81:816,82:816,83:753,89:644,92:587,95:528,103:460,111:379,115:340,120:329,121:327,122:325,123:325,124:324,130:295,132:291,133:291,135:282,139:259,140:259,161:210,167:197,170:186,173:185,179:173,182:167,184:167,186:167,198:148,199:145,202:143,203:141,207:136,211:132,212:132,214:132,234:119,244:116,245:115,246:111,251:109,254:106,256:105,259:102	0	False	0
ecol-SAMN34375054	GP_unb_18	153:223	5	0.0	0.41624278017758964	1.1671159622005713	GP_unb_27	191:160	5	0.0	0.4989549680172808	0.6509882059922351	0	0	0	0		1	False	0
ecol-SAMN34375054	GP_unb_18	153:223	5	0.0	0.41624278017758964	1.1671159622005713	GP_unb_28	192:160	4	0.0	0.21507936407806172	1.1898688740751593	0	0	0	0		1	False	0
ecol-SAMN34375054	GP_unb_18	153:223	5	0.0	0.41624278017758964	1.1671159622005713	GP_unb_29	193:156	5	0.0	0.489610564409944	1.6908871144971065	0	0	0	0		1	False	0
ecol-SAMN34375054	GP_unb_18	153:223	5	0.0	0.41624278017758964	1.1671159622005713	GP_unb_30	194:156	5	0.0	0.3302439589820926	1.016218592044539	0	0	0	0		1	False	0
ecol-SAMN34375054	GP_unb_18	153:223	5	0.0	0.41624278017758964	1.1671159622005713	GP_unb_31	195:153	5	0.0	0.453655333245074	1.2588601567650723	5	-2.152235197248169	15.818715141859046	0.07217477347694512	1:484462,25:61967,28:41938,36:19914,37:19430,38:19116,40:16874,46:11585,47:11355,48:11205,54:6507,55:4173,61:2581,63:1917,69:1203,72:1078,73:1055,82:816,83:753,88:675,89:644,90:625,95:528,103:460,111:379,115:340,120:329,122:325,123:325,124:324,125:321,130:295,132:291,133:291,135:282,140:259,152:227,161:210,167:197,170:186,173:185,175:176,179:173,182:167,184:167,186:167,198:148,199:145,202:143,203:141,207:136,208:135,210:134,211:132,212:132,234:119,239:118,244:116,245:115,246:111,251:109,254:106,256:105,259:102	0	False	0
ecol-SAMN34375054	GP_unb_18	153:223	5	0.0	0.41624278017758964	1.1671159622005713	GP_unb_32	204:141	4	0.0	0.4978667098285404	1.2225697751080506	0	0	0	0		1	False	0
ecol-SAMN34375054	GP_unb_18	153:223	5	0.0	0.41624278017758964	1.1671159622005713	GP_unb_33	219:131	4	0.0	0.4991936115234976	1.0244011427734232	0	0	0	0		1	False	0
ecol-SAMN34375054	GP_unb_18	153:223	5	0.0	0.41624278017758964	1.1671159622005713	GP_unb_34	226:128	4	0.0	0.49956212824918245	1.0474763753571166	5	-2.245821586046197	15.570087034414067	0.07217477347694512	1:484462,25:61967,28:41938,36:19914,37:19430,38:19116,40:16874,42:15084,46:11585,47:11355,48:11205,54:6507,61:2581,63:1917,69:1203,72:1078,73:1055,82:816,83:753,88:675,89:644,90:625,95:528,103:460,111:379,115:340,120:329,121:327,122:325,123:325,124:324,125:321,130:295,132:291,133:291,135:282,140:259,161:210,167:197,170:186,173:185,175:176,179:173,182:167,184:167,186:167,198:148,199:145,202:143,203:141,207:136,211:132,212:132,234:119,239:118,244:116,245:115,246:111,251:109,254:106,256:105,259:102	0	False	0
ecol-SAMN34375054	GP_unb_18	153:223	5	0.0	0.41624278017758964	1.1671159622005713	GP_unb_35	231:124	5	0.0	0.4678017939366288	0.9255182174926284	5	-2.2994960496417374	16.68330682112165	0.07217477347694512	1:484462,25:61967,28:41938,33:28845,36:19914,37:19430,38:19116,40:16874,42:15084,46:11585,47:11355,48:11205,54:6507,57:3699,61:2581,63:1917,69:1203,70:1167,72:1078,73:1055,79:881,81:816,82:816,83:753,85:725,88:675,89:644,90:625,95:528,103:460,104:431,111:379,115:340,120:329,121:327,122:325,123:325,124:324,125:321,130:295,132:291,133:291,135:282,139:259,140:259,161:210,167:197,170:186,173:185,175:176,179:173,182:167,184:167,186:167,198:148,199:145,202:143,203:141,207:136,211:132,212:132,234:119,239:118,244:116,245:115,246:111,251:109,254:106,256:105,259:102	0	False	0
ecol-SAMN34375054	GP_unb_18	153:223	5	0.0	0.41624278017758964	1.1671159622005713	GP_unb_36	241:116	4	0.0	0.4892892881834844	2.1243864918321003	5	-2.5139092768588562	16.5176247837032	0.07217477347694512	24:62199,25:61967,26:61534,33:28845,37:19430,38:19116,40:16874,42:15084,46:11585,47:11355,48:11205,54:6507,57:3699,61:2581,63:1917,69:1203,70:1167,72:1078,73:1055,79:881,81:816,82:816,83:753,85:725,89:644,95:528,103:460,104:431,111:379,115:340,120:329,121:327,122:325,123:325,130:295,132:291,133:291,135:282,139:259,140:259,167:197,170:186,173:185,176:174,179:173,182:167,184:167,186:167,198:148,199:145,202:143,203:141,207:136,211:132,212:132,233:121,234:119,244:116,245:115,246:111,251:109,254:106,256:105,259:102	0	False	0
ecol-SAMN34375054	GP_unb_18	153:223	5	0.0	0.41624278017758964	1.1671159622005713	GP_unb_37	249:109	4	0.0	0.49977650941861884	1.5649842502380782	5	-1.9804552910311894	13.675658686794861	0.07842548148619244	33:28845,38:19116,40:16874,42:15084,46:11585,47:11355,48:11205,54:6507,57:3699,61:2581,69:1203,70:1167,72:1078,73:1055,79:881,81:816,82:816,83:753,85:725,89:644,95:528,98:522,103:460,104:431,111:379,115:340,120:329,121:327,122:325,123:325,130:295,132:291,133:291,139:259,140:259,167:197,170:186,173:185,179:173,182:167,184:167,185:167,186:167,199:145,202:143,203:141,207:136,211:132,212:132,234:119,244:116,245:115,246:111,251:109,254:106,256:105	0	False	0
ecol-SAMN34375054	GP_unb_18	153:223	5	0.0	0.41624278017758964	1.1671159622005713	GP_unb_38	250:109	5	0.0	0.488385559122413	2.0378140795546114	5	-2.953863956630424	17.347105749296976	0.07217477347694512	15:117172,25:61967,28:41938,33:28845,35:27169,36:19914,37:19430,38:19116,39:17090,40:16874,42:15084,46:11585,47:11355,48:11205,54:6507,57:3699,61:2581,63:1917,69:1203,70:1167,72:1078,73:1055,76:980,79:881,81:816,82:816,83:753,85:725,88:675,89:644,90:625,92:587,93:559,94:559,95:528,103:460,104:431,106:409,111:379,114:348,115:340,120:329,121:327,122:325,123:325,124:324,130:295,132:291,133:291,135:282,139:259,140:259,156:213,161:210,165:202,166:202,167:197,170:186,173:185,179:173,182:167,184:167,186:167,198:148,199:145,202:143,203:141,206:140,207:136,211:132,212:132,214:132,234:119,237:118,244:116,245:115,246:111,251:109,254:106,256:105,259:102	0	False	0
ecol-SAMN34375054	GP_unb_18	153:223	5	0.0	0.41624278017758964	1.1671159622005713	GP_unb_39	257:104	5	0.0	0.49908094478854037	1.1816836343984096	5	-2.2994960496417374	16.591912310770354	0.07217477347694512	1:484462,25:61967,28:41938,33:28845,36:19914,37:19430,38:19116,40:16874,42:15084,46:11585,47:11355,48:11205,54:6507,57:3699,61:2581,63:1917,65:1404,69:1203,70:1167,72:1078,73:1055,79:881,81:816,82:816,83:753,85:725,88:675,89:644,90:625,95:528,103:460,104:431,111:379,115:340,120:329,121:327,122:325,123:325,124:324,130:295,132:291,133:291,135:282,139:259,140:259,161:210,167:197,170:186,173:185,175:176,179:173,182:167,184:167,186:167,198:148,199:145,202:143,203:141,207:136,211:132,212:132,234:119,239:118,244:116,245:115,246:111,251:109,254:106,256:105,259:102	0	False	0
ecol-SAMN34375054	GP_unb_19	154:223	5	0.0	0.408511360060988	1.2613727932019634	GP_unb_20	159:211	5	0.0	0.47333547992256597	1.2704050985275805	0	0	0	0		1	False	0
ecol-SAMN34375054	GP_unb_19	154:223	5	0.0	0.408511360060988	1.2613727932019634	GP_unb_21	160:211	5	0.0	0.1675830139114065	1.4041315654530804	0	0	0	0		1	False	0
ecol-SAMN34375054	GP_unb_19	154:223	5	0.0	0.408511360060988	1.2613727932019634	GP_unb_22	162:208	5	0.0	0.48221642619736504	1.3486337997216322	5	-3.099841385998702	15.05146589017007	0.07217477347694512	15:117172,25:61967,27:52304,28:41938,33:28845,35:27169,36:19914,37:19430,38:19116,39:17090,40:16874,42:15084,46:11585,47:11355,48:11205,54:6507,57:3699,61:2581,63:1917,69:1203,70:1167,72:1078,73:1055,74:1020,76:980,79:881,81:816,82:816,83:753,85:725,88:675,89:644,90:625,92:587,95:528,103:460,104:431,111:379,115:340,120:329,121:327,122:325,123:325,124:324,130:295,132:291,133:291,135:282,139:259,140:259,161:210,167:197,170:186,173:185,178:173,179:173,182:167,184:167,186:167,198:148,199:145,202:143,203:141,206:140,207:136,211:132,212:132,214:132,232:121,234:119,238:118,244:116,245:115,246:111,247:110,251:109,254:106,256:105,259:102	0	False	0
ecol-SAMN34375054	GP_unb_19	154:223	5	0.0	0.408511360060988	1.2613727932019634	GP_unb_23	163:208	5	0.0	0.475990418465596	1.085407662442312	5	-3.099841385998702	15.0452398824383	0.07217477347694512	15:117172,25:61967,27:52304,28:41938,33:28845,35:27169,36:19914,37:19430,38:19116,39:17090,40:16874,42:15084,46:11585,47:11355,48:11205,54:6507,57:3699,61:2581,63:1917,69:1203,70:1167,72:1078,73:1055,74:1020,76:980,79:881,81:816,82:816,83:753,85:725,88:675,89:644,90:625,92:587,95:528,103:460,104:431,111:379,115:340,120:329,121:327,122:325,123:325,124:324,130:295,132:291,133:291,135:282,139:259,140:259,161:210,167:197,170:186,173:185,178:173,179:173,182:167,184:167,186:167,198:148,199:145,202:143,203:141,206:140,207:136,211:132,212:132,214:132,232:121,234:119,238:118,244:116,245:115,246:111,247:110,251:109,254:106,256:105,259:102	0	False	0
ecol-SAMN34375054	GP_unb_19	154:223	5	0.0	0.408511360060988	1.2613727932019634	GP_unb_24	164:203	4	0.0	0.4928958531709364	2.15280199252802	0	0	0	0		1	False	0
ecol-SAMN34375054	GP_unb_19	154:223	5	0.0	0.408511360060988	1.2613727932019634	GP_unb_25	172:186	5	0.0	0.3968176402729984	1.4146802432056262	5	-2.1814172645227696	15.532493924108325	0.07217477347694512	1:484462,25:61967,28:41938,36:19914,37:19430,38:19116,40:16874,46:11585,47:11355,48:11205,52:9888,54:6507,61:2581,63:1917,69:1203,72:1078,73:1055,82:816,83:753,88:675,89:644,90:625,95:528,103:460,111:379,115:340,120:329,122:325,123:325,124:324,125:321,130:295,132:291,133:291,135:282,140:259,152:227,161:210,167:197,170:186,173:185,175:176,179:173,182:167,184:167,186:167,198:148,199:145,202:143,203:141,207:136,211:132,212:132,234:119,239:118,244:116,245:115,246:111,251:109,254:106,256:105,259:102	0	False	0
ecol-SAMN34375054	GP_unb_19	154:223	5	0.0	0.408511360060988	1.2613727932019634	GP_unb_26	177:174	4	0.0	0.4640159774030528	0.7011120064464142	5	-2.335185008037061	15.460636313920668	0.07217477347694512	25:61967,33:28845,35:27169,36:19914,37:19430,38:19116,39:17090,40:16874,42:15084,46:11585,47:11355,48:11205,54:6507,57:3699,61:2581,63:1917,69:1203,72:1078,73:1055,81:816,82:816,83:753,89:644,92:587,95:528,103:460,111:379,115:340,120:329,121:327,122:325,123:325,124:324,130:295,132:291,133:291,135:282,139:259,140:259,161:210,167:197,170:186,173:185,179:173,182:167,184:167,186:167,198:148,199:145,202:143,203:141,207:136,211:132,212:132,214:132,234:119,244:116,245:115,246:111,251:109,254:106,256:105,259:102	0	False	0
ecol-SAMN34375054	GP_unb_19	154:223	5	0.0	0.408511360060988	1.2613727932019634	GP_unb_27	191:160	5	0.0	0.4989549680172808	0.6509882059922351	0	0	0	0		1	False	0
ecol-SAMN34375054	GP_unb_19	154:223	5	0.0	0.408511360060988	1.2613727932019634	GP_unb_28	192:160	4	0.0	0.21507936407806172	1.1898688740751593	0	0	0	0		1	False	0
ecol-SAMN34375054	GP_unb_19	154:223	5	0.0	0.408511360060988	1.2613727932019634	GP_unb_29	193:156	5	0.0	0.489610564409944	1.6908871144971065	0	0	0	0		1	False	0
ecol-SAMN34375054	GP_unb_19	154:223	5	0.0	0.408511360060988	1.2613727932019634	GP_unb_30	194:156	5	0.0	0.3302439589820926	1.016218592044539	0	0	0	0		1	False	0
ecol-SAMN34375054	GP_unb_19	154:223	5	0.0	0.408511360060988	1.2613727932019634	GP_unb_31	195:153	5	0.0	0.453655333245074	1.2588601567650723	5	-2.152235197248169	15.810983721742447	0.07217477347694512	1:484462,25:61967,28:41938,36:19914,37:19430,38:19116,40:16874,46:11585,47:11355,48:11205,54:6507,55:4173,61:2581,63:1917,69:1203,72:1078,73:1055,82:816,83:753,88:675,89:644,90:625,95:528,103:460,111:379,115:340,120:329,122:325,123:325,124:324,125:321,130:295,132:291,133:291,135:282,140:259,152:227,161:210,167:197,170:186,173:185,175:176,179:173,182:167,184:167,186:167,198:148,199:145,202:143,203:141,207:136,208:135,210:134,211:132,212:132,234:119,239:118,244:116,245:115,246:111,251:109,254:106,256:105,259:102	0	False	0
ecol-SAMN34375054	GP_unb_19	154:223	5	0.0	0.408511360060988	1.2613727932019634	GP_unb_32	204:141	4	0.0	0.4978667098285404	1.2225697751080506	0	0	0	0		1	False	0
ecol-SAMN34375054	GP_unb_19	154:223	5	0.0	0.408511360060988	1.2613727932019634	GP_unb_33	219:131	4	0.0	0.4991936115234976	1.0244011427734232	0	0	0	0		1	False	0
ecol-SAMN34375054	GP_unb_19	154:223	5	0.0	0.408511360060988	1.2613727932019634	GP_unb_34	226:128	4	0.0	0.49956212824918245	1.0474763753571166	5	-2.245821586046197	15.562355614297465	0.07217477347694512	1:484462,25:61967,28:41938,36:19914,37:19430,38:19116,40:16874,42:15084,46:11585,47:11355,48:11205,54:6507,61:2581,63:1917,69:1203,72:1078,73:1055,82:816,83:753,88:675,89:644,90:625,95:528,103:460,111:379,115:340,120:329,121:327,122:325,123:325,124:324,125:321,130:295,132:291,133:291,135:282,140:259,161:210,167:197,170:186,173:185,175:176,179:173,182:167,184:167,186:167,198:148,199:145,202:143,203:141,207:136,211:132,212:132,234:119,239:118,244:116,245:115,246:111,251:109,254:106,256:105,259:102	0	False	0
ecol-SAMN34375054	GP_unb_19	154:223	5	0.0	0.408511360060988	1.2613727932019634	GP_unb_35	231:124	5	0.0	0.4678017939366288	0.9255182174926284	5	-2.2994960496417374	16.675575401005048	0.07217477347694512	1:484462,25:61967,28:41938,33:28845,36:19914,37:19430,38:19116,40:16874,42:15084,46:11585,47:11355,48:11205,54:6507,57:3699,61:2581,63:1917,69:1203,70:1167,72:1078,73:1055,79:881,81:816,82:816,83:753,85:725,88:675,89:644,90:625,95:528,103:460,104:431,111:379,115:340,120:329,121:327,122:325,123:325,124:324,125:321,130:295,132:291,133:291,135:282,139:259,140:259,161:210,167:197,170:186,173:185,175:176,179:173,182:167,184:167,186:167,198:148,199:145,202:143,203:141,207:136,211:132,212:132,234:119,239:118,244:116,245:115,246:111,251:109,254:106,256:105,259:102	0	False	0
ecol-SAMN34375054	GP_unb_19	154:223	5	0.0	0.408511360060988	1.2613727932019634	GP_unb_36	241:116	4	0.0	0.4892892881834844	2.1243864918321003	5	-2.5139092768588562	16.5098933635866	0.07217477347694512	24:62199,25:61967,26:61534,33:28845,37:19430,38:19116,40:16874,42:15084,46:11585,47:11355,48:11205,54:6507,57:3699,61:2581,63:1917,69:1203,70:1167,72:1078,73:1055,79:881,81:816,82:816,83:753,85:725,89:644,95:528,103:460,104:431,111:379,115:340,120:329,121:327,122:325,123:325,130:295,132:291,133:291,135:282,139:259,140:259,167:197,170:186,173:185,176:174,179:173,182:167,184:167,186:167,198:148,199:145,202:143,203:141,207:136,211:132,212:132,233:121,234:119,244:116,245:115,246:111,251:109,254:106,256:105,259:102	0	False	0
ecol-SAMN34375054	GP_unb_19	154:223	5	0.0	0.408511360060988	1.2613727932019634	GP_unb_37	249:109	4	0.0	0.49977650941861884	1.5649842502380782	5	-1.9804552910311894	13.667927266678259	0.07842548148619233	33:28845,38:19116,40:16874,42:15084,46:11585,47:11355,48:11205,54:6507,57:3699,61:2581,69:1203,70:1167,72:1078,73:1055,79:881,81:816,82:816,83:753,85:725,89:644,95:528,98:522,103:460,104:431,111:379,115:340,120:329,121:327,122:325,123:325,130:295,132:291,133:291,139:259,140:259,167:197,170:186,173:185,179:173,182:167,184:167,185:167,186:167,199:145,202:143,203:141,207:136,211:132,212:132,234:119,244:116,245:115,246:111,251:109,254:106,256:105	0	False	0
ecol-SAMN34375054	GP_unb_19	154:223	5	0.0	0.408511360060988	1.2613727932019634	GP_unb_38	250:109	5	0.0	0.488385559122413	2.0378140795546114	5	-2.953863956630424	17.339374329180373	0.07217477347694512	15:117172,25:61967,28:41938,33:28845,35:27169,36:19914,37:19430,38:19116,39:17090,40:16874,42:15084,46:11585,47:11355,48:11205,54:6507,57:3699,61:2581,63:1917,69:1203,70:1167,72:1078,73:1055,76:980,79:881,81:816,82:816,83:753,85:725,88:675,89:644,90:625,92:587,93:559,94:559,95:528,103:460,104:431,106:409,111:379,114:348,115:340,120:329,121:327,122:325,123:325,124:324,130:295,132:291,133:291,135:282,139:259,140:259,156:213,161:210,165:202,166:202,167:197,170:186,173:185,179:173,182:167,184:167,186:167,198:148,199:145,202:143,203:141,206:140,207:136,211:132,212:132,214:132,234:119,237:118,244:116,245:115,246:111,251:109,254:106,256:105,259:102	0	False	0
ecol-SAMN34375054	GP_unb_19	154:223	5	0.0	0.408511360060988	1.2613727932019634	GP_unb_39	257:104	5	0.0	0.49908094478854037	1.1816836343984096	5	-2.2994960496417374	16.584180890653755	0.07217477347694512	1:484462,25:61967,28:41938,33:28845,36:19914,37:19430,38:19116,40:16874,42:15084,46:11585,47:11355,48:11205,54:6507,57:3699,61:2581,63:1917,65:1404,69:1203,70:1167,72:1078,73:1055,79:881,81:816,82:816,83:753,85:725,88:675,89:644,90:625,95:528,103:460,104:431,111:379,115:340,120:329,121:327,122:325,123:325,124:324,130:295,132:291,133:291,135:282,139:259,140:259,161:210,167:197,170:186,173:185,175:176,179:173,182:167,184:167,186:167,198:148,199:145,202:143,203:141,207:136,211:132,212:132,234:119,239:118,244:116,245:115,246:111,251:109,254:106,256:105,259:102	0	False	0
ecol-SAMN34375054	GP_unb_20	159:211	5	0.0	0.47333547992256597	1.2704050985275805	GP_unb_21	160:211	5	0.0	0.1675830139114065	1.4041315654530804	5	0.0	0.3133356882177721	1.2704050985266804	222:129	0	False	0
ecol-SAMN34375054	GP_unb_20	159:211	5	0.0	0.47333547992256597	1.2704050985275805	GP_unb_22	162:208	5	0.0	0.48221642619736504	1.3486337997216322	0	0	0	0		1	False	0
ecol-SAMN34375054	GP_unb_20	159:211	5	0.0	0.47333547992256597	1.2704050985275805	GP_unb_23	163:208	5	0.0	0.475990418465596	1.085407662442312	0	0	0	0		1	False	0
ecol-SAMN34375054	GP_unb_20	159:211	5	0.0	0.47333547992256597	1.2704050985275805	GP_unb_24	164:203	4	0.0	0.4928958531709364	2.15280199252802	0	0	0	0		1	False	0
ecol-SAMN34375054	GP_unb_20	159:211	5	0.0	0.47333547992256597	1.2704050985275805	GP_unb_25	172:186	5	0.0	0.3968176402729984	1.4146802432056262	0	0	0	0		1	False	0
ecol-SAMN34375054	GP_unb_20	159:211	5	0.0	0.47333547992256597	1.2704050985275805	GP_unb_26	177:174	4	0.0	0.4640159774030528	0.7011120064464142	0	0	0	0		1	False	0
ecol-SAMN34375054	GP_unb_20	159:211	5	0.0	0.47333547992256597	1.2704050985275805	GP_unb_27	191:160	5	0.0	0.4989549680172808	0.6509882059922351	0	0	0	0		1	False	0
ecol-SAMN34375054	GP_unb_20	159:211	5	0.0	0.47333547992256597	1.2704050985275805	GP_unb_28	192:160	4	0.0	0.21507936407806172	1.1898688740751593	0	0	0	0		1	False	0
ecol-SAMN34375054	GP_unb_20	159:211	5	0.0	0.47333547992256597	1.2704050985275805	GP_unb_29	193:156	5	0.0	0.489610564409944	1.6908871144971065	5	0.0	0.7645658065081578	1.2704050985266804	126:313,190:161,200:145	0	False	0
ecol-SAMN34375054	GP_unb_20	159:211	5	0.0	0.47333547992256597	1.2704050985275805	GP_unb_30	194:156	5	0.0	0.3302439589820926	1.016218592044539	5	0.0	0.6051992010803062	1.016218592045334	126:313,190:161,200:145	0	False	0
ecol-SAMN34375054	GP_unb_20	159:211	5	0.0	0.47333547992256597	1.2704050985275805	GP_unb_31	195:153	5	0.0	0.453655333245074	1.2588601567650723	0	0	0	0		1	False	0
ecol-SAMN34375054	GP_unb_20	159:211	5	0.0	0.47333547992256597	1.2704050985275805	GP_unb_32	204:141	4	0.0	0.4978667098285404	1.2225697751080506	0	0	0	0		1	False	0
ecol-SAMN34375054	GP_unb_20	159:211	5	0.0	0.47333547992256597	1.2704050985275805	GP_unb_33	219:131	4	0.0	0.4991936115234976	1.0244011427734232	0	0	0	0		1	False	0
ecol-SAMN34375054	GP_unb_20	159:211	5	0.0	0.47333547992256597	1.2704050985275805	GP_unb_34	226:128	4	0.0	0.49956212824918245	1.0474763753571166	0	0	0	0		1	False	0
ecol-SAMN34375054	GP_unb_20	159:211	5	0.0	0.47333547992256597	1.2704050985275805	GP_unb_35	231:124	5	0.0	0.4678017939366288	0.9255182174926284	0	0	0	0		1	False	0
ecol-SAMN34375054	GP_unb_20	159:211	5	0.0	0.47333547992256597	1.2704050985275805	GP_unb_36	241:116	4	0.0	0.4892892881834844	2.1243864918321003	0	0	0	0		1	False	0
ecol-SAMN34375054	GP_unb_20	159:211	5	0.0	0.47333547992256597	1.2704050985275805	GP_unb_37	249:109	4	0.0	0.49977650941861884	1.5649842502380782	0	0	0	0		1	False	0
ecol-SAMN34375054	GP_unb_20	159:211	5	0.0	0.47333547992256597	1.2704050985275805	GP_unb_38	250:109	5	0.0	0.488385559122413	2.0378140795546114	5	0.0	0.6341382334287786	1.2704050985266804	222:129	0	False	0
ecol-SAMN34375054	GP_unb_20	159:211	5	0.0	0.47333547992256597	1.2704050985275805	GP_unb_39	257:104	5	0.0	0.49908094478854037	1.1816836343984096	0	0	0	0		1	False	0
ecol-SAMN34375054	GP_unb_21	160:211	5	0.0	0.1675830139114065	1.4041315654530804	GP_unb_22	162:208	5	0.0	0.48221642619736504	1.3486337997216322	0	0	0	0		1	False	0
ecol-SAMN34375054	GP_unb_21	160:211	5	0.0	0.1675830139114065	1.4041315654530804	GP_unb_23	163:208	5	0.0	0.475990418465596	1.085407662442312	0	0	0	0		1	False	0
ecol-SAMN34375054	GP_unb_21	160:211	5	0.0	0.1675830139114065	1.4041315654530804	GP_unb_24	164:203	4	0.0	0.4928958531709364	2.15280199252802	0	0	0	0		1	False	0
ecol-SAMN34375054	GP_unb_21	160:211	5	0.0	0.1675830139114065	1.4041315654530804	GP_unb_25	172:186	5	0.0	0.3968176402729984	1.4146802432056262	0	0	0	0		1	False	0
ecol-SAMN34375054	GP_unb_21	160:211	5	0.0	0.1675830139114065	1.4041315654530804	GP_unb_26	177:174	4	0.0	0.4640159774030528	0.7011120064464142	0	0	0	0		1	False	0
ecol-SAMN34375054	GP_unb_21	160:211	5	0.0	0.1675830139114065	1.4041315654530804	GP_unb_27	191:160	5	0.0	0.4989549680172808	0.6509882059922351	0	0	0	0		1	False	0
ecol-SAMN34375054	GP_unb_21	160:211	5	0.0	0.1675830139114065	1.4041315654530804	GP_unb_28	192:160	4	0.0	0.21507936407806172	1.1898688740751593	0	0	0	0		1	False	0
ecol-SAMN34375054	GP_unb_21	160:211	5	0.0	0.1675830139114065	1.4041315654530804	GP_unb_29	193:156	5	0.0	0.489610564409944	1.6908871144971065	5	0.0	0.4588133404969982	1.273716211266219	126:313,190:161,200:145	0	False	0
ecol-SAMN34375054	GP_unb_21	160:211	5	0.0	0.1675830139114065	1.4041315654530804	GP_unb_30	194:156	5	0.0	0.3302439589820926	1.016218592044539	5	0.0	0.29944673506914676	1.016218592045334	126:313,190:161,200:145	0	False	0
ecol-SAMN34375054	GP_unb_21	160:211	5	0.0	0.1675830139114065	1.4041315654530804	GP_unb_31	195:153	5	0.0	0.453655333245074	1.2588601567650723	0	0	0	0		1	False	0
ecol-SAMN34375054	GP_unb_21	160:211	5	0.0	0.1675830139114065	1.4041315654530804	GP_unb_32	204:141	4	0.0	0.4978667098285404	1.2225697751080506	0	0	0	0		1	False	0
ecol-SAMN34375054	GP_unb_21	160:211	5	0.0	0.1675830139114065	1.4041315654530804	GP_unb_33	219:131	4	0.0	0.4991936115234976	1.0244011427734232	0	0	0	0		1	False	0
ecol-SAMN34375054	GP_unb_21	160:211	5	0.0	0.1675830139114065	1.4041315654530804	GP_unb_34	226:128	4	0.0	0.49956212824918245	1.0474763753571166	0	0	0	0		1	False	0
ecol-SAMN34375054	GP_unb_21	160:211	5	0.0	0.1675830139114065	1.4041315654530804	GP_unb_35	231:124	5	0.0	0.4678017939366288	0.9255182174926284	0	0	0	0		1	False	0
ecol-SAMN34375054	GP_unb_21	160:211	5	0.0	0.1675830139114065	1.4041315654530804	GP_unb_36	241:116	4	0.0	0.4892892881834844	2.1243864918321003	0	0	0	0		1	False	0
ecol-SAMN34375054	GP_unb_21	160:211	5	0.0	0.1675830139114065	1.4041315654530804	GP_unb_37	249:109	4	0.0	0.49977650941861884	1.5649842502380782	0	0	0	0		1	False	0
ecol-SAMN34375054	GP_unb_21	160:211	5	0.0	0.1675830139114065	1.4041315654530804	GP_unb_38	250:109	5	0.0	0.488385559122413	2.0378140795546114	5	0.0	0.3283857674176191	1.4041315654521895	222:129	0	False	0
ecol-SAMN34375054	GP_unb_21	160:211	5	0.0	0.1675830139114065	1.4041315654530804	GP_unb_39	257:104	5	0.0	0.49908094478854037	1.1816836343984096	0	0	0	0		1	False	0
ecol-SAMN34375054	GP_unb_22	162:208	5	0.0	0.48221642619736504	1.3486337997216322	GP_unb_23	163:208	5	0.0	0.475990418465596	1.085407662442312	5	-0.1383732035443052	1.404750450715234	1.0854076624418667	247:110	0	False	0
ecol-SAMN34375054	GP_unb_22	162:208	5	0.0	0.48221642619736504	1.3486337997216322	GP_unb_24	164:203	4	0.0	0.4928958531709364	2.15280199252802	0	0	0	0		1	False	0
ecol-SAMN34375054	GP_unb_22	162:208	5	0.0	0.48221642619736504	1.3486337997216322	GP_unb_25	172:186	5	0.0	0.3968176402729984	1.4146802432056262	5	-2.4939794360941305	11.818251817435387	0.07217477347694512	15:117172,25:61967,27:52304,28:41938,35:27169,36:19914,37:19430,38:19116,39:17090,40:16874,47:11355,48:11205,52:9888,57:3699,61:2581,63:1917,69:1203,70:1167,72:1078,73:1055,74:1020,76:980,79:881,82:816,83:753,85:725,88:675,89:644,90:625,92:587,95:528,103:460,104:431,111:379,115:340,120:329,122:325,123:325,124:324,130:295,132:291,133:291,135:282,139:259,140:259,152:227,161:210,167:197,170:186,173:185,178:173,179:173,184:167,198:148,202:143,206:140,207:136,214:132,232:121,238:118,246:111,247:110,251:109,254:106,256:105,259:102	0	False	0
ecol-SAMN34375054	GP_unb_22	162:208	5	0.0	0.48221642619736504	1.3486337997216322	GP_unb_26	177:174	4	0.0	0.4640159774030528	0.7011120064464142	5	-1.5666440755935924	10.647913344542914	0.07217477347694512	25:61967,33:28845,37:19430,38:19116,40:16874,42:15084,45:13205,47:11355,48:11205,61:2581,63:1917,69:1203,70:1167,72:1078,73:1055,74:1020,79:881,81:816,82:816,83:753,85:725,89:644,95:528,103:460,104:431,111:379,115:340,120:329,121:327,122:325,123:325,124:324,125:321,130:295,132:291,133:291,139:259,140:259,161:210,167:197,170:186,173:185,175:176,178:173,179:173,184:167,202:143,207:136,232:121,238:118,239:118,246:111,247:110,251:109,254:106,256:105	0	False	0
ecol-SAMN34375054	GP_unb_22	162:208	5	0.0	0.48221642619736504	1.3486337997216322	GP_unb_27	191:160	5	0.0	0.4989549680172808	0.6509882059922351	0	0	0	0		1	False	0
ecol-SAMN34375054	GP_unb_22	162:208	5	0.0	0.48221642619736504	1.3486337997216322	GP_unb_28	192:160	4	0.0	0.21507936407806172	1.1898688740751593	0	0	0	0		1	False	0
ecol-SAMN34375054	GP_unb_22	162:208	5	0.0	0.48221642619736504	1.3486337997216322	GP_unb_29	193:156	5	0.0	0.489610564409944	1.6908871144971065	0	0	0	0		1	False	0
ecol-SAMN34375054	GP_unb_22	162:208	5	0.0	0.48221642619736504	1.3486337997216322	GP_unb_30	194:156	5	0.0	0.3302439589820926	1.016218592044539	0	0	0	0		1	False	0
ecol-SAMN34375054	GP_unb_22	162:208	5	0.0	0.48221642619736504	1.3486337997216322	GP_unb_31	195:153	5	0.0	0.453655333245074	1.2588601567650723	5	-2.46479736881953	12.096741615069503	0.07217477347694488	15:117172,25:61967,27:52304,28:41938,35:27169,36:19914,37:19430,38:19116,39:17090,40:16874,47:11355,48:11205,55:4173,57:3699,61:2581,63:1917,69:1203,70:1167,72:1078,73:1055,74:1020,76:980,79:881,82:816,83:753,85:725,88:675,89:644,90:625,92:587,95:528,103:460,104:431,111:379,115:340,120:329,122:325,123:325,124:324,130:295,132:291,133:291,135:282,139:259,140:259,152:227,161:210,167:197,170:186,173:185,178:173,179:173,184:167,198:148,202:143,206:140,207:136,208:135,210:134,214:132,232:121,238:118,246:111,247:110,251:109,254:106,256:105,259:102	0	False	0
ecol-SAMN34375054	GP_unb_22	162:208	5	0.0	0.48221642619736504	1.3486337997216322	GP_unb_32	204:141	4	0.0	0.4978667098285404	1.2225697751080506	0	0	0	0		1	False	0
ecol-SAMN34375054	GP_unb_22	162:208	5	0.0	0.48221642619736504	1.3486337997216322	GP_unb_33	219:131	4	0.0	0.4991936115234976	1.0244011427734232	0	0	0	0		1	False	0
ecol-SAMN34375054	GP_unb_22	162:208	5	0.0	0.48221642619736504	1.3486337997216322	GP_unb_34	226:128	4	0.0	0.49956212824918245	1.0474763753571166	5	-2.558383757617559	11.848113507624523	0.07217477347768098	15:117172,25:61967,27:52304,28:41938,35:27169,36:19914,37:19430,38:19116,39:17090,40:16874,42:15084,47:11355,48:11205,57:3699,61:2581,63:1917,69:1203,70:1167,72:1078,73:1055,74:1020,76:980,79:881,82:816,83:753,85:725,88:675,89:644,90:625,92:587,95:528,103:460,104:431,111:379,115:340,120:329,121:327,122:325,123:325,124:324,130:295,132:291,133:291,135:282,139:259,140:259,161:210,167:197,170:186,173:185,178:173,179:173,184:167,198:148,202:143,206:140,207:136,214:132,232:121,238:118,246:111,247:110,251:109,254:106,256:105,259:102	0	False	0
ecol-SAMN34375054	GP_unb_22	162:208	5	0.0	0.48221642619736504	1.3486337997216322	GP_unb_35	231:124	5	0.0	0.4678017939366288	0.9255182174926284	5	-1.4818399638060415	10.911524533747116	0.07217477347694512	25:61967,33:28845,37:19430,38:19116,40:16874,42:15084,45:13205,47:11355,48:11205,57:3699,61:2581,63:1917,69:1203,70:1167,72:1078,73:1055,74:1020,79:881,81:816,82:816,83:753,85:725,89:644,95:528,103:460,104:431,111:379,115:340,120:329,121:327,122:325,123:325,124:324,125:321,130:295,132:291,133:291,139:259,140:259,161:210,167:197,170:186,173:185,175:176,178:173,179:173,184:167,202:143,207:136,232:121,238:118,239:118,246:111,247:110,251:109,254:106,256:105	0	False	0
ecol-SAMN34375054	GP_unb_22	162:208	5	0.0	0.48221642619736504	1.3486337997216322	GP_unb_36	241:116	4	0.0	0.4892892881834844	2.1243864918321003	5	-2.3132122658727017	12.664465700898218	0.07217477347694512	25:61967,26:61534,33:28845,35:27169,37:19430,38:19116,39:17090,40:16874,42:15084,45:13205,47:11355,48:11205,57:3699,61:2581,63:1917,69:1203,70:1167,72:1078,73:1055,74:1020,79:881,81:816,82:816,83:753,85:725,89:644,92:587,95:528,103:460,104:431,111:379,115:340,120:329,121:327,122:325,123:325,124:324,130:295,132:291,133:291,135:282,139:259,140:259,161:210,167:197,170:186,173:185,176:174,178:173,179:173,184:167,198:148,202:143,207:136,214:132,232:121,233:121,238:118,246:111,247:110,251:109,254:106,256:105,259:102	0	False	0
ecol-SAMN34375054	GP_unb_22	162:208	5	0.0	0.48221642619736504	1.3486337997216322	GP_unb_37	249:109	4	0.0	0.49977650941861884	1.5649842502380782	5	-2.1072536461420612	10.624238305174424	0.07842548148619244	33:28845,35:27169,36:19914,38:19116,39:17090,40:16874,42:15084,45:13205,47:11355,48:11205,57:3699,61:2581,63:1917,69:1203,70:1167,72:1078,73:1055,74:1020,79:881,81:816,82:816,83:753,85:725,89:644,92:587,95:528,98:522,103:460,104:431,111:379,115:340,120:329,121:327,122:325,123:325,124:324,130:295,132:291,133:291,135:282,139:259,140:259,161:210,167:197,170:186,173:185,178:173,179:173,184:167,185:167,198:148,202:143,207:136,214:132,232:121,238:118,246:111,247:110,251:109,254:106,256:105,259:102	0	False	0
ecol-SAMN34375054	GP_unb_22	162:208	5	0.0	0.48221642619736504	1.3486337997216322	GP_unb_38	250:109	5	0.0	0.488385559122413	2.0378140795546114	5	-2.1403549560636868	11.274748715824796	0.07217477347694512	15:117172,25:61967,28:41938,33:28845,37:19430,38:19116,40:16874,42:15084,45:13205,47:11355,48:11205,57:3699,61:2581,63:1917,69:1203,70:1167,72:1078,73:1055,74:1020,76:980,79:881,81:816,82:816,83:753,85:725,88:675,89:644,90:625,93:559,94:559,95:528,103:460,104:431,106:409,111:379,114:348,115:340,120:329,121:327,122:325,123:325,130:295,132:291,133:291,139:259,140:259,156:213,161:210,165:202,166:202,167:197,170:186,173:185,178:173,179:173,184:167,202:143,206:140,207:136,232:121,237:118,238:118,246:111,247:110,251:109,254:106,256:105	0	False	0
ecol-SAMN34375054	GP_unb_22	162:208	5	0.0	0.48221642619736504	1.3486337997216322	GP_unb_39	257:104	5	0.0	0.49908094478854037	1.1816836343984096	5	-1.4818399638060415	10.820130023395821	0.07217477347694512	25:61967,33:28845,37:19430,38:19116,40:16874,42:15084,45:13205,47:11355,48:11205,57:3699,61:2581,63:1917,65:1404,69:1203,70:1167,72:1078,73:1055,74:1020,79:881,81:816,82:816,83:753,85:725,89:644,95:528,103:460,104:431,111:379,115:340,120:329,121:327,122:325,123:325,124:324,130:295,132:291,133:291,139:259,140:259,161:210,167:197,170:186,173:185,175:176,178:173,179:173,184:167,202:143,207:136,232:121,238:118,239:118,246:111,247:110,251:109,254:106,256:105	0	False	0
ecol-SAMN34375054	GP_unb_23	163:208	5	0.0	0.475990418465596	1.085407662442312	GP_unb_24	164:203	4	0.0	0.4928958531709364	2.15280199252802	0	0	0	0		1	False	0
ecol-SAMN34375054	GP_unb_23	163:208	5	0.0	0.475990418465596	1.085407662442312	GP_unb_25	172:186	5	0.0	0.3968176402729984	1.4146802432056262	5	-2.4939794360941305	11.812025809703618	0.07217477347694512	15:117172,25:61967,27:52304,28:41938,35:27169,36:19914,37:19430,38:19116,39:17090,40:16874,47:11355,48:11205,52:9888,57:3699,61:2581,63:1917,69:1203,70:1167,72:1078,73:1055,74:1020,76:980,79:881,82:816,83:753,85:725,88:675,89:644,90:625,92:587,95:528,103:460,104:431,111:379,115:340,120:329,122:325,123:325,124:324,130:295,132:291,133:291,135:282,139:259,140:259,152:227,161:210,167:197,170:186,173:185,178:173,179:173,184:167,198:148,202:143,206:140,207:136,214:132,232:121,238:118,246:111,247:110,251:109,254:106,256:105,259:102	0	False	0
ecol-SAMN34375054	GP_unb_23	163:208	5	0.0	0.475990418465596	1.085407662442312	GP_unb_26	177:174	4	0.0	0.4640159774030528	0.7011120064464142	5	-1.5666440755935924	10.641687336811145	0.07217477347694512	25:61967,33:28845,37:19430,38:19116,40:16874,42:15084,45:13205,47:11355,48:11205,61:2581,63:1917,69:1203,70:1167,72:1078,73:1055,74:1020,79:881,81:816,82:816,83:753,85:725,89:644,95:528,103:460,104:431,111:379,115:340,120:329,121:327,122:325,123:325,124:324,125:321,130:295,132:291,133:291,139:259,140:259,161:210,167:197,170:186,173:185,175:176,178:173,179:173,184:167,202:143,207:136,232:121,238:118,239:118,246:111,247:110,251:109,254:106,256:105	0	False	0
ecol-SAMN34375054	GP_unb_23	163:208	5	0.0	0.475990418465596	1.085407662442312	GP_unb_27	191:160	5	0.0	0.4989549680172808	0.6509882059922351	0	0	0	0		1	False	0
ecol-SAMN34375054	GP_unb_23	163:208	5	0.0	0.475990418465596	1.085407662442312	GP_unb_28	192:160	4	0.0	0.21507936407806172	1.1898688740751593	0	0	0	0		1	False	0
ecol-SAMN34375054	GP_unb_23	163:208	5	0.0	0.475990418465596	1.085407662442312	GP_unb_29	193:156	5	0.0	0.489610564409944	1.6908871144971065	0	0	0	0		1	False	0
ecol-SAMN34375054	GP_unb_23	163:208	5	0.0	0.475990418465596	1.085407662442312	GP_unb_30	194:156	5	0.0	0.3302439589820926	1.016218592044539	0	0	0	0		1	False	0
ecol-SAMN34375054	GP_unb_23	163:208	5	0.0	0.475990418465596	1.085407662442312	GP_unb_31	195:153	5	0.0	0.453655333245074	1.2588601567650723	5	-2.46479736881953	12.090515607337734	0.07217477347694512	15:117172,25:61967,27:52304,28:41938,35:27169,36:19914,37:19430,38:19116,39:17090,40:16874,47:11355,48:11205,55:4173,57:3699,61:2581,63:1917,69:1203,70:1167,72:1078,73:1055,74:1020,76:980,79:881,82:816,83:753,85:725,88:675,89:644,90:625,92:587,95:528,103:460,104:431,111:379,115:340,120:329,122:325,123:325,124:324,130:295,132:291,133:291,135:282,139:259,140:259,152:227,161:210,167:197,170:186,173:185,178:173,179:173,184:167,198:148,202:143,206:140,207:136,208:135,210:134,214:132,232:121,238:118,246:111,247:110,251:109,254:106,256:105,259:102	0	False	0
ecol-SAMN34375054	GP_unb_23	163:208	5	0.0	0.475990418465596	1.085407662442312	GP_unb_32	204:141	4	0.0	0.4978667098285404	1.2225697751080506	0	0	0	0		1	False	0
ecol-SAMN34375054	GP_unb_23	163:208	5	0.0	0.475990418465596	1.085407662442312	GP_unb_33	219:131	4	0.0	0.4991936115234976	1.0244011427734232	0	0	0	0		1	False	0
ecol-SAMN34375054	GP_unb_23	163:208	5	0.0	0.475990418465596	1.085407662442312	GP_unb_34	226:128	4	0.0	0.49956212824918245	1.0474763753571166	5	-2.558383757617559	11.841887499892755	0.07217477347694512	15:117172,25:61967,27:52304,28:41938,35:27169,36:19914,37:19430,38:19116,39:17090,40:16874,42:15084,47:11355,48:11205,57:3699,61:2581,63:1917,69:1203,70:1167,72:1078,73:1055,74:1020,76:980,79:881,82:816,83:753,85:725,88:675,89:644,90:625,92:587,95:528,103:460,104:431,111:379,115:340,120:329,121:327,122:325,123:325,124:324,130:295,132:291,133:291,135:282,139:259,140:259,161:210,167:197,170:186,173:185,178:173,179:173,184:167,198:148,202:143,206:140,207:136,214:132,232:121,238:118,246:111,247:110,251:109,254:106,256:105,259:102	0	False	0
ecol-SAMN34375054	GP_unb_23	163:208	5	0.0	0.475990418465596	1.085407662442312	GP_unb_35	231:124	5	0.0	0.4678017939366288	0.9255182174926284	5	-1.4818399638060415	10.905298526015347	0.07217477347694518	25:61967,33:28845,37:19430,38:19116,40:16874,42:15084,45:13205,47:11355,48:11205,57:3699,61:2581,63:1917,69:1203,70:1167,72:1078,73:1055,74:1020,79:881,81:816,82:816,83:753,85:725,89:644,95:528,103:460,104:431,111:379,115:340,120:329,121:327,122:325,123:325,124:324,125:321,130:295,132:291,133:291,139:259,140:259,161:210,167:197,170:186,173:185,175:176,178:173,179:173,184:167,202:143,207:136,232:121,238:118,239:118,246:111,247:110,251:109,254:106,256:105	0	False	0
ecol-SAMN34375054	GP_unb_23	163:208	5	0.0	0.475990418465596	1.085407662442312	GP_unb_36	241:116	4	0.0	0.4892892881834844	2.1243864918321003	5	-2.3132122658727017	12.658239693166449	0.07217477347694512	25:61967,26:61534,33:28845,35:27169,37:19430,38:19116,39:17090,40:16874,42:15084,45:13205,47:11355,48:11205,57:3699,61:2581,63:1917,69:1203,70:1167,72:1078,73:1055,74:1020,79:881,81:816,82:816,83:753,85:725,89:644,92:587,95:528,103:460,104:431,111:379,115:340,120:329,121:327,122:325,123:325,124:324,130:295,132:291,133:291,135:282,139:259,140:259,161:210,167:197,170:186,173:185,176:174,178:173,179:173,184:167,198:148,202:143,207:136,214:132,232:121,233:121,238:118,246:111,247:110,251:109,254:106,256:105,259:102	0	False	0
ecol-SAMN34375054	GP_unb_23	163:208	5	0.0	0.475990418465596	1.085407662442312	GP_unb_37	249:109	4	0.0	0.49977650941861884	1.5649842502380782	5	-2.1072536461420612	10.618012297442656	0.07842548148619244	33:28845,35:27169,36:19914,38:19116,39:17090,40:16874,42:15084,45:13205,47:11355,48:11205,57:3699,61:2581,63:1917,69:1203,70:1167,72:1078,73:1055,74:1020,79:881,81:816,82:816,83:753,85:725,89:644,92:587,95:528,98:522,103:460,104:431,111:379,115:340,120:329,121:327,122:325,123:325,124:324,130:295,132:291,133:291,135:282,139:259,140:259,161:210,167:197,170:186,173:185,178:173,179:173,184:167,185:167,198:148,202:143,207:136,214:132,232:121,238:118,246:111,247:110,251:109,254:106,256:105,259:102	0	False	0
ecol-SAMN34375054	GP_unb_23	163:208	5	0.0	0.475990418465596	1.085407662442312	GP_unb_38	250:109	5	0.0	0.488385559122413	2.0378140795546114	5	-2.1403549560636868	11.268522708093027	0.07217477347694512	15:117172,25:61967,28:41938,33:28845,37:19430,38:19116,40:16874,42:15084,45:13205,47:11355,48:11205,57:3699,61:2581,63:1917,69:1203,70:1167,72:1078,73:1055,74:1020,76:980,79:881,81:816,82:816,83:753,85:725,88:675,89:644,90:625,93:559,94:559,95:528,103:460,104:431,106:409,111:379,114:348,115:340,120:329,121:327,122:325,123:325,130:295,132:291,133:291,139:259,140:259,156:213,161:210,165:202,166:202,167:197,170:186,173:185,178:173,179:173,184:167,202:143,206:140,207:136,232:121,237:118,238:118,246:111,247:110,251:109,254:106,256:105	0	False	0
ecol-SAMN34375054	GP_unb_23	163:208	5	0.0	0.475990418465596	1.085407662442312	GP_unb_39	257:104	5	0.0	0.49908094478854037	1.1816836343984096	5	-1.4818399638060415	10.813904015664052	0.07217477347694512	25:61967,33:28845,37:19430,38:19116,40:16874,42:15084,45:13205,47:11355,48:11205,57:3699,61:2581,63:1917,65:1404,69:1203,70:1167,72:1078,73:1055,74:1020,79:881,81:816,82:816,83:753,85:725,89:644,95:528,103:460,104:431,111:379,115:340,120:329,121:327,122:325,123:325,124:324,130:295,132:291,133:291,139:259,140:259,161:210,167:197,170:186,173:185,175:176,178:173,179:173,184:167,202:143,207:136,232:121,238:118,239:118,246:111,247:110,251:109,254:106,256:105	0	False	0
ecol-SAMN34375054	GP_unb_24	164:203	4	0.0	0.4928958531709364	2.15280199252802	GP_unb_25	172:186	5	0.0	0.3968176402729984	1.4146802432056262	0	0	0	0		1	False	0
ecol-SAMN34375054	GP_unb_24	164:203	4	0.0	0.4928958531709364	2.15280199252802	GP_unb_26	177:174	4	0.0	0.4640159774030528	0.7011120064464142	0	0	0	0		1	False	0
ecol-SAMN34375054	GP_unb_24	164:203	4	0.0	0.4928958531709364	2.15280199252802	GP_unb_27	191:160	5	0.0	0.4989549680172808	0.6509882059922351	0	0	0	0		1	False	0
ecol-SAMN34375054	GP_unb_24	164:203	4	0.0	0.4928958531709364	2.15280199252802	GP_unb_28	192:160	4	0.0	0.21507936407806172	1.1898688740751593	0	0	0	0		1	False	0
ecol-SAMN34375054	GP_unb_24	164:203	4	0.0	0.4928958531709364	2.15280199252802	GP_unb_29	193:156	5	0.0	0.489610564409944	1.6908871144971065	0	0	0	0		1	False	0
ecol-SAMN34375054	GP_unb_24	164:203	4	0.0	0.4928958531709364	2.15280199252802	GP_unb_30	194:156	5	0.0	0.3302439589820926	1.016218592044539	0	0	0	0		1	False	0
ecol-SAMN34375054	GP_unb_24	164:203	4	0.0	0.4928958531709364	2.15280199252802	GP_unb_31	195:153	5	0.0	0.453655333245074	1.2588601567650723	0	0	0	0		1	False	0
ecol-SAMN34375054	GP_unb_24	164:203	4	0.0	0.4928958531709364	2.15280199252802	GP_unb_32	204:141	4	0.0	0.4978667098285404	1.2225697751080506	0	0	0	0		1	False	0
ecol-SAMN34375054	GP_unb_24	164:203	4	0.0	0.4928958531709364	2.15280199252802	GP_unb_33	219:131	4	0.0	0.4991936115234976	1.0244011427734232	0	0	0	0		1	False	0
ecol-SAMN34375054	GP_unb_24	164:203	4	0.0	0.4928958531709364	2.15280199252802	GP_unb_34	226:128	4	0.0	0.49956212824918245	1.0474763753571166	0	0	0	0		1	False	0
ecol-SAMN34375054	GP_unb_24	164:203	4	0.0	0.4928958531709364	2.15280199252802	GP_unb_35	231:124	5	0.0	0.4678017939366288	0.9255182174926284	0	0	0	0		1	False	0
ecol-SAMN34375054	GP_unb_24	164:203	4	0.0	0.4928958531709364	2.15280199252802	GP_unb_36	241:116	4	0.0	0.4892892881834844	2.1243864918321003	4	0.0	0.9821851413544208	2.1243864918324107		0	False	0
ecol-SAMN34375054	GP_unb_24	164:203	4	0.0	0.4928958531709364	2.15280199252802	GP_unb_37	249:109	4	0.0	0.49977650941861884	1.5649842502380782	0	0	0	0		1	False	0
ecol-SAMN34375054	GP_unb_24	164:203	4	0.0	0.4928958531709364	2.15280199252802	GP_unb_38	250:109	5	0.0	0.488385559122413	2.0378140795546114	0	0	0	0		1	False	0
ecol-SAMN34375054	GP_unb_24	164:203	4	0.0	0.4928958531709364	2.15280199252802	GP_unb_39	257:104	5	0.0	0.49908094478854037	1.1816836343984096	0	0	0	0		1	False	0
ecol-SAMN34375054	GP_unb_25	172:186	5	0.0	0.3968176402729984	1.4146802432056262	GP_unb_26	177:174	4	0.0	0.4640159774030528	0.7011120064464142	5	-1.7784382115247157	13.178750139066159	0.07217477347694512	1:484462,25:61967,28:41938,36:19914,37:19430,38:19116,40:16874,47:11355,48:11205,52:9888,61:2581,63:1917,69:1203,70:1167,72:1078,73:1055,79:881,82:816,83:753,85:725,88:675,89:644,90:625,95:528,103:460,104:431,111:379,115:340,120:329,122:325,123:325,124:324,125:321,130:295,132:291,133:291,135:282,139:259,140:259,152:227,161:210,167:197,170:186,173:185,175:176,179:173,184:167,198:148,202:143,207:136,239:118,246:111,251:109,254:106,256:105,259:102	0	False	0
ecol-SAMN34375054	GP_unb_25	172:186	5	0.0	0.3968176402729984	1.4146802432056262	GP_unb_27	191:160	5	0.0	0.4989549680172808	0.6509882059922351	0	0	0	0		1	False	0
ecol-SAMN34375054	GP_unb_25	172:186	5	0.0	0.3968176402729984	1.4146802432056262	GP_unb_28	192:160	4	0.0	0.21507936407806172	1.1898688740751593	0	0	0	0		1	False	0
ecol-SAMN34375054	GP_unb_25	172:186	5	0.0	0.3968176402729984	1.4146802432056262	GP_unb_29	193:156	5	0.0	0.489610564409944	1.6908871144971065	0	0	0	0		1	False	0
ecol-SAMN34375054	GP_unb_25	172:186	5	0.0	0.3968176402729984	1.4146802432056262	GP_unb_30	194:156	5	0.0	0.3302439589820926	1.016218592044539	0	0	0	0		1	False	0
ecol-SAMN34375054	GP_unb_25	172:186	5	0.0	0.3968176402729984	1.4146802432056262	GP_unb_31	195:153	5	0.0	0.453655333245074	1.2588601567650723	5	-1.8655523802271343	13.25443083352876	0.07217477347694512	25:61967,33:28845,35:27169,36:19914,37:19430,38:19116,39:17090,40:16874,42:15084,48:11205,52:9888,57:3699,61:2581,63:1917,69:1203,70:1167,72:1078,73:1055,79:881,81:816,82:816,83:753,85:725,89:644,92:587,95:528,103:460,104:431,111:379,115:340,120:329,121:327,122:325,123:325,124:324,130:295,132:291,133:291,135:282,139:259,140:259,152:227,161:210,167:197,170:186,173:185,179:173,184:167,198:148,202:143,207:136,214:132,246:111,251:109,254:106,256:105,259:102	0	False	0
ecol-SAMN34375054	GP_unb_25	172:186	5	0.0	0.3968176402729984	1.4146802432056262	GP_unb_32	204:141	4	0.0	0.4978667098285404	1.2225697751080506	0	0	0	0		1	False	0
ecol-SAMN34375054	GP_unb_25	172:186	5	0.0	0.3968176402729984	1.4146802432056262	GP_unb_33	219:131	4	0.0	0.4991936115234976	1.0244011427734232	0	0	0	0		1	False	0
ecol-SAMN34375054	GP_unb_25	172:186	5	0.0	0.3968176402729984	1.4146802432056262	GP_unb_34	226:128	4	0.0	0.49956212824918245	1.0474763753571166	5	-2.0183697997789416	13.05496008039295	0.07217477347694512	25:61967,33:28845,35:27169,36:19914,37:19430,38:19116,39:17090,40:16874,47:11355,48:11205,52:9888,57:3699,61:2581,63:1917,69:1203,70:1167,72:1078,73:1055,79:881,81:816,82:816,83:753,85:725,89:644,92:587,95:528,103:460,104:431,111:379,115:340,120:329,121:327,122:325,123:325,124:324,130:295,132:291,133:291,135:282,139:259,140:259,152:227,161:210,167:197,170:186,173:185,179:173,184:167,198:148,202:143,207:136,214:132,246:111,251:109,254:106,256:105,259:102	0	False	0
ecol-SAMN34375054	GP_unb_25	172:186	5	0.0	0.3968176402729984	1.4146802432056262	GP_unb_35	231:124	5	0.0	0.4678017939366288	0.9255182174926284	5	-1.6936340997371648	13.442361328270364	0.07217477347694512	1:484462,25:61967,28:41938,36:19914,37:19430,38:19116,40:16874,47:11355,48:11205,52:9888,57:3699,61:2581,63:1917,69:1203,70:1167,72:1078,73:1055,79:881,82:816,83:753,85:725,88:675,89:644,90:625,95:528,103:460,104:431,111:379,115:340,120:329,122:325,123:325,124:324,125:321,130:295,132:291,133:291,135:282,139:259,140:259,152:227,161:210,167:197,170:186,173:185,175:176,179:173,184:167,198:148,202:143,207:136,239:118,246:111,251:109,254:106,256:105,259:102	0	False	0
ecol-SAMN34375054	GP_unb_25	172:186	5	0.0	0.3968176402729984	1.4146802432056262	GP_unb_36	241:116	4	0.0	0.4892892881834844	2.1243864918321003	5	-1.9080473269542846	13.276679290851915	0.07217477347694512	24:62199,25:61967,26:61534,37:19430,38:19116,40:16874,47:11355,48:11205,52:9888,57:3699,61:2581,63:1917,69:1203,70:1167,72:1078,73:1055,79:881,82:816,83:753,85:725,89:644,95:528,103:460,104:431,111:379,115:340,120:329,122:325,123:325,130:295,132:291,133:291,135:282,139:259,140:259,152:227,167:197,170:186,173:185,176:174,179:173,184:167,198:148,202:143,207:136,233:121,246:111,251:109,254:106,256:105,259:102	0	False	0
ecol-SAMN34375054	GP_unb_25	172:186	5	0.0	0.3968176402729984	1.4146802432056262	GP_unb_37	249:109	4	0.0	0.49977650941861884	1.5649842502380782	5	-1.8645981670483547	11.019824952237455	0.07217477347694512	25:61967,30:34364,35:27169,36:19914,37:19430,38:19116,39:17090,40:16874,47:11355,48:11205,52:9888,61:2581,63:1917,69:1203,73:1055,82:816,83:753,89:644,92:587,95:528,98:522,103:460,111:379,115:340,120:329,122:325,123:325,124:324,130:295,132:291,133:291,135:282,140:259,152:227,161:210,167:197,170:186,173:185,179:173,184:167,185:167,198:148,202:143,207:136,214:132,246:111,254:106,256:105,259:102	0	False	0
ecol-SAMN34375054	GP_unb_25	172:186	5	0.0	0.3968176402729984	1.4146802432056262	GP_unb_38	250:109	5	0.0	0.488385559122413	2.0378140795546114	5	-2.3480020067258525	14.106160256445696	0.07217477347753574	15:117172,25:61967,28:41938,35:27169,36:19914,37:19430,38:19116,39:17090,40:16874,47:11355,48:11205,52:9888,57:3699,61:2581,63:1917,69:1203,70:1167,72:1078,73:1055,76:980,79:881,82:816,83:753,85:725,88:675,89:644,90:625,92:587,93:559,94:559,95:528,103:460,104:431,106:409,111:379,114:348,115:340,120:329,122:325,123:325,124:324,130:295,132:291,133:291,135:282,139:259,140:259,152:227,156:213,161:210,165:202,166:202,167:197,170:186,173:185,179:173,184:167,198:148,202:143,206:140,207:136,214:132,237:118,246:111,251:109,254:106,256:105,259:102	0	False	0
ecol-SAMN34375054	GP_unb_25	172:186	5	0.0	0.3968176402729984	1.4146802432056262	GP_unb_39	257:104	5	0.0	0.49908094478854037	1.1816836343984096	5	-1.6936340997371648	13.350966817919069	0.07217477347694512	1:484462,25:61967,28:41938,36:19914,37:19430,38:19116,40:16874,47:11355,48:11205,52:9888,57:3699,61:2581,63:1917,65:1404,69:1203,70:1167,72:1078,73:1055,79:881,82:816,83:753,85:725,88:675,89:644,90:625,95:528,103:460,104:431,111:379,115:340,120:329,122:325,123:325,124:324,130:295,132:291,133:291,135:282,139:259,140:259,152:227,161:210,167:197,170:186,173:185,175:176,179:173,184:167,198:148,202:143,207:136,239:118,246:111,251:109,254:106,256:105,259:102	0	False	0
ecol-SAMN34375054	GP_unb_26	177:174	4	0.0	0.4640159774030528	0.7011120064464142	GP_unb_27	191:160	5	0.0	0.4989549680172808	0.6509882059922351	0	0	0	0		1	False	0
ecol-SAMN34375054	GP_unb_26	177:174	4	0.0	0.4640159774030528	0.7011120064464142	GP_unb_28	192:160	4	0.0	0.21507936407806172	1.1898688740751593	0	0	0	0		1	False	0
ecol-SAMN34375054	GP_unb_26	177:174	4	0.0	0.4640159774030528	0.7011120064464142	GP_unb_29	193:156	5	0.0	0.489610564409944	1.6908871144971065	0	0	0	0		1	False	0
ecol-SAMN34375054	GP_unb_26	177:174	4	0.0	0.4640159774030528	0.7011120064464142	GP_unb_30	194:156	5	0.0	0.3302439589820926	1.016218592044539	0	0	0	0		1	False	0
ecol-SAMN34375054	GP_unb_26	177:174	4	0.0	0.4640159774030528	0.7011120064464142	GP_unb_31	195:153	5	0.0	0.453655333245074	1.2588601567650723	5	-1.749256144250115	13.457239936700281	0.07217477347694512	1:484462,25:61967,28:41938,36:19914,37:19430,38:19116,40:16874,47:11355,48:11205,55:4173,61:2581,63:1917,69:1203,70:1167,72:1078,73:1055,79:881,82:816,83:753,85:725,88:675,89:644,90:625,95:528,103:460,104:431,111:379,115:340,120:329,122:325,123:325,124:324,125:321,130:295,132:291,133:291,135:282,139:259,140:259,152:227,161:210,167:197,170:186,173:185,175:176,179:173,184:167,198:148,202:143,207:136,208:135,210:134,239:118,246:111,251:109,254:106,256:105,259:102	0	False	0
ecol-SAMN34375054	GP_unb_26	177:174	4	0.0	0.4640159774030528	0.7011120064464142	GP_unb_32	204:141	4	0.0	0.4978667098285404	1.2225697751080506	0	0	0	0		1	False	0
ecol-SAMN34375054	GP_unb_26	177:174	4	0.0	0.4640159774030528	0.7011120064464142	GP_unb_33	219:131	4	0.0	0.4991936115234976	1.0244011427734232	0	0	0	0		1	False	0
ecol-SAMN34375054	GP_unb_26	177:174	4	0.0	0.4640159774030528	0.7011120064464142	GP_unb_34	226:128	4	0.0	0.49956212824918245	1.0474763753571166	5	-1.8428425330481442	13.208611829255302	0.07217477347694512	1:484462,25:61967,28:41938,36:19914,37:19430,38:19116,40:16874,42:15084,47:11355,48:11205,61:2581,63:1917,69:1203,70:1167,72:1078,73:1055,79:881,82:816,83:753,85:725,88:675,89:644,90:625,95:528,103:460,104:431,111:379,115:340,120:329,121:327,122:325,123:325,124:324,125:321,130:295,132:291,133:291,135:282,139:259,140:259,161:210,167:197,170:186,173:185,175:176,179:173,184:167,198:148,202:143,207:136,239:118,246:111,251:109,254:106,256:105,259:102	0	False	0
ecol-SAMN34375054	GP_unb_26	177:174	4	0.0	0.4640159774030528	0.7011120064464142	GP_unb_35	231:124	5	0.0	0.4678017939366288	0.9255182174926284	5	-1.7810426650614546	12.73544429302582	0.07217477347694512	25:61967,33:28845,35:27169,36:19914,37:19430,38:19116,39:17090,40:16874,42:15084,47:11355,48:11205,61:2581,63:1917,69:1203,70:1167,72:1078,73:1055,79:881,81:816,82:816,83:753,85:725,89:644,92:587,95:528,103:460,104:431,111:379,115:340,120:329,121:327,122:325,123:325,124:324,125:321,130:295,132:291,133:291,135:282,139:259,140:259,161:210,167:197,170:186,173:185,179:173,184:167,198:148,202:143,207:136,214:132,246:111,251:109,254:106,256:105,259:102	0	False	0
ecol-SAMN34375054	GP_unb_26	177:174	4	0.0	0.4640159774030528	0.7011120064464142	GP_unb_36	241:116	4	0.0	0.4892892881834844	2.1243864918321003	5	-1.9996029775475324	13.48005089158084	0.07217477347694512	24:62199,25:61967,26:61534,33:28845,37:19430,38:19116,40:16874,42:15084,47:11355,48:11205,61:2581,63:1917,69:1203,70:1167,72:1078,73:1055,79:881,81:816,82:816,83:753,85:725,89:644,95:528,103:460,104:431,111:379,115:340,120:329,121:327,122:325,123:325,124:324,125:321,130:295,132:291,133:291,135:282,139:259,140:259,161:210,167:197,170:186,173:185,175:176,176:174,179:173,184:167,198:148,202:143,207:136,233:121,239:118,246:111,251:109,254:106,256:105,259:102	0	False	0
ecol-SAMN34375054	GP_unb_26	177:174	4	0.0	0.4640159774030528	0.7011120064464142	GP_unb_37	249:109	4	0.0	0.49977650941861884	1.5649842502380782	5	-1.9363026695586698	11.585068429759163	0.07842548148619244	33:28845,35:27169,36:19914,38:19116,39:17090,40:16874,42:15084,47:11355,48:11205,61:2581,63:1917,69:1203,70:1167,72:1078,73:1055,79:881,81:816,82:816,83:753,85:725,89:644,92:587,95:528,98:522,103:460,104:431,111:379,115:340,120:329,121:327,122:325,123:325,124:324,130:295,132:291,133:291,135:282,139:259,140:259,161:210,167:197,170:186,173:185,179:173,184:167,185:167,198:148,202:143,207:136,214:132,246:111,251:109,254:106,256:105,259:102	0	False	0
ecol-SAMN34375054	GP_unb_26	177:174	4	0.0	0.4640159774030528	0.7011120064464142	GP_unb_38	250:109	5	0.0	0.488385559122413	2.0378140795546114	5	-2.0834297621875533	13.05403301931113	0.07217477347694512	1:484462,15:117172,25:61967,33:28845,36:19914,37:19430,38:19116,40:16874,42:15084,47:11355,48:11205,61:2581,63:1917,69:1203,70:1167,72:1078,73:1055,76:980,79:881,81:816,82:816,83:753,85:725,88:675,89:644,93:559,94:559,95:528,103:460,104:431,106:409,111:379,114:348,115:340,120:329,121:327,122:325,123:325,124:324,125:321,130:295,132:291,133:291,135:282,139:259,140:259,156:213,161:210,165:202,166:202,167:197,170:186,173:185,175:176,179:173,184:167,198:148,202:143,206:140,207:136,237:118,239:118,246:111,251:109,254:106,256:105,259:102	0	False	0
ecol-SAMN34375054	GP_unb_26	177:174	4	0.0	0.4640159774030528	0.7011120064464142	GP_unb_39	257:104	5	0.0	0.49908094478854037	1.1816836343984096	5	-1.7810426650614546	13.165566029872277	0.07217477347694512	25:61967,33:28845,35:27169,36:19914,37:19430,38:19116,39:17090,40:16874,42:15084,47:11355,48:11205,61:2581,63:1917,65:1404,69:1203,70:1167,72:1078,73:1055,79:881,81:816,82:816,83:753,85:725,89:644,92:587,95:528,103:460,104:431,111:379,115:340,120:329,121:327,122:325,123:325,124:324,125:321,130:295,132:291,133:291,135:282,139:259,140:259,161:210,167:197,170:186,173:185,179:173,184:167,198:148,202:143,207:136,214:132,239:118,246:111,251:109,254:106,256:105,259:102	0	False	0
ecol-SAMN34375054	GP_unb_27	191:160	5	0.0	0.4989549680172808	0.6509882059922351	GP_unb_28	192:160	4	0.0	0.21507936407806172	1.1898688740751593	4	-0.005984818271511261	0.493930699926464	0.6509882059926895	116:339	0	False	0
ecol-SAMN34375054	GP_unb_27	191:160	5	0.0	0.4989549680172808	0.6509882059922351	GP_unb_29	193:156	5	0.0	0.489610564409944	1.6908871144971065	0	0	0	0		1	False	0
ecol-SAMN34375054	GP_unb_27	191:160	5	0.0	0.4989549680172808	0.6509882059922351	GP_unb_30	194:156	5	0.0	0.3302439589820926	1.016218592044539	0	0	0	0		1	False	0
ecol-SAMN34375054	GP_unb_27	191:160	5	0.0	0.4989549680172808	0.6509882059922351	GP_unb_31	195:153	5	0.0	0.453655333245074	1.2588601567650723	0	0	0	0		1	False	0
ecol-SAMN34375054	GP_unb_27	191:160	5	0.0	0.4989549680172808	0.6509882059922351	GP_unb_32	204:141	4	0.0	0.4978667098285404	1.2225697751080506	0	0	0	0		1	False	0
ecol-SAMN34375054	GP_unb_27	191:160	5	0.0	0.4989549680172808	0.6509882059922351	GP_unb_33	219:131	4	0.0	0.4991936115234976	1.0244011427734232	0	0	0	0		1	False	0
ecol-SAMN34375054	GP_unb_27	191:160	5	0.0	0.4989549680172808	0.6509882059922351	GP_unb_34	226:128	4	0.0	0.49956212824918245	1.0474763753571166	0	0	0	0		1	False	0
ecol-SAMN34375054	GP_unb_27	191:160	5	0.0	0.4989549680172808	0.6509882059922351	GP_unb_35	231:124	5	0.0	0.4678017939366288	0.9255182174926284	0	0	0	0		1	False	0
ecol-SAMN34375054	GP_unb_27	191:160	5	0.0	0.4989549680172808	0.6509882059922351	GP_unb_36	241:116	4	0.0	0.4892892881834844	2.1243864918321003	0	0	0	0		1	False	0
ecol-SAMN34375054	GP_unb_27	191:160	5	0.0	0.4989549680172808	0.6509882059922351	GP_unb_37	249:109	4	0.0	0.49977650941861884	1.5649842502380782	4	-0.005984818271511261	0.7786278452670211	0.6509882059926895	116:339	0	False	0
ecol-SAMN34375054	GP_unb_27	191:160	5	0.0	0.4989549680172808	0.6509882059922351	GP_unb_38	250:109	5	0.0	0.488385559122413	2.0378140795546114	0	0	0	0		1	False	0
ecol-SAMN34375054	GP_unb_27	191:160	5	0.0	0.4989549680172808	0.6509882059922351	GP_unb_39	257:104	5	0.0	0.49908094478854037	1.1816836343984096	0	0	0	0		1	False	0
ecol-SAMN34375054	GP_unb_28	192:160	4	0.0	0.21507936407806172	1.1898688740751593	GP_unb_29	193:156	5	0.0	0.489610564409944	1.6908871144971065	0	0	0	0		1	False	0
ecol-SAMN34375054	GP_unb_28	192:160	4	0.0	0.21507936407806172	1.1898688740751593	GP_unb_30	194:156	5	0.0	0.3302439589820926	1.016218592044539	0	0	0	0		1	False	0
ecol-SAMN34375054	GP_unb_28	192:160	4	0.0	0.21507936407806172	1.1898688740751593	GP_unb_31	195:153	5	0.0	0.453655333245074	1.2588601567650723	0	0	0	0		1	False	0
ecol-SAMN34375054	GP_unb_28	192:160	4	0.0	0.21507936407806172	1.1898688740751593	GP_unb_32	204:141	4	0.0	0.4978667098285404	1.2225697751080506	0	0	0	0		1	False	0
ecol-SAMN34375054	GP_unb_28	192:160	4	0.0	0.21507936407806172	1.1898688740751593	GP_unb_33	219:131	4	0.0	0.4991936115234976	1.0244011427734232	0	0	0	0		1	False	0
ecol-SAMN34375054	GP_unb_28	192:160	4	0.0	0.21507936407806172	1.1898688740751593	GP_unb_34	226:128	4	0.0	0.49956212824918245	1.0474763753571166	0	0	0	0		1	False	0
ecol-SAMN34375054	GP_unb_28	192:160	4	0.0	0.21507936407806172	1.1898688740751593	GP_unb_35	231:124	5	0.0	0.4678017939366288	0.9255182174926284	0	0	0	0		1	False	0
ecol-SAMN34375054	GP_unb_28	192:160	4	0.0	0.21507936407806172	1.1898688740751593	GP_unb_36	241:116	4	0.0	0.4892892881834844	2.1243864918321003	0	0	0	0		1	False	0
ecol-SAMN34375054	GP_unb_28	192:160	4	0.0	0.21507936407806172	1.1898688740751593	GP_unb_37	249:109	4	0.0	0.49977650941861884	1.5649842502380782	4	0.0	0.49475224132780204	1.1898688740748185	116:339	0	False	0
ecol-SAMN34375054	GP_unb_28	192:160	4	0.0	0.21507936407806172	1.1898688740751593	GP_unb_38	250:109	5	0.0	0.488385559122413	2.0378140795546114	0	0	0	0		1	False	0
ecol-SAMN34375054	GP_unb_28	192:160	4	0.0	0.21507936407806172	1.1898688740751593	GP_unb_39	257:104	5	0.0	0.49908094478854037	1.1816836343984096	0	0	0	0		1	False	0
ecol-SAMN34375054	GP_unb_29	193:156	5	0.0	0.489610564409944	1.6908871144971065	GP_unb_30	194:156	5	0.0	0.3302439589820926	1.016218592044539	5	0.0	1.3198331501940306	1.016218592045334	200:145	0	False	0
ecol-SAMN34375054	GP_unb_29	193:156	5	0.0	0.489610564409944	1.6908871144971065	GP_unb_31	195:153	5	0.0	0.453655333245074	1.2588601567650723	0	0	0	0		1	False	0
ecol-SAMN34375054	GP_unb_29	193:156	5	0.0	0.489610564409944	1.6908871144971065	GP_unb_32	204:141	4	0.0	0.4978667098285404	1.2225697751080506	0	0	0	0		1	False	0
ecol-SAMN34375054	GP_unb_29	193:156	5	0.0	0.489610564409944	1.6908871144971065	GP_unb_33	219:131	4	0.0	0.4991936115234976	1.0244011427734232	0	0	0	0		1	False	0
ecol-SAMN34375054	GP_unb_29	193:156	5	0.0	0.489610564409944	1.6908871144971065	GP_unb_34	226:128	4	0.0	0.49956212824918245	1.0474763753571166	0	0	0	0		1	False	0
ecol-SAMN34375054	GP_unb_29	193:156	5	0.0	0.489610564409944	1.6908871144971065	GP_unb_35	231:124	5	0.0	0.4678017939366288	0.9255182174926284	0	0	0	0		1	False	0
ecol-SAMN34375054	GP_unb_29	193:156	5	0.0	0.489610564409944	1.6908871144971065	GP_unb_36	241:116	4	0.0	0.4892892881834844	2.1243864918321003	0	0	0	0		1	False	0
ecol-SAMN34375054	GP_unb_29	193:156	5	0.0	0.489610564409944	1.6908871144971065	GP_unb_37	249:109	4	0.0	0.49977650941861884	1.5649842502380782	0	0	0	0		1	False	0
ecol-SAMN34375054	GP_unb_29	193:156	5	0.0	0.489610564409944	1.6908871144971065	GP_unb_38	250:109	5	0.0	0.488385559122413	2.0378140795546114	0	0	0	0		1	False	0
ecol-SAMN34375054	GP_unb_29	193:156	5	0.0	0.489610564409944	1.6908871144971065	GP_unb_39	257:104	5	0.0	0.49908094478854037	1.1816836343984096	0	0	0	0		1	False	0
ecol-SAMN34375054	GP_unb_30	194:156	5	0.0	0.3302439589820926	1.016218592044539	GP_unb_31	195:153	5	0.0	0.453655333245074	1.2588601567650723	0	0	0	0		1	False	0
ecol-SAMN34375054	GP_unb_30	194:156	5	0.0	0.3302439589820926	1.016218592044539	GP_unb_32	204:141	4	0.0	0.4978667098285404	1.2225697751080506	0	0	0	0		1	False	0
ecol-SAMN34375054	GP_unb_30	194:156	5	0.0	0.3302439589820926	1.016218592044539	GP_unb_33	219:131	4	0.0	0.4991936115234976	1.0244011427734232	0	0	0	0		1	False	0
ecol-SAMN34375054	GP_unb_30	194:156	5	0.0	0.3302439589820926	1.016218592044539	GP_unb_34	226:128	4	0.0	0.49956212824918245	1.0474763753571166	0	0	0	0		1	False	0
ecol-SAMN34375054	GP_unb_30	194:156	5	0.0	0.3302439589820926	1.016218592044539	GP_unb_35	231:124	5	0.0	0.4678017939366288	0.9255182174926284	0	0	0	0		1	False	0
ecol-SAMN34375054	GP_unb_30	194:156	5	0.0	0.3302439589820926	1.016218592044539	GP_unb_36	241:116	4	0.0	0.4892892881834844	2.1243864918321003	0	0	0	0		1	False	0
ecol-SAMN34375054	GP_unb_30	194:156	5	0.0	0.3302439589820926	1.016218592044539	GP_unb_37	249:109	4	0.0	0.49977650941861884	1.5649842502380782	0	0	0	0		1	False	0
ecol-SAMN34375054	GP_unb_30	194:156	5	0.0	0.3302439589820926	1.016218592044539	GP_unb_38	250:109	5	0.0	0.488385559122413	2.0378140795546114	0	0	0	0		1	False	0
ecol-SAMN34375054	GP_unb_30	194:156	5	0.0	0.3302439589820926	1.016218592044539	GP_unb_39	257:104	5	0.0	0.49908094478854037	1.1816836343984096	0	0	0	0		1	False	0
ecol-SAMN34375054	GP_unb_31	195:153	5	0.0	0.453655333245074	1.2588601567650723	GP_unb_32	204:141	4	0.0	0.4978667098285404	1.2225697751080506	0	0	0	0		1	False	0
ecol-SAMN34375054	GP_unb_31	195:153	5	0.0	0.453655333245074	1.2588601567650723	GP_unb_33	219:131	4	0.0	0.4991936115234976	1.0244011427734232	0	0	0	0		1	False	0
ecol-SAMN34375054	GP_unb_31	195:153	5	0.0	0.453655333245074	1.2588601567650723	GP_unb_34	226:128	4	0.0	0.49956212824918245	1.0474763753571166	5	-1.9891877325043412	13.33344987802707	0.07217477347694512	25:61967,33:28845,35:27169,36:19914,37:19430,38:19116,39:17090,40:16874,47:11355,48:11205,55:4173,57:3699,61:2581,63:1917,69:1203,70:1167,72:1078,73:1055,79:881,81:816,82:816,83:753,85:725,89:644,92:587,95:528,103:460,104:431,111:379,115:340,120:329,121:327,122:325,123:325,124:324,130:295,132:291,133:291,135:282,139:259,140:259,152:227,161:210,167:197,170:186,173:185,179:173,184:167,198:148,202:143,207:136,208:135,210:134,214:132,246:111,251:109,254:106,256:105,259:102	0	False	0
ecol-SAMN34375054	GP_unb_31	195:153	5	0.0	0.453655333245074	1.2588601567650723	GP_unb_35	231:124	5	0.0	0.4678017939366288	0.9255182174926284	5	-1.6644520324625642	13.720851125904483	0.07217477347694512	1:484462,25:61967,28:41938,36:19914,37:19430,38:19116,40:16874,47:11355,48:11205,55:4173,57:3699,61:2581,63:1917,69:1203,70:1167,72:1078,73:1055,79:881,82:816,83:753,85:725,88:675,89:644,90:625,95:528,103:460,104:431,111:379,115:340,120:329,122:325,123:325,124:324,125:321,130:295,132:291,133:291,135:282,139:259,140:259,152:227,161:210,167:197,170:186,173:185,175:176,179:173,184:167,198:148,202:143,207:136,208:135,210:134,239:118,246:111,251:109,254:106,256:105,259:102	0	False	0
ecol-SAMN34375054	GP_unb_31	195:153	5	0.0	0.453655333245074	1.2588601567650723	GP_unb_36	241:116	4	0.0	0.4892892881834844	2.1243864918321003	5	-1.878865259679684	13.55516908848603	0.07217477347694515	24:62199,25:61967,26:61534,37:19430,38:19116,40:16874,47:11355,48:11205,55:4173,57:3699,61:2581,63:1917,69:1203,70:1167,72:1078,73:1055,79:881,82:816,83:753,85:725,89:644,95:528,103:460,104:431,111:379,115:340,120:329,122:325,123:325,130:295,132:291,133:291,135:282,139:259,140:259,152:227,167:197,170:186,173:185,176:174,179:173,184:167,198:148,202:143,207:136,208:135,210:134,233:121,246:111,251:109,254:106,256:105,259:102	0	False	0
ecol-SAMN34375054	GP_unb_31	195:153	5	0.0	0.453655333245074	1.2588601567650723	GP_unb_37	249:109	4	0.0	0.49977650941861884	1.5649842502380782	5	-1.835416099773754	11.298314749871574	0.0721747734776537	25:61967,30:34364,35:27169,36:19914,37:19430,38:19116,39:17090,40:16874,47:11355,48:11205,55:4173,61:2581,63:1917,69:1203,73:1055,82:816,83:753,89:644,92:587,95:528,98:522,103:460,111:379,115:340,120:329,122:325,123:325,124:324,130:295,132:291,133:291,135:282,140:259,152:227,161:210,167:197,170:186,173:185,179:173,184:167,185:167,198:148,202:143,207:136,208:135,210:134,214:132,246:111,254:106,256:105,259:102	0	False	0
ecol-SAMN34375054	GP_unb_31	195:153	5	0.0	0.453655333245074	1.2588601567650723	GP_unb_38	250:109	5	0.0	0.488385559122413	2.0378140795546114	5	-2.318819939451252	14.384650054079819	0.07217477347694512	15:117172,25:61967,28:41938,35:27169,36:19914,37:19430,38:19116,39:17090,40:16874,47:11355,48:11205,55:4173,57:3699,61:2581,63:1917,69:1203,70:1167,72:1078,73:1055,76:980,79:881,82:816,83:753,85:725,88:675,89:644,90:625,92:587,93:559,94:559,95:528,103:460,104:431,106:409,111:379,114:348,115:340,120:329,122:325,123:325,124:324,130:295,132:291,133:291,135:282,139:259,140:259,152:227,156:213,161:210,165:202,166:202,167:197,170:186,173:185,179:173,184:167,198:148,202:143,206:140,207:136,208:135,210:134,214:132,237:118,246:111,251:109,254:106,256:105,259:102	0	False	0
ecol-SAMN34375054	GP_unb_31	195:153	5	0.0	0.453655333245074	1.2588601567650723	GP_unb_39	257:104	5	0.0	0.49908094478854037	1.1816836343984096	5	-1.6644520324625642	13.629456615553185	0.07217477347694512	1:484462,25:61967,28:41938,36:19914,37:19430,38:19116,40:16874,47:11355,48:11205,55:4173,57:3699,61:2581,63:1917,65:1404,69:1203,70:1167,72:1078,73:1055,79:881,82:816,83:753,85:725,88:675,89:644,90:625,95:528,103:460,104:431,111:379,115:340,120:329,122:325,123:325,124:324,130:295,132:291,133:291,135:282,139:259,140:259,152:227,161:210,167:197,170:186,173:185,175:176,179:173,184:167,198:148,202:143,207:136,208:135,210:134,239:118,246:111,251:109,254:106,256:105,259:102	0	False	0
ecol-SAMN34375054	GP_unb_32	204:141	4	0.0	0.4978667098285404	1.2225697751080506	GP_unb_33	219:131	4	0.0	0.4991936115234976	1.0244011427734232	0	0	0	0		1	False	0
ecol-SAMN34375054	GP_unb_32	204:141	4	0.0	0.4978667098285404	1.2225697751080506	GP_unb_34	226:128	4	0.0	0.49956212824918245	1.0474763753571166	0	0	0	0		1	False	0
ecol-SAMN34375054	GP_unb_32	204:141	4	0.0	0.4978667098285404	1.2225697751080506	GP_unb_35	231:124	5	0.0	0.4678017939366288	0.9255182174926284	0	0	0	0		1	False	0
ecol-SAMN34375054	GP_unb_32	204:141	4	0.0	0.4978667098285404	1.2225697751080506	GP_unb_36	241:116	4	0.0	0.4892892881834844	2.1243864918321003	0	0	0	0		1	False	0
ecol-SAMN34375054	GP_unb_32	204:141	4	0.0	0.4978667098285404	1.2225697751080506	GP_unb_37	249:109	4	0.0	0.49977650941861884	1.5649842502380782	0	0	0	0		1	False	0
ecol-SAMN34375054	GP_unb_32	204:141	4	0.0	0.4978667098285404	1.2225697751080506	GP_unb_38	250:109	5	0.0	0.488385559122413	2.0378140795546114	0	0	0	0		1	False	0
ecol-SAMN34375054	GP_unb_32	204:141	4	0.0	0.4978667098285404	1.2225697751080506	GP_unb_39	257:104	5	0.0	0.49908094478854037	1.1816836343984096	4	-0.01841332410682872	0.9969476546170808	1.1816836343987234		0	False	0
ecol-SAMN34375054	GP_unb_33	219:131	4	0.0	0.4991936115234976	1.0244011427734232	GP_unb_34	226:128	4	0.0	0.49956212824918245	1.0474763753571166	0	0	0	0		1	False	0
ecol-SAMN34375054	GP_unb_33	219:131	4	0.0	0.4991936115234976	1.0244011427734232	GP_unb_35	231:124	5	0.0	0.4678017939366288	0.9255182174926284	0	0	0	0		1	False	0
ecol-SAMN34375054	GP_unb_33	219:131	4	0.0	0.4991936115234976	1.0244011427734232	GP_unb_36	241:116	4	0.0	0.4892892881834844	2.1243864918321003	0	0	0	0		1	False	0
ecol-SAMN34375054	GP_unb_33	219:131	4	0.0	0.4991936115234976	1.0244011427734232	GP_unb_37	249:109	4	0.0	0.49977650941861884	1.5649842502380782	0	0	0	0		1	False	0
ecol-SAMN34375054	GP_unb_33	219:131	4	0.0	0.4991936115234976	1.0244011427734232	GP_unb_38	250:109	5	0.0	0.488385559122413	2.0378140795546114	0	0	0	0		1	False	0
ecol-SAMN34375054	GP_unb_33	219:131	4	0.0	0.4991936115234976	1.0244011427734232	GP_unb_39	257:104	5	0.0	0.49908094478854037	1.1816836343984096	0	0	0	0		1	False	0
ecol-SAMN34375054	GP_unb_34	226:128	4	0.0	0.49956212824918245	1.0474763753571166	GP_unb_35	231:124	5	0.0	0.4678017939366288	0.9255182174926284	5	-1.7580384212605933	13.472223018459504	0.07217477347694512	1:484462,25:61967,28:41938,36:19914,37:19430,38:19116,40:16874,42:15084,47:11355,48:11205,57:3699,61:2581,63:1917,69:1203,70:1167,72:1078,73:1055,79:881,82:816,83:753,85:725,88:675,89:644,90:625,95:528,103:460,104:431,111:379,115:340,120:329,121:327,122:325,123:325,124:324,125:321,130:295,132:291,133:291,135:282,139:259,140:259,161:210,167:197,170:186,173:185,175:176,179:173,184:167,198:148,202:143,207:136,239:118,246:111,251:109,254:106,256:105,259:102	0	False	0
ecol-SAMN34375054	GP_unb_34	226:128	4	0.0	0.49956212824918245	1.0474763753571166	GP_unb_36	241:116	4	0.0	0.4892892881834844	2.1243864918321003	5	-2.1990017176424703	13.920667348999716	0.07217477347694512	25:61967,26:61534,33:28845,35:27169,37:19430,38:19116,39:17090,40:16874,42:15084,47:11355,48:11205,57:3699,61:2581,63:1917,69:1203,70:1167,72:1078,73:1055,79:881,81:816,82:816,83:753,85:725,89:644,92:587,95:528,103:460,104:431,111:379,115:340,120:329,121:327,122:325,123:325,124:324,130:295,132:291,133:291,135:282,139:259,140:259,161:210,167:197,170:186,173:185,176:174,179:173,184:167,198:148,202:143,207:136,214:132,233:121,246:111,251:109,254:106,256:105,259:102	0	False	0
ecol-SAMN34375054	GP_unb_34	226:128	4	0.0	0.49956212824918245	1.0474763753571166	GP_unb_37	249:109	4	0.0	0.49977650941861884	1.5649842502380782	5	-1.9930430979118299	11.88043995327592	0.07842548148619244	33:28845,35:27169,36:19914,38:19116,39:17090,40:16874,42:15084,47:11355,48:11205,57:3699,61:2581,63:1917,69:1203,70:1167,72:1078,73:1055,79:881,81:816,82:816,83:753,85:725,89:644,92:587,95:528,98:522,103:460,104:431,111:379,115:340,120:329,121:327,122:325,123:325,124:324,130:295,132:291,133:291,135:282,139:259,140:259,161:210,167:197,170:186,173:185,179:173,184:167,185:167,198:148,202:143,207:136,214:132,246:111,251:109,254:106,256:105,259:102	0	False	0
ecol-SAMN34375054	GP_unb_34	226:128	4	0.0	0.49956212824918245	1.0474763753571166	GP_unb_38	250:109	5	0.0	0.488385559122413	2.0378140795546114	5	-2.412406328249281	14.136021946634836	0.07217477347694512	15:117172,25:61967,28:41938,35:27169,36:19914,37:19430,38:19116,39:17090,40:16874,42:15084,47:11355,48:11205,57:3699,61:2581,63:1917,69:1203,70:1167,72:1078,73:1055,76:980,79:881,82:816,83:753,85:725,88:675,89:644,90:625,92:587,93:559,94:559,95:528,103:460,104:431,106:409,111:379,114:348,115:340,120:329,121:327,122:325,123:325,124:324,130:295,132:291,133:291,135:282,139:259,140:259,156:213,161:210,165:202,166:202,167:197,170:186,173:185,179:173,184:167,198:148,202:143,206:140,207:136,214:132,237:118,246:111,251:109,254:106,256:105,259:102	0	False	0
ecol-SAMN34375054	GP_unb_34	226:128	4	0.0	0.49956212824918245	1.0474763753571166	GP_unb_39	257:104	5	0.0	0.49908094478854037	1.1816836343984096	5	-1.7580384212605933	13.380828508108205	0.07217477347694512	1:484462,25:61967,28:41938,36:19914,37:19430,38:19116,40:16874,42:15084,47:11355,48:11205,57:3699,61:2581,63:1917,65:1404,69:1203,70:1167,72:1078,73:1055,79:881,82:816,83:753,85:725,88:675,89:644,90:625,95:528,103:460,104:431,111:379,115:340,120:329,121:327,122:325,123:325,124:324,130:295,132:291,133:291,135:282,139:259,140:259,161:210,167:197,170:186,173:185,175:176,179:173,184:167,198:148,202:143,207:136,239:118,246:111,251:109,254:106,256:105,259:102	0	False	0
ecol-SAMN34375054	GP_unb_35	231:124	5	0.0	0.4678017939366288	0.9255182174926284	GP_unb_36	241:116	4	0.0	0.4892892881834844	2.1243864918321003	5	-1.9147988657599815	13.743662080785041	0.07217477347694512	24:62199,25:61967,26:61534,33:28845,37:19430,38:19116,40:16874,42:15084,47:11355,48:11205,57:3699,61:2581,63:1917,69:1203,70:1167,72:1078,73:1055,79:881,81:816,82:816,83:753,85:725,89:644,95:528,103:460,104:431,111:379,115:340,120:329,121:327,122:325,123:325,124:324,125:321,130:295,132:291,133:291,135:282,139:259,140:259,161:210,167:197,170:186,173:185,175:176,176:174,179:173,184:167,198:148,202:143,207:136,233:121,239:118,246:111,251:109,254:106,256:105,259:102	0	False	0
ecol-SAMN34375054	GP_unb_35	231:124	5	0.0	0.4678017939366288	0.9255182174926284	GP_unb_37	249:109	4	0.0	0.49977650941861884	1.5649842502380782	5	-1.3813448799323147	10.90169598387671	0.07842548148619244	33:28845,38:19116,40:16874,42:15084,47:11355,48:11205,57:3699,61:2581,69:1203,70:1167,72:1078,73:1055,79:881,81:816,82:816,83:753,85:725,89:644,95:528,98:522,103:460,104:431,111:379,115:340,120:329,121:327,122:325,123:325,124:324,125:321,130:295,132:291,133:291,139:259,140:259,161:210,167:197,170:186,173:185,175:176,179:173,184:167,185:167,202:143,207:136,239:118,246:111,251:109,254:106,256:105	0	False	0
ecol-SAMN34375054	GP_unb_35	231:124	5	0.0	0.4678017939366288	0.9255182174926284	GP_unb_38	250:109	5	0.0	0.488385559122413	2.0378140795546114	5	-2.3547535455315494	13.934482406099116	0.07217477347694512	15:117172,25:61967,28:41938,33:28845,35:27169,36:19914,37:19430,38:19116,39:17090,40:16874,42:15084,47:11355,48:11205,57:3699,61:2581,63:1917,69:1203,70:1167,72:1078,73:1055,76:980,79:881,81:816,82:816,83:753,85:725,88:675,89:644,90:625,92:587,93:559,94:559,95:528,103:460,104:431,106:409,111:379,114:348,115:340,120:329,121:327,122:325,123:325,124:324,125:321,130:295,132:291,133:291,135:282,139:259,140:259,156:213,161:210,165:202,166:202,167:197,170:186,173:185,175:176,179:173,184:167,198:148,202:143,206:140,207:136,214:132,237:118,239:118,246:111,251:109,254:106,256:105,259:102	0	False	0
ecol-SAMN34375054	GP_unb_35	231:124	5	0.0	0.4678017939366288	0.9255182174926284	GP_unb_39	257:104	5	0.0	0.49908094478854037	1.1816836343984096	5	-1.5885092127134015	11.2946925337611	0.07217477347694512	1:484462,25:61967,28:41938,33:28845,36:19914,37:19430,38:19116,40:16874,42:15084,47:11355,48:11205,61:2581,63:1917,65:1404,69:1203,72:1078,81:816,82:816,83:753,88:675,89:644,90:625,95:528,103:460,111:379,115:340,120:329,121:327,122:325,123:325,124:324,125:321,130:295,132:291,133:291,135:282,140:259,161:210,167:197,170:186,173:185,175:176,179:173,184:167,198:148,202:143,207:136,239:118,246:111,251:109,254:106,256:105,259:102	0	False	0
ecol-SAMN34375054	GP_unb_36	241:116	4	0.0	0.4892892881834844	2.1243864918321003	GP_unb_37	249:109	4	0.0	0.49977650941861884	1.5649842502380782	5	-2.212717181998975	12.654637151027812	0.07842548148619244	26:61534,33:28845,35:27169,38:19116,39:17090,40:16874,42:15084,47:11355,48:11205,57:3699,61:2581,69:1203,70:1167,72:1078,73:1055,79:881,81:816,82:816,83:753,85:725,89:644,92:587,95:528,98:522,103:460,104:431,111:379,115:340,120:329,121:327,122:325,123:325,124:324,130:295,132:291,133:291,135:282,139:259,140:259,161:210,167:197,170:186,173:185,176:174,179:173,184:167,185:167,198:148,202:143,207:136,214:132,233:121,246:111,251:109,254:106,256:105,259:102	0	False	0
ecol-SAMN34375054	GP_unb_36	241:116	4	0.0	0.4892892881834844	2.1243864918321003	GP_unb_38	250:109	5	0.0	0.488385559122413	2.0378140795546114	5	-2.2806825753167606	13.91417947479954	0.07217477347694512	25:61967,26:61534,27:52304,33:28845,35:27169,37:19430,38:19116,39:17090,40:16874,42:15084,45:13205,47:11355,48:11205,57:3699,61:2581,63:1917,69:1203,70:1167,72:1078,73:1055,74:1020,79:881,81:816,82:816,83:753,85:725,89:644,92:587,93:559,94:559,95:528,103:460,104:431,106:409,111:379,114:348,115:340,120:329,121:327,122:325,123:325,124:324,130:295,132:291,133:291,135:282,139:259,140:259,156:213,161:210,165:202,166:202,167:197,170:186,173:185,176:174,179:173,184:167,198:148,202:143,206:140,207:136,214:132,233:121,237:118,246:111,251:109,254:106,256:105,259:102	0	False	0
ecol-SAMN34375054	GP_unb_36	241:116	4	0.0	0.4892892881834844	2.1243864918321003	GP_unb_39	257:104	5	0.0	0.49908094478854037	1.1816836343984096	5	-1.9147988657599815	13.652267570433747	0.07217477347694512	24:62199,25:61967,26:61534,33:28845,37:19430,38:19116,40:16874,42:15084,47:11355,48:11205,57:3699,61:2581,63:1917,65:1404,69:1203,70:1167,72:1078,73:1055,79:881,81:816,82:816,83:753,85:725,89:644,95:528,103:460,104:431,111:379,115:340,120:329,121:327,122:325,123:325,124:324,130:295,132:291,133:291,135:282,139:259,140:259,161:210,167:197,170:186,173:185,175:176,176:174,179:173,184:167,198:148,202:143,207:136,233:121,239:118,246:111,251:109,254:106,256:105,259:102	0	False	0
ecol-SAMN34375054	GP_unb_37	249:109	4	0.0	0.49977650941861884	1.5649842502380782	GP_unb_38	250:109	5	0.0	0.488385559122413	2.0378140795546114	5	-2.0747239555861205	11.873952079075755	0.07842548148619244	27:52304,33:28845,35:27169,36:19914,38:19116,39:17090,40:16874,42:15084,45:13205,47:11355,48:11205,57:3699,61:2581,63:1917,69:1203,70:1167,72:1078,73:1055,74:1020,79:881,81:816,82:816,83:753,85:725,89:644,92:587,93:559,94:559,95:528,98:522,103:460,104:431,106:409,111:379,114:348,115:340,120:329,121:327,122:325,123:325,124:324,130:295,132:291,133:291,135:282,139:259,140:259,156:213,161:210,165:202,166:202,167:197,170:186,173:185,179:173,184:167,185:167,198:148,202:143,206:140,207:136,214:132,237:118,246:111,251:109,254:106,256:105,259:102	0	False	0
ecol-SAMN34375054	GP_unb_37	249:109	4	0.0	0.49977650941861884	1.5649842502380782	GP_unb_39	257:104	5	0.0	0.49908094478854037	1.1816836343984096	5	-1.3813448799323147	10.810301473525412	0.07842548148619244	33:28845,38:19116,40:16874,42:15084,47:11355,48:11205,57:3699,61:2581,65:1404,69:1203,70:1167,72:1078,73:1055,79:881,81:816,82:816,83:753,85:725,89:644,95:528,98:522,103:460,104:431,111:379,115:340,120:329,121:327,122:325,123:325,124:324,130:295,132:291,133:291,139:259,140:259,161:210,167:197,170:186,173:185,175:176,179:173,184:167,185:167,202:143,207:136,239:118,246:111,251:109,254:106,256:105	0	False	0
ecol-SAMN34375054	GP_unb_38	250:109	5	0.0	0.488385559122413	2.0378140795546114	GP_unb_39	257:104	5	0.0	0.49908094478854037	1.1816836343984096	5	-2.3547535455315494	13.843087895747818	0.07217477347694512	15:117172,25:61967,28:41938,33:28845,35:27169,36:19914,37:19430,38:19116,39:17090,40:16874,42:15084,47:11355,48:11205,57:3699,61:2581,63:1917,65:1404,69:1203,70:1167,72:1078,73:1055,76:980,79:881,81:816,82:816,83:753,85:725,88:675,89:644,90:625,92:587,93:559,94:559,95:528,103:460,104:431,106:409,111:379,114:348,115:340,120:329,121:327,122:325,123:325,124:324,130:295,132:291,133:291,135:282,139:259,140:259,156:213,161:210,165:202,166:202,167:197,170:186,173:185,175:176,179:173,184:167,198:148,202:143,206:140,207:136,214:132,237:118,239:118,246:111,251:109,254:106,256:105,259:102	0	False	0