SAMPLE	BIN1	BIN1_CONTIGS	BIN1_GC_BIN	BIN1_GC	BIN1_GD	BIN1_RD	BIN2	BIN2_CONTIGS	BIN2_GC_BIN	BIN2_GC	BIN2_GD	BIN2_RD	MERGE_GC_BIN	MERGE_GC	MERGE_GD	MERGE_RD	MERGE_PATH	MILP_INFEASIBLE	BINS_OVERLAP	IS_SUBSET
efae-SAMN36766199	PBF_P1	Contig:136:36.9978:3p:1:14:116,Contig:178:51.2595:2346,Contig:138:35.7228:3p:1:15:551,Contig:223:33.0538:1192,Contig:65:75.7995:21078,Contig:88:30.8909:9110,Contig:102:88.6468:777,Contig:125:26.8369:3p:1:121:758,Contig:42:85.5519:3430,Contig:201:49.2948:4689,Contig:210:565.886:1794,Contig:90:56.3658:1467,Contig:178:51.2595:5p:1:5:549,Contig:151:136.136:1466,Contig:68:30.1742:1457,Contig:43:32.7456:1091,Contig:48:46.7201:8074,Contig:13:300.614:597,Contig:216:47.2153:4274,Contig:86:85.4191:6389,Contig:136:36.9978:3p:1:8:262,Contig:55:184.754:713,Contig:125:26.8369:3p:1:102:247,Contig:14:30.8095:31223,Contig:32:174.226:1680,Contig:136:36.9978:3p:1:13:303,Contig:108:35.4637:3p:1:5:489,Contig:28:55.5458:1170,Contig:157:57.4583:3p:1:3:206,Contig:114:64.8563:3p:1:8:105,Contig:179:76.864:5374,Contig:157:57.4583:793,Contig:45:197.424:954,Contig:132:268.118:1089,Contig:111:54.5961:4931,Contig:207:67.1883:1152,Contig:90:56.3658:5p:1:3:155,Contig:125:26.8369:3p:1:15:139,Contig:33:81.2677:5591,Contig:204:76.8712:41878,Contig:136:36.9978:3p:1:10:261,Contig:161:68.5411:9564,Contig:10:43.5889:2457,Contig:131:68.5403:2590,Contig:178:51.2595:5p:1:10:193,Contig:139:264.931:653,Contig:108:35.4637:3p:1:2:484,Contig:125:26.8369:3p:1:14:532,Contig:159:718.244:809,Contig:123:44.0973:587,Contig:188:543.698:552,Contig:93:85.7917:10481,Contig:171:62.2474:1930,Contig:183:57.759:8294,Contig:125:26.8369:3p:1:13:494,Contig:79:75.5968:4343,Contig:209:258.736:739,Contig:152:150.366:1324,Contig:50:537.415:853,Contig:78:316.833:684,Contig:125:26.8369:3p:1:142:209,Contig:164:53.0191:4427,Contig:77:284.925:3906,Contig:138:35.7228:3p:1:2:579,Contig:178:51.2595:5p:1:19:217,Contig:9:31.8507:24391,Contig:84:49.1724:1544	4	-0.2126441645801772	19.985270905	0.7597046664611318	PBF_P2	Contig:136:36.9978:3p:1:14:116,Contig:178:51.2595:2346,Contig:65:75.7995:21078,Contig:88:30.8909:9110,Contig:102:88.6468:777,Contig:125:26.8369:3p:1:121:758,Contig:201:49.2948:4689,Contig:210:565.886:1794,Contig:90:56.3658:1467,Contig:178:51.2595:5p:1:5:549,Contig:151:136.136:1466,Contig:157:57.4583:3p:1:4:206,Contig:68:30.1742:1457,Contig:43:32.7456:1091,Contig:48:46.7201:8074,Contig:13:300.614:597,Contig:216:47.2153:4274,Contig:86:85.4191:6389,Contig:136:36.9978:3p:1:8:262,Contig:125:26.8369:3p:1:102:247,Contig:32:174.226:1680,Contig:136:36.9978:3p:1:13:303,Contig:28:55.5458:1170,Contig:157:57.4583:3p:1:3:206,Contig:125:26.8369:3p:1:122:163,Contig:179:76.864:5374,Contig:157:57.4583:793,Contig:45:197.424:954,Contig:90:56.3658:5p:1:3:155,Contig:33:81.2677:5591,Contig:204:76.8712:41878,Contig:136:36.9978:3p:1:10:261,Contig:161:68.5411:9564,Contig:10:43.5889:2457,Contig:178:51.2595:5p:1:10:193,Contig:131:68.5403:2590,Contig:139:264.931:653,Contig:108:35.4637:3p:1:2:484,Contig:125:26.8369:3p:1:14:532,Contig:159:718.244:809,Contig:123:44.0973:587,Contig:188:543.698:552,Contig:93:85.7917:10481,Contig:183:57.759:8294,Contig:90:56.3658:5p:1:4:154,Contig:76:1010.18:1514,Contig:195:32.1861:36706,Contig:79:75.5968:4343,Contig:209:258.736:739,Contig:59:34.9402:1996,Contig:152:150.366:1324,Contig:50:537.415:853,Contig:78:316.833:684,Contig:125:26.8369:3p:1:142:209,Contig:164:53.0191:4427,Contig:77:284.925:3906,Contig:138:35.7228:3p:1:2:579,Contig:178:51.2595:5p:1:19:217,Contig:84:49.1724:1544	4	-0.17203990785580733	16.610393436000003	0.7597046664611318	4	-0.38468407243598457	36.995295441	0.7597046664614027	Contig:40:66.7821:1803	0	True	0
efae-SAMN36766199	PBF_P1	Contig:136:36.9978:3p:1:14:116,Contig:178:51.2595:2346,Contig:138:35.7228:3p:1:15:551,Contig:223:33.0538:1192,Contig:65:75.7995:21078,Contig:88:30.8909:9110,Contig:102:88.6468:777,Contig:125:26.8369:3p:1:121:758,Contig:42:85.5519:3430,Contig:201:49.2948:4689,Contig:210:565.886:1794,Contig:90:56.3658:1467,Contig:178:51.2595:5p:1:5:549,Contig:151:136.136:1466,Contig:68:30.1742:1457,Contig:43:32.7456:1091,Contig:48:46.7201:8074,Contig:13:300.614:597,Contig:216:47.2153:4274,Contig:86:85.4191:6389,Contig:136:36.9978:3p:1:8:262,Contig:55:184.754:713,Contig:125:26.8369:3p:1:102:247,Contig:14:30.8095:31223,Contig:32:174.226:1680,Contig:136:36.9978:3p:1:13:303,Contig:108:35.4637:3p:1:5:489,Contig:28:55.5458:1170,Contig:157:57.4583:3p:1:3:206,Contig:114:64.8563:3p:1:8:105,Contig:179:76.864:5374,Contig:157:57.4583:793,Contig:45:197.424:954,Contig:132:268.118:1089,Contig:111:54.5961:4931,Contig:207:67.1883:1152,Contig:90:56.3658:5p:1:3:155,Contig:125:26.8369:3p:1:15:139,Contig:33:81.2677:5591,Contig:204:76.8712:41878,Contig:136:36.9978:3p:1:10:261,Contig:161:68.5411:9564,Contig:10:43.5889:2457,Contig:131:68.5403:2590,Contig:178:51.2595:5p:1:10:193,Contig:139:264.931:653,Contig:108:35.4637:3p:1:2:484,Contig:125:26.8369:3p:1:14:532,Contig:159:718.244:809,Contig:123:44.0973:587,Contig:188:543.698:552,Contig:93:85.7917:10481,Contig:171:62.2474:1930,Contig:183:57.759:8294,Contig:125:26.8369:3p:1:13:494,Contig:79:75.5968:4343,Contig:209:258.736:739,Contig:152:150.366:1324,Contig:50:537.415:853,Contig:78:316.833:684,Contig:125:26.8369:3p:1:142:209,Contig:164:53.0191:4427,Contig:77:284.925:3906,Contig:138:35.7228:3p:1:2:579,Contig:178:51.2595:5p:1:19:217,Contig:9:31.8507:24391,Contig:84:49.1724:1544	4	-0.2126441645801772	19.985270905	0.7597046664611318	PBF_P3	Contig:136:36.9978:3p:1:14:116,Contig:178:51.2595:2346,Contig:138:35.7228:3p:1:15:551,Contig:223:33.0538:1192,Contig:52:26.8434:2697,Contig:65:75.7995:21078,Contig:67:36.4104:6846,Contig:102:88.6468:777,Contig:125:26.8369:3p:1:121:758,Contig:201:49.2948:4689,Contig:210:565.886:1794,Contig:100:34.4641:3p:1:8:1226,Contig:90:56.3658:1467,Contig:151:136.136:1466,Contig:157:57.4583:3p:1:4:206,Contig:86:85.4191:6389,Contig:48:46.7201:8074,Contig:178:51.2595:5p:1:21:218,Contig:13:300.614:597,Contig:125:26.8369:3p:1:102:247,Contig:32:174.226:1680,Contig:136:36.9978:3p:1:13:303,Contig:108:35.4637:3p:1:5:489,Contig:28:55.5458:1170,Contig:157:57.4583:3p:1:3:206,Contig:179:76.864:5374,Contig:157:57.4583:793,Contig:45:197.424:954,Contig:117:96.5071:964,Contig:106:28.4304:5p:1:17:392,Contig:90:56.3658:5p:1:3:155,Contig:33:81.2677:5591,Contig:204:76.8712:41878,Contig:136:36.9978:3p:1:10:261,Contig:17:30.4511:1700,Contig:161:68.5411:9564,Contig:10:43.5889:2457,Contig:178:51.2595:5p:1:10:193,Contig:131:68.5403:2590,Contig:139:264.931:653,Contig:108:35.4637:3p:1:2:484,Contig:125:26.8369:3p:1:14:532,Contig:159:718.244:809,Contig:123:44.0973:587,Contig:188:543.698:552,Contig:93:85.7917:10481,Contig:183:57.759:8294,Contig:90:56.3658:5p:1:4:154,Contig:195:32.1861:36706,Contig:79:75.5968:4343,Contig:209:258.736:739,Contig:59:34.9402:1996,Contig:152:150.366:1324,Contig:50:537.415:853,Contig:78:316.833:684,Contig:164:53.0191:4427,Contig:76:1010.18:1514,Contig:77:284.925:3906,Contig:138:35.7228:3p:1:2:579,Contig:178:51.2595:5p:1:19:217,Contig:9:31.8507:24391,Contig:84:49.1724:1544	4	-0.11157611042044419	14.163594665000002	0.6441988761700118	4	-0.3242202750006214	34.548496670000006	0.6441988761707762	Contig:40:66.7821:1803	0	True	0
efae-SAMN36766199	PBF_P1	Contig:136:36.9978:3p:1:14:116,Contig:178:51.2595:2346,Contig:138:35.7228:3p:1:15:551,Contig:223:33.0538:1192,Contig:65:75.7995:21078,Contig:88:30.8909:9110,Contig:102:88.6468:777,Contig:125:26.8369:3p:1:121:758,Contig:42:85.5519:3430,Contig:201:49.2948:4689,Contig:210:565.886:1794,Contig:90:56.3658:1467,Contig:178:51.2595:5p:1:5:549,Contig:151:136.136:1466,Contig:68:30.1742:1457,Contig:43:32.7456:1091,Contig:48:46.7201:8074,Contig:13:300.614:597,Contig:216:47.2153:4274,Contig:86:85.4191:6389,Contig:136:36.9978:3p:1:8:262,Contig:55:184.754:713,Contig:125:26.8369:3p:1:102:247,Contig:14:30.8095:31223,Contig:32:174.226:1680,Contig:136:36.9978:3p:1:13:303,Contig:108:35.4637:3p:1:5:489,Contig:28:55.5458:1170,Contig:157:57.4583:3p:1:3:206,Contig:114:64.8563:3p:1:8:105,Contig:179:76.864:5374,Contig:157:57.4583:793,Contig:45:197.424:954,Contig:132:268.118:1089,Contig:111:54.5961:4931,Contig:207:67.1883:1152,Contig:90:56.3658:5p:1:3:155,Contig:125:26.8369:3p:1:15:139,Contig:33:81.2677:5591,Contig:204:76.8712:41878,Contig:136:36.9978:3p:1:10:261,Contig:161:68.5411:9564,Contig:10:43.5889:2457,Contig:131:68.5403:2590,Contig:178:51.2595:5p:1:10:193,Contig:139:264.931:653,Contig:108:35.4637:3p:1:2:484,Contig:125:26.8369:3p:1:14:532,Contig:159:718.244:809,Contig:123:44.0973:587,Contig:188:543.698:552,Contig:93:85.7917:10481,Contig:171:62.2474:1930,Contig:183:57.759:8294,Contig:125:26.8369:3p:1:13:494,Contig:79:75.5968:4343,Contig:209:258.736:739,Contig:152:150.366:1324,Contig:50:537.415:853,Contig:78:316.833:684,Contig:125:26.8369:3p:1:142:209,Contig:164:53.0191:4427,Contig:77:284.925:3906,Contig:138:35.7228:3p:1:2:579,Contig:178:51.2595:5p:1:19:217,Contig:9:31.8507:24391,Contig:84:49.1724:1544	4	-0.2126441645801772	19.985270905	0.7597046664611318	PBF_P4	Contig:136:36.9978:3p:1:14:116,Contig:138:35.7228:3p:1:15:551,Contig:212:33.539:40749,Contig:65:75.7995:21078,Contig:67:36.4104:6846,Contig:102:88.6468:777,Contig:125:26.8369:3p:1:121:758,Contig:201:49.2948:4689,Contig:210:565.886:1794,Contig:100:34.4641:3p:1:8:1226,Contig:90:56.3658:1467,Contig:151:136.136:1466,Contig:86:85.4191:6389,Contig:48:46.7201:8074,Contig:13:300.614:597,Contig:125:26.8369:3p:1:102:247,Contig:32:174.226:1680,Contig:141:39.2662:3593,Contig:28:55.5458:1170,Contig:157:57.4583:3p:1:3:206,Contig:179:76.864:5374,Contig:157:57.4583:793,Contig:45:197.424:954,Contig:117:96.5071:964,Contig:106:28.4304:5p:1:17:392,Contig:90:56.3658:5p:1:3:155,Contig:33:81.2677:5591,Contig:204:76.8712:41878,Contig:136:36.9978:3p:1:10:261,Contig:17:30.4511:1700,Contig:161:68.5411:9564,Contig:10:43.5889:2457,Contig:178:51.2595:5p:1:10:193,Contig:131:68.5403:2590,Contig:108:35.4637:3p:1:2:484,Contig:159:718.244:809,Contig:123:44.0973:587,Contig:93:85.7917:10481,Contig:188:543.698:552,Contig:125:26.8369:3p:1:14:532,Contig:183:57.759:8294,Contig:79:75.5968:4343,Contig:59:34.9402:1996,Contig:152:150.366:1324,Contig:50:537.415:853,Contig:78:316.833:684,Contig:164:53.0191:4427,Contig:76:1010.18:1514,Contig:77:284.925:3906,Contig:138:35.7228:3p:1:2:579,Contig:178:51.2595:5p:1:19:217,Contig:84:49.1724:1544	4	-0.0489218826292932	13.563029152999999	0.6441988761700118	4	-0.2615660472094704	33.947931157999996	0.6441988761707762	Contig:40:66.7821:1803	0	True	0
efae-SAMN36766199	PBF_P1	Contig:136:36.9978:3p:1:14:116,Contig:178:51.2595:2346,Contig:138:35.7228:3p:1:15:551,Contig:223:33.0538:1192,Contig:65:75.7995:21078,Contig:88:30.8909:9110,Contig:102:88.6468:777,Contig:125:26.8369:3p:1:121:758,Contig:42:85.5519:3430,Contig:201:49.2948:4689,Contig:210:565.886:1794,Contig:90:56.3658:1467,Contig:178:51.2595:5p:1:5:549,Contig:151:136.136:1466,Contig:68:30.1742:1457,Contig:43:32.7456:1091,Contig:48:46.7201:8074,Contig:13:300.614:597,Contig:216:47.2153:4274,Contig:86:85.4191:6389,Contig:136:36.9978:3p:1:8:262,Contig:55:184.754:713,Contig:125:26.8369:3p:1:102:247,Contig:14:30.8095:31223,Contig:32:174.226:1680,Contig:136:36.9978:3p:1:13:303,Contig:108:35.4637:3p:1:5:489,Contig:28:55.5458:1170,Contig:157:57.4583:3p:1:3:206,Contig:114:64.8563:3p:1:8:105,Contig:179:76.864:5374,Contig:157:57.4583:793,Contig:45:197.424:954,Contig:132:268.118:1089,Contig:111:54.5961:4931,Contig:207:67.1883:1152,Contig:90:56.3658:5p:1:3:155,Contig:125:26.8369:3p:1:15:139,Contig:33:81.2677:5591,Contig:204:76.8712:41878,Contig:136:36.9978:3p:1:10:261,Contig:161:68.5411:9564,Contig:10:43.5889:2457,Contig:131:68.5403:2590,Contig:178:51.2595:5p:1:10:193,Contig:139:264.931:653,Contig:108:35.4637:3p:1:2:484,Contig:125:26.8369:3p:1:14:532,Contig:159:718.244:809,Contig:123:44.0973:587,Contig:188:543.698:552,Contig:93:85.7917:10481,Contig:171:62.2474:1930,Contig:183:57.759:8294,Contig:125:26.8369:3p:1:13:494,Contig:79:75.5968:4343,Contig:209:258.736:739,Contig:152:150.366:1324,Contig:50:537.415:853,Contig:78:316.833:684,Contig:125:26.8369:3p:1:142:209,Contig:164:53.0191:4427,Contig:77:284.925:3906,Contig:138:35.7228:3p:1:2:579,Contig:178:51.2595:5p:1:19:217,Contig:9:31.8507:24391,Contig:84:49.1724:1544	4	-0.2126441645801772	19.985270905	0.7597046664611318	PBF_P5	Contig:3:449.536:Circ:4377	4	0.0	0.49995579999999995	11.236106765323669	0	0	0	0		1	False	0
efae-SAMN36766199	PBF_P1	Contig:136:36.9978:3p:1:14:116,Contig:178:51.2595:2346,Contig:138:35.7228:3p:1:15:551,Contig:223:33.0538:1192,Contig:65:75.7995:21078,Contig:88:30.8909:9110,Contig:102:88.6468:777,Contig:125:26.8369:3p:1:121:758,Contig:42:85.5519:3430,Contig:201:49.2948:4689,Contig:210:565.886:1794,Contig:90:56.3658:1467,Contig:178:51.2595:5p:1:5:549,Contig:151:136.136:1466,Contig:68:30.1742:1457,Contig:43:32.7456:1091,Contig:48:46.7201:8074,Contig:13:300.614:597,Contig:216:47.2153:4274,Contig:86:85.4191:6389,Contig:136:36.9978:3p:1:8:262,Contig:55:184.754:713,Contig:125:26.8369:3p:1:102:247,Contig:14:30.8095:31223,Contig:32:174.226:1680,Contig:136:36.9978:3p:1:13:303,Contig:108:35.4637:3p:1:5:489,Contig:28:55.5458:1170,Contig:157:57.4583:3p:1:3:206,Contig:114:64.8563:3p:1:8:105,Contig:179:76.864:5374,Contig:157:57.4583:793,Contig:45:197.424:954,Contig:132:268.118:1089,Contig:111:54.5961:4931,Contig:207:67.1883:1152,Contig:90:56.3658:5p:1:3:155,Contig:125:26.8369:3p:1:15:139,Contig:33:81.2677:5591,Contig:204:76.8712:41878,Contig:136:36.9978:3p:1:10:261,Contig:161:68.5411:9564,Contig:10:43.5889:2457,Contig:131:68.5403:2590,Contig:178:51.2595:5p:1:10:193,Contig:139:264.931:653,Contig:108:35.4637:3p:1:2:484,Contig:125:26.8369:3p:1:14:532,Contig:159:718.244:809,Contig:123:44.0973:587,Contig:188:543.698:552,Contig:93:85.7917:10481,Contig:171:62.2474:1930,Contig:183:57.759:8294,Contig:125:26.8369:3p:1:13:494,Contig:79:75.5968:4343,Contig:209:258.736:739,Contig:152:150.366:1324,Contig:50:537.415:853,Contig:78:316.833:684,Contig:125:26.8369:3p:1:142:209,Contig:164:53.0191:4427,Contig:77:284.925:3906,Contig:138:35.7228:3p:1:2:579,Contig:178:51.2595:5p:1:19:217,Contig:9:31.8507:24391,Contig:84:49.1724:1544	4	-0.2126441645801772	19.985270905	0.7597046664611318	PBF_P6	Contig:136:36.9978:3p:1:14:116,Contig:178:51.2595:2346,Contig:186:30.3502:15740,Contig:138:35.7228:3p:1:15:551,Contig:65:75.7995:21078,Contig:67:36.4104:6846,Contig:102:88.6468:777,Contig:201:49.2948:4689,Contig:210:565.886:1794,Contig:100:34.4641:3p:1:8:1226,Contig:90:56.3658:1467,Contig:86:85.4191:6389,Contig:13:300.614:597,Contig:125:26.8369:3p:1:102:247,Contig:32:174.226:1680,Contig:141:39.2662:3593,Contig:157:57.4583:3p:1:3:206,Contig:179:76.864:5374,Contig:157:57.4583:793,Contig:45:197.424:954,Contig:117:96.5071:964,Contig:106:28.4304:5p:1:17:392,Contig:90:56.3658:5p:1:3:155,Contig:33:81.2677:5591,Contig:204:76.8712:41878,Contig:136:36.9978:3p:1:10:261,Contig:17:30.4511:1700,Contig:178:51.2595:5p:1:10:193,Contig:182:33.2808:16043,Contig:108:35.4637:3p:1:2:484,Contig:159:718.244:809,Contig:93:85.7917:10481,Contig:125:26.8369:3p:1:14:532,Contig:188:543.698:552,Contig:79:75.5968:4343,Contig:29:39.7161:5936,Contig:118:175.893:1493,Contig:60:31.8529:15921,Contig:152:150.366:1324,Contig:50:537.415:853,Contig:78:316.833:684,Contig:164:53.0191:4427,Contig:76:1010.18:1514,Contig:77:284.925:3906,Contig:138:35.7228:3p:1:2:579,Contig:178:51.2595:5p:1:19:217,Contig:84:49.1724:1544	4	-0.03598457563908625	9.823198822999998	0.6441988761700118	4	-0.24862874021926346	30.208100828	0.6441988761707762	Contig:40:66.7821:1803	0	True	0
efae-SAMN36766199	PBF_P1	Contig:136:36.9978:3p:1:14:116,Contig:178:51.2595:2346,Contig:138:35.7228:3p:1:15:551,Contig:223:33.0538:1192,Contig:65:75.7995:21078,Contig:88:30.8909:9110,Contig:102:88.6468:777,Contig:125:26.8369:3p:1:121:758,Contig:42:85.5519:3430,Contig:201:49.2948:4689,Contig:210:565.886:1794,Contig:90:56.3658:1467,Contig:178:51.2595:5p:1:5:549,Contig:151:136.136:1466,Contig:68:30.1742:1457,Contig:43:32.7456:1091,Contig:48:46.7201:8074,Contig:13:300.614:597,Contig:216:47.2153:4274,Contig:86:85.4191:6389,Contig:136:36.9978:3p:1:8:262,Contig:55:184.754:713,Contig:125:26.8369:3p:1:102:247,Contig:14:30.8095:31223,Contig:32:174.226:1680,Contig:136:36.9978:3p:1:13:303,Contig:108:35.4637:3p:1:5:489,Contig:28:55.5458:1170,Contig:157:57.4583:3p:1:3:206,Contig:114:64.8563:3p:1:8:105,Contig:179:76.864:5374,Contig:157:57.4583:793,Contig:45:197.424:954,Contig:132:268.118:1089,Contig:111:54.5961:4931,Contig:207:67.1883:1152,Contig:90:56.3658:5p:1:3:155,Contig:125:26.8369:3p:1:15:139,Contig:33:81.2677:5591,Contig:204:76.8712:41878,Contig:136:36.9978:3p:1:10:261,Contig:161:68.5411:9564,Contig:10:43.5889:2457,Contig:131:68.5403:2590,Contig:178:51.2595:5p:1:10:193,Contig:139:264.931:653,Contig:108:35.4637:3p:1:2:484,Contig:125:26.8369:3p:1:14:532,Contig:159:718.244:809,Contig:123:44.0973:587,Contig:188:543.698:552,Contig:93:85.7917:10481,Contig:171:62.2474:1930,Contig:183:57.759:8294,Contig:125:26.8369:3p:1:13:494,Contig:79:75.5968:4343,Contig:209:258.736:739,Contig:152:150.366:1324,Contig:50:537.415:853,Contig:78:316.833:684,Contig:125:26.8369:3p:1:142:209,Contig:164:53.0191:4427,Contig:77:284.925:3906,Contig:138:35.7228:3p:1:2:579,Contig:178:51.2595:5p:1:19:217,Contig:9:31.8507:24391,Contig:84:49.1724:1544	4	-0.2126441645801772	19.985270905	0.7597046664611318	PBF_P7	Contig:136:36.9978:3p:1:14:116,Contig:138:35.7228:3p:1:15:551,Contig:223:33.0538:1192,Contig:212:33.539:40749,Contig:65:75.7995:21078,Contig:201:49.2948:4689,Contig:210:565.886:1794,Contig:100:34.4641:3p:1:6:541,Contig:86:85.4191:6389,Contig:13:300.614:597,Contig:125:26.8369:3p:1:102:247,Contig:32:174.226:1680,Contig:141:39.2662:3593,Contig:179:76.864:5374,Contig:117:96.5071:964,Contig:106:28.4304:5p:1:17:392,Contig:224:32.0904:16841,Contig:204:76.8712:41878,Contig:136:36.9978:3p:1:10:261,Contig:182:33.2808:16043,Contig:108:35.4637:3p:1:2:484,Contig:159:718.244:809,Contig:93:85.7917:10481,Contig:125:26.8369:3p:1:14:532,Contig:188:543.698:552,Contig:79:75.5968:4343,Contig:29:39.7161:5936,Contig:152:150.366:1324,Contig:50:537.415:853,Contig:78:316.833:684,Contig:164:53.0191:4427,Contig:76:1010.18:1514,Contig:77:284.925:3906,Contig:138:35.7228:3p:1:2:579	4	-0.03988536499737602	7.4633927259999995	0.7666303115735077	4	-0.25252952957755326	27.848294731	0.7597046664614027	Contig:40:66.7821:1803	0	True	0
efae-SAMN36766199	PBF_P1	Contig:136:36.9978:3p:1:14:116,Contig:178:51.2595:2346,Contig:138:35.7228:3p:1:15:551,Contig:223:33.0538:1192,Contig:65:75.7995:21078,Contig:88:30.8909:9110,Contig:102:88.6468:777,Contig:125:26.8369:3p:1:121:758,Contig:42:85.5519:3430,Contig:201:49.2948:4689,Contig:210:565.886:1794,Contig:90:56.3658:1467,Contig:178:51.2595:5p:1:5:549,Contig:151:136.136:1466,Contig:68:30.1742:1457,Contig:43:32.7456:1091,Contig:48:46.7201:8074,Contig:13:300.614:597,Contig:216:47.2153:4274,Contig:86:85.4191:6389,Contig:136:36.9978:3p:1:8:262,Contig:55:184.754:713,Contig:125:26.8369:3p:1:102:247,Contig:14:30.8095:31223,Contig:32:174.226:1680,Contig:136:36.9978:3p:1:13:303,Contig:108:35.4637:3p:1:5:489,Contig:28:55.5458:1170,Contig:157:57.4583:3p:1:3:206,Contig:114:64.8563:3p:1:8:105,Contig:179:76.864:5374,Contig:157:57.4583:793,Contig:45:197.424:954,Contig:132:268.118:1089,Contig:111:54.5961:4931,Contig:207:67.1883:1152,Contig:90:56.3658:5p:1:3:155,Contig:125:26.8369:3p:1:15:139,Contig:33:81.2677:5591,Contig:204:76.8712:41878,Contig:136:36.9978:3p:1:10:261,Contig:161:68.5411:9564,Contig:10:43.5889:2457,Contig:131:68.5403:2590,Contig:178:51.2595:5p:1:10:193,Contig:139:264.931:653,Contig:108:35.4637:3p:1:2:484,Contig:125:26.8369:3p:1:14:532,Contig:159:718.244:809,Contig:123:44.0973:587,Contig:188:543.698:552,Contig:93:85.7917:10481,Contig:171:62.2474:1930,Contig:183:57.759:8294,Contig:125:26.8369:3p:1:13:494,Contig:79:75.5968:4343,Contig:209:258.736:739,Contig:152:150.366:1324,Contig:50:537.415:853,Contig:78:316.833:684,Contig:125:26.8369:3p:1:142:209,Contig:164:53.0191:4427,Contig:77:284.925:3906,Contig:138:35.7228:3p:1:2:579,Contig:178:51.2595:5p:1:19:217,Contig:9:31.8507:24391,Contig:84:49.1724:1544	4	-0.2126441645801772	19.985270905	0.7597046664611318	PBF_P8	Contig:136:36.9978:3p:1:14:116,Contig:186:30.3502:15740,Contig:138:35.7228:3p:1:15:551,Contig:65:75.7995:21078,Contig:201:49.2948:4689,Contig:210:565.886:1794,Contig:100:34.4641:3p:1:6:541,Contig:86:85.4191:6389,Contig:13:300.614:597,Contig:125:26.8369:3p:1:102:247,Contig:32:174.226:1680,Contig:141:39.2662:3593,Contig:179:76.864:5374,Contig:117:96.5071:964,Contig:106:28.4304:5p:1:17:392,Contig:224:32.0904:16841,Contig:204:76.8712:41878,Contig:136:36.9978:3p:1:10:261,Contig:182:33.2808:16043,Contig:108:35.4637:3p:1:2:484,Contig:159:718.244:809,Contig:125:26.8369:3p:1:14:532,Contig:188:543.698:552,Contig:79:75.5968:4343,Contig:152:150.366:1324,Contig:50:537.415:853,Contig:78:316.833:684,Contig:76:1010.18:1514,Contig:77:284.925:3906,Contig:138:35.7228:3p:1:2:579	4	-0.011287362609982449	6.819526646	0.7826940283470984	4	-0.22393152719015966	27.204428651	0.7597046664614027	Contig:40:66.7821:1803	0	True	0
efae-SAMN36766199	PBF_P1	Contig:136:36.9978:3p:1:14:116,Contig:178:51.2595:2346,Contig:138:35.7228:3p:1:15:551,Contig:223:33.0538:1192,Contig:65:75.7995:21078,Contig:88:30.8909:9110,Contig:102:88.6468:777,Contig:125:26.8369:3p:1:121:758,Contig:42:85.5519:3430,Contig:201:49.2948:4689,Contig:210:565.886:1794,Contig:90:56.3658:1467,Contig:178:51.2595:5p:1:5:549,Contig:151:136.136:1466,Contig:68:30.1742:1457,Contig:43:32.7456:1091,Contig:48:46.7201:8074,Contig:13:300.614:597,Contig:216:47.2153:4274,Contig:86:85.4191:6389,Contig:136:36.9978:3p:1:8:262,Contig:55:184.754:713,Contig:125:26.8369:3p:1:102:247,Contig:14:30.8095:31223,Contig:32:174.226:1680,Contig:136:36.9978:3p:1:13:303,Contig:108:35.4637:3p:1:5:489,Contig:28:55.5458:1170,Contig:157:57.4583:3p:1:3:206,Contig:114:64.8563:3p:1:8:105,Contig:179:76.864:5374,Contig:157:57.4583:793,Contig:45:197.424:954,Contig:132:268.118:1089,Contig:111:54.5961:4931,Contig:207:67.1883:1152,Contig:90:56.3658:5p:1:3:155,Contig:125:26.8369:3p:1:15:139,Contig:33:81.2677:5591,Contig:204:76.8712:41878,Contig:136:36.9978:3p:1:10:261,Contig:161:68.5411:9564,Contig:10:43.5889:2457,Contig:131:68.5403:2590,Contig:178:51.2595:5p:1:10:193,Contig:139:264.931:653,Contig:108:35.4637:3p:1:2:484,Contig:125:26.8369:3p:1:14:532,Contig:159:718.244:809,Contig:123:44.0973:587,Contig:188:543.698:552,Contig:93:85.7917:10481,Contig:171:62.2474:1930,Contig:183:57.759:8294,Contig:125:26.8369:3p:1:13:494,Contig:79:75.5968:4343,Contig:209:258.736:739,Contig:152:150.366:1324,Contig:50:537.415:853,Contig:78:316.833:684,Contig:125:26.8369:3p:1:142:209,Contig:164:53.0191:4427,Contig:77:284.925:3906,Contig:138:35.7228:3p:1:2:579,Contig:178:51.2595:5p:1:19:217,Contig:9:31.8507:24391,Contig:84:49.1724:1544	4	-0.2126441645801772	19.985270905	0.7597046664611318	PBF_P9	Contig:136:36.9978:3p:1:14:116,Contig:186:30.3502:15740,Contig:138:35.7228:3p:1:15:551,Contig:65:75.7995:21078,Contig:86:85.4191:6389,Contig:13:300.614:597,Contig:125:26.8369:3p:1:102:247,Contig:32:174.226:1680,Contig:141:39.2662:3593,Contig:179:76.864:5374,Contig:204:76.8712:41878,Contig:136:36.9978:3p:1:10:261,Contig:182:33.2808:16043,Contig:108:35.4637:3p:1:2:484,Contig:125:26.8369:3p:1:14:532,Contig:188:543.698:552,Contig:76:1010.18:1514,Contig:79:75.5968:4343,Contig:50:537.415:853,Contig:78:316.833:684,Contig:152:150.366:1324,Contig:138:35.7228:3p:1:2:579	4	-0.011287362609982449	5.988723532999998	0.7826940283470984	4	-0.22393152719015966	26.373625538	0.7597046664614027	Contig:40:66.7821:1803	0	True	0
efae-SAMN36766199	PBF_P1	Contig:136:36.9978:3p:1:14:116,Contig:178:51.2595:2346,Contig:138:35.7228:3p:1:15:551,Contig:223:33.0538:1192,Contig:65:75.7995:21078,Contig:88:30.8909:9110,Contig:102:88.6468:777,Contig:125:26.8369:3p:1:121:758,Contig:42:85.5519:3430,Contig:201:49.2948:4689,Contig:210:565.886:1794,Contig:90:56.3658:1467,Contig:178:51.2595:5p:1:5:549,Contig:151:136.136:1466,Contig:68:30.1742:1457,Contig:43:32.7456:1091,Contig:48:46.7201:8074,Contig:13:300.614:597,Contig:216:47.2153:4274,Contig:86:85.4191:6389,Contig:136:36.9978:3p:1:8:262,Contig:55:184.754:713,Contig:125:26.8369:3p:1:102:247,Contig:14:30.8095:31223,Contig:32:174.226:1680,Contig:136:36.9978:3p:1:13:303,Contig:108:35.4637:3p:1:5:489,Contig:28:55.5458:1170,Contig:157:57.4583:3p:1:3:206,Contig:114:64.8563:3p:1:8:105,Contig:179:76.864:5374,Contig:157:57.4583:793,Contig:45:197.424:954,Contig:132:268.118:1089,Contig:111:54.5961:4931,Contig:207:67.1883:1152,Contig:90:56.3658:5p:1:3:155,Contig:125:26.8369:3p:1:15:139,Contig:33:81.2677:5591,Contig:204:76.8712:41878,Contig:136:36.9978:3p:1:10:261,Contig:161:68.5411:9564,Contig:10:43.5889:2457,Contig:131:68.5403:2590,Contig:178:51.2595:5p:1:10:193,Contig:139:264.931:653,Contig:108:35.4637:3p:1:2:484,Contig:125:26.8369:3p:1:14:532,Contig:159:718.244:809,Contig:123:44.0973:587,Contig:188:543.698:552,Contig:93:85.7917:10481,Contig:171:62.2474:1930,Contig:183:57.759:8294,Contig:125:26.8369:3p:1:13:494,Contig:79:75.5968:4343,Contig:209:258.736:739,Contig:152:150.366:1324,Contig:50:537.415:853,Contig:78:316.833:684,Contig:125:26.8369:3p:1:142:209,Contig:164:53.0191:4427,Contig:77:284.925:3906,Contig:138:35.7228:3p:1:2:579,Contig:178:51.2595:5p:1:19:217,Contig:9:31.8507:24391,Contig:84:49.1724:1544	4	-0.2126441645801772	19.985270905	0.7597046664611318	PBF_P10	Contig:136:36.9978:3p:1:14:116,Contig:186:30.3502:15740,Contig:65:75.7995:21078,Contig:86:85.4191:6389,Contig:125:26.8369:3p:1:102:247,Contig:32:174.226:1680,Contig:179:76.864:5374,Contig:204:76.8712:41878,Contig:193:37.1403:85323,Contig:136:36.9978:3p:1:10:261,Contig:108:35.4637:3p:1:2:484,Contig:125:26.8369:3p:1:14:532,Contig:188:543.698:552,Contig:79:75.5968:4343,Contig:152:150.366:1324,Contig:50:537.415:853,Contig:78:316.833:684,Contig:76:1010.18:1514	4	-0.011287362609982449	5.6365434527	0.7826940283470984	4	-0.22393152719015966	26.0214454577	0.7597046664632217	Contig:40:66.7821:1803	0	True	0
efae-SAMN36766199	PBF_P1	Contig:136:36.9978:3p:1:14:116,Contig:178:51.2595:2346,Contig:138:35.7228:3p:1:15:551,Contig:223:33.0538:1192,Contig:65:75.7995:21078,Contig:88:30.8909:9110,Contig:102:88.6468:777,Contig:125:26.8369:3p:1:121:758,Contig:42:85.5519:3430,Contig:201:49.2948:4689,Contig:210:565.886:1794,Contig:90:56.3658:1467,Contig:178:51.2595:5p:1:5:549,Contig:151:136.136:1466,Contig:68:30.1742:1457,Contig:43:32.7456:1091,Contig:48:46.7201:8074,Contig:13:300.614:597,Contig:216:47.2153:4274,Contig:86:85.4191:6389,Contig:136:36.9978:3p:1:8:262,Contig:55:184.754:713,Contig:125:26.8369:3p:1:102:247,Contig:14:30.8095:31223,Contig:32:174.226:1680,Contig:136:36.9978:3p:1:13:303,Contig:108:35.4637:3p:1:5:489,Contig:28:55.5458:1170,Contig:157:57.4583:3p:1:3:206,Contig:114:64.8563:3p:1:8:105,Contig:179:76.864:5374,Contig:157:57.4583:793,Contig:45:197.424:954,Contig:132:268.118:1089,Contig:111:54.5961:4931,Contig:207:67.1883:1152,Contig:90:56.3658:5p:1:3:155,Contig:125:26.8369:3p:1:15:139,Contig:33:81.2677:5591,Contig:204:76.8712:41878,Contig:136:36.9978:3p:1:10:261,Contig:161:68.5411:9564,Contig:10:43.5889:2457,Contig:131:68.5403:2590,Contig:178:51.2595:5p:1:10:193,Contig:139:264.931:653,Contig:108:35.4637:3p:1:2:484,Contig:125:26.8369:3p:1:14:532,Contig:159:718.244:809,Contig:123:44.0973:587,Contig:188:543.698:552,Contig:93:85.7917:10481,Contig:171:62.2474:1930,Contig:183:57.759:8294,Contig:125:26.8369:3p:1:13:494,Contig:79:75.5968:4343,Contig:209:258.736:739,Contig:152:150.366:1324,Contig:50:537.415:853,Contig:78:316.833:684,Contig:125:26.8369:3p:1:142:209,Contig:164:53.0191:4427,Contig:77:284.925:3906,Contig:138:35.7228:3p:1:2:579,Contig:178:51.2595:5p:1:19:217,Contig:9:31.8507:24391,Contig:84:49.1724:1544	4	-0.2126441645801772	19.985270905	0.7597046664611318	PBF_P11	Contig:136:36.9978:3p:1:14:116,Contig:65:75.7995:21078,Contig:136:36.9978:3p:1:10:261,Contig:125:26.8369:3p:1:102:247,Contig:50:537.415:853,Contig:108:35.4637:3p:1:2:484,Contig:214:85.3975:7944,Contig:78:316.833:684,Contig:125:26.8369:3p:1:14:532,Contig:188:543.698:552	4	-0.0065646715904890685	4.5243369499999995	1.97130530166717	4	-0.21920883617066628	24.909238955	0.7597046664614027	Contig:40:66.7821:1803	0	True	0
efae-SAMN36766199	PBF_P1	Contig:136:36.9978:3p:1:14:116,Contig:178:51.2595:2346,Contig:138:35.7228:3p:1:15:551,Contig:223:33.0538:1192,Contig:65:75.7995:21078,Contig:88:30.8909:9110,Contig:102:88.6468:777,Contig:125:26.8369:3p:1:121:758,Contig:42:85.5519:3430,Contig:201:49.2948:4689,Contig:210:565.886:1794,Contig:90:56.3658:1467,Contig:178:51.2595:5p:1:5:549,Contig:151:136.136:1466,Contig:68:30.1742:1457,Contig:43:32.7456:1091,Contig:48:46.7201:8074,Contig:13:300.614:597,Contig:216:47.2153:4274,Contig:86:85.4191:6389,Contig:136:36.9978:3p:1:8:262,Contig:55:184.754:713,Contig:125:26.8369:3p:1:102:247,Contig:14:30.8095:31223,Contig:32:174.226:1680,Contig:136:36.9978:3p:1:13:303,Contig:108:35.4637:3p:1:5:489,Contig:28:55.5458:1170,Contig:157:57.4583:3p:1:3:206,Contig:114:64.8563:3p:1:8:105,Contig:179:76.864:5374,Contig:157:57.4583:793,Contig:45:197.424:954,Contig:132:268.118:1089,Contig:111:54.5961:4931,Contig:207:67.1883:1152,Contig:90:56.3658:5p:1:3:155,Contig:125:26.8369:3p:1:15:139,Contig:33:81.2677:5591,Contig:204:76.8712:41878,Contig:136:36.9978:3p:1:10:261,Contig:161:68.5411:9564,Contig:10:43.5889:2457,Contig:131:68.5403:2590,Contig:178:51.2595:5p:1:10:193,Contig:139:264.931:653,Contig:108:35.4637:3p:1:2:484,Contig:125:26.8369:3p:1:14:532,Contig:159:718.244:809,Contig:123:44.0973:587,Contig:188:543.698:552,Contig:93:85.7917:10481,Contig:171:62.2474:1930,Contig:183:57.759:8294,Contig:125:26.8369:3p:1:13:494,Contig:79:75.5968:4343,Contig:209:258.736:739,Contig:152:150.366:1324,Contig:50:537.415:853,Contig:78:316.833:684,Contig:125:26.8369:3p:1:142:209,Contig:164:53.0191:4427,Contig:77:284.925:3906,Contig:138:35.7228:3p:1:2:579,Contig:178:51.2595:5p:1:19:217,Contig:9:31.8507:24391,Contig:84:49.1724:1544	4	-0.2126441645801772	19.985270905	0.7597046664611318	PBF_P12	Contig:136:36.9978:3p:1:14:116,Contig:13:300.614:597,Contig:175:33.0843:28604,Contig:125:26.8369:3p:1:102:247,Contig:32:174.226:1680,Contig:136:36.9978:3p:1:13:303,Contig:179:76.864:5374,Contig:136:36.9978:3p:1:10:261,Contig:182:33.2808:16043,Contig:139:264.931:653,Contig:125:26.8369:3p:1:14:532,Contig:188:543.698:552,Contig:138:35.7228:23576,Contig:209:258.736:739,Contig:50:537.415:853,Contig:78:316.833:684,Contig:138:35.7228:3p:1:2:579	4	-0.024479675076039487	4.261916269999999	0.8054437508722315	4	-0.2371238396562167	24.646818274999998	0.7597046664614027	Contig:40:66.7821:1803	0	True	0
efae-SAMN36766199	PBF_P1	Contig:136:36.9978:3p:1:14:116,Contig:178:51.2595:2346,Contig:138:35.7228:3p:1:15:551,Contig:223:33.0538:1192,Contig:65:75.7995:21078,Contig:88:30.8909:9110,Contig:102:88.6468:777,Contig:125:26.8369:3p:1:121:758,Contig:42:85.5519:3430,Contig:201:49.2948:4689,Contig:210:565.886:1794,Contig:90:56.3658:1467,Contig:178:51.2595:5p:1:5:549,Contig:151:136.136:1466,Contig:68:30.1742:1457,Contig:43:32.7456:1091,Contig:48:46.7201:8074,Contig:13:300.614:597,Contig:216:47.2153:4274,Contig:86:85.4191:6389,Contig:136:36.9978:3p:1:8:262,Contig:55:184.754:713,Contig:125:26.8369:3p:1:102:247,Contig:14:30.8095:31223,Contig:32:174.226:1680,Contig:136:36.9978:3p:1:13:303,Contig:108:35.4637:3p:1:5:489,Contig:28:55.5458:1170,Contig:157:57.4583:3p:1:3:206,Contig:114:64.8563:3p:1:8:105,Contig:179:76.864:5374,Contig:157:57.4583:793,Contig:45:197.424:954,Contig:132:268.118:1089,Contig:111:54.5961:4931,Contig:207:67.1883:1152,Contig:90:56.3658:5p:1:3:155,Contig:125:26.8369:3p:1:15:139,Contig:33:81.2677:5591,Contig:204:76.8712:41878,Contig:136:36.9978:3p:1:10:261,Contig:161:68.5411:9564,Contig:10:43.5889:2457,Contig:131:68.5403:2590,Contig:178:51.2595:5p:1:10:193,Contig:139:264.931:653,Contig:108:35.4637:3p:1:2:484,Contig:125:26.8369:3p:1:14:532,Contig:159:718.244:809,Contig:123:44.0973:587,Contig:188:543.698:552,Contig:93:85.7917:10481,Contig:171:62.2474:1930,Contig:183:57.759:8294,Contig:125:26.8369:3p:1:13:494,Contig:79:75.5968:4343,Contig:209:258.736:739,Contig:152:150.366:1324,Contig:50:537.415:853,Contig:78:316.833:684,Contig:125:26.8369:3p:1:142:209,Contig:164:53.0191:4427,Contig:77:284.925:3906,Contig:138:35.7228:3p:1:2:579,Contig:178:51.2595:5p:1:19:217,Contig:9:31.8507:24391,Contig:84:49.1724:1544	4	-0.2126441645801772	19.985270905	0.7597046664611318	PBF_P13	Contig:79:75.5968:4343,Contig:204:76.8712:41878,Contig:32:174.226:1680,Contig:50:537.415:853,Contig:214:85.3975:7944,Contig:152:150.366:1324,Contig:188:543.698:552,Contig:179:76.864:5374	4	-0.00472269101949338	3.62899702	1.938683353738387	4	-0.22287286862803948	23.908757555	0.6509760315366293	Contig:115:35.0334:1728,Contig:119:26.7415:2022,Contig:144:96.241:1063	0	True	0
efae-SAMN36766199	PBF_P1	Contig:136:36.9978:3p:1:14:116,Contig:178:51.2595:2346,Contig:138:35.7228:3p:1:15:551,Contig:223:33.0538:1192,Contig:65:75.7995:21078,Contig:88:30.8909:9110,Contig:102:88.6468:777,Contig:125:26.8369:3p:1:121:758,Contig:42:85.5519:3430,Contig:201:49.2948:4689,Contig:210:565.886:1794,Contig:90:56.3658:1467,Contig:178:51.2595:5p:1:5:549,Contig:151:136.136:1466,Contig:68:30.1742:1457,Contig:43:32.7456:1091,Contig:48:46.7201:8074,Contig:13:300.614:597,Contig:216:47.2153:4274,Contig:86:85.4191:6389,Contig:136:36.9978:3p:1:8:262,Contig:55:184.754:713,Contig:125:26.8369:3p:1:102:247,Contig:14:30.8095:31223,Contig:32:174.226:1680,Contig:136:36.9978:3p:1:13:303,Contig:108:35.4637:3p:1:5:489,Contig:28:55.5458:1170,Contig:157:57.4583:3p:1:3:206,Contig:114:64.8563:3p:1:8:105,Contig:179:76.864:5374,Contig:157:57.4583:793,Contig:45:197.424:954,Contig:132:268.118:1089,Contig:111:54.5961:4931,Contig:207:67.1883:1152,Contig:90:56.3658:5p:1:3:155,Contig:125:26.8369:3p:1:15:139,Contig:33:81.2677:5591,Contig:204:76.8712:41878,Contig:136:36.9978:3p:1:10:261,Contig:161:68.5411:9564,Contig:10:43.5889:2457,Contig:131:68.5403:2590,Contig:178:51.2595:5p:1:10:193,Contig:139:264.931:653,Contig:108:35.4637:3p:1:2:484,Contig:125:26.8369:3p:1:14:532,Contig:159:718.244:809,Contig:123:44.0973:587,Contig:188:543.698:552,Contig:93:85.7917:10481,Contig:171:62.2474:1930,Contig:183:57.759:8294,Contig:125:26.8369:3p:1:13:494,Contig:79:75.5968:4343,Contig:209:258.736:739,Contig:152:150.366:1324,Contig:50:537.415:853,Contig:78:316.833:684,Contig:125:26.8369:3p:1:142:209,Contig:164:53.0191:4427,Contig:77:284.925:3906,Contig:138:35.7228:3p:1:2:579,Contig:178:51.2595:5p:1:19:217,Contig:9:31.8507:24391,Contig:84:49.1724:1544	4	-0.2126441645801772	19.985270905	0.7597046664611318	PBF_P14	Contig:2:127.633:Circ:4461	4	0.0	0.4996321	3.081942113156582	0	0	0	0		1	False	0
efae-SAMN36766199	PBF_P1	Contig:136:36.9978:3p:1:14:116,Contig:178:51.2595:2346,Contig:138:35.7228:3p:1:15:551,Contig:223:33.0538:1192,Contig:65:75.7995:21078,Contig:88:30.8909:9110,Contig:102:88.6468:777,Contig:125:26.8369:3p:1:121:758,Contig:42:85.5519:3430,Contig:201:49.2948:4689,Contig:210:565.886:1794,Contig:90:56.3658:1467,Contig:178:51.2595:5p:1:5:549,Contig:151:136.136:1466,Contig:68:30.1742:1457,Contig:43:32.7456:1091,Contig:48:46.7201:8074,Contig:13:300.614:597,Contig:216:47.2153:4274,Contig:86:85.4191:6389,Contig:136:36.9978:3p:1:8:262,Contig:55:184.754:713,Contig:125:26.8369:3p:1:102:247,Contig:14:30.8095:31223,Contig:32:174.226:1680,Contig:136:36.9978:3p:1:13:303,Contig:108:35.4637:3p:1:5:489,Contig:28:55.5458:1170,Contig:157:57.4583:3p:1:3:206,Contig:114:64.8563:3p:1:8:105,Contig:179:76.864:5374,Contig:157:57.4583:793,Contig:45:197.424:954,Contig:132:268.118:1089,Contig:111:54.5961:4931,Contig:207:67.1883:1152,Contig:90:56.3658:5p:1:3:155,Contig:125:26.8369:3p:1:15:139,Contig:33:81.2677:5591,Contig:204:76.8712:41878,Contig:136:36.9978:3p:1:10:261,Contig:161:68.5411:9564,Contig:10:43.5889:2457,Contig:131:68.5403:2590,Contig:178:51.2595:5p:1:10:193,Contig:139:264.931:653,Contig:108:35.4637:3p:1:2:484,Contig:125:26.8369:3p:1:14:532,Contig:159:718.244:809,Contig:123:44.0973:587,Contig:188:543.698:552,Contig:93:85.7917:10481,Contig:171:62.2474:1930,Contig:183:57.759:8294,Contig:125:26.8369:3p:1:13:494,Contig:79:75.5968:4343,Contig:209:258.736:739,Contig:152:150.366:1324,Contig:50:537.415:853,Contig:78:316.833:684,Contig:125:26.8369:3p:1:142:209,Contig:164:53.0191:4427,Contig:77:284.925:3906,Contig:138:35.7228:3p:1:2:579,Contig:178:51.2595:5p:1:19:217,Contig:9:31.8507:24391,Contig:84:49.1724:1544	4	-0.2126441645801772	19.985270905	0.7597046664611318	PBF_P15	Contig:125:26.8369:2489,Contig:50:537.415:853,Contig:108:35.4637:3p:1:2:484,Contig:214:85.3975:7944,Contig:125:26.8369:3p:1:14:532,Contig:188:543.698:552	4	0.0	2.5430859999999997	0.9191027151723309	4	-0.2126441645801772	22.927988005	0.7597046664614027	Contig:40:66.7821:1803	0	True	0
efae-SAMN36766199	PBF_P1	Contig:136:36.9978:3p:1:14:116,Contig:178:51.2595:2346,Contig:138:35.7228:3p:1:15:551,Contig:223:33.0538:1192,Contig:65:75.7995:21078,Contig:88:30.8909:9110,Contig:102:88.6468:777,Contig:125:26.8369:3p:1:121:758,Contig:42:85.5519:3430,Contig:201:49.2948:4689,Contig:210:565.886:1794,Contig:90:56.3658:1467,Contig:178:51.2595:5p:1:5:549,Contig:151:136.136:1466,Contig:68:30.1742:1457,Contig:43:32.7456:1091,Contig:48:46.7201:8074,Contig:13:300.614:597,Contig:216:47.2153:4274,Contig:86:85.4191:6389,Contig:136:36.9978:3p:1:8:262,Contig:55:184.754:713,Contig:125:26.8369:3p:1:102:247,Contig:14:30.8095:31223,Contig:32:174.226:1680,Contig:136:36.9978:3p:1:13:303,Contig:108:35.4637:3p:1:5:489,Contig:28:55.5458:1170,Contig:157:57.4583:3p:1:3:206,Contig:114:64.8563:3p:1:8:105,Contig:179:76.864:5374,Contig:157:57.4583:793,Contig:45:197.424:954,Contig:132:268.118:1089,Contig:111:54.5961:4931,Contig:207:67.1883:1152,Contig:90:56.3658:5p:1:3:155,Contig:125:26.8369:3p:1:15:139,Contig:33:81.2677:5591,Contig:204:76.8712:41878,Contig:136:36.9978:3p:1:10:261,Contig:161:68.5411:9564,Contig:10:43.5889:2457,Contig:131:68.5403:2590,Contig:178:51.2595:5p:1:10:193,Contig:139:264.931:653,Contig:108:35.4637:3p:1:2:484,Contig:125:26.8369:3p:1:14:532,Contig:159:718.244:809,Contig:123:44.0973:587,Contig:188:543.698:552,Contig:93:85.7917:10481,Contig:171:62.2474:1930,Contig:183:57.759:8294,Contig:125:26.8369:3p:1:13:494,Contig:79:75.5968:4343,Contig:209:258.736:739,Contig:152:150.366:1324,Contig:50:537.415:853,Contig:78:316.833:684,Contig:125:26.8369:3p:1:142:209,Contig:164:53.0191:4427,Contig:77:284.925:3906,Contig:138:35.7228:3p:1:2:579,Contig:178:51.2595:5p:1:19:217,Contig:9:31.8507:24391,Contig:84:49.1724:1544	4	-0.2126441645801772	19.985270905	0.7597046664611318	PBF_P16	Contig:175:33.0843:28604,Contig:32:174.226:1680,Contig:50:537.415:853,Contig:214:85.3975:7944,Contig:188:543.698:552,Contig:179:76.864:5374	4	-0.0020251717045255413	2.34132866	0.8450448130547485	4	-0.22017534931307164	22.621089195	0.6509760315366293	Contig:115:35.0334:1728,Contig:119:26.7415:2022,Contig:144:96.241:1063	0	True	0
efae-SAMN36766199	PBF_P1	Contig:136:36.9978:3p:1:14:116,Contig:178:51.2595:2346,Contig:138:35.7228:3p:1:15:551,Contig:223:33.0538:1192,Contig:65:75.7995:21078,Contig:88:30.8909:9110,Contig:102:88.6468:777,Contig:125:26.8369:3p:1:121:758,Contig:42:85.5519:3430,Contig:201:49.2948:4689,Contig:210:565.886:1794,Contig:90:56.3658:1467,Contig:178:51.2595:5p:1:5:549,Contig:151:136.136:1466,Contig:68:30.1742:1457,Contig:43:32.7456:1091,Contig:48:46.7201:8074,Contig:13:300.614:597,Contig:216:47.2153:4274,Contig:86:85.4191:6389,Contig:136:36.9978:3p:1:8:262,Contig:55:184.754:713,Contig:125:26.8369:3p:1:102:247,Contig:14:30.8095:31223,Contig:32:174.226:1680,Contig:136:36.9978:3p:1:13:303,Contig:108:35.4637:3p:1:5:489,Contig:28:55.5458:1170,Contig:157:57.4583:3p:1:3:206,Contig:114:64.8563:3p:1:8:105,Contig:179:76.864:5374,Contig:157:57.4583:793,Contig:45:197.424:954,Contig:132:268.118:1089,Contig:111:54.5961:4931,Contig:207:67.1883:1152,Contig:90:56.3658:5p:1:3:155,Contig:125:26.8369:3p:1:15:139,Contig:33:81.2677:5591,Contig:204:76.8712:41878,Contig:136:36.9978:3p:1:10:261,Contig:161:68.5411:9564,Contig:10:43.5889:2457,Contig:131:68.5403:2590,Contig:178:51.2595:5p:1:10:193,Contig:139:264.931:653,Contig:108:35.4637:3p:1:2:484,Contig:125:26.8369:3p:1:14:532,Contig:159:718.244:809,Contig:123:44.0973:587,Contig:188:543.698:552,Contig:93:85.7917:10481,Contig:171:62.2474:1930,Contig:183:57.759:8294,Contig:125:26.8369:3p:1:13:494,Contig:79:75.5968:4343,Contig:209:258.736:739,Contig:152:150.366:1324,Contig:50:537.415:853,Contig:78:316.833:684,Contig:125:26.8369:3p:1:142:209,Contig:164:53.0191:4427,Contig:77:284.925:3906,Contig:138:35.7228:3p:1:2:579,Contig:178:51.2595:5p:1:19:217,Contig:9:31.8507:24391,Contig:84:49.1724:1544	4	-0.2126441645801772	19.985270905	0.7597046664611318	PBF_P17	Contig:136:36.9978:2675,Contig:125:26.8369:3p:1:102:247,Contig:78:316.833:684,Contig:125:26.8369:3p:1:14:532	4	-0.003082413705677939	1.82257958	1.6317844655488762	4	-0.21572657828585515	22.207481585	0.7597046664614027	Contig:40:66.7821:1803	0	True	0
efae-SAMN36766199	PBF_P1	Contig:136:36.9978:3p:1:14:116,Contig:178:51.2595:2346,Contig:138:35.7228:3p:1:15:551,Contig:223:33.0538:1192,Contig:65:75.7995:21078,Contig:88:30.8909:9110,Contig:102:88.6468:777,Contig:125:26.8369:3p:1:121:758,Contig:42:85.5519:3430,Contig:201:49.2948:4689,Contig:210:565.886:1794,Contig:90:56.3658:1467,Contig:178:51.2595:5p:1:5:549,Contig:151:136.136:1466,Contig:68:30.1742:1457,Contig:43:32.7456:1091,Contig:48:46.7201:8074,Contig:13:300.614:597,Contig:216:47.2153:4274,Contig:86:85.4191:6389,Contig:136:36.9978:3p:1:8:262,Contig:55:184.754:713,Contig:125:26.8369:3p:1:102:247,Contig:14:30.8095:31223,Contig:32:174.226:1680,Contig:136:36.9978:3p:1:13:303,Contig:108:35.4637:3p:1:5:489,Contig:28:55.5458:1170,Contig:157:57.4583:3p:1:3:206,Contig:114:64.8563:3p:1:8:105,Contig:179:76.864:5374,Contig:157:57.4583:793,Contig:45:197.424:954,Contig:132:268.118:1089,Contig:111:54.5961:4931,Contig:207:67.1883:1152,Contig:90:56.3658:5p:1:3:155,Contig:125:26.8369:3p:1:15:139,Contig:33:81.2677:5591,Contig:204:76.8712:41878,Contig:136:36.9978:3p:1:10:261,Contig:161:68.5411:9564,Contig:10:43.5889:2457,Contig:131:68.5403:2590,Contig:178:51.2595:5p:1:10:193,Contig:139:264.931:653,Contig:108:35.4637:3p:1:2:484,Contig:125:26.8369:3p:1:14:532,Contig:159:718.244:809,Contig:123:44.0973:587,Contig:188:543.698:552,Contig:93:85.7917:10481,Contig:171:62.2474:1930,Contig:183:57.759:8294,Contig:125:26.8369:3p:1:13:494,Contig:79:75.5968:4343,Contig:209:258.736:739,Contig:152:150.366:1324,Contig:50:537.415:853,Contig:78:316.833:684,Contig:125:26.8369:3p:1:142:209,Contig:164:53.0191:4427,Contig:77:284.925:3906,Contig:138:35.7228:3p:1:2:579,Contig:178:51.2595:5p:1:19:217,Contig:9:31.8507:24391,Contig:84:49.1724:1544	4	0	0	0	PBF_P18	Contig:50:537.415:853,Contig:108:35.4637:3p:1:2:484,Contig:188:543.698:552,Contig:183:57.759:8294	4	0	0	0	0	0	0	0	[]	0	1	1
efae-SAMN36766199	PBF_P1	Contig:136:36.9978:3p:1:14:116,Contig:178:51.2595:2346,Contig:138:35.7228:3p:1:15:551,Contig:223:33.0538:1192,Contig:65:75.7995:21078,Contig:88:30.8909:9110,Contig:102:88.6468:777,Contig:125:26.8369:3p:1:121:758,Contig:42:85.5519:3430,Contig:201:49.2948:4689,Contig:210:565.886:1794,Contig:90:56.3658:1467,Contig:178:51.2595:5p:1:5:549,Contig:151:136.136:1466,Contig:68:30.1742:1457,Contig:43:32.7456:1091,Contig:48:46.7201:8074,Contig:13:300.614:597,Contig:216:47.2153:4274,Contig:86:85.4191:6389,Contig:136:36.9978:3p:1:8:262,Contig:55:184.754:713,Contig:125:26.8369:3p:1:102:247,Contig:14:30.8095:31223,Contig:32:174.226:1680,Contig:136:36.9978:3p:1:13:303,Contig:108:35.4637:3p:1:5:489,Contig:28:55.5458:1170,Contig:157:57.4583:3p:1:3:206,Contig:114:64.8563:3p:1:8:105,Contig:179:76.864:5374,Contig:157:57.4583:793,Contig:45:197.424:954,Contig:132:268.118:1089,Contig:111:54.5961:4931,Contig:207:67.1883:1152,Contig:90:56.3658:5p:1:3:155,Contig:125:26.8369:3p:1:15:139,Contig:33:81.2677:5591,Contig:204:76.8712:41878,Contig:136:36.9978:3p:1:10:261,Contig:161:68.5411:9564,Contig:10:43.5889:2457,Contig:131:68.5403:2590,Contig:178:51.2595:5p:1:10:193,Contig:139:264.931:653,Contig:108:35.4637:3p:1:2:484,Contig:125:26.8369:3p:1:14:532,Contig:159:718.244:809,Contig:123:44.0973:587,Contig:188:543.698:552,Contig:93:85.7917:10481,Contig:171:62.2474:1930,Contig:183:57.759:8294,Contig:125:26.8369:3p:1:13:494,Contig:79:75.5968:4343,Contig:209:258.736:739,Contig:152:150.366:1324,Contig:50:537.415:853,Contig:78:316.833:684,Contig:125:26.8369:3p:1:142:209,Contig:164:53.0191:4427,Contig:77:284.925:3906,Contig:138:35.7228:3p:1:2:579,Contig:178:51.2595:5p:1:19:217,Contig:9:31.8507:24391,Contig:84:49.1724:1544	4	-0.2126441645801772	19.985270905	0.7597046664611318	PBF_P19	Contig:122:27.5939:3p:1:4:276,Contig:122:27.5939:3p:1:8:463,Contig:122:27.5939:4388,Contig:122:27.5939:3p:1:7:481	4	-0.006032033777871176	1.16563207	0.8904975935288741	4	-0.21867619835804838	21.479032025	0.7597046664614027	Contig:30:58.7434:1428	0	False	0
efae-SAMN36766199	PBF_P1	Contig:136:36.9978:3p:1:14:116,Contig:178:51.2595:2346,Contig:138:35.7228:3p:1:15:551,Contig:223:33.0538:1192,Contig:65:75.7995:21078,Contig:88:30.8909:9110,Contig:102:88.6468:777,Contig:125:26.8369:3p:1:121:758,Contig:42:85.5519:3430,Contig:201:49.2948:4689,Contig:210:565.886:1794,Contig:90:56.3658:1467,Contig:178:51.2595:5p:1:5:549,Contig:151:136.136:1466,Contig:68:30.1742:1457,Contig:43:32.7456:1091,Contig:48:46.7201:8074,Contig:13:300.614:597,Contig:216:47.2153:4274,Contig:86:85.4191:6389,Contig:136:36.9978:3p:1:8:262,Contig:55:184.754:713,Contig:125:26.8369:3p:1:102:247,Contig:14:30.8095:31223,Contig:32:174.226:1680,Contig:136:36.9978:3p:1:13:303,Contig:108:35.4637:3p:1:5:489,Contig:28:55.5458:1170,Contig:157:57.4583:3p:1:3:206,Contig:114:64.8563:3p:1:8:105,Contig:179:76.864:5374,Contig:157:57.4583:793,Contig:45:197.424:954,Contig:132:268.118:1089,Contig:111:54.5961:4931,Contig:207:67.1883:1152,Contig:90:56.3658:5p:1:3:155,Contig:125:26.8369:3p:1:15:139,Contig:33:81.2677:5591,Contig:204:76.8712:41878,Contig:136:36.9978:3p:1:10:261,Contig:161:68.5411:9564,Contig:10:43.5889:2457,Contig:131:68.5403:2590,Contig:178:51.2595:5p:1:10:193,Contig:139:264.931:653,Contig:108:35.4637:3p:1:2:484,Contig:125:26.8369:3p:1:14:532,Contig:159:718.244:809,Contig:123:44.0973:587,Contig:188:543.698:552,Contig:93:85.7917:10481,Contig:171:62.2474:1930,Contig:183:57.759:8294,Contig:125:26.8369:3p:1:13:494,Contig:79:75.5968:4343,Contig:209:258.736:739,Contig:152:150.366:1324,Contig:50:537.415:853,Contig:78:316.833:684,Contig:125:26.8369:3p:1:142:209,Contig:164:53.0191:4427,Contig:77:284.925:3906,Contig:138:35.7228:3p:1:2:579,Contig:178:51.2595:5p:1:19:217,Contig:9:31.8507:24391,Contig:84:49.1724:1544	4	-0.2126441645801772	19.985270905	0.7597046664611318	PBF_P20	Contig:136:36.9978:2675	4	0.0	0.41581272999999996	1.6317844655488762	4	-0.2126441645801772	20.401083635	0.7597046664614027		0	False	0
efae-SAMN36766199	PBF_P2	Contig:136:36.9978:3p:1:14:116,Contig:178:51.2595:2346,Contig:65:75.7995:21078,Contig:88:30.8909:9110,Contig:102:88.6468:777,Contig:125:26.8369:3p:1:121:758,Contig:201:49.2948:4689,Contig:210:565.886:1794,Contig:90:56.3658:1467,Contig:178:51.2595:5p:1:5:549,Contig:151:136.136:1466,Contig:157:57.4583:3p:1:4:206,Contig:68:30.1742:1457,Contig:43:32.7456:1091,Contig:48:46.7201:8074,Contig:13:300.614:597,Contig:216:47.2153:4274,Contig:86:85.4191:6389,Contig:136:36.9978:3p:1:8:262,Contig:125:26.8369:3p:1:102:247,Contig:32:174.226:1680,Contig:136:36.9978:3p:1:13:303,Contig:28:55.5458:1170,Contig:157:57.4583:3p:1:3:206,Contig:125:26.8369:3p:1:122:163,Contig:179:76.864:5374,Contig:157:57.4583:793,Contig:45:197.424:954,Contig:90:56.3658:5p:1:3:155,Contig:33:81.2677:5591,Contig:204:76.8712:41878,Contig:136:36.9978:3p:1:10:261,Contig:161:68.5411:9564,Contig:10:43.5889:2457,Contig:178:51.2595:5p:1:10:193,Contig:131:68.5403:2590,Contig:139:264.931:653,Contig:108:35.4637:3p:1:2:484,Contig:125:26.8369:3p:1:14:532,Contig:159:718.244:809,Contig:123:44.0973:587,Contig:188:543.698:552,Contig:93:85.7917:10481,Contig:183:57.759:8294,Contig:90:56.3658:5p:1:4:154,Contig:76:1010.18:1514,Contig:195:32.1861:36706,Contig:79:75.5968:4343,Contig:209:258.736:739,Contig:59:34.9402:1996,Contig:152:150.366:1324,Contig:50:537.415:853,Contig:78:316.833:684,Contig:125:26.8369:3p:1:142:209,Contig:164:53.0191:4427,Contig:77:284.925:3906,Contig:138:35.7228:3p:1:2:579,Contig:178:51.2595:5p:1:19:217,Contig:84:49.1724:1544	4	-0.17203990785580733	16.610393436000003	0.7597046664611318	PBF_P3	Contig:136:36.9978:3p:1:14:116,Contig:178:51.2595:2346,Contig:138:35.7228:3p:1:15:551,Contig:223:33.0538:1192,Contig:52:26.8434:2697,Contig:65:75.7995:21078,Contig:67:36.4104:6846,Contig:102:88.6468:777,Contig:125:26.8369:3p:1:121:758,Contig:201:49.2948:4689,Contig:210:565.886:1794,Contig:100:34.4641:3p:1:8:1226,Contig:90:56.3658:1467,Contig:151:136.136:1466,Contig:157:57.4583:3p:1:4:206,Contig:86:85.4191:6389,Contig:48:46.7201:8074,Contig:178:51.2595:5p:1:21:218,Contig:13:300.614:597,Contig:125:26.8369:3p:1:102:247,Contig:32:174.226:1680,Contig:136:36.9978:3p:1:13:303,Contig:108:35.4637:3p:1:5:489,Contig:28:55.5458:1170,Contig:157:57.4583:3p:1:3:206,Contig:179:76.864:5374,Contig:157:57.4583:793,Contig:45:197.424:954,Contig:117:96.5071:964,Contig:106:28.4304:5p:1:17:392,Contig:90:56.3658:5p:1:3:155,Contig:33:81.2677:5591,Contig:204:76.8712:41878,Contig:136:36.9978:3p:1:10:261,Contig:17:30.4511:1700,Contig:161:68.5411:9564,Contig:10:43.5889:2457,Contig:178:51.2595:5p:1:10:193,Contig:131:68.5403:2590,Contig:139:264.931:653,Contig:108:35.4637:3p:1:2:484,Contig:125:26.8369:3p:1:14:532,Contig:159:718.244:809,Contig:123:44.0973:587,Contig:188:543.698:552,Contig:93:85.7917:10481,Contig:183:57.759:8294,Contig:90:56.3658:5p:1:4:154,Contig:195:32.1861:36706,Contig:79:75.5968:4343,Contig:209:258.736:739,Contig:59:34.9402:1996,Contig:152:150.366:1324,Contig:50:537.415:853,Contig:78:316.833:684,Contig:164:53.0191:4427,Contig:76:1010.18:1514,Contig:77:284.925:3906,Contig:138:35.7228:3p:1:2:579,Contig:178:51.2595:5p:1:19:217,Contig:9:31.8507:24391,Contig:84:49.1724:1544	4	-0.11157611042044419	14.163594665000002	0.6441988761700118	4	-0.2909615621139241	32.034892231	0.6441988761707762	Contig:40:66.7821:1803,Contig:125:26.8369:3p:1:13:494,Contig:125:26.8369:3p:1:15:139	0	True	0
efae-SAMN36766199	PBF_P2	Contig:136:36.9978:3p:1:14:116,Contig:178:51.2595:2346,Contig:65:75.7995:21078,Contig:88:30.8909:9110,Contig:102:88.6468:777,Contig:125:26.8369:3p:1:121:758,Contig:201:49.2948:4689,Contig:210:565.886:1794,Contig:90:56.3658:1467,Contig:178:51.2595:5p:1:5:549,Contig:151:136.136:1466,Contig:157:57.4583:3p:1:4:206,Contig:68:30.1742:1457,Contig:43:32.7456:1091,Contig:48:46.7201:8074,Contig:13:300.614:597,Contig:216:47.2153:4274,Contig:86:85.4191:6389,Contig:136:36.9978:3p:1:8:262,Contig:125:26.8369:3p:1:102:247,Contig:32:174.226:1680,Contig:136:36.9978:3p:1:13:303,Contig:28:55.5458:1170,Contig:157:57.4583:3p:1:3:206,Contig:125:26.8369:3p:1:122:163,Contig:179:76.864:5374,Contig:157:57.4583:793,Contig:45:197.424:954,Contig:90:56.3658:5p:1:3:155,Contig:33:81.2677:5591,Contig:204:76.8712:41878,Contig:136:36.9978:3p:1:10:261,Contig:161:68.5411:9564,Contig:10:43.5889:2457,Contig:178:51.2595:5p:1:10:193,Contig:131:68.5403:2590,Contig:139:264.931:653,Contig:108:35.4637:3p:1:2:484,Contig:125:26.8369:3p:1:14:532,Contig:159:718.244:809,Contig:123:44.0973:587,Contig:188:543.698:552,Contig:93:85.7917:10481,Contig:183:57.759:8294,Contig:90:56.3658:5p:1:4:154,Contig:76:1010.18:1514,Contig:195:32.1861:36706,Contig:79:75.5968:4343,Contig:209:258.736:739,Contig:59:34.9402:1996,Contig:152:150.366:1324,Contig:50:537.415:853,Contig:78:316.833:684,Contig:125:26.8369:3p:1:142:209,Contig:164:53.0191:4427,Contig:77:284.925:3906,Contig:138:35.7228:3p:1:2:579,Contig:178:51.2595:5p:1:19:217,Contig:84:49.1724:1544	4	-0.17203990785580733	16.610393436000003	0.7597046664611318	PBF_P4	Contig:136:36.9978:3p:1:14:116,Contig:138:35.7228:3p:1:15:551,Contig:212:33.539:40749,Contig:65:75.7995:21078,Contig:67:36.4104:6846,Contig:102:88.6468:777,Contig:125:26.8369:3p:1:121:758,Contig:201:49.2948:4689,Contig:210:565.886:1794,Contig:100:34.4641:3p:1:8:1226,Contig:90:56.3658:1467,Contig:151:136.136:1466,Contig:86:85.4191:6389,Contig:48:46.7201:8074,Contig:13:300.614:597,Contig:125:26.8369:3p:1:102:247,Contig:32:174.226:1680,Contig:141:39.2662:3593,Contig:28:55.5458:1170,Contig:157:57.4583:3p:1:3:206,Contig:179:76.864:5374,Contig:157:57.4583:793,Contig:45:197.424:954,Contig:117:96.5071:964,Contig:106:28.4304:5p:1:17:392,Contig:90:56.3658:5p:1:3:155,Contig:33:81.2677:5591,Contig:204:76.8712:41878,Contig:136:36.9978:3p:1:10:261,Contig:17:30.4511:1700,Contig:161:68.5411:9564,Contig:10:43.5889:2457,Contig:178:51.2595:5p:1:10:193,Contig:131:68.5403:2590,Contig:108:35.4637:3p:1:2:484,Contig:159:718.244:809,Contig:123:44.0973:587,Contig:93:85.7917:10481,Contig:188:543.698:552,Contig:125:26.8369:3p:1:14:532,Contig:183:57.759:8294,Contig:79:75.5968:4343,Contig:59:34.9402:1996,Contig:152:150.366:1324,Contig:50:537.415:853,Contig:78:316.833:684,Contig:164:53.0191:4427,Contig:76:1010.18:1514,Contig:77:284.925:3906,Contig:138:35.7228:3p:1:2:579,Contig:178:51.2595:5p:1:19:217,Contig:84:49.1724:1544	4	-0.0489218826292932	13.563029152999999	0.6441988761700118	4	-0.22830733432277317	31.434326719	0.6441988761707762	Contig:40:66.7821:1803,Contig:125:26.8369:3p:1:13:494,Contig:125:26.8369:3p:1:15:139	0	True	0
efae-SAMN36766199	PBF_P2	Contig:136:36.9978:3p:1:14:116,Contig:178:51.2595:2346,Contig:65:75.7995:21078,Contig:88:30.8909:9110,Contig:102:88.6468:777,Contig:125:26.8369:3p:1:121:758,Contig:201:49.2948:4689,Contig:210:565.886:1794,Contig:90:56.3658:1467,Contig:178:51.2595:5p:1:5:549,Contig:151:136.136:1466,Contig:157:57.4583:3p:1:4:206,Contig:68:30.1742:1457,Contig:43:32.7456:1091,Contig:48:46.7201:8074,Contig:13:300.614:597,Contig:216:47.2153:4274,Contig:86:85.4191:6389,Contig:136:36.9978:3p:1:8:262,Contig:125:26.8369:3p:1:102:247,Contig:32:174.226:1680,Contig:136:36.9978:3p:1:13:303,Contig:28:55.5458:1170,Contig:157:57.4583:3p:1:3:206,Contig:125:26.8369:3p:1:122:163,Contig:179:76.864:5374,Contig:157:57.4583:793,Contig:45:197.424:954,Contig:90:56.3658:5p:1:3:155,Contig:33:81.2677:5591,Contig:204:76.8712:41878,Contig:136:36.9978:3p:1:10:261,Contig:161:68.5411:9564,Contig:10:43.5889:2457,Contig:178:51.2595:5p:1:10:193,Contig:131:68.5403:2590,Contig:139:264.931:653,Contig:108:35.4637:3p:1:2:484,Contig:125:26.8369:3p:1:14:532,Contig:159:718.244:809,Contig:123:44.0973:587,Contig:188:543.698:552,Contig:93:85.7917:10481,Contig:183:57.759:8294,Contig:90:56.3658:5p:1:4:154,Contig:76:1010.18:1514,Contig:195:32.1861:36706,Contig:79:75.5968:4343,Contig:209:258.736:739,Contig:59:34.9402:1996,Contig:152:150.366:1324,Contig:50:537.415:853,Contig:78:316.833:684,Contig:125:26.8369:3p:1:142:209,Contig:164:53.0191:4427,Contig:77:284.925:3906,Contig:138:35.7228:3p:1:2:579,Contig:178:51.2595:5p:1:19:217,Contig:84:49.1724:1544	4	-0.17203990785580733	16.610393436000003	0.7597046664611318	PBF_P5	Contig:3:449.536:Circ:4377	4	0.0	0.49995579999999995	11.236106765323669	0	0	0	0		1	False	0
efae-SAMN36766199	PBF_P2	Contig:136:36.9978:3p:1:14:116,Contig:178:51.2595:2346,Contig:65:75.7995:21078,Contig:88:30.8909:9110,Contig:102:88.6468:777,Contig:125:26.8369:3p:1:121:758,Contig:201:49.2948:4689,Contig:210:565.886:1794,Contig:90:56.3658:1467,Contig:178:51.2595:5p:1:5:549,Contig:151:136.136:1466,Contig:157:57.4583:3p:1:4:206,Contig:68:30.1742:1457,Contig:43:32.7456:1091,Contig:48:46.7201:8074,Contig:13:300.614:597,Contig:216:47.2153:4274,Contig:86:85.4191:6389,Contig:136:36.9978:3p:1:8:262,Contig:125:26.8369:3p:1:102:247,Contig:32:174.226:1680,Contig:136:36.9978:3p:1:13:303,Contig:28:55.5458:1170,Contig:157:57.4583:3p:1:3:206,Contig:125:26.8369:3p:1:122:163,Contig:179:76.864:5374,Contig:157:57.4583:793,Contig:45:197.424:954,Contig:90:56.3658:5p:1:3:155,Contig:33:81.2677:5591,Contig:204:76.8712:41878,Contig:136:36.9978:3p:1:10:261,Contig:161:68.5411:9564,Contig:10:43.5889:2457,Contig:178:51.2595:5p:1:10:193,Contig:131:68.5403:2590,Contig:139:264.931:653,Contig:108:35.4637:3p:1:2:484,Contig:125:26.8369:3p:1:14:532,Contig:159:718.244:809,Contig:123:44.0973:587,Contig:188:543.698:552,Contig:93:85.7917:10481,Contig:183:57.759:8294,Contig:90:56.3658:5p:1:4:154,Contig:76:1010.18:1514,Contig:195:32.1861:36706,Contig:79:75.5968:4343,Contig:209:258.736:739,Contig:59:34.9402:1996,Contig:152:150.366:1324,Contig:50:537.415:853,Contig:78:316.833:684,Contig:125:26.8369:3p:1:142:209,Contig:164:53.0191:4427,Contig:77:284.925:3906,Contig:138:35.7228:3p:1:2:579,Contig:178:51.2595:5p:1:19:217,Contig:84:49.1724:1544	4	-0.17203990785580733	16.610393436000003	0.7597046664611318	PBF_P6	Contig:136:36.9978:3p:1:14:116,Contig:178:51.2595:2346,Contig:186:30.3502:15740,Contig:138:35.7228:3p:1:15:551,Contig:65:75.7995:21078,Contig:67:36.4104:6846,Contig:102:88.6468:777,Contig:201:49.2948:4689,Contig:210:565.886:1794,Contig:100:34.4641:3p:1:8:1226,Contig:90:56.3658:1467,Contig:86:85.4191:6389,Contig:13:300.614:597,Contig:125:26.8369:3p:1:102:247,Contig:32:174.226:1680,Contig:141:39.2662:3593,Contig:157:57.4583:3p:1:3:206,Contig:179:76.864:5374,Contig:157:57.4583:793,Contig:45:197.424:954,Contig:117:96.5071:964,Contig:106:28.4304:5p:1:17:392,Contig:90:56.3658:5p:1:3:155,Contig:33:81.2677:5591,Contig:204:76.8712:41878,Contig:136:36.9978:3p:1:10:261,Contig:17:30.4511:1700,Contig:178:51.2595:5p:1:10:193,Contig:182:33.2808:16043,Contig:108:35.4637:3p:1:2:484,Contig:159:718.244:809,Contig:93:85.7917:10481,Contig:125:26.8369:3p:1:14:532,Contig:188:543.698:552,Contig:79:75.5968:4343,Contig:29:39.7161:5936,Contig:118:175.893:1493,Contig:60:31.8529:15921,Contig:152:150.366:1324,Contig:50:537.415:853,Contig:78:316.833:684,Contig:164:53.0191:4427,Contig:76:1010.18:1514,Contig:77:284.925:3906,Contig:138:35.7228:3p:1:2:579,Contig:178:51.2595:5p:1:19:217,Contig:84:49.1724:1544	4	-0.03598457563908625	9.823198822999998	0.6441988761700118	4	-0.21537002733256622	27.694496389	0.6441988761707762	Contig:40:66.7821:1803,Contig:125:26.8369:3p:1:13:494,Contig:125:26.8369:3p:1:15:139	0	True	0
efae-SAMN36766199	PBF_P2	Contig:136:36.9978:3p:1:14:116,Contig:178:51.2595:2346,Contig:65:75.7995:21078,Contig:88:30.8909:9110,Contig:102:88.6468:777,Contig:125:26.8369:3p:1:121:758,Contig:201:49.2948:4689,Contig:210:565.886:1794,Contig:90:56.3658:1467,Contig:178:51.2595:5p:1:5:549,Contig:151:136.136:1466,Contig:157:57.4583:3p:1:4:206,Contig:68:30.1742:1457,Contig:43:32.7456:1091,Contig:48:46.7201:8074,Contig:13:300.614:597,Contig:216:47.2153:4274,Contig:86:85.4191:6389,Contig:136:36.9978:3p:1:8:262,Contig:125:26.8369:3p:1:102:247,Contig:32:174.226:1680,Contig:136:36.9978:3p:1:13:303,Contig:28:55.5458:1170,Contig:157:57.4583:3p:1:3:206,Contig:125:26.8369:3p:1:122:163,Contig:179:76.864:5374,Contig:157:57.4583:793,Contig:45:197.424:954,Contig:90:56.3658:5p:1:3:155,Contig:33:81.2677:5591,Contig:204:76.8712:41878,Contig:136:36.9978:3p:1:10:261,Contig:161:68.5411:9564,Contig:10:43.5889:2457,Contig:178:51.2595:5p:1:10:193,Contig:131:68.5403:2590,Contig:139:264.931:653,Contig:108:35.4637:3p:1:2:484,Contig:125:26.8369:3p:1:14:532,Contig:159:718.244:809,Contig:123:44.0973:587,Contig:188:543.698:552,Contig:93:85.7917:10481,Contig:183:57.759:8294,Contig:90:56.3658:5p:1:4:154,Contig:76:1010.18:1514,Contig:195:32.1861:36706,Contig:79:75.5968:4343,Contig:209:258.736:739,Contig:59:34.9402:1996,Contig:152:150.366:1324,Contig:50:537.415:853,Contig:78:316.833:684,Contig:125:26.8369:3p:1:142:209,Contig:164:53.0191:4427,Contig:77:284.925:3906,Contig:138:35.7228:3p:1:2:579,Contig:178:51.2595:5p:1:19:217,Contig:84:49.1724:1544	4	-0.17203990785580733	16.610393436000003	0.7597046664611318	PBF_P7	Contig:136:36.9978:3p:1:14:116,Contig:138:35.7228:3p:1:15:551,Contig:223:33.0538:1192,Contig:212:33.539:40749,Contig:65:75.7995:21078,Contig:201:49.2948:4689,Contig:210:565.886:1794,Contig:100:34.4641:3p:1:6:541,Contig:86:85.4191:6389,Contig:13:300.614:597,Contig:125:26.8369:3p:1:102:247,Contig:32:174.226:1680,Contig:141:39.2662:3593,Contig:179:76.864:5374,Contig:117:96.5071:964,Contig:106:28.4304:5p:1:17:392,Contig:224:32.0904:16841,Contig:204:76.8712:41878,Contig:136:36.9978:3p:1:10:261,Contig:182:33.2808:16043,Contig:108:35.4637:3p:1:2:484,Contig:159:718.244:809,Contig:93:85.7917:10481,Contig:125:26.8369:3p:1:14:532,Contig:188:543.698:552,Contig:79:75.5968:4343,Contig:29:39.7161:5936,Contig:152:150.366:1324,Contig:50:537.415:853,Contig:78:316.833:684,Contig:164:53.0191:4427,Contig:76:1010.18:1514,Contig:77:284.925:3906,Contig:138:35.7228:3p:1:2:579	4	-0.03988536499737602	7.4633927259999995	0.7666303115735077	4	-0.219270816690856	25.334690292	0.7597046664614027	Contig:40:66.7821:1803,Contig:125:26.8369:3p:1:13:494,Contig:125:26.8369:3p:1:15:139	0	True	0
efae-SAMN36766199	PBF_P2	Contig:136:36.9978:3p:1:14:116,Contig:178:51.2595:2346,Contig:65:75.7995:21078,Contig:88:30.8909:9110,Contig:102:88.6468:777,Contig:125:26.8369:3p:1:121:758,Contig:201:49.2948:4689,Contig:210:565.886:1794,Contig:90:56.3658:1467,Contig:178:51.2595:5p:1:5:549,Contig:151:136.136:1466,Contig:157:57.4583:3p:1:4:206,Contig:68:30.1742:1457,Contig:43:32.7456:1091,Contig:48:46.7201:8074,Contig:13:300.614:597,Contig:216:47.2153:4274,Contig:86:85.4191:6389,Contig:136:36.9978:3p:1:8:262,Contig:125:26.8369:3p:1:102:247,Contig:32:174.226:1680,Contig:136:36.9978:3p:1:13:303,Contig:28:55.5458:1170,Contig:157:57.4583:3p:1:3:206,Contig:125:26.8369:3p:1:122:163,Contig:179:76.864:5374,Contig:157:57.4583:793,Contig:45:197.424:954,Contig:90:56.3658:5p:1:3:155,Contig:33:81.2677:5591,Contig:204:76.8712:41878,Contig:136:36.9978:3p:1:10:261,Contig:161:68.5411:9564,Contig:10:43.5889:2457,Contig:178:51.2595:5p:1:10:193,Contig:131:68.5403:2590,Contig:139:264.931:653,Contig:108:35.4637:3p:1:2:484,Contig:125:26.8369:3p:1:14:532,Contig:159:718.244:809,Contig:123:44.0973:587,Contig:188:543.698:552,Contig:93:85.7917:10481,Contig:183:57.759:8294,Contig:90:56.3658:5p:1:4:154,Contig:76:1010.18:1514,Contig:195:32.1861:36706,Contig:79:75.5968:4343,Contig:209:258.736:739,Contig:59:34.9402:1996,Contig:152:150.366:1324,Contig:50:537.415:853,Contig:78:316.833:684,Contig:125:26.8369:3p:1:142:209,Contig:164:53.0191:4427,Contig:77:284.925:3906,Contig:138:35.7228:3p:1:2:579,Contig:178:51.2595:5p:1:19:217,Contig:84:49.1724:1544	4	-0.17203990785580733	16.610393436000003	0.7597046664611318	PBF_P8	Contig:136:36.9978:3p:1:14:116,Contig:186:30.3502:15740,Contig:138:35.7228:3p:1:15:551,Contig:65:75.7995:21078,Contig:201:49.2948:4689,Contig:210:565.886:1794,Contig:100:34.4641:3p:1:6:541,Contig:86:85.4191:6389,Contig:13:300.614:597,Contig:125:26.8369:3p:1:102:247,Contig:32:174.226:1680,Contig:141:39.2662:3593,Contig:179:76.864:5374,Contig:117:96.5071:964,Contig:106:28.4304:5p:1:17:392,Contig:224:32.0904:16841,Contig:204:76.8712:41878,Contig:136:36.9978:3p:1:10:261,Contig:182:33.2808:16043,Contig:108:35.4637:3p:1:2:484,Contig:159:718.244:809,Contig:125:26.8369:3p:1:14:532,Contig:188:543.698:552,Contig:79:75.5968:4343,Contig:152:150.366:1324,Contig:50:537.415:853,Contig:78:316.833:684,Contig:76:1010.18:1514,Contig:77:284.925:3906,Contig:138:35.7228:3p:1:2:579	4	-0.011287362609982449	6.819526646	0.7826940283470984	4	-0.19067281430346242	24.690824212000003	0.7597046664614027	Contig:40:66.7821:1803,Contig:125:26.8369:3p:1:13:494,Contig:125:26.8369:3p:1:15:139	0	True	0
efae-SAMN36766199	PBF_P2	Contig:136:36.9978:3p:1:14:116,Contig:178:51.2595:2346,Contig:65:75.7995:21078,Contig:88:30.8909:9110,Contig:102:88.6468:777,Contig:125:26.8369:3p:1:121:758,Contig:201:49.2948:4689,Contig:210:565.886:1794,Contig:90:56.3658:1467,Contig:178:51.2595:5p:1:5:549,Contig:151:136.136:1466,Contig:157:57.4583:3p:1:4:206,Contig:68:30.1742:1457,Contig:43:32.7456:1091,Contig:48:46.7201:8074,Contig:13:300.614:597,Contig:216:47.2153:4274,Contig:86:85.4191:6389,Contig:136:36.9978:3p:1:8:262,Contig:125:26.8369:3p:1:102:247,Contig:32:174.226:1680,Contig:136:36.9978:3p:1:13:303,Contig:28:55.5458:1170,Contig:157:57.4583:3p:1:3:206,Contig:125:26.8369:3p:1:122:163,Contig:179:76.864:5374,Contig:157:57.4583:793,Contig:45:197.424:954,Contig:90:56.3658:5p:1:3:155,Contig:33:81.2677:5591,Contig:204:76.8712:41878,Contig:136:36.9978:3p:1:10:261,Contig:161:68.5411:9564,Contig:10:43.5889:2457,Contig:178:51.2595:5p:1:10:193,Contig:131:68.5403:2590,Contig:139:264.931:653,Contig:108:35.4637:3p:1:2:484,Contig:125:26.8369:3p:1:14:532,Contig:159:718.244:809,Contig:123:44.0973:587,Contig:188:543.698:552,Contig:93:85.7917:10481,Contig:183:57.759:8294,Contig:90:56.3658:5p:1:4:154,Contig:76:1010.18:1514,Contig:195:32.1861:36706,Contig:79:75.5968:4343,Contig:209:258.736:739,Contig:59:34.9402:1996,Contig:152:150.366:1324,Contig:50:537.415:853,Contig:78:316.833:684,Contig:125:26.8369:3p:1:142:209,Contig:164:53.0191:4427,Contig:77:284.925:3906,Contig:138:35.7228:3p:1:2:579,Contig:178:51.2595:5p:1:19:217,Contig:84:49.1724:1544	4	-0.17203990785580733	16.610393436000003	0.7597046664611318	PBF_P9	Contig:136:36.9978:3p:1:14:116,Contig:186:30.3502:15740,Contig:138:35.7228:3p:1:15:551,Contig:65:75.7995:21078,Contig:86:85.4191:6389,Contig:13:300.614:597,Contig:125:26.8369:3p:1:102:247,Contig:32:174.226:1680,Contig:141:39.2662:3593,Contig:179:76.864:5374,Contig:204:76.8712:41878,Contig:136:36.9978:3p:1:10:261,Contig:182:33.2808:16043,Contig:108:35.4637:3p:1:2:484,Contig:125:26.8369:3p:1:14:532,Contig:188:543.698:552,Contig:76:1010.18:1514,Contig:79:75.5968:4343,Contig:50:537.415:853,Contig:78:316.833:684,Contig:152:150.366:1324,Contig:138:35.7228:3p:1:2:579	4	-0.011287362609982449	5.988723532999998	0.7826940283470984	4	-0.19067281430346242	23.860021099	0.7597046664614027	Contig:40:66.7821:1803,Contig:125:26.8369:3p:1:13:494,Contig:125:26.8369:3p:1:15:139	0	True	0
efae-SAMN36766199	PBF_P2	Contig:136:36.9978:3p:1:14:116,Contig:178:51.2595:2346,Contig:65:75.7995:21078,Contig:88:30.8909:9110,Contig:102:88.6468:777,Contig:125:26.8369:3p:1:121:758,Contig:201:49.2948:4689,Contig:210:565.886:1794,Contig:90:56.3658:1467,Contig:178:51.2595:5p:1:5:549,Contig:151:136.136:1466,Contig:157:57.4583:3p:1:4:206,Contig:68:30.1742:1457,Contig:43:32.7456:1091,Contig:48:46.7201:8074,Contig:13:300.614:597,Contig:216:47.2153:4274,Contig:86:85.4191:6389,Contig:136:36.9978:3p:1:8:262,Contig:125:26.8369:3p:1:102:247,Contig:32:174.226:1680,Contig:136:36.9978:3p:1:13:303,Contig:28:55.5458:1170,Contig:157:57.4583:3p:1:3:206,Contig:125:26.8369:3p:1:122:163,Contig:179:76.864:5374,Contig:157:57.4583:793,Contig:45:197.424:954,Contig:90:56.3658:5p:1:3:155,Contig:33:81.2677:5591,Contig:204:76.8712:41878,Contig:136:36.9978:3p:1:10:261,Contig:161:68.5411:9564,Contig:10:43.5889:2457,Contig:178:51.2595:5p:1:10:193,Contig:131:68.5403:2590,Contig:139:264.931:653,Contig:108:35.4637:3p:1:2:484,Contig:125:26.8369:3p:1:14:532,Contig:159:718.244:809,Contig:123:44.0973:587,Contig:188:543.698:552,Contig:93:85.7917:10481,Contig:183:57.759:8294,Contig:90:56.3658:5p:1:4:154,Contig:76:1010.18:1514,Contig:195:32.1861:36706,Contig:79:75.5968:4343,Contig:209:258.736:739,Contig:59:34.9402:1996,Contig:152:150.366:1324,Contig:50:537.415:853,Contig:78:316.833:684,Contig:125:26.8369:3p:1:142:209,Contig:164:53.0191:4427,Contig:77:284.925:3906,Contig:138:35.7228:3p:1:2:579,Contig:178:51.2595:5p:1:19:217,Contig:84:49.1724:1544	4	-0.17203990785580733	16.610393436000003	0.7597046664611318	PBF_P10	Contig:136:36.9978:3p:1:14:116,Contig:186:30.3502:15740,Contig:65:75.7995:21078,Contig:86:85.4191:6389,Contig:125:26.8369:3p:1:102:247,Contig:32:174.226:1680,Contig:179:76.864:5374,Contig:204:76.8712:41878,Contig:193:37.1403:85323,Contig:136:36.9978:3p:1:10:261,Contig:108:35.4637:3p:1:2:484,Contig:125:26.8369:3p:1:14:532,Contig:188:543.698:552,Contig:79:75.5968:4343,Contig:152:150.366:1324,Contig:50:537.415:853,Contig:78:316.833:684,Contig:76:1010.18:1514	4	-0.011287362609982449	5.6365434527	0.7826940283470984	4	-0.19067281430346242	23.507841018700002	0.7597046664609639	Contig:40:66.7821:1803,Contig:125:26.8369:3p:1:13:494,Contig:125:26.8369:3p:1:15:139	0	True	0
efae-SAMN36766199	PBF_P2	Contig:136:36.9978:3p:1:14:116,Contig:178:51.2595:2346,Contig:65:75.7995:21078,Contig:88:30.8909:9110,Contig:102:88.6468:777,Contig:125:26.8369:3p:1:121:758,Contig:201:49.2948:4689,Contig:210:565.886:1794,Contig:90:56.3658:1467,Contig:178:51.2595:5p:1:5:549,Contig:151:136.136:1466,Contig:157:57.4583:3p:1:4:206,Contig:68:30.1742:1457,Contig:43:32.7456:1091,Contig:48:46.7201:8074,Contig:13:300.614:597,Contig:216:47.2153:4274,Contig:86:85.4191:6389,Contig:136:36.9978:3p:1:8:262,Contig:125:26.8369:3p:1:102:247,Contig:32:174.226:1680,Contig:136:36.9978:3p:1:13:303,Contig:28:55.5458:1170,Contig:157:57.4583:3p:1:3:206,Contig:125:26.8369:3p:1:122:163,Contig:179:76.864:5374,Contig:157:57.4583:793,Contig:45:197.424:954,Contig:90:56.3658:5p:1:3:155,Contig:33:81.2677:5591,Contig:204:76.8712:41878,Contig:136:36.9978:3p:1:10:261,Contig:161:68.5411:9564,Contig:10:43.5889:2457,Contig:178:51.2595:5p:1:10:193,Contig:131:68.5403:2590,Contig:139:264.931:653,Contig:108:35.4637:3p:1:2:484,Contig:125:26.8369:3p:1:14:532,Contig:159:718.244:809,Contig:123:44.0973:587,Contig:188:543.698:552,Contig:93:85.7917:10481,Contig:183:57.759:8294,Contig:90:56.3658:5p:1:4:154,Contig:76:1010.18:1514,Contig:195:32.1861:36706,Contig:79:75.5968:4343,Contig:209:258.736:739,Contig:59:34.9402:1996,Contig:152:150.366:1324,Contig:50:537.415:853,Contig:78:316.833:684,Contig:125:26.8369:3p:1:142:209,Contig:164:53.0191:4427,Contig:77:284.925:3906,Contig:138:35.7228:3p:1:2:579,Contig:178:51.2595:5p:1:19:217,Contig:84:49.1724:1544	4	-0.17203990785580733	16.610393436000003	0.7597046664611318	PBF_P11	Contig:136:36.9978:3p:1:14:116,Contig:65:75.7995:21078,Contig:136:36.9978:3p:1:10:261,Contig:125:26.8369:3p:1:102:247,Contig:50:537.415:853,Contig:108:35.4637:3p:1:2:484,Contig:214:85.3975:7944,Contig:78:316.833:684,Contig:125:26.8369:3p:1:14:532,Contig:188:543.698:552	4	-0.0065646715904890685	4.5243369499999995	1.97130530166717	4	-0.18595012328396904	22.395634516	0.7597046664614027	Contig:40:66.7821:1803,Contig:125:26.8369:3p:1:13:494,Contig:125:26.8369:3p:1:15:139	0	True	0
efae-SAMN36766199	PBF_P2	Contig:136:36.9978:3p:1:14:116,Contig:178:51.2595:2346,Contig:65:75.7995:21078,Contig:88:30.8909:9110,Contig:102:88.6468:777,Contig:125:26.8369:3p:1:121:758,Contig:201:49.2948:4689,Contig:210:565.886:1794,Contig:90:56.3658:1467,Contig:178:51.2595:5p:1:5:549,Contig:151:136.136:1466,Contig:157:57.4583:3p:1:4:206,Contig:68:30.1742:1457,Contig:43:32.7456:1091,Contig:48:46.7201:8074,Contig:13:300.614:597,Contig:216:47.2153:4274,Contig:86:85.4191:6389,Contig:136:36.9978:3p:1:8:262,Contig:125:26.8369:3p:1:102:247,Contig:32:174.226:1680,Contig:136:36.9978:3p:1:13:303,Contig:28:55.5458:1170,Contig:157:57.4583:3p:1:3:206,Contig:125:26.8369:3p:1:122:163,Contig:179:76.864:5374,Contig:157:57.4583:793,Contig:45:197.424:954,Contig:90:56.3658:5p:1:3:155,Contig:33:81.2677:5591,Contig:204:76.8712:41878,Contig:136:36.9978:3p:1:10:261,Contig:161:68.5411:9564,Contig:10:43.5889:2457,Contig:178:51.2595:5p:1:10:193,Contig:131:68.5403:2590,Contig:139:264.931:653,Contig:108:35.4637:3p:1:2:484,Contig:125:26.8369:3p:1:14:532,Contig:159:718.244:809,Contig:123:44.0973:587,Contig:188:543.698:552,Contig:93:85.7917:10481,Contig:183:57.759:8294,Contig:90:56.3658:5p:1:4:154,Contig:76:1010.18:1514,Contig:195:32.1861:36706,Contig:79:75.5968:4343,Contig:209:258.736:739,Contig:59:34.9402:1996,Contig:152:150.366:1324,Contig:50:537.415:853,Contig:78:316.833:684,Contig:125:26.8369:3p:1:142:209,Contig:164:53.0191:4427,Contig:77:284.925:3906,Contig:138:35.7228:3p:1:2:579,Contig:178:51.2595:5p:1:19:217,Contig:84:49.1724:1544	4	-0.17203990785580733	16.610393436000003	0.7597046664611318	PBF_P12	Contig:136:36.9978:3p:1:14:116,Contig:13:300.614:597,Contig:175:33.0843:28604,Contig:125:26.8369:3p:1:102:247,Contig:32:174.226:1680,Contig:136:36.9978:3p:1:13:303,Contig:179:76.864:5374,Contig:136:36.9978:3p:1:10:261,Contig:182:33.2808:16043,Contig:139:264.931:653,Contig:125:26.8369:3p:1:14:532,Contig:188:543.698:552,Contig:138:35.7228:23576,Contig:209:258.736:739,Contig:50:537.415:853,Contig:78:316.833:684,Contig:138:35.7228:3p:1:2:579	4	-0.024479675076039487	4.261916269999999	0.8054437508722315	4	-0.20386512676951946	22.133213836	0.7597046664614027	Contig:40:66.7821:1803,Contig:125:26.8369:3p:1:13:494,Contig:125:26.8369:3p:1:15:139	0	True	0
efae-SAMN36766199	PBF_P2	Contig:136:36.9978:3p:1:14:116,Contig:178:51.2595:2346,Contig:65:75.7995:21078,Contig:88:30.8909:9110,Contig:102:88.6468:777,Contig:125:26.8369:3p:1:121:758,Contig:201:49.2948:4689,Contig:210:565.886:1794,Contig:90:56.3658:1467,Contig:178:51.2595:5p:1:5:549,Contig:151:136.136:1466,Contig:157:57.4583:3p:1:4:206,Contig:68:30.1742:1457,Contig:43:32.7456:1091,Contig:48:46.7201:8074,Contig:13:300.614:597,Contig:216:47.2153:4274,Contig:86:85.4191:6389,Contig:136:36.9978:3p:1:8:262,Contig:125:26.8369:3p:1:102:247,Contig:32:174.226:1680,Contig:136:36.9978:3p:1:13:303,Contig:28:55.5458:1170,Contig:157:57.4583:3p:1:3:206,Contig:125:26.8369:3p:1:122:163,Contig:179:76.864:5374,Contig:157:57.4583:793,Contig:45:197.424:954,Contig:90:56.3658:5p:1:3:155,Contig:33:81.2677:5591,Contig:204:76.8712:41878,Contig:136:36.9978:3p:1:10:261,Contig:161:68.5411:9564,Contig:10:43.5889:2457,Contig:178:51.2595:5p:1:10:193,Contig:131:68.5403:2590,Contig:139:264.931:653,Contig:108:35.4637:3p:1:2:484,Contig:125:26.8369:3p:1:14:532,Contig:159:718.244:809,Contig:123:44.0973:587,Contig:188:543.698:552,Contig:93:85.7917:10481,Contig:183:57.759:8294,Contig:90:56.3658:5p:1:4:154,Contig:76:1010.18:1514,Contig:195:32.1861:36706,Contig:79:75.5968:4343,Contig:209:258.736:739,Contig:59:34.9402:1996,Contig:152:150.366:1324,Contig:50:537.415:853,Contig:78:316.833:684,Contig:125:26.8369:3p:1:142:209,Contig:164:53.0191:4427,Contig:77:284.925:3906,Contig:138:35.7228:3p:1:2:579,Contig:178:51.2595:5p:1:19:217,Contig:84:49.1724:1544	4	-0.17203990785580733	16.610393436000003	0.7597046664611318	PBF_P13	Contig:79:75.5968:4343,Contig:204:76.8712:41878,Contig:32:174.226:1680,Contig:50:537.415:853,Contig:214:85.3975:7944,Contig:152:150.366:1324,Contig:188:543.698:552,Contig:179:76.864:5374	4	-0.00472269101949338	3.62899702	1.938683353738387	4	-0.1767625988753007	20.694458556	0.7597046664614027	Contig:42:85.5519:3430	0	True	0
efae-SAMN36766199	PBF_P2	Contig:136:36.9978:3p:1:14:116,Contig:178:51.2595:2346,Contig:65:75.7995:21078,Contig:88:30.8909:9110,Contig:102:88.6468:777,Contig:125:26.8369:3p:1:121:758,Contig:201:49.2948:4689,Contig:210:565.886:1794,Contig:90:56.3658:1467,Contig:178:51.2595:5p:1:5:549,Contig:151:136.136:1466,Contig:157:57.4583:3p:1:4:206,Contig:68:30.1742:1457,Contig:43:32.7456:1091,Contig:48:46.7201:8074,Contig:13:300.614:597,Contig:216:47.2153:4274,Contig:86:85.4191:6389,Contig:136:36.9978:3p:1:8:262,Contig:125:26.8369:3p:1:102:247,Contig:32:174.226:1680,Contig:136:36.9978:3p:1:13:303,Contig:28:55.5458:1170,Contig:157:57.4583:3p:1:3:206,Contig:125:26.8369:3p:1:122:163,Contig:179:76.864:5374,Contig:157:57.4583:793,Contig:45:197.424:954,Contig:90:56.3658:5p:1:3:155,Contig:33:81.2677:5591,Contig:204:76.8712:41878,Contig:136:36.9978:3p:1:10:261,Contig:161:68.5411:9564,Contig:10:43.5889:2457,Contig:178:51.2595:5p:1:10:193,Contig:131:68.5403:2590,Contig:139:264.931:653,Contig:108:35.4637:3p:1:2:484,Contig:125:26.8369:3p:1:14:532,Contig:159:718.244:809,Contig:123:44.0973:587,Contig:188:543.698:552,Contig:93:85.7917:10481,Contig:183:57.759:8294,Contig:90:56.3658:5p:1:4:154,Contig:76:1010.18:1514,Contig:195:32.1861:36706,Contig:79:75.5968:4343,Contig:209:258.736:739,Contig:59:34.9402:1996,Contig:152:150.366:1324,Contig:50:537.415:853,Contig:78:316.833:684,Contig:125:26.8369:3p:1:142:209,Contig:164:53.0191:4427,Contig:77:284.925:3906,Contig:138:35.7228:3p:1:2:579,Contig:178:51.2595:5p:1:19:217,Contig:84:49.1724:1544	4	-0.17203990785580733	16.610393436000003	0.7597046664611318	PBF_P14	Contig:2:127.633:Circ:4461	4	0.0	0.4996321	3.081942113156582	0	0	0	0		1	False	0
efae-SAMN36766199	PBF_P2	Contig:136:36.9978:3p:1:14:116,Contig:178:51.2595:2346,Contig:65:75.7995:21078,Contig:88:30.8909:9110,Contig:102:88.6468:777,Contig:125:26.8369:3p:1:121:758,Contig:201:49.2948:4689,Contig:210:565.886:1794,Contig:90:56.3658:1467,Contig:178:51.2595:5p:1:5:549,Contig:151:136.136:1466,Contig:157:57.4583:3p:1:4:206,Contig:68:30.1742:1457,Contig:43:32.7456:1091,Contig:48:46.7201:8074,Contig:13:300.614:597,Contig:216:47.2153:4274,Contig:86:85.4191:6389,Contig:136:36.9978:3p:1:8:262,Contig:125:26.8369:3p:1:102:247,Contig:32:174.226:1680,Contig:136:36.9978:3p:1:13:303,Contig:28:55.5458:1170,Contig:157:57.4583:3p:1:3:206,Contig:125:26.8369:3p:1:122:163,Contig:179:76.864:5374,Contig:157:57.4583:793,Contig:45:197.424:954,Contig:90:56.3658:5p:1:3:155,Contig:33:81.2677:5591,Contig:204:76.8712:41878,Contig:136:36.9978:3p:1:10:261,Contig:161:68.5411:9564,Contig:10:43.5889:2457,Contig:178:51.2595:5p:1:10:193,Contig:131:68.5403:2590,Contig:139:264.931:653,Contig:108:35.4637:3p:1:2:484,Contig:125:26.8369:3p:1:14:532,Contig:159:718.244:809,Contig:123:44.0973:587,Contig:188:543.698:552,Contig:93:85.7917:10481,Contig:183:57.759:8294,Contig:90:56.3658:5p:1:4:154,Contig:76:1010.18:1514,Contig:195:32.1861:36706,Contig:79:75.5968:4343,Contig:209:258.736:739,Contig:59:34.9402:1996,Contig:152:150.366:1324,Contig:50:537.415:853,Contig:78:316.833:684,Contig:125:26.8369:3p:1:142:209,Contig:164:53.0191:4427,Contig:77:284.925:3906,Contig:138:35.7228:3p:1:2:579,Contig:178:51.2595:5p:1:19:217,Contig:84:49.1724:1544	4	-0.17203990785580733	16.610393436000003	0.7597046664611318	PBF_P15	Contig:125:26.8369:2489,Contig:50:537.415:853,Contig:108:35.4637:3p:1:2:484,Contig:214:85.3975:7944,Contig:125:26.8369:3p:1:14:532,Contig:188:543.698:552	4	0.0	2.5430859999999997	0.9191027151723309	4	-0.17938545169347997	20.414383566	0.7597046664614027	Contig:40:66.7821:1803,Contig:125:26.8369:3p:1:13:494,Contig:125:26.8369:3p:1:15:139	0	True	0
efae-SAMN36766199	PBF_P2	Contig:136:36.9978:3p:1:14:116,Contig:178:51.2595:2346,Contig:65:75.7995:21078,Contig:88:30.8909:9110,Contig:102:88.6468:777,Contig:125:26.8369:3p:1:121:758,Contig:201:49.2948:4689,Contig:210:565.886:1794,Contig:90:56.3658:1467,Contig:178:51.2595:5p:1:5:549,Contig:151:136.136:1466,Contig:157:57.4583:3p:1:4:206,Contig:68:30.1742:1457,Contig:43:32.7456:1091,Contig:48:46.7201:8074,Contig:13:300.614:597,Contig:216:47.2153:4274,Contig:86:85.4191:6389,Contig:136:36.9978:3p:1:8:262,Contig:125:26.8369:3p:1:102:247,Contig:32:174.226:1680,Contig:136:36.9978:3p:1:13:303,Contig:28:55.5458:1170,Contig:157:57.4583:3p:1:3:206,Contig:125:26.8369:3p:1:122:163,Contig:179:76.864:5374,Contig:157:57.4583:793,Contig:45:197.424:954,Contig:90:56.3658:5p:1:3:155,Contig:33:81.2677:5591,Contig:204:76.8712:41878,Contig:136:36.9978:3p:1:10:261,Contig:161:68.5411:9564,Contig:10:43.5889:2457,Contig:178:51.2595:5p:1:10:193,Contig:131:68.5403:2590,Contig:139:264.931:653,Contig:108:35.4637:3p:1:2:484,Contig:125:26.8369:3p:1:14:532,Contig:159:718.244:809,Contig:123:44.0973:587,Contig:188:543.698:552,Contig:93:85.7917:10481,Contig:183:57.759:8294,Contig:90:56.3658:5p:1:4:154,Contig:76:1010.18:1514,Contig:195:32.1861:36706,Contig:79:75.5968:4343,Contig:209:258.736:739,Contig:59:34.9402:1996,Contig:152:150.366:1324,Contig:50:537.415:853,Contig:78:316.833:684,Contig:125:26.8369:3p:1:142:209,Contig:164:53.0191:4427,Contig:77:284.925:3906,Contig:138:35.7228:3p:1:2:579,Contig:178:51.2595:5p:1:19:217,Contig:84:49.1724:1544	4	-0.17203990785580733	16.610393436000003	0.7597046664611318	PBF_P16	Contig:175:33.0843:28604,Contig:32:174.226:1680,Contig:50:537.415:853,Contig:214:85.3975:7944,Contig:188:543.698:552,Contig:179:76.864:5374	4	-0.0020251717045255413	2.34132866	0.8450448130547485	4	-0.17406507956033287	19.406790196000003	0.7597046664614027	Contig:42:85.5519:3430	0	True	0
efae-SAMN36766199	PBF_P2	Contig:136:36.9978:3p:1:14:116,Contig:178:51.2595:2346,Contig:65:75.7995:21078,Contig:88:30.8909:9110,Contig:102:88.6468:777,Contig:125:26.8369:3p:1:121:758,Contig:201:49.2948:4689,Contig:210:565.886:1794,Contig:90:56.3658:1467,Contig:178:51.2595:5p:1:5:549,Contig:151:136.136:1466,Contig:157:57.4583:3p:1:4:206,Contig:68:30.1742:1457,Contig:43:32.7456:1091,Contig:48:46.7201:8074,Contig:13:300.614:597,Contig:216:47.2153:4274,Contig:86:85.4191:6389,Contig:136:36.9978:3p:1:8:262,Contig:125:26.8369:3p:1:102:247,Contig:32:174.226:1680,Contig:136:36.9978:3p:1:13:303,Contig:28:55.5458:1170,Contig:157:57.4583:3p:1:3:206,Contig:125:26.8369:3p:1:122:163,Contig:179:76.864:5374,Contig:157:57.4583:793,Contig:45:197.424:954,Contig:90:56.3658:5p:1:3:155,Contig:33:81.2677:5591,Contig:204:76.8712:41878,Contig:136:36.9978:3p:1:10:261,Contig:161:68.5411:9564,Contig:10:43.5889:2457,Contig:178:51.2595:5p:1:10:193,Contig:131:68.5403:2590,Contig:139:264.931:653,Contig:108:35.4637:3p:1:2:484,Contig:125:26.8369:3p:1:14:532,Contig:159:718.244:809,Contig:123:44.0973:587,Contig:188:543.698:552,Contig:93:85.7917:10481,Contig:183:57.759:8294,Contig:90:56.3658:5p:1:4:154,Contig:76:1010.18:1514,Contig:195:32.1861:36706,Contig:79:75.5968:4343,Contig:209:258.736:739,Contig:59:34.9402:1996,Contig:152:150.366:1324,Contig:50:537.415:853,Contig:78:316.833:684,Contig:125:26.8369:3p:1:142:209,Contig:164:53.0191:4427,Contig:77:284.925:3906,Contig:138:35.7228:3p:1:2:579,Contig:178:51.2595:5p:1:19:217,Contig:84:49.1724:1544	4	-0.17203990785580733	16.610393436000003	0.7597046664611318	PBF_P17	Contig:136:36.9978:2675,Contig:125:26.8369:3p:1:102:247,Contig:78:316.833:684,Contig:125:26.8369:3p:1:14:532	4	-0.003082413705677939	1.82257958	1.6317844655488762	4	-0.1824678653991579	19.693877146000002	0.7597046664614027	Contig:40:66.7821:1803,Contig:125:26.8369:3p:1:13:494,Contig:125:26.8369:3p:1:15:139	0	True	0
efae-SAMN36766199	PBF_P2	Contig:136:36.9978:3p:1:14:116,Contig:178:51.2595:2346,Contig:65:75.7995:21078,Contig:88:30.8909:9110,Contig:102:88.6468:777,Contig:125:26.8369:3p:1:121:758,Contig:201:49.2948:4689,Contig:210:565.886:1794,Contig:90:56.3658:1467,Contig:178:51.2595:5p:1:5:549,Contig:151:136.136:1466,Contig:157:57.4583:3p:1:4:206,Contig:68:30.1742:1457,Contig:43:32.7456:1091,Contig:48:46.7201:8074,Contig:13:300.614:597,Contig:216:47.2153:4274,Contig:86:85.4191:6389,Contig:136:36.9978:3p:1:8:262,Contig:125:26.8369:3p:1:102:247,Contig:32:174.226:1680,Contig:136:36.9978:3p:1:13:303,Contig:28:55.5458:1170,Contig:157:57.4583:3p:1:3:206,Contig:125:26.8369:3p:1:122:163,Contig:179:76.864:5374,Contig:157:57.4583:793,Contig:45:197.424:954,Contig:90:56.3658:5p:1:3:155,Contig:33:81.2677:5591,Contig:204:76.8712:41878,Contig:136:36.9978:3p:1:10:261,Contig:161:68.5411:9564,Contig:10:43.5889:2457,Contig:178:51.2595:5p:1:10:193,Contig:131:68.5403:2590,Contig:139:264.931:653,Contig:108:35.4637:3p:1:2:484,Contig:125:26.8369:3p:1:14:532,Contig:159:718.244:809,Contig:123:44.0973:587,Contig:188:543.698:552,Contig:93:85.7917:10481,Contig:183:57.759:8294,Contig:90:56.3658:5p:1:4:154,Contig:76:1010.18:1514,Contig:195:32.1861:36706,Contig:79:75.5968:4343,Contig:209:258.736:739,Contig:59:34.9402:1996,Contig:152:150.366:1324,Contig:50:537.415:853,Contig:78:316.833:684,Contig:125:26.8369:3p:1:142:209,Contig:164:53.0191:4427,Contig:77:284.925:3906,Contig:138:35.7228:3p:1:2:579,Contig:178:51.2595:5p:1:19:217,Contig:84:49.1724:1544	4	0	0	0	PBF_P18	Contig:50:537.415:853,Contig:108:35.4637:3p:1:2:484,Contig:188:543.698:552,Contig:183:57.759:8294	4	0	0	0	0	0	0	0	[]	0	1	1
efae-SAMN36766199	PBF_P2	Contig:136:36.9978:3p:1:14:116,Contig:178:51.2595:2346,Contig:65:75.7995:21078,Contig:88:30.8909:9110,Contig:102:88.6468:777,Contig:125:26.8369:3p:1:121:758,Contig:201:49.2948:4689,Contig:210:565.886:1794,Contig:90:56.3658:1467,Contig:178:51.2595:5p:1:5:549,Contig:151:136.136:1466,Contig:157:57.4583:3p:1:4:206,Contig:68:30.1742:1457,Contig:43:32.7456:1091,Contig:48:46.7201:8074,Contig:13:300.614:597,Contig:216:47.2153:4274,Contig:86:85.4191:6389,Contig:136:36.9978:3p:1:8:262,Contig:125:26.8369:3p:1:102:247,Contig:32:174.226:1680,Contig:136:36.9978:3p:1:13:303,Contig:28:55.5458:1170,Contig:157:57.4583:3p:1:3:206,Contig:125:26.8369:3p:1:122:163,Contig:179:76.864:5374,Contig:157:57.4583:793,Contig:45:197.424:954,Contig:90:56.3658:5p:1:3:155,Contig:33:81.2677:5591,Contig:204:76.8712:41878,Contig:136:36.9978:3p:1:10:261,Contig:161:68.5411:9564,Contig:10:43.5889:2457,Contig:178:51.2595:5p:1:10:193,Contig:131:68.5403:2590,Contig:139:264.931:653,Contig:108:35.4637:3p:1:2:484,Contig:125:26.8369:3p:1:14:532,Contig:159:718.244:809,Contig:123:44.0973:587,Contig:188:543.698:552,Contig:93:85.7917:10481,Contig:183:57.759:8294,Contig:90:56.3658:5p:1:4:154,Contig:76:1010.18:1514,Contig:195:32.1861:36706,Contig:79:75.5968:4343,Contig:209:258.736:739,Contig:59:34.9402:1996,Contig:152:150.366:1324,Contig:50:537.415:853,Contig:78:316.833:684,Contig:125:26.8369:3p:1:142:209,Contig:164:53.0191:4427,Contig:77:284.925:3906,Contig:138:35.7228:3p:1:2:579,Contig:178:51.2595:5p:1:19:217,Contig:84:49.1724:1544	4	-0.17203990785580733	16.610393436000003	0.7597046664611318	PBF_P19	Contig:122:27.5939:3p:1:4:276,Contig:122:27.5939:3p:1:8:463,Contig:122:27.5939:4388,Contig:122:27.5939:3p:1:7:481	4	-0.006032033777871176	1.16563207	0.8904975935288741	4	-0.18541748547135115	18.687218772	0.7597046664614027	Contig:126:31.9997:11847,Contig:40:66.7821:1803,Contig:122:27.5939:3p:1:6:276,Contig:122:27.5939:3p:1:13:431,Contig:125:26.8369:3p:1:13:494,Contig:125:26.8369:3p:1:15:139,Contig:125:26.8369:3p:1:109:752	0	False	0
efae-SAMN36766199	PBF_P2	Contig:136:36.9978:3p:1:14:116,Contig:178:51.2595:2346,Contig:65:75.7995:21078,Contig:88:30.8909:9110,Contig:102:88.6468:777,Contig:125:26.8369:3p:1:121:758,Contig:201:49.2948:4689,Contig:210:565.886:1794,Contig:90:56.3658:1467,Contig:178:51.2595:5p:1:5:549,Contig:151:136.136:1466,Contig:157:57.4583:3p:1:4:206,Contig:68:30.1742:1457,Contig:43:32.7456:1091,Contig:48:46.7201:8074,Contig:13:300.614:597,Contig:216:47.2153:4274,Contig:86:85.4191:6389,Contig:136:36.9978:3p:1:8:262,Contig:125:26.8369:3p:1:102:247,Contig:32:174.226:1680,Contig:136:36.9978:3p:1:13:303,Contig:28:55.5458:1170,Contig:157:57.4583:3p:1:3:206,Contig:125:26.8369:3p:1:122:163,Contig:179:76.864:5374,Contig:157:57.4583:793,Contig:45:197.424:954,Contig:90:56.3658:5p:1:3:155,Contig:33:81.2677:5591,Contig:204:76.8712:41878,Contig:136:36.9978:3p:1:10:261,Contig:161:68.5411:9564,Contig:10:43.5889:2457,Contig:178:51.2595:5p:1:10:193,Contig:131:68.5403:2590,Contig:139:264.931:653,Contig:108:35.4637:3p:1:2:484,Contig:125:26.8369:3p:1:14:532,Contig:159:718.244:809,Contig:123:44.0973:587,Contig:188:543.698:552,Contig:93:85.7917:10481,Contig:183:57.759:8294,Contig:90:56.3658:5p:1:4:154,Contig:76:1010.18:1514,Contig:195:32.1861:36706,Contig:79:75.5968:4343,Contig:209:258.736:739,Contig:59:34.9402:1996,Contig:152:150.366:1324,Contig:50:537.415:853,Contig:78:316.833:684,Contig:125:26.8369:3p:1:142:209,Contig:164:53.0191:4427,Contig:77:284.925:3906,Contig:138:35.7228:3p:1:2:579,Contig:178:51.2595:5p:1:19:217,Contig:84:49.1724:1544	4	-0.17203990785580733	16.610393436000003	0.7597046664611318	PBF_P20	Contig:136:36.9978:2675	4	0.0	0.41581272999999996	1.6317844655488762	4	-0.17203990785580733	17.026206166	0.7597046664614027		0	False	0
efae-SAMN36766199	PBF_P3	Contig:136:36.9978:3p:1:14:116,Contig:178:51.2595:2346,Contig:138:35.7228:3p:1:15:551,Contig:223:33.0538:1192,Contig:52:26.8434:2697,Contig:65:75.7995:21078,Contig:67:36.4104:6846,Contig:102:88.6468:777,Contig:125:26.8369:3p:1:121:758,Contig:201:49.2948:4689,Contig:210:565.886:1794,Contig:100:34.4641:3p:1:8:1226,Contig:90:56.3658:1467,Contig:151:136.136:1466,Contig:157:57.4583:3p:1:4:206,Contig:86:85.4191:6389,Contig:48:46.7201:8074,Contig:178:51.2595:5p:1:21:218,Contig:13:300.614:597,Contig:125:26.8369:3p:1:102:247,Contig:32:174.226:1680,Contig:136:36.9978:3p:1:13:303,Contig:108:35.4637:3p:1:5:489,Contig:28:55.5458:1170,Contig:157:57.4583:3p:1:3:206,Contig:179:76.864:5374,Contig:157:57.4583:793,Contig:45:197.424:954,Contig:117:96.5071:964,Contig:106:28.4304:5p:1:17:392,Contig:90:56.3658:5p:1:3:155,Contig:33:81.2677:5591,Contig:204:76.8712:41878,Contig:136:36.9978:3p:1:10:261,Contig:17:30.4511:1700,Contig:161:68.5411:9564,Contig:10:43.5889:2457,Contig:178:51.2595:5p:1:10:193,Contig:131:68.5403:2590,Contig:139:264.931:653,Contig:108:35.4637:3p:1:2:484,Contig:125:26.8369:3p:1:14:532,Contig:159:718.244:809,Contig:123:44.0973:587,Contig:188:543.698:552,Contig:93:85.7917:10481,Contig:183:57.759:8294,Contig:90:56.3658:5p:1:4:154,Contig:195:32.1861:36706,Contig:79:75.5968:4343,Contig:209:258.736:739,Contig:59:34.9402:1996,Contig:152:150.366:1324,Contig:50:537.415:853,Contig:78:316.833:684,Contig:164:53.0191:4427,Contig:76:1010.18:1514,Contig:77:284.925:3906,Contig:138:35.7228:3p:1:2:579,Contig:178:51.2595:5p:1:19:217,Contig:9:31.8507:24391,Contig:84:49.1724:1544	4	-0.11157611042044419	14.163594665000002	0.6441988761700118	PBF_P4	Contig:136:36.9978:3p:1:14:116,Contig:138:35.7228:3p:1:15:551,Contig:212:33.539:40749,Contig:65:75.7995:21078,Contig:67:36.4104:6846,Contig:102:88.6468:777,Contig:125:26.8369:3p:1:121:758,Contig:201:49.2948:4689,Contig:210:565.886:1794,Contig:100:34.4641:3p:1:8:1226,Contig:90:56.3658:1467,Contig:151:136.136:1466,Contig:86:85.4191:6389,Contig:48:46.7201:8074,Contig:13:300.614:597,Contig:125:26.8369:3p:1:102:247,Contig:32:174.226:1680,Contig:141:39.2662:3593,Contig:28:55.5458:1170,Contig:157:57.4583:3p:1:3:206,Contig:179:76.864:5374,Contig:157:57.4583:793,Contig:45:197.424:954,Contig:117:96.5071:964,Contig:106:28.4304:5p:1:17:392,Contig:90:56.3658:5p:1:3:155,Contig:33:81.2677:5591,Contig:204:76.8712:41878,Contig:136:36.9978:3p:1:10:261,Contig:17:30.4511:1700,Contig:161:68.5411:9564,Contig:10:43.5889:2457,Contig:178:51.2595:5p:1:10:193,Contig:131:68.5403:2590,Contig:108:35.4637:3p:1:2:484,Contig:159:718.244:809,Contig:123:44.0973:587,Contig:93:85.7917:10481,Contig:188:543.698:552,Contig:125:26.8369:3p:1:14:532,Contig:183:57.759:8294,Contig:79:75.5968:4343,Contig:59:34.9402:1996,Contig:152:150.366:1324,Contig:50:537.415:853,Contig:78:316.833:684,Contig:164:53.0191:4427,Contig:76:1010.18:1514,Contig:77:284.925:3906,Contig:138:35.7228:3p:1:2:579,Contig:178:51.2595:5p:1:19:217,Contig:84:49.1724:1544	4	-0.0489218826292932	13.563029152999999	0.6441988761700118	4	-0.16784353688741002	28.987527948	0.6441988761707762	Contig:40:66.7821:1803,Contig:125:26.8369:3p:1:13:494,Contig:125:26.8369:3p:1:15:139	0	True	0
efae-SAMN36766199	PBF_P3	Contig:136:36.9978:3p:1:14:116,Contig:178:51.2595:2346,Contig:138:35.7228:3p:1:15:551,Contig:223:33.0538:1192,Contig:52:26.8434:2697,Contig:65:75.7995:21078,Contig:67:36.4104:6846,Contig:102:88.6468:777,Contig:125:26.8369:3p:1:121:758,Contig:201:49.2948:4689,Contig:210:565.886:1794,Contig:100:34.4641:3p:1:8:1226,Contig:90:56.3658:1467,Contig:151:136.136:1466,Contig:157:57.4583:3p:1:4:206,Contig:86:85.4191:6389,Contig:48:46.7201:8074,Contig:178:51.2595:5p:1:21:218,Contig:13:300.614:597,Contig:125:26.8369:3p:1:102:247,Contig:32:174.226:1680,Contig:136:36.9978:3p:1:13:303,Contig:108:35.4637:3p:1:5:489,Contig:28:55.5458:1170,Contig:157:57.4583:3p:1:3:206,Contig:179:76.864:5374,Contig:157:57.4583:793,Contig:45:197.424:954,Contig:117:96.5071:964,Contig:106:28.4304:5p:1:17:392,Contig:90:56.3658:5p:1:3:155,Contig:33:81.2677:5591,Contig:204:76.8712:41878,Contig:136:36.9978:3p:1:10:261,Contig:17:30.4511:1700,Contig:161:68.5411:9564,Contig:10:43.5889:2457,Contig:178:51.2595:5p:1:10:193,Contig:131:68.5403:2590,Contig:139:264.931:653,Contig:108:35.4637:3p:1:2:484,Contig:125:26.8369:3p:1:14:532,Contig:159:718.244:809,Contig:123:44.0973:587,Contig:188:543.698:552,Contig:93:85.7917:10481,Contig:183:57.759:8294,Contig:90:56.3658:5p:1:4:154,Contig:195:32.1861:36706,Contig:79:75.5968:4343,Contig:209:258.736:739,Contig:59:34.9402:1996,Contig:152:150.366:1324,Contig:50:537.415:853,Contig:78:316.833:684,Contig:164:53.0191:4427,Contig:76:1010.18:1514,Contig:77:284.925:3906,Contig:138:35.7228:3p:1:2:579,Contig:178:51.2595:5p:1:19:217,Contig:9:31.8507:24391,Contig:84:49.1724:1544	4	-0.11157611042044419	14.163594665000002	0.6441988761700118	PBF_P5	Contig:3:449.536:Circ:4377	4	0.0	0.49995579999999995	11.236106765323669	0	0	0	0		1	False	0
efae-SAMN36766199	PBF_P3	Contig:136:36.9978:3p:1:14:116,Contig:178:51.2595:2346,Contig:138:35.7228:3p:1:15:551,Contig:223:33.0538:1192,Contig:52:26.8434:2697,Contig:65:75.7995:21078,Contig:67:36.4104:6846,Contig:102:88.6468:777,Contig:125:26.8369:3p:1:121:758,Contig:201:49.2948:4689,Contig:210:565.886:1794,Contig:100:34.4641:3p:1:8:1226,Contig:90:56.3658:1467,Contig:151:136.136:1466,Contig:157:57.4583:3p:1:4:206,Contig:86:85.4191:6389,Contig:48:46.7201:8074,Contig:178:51.2595:5p:1:21:218,Contig:13:300.614:597,Contig:125:26.8369:3p:1:102:247,Contig:32:174.226:1680,Contig:136:36.9978:3p:1:13:303,Contig:108:35.4637:3p:1:5:489,Contig:28:55.5458:1170,Contig:157:57.4583:3p:1:3:206,Contig:179:76.864:5374,Contig:157:57.4583:793,Contig:45:197.424:954,Contig:117:96.5071:964,Contig:106:28.4304:5p:1:17:392,Contig:90:56.3658:5p:1:3:155,Contig:33:81.2677:5591,Contig:204:76.8712:41878,Contig:136:36.9978:3p:1:10:261,Contig:17:30.4511:1700,Contig:161:68.5411:9564,Contig:10:43.5889:2457,Contig:178:51.2595:5p:1:10:193,Contig:131:68.5403:2590,Contig:139:264.931:653,Contig:108:35.4637:3p:1:2:484,Contig:125:26.8369:3p:1:14:532,Contig:159:718.244:809,Contig:123:44.0973:587,Contig:188:543.698:552,Contig:93:85.7917:10481,Contig:183:57.759:8294,Contig:90:56.3658:5p:1:4:154,Contig:195:32.1861:36706,Contig:79:75.5968:4343,Contig:209:258.736:739,Contig:59:34.9402:1996,Contig:152:150.366:1324,Contig:50:537.415:853,Contig:78:316.833:684,Contig:164:53.0191:4427,Contig:76:1010.18:1514,Contig:77:284.925:3906,Contig:138:35.7228:3p:1:2:579,Contig:178:51.2595:5p:1:19:217,Contig:9:31.8507:24391,Contig:84:49.1724:1544	4	-0.11157611042044419	14.163594665000002	0.6441988761700118	PBF_P6	Contig:136:36.9978:3p:1:14:116,Contig:178:51.2595:2346,Contig:186:30.3502:15740,Contig:138:35.7228:3p:1:15:551,Contig:65:75.7995:21078,Contig:67:36.4104:6846,Contig:102:88.6468:777,Contig:201:49.2948:4689,Contig:210:565.886:1794,Contig:100:34.4641:3p:1:8:1226,Contig:90:56.3658:1467,Contig:86:85.4191:6389,Contig:13:300.614:597,Contig:125:26.8369:3p:1:102:247,Contig:32:174.226:1680,Contig:141:39.2662:3593,Contig:157:57.4583:3p:1:3:206,Contig:179:76.864:5374,Contig:157:57.4583:793,Contig:45:197.424:954,Contig:117:96.5071:964,Contig:106:28.4304:5p:1:17:392,Contig:90:56.3658:5p:1:3:155,Contig:33:81.2677:5591,Contig:204:76.8712:41878,Contig:136:36.9978:3p:1:10:261,Contig:17:30.4511:1700,Contig:178:51.2595:5p:1:10:193,Contig:182:33.2808:16043,Contig:108:35.4637:3p:1:2:484,Contig:159:718.244:809,Contig:93:85.7917:10481,Contig:125:26.8369:3p:1:14:532,Contig:188:543.698:552,Contig:79:75.5968:4343,Contig:29:39.7161:5936,Contig:118:175.893:1493,Contig:60:31.8529:15921,Contig:152:150.366:1324,Contig:50:537.415:853,Contig:78:316.833:684,Contig:164:53.0191:4427,Contig:76:1010.18:1514,Contig:77:284.925:3906,Contig:138:35.7228:3p:1:2:579,Contig:178:51.2595:5p:1:19:217,Contig:84:49.1724:1544	4	-0.03598457563908625	9.823198822999998	0.6441988761700118	4	-0.15490622989720307	25.247697618	0.6441988761707762	Contig:40:66.7821:1803,Contig:125:26.8369:3p:1:13:494,Contig:125:26.8369:3p:1:15:139	0	True	0
efae-SAMN36766199	PBF_P3	Contig:136:36.9978:3p:1:14:116,Contig:178:51.2595:2346,Contig:138:35.7228:3p:1:15:551,Contig:223:33.0538:1192,Contig:52:26.8434:2697,Contig:65:75.7995:21078,Contig:67:36.4104:6846,Contig:102:88.6468:777,Contig:125:26.8369:3p:1:121:758,Contig:201:49.2948:4689,Contig:210:565.886:1794,Contig:100:34.4641:3p:1:8:1226,Contig:90:56.3658:1467,Contig:151:136.136:1466,Contig:157:57.4583:3p:1:4:206,Contig:86:85.4191:6389,Contig:48:46.7201:8074,Contig:178:51.2595:5p:1:21:218,Contig:13:300.614:597,Contig:125:26.8369:3p:1:102:247,Contig:32:174.226:1680,Contig:136:36.9978:3p:1:13:303,Contig:108:35.4637:3p:1:5:489,Contig:28:55.5458:1170,Contig:157:57.4583:3p:1:3:206,Contig:179:76.864:5374,Contig:157:57.4583:793,Contig:45:197.424:954,Contig:117:96.5071:964,Contig:106:28.4304:5p:1:17:392,Contig:90:56.3658:5p:1:3:155,Contig:33:81.2677:5591,Contig:204:76.8712:41878,Contig:136:36.9978:3p:1:10:261,Contig:17:30.4511:1700,Contig:161:68.5411:9564,Contig:10:43.5889:2457,Contig:178:51.2595:5p:1:10:193,Contig:131:68.5403:2590,Contig:139:264.931:653,Contig:108:35.4637:3p:1:2:484,Contig:125:26.8369:3p:1:14:532,Contig:159:718.244:809,Contig:123:44.0973:587,Contig:188:543.698:552,Contig:93:85.7917:10481,Contig:183:57.759:8294,Contig:90:56.3658:5p:1:4:154,Contig:195:32.1861:36706,Contig:79:75.5968:4343,Contig:209:258.736:739,Contig:59:34.9402:1996,Contig:152:150.366:1324,Contig:50:537.415:853,Contig:78:316.833:684,Contig:164:53.0191:4427,Contig:76:1010.18:1514,Contig:77:284.925:3906,Contig:138:35.7228:3p:1:2:579,Contig:178:51.2595:5p:1:19:217,Contig:9:31.8507:24391,Contig:84:49.1724:1544	4	-0.11157611042044419	14.163594665000002	0.6441988761700118	PBF_P7	Contig:136:36.9978:3p:1:14:116,Contig:138:35.7228:3p:1:15:551,Contig:223:33.0538:1192,Contig:212:33.539:40749,Contig:65:75.7995:21078,Contig:201:49.2948:4689,Contig:210:565.886:1794,Contig:100:34.4641:3p:1:6:541,Contig:86:85.4191:6389,Contig:13:300.614:597,Contig:125:26.8369:3p:1:102:247,Contig:32:174.226:1680,Contig:141:39.2662:3593,Contig:179:76.864:5374,Contig:117:96.5071:964,Contig:106:28.4304:5p:1:17:392,Contig:224:32.0904:16841,Contig:204:76.8712:41878,Contig:136:36.9978:3p:1:10:261,Contig:182:33.2808:16043,Contig:108:35.4637:3p:1:2:484,Contig:159:718.244:809,Contig:93:85.7917:10481,Contig:125:26.8369:3p:1:14:532,Contig:188:543.698:552,Contig:79:75.5968:4343,Contig:29:39.7161:5936,Contig:152:150.366:1324,Contig:50:537.415:853,Contig:78:316.833:684,Contig:164:53.0191:4427,Contig:76:1010.18:1514,Contig:77:284.925:3906,Contig:138:35.7228:3p:1:2:579	4	-0.03988536499737602	7.4633927259999995	0.7666303115735077	4	-0.15880701925549284	22.887891521	0.6441988761707762	Contig:40:66.7821:1803,Contig:125:26.8369:3p:1:13:494,Contig:125:26.8369:3p:1:15:139	0	True	0
efae-SAMN36766199	PBF_P3	Contig:136:36.9978:3p:1:14:116,Contig:178:51.2595:2346,Contig:138:35.7228:3p:1:15:551,Contig:223:33.0538:1192,Contig:52:26.8434:2697,Contig:65:75.7995:21078,Contig:67:36.4104:6846,Contig:102:88.6468:777,Contig:125:26.8369:3p:1:121:758,Contig:201:49.2948:4689,Contig:210:565.886:1794,Contig:100:34.4641:3p:1:8:1226,Contig:90:56.3658:1467,Contig:151:136.136:1466,Contig:157:57.4583:3p:1:4:206,Contig:86:85.4191:6389,Contig:48:46.7201:8074,Contig:178:51.2595:5p:1:21:218,Contig:13:300.614:597,Contig:125:26.8369:3p:1:102:247,Contig:32:174.226:1680,Contig:136:36.9978:3p:1:13:303,Contig:108:35.4637:3p:1:5:489,Contig:28:55.5458:1170,Contig:157:57.4583:3p:1:3:206,Contig:179:76.864:5374,Contig:157:57.4583:793,Contig:45:197.424:954,Contig:117:96.5071:964,Contig:106:28.4304:5p:1:17:392,Contig:90:56.3658:5p:1:3:155,Contig:33:81.2677:5591,Contig:204:76.8712:41878,Contig:136:36.9978:3p:1:10:261,Contig:17:30.4511:1700,Contig:161:68.5411:9564,Contig:10:43.5889:2457,Contig:178:51.2595:5p:1:10:193,Contig:131:68.5403:2590,Contig:139:264.931:653,Contig:108:35.4637:3p:1:2:484,Contig:125:26.8369:3p:1:14:532,Contig:159:718.244:809,Contig:123:44.0973:587,Contig:188:543.698:552,Contig:93:85.7917:10481,Contig:183:57.759:8294,Contig:90:56.3658:5p:1:4:154,Contig:195:32.1861:36706,Contig:79:75.5968:4343,Contig:209:258.736:739,Contig:59:34.9402:1996,Contig:152:150.366:1324,Contig:50:537.415:853,Contig:78:316.833:684,Contig:164:53.0191:4427,Contig:76:1010.18:1514,Contig:77:284.925:3906,Contig:138:35.7228:3p:1:2:579,Contig:178:51.2595:5p:1:19:217,Contig:9:31.8507:24391,Contig:84:49.1724:1544	4	-0.11157611042044419	14.163594665000002	0.6441988761700118	PBF_P8	Contig:136:36.9978:3p:1:14:116,Contig:186:30.3502:15740,Contig:138:35.7228:3p:1:15:551,Contig:65:75.7995:21078,Contig:201:49.2948:4689,Contig:210:565.886:1794,Contig:100:34.4641:3p:1:6:541,Contig:86:85.4191:6389,Contig:13:300.614:597,Contig:125:26.8369:3p:1:102:247,Contig:32:174.226:1680,Contig:141:39.2662:3593,Contig:179:76.864:5374,Contig:117:96.5071:964,Contig:106:28.4304:5p:1:17:392,Contig:224:32.0904:16841,Contig:204:76.8712:41878,Contig:136:36.9978:3p:1:10:261,Contig:182:33.2808:16043,Contig:108:35.4637:3p:1:2:484,Contig:159:718.244:809,Contig:125:26.8369:3p:1:14:532,Contig:188:543.698:552,Contig:79:75.5968:4343,Contig:152:150.366:1324,Contig:50:537.415:853,Contig:78:316.833:684,Contig:76:1010.18:1514,Contig:77:284.925:3906,Contig:138:35.7228:3p:1:2:579	4	-0.011287362609982449	6.819526646	0.7826940283470984	4	-0.13020901686809927	22.244025441	0.644198876170776	Contig:40:66.7821:1803,Contig:125:26.8369:3p:1:13:494,Contig:125:26.8369:3p:1:15:139	0	True	0
efae-SAMN36766199	PBF_P3	Contig:136:36.9978:3p:1:14:116,Contig:178:51.2595:2346,Contig:138:35.7228:3p:1:15:551,Contig:223:33.0538:1192,Contig:52:26.8434:2697,Contig:65:75.7995:21078,Contig:67:36.4104:6846,Contig:102:88.6468:777,Contig:125:26.8369:3p:1:121:758,Contig:201:49.2948:4689,Contig:210:565.886:1794,Contig:100:34.4641:3p:1:8:1226,Contig:90:56.3658:1467,Contig:151:136.136:1466,Contig:157:57.4583:3p:1:4:206,Contig:86:85.4191:6389,Contig:48:46.7201:8074,Contig:178:51.2595:5p:1:21:218,Contig:13:300.614:597,Contig:125:26.8369:3p:1:102:247,Contig:32:174.226:1680,Contig:136:36.9978:3p:1:13:303,Contig:108:35.4637:3p:1:5:489,Contig:28:55.5458:1170,Contig:157:57.4583:3p:1:3:206,Contig:179:76.864:5374,Contig:157:57.4583:793,Contig:45:197.424:954,Contig:117:96.5071:964,Contig:106:28.4304:5p:1:17:392,Contig:90:56.3658:5p:1:3:155,Contig:33:81.2677:5591,Contig:204:76.8712:41878,Contig:136:36.9978:3p:1:10:261,Contig:17:30.4511:1700,Contig:161:68.5411:9564,Contig:10:43.5889:2457,Contig:178:51.2595:5p:1:10:193,Contig:131:68.5403:2590,Contig:139:264.931:653,Contig:108:35.4637:3p:1:2:484,Contig:125:26.8369:3p:1:14:532,Contig:159:718.244:809,Contig:123:44.0973:587,Contig:188:543.698:552,Contig:93:85.7917:10481,Contig:183:57.759:8294,Contig:90:56.3658:5p:1:4:154,Contig:195:32.1861:36706,Contig:79:75.5968:4343,Contig:209:258.736:739,Contig:59:34.9402:1996,Contig:152:150.366:1324,Contig:50:537.415:853,Contig:78:316.833:684,Contig:164:53.0191:4427,Contig:76:1010.18:1514,Contig:77:284.925:3906,Contig:138:35.7228:3p:1:2:579,Contig:178:51.2595:5p:1:19:217,Contig:9:31.8507:24391,Contig:84:49.1724:1544	4	-0.11157611042044419	14.163594665000002	0.6441988761700118	PBF_P9	Contig:136:36.9978:3p:1:14:116,Contig:186:30.3502:15740,Contig:138:35.7228:3p:1:15:551,Contig:65:75.7995:21078,Contig:86:85.4191:6389,Contig:13:300.614:597,Contig:125:26.8369:3p:1:102:247,Contig:32:174.226:1680,Contig:141:39.2662:3593,Contig:179:76.864:5374,Contig:204:76.8712:41878,Contig:136:36.9978:3p:1:10:261,Contig:182:33.2808:16043,Contig:108:35.4637:3p:1:2:484,Contig:125:26.8369:3p:1:14:532,Contig:188:543.698:552,Contig:76:1010.18:1514,Contig:79:75.5968:4343,Contig:50:537.415:853,Contig:78:316.833:684,Contig:152:150.366:1324,Contig:138:35.7228:3p:1:2:579	4	-0.011287362609982449	5.988723532999998	0.7826940283470984	4	-0.13020901686809927	21.413222328	0.6441988761707762	Contig:40:66.7821:1803,Contig:125:26.8369:3p:1:13:494,Contig:125:26.8369:3p:1:15:139	0	True	0
efae-SAMN36766199	PBF_P3	Contig:136:36.9978:3p:1:14:116,Contig:178:51.2595:2346,Contig:138:35.7228:3p:1:15:551,Contig:223:33.0538:1192,Contig:52:26.8434:2697,Contig:65:75.7995:21078,Contig:67:36.4104:6846,Contig:102:88.6468:777,Contig:125:26.8369:3p:1:121:758,Contig:201:49.2948:4689,Contig:210:565.886:1794,Contig:100:34.4641:3p:1:8:1226,Contig:90:56.3658:1467,Contig:151:136.136:1466,Contig:157:57.4583:3p:1:4:206,Contig:86:85.4191:6389,Contig:48:46.7201:8074,Contig:178:51.2595:5p:1:21:218,Contig:13:300.614:597,Contig:125:26.8369:3p:1:102:247,Contig:32:174.226:1680,Contig:136:36.9978:3p:1:13:303,Contig:108:35.4637:3p:1:5:489,Contig:28:55.5458:1170,Contig:157:57.4583:3p:1:3:206,Contig:179:76.864:5374,Contig:157:57.4583:793,Contig:45:197.424:954,Contig:117:96.5071:964,Contig:106:28.4304:5p:1:17:392,Contig:90:56.3658:5p:1:3:155,Contig:33:81.2677:5591,Contig:204:76.8712:41878,Contig:136:36.9978:3p:1:10:261,Contig:17:30.4511:1700,Contig:161:68.5411:9564,Contig:10:43.5889:2457,Contig:178:51.2595:5p:1:10:193,Contig:131:68.5403:2590,Contig:139:264.931:653,Contig:108:35.4637:3p:1:2:484,Contig:125:26.8369:3p:1:14:532,Contig:159:718.244:809,Contig:123:44.0973:587,Contig:188:543.698:552,Contig:93:85.7917:10481,Contig:183:57.759:8294,Contig:90:56.3658:5p:1:4:154,Contig:195:32.1861:36706,Contig:79:75.5968:4343,Contig:209:258.736:739,Contig:59:34.9402:1996,Contig:152:150.366:1324,Contig:50:537.415:853,Contig:78:316.833:684,Contig:164:53.0191:4427,Contig:76:1010.18:1514,Contig:77:284.925:3906,Contig:138:35.7228:3p:1:2:579,Contig:178:51.2595:5p:1:19:217,Contig:9:31.8507:24391,Contig:84:49.1724:1544	4	-0.11157611042044419	14.163594665000002	0.6441988761700118	PBF_P10	Contig:136:36.9978:3p:1:14:116,Contig:186:30.3502:15740,Contig:65:75.7995:21078,Contig:86:85.4191:6389,Contig:125:26.8369:3p:1:102:247,Contig:32:174.226:1680,Contig:179:76.864:5374,Contig:204:76.8712:41878,Contig:193:37.1403:85323,Contig:136:36.9978:3p:1:10:261,Contig:108:35.4637:3p:1:2:484,Contig:125:26.8369:3p:1:14:532,Contig:188:543.698:552,Contig:79:75.5968:4343,Contig:152:150.366:1324,Contig:50:537.415:853,Contig:78:316.833:684,Contig:76:1010.18:1514	4	-0.011287362609982449	5.6365434527	0.7826940283470984	4	-0.13020901686809927	21.0610422477	0.6441988761707762	Contig:40:66.7821:1803,Contig:125:26.8369:3p:1:13:494,Contig:125:26.8369:3p:1:15:139	0	True	0
efae-SAMN36766199	PBF_P3	Contig:136:36.9978:3p:1:14:116,Contig:178:51.2595:2346,Contig:138:35.7228:3p:1:15:551,Contig:223:33.0538:1192,Contig:52:26.8434:2697,Contig:65:75.7995:21078,Contig:67:36.4104:6846,Contig:102:88.6468:777,Contig:125:26.8369:3p:1:121:758,Contig:201:49.2948:4689,Contig:210:565.886:1794,Contig:100:34.4641:3p:1:8:1226,Contig:90:56.3658:1467,Contig:151:136.136:1466,Contig:157:57.4583:3p:1:4:206,Contig:86:85.4191:6389,Contig:48:46.7201:8074,Contig:178:51.2595:5p:1:21:218,Contig:13:300.614:597,Contig:125:26.8369:3p:1:102:247,Contig:32:174.226:1680,Contig:136:36.9978:3p:1:13:303,Contig:108:35.4637:3p:1:5:489,Contig:28:55.5458:1170,Contig:157:57.4583:3p:1:3:206,Contig:179:76.864:5374,Contig:157:57.4583:793,Contig:45:197.424:954,Contig:117:96.5071:964,Contig:106:28.4304:5p:1:17:392,Contig:90:56.3658:5p:1:3:155,Contig:33:81.2677:5591,Contig:204:76.8712:41878,Contig:136:36.9978:3p:1:10:261,Contig:17:30.4511:1700,Contig:161:68.5411:9564,Contig:10:43.5889:2457,Contig:178:51.2595:5p:1:10:193,Contig:131:68.5403:2590,Contig:139:264.931:653,Contig:108:35.4637:3p:1:2:484,Contig:125:26.8369:3p:1:14:532,Contig:159:718.244:809,Contig:123:44.0973:587,Contig:188:543.698:552,Contig:93:85.7917:10481,Contig:183:57.759:8294,Contig:90:56.3658:5p:1:4:154,Contig:195:32.1861:36706,Contig:79:75.5968:4343,Contig:209:258.736:739,Contig:59:34.9402:1996,Contig:152:150.366:1324,Contig:50:537.415:853,Contig:78:316.833:684,Contig:164:53.0191:4427,Contig:76:1010.18:1514,Contig:77:284.925:3906,Contig:138:35.7228:3p:1:2:579,Contig:178:51.2595:5p:1:19:217,Contig:9:31.8507:24391,Contig:84:49.1724:1544	4	-0.11157611042044419	14.163594665000002	0.6441988761700118	PBF_P11	Contig:136:36.9978:3p:1:14:116,Contig:65:75.7995:21078,Contig:136:36.9978:3p:1:10:261,Contig:125:26.8369:3p:1:102:247,Contig:50:537.415:853,Contig:108:35.4637:3p:1:2:484,Contig:214:85.3975:7944,Contig:78:316.833:684,Contig:125:26.8369:3p:1:14:532,Contig:188:543.698:552	4	-0.0065646715904890685	4.5243369499999995	1.97130530166717	4	-0.1254863258486059	19.948835745	0.6441988761707762	Contig:40:66.7821:1803,Contig:125:26.8369:3p:1:13:494,Contig:125:26.8369:3p:1:15:139	0	True	0
efae-SAMN36766199	PBF_P3	Contig:136:36.9978:3p:1:14:116,Contig:178:51.2595:2346,Contig:138:35.7228:3p:1:15:551,Contig:223:33.0538:1192,Contig:52:26.8434:2697,Contig:65:75.7995:21078,Contig:67:36.4104:6846,Contig:102:88.6468:777,Contig:125:26.8369:3p:1:121:758,Contig:201:49.2948:4689,Contig:210:565.886:1794,Contig:100:34.4641:3p:1:8:1226,Contig:90:56.3658:1467,Contig:151:136.136:1466,Contig:157:57.4583:3p:1:4:206,Contig:86:85.4191:6389,Contig:48:46.7201:8074,Contig:178:51.2595:5p:1:21:218,Contig:13:300.614:597,Contig:125:26.8369:3p:1:102:247,Contig:32:174.226:1680,Contig:136:36.9978:3p:1:13:303,Contig:108:35.4637:3p:1:5:489,Contig:28:55.5458:1170,Contig:157:57.4583:3p:1:3:206,Contig:179:76.864:5374,Contig:157:57.4583:793,Contig:45:197.424:954,Contig:117:96.5071:964,Contig:106:28.4304:5p:1:17:392,Contig:90:56.3658:5p:1:3:155,Contig:33:81.2677:5591,Contig:204:76.8712:41878,Contig:136:36.9978:3p:1:10:261,Contig:17:30.4511:1700,Contig:161:68.5411:9564,Contig:10:43.5889:2457,Contig:178:51.2595:5p:1:10:193,Contig:131:68.5403:2590,Contig:139:264.931:653,Contig:108:35.4637:3p:1:2:484,Contig:125:26.8369:3p:1:14:532,Contig:159:718.244:809,Contig:123:44.0973:587,Contig:188:543.698:552,Contig:93:85.7917:10481,Contig:183:57.759:8294,Contig:90:56.3658:5p:1:4:154,Contig:195:32.1861:36706,Contig:79:75.5968:4343,Contig:209:258.736:739,Contig:59:34.9402:1996,Contig:152:150.366:1324,Contig:50:537.415:853,Contig:78:316.833:684,Contig:164:53.0191:4427,Contig:76:1010.18:1514,Contig:77:284.925:3906,Contig:138:35.7228:3p:1:2:579,Contig:178:51.2595:5p:1:19:217,Contig:9:31.8507:24391,Contig:84:49.1724:1544	4	-0.11157611042044419	14.163594665000002	0.6441988761700118	PBF_P12	Contig:136:36.9978:3p:1:14:116,Contig:13:300.614:597,Contig:175:33.0843:28604,Contig:125:26.8369:3p:1:102:247,Contig:32:174.226:1680,Contig:136:36.9978:3p:1:13:303,Contig:179:76.864:5374,Contig:136:36.9978:3p:1:10:261,Contig:182:33.2808:16043,Contig:139:264.931:653,Contig:125:26.8369:3p:1:14:532,Contig:188:543.698:552,Contig:138:35.7228:23576,Contig:209:258.736:739,Contig:50:537.415:853,Contig:78:316.833:684,Contig:138:35.7228:3p:1:2:579	4	-0.024479675076039487	4.261916269999999	0.8054437508722315	4	-0.1434013293341563	19.686415065	0.6441988761707762	Contig:40:66.7821:1803,Contig:125:26.8369:3p:1:13:494,Contig:125:26.8369:3p:1:15:139	0	True	0
efae-SAMN36766199	PBF_P3	Contig:136:36.9978:3p:1:14:116,Contig:178:51.2595:2346,Contig:138:35.7228:3p:1:15:551,Contig:223:33.0538:1192,Contig:52:26.8434:2697,Contig:65:75.7995:21078,Contig:67:36.4104:6846,Contig:102:88.6468:777,Contig:125:26.8369:3p:1:121:758,Contig:201:49.2948:4689,Contig:210:565.886:1794,Contig:100:34.4641:3p:1:8:1226,Contig:90:56.3658:1467,Contig:151:136.136:1466,Contig:157:57.4583:3p:1:4:206,Contig:86:85.4191:6389,Contig:48:46.7201:8074,Contig:178:51.2595:5p:1:21:218,Contig:13:300.614:597,Contig:125:26.8369:3p:1:102:247,Contig:32:174.226:1680,Contig:136:36.9978:3p:1:13:303,Contig:108:35.4637:3p:1:5:489,Contig:28:55.5458:1170,Contig:157:57.4583:3p:1:3:206,Contig:179:76.864:5374,Contig:157:57.4583:793,Contig:45:197.424:954,Contig:117:96.5071:964,Contig:106:28.4304:5p:1:17:392,Contig:90:56.3658:5p:1:3:155,Contig:33:81.2677:5591,Contig:204:76.8712:41878,Contig:136:36.9978:3p:1:10:261,Contig:17:30.4511:1700,Contig:161:68.5411:9564,Contig:10:43.5889:2457,Contig:178:51.2595:5p:1:10:193,Contig:131:68.5403:2590,Contig:139:264.931:653,Contig:108:35.4637:3p:1:2:484,Contig:125:26.8369:3p:1:14:532,Contig:159:718.244:809,Contig:123:44.0973:587,Contig:188:543.698:552,Contig:93:85.7917:10481,Contig:183:57.759:8294,Contig:90:56.3658:5p:1:4:154,Contig:195:32.1861:36706,Contig:79:75.5968:4343,Contig:209:258.736:739,Contig:59:34.9402:1996,Contig:152:150.366:1324,Contig:50:537.415:853,Contig:78:316.833:684,Contig:164:53.0191:4427,Contig:76:1010.18:1514,Contig:77:284.925:3906,Contig:138:35.7228:3p:1:2:579,Contig:178:51.2595:5p:1:19:217,Contig:9:31.8507:24391,Contig:84:49.1724:1544	4	-0.11157611042044419	14.163594665000002	0.6441988761700118	PBF_P13	Contig:79:75.5968:4343,Contig:204:76.8712:41878,Contig:32:174.226:1680,Contig:50:537.415:853,Contig:214:85.3975:7944,Contig:152:150.366:1324,Contig:188:543.698:552,Contig:179:76.864:5374	4	-0.00472269101949338	3.62899702	1.938683353738387	4	-0.11629880143993757	18.247659785000003	0.6441988761707762	Contig:42:85.5519:3430	0	True	0
efae-SAMN36766199	PBF_P3	Contig:136:36.9978:3p:1:14:116,Contig:178:51.2595:2346,Contig:138:35.7228:3p:1:15:551,Contig:223:33.0538:1192,Contig:52:26.8434:2697,Contig:65:75.7995:21078,Contig:67:36.4104:6846,Contig:102:88.6468:777,Contig:125:26.8369:3p:1:121:758,Contig:201:49.2948:4689,Contig:210:565.886:1794,Contig:100:34.4641:3p:1:8:1226,Contig:90:56.3658:1467,Contig:151:136.136:1466,Contig:157:57.4583:3p:1:4:206,Contig:86:85.4191:6389,Contig:48:46.7201:8074,Contig:178:51.2595:5p:1:21:218,Contig:13:300.614:597,Contig:125:26.8369:3p:1:102:247,Contig:32:174.226:1680,Contig:136:36.9978:3p:1:13:303,Contig:108:35.4637:3p:1:5:489,Contig:28:55.5458:1170,Contig:157:57.4583:3p:1:3:206,Contig:179:76.864:5374,Contig:157:57.4583:793,Contig:45:197.424:954,Contig:117:96.5071:964,Contig:106:28.4304:5p:1:17:392,Contig:90:56.3658:5p:1:3:155,Contig:33:81.2677:5591,Contig:204:76.8712:41878,Contig:136:36.9978:3p:1:10:261,Contig:17:30.4511:1700,Contig:161:68.5411:9564,Contig:10:43.5889:2457,Contig:178:51.2595:5p:1:10:193,Contig:131:68.5403:2590,Contig:139:264.931:653,Contig:108:35.4637:3p:1:2:484,Contig:125:26.8369:3p:1:14:532,Contig:159:718.244:809,Contig:123:44.0973:587,Contig:188:543.698:552,Contig:93:85.7917:10481,Contig:183:57.759:8294,Contig:90:56.3658:5p:1:4:154,Contig:195:32.1861:36706,Contig:79:75.5968:4343,Contig:209:258.736:739,Contig:59:34.9402:1996,Contig:152:150.366:1324,Contig:50:537.415:853,Contig:78:316.833:684,Contig:164:53.0191:4427,Contig:76:1010.18:1514,Contig:77:284.925:3906,Contig:138:35.7228:3p:1:2:579,Contig:178:51.2595:5p:1:19:217,Contig:9:31.8507:24391,Contig:84:49.1724:1544	4	-0.11157611042044419	14.163594665000002	0.6441988761700118	PBF_P14	Contig:2:127.633:Circ:4461	4	0.0	0.4996321	3.081942113156582	0	0	0	0		1	False	0
efae-SAMN36766199	PBF_P3	Contig:136:36.9978:3p:1:14:116,Contig:178:51.2595:2346,Contig:138:35.7228:3p:1:15:551,Contig:223:33.0538:1192,Contig:52:26.8434:2697,Contig:65:75.7995:21078,Contig:67:36.4104:6846,Contig:102:88.6468:777,Contig:125:26.8369:3p:1:121:758,Contig:201:49.2948:4689,Contig:210:565.886:1794,Contig:100:34.4641:3p:1:8:1226,Contig:90:56.3658:1467,Contig:151:136.136:1466,Contig:157:57.4583:3p:1:4:206,Contig:86:85.4191:6389,Contig:48:46.7201:8074,Contig:178:51.2595:5p:1:21:218,Contig:13:300.614:597,Contig:125:26.8369:3p:1:102:247,Contig:32:174.226:1680,Contig:136:36.9978:3p:1:13:303,Contig:108:35.4637:3p:1:5:489,Contig:28:55.5458:1170,Contig:157:57.4583:3p:1:3:206,Contig:179:76.864:5374,Contig:157:57.4583:793,Contig:45:197.424:954,Contig:117:96.5071:964,Contig:106:28.4304:5p:1:17:392,Contig:90:56.3658:5p:1:3:155,Contig:33:81.2677:5591,Contig:204:76.8712:41878,Contig:136:36.9978:3p:1:10:261,Contig:17:30.4511:1700,Contig:161:68.5411:9564,Contig:10:43.5889:2457,Contig:178:51.2595:5p:1:10:193,Contig:131:68.5403:2590,Contig:139:264.931:653,Contig:108:35.4637:3p:1:2:484,Contig:125:26.8369:3p:1:14:532,Contig:159:718.244:809,Contig:123:44.0973:587,Contig:188:543.698:552,Contig:93:85.7917:10481,Contig:183:57.759:8294,Contig:90:56.3658:5p:1:4:154,Contig:195:32.1861:36706,Contig:79:75.5968:4343,Contig:209:258.736:739,Contig:59:34.9402:1996,Contig:152:150.366:1324,Contig:50:537.415:853,Contig:78:316.833:684,Contig:164:53.0191:4427,Contig:76:1010.18:1514,Contig:77:284.925:3906,Contig:138:35.7228:3p:1:2:579,Contig:178:51.2595:5p:1:19:217,Contig:9:31.8507:24391,Contig:84:49.1724:1544	4	-0.11157611042044419	14.163594665000002	0.6441988761700118	PBF_P15	Contig:125:26.8369:2489,Contig:50:537.415:853,Contig:108:35.4637:3p:1:2:484,Contig:214:85.3975:7944,Contig:125:26.8369:3p:1:14:532,Contig:188:543.698:552	4	0.0	2.5430859999999997	0.9191027151723309	4	-0.11892165425811682	17.967584795	0.6441988761707762	Contig:40:66.7821:1803,Contig:125:26.8369:3p:1:13:494,Contig:125:26.8369:3p:1:15:139	0	True	0
efae-SAMN36766199	PBF_P3	Contig:136:36.9978:3p:1:14:116,Contig:178:51.2595:2346,Contig:138:35.7228:3p:1:15:551,Contig:223:33.0538:1192,Contig:52:26.8434:2697,Contig:65:75.7995:21078,Contig:67:36.4104:6846,Contig:102:88.6468:777,Contig:125:26.8369:3p:1:121:758,Contig:201:49.2948:4689,Contig:210:565.886:1794,Contig:100:34.4641:3p:1:8:1226,Contig:90:56.3658:1467,Contig:151:136.136:1466,Contig:157:57.4583:3p:1:4:206,Contig:86:85.4191:6389,Contig:48:46.7201:8074,Contig:178:51.2595:5p:1:21:218,Contig:13:300.614:597,Contig:125:26.8369:3p:1:102:247,Contig:32:174.226:1680,Contig:136:36.9978:3p:1:13:303,Contig:108:35.4637:3p:1:5:489,Contig:28:55.5458:1170,Contig:157:57.4583:3p:1:3:206,Contig:179:76.864:5374,Contig:157:57.4583:793,Contig:45:197.424:954,Contig:117:96.5071:964,Contig:106:28.4304:5p:1:17:392,Contig:90:56.3658:5p:1:3:155,Contig:33:81.2677:5591,Contig:204:76.8712:41878,Contig:136:36.9978:3p:1:10:261,Contig:17:30.4511:1700,Contig:161:68.5411:9564,Contig:10:43.5889:2457,Contig:178:51.2595:5p:1:10:193,Contig:131:68.5403:2590,Contig:139:264.931:653,Contig:108:35.4637:3p:1:2:484,Contig:125:26.8369:3p:1:14:532,Contig:159:718.244:809,Contig:123:44.0973:587,Contig:188:543.698:552,Contig:93:85.7917:10481,Contig:183:57.759:8294,Contig:90:56.3658:5p:1:4:154,Contig:195:32.1861:36706,Contig:79:75.5968:4343,Contig:209:258.736:739,Contig:59:34.9402:1996,Contig:152:150.366:1324,Contig:50:537.415:853,Contig:78:316.833:684,Contig:164:53.0191:4427,Contig:76:1010.18:1514,Contig:77:284.925:3906,Contig:138:35.7228:3p:1:2:579,Contig:178:51.2595:5p:1:19:217,Contig:9:31.8507:24391,Contig:84:49.1724:1544	4	-0.11157611042044419	14.163594665000002	0.6441988761700118	PBF_P16	Contig:175:33.0843:28604,Contig:32:174.226:1680,Contig:50:537.415:853,Contig:214:85.3975:7944,Contig:188:543.698:552,Contig:179:76.864:5374	4	-0.0020251717045255413	2.34132866	0.8450448130547485	4	-0.11360128212496973	16.959991425000002	0.6441988761707762	Contig:42:85.5519:3430	0	True	0
efae-SAMN36766199	PBF_P3	Contig:136:36.9978:3p:1:14:116,Contig:178:51.2595:2346,Contig:138:35.7228:3p:1:15:551,Contig:223:33.0538:1192,Contig:52:26.8434:2697,Contig:65:75.7995:21078,Contig:67:36.4104:6846,Contig:102:88.6468:777,Contig:125:26.8369:3p:1:121:758,Contig:201:49.2948:4689,Contig:210:565.886:1794,Contig:100:34.4641:3p:1:8:1226,Contig:90:56.3658:1467,Contig:151:136.136:1466,Contig:157:57.4583:3p:1:4:206,Contig:86:85.4191:6389,Contig:48:46.7201:8074,Contig:178:51.2595:5p:1:21:218,Contig:13:300.614:597,Contig:125:26.8369:3p:1:102:247,Contig:32:174.226:1680,Contig:136:36.9978:3p:1:13:303,Contig:108:35.4637:3p:1:5:489,Contig:28:55.5458:1170,Contig:157:57.4583:3p:1:3:206,Contig:179:76.864:5374,Contig:157:57.4583:793,Contig:45:197.424:954,Contig:117:96.5071:964,Contig:106:28.4304:5p:1:17:392,Contig:90:56.3658:5p:1:3:155,Contig:33:81.2677:5591,Contig:204:76.8712:41878,Contig:136:36.9978:3p:1:10:261,Contig:17:30.4511:1700,Contig:161:68.5411:9564,Contig:10:43.5889:2457,Contig:178:51.2595:5p:1:10:193,Contig:131:68.5403:2590,Contig:139:264.931:653,Contig:108:35.4637:3p:1:2:484,Contig:125:26.8369:3p:1:14:532,Contig:159:718.244:809,Contig:123:44.0973:587,Contig:188:543.698:552,Contig:93:85.7917:10481,Contig:183:57.759:8294,Contig:90:56.3658:5p:1:4:154,Contig:195:32.1861:36706,Contig:79:75.5968:4343,Contig:209:258.736:739,Contig:59:34.9402:1996,Contig:152:150.366:1324,Contig:50:537.415:853,Contig:78:316.833:684,Contig:164:53.0191:4427,Contig:76:1010.18:1514,Contig:77:284.925:3906,Contig:138:35.7228:3p:1:2:579,Contig:178:51.2595:5p:1:19:217,Contig:9:31.8507:24391,Contig:84:49.1724:1544	4	-0.11157611042044419	14.163594665000002	0.6441988761700118	PBF_P17	Contig:136:36.9978:2675,Contig:125:26.8369:3p:1:102:247,Contig:78:316.833:684,Contig:125:26.8369:3p:1:14:532	4	-0.003082413705677939	1.82257958	1.6317844655488762	4	-0.12200406796379476	17.247078375	0.6441988761707762	Contig:40:66.7821:1803,Contig:125:26.8369:3p:1:13:494,Contig:125:26.8369:3p:1:15:139	0	True	0
efae-SAMN36766199	PBF_P3	Contig:136:36.9978:3p:1:14:116,Contig:178:51.2595:2346,Contig:138:35.7228:3p:1:15:551,Contig:223:33.0538:1192,Contig:52:26.8434:2697,Contig:65:75.7995:21078,Contig:67:36.4104:6846,Contig:102:88.6468:777,Contig:125:26.8369:3p:1:121:758,Contig:201:49.2948:4689,Contig:210:565.886:1794,Contig:100:34.4641:3p:1:8:1226,Contig:90:56.3658:1467,Contig:151:136.136:1466,Contig:157:57.4583:3p:1:4:206,Contig:86:85.4191:6389,Contig:48:46.7201:8074,Contig:178:51.2595:5p:1:21:218,Contig:13:300.614:597,Contig:125:26.8369:3p:1:102:247,Contig:32:174.226:1680,Contig:136:36.9978:3p:1:13:303,Contig:108:35.4637:3p:1:5:489,Contig:28:55.5458:1170,Contig:157:57.4583:3p:1:3:206,Contig:179:76.864:5374,Contig:157:57.4583:793,Contig:45:197.424:954,Contig:117:96.5071:964,Contig:106:28.4304:5p:1:17:392,Contig:90:56.3658:5p:1:3:155,Contig:33:81.2677:5591,Contig:204:76.8712:41878,Contig:136:36.9978:3p:1:10:261,Contig:17:30.4511:1700,Contig:161:68.5411:9564,Contig:10:43.5889:2457,Contig:178:51.2595:5p:1:10:193,Contig:131:68.5403:2590,Contig:139:264.931:653,Contig:108:35.4637:3p:1:2:484,Contig:125:26.8369:3p:1:14:532,Contig:159:718.244:809,Contig:123:44.0973:587,Contig:188:543.698:552,Contig:93:85.7917:10481,Contig:183:57.759:8294,Contig:90:56.3658:5p:1:4:154,Contig:195:32.1861:36706,Contig:79:75.5968:4343,Contig:209:258.736:739,Contig:59:34.9402:1996,Contig:152:150.366:1324,Contig:50:537.415:853,Contig:78:316.833:684,Contig:164:53.0191:4427,Contig:76:1010.18:1514,Contig:77:284.925:3906,Contig:138:35.7228:3p:1:2:579,Contig:178:51.2595:5p:1:19:217,Contig:9:31.8507:24391,Contig:84:49.1724:1544	4	0	0	0	PBF_P18	Contig:50:537.415:853,Contig:108:35.4637:3p:1:2:484,Contig:188:543.698:552,Contig:183:57.759:8294	4	0	0	0	0	0	0	0	[]	0	1	1
efae-SAMN36766199	PBF_P3	Contig:136:36.9978:3p:1:14:116,Contig:178:51.2595:2346,Contig:138:35.7228:3p:1:15:551,Contig:223:33.0538:1192,Contig:52:26.8434:2697,Contig:65:75.7995:21078,Contig:67:36.4104:6846,Contig:102:88.6468:777,Contig:125:26.8369:3p:1:121:758,Contig:201:49.2948:4689,Contig:210:565.886:1794,Contig:100:34.4641:3p:1:8:1226,Contig:90:56.3658:1467,Contig:151:136.136:1466,Contig:157:57.4583:3p:1:4:206,Contig:86:85.4191:6389,Contig:48:46.7201:8074,Contig:178:51.2595:5p:1:21:218,Contig:13:300.614:597,Contig:125:26.8369:3p:1:102:247,Contig:32:174.226:1680,Contig:136:36.9978:3p:1:13:303,Contig:108:35.4637:3p:1:5:489,Contig:28:55.5458:1170,Contig:157:57.4583:3p:1:3:206,Contig:179:76.864:5374,Contig:157:57.4583:793,Contig:45:197.424:954,Contig:117:96.5071:964,Contig:106:28.4304:5p:1:17:392,Contig:90:56.3658:5p:1:3:155,Contig:33:81.2677:5591,Contig:204:76.8712:41878,Contig:136:36.9978:3p:1:10:261,Contig:17:30.4511:1700,Contig:161:68.5411:9564,Contig:10:43.5889:2457,Contig:178:51.2595:5p:1:10:193,Contig:131:68.5403:2590,Contig:139:264.931:653,Contig:108:35.4637:3p:1:2:484,Contig:125:26.8369:3p:1:14:532,Contig:159:718.244:809,Contig:123:44.0973:587,Contig:188:543.698:552,Contig:93:85.7917:10481,Contig:183:57.759:8294,Contig:90:56.3658:5p:1:4:154,Contig:195:32.1861:36706,Contig:79:75.5968:4343,Contig:209:258.736:739,Contig:59:34.9402:1996,Contig:152:150.366:1324,Contig:50:537.415:853,Contig:78:316.833:684,Contig:164:53.0191:4427,Contig:76:1010.18:1514,Contig:77:284.925:3906,Contig:138:35.7228:3p:1:2:579,Contig:178:51.2595:5p:1:19:217,Contig:9:31.8507:24391,Contig:84:49.1724:1544	4	-0.11157611042044419	14.163594665000002	0.6441988761700118	PBF_P19	Contig:122:27.5939:3p:1:4:276,Contig:122:27.5939:3p:1:8:463,Contig:122:27.5939:4388,Contig:122:27.5939:3p:1:7:481	4	-0.006032033777871176	1.16563207	0.8904975935288741	4	-0.124953688035988	16.240420001	0.6441988761707762	Contig:126:31.9997:11847,Contig:40:66.7821:1803,Contig:122:27.5939:3p:1:6:276,Contig:122:27.5939:3p:1:13:431,Contig:125:26.8369:3p:1:13:494,Contig:125:26.8369:3p:1:15:139,Contig:125:26.8369:3p:1:109:752	0	False	0
efae-SAMN36766199	PBF_P3	Contig:136:36.9978:3p:1:14:116,Contig:178:51.2595:2346,Contig:138:35.7228:3p:1:15:551,Contig:223:33.0538:1192,Contig:52:26.8434:2697,Contig:65:75.7995:21078,Contig:67:36.4104:6846,Contig:102:88.6468:777,Contig:125:26.8369:3p:1:121:758,Contig:201:49.2948:4689,Contig:210:565.886:1794,Contig:100:34.4641:3p:1:8:1226,Contig:90:56.3658:1467,Contig:151:136.136:1466,Contig:157:57.4583:3p:1:4:206,Contig:86:85.4191:6389,Contig:48:46.7201:8074,Contig:178:51.2595:5p:1:21:218,Contig:13:300.614:597,Contig:125:26.8369:3p:1:102:247,Contig:32:174.226:1680,Contig:136:36.9978:3p:1:13:303,Contig:108:35.4637:3p:1:5:489,Contig:28:55.5458:1170,Contig:157:57.4583:3p:1:3:206,Contig:179:76.864:5374,Contig:157:57.4583:793,Contig:45:197.424:954,Contig:117:96.5071:964,Contig:106:28.4304:5p:1:17:392,Contig:90:56.3658:5p:1:3:155,Contig:33:81.2677:5591,Contig:204:76.8712:41878,Contig:136:36.9978:3p:1:10:261,Contig:17:30.4511:1700,Contig:161:68.5411:9564,Contig:10:43.5889:2457,Contig:178:51.2595:5p:1:10:193,Contig:131:68.5403:2590,Contig:139:264.931:653,Contig:108:35.4637:3p:1:2:484,Contig:125:26.8369:3p:1:14:532,Contig:159:718.244:809,Contig:123:44.0973:587,Contig:188:543.698:552,Contig:93:85.7917:10481,Contig:183:57.759:8294,Contig:90:56.3658:5p:1:4:154,Contig:195:32.1861:36706,Contig:79:75.5968:4343,Contig:209:258.736:739,Contig:59:34.9402:1996,Contig:152:150.366:1324,Contig:50:537.415:853,Contig:78:316.833:684,Contig:164:53.0191:4427,Contig:76:1010.18:1514,Contig:77:284.925:3906,Contig:138:35.7228:3p:1:2:579,Contig:178:51.2595:5p:1:19:217,Contig:9:31.8507:24391,Contig:84:49.1724:1544	4	-0.11157611042044419	14.163594665000002	0.6441988761700118	PBF_P20	Contig:136:36.9978:2675	4	0.0	0.41581272999999996	1.6317844655488762	4	-0.11157611042044419	14.579407395000002	0.6441988761707762		0	False	0
efae-SAMN36766199	PBF_P4	Contig:136:36.9978:3p:1:14:116,Contig:138:35.7228:3p:1:15:551,Contig:212:33.539:40749,Contig:65:75.7995:21078,Contig:67:36.4104:6846,Contig:102:88.6468:777,Contig:125:26.8369:3p:1:121:758,Contig:201:49.2948:4689,Contig:210:565.886:1794,Contig:100:34.4641:3p:1:8:1226,Contig:90:56.3658:1467,Contig:151:136.136:1466,Contig:86:85.4191:6389,Contig:48:46.7201:8074,Contig:13:300.614:597,Contig:125:26.8369:3p:1:102:247,Contig:32:174.226:1680,Contig:141:39.2662:3593,Contig:28:55.5458:1170,Contig:157:57.4583:3p:1:3:206,Contig:179:76.864:5374,Contig:157:57.4583:793,Contig:45:197.424:954,Contig:117:96.5071:964,Contig:106:28.4304:5p:1:17:392,Contig:90:56.3658:5p:1:3:155,Contig:33:81.2677:5591,Contig:204:76.8712:41878,Contig:136:36.9978:3p:1:10:261,Contig:17:30.4511:1700,Contig:161:68.5411:9564,Contig:10:43.5889:2457,Contig:178:51.2595:5p:1:10:193,Contig:131:68.5403:2590,Contig:108:35.4637:3p:1:2:484,Contig:159:718.244:809,Contig:123:44.0973:587,Contig:93:85.7917:10481,Contig:188:543.698:552,Contig:125:26.8369:3p:1:14:532,Contig:183:57.759:8294,Contig:79:75.5968:4343,Contig:59:34.9402:1996,Contig:152:150.366:1324,Contig:50:537.415:853,Contig:78:316.833:684,Contig:164:53.0191:4427,Contig:76:1010.18:1514,Contig:77:284.925:3906,Contig:138:35.7228:3p:1:2:579,Contig:178:51.2595:5p:1:19:217,Contig:84:49.1724:1544	4	-0.0489218826292932	13.563029152999999	0.6441988761700118	PBF_P5	Contig:3:449.536:Circ:4377	4	0.0	0.49995579999999995	11.236106765323669	0	0	0	0		1	False	0
efae-SAMN36766199	PBF_P4	Contig:136:36.9978:3p:1:14:116,Contig:138:35.7228:3p:1:15:551,Contig:212:33.539:40749,Contig:65:75.7995:21078,Contig:67:36.4104:6846,Contig:102:88.6468:777,Contig:125:26.8369:3p:1:121:758,Contig:201:49.2948:4689,Contig:210:565.886:1794,Contig:100:34.4641:3p:1:8:1226,Contig:90:56.3658:1467,Contig:151:136.136:1466,Contig:86:85.4191:6389,Contig:48:46.7201:8074,Contig:13:300.614:597,Contig:125:26.8369:3p:1:102:247,Contig:32:174.226:1680,Contig:141:39.2662:3593,Contig:28:55.5458:1170,Contig:157:57.4583:3p:1:3:206,Contig:179:76.864:5374,Contig:157:57.4583:793,Contig:45:197.424:954,Contig:117:96.5071:964,Contig:106:28.4304:5p:1:17:392,Contig:90:56.3658:5p:1:3:155,Contig:33:81.2677:5591,Contig:204:76.8712:41878,Contig:136:36.9978:3p:1:10:261,Contig:17:30.4511:1700,Contig:161:68.5411:9564,Contig:10:43.5889:2457,Contig:178:51.2595:5p:1:10:193,Contig:131:68.5403:2590,Contig:108:35.4637:3p:1:2:484,Contig:159:718.244:809,Contig:123:44.0973:587,Contig:93:85.7917:10481,Contig:188:543.698:552,Contig:125:26.8369:3p:1:14:532,Contig:183:57.759:8294,Contig:79:75.5968:4343,Contig:59:34.9402:1996,Contig:152:150.366:1324,Contig:50:537.415:853,Contig:78:316.833:684,Contig:164:53.0191:4427,Contig:76:1010.18:1514,Contig:77:284.925:3906,Contig:138:35.7228:3p:1:2:579,Contig:178:51.2595:5p:1:19:217,Contig:84:49.1724:1544	4	-0.0489218826292932	13.563029152999999	0.6441988761700118	PBF_P6	Contig:136:36.9978:3p:1:14:116,Contig:178:51.2595:2346,Contig:186:30.3502:15740,Contig:138:35.7228:3p:1:15:551,Contig:65:75.7995:21078,Contig:67:36.4104:6846,Contig:102:88.6468:777,Contig:201:49.2948:4689,Contig:210:565.886:1794,Contig:100:34.4641:3p:1:8:1226,Contig:90:56.3658:1467,Contig:86:85.4191:6389,Contig:13:300.614:597,Contig:125:26.8369:3p:1:102:247,Contig:32:174.226:1680,Contig:141:39.2662:3593,Contig:157:57.4583:3p:1:3:206,Contig:179:76.864:5374,Contig:157:57.4583:793,Contig:45:197.424:954,Contig:117:96.5071:964,Contig:106:28.4304:5p:1:17:392,Contig:90:56.3658:5p:1:3:155,Contig:33:81.2677:5591,Contig:204:76.8712:41878,Contig:136:36.9978:3p:1:10:261,Contig:17:30.4511:1700,Contig:178:51.2595:5p:1:10:193,Contig:182:33.2808:16043,Contig:108:35.4637:3p:1:2:484,Contig:159:718.244:809,Contig:93:85.7917:10481,Contig:125:26.8369:3p:1:14:532,Contig:188:543.698:552,Contig:79:75.5968:4343,Contig:29:39.7161:5936,Contig:118:175.893:1493,Contig:60:31.8529:15921,Contig:152:150.366:1324,Contig:50:537.415:853,Contig:78:316.833:684,Contig:164:53.0191:4427,Contig:76:1010.18:1514,Contig:77:284.925:3906,Contig:138:35.7228:3p:1:2:579,Contig:178:51.2595:5p:1:19:217,Contig:84:49.1724:1544	4	-0.03598457563908625	9.823198822999998	0.6441988761700118	4	-0.13387757236091793	25.678551981999988	0.3275167605788738	Contig:104:32.2747:3236,Contig:126:31.9997:11847,Contig:139:264.931:653,Contig:15:36.6119:4176,Contig:185:31.3781:8732,Contig:207:67.1883:1152,Contig:40:66.7821:1803,Contig:55:184.754:713,Contig:114:64.8563:3p:1:6:106,Contig:114:64.8563:3p:1:8:105,Contig:114:64.8563:3p:1:13:585,Contig:114:64.8563:3p:1:19:105,Contig:122:27.5939:3p:1:6:276,Contig:122:27.5939:3p:1:7:481,Contig:122:27.5939:3p:1:8:463,Contig:122:27.5939:3p:1:9:463,Contig:122:27.5939:3p:1:10:369,Contig:122:27.5939:3p:1:13:431,Contig:125:26.8369:3p:1:13:494,Contig:125:26.8369:3p:1:15:139,Contig:125:26.8369:3p:1:109:752	0	True	0
efae-SAMN36766199	PBF_P4	Contig:136:36.9978:3p:1:14:116,Contig:138:35.7228:3p:1:15:551,Contig:212:33.539:40749,Contig:65:75.7995:21078,Contig:67:36.4104:6846,Contig:102:88.6468:777,Contig:125:26.8369:3p:1:121:758,Contig:201:49.2948:4689,Contig:210:565.886:1794,Contig:100:34.4641:3p:1:8:1226,Contig:90:56.3658:1467,Contig:151:136.136:1466,Contig:86:85.4191:6389,Contig:48:46.7201:8074,Contig:13:300.614:597,Contig:125:26.8369:3p:1:102:247,Contig:32:174.226:1680,Contig:141:39.2662:3593,Contig:28:55.5458:1170,Contig:157:57.4583:3p:1:3:206,Contig:179:76.864:5374,Contig:157:57.4583:793,Contig:45:197.424:954,Contig:117:96.5071:964,Contig:106:28.4304:5p:1:17:392,Contig:90:56.3658:5p:1:3:155,Contig:33:81.2677:5591,Contig:204:76.8712:41878,Contig:136:36.9978:3p:1:10:261,Contig:17:30.4511:1700,Contig:161:68.5411:9564,Contig:10:43.5889:2457,Contig:178:51.2595:5p:1:10:193,Contig:131:68.5403:2590,Contig:108:35.4637:3p:1:2:484,Contig:159:718.244:809,Contig:123:44.0973:587,Contig:93:85.7917:10481,Contig:188:543.698:552,Contig:125:26.8369:3p:1:14:532,Contig:183:57.759:8294,Contig:79:75.5968:4343,Contig:59:34.9402:1996,Contig:152:150.366:1324,Contig:50:537.415:853,Contig:78:316.833:684,Contig:164:53.0191:4427,Contig:76:1010.18:1514,Contig:77:284.925:3906,Contig:138:35.7228:3p:1:2:579,Contig:178:51.2595:5p:1:19:217,Contig:84:49.1724:1544	4	-0.0489218826292932	13.563029152999999	0.6441988761700118	PBF_P7	Contig:136:36.9978:3p:1:14:116,Contig:138:35.7228:3p:1:15:551,Contig:223:33.0538:1192,Contig:212:33.539:40749,Contig:65:75.7995:21078,Contig:201:49.2948:4689,Contig:210:565.886:1794,Contig:100:34.4641:3p:1:6:541,Contig:86:85.4191:6389,Contig:13:300.614:597,Contig:125:26.8369:3p:1:102:247,Contig:32:174.226:1680,Contig:141:39.2662:3593,Contig:179:76.864:5374,Contig:117:96.5071:964,Contig:106:28.4304:5p:1:17:392,Contig:224:32.0904:16841,Contig:204:76.8712:41878,Contig:136:36.9978:3p:1:10:261,Contig:182:33.2808:16043,Contig:108:35.4637:3p:1:2:484,Contig:159:718.244:809,Contig:93:85.7917:10481,Contig:125:26.8369:3p:1:14:532,Contig:188:543.698:552,Contig:79:75.5968:4343,Contig:29:39.7161:5936,Contig:152:150.366:1324,Contig:50:537.415:853,Contig:78:316.833:684,Contig:164:53.0191:4427,Contig:76:1010.18:1514,Contig:77:284.925:3906,Contig:138:35.7228:3p:1:2:579	4	-0.03988536499737602	7.4633927259999995	0.7666303115735077	4	-0.1377783617192077	23.318745885	0.3275167605788738	Contig:104:32.2747:3236,Contig:126:31.9997:11847,Contig:139:264.931:653,Contig:15:36.6119:4176,Contig:185:31.3781:8732,Contig:207:67.1883:1152,Contig:40:66.7821:1803,Contig:55:184.754:713,Contig:114:64.8563:3p:1:6:106,Contig:114:64.8563:3p:1:8:105,Contig:114:64.8563:3p:1:13:585,Contig:114:64.8563:3p:1:19:105,Contig:122:27.5939:3p:1:6:276,Contig:122:27.5939:3p:1:7:481,Contig:122:27.5939:3p:1:8:463,Contig:122:27.5939:3p:1:9:463,Contig:122:27.5939:3p:1:10:369,Contig:122:27.5939:3p:1:13:431,Contig:125:26.8369:3p:1:13:494,Contig:125:26.8369:3p:1:15:139,Contig:125:26.8369:3p:1:109:752	0	True	0
efae-SAMN36766199	PBF_P4	Contig:136:36.9978:3p:1:14:116,Contig:138:35.7228:3p:1:15:551,Contig:212:33.539:40749,Contig:65:75.7995:21078,Contig:67:36.4104:6846,Contig:102:88.6468:777,Contig:125:26.8369:3p:1:121:758,Contig:201:49.2948:4689,Contig:210:565.886:1794,Contig:100:34.4641:3p:1:8:1226,Contig:90:56.3658:1467,Contig:151:136.136:1466,Contig:86:85.4191:6389,Contig:48:46.7201:8074,Contig:13:300.614:597,Contig:125:26.8369:3p:1:102:247,Contig:32:174.226:1680,Contig:141:39.2662:3593,Contig:28:55.5458:1170,Contig:157:57.4583:3p:1:3:206,Contig:179:76.864:5374,Contig:157:57.4583:793,Contig:45:197.424:954,Contig:117:96.5071:964,Contig:106:28.4304:5p:1:17:392,Contig:90:56.3658:5p:1:3:155,Contig:33:81.2677:5591,Contig:204:76.8712:41878,Contig:136:36.9978:3p:1:10:261,Contig:17:30.4511:1700,Contig:161:68.5411:9564,Contig:10:43.5889:2457,Contig:178:51.2595:5p:1:10:193,Contig:131:68.5403:2590,Contig:108:35.4637:3p:1:2:484,Contig:159:718.244:809,Contig:123:44.0973:587,Contig:93:85.7917:10481,Contig:188:543.698:552,Contig:125:26.8369:3p:1:14:532,Contig:183:57.759:8294,Contig:79:75.5968:4343,Contig:59:34.9402:1996,Contig:152:150.366:1324,Contig:50:537.415:853,Contig:78:316.833:684,Contig:164:53.0191:4427,Contig:76:1010.18:1514,Contig:77:284.925:3906,Contig:138:35.7228:3p:1:2:579,Contig:178:51.2595:5p:1:19:217,Contig:84:49.1724:1544	4	-0.0489218826292932	13.563029152999999	0.6441988761700118	PBF_P8	Contig:136:36.9978:3p:1:14:116,Contig:186:30.3502:15740,Contig:138:35.7228:3p:1:15:551,Contig:65:75.7995:21078,Contig:201:49.2948:4689,Contig:210:565.886:1794,Contig:100:34.4641:3p:1:6:541,Contig:86:85.4191:6389,Contig:13:300.614:597,Contig:125:26.8369:3p:1:102:247,Contig:32:174.226:1680,Contig:141:39.2662:3593,Contig:179:76.864:5374,Contig:117:96.5071:964,Contig:106:28.4304:5p:1:17:392,Contig:224:32.0904:16841,Contig:204:76.8712:41878,Contig:136:36.9978:3p:1:10:261,Contig:182:33.2808:16043,Contig:108:35.4637:3p:1:2:484,Contig:159:718.244:809,Contig:125:26.8369:3p:1:14:532,Contig:188:543.698:552,Contig:79:75.5968:4343,Contig:152:150.366:1324,Contig:50:537.415:853,Contig:78:316.833:684,Contig:76:1010.18:1514,Contig:77:284.925:3906,Contig:138:35.7228:3p:1:2:579	4	-0.011287362609982449	6.819526646	0.7826940283470984	4	-0.10918035933181414	22.674879805	0.3275167605788738	Contig:104:32.2747:3236,Contig:126:31.9997:11847,Contig:139:264.931:653,Contig:15:36.6119:4176,Contig:185:31.3781:8732,Contig:207:67.1883:1152,Contig:40:66.7821:1803,Contig:55:184.754:713,Contig:114:64.8563:3p:1:6:106,Contig:114:64.8563:3p:1:8:105,Contig:114:64.8563:3p:1:13:585,Contig:114:64.8563:3p:1:19:105,Contig:122:27.5939:3p:1:6:276,Contig:122:27.5939:3p:1:7:481,Contig:122:27.5939:3p:1:8:463,Contig:122:27.5939:3p:1:9:463,Contig:122:27.5939:3p:1:10:369,Contig:122:27.5939:3p:1:13:431,Contig:125:26.8369:3p:1:13:494,Contig:125:26.8369:3p:1:15:139,Contig:125:26.8369:3p:1:109:752	0	True	0
efae-SAMN36766199	PBF_P4	Contig:136:36.9978:3p:1:14:116,Contig:138:35.7228:3p:1:15:551,Contig:212:33.539:40749,Contig:65:75.7995:21078,Contig:67:36.4104:6846,Contig:102:88.6468:777,Contig:125:26.8369:3p:1:121:758,Contig:201:49.2948:4689,Contig:210:565.886:1794,Contig:100:34.4641:3p:1:8:1226,Contig:90:56.3658:1467,Contig:151:136.136:1466,Contig:86:85.4191:6389,Contig:48:46.7201:8074,Contig:13:300.614:597,Contig:125:26.8369:3p:1:102:247,Contig:32:174.226:1680,Contig:141:39.2662:3593,Contig:28:55.5458:1170,Contig:157:57.4583:3p:1:3:206,Contig:179:76.864:5374,Contig:157:57.4583:793,Contig:45:197.424:954,Contig:117:96.5071:964,Contig:106:28.4304:5p:1:17:392,Contig:90:56.3658:5p:1:3:155,Contig:33:81.2677:5591,Contig:204:76.8712:41878,Contig:136:36.9978:3p:1:10:261,Contig:17:30.4511:1700,Contig:161:68.5411:9564,Contig:10:43.5889:2457,Contig:178:51.2595:5p:1:10:193,Contig:131:68.5403:2590,Contig:108:35.4637:3p:1:2:484,Contig:159:718.244:809,Contig:123:44.0973:587,Contig:93:85.7917:10481,Contig:188:543.698:552,Contig:125:26.8369:3p:1:14:532,Contig:183:57.759:8294,Contig:79:75.5968:4343,Contig:59:34.9402:1996,Contig:152:150.366:1324,Contig:50:537.415:853,Contig:78:316.833:684,Contig:164:53.0191:4427,Contig:76:1010.18:1514,Contig:77:284.925:3906,Contig:138:35.7228:3p:1:2:579,Contig:178:51.2595:5p:1:19:217,Contig:84:49.1724:1544	4	-0.0489218826292932	13.563029152999999	0.6441988761700118	PBF_P9	Contig:136:36.9978:3p:1:14:116,Contig:186:30.3502:15740,Contig:138:35.7228:3p:1:15:551,Contig:65:75.7995:21078,Contig:86:85.4191:6389,Contig:13:300.614:597,Contig:125:26.8369:3p:1:102:247,Contig:32:174.226:1680,Contig:141:39.2662:3593,Contig:179:76.864:5374,Contig:204:76.8712:41878,Contig:136:36.9978:3p:1:10:261,Contig:182:33.2808:16043,Contig:108:35.4637:3p:1:2:484,Contig:125:26.8369:3p:1:14:532,Contig:188:543.698:552,Contig:76:1010.18:1514,Contig:79:75.5968:4343,Contig:50:537.415:853,Contig:78:316.833:684,Contig:152:150.366:1324,Contig:138:35.7228:3p:1:2:579	4	-0.011287362609982449	5.988723532999998	0.7826940283470984	4	-0.10918035933181414	21.844076691999994	0.3420917919837867	Contig:104:32.2747:3236,Contig:126:31.9997:11847,Contig:139:264.931:653,Contig:15:36.6119:4176,Contig:185:31.3781:8732,Contig:207:67.1883:1152,Contig:40:66.7821:1803,Contig:55:184.754:713,Contig:114:64.8563:3p:1:6:106,Contig:114:64.8563:3p:1:8:105,Contig:114:64.8563:3p:1:13:585,Contig:114:64.8563:3p:1:19:105,Contig:122:27.5939:3p:1:6:276,Contig:122:27.5939:3p:1:7:481,Contig:122:27.5939:3p:1:8:463,Contig:122:27.5939:3p:1:9:463,Contig:122:27.5939:3p:1:10:369,Contig:122:27.5939:3p:1:13:431,Contig:125:26.8369:3p:1:13:494,Contig:125:26.8369:3p:1:15:139,Contig:125:26.8369:3p:1:109:752	0	True	0
efae-SAMN36766199	PBF_P4	Contig:136:36.9978:3p:1:14:116,Contig:138:35.7228:3p:1:15:551,Contig:212:33.539:40749,Contig:65:75.7995:21078,Contig:67:36.4104:6846,Contig:102:88.6468:777,Contig:125:26.8369:3p:1:121:758,Contig:201:49.2948:4689,Contig:210:565.886:1794,Contig:100:34.4641:3p:1:8:1226,Contig:90:56.3658:1467,Contig:151:136.136:1466,Contig:86:85.4191:6389,Contig:48:46.7201:8074,Contig:13:300.614:597,Contig:125:26.8369:3p:1:102:247,Contig:32:174.226:1680,Contig:141:39.2662:3593,Contig:28:55.5458:1170,Contig:157:57.4583:3p:1:3:206,Contig:179:76.864:5374,Contig:157:57.4583:793,Contig:45:197.424:954,Contig:117:96.5071:964,Contig:106:28.4304:5p:1:17:392,Contig:90:56.3658:5p:1:3:155,Contig:33:81.2677:5591,Contig:204:76.8712:41878,Contig:136:36.9978:3p:1:10:261,Contig:17:30.4511:1700,Contig:161:68.5411:9564,Contig:10:43.5889:2457,Contig:178:51.2595:5p:1:10:193,Contig:131:68.5403:2590,Contig:108:35.4637:3p:1:2:484,Contig:159:718.244:809,Contig:123:44.0973:587,Contig:93:85.7917:10481,Contig:188:543.698:552,Contig:125:26.8369:3p:1:14:532,Contig:183:57.759:8294,Contig:79:75.5968:4343,Contig:59:34.9402:1996,Contig:152:150.366:1324,Contig:50:537.415:853,Contig:78:316.833:684,Contig:164:53.0191:4427,Contig:76:1010.18:1514,Contig:77:284.925:3906,Contig:138:35.7228:3p:1:2:579,Contig:178:51.2595:5p:1:19:217,Contig:84:49.1724:1544	4	-0.0489218826292932	13.563029152999999	0.6441988761700118	PBF_P10	Contig:136:36.9978:3p:1:14:116,Contig:186:30.3502:15740,Contig:65:75.7995:21078,Contig:86:85.4191:6389,Contig:125:26.8369:3p:1:102:247,Contig:32:174.226:1680,Contig:179:76.864:5374,Contig:204:76.8712:41878,Contig:193:37.1403:85323,Contig:136:36.9978:3p:1:10:261,Contig:108:35.4637:3p:1:2:484,Contig:125:26.8369:3p:1:14:532,Contig:188:543.698:552,Contig:79:75.5968:4343,Contig:152:150.366:1324,Contig:50:537.415:853,Contig:78:316.833:684,Contig:76:1010.18:1514	4	-0.011287362609982449	5.6365434527	0.7826940283470984	4	-0.10918035933181414	21.4918966117	0.3275167605788738	Contig:104:32.2747:3236,Contig:126:31.9997:11847,Contig:139:264.931:653,Contig:15:36.6119:4176,Contig:185:31.3781:8732,Contig:207:67.1883:1152,Contig:40:66.7821:1803,Contig:55:184.754:713,Contig:114:64.8563:3p:1:6:106,Contig:114:64.8563:3p:1:8:105,Contig:114:64.8563:3p:1:13:585,Contig:114:64.8563:3p:1:19:105,Contig:122:27.5939:3p:1:6:276,Contig:122:27.5939:3p:1:7:481,Contig:122:27.5939:3p:1:8:463,Contig:122:27.5939:3p:1:9:463,Contig:122:27.5939:3p:1:10:369,Contig:122:27.5939:3p:1:13:431,Contig:125:26.8369:3p:1:13:494,Contig:125:26.8369:3p:1:15:139,Contig:125:26.8369:3p:1:109:752	0	True	0
efae-SAMN36766199	PBF_P4	Contig:136:36.9978:3p:1:14:116,Contig:138:35.7228:3p:1:15:551,Contig:212:33.539:40749,Contig:65:75.7995:21078,Contig:67:36.4104:6846,Contig:102:88.6468:777,Contig:125:26.8369:3p:1:121:758,Contig:201:49.2948:4689,Contig:210:565.886:1794,Contig:100:34.4641:3p:1:8:1226,Contig:90:56.3658:1467,Contig:151:136.136:1466,Contig:86:85.4191:6389,Contig:48:46.7201:8074,Contig:13:300.614:597,Contig:125:26.8369:3p:1:102:247,Contig:32:174.226:1680,Contig:141:39.2662:3593,Contig:28:55.5458:1170,Contig:157:57.4583:3p:1:3:206,Contig:179:76.864:5374,Contig:157:57.4583:793,Contig:45:197.424:954,Contig:117:96.5071:964,Contig:106:28.4304:5p:1:17:392,Contig:90:56.3658:5p:1:3:155,Contig:33:81.2677:5591,Contig:204:76.8712:41878,Contig:136:36.9978:3p:1:10:261,Contig:17:30.4511:1700,Contig:161:68.5411:9564,Contig:10:43.5889:2457,Contig:178:51.2595:5p:1:10:193,Contig:131:68.5403:2590,Contig:108:35.4637:3p:1:2:484,Contig:159:718.244:809,Contig:123:44.0973:587,Contig:93:85.7917:10481,Contig:188:543.698:552,Contig:125:26.8369:3p:1:14:532,Contig:183:57.759:8294,Contig:79:75.5968:4343,Contig:59:34.9402:1996,Contig:152:150.366:1324,Contig:50:537.415:853,Contig:78:316.833:684,Contig:164:53.0191:4427,Contig:76:1010.18:1514,Contig:77:284.925:3906,Contig:138:35.7228:3p:1:2:579,Contig:178:51.2595:5p:1:19:217,Contig:84:49.1724:1544	4	-0.0489218826292932	13.563029152999999	0.6441988761700118	PBF_P11	Contig:136:36.9978:3p:1:14:116,Contig:65:75.7995:21078,Contig:136:36.9978:3p:1:10:261,Contig:125:26.8369:3p:1:102:247,Contig:50:537.415:853,Contig:108:35.4637:3p:1:2:484,Contig:214:85.3975:7944,Contig:78:316.833:684,Contig:125:26.8369:3p:1:14:532,Contig:188:543.698:552	4	-0.0065646715904890685	4.5243369499999995	1.97130530166717	4	-0.10445766831232076	20.37969010899999	0.3275167605788738	Contig:104:32.2747:3236,Contig:126:31.9997:11847,Contig:139:264.931:653,Contig:15:36.6119:4176,Contig:185:31.3781:8732,Contig:207:67.1883:1152,Contig:40:66.7821:1803,Contig:55:184.754:713,Contig:114:64.8563:3p:1:6:106,Contig:114:64.8563:3p:1:8:105,Contig:114:64.8563:3p:1:13:585,Contig:114:64.8563:3p:1:19:105,Contig:122:27.5939:3p:1:6:276,Contig:122:27.5939:3p:1:7:481,Contig:122:27.5939:3p:1:8:463,Contig:122:27.5939:3p:1:9:463,Contig:122:27.5939:3p:1:10:369,Contig:122:27.5939:3p:1:13:431,Contig:125:26.8369:3p:1:13:494,Contig:125:26.8369:3p:1:15:139,Contig:125:26.8369:3p:1:109:752	0	True	0
efae-SAMN36766199	PBF_P4	Contig:136:36.9978:3p:1:14:116,Contig:138:35.7228:3p:1:15:551,Contig:212:33.539:40749,Contig:65:75.7995:21078,Contig:67:36.4104:6846,Contig:102:88.6468:777,Contig:125:26.8369:3p:1:121:758,Contig:201:49.2948:4689,Contig:210:565.886:1794,Contig:100:34.4641:3p:1:8:1226,Contig:90:56.3658:1467,Contig:151:136.136:1466,Contig:86:85.4191:6389,Contig:48:46.7201:8074,Contig:13:300.614:597,Contig:125:26.8369:3p:1:102:247,Contig:32:174.226:1680,Contig:141:39.2662:3593,Contig:28:55.5458:1170,Contig:157:57.4583:3p:1:3:206,Contig:179:76.864:5374,Contig:157:57.4583:793,Contig:45:197.424:954,Contig:117:96.5071:964,Contig:106:28.4304:5p:1:17:392,Contig:90:56.3658:5p:1:3:155,Contig:33:81.2677:5591,Contig:204:76.8712:41878,Contig:136:36.9978:3p:1:10:261,Contig:17:30.4511:1700,Contig:161:68.5411:9564,Contig:10:43.5889:2457,Contig:178:51.2595:5p:1:10:193,Contig:131:68.5403:2590,Contig:108:35.4637:3p:1:2:484,Contig:159:718.244:809,Contig:123:44.0973:587,Contig:93:85.7917:10481,Contig:188:543.698:552,Contig:125:26.8369:3p:1:14:532,Contig:183:57.759:8294,Contig:79:75.5968:4343,Contig:59:34.9402:1996,Contig:152:150.366:1324,Contig:50:537.415:853,Contig:78:316.833:684,Contig:164:53.0191:4427,Contig:76:1010.18:1514,Contig:77:284.925:3906,Contig:138:35.7228:3p:1:2:579,Contig:178:51.2595:5p:1:19:217,Contig:84:49.1724:1544	4	-0.0489218826292932	13.563029152999999	0.6441988761700118	PBF_P12	Contig:136:36.9978:3p:1:14:116,Contig:13:300.614:597,Contig:175:33.0843:28604,Contig:125:26.8369:3p:1:102:247,Contig:32:174.226:1680,Contig:136:36.9978:3p:1:13:303,Contig:179:76.864:5374,Contig:136:36.9978:3p:1:10:261,Contig:182:33.2808:16043,Contig:139:264.931:653,Contig:125:26.8369:3p:1:14:532,Contig:188:543.698:552,Contig:138:35.7228:23576,Contig:209:258.736:739,Contig:50:537.415:853,Contig:78:316.833:684,Contig:138:35.7228:3p:1:2:579	4	-0.024479675076039487	4.261916269999999	0.8054437508722315	4	-0.08074710154300532	19.085849552999996	0.6441988761707762	Contig:40:66.7821:1803,Contig:125:26.8369:3p:1:13:494,Contig:125:26.8369:3p:1:15:139	0	True	0
efae-SAMN36766199	PBF_P4	Contig:136:36.9978:3p:1:14:116,Contig:138:35.7228:3p:1:15:551,Contig:212:33.539:40749,Contig:65:75.7995:21078,Contig:67:36.4104:6846,Contig:102:88.6468:777,Contig:125:26.8369:3p:1:121:758,Contig:201:49.2948:4689,Contig:210:565.886:1794,Contig:100:34.4641:3p:1:8:1226,Contig:90:56.3658:1467,Contig:151:136.136:1466,Contig:86:85.4191:6389,Contig:48:46.7201:8074,Contig:13:300.614:597,Contig:125:26.8369:3p:1:102:247,Contig:32:174.226:1680,Contig:141:39.2662:3593,Contig:28:55.5458:1170,Contig:157:57.4583:3p:1:3:206,Contig:179:76.864:5374,Contig:157:57.4583:793,Contig:45:197.424:954,Contig:117:96.5071:964,Contig:106:28.4304:5p:1:17:392,Contig:90:56.3658:5p:1:3:155,Contig:33:81.2677:5591,Contig:204:76.8712:41878,Contig:136:36.9978:3p:1:10:261,Contig:17:30.4511:1700,Contig:161:68.5411:9564,Contig:10:43.5889:2457,Contig:178:51.2595:5p:1:10:193,Contig:131:68.5403:2590,Contig:108:35.4637:3p:1:2:484,Contig:159:718.244:809,Contig:123:44.0973:587,Contig:93:85.7917:10481,Contig:188:543.698:552,Contig:125:26.8369:3p:1:14:532,Contig:183:57.759:8294,Contig:79:75.5968:4343,Contig:59:34.9402:1996,Contig:152:150.366:1324,Contig:50:537.415:853,Contig:78:316.833:684,Contig:164:53.0191:4427,Contig:76:1010.18:1514,Contig:77:284.925:3906,Contig:138:35.7228:3p:1:2:579,Contig:178:51.2595:5p:1:19:217,Contig:84:49.1724:1544	4	-0.0489218826292932	13.563029152999999	0.6441988761700118	PBF_P13	Contig:79:75.5968:4343,Contig:204:76.8712:41878,Contig:32:174.226:1680,Contig:50:537.415:853,Contig:214:85.3975:7944,Contig:152:150.366:1324,Contig:188:543.698:552,Contig:179:76.864:5374	4	-0.00472269101949338	3.62899702	1.938683353738387	4	-0.10566681451877757	18.052989984	0.3275167605788738	Contig:115:35.0334:1728,Contig:11:70.1131:2688,Contig:139:264.931:653,Contig:144:96.241:1063,Contig:15:36.6119:4176,Contig:185:31.3781:8732,Contig:207:67.1883:1152,Contig:209:258.736:739,Contig:215:35.1123:37835,Contig:55:184.754:713,Contig:70:33.8615:9586,Contig:114:64.8563:3p:1:6:106,Contig:114:64.8563:3p:1:8:105,Contig:114:64.8563:3p:1:13:585,Contig:114:64.8563:3p:1:19:105	0	True	0
efae-SAMN36766199	PBF_P4	Contig:136:36.9978:3p:1:14:116,Contig:138:35.7228:3p:1:15:551,Contig:212:33.539:40749,Contig:65:75.7995:21078,Contig:67:36.4104:6846,Contig:102:88.6468:777,Contig:125:26.8369:3p:1:121:758,Contig:201:49.2948:4689,Contig:210:565.886:1794,Contig:100:34.4641:3p:1:8:1226,Contig:90:56.3658:1467,Contig:151:136.136:1466,Contig:86:85.4191:6389,Contig:48:46.7201:8074,Contig:13:300.614:597,Contig:125:26.8369:3p:1:102:247,Contig:32:174.226:1680,Contig:141:39.2662:3593,Contig:28:55.5458:1170,Contig:157:57.4583:3p:1:3:206,Contig:179:76.864:5374,Contig:157:57.4583:793,Contig:45:197.424:954,Contig:117:96.5071:964,Contig:106:28.4304:5p:1:17:392,Contig:90:56.3658:5p:1:3:155,Contig:33:81.2677:5591,Contig:204:76.8712:41878,Contig:136:36.9978:3p:1:10:261,Contig:17:30.4511:1700,Contig:161:68.5411:9564,Contig:10:43.5889:2457,Contig:178:51.2595:5p:1:10:193,Contig:131:68.5403:2590,Contig:108:35.4637:3p:1:2:484,Contig:159:718.244:809,Contig:123:44.0973:587,Contig:93:85.7917:10481,Contig:188:543.698:552,Contig:125:26.8369:3p:1:14:532,Contig:183:57.759:8294,Contig:79:75.5968:4343,Contig:59:34.9402:1996,Contig:152:150.366:1324,Contig:50:537.415:853,Contig:78:316.833:684,Contig:164:53.0191:4427,Contig:76:1010.18:1514,Contig:77:284.925:3906,Contig:138:35.7228:3p:1:2:579,Contig:178:51.2595:5p:1:19:217,Contig:84:49.1724:1544	4	-0.0489218826292932	13.563029152999999	0.6441988761700118	PBF_P14	Contig:2:127.633:Circ:4461	4	0.0	0.4996321	3.081942113156582	0	0	0	0		1	False	0
efae-SAMN36766199	PBF_P4	Contig:136:36.9978:3p:1:14:116,Contig:138:35.7228:3p:1:15:551,Contig:212:33.539:40749,Contig:65:75.7995:21078,Contig:67:36.4104:6846,Contig:102:88.6468:777,Contig:125:26.8369:3p:1:121:758,Contig:201:49.2948:4689,Contig:210:565.886:1794,Contig:100:34.4641:3p:1:8:1226,Contig:90:56.3658:1467,Contig:151:136.136:1466,Contig:86:85.4191:6389,Contig:48:46.7201:8074,Contig:13:300.614:597,Contig:125:26.8369:3p:1:102:247,Contig:32:174.226:1680,Contig:141:39.2662:3593,Contig:28:55.5458:1170,Contig:157:57.4583:3p:1:3:206,Contig:179:76.864:5374,Contig:157:57.4583:793,Contig:45:197.424:954,Contig:117:96.5071:964,Contig:106:28.4304:5p:1:17:392,Contig:90:56.3658:5p:1:3:155,Contig:33:81.2677:5591,Contig:204:76.8712:41878,Contig:136:36.9978:3p:1:10:261,Contig:17:30.4511:1700,Contig:161:68.5411:9564,Contig:10:43.5889:2457,Contig:178:51.2595:5p:1:10:193,Contig:131:68.5403:2590,Contig:108:35.4637:3p:1:2:484,Contig:159:718.244:809,Contig:123:44.0973:587,Contig:93:85.7917:10481,Contig:188:543.698:552,Contig:125:26.8369:3p:1:14:532,Contig:183:57.759:8294,Contig:79:75.5968:4343,Contig:59:34.9402:1996,Contig:152:150.366:1324,Contig:50:537.415:853,Contig:78:316.833:684,Contig:164:53.0191:4427,Contig:76:1010.18:1514,Contig:77:284.925:3906,Contig:138:35.7228:3p:1:2:579,Contig:178:51.2595:5p:1:19:217,Contig:84:49.1724:1544	4	-0.0489218826292932	13.563029152999999	0.6441988761700118	PBF_P15	Contig:125:26.8369:2489,Contig:50:537.415:853,Contig:108:35.4637:3p:1:2:484,Contig:214:85.3975:7944,Contig:125:26.8369:3p:1:14:532,Contig:188:543.698:552	4	0.0	2.5430859999999997	0.9191027151723309	4	-0.09789299672183169	18.39843915899999	0.32751676057887386	Contig:104:32.2747:3236,Contig:126:31.9997:11847,Contig:139:264.931:653,Contig:15:36.6119:4176,Contig:185:31.3781:8732,Contig:207:67.1883:1152,Contig:40:66.7821:1803,Contig:55:184.754:713,Contig:114:64.8563:3p:1:6:106,Contig:114:64.8563:3p:1:8:105,Contig:114:64.8563:3p:1:13:585,Contig:114:64.8563:3p:1:19:105,Contig:122:27.5939:3p:1:6:276,Contig:122:27.5939:3p:1:7:481,Contig:122:27.5939:3p:1:8:463,Contig:122:27.5939:3p:1:9:463,Contig:122:27.5939:3p:1:10:369,Contig:122:27.5939:3p:1:13:431,Contig:125:26.8369:3p:1:13:494,Contig:125:26.8369:3p:1:15:139,Contig:125:26.8369:3p:1:109:752	0	True	0
efae-SAMN36766199	PBF_P4	Contig:136:36.9978:3p:1:14:116,Contig:138:35.7228:3p:1:15:551,Contig:212:33.539:40749,Contig:65:75.7995:21078,Contig:67:36.4104:6846,Contig:102:88.6468:777,Contig:125:26.8369:3p:1:121:758,Contig:201:49.2948:4689,Contig:210:565.886:1794,Contig:100:34.4641:3p:1:8:1226,Contig:90:56.3658:1467,Contig:151:136.136:1466,Contig:86:85.4191:6389,Contig:48:46.7201:8074,Contig:13:300.614:597,Contig:125:26.8369:3p:1:102:247,Contig:32:174.226:1680,Contig:141:39.2662:3593,Contig:28:55.5458:1170,Contig:157:57.4583:3p:1:3:206,Contig:179:76.864:5374,Contig:157:57.4583:793,Contig:45:197.424:954,Contig:117:96.5071:964,Contig:106:28.4304:5p:1:17:392,Contig:90:56.3658:5p:1:3:155,Contig:33:81.2677:5591,Contig:204:76.8712:41878,Contig:136:36.9978:3p:1:10:261,Contig:17:30.4511:1700,Contig:161:68.5411:9564,Contig:10:43.5889:2457,Contig:178:51.2595:5p:1:10:193,Contig:131:68.5403:2590,Contig:108:35.4637:3p:1:2:484,Contig:159:718.244:809,Contig:123:44.0973:587,Contig:93:85.7917:10481,Contig:188:543.698:552,Contig:125:26.8369:3p:1:14:532,Contig:183:57.759:8294,Contig:79:75.5968:4343,Contig:59:34.9402:1996,Contig:152:150.366:1324,Contig:50:537.415:853,Contig:78:316.833:684,Contig:164:53.0191:4427,Contig:76:1010.18:1514,Contig:77:284.925:3906,Contig:138:35.7228:3p:1:2:579,Contig:178:51.2595:5p:1:19:217,Contig:84:49.1724:1544	4	-0.0489218826292932	13.563029152999999	0.6441988761700118	PBF_P16	Contig:175:33.0843:28604,Contig:32:174.226:1680,Contig:50:537.415:853,Contig:214:85.3975:7944,Contig:188:543.698:552,Contig:179:76.864:5374	4	-0.0020251717045255413	2.34132866	0.8450448130547485	4	-0.0925726245886846	16.734011257999995	0.3275167605788738	Contig:118:175.893:1493,Contig:139:264.931:653,Contig:146:38.3119:9434,Contig:15:36.6119:4176,Contig:185:31.3781:8732,Contig:203:30.4273:8590,Contig:207:67.1883:1152,Contig:55:184.754:713,Contig:108:35.4637:3p:1:5:489,Contig:114:64.8563:3p:1:6:106,Contig:114:64.8563:3p:1:8:105,Contig:114:64.8563:3p:1:13:585,Contig:114:64.8563:3p:1:19:105,Contig:118:175.893:3p:1:44:1514	0	True	0
efae-SAMN36766199	PBF_P4	Contig:136:36.9978:3p:1:14:116,Contig:138:35.7228:3p:1:15:551,Contig:212:33.539:40749,Contig:65:75.7995:21078,Contig:67:36.4104:6846,Contig:102:88.6468:777,Contig:125:26.8369:3p:1:121:758,Contig:201:49.2948:4689,Contig:210:565.886:1794,Contig:100:34.4641:3p:1:8:1226,Contig:90:56.3658:1467,Contig:151:136.136:1466,Contig:86:85.4191:6389,Contig:48:46.7201:8074,Contig:13:300.614:597,Contig:125:26.8369:3p:1:102:247,Contig:32:174.226:1680,Contig:141:39.2662:3593,Contig:28:55.5458:1170,Contig:157:57.4583:3p:1:3:206,Contig:179:76.864:5374,Contig:157:57.4583:793,Contig:45:197.424:954,Contig:117:96.5071:964,Contig:106:28.4304:5p:1:17:392,Contig:90:56.3658:5p:1:3:155,Contig:33:81.2677:5591,Contig:204:76.8712:41878,Contig:136:36.9978:3p:1:10:261,Contig:17:30.4511:1700,Contig:161:68.5411:9564,Contig:10:43.5889:2457,Contig:178:51.2595:5p:1:10:193,Contig:131:68.5403:2590,Contig:108:35.4637:3p:1:2:484,Contig:159:718.244:809,Contig:123:44.0973:587,Contig:93:85.7917:10481,Contig:188:543.698:552,Contig:125:26.8369:3p:1:14:532,Contig:183:57.759:8294,Contig:79:75.5968:4343,Contig:59:34.9402:1996,Contig:152:150.366:1324,Contig:50:537.415:853,Contig:78:316.833:684,Contig:164:53.0191:4427,Contig:76:1010.18:1514,Contig:77:284.925:3906,Contig:138:35.7228:3p:1:2:579,Contig:178:51.2595:5p:1:19:217,Contig:84:49.1724:1544	4	-0.0489218826292932	13.563029152999999	0.6441988761700118	PBF_P17	Contig:136:36.9978:2675,Contig:125:26.8369:3p:1:102:247,Contig:78:316.833:684,Contig:125:26.8369:3p:1:14:532	4	-0.003082413705677939	1.82257958	1.6317844655488762	4	-0.10097541042750963	17.677932738999992	0.3275167605788738	Contig:104:32.2747:3236,Contig:126:31.9997:11847,Contig:139:264.931:653,Contig:15:36.6119:4176,Contig:185:31.3781:8732,Contig:207:67.1883:1152,Contig:40:66.7821:1803,Contig:55:184.754:713,Contig:114:64.8563:3p:1:6:106,Contig:114:64.8563:3p:1:8:105,Contig:114:64.8563:3p:1:13:585,Contig:114:64.8563:3p:1:19:105,Contig:122:27.5939:3p:1:6:276,Contig:122:27.5939:3p:1:7:481,Contig:122:27.5939:3p:1:8:463,Contig:122:27.5939:3p:1:9:463,Contig:122:27.5939:3p:1:10:369,Contig:122:27.5939:3p:1:13:431,Contig:125:26.8369:3p:1:13:494,Contig:125:26.8369:3p:1:15:139,Contig:125:26.8369:3p:1:109:752	0	True	0
efae-SAMN36766199	PBF_P4	Contig:136:36.9978:3p:1:14:116,Contig:138:35.7228:3p:1:15:551,Contig:212:33.539:40749,Contig:65:75.7995:21078,Contig:67:36.4104:6846,Contig:102:88.6468:777,Contig:125:26.8369:3p:1:121:758,Contig:201:49.2948:4689,Contig:210:565.886:1794,Contig:100:34.4641:3p:1:8:1226,Contig:90:56.3658:1467,Contig:151:136.136:1466,Contig:86:85.4191:6389,Contig:48:46.7201:8074,Contig:13:300.614:597,Contig:125:26.8369:3p:1:102:247,Contig:32:174.226:1680,Contig:141:39.2662:3593,Contig:28:55.5458:1170,Contig:157:57.4583:3p:1:3:206,Contig:179:76.864:5374,Contig:157:57.4583:793,Contig:45:197.424:954,Contig:117:96.5071:964,Contig:106:28.4304:5p:1:17:392,Contig:90:56.3658:5p:1:3:155,Contig:33:81.2677:5591,Contig:204:76.8712:41878,Contig:136:36.9978:3p:1:10:261,Contig:17:30.4511:1700,Contig:161:68.5411:9564,Contig:10:43.5889:2457,Contig:178:51.2595:5p:1:10:193,Contig:131:68.5403:2590,Contig:108:35.4637:3p:1:2:484,Contig:159:718.244:809,Contig:123:44.0973:587,Contig:93:85.7917:10481,Contig:188:543.698:552,Contig:125:26.8369:3p:1:14:532,Contig:183:57.759:8294,Contig:79:75.5968:4343,Contig:59:34.9402:1996,Contig:152:150.366:1324,Contig:50:537.415:853,Contig:78:316.833:684,Contig:164:53.0191:4427,Contig:76:1010.18:1514,Contig:77:284.925:3906,Contig:138:35.7228:3p:1:2:579,Contig:178:51.2595:5p:1:19:217,Contig:84:49.1724:1544	4	0	0	0	PBF_P18	Contig:50:537.415:853,Contig:108:35.4637:3p:1:2:484,Contig:188:543.698:552,Contig:183:57.759:8294	4	0	0	0	0	0	0	0	[]	0	1	1
efae-SAMN36766199	PBF_P4	Contig:136:36.9978:3p:1:14:116,Contig:138:35.7228:3p:1:15:551,Contig:212:33.539:40749,Contig:65:75.7995:21078,Contig:67:36.4104:6846,Contig:102:88.6468:777,Contig:125:26.8369:3p:1:121:758,Contig:201:49.2948:4689,Contig:210:565.886:1794,Contig:100:34.4641:3p:1:8:1226,Contig:90:56.3658:1467,Contig:151:136.136:1466,Contig:86:85.4191:6389,Contig:48:46.7201:8074,Contig:13:300.614:597,Contig:125:26.8369:3p:1:102:247,Contig:32:174.226:1680,Contig:141:39.2662:3593,Contig:28:55.5458:1170,Contig:157:57.4583:3p:1:3:206,Contig:179:76.864:5374,Contig:157:57.4583:793,Contig:45:197.424:954,Contig:117:96.5071:964,Contig:106:28.4304:5p:1:17:392,Contig:90:56.3658:5p:1:3:155,Contig:33:81.2677:5591,Contig:204:76.8712:41878,Contig:136:36.9978:3p:1:10:261,Contig:17:30.4511:1700,Contig:161:68.5411:9564,Contig:10:43.5889:2457,Contig:178:51.2595:5p:1:10:193,Contig:131:68.5403:2590,Contig:108:35.4637:3p:1:2:484,Contig:159:718.244:809,Contig:123:44.0973:587,Contig:93:85.7917:10481,Contig:188:543.698:552,Contig:125:26.8369:3p:1:14:532,Contig:183:57.759:8294,Contig:79:75.5968:4343,Contig:59:34.9402:1996,Contig:152:150.366:1324,Contig:50:537.415:853,Contig:78:316.833:684,Contig:164:53.0191:4427,Contig:76:1010.18:1514,Contig:77:284.925:3906,Contig:138:35.7228:3p:1:2:579,Contig:178:51.2595:5p:1:19:217,Contig:84:49.1724:1544	4	-0.0489218826292932	13.563029152999999	0.6441988761700118	PBF_P19	Contig:122:27.5939:3p:1:4:276,Contig:122:27.5939:3p:1:8:463,Contig:122:27.5939:4388,Contig:122:27.5939:3p:1:7:481	4	-0.006032033777871176	1.16563207	0.8904975935288741	4	-0.09657948666203023	16.901986593	0.3275167605788738	Contig:139:264.931:653,Contig:15:36.6119:4176,Contig:185:31.3781:8732,Contig:207:67.1883:1152,Contig:30:58.7434:1428,Contig:55:184.754:713,Contig:114:64.8563:3p:1:6:106,Contig:114:64.8563:3p:1:8:105,Contig:114:64.8563:3p:1:13:585,Contig:114:64.8563:3p:1:19:105	0	False	0
efae-SAMN36766199	PBF_P4	Contig:136:36.9978:3p:1:14:116,Contig:138:35.7228:3p:1:15:551,Contig:212:33.539:40749,Contig:65:75.7995:21078,Contig:67:36.4104:6846,Contig:102:88.6468:777,Contig:125:26.8369:3p:1:121:758,Contig:201:49.2948:4689,Contig:210:565.886:1794,Contig:100:34.4641:3p:1:8:1226,Contig:90:56.3658:1467,Contig:151:136.136:1466,Contig:86:85.4191:6389,Contig:48:46.7201:8074,Contig:13:300.614:597,Contig:125:26.8369:3p:1:102:247,Contig:32:174.226:1680,Contig:141:39.2662:3593,Contig:28:55.5458:1170,Contig:157:57.4583:3p:1:3:206,Contig:179:76.864:5374,Contig:157:57.4583:793,Contig:45:197.424:954,Contig:117:96.5071:964,Contig:106:28.4304:5p:1:17:392,Contig:90:56.3658:5p:1:3:155,Contig:33:81.2677:5591,Contig:204:76.8712:41878,Contig:136:36.9978:3p:1:10:261,Contig:17:30.4511:1700,Contig:161:68.5411:9564,Contig:10:43.5889:2457,Contig:178:51.2595:5p:1:10:193,Contig:131:68.5403:2590,Contig:108:35.4637:3p:1:2:484,Contig:159:718.244:809,Contig:123:44.0973:587,Contig:93:85.7917:10481,Contig:188:543.698:552,Contig:125:26.8369:3p:1:14:532,Contig:183:57.759:8294,Contig:79:75.5968:4343,Contig:59:34.9402:1996,Contig:152:150.366:1324,Contig:50:537.415:853,Contig:78:316.833:684,Contig:164:53.0191:4427,Contig:76:1010.18:1514,Contig:77:284.925:3906,Contig:138:35.7228:3p:1:2:579,Contig:178:51.2595:5p:1:19:217,Contig:84:49.1724:1544	4	-0.0489218826292932	13.563029152999999	0.6441988761700118	PBF_P20	Contig:136:36.9978:2675	4	0.0	0.41581272999999996	1.6317844655488762	4	-0.0489218826292932	13.978841883	0.6441988761707762		0	False	0
efae-SAMN36766199	PBF_P5	Contig:3:449.536:Circ:4377	4	0.0	0.49995579999999995	11.236106765323669	PBF_P6	Contig:136:36.9978:3p:1:14:116,Contig:178:51.2595:2346,Contig:186:30.3502:15740,Contig:138:35.7228:3p:1:15:551,Contig:65:75.7995:21078,Contig:67:36.4104:6846,Contig:102:88.6468:777,Contig:201:49.2948:4689,Contig:210:565.886:1794,Contig:100:34.4641:3p:1:8:1226,Contig:90:56.3658:1467,Contig:86:85.4191:6389,Contig:13:300.614:597,Contig:125:26.8369:3p:1:102:247,Contig:32:174.226:1680,Contig:141:39.2662:3593,Contig:157:57.4583:3p:1:3:206,Contig:179:76.864:5374,Contig:157:57.4583:793,Contig:45:197.424:954,Contig:117:96.5071:964,Contig:106:28.4304:5p:1:17:392,Contig:90:56.3658:5p:1:3:155,Contig:33:81.2677:5591,Contig:204:76.8712:41878,Contig:136:36.9978:3p:1:10:261,Contig:17:30.4511:1700,Contig:178:51.2595:5p:1:10:193,Contig:182:33.2808:16043,Contig:108:35.4637:3p:1:2:484,Contig:159:718.244:809,Contig:93:85.7917:10481,Contig:125:26.8369:3p:1:14:532,Contig:188:543.698:552,Contig:79:75.5968:4343,Contig:29:39.7161:5936,Contig:118:175.893:1493,Contig:60:31.8529:15921,Contig:152:150.366:1324,Contig:50:537.415:853,Contig:78:316.833:684,Contig:164:53.0191:4427,Contig:76:1010.18:1514,Contig:77:284.925:3906,Contig:138:35.7228:3p:1:2:579,Contig:178:51.2595:5p:1:19:217,Contig:84:49.1724:1544	4	-0.03598457563908625	9.823198822999998	0.6441988761700118	0	0	0	0		1	False	0
efae-SAMN36766199	PBF_P5	Contig:3:449.536:Circ:4377	4	0.0	0.49995579999999995	11.236106765323669	PBF_P7	Contig:136:36.9978:3p:1:14:116,Contig:138:35.7228:3p:1:15:551,Contig:223:33.0538:1192,Contig:212:33.539:40749,Contig:65:75.7995:21078,Contig:201:49.2948:4689,Contig:210:565.886:1794,Contig:100:34.4641:3p:1:6:541,Contig:86:85.4191:6389,Contig:13:300.614:597,Contig:125:26.8369:3p:1:102:247,Contig:32:174.226:1680,Contig:141:39.2662:3593,Contig:179:76.864:5374,Contig:117:96.5071:964,Contig:106:28.4304:5p:1:17:392,Contig:224:32.0904:16841,Contig:204:76.8712:41878,Contig:136:36.9978:3p:1:10:261,Contig:182:33.2808:16043,Contig:108:35.4637:3p:1:2:484,Contig:159:718.244:809,Contig:93:85.7917:10481,Contig:125:26.8369:3p:1:14:532,Contig:188:543.698:552,Contig:79:75.5968:4343,Contig:29:39.7161:5936,Contig:152:150.366:1324,Contig:50:537.415:853,Contig:78:316.833:684,Contig:164:53.0191:4427,Contig:76:1010.18:1514,Contig:77:284.925:3906,Contig:138:35.7228:3p:1:2:579	4	-0.03988536499737602	7.4633927259999995	0.7666303115735077	0	0	0	0		1	False	0
efae-SAMN36766199	PBF_P5	Contig:3:449.536:Circ:4377	4	0.0	0.49995579999999995	11.236106765323669	PBF_P8	Contig:136:36.9978:3p:1:14:116,Contig:186:30.3502:15740,Contig:138:35.7228:3p:1:15:551,Contig:65:75.7995:21078,Contig:201:49.2948:4689,Contig:210:565.886:1794,Contig:100:34.4641:3p:1:6:541,Contig:86:85.4191:6389,Contig:13:300.614:597,Contig:125:26.8369:3p:1:102:247,Contig:32:174.226:1680,Contig:141:39.2662:3593,Contig:179:76.864:5374,Contig:117:96.5071:964,Contig:106:28.4304:5p:1:17:392,Contig:224:32.0904:16841,Contig:204:76.8712:41878,Contig:136:36.9978:3p:1:10:261,Contig:182:33.2808:16043,Contig:108:35.4637:3p:1:2:484,Contig:159:718.244:809,Contig:125:26.8369:3p:1:14:532,Contig:188:543.698:552,Contig:79:75.5968:4343,Contig:152:150.366:1324,Contig:50:537.415:853,Contig:78:316.833:684,Contig:76:1010.18:1514,Contig:77:284.925:3906,Contig:138:35.7228:3p:1:2:579	4	-0.011287362609982449	6.819526646	0.7826940283470984	0	0	0	0		1	False	0
efae-SAMN36766199	PBF_P5	Contig:3:449.536:Circ:4377	4	0.0	0.49995579999999995	11.236106765323669	PBF_P9	Contig:136:36.9978:3p:1:14:116,Contig:186:30.3502:15740,Contig:138:35.7228:3p:1:15:551,Contig:65:75.7995:21078,Contig:86:85.4191:6389,Contig:13:300.614:597,Contig:125:26.8369:3p:1:102:247,Contig:32:174.226:1680,Contig:141:39.2662:3593,Contig:179:76.864:5374,Contig:204:76.8712:41878,Contig:136:36.9978:3p:1:10:261,Contig:182:33.2808:16043,Contig:108:35.4637:3p:1:2:484,Contig:125:26.8369:3p:1:14:532,Contig:188:543.698:552,Contig:76:1010.18:1514,Contig:79:75.5968:4343,Contig:50:537.415:853,Contig:78:316.833:684,Contig:152:150.366:1324,Contig:138:35.7228:3p:1:2:579	4	-0.011287362609982449	5.988723532999998	0.7826940283470984	0	0	0	0		1	False	0
efae-SAMN36766199	PBF_P5	Contig:3:449.536:Circ:4377	4	0.0	0.49995579999999995	11.236106765323669	PBF_P10	Contig:136:36.9978:3p:1:14:116,Contig:186:30.3502:15740,Contig:65:75.7995:21078,Contig:86:85.4191:6389,Contig:125:26.8369:3p:1:102:247,Contig:32:174.226:1680,Contig:179:76.864:5374,Contig:204:76.8712:41878,Contig:193:37.1403:85323,Contig:136:36.9978:3p:1:10:261,Contig:108:35.4637:3p:1:2:484,Contig:125:26.8369:3p:1:14:532,Contig:188:543.698:552,Contig:79:75.5968:4343,Contig:152:150.366:1324,Contig:50:537.415:853,Contig:78:316.833:684,Contig:76:1010.18:1514	4	-0.011287362609982449	5.6365434527	0.7826940283470984	0	0	0	0		1	False	0
efae-SAMN36766199	PBF_P5	Contig:3:449.536:Circ:4377	4	0.0	0.49995579999999995	11.236106765323669	PBF_P11	Contig:136:36.9978:3p:1:14:116,Contig:65:75.7995:21078,Contig:136:36.9978:3p:1:10:261,Contig:125:26.8369:3p:1:102:247,Contig:50:537.415:853,Contig:108:35.4637:3p:1:2:484,Contig:214:85.3975:7944,Contig:78:316.833:684,Contig:125:26.8369:3p:1:14:532,Contig:188:543.698:552	4	-0.0065646715904890685	4.5243369499999995	1.97130530166717	0	0	0	0		1	False	0
efae-SAMN36766199	PBF_P5	Contig:3:449.536:Circ:4377	4	0.0	0.49995579999999995	11.236106765323669	PBF_P12	Contig:136:36.9978:3p:1:14:116,Contig:13:300.614:597,Contig:175:33.0843:28604,Contig:125:26.8369:3p:1:102:247,Contig:32:174.226:1680,Contig:136:36.9978:3p:1:13:303,Contig:179:76.864:5374,Contig:136:36.9978:3p:1:10:261,Contig:182:33.2808:16043,Contig:139:264.931:653,Contig:125:26.8369:3p:1:14:532,Contig:188:543.698:552,Contig:138:35.7228:23576,Contig:209:258.736:739,Contig:50:537.415:853,Contig:78:316.833:684,Contig:138:35.7228:3p:1:2:579	4	-0.024479675076039487	4.261916269999999	0.8054437508722315	0	0	0	0		1	False	0
efae-SAMN36766199	PBF_P5	Contig:3:449.536:Circ:4377	4	0.0	0.49995579999999995	11.236106765323669	PBF_P13	Contig:79:75.5968:4343,Contig:204:76.8712:41878,Contig:32:174.226:1680,Contig:50:537.415:853,Contig:214:85.3975:7944,Contig:152:150.366:1324,Contig:188:543.698:552,Contig:179:76.864:5374	4	-0.00472269101949338	3.62899702	1.938683353738387	0	0	0	0		1	False	0
efae-SAMN36766199	PBF_P5	Contig:3:449.536:Circ:4377	4	0.0	0.49995579999999995	11.236106765323669	PBF_P14	Contig:2:127.633:Circ:4461	4	0.0	0.4996321	3.081942113156582	0	0	0	0		1	False	0
efae-SAMN36766199	PBF_P5	Contig:3:449.536:Circ:4377	4	0.0	0.49995579999999995	11.236106765323669	PBF_P15	Contig:125:26.8369:2489,Contig:50:537.415:853,Contig:108:35.4637:3p:1:2:484,Contig:214:85.3975:7944,Contig:125:26.8369:3p:1:14:532,Contig:188:543.698:552	4	0.0	2.5430859999999997	0.9191027151723309	0	0	0	0		1	False	0
efae-SAMN36766199	PBF_P5	Contig:3:449.536:Circ:4377	4	0.0	0.49995579999999995	11.236106765323669	PBF_P16	Contig:175:33.0843:28604,Contig:32:174.226:1680,Contig:50:537.415:853,Contig:214:85.3975:7944,Contig:188:543.698:552,Contig:179:76.864:5374	4	-0.0020251717045255413	2.34132866	0.8450448130547485	0	0	0	0		1	False	0
efae-SAMN36766199	PBF_P5	Contig:3:449.536:Circ:4377	4	0.0	0.49995579999999995	11.236106765323669	PBF_P17	Contig:136:36.9978:2675,Contig:125:26.8369:3p:1:102:247,Contig:78:316.833:684,Contig:125:26.8369:3p:1:14:532	4	-0.003082413705677939	1.82257958	1.6317844655488762	0	0	0	0		1	False	0
efae-SAMN36766199	PBF_P5	Contig:3:449.536:Circ:4377	4	0.0	0.49995579999999995	11.236106765323669	PBF_P18	Contig:50:537.415:853,Contig:108:35.4637:3p:1:2:484,Contig:188:543.698:552,Contig:183:57.759:8294	4	0.0	1.7293466400000002	1.491070277063081	0	0	0	0		1	False	0
efae-SAMN36766199	PBF_P5	Contig:3:449.536:Circ:4377	4	0.0	0.49995579999999995	11.236106765323669	PBF_P19	Contig:122:27.5939:3p:1:4:276,Contig:122:27.5939:3p:1:8:463,Contig:122:27.5939:4388,Contig:122:27.5939:3p:1:7:481	4	-0.006032033777871176	1.16563207	0.8904975935288741	0	0	0	0		1	False	0
efae-SAMN36766199	PBF_P5	Contig:3:449.536:Circ:4377	4	0.0	0.49995579999999995	11.236106765323669	PBF_P20	Contig:136:36.9978:2675	4	0.0	0.41581272999999996	1.6317844655488762	0	0	0	0		1	False	0
efae-SAMN36766199	PBF_P6	Contig:136:36.9978:3p:1:14:116,Contig:178:51.2595:2346,Contig:186:30.3502:15740,Contig:138:35.7228:3p:1:15:551,Contig:65:75.7995:21078,Contig:67:36.4104:6846,Contig:102:88.6468:777,Contig:201:49.2948:4689,Contig:210:565.886:1794,Contig:100:34.4641:3p:1:8:1226,Contig:90:56.3658:1467,Contig:86:85.4191:6389,Contig:13:300.614:597,Contig:125:26.8369:3p:1:102:247,Contig:32:174.226:1680,Contig:141:39.2662:3593,Contig:157:57.4583:3p:1:3:206,Contig:179:76.864:5374,Contig:157:57.4583:793,Contig:45:197.424:954,Contig:117:96.5071:964,Contig:106:28.4304:5p:1:17:392,Contig:90:56.3658:5p:1:3:155,Contig:33:81.2677:5591,Contig:204:76.8712:41878,Contig:136:36.9978:3p:1:10:261,Contig:17:30.4511:1700,Contig:178:51.2595:5p:1:10:193,Contig:182:33.2808:16043,Contig:108:35.4637:3p:1:2:484,Contig:159:718.244:809,Contig:93:85.7917:10481,Contig:125:26.8369:3p:1:14:532,Contig:188:543.698:552,Contig:79:75.5968:4343,Contig:29:39.7161:5936,Contig:118:175.893:1493,Contig:60:31.8529:15921,Contig:152:150.366:1324,Contig:50:537.415:853,Contig:78:316.833:684,Contig:164:53.0191:4427,Contig:76:1010.18:1514,Contig:77:284.925:3906,Contig:138:35.7228:3p:1:2:579,Contig:178:51.2595:5p:1:19:217,Contig:84:49.1724:1544	4	-0.03598457563908625	9.823198822999998	0.6441988761700118	PBF_P7	Contig:136:36.9978:3p:1:14:116,Contig:138:35.7228:3p:1:15:551,Contig:223:33.0538:1192,Contig:212:33.539:40749,Contig:65:75.7995:21078,Contig:201:49.2948:4689,Contig:210:565.886:1794,Contig:100:34.4641:3p:1:6:541,Contig:86:85.4191:6389,Contig:13:300.614:597,Contig:125:26.8369:3p:1:102:247,Contig:32:174.226:1680,Contig:141:39.2662:3593,Contig:179:76.864:5374,Contig:117:96.5071:964,Contig:106:28.4304:5p:1:17:392,Contig:224:32.0904:16841,Contig:204:76.8712:41878,Contig:136:36.9978:3p:1:10:261,Contig:182:33.2808:16043,Contig:108:35.4637:3p:1:2:484,Contig:159:718.244:809,Contig:93:85.7917:10481,Contig:125:26.8369:3p:1:14:532,Contig:188:543.698:552,Contig:79:75.5968:4343,Contig:29:39.7161:5936,Contig:152:150.366:1324,Contig:50:537.415:853,Contig:78:316.833:684,Contig:164:53.0191:4427,Contig:76:1010.18:1514,Contig:77:284.925:3906,Contig:138:35.7228:3p:1:2:579	4	-0.03988536499737602	7.4633927259999995	0.7666303115735077	4	-0.12484105472900076	19.578915554999988	0.3275167605796764	Contig:104:32.2747:3236,Contig:126:31.9997:11847,Contig:139:264.931:653,Contig:15:36.6119:4176,Contig:185:31.3781:8732,Contig:207:67.1883:1152,Contig:40:66.7821:1803,Contig:55:184.754:713,Contig:114:64.8563:3p:1:6:106,Contig:114:64.8563:3p:1:8:105,Contig:114:64.8563:3p:1:13:585,Contig:114:64.8563:3p:1:19:105,Contig:122:27.5939:3p:1:6:276,Contig:122:27.5939:3p:1:7:481,Contig:122:27.5939:3p:1:8:463,Contig:122:27.5939:3p:1:9:463,Contig:122:27.5939:3p:1:10:369,Contig:122:27.5939:3p:1:13:431,Contig:125:26.8369:3p:1:13:494,Contig:125:26.8369:3p:1:15:139,Contig:125:26.8369:3p:1:109:752	0	True	0
efae-SAMN36766199	PBF_P6	Contig:136:36.9978:3p:1:14:116,Contig:178:51.2595:2346,Contig:186:30.3502:15740,Contig:138:35.7228:3p:1:15:551,Contig:65:75.7995:21078,Contig:67:36.4104:6846,Contig:102:88.6468:777,Contig:201:49.2948:4689,Contig:210:565.886:1794,Contig:100:34.4641:3p:1:8:1226,Contig:90:56.3658:1467,Contig:86:85.4191:6389,Contig:13:300.614:597,Contig:125:26.8369:3p:1:102:247,Contig:32:174.226:1680,Contig:141:39.2662:3593,Contig:157:57.4583:3p:1:3:206,Contig:179:76.864:5374,Contig:157:57.4583:793,Contig:45:197.424:954,Contig:117:96.5071:964,Contig:106:28.4304:5p:1:17:392,Contig:90:56.3658:5p:1:3:155,Contig:33:81.2677:5591,Contig:204:76.8712:41878,Contig:136:36.9978:3p:1:10:261,Contig:17:30.4511:1700,Contig:178:51.2595:5p:1:10:193,Contig:182:33.2808:16043,Contig:108:35.4637:3p:1:2:484,Contig:159:718.244:809,Contig:93:85.7917:10481,Contig:125:26.8369:3p:1:14:532,Contig:188:543.698:552,Contig:79:75.5968:4343,Contig:29:39.7161:5936,Contig:118:175.893:1493,Contig:60:31.8529:15921,Contig:152:150.366:1324,Contig:50:537.415:853,Contig:78:316.833:684,Contig:164:53.0191:4427,Contig:76:1010.18:1514,Contig:77:284.925:3906,Contig:138:35.7228:3p:1:2:579,Contig:178:51.2595:5p:1:19:217,Contig:84:49.1724:1544	4	-0.03598457563908625	9.823198822999998	0.6441988761700118	PBF_P8	Contig:136:36.9978:3p:1:14:116,Contig:186:30.3502:15740,Contig:138:35.7228:3p:1:15:551,Contig:65:75.7995:21078,Contig:201:49.2948:4689,Contig:210:565.886:1794,Contig:100:34.4641:3p:1:6:541,Contig:86:85.4191:6389,Contig:13:300.614:597,Contig:125:26.8369:3p:1:102:247,Contig:32:174.226:1680,Contig:141:39.2662:3593,Contig:179:76.864:5374,Contig:117:96.5071:964,Contig:106:28.4304:5p:1:17:392,Contig:224:32.0904:16841,Contig:204:76.8712:41878,Contig:136:36.9978:3p:1:10:261,Contig:182:33.2808:16043,Contig:108:35.4637:3p:1:2:484,Contig:159:718.244:809,Contig:125:26.8369:3p:1:14:532,Contig:188:543.698:552,Contig:79:75.5968:4343,Contig:152:150.366:1324,Contig:50:537.415:853,Contig:78:316.833:684,Contig:76:1010.18:1514,Contig:77:284.925:3906,Contig:138:35.7228:3p:1:2:579	4	-0.011287362609982449	6.819526646	0.7826940283470984	4	-0.09624305234160718	18.935049475	0.3275167605788738	Contig:104:32.2747:3236,Contig:126:31.9997:11847,Contig:139:264.931:653,Contig:15:36.6119:4176,Contig:185:31.3781:8732,Contig:207:67.1883:1152,Contig:40:66.7821:1803,Contig:55:184.754:713,Contig:114:64.8563:3p:1:6:106,Contig:114:64.8563:3p:1:8:105,Contig:114:64.8563:3p:1:13:585,Contig:114:64.8563:3p:1:19:105,Contig:122:27.5939:3p:1:6:276,Contig:122:27.5939:3p:1:7:481,Contig:122:27.5939:3p:1:8:463,Contig:122:27.5939:3p:1:9:463,Contig:122:27.5939:3p:1:10:369,Contig:122:27.5939:3p:1:13:431,Contig:125:26.8369:3p:1:13:494,Contig:125:26.8369:3p:1:15:139,Contig:125:26.8369:3p:1:109:752	0	True	0
efae-SAMN36766199	PBF_P6	Contig:136:36.9978:3p:1:14:116,Contig:178:51.2595:2346,Contig:186:30.3502:15740,Contig:138:35.7228:3p:1:15:551,Contig:65:75.7995:21078,Contig:67:36.4104:6846,Contig:102:88.6468:777,Contig:201:49.2948:4689,Contig:210:565.886:1794,Contig:100:34.4641:3p:1:8:1226,Contig:90:56.3658:1467,Contig:86:85.4191:6389,Contig:13:300.614:597,Contig:125:26.8369:3p:1:102:247,Contig:32:174.226:1680,Contig:141:39.2662:3593,Contig:157:57.4583:3p:1:3:206,Contig:179:76.864:5374,Contig:157:57.4583:793,Contig:45:197.424:954,Contig:117:96.5071:964,Contig:106:28.4304:5p:1:17:392,Contig:90:56.3658:5p:1:3:155,Contig:33:81.2677:5591,Contig:204:76.8712:41878,Contig:136:36.9978:3p:1:10:261,Contig:17:30.4511:1700,Contig:178:51.2595:5p:1:10:193,Contig:182:33.2808:16043,Contig:108:35.4637:3p:1:2:484,Contig:159:718.244:809,Contig:93:85.7917:10481,Contig:125:26.8369:3p:1:14:532,Contig:188:543.698:552,Contig:79:75.5968:4343,Contig:29:39.7161:5936,Contig:118:175.893:1493,Contig:60:31.8529:15921,Contig:152:150.366:1324,Contig:50:537.415:853,Contig:78:316.833:684,Contig:164:53.0191:4427,Contig:76:1010.18:1514,Contig:77:284.925:3906,Contig:138:35.7228:3p:1:2:579,Contig:178:51.2595:5p:1:19:217,Contig:84:49.1724:1544	4	0	0	0	PBF_P9	Contig:136:36.9978:3p:1:14:116,Contig:186:30.3502:15740,Contig:138:35.7228:3p:1:15:551,Contig:65:75.7995:21078,Contig:86:85.4191:6389,Contig:13:300.614:597,Contig:125:26.8369:3p:1:102:247,Contig:32:174.226:1680,Contig:141:39.2662:3593,Contig:179:76.864:5374,Contig:204:76.8712:41878,Contig:136:36.9978:3p:1:10:261,Contig:182:33.2808:16043,Contig:108:35.4637:3p:1:2:484,Contig:125:26.8369:3p:1:14:532,Contig:188:543.698:552,Contig:76:1010.18:1514,Contig:79:75.5968:4343,Contig:50:537.415:853,Contig:78:316.833:684,Contig:152:150.366:1324,Contig:138:35.7228:3p:1:2:579	4	0	0	0	0	0	0	0	[]	0	1	1
efae-SAMN36766199	PBF_P6	Contig:136:36.9978:3p:1:14:116,Contig:178:51.2595:2346,Contig:186:30.3502:15740,Contig:138:35.7228:3p:1:15:551,Contig:65:75.7995:21078,Contig:67:36.4104:6846,Contig:102:88.6468:777,Contig:201:49.2948:4689,Contig:210:565.886:1794,Contig:100:34.4641:3p:1:8:1226,Contig:90:56.3658:1467,Contig:86:85.4191:6389,Contig:13:300.614:597,Contig:125:26.8369:3p:1:102:247,Contig:32:174.226:1680,Contig:141:39.2662:3593,Contig:157:57.4583:3p:1:3:206,Contig:179:76.864:5374,Contig:157:57.4583:793,Contig:45:197.424:954,Contig:117:96.5071:964,Contig:106:28.4304:5p:1:17:392,Contig:90:56.3658:5p:1:3:155,Contig:33:81.2677:5591,Contig:204:76.8712:41878,Contig:136:36.9978:3p:1:10:261,Contig:17:30.4511:1700,Contig:178:51.2595:5p:1:10:193,Contig:182:33.2808:16043,Contig:108:35.4637:3p:1:2:484,Contig:159:718.244:809,Contig:93:85.7917:10481,Contig:125:26.8369:3p:1:14:532,Contig:188:543.698:552,Contig:79:75.5968:4343,Contig:29:39.7161:5936,Contig:118:175.893:1493,Contig:60:31.8529:15921,Contig:152:150.366:1324,Contig:50:537.415:853,Contig:78:316.833:684,Contig:164:53.0191:4427,Contig:76:1010.18:1514,Contig:77:284.925:3906,Contig:138:35.7228:3p:1:2:579,Contig:178:51.2595:5p:1:19:217,Contig:84:49.1724:1544	4	-0.03598457563908625	9.823198822999998	0.6441988761700118	PBF_P10	Contig:136:36.9978:3p:1:14:116,Contig:186:30.3502:15740,Contig:65:75.7995:21078,Contig:86:85.4191:6389,Contig:125:26.8369:3p:1:102:247,Contig:32:174.226:1680,Contig:179:76.864:5374,Contig:204:76.8712:41878,Contig:193:37.1403:85323,Contig:136:36.9978:3p:1:10:261,Contig:108:35.4637:3p:1:2:484,Contig:125:26.8369:3p:1:14:532,Contig:188:543.698:552,Contig:79:75.5968:4343,Contig:152:150.366:1324,Contig:50:537.415:853,Contig:78:316.833:684,Contig:76:1010.18:1514	4	-0.011287362609982449	5.6365434527	0.7826940283470984	4	-0.09624305234160718	17.7520662817	0.3275167605796764	Contig:104:32.2747:3236,Contig:126:31.9997:11847,Contig:139:264.931:653,Contig:15:36.6119:4176,Contig:185:31.3781:8732,Contig:207:67.1883:1152,Contig:40:66.7821:1803,Contig:55:184.754:713,Contig:114:64.8563:3p:1:6:106,Contig:114:64.8563:3p:1:8:105,Contig:114:64.8563:3p:1:13:585,Contig:114:64.8563:3p:1:19:105,Contig:122:27.5939:3p:1:6:276,Contig:122:27.5939:3p:1:7:481,Contig:122:27.5939:3p:1:8:463,Contig:122:27.5939:3p:1:9:463,Contig:122:27.5939:3p:1:10:369,Contig:122:27.5939:3p:1:13:431,Contig:125:26.8369:3p:1:13:494,Contig:125:26.8369:3p:1:15:139,Contig:125:26.8369:3p:1:109:752	0	True	0
efae-SAMN36766199	PBF_P6	Contig:136:36.9978:3p:1:14:116,Contig:178:51.2595:2346,Contig:186:30.3502:15740,Contig:138:35.7228:3p:1:15:551,Contig:65:75.7995:21078,Contig:67:36.4104:6846,Contig:102:88.6468:777,Contig:201:49.2948:4689,Contig:210:565.886:1794,Contig:100:34.4641:3p:1:8:1226,Contig:90:56.3658:1467,Contig:86:85.4191:6389,Contig:13:300.614:597,Contig:125:26.8369:3p:1:102:247,Contig:32:174.226:1680,Contig:141:39.2662:3593,Contig:157:57.4583:3p:1:3:206,Contig:179:76.864:5374,Contig:157:57.4583:793,Contig:45:197.424:954,Contig:117:96.5071:964,Contig:106:28.4304:5p:1:17:392,Contig:90:56.3658:5p:1:3:155,Contig:33:81.2677:5591,Contig:204:76.8712:41878,Contig:136:36.9978:3p:1:10:261,Contig:17:30.4511:1700,Contig:178:51.2595:5p:1:10:193,Contig:182:33.2808:16043,Contig:108:35.4637:3p:1:2:484,Contig:159:718.244:809,Contig:93:85.7917:10481,Contig:125:26.8369:3p:1:14:532,Contig:188:543.698:552,Contig:79:75.5968:4343,Contig:29:39.7161:5936,Contig:118:175.893:1493,Contig:60:31.8529:15921,Contig:152:150.366:1324,Contig:50:537.415:853,Contig:78:316.833:684,Contig:164:53.0191:4427,Contig:76:1010.18:1514,Contig:77:284.925:3906,Contig:138:35.7228:3p:1:2:579,Contig:178:51.2595:5p:1:19:217,Contig:84:49.1724:1544	4	-0.03598457563908625	9.823198822999998	0.6441988761700118	PBF_P11	Contig:136:36.9978:3p:1:14:116,Contig:65:75.7995:21078,Contig:136:36.9978:3p:1:10:261,Contig:125:26.8369:3p:1:102:247,Contig:50:537.415:853,Contig:108:35.4637:3p:1:2:484,Contig:214:85.3975:7944,Contig:78:316.833:684,Contig:125:26.8369:3p:1:14:532,Contig:188:543.698:552	4	-0.0065646715904890685	4.5243369499999995	1.97130530166717	4	-0.0915203613221138	16.639859779	0.3275167605788738	Contig:104:32.2747:3236,Contig:126:31.9997:11847,Contig:139:264.931:653,Contig:15:36.6119:4176,Contig:185:31.3781:8732,Contig:207:67.1883:1152,Contig:40:66.7821:1803,Contig:55:184.754:713,Contig:114:64.8563:3p:1:6:106,Contig:114:64.8563:3p:1:8:105,Contig:114:64.8563:3p:1:13:585,Contig:114:64.8563:3p:1:19:105,Contig:122:27.5939:3p:1:6:276,Contig:122:27.5939:3p:1:7:481,Contig:122:27.5939:3p:1:8:463,Contig:122:27.5939:3p:1:9:463,Contig:122:27.5939:3p:1:10:369,Contig:122:27.5939:3p:1:13:431,Contig:125:26.8369:3p:1:13:494,Contig:125:26.8369:3p:1:15:139,Contig:125:26.8369:3p:1:109:752	0	True	0
efae-SAMN36766199	PBF_P6	Contig:136:36.9978:3p:1:14:116,Contig:178:51.2595:2346,Contig:186:30.3502:15740,Contig:138:35.7228:3p:1:15:551,Contig:65:75.7995:21078,Contig:67:36.4104:6846,Contig:102:88.6468:777,Contig:201:49.2948:4689,Contig:210:565.886:1794,Contig:100:34.4641:3p:1:8:1226,Contig:90:56.3658:1467,Contig:86:85.4191:6389,Contig:13:300.614:597,Contig:125:26.8369:3p:1:102:247,Contig:32:174.226:1680,Contig:141:39.2662:3593,Contig:157:57.4583:3p:1:3:206,Contig:179:76.864:5374,Contig:157:57.4583:793,Contig:45:197.424:954,Contig:117:96.5071:964,Contig:106:28.4304:5p:1:17:392,Contig:90:56.3658:5p:1:3:155,Contig:33:81.2677:5591,Contig:204:76.8712:41878,Contig:136:36.9978:3p:1:10:261,Contig:17:30.4511:1700,Contig:178:51.2595:5p:1:10:193,Contig:182:33.2808:16043,Contig:108:35.4637:3p:1:2:484,Contig:159:718.244:809,Contig:93:85.7917:10481,Contig:125:26.8369:3p:1:14:532,Contig:188:543.698:552,Contig:79:75.5968:4343,Contig:29:39.7161:5936,Contig:118:175.893:1493,Contig:60:31.8529:15921,Contig:152:150.366:1324,Contig:50:537.415:853,Contig:78:316.833:684,Contig:164:53.0191:4427,Contig:76:1010.18:1514,Contig:77:284.925:3906,Contig:138:35.7228:3p:1:2:579,Contig:178:51.2595:5p:1:19:217,Contig:84:49.1724:1544	4	-0.03598457563908625	9.823198822999998	0.6441988761700118	PBF_P12	Contig:136:36.9978:3p:1:14:116,Contig:13:300.614:597,Contig:175:33.0843:28604,Contig:125:26.8369:3p:1:102:247,Contig:32:174.226:1680,Contig:136:36.9978:3p:1:13:303,Contig:179:76.864:5374,Contig:136:36.9978:3p:1:10:261,Contig:182:33.2808:16043,Contig:139:264.931:653,Contig:125:26.8369:3p:1:14:532,Contig:188:543.698:552,Contig:138:35.7228:23576,Contig:209:258.736:739,Contig:50:537.415:853,Contig:78:316.833:684,Contig:138:35.7228:3p:1:2:579	4	-0.024479675076039487	4.261916269999999	0.8054437508722315	4	-0.06780979455279837	15.346019222999997	0.6441988761707762	Contig:40:66.7821:1803,Contig:125:26.8369:3p:1:13:494,Contig:125:26.8369:3p:1:15:139	0	True	0
efae-SAMN36766199	PBF_P6	Contig:136:36.9978:3p:1:14:116,Contig:178:51.2595:2346,Contig:186:30.3502:15740,Contig:138:35.7228:3p:1:15:551,Contig:65:75.7995:21078,Contig:67:36.4104:6846,Contig:102:88.6468:777,Contig:201:49.2948:4689,Contig:210:565.886:1794,Contig:100:34.4641:3p:1:8:1226,Contig:90:56.3658:1467,Contig:86:85.4191:6389,Contig:13:300.614:597,Contig:125:26.8369:3p:1:102:247,Contig:32:174.226:1680,Contig:141:39.2662:3593,Contig:157:57.4583:3p:1:3:206,Contig:179:76.864:5374,Contig:157:57.4583:793,Contig:45:197.424:954,Contig:117:96.5071:964,Contig:106:28.4304:5p:1:17:392,Contig:90:56.3658:5p:1:3:155,Contig:33:81.2677:5591,Contig:204:76.8712:41878,Contig:136:36.9978:3p:1:10:261,Contig:17:30.4511:1700,Contig:178:51.2595:5p:1:10:193,Contig:182:33.2808:16043,Contig:108:35.4637:3p:1:2:484,Contig:159:718.244:809,Contig:93:85.7917:10481,Contig:125:26.8369:3p:1:14:532,Contig:188:543.698:552,Contig:79:75.5968:4343,Contig:29:39.7161:5936,Contig:118:175.893:1493,Contig:60:31.8529:15921,Contig:152:150.366:1324,Contig:50:537.415:853,Contig:78:316.833:684,Contig:164:53.0191:4427,Contig:76:1010.18:1514,Contig:77:284.925:3906,Contig:138:35.7228:3p:1:2:579,Contig:178:51.2595:5p:1:19:217,Contig:84:49.1724:1544	4	-0.03598457563908625	9.823198822999998	0.6441988761700118	PBF_P13	Contig:79:75.5968:4343,Contig:204:76.8712:41878,Contig:32:174.226:1680,Contig:50:537.415:853,Contig:214:85.3975:7944,Contig:152:150.366:1324,Contig:188:543.698:552,Contig:179:76.864:5374	4	-0.00472269101949338	3.62899702	1.938683353738387	4	-0.08233283691344548	14.860056408	0.3275167605788738	Contig:139:264.931:653,Contig:146:38.3119:9434,Contig:15:36.6119:4176,Contig:165:30.8743:27220,Contig:171:62.2474:1930,Contig:185:31.3781:8732,Contig:207:67.1883:1152,Contig:55:184.754:713,Contig:114:64.8563:3p:1:6:106,Contig:114:64.8563:3p:1:8:105,Contig:114:64.8563:3p:1:13:585,Contig:114:64.8563:3p:1:19:105,Contig:118:175.893:3p:1:44:1514,Contig:125:26.8369:3p:1:121:758	0	True	0
efae-SAMN36766199	PBF_P6	Contig:136:36.9978:3p:1:14:116,Contig:178:51.2595:2346,Contig:186:30.3502:15740,Contig:138:35.7228:3p:1:15:551,Contig:65:75.7995:21078,Contig:67:36.4104:6846,Contig:102:88.6468:777,Contig:201:49.2948:4689,Contig:210:565.886:1794,Contig:100:34.4641:3p:1:8:1226,Contig:90:56.3658:1467,Contig:86:85.4191:6389,Contig:13:300.614:597,Contig:125:26.8369:3p:1:102:247,Contig:32:174.226:1680,Contig:141:39.2662:3593,Contig:157:57.4583:3p:1:3:206,Contig:179:76.864:5374,Contig:157:57.4583:793,Contig:45:197.424:954,Contig:117:96.5071:964,Contig:106:28.4304:5p:1:17:392,Contig:90:56.3658:5p:1:3:155,Contig:33:81.2677:5591,Contig:204:76.8712:41878,Contig:136:36.9978:3p:1:10:261,Contig:17:30.4511:1700,Contig:178:51.2595:5p:1:10:193,Contig:182:33.2808:16043,Contig:108:35.4637:3p:1:2:484,Contig:159:718.244:809,Contig:93:85.7917:10481,Contig:125:26.8369:3p:1:14:532,Contig:188:543.698:552,Contig:79:75.5968:4343,Contig:29:39.7161:5936,Contig:118:175.893:1493,Contig:60:31.8529:15921,Contig:152:150.366:1324,Contig:50:537.415:853,Contig:78:316.833:684,Contig:164:53.0191:4427,Contig:76:1010.18:1514,Contig:77:284.925:3906,Contig:138:35.7228:3p:1:2:579,Contig:178:51.2595:5p:1:19:217,Contig:84:49.1724:1544	4	-0.03598457563908625	9.823198822999998	0.6441988761700118	PBF_P14	Contig:2:127.633:Circ:4461	4	0.0	0.4996321	3.081942113156582	0	0	0	0		1	False	0
efae-SAMN36766199	PBF_P6	Contig:136:36.9978:3p:1:14:116,Contig:178:51.2595:2346,Contig:186:30.3502:15740,Contig:138:35.7228:3p:1:15:551,Contig:65:75.7995:21078,Contig:67:36.4104:6846,Contig:102:88.6468:777,Contig:201:49.2948:4689,Contig:210:565.886:1794,Contig:100:34.4641:3p:1:8:1226,Contig:90:56.3658:1467,Contig:86:85.4191:6389,Contig:13:300.614:597,Contig:125:26.8369:3p:1:102:247,Contig:32:174.226:1680,Contig:141:39.2662:3593,Contig:157:57.4583:3p:1:3:206,Contig:179:76.864:5374,Contig:157:57.4583:793,Contig:45:197.424:954,Contig:117:96.5071:964,Contig:106:28.4304:5p:1:17:392,Contig:90:56.3658:5p:1:3:155,Contig:33:81.2677:5591,Contig:204:76.8712:41878,Contig:136:36.9978:3p:1:10:261,Contig:17:30.4511:1700,Contig:178:51.2595:5p:1:10:193,Contig:182:33.2808:16043,Contig:108:35.4637:3p:1:2:484,Contig:159:718.244:809,Contig:93:85.7917:10481,Contig:125:26.8369:3p:1:14:532,Contig:188:543.698:552,Contig:79:75.5968:4343,Contig:29:39.7161:5936,Contig:118:175.893:1493,Contig:60:31.8529:15921,Contig:152:150.366:1324,Contig:50:537.415:853,Contig:78:316.833:684,Contig:164:53.0191:4427,Contig:76:1010.18:1514,Contig:77:284.925:3906,Contig:138:35.7228:3p:1:2:579,Contig:178:51.2595:5p:1:19:217,Contig:84:49.1724:1544	4	-0.03598457563908625	9.823198822999998	0.6441988761700118	PBF_P15	Contig:125:26.8369:2489,Contig:50:537.415:853,Contig:108:35.4637:3p:1:2:484,Contig:214:85.3975:7944,Contig:125:26.8369:3p:1:14:532,Contig:188:543.698:552	4	0.0	2.5430859999999997	0.9191027151723309	4	-0.08495568973162473	14.658608828999999	0.3275167605788738	Contig:104:32.2747:3236,Contig:126:31.9997:11847,Contig:139:264.931:653,Contig:15:36.6119:4176,Contig:185:31.3781:8732,Contig:207:67.1883:1152,Contig:40:66.7821:1803,Contig:55:184.754:713,Contig:114:64.8563:3p:1:6:106,Contig:114:64.8563:3p:1:8:105,Contig:114:64.8563:3p:1:13:585,Contig:114:64.8563:3p:1:19:105,Contig:122:27.5939:3p:1:6:276,Contig:122:27.5939:3p:1:7:481,Contig:122:27.5939:3p:1:8:463,Contig:122:27.5939:3p:1:9:463,Contig:122:27.5939:3p:1:10:369,Contig:122:27.5939:3p:1:13:431,Contig:125:26.8369:3p:1:13:494,Contig:125:26.8369:3p:1:15:139,Contig:125:26.8369:3p:1:109:752	0	True	0
efae-SAMN36766199	PBF_P6	Contig:136:36.9978:3p:1:14:116,Contig:178:51.2595:2346,Contig:186:30.3502:15740,Contig:138:35.7228:3p:1:15:551,Contig:65:75.7995:21078,Contig:67:36.4104:6846,Contig:102:88.6468:777,Contig:201:49.2948:4689,Contig:210:565.886:1794,Contig:100:34.4641:3p:1:8:1226,Contig:90:56.3658:1467,Contig:86:85.4191:6389,Contig:13:300.614:597,Contig:125:26.8369:3p:1:102:247,Contig:32:174.226:1680,Contig:141:39.2662:3593,Contig:157:57.4583:3p:1:3:206,Contig:179:76.864:5374,Contig:157:57.4583:793,Contig:45:197.424:954,Contig:117:96.5071:964,Contig:106:28.4304:5p:1:17:392,Contig:90:56.3658:5p:1:3:155,Contig:33:81.2677:5591,Contig:204:76.8712:41878,Contig:136:36.9978:3p:1:10:261,Contig:17:30.4511:1700,Contig:178:51.2595:5p:1:10:193,Contig:182:33.2808:16043,Contig:108:35.4637:3p:1:2:484,Contig:159:718.244:809,Contig:93:85.7917:10481,Contig:125:26.8369:3p:1:14:532,Contig:188:543.698:552,Contig:79:75.5968:4343,Contig:29:39.7161:5936,Contig:118:175.893:1493,Contig:60:31.8529:15921,Contig:152:150.366:1324,Contig:50:537.415:853,Contig:78:316.833:684,Contig:164:53.0191:4427,Contig:76:1010.18:1514,Contig:77:284.925:3906,Contig:138:35.7228:3p:1:2:579,Contig:178:51.2595:5p:1:19:217,Contig:84:49.1724:1544	4	-0.03598457563908625	9.823198822999998	0.6441988761700118	PBF_P16	Contig:175:33.0843:28604,Contig:32:174.226:1680,Contig:50:537.415:853,Contig:214:85.3975:7944,Contig:188:543.698:552,Contig:179:76.864:5374	4	-0.0020251717045255413	2.34132866	0.8450448130547485	4	-0.07963531759847764	13.572388047999999	0.3275167605788738	Contig:139:264.931:653,Contig:146:38.3119:9434,Contig:15:36.6119:4176,Contig:165:30.8743:27220,Contig:171:62.2474:1930,Contig:185:31.3781:8732,Contig:207:67.1883:1152,Contig:55:184.754:713,Contig:114:64.8563:3p:1:6:106,Contig:114:64.8563:3p:1:8:105,Contig:114:64.8563:3p:1:13:585,Contig:114:64.8563:3p:1:19:105,Contig:118:175.893:3p:1:44:1514,Contig:125:26.8369:3p:1:121:758	0	True	0
efae-SAMN36766199	PBF_P6	Contig:136:36.9978:3p:1:14:116,Contig:178:51.2595:2346,Contig:186:30.3502:15740,Contig:138:35.7228:3p:1:15:551,Contig:65:75.7995:21078,Contig:67:36.4104:6846,Contig:102:88.6468:777,Contig:201:49.2948:4689,Contig:210:565.886:1794,Contig:100:34.4641:3p:1:8:1226,Contig:90:56.3658:1467,Contig:86:85.4191:6389,Contig:13:300.614:597,Contig:125:26.8369:3p:1:102:247,Contig:32:174.226:1680,Contig:141:39.2662:3593,Contig:157:57.4583:3p:1:3:206,Contig:179:76.864:5374,Contig:157:57.4583:793,Contig:45:197.424:954,Contig:117:96.5071:964,Contig:106:28.4304:5p:1:17:392,Contig:90:56.3658:5p:1:3:155,Contig:33:81.2677:5591,Contig:204:76.8712:41878,Contig:136:36.9978:3p:1:10:261,Contig:17:30.4511:1700,Contig:178:51.2595:5p:1:10:193,Contig:182:33.2808:16043,Contig:108:35.4637:3p:1:2:484,Contig:159:718.244:809,Contig:93:85.7917:10481,Contig:125:26.8369:3p:1:14:532,Contig:188:543.698:552,Contig:79:75.5968:4343,Contig:29:39.7161:5936,Contig:118:175.893:1493,Contig:60:31.8529:15921,Contig:152:150.366:1324,Contig:50:537.415:853,Contig:78:316.833:684,Contig:164:53.0191:4427,Contig:76:1010.18:1514,Contig:77:284.925:3906,Contig:138:35.7228:3p:1:2:579,Contig:178:51.2595:5p:1:19:217,Contig:84:49.1724:1544	4	-0.03598457563908625	9.823198822999998	0.6441988761700118	PBF_P17	Contig:136:36.9978:2675,Contig:125:26.8369:3p:1:102:247,Contig:78:316.833:684,Contig:125:26.8369:3p:1:14:532	4	-0.003082413705677939	1.82257958	1.6317844655488762	4	-0.08803810343730267	13.938102408999999	0.3275167605788738	Contig:104:32.2747:3236,Contig:126:31.9997:11847,Contig:139:264.931:653,Contig:15:36.6119:4176,Contig:185:31.3781:8732,Contig:207:67.1883:1152,Contig:40:66.7821:1803,Contig:55:184.754:713,Contig:114:64.8563:3p:1:6:106,Contig:114:64.8563:3p:1:8:105,Contig:114:64.8563:3p:1:13:585,Contig:114:64.8563:3p:1:19:105,Contig:122:27.5939:3p:1:6:276,Contig:122:27.5939:3p:1:7:481,Contig:122:27.5939:3p:1:8:463,Contig:122:27.5939:3p:1:9:463,Contig:122:27.5939:3p:1:10:369,Contig:122:27.5939:3p:1:13:431,Contig:125:26.8369:3p:1:13:494,Contig:125:26.8369:3p:1:15:139,Contig:125:26.8369:3p:1:109:752	0	True	0
efae-SAMN36766199	PBF_P6	Contig:136:36.9978:3p:1:14:116,Contig:178:51.2595:2346,Contig:186:30.3502:15740,Contig:138:35.7228:3p:1:15:551,Contig:65:75.7995:21078,Contig:67:36.4104:6846,Contig:102:88.6468:777,Contig:201:49.2948:4689,Contig:210:565.886:1794,Contig:100:34.4641:3p:1:8:1226,Contig:90:56.3658:1467,Contig:86:85.4191:6389,Contig:13:300.614:597,Contig:125:26.8369:3p:1:102:247,Contig:32:174.226:1680,Contig:141:39.2662:3593,Contig:157:57.4583:3p:1:3:206,Contig:179:76.864:5374,Contig:157:57.4583:793,Contig:45:197.424:954,Contig:117:96.5071:964,Contig:106:28.4304:5p:1:17:392,Contig:90:56.3658:5p:1:3:155,Contig:33:81.2677:5591,Contig:204:76.8712:41878,Contig:136:36.9978:3p:1:10:261,Contig:17:30.4511:1700,Contig:178:51.2595:5p:1:10:193,Contig:182:33.2808:16043,Contig:108:35.4637:3p:1:2:484,Contig:159:718.244:809,Contig:93:85.7917:10481,Contig:125:26.8369:3p:1:14:532,Contig:188:543.698:552,Contig:79:75.5968:4343,Contig:29:39.7161:5936,Contig:118:175.893:1493,Contig:60:31.8529:15921,Contig:152:150.366:1324,Contig:50:537.415:853,Contig:78:316.833:684,Contig:164:53.0191:4427,Contig:76:1010.18:1514,Contig:77:284.925:3906,Contig:138:35.7228:3p:1:2:579,Contig:178:51.2595:5p:1:19:217,Contig:84:49.1724:1544	4	-0.03598457563908625	9.823198822999998	0.6441988761700118	PBF_P18	Contig:50:537.415:853,Contig:108:35.4637:3p:1:2:484,Contig:188:543.698:552,Contig:183:57.759:8294	4	0.0	1.7293466400000002	1.491070277063081	4	-0.09153395335874348	11.962003562999998	0.5884636709924962	Contig:125:26.8369:3p:1:142:209	0	True	0
efae-SAMN36766199	PBF_P6	Contig:136:36.9978:3p:1:14:116,Contig:178:51.2595:2346,Contig:186:30.3502:15740,Contig:138:35.7228:3p:1:15:551,Contig:65:75.7995:21078,Contig:67:36.4104:6846,Contig:102:88.6468:777,Contig:201:49.2948:4689,Contig:210:565.886:1794,Contig:100:34.4641:3p:1:8:1226,Contig:90:56.3658:1467,Contig:86:85.4191:6389,Contig:13:300.614:597,Contig:125:26.8369:3p:1:102:247,Contig:32:174.226:1680,Contig:141:39.2662:3593,Contig:157:57.4583:3p:1:3:206,Contig:179:76.864:5374,Contig:157:57.4583:793,Contig:45:197.424:954,Contig:117:96.5071:964,Contig:106:28.4304:5p:1:17:392,Contig:90:56.3658:5p:1:3:155,Contig:33:81.2677:5591,Contig:204:76.8712:41878,Contig:136:36.9978:3p:1:10:261,Contig:17:30.4511:1700,Contig:178:51.2595:5p:1:10:193,Contig:182:33.2808:16043,Contig:108:35.4637:3p:1:2:484,Contig:159:718.244:809,Contig:93:85.7917:10481,Contig:125:26.8369:3p:1:14:532,Contig:188:543.698:552,Contig:79:75.5968:4343,Contig:29:39.7161:5936,Contig:118:175.893:1493,Contig:60:31.8529:15921,Contig:152:150.366:1324,Contig:50:537.415:853,Contig:78:316.833:684,Contig:164:53.0191:4427,Contig:76:1010.18:1514,Contig:77:284.925:3906,Contig:138:35.7228:3p:1:2:579,Contig:178:51.2595:5p:1:19:217,Contig:84:49.1724:1544	4	-0.03598457563908625	9.823198822999998	0.6441988761700118	PBF_P19	Contig:122:27.5939:3p:1:4:276,Contig:122:27.5939:3p:1:8:463,Contig:122:27.5939:4388,Contig:122:27.5939:3p:1:7:481	4	-0.006032033777871176	1.16563207	0.8904975935288741	4	-0.08364217967182327	13.162156263	0.3275167605788738	Contig:139:264.931:653,Contig:15:36.6119:4176,Contig:185:31.3781:8732,Contig:207:67.1883:1152,Contig:30:58.7434:1428,Contig:55:184.754:713,Contig:114:64.8563:3p:1:6:106,Contig:114:64.8563:3p:1:8:105,Contig:114:64.8563:3p:1:13:585,Contig:114:64.8563:3p:1:19:105	0	False	0
efae-SAMN36766199	PBF_P6	Contig:136:36.9978:3p:1:14:116,Contig:178:51.2595:2346,Contig:186:30.3502:15740,Contig:138:35.7228:3p:1:15:551,Contig:65:75.7995:21078,Contig:67:36.4104:6846,Contig:102:88.6468:777,Contig:201:49.2948:4689,Contig:210:565.886:1794,Contig:100:34.4641:3p:1:8:1226,Contig:90:56.3658:1467,Contig:86:85.4191:6389,Contig:13:300.614:597,Contig:125:26.8369:3p:1:102:247,Contig:32:174.226:1680,Contig:141:39.2662:3593,Contig:157:57.4583:3p:1:3:206,Contig:179:76.864:5374,Contig:157:57.4583:793,Contig:45:197.424:954,Contig:117:96.5071:964,Contig:106:28.4304:5p:1:17:392,Contig:90:56.3658:5p:1:3:155,Contig:33:81.2677:5591,Contig:204:76.8712:41878,Contig:136:36.9978:3p:1:10:261,Contig:17:30.4511:1700,Contig:178:51.2595:5p:1:10:193,Contig:182:33.2808:16043,Contig:108:35.4637:3p:1:2:484,Contig:159:718.244:809,Contig:93:85.7917:10481,Contig:125:26.8369:3p:1:14:532,Contig:188:543.698:552,Contig:79:75.5968:4343,Contig:29:39.7161:5936,Contig:118:175.893:1493,Contig:60:31.8529:15921,Contig:152:150.366:1324,Contig:50:537.415:853,Contig:78:316.833:684,Contig:164:53.0191:4427,Contig:76:1010.18:1514,Contig:77:284.925:3906,Contig:138:35.7228:3p:1:2:579,Contig:178:51.2595:5p:1:19:217,Contig:84:49.1724:1544	4	-0.03598457563908625	9.823198822999998	0.6441988761700118	PBF_P20	Contig:136:36.9978:2675	4	0.0	0.41581272999999996	1.6317844655488762	4	-0.03598457563908625	10.239011553	0.6441988761707762		0	False	0
efae-SAMN36766199	PBF_P7	Contig:136:36.9978:3p:1:14:116,Contig:138:35.7228:3p:1:15:551,Contig:223:33.0538:1192,Contig:212:33.539:40749,Contig:65:75.7995:21078,Contig:201:49.2948:4689,Contig:210:565.886:1794,Contig:100:34.4641:3p:1:6:541,Contig:86:85.4191:6389,Contig:13:300.614:597,Contig:125:26.8369:3p:1:102:247,Contig:32:174.226:1680,Contig:141:39.2662:3593,Contig:179:76.864:5374,Contig:117:96.5071:964,Contig:106:28.4304:5p:1:17:392,Contig:224:32.0904:16841,Contig:204:76.8712:41878,Contig:136:36.9978:3p:1:10:261,Contig:182:33.2808:16043,Contig:108:35.4637:3p:1:2:484,Contig:159:718.244:809,Contig:93:85.7917:10481,Contig:125:26.8369:3p:1:14:532,Contig:188:543.698:552,Contig:79:75.5968:4343,Contig:29:39.7161:5936,Contig:152:150.366:1324,Contig:50:537.415:853,Contig:78:316.833:684,Contig:164:53.0191:4427,Contig:76:1010.18:1514,Contig:77:284.925:3906,Contig:138:35.7228:3p:1:2:579	4	-0.03988536499737602	7.4633927259999995	0.7666303115735077	PBF_P8	Contig:136:36.9978:3p:1:14:116,Contig:186:30.3502:15740,Contig:138:35.7228:3p:1:15:551,Contig:65:75.7995:21078,Contig:201:49.2948:4689,Contig:210:565.886:1794,Contig:100:34.4641:3p:1:6:541,Contig:86:85.4191:6389,Contig:13:300.614:597,Contig:125:26.8369:3p:1:102:247,Contig:32:174.226:1680,Contig:141:39.2662:3593,Contig:179:76.864:5374,Contig:117:96.5071:964,Contig:106:28.4304:5p:1:17:392,Contig:224:32.0904:16841,Contig:204:76.8712:41878,Contig:136:36.9978:3p:1:10:261,Contig:182:33.2808:16043,Contig:108:35.4637:3p:1:2:484,Contig:159:718.244:809,Contig:125:26.8369:3p:1:14:532,Contig:188:543.698:552,Contig:79:75.5968:4343,Contig:152:150.366:1324,Contig:50:537.415:853,Contig:78:316.833:684,Contig:76:1010.18:1514,Contig:77:284.925:3906,Contig:138:35.7228:3p:1:2:579	4	-0.011287362609982449	6.819526646	0.7826940283470984	4	-0.10014384169989696	16.575243378	0.3275167605788738	Contig:104:32.2747:3236,Contig:126:31.9997:11847,Contig:139:264.931:653,Contig:15:36.6119:4176,Contig:185:31.3781:8732,Contig:207:67.1883:1152,Contig:40:66.7821:1803,Contig:55:184.754:713,Contig:114:64.8563:3p:1:6:106,Contig:114:64.8563:3p:1:8:105,Contig:114:64.8563:3p:1:13:585,Contig:114:64.8563:3p:1:19:105,Contig:122:27.5939:3p:1:6:276,Contig:122:27.5939:3p:1:7:481,Contig:122:27.5939:3p:1:8:463,Contig:122:27.5939:3p:1:9:463,Contig:122:27.5939:3p:1:10:369,Contig:122:27.5939:3p:1:13:431,Contig:125:26.8369:3p:1:13:494,Contig:125:26.8369:3p:1:15:139,Contig:125:26.8369:3p:1:109:752	0	True	0
efae-SAMN36766199	PBF_P7	Contig:136:36.9978:3p:1:14:116,Contig:138:35.7228:3p:1:15:551,Contig:223:33.0538:1192,Contig:212:33.539:40749,Contig:65:75.7995:21078,Contig:201:49.2948:4689,Contig:210:565.886:1794,Contig:100:34.4641:3p:1:6:541,Contig:86:85.4191:6389,Contig:13:300.614:597,Contig:125:26.8369:3p:1:102:247,Contig:32:174.226:1680,Contig:141:39.2662:3593,Contig:179:76.864:5374,Contig:117:96.5071:964,Contig:106:28.4304:5p:1:17:392,Contig:224:32.0904:16841,Contig:204:76.8712:41878,Contig:136:36.9978:3p:1:10:261,Contig:182:33.2808:16043,Contig:108:35.4637:3p:1:2:484,Contig:159:718.244:809,Contig:93:85.7917:10481,Contig:125:26.8369:3p:1:14:532,Contig:188:543.698:552,Contig:79:75.5968:4343,Contig:29:39.7161:5936,Contig:152:150.366:1324,Contig:50:537.415:853,Contig:78:316.833:684,Contig:164:53.0191:4427,Contig:76:1010.18:1514,Contig:77:284.925:3906,Contig:138:35.7228:3p:1:2:579	4	-0.03988536499737602	7.4633927259999995	0.7666303115735077	PBF_P9	Contig:136:36.9978:3p:1:14:116,Contig:186:30.3502:15740,Contig:138:35.7228:3p:1:15:551,Contig:65:75.7995:21078,Contig:86:85.4191:6389,Contig:13:300.614:597,Contig:125:26.8369:3p:1:102:247,Contig:32:174.226:1680,Contig:141:39.2662:3593,Contig:179:76.864:5374,Contig:204:76.8712:41878,Contig:136:36.9978:3p:1:10:261,Contig:182:33.2808:16043,Contig:108:35.4637:3p:1:2:484,Contig:125:26.8369:3p:1:14:532,Contig:188:543.698:552,Contig:76:1010.18:1514,Contig:79:75.5968:4343,Contig:50:537.415:853,Contig:78:316.833:684,Contig:152:150.366:1324,Contig:138:35.7228:3p:1:2:579	4	-0.011287362609982449	5.988723532999998	0.7826940283470984	4	-0.10014384169989696	15.744440265	0.3275167605791814	Contig:104:32.2747:3236,Contig:126:31.9997:11847,Contig:139:264.931:653,Contig:15:36.6119:4176,Contig:185:31.3781:8732,Contig:207:67.1883:1152,Contig:40:66.7821:1803,Contig:55:184.754:713,Contig:114:64.8563:3p:1:6:106,Contig:114:64.8563:3p:1:8:105,Contig:114:64.8563:3p:1:13:585,Contig:114:64.8563:3p:1:19:105,Contig:122:27.5939:3p:1:6:276,Contig:122:27.5939:3p:1:7:481,Contig:122:27.5939:3p:1:8:463,Contig:122:27.5939:3p:1:9:463,Contig:122:27.5939:3p:1:10:369,Contig:122:27.5939:3p:1:13:431,Contig:125:26.8369:3p:1:13:494,Contig:125:26.8369:3p:1:15:139,Contig:125:26.8369:3p:1:109:752	0	True	0
efae-SAMN36766199	PBF_P7	Contig:136:36.9978:3p:1:14:116,Contig:138:35.7228:3p:1:15:551,Contig:223:33.0538:1192,Contig:212:33.539:40749,Contig:65:75.7995:21078,Contig:201:49.2948:4689,Contig:210:565.886:1794,Contig:100:34.4641:3p:1:6:541,Contig:86:85.4191:6389,Contig:13:300.614:597,Contig:125:26.8369:3p:1:102:247,Contig:32:174.226:1680,Contig:141:39.2662:3593,Contig:179:76.864:5374,Contig:117:96.5071:964,Contig:106:28.4304:5p:1:17:392,Contig:224:32.0904:16841,Contig:204:76.8712:41878,Contig:136:36.9978:3p:1:10:261,Contig:182:33.2808:16043,Contig:108:35.4637:3p:1:2:484,Contig:159:718.244:809,Contig:93:85.7917:10481,Contig:125:26.8369:3p:1:14:532,Contig:188:543.698:552,Contig:79:75.5968:4343,Contig:29:39.7161:5936,Contig:152:150.366:1324,Contig:50:537.415:853,Contig:78:316.833:684,Contig:164:53.0191:4427,Contig:76:1010.18:1514,Contig:77:284.925:3906,Contig:138:35.7228:3p:1:2:579	4	-0.03988536499737602	7.4633927259999995	0.7666303115735077	PBF_P10	Contig:136:36.9978:3p:1:14:116,Contig:186:30.3502:15740,Contig:65:75.7995:21078,Contig:86:85.4191:6389,Contig:125:26.8369:3p:1:102:247,Contig:32:174.226:1680,Contig:179:76.864:5374,Contig:204:76.8712:41878,Contig:193:37.1403:85323,Contig:136:36.9978:3p:1:10:261,Contig:108:35.4637:3p:1:2:484,Contig:125:26.8369:3p:1:14:532,Contig:188:543.698:552,Contig:79:75.5968:4343,Contig:152:150.366:1324,Contig:50:537.415:853,Contig:78:316.833:684,Contig:76:1010.18:1514	4	-0.011287362609982449	5.6365434527	0.7826940283470984	4	-0.10014384169989696	15.392260184700001	0.3275167605788738	Contig:104:32.2747:3236,Contig:126:31.9997:11847,Contig:139:264.931:653,Contig:15:36.6119:4176,Contig:185:31.3781:8732,Contig:207:67.1883:1152,Contig:40:66.7821:1803,Contig:55:184.754:713,Contig:114:64.8563:3p:1:6:106,Contig:114:64.8563:3p:1:8:105,Contig:114:64.8563:3p:1:13:585,Contig:114:64.8563:3p:1:19:105,Contig:122:27.5939:3p:1:6:276,Contig:122:27.5939:3p:1:7:481,Contig:122:27.5939:3p:1:8:463,Contig:122:27.5939:3p:1:9:463,Contig:122:27.5939:3p:1:10:369,Contig:122:27.5939:3p:1:13:431,Contig:125:26.8369:3p:1:13:494,Contig:125:26.8369:3p:1:15:139,Contig:125:26.8369:3p:1:109:752	0	True	0
efae-SAMN36766199	PBF_P7	Contig:136:36.9978:3p:1:14:116,Contig:138:35.7228:3p:1:15:551,Contig:223:33.0538:1192,Contig:212:33.539:40749,Contig:65:75.7995:21078,Contig:201:49.2948:4689,Contig:210:565.886:1794,Contig:100:34.4641:3p:1:6:541,Contig:86:85.4191:6389,Contig:13:300.614:597,Contig:125:26.8369:3p:1:102:247,Contig:32:174.226:1680,Contig:141:39.2662:3593,Contig:179:76.864:5374,Contig:117:96.5071:964,Contig:106:28.4304:5p:1:17:392,Contig:224:32.0904:16841,Contig:204:76.8712:41878,Contig:136:36.9978:3p:1:10:261,Contig:182:33.2808:16043,Contig:108:35.4637:3p:1:2:484,Contig:159:718.244:809,Contig:93:85.7917:10481,Contig:125:26.8369:3p:1:14:532,Contig:188:543.698:552,Contig:79:75.5968:4343,Contig:29:39.7161:5936,Contig:152:150.366:1324,Contig:50:537.415:853,Contig:78:316.833:684,Contig:164:53.0191:4427,Contig:76:1010.18:1514,Contig:77:284.925:3906,Contig:138:35.7228:3p:1:2:579	4	-0.03988536499737602	7.4633927259999995	0.7666303115735077	PBF_P11	Contig:136:36.9978:3p:1:14:116,Contig:65:75.7995:21078,Contig:136:36.9978:3p:1:10:261,Contig:125:26.8369:3p:1:102:247,Contig:50:537.415:853,Contig:108:35.4637:3p:1:2:484,Contig:214:85.3975:7944,Contig:78:316.833:684,Contig:125:26.8369:3p:1:14:532,Contig:188:543.698:552	4	-0.0065646715904890685	4.5243369499999995	1.97130530166717	4	-0.09542115068040358	14.280053682	0.3275167605794929	Contig:104:32.2747:3236,Contig:126:31.9997:11847,Contig:139:264.931:653,Contig:15:36.6119:4176,Contig:185:31.3781:8732,Contig:207:67.1883:1152,Contig:40:66.7821:1803,Contig:55:184.754:713,Contig:114:64.8563:3p:1:6:106,Contig:114:64.8563:3p:1:8:105,Contig:114:64.8563:3p:1:13:585,Contig:114:64.8563:3p:1:19:105,Contig:122:27.5939:3p:1:6:276,Contig:122:27.5939:3p:1:7:481,Contig:122:27.5939:3p:1:8:463,Contig:122:27.5939:3p:1:9:463,Contig:122:27.5939:3p:1:10:369,Contig:122:27.5939:3p:1:13:431,Contig:125:26.8369:3p:1:13:494,Contig:125:26.8369:3p:1:15:139,Contig:125:26.8369:3p:1:109:752	0	True	0
efae-SAMN36766199	PBF_P7	Contig:136:36.9978:3p:1:14:116,Contig:138:35.7228:3p:1:15:551,Contig:223:33.0538:1192,Contig:212:33.539:40749,Contig:65:75.7995:21078,Contig:201:49.2948:4689,Contig:210:565.886:1794,Contig:100:34.4641:3p:1:6:541,Contig:86:85.4191:6389,Contig:13:300.614:597,Contig:125:26.8369:3p:1:102:247,Contig:32:174.226:1680,Contig:141:39.2662:3593,Contig:179:76.864:5374,Contig:117:96.5071:964,Contig:106:28.4304:5p:1:17:392,Contig:224:32.0904:16841,Contig:204:76.8712:41878,Contig:136:36.9978:3p:1:10:261,Contig:182:33.2808:16043,Contig:108:35.4637:3p:1:2:484,Contig:159:718.244:809,Contig:93:85.7917:10481,Contig:125:26.8369:3p:1:14:532,Contig:188:543.698:552,Contig:79:75.5968:4343,Contig:29:39.7161:5936,Contig:152:150.366:1324,Contig:50:537.415:853,Contig:78:316.833:684,Contig:164:53.0191:4427,Contig:76:1010.18:1514,Contig:77:284.925:3906,Contig:138:35.7228:3p:1:2:579	4	-0.03988536499737602	7.4633927259999995	0.7666303115735077	PBF_P12	Contig:136:36.9978:3p:1:14:116,Contig:13:300.614:597,Contig:175:33.0843:28604,Contig:125:26.8369:3p:1:102:247,Contig:32:174.226:1680,Contig:136:36.9978:3p:1:13:303,Contig:179:76.864:5374,Contig:136:36.9978:3p:1:10:261,Contig:182:33.2808:16043,Contig:139:264.931:653,Contig:125:26.8369:3p:1:14:532,Contig:188:543.698:552,Contig:138:35.7228:23576,Contig:209:258.736:739,Contig:50:537.415:853,Contig:78:316.833:684,Contig:138:35.7228:3p:1:2:579	4	-0.024479675076039487	4.261916269999999	0.8054437508722315	4	-0.07171058391108814	12.986213125999997	0.7666303115729534	Contig:40:66.7821:1803,Contig:125:26.8369:3p:1:13:494,Contig:125:26.8369:3p:1:15:139	0	True	0
efae-SAMN36766199	PBF_P7	Contig:136:36.9978:3p:1:14:116,Contig:138:35.7228:3p:1:15:551,Contig:223:33.0538:1192,Contig:212:33.539:40749,Contig:65:75.7995:21078,Contig:201:49.2948:4689,Contig:210:565.886:1794,Contig:100:34.4641:3p:1:6:541,Contig:86:85.4191:6389,Contig:13:300.614:597,Contig:125:26.8369:3p:1:102:247,Contig:32:174.226:1680,Contig:141:39.2662:3593,Contig:179:76.864:5374,Contig:117:96.5071:964,Contig:106:28.4304:5p:1:17:392,Contig:224:32.0904:16841,Contig:204:76.8712:41878,Contig:136:36.9978:3p:1:10:261,Contig:182:33.2808:16043,Contig:108:35.4637:3p:1:2:484,Contig:159:718.244:809,Contig:93:85.7917:10481,Contig:125:26.8369:3p:1:14:532,Contig:188:543.698:552,Contig:79:75.5968:4343,Contig:29:39.7161:5936,Contig:152:150.366:1324,Contig:50:537.415:853,Contig:78:316.833:684,Contig:164:53.0191:4427,Contig:76:1010.18:1514,Contig:77:284.925:3906,Contig:138:35.7228:3p:1:2:579	4	-0.03988536499737602	7.4633927259999995	0.7666303115735077	PBF_P13	Contig:79:75.5968:4343,Contig:204:76.8712:41878,Contig:32:174.226:1680,Contig:50:537.415:853,Contig:214:85.3975:7944,Contig:152:150.366:1324,Contig:188:543.698:552,Contig:179:76.864:5374	4	-0.00472269101949338	3.62899702	1.938683353738387	4	-0.08623362627173525	12.500250311	0.3275167605788738	Contig:139:264.931:653,Contig:146:38.3119:9434,Contig:15:36.6119:4176,Contig:165:30.8743:27220,Contig:171:62.2474:1930,Contig:185:31.3781:8732,Contig:207:67.1883:1152,Contig:55:184.754:713,Contig:114:64.8563:3p:1:6:106,Contig:114:64.8563:3p:1:8:105,Contig:114:64.8563:3p:1:13:585,Contig:114:64.8563:3p:1:19:105,Contig:118:175.893:3p:1:44:1514,Contig:125:26.8369:3p:1:121:758	0	True	0
efae-SAMN36766199	PBF_P7	Contig:136:36.9978:3p:1:14:116,Contig:138:35.7228:3p:1:15:551,Contig:223:33.0538:1192,Contig:212:33.539:40749,Contig:65:75.7995:21078,Contig:201:49.2948:4689,Contig:210:565.886:1794,Contig:100:34.4641:3p:1:6:541,Contig:86:85.4191:6389,Contig:13:300.614:597,Contig:125:26.8369:3p:1:102:247,Contig:32:174.226:1680,Contig:141:39.2662:3593,Contig:179:76.864:5374,Contig:117:96.5071:964,Contig:106:28.4304:5p:1:17:392,Contig:224:32.0904:16841,Contig:204:76.8712:41878,Contig:136:36.9978:3p:1:10:261,Contig:182:33.2808:16043,Contig:108:35.4637:3p:1:2:484,Contig:159:718.244:809,Contig:93:85.7917:10481,Contig:125:26.8369:3p:1:14:532,Contig:188:543.698:552,Contig:79:75.5968:4343,Contig:29:39.7161:5936,Contig:152:150.366:1324,Contig:50:537.415:853,Contig:78:316.833:684,Contig:164:53.0191:4427,Contig:76:1010.18:1514,Contig:77:284.925:3906,Contig:138:35.7228:3p:1:2:579	4	-0.03988536499737602	7.4633927259999995	0.7666303115735077	PBF_P14	Contig:2:127.633:Circ:4461	4	0.0	0.4996321	3.081942113156582	0	0	0	0		1	False	0
efae-SAMN36766199	PBF_P7	Contig:136:36.9978:3p:1:14:116,Contig:138:35.7228:3p:1:15:551,Contig:223:33.0538:1192,Contig:212:33.539:40749,Contig:65:75.7995:21078,Contig:201:49.2948:4689,Contig:210:565.886:1794,Contig:100:34.4641:3p:1:6:541,Contig:86:85.4191:6389,Contig:13:300.614:597,Contig:125:26.8369:3p:1:102:247,Contig:32:174.226:1680,Contig:141:39.2662:3593,Contig:179:76.864:5374,Contig:117:96.5071:964,Contig:106:28.4304:5p:1:17:392,Contig:224:32.0904:16841,Contig:204:76.8712:41878,Contig:136:36.9978:3p:1:10:261,Contig:182:33.2808:16043,Contig:108:35.4637:3p:1:2:484,Contig:159:718.244:809,Contig:93:85.7917:10481,Contig:125:26.8369:3p:1:14:532,Contig:188:543.698:552,Contig:79:75.5968:4343,Contig:29:39.7161:5936,Contig:152:150.366:1324,Contig:50:537.415:853,Contig:78:316.833:684,Contig:164:53.0191:4427,Contig:76:1010.18:1514,Contig:77:284.925:3906,Contig:138:35.7228:3p:1:2:579	4	-0.03988536499737602	7.4633927259999995	0.7666303115735077	PBF_P15	Contig:125:26.8369:2489,Contig:50:537.415:853,Contig:108:35.4637:3p:1:2:484,Contig:214:85.3975:7944,Contig:125:26.8369:3p:1:14:532,Contig:188:543.698:552	4	0.0	2.5430859999999997	0.9191027151723309	4	-0.08885647908991451	12.298802732	0.3275167605788738	Contig:104:32.2747:3236,Contig:126:31.9997:11847,Contig:139:264.931:653,Contig:15:36.6119:4176,Contig:185:31.3781:8732,Contig:207:67.1883:1152,Contig:40:66.7821:1803,Contig:55:184.754:713,Contig:114:64.8563:3p:1:6:106,Contig:114:64.8563:3p:1:8:105,Contig:114:64.8563:3p:1:13:585,Contig:114:64.8563:3p:1:19:105,Contig:122:27.5939:3p:1:6:276,Contig:122:27.5939:3p:1:7:481,Contig:122:27.5939:3p:1:8:463,Contig:122:27.5939:3p:1:9:463,Contig:122:27.5939:3p:1:10:369,Contig:122:27.5939:3p:1:13:431,Contig:125:26.8369:3p:1:13:494,Contig:125:26.8369:3p:1:15:139,Contig:125:26.8369:3p:1:109:752	0	True	0
efae-SAMN36766199	PBF_P7	Contig:136:36.9978:3p:1:14:116,Contig:138:35.7228:3p:1:15:551,Contig:223:33.0538:1192,Contig:212:33.539:40749,Contig:65:75.7995:21078,Contig:201:49.2948:4689,Contig:210:565.886:1794,Contig:100:34.4641:3p:1:6:541,Contig:86:85.4191:6389,Contig:13:300.614:597,Contig:125:26.8369:3p:1:102:247,Contig:32:174.226:1680,Contig:141:39.2662:3593,Contig:179:76.864:5374,Contig:117:96.5071:964,Contig:106:28.4304:5p:1:17:392,Contig:224:32.0904:16841,Contig:204:76.8712:41878,Contig:136:36.9978:3p:1:10:261,Contig:182:33.2808:16043,Contig:108:35.4637:3p:1:2:484,Contig:159:718.244:809,Contig:93:85.7917:10481,Contig:125:26.8369:3p:1:14:532,Contig:188:543.698:552,Contig:79:75.5968:4343,Contig:29:39.7161:5936,Contig:152:150.366:1324,Contig:50:537.415:853,Contig:78:316.833:684,Contig:164:53.0191:4427,Contig:76:1010.18:1514,Contig:77:284.925:3906,Contig:138:35.7228:3p:1:2:579	4	-0.03988536499737602	7.4633927259999995	0.7666303115735077	PBF_P16	Contig:175:33.0843:28604,Contig:32:174.226:1680,Contig:50:537.415:853,Contig:214:85.3975:7944,Contig:188:543.698:552,Contig:179:76.864:5374	4	-0.0020251717045255413	2.34132866	0.8450448130547485	4	-0.08353610695676741	11.212581951	0.3275167605788738	Contig:139:264.931:653,Contig:146:38.3119:9434,Contig:15:36.6119:4176,Contig:165:30.8743:27220,Contig:171:62.2474:1930,Contig:185:31.3781:8732,Contig:207:67.1883:1152,Contig:55:184.754:713,Contig:114:64.8563:3p:1:6:106,Contig:114:64.8563:3p:1:8:105,Contig:114:64.8563:3p:1:13:585,Contig:114:64.8563:3p:1:19:105,Contig:118:175.893:3p:1:44:1514,Contig:125:26.8369:3p:1:121:758	0	True	0
efae-SAMN36766199	PBF_P7	Contig:136:36.9978:3p:1:14:116,Contig:138:35.7228:3p:1:15:551,Contig:223:33.0538:1192,Contig:212:33.539:40749,Contig:65:75.7995:21078,Contig:201:49.2948:4689,Contig:210:565.886:1794,Contig:100:34.4641:3p:1:6:541,Contig:86:85.4191:6389,Contig:13:300.614:597,Contig:125:26.8369:3p:1:102:247,Contig:32:174.226:1680,Contig:141:39.2662:3593,Contig:179:76.864:5374,Contig:117:96.5071:964,Contig:106:28.4304:5p:1:17:392,Contig:224:32.0904:16841,Contig:204:76.8712:41878,Contig:136:36.9978:3p:1:10:261,Contig:182:33.2808:16043,Contig:108:35.4637:3p:1:2:484,Contig:159:718.244:809,Contig:93:85.7917:10481,Contig:125:26.8369:3p:1:14:532,Contig:188:543.698:552,Contig:79:75.5968:4343,Contig:29:39.7161:5936,Contig:152:150.366:1324,Contig:50:537.415:853,Contig:78:316.833:684,Contig:164:53.0191:4427,Contig:76:1010.18:1514,Contig:77:284.925:3906,Contig:138:35.7228:3p:1:2:579	4	-0.03988536499737602	7.4633927259999995	0.7666303115735077	PBF_P17	Contig:136:36.9978:2675,Contig:125:26.8369:3p:1:102:247,Contig:78:316.833:684,Contig:125:26.8369:3p:1:14:532	4	-0.003082413705677939	1.82257958	1.6317844655488762	4	-0.09193889279559245	11.578296311999999	0.3275167605788738	Contig:104:32.2747:3236,Contig:126:31.9997:11847,Contig:139:264.931:653,Contig:15:36.6119:4176,Contig:185:31.3781:8732,Contig:207:67.1883:1152,Contig:40:66.7821:1803,Contig:55:184.754:713,Contig:114:64.8563:3p:1:6:106,Contig:114:64.8563:3p:1:8:105,Contig:114:64.8563:3p:1:13:585,Contig:114:64.8563:3p:1:19:105,Contig:122:27.5939:3p:1:6:276,Contig:122:27.5939:3p:1:7:481,Contig:122:27.5939:3p:1:8:463,Contig:122:27.5939:3p:1:9:463,Contig:122:27.5939:3p:1:10:369,Contig:122:27.5939:3p:1:13:431,Contig:125:26.8369:3p:1:13:494,Contig:125:26.8369:3p:1:15:139,Contig:125:26.8369:3p:1:109:752	0	True	0
efae-SAMN36766199	PBF_P7	Contig:136:36.9978:3p:1:14:116,Contig:138:35.7228:3p:1:15:551,Contig:223:33.0538:1192,Contig:212:33.539:40749,Contig:65:75.7995:21078,Contig:201:49.2948:4689,Contig:210:565.886:1794,Contig:100:34.4641:3p:1:6:541,Contig:86:85.4191:6389,Contig:13:300.614:597,Contig:125:26.8369:3p:1:102:247,Contig:32:174.226:1680,Contig:141:39.2662:3593,Contig:179:76.864:5374,Contig:117:96.5071:964,Contig:106:28.4304:5p:1:17:392,Contig:224:32.0904:16841,Contig:204:76.8712:41878,Contig:136:36.9978:3p:1:10:261,Contig:182:33.2808:16043,Contig:108:35.4637:3p:1:2:484,Contig:159:718.244:809,Contig:93:85.7917:10481,Contig:125:26.8369:3p:1:14:532,Contig:188:543.698:552,Contig:79:75.5968:4343,Contig:29:39.7161:5936,Contig:152:150.366:1324,Contig:50:537.415:853,Contig:78:316.833:684,Contig:164:53.0191:4427,Contig:76:1010.18:1514,Contig:77:284.925:3906,Contig:138:35.7228:3p:1:2:579	4	-0.03988536499737602	7.4633927259999995	0.7666303115735077	PBF_P18	Contig:50:537.415:853,Contig:108:35.4637:3p:1:2:484,Contig:188:543.698:552,Contig:183:57.759:8294	4	0.0	1.7293466400000002	1.491070277063081	4	-0.08151093525224187	10.022392811000001	0.3275167605788738	Contig:118:175.893:1493,Contig:139:264.931:653,Contig:146:38.3119:9434,Contig:15:36.6119:4176,Contig:185:31.3781:8732,Contig:203:30.4273:8590,Contig:207:67.1883:1152,Contig:55:184.754:713,Contig:108:35.4637:3p:1:5:489,Contig:114:64.8563:3p:1:6:106,Contig:114:64.8563:3p:1:8:105,Contig:114:64.8563:3p:1:13:585,Contig:114:64.8563:3p:1:19:105,Contig:118:175.893:3p:1:44:1514	0	True	0
efae-SAMN36766199	PBF_P7	Contig:136:36.9978:3p:1:14:116,Contig:138:35.7228:3p:1:15:551,Contig:223:33.0538:1192,Contig:212:33.539:40749,Contig:65:75.7995:21078,Contig:201:49.2948:4689,Contig:210:565.886:1794,Contig:100:34.4641:3p:1:6:541,Contig:86:85.4191:6389,Contig:13:300.614:597,Contig:125:26.8369:3p:1:102:247,Contig:32:174.226:1680,Contig:141:39.2662:3593,Contig:179:76.864:5374,Contig:117:96.5071:964,Contig:106:28.4304:5p:1:17:392,Contig:224:32.0904:16841,Contig:204:76.8712:41878,Contig:136:36.9978:3p:1:10:261,Contig:182:33.2808:16043,Contig:108:35.4637:3p:1:2:484,Contig:159:718.244:809,Contig:93:85.7917:10481,Contig:125:26.8369:3p:1:14:532,Contig:188:543.698:552,Contig:79:75.5968:4343,Contig:29:39.7161:5936,Contig:152:150.366:1324,Contig:50:537.415:853,Contig:78:316.833:684,Contig:164:53.0191:4427,Contig:76:1010.18:1514,Contig:77:284.925:3906,Contig:138:35.7228:3p:1:2:579	4	-0.03988536499737602	7.4633927259999995	0.7666303115735077	PBF_P19	Contig:122:27.5939:3p:1:4:276,Contig:122:27.5939:3p:1:8:463,Contig:122:27.5939:4388,Contig:122:27.5939:3p:1:7:481	4	-0.006032033777871176	1.16563207	0.8904975935288741	4	-0.08754296903011305	10.802350166	0.3275167605788738	Contig:139:264.931:653,Contig:15:36.6119:4176,Contig:185:31.3781:8732,Contig:207:67.1883:1152,Contig:30:58.7434:1428,Contig:55:184.754:713,Contig:114:64.8563:3p:1:6:106,Contig:114:64.8563:3p:1:8:105,Contig:114:64.8563:3p:1:13:585,Contig:114:64.8563:3p:1:19:105	0	False	0
efae-SAMN36766199	PBF_P7	Contig:136:36.9978:3p:1:14:116,Contig:138:35.7228:3p:1:15:551,Contig:223:33.0538:1192,Contig:212:33.539:40749,Contig:65:75.7995:21078,Contig:201:49.2948:4689,Contig:210:565.886:1794,Contig:100:34.4641:3p:1:6:541,Contig:86:85.4191:6389,Contig:13:300.614:597,Contig:125:26.8369:3p:1:102:247,Contig:32:174.226:1680,Contig:141:39.2662:3593,Contig:179:76.864:5374,Contig:117:96.5071:964,Contig:106:28.4304:5p:1:17:392,Contig:224:32.0904:16841,Contig:204:76.8712:41878,Contig:136:36.9978:3p:1:10:261,Contig:182:33.2808:16043,Contig:108:35.4637:3p:1:2:484,Contig:159:718.244:809,Contig:93:85.7917:10481,Contig:125:26.8369:3p:1:14:532,Contig:188:543.698:552,Contig:79:75.5968:4343,Contig:29:39.7161:5936,Contig:152:150.366:1324,Contig:50:537.415:853,Contig:78:316.833:684,Contig:164:53.0191:4427,Contig:76:1010.18:1514,Contig:77:284.925:3906,Contig:138:35.7228:3p:1:2:579	4	-0.03988536499737602	7.4633927259999995	0.7666303115735077	PBF_P20	Contig:136:36.9978:2675	4	0.0	0.41581272999999996	1.6317844655488762	4	-0.03988536499737602	7.879205455999999	0.7666303115729534		0	False	0
efae-SAMN36766199	PBF_P8	Contig:136:36.9978:3p:1:14:116,Contig:186:30.3502:15740,Contig:138:35.7228:3p:1:15:551,Contig:65:75.7995:21078,Contig:201:49.2948:4689,Contig:210:565.886:1794,Contig:100:34.4641:3p:1:6:541,Contig:86:85.4191:6389,Contig:13:300.614:597,Contig:125:26.8369:3p:1:102:247,Contig:32:174.226:1680,Contig:141:39.2662:3593,Contig:179:76.864:5374,Contig:117:96.5071:964,Contig:106:28.4304:5p:1:17:392,Contig:224:32.0904:16841,Contig:204:76.8712:41878,Contig:136:36.9978:3p:1:10:261,Contig:182:33.2808:16043,Contig:108:35.4637:3p:1:2:484,Contig:159:718.244:809,Contig:125:26.8369:3p:1:14:532,Contig:188:543.698:552,Contig:79:75.5968:4343,Contig:152:150.366:1324,Contig:50:537.415:853,Contig:78:316.833:684,Contig:76:1010.18:1514,Contig:77:284.925:3906,Contig:138:35.7228:3p:1:2:579	4	0	0	0	PBF_P9	Contig:136:36.9978:3p:1:14:116,Contig:186:30.3502:15740,Contig:138:35.7228:3p:1:15:551,Contig:65:75.7995:21078,Contig:86:85.4191:6389,Contig:13:300.614:597,Contig:125:26.8369:3p:1:102:247,Contig:32:174.226:1680,Contig:141:39.2662:3593,Contig:179:76.864:5374,Contig:204:76.8712:41878,Contig:136:36.9978:3p:1:10:261,Contig:182:33.2808:16043,Contig:108:35.4637:3p:1:2:484,Contig:125:26.8369:3p:1:14:532,Contig:188:543.698:552,Contig:76:1010.18:1514,Contig:79:75.5968:4343,Contig:50:537.415:853,Contig:78:316.833:684,Contig:152:150.366:1324,Contig:138:35.7228:3p:1:2:579	4	0	0	0	0	0	0	0	[]	0	1	1
efae-SAMN36766199	PBF_P8	Contig:136:36.9978:3p:1:14:116,Contig:186:30.3502:15740,Contig:138:35.7228:3p:1:15:551,Contig:65:75.7995:21078,Contig:201:49.2948:4689,Contig:210:565.886:1794,Contig:100:34.4641:3p:1:6:541,Contig:86:85.4191:6389,Contig:13:300.614:597,Contig:125:26.8369:3p:1:102:247,Contig:32:174.226:1680,Contig:141:39.2662:3593,Contig:179:76.864:5374,Contig:117:96.5071:964,Contig:106:28.4304:5p:1:17:392,Contig:224:32.0904:16841,Contig:204:76.8712:41878,Contig:136:36.9978:3p:1:10:261,Contig:182:33.2808:16043,Contig:108:35.4637:3p:1:2:484,Contig:159:718.244:809,Contig:125:26.8369:3p:1:14:532,Contig:188:543.698:552,Contig:79:75.5968:4343,Contig:152:150.366:1324,Contig:50:537.415:853,Contig:78:316.833:684,Contig:76:1010.18:1514,Contig:77:284.925:3906,Contig:138:35.7228:3p:1:2:579	4	-0.011287362609982449	6.819526646	0.7826940283470984	PBF_P10	Contig:136:36.9978:3p:1:14:116,Contig:186:30.3502:15740,Contig:65:75.7995:21078,Contig:86:85.4191:6389,Contig:125:26.8369:3p:1:102:247,Contig:32:174.226:1680,Contig:179:76.864:5374,Contig:204:76.8712:41878,Contig:193:37.1403:85323,Contig:136:36.9978:3p:1:10:261,Contig:108:35.4637:3p:1:2:484,Contig:125:26.8369:3p:1:14:532,Contig:188:543.698:552,Contig:79:75.5968:4343,Contig:152:150.366:1324,Contig:50:537.415:853,Contig:78:316.833:684,Contig:76:1010.18:1514	4	-0.011287362609982449	5.6365434527	0.7826940283470984	4	-0.07154583931250338	14.748394104700001	0.3275167605788662	Contig:104:32.2747:3236,Contig:126:31.9997:11847,Contig:139:264.931:653,Contig:15:36.6119:4176,Contig:185:31.3781:8732,Contig:207:67.1883:1152,Contig:40:66.7821:1803,Contig:55:184.754:713,Contig:114:64.8563:3p:1:6:106,Contig:114:64.8563:3p:1:8:105,Contig:114:64.8563:3p:1:13:585,Contig:114:64.8563:3p:1:19:105,Contig:122:27.5939:3p:1:6:276,Contig:122:27.5939:3p:1:7:481,Contig:122:27.5939:3p:1:8:463,Contig:122:27.5939:3p:1:9:463,Contig:122:27.5939:3p:1:10:369,Contig:122:27.5939:3p:1:13:431,Contig:125:26.8369:3p:1:13:494,Contig:125:26.8369:3p:1:15:139,Contig:125:26.8369:3p:1:109:752	0	True	0
efae-SAMN36766199	PBF_P8	Contig:136:36.9978:3p:1:14:116,Contig:186:30.3502:15740,Contig:138:35.7228:3p:1:15:551,Contig:65:75.7995:21078,Contig:201:49.2948:4689,Contig:210:565.886:1794,Contig:100:34.4641:3p:1:6:541,Contig:86:85.4191:6389,Contig:13:300.614:597,Contig:125:26.8369:3p:1:102:247,Contig:32:174.226:1680,Contig:141:39.2662:3593,Contig:179:76.864:5374,Contig:117:96.5071:964,Contig:106:28.4304:5p:1:17:392,Contig:224:32.0904:16841,Contig:204:76.8712:41878,Contig:136:36.9978:3p:1:10:261,Contig:182:33.2808:16043,Contig:108:35.4637:3p:1:2:484,Contig:159:718.244:809,Contig:125:26.8369:3p:1:14:532,Contig:188:543.698:552,Contig:79:75.5968:4343,Contig:152:150.366:1324,Contig:50:537.415:853,Contig:78:316.833:684,Contig:76:1010.18:1514,Contig:77:284.925:3906,Contig:138:35.7228:3p:1:2:579	4	-0.011287362609982449	6.819526646	0.7826940283470984	PBF_P11	Contig:136:36.9978:3p:1:14:116,Contig:65:75.7995:21078,Contig:136:36.9978:3p:1:10:261,Contig:125:26.8369:3p:1:102:247,Contig:50:537.415:853,Contig:108:35.4637:3p:1:2:484,Contig:214:85.3975:7944,Contig:78:316.833:684,Contig:125:26.8369:3p:1:14:532,Contig:188:543.698:552	4	-0.0065646715904890685	4.5243369499999995	1.97130530166717	4	-0.06682314829301	13.636187602	0.3275167605788738	Contig:104:32.2747:3236,Contig:126:31.9997:11847,Contig:139:264.931:653,Contig:15:36.6119:4176,Contig:185:31.3781:8732,Contig:207:67.1883:1152,Contig:40:66.7821:1803,Contig:55:184.754:713,Contig:114:64.8563:3p:1:6:106,Contig:114:64.8563:3p:1:8:105,Contig:114:64.8563:3p:1:13:585,Contig:114:64.8563:3p:1:19:105,Contig:122:27.5939:3p:1:6:276,Contig:122:27.5939:3p:1:7:481,Contig:122:27.5939:3p:1:8:463,Contig:122:27.5939:3p:1:9:463,Contig:122:27.5939:3p:1:10:369,Contig:122:27.5939:3p:1:13:431,Contig:125:26.8369:3p:1:13:494,Contig:125:26.8369:3p:1:15:139,Contig:125:26.8369:3p:1:109:752	0	True	0
efae-SAMN36766199	PBF_P8	Contig:136:36.9978:3p:1:14:116,Contig:186:30.3502:15740,Contig:138:35.7228:3p:1:15:551,Contig:65:75.7995:21078,Contig:201:49.2948:4689,Contig:210:565.886:1794,Contig:100:34.4641:3p:1:6:541,Contig:86:85.4191:6389,Contig:13:300.614:597,Contig:125:26.8369:3p:1:102:247,Contig:32:174.226:1680,Contig:141:39.2662:3593,Contig:179:76.864:5374,Contig:117:96.5071:964,Contig:106:28.4304:5p:1:17:392,Contig:224:32.0904:16841,Contig:204:76.8712:41878,Contig:136:36.9978:3p:1:10:261,Contig:182:33.2808:16043,Contig:108:35.4637:3p:1:2:484,Contig:159:718.244:809,Contig:125:26.8369:3p:1:14:532,Contig:188:543.698:552,Contig:79:75.5968:4343,Contig:152:150.366:1324,Contig:50:537.415:853,Contig:78:316.833:684,Contig:76:1010.18:1514,Contig:77:284.925:3906,Contig:138:35.7228:3p:1:2:579	4	-0.011287362609982449	6.819526646	0.7826940283470984	PBF_P12	Contig:136:36.9978:3p:1:14:116,Contig:13:300.614:597,Contig:175:33.0843:28604,Contig:125:26.8369:3p:1:102:247,Contig:32:174.226:1680,Contig:136:36.9978:3p:1:13:303,Contig:179:76.864:5374,Contig:136:36.9978:3p:1:10:261,Contig:182:33.2808:16043,Contig:139:264.931:653,Contig:125:26.8369:3p:1:14:532,Contig:188:543.698:552,Contig:138:35.7228:23576,Contig:209:258.736:739,Contig:50:537.415:853,Contig:78:316.833:684,Contig:138:35.7228:3p:1:2:579	4	-0.024479675076039487	4.261916269999999	0.8054437508722315	4	-0.04311258152369457	12.342347045999999	0.7826940283466683	Contig:40:66.7821:1803,Contig:125:26.8369:3p:1:13:494,Contig:125:26.8369:3p:1:15:139	0	True	0
efae-SAMN36766199	PBF_P8	Contig:136:36.9978:3p:1:14:116,Contig:186:30.3502:15740,Contig:138:35.7228:3p:1:15:551,Contig:65:75.7995:21078,Contig:201:49.2948:4689,Contig:210:565.886:1794,Contig:100:34.4641:3p:1:6:541,Contig:86:85.4191:6389,Contig:13:300.614:597,Contig:125:26.8369:3p:1:102:247,Contig:32:174.226:1680,Contig:141:39.2662:3593,Contig:179:76.864:5374,Contig:117:96.5071:964,Contig:106:28.4304:5p:1:17:392,Contig:224:32.0904:16841,Contig:204:76.8712:41878,Contig:136:36.9978:3p:1:10:261,Contig:182:33.2808:16043,Contig:108:35.4637:3p:1:2:484,Contig:159:718.244:809,Contig:125:26.8369:3p:1:14:532,Contig:188:543.698:552,Contig:79:75.5968:4343,Contig:152:150.366:1324,Contig:50:537.415:853,Contig:78:316.833:684,Contig:76:1010.18:1514,Contig:77:284.925:3906,Contig:138:35.7228:3p:1:2:579	4	-0.011287362609982449	6.819526646	0.7826940283470984	PBF_P13	Contig:79:75.5968:4343,Contig:204:76.8712:41878,Contig:32:174.226:1680,Contig:50:537.415:853,Contig:214:85.3975:7944,Contig:152:150.366:1324,Contig:188:543.698:552,Contig:179:76.864:5374	4	-0.00472269101949338	3.62899702	1.938683353738387	4	-0.05763562388434168	11.856384231000002	0.3275167605788738	Contig:139:264.931:653,Contig:146:38.3119:9434,Contig:15:36.6119:4176,Contig:165:30.8743:27220,Contig:171:62.2474:1930,Contig:185:31.3781:8732,Contig:207:67.1883:1152,Contig:55:184.754:713,Contig:114:64.8563:3p:1:6:106,Contig:114:64.8563:3p:1:8:105,Contig:114:64.8563:3p:1:13:585,Contig:114:64.8563:3p:1:19:105,Contig:118:175.893:3p:1:44:1514,Contig:125:26.8369:3p:1:121:758	0	True	0
efae-SAMN36766199	PBF_P8	Contig:136:36.9978:3p:1:14:116,Contig:186:30.3502:15740,Contig:138:35.7228:3p:1:15:551,Contig:65:75.7995:21078,Contig:201:49.2948:4689,Contig:210:565.886:1794,Contig:100:34.4641:3p:1:6:541,Contig:86:85.4191:6389,Contig:13:300.614:597,Contig:125:26.8369:3p:1:102:247,Contig:32:174.226:1680,Contig:141:39.2662:3593,Contig:179:76.864:5374,Contig:117:96.5071:964,Contig:106:28.4304:5p:1:17:392,Contig:224:32.0904:16841,Contig:204:76.8712:41878,Contig:136:36.9978:3p:1:10:261,Contig:182:33.2808:16043,Contig:108:35.4637:3p:1:2:484,Contig:159:718.244:809,Contig:125:26.8369:3p:1:14:532,Contig:188:543.698:552,Contig:79:75.5968:4343,Contig:152:150.366:1324,Contig:50:537.415:853,Contig:78:316.833:684,Contig:76:1010.18:1514,Contig:77:284.925:3906,Contig:138:35.7228:3p:1:2:579	4	-0.011287362609982449	6.819526646	0.7826940283470984	PBF_P14	Contig:2:127.633:Circ:4461	4	0.0	0.4996321	3.081942113156582	0	0	0	0		1	False	0
efae-SAMN36766199	PBF_P8	Contig:136:36.9978:3p:1:14:116,Contig:186:30.3502:15740,Contig:138:35.7228:3p:1:15:551,Contig:65:75.7995:21078,Contig:201:49.2948:4689,Contig:210:565.886:1794,Contig:100:34.4641:3p:1:6:541,Contig:86:85.4191:6389,Contig:13:300.614:597,Contig:125:26.8369:3p:1:102:247,Contig:32:174.226:1680,Contig:141:39.2662:3593,Contig:179:76.864:5374,Contig:117:96.5071:964,Contig:106:28.4304:5p:1:17:392,Contig:224:32.0904:16841,Contig:204:76.8712:41878,Contig:136:36.9978:3p:1:10:261,Contig:182:33.2808:16043,Contig:108:35.4637:3p:1:2:484,Contig:159:718.244:809,Contig:125:26.8369:3p:1:14:532,Contig:188:543.698:552,Contig:79:75.5968:4343,Contig:152:150.366:1324,Contig:50:537.415:853,Contig:78:316.833:684,Contig:76:1010.18:1514,Contig:77:284.925:3906,Contig:138:35.7228:3p:1:2:579	4	-0.011287362609982449	6.819526646	0.7826940283470984	PBF_P15	Contig:125:26.8369:2489,Contig:50:537.415:853,Contig:108:35.4637:3p:1:2:484,Contig:214:85.3975:7944,Contig:125:26.8369:3p:1:14:532,Contig:188:543.698:552	4	0.0	2.5430859999999997	0.9191027151723309	4	-0.060258476702520936	11.654936652	0.3275167605788738	Contig:104:32.2747:3236,Contig:126:31.9997:11847,Contig:139:264.931:653,Contig:15:36.6119:4176,Contig:185:31.3781:8732,Contig:207:67.1883:1152,Contig:40:66.7821:1803,Contig:55:184.754:713,Contig:114:64.8563:3p:1:6:106,Contig:114:64.8563:3p:1:8:105,Contig:114:64.8563:3p:1:13:585,Contig:114:64.8563:3p:1:19:105,Contig:122:27.5939:3p:1:6:276,Contig:122:27.5939:3p:1:7:481,Contig:122:27.5939:3p:1:8:463,Contig:122:27.5939:3p:1:9:463,Contig:122:27.5939:3p:1:10:369,Contig:122:27.5939:3p:1:13:431,Contig:125:26.8369:3p:1:13:494,Contig:125:26.8369:3p:1:15:139,Contig:125:26.8369:3p:1:109:752	0	True	0
efae-SAMN36766199	PBF_P8	Contig:136:36.9978:3p:1:14:116,Contig:186:30.3502:15740,Contig:138:35.7228:3p:1:15:551,Contig:65:75.7995:21078,Contig:201:49.2948:4689,Contig:210:565.886:1794,Contig:100:34.4641:3p:1:6:541,Contig:86:85.4191:6389,Contig:13:300.614:597,Contig:125:26.8369:3p:1:102:247,Contig:32:174.226:1680,Contig:141:39.2662:3593,Contig:179:76.864:5374,Contig:117:96.5071:964,Contig:106:28.4304:5p:1:17:392,Contig:224:32.0904:16841,Contig:204:76.8712:41878,Contig:136:36.9978:3p:1:10:261,Contig:182:33.2808:16043,Contig:108:35.4637:3p:1:2:484,Contig:159:718.244:809,Contig:125:26.8369:3p:1:14:532,Contig:188:543.698:552,Contig:79:75.5968:4343,Contig:152:150.366:1324,Contig:50:537.415:853,Contig:78:316.833:684,Contig:76:1010.18:1514,Contig:77:284.925:3906,Contig:138:35.7228:3p:1:2:579	4	-0.011287362609982449	6.819526646	0.7826940283470984	PBF_P16	Contig:175:33.0843:28604,Contig:32:174.226:1680,Contig:50:537.415:853,Contig:214:85.3975:7944,Contig:188:543.698:552,Contig:179:76.864:5374	4	-0.0020251717045255413	2.34132866	0.8450448130547485	4	-0.05493810456937384	10.568715871	0.3275167605788738	Contig:139:264.931:653,Contig:146:38.3119:9434,Contig:15:36.6119:4176,Contig:165:30.8743:27220,Contig:171:62.2474:1930,Contig:185:31.3781:8732,Contig:207:67.1883:1152,Contig:55:184.754:713,Contig:114:64.8563:3p:1:6:106,Contig:114:64.8563:3p:1:8:105,Contig:114:64.8563:3p:1:13:585,Contig:114:64.8563:3p:1:19:105,Contig:118:175.893:3p:1:44:1514,Contig:125:26.8369:3p:1:121:758	0	True	0
efae-SAMN36766199	PBF_P8	Contig:136:36.9978:3p:1:14:116,Contig:186:30.3502:15740,Contig:138:35.7228:3p:1:15:551,Contig:65:75.7995:21078,Contig:201:49.2948:4689,Contig:210:565.886:1794,Contig:100:34.4641:3p:1:6:541,Contig:86:85.4191:6389,Contig:13:300.614:597,Contig:125:26.8369:3p:1:102:247,Contig:32:174.226:1680,Contig:141:39.2662:3593,Contig:179:76.864:5374,Contig:117:96.5071:964,Contig:106:28.4304:5p:1:17:392,Contig:224:32.0904:16841,Contig:204:76.8712:41878,Contig:136:36.9978:3p:1:10:261,Contig:182:33.2808:16043,Contig:108:35.4637:3p:1:2:484,Contig:159:718.244:809,Contig:125:26.8369:3p:1:14:532,Contig:188:543.698:552,Contig:79:75.5968:4343,Contig:152:150.366:1324,Contig:50:537.415:853,Contig:78:316.833:684,Contig:76:1010.18:1514,Contig:77:284.925:3906,Contig:138:35.7228:3p:1:2:579	4	-0.011287362609982449	6.819526646	0.7826940283470984	PBF_P17	Contig:136:36.9978:2675,Contig:125:26.8369:3p:1:102:247,Contig:78:316.833:684,Contig:125:26.8369:3p:1:14:532	4	-0.003082413705677939	1.82257958	1.6317844655488762	4	-0.06334089040819887	10.934430232	0.32751676057958257	Contig:104:32.2747:3236,Contig:126:31.9997:11847,Contig:139:264.931:653,Contig:15:36.6119:4176,Contig:185:31.3781:8732,Contig:207:67.1883:1152,Contig:40:66.7821:1803,Contig:55:184.754:713,Contig:114:64.8563:3p:1:6:106,Contig:114:64.8563:3p:1:8:105,Contig:114:64.8563:3p:1:13:585,Contig:114:64.8563:3p:1:19:105,Contig:122:27.5939:3p:1:6:276,Contig:122:27.5939:3p:1:7:481,Contig:122:27.5939:3p:1:8:463,Contig:122:27.5939:3p:1:9:463,Contig:122:27.5939:3p:1:10:369,Contig:122:27.5939:3p:1:13:431,Contig:125:26.8369:3p:1:13:494,Contig:125:26.8369:3p:1:15:139,Contig:125:26.8369:3p:1:109:752	0	True	0
efae-SAMN36766199	PBF_P8	Contig:136:36.9978:3p:1:14:116,Contig:186:30.3502:15740,Contig:138:35.7228:3p:1:15:551,Contig:65:75.7995:21078,Contig:201:49.2948:4689,Contig:210:565.886:1794,Contig:100:34.4641:3p:1:6:541,Contig:86:85.4191:6389,Contig:13:300.614:597,Contig:125:26.8369:3p:1:102:247,Contig:32:174.226:1680,Contig:141:39.2662:3593,Contig:179:76.864:5374,Contig:117:96.5071:964,Contig:106:28.4304:5p:1:17:392,Contig:224:32.0904:16841,Contig:204:76.8712:41878,Contig:136:36.9978:3p:1:10:261,Contig:182:33.2808:16043,Contig:108:35.4637:3p:1:2:484,Contig:159:718.244:809,Contig:125:26.8369:3p:1:14:532,Contig:188:543.698:552,Contig:79:75.5968:4343,Contig:152:150.366:1324,Contig:50:537.415:853,Contig:78:316.833:684,Contig:76:1010.18:1514,Contig:77:284.925:3906,Contig:138:35.7228:3p:1:2:579	4	-0.011287362609982449	6.819526646	0.7826940283470984	PBF_P18	Contig:50:537.415:853,Contig:108:35.4637:3p:1:2:484,Contig:188:543.698:552,Contig:183:57.759:8294	4	0.0	1.7293466400000002	1.491070277063081	4	-0.0529129328648483	9.378526731000001	0.3275167605788738	Contig:118:175.893:1493,Contig:139:264.931:653,Contig:146:38.3119:9434,Contig:15:36.6119:4176,Contig:185:31.3781:8732,Contig:203:30.4273:8590,Contig:207:67.1883:1152,Contig:55:184.754:713,Contig:108:35.4637:3p:1:5:489,Contig:114:64.8563:3p:1:6:106,Contig:114:64.8563:3p:1:8:105,Contig:114:64.8563:3p:1:13:585,Contig:114:64.8563:3p:1:19:105,Contig:118:175.893:3p:1:44:1514	0	True	0
efae-SAMN36766199	PBF_P8	Contig:136:36.9978:3p:1:14:116,Contig:186:30.3502:15740,Contig:138:35.7228:3p:1:15:551,Contig:65:75.7995:21078,Contig:201:49.2948:4689,Contig:210:565.886:1794,Contig:100:34.4641:3p:1:6:541,Contig:86:85.4191:6389,Contig:13:300.614:597,Contig:125:26.8369:3p:1:102:247,Contig:32:174.226:1680,Contig:141:39.2662:3593,Contig:179:76.864:5374,Contig:117:96.5071:964,Contig:106:28.4304:5p:1:17:392,Contig:224:32.0904:16841,Contig:204:76.8712:41878,Contig:136:36.9978:3p:1:10:261,Contig:182:33.2808:16043,Contig:108:35.4637:3p:1:2:484,Contig:159:718.244:809,Contig:125:26.8369:3p:1:14:532,Contig:188:543.698:552,Contig:79:75.5968:4343,Contig:152:150.366:1324,Contig:50:537.415:853,Contig:78:316.833:684,Contig:76:1010.18:1514,Contig:77:284.925:3906,Contig:138:35.7228:3p:1:2:579	4	-0.011287362609982449	6.819526646	0.7826940283470984	PBF_P19	Contig:122:27.5939:3p:1:4:276,Contig:122:27.5939:3p:1:8:463,Contig:122:27.5939:4388,Contig:122:27.5939:3p:1:7:481	4	-0.006032033777871176	1.16563207	0.8904975935288741	4	-0.058944966642719476	10.158484086000001	0.3275167605788738	Contig:139:264.931:653,Contig:15:36.6119:4176,Contig:185:31.3781:8732,Contig:207:67.1883:1152,Contig:30:58.7434:1428,Contig:55:184.754:713,Contig:114:64.8563:3p:1:6:106,Contig:114:64.8563:3p:1:8:105,Contig:114:64.8563:3p:1:13:585,Contig:114:64.8563:3p:1:19:105	0	False	0
efae-SAMN36766199	PBF_P8	Contig:136:36.9978:3p:1:14:116,Contig:186:30.3502:15740,Contig:138:35.7228:3p:1:15:551,Contig:65:75.7995:21078,Contig:201:49.2948:4689,Contig:210:565.886:1794,Contig:100:34.4641:3p:1:6:541,Contig:86:85.4191:6389,Contig:13:300.614:597,Contig:125:26.8369:3p:1:102:247,Contig:32:174.226:1680,Contig:141:39.2662:3593,Contig:179:76.864:5374,Contig:117:96.5071:964,Contig:106:28.4304:5p:1:17:392,Contig:224:32.0904:16841,Contig:204:76.8712:41878,Contig:136:36.9978:3p:1:10:261,Contig:182:33.2808:16043,Contig:108:35.4637:3p:1:2:484,Contig:159:718.244:809,Contig:125:26.8369:3p:1:14:532,Contig:188:543.698:552,Contig:79:75.5968:4343,Contig:152:150.366:1324,Contig:50:537.415:853,Contig:78:316.833:684,Contig:76:1010.18:1514,Contig:77:284.925:3906,Contig:138:35.7228:3p:1:2:579	4	-0.011287362609982449	6.819526646	0.7826940283470984	PBF_P20	Contig:136:36.9978:2675	4	0.0	0.41581272999999996	1.6317844655488762	4	-0.011287362609982449	7.235339376	0.7826940283466683		0	False	0
efae-SAMN36766199	PBF_P9	Contig:136:36.9978:3p:1:14:116,Contig:186:30.3502:15740,Contig:138:35.7228:3p:1:15:551,Contig:65:75.7995:21078,Contig:86:85.4191:6389,Contig:13:300.614:597,Contig:125:26.8369:3p:1:102:247,Contig:32:174.226:1680,Contig:141:39.2662:3593,Contig:179:76.864:5374,Contig:204:76.8712:41878,Contig:136:36.9978:3p:1:10:261,Contig:182:33.2808:16043,Contig:108:35.4637:3p:1:2:484,Contig:125:26.8369:3p:1:14:532,Contig:188:543.698:552,Contig:76:1010.18:1514,Contig:79:75.5968:4343,Contig:50:537.415:853,Contig:78:316.833:684,Contig:152:150.366:1324,Contig:138:35.7228:3p:1:2:579	4	-0.011287362609982449	5.988723532999998	0.7826940283470984	PBF_P10	Contig:136:36.9978:3p:1:14:116,Contig:186:30.3502:15740,Contig:65:75.7995:21078,Contig:86:85.4191:6389,Contig:125:26.8369:3p:1:102:247,Contig:32:174.226:1680,Contig:179:76.864:5374,Contig:204:76.8712:41878,Contig:193:37.1403:85323,Contig:136:36.9978:3p:1:10:261,Contig:108:35.4637:3p:1:2:484,Contig:125:26.8369:3p:1:14:532,Contig:188:543.698:552,Contig:79:75.5968:4343,Contig:152:150.366:1324,Contig:50:537.415:853,Contig:78:316.833:684,Contig:76:1010.18:1514	4	-0.011287362609982449	5.6365434527	0.7826940283470984	4	-0.07154583931250338	15.587460691699999	0.3275167605788738	Contig:104:32.2747:3236,Contig:126:31.9997:11847,Contig:139:264.931:653,Contig:159:718.244:809,Contig:15:36.6119:4176,Contig:185:31.3781:8732,Contig:207:67.1883:1152,Contig:210:565.886:1794,Contig:40:66.7821:1803,Contig:42:85.5519:3430,Contig:55:184.754:713,Contig:77:284.925:3906,Contig:114:64.8563:3p:1:6:106,Contig:114:64.8563:3p:1:8:105,Contig:114:64.8563:3p:1:13:585,Contig:114:64.8563:3p:1:19:105,Contig:122:27.5939:3p:1:6:276,Contig:122:27.5939:3p:1:7:481,Contig:122:27.5939:3p:1:8:463,Contig:122:27.5939:3p:1:9:463,Contig:122:27.5939:3p:1:10:369,Contig:122:27.5939:3p:1:13:431,Contig:125:26.8369:3p:1:13:494,Contig:125:26.8369:3p:1:15:139,Contig:125:26.8369:3p:1:109:752	0	True	0
efae-SAMN36766199	PBF_P9	Contig:136:36.9978:3p:1:14:116,Contig:186:30.3502:15740,Contig:138:35.7228:3p:1:15:551,Contig:65:75.7995:21078,Contig:86:85.4191:6389,Contig:13:300.614:597,Contig:125:26.8369:3p:1:102:247,Contig:32:174.226:1680,Contig:141:39.2662:3593,Contig:179:76.864:5374,Contig:204:76.8712:41878,Contig:136:36.9978:3p:1:10:261,Contig:182:33.2808:16043,Contig:108:35.4637:3p:1:2:484,Contig:125:26.8369:3p:1:14:532,Contig:188:543.698:552,Contig:76:1010.18:1514,Contig:79:75.5968:4343,Contig:50:537.415:853,Contig:78:316.833:684,Contig:152:150.366:1324,Contig:138:35.7228:3p:1:2:579	4	-0.011287362609982449	5.988723532999998	0.7826940283470984	PBF_P11	Contig:136:36.9978:3p:1:14:116,Contig:65:75.7995:21078,Contig:136:36.9978:3p:1:10:261,Contig:125:26.8369:3p:1:102:247,Contig:50:537.415:853,Contig:108:35.4637:3p:1:2:484,Contig:214:85.3975:7944,Contig:78:316.833:684,Contig:125:26.8369:3p:1:14:532,Contig:188:543.698:552	4	-0.0065646715904890685	4.5243369499999995	1.97130530166717	4	-0.06682314829301	14.475254189	0.3275167605788731	Contig:104:32.2747:3236,Contig:126:31.9997:11847,Contig:139:264.931:653,Contig:159:718.244:809,Contig:15:36.6119:4176,Contig:185:31.3781:8732,Contig:207:67.1883:1152,Contig:210:565.886:1794,Contig:40:66.7821:1803,Contig:42:85.5519:3430,Contig:55:184.754:713,Contig:77:284.925:3906,Contig:114:64.8563:3p:1:6:106,Contig:114:64.8563:3p:1:8:105,Contig:114:64.8563:3p:1:13:585,Contig:114:64.8563:3p:1:19:105,Contig:122:27.5939:3p:1:6:276,Contig:122:27.5939:3p:1:7:481,Contig:122:27.5939:3p:1:8:463,Contig:122:27.5939:3p:1:9:463,Contig:122:27.5939:3p:1:10:369,Contig:122:27.5939:3p:1:13:431,Contig:125:26.8369:3p:1:13:494,Contig:125:26.8369:3p:1:15:139,Contig:125:26.8369:3p:1:109:752	0	True	0
efae-SAMN36766199	PBF_P9	Contig:136:36.9978:3p:1:14:116,Contig:186:30.3502:15740,Contig:138:35.7228:3p:1:15:551,Contig:65:75.7995:21078,Contig:86:85.4191:6389,Contig:13:300.614:597,Contig:125:26.8369:3p:1:102:247,Contig:32:174.226:1680,Contig:141:39.2662:3593,Contig:179:76.864:5374,Contig:204:76.8712:41878,Contig:136:36.9978:3p:1:10:261,Contig:182:33.2808:16043,Contig:108:35.4637:3p:1:2:484,Contig:125:26.8369:3p:1:14:532,Contig:188:543.698:552,Contig:76:1010.18:1514,Contig:79:75.5968:4343,Contig:50:537.415:853,Contig:78:316.833:684,Contig:152:150.366:1324,Contig:138:35.7228:3p:1:2:579	4	-0.011287362609982449	5.988723532999998	0.7826940283470984	PBF_P12	Contig:136:36.9978:3p:1:14:116,Contig:13:300.614:597,Contig:175:33.0843:28604,Contig:125:26.8369:3p:1:102:247,Contig:32:174.226:1680,Contig:136:36.9978:3p:1:13:303,Contig:179:76.864:5374,Contig:136:36.9978:3p:1:10:261,Contig:182:33.2808:16043,Contig:139:264.931:653,Contig:125:26.8369:3p:1:14:532,Contig:188:543.698:552,Contig:138:35.7228:23576,Contig:209:258.736:739,Contig:50:537.415:853,Contig:78:316.833:684,Contig:138:35.7228:3p:1:2:579	4	-0.024479675076039487	4.261916269999999	0.8054437508722315	4	-0.08414829858164197	14.277063722999998	0.3275167605788738	Contig:111:54.5961:4931,Contig:159:718.244:809,Contig:15:36.6119:4176,Contig:185:31.3781:8732,Contig:207:67.1883:1152,Contig:210:565.886:1794,Contig:55:184.754:713,Contig:77:284.925:3906,Contig:114:64.8563:3p:1:6:106,Contig:114:64.8563:3p:1:8:105,Contig:114:64.8563:3p:1:13:585,Contig:114:64.8563:3p:1:19:105,Contig:125:26.8369:3p:1:13:494,Contig:125:26.8369:3p:1:15:139	0	True	0
efae-SAMN36766199	PBF_P9	Contig:136:36.9978:3p:1:14:116,Contig:186:30.3502:15740,Contig:138:35.7228:3p:1:15:551,Contig:65:75.7995:21078,Contig:86:85.4191:6389,Contig:13:300.614:597,Contig:125:26.8369:3p:1:102:247,Contig:32:174.226:1680,Contig:141:39.2662:3593,Contig:179:76.864:5374,Contig:204:76.8712:41878,Contig:136:36.9978:3p:1:10:261,Contig:182:33.2808:16043,Contig:108:35.4637:3p:1:2:484,Contig:125:26.8369:3p:1:14:532,Contig:188:543.698:552,Contig:76:1010.18:1514,Contig:79:75.5968:4343,Contig:50:537.415:853,Contig:78:316.833:684,Contig:152:150.366:1324,Contig:138:35.7228:3p:1:2:579	4	-0.011287362609982449	5.988723532999998	0.7826940283470984	PBF_P13	Contig:79:75.5968:4343,Contig:204:76.8712:41878,Contig:32:174.226:1680,Contig:50:537.415:853,Contig:214:85.3975:7944,Contig:152:150.366:1324,Contig:188:543.698:552,Contig:179:76.864:5374	4	-0.00472269101949338	3.62899702	1.938683353738387	4	-0.06498116772201432	13.579914258999999	0.3275167605788738	Contig:104:32.2747:3236,Contig:126:31.9997:11847,Contig:139:264.931:653,Contig:159:718.244:809,Contig:15:36.6119:4176,Contig:185:31.3781:8732,Contig:207:67.1883:1152,Contig:210:565.886:1794,Contig:40:66.7821:1803,Contig:42:85.5519:3430,Contig:55:184.754:713,Contig:77:284.925:3906,Contig:114:64.8563:3p:1:6:106,Contig:114:64.8563:3p:1:8:105,Contig:114:64.8563:3p:1:13:585,Contig:114:64.8563:3p:1:19:105,Contig:122:27.5939:3p:1:6:276,Contig:122:27.5939:3p:1:7:481,Contig:122:27.5939:3p:1:8:463,Contig:122:27.5939:3p:1:9:463,Contig:122:27.5939:3p:1:10:369,Contig:122:27.5939:3p:1:13:431,Contig:125:26.8369:3p:1:13:494,Contig:125:26.8369:3p:1:15:139,Contig:125:26.8369:3p:1:109:752	0	True	0
efae-SAMN36766199	PBF_P9	Contig:136:36.9978:3p:1:14:116,Contig:186:30.3502:15740,Contig:138:35.7228:3p:1:15:551,Contig:65:75.7995:21078,Contig:86:85.4191:6389,Contig:13:300.614:597,Contig:125:26.8369:3p:1:102:247,Contig:32:174.226:1680,Contig:141:39.2662:3593,Contig:179:76.864:5374,Contig:204:76.8712:41878,Contig:136:36.9978:3p:1:10:261,Contig:182:33.2808:16043,Contig:108:35.4637:3p:1:2:484,Contig:125:26.8369:3p:1:14:532,Contig:188:543.698:552,Contig:76:1010.18:1514,Contig:79:75.5968:4343,Contig:50:537.415:853,Contig:78:316.833:684,Contig:152:150.366:1324,Contig:138:35.7228:3p:1:2:579	4	-0.011287362609982449	5.988723532999998	0.7826940283470984	PBF_P14	Contig:2:127.633:Circ:4461	4	0.0	0.4996321	3.081942113156582	0	0	0	0		1	False	0
efae-SAMN36766199	PBF_P9	Contig:136:36.9978:3p:1:14:116,Contig:186:30.3502:15740,Contig:138:35.7228:3p:1:15:551,Contig:65:75.7995:21078,Contig:86:85.4191:6389,Contig:13:300.614:597,Contig:125:26.8369:3p:1:102:247,Contig:32:174.226:1680,Contig:141:39.2662:3593,Contig:179:76.864:5374,Contig:204:76.8712:41878,Contig:136:36.9978:3p:1:10:261,Contig:182:33.2808:16043,Contig:108:35.4637:3p:1:2:484,Contig:125:26.8369:3p:1:14:532,Contig:188:543.698:552,Contig:76:1010.18:1514,Contig:79:75.5968:4343,Contig:50:537.415:853,Contig:78:316.833:684,Contig:152:150.366:1324,Contig:138:35.7228:3p:1:2:579	4	-0.011287362609982449	5.988723532999998	0.7826940283470984	PBF_P15	Contig:125:26.8369:2489,Contig:50:537.415:853,Contig:108:35.4637:3p:1:2:484,Contig:214:85.3975:7944,Contig:125:26.8369:3p:1:14:532,Contig:188:543.698:552	4	0.0	2.5430859999999997	0.9191027151723309	4	-0.060258476702520936	12.494003239	0.3275167605788738	Contig:104:32.2747:3236,Contig:126:31.9997:11847,Contig:139:264.931:653,Contig:159:718.244:809,Contig:15:36.6119:4176,Contig:185:31.3781:8732,Contig:207:67.1883:1152,Contig:210:565.886:1794,Contig:40:66.7821:1803,Contig:42:85.5519:3430,Contig:55:184.754:713,Contig:77:284.925:3906,Contig:114:64.8563:3p:1:6:106,Contig:114:64.8563:3p:1:8:105,Contig:114:64.8563:3p:1:13:585,Contig:114:64.8563:3p:1:19:105,Contig:122:27.5939:3p:1:6:276,Contig:122:27.5939:3p:1:7:481,Contig:122:27.5939:3p:1:8:463,Contig:122:27.5939:3p:1:9:463,Contig:122:27.5939:3p:1:10:369,Contig:122:27.5939:3p:1:13:431,Contig:125:26.8369:3p:1:13:494,Contig:125:26.8369:3p:1:15:139,Contig:125:26.8369:3p:1:109:752	0	True	0
efae-SAMN36766199	PBF_P9	Contig:136:36.9978:3p:1:14:116,Contig:186:30.3502:15740,Contig:138:35.7228:3p:1:15:551,Contig:65:75.7995:21078,Contig:86:85.4191:6389,Contig:13:300.614:597,Contig:125:26.8369:3p:1:102:247,Contig:32:174.226:1680,Contig:141:39.2662:3593,Contig:179:76.864:5374,Contig:204:76.8712:41878,Contig:136:36.9978:3p:1:10:261,Contig:182:33.2808:16043,Contig:108:35.4637:3p:1:2:484,Contig:125:26.8369:3p:1:14:532,Contig:188:543.698:552,Contig:76:1010.18:1514,Contig:79:75.5968:4343,Contig:50:537.415:853,Contig:78:316.833:684,Contig:152:150.366:1324,Contig:138:35.7228:3p:1:2:579	4	-0.011287362609982449	5.988723532999998	0.7826940283470984	PBF_P16	Contig:175:33.0843:28604,Contig:32:174.226:1680,Contig:50:537.415:853,Contig:214:85.3975:7944,Contig:188:543.698:552,Contig:179:76.864:5374	4	-0.0020251717045255413	2.34132866	0.8450448130547485	4	-0.06228364840704648	12.292245899	0.3275167605788738	Contig:104:32.2747:3236,Contig:126:31.9997:11847,Contig:139:264.931:653,Contig:159:718.244:809,Contig:15:36.6119:4176,Contig:185:31.3781:8732,Contig:207:67.1883:1152,Contig:210:565.886:1794,Contig:40:66.7821:1803,Contig:42:85.5519:3430,Contig:55:184.754:713,Contig:77:284.925:3906,Contig:114:64.8563:3p:1:6:106,Contig:114:64.8563:3p:1:8:105,Contig:114:64.8563:3p:1:13:585,Contig:114:64.8563:3p:1:19:105,Contig:122:27.5939:3p:1:6:276,Contig:122:27.5939:3p:1:7:481,Contig:122:27.5939:3p:1:8:463,Contig:122:27.5939:3p:1:9:463,Contig:122:27.5939:3p:1:10:369,Contig:122:27.5939:3p:1:13:431,Contig:125:26.8369:3p:1:13:494,Contig:125:26.8369:3p:1:15:139,Contig:125:26.8369:3p:1:109:752	0	True	0
efae-SAMN36766199	PBF_P9	Contig:136:36.9978:3p:1:14:116,Contig:186:30.3502:15740,Contig:138:35.7228:3p:1:15:551,Contig:65:75.7995:21078,Contig:86:85.4191:6389,Contig:13:300.614:597,Contig:125:26.8369:3p:1:102:247,Contig:32:174.226:1680,Contig:141:39.2662:3593,Contig:179:76.864:5374,Contig:204:76.8712:41878,Contig:136:36.9978:3p:1:10:261,Contig:182:33.2808:16043,Contig:108:35.4637:3p:1:2:484,Contig:125:26.8369:3p:1:14:532,Contig:188:543.698:552,Contig:76:1010.18:1514,Contig:79:75.5968:4343,Contig:50:537.415:853,Contig:78:316.833:684,Contig:152:150.366:1324,Contig:138:35.7228:3p:1:2:579	4	-0.011287362609982449	5.988723532999998	0.7826940283470984	PBF_P17	Contig:136:36.9978:2675,Contig:125:26.8369:3p:1:102:247,Contig:78:316.833:684,Contig:125:26.8369:3p:1:14:532	4	-0.003082413705677939	1.82257958	1.6317844655488762	4	-0.06334089040819887	11.773496819	0.3275167605788738	Contig:104:32.2747:3236,Contig:126:31.9997:11847,Contig:139:264.931:653,Contig:159:718.244:809,Contig:15:36.6119:4176,Contig:185:31.3781:8732,Contig:207:67.1883:1152,Contig:210:565.886:1794,Contig:40:66.7821:1803,Contig:42:85.5519:3430,Contig:55:184.754:713,Contig:77:284.925:3906,Contig:114:64.8563:3p:1:6:106,Contig:114:64.8563:3p:1:8:105,Contig:114:64.8563:3p:1:13:585,Contig:114:64.8563:3p:1:19:105,Contig:122:27.5939:3p:1:6:276,Contig:122:27.5939:3p:1:7:481,Contig:122:27.5939:3p:1:8:463,Contig:122:27.5939:3p:1:9:463,Contig:122:27.5939:3p:1:10:369,Contig:122:27.5939:3p:1:13:431,Contig:125:26.8369:3p:1:13:494,Contig:125:26.8369:3p:1:15:139,Contig:125:26.8369:3p:1:109:752	0	True	0
efae-SAMN36766199	PBF_P9	Contig:136:36.9978:3p:1:14:116,Contig:186:30.3502:15740,Contig:138:35.7228:3p:1:15:551,Contig:65:75.7995:21078,Contig:86:85.4191:6389,Contig:13:300.614:597,Contig:125:26.8369:3p:1:102:247,Contig:32:174.226:1680,Contig:141:39.2662:3593,Contig:179:76.864:5374,Contig:204:76.8712:41878,Contig:136:36.9978:3p:1:10:261,Contig:182:33.2808:16043,Contig:108:35.4637:3p:1:2:484,Contig:125:26.8369:3p:1:14:532,Contig:188:543.698:552,Contig:76:1010.18:1514,Contig:79:75.5968:4343,Contig:50:537.415:853,Contig:78:316.833:684,Contig:152:150.366:1324,Contig:138:35.7228:3p:1:2:579	4	-0.011287362609982449	5.988723532999998	0.7826940283470984	PBF_P18	Contig:50:537.415:853,Contig:108:35.4637:3p:1:2:484,Contig:188:543.698:552,Contig:183:57.759:8294	4	0.0	1.7293466400000002	1.491070277063081	4	-0.0529129328648483	11.054175179	0.3275167605788738	Contig:104:32.2747:3236,Contig:111:54.5961:4931,Contig:126:31.9997:11847,Contig:139:264.931:653,Contig:149:24.6094:2162,Contig:159:718.244:809,Contig:15:36.6119:4176,Contig:185:31.3781:8732,Contig:207:67.1883:1152,Contig:210:565.886:1794,Contig:40:66.7821:1803,Contig:42:85.5519:3430,Contig:55:184.754:713,Contig:108:35.4637:3p:1:5:489,Contig:114:64.8563:3p:1:6:106,Contig:114:64.8563:3p:1:8:105,Contig:114:64.8563:3p:1:13:585,Contig:114:64.8563:3p:1:19:105,Contig:122:27.5939:3p:1:6:276,Contig:122:27.5939:3p:1:7:481,Contig:122:27.5939:3p:1:8:463,Contig:122:27.5939:3p:1:9:463,Contig:122:27.5939:3p:1:10:369,Contig:122:27.5939:3p:1:13:431,Contig:125:26.8369:3p:1:13:494,Contig:125:26.8369:3p:1:109:752	0	True	0
efae-SAMN36766199	PBF_P9	Contig:136:36.9978:3p:1:14:116,Contig:186:30.3502:15740,Contig:138:35.7228:3p:1:15:551,Contig:65:75.7995:21078,Contig:86:85.4191:6389,Contig:13:300.614:597,Contig:125:26.8369:3p:1:102:247,Contig:32:174.226:1680,Contig:141:39.2662:3593,Contig:179:76.864:5374,Contig:204:76.8712:41878,Contig:136:36.9978:3p:1:10:261,Contig:182:33.2808:16043,Contig:108:35.4637:3p:1:2:484,Contig:125:26.8369:3p:1:14:532,Contig:188:543.698:552,Contig:76:1010.18:1514,Contig:79:75.5968:4343,Contig:50:537.415:853,Contig:78:316.833:684,Contig:152:150.366:1324,Contig:138:35.7228:3p:1:2:579	4	-0.011287362609982449	5.988723532999998	0.7826940283470984	PBF_P19	Contig:122:27.5939:3p:1:4:276,Contig:122:27.5939:3p:1:8:463,Contig:122:27.5939:4388,Contig:122:27.5939:3p:1:7:481	4	-0.006032033777871176	1.16563207	0.8904975935288741	4	-0.06629051048039211	11.826279703	0.3275167605792751	Contig:111:54.5961:4931,Contig:139:264.931:653,Contig:159:718.244:809,Contig:15:36.6119:4176,Contig:185:31.3781:8732,Contig:207:67.1883:1152,Contig:210:565.886:1794,Contig:30:58.7434:1428,Contig:55:184.754:713,Contig:77:284.925:3906,Contig:114:64.8563:3p:1:6:106,Contig:114:64.8563:3p:1:8:105,Contig:114:64.8563:3p:1:13:585,Contig:114:64.8563:3p:1:19:105,Contig:125:26.8369:3p:1:13:494,Contig:125:26.8369:3p:1:15:139	0	False	0
efae-SAMN36766199	PBF_P9	Contig:136:36.9978:3p:1:14:116,Contig:186:30.3502:15740,Contig:138:35.7228:3p:1:15:551,Contig:65:75.7995:21078,Contig:86:85.4191:6389,Contig:13:300.614:597,Contig:125:26.8369:3p:1:102:247,Contig:32:174.226:1680,Contig:141:39.2662:3593,Contig:179:76.864:5374,Contig:204:76.8712:41878,Contig:136:36.9978:3p:1:10:261,Contig:182:33.2808:16043,Contig:108:35.4637:3p:1:2:484,Contig:125:26.8369:3p:1:14:532,Contig:188:543.698:552,Contig:76:1010.18:1514,Contig:79:75.5968:4343,Contig:50:537.415:853,Contig:78:316.833:684,Contig:152:150.366:1324,Contig:138:35.7228:3p:1:2:579	4	-0.011287362609982449	5.988723532999998	0.7826940283470984	PBF_P20	Contig:136:36.9978:2675	4	0.0	0.41581272999999996	1.6317844655488762	4	-0.011287362609982449	6.404536262999998	0.7826940283466683		0	False	0
efae-SAMN36766199	PBF_P10	Contig:136:36.9978:3p:1:14:116,Contig:186:30.3502:15740,Contig:65:75.7995:21078,Contig:86:85.4191:6389,Contig:125:26.8369:3p:1:102:247,Contig:32:174.226:1680,Contig:179:76.864:5374,Contig:204:76.8712:41878,Contig:193:37.1403:85323,Contig:136:36.9978:3p:1:10:261,Contig:108:35.4637:3p:1:2:484,Contig:125:26.8369:3p:1:14:532,Contig:188:543.698:552,Contig:79:75.5968:4343,Contig:152:150.366:1324,Contig:50:537.415:853,Contig:78:316.833:684,Contig:76:1010.18:1514	4	-0.011287362609982449	5.6365434527	0.7826940283470984	PBF_P11	Contig:136:36.9978:3p:1:14:116,Contig:65:75.7995:21078,Contig:136:36.9978:3p:1:10:261,Contig:125:26.8369:3p:1:102:247,Contig:50:537.415:853,Contig:108:35.4637:3p:1:2:484,Contig:214:85.3975:7944,Contig:78:316.833:684,Contig:125:26.8369:3p:1:14:532,Contig:188:543.698:552	4	-0.0065646715904890685	4.5243369499999995	1.97130530166717	4	-0.06682314829301	14.123074108700001	0.3275167605788738	Contig:104:32.2747:3236,Contig:126:31.9997:11847,Contig:139:264.931:653,Contig:159:718.244:809,Contig:15:36.6119:4176,Contig:185:31.3781:8732,Contig:207:67.1883:1152,Contig:210:565.886:1794,Contig:40:66.7821:1803,Contig:42:85.5519:3430,Contig:55:184.754:713,Contig:77:284.925:3906,Contig:114:64.8563:3p:1:6:106,Contig:114:64.8563:3p:1:8:105,Contig:114:64.8563:3p:1:13:585,Contig:114:64.8563:3p:1:19:105,Contig:122:27.5939:3p:1:6:276,Contig:122:27.5939:3p:1:7:481,Contig:122:27.5939:3p:1:8:463,Contig:122:27.5939:3p:1:9:463,Contig:122:27.5939:3p:1:10:369,Contig:122:27.5939:3p:1:13:431,Contig:125:26.8369:3p:1:13:494,Contig:125:26.8369:3p:1:15:139,Contig:125:26.8369:3p:1:109:752	0	True	0
efae-SAMN36766199	PBF_P10	Contig:136:36.9978:3p:1:14:116,Contig:186:30.3502:15740,Contig:65:75.7995:21078,Contig:86:85.4191:6389,Contig:125:26.8369:3p:1:102:247,Contig:32:174.226:1680,Contig:179:76.864:5374,Contig:204:76.8712:41878,Contig:193:37.1403:85323,Contig:136:36.9978:3p:1:10:261,Contig:108:35.4637:3p:1:2:484,Contig:125:26.8369:3p:1:14:532,Contig:188:543.698:552,Contig:79:75.5968:4343,Contig:152:150.366:1324,Contig:50:537.415:853,Contig:78:316.833:684,Contig:76:1010.18:1514	4	-0.011287362609982449	5.6365434527	0.7826940283470984	PBF_P12	Contig:136:36.9978:3p:1:14:116,Contig:13:300.614:597,Contig:175:33.0843:28604,Contig:125:26.8369:3p:1:102:247,Contig:32:174.226:1680,Contig:136:36.9978:3p:1:13:303,Contig:179:76.864:5374,Contig:136:36.9978:3p:1:10:261,Contig:182:33.2808:16043,Contig:139:264.931:653,Contig:125:26.8369:3p:1:14:532,Contig:188:543.698:552,Contig:138:35.7228:23576,Contig:209:258.736:739,Contig:50:537.415:853,Contig:78:316.833:684,Contig:138:35.7228:3p:1:2:579	4	-0.024479675076039487	4.261916269999999	0.8054437508722315	4	-0.08414829858164197	13.9248836427	0.3275167605788738	Contig:111:54.5961:4931,Contig:159:718.244:809,Contig:15:36.6119:4176,Contig:185:31.3781:8732,Contig:207:67.1883:1152,Contig:210:565.886:1794,Contig:55:184.754:713,Contig:77:284.925:3906,Contig:114:64.8563:3p:1:6:106,Contig:114:64.8563:3p:1:8:105,Contig:114:64.8563:3p:1:13:585,Contig:114:64.8563:3p:1:19:105,Contig:125:26.8369:3p:1:13:494,Contig:125:26.8369:3p:1:15:139	0	True	0
efae-SAMN36766199	PBF_P10	Contig:136:36.9978:3p:1:14:116,Contig:186:30.3502:15740,Contig:65:75.7995:21078,Contig:86:85.4191:6389,Contig:125:26.8369:3p:1:102:247,Contig:32:174.226:1680,Contig:179:76.864:5374,Contig:204:76.8712:41878,Contig:193:37.1403:85323,Contig:136:36.9978:3p:1:10:261,Contig:108:35.4637:3p:1:2:484,Contig:125:26.8369:3p:1:14:532,Contig:188:543.698:552,Contig:79:75.5968:4343,Contig:152:150.366:1324,Contig:50:537.415:853,Contig:78:316.833:684,Contig:76:1010.18:1514	4	-0.011287362609982449	5.6365434527	0.7826940283470984	PBF_P13	Contig:79:75.5968:4343,Contig:204:76.8712:41878,Contig:32:174.226:1680,Contig:50:537.415:853,Contig:214:85.3975:7944,Contig:152:150.366:1324,Contig:188:543.698:552,Contig:179:76.864:5374	4	-0.00472269101949338	3.62899702	1.938683353738387	4	-0.06498116772201432	13.227734178700002	0.3275167605788738	Contig:104:32.2747:3236,Contig:126:31.9997:11847,Contig:139:264.931:653,Contig:159:718.244:809,Contig:15:36.6119:4176,Contig:185:31.3781:8732,Contig:207:67.1883:1152,Contig:210:565.886:1794,Contig:40:66.7821:1803,Contig:42:85.5519:3430,Contig:55:184.754:713,Contig:77:284.925:3906,Contig:114:64.8563:3p:1:6:106,Contig:114:64.8563:3p:1:8:105,Contig:114:64.8563:3p:1:13:585,Contig:114:64.8563:3p:1:19:105,Contig:122:27.5939:3p:1:6:276,Contig:122:27.5939:3p:1:7:481,Contig:122:27.5939:3p:1:8:463,Contig:122:27.5939:3p:1:9:463,Contig:122:27.5939:3p:1:10:369,Contig:122:27.5939:3p:1:13:431,Contig:125:26.8369:3p:1:13:494,Contig:125:26.8369:3p:1:15:139,Contig:125:26.8369:3p:1:109:752	0	True	0
efae-SAMN36766199	PBF_P10	Contig:136:36.9978:3p:1:14:116,Contig:186:30.3502:15740,Contig:65:75.7995:21078,Contig:86:85.4191:6389,Contig:125:26.8369:3p:1:102:247,Contig:32:174.226:1680,Contig:179:76.864:5374,Contig:204:76.8712:41878,Contig:193:37.1403:85323,Contig:136:36.9978:3p:1:10:261,Contig:108:35.4637:3p:1:2:484,Contig:125:26.8369:3p:1:14:532,Contig:188:543.698:552,Contig:79:75.5968:4343,Contig:152:150.366:1324,Contig:50:537.415:853,Contig:78:316.833:684,Contig:76:1010.18:1514	4	-0.011287362609982449	5.6365434527	0.7826940283470984	PBF_P14	Contig:2:127.633:Circ:4461	4	0.0	0.4996321	3.081942113156582	0	0	0	0		1	False	0
efae-SAMN36766199	PBF_P10	Contig:136:36.9978:3p:1:14:116,Contig:186:30.3502:15740,Contig:65:75.7995:21078,Contig:86:85.4191:6389,Contig:125:26.8369:3p:1:102:247,Contig:32:174.226:1680,Contig:179:76.864:5374,Contig:204:76.8712:41878,Contig:193:37.1403:85323,Contig:136:36.9978:3p:1:10:261,Contig:108:35.4637:3p:1:2:484,Contig:125:26.8369:3p:1:14:532,Contig:188:543.698:552,Contig:79:75.5968:4343,Contig:152:150.366:1324,Contig:50:537.415:853,Contig:78:316.833:684,Contig:76:1010.18:1514	4	-0.011287362609982449	5.6365434527	0.7826940283470984	PBF_P15	Contig:125:26.8369:2489,Contig:50:537.415:853,Contig:108:35.4637:3p:1:2:484,Contig:214:85.3975:7944,Contig:125:26.8369:3p:1:14:532,Contig:188:543.698:552	4	0.0	2.5430859999999997	0.9191027151723309	4	-0.060258476702520936	12.141823158700001	0.3275167605788738	Contig:104:32.2747:3236,Contig:126:31.9997:11847,Contig:139:264.931:653,Contig:159:718.244:809,Contig:15:36.6119:4176,Contig:185:31.3781:8732,Contig:207:67.1883:1152,Contig:210:565.886:1794,Contig:40:66.7821:1803,Contig:42:85.5519:3430,Contig:55:184.754:713,Contig:77:284.925:3906,Contig:114:64.8563:3p:1:6:106,Contig:114:64.8563:3p:1:8:105,Contig:114:64.8563:3p:1:13:585,Contig:114:64.8563:3p:1:19:105,Contig:122:27.5939:3p:1:6:276,Contig:122:27.5939:3p:1:7:481,Contig:122:27.5939:3p:1:8:463,Contig:122:27.5939:3p:1:9:463,Contig:122:27.5939:3p:1:10:369,Contig:122:27.5939:3p:1:13:431,Contig:125:26.8369:3p:1:13:494,Contig:125:26.8369:3p:1:15:139,Contig:125:26.8369:3p:1:109:752	0	True	0
efae-SAMN36766199	PBF_P10	Contig:136:36.9978:3p:1:14:116,Contig:186:30.3502:15740,Contig:65:75.7995:21078,Contig:86:85.4191:6389,Contig:125:26.8369:3p:1:102:247,Contig:32:174.226:1680,Contig:179:76.864:5374,Contig:204:76.8712:41878,Contig:193:37.1403:85323,Contig:136:36.9978:3p:1:10:261,Contig:108:35.4637:3p:1:2:484,Contig:125:26.8369:3p:1:14:532,Contig:188:543.698:552,Contig:79:75.5968:4343,Contig:152:150.366:1324,Contig:50:537.415:853,Contig:78:316.833:684,Contig:76:1010.18:1514	4	-0.011287362609982449	5.6365434527	0.7826940283470984	PBF_P16	Contig:175:33.0843:28604,Contig:32:174.226:1680,Contig:50:537.415:853,Contig:214:85.3975:7944,Contig:188:543.698:552,Contig:179:76.864:5374	4	-0.0020251717045255413	2.34132866	0.8450448130547485	4	-0.06228364840704648	11.9400658187	0.3275167605788738	Contig:104:32.2747:3236,Contig:126:31.9997:11847,Contig:139:264.931:653,Contig:159:718.244:809,Contig:15:36.6119:4176,Contig:185:31.3781:8732,Contig:207:67.1883:1152,Contig:210:565.886:1794,Contig:40:66.7821:1803,Contig:42:85.5519:3430,Contig:55:184.754:713,Contig:77:284.925:3906,Contig:114:64.8563:3p:1:6:106,Contig:114:64.8563:3p:1:8:105,Contig:114:64.8563:3p:1:13:585,Contig:114:64.8563:3p:1:19:105,Contig:122:27.5939:3p:1:6:276,Contig:122:27.5939:3p:1:7:481,Contig:122:27.5939:3p:1:8:463,Contig:122:27.5939:3p:1:9:463,Contig:122:27.5939:3p:1:10:369,Contig:122:27.5939:3p:1:13:431,Contig:125:26.8369:3p:1:13:494,Contig:125:26.8369:3p:1:15:139,Contig:125:26.8369:3p:1:109:752	0	True	0
efae-SAMN36766199	PBF_P10	Contig:136:36.9978:3p:1:14:116,Contig:186:30.3502:15740,Contig:65:75.7995:21078,Contig:86:85.4191:6389,Contig:125:26.8369:3p:1:102:247,Contig:32:174.226:1680,Contig:179:76.864:5374,Contig:204:76.8712:41878,Contig:193:37.1403:85323,Contig:136:36.9978:3p:1:10:261,Contig:108:35.4637:3p:1:2:484,Contig:125:26.8369:3p:1:14:532,Contig:188:543.698:552,Contig:79:75.5968:4343,Contig:152:150.366:1324,Contig:50:537.415:853,Contig:78:316.833:684,Contig:76:1010.18:1514	4	-0.011287362609982449	5.6365434527	0.7826940283470984	PBF_P17	Contig:136:36.9978:2675,Contig:125:26.8369:3p:1:102:247,Contig:78:316.833:684,Contig:125:26.8369:3p:1:14:532	4	-0.003082413705677939	1.82257958	1.6317844655488762	4	-0.06334089040819887	11.421316738700002	0.32751676057887374	Contig:104:32.2747:3236,Contig:126:31.9997:11847,Contig:139:264.931:653,Contig:159:718.244:809,Contig:15:36.6119:4176,Contig:185:31.3781:8732,Contig:207:67.1883:1152,Contig:210:565.886:1794,Contig:40:66.7821:1803,Contig:42:85.5519:3430,Contig:55:184.754:713,Contig:77:284.925:3906,Contig:114:64.8563:3p:1:6:106,Contig:114:64.8563:3p:1:8:105,Contig:114:64.8563:3p:1:13:585,Contig:114:64.8563:3p:1:19:105,Contig:122:27.5939:3p:1:6:276,Contig:122:27.5939:3p:1:7:481,Contig:122:27.5939:3p:1:8:463,Contig:122:27.5939:3p:1:9:463,Contig:122:27.5939:3p:1:10:369,Contig:122:27.5939:3p:1:13:431,Contig:125:26.8369:3p:1:13:494,Contig:125:26.8369:3p:1:15:139,Contig:125:26.8369:3p:1:109:752	0	True	0
efae-SAMN36766199	PBF_P10	Contig:136:36.9978:3p:1:14:116,Contig:186:30.3502:15740,Contig:65:75.7995:21078,Contig:86:85.4191:6389,Contig:125:26.8369:3p:1:102:247,Contig:32:174.226:1680,Contig:179:76.864:5374,Contig:204:76.8712:41878,Contig:193:37.1403:85323,Contig:136:36.9978:3p:1:10:261,Contig:108:35.4637:3p:1:2:484,Contig:125:26.8369:3p:1:14:532,Contig:188:543.698:552,Contig:79:75.5968:4343,Contig:152:150.366:1324,Contig:50:537.415:853,Contig:78:316.833:684,Contig:76:1010.18:1514	4	-0.011287362609982449	5.6365434527	0.7826940283470984	PBF_P18	Contig:50:537.415:853,Contig:108:35.4637:3p:1:2:484,Contig:188:543.698:552,Contig:183:57.759:8294	4	0.0	1.7293466400000002	1.491070277063081	4	-0.0529129328648483	10.701995098700001	0.3275167605788738	Contig:104:32.2747:3236,Contig:111:54.5961:4931,Contig:126:31.9997:11847,Contig:139:264.931:653,Contig:149:24.6094:2162,Contig:159:718.244:809,Contig:15:36.6119:4176,Contig:185:31.3781:8732,Contig:207:67.1883:1152,Contig:210:565.886:1794,Contig:40:66.7821:1803,Contig:42:85.5519:3430,Contig:55:184.754:713,Contig:108:35.4637:3p:1:5:489,Contig:114:64.8563:3p:1:6:106,Contig:114:64.8563:3p:1:8:105,Contig:114:64.8563:3p:1:13:585,Contig:114:64.8563:3p:1:19:105,Contig:122:27.5939:3p:1:6:276,Contig:122:27.5939:3p:1:7:481,Contig:122:27.5939:3p:1:8:463,Contig:122:27.5939:3p:1:9:463,Contig:122:27.5939:3p:1:10:369,Contig:122:27.5939:3p:1:13:431,Contig:125:26.8369:3p:1:13:494,Contig:125:26.8369:3p:1:109:752	0	True	0
efae-SAMN36766199	PBF_P10	Contig:136:36.9978:3p:1:14:116,Contig:186:30.3502:15740,Contig:65:75.7995:21078,Contig:86:85.4191:6389,Contig:125:26.8369:3p:1:102:247,Contig:32:174.226:1680,Contig:179:76.864:5374,Contig:204:76.8712:41878,Contig:193:37.1403:85323,Contig:136:36.9978:3p:1:10:261,Contig:108:35.4637:3p:1:2:484,Contig:125:26.8369:3p:1:14:532,Contig:188:543.698:552,Contig:79:75.5968:4343,Contig:152:150.366:1324,Contig:50:537.415:853,Contig:78:316.833:684,Contig:76:1010.18:1514	4	-0.011287362609982449	5.6365434527	0.7826940283470984	PBF_P19	Contig:122:27.5939:3p:1:4:276,Contig:122:27.5939:3p:1:8:463,Contig:122:27.5939:4388,Contig:122:27.5939:3p:1:7:481	4	-0.006032033777871176	1.16563207	0.8904975935288741	4	-0.06629051048039211	11.474099622699999	0.3275167605788738	Contig:111:54.5961:4931,Contig:139:264.931:653,Contig:159:718.244:809,Contig:15:36.6119:4176,Contig:185:31.3781:8732,Contig:207:67.1883:1152,Contig:210:565.886:1794,Contig:30:58.7434:1428,Contig:55:184.754:713,Contig:77:284.925:3906,Contig:114:64.8563:3p:1:6:106,Contig:114:64.8563:3p:1:8:105,Contig:114:64.8563:3p:1:13:585,Contig:114:64.8563:3p:1:19:105,Contig:125:26.8369:3p:1:13:494,Contig:125:26.8369:3p:1:15:139	0	False	0
efae-SAMN36766199	PBF_P10	Contig:136:36.9978:3p:1:14:116,Contig:186:30.3502:15740,Contig:65:75.7995:21078,Contig:86:85.4191:6389,Contig:125:26.8369:3p:1:102:247,Contig:32:174.226:1680,Contig:179:76.864:5374,Contig:204:76.8712:41878,Contig:193:37.1403:85323,Contig:136:36.9978:3p:1:10:261,Contig:108:35.4637:3p:1:2:484,Contig:125:26.8369:3p:1:14:532,Contig:188:543.698:552,Contig:79:75.5968:4343,Contig:152:150.366:1324,Contig:50:537.415:853,Contig:78:316.833:684,Contig:76:1010.18:1514	4	-0.011287362609982449	5.6365434527	0.7826940283470984	PBF_P20	Contig:136:36.9978:2675	4	0.0	0.41581272999999996	1.6317844655488762	4	-0.011287362609982449	6.0523561827	0.7826940283466683		0	False	0
efae-SAMN36766199	PBF_P11	Contig:136:36.9978:3p:1:14:116,Contig:65:75.7995:21078,Contig:136:36.9978:3p:1:10:261,Contig:125:26.8369:3p:1:102:247,Contig:50:537.415:853,Contig:108:35.4637:3p:1:2:484,Contig:214:85.3975:7944,Contig:78:316.833:684,Contig:125:26.8369:3p:1:14:532,Contig:188:543.698:552	4	-0.0065646715904890685	4.5243369499999995	1.97130530166717	PBF_P12	Contig:136:36.9978:3p:1:14:116,Contig:13:300.614:597,Contig:175:33.0843:28604,Contig:125:26.8369:3p:1:102:247,Contig:32:174.226:1680,Contig:136:36.9978:3p:1:13:303,Contig:179:76.864:5374,Contig:136:36.9978:3p:1:10:261,Contig:182:33.2808:16043,Contig:139:264.931:653,Contig:125:26.8369:3p:1:14:532,Contig:188:543.698:552,Contig:138:35.7228:23576,Contig:209:258.736:739,Contig:50:537.415:853,Contig:78:316.833:684,Contig:138:35.7228:3p:1:2:579	4	-0.024479675076039487	4.261916269999999	0.8054437508722315	4	-0.07942560756214859	12.812677139999998	0.3275167605788738	Contig:111:54.5961:4931,Contig:159:718.244:809,Contig:15:36.6119:4176,Contig:185:31.3781:8732,Contig:207:67.1883:1152,Contig:210:565.886:1794,Contig:55:184.754:713,Contig:77:284.925:3906,Contig:114:64.8563:3p:1:6:106,Contig:114:64.8563:3p:1:8:105,Contig:114:64.8563:3p:1:13:585,Contig:114:64.8563:3p:1:19:105,Contig:125:26.8369:3p:1:13:494,Contig:125:26.8369:3p:1:15:139	0	True	0
efae-SAMN36766199	PBF_P11	Contig:136:36.9978:3p:1:14:116,Contig:65:75.7995:21078,Contig:136:36.9978:3p:1:10:261,Contig:125:26.8369:3p:1:102:247,Contig:50:537.415:853,Contig:108:35.4637:3p:1:2:484,Contig:214:85.3975:7944,Contig:78:316.833:684,Contig:125:26.8369:3p:1:14:532,Contig:188:543.698:552	4	-0.0065646715904890685	4.5243369499999995	1.97130530166717	PBF_P13	Contig:79:75.5968:4343,Contig:204:76.8712:41878,Contig:32:174.226:1680,Contig:50:537.415:853,Contig:214:85.3975:7944,Contig:152:150.366:1324,Contig:188:543.698:552,Contig:179:76.864:5374	4	-0.00472269101949338	3.62899702	1.938683353738387	4	-0.0529129328648483	12.282046176000001	0.3275167605788738	Contig:104:32.2747:3236,Contig:111:54.5961:4931,Contig:126:31.9997:11847,Contig:139:264.931:653,Contig:159:718.244:809,Contig:15:36.6119:4176,Contig:171:62.2474:1930,Contig:185:31.3781:8732,Contig:207:67.1883:1152,Contig:210:565.886:1794,Contig:40:66.7821:1803,Contig:55:184.754:713,Contig:76:1010.18:1514,Contig:77:284.925:3906,Contig:114:64.8563:3p:1:6:106,Contig:114:64.8563:3p:1:8:105,Contig:114:64.8563:3p:1:13:585,Contig:114:64.8563:3p:1:19:105,Contig:122:27.5939:3p:1:6:276,Contig:122:27.5939:3p:1:7:481,Contig:122:27.5939:3p:1:8:463,Contig:122:27.5939:3p:1:9:463,Contig:122:27.5939:3p:1:10:369,Contig:122:27.5939:3p:1:13:431,Contig:125:26.8369:3p:1:13:494,Contig:125:26.8369:3p:1:55:193,Contig:125:26.8369:3p:1:109:752,Contig:125:26.8369:3p:1:121:758	0	True	0
efae-SAMN36766199	PBF_P11	Contig:136:36.9978:3p:1:14:116,Contig:65:75.7995:21078,Contig:136:36.9978:3p:1:10:261,Contig:125:26.8369:3p:1:102:247,Contig:50:537.415:853,Contig:108:35.4637:3p:1:2:484,Contig:214:85.3975:7944,Contig:78:316.833:684,Contig:125:26.8369:3p:1:14:532,Contig:188:543.698:552	4	-0.0065646715904890685	4.5243369499999995	1.97130530166717	PBF_P14	Contig:2:127.633:Circ:4461	4	0.0	0.4996321	3.081942113156582	0	0	0	0		1	False	0
efae-SAMN36766199	PBF_P11	Contig:136:36.9978:3p:1:14:116,Contig:65:75.7995:21078,Contig:136:36.9978:3p:1:10:261,Contig:125:26.8369:3p:1:102:247,Contig:50:537.415:853,Contig:108:35.4637:3p:1:2:484,Contig:214:85.3975:7944,Contig:78:316.833:684,Contig:125:26.8369:3p:1:14:532,Contig:188:543.698:552	4	-0.0065646715904890685	4.5243369499999995	1.97130530166717	PBF_P15	Contig:125:26.8369:2489,Contig:50:537.415:853,Contig:108:35.4637:3p:1:2:484,Contig:214:85.3975:7944,Contig:125:26.8369:3p:1:14:532,Contig:188:543.698:552	4	0.0	2.5430859999999997	0.9191027151723309	4	-0.055535785683027555	10.997072656	0.3275167605788738	Contig:104:32.2747:3236,Contig:111:54.5961:4931,Contig:126:31.9997:11847,Contig:139:264.931:653,Contig:159:718.244:809,Contig:15:36.6119:4176,Contig:185:31.3781:8732,Contig:207:67.1883:1152,Contig:210:565.886:1794,Contig:40:66.7821:1803,Contig:55:184.754:713,Contig:77:284.925:3906,Contig:114:64.8563:3p:1:6:106,Contig:114:64.8563:3p:1:8:105,Contig:114:64.8563:3p:1:13:585,Contig:114:64.8563:3p:1:19:105,Contig:122:27.5939:3p:1:6:276,Contig:122:27.5939:3p:1:7:481,Contig:122:27.5939:3p:1:8:463,Contig:122:27.5939:3p:1:9:463,Contig:122:27.5939:3p:1:10:369,Contig:122:27.5939:3p:1:13:431,Contig:125:26.8369:3p:1:13:494,Contig:125:26.8369:3p:1:15:139,Contig:125:26.8369:3p:1:109:752	0	True	0
efae-SAMN36766199	PBF_P11	Contig:136:36.9978:3p:1:14:116,Contig:65:75.7995:21078,Contig:136:36.9978:3p:1:10:261,Contig:125:26.8369:3p:1:102:247,Contig:50:537.415:853,Contig:108:35.4637:3p:1:2:484,Contig:214:85.3975:7944,Contig:78:316.833:684,Contig:125:26.8369:3p:1:14:532,Contig:188:543.698:552	4	-0.0065646715904890685	4.5243369499999995	1.97130530166717	PBF_P16	Contig:175:33.0843:28604,Contig:32:174.226:1680,Contig:50:537.415:853,Contig:214:85.3975:7944,Contig:188:543.698:552,Contig:179:76.864:5374	4	-0.0020251717045255413	2.34132866	0.8450448130547485	4	-0.05021541354988046	10.994377816	0.3275167605796092	Contig:104:32.2747:3236,Contig:111:54.5961:4931,Contig:126:31.9997:11847,Contig:139:264.931:653,Contig:159:718.244:809,Contig:15:36.6119:4176,Contig:171:62.2474:1930,Contig:185:31.3781:8732,Contig:207:67.1883:1152,Contig:210:565.886:1794,Contig:40:66.7821:1803,Contig:55:184.754:713,Contig:76:1010.18:1514,Contig:77:284.925:3906,Contig:114:64.8563:3p:1:6:106,Contig:114:64.8563:3p:1:8:105,Contig:114:64.8563:3p:1:13:585,Contig:114:64.8563:3p:1:19:105,Contig:122:27.5939:3p:1:6:276,Contig:122:27.5939:3p:1:7:481,Contig:122:27.5939:3p:1:8:463,Contig:122:27.5939:3p:1:9:463,Contig:122:27.5939:3p:1:10:369,Contig:122:27.5939:3p:1:13:431,Contig:125:26.8369:3p:1:13:494,Contig:125:26.8369:3p:1:55:193,Contig:125:26.8369:3p:1:109:752,Contig:125:26.8369:3p:1:121:758	0	True	0
efae-SAMN36766199	PBF_P11	Contig:136:36.9978:3p:1:14:116,Contig:65:75.7995:21078,Contig:136:36.9978:3p:1:10:261,Contig:125:26.8369:3p:1:102:247,Contig:50:537.415:853,Contig:108:35.4637:3p:1:2:484,Contig:214:85.3975:7944,Contig:78:316.833:684,Contig:125:26.8369:3p:1:14:532,Contig:188:543.698:552	4	-0.0065646715904890685	4.5243369499999995	1.97130530166717	PBF_P17	Contig:136:36.9978:2675,Contig:125:26.8369:3p:1:102:247,Contig:78:316.833:684,Contig:125:26.8369:3p:1:14:532	4	-0.003082413705677939	1.82257958	1.6317844655488762	4	-0.058618199388705494	10.276566236	0.3275167605788738	Contig:104:32.2747:3236,Contig:111:54.5961:4931,Contig:126:31.9997:11847,Contig:139:264.931:653,Contig:159:718.244:809,Contig:15:36.6119:4176,Contig:185:31.3781:8732,Contig:207:67.1883:1152,Contig:210:565.886:1794,Contig:40:66.7821:1803,Contig:55:184.754:713,Contig:77:284.925:3906,Contig:114:64.8563:3p:1:6:106,Contig:114:64.8563:3p:1:8:105,Contig:114:64.8563:3p:1:13:585,Contig:114:64.8563:3p:1:19:105,Contig:122:27.5939:3p:1:6:276,Contig:122:27.5939:3p:1:7:481,Contig:122:27.5939:3p:1:8:463,Contig:122:27.5939:3p:1:9:463,Contig:122:27.5939:3p:1:10:369,Contig:122:27.5939:3p:1:13:431,Contig:125:26.8369:3p:1:13:494,Contig:125:26.8369:3p:1:15:139,Contig:125:26.8369:3p:1:109:752	0	True	0
efae-SAMN36766199	PBF_P11	Contig:136:36.9978:3p:1:14:116,Contig:65:75.7995:21078,Contig:136:36.9978:3p:1:10:261,Contig:125:26.8369:3p:1:102:247,Contig:50:537.415:853,Contig:108:35.4637:3p:1:2:484,Contig:214:85.3975:7944,Contig:78:316.833:684,Contig:125:26.8369:3p:1:14:532,Contig:188:543.698:552	4	-0.0065646715904890685	4.5243369499999995	1.97130530166717	PBF_P18	Contig:50:537.415:853,Contig:108:35.4637:3p:1:2:484,Contig:188:543.698:552,Contig:183:57.759:8294	4	0.0	1.7293466400000002	1.491070277063081	4	-0.055535785683027555	9.581935764999999	0.3275167605788739	Contig:111:54.5961:4931,Contig:118:175.893:1493,Contig:139:264.931:653,Contig:146:38.3119:9434,Contig:159:718.244:809,Contig:15:36.6119:4176,Contig:185:31.3781:8732,Contig:203:30.4273:8590,Contig:207:67.1883:1152,Contig:210:565.886:1794,Contig:55:184.754:713,Contig:77:284.925:3906,Contig:108:35.4637:3p:1:5:489,Contig:114:64.8563:3p:1:6:106,Contig:114:64.8563:3p:1:8:105,Contig:114:64.8563:3p:1:13:585,Contig:114:64.8563:3p:1:19:105,Contig:118:175.893:3p:1:44:1514,Contig:125:26.8369:3p:1:13:494,Contig:125:26.8369:3p:1:15:139	0	True	0
efae-SAMN36766199	PBF_P11	Contig:136:36.9978:3p:1:14:116,Contig:65:75.7995:21078,Contig:136:36.9978:3p:1:10:261,Contig:125:26.8369:3p:1:102:247,Contig:50:537.415:853,Contig:108:35.4637:3p:1:2:484,Contig:214:85.3975:7944,Contig:78:316.833:684,Contig:125:26.8369:3p:1:14:532,Contig:188:543.698:552	4	-0.0065646715904890685	4.5243369499999995	1.97130530166717	PBF_P19	Contig:122:27.5939:3p:1:4:276,Contig:122:27.5939:3p:1:8:463,Contig:122:27.5939:4388,Contig:122:27.5939:3p:1:7:481	4	-0.006032033777871176	1.16563207	0.8904975935288741	4	-0.06156781946089873	10.361893120000001	0.32775968022299184	Contig:111:54.5961:4931,Contig:139:264.931:653,Contig:159:718.244:809,Contig:15:36.6119:4176,Contig:185:31.3781:8732,Contig:207:67.1883:1152,Contig:210:565.886:1794,Contig:30:58.7434:1428,Contig:55:184.754:713,Contig:77:284.925:3906,Contig:114:64.8563:3p:1:6:106,Contig:114:64.8563:3p:1:8:105,Contig:114:64.8563:3p:1:13:585,Contig:114:64.8563:3p:1:19:105,Contig:125:26.8369:3p:1:13:494,Contig:125:26.8369:3p:1:15:139	0	False	0
efae-SAMN36766199	PBF_P11	Contig:136:36.9978:3p:1:14:116,Contig:65:75.7995:21078,Contig:136:36.9978:3p:1:10:261,Contig:125:26.8369:3p:1:102:247,Contig:50:537.415:853,Contig:108:35.4637:3p:1:2:484,Contig:214:85.3975:7944,Contig:78:316.833:684,Contig:125:26.8369:3p:1:14:532,Contig:188:543.698:552	4	-0.0065646715904890685	4.5243369499999995	1.97130530166717	PBF_P20	Contig:136:36.9978:2675	4	0.0	0.41581272999999996	1.6317844655488762	4	-0.0065646715904890685	4.940149679999999	1.631784465549572		0	False	0
efae-SAMN36766199	PBF_P12	Contig:136:36.9978:3p:1:14:116,Contig:13:300.614:597,Contig:175:33.0843:28604,Contig:125:26.8369:3p:1:102:247,Contig:32:174.226:1680,Contig:136:36.9978:3p:1:13:303,Contig:179:76.864:5374,Contig:136:36.9978:3p:1:10:261,Contig:182:33.2808:16043,Contig:139:264.931:653,Contig:125:26.8369:3p:1:14:532,Contig:188:543.698:552,Contig:138:35.7228:23576,Contig:209:258.736:739,Contig:50:537.415:853,Contig:78:316.833:684,Contig:138:35.7228:3p:1:2:579	4	-0.024479675076039487	4.261916269999999	0.8054437508722315	PBF_P13	Contig:79:75.5968:4343,Contig:204:76.8712:41878,Contig:32:174.226:1680,Contig:50:537.415:853,Contig:214:85.3975:7944,Contig:152:150.366:1324,Contig:188:543.698:552,Contig:179:76.864:5374	4	-0.00472269101949338	3.62899702	1.938683353738387	4	-0.07023808315348026	12.116399710000001	0.3275167605788738	Contig:111:54.5961:4931,Contig:159:718.244:809,Contig:15:36.6119:4176,Contig:171:62.2474:1930,Contig:185:31.3781:8732,Contig:207:67.1883:1152,Contig:210:565.886:1794,Contig:55:184.754:713,Contig:76:1010.18:1514,Contig:77:284.925:3906,Contig:114:64.8563:3p:1:6:106,Contig:114:64.8563:3p:1:8:105,Contig:114:64.8563:3p:1:13:585,Contig:114:64.8563:3p:1:19:105,Contig:125:26.8369:3p:1:13:494,Contig:125:26.8369:3p:1:55:193,Contig:125:26.8369:3p:1:121:758	0	True	0
efae-SAMN36766199	PBF_P12	Contig:136:36.9978:3p:1:14:116,Contig:13:300.614:597,Contig:175:33.0843:28604,Contig:125:26.8369:3p:1:102:247,Contig:32:174.226:1680,Contig:136:36.9978:3p:1:13:303,Contig:179:76.864:5374,Contig:136:36.9978:3p:1:10:261,Contig:182:33.2808:16043,Contig:139:264.931:653,Contig:125:26.8369:3p:1:14:532,Contig:188:543.698:552,Contig:138:35.7228:23576,Contig:209:258.736:739,Contig:50:537.415:853,Contig:78:316.833:684,Contig:138:35.7228:3p:1:2:579	4	-0.024479675076039487	4.261916269999999	0.8054437508722315	PBF_P14	Contig:2:127.633:Circ:4461	4	0.0	0.4996321	3.081942113156582	0	0	0	0		1	False	0
efae-SAMN36766199	PBF_P12	Contig:136:36.9978:3p:1:14:116,Contig:13:300.614:597,Contig:175:33.0843:28604,Contig:125:26.8369:3p:1:102:247,Contig:32:174.226:1680,Contig:136:36.9978:3p:1:13:303,Contig:179:76.864:5374,Contig:136:36.9978:3p:1:10:261,Contig:182:33.2808:16043,Contig:139:264.931:653,Contig:125:26.8369:3p:1:14:532,Contig:188:543.698:552,Contig:138:35.7228:23576,Contig:209:258.736:739,Contig:50:537.415:853,Contig:78:316.833:684,Contig:138:35.7228:3p:1:2:579	4	-0.024479675076039487	4.261916269999999	0.8054437508722315	PBF_P15	Contig:125:26.8369:2489,Contig:50:537.415:853,Contig:108:35.4637:3p:1:2:484,Contig:214:85.3975:7944,Contig:125:26.8369:3p:1:14:532,Contig:188:543.698:552	4	0.0	2.5430859999999997	0.9191027151723309	4	-0.07286093597165952	10.83142619	0.32751691988794335	Contig:111:54.5961:4931,Contig:159:718.244:809,Contig:15:36.6119:4176,Contig:185:31.3781:8732,Contig:207:67.1883:1152,Contig:210:565.886:1794,Contig:55:184.754:713,Contig:77:284.925:3906,Contig:114:64.8563:3p:1:6:106,Contig:114:64.8563:3p:1:8:105,Contig:114:64.8563:3p:1:13:585,Contig:114:64.8563:3p:1:19:105,Contig:125:26.8369:3p:1:13:494,Contig:125:26.8369:3p:1:15:139	0	True	0
efae-SAMN36766199	PBF_P12	Contig:136:36.9978:3p:1:14:116,Contig:13:300.614:597,Contig:175:33.0843:28604,Contig:125:26.8369:3p:1:102:247,Contig:32:174.226:1680,Contig:136:36.9978:3p:1:13:303,Contig:179:76.864:5374,Contig:136:36.9978:3p:1:10:261,Contig:182:33.2808:16043,Contig:139:264.931:653,Contig:125:26.8369:3p:1:14:532,Contig:188:543.698:552,Contig:138:35.7228:23576,Contig:209:258.736:739,Contig:50:537.415:853,Contig:78:316.833:684,Contig:138:35.7228:3p:1:2:579	4	-0.024479675076039487	4.261916269999999	0.8054437508722315	PBF_P16	Contig:175:33.0843:28604,Contig:32:174.226:1680,Contig:50:537.415:853,Contig:214:85.3975:7944,Contig:188:543.698:552,Contig:179:76.864:5374	4	-0.0020251717045255413	2.34132866	0.8450448130547485	4	-0.06754056383851242	10.82873135	0.3275167605788737	Contig:111:54.5961:4931,Contig:159:718.244:809,Contig:15:36.6119:4176,Contig:171:62.2474:1930,Contig:185:31.3781:8732,Contig:207:67.1883:1152,Contig:210:565.886:1794,Contig:55:184.754:713,Contig:76:1010.18:1514,Contig:77:284.925:3906,Contig:114:64.8563:3p:1:6:106,Contig:114:64.8563:3p:1:8:105,Contig:114:64.8563:3p:1:13:585,Contig:114:64.8563:3p:1:19:105,Contig:125:26.8369:3p:1:13:494,Contig:125:26.8369:3p:1:55:193,Contig:125:26.8369:3p:1:121:758	0	True	0
efae-SAMN36766199	PBF_P12	Contig:136:36.9978:3p:1:14:116,Contig:13:300.614:597,Contig:175:33.0843:28604,Contig:125:26.8369:3p:1:102:247,Contig:32:174.226:1680,Contig:136:36.9978:3p:1:13:303,Contig:179:76.864:5374,Contig:136:36.9978:3p:1:10:261,Contig:182:33.2808:16043,Contig:139:264.931:653,Contig:125:26.8369:3p:1:14:532,Contig:188:543.698:552,Contig:138:35.7228:23576,Contig:209:258.736:739,Contig:50:537.415:853,Contig:78:316.833:684,Contig:138:35.7228:3p:1:2:579	4	-0.024479675076039487	4.261916269999999	0.8054437508722315	PBF_P17	Contig:136:36.9978:2675,Contig:125:26.8369:3p:1:102:247,Contig:78:316.833:684,Contig:125:26.8369:3p:1:14:532	4	-0.003082413705677939	1.82257958	1.6317844655488762	4	-0.07594334967733746	10.110919769999999	0.3275167605788737	Contig:111:54.5961:4931,Contig:159:718.244:809,Contig:15:36.6119:4176,Contig:185:31.3781:8732,Contig:207:67.1883:1152,Contig:210:565.886:1794,Contig:55:184.754:713,Contig:77:284.925:3906,Contig:114:64.8563:3p:1:6:106,Contig:114:64.8563:3p:1:8:105,Contig:114:64.8563:3p:1:13:585,Contig:114:64.8563:3p:1:19:105,Contig:125:26.8369:3p:1:13:494,Contig:125:26.8369:3p:1:15:139	0	True	0
efae-SAMN36766199	PBF_P12	Contig:136:36.9978:3p:1:14:116,Contig:13:300.614:597,Contig:175:33.0843:28604,Contig:125:26.8369:3p:1:102:247,Contig:32:174.226:1680,Contig:136:36.9978:3p:1:13:303,Contig:179:76.864:5374,Contig:136:36.9978:3p:1:10:261,Contig:182:33.2808:16043,Contig:139:264.931:653,Contig:125:26.8369:3p:1:14:532,Contig:188:543.698:552,Contig:138:35.7228:23576,Contig:209:258.736:739,Contig:50:537.415:853,Contig:78:316.833:684,Contig:138:35.7228:3p:1:2:579	4	-0.024479675076039487	4.261916269999999	0.8054437508722315	PBF_P18	Contig:50:537.415:853,Contig:108:35.4637:3p:1:2:484,Contig:188:543.698:552,Contig:183:57.759:8294	4	0.0	1.7293466400000002	1.491070277063081	4	-0.06551539213398688	9.348152655	0.3275167605788738	Contig:111:54.5961:4931,Contig:159:718.244:809,Contig:15:36.6119:4176,Contig:185:31.3781:8732,Contig:207:67.1883:1152,Contig:210:565.886:1794,Contig:44:28.7601:29500,Contig:55:184.754:713,Contig:76:1010.18:1514,Contig:77:284.925:3906,Contig:108:35.4637:3p:1:5:489,Contig:114:64.8563:3p:1:6:106,Contig:114:64.8563:3p:1:8:105,Contig:114:64.8563:3p:1:13:585,Contig:114:64.8563:3p:1:19:105,Contig:125:26.8369:3p:1:13:494,Contig:125:26.8369:3p:1:55:193	0	True	0
efae-SAMN36766199	PBF_P12	Contig:136:36.9978:3p:1:14:116,Contig:13:300.614:597,Contig:175:33.0843:28604,Contig:125:26.8369:3p:1:102:247,Contig:32:174.226:1680,Contig:136:36.9978:3p:1:13:303,Contig:179:76.864:5374,Contig:136:36.9978:3p:1:10:261,Contig:182:33.2808:16043,Contig:139:264.931:653,Contig:125:26.8369:3p:1:14:532,Contig:188:543.698:552,Contig:138:35.7228:23576,Contig:209:258.736:739,Contig:50:537.415:853,Contig:78:316.833:684,Contig:138:35.7228:3p:1:2:579	4	-0.024479675076039487	4.261916269999999	0.8054437508722315	PBF_P19	Contig:122:27.5939:3p:1:4:276,Contig:122:27.5939:3p:1:8:463,Contig:122:27.5939:4388,Contig:122:27.5939:3p:1:7:481	4	-0.006032033777871176	1.16563207	0.8904975935288741	4	-0.07154742591185806	9.051788766	0.3275167605788737	Contig:111:54.5961:4931,Contig:126:31.9997:11847,Contig:159:718.244:809,Contig:15:36.6119:4176,Contig:185:31.3781:8732,Contig:207:67.1883:1152,Contig:210:565.886:1794,Contig:40:66.7821:1803,Contig:55:184.754:713,Contig:77:284.925:3906,Contig:114:64.8563:3p:1:6:106,Contig:114:64.8563:3p:1:8:105,Contig:114:64.8563:3p:1:13:585,Contig:114:64.8563:3p:1:19:105,Contig:122:27.5939:3p:1:6:276,Contig:122:27.5939:3p:1:13:431,Contig:125:26.8369:3p:1:13:494,Contig:125:26.8369:3p:1:109:752	0	False	0
efae-SAMN36766199	PBF_P12	Contig:136:36.9978:3p:1:14:116,Contig:13:300.614:597,Contig:175:33.0843:28604,Contig:125:26.8369:3p:1:102:247,Contig:32:174.226:1680,Contig:136:36.9978:3p:1:13:303,Contig:179:76.864:5374,Contig:136:36.9978:3p:1:10:261,Contig:182:33.2808:16043,Contig:139:264.931:653,Contig:125:26.8369:3p:1:14:532,Contig:188:543.698:552,Contig:138:35.7228:23576,Contig:209:258.736:739,Contig:50:537.415:853,Contig:78:316.833:684,Contig:138:35.7228:3p:1:2:579	4	-0.024479675076039487	4.261916269999999	0.8054437508722315	PBF_P20	Contig:136:36.9978:2675	4	0.0	0.41581272999999996	1.6317844655488762	4	-0.024479675076039487	4.6777289999999985	0.8054437508726551		0	False	0
efae-SAMN36766199	PBF_P13	Contig:79:75.5968:4343,Contig:204:76.8712:41878,Contig:32:174.226:1680,Contig:50:537.415:853,Contig:214:85.3975:7944,Contig:152:150.366:1324,Contig:188:543.698:552,Contig:179:76.864:5374	4	-0.00472269101949338	3.62899702	1.938683353738387	PBF_P14	Contig:2:127.633:Circ:4461	4	0.0	0.4996321	3.081942113156582	0	0	0	0		1	False	0
efae-SAMN36766199	PBF_P13	Contig:79:75.5968:4343,Contig:204:76.8712:41878,Contig:32:174.226:1680,Contig:50:537.415:853,Contig:214:85.3975:7944,Contig:152:150.366:1324,Contig:188:543.698:552,Contig:179:76.864:5374	4	-0.00472269101949338	3.62899702	1.938683353738387	PBF_P15	Contig:125:26.8369:2489,Contig:50:537.415:853,Contig:108:35.4637:3p:1:2:484,Contig:214:85.3975:7944,Contig:125:26.8369:3p:1:14:532,Contig:188:543.698:552	4	0.0	2.5430859999999997	0.9191027151723309	4	-0.04634826127435923	10.300795226000002	0.3275167605788738	Contig:104:32.2747:3236,Contig:111:54.5961:4931,Contig:126:31.9997:11847,Contig:139:264.931:653,Contig:159:718.244:809,Contig:15:36.6119:4176,Contig:171:62.2474:1930,Contig:185:31.3781:8732,Contig:207:67.1883:1152,Contig:210:565.886:1794,Contig:40:66.7821:1803,Contig:55:184.754:713,Contig:76:1010.18:1514,Contig:77:284.925:3906,Contig:114:64.8563:3p:1:6:106,Contig:114:64.8563:3p:1:8:105,Contig:114:64.8563:3p:1:13:585,Contig:114:64.8563:3p:1:19:105,Contig:122:27.5939:3p:1:6:276,Contig:122:27.5939:3p:1:7:481,Contig:122:27.5939:3p:1:8:463,Contig:122:27.5939:3p:1:9:463,Contig:122:27.5939:3p:1:10:369,Contig:122:27.5939:3p:1:13:431,Contig:125:26.8369:3p:1:13:494,Contig:125:26.8369:3p:1:55:193,Contig:125:26.8369:3p:1:109:752,Contig:125:26.8369:3p:1:121:758	0	True	0
efae-SAMN36766199	PBF_P13	Contig:79:75.5968:4343,Contig:204:76.8712:41878,Contig:32:174.226:1680,Contig:50:537.415:853,Contig:214:85.3975:7944,Contig:152:150.366:1324,Contig:188:543.698:552,Contig:179:76.864:5374	4	-0.00472269101949338	3.62899702	1.938683353738387	PBF_P16	Contig:175:33.0843:28604,Contig:32:174.226:1680,Contig:50:537.415:853,Contig:214:85.3975:7944,Contig:188:543.698:552,Contig:179:76.864:5374	4	-0.0020251717045255413	2.34132866	0.8450448130547485	4	-0.04837343297888477	9.675506936000001	0.7849915216866066	Contig:104:32.2747:3236,Contig:126:31.9997:11847,Contig:139:264.931:653,Contig:159:718.244:809,Contig:15:36.6119:4176,Contig:171:62.2474:1930,Contig:185:31.3781:8732,Contig:210:565.886:1794,Contig:40:66.7821:1803,Contig:42:85.5519:3430,Contig:55:184.754:713,Contig:76:1010.18:1514,Contig:77:284.925:3906,Contig:114:64.8563:3p:1:6:106,Contig:114:64.8563:3p:1:8:105,Contig:114:64.8563:3p:1:13:585,Contig:122:27.5939:3p:1:6:276,Contig:122:27.5939:3p:1:7:481,Contig:122:27.5939:3p:1:8:463,Contig:122:27.5939:3p:1:9:463,Contig:122:27.5939:3p:1:10:369,Contig:122:27.5939:3p:1:13:431,Contig:125:26.8369:3p:1:13:494,Contig:125:26.8369:3p:1:55:193,Contig:125:26.8369:3p:1:109:752,Contig:125:26.8369:3p:1:121:758	0	True	0
efae-SAMN36766199	PBF_P13	Contig:79:75.5968:4343,Contig:204:76.8712:41878,Contig:32:174.226:1680,Contig:50:537.415:853,Contig:214:85.3975:7944,Contig:152:150.366:1324,Contig:188:543.698:552,Contig:179:76.864:5374	4	-0.00472269101949338	3.62899702	1.938683353738387	PBF_P17	Contig:136:36.9978:2675,Contig:125:26.8369:3p:1:102:247,Contig:78:316.833:684,Contig:125:26.8369:3p:1:14:532	4	-0.003082413705677939	1.82257958	1.6317844655488762	4	-0.04943067498003717	9.580288806	0.3275167605788738	Contig:104:32.2747:3236,Contig:111:54.5961:4931,Contig:126:31.9997:11847,Contig:139:264.931:653,Contig:159:718.244:809,Contig:15:36.6119:4176,Contig:171:62.2474:1930,Contig:185:31.3781:8732,Contig:207:67.1883:1152,Contig:210:565.886:1794,Contig:40:66.7821:1803,Contig:55:184.754:713,Contig:76:1010.18:1514,Contig:77:284.925:3906,Contig:114:64.8563:3p:1:6:106,Contig:114:64.8563:3p:1:8:105,Contig:114:64.8563:3p:1:13:585,Contig:114:64.8563:3p:1:19:105,Contig:122:27.5939:3p:1:6:276,Contig:122:27.5939:3p:1:7:481,Contig:122:27.5939:3p:1:8:463,Contig:122:27.5939:3p:1:9:463,Contig:122:27.5939:3p:1:10:369,Contig:122:27.5939:3p:1:13:431,Contig:125:26.8369:3p:1:13:494,Contig:125:26.8369:3p:1:55:193,Contig:125:26.8369:3p:1:109:752,Contig:125:26.8369:3p:1:121:758	0	False	0
efae-SAMN36766199	PBF_P13	Contig:79:75.5968:4343,Contig:204:76.8712:41878,Contig:32:174.226:1680,Contig:50:537.415:853,Contig:214:85.3975:7944,Contig:152:150.366:1324,Contig:188:543.698:552,Contig:179:76.864:5374	4	-0.00472269101949338	3.62899702	1.938683353738387	PBF_P18	Contig:50:537.415:853,Contig:108:35.4637:3p:1:2:484,Contig:188:543.698:552,Contig:183:57.759:8294	4	0.0	1.7293466400000002	1.491070277063081	4	-0.04634826127435923	8.885658334999999	0.32751676057887386	Contig:111:54.5961:4931,Contig:118:175.893:1493,Contig:139:264.931:653,Contig:146:38.3119:9434,Contig:159:718.244:809,Contig:15:36.6119:4176,Contig:171:62.2474:1930,Contig:185:31.3781:8732,Contig:203:30.4273:8590,Contig:207:67.1883:1152,Contig:210:565.886:1794,Contig:55:184.754:713,Contig:76:1010.18:1514,Contig:77:284.925:3906,Contig:108:35.4637:3p:1:5:489,Contig:114:64.8563:3p:1:6:106,Contig:114:64.8563:3p:1:8:105,Contig:114:64.8563:3p:1:13:585,Contig:114:64.8563:3p:1:19:105,Contig:118:175.893:3p:1:44:1514,Contig:125:26.8369:3p:1:13:494,Contig:125:26.8369:3p:1:55:193,Contig:125:26.8369:3p:1:121:758	0	True	0
efae-SAMN36766199	PBF_P13	Contig:79:75.5968:4343,Contig:204:76.8712:41878,Contig:32:174.226:1680,Contig:50:537.415:853,Contig:214:85.3975:7944,Contig:152:150.366:1324,Contig:188:543.698:552,Contig:179:76.864:5374	4	-0.00472269101949338	3.62899702	1.938683353738387	PBF_P19	Contig:122:27.5939:3p:1:4:276,Contig:122:27.5939:3p:1:8:463,Contig:122:27.5939:4388,Contig:122:27.5939:3p:1:7:481	4	-0.006032033777871176	1.16563207	0.8904975935288741	4	-0.05238029505223041	9.665615690000001	0.3275167605788738	Contig:111:54.5961:4931,Contig:139:264.931:653,Contig:159:718.244:809,Contig:15:36.6119:4176,Contig:171:62.2474:1930,Contig:185:31.3781:8732,Contig:207:67.1883:1152,Contig:210:565.886:1794,Contig:30:58.7434:1428,Contig:55:184.754:713,Contig:76:1010.18:1514,Contig:77:284.925:3906,Contig:114:64.8563:3p:1:6:106,Contig:114:64.8563:3p:1:8:105,Contig:114:64.8563:3p:1:13:585,Contig:114:64.8563:3p:1:19:105,Contig:125:26.8369:3p:1:13:494,Contig:125:26.8369:3p:1:55:193,Contig:125:26.8369:3p:1:121:758	0	False	0
efae-SAMN36766199	PBF_P13	Contig:79:75.5968:4343,Contig:204:76.8712:41878,Contig:32:174.226:1680,Contig:50:537.415:853,Contig:214:85.3975:7944,Contig:152:150.366:1324,Contig:188:543.698:552,Contig:179:76.864:5374	4	-0.00472269101949338	3.62899702	1.938683353738387	PBF_P20	Contig:136:36.9978:2675	4	0.0	0.41581272999999996	1.6317844655488762	0	0	0	0		1	False	0
efae-SAMN36766199	PBF_P14	Contig:2:127.633:Circ:4461	4	0.0	0.4996321	3.081942113156582	PBF_P15	Contig:125:26.8369:2489,Contig:50:537.415:853,Contig:108:35.4637:3p:1:2:484,Contig:214:85.3975:7944,Contig:125:26.8369:3p:1:14:532,Contig:188:543.698:552	4	0.0	2.5430859999999997	0.9191027151723309	0	0	0	0		1	False	0
efae-SAMN36766199	PBF_P14	Contig:2:127.633:Circ:4461	4	0.0	0.4996321	3.081942113156582	PBF_P16	Contig:175:33.0843:28604,Contig:32:174.226:1680,Contig:50:537.415:853,Contig:214:85.3975:7944,Contig:188:543.698:552,Contig:179:76.864:5374	4	-0.0020251717045255413	2.34132866	0.8450448130547485	0	0	0	0		1	False	0
efae-SAMN36766199	PBF_P14	Contig:2:127.633:Circ:4461	4	0.0	0.4996321	3.081942113156582	PBF_P17	Contig:136:36.9978:2675,Contig:125:26.8369:3p:1:102:247,Contig:78:316.833:684,Contig:125:26.8369:3p:1:14:532	4	-0.003082413705677939	1.82257958	1.6317844655488762	0	0	0	0		1	False	0
efae-SAMN36766199	PBF_P14	Contig:2:127.633:Circ:4461	4	0.0	0.4996321	3.081942113156582	PBF_P18	Contig:50:537.415:853,Contig:108:35.4637:3p:1:2:484,Contig:188:543.698:552,Contig:183:57.759:8294	4	0.0	1.7293466400000002	1.491070277063081	0	0	0	0		1	False	0
efae-SAMN36766199	PBF_P14	Contig:2:127.633:Circ:4461	4	0.0	0.4996321	3.081942113156582	PBF_P19	Contig:122:27.5939:3p:1:4:276,Contig:122:27.5939:3p:1:8:463,Contig:122:27.5939:4388,Contig:122:27.5939:3p:1:7:481	4	-0.006032033777871176	1.16563207	0.8904975935288741	0	0	0	0		1	False	0
efae-SAMN36766199	PBF_P14	Contig:2:127.633:Circ:4461	4	0.0	0.4996321	3.081942113156582	PBF_P20	Contig:136:36.9978:2675	4	0.0	0.41581272999999996	1.6317844655488762	0	0	0	0		1	False	0
efae-SAMN36766199	PBF_P15	Contig:125:26.8369:2489,Contig:50:537.415:853,Contig:108:35.4637:3p:1:2:484,Contig:214:85.3975:7944,Contig:125:26.8369:3p:1:14:532,Contig:188:543.698:552	4	0.0	2.5430859999999997	0.9191027151723309	PBF_P16	Contig:175:33.0843:28604,Contig:32:174.226:1680,Contig:50:537.415:853,Contig:214:85.3975:7944,Contig:188:543.698:552,Contig:179:76.864:5374	4	-0.0020251717045255413	2.34132866	0.8450448130547485	4	-0.04365074195939139	9.013126866	0.3275167605788737	Contig:104:32.2747:3236,Contig:111:54.5961:4931,Contig:126:31.9997:11847,Contig:139:264.931:653,Contig:159:718.244:809,Contig:15:36.6119:4176,Contig:171:62.2474:1930,Contig:185:31.3781:8732,Contig:207:67.1883:1152,Contig:210:565.886:1794,Contig:40:66.7821:1803,Contig:55:184.754:713,Contig:76:1010.18:1514,Contig:77:284.925:3906,Contig:114:64.8563:3p:1:6:106,Contig:114:64.8563:3p:1:8:105,Contig:114:64.8563:3p:1:13:585,Contig:114:64.8563:3p:1:19:105,Contig:122:27.5939:3p:1:6:276,Contig:122:27.5939:3p:1:7:481,Contig:122:27.5939:3p:1:8:463,Contig:122:27.5939:3p:1:9:463,Contig:122:27.5939:3p:1:10:369,Contig:122:27.5939:3p:1:13:431,Contig:125:26.8369:3p:1:13:494,Contig:125:26.8369:3p:1:55:193,Contig:125:26.8369:3p:1:109:752,Contig:125:26.8369:3p:1:121:758	0	True	0
efae-SAMN36766199	PBF_P15	Contig:125:26.8369:2489,Contig:50:537.415:853,Contig:108:35.4637:3p:1:2:484,Contig:214:85.3975:7944,Contig:125:26.8369:3p:1:14:532,Contig:188:543.698:552	4	0.0	2.5430859999999997	0.9191027151723309	PBF_P17	Contig:136:36.9978:2675,Contig:125:26.8369:3p:1:102:247,Contig:78:316.833:684,Contig:125:26.8369:3p:1:14:532	4	-0.003082413705677939	1.82257958	1.6317844655488762	4	-0.052053527798216426	8.295315286000001	0.3275167605788738	Contig:104:32.2747:3236,Contig:111:54.5961:4931,Contig:126:31.9997:11847,Contig:139:264.931:653,Contig:159:718.244:809,Contig:15:36.6119:4176,Contig:185:31.3781:8732,Contig:207:67.1883:1152,Contig:210:565.886:1794,Contig:40:66.7821:1803,Contig:55:184.754:713,Contig:77:284.925:3906,Contig:114:64.8563:3p:1:6:106,Contig:114:64.8563:3p:1:8:105,Contig:114:64.8563:3p:1:13:585,Contig:114:64.8563:3p:1:19:105,Contig:122:27.5939:3p:1:6:276,Contig:122:27.5939:3p:1:7:481,Contig:122:27.5939:3p:1:8:463,Contig:122:27.5939:3p:1:9:463,Contig:122:27.5939:3p:1:10:369,Contig:122:27.5939:3p:1:13:431,Contig:125:26.8369:3p:1:13:494,Contig:125:26.8369:3p:1:15:139,Contig:125:26.8369:3p:1:109:752	0	True	0
efae-SAMN36766199	PBF_P15	Contig:125:26.8369:2489,Contig:50:537.415:853,Contig:108:35.4637:3p:1:2:484,Contig:214:85.3975:7944,Contig:125:26.8369:3p:1:14:532,Contig:188:543.698:552	4	0.0	2.5430859999999997	0.9191027151723309	PBF_P18	Contig:50:537.415:853,Contig:108:35.4637:3p:1:2:484,Contig:188:543.698:552,Contig:183:57.759:8294	4	0.0	1.7293466400000002	1.491070277063081	4	-0.04897111409253849	7.600684815000001	0.3275167605788737	Contig:111:54.5961:4931,Contig:118:175.893:1493,Contig:139:264.931:653,Contig:146:38.3119:9434,Contig:159:718.244:809,Contig:15:36.6119:4176,Contig:185:31.3781:8732,Contig:203:30.4273:8590,Contig:207:67.1883:1152,Contig:210:565.886:1794,Contig:55:184.754:713,Contig:77:284.925:3906,Contig:108:35.4637:3p:1:5:489,Contig:114:64.8563:3p:1:6:106,Contig:114:64.8563:3p:1:8:105,Contig:114:64.8563:3p:1:13:585,Contig:114:64.8563:3p:1:19:105,Contig:118:175.893:3p:1:44:1514,Contig:125:26.8369:3p:1:13:494,Contig:125:26.8369:3p:1:15:139	0	True	0
efae-SAMN36766199	PBF_P15	Contig:125:26.8369:2489,Contig:50:537.415:853,Contig:108:35.4637:3p:1:2:484,Contig:214:85.3975:7944,Contig:125:26.8369:3p:1:14:532,Contig:188:543.698:552	4	0.0	2.5430859999999997	0.9191027151723309	PBF_P19	Contig:122:27.5939:3p:1:4:276,Contig:122:27.5939:3p:1:8:463,Contig:122:27.5939:4388,Contig:122:27.5939:3p:1:7:481	4	-0.006032033777871176	1.16563207	0.8904975935288741	4	-0.05500314787040966	8.38064217	0.3275167605788739	Contig:111:54.5961:4931,Contig:139:264.931:653,Contig:159:718.244:809,Contig:15:36.6119:4176,Contig:185:31.3781:8732,Contig:207:67.1883:1152,Contig:210:565.886:1794,Contig:30:58.7434:1428,Contig:55:184.754:713,Contig:77:284.925:3906,Contig:114:64.8563:3p:1:6:106,Contig:114:64.8563:3p:1:8:105,Contig:114:64.8563:3p:1:13:585,Contig:114:64.8563:3p:1:19:105,Contig:125:26.8369:3p:1:13:494,Contig:125:26.8369:3p:1:15:139	0	False	0
efae-SAMN36766199	PBF_P15	Contig:125:26.8369:2489,Contig:50:537.415:853,Contig:108:35.4637:3p:1:2:484,Contig:214:85.3975:7944,Contig:125:26.8369:3p:1:14:532,Contig:188:543.698:552	4	0.0	2.5430859999999997	0.9191027151723309	PBF_P20	Contig:136:36.9978:2675	4	0.0	0.41581272999999996	1.6317844655488762	0	0	0	0		1	False	0
efae-SAMN36766199	PBF_P16	Contig:175:33.0843:28604,Contig:32:174.226:1680,Contig:50:537.415:853,Contig:214:85.3975:7944,Contig:188:543.698:552,Contig:179:76.864:5374	4	-0.0020251717045255413	2.34132866	0.8450448130547485	PBF_P17	Contig:136:36.9978:2675,Contig:125:26.8369:3p:1:102:247,Contig:78:316.833:684,Contig:125:26.8369:3p:1:14:532	4	-0.003082413705677939	1.82257958	1.6317844655488762	4	-0.04673315566506933	8.292620446	0.3275167605788738	Contig:104:32.2747:3236,Contig:111:54.5961:4931,Contig:126:31.9997:11847,Contig:139:264.931:653,Contig:159:718.244:809,Contig:15:36.6119:4176,Contig:171:62.2474:1930,Contig:185:31.3781:8732,Contig:207:67.1883:1152,Contig:210:565.886:1794,Contig:40:66.7821:1803,Contig:55:184.754:713,Contig:76:1010.18:1514,Contig:77:284.925:3906,Contig:114:64.8563:3p:1:6:106,Contig:114:64.8563:3p:1:8:105,Contig:114:64.8563:3p:1:13:585,Contig:114:64.8563:3p:1:19:105,Contig:122:27.5939:3p:1:6:276,Contig:122:27.5939:3p:1:7:481,Contig:122:27.5939:3p:1:8:463,Contig:122:27.5939:3p:1:9:463,Contig:122:27.5939:3p:1:10:369,Contig:122:27.5939:3p:1:13:431,Contig:125:26.8369:3p:1:13:494,Contig:125:26.8369:3p:1:55:193,Contig:125:26.8369:3p:1:109:752,Contig:125:26.8369:3p:1:121:758	0	False	0
efae-SAMN36766199	PBF_P16	Contig:175:33.0843:28604,Contig:32:174.226:1680,Contig:50:537.415:853,Contig:214:85.3975:7944,Contig:188:543.698:552,Contig:179:76.864:5374	4	-0.0020251717045255413	2.34132866	0.8450448130547485	PBF_P18	Contig:50:537.415:853,Contig:108:35.4637:3p:1:2:484,Contig:188:543.698:552,Contig:183:57.759:8294	4	0.0	1.7293466400000002	1.491070277063081	4	-0.04365074195939139	7.597989975000001	0.32751676057809875	Contig:111:54.5961:4931,Contig:118:175.893:1493,Contig:139:264.931:653,Contig:146:38.3119:9434,Contig:159:718.244:809,Contig:15:36.6119:4176,Contig:171:62.2474:1930,Contig:185:31.3781:8732,Contig:203:30.4273:8590,Contig:207:67.1883:1152,Contig:210:565.886:1794,Contig:55:184.754:713,Contig:76:1010.18:1514,Contig:77:284.925:3906,Contig:108:35.4637:3p:1:5:489,Contig:114:64.8563:3p:1:6:106,Contig:114:64.8563:3p:1:8:105,Contig:114:64.8563:3p:1:13:585,Contig:114:64.8563:3p:1:19:105,Contig:118:175.893:3p:1:44:1514,Contig:125:26.8369:3p:1:13:494,Contig:125:26.8369:3p:1:55:193,Contig:125:26.8369:3p:1:121:758	0	True	0
efae-SAMN36766199	PBF_P16	Contig:175:33.0843:28604,Contig:32:174.226:1680,Contig:50:537.415:853,Contig:214:85.3975:7944,Contig:188:543.698:552,Contig:179:76.864:5374	4	-0.0020251717045255413	2.34132866	0.8450448130547485	PBF_P19	Contig:122:27.5939:3p:1:4:276,Contig:122:27.5939:3p:1:8:463,Contig:122:27.5939:4388,Contig:122:27.5939:3p:1:7:481	4	-0.006032033777871176	1.16563207	0.8904975935288741	4	-0.04968277573726257	8.377947330000001	0.32751676057927515	Contig:111:54.5961:4931,Contig:139:264.931:653,Contig:159:718.244:809,Contig:15:36.6119:4176,Contig:171:62.2474:1930,Contig:185:31.3781:8732,Contig:207:67.1883:1152,Contig:210:565.886:1794,Contig:30:58.7434:1428,Contig:55:184.754:713,Contig:76:1010.18:1514,Contig:77:284.925:3906,Contig:114:64.8563:3p:1:6:106,Contig:114:64.8563:3p:1:8:105,Contig:114:64.8563:3p:1:13:585,Contig:114:64.8563:3p:1:19:105,Contig:125:26.8369:3p:1:13:494,Contig:125:26.8369:3p:1:55:193,Contig:125:26.8369:3p:1:121:758	0	False	0
efae-SAMN36766199	PBF_P16	Contig:175:33.0843:28604,Contig:32:174.226:1680,Contig:50:537.415:853,Contig:214:85.3975:7944,Contig:188:543.698:552,Contig:179:76.864:5374	4	-0.0020251717045255413	2.34132866	0.8450448130547485	PBF_P20	Contig:136:36.9978:2675	4	0.0	0.41581272999999996	1.6317844655488762	0	0	0	0		1	False	0
efae-SAMN36766199	PBF_P17	Contig:136:36.9978:2675,Contig:125:26.8369:3p:1:102:247,Contig:78:316.833:684,Contig:125:26.8369:3p:1:14:532	4	-0.003082413705677939	1.82257958	1.6317844655488762	PBF_P18	Contig:50:537.415:853,Contig:108:35.4637:3p:1:2:484,Contig:188:543.698:552,Contig:183:57.759:8294	4	0.0	1.7293466400000002	1.491070277063081	4	-0.052053527798216426	6.880178395000001	0.3275167605788738	Contig:111:54.5961:4931,Contig:118:175.893:1493,Contig:139:264.931:653,Contig:146:38.3119:9434,Contig:159:718.244:809,Contig:15:36.6119:4176,Contig:185:31.3781:8732,Contig:203:30.4273:8590,Contig:207:67.1883:1152,Contig:210:565.886:1794,Contig:55:184.754:713,Contig:77:284.925:3906,Contig:108:35.4637:3p:1:5:489,Contig:114:64.8563:3p:1:6:106,Contig:114:64.8563:3p:1:8:105,Contig:114:64.8563:3p:1:13:585,Contig:114:64.8563:3p:1:19:105,Contig:118:175.893:3p:1:44:1514,Contig:125:26.8369:3p:1:13:494,Contig:125:26.8369:3p:1:15:139	0	False	0
efae-SAMN36766199	PBF_P17	Contig:136:36.9978:2675,Contig:125:26.8369:3p:1:102:247,Contig:78:316.833:684,Contig:125:26.8369:3p:1:14:532	4	-0.003082413705677939	1.82257958	1.6317844655488762	PBF_P19	Contig:122:27.5939:3p:1:4:276,Contig:122:27.5939:3p:1:8:463,Contig:122:27.5939:4388,Contig:122:27.5939:3p:1:7:481	4	-0.006032033777871176	1.16563207	0.8904975935288741	4	-0.0580855615760876	7.660135750000001	0.3275167605788738	Contig:111:54.5961:4931,Contig:139:264.931:653,Contig:159:718.244:809,Contig:15:36.6119:4176,Contig:185:31.3781:8732,Contig:207:67.1883:1152,Contig:210:565.886:1794,Contig:30:58.7434:1428,Contig:55:184.754:713,Contig:77:284.925:3906,Contig:114:64.8563:3p:1:6:106,Contig:114:64.8563:3p:1:8:105,Contig:114:64.8563:3p:1:13:585,Contig:114:64.8563:3p:1:19:105,Contig:125:26.8369:3p:1:13:494,Contig:125:26.8369:3p:1:15:139	0	False	0
efae-SAMN36766199	PBF_P17	Contig:136:36.9978:2675,Contig:125:26.8369:3p:1:102:247,Contig:78:316.833:684,Contig:125:26.8369:3p:1:14:532	4	0	0	0	PBF_P20	Contig:136:36.9978:2675	4	0	0	0	0	0	0	0	[]	0	1	1
efae-SAMN36766199	PBF_P18	Contig:50:537.415:853,Contig:108:35.4637:3p:1:2:484,Contig:188:543.698:552,Contig:183:57.759:8294	4	0.0	1.7293466400000002	1.491070277063081	PBF_P19	Contig:122:27.5939:3p:1:4:276,Contig:122:27.5939:3p:1:8:463,Contig:122:27.5939:4388,Contig:122:27.5939:3p:1:7:481	4	-0.006032033777871176	1.16563207	0.8904975935288741	4	-0.04765760403273703	6.897368635000001	0.3275167605788738	Contig:111:54.5961:4931,Contig:139:264.931:653,Contig:159:718.244:809,Contig:15:36.6119:4176,Contig:185:31.3781:8732,Contig:207:67.1883:1152,Contig:210:565.886:1794,Contig:30:58.7434:1428,Contig:44:28.7601:29500,Contig:55:184.754:713,Contig:76:1010.18:1514,Contig:77:284.925:3906,Contig:108:35.4637:3p:1:5:489,Contig:114:64.8563:3p:1:6:106,Contig:114:64.8563:3p:1:8:105,Contig:114:64.8563:3p:1:13:585,Contig:114:64.8563:3p:1:19:105,Contig:125:26.8369:3p:1:13:494,Contig:125:26.8369:3p:1:55:193	0	False	0
efae-SAMN36766199	PBF_P18	Contig:50:537.415:853,Contig:108:35.4637:3p:1:2:484,Contig:188:543.698:552,Contig:183:57.759:8294	4	0.0	1.7293466400000002	1.491070277063081	PBF_P20	Contig:136:36.9978:2675	4	0.0	0.41581272999999996	1.6317844655488762	0	0	0	0		1	False	0
efae-SAMN36766199	PBF_P19	Contig:122:27.5939:3p:1:4:276,Contig:122:27.5939:3p:1:8:463,Contig:122:27.5939:4388,Contig:122:27.5939:3p:1:7:481	4	-0.006032033777871176	1.16563207	0.8904975935288741	PBF_P20	Contig:136:36.9978:2675	4	0.0	0.41581272999999996	1.6317844655488762	0	0	0	0		1	False	0