SAMPLE	BIN1	BIN1_CONTIGS	BIN1_GC_BIN	BIN1_GC	BIN1_GD	BIN1_RD	BIN2	BIN2_CONTIGS	BIN2_GC_BIN	BIN2_GC	BIN2_GD	BIN2_RD	MERGE_GC_BIN	MERGE_GC	MERGE_GD	MERGE_RD	MERGE_PATH	MILP_INFEASIBLE	BINS_OVERLAP	IS_SUBSET
ecol-SAMN08768111	PBF_P1	Contig:84:60.0733:46389,Contig:29:54.5799:5p:1:4:239,Contig:109:70.1545:8887,Contig:103:117.151:3p:1:2:600,Contig:79:60.2811:46115,Contig:55:53.4459:37463,Contig:20:351.18:5p:1:18:182,Contig:34:71.7264:3901,Contig:26:120.583:5p:1:12:310,Contig:39:54.5594:3p:1:5:500,Contig:28:56.7219:167825,Contig:87:70.3422:680,Contig:52:102.232:1440,Contig:130:83.0342:5p:1:3:147,Contig:67:89.6741:682,Contig:23:50.282:3p:1:7:245,Contig:16:68.9288:1314,Contig:96:65.594:5p:1:1:127,Contig:117:92.9933:2038,Contig:100:56.8268:27595,Contig:119:83.4148:8166,Contig:105:93.2034:3p:1:17:299,Contig:12:87.4985:1035,Contig:96:65.594:8831,Contig:37:74.0242:1057,Contig:11:104.672:5p:1:9:386,Contig:124:156.942:2238,Contig:26:120.583:5p:1:16:177,Contig:50:56.5805:289186,Contig:114:92.4808:5p:1:4:257,Contig:93:45.5388:2030,Contig:114:92.4808:5769,Contig:31:49.4288:13509,Contig:11:104.672:5p:1:2:147,Contig:54:87.6427:769,Contig:107:69.2847:3p:1:5:229,Contig:82:66.2942:3899,Contig:104:81.0927:5p:1:7:271,Contig:26:120.583:5p:1:7:1245,Contig:123:55.2394:5p:1:6:286,Contig:26:120.583:5p:1:20:304,Contig:62:83.3254:1202,Contig:34:71.7264:5p:1:4:442,Contig:75:53.4236:225209,Contig:129:122.527:960,Contig:6:56.3493:192502,Contig:42:94.677:572,Contig:51:70.9288:1367,Contig:105:93.2034:3p:1:14:147,Contig:34:71.7264:5p:1:3:442,Contig:34:71.7264:5p:1:6:147,Contig:23:50.282:96256,Contig:38:78.3823:8342,Contig:29:54.5799:71417,Contig:81:84.1311:635,Contig:106:56.6147:3p:1:24:411,Contig:11:104.672:3p:1:3:147,Contig:8:93.2272:1881,Contig:32:49.1149:18961,Contig:123:55.2394:5p:1:4:350,Contig:106:56.6147:3p:1:25:289,Contig:34:71.7264:5p:1:5:246,Contig:52:102.232:3p:1:3:323,Contig:49:74.0087:1803,Contig:106:56.6147:3p:1:21:167,Contig:63:796.419:805,Contig:26:120.583:5p:1:21:126,Contig:65:74.2019:2693,Contig:23:50.282:3p:1:4:316,Contig:123:55.2394:225572,Contig:57:76.3612:4016,Contig:84:60.0733:3p:1:2:535,Contig:33:86.8046:13886,Contig:26:120.583:5p:1:17:169,Contig:98:64.5293:5031,Contig:20:351.18:5p:1:15:254,Contig:105:93.2034:3p:1:15:243,Contig:118:51.9741:1603,Contig:105:93.2034:3p:1:11:147,Contig:32:49.1149:3p:1:3:147,Contig:20:351.18:5p:1:21:123,Contig:111:60.2096:13157,Contig:100:56.8268:3p:1:3:147,Contig:106:56.6147:3p:1:19:290,Contig:118:51.9741:5p:1:11:393,Contig:48:118.145:2703,Contig:118:51.9741:5p:1:6:444,Contig:63:796.419:3p:1:19:390,Contig:103:117.151:745,Contig:114:92.4808:5p:1:5:130,Contig:97:54.7936:260023,Contig:131:55.6929:87263,Contig:77:53.1841:1527,Contig:111:60.2096:5p:1:2:147,Contig:26:120.583:5p:1:13:178	5	-3.5351298167102514	16.37214595374033	0.6752598248522574	PBF_P4	Contig:101:75.085:29892,Contig:111:60.2096:13157,Contig:34:71.7264:5p:1:6:147,Contig:79:60.2811:46115,Contig:100:56.8268:3p:1:3:147,Contig:34:71.7264:5p:1:5:246,Contig:34:71.7264:5p:1:4:442,Contig:34:71.7264:3901,Contig:116:69.0331:5227,Contig:124:156.942:2238	4	-0.13060021013787818	4.014204840867211	1.047950811099196	5	-4.138740730090534	20.38635079460754	0.6752598248531285		0	True	0
ecol-SAMN08768111	PBF_P1	Contig:84:60.0733:46389,Contig:29:54.5799:5p:1:4:239,Contig:109:70.1545:8887,Contig:103:117.151:3p:1:2:600,Contig:79:60.2811:46115,Contig:55:53.4459:37463,Contig:20:351.18:5p:1:18:182,Contig:34:71.7264:3901,Contig:26:120.583:5p:1:12:310,Contig:39:54.5594:3p:1:5:500,Contig:28:56.7219:167825,Contig:87:70.3422:680,Contig:52:102.232:1440,Contig:130:83.0342:5p:1:3:147,Contig:67:89.6741:682,Contig:23:50.282:3p:1:7:245,Contig:16:68.9288:1314,Contig:96:65.594:5p:1:1:127,Contig:117:92.9933:2038,Contig:100:56.8268:27595,Contig:119:83.4148:8166,Contig:105:93.2034:3p:1:17:299,Contig:12:87.4985:1035,Contig:96:65.594:8831,Contig:37:74.0242:1057,Contig:11:104.672:5p:1:9:386,Contig:124:156.942:2238,Contig:26:120.583:5p:1:16:177,Contig:50:56.5805:289186,Contig:114:92.4808:5p:1:4:257,Contig:93:45.5388:2030,Contig:114:92.4808:5769,Contig:31:49.4288:13509,Contig:11:104.672:5p:1:2:147,Contig:54:87.6427:769,Contig:107:69.2847:3p:1:5:229,Contig:82:66.2942:3899,Contig:104:81.0927:5p:1:7:271,Contig:26:120.583:5p:1:7:1245,Contig:123:55.2394:5p:1:6:286,Contig:26:120.583:5p:1:20:304,Contig:62:83.3254:1202,Contig:34:71.7264:5p:1:4:442,Contig:75:53.4236:225209,Contig:129:122.527:960,Contig:6:56.3493:192502,Contig:42:94.677:572,Contig:51:70.9288:1367,Contig:105:93.2034:3p:1:14:147,Contig:34:71.7264:5p:1:3:442,Contig:34:71.7264:5p:1:6:147,Contig:23:50.282:96256,Contig:38:78.3823:8342,Contig:29:54.5799:71417,Contig:81:84.1311:635,Contig:106:56.6147:3p:1:24:411,Contig:11:104.672:3p:1:3:147,Contig:8:93.2272:1881,Contig:32:49.1149:18961,Contig:123:55.2394:5p:1:4:350,Contig:106:56.6147:3p:1:25:289,Contig:34:71.7264:5p:1:5:246,Contig:52:102.232:3p:1:3:323,Contig:49:74.0087:1803,Contig:106:56.6147:3p:1:21:167,Contig:63:796.419:805,Contig:26:120.583:5p:1:21:126,Contig:65:74.2019:2693,Contig:23:50.282:3p:1:4:316,Contig:123:55.2394:225572,Contig:57:76.3612:4016,Contig:84:60.0733:3p:1:2:535,Contig:33:86.8046:13886,Contig:26:120.583:5p:1:17:169,Contig:98:64.5293:5031,Contig:20:351.18:5p:1:15:254,Contig:105:93.2034:3p:1:15:243,Contig:118:51.9741:1603,Contig:105:93.2034:3p:1:11:147,Contig:32:49.1149:3p:1:3:147,Contig:20:351.18:5p:1:21:123,Contig:111:60.2096:13157,Contig:100:56.8268:3p:1:3:147,Contig:106:56.6147:3p:1:19:290,Contig:118:51.9741:5p:1:11:393,Contig:48:118.145:2703,Contig:118:51.9741:5p:1:6:444,Contig:63:796.419:3p:1:19:390,Contig:103:117.151:745,Contig:114:92.4808:5p:1:5:130,Contig:97:54.7936:260023,Contig:131:55.6929:87263,Contig:77:53.1841:1527,Contig:111:60.2096:5p:1:2:147,Contig:26:120.583:5p:1:13:178	5	-3.5351298167102514	16.37214595374033	0.6752598248522574	PBF_P5	Contig:18:57.356:1778,Contig:123:55.2394:5p:1:5:350,Contig:55:53.4459:37463,Contig:81:84.1311:635,Contig:105:93.2034:3p:1:15:243,Contig:8:93.2272:1881,Contig:71:55.0074:24300,Contig:32:49.1149:18961,Contig:10:85.2641:3p:1:11:262,Contig:41:55.2743:155656,Contig:26:120.583:5p:1:12:310,Contig:32:49.1149:3p:1:3:147,Contig:105:93.2034:3p:1:11:147,Contig:52:102.232:1440,Contig:107:69.2847:3p:1:5:229,Contig:26:120.583:5p:1:19:126,Contig:26:120.583:1639,Contig:91:75.3147:539,Contig:52:102.232:3p:1:3:323,Contig:26:120.583:5p:1:22:177,Contig:10:85.2641:3p:1:12:227,Contig:16:68.9288:1314,Contig:49:74.0087:1803,Contig:10:85.2641:3p:1:9:229,Contig:61:64.7061:4442,Contig:105:93.2034:3p:1:17:299,Contig:123:55.2394:5p:1:6:286,Contig:56:85.3787:1475,Contig:118:51.9741:5p:1:11:393,Contig:48:118.145:2703,Contig:26:120.583:5p:1:6:812,Contig:65:74.2019:2693,Contig:118:51.9741:5p:1:6:444,Contig:92:53.1152:43318,Contig:129:122.527:960,Contig:26:120.583:5p:1:16:177,Contig:105:93.2034:3p:1:14:147,Contig:26:120.583:5p:1:17:169,Contig:26:120.583:5p:1:13:178	5	-1.1819113771795682	4.715838666969045	0.6351472906061522	5	-4.828737130551679	22.87663392301165	0.6351472906062554	Contig:105:93.2034:721,Contig:105:93.2034:3p:1:5:147,Contig:105:93.2034:3p:1:8:542,Contig:105:93.2034:3p:1:13:456	0	True	0
ecol-SAMN08768111	PBF_P1	Contig:84:60.0733:46389,Contig:29:54.5799:5p:1:4:239,Contig:109:70.1545:8887,Contig:103:117.151:3p:1:2:600,Contig:79:60.2811:46115,Contig:55:53.4459:37463,Contig:20:351.18:5p:1:18:182,Contig:34:71.7264:3901,Contig:26:120.583:5p:1:12:310,Contig:39:54.5594:3p:1:5:500,Contig:28:56.7219:167825,Contig:87:70.3422:680,Contig:52:102.232:1440,Contig:130:83.0342:5p:1:3:147,Contig:67:89.6741:682,Contig:23:50.282:3p:1:7:245,Contig:16:68.9288:1314,Contig:96:65.594:5p:1:1:127,Contig:117:92.9933:2038,Contig:100:56.8268:27595,Contig:119:83.4148:8166,Contig:105:93.2034:3p:1:17:299,Contig:12:87.4985:1035,Contig:96:65.594:8831,Contig:37:74.0242:1057,Contig:11:104.672:5p:1:9:386,Contig:124:156.942:2238,Contig:26:120.583:5p:1:16:177,Contig:50:56.5805:289186,Contig:114:92.4808:5p:1:4:257,Contig:93:45.5388:2030,Contig:114:92.4808:5769,Contig:31:49.4288:13509,Contig:11:104.672:5p:1:2:147,Contig:54:87.6427:769,Contig:107:69.2847:3p:1:5:229,Contig:82:66.2942:3899,Contig:104:81.0927:5p:1:7:271,Contig:26:120.583:5p:1:7:1245,Contig:123:55.2394:5p:1:6:286,Contig:26:120.583:5p:1:20:304,Contig:62:83.3254:1202,Contig:34:71.7264:5p:1:4:442,Contig:75:53.4236:225209,Contig:129:122.527:960,Contig:6:56.3493:192502,Contig:42:94.677:572,Contig:51:70.9288:1367,Contig:105:93.2034:3p:1:14:147,Contig:34:71.7264:5p:1:3:442,Contig:34:71.7264:5p:1:6:147,Contig:23:50.282:96256,Contig:38:78.3823:8342,Contig:29:54.5799:71417,Contig:81:84.1311:635,Contig:106:56.6147:3p:1:24:411,Contig:11:104.672:3p:1:3:147,Contig:8:93.2272:1881,Contig:32:49.1149:18961,Contig:123:55.2394:5p:1:4:350,Contig:106:56.6147:3p:1:25:289,Contig:34:71.7264:5p:1:5:246,Contig:52:102.232:3p:1:3:323,Contig:49:74.0087:1803,Contig:106:56.6147:3p:1:21:167,Contig:63:796.419:805,Contig:26:120.583:5p:1:21:126,Contig:65:74.2019:2693,Contig:23:50.282:3p:1:4:316,Contig:123:55.2394:225572,Contig:57:76.3612:4016,Contig:84:60.0733:3p:1:2:535,Contig:33:86.8046:13886,Contig:26:120.583:5p:1:17:169,Contig:98:64.5293:5031,Contig:20:351.18:5p:1:15:254,Contig:105:93.2034:3p:1:15:243,Contig:118:51.9741:1603,Contig:105:93.2034:3p:1:11:147,Contig:32:49.1149:3p:1:3:147,Contig:20:351.18:5p:1:21:123,Contig:111:60.2096:13157,Contig:100:56.8268:3p:1:3:147,Contig:106:56.6147:3p:1:19:290,Contig:118:51.9741:5p:1:11:393,Contig:48:118.145:2703,Contig:118:51.9741:5p:1:6:444,Contig:63:796.419:3p:1:19:390,Contig:103:117.151:745,Contig:114:92.4808:5p:1:5:130,Contig:97:54.7936:260023,Contig:131:55.6929:87263,Contig:77:53.1841:1527,Contig:111:60.2096:5p:1:2:147,Contig:26:120.583:5p:1:13:178	5	-3.5351298167102514	16.37214595374033	0.6752598248522574	PBF_P6	Contig:18:57.356:1778,Contig:105:93.2034:3p:1:8:542,Contig:123:55.2394:5p:1:5:350,Contig:55:53.4459:37463,Contig:105:93.2034:3p:1:5:147,Contig:71:55.0074:24300,Contig:41:55.2743:155656,Contig:32:49.1149:18961,Contig:10:85.2641:3p:1:11:262,Contig:105:93.2034:3p:1:11:147,Contig:32:49.1149:3p:1:3:147,Contig:107:69.2847:3p:1:5:229,Contig:52:102.232:1440,Contig:26:120.583:5p:1:19:126,Contig:105:93.2034:3p:1:13:456,Contig:26:120.583:1639,Contig:91:75.3147:539,Contig:52:102.232:3p:1:3:323,Contig:26:120.583:5p:1:22:177,Contig:10:85.2641:3p:1:12:227,Contig:16:68.9288:1314,Contig:10:85.2641:3p:1:9:229,Contig:61:64.7061:4442,Contig:105:93.2034:3p:1:6:179,Contig:123:55.2394:5p:1:6:286,Contig:56:85.3787:1475,Contig:107:69.2847:2460,Contig:118:51.9741:5p:1:11:393,Contig:48:118.145:2703,Contig:26:120.583:5p:1:6:812,Contig:118:51.9741:5p:1:6:444,Contig:92:53.1152:43318,Contig:129:122.527:960,Contig:26:120.583:5p:1:16:177	5	-1.141121316911857	3.457183671390578	0.6351472906061522	5	-4.676251133622109	20.44839283240898	0.6351472906062554	Contig:26:120.583:5p:1:9:344,Contig:26:120.583:5p:1:11:310	0	True	0
ecol-SAMN08768111	PBF_P1	Contig:84:60.0733:46389,Contig:29:54.5799:5p:1:4:239,Contig:109:70.1545:8887,Contig:103:117.151:3p:1:2:600,Contig:79:60.2811:46115,Contig:55:53.4459:37463,Contig:20:351.18:5p:1:18:182,Contig:34:71.7264:3901,Contig:26:120.583:5p:1:12:310,Contig:39:54.5594:3p:1:5:500,Contig:28:56.7219:167825,Contig:87:70.3422:680,Contig:52:102.232:1440,Contig:130:83.0342:5p:1:3:147,Contig:67:89.6741:682,Contig:23:50.282:3p:1:7:245,Contig:16:68.9288:1314,Contig:96:65.594:5p:1:1:127,Contig:117:92.9933:2038,Contig:100:56.8268:27595,Contig:119:83.4148:8166,Contig:105:93.2034:3p:1:17:299,Contig:12:87.4985:1035,Contig:96:65.594:8831,Contig:37:74.0242:1057,Contig:11:104.672:5p:1:9:386,Contig:124:156.942:2238,Contig:26:120.583:5p:1:16:177,Contig:50:56.5805:289186,Contig:114:92.4808:5p:1:4:257,Contig:93:45.5388:2030,Contig:114:92.4808:5769,Contig:31:49.4288:13509,Contig:11:104.672:5p:1:2:147,Contig:54:87.6427:769,Contig:107:69.2847:3p:1:5:229,Contig:82:66.2942:3899,Contig:104:81.0927:5p:1:7:271,Contig:26:120.583:5p:1:7:1245,Contig:123:55.2394:5p:1:6:286,Contig:26:120.583:5p:1:20:304,Contig:62:83.3254:1202,Contig:34:71.7264:5p:1:4:442,Contig:75:53.4236:225209,Contig:129:122.527:960,Contig:6:56.3493:192502,Contig:42:94.677:572,Contig:51:70.9288:1367,Contig:105:93.2034:3p:1:14:147,Contig:34:71.7264:5p:1:3:442,Contig:34:71.7264:5p:1:6:147,Contig:23:50.282:96256,Contig:38:78.3823:8342,Contig:29:54.5799:71417,Contig:81:84.1311:635,Contig:106:56.6147:3p:1:24:411,Contig:11:104.672:3p:1:3:147,Contig:8:93.2272:1881,Contig:32:49.1149:18961,Contig:123:55.2394:5p:1:4:350,Contig:106:56.6147:3p:1:25:289,Contig:34:71.7264:5p:1:5:246,Contig:52:102.232:3p:1:3:323,Contig:49:74.0087:1803,Contig:106:56.6147:3p:1:21:167,Contig:63:796.419:805,Contig:26:120.583:5p:1:21:126,Contig:65:74.2019:2693,Contig:23:50.282:3p:1:4:316,Contig:123:55.2394:225572,Contig:57:76.3612:4016,Contig:84:60.0733:3p:1:2:535,Contig:33:86.8046:13886,Contig:26:120.583:5p:1:17:169,Contig:98:64.5293:5031,Contig:20:351.18:5p:1:15:254,Contig:105:93.2034:3p:1:15:243,Contig:118:51.9741:1603,Contig:105:93.2034:3p:1:11:147,Contig:32:49.1149:3p:1:3:147,Contig:20:351.18:5p:1:21:123,Contig:111:60.2096:13157,Contig:100:56.8268:3p:1:3:147,Contig:106:56.6147:3p:1:19:290,Contig:118:51.9741:5p:1:11:393,Contig:48:118.145:2703,Contig:118:51.9741:5p:1:6:444,Contig:63:796.419:3p:1:19:390,Contig:103:117.151:745,Contig:114:92.4808:5p:1:5:130,Contig:97:54.7936:260023,Contig:131:55.6929:87263,Contig:77:53.1841:1527,Contig:111:60.2096:5p:1:2:147,Contig:26:120.583:5p:1:13:178	5	-3.5351298167102514	16.37214595374033	0.6752598248522574	PBF_P7	Contig:86:72.6209:680,Contig:79:60.2811:46115,Contig:114:92.4808:5769,Contig:11:104.672:3p:1:3:147,Contig:11:104.672:5p:1:2:147,Contig:54:87.6427:769,Contig:130:83.0342:5p:1:3:147,Contig:121:83.8192:1202,Contig:104:81.0927:5p:1:7:271,Contig:23:50.282:3p:1:7:245,Contig:34:71.7264:5p:1:5:246,Contig:111:60.2096:13157,Contig:63:796.419:805,Contig:12:87.4985:1035,Contig:34:71.7264:5p:1:4:442,Contig:11:104.672:5p:1:9:386,Contig:23:50.282:3p:1:4:316,Contig:63:796.419:3p:1:19:390,Contig:57:76.3612:4016,Contig:42:94.677:572,Contig:97:54.7936:260023,Contig:33:86.8046:13886,Contig:34:71.7264:5p:1:6:147,Contig:23:50.282:96256	4	-0.7678128811034963	3.889727057193565	0.6983561791748804	5	-4.411939516997152	20.637547250845945	0.6752598248531285	Contig:23:50.282:3p:1:8:245	0	True	0
ecol-SAMN08768111	PBF_P1	Contig:84:60.0733:46389,Contig:29:54.5799:5p:1:4:239,Contig:109:70.1545:8887,Contig:103:117.151:3p:1:2:600,Contig:79:60.2811:46115,Contig:55:53.4459:37463,Contig:20:351.18:5p:1:18:182,Contig:34:71.7264:3901,Contig:26:120.583:5p:1:12:310,Contig:39:54.5594:3p:1:5:500,Contig:28:56.7219:167825,Contig:87:70.3422:680,Contig:52:102.232:1440,Contig:130:83.0342:5p:1:3:147,Contig:67:89.6741:682,Contig:23:50.282:3p:1:7:245,Contig:16:68.9288:1314,Contig:96:65.594:5p:1:1:127,Contig:117:92.9933:2038,Contig:100:56.8268:27595,Contig:119:83.4148:8166,Contig:105:93.2034:3p:1:17:299,Contig:12:87.4985:1035,Contig:96:65.594:8831,Contig:37:74.0242:1057,Contig:11:104.672:5p:1:9:386,Contig:124:156.942:2238,Contig:26:120.583:5p:1:16:177,Contig:50:56.5805:289186,Contig:114:92.4808:5p:1:4:257,Contig:93:45.5388:2030,Contig:114:92.4808:5769,Contig:31:49.4288:13509,Contig:11:104.672:5p:1:2:147,Contig:54:87.6427:769,Contig:107:69.2847:3p:1:5:229,Contig:82:66.2942:3899,Contig:104:81.0927:5p:1:7:271,Contig:26:120.583:5p:1:7:1245,Contig:123:55.2394:5p:1:6:286,Contig:26:120.583:5p:1:20:304,Contig:62:83.3254:1202,Contig:34:71.7264:5p:1:4:442,Contig:75:53.4236:225209,Contig:129:122.527:960,Contig:6:56.3493:192502,Contig:42:94.677:572,Contig:51:70.9288:1367,Contig:105:93.2034:3p:1:14:147,Contig:34:71.7264:5p:1:3:442,Contig:34:71.7264:5p:1:6:147,Contig:23:50.282:96256,Contig:38:78.3823:8342,Contig:29:54.5799:71417,Contig:81:84.1311:635,Contig:106:56.6147:3p:1:24:411,Contig:11:104.672:3p:1:3:147,Contig:8:93.2272:1881,Contig:32:49.1149:18961,Contig:123:55.2394:5p:1:4:350,Contig:106:56.6147:3p:1:25:289,Contig:34:71.7264:5p:1:5:246,Contig:52:102.232:3p:1:3:323,Contig:49:74.0087:1803,Contig:106:56.6147:3p:1:21:167,Contig:63:796.419:805,Contig:26:120.583:5p:1:21:126,Contig:65:74.2019:2693,Contig:23:50.282:3p:1:4:316,Contig:123:55.2394:225572,Contig:57:76.3612:4016,Contig:84:60.0733:3p:1:2:535,Contig:33:86.8046:13886,Contig:26:120.583:5p:1:17:169,Contig:98:64.5293:5031,Contig:20:351.18:5p:1:15:254,Contig:105:93.2034:3p:1:15:243,Contig:118:51.9741:1603,Contig:105:93.2034:3p:1:11:147,Contig:32:49.1149:3p:1:3:147,Contig:20:351.18:5p:1:21:123,Contig:111:60.2096:13157,Contig:100:56.8268:3p:1:3:147,Contig:106:56.6147:3p:1:19:290,Contig:118:51.9741:5p:1:11:393,Contig:48:118.145:2703,Contig:118:51.9741:5p:1:6:444,Contig:63:796.419:3p:1:19:390,Contig:103:117.151:745,Contig:114:92.4808:5p:1:5:130,Contig:97:54.7936:260023,Contig:131:55.6929:87263,Contig:77:53.1841:1527,Contig:111:60.2096:5p:1:2:147,Contig:26:120.583:5p:1:13:178	5	-3.5351298167102514	16.37214595374033	0.6752598248522574	PBF_P8	Contig:101:75.085:29892,Contig:100:56.8268:3p:1:3:147,Contig:116:69.0331:5227,Contig:124:156.942:2238	4	-0.018840115243277	1.752308468499745	1.2093882108478837	5	-3.8062081985220426	18.124454422240074	0.6752598248531285		0	True	0
ecol-SAMN08768111	PBF_P1	Contig:84:60.0733:46389,Contig:29:54.5799:5p:1:4:239,Contig:109:70.1545:8887,Contig:103:117.151:3p:1:2:600,Contig:79:60.2811:46115,Contig:55:53.4459:37463,Contig:20:351.18:5p:1:18:182,Contig:34:71.7264:3901,Contig:26:120.583:5p:1:12:310,Contig:39:54.5594:3p:1:5:500,Contig:28:56.7219:167825,Contig:87:70.3422:680,Contig:52:102.232:1440,Contig:130:83.0342:5p:1:3:147,Contig:67:89.6741:682,Contig:23:50.282:3p:1:7:245,Contig:16:68.9288:1314,Contig:96:65.594:5p:1:1:127,Contig:117:92.9933:2038,Contig:100:56.8268:27595,Contig:119:83.4148:8166,Contig:105:93.2034:3p:1:17:299,Contig:12:87.4985:1035,Contig:96:65.594:8831,Contig:37:74.0242:1057,Contig:11:104.672:5p:1:9:386,Contig:124:156.942:2238,Contig:26:120.583:5p:1:16:177,Contig:50:56.5805:289186,Contig:114:92.4808:5p:1:4:257,Contig:93:45.5388:2030,Contig:114:92.4808:5769,Contig:31:49.4288:13509,Contig:11:104.672:5p:1:2:147,Contig:54:87.6427:769,Contig:107:69.2847:3p:1:5:229,Contig:82:66.2942:3899,Contig:104:81.0927:5p:1:7:271,Contig:26:120.583:5p:1:7:1245,Contig:123:55.2394:5p:1:6:286,Contig:26:120.583:5p:1:20:304,Contig:62:83.3254:1202,Contig:34:71.7264:5p:1:4:442,Contig:75:53.4236:225209,Contig:129:122.527:960,Contig:6:56.3493:192502,Contig:42:94.677:572,Contig:51:70.9288:1367,Contig:105:93.2034:3p:1:14:147,Contig:34:71.7264:5p:1:3:442,Contig:34:71.7264:5p:1:6:147,Contig:23:50.282:96256,Contig:38:78.3823:8342,Contig:29:54.5799:71417,Contig:81:84.1311:635,Contig:106:56.6147:3p:1:24:411,Contig:11:104.672:3p:1:3:147,Contig:8:93.2272:1881,Contig:32:49.1149:18961,Contig:123:55.2394:5p:1:4:350,Contig:106:56.6147:3p:1:25:289,Contig:34:71.7264:5p:1:5:246,Contig:52:102.232:3p:1:3:323,Contig:49:74.0087:1803,Contig:106:56.6147:3p:1:21:167,Contig:63:796.419:805,Contig:26:120.583:5p:1:21:126,Contig:65:74.2019:2693,Contig:23:50.282:3p:1:4:316,Contig:123:55.2394:225572,Contig:57:76.3612:4016,Contig:84:60.0733:3p:1:2:535,Contig:33:86.8046:13886,Contig:26:120.583:5p:1:17:169,Contig:98:64.5293:5031,Contig:20:351.18:5p:1:15:254,Contig:105:93.2034:3p:1:15:243,Contig:118:51.9741:1603,Contig:105:93.2034:3p:1:11:147,Contig:32:49.1149:3p:1:3:147,Contig:20:351.18:5p:1:21:123,Contig:111:60.2096:13157,Contig:100:56.8268:3p:1:3:147,Contig:106:56.6147:3p:1:19:290,Contig:118:51.9741:5p:1:11:393,Contig:48:118.145:2703,Contig:118:51.9741:5p:1:6:444,Contig:63:796.419:3p:1:19:390,Contig:103:117.151:745,Contig:114:92.4808:5p:1:5:130,Contig:97:54.7936:260023,Contig:131:55.6929:87263,Contig:77:53.1841:1527,Contig:111:60.2096:5p:1:2:147,Contig:26:120.583:5p:1:13:178	5	-3.5351298167102514	16.37214595374033	0.6752598248522574	PBF_P9	Contig:26:120.583:5p:1:19:126,Contig:26:120.583:1639,Contig:48:118.145:2703,Contig:26:120.583:5p:1:6:812,Contig:26:120.583:5p:1:22:177	5	0.0	1.8095914245763338	1.0896848545426465	5	-3.5351298167102514	18.18173737831666	0.6752598248531285		0	True	0
ecol-SAMN08768111	PBF_P1	Contig:84:60.0733:46389,Contig:29:54.5799:5p:1:4:239,Contig:109:70.1545:8887,Contig:103:117.151:3p:1:2:600,Contig:79:60.2811:46115,Contig:55:53.4459:37463,Contig:20:351.18:5p:1:18:182,Contig:34:71.7264:3901,Contig:26:120.583:5p:1:12:310,Contig:39:54.5594:3p:1:5:500,Contig:28:56.7219:167825,Contig:87:70.3422:680,Contig:52:102.232:1440,Contig:130:83.0342:5p:1:3:147,Contig:67:89.6741:682,Contig:23:50.282:3p:1:7:245,Contig:16:68.9288:1314,Contig:96:65.594:5p:1:1:127,Contig:117:92.9933:2038,Contig:100:56.8268:27595,Contig:119:83.4148:8166,Contig:105:93.2034:3p:1:17:299,Contig:12:87.4985:1035,Contig:96:65.594:8831,Contig:37:74.0242:1057,Contig:11:104.672:5p:1:9:386,Contig:124:156.942:2238,Contig:26:120.583:5p:1:16:177,Contig:50:56.5805:289186,Contig:114:92.4808:5p:1:4:257,Contig:93:45.5388:2030,Contig:114:92.4808:5769,Contig:31:49.4288:13509,Contig:11:104.672:5p:1:2:147,Contig:54:87.6427:769,Contig:107:69.2847:3p:1:5:229,Contig:82:66.2942:3899,Contig:104:81.0927:5p:1:7:271,Contig:26:120.583:5p:1:7:1245,Contig:123:55.2394:5p:1:6:286,Contig:26:120.583:5p:1:20:304,Contig:62:83.3254:1202,Contig:34:71.7264:5p:1:4:442,Contig:75:53.4236:225209,Contig:129:122.527:960,Contig:6:56.3493:192502,Contig:42:94.677:572,Contig:51:70.9288:1367,Contig:105:93.2034:3p:1:14:147,Contig:34:71.7264:5p:1:3:442,Contig:34:71.7264:5p:1:6:147,Contig:23:50.282:96256,Contig:38:78.3823:8342,Contig:29:54.5799:71417,Contig:81:84.1311:635,Contig:106:56.6147:3p:1:24:411,Contig:11:104.672:3p:1:3:147,Contig:8:93.2272:1881,Contig:32:49.1149:18961,Contig:123:55.2394:5p:1:4:350,Contig:106:56.6147:3p:1:25:289,Contig:34:71.7264:5p:1:5:246,Contig:52:102.232:3p:1:3:323,Contig:49:74.0087:1803,Contig:106:56.6147:3p:1:21:167,Contig:63:796.419:805,Contig:26:120.583:5p:1:21:126,Contig:65:74.2019:2693,Contig:23:50.282:3p:1:4:316,Contig:123:55.2394:225572,Contig:57:76.3612:4016,Contig:84:60.0733:3p:1:2:535,Contig:33:86.8046:13886,Contig:26:120.583:5p:1:17:169,Contig:98:64.5293:5031,Contig:20:351.18:5p:1:15:254,Contig:105:93.2034:3p:1:15:243,Contig:118:51.9741:1603,Contig:105:93.2034:3p:1:11:147,Contig:32:49.1149:3p:1:3:147,Contig:20:351.18:5p:1:21:123,Contig:111:60.2096:13157,Contig:100:56.8268:3p:1:3:147,Contig:106:56.6147:3p:1:19:290,Contig:118:51.9741:5p:1:11:393,Contig:48:118.145:2703,Contig:118:51.9741:5p:1:6:444,Contig:63:796.419:3p:1:19:390,Contig:103:117.151:745,Contig:114:92.4808:5p:1:5:130,Contig:97:54.7936:260023,Contig:131:55.6929:87263,Contig:77:53.1841:1527,Contig:111:60.2096:5p:1:2:147,Contig:26:120.583:5p:1:13:178	5	0	0	0	PBF_P10	Contig:111:60.2096:13157,Contig:57:76.3612:4016,Contig:79:60.2811:46115,Contig:34:71.7264:5p:1:5:246,Contig:34:71.7264:5p:1:4:442,Contig:34:71.7264:5p:1:6:147	4	0	0	0	0	0	0	0	[]	0	1	1
ecol-SAMN08768111	PBF_P1	Contig:84:60.0733:46389,Contig:29:54.5799:5p:1:4:239,Contig:109:70.1545:8887,Contig:103:117.151:3p:1:2:600,Contig:79:60.2811:46115,Contig:55:53.4459:37463,Contig:20:351.18:5p:1:18:182,Contig:34:71.7264:3901,Contig:26:120.583:5p:1:12:310,Contig:39:54.5594:3p:1:5:500,Contig:28:56.7219:167825,Contig:87:70.3422:680,Contig:52:102.232:1440,Contig:130:83.0342:5p:1:3:147,Contig:67:89.6741:682,Contig:23:50.282:3p:1:7:245,Contig:16:68.9288:1314,Contig:96:65.594:5p:1:1:127,Contig:117:92.9933:2038,Contig:100:56.8268:27595,Contig:119:83.4148:8166,Contig:105:93.2034:3p:1:17:299,Contig:12:87.4985:1035,Contig:96:65.594:8831,Contig:37:74.0242:1057,Contig:11:104.672:5p:1:9:386,Contig:124:156.942:2238,Contig:26:120.583:5p:1:16:177,Contig:50:56.5805:289186,Contig:114:92.4808:5p:1:4:257,Contig:93:45.5388:2030,Contig:114:92.4808:5769,Contig:31:49.4288:13509,Contig:11:104.672:5p:1:2:147,Contig:54:87.6427:769,Contig:107:69.2847:3p:1:5:229,Contig:82:66.2942:3899,Contig:104:81.0927:5p:1:7:271,Contig:26:120.583:5p:1:7:1245,Contig:123:55.2394:5p:1:6:286,Contig:26:120.583:5p:1:20:304,Contig:62:83.3254:1202,Contig:34:71.7264:5p:1:4:442,Contig:75:53.4236:225209,Contig:129:122.527:960,Contig:6:56.3493:192502,Contig:42:94.677:572,Contig:51:70.9288:1367,Contig:105:93.2034:3p:1:14:147,Contig:34:71.7264:5p:1:3:442,Contig:34:71.7264:5p:1:6:147,Contig:23:50.282:96256,Contig:38:78.3823:8342,Contig:29:54.5799:71417,Contig:81:84.1311:635,Contig:106:56.6147:3p:1:24:411,Contig:11:104.672:3p:1:3:147,Contig:8:93.2272:1881,Contig:32:49.1149:18961,Contig:123:55.2394:5p:1:4:350,Contig:106:56.6147:3p:1:25:289,Contig:34:71.7264:5p:1:5:246,Contig:52:102.232:3p:1:3:323,Contig:49:74.0087:1803,Contig:106:56.6147:3p:1:21:167,Contig:63:796.419:805,Contig:26:120.583:5p:1:21:126,Contig:65:74.2019:2693,Contig:23:50.282:3p:1:4:316,Contig:123:55.2394:225572,Contig:57:76.3612:4016,Contig:84:60.0733:3p:1:2:535,Contig:33:86.8046:13886,Contig:26:120.583:5p:1:17:169,Contig:98:64.5293:5031,Contig:20:351.18:5p:1:15:254,Contig:105:93.2034:3p:1:15:243,Contig:118:51.9741:1603,Contig:105:93.2034:3p:1:11:147,Contig:32:49.1149:3p:1:3:147,Contig:20:351.18:5p:1:21:123,Contig:111:60.2096:13157,Contig:100:56.8268:3p:1:3:147,Contig:106:56.6147:3p:1:19:290,Contig:118:51.9741:5p:1:11:393,Contig:48:118.145:2703,Contig:118:51.9741:5p:1:6:444,Contig:63:796.419:3p:1:19:390,Contig:103:117.151:745,Contig:114:92.4808:5p:1:5:130,Contig:97:54.7936:260023,Contig:131:55.6929:87263,Contig:77:53.1841:1527,Contig:111:60.2096:5p:1:2:147,Contig:26:120.583:5p:1:13:178	5	-3.5351298167102514	16.37214595374033	0.6752598248522574	PBF_P11	Contig:35:55.0676:7375,Contig:106:56.6147:3p:1:25:289,Contig:106:56.6147:3p:1:21:167,Contig:19:56.0686:16155,Contig:63:796.419:3p:1:19:390,Contig:63:796.419:805,Contig:74:53.3381:17368,Contig:106:56.6147:3p:1:19:290,Contig:106:56.6147:3p:1:24:411,Contig:20:351.18:5p:1:21:123,Contig:20:351.18:5p:1:18:182,Contig:20:351.18:5p:1:15:254	4	-0.476178796258673	1.7699586423098106	0.9280583130225784	5	-4.167292429181235	18.61626248604273	0.6752598248585855	Contig:20:351.18:5p:1:35:257	0	True	0
ecol-SAMN08768111	PBF_P1	Contig:84:60.0733:46389,Contig:29:54.5799:5p:1:4:239,Contig:109:70.1545:8887,Contig:103:117.151:3p:1:2:600,Contig:79:60.2811:46115,Contig:55:53.4459:37463,Contig:20:351.18:5p:1:18:182,Contig:34:71.7264:3901,Contig:26:120.583:5p:1:12:310,Contig:39:54.5594:3p:1:5:500,Contig:28:56.7219:167825,Contig:87:70.3422:680,Contig:52:102.232:1440,Contig:130:83.0342:5p:1:3:147,Contig:67:89.6741:682,Contig:23:50.282:3p:1:7:245,Contig:16:68.9288:1314,Contig:96:65.594:5p:1:1:127,Contig:117:92.9933:2038,Contig:100:56.8268:27595,Contig:119:83.4148:8166,Contig:105:93.2034:3p:1:17:299,Contig:12:87.4985:1035,Contig:96:65.594:8831,Contig:37:74.0242:1057,Contig:11:104.672:5p:1:9:386,Contig:124:156.942:2238,Contig:26:120.583:5p:1:16:177,Contig:50:56.5805:289186,Contig:114:92.4808:5p:1:4:257,Contig:93:45.5388:2030,Contig:114:92.4808:5769,Contig:31:49.4288:13509,Contig:11:104.672:5p:1:2:147,Contig:54:87.6427:769,Contig:107:69.2847:3p:1:5:229,Contig:82:66.2942:3899,Contig:104:81.0927:5p:1:7:271,Contig:26:120.583:5p:1:7:1245,Contig:123:55.2394:5p:1:6:286,Contig:26:120.583:5p:1:20:304,Contig:62:83.3254:1202,Contig:34:71.7264:5p:1:4:442,Contig:75:53.4236:225209,Contig:129:122.527:960,Contig:6:56.3493:192502,Contig:42:94.677:572,Contig:51:70.9288:1367,Contig:105:93.2034:3p:1:14:147,Contig:34:71.7264:5p:1:3:442,Contig:34:71.7264:5p:1:6:147,Contig:23:50.282:96256,Contig:38:78.3823:8342,Contig:29:54.5799:71417,Contig:81:84.1311:635,Contig:106:56.6147:3p:1:24:411,Contig:11:104.672:3p:1:3:147,Contig:8:93.2272:1881,Contig:32:49.1149:18961,Contig:123:55.2394:5p:1:4:350,Contig:106:56.6147:3p:1:25:289,Contig:34:71.7264:5p:1:5:246,Contig:52:102.232:3p:1:3:323,Contig:49:74.0087:1803,Contig:106:56.6147:3p:1:21:167,Contig:63:796.419:805,Contig:26:120.583:5p:1:21:126,Contig:65:74.2019:2693,Contig:23:50.282:3p:1:4:316,Contig:123:55.2394:225572,Contig:57:76.3612:4016,Contig:84:60.0733:3p:1:2:535,Contig:33:86.8046:13886,Contig:26:120.583:5p:1:17:169,Contig:98:64.5293:5031,Contig:20:351.18:5p:1:15:254,Contig:105:93.2034:3p:1:15:243,Contig:118:51.9741:1603,Contig:105:93.2034:3p:1:11:147,Contig:32:49.1149:3p:1:3:147,Contig:20:351.18:5p:1:21:123,Contig:111:60.2096:13157,Contig:100:56.8268:3p:1:3:147,Contig:106:56.6147:3p:1:19:290,Contig:118:51.9741:5p:1:11:393,Contig:48:118.145:2703,Contig:118:51.9741:5p:1:6:444,Contig:63:796.419:3p:1:19:390,Contig:103:117.151:745,Contig:114:92.4808:5p:1:5:130,Contig:97:54.7936:260023,Contig:131:55.6929:87263,Contig:77:53.1841:1527,Contig:111:60.2096:5p:1:2:147,Contig:26:120.583:5p:1:13:178	5	0	0	0	PBF_P12	Contig:38:78.3823:8342,Contig:100:56.8268:27595,Contig:100:56.8268:3p:1:3:147,Contig:124:156.942:2238	4	0	0	0	0	0	0	0	[]	0	1	1
ecol-SAMN08768111	PBF_P1	Contig:84:60.0733:46389,Contig:29:54.5799:5p:1:4:239,Contig:109:70.1545:8887,Contig:103:117.151:3p:1:2:600,Contig:79:60.2811:46115,Contig:55:53.4459:37463,Contig:20:351.18:5p:1:18:182,Contig:34:71.7264:3901,Contig:26:120.583:5p:1:12:310,Contig:39:54.5594:3p:1:5:500,Contig:28:56.7219:167825,Contig:87:70.3422:680,Contig:52:102.232:1440,Contig:130:83.0342:5p:1:3:147,Contig:67:89.6741:682,Contig:23:50.282:3p:1:7:245,Contig:16:68.9288:1314,Contig:96:65.594:5p:1:1:127,Contig:117:92.9933:2038,Contig:100:56.8268:27595,Contig:119:83.4148:8166,Contig:105:93.2034:3p:1:17:299,Contig:12:87.4985:1035,Contig:96:65.594:8831,Contig:37:74.0242:1057,Contig:11:104.672:5p:1:9:386,Contig:124:156.942:2238,Contig:26:120.583:5p:1:16:177,Contig:50:56.5805:289186,Contig:114:92.4808:5p:1:4:257,Contig:93:45.5388:2030,Contig:114:92.4808:5769,Contig:31:49.4288:13509,Contig:11:104.672:5p:1:2:147,Contig:54:87.6427:769,Contig:107:69.2847:3p:1:5:229,Contig:82:66.2942:3899,Contig:104:81.0927:5p:1:7:271,Contig:26:120.583:5p:1:7:1245,Contig:123:55.2394:5p:1:6:286,Contig:26:120.583:5p:1:20:304,Contig:62:83.3254:1202,Contig:34:71.7264:5p:1:4:442,Contig:75:53.4236:225209,Contig:129:122.527:960,Contig:6:56.3493:192502,Contig:42:94.677:572,Contig:51:70.9288:1367,Contig:105:93.2034:3p:1:14:147,Contig:34:71.7264:5p:1:3:442,Contig:34:71.7264:5p:1:6:147,Contig:23:50.282:96256,Contig:38:78.3823:8342,Contig:29:54.5799:71417,Contig:81:84.1311:635,Contig:106:56.6147:3p:1:24:411,Contig:11:104.672:3p:1:3:147,Contig:8:93.2272:1881,Contig:32:49.1149:18961,Contig:123:55.2394:5p:1:4:350,Contig:106:56.6147:3p:1:25:289,Contig:34:71.7264:5p:1:5:246,Contig:52:102.232:3p:1:3:323,Contig:49:74.0087:1803,Contig:106:56.6147:3p:1:21:167,Contig:63:796.419:805,Contig:26:120.583:5p:1:21:126,Contig:65:74.2019:2693,Contig:23:50.282:3p:1:4:316,Contig:123:55.2394:225572,Contig:57:76.3612:4016,Contig:84:60.0733:3p:1:2:535,Contig:33:86.8046:13886,Contig:26:120.583:5p:1:17:169,Contig:98:64.5293:5031,Contig:20:351.18:5p:1:15:254,Contig:105:93.2034:3p:1:15:243,Contig:118:51.9741:1603,Contig:105:93.2034:3p:1:11:147,Contig:32:49.1149:3p:1:3:147,Contig:20:351.18:5p:1:21:123,Contig:111:60.2096:13157,Contig:100:56.8268:3p:1:3:147,Contig:106:56.6147:3p:1:19:290,Contig:118:51.9741:5p:1:11:393,Contig:48:118.145:2703,Contig:118:51.9741:5p:1:6:444,Contig:63:796.419:3p:1:19:390,Contig:103:117.151:745,Contig:114:92.4808:5p:1:5:130,Contig:97:54.7936:260023,Contig:131:55.6929:87263,Contig:77:53.1841:1527,Contig:111:60.2096:5p:1:2:147,Contig:26:120.583:5p:1:13:178	5	-3.5351298167102514	16.37214595374033	0.6752598248522574	PBF_P13	Contig:72:74.9032:3636,Contig:103:117.151:745,Contig:89:85.7834:600	5	-0.10411512454503194	0.9748500735735142	0.8703975726711812	5	-3.639244941255283	17.346996027313843	0.6752598248531285		0	True	0
ecol-SAMN08768111	PBF_P1	Contig:84:60.0733:46389,Contig:29:54.5799:5p:1:4:239,Contig:109:70.1545:8887,Contig:103:117.151:3p:1:2:600,Contig:79:60.2811:46115,Contig:55:53.4459:37463,Contig:20:351.18:5p:1:18:182,Contig:34:71.7264:3901,Contig:26:120.583:5p:1:12:310,Contig:39:54.5594:3p:1:5:500,Contig:28:56.7219:167825,Contig:87:70.3422:680,Contig:52:102.232:1440,Contig:130:83.0342:5p:1:3:147,Contig:67:89.6741:682,Contig:23:50.282:3p:1:7:245,Contig:16:68.9288:1314,Contig:96:65.594:5p:1:1:127,Contig:117:92.9933:2038,Contig:100:56.8268:27595,Contig:119:83.4148:8166,Contig:105:93.2034:3p:1:17:299,Contig:12:87.4985:1035,Contig:96:65.594:8831,Contig:37:74.0242:1057,Contig:11:104.672:5p:1:9:386,Contig:124:156.942:2238,Contig:26:120.583:5p:1:16:177,Contig:50:56.5805:289186,Contig:114:92.4808:5p:1:4:257,Contig:93:45.5388:2030,Contig:114:92.4808:5769,Contig:31:49.4288:13509,Contig:11:104.672:5p:1:2:147,Contig:54:87.6427:769,Contig:107:69.2847:3p:1:5:229,Contig:82:66.2942:3899,Contig:104:81.0927:5p:1:7:271,Contig:26:120.583:5p:1:7:1245,Contig:123:55.2394:5p:1:6:286,Contig:26:120.583:5p:1:20:304,Contig:62:83.3254:1202,Contig:34:71.7264:5p:1:4:442,Contig:75:53.4236:225209,Contig:129:122.527:960,Contig:6:56.3493:192502,Contig:42:94.677:572,Contig:51:70.9288:1367,Contig:105:93.2034:3p:1:14:147,Contig:34:71.7264:5p:1:3:442,Contig:34:71.7264:5p:1:6:147,Contig:23:50.282:96256,Contig:38:78.3823:8342,Contig:29:54.5799:71417,Contig:81:84.1311:635,Contig:106:56.6147:3p:1:24:411,Contig:11:104.672:3p:1:3:147,Contig:8:93.2272:1881,Contig:32:49.1149:18961,Contig:123:55.2394:5p:1:4:350,Contig:106:56.6147:3p:1:25:289,Contig:34:71.7264:5p:1:5:246,Contig:52:102.232:3p:1:3:323,Contig:49:74.0087:1803,Contig:106:56.6147:3p:1:21:167,Contig:63:796.419:805,Contig:26:120.583:5p:1:21:126,Contig:65:74.2019:2693,Contig:23:50.282:3p:1:4:316,Contig:123:55.2394:225572,Contig:57:76.3612:4016,Contig:84:60.0733:3p:1:2:535,Contig:33:86.8046:13886,Contig:26:120.583:5p:1:17:169,Contig:98:64.5293:5031,Contig:20:351.18:5p:1:15:254,Contig:105:93.2034:3p:1:15:243,Contig:118:51.9741:1603,Contig:105:93.2034:3p:1:11:147,Contig:32:49.1149:3p:1:3:147,Contig:20:351.18:5p:1:21:123,Contig:111:60.2096:13157,Contig:100:56.8268:3p:1:3:147,Contig:106:56.6147:3p:1:19:290,Contig:118:51.9741:5p:1:11:393,Contig:48:118.145:2703,Contig:118:51.9741:5p:1:6:444,Contig:63:796.419:3p:1:19:390,Contig:103:117.151:745,Contig:114:92.4808:5p:1:5:130,Contig:97:54.7936:260023,Contig:131:55.6929:87263,Contig:77:53.1841:1527,Contig:111:60.2096:5p:1:2:147,Contig:26:120.583:5p:1:13:178	5	-3.5351298167102514	16.37214595374033	0.6752598248522574	PBF_P14	Contig:86:72.6209:680,Contig:11:104.672:959,Contig:121:83.8192:1202,Contig:114:92.4808:5769,Contig:33:86.8046:13886,Contig:11:104.672:3p:1:3:147,Contig:11:104.672:5p:1:2:147	5	-0.1016752499706351	1.2733791129668854	0.6983561791748804	5	-3.6368050666808864	17.645525066707215	0.6752598248531285		0	True	0
ecol-SAMN08768111	PBF_P1	Contig:84:60.0733:46389,Contig:29:54.5799:5p:1:4:239,Contig:109:70.1545:8887,Contig:103:117.151:3p:1:2:600,Contig:79:60.2811:46115,Contig:55:53.4459:37463,Contig:20:351.18:5p:1:18:182,Contig:34:71.7264:3901,Contig:26:120.583:5p:1:12:310,Contig:39:54.5594:3p:1:5:500,Contig:28:56.7219:167825,Contig:87:70.3422:680,Contig:52:102.232:1440,Contig:130:83.0342:5p:1:3:147,Contig:67:89.6741:682,Contig:23:50.282:3p:1:7:245,Contig:16:68.9288:1314,Contig:96:65.594:5p:1:1:127,Contig:117:92.9933:2038,Contig:100:56.8268:27595,Contig:119:83.4148:8166,Contig:105:93.2034:3p:1:17:299,Contig:12:87.4985:1035,Contig:96:65.594:8831,Contig:37:74.0242:1057,Contig:11:104.672:5p:1:9:386,Contig:124:156.942:2238,Contig:26:120.583:5p:1:16:177,Contig:50:56.5805:289186,Contig:114:92.4808:5p:1:4:257,Contig:93:45.5388:2030,Contig:114:92.4808:5769,Contig:31:49.4288:13509,Contig:11:104.672:5p:1:2:147,Contig:54:87.6427:769,Contig:107:69.2847:3p:1:5:229,Contig:82:66.2942:3899,Contig:104:81.0927:5p:1:7:271,Contig:26:120.583:5p:1:7:1245,Contig:123:55.2394:5p:1:6:286,Contig:26:120.583:5p:1:20:304,Contig:62:83.3254:1202,Contig:34:71.7264:5p:1:4:442,Contig:75:53.4236:225209,Contig:129:122.527:960,Contig:6:56.3493:192502,Contig:42:94.677:572,Contig:51:70.9288:1367,Contig:105:93.2034:3p:1:14:147,Contig:34:71.7264:5p:1:3:442,Contig:34:71.7264:5p:1:6:147,Contig:23:50.282:96256,Contig:38:78.3823:8342,Contig:29:54.5799:71417,Contig:81:84.1311:635,Contig:106:56.6147:3p:1:24:411,Contig:11:104.672:3p:1:3:147,Contig:8:93.2272:1881,Contig:32:49.1149:18961,Contig:123:55.2394:5p:1:4:350,Contig:106:56.6147:3p:1:25:289,Contig:34:71.7264:5p:1:5:246,Contig:52:102.232:3p:1:3:323,Contig:49:74.0087:1803,Contig:106:56.6147:3p:1:21:167,Contig:63:796.419:805,Contig:26:120.583:5p:1:21:126,Contig:65:74.2019:2693,Contig:23:50.282:3p:1:4:316,Contig:123:55.2394:225572,Contig:57:76.3612:4016,Contig:84:60.0733:3p:1:2:535,Contig:33:86.8046:13886,Contig:26:120.583:5p:1:17:169,Contig:98:64.5293:5031,Contig:20:351.18:5p:1:15:254,Contig:105:93.2034:3p:1:15:243,Contig:118:51.9741:1603,Contig:105:93.2034:3p:1:11:147,Contig:32:49.1149:3p:1:3:147,Contig:20:351.18:5p:1:21:123,Contig:111:60.2096:13157,Contig:100:56.8268:3p:1:3:147,Contig:106:56.6147:3p:1:19:290,Contig:118:51.9741:5p:1:11:393,Contig:48:118.145:2703,Contig:118:51.9741:5p:1:6:444,Contig:63:796.419:3p:1:19:390,Contig:103:117.151:745,Contig:114:92.4808:5p:1:5:130,Contig:97:54.7936:260023,Contig:131:55.6929:87263,Contig:77:53.1841:1527,Contig:111:60.2096:5p:1:2:147,Contig:26:120.583:5p:1:13:178	5	-3.5351298167102514	16.37214595374033	0.6752598248522574	PBF_P15	Contig:1:53.0403:Circ:7117	4	0.0	0.4979139091513832	0.9516111092205286	0	0	0	0		1	False	0
ecol-SAMN08768111	PBF_P1	Contig:84:60.0733:46389,Contig:29:54.5799:5p:1:4:239,Contig:109:70.1545:8887,Contig:103:117.151:3p:1:2:600,Contig:79:60.2811:46115,Contig:55:53.4459:37463,Contig:20:351.18:5p:1:18:182,Contig:34:71.7264:3901,Contig:26:120.583:5p:1:12:310,Contig:39:54.5594:3p:1:5:500,Contig:28:56.7219:167825,Contig:87:70.3422:680,Contig:52:102.232:1440,Contig:130:83.0342:5p:1:3:147,Contig:67:89.6741:682,Contig:23:50.282:3p:1:7:245,Contig:16:68.9288:1314,Contig:96:65.594:5p:1:1:127,Contig:117:92.9933:2038,Contig:100:56.8268:27595,Contig:119:83.4148:8166,Contig:105:93.2034:3p:1:17:299,Contig:12:87.4985:1035,Contig:96:65.594:8831,Contig:37:74.0242:1057,Contig:11:104.672:5p:1:9:386,Contig:124:156.942:2238,Contig:26:120.583:5p:1:16:177,Contig:50:56.5805:289186,Contig:114:92.4808:5p:1:4:257,Contig:93:45.5388:2030,Contig:114:92.4808:5769,Contig:31:49.4288:13509,Contig:11:104.672:5p:1:2:147,Contig:54:87.6427:769,Contig:107:69.2847:3p:1:5:229,Contig:82:66.2942:3899,Contig:104:81.0927:5p:1:7:271,Contig:26:120.583:5p:1:7:1245,Contig:123:55.2394:5p:1:6:286,Contig:26:120.583:5p:1:20:304,Contig:62:83.3254:1202,Contig:34:71.7264:5p:1:4:442,Contig:75:53.4236:225209,Contig:129:122.527:960,Contig:6:56.3493:192502,Contig:42:94.677:572,Contig:51:70.9288:1367,Contig:105:93.2034:3p:1:14:147,Contig:34:71.7264:5p:1:3:442,Contig:34:71.7264:5p:1:6:147,Contig:23:50.282:96256,Contig:38:78.3823:8342,Contig:29:54.5799:71417,Contig:81:84.1311:635,Contig:106:56.6147:3p:1:24:411,Contig:11:104.672:3p:1:3:147,Contig:8:93.2272:1881,Contig:32:49.1149:18961,Contig:123:55.2394:5p:1:4:350,Contig:106:56.6147:3p:1:25:289,Contig:34:71.7264:5p:1:5:246,Contig:52:102.232:3p:1:3:323,Contig:49:74.0087:1803,Contig:106:56.6147:3p:1:21:167,Contig:63:796.419:805,Contig:26:120.583:5p:1:21:126,Contig:65:74.2019:2693,Contig:23:50.282:3p:1:4:316,Contig:123:55.2394:225572,Contig:57:76.3612:4016,Contig:84:60.0733:3p:1:2:535,Contig:33:86.8046:13886,Contig:26:120.583:5p:1:17:169,Contig:98:64.5293:5031,Contig:20:351.18:5p:1:15:254,Contig:105:93.2034:3p:1:15:243,Contig:118:51.9741:1603,Contig:105:93.2034:3p:1:11:147,Contig:32:49.1149:3p:1:3:147,Contig:20:351.18:5p:1:21:123,Contig:111:60.2096:13157,Contig:100:56.8268:3p:1:3:147,Contig:106:56.6147:3p:1:19:290,Contig:118:51.9741:5p:1:11:393,Contig:48:118.145:2703,Contig:118:51.9741:5p:1:6:444,Contig:63:796.419:3p:1:19:390,Contig:103:117.151:745,Contig:114:92.4808:5p:1:5:130,Contig:97:54.7936:260023,Contig:131:55.6929:87263,Contig:77:53.1841:1527,Contig:111:60.2096:5p:1:2:147,Contig:26:120.583:5p:1:13:178	5	-3.5351298167102514	16.37214595374033	0.6752598248522574	PBF_P16	Contig:80:69.0588:4362	4	0.0	0.1990737254928654	1.084983238031851	5	-3.6602363426290125	16.65670857579754	0.6752598248531285	Contig:130:83.0342:1484	0	False	0
ecol-SAMN08768111	PBF_P1	Contig:84:60.0733:46389,Contig:29:54.5799:5p:1:4:239,Contig:109:70.1545:8887,Contig:103:117.151:3p:1:2:600,Contig:79:60.2811:46115,Contig:55:53.4459:37463,Contig:20:351.18:5p:1:18:182,Contig:34:71.7264:3901,Contig:26:120.583:5p:1:12:310,Contig:39:54.5594:3p:1:5:500,Contig:28:56.7219:167825,Contig:87:70.3422:680,Contig:52:102.232:1440,Contig:130:83.0342:5p:1:3:147,Contig:67:89.6741:682,Contig:23:50.282:3p:1:7:245,Contig:16:68.9288:1314,Contig:96:65.594:5p:1:1:127,Contig:117:92.9933:2038,Contig:100:56.8268:27595,Contig:119:83.4148:8166,Contig:105:93.2034:3p:1:17:299,Contig:12:87.4985:1035,Contig:96:65.594:8831,Contig:37:74.0242:1057,Contig:11:104.672:5p:1:9:386,Contig:124:156.942:2238,Contig:26:120.583:5p:1:16:177,Contig:50:56.5805:289186,Contig:114:92.4808:5p:1:4:257,Contig:93:45.5388:2030,Contig:114:92.4808:5769,Contig:31:49.4288:13509,Contig:11:104.672:5p:1:2:147,Contig:54:87.6427:769,Contig:107:69.2847:3p:1:5:229,Contig:82:66.2942:3899,Contig:104:81.0927:5p:1:7:271,Contig:26:120.583:5p:1:7:1245,Contig:123:55.2394:5p:1:6:286,Contig:26:120.583:5p:1:20:304,Contig:62:83.3254:1202,Contig:34:71.7264:5p:1:4:442,Contig:75:53.4236:225209,Contig:129:122.527:960,Contig:6:56.3493:192502,Contig:42:94.677:572,Contig:51:70.9288:1367,Contig:105:93.2034:3p:1:14:147,Contig:34:71.7264:5p:1:3:442,Contig:34:71.7264:5p:1:6:147,Contig:23:50.282:96256,Contig:38:78.3823:8342,Contig:29:54.5799:71417,Contig:81:84.1311:635,Contig:106:56.6147:3p:1:24:411,Contig:11:104.672:3p:1:3:147,Contig:8:93.2272:1881,Contig:32:49.1149:18961,Contig:123:55.2394:5p:1:4:350,Contig:106:56.6147:3p:1:25:289,Contig:34:71.7264:5p:1:5:246,Contig:52:102.232:3p:1:3:323,Contig:49:74.0087:1803,Contig:106:56.6147:3p:1:21:167,Contig:63:796.419:805,Contig:26:120.583:5p:1:21:126,Contig:65:74.2019:2693,Contig:23:50.282:3p:1:4:316,Contig:123:55.2394:225572,Contig:57:76.3612:4016,Contig:84:60.0733:3p:1:2:535,Contig:33:86.8046:13886,Contig:26:120.583:5p:1:17:169,Contig:98:64.5293:5031,Contig:20:351.18:5p:1:15:254,Contig:105:93.2034:3p:1:15:243,Contig:118:51.9741:1603,Contig:105:93.2034:3p:1:11:147,Contig:32:49.1149:3p:1:3:147,Contig:20:351.18:5p:1:21:123,Contig:111:60.2096:13157,Contig:100:56.8268:3p:1:3:147,Contig:106:56.6147:3p:1:19:290,Contig:118:51.9741:5p:1:11:393,Contig:48:118.145:2703,Contig:118:51.9741:5p:1:6:444,Contig:63:796.419:3p:1:19:390,Contig:103:117.151:745,Contig:114:92.4808:5p:1:5:130,Contig:97:54.7936:260023,Contig:131:55.6929:87263,Contig:77:53.1841:1527,Contig:111:60.2096:5p:1:2:147,Contig:26:120.583:5p:1:13:178	5	-3.5351298167102514	16.37214595374033	0.6752598248522574	PBF_P17	Contig:2:33.9643:Circ:7769	4	0.0	0.49950813024240837	0.5911373523707915	0	0	0	0		1	False	0
ecol-SAMN08768111	PBF_P4	Contig:101:75.085:29892,Contig:111:60.2096:13157,Contig:34:71.7264:5p:1:6:147,Contig:79:60.2811:46115,Contig:100:56.8268:3p:1:3:147,Contig:34:71.7264:5p:1:5:246,Contig:34:71.7264:5p:1:4:442,Contig:34:71.7264:3901,Contig:116:69.0331:5227,Contig:124:156.942:2238	4	-0.13060021013787818	4.014204840867211	1.047950811099196	PBF_P5	Contig:18:57.356:1778,Contig:123:55.2394:5p:1:5:350,Contig:55:53.4459:37463,Contig:81:84.1311:635,Contig:105:93.2034:3p:1:15:243,Contig:8:93.2272:1881,Contig:71:55.0074:24300,Contig:32:49.1149:18961,Contig:10:85.2641:3p:1:11:262,Contig:41:55.2743:155656,Contig:26:120.583:5p:1:12:310,Contig:32:49.1149:3p:1:3:147,Contig:105:93.2034:3p:1:11:147,Contig:52:102.232:1440,Contig:107:69.2847:3p:1:5:229,Contig:26:120.583:5p:1:19:126,Contig:26:120.583:1639,Contig:91:75.3147:539,Contig:52:102.232:3p:1:3:323,Contig:26:120.583:5p:1:22:177,Contig:10:85.2641:3p:1:12:227,Contig:16:68.9288:1314,Contig:49:74.0087:1803,Contig:10:85.2641:3p:1:9:229,Contig:61:64.7061:4442,Contig:105:93.2034:3p:1:17:299,Contig:123:55.2394:5p:1:6:286,Contig:56:85.3787:1475,Contig:118:51.9741:5p:1:11:393,Contig:48:118.145:2703,Contig:26:120.583:5p:1:6:812,Contig:65:74.2019:2693,Contig:118:51.9741:5p:1:6:444,Contig:92:53.1152:43318,Contig:129:122.527:960,Contig:26:120.583:5p:1:16:177,Contig:105:93.2034:3p:1:14:147,Contig:26:120.583:5p:1:17:169,Contig:26:120.583:5p:1:13:178	5	-1.1819113771795682	4.715838666969045	0.6351472906061522	5	-3.0414385550876353	12.194008508869413	0.2871469306282961	Contig:119:83.4148:8166,Contig:25:54.9079:28329,Contig:29:54.5799:71417,Contig:75:53.4236:225209,Contig:7:62.6618:1047,Contig:106:56.6147:3p:1:14:167,Contig:106:56.6147:3p:1:19:290,Contig:106:56.6147:3p:1:21:167,Contig:106:56.6147:3p:1:24:411,Contig:106:56.6147:3p:1:25:289,Contig:111:60.2096:5p:1:2:147,Contig:20:351.18:5p:1:15:254,Contig:20:351.18:5p:1:16:124,Contig:20:351.18:5p:1:17:167,Contig:20:351.18:5p:1:18:182,Contig:20:351.18:5p:1:21:123,Contig:20:351.18:5p:1:34:126,Contig:20:351.18:5p:1:35:257,Contig:26:120.583:5p:1:7:1245,Contig:26:120.583:5p:1:8:175,Contig:26:120.583:5p:1:20:304,Contig:26:120.583:5p:1:21:126,Contig:29:54.5799:5p:1:4:239	0	False	0
ecol-SAMN08768111	PBF_P4	Contig:101:75.085:29892,Contig:111:60.2096:13157,Contig:34:71.7264:5p:1:6:147,Contig:79:60.2811:46115,Contig:100:56.8268:3p:1:3:147,Contig:34:71.7264:5p:1:5:246,Contig:34:71.7264:5p:1:4:442,Contig:34:71.7264:3901,Contig:116:69.0331:5227,Contig:124:156.942:2238	4	-0.13060021013787818	4.014204840867211	1.047950811099196	PBF_P6	Contig:18:57.356:1778,Contig:105:93.2034:3p:1:8:542,Contig:123:55.2394:5p:1:5:350,Contig:55:53.4459:37463,Contig:105:93.2034:3p:1:5:147,Contig:71:55.0074:24300,Contig:41:55.2743:155656,Contig:32:49.1149:18961,Contig:10:85.2641:3p:1:11:262,Contig:105:93.2034:3p:1:11:147,Contig:32:49.1149:3p:1:3:147,Contig:107:69.2847:3p:1:5:229,Contig:52:102.232:1440,Contig:26:120.583:5p:1:19:126,Contig:105:93.2034:3p:1:13:456,Contig:26:120.583:1639,Contig:91:75.3147:539,Contig:52:102.232:3p:1:3:323,Contig:26:120.583:5p:1:22:177,Contig:10:85.2641:3p:1:12:227,Contig:16:68.9288:1314,Contig:10:85.2641:3p:1:9:229,Contig:61:64.7061:4442,Contig:105:93.2034:3p:1:6:179,Contig:123:55.2394:5p:1:6:286,Contig:56:85.3787:1475,Contig:107:69.2847:2460,Contig:118:51.9741:5p:1:11:393,Contig:48:118.145:2703,Contig:26:120.583:5p:1:6:812,Contig:118:51.9741:5p:1:6:444,Contig:92:53.1152:43318,Contig:129:122.527:960,Contig:26:120.583:5p:1:16:177	5	-1.141121316911857	3.457183671390578	0.6351472906061522	5	-3.000648494819924	10.935353513290941	0.2871469306282961	Contig:119:83.4148:8166,Contig:25:54.9079:28329,Contig:29:54.5799:71417,Contig:75:53.4236:225209,Contig:7:62.6618:1047,Contig:106:56.6147:3p:1:14:167,Contig:106:56.6147:3p:1:19:290,Contig:106:56.6147:3p:1:21:167,Contig:106:56.6147:3p:1:24:411,Contig:106:56.6147:3p:1:25:289,Contig:111:60.2096:5p:1:2:147,Contig:20:351.18:5p:1:15:254,Contig:20:351.18:5p:1:16:124,Contig:20:351.18:5p:1:17:167,Contig:20:351.18:5p:1:18:182,Contig:20:351.18:5p:1:21:123,Contig:20:351.18:5p:1:34:126,Contig:20:351.18:5p:1:35:257,Contig:26:120.583:5p:1:7:1245,Contig:26:120.583:5p:1:8:175,Contig:26:120.583:5p:1:20:304,Contig:26:120.583:5p:1:21:126,Contig:29:54.5799:5p:1:4:239	0	False	0
ecol-SAMN08768111	PBF_P4	Contig:101:75.085:29892,Contig:111:60.2096:13157,Contig:34:71.7264:5p:1:6:147,Contig:79:60.2811:46115,Contig:100:56.8268:3p:1:3:147,Contig:34:71.7264:5p:1:5:246,Contig:34:71.7264:5p:1:4:442,Contig:34:71.7264:3901,Contig:116:69.0331:5227,Contig:124:156.942:2238	4	-0.13060021013787818	4.014204840867211	1.047950811099196	PBF_P7	Contig:86:72.6209:680,Contig:79:60.2811:46115,Contig:114:92.4808:5769,Contig:11:104.672:3p:1:3:147,Contig:11:104.672:5p:1:2:147,Contig:54:87.6427:769,Contig:130:83.0342:5p:1:3:147,Contig:121:83.8192:1202,Contig:104:81.0927:5p:1:7:271,Contig:23:50.282:3p:1:7:245,Contig:34:71.7264:5p:1:5:246,Contig:111:60.2096:13157,Contig:63:796.419:805,Contig:12:87.4985:1035,Contig:34:71.7264:5p:1:4:442,Contig:11:104.672:5p:1:9:386,Contig:23:50.282:3p:1:4:316,Contig:63:796.419:3p:1:19:390,Contig:57:76.3612:4016,Contig:42:94.677:572,Contig:97:54.7936:260023,Contig:33:86.8046:13886,Contig:34:71.7264:5p:1:6:147,Contig:23:50.282:96256	4	-0.7678128811034963	3.889727057193565	0.6983561791748804	4	-2.3594722912808574	11.040373955957781	0.1118606755444489	Contig:119:83.4148:8166,Contig:15:129.869:1170,Contig:25:54.9079:28329,Contig:39:54.5594:21343,Contig:66:72.8297:1856,Contig:75:53.4236:225209,Contig:7:62.6618:1047,Contig:88:69.6115:1367,Contig:95:56.3009:99106,Contig:106:56.6147:3p:1:14:167,Contig:106:56.6147:3p:1:19:290,Contig:106:56.6147:3p:1:21:167,Contig:106:56.6147:3p:1:24:411,Contig:106:56.6147:3p:1:25:289,Contig:111:60.2096:5p:1:2:147,Contig:114:92.4808:5p:1:4:257,Contig:114:92.4808:5p:1:5:130,Contig:114:92.4808:5p:1:6:130,Contig:20:351.18:5p:1:15:254,Contig:20:351.18:5p:1:16:124,Contig:20:351.18:5p:1:17:167,Contig:20:351.18:5p:1:18:182,Contig:20:351.18:5p:1:21:123,Contig:20:351.18:5p:1:34:126,Contig:20:351.18:5p:1:35:257,Contig:29:54.5799:5p:1:8:239,Contig:39:54.5594:3p:1:5:500	0	True	0
ecol-SAMN08768111	PBF_P4	Contig:101:75.085:29892,Contig:111:60.2096:13157,Contig:34:71.7264:5p:1:6:147,Contig:79:60.2811:46115,Contig:100:56.8268:3p:1:3:147,Contig:34:71.7264:5p:1:5:246,Contig:34:71.7264:5p:1:4:442,Contig:34:71.7264:3901,Contig:116:69.0331:5227,Contig:124:156.942:2238	4	0	0	0	PBF_P8	Contig:101:75.085:29892,Contig:100:56.8268:3p:1:3:147,Contig:116:69.0331:5227,Contig:124:156.942:2238	4	0	0	0	0	0	0	0	[]	0	1	1
ecol-SAMN08768111	PBF_P4	Contig:101:75.085:29892,Contig:111:60.2096:13157,Contig:34:71.7264:5p:1:6:147,Contig:79:60.2811:46115,Contig:100:56.8268:3p:1:3:147,Contig:34:71.7264:5p:1:5:246,Contig:34:71.7264:5p:1:4:442,Contig:34:71.7264:3901,Contig:116:69.0331:5227,Contig:124:156.942:2238	4	-0.13060021013787818	4.014204840867211	1.047950811099196	PBF_P9	Contig:26:120.583:5p:1:19:126,Contig:26:120.583:1639,Contig:48:118.145:2703,Contig:26:120.583:5p:1:6:812,Contig:26:120.583:5p:1:22:177	5	0.0	1.8095914245763338	1.0896848545426465	5	-1.8595271779080673	9.287761266476696	0.28714693062086954	Contig:119:83.4148:8166,Contig:25:54.9079:28329,Contig:29:54.5799:71417,Contig:75:53.4236:225209,Contig:7:62.6618:1047,Contig:106:56.6147:3p:1:14:167,Contig:106:56.6147:3p:1:19:290,Contig:106:56.6147:3p:1:21:167,Contig:106:56.6147:3p:1:24:411,Contig:106:56.6147:3p:1:25:289,Contig:111:60.2096:5p:1:2:147,Contig:20:351.18:5p:1:15:254,Contig:20:351.18:5p:1:16:124,Contig:20:351.18:5p:1:17:167,Contig:20:351.18:5p:1:18:182,Contig:20:351.18:5p:1:21:123,Contig:20:351.18:5p:1:34:126,Contig:20:351.18:5p:1:35:257,Contig:26:120.583:5p:1:7:1245,Contig:26:120.583:5p:1:8:175,Contig:26:120.583:5p:1:20:304,Contig:26:120.583:5p:1:21:126,Contig:29:54.5799:5p:1:4:239	0	False	0
ecol-SAMN08768111	PBF_P4	Contig:101:75.085:29892,Contig:111:60.2096:13157,Contig:34:71.7264:5p:1:6:147,Contig:79:60.2811:46115,Contig:100:56.8268:3p:1:3:147,Contig:34:71.7264:5p:1:5:246,Contig:34:71.7264:5p:1:4:442,Contig:34:71.7264:3901,Contig:116:69.0331:5227,Contig:124:156.942:2238	4	-0.13060021013787818	4.014204840867211	1.047950811099196	PBF_P10	Contig:111:60.2096:13157,Contig:57:76.3612:4016,Contig:79:60.2811:46115,Contig:34:71.7264:5p:1:5:246,Contig:34:71.7264:5p:1:4:442,Contig:34:71.7264:5p:1:6:147	4	-0.11176009489460118	2.2435689859451524	1.047950811099196	4	-0.24236030503247935	6.749909304671515	1.047950811100236	Contig:34:71.7264:5p:1:3:442	0	True	0
ecol-SAMN08768111	PBF_P4	Contig:101:75.085:29892,Contig:111:60.2096:13157,Contig:34:71.7264:5p:1:6:147,Contig:79:60.2811:46115,Contig:100:56.8268:3p:1:3:147,Contig:34:71.7264:5p:1:5:246,Contig:34:71.7264:5p:1:4:442,Contig:34:71.7264:3901,Contig:116:69.0331:5227,Contig:124:156.942:2238	4	-0.13060021013787818	4.014204840867211	1.047950811099196	PBF_P11	Contig:35:55.0676:7375,Contig:106:56.6147:3p:1:25:289,Contig:106:56.6147:3p:1:21:167,Contig:19:56.0686:16155,Contig:63:796.419:3p:1:19:390,Contig:63:796.419:805,Contig:74:53.3381:17368,Contig:106:56.6147:3p:1:19:290,Contig:106:56.6147:3p:1:24:411,Contig:20:351.18:5p:1:21:123,Contig:20:351.18:5p:1:18:182,Contig:20:351.18:5p:1:15:254	4	-0.476178796258673	1.7699586423098106	0.9280583130225784	4	-0.6067790063965511	6.733676622608873	0.6772111745212896	Contig:119:83.4148:8166,Contig:111:60.2096:5p:1:2:147	0	False	0
ecol-SAMN08768111	PBF_P4	Contig:101:75.085:29892,Contig:111:60.2096:13157,Contig:34:71.7264:5p:1:6:147,Contig:79:60.2811:46115,Contig:100:56.8268:3p:1:3:147,Contig:34:71.7264:5p:1:5:246,Contig:34:71.7264:5p:1:4:442,Contig:34:71.7264:3901,Contig:116:69.0331:5227,Contig:124:156.942:2238	4	-0.13060021013787818	4.014204840867211	1.047950811099196	PBF_P12	Contig:38:78.3823:8342,Contig:100:56.8268:27595,Contig:100:56.8268:3p:1:3:147,Contig:124:156.942:2238	4	-0.04107025077825538	1.8868341596157512	0.9671055176733931	4	-0.17167046091613355	6.358535398590308	0.9671055176731898	Contig:111:60.2096:5p:1:2:147	0	True	0
ecol-SAMN08768111	PBF_P4	Contig:101:75.085:29892,Contig:111:60.2096:13157,Contig:34:71.7264:5p:1:6:147,Contig:79:60.2811:46115,Contig:100:56.8268:3p:1:3:147,Contig:34:71.7264:5p:1:5:246,Contig:34:71.7264:5p:1:4:442,Contig:34:71.7264:3901,Contig:116:69.0331:5227,Contig:124:156.942:2238	4	-0.13060021013787818	4.014204840867211	1.047950811099196	PBF_P13	Contig:72:74.9032:3636,Contig:103:117.151:745,Contig:89:85.7834:600	5	-0.10411512454503194	0.9748500735735142	0.8703975726711812	4	-0.4176196320966316	4.074350073156443	0.6772111745212896	Contig:102:53.468:57808,Contig:119:83.4148:8166,Contig:47:54.1218:178109,Contig:85:56.0699:74452,Contig:106:56.6147:3p:1:24:411,Contig:111:60.2096:5p:1:2:147,Contig:63:796.419:3p:1:19:390	0	False	0
ecol-SAMN08768111	PBF_P4	Contig:101:75.085:29892,Contig:111:60.2096:13157,Contig:34:71.7264:5p:1:6:147,Contig:79:60.2811:46115,Contig:100:56.8268:3p:1:3:147,Contig:34:71.7264:5p:1:5:246,Contig:34:71.7264:5p:1:4:442,Contig:34:71.7264:3901,Contig:116:69.0331:5227,Contig:124:156.942:2238	4	-0.13060021013787818	4.014204840867211	1.047950811099196	PBF_P14	Contig:86:72.6209:680,Contig:11:104.672:959,Contig:121:83.8192:1202,Contig:114:92.4808:5769,Contig:33:86.8046:13886,Contig:11:104.672:3p:1:3:147,Contig:11:104.672:5p:1:2:147	5	-0.1016752499706351	1.2733791129668854	0.6983561791748804	5	-1.9662243074266186	8.424026011731101	0.1118606755444489	Contig:119:83.4148:8166,Contig:15:129.869:1170,Contig:25:54.9079:28329,Contig:39:54.5594:21343,Contig:66:72.8297:1856,Contig:75:53.4236:225209,Contig:7:62.6618:1047,Contig:88:69.6115:1367,Contig:95:56.3009:99106,Contig:106:56.6147:3p:1:14:167,Contig:106:56.6147:3p:1:19:290,Contig:106:56.6147:3p:1:21:167,Contig:106:56.6147:3p:1:24:411,Contig:106:56.6147:3p:1:25:289,Contig:111:60.2096:5p:1:2:147,Contig:114:92.4808:5p:1:4:257,Contig:114:92.4808:5p:1:5:130,Contig:114:92.4808:5p:1:6:130,Contig:20:351.18:5p:1:15:254,Contig:20:351.18:5p:1:16:124,Contig:20:351.18:5p:1:17:167,Contig:20:351.18:5p:1:18:182,Contig:20:351.18:5p:1:21:123,Contig:20:351.18:5p:1:34:126,Contig:20:351.18:5p:1:35:257,Contig:29:54.5799:5p:1:8:239,Contig:39:54.5594:3p:1:5:500	0	False	0
ecol-SAMN08768111	PBF_P4	Contig:101:75.085:29892,Contig:111:60.2096:13157,Contig:34:71.7264:5p:1:6:147,Contig:79:60.2811:46115,Contig:100:56.8268:3p:1:3:147,Contig:34:71.7264:5p:1:5:246,Contig:34:71.7264:5p:1:4:442,Contig:34:71.7264:3901,Contig:116:69.0331:5227,Contig:124:156.942:2238	4	-0.13060021013787818	4.014204840867211	1.047950811099196	PBF_P15	Contig:1:53.0403:Circ:7117	4	0.0	0.4979139091513832	0.9516111092205286	0	0	0	0		1	False	0
ecol-SAMN08768111	PBF_P4	Contig:101:75.085:29892,Contig:111:60.2096:13157,Contig:34:71.7264:5p:1:6:147,Contig:79:60.2811:46115,Contig:100:56.8268:3p:1:3:147,Contig:34:71.7264:5p:1:5:246,Contig:34:71.7264:5p:1:4:442,Contig:34:71.7264:3901,Contig:116:69.0331:5227,Contig:124:156.942:2238	4	-0.13060021013787818	4.014204840867211	1.047950811099196	PBF_P16	Contig:80:69.0588:4362	4	0.0	0.1990737254928654	1.084983238031851	0	0	0	0		1	False	0
ecol-SAMN08768111	PBF_P4	Contig:101:75.085:29892,Contig:111:60.2096:13157,Contig:34:71.7264:5p:1:6:147,Contig:79:60.2811:46115,Contig:100:56.8268:3p:1:3:147,Contig:34:71.7264:5p:1:5:246,Contig:34:71.7264:5p:1:4:442,Contig:34:71.7264:3901,Contig:116:69.0331:5227,Contig:124:156.942:2238	4	-0.13060021013787818	4.014204840867211	1.047950811099196	PBF_P17	Contig:2:33.9643:Circ:7769	4	0.0	0.49950813024240837	0.5911373523707915	0	0	0	0		1	False	0
ecol-SAMN08768111	PBF_P5	Contig:18:57.356:1778,Contig:123:55.2394:5p:1:5:350,Contig:55:53.4459:37463,Contig:81:84.1311:635,Contig:105:93.2034:3p:1:15:243,Contig:8:93.2272:1881,Contig:71:55.0074:24300,Contig:32:49.1149:18961,Contig:10:85.2641:3p:1:11:262,Contig:41:55.2743:155656,Contig:26:120.583:5p:1:12:310,Contig:32:49.1149:3p:1:3:147,Contig:105:93.2034:3p:1:11:147,Contig:52:102.232:1440,Contig:107:69.2847:3p:1:5:229,Contig:26:120.583:5p:1:19:126,Contig:26:120.583:1639,Contig:91:75.3147:539,Contig:52:102.232:3p:1:3:323,Contig:26:120.583:5p:1:22:177,Contig:10:85.2641:3p:1:12:227,Contig:16:68.9288:1314,Contig:49:74.0087:1803,Contig:10:85.2641:3p:1:9:229,Contig:61:64.7061:4442,Contig:105:93.2034:3p:1:17:299,Contig:123:55.2394:5p:1:6:286,Contig:56:85.3787:1475,Contig:118:51.9741:5p:1:11:393,Contig:48:118.145:2703,Contig:26:120.583:5p:1:6:812,Contig:65:74.2019:2693,Contig:118:51.9741:5p:1:6:444,Contig:92:53.1152:43318,Contig:129:122.527:960,Contig:26:120.583:5p:1:16:177,Contig:105:93.2034:3p:1:14:147,Contig:26:120.583:5p:1:17:169,Contig:26:120.583:5p:1:13:178	5	-1.1819113771795682	4.715838666969045	0.6351472906061522	PBF_P6	Contig:18:57.356:1778,Contig:105:93.2034:3p:1:8:542,Contig:123:55.2394:5p:1:5:350,Contig:55:53.4459:37463,Contig:105:93.2034:3p:1:5:147,Contig:71:55.0074:24300,Contig:41:55.2743:155656,Contig:32:49.1149:18961,Contig:10:85.2641:3p:1:11:262,Contig:105:93.2034:3p:1:11:147,Contig:32:49.1149:3p:1:3:147,Contig:107:69.2847:3p:1:5:229,Contig:52:102.232:1440,Contig:26:120.583:5p:1:19:126,Contig:105:93.2034:3p:1:13:456,Contig:26:120.583:1639,Contig:91:75.3147:539,Contig:52:102.232:3p:1:3:323,Contig:26:120.583:5p:1:22:177,Contig:10:85.2641:3p:1:12:227,Contig:16:68.9288:1314,Contig:10:85.2641:3p:1:9:229,Contig:61:64.7061:4442,Contig:105:93.2034:3p:1:6:179,Contig:123:55.2394:5p:1:6:286,Contig:56:85.3787:1475,Contig:107:69.2847:2460,Contig:118:51.9741:5p:1:11:393,Contig:48:118.145:2703,Contig:26:120.583:5p:1:6:812,Contig:118:51.9741:5p:1:6:444,Contig:92:53.1152:43318,Contig:129:122.527:960,Contig:26:120.583:5p:1:16:177	5	-1.141121316911857	3.457183671390578	0.6351472906061522	5	-2.323032694091425	9.184648514729728	0.4483789812493342	Contig:26:120.583:5p:1:7:1245,Contig:26:120.583:5p:1:8:175,Contig:26:120.583:5p:1:20:304,Contig:26:120.583:5p:1:21:126	0	True	0
ecol-SAMN08768111	PBF_P5	Contig:18:57.356:1778,Contig:123:55.2394:5p:1:5:350,Contig:55:53.4459:37463,Contig:81:84.1311:635,Contig:105:93.2034:3p:1:15:243,Contig:8:93.2272:1881,Contig:71:55.0074:24300,Contig:32:49.1149:18961,Contig:10:85.2641:3p:1:11:262,Contig:41:55.2743:155656,Contig:26:120.583:5p:1:12:310,Contig:32:49.1149:3p:1:3:147,Contig:105:93.2034:3p:1:11:147,Contig:52:102.232:1440,Contig:107:69.2847:3p:1:5:229,Contig:26:120.583:5p:1:19:126,Contig:26:120.583:1639,Contig:91:75.3147:539,Contig:52:102.232:3p:1:3:323,Contig:26:120.583:5p:1:22:177,Contig:10:85.2641:3p:1:12:227,Contig:16:68.9288:1314,Contig:49:74.0087:1803,Contig:10:85.2641:3p:1:9:229,Contig:61:64.7061:4442,Contig:105:93.2034:3p:1:17:299,Contig:123:55.2394:5p:1:6:286,Contig:56:85.3787:1475,Contig:118:51.9741:5p:1:11:393,Contig:48:118.145:2703,Contig:26:120.583:5p:1:6:812,Contig:65:74.2019:2693,Contig:118:51.9741:5p:1:6:444,Contig:92:53.1152:43318,Contig:129:122.527:960,Contig:26:120.583:5p:1:16:177,Contig:105:93.2034:3p:1:14:147,Contig:26:120.583:5p:1:17:169,Contig:26:120.583:5p:1:13:178	5	-1.1819113771795682	4.715838666969045	0.6351472906061522	PBF_P7	Contig:86:72.6209:680,Contig:79:60.2811:46115,Contig:114:92.4808:5769,Contig:11:104.672:3p:1:3:147,Contig:11:104.672:5p:1:2:147,Contig:54:87.6427:769,Contig:130:83.0342:5p:1:3:147,Contig:121:83.8192:1202,Contig:104:81.0927:5p:1:7:271,Contig:23:50.282:3p:1:7:245,Contig:34:71.7264:5p:1:5:246,Contig:111:60.2096:13157,Contig:63:796.419:805,Contig:12:87.4985:1035,Contig:34:71.7264:5p:1:4:442,Contig:11:104.672:5p:1:9:386,Contig:23:50.282:3p:1:4:316,Contig:63:796.419:3p:1:19:390,Contig:57:76.3612:4016,Contig:42:94.677:572,Contig:97:54.7936:260023,Contig:33:86.8046:13886,Contig:34:71.7264:5p:1:6:147,Contig:23:50.282:96256	4	-0.7678128811034963	3.889727057193565	0.6983561791748804	5	-3.3146373419942536	12.069530725195758	0.2871469306282961	Contig:119:83.4148:8166,Contig:25:54.9079:28329,Contig:29:54.5799:71417,Contig:75:53.4236:225209,Contig:7:62.6618:1047,Contig:106:56.6147:3p:1:14:167,Contig:106:56.6147:3p:1:19:290,Contig:106:56.6147:3p:1:21:167,Contig:106:56.6147:3p:1:24:411,Contig:106:56.6147:3p:1:25:289,Contig:111:60.2096:5p:1:2:147,Contig:20:351.18:5p:1:15:254,Contig:20:351.18:5p:1:16:124,Contig:20:351.18:5p:1:17:167,Contig:20:351.18:5p:1:18:182,Contig:20:351.18:5p:1:21:123,Contig:20:351.18:5p:1:34:126,Contig:20:351.18:5p:1:35:257,Contig:26:120.583:5p:1:7:1245,Contig:26:120.583:5p:1:8:175,Contig:26:120.583:5p:1:20:304,Contig:26:120.583:5p:1:21:126,Contig:29:54.5799:5p:1:4:239	0	False	0
ecol-SAMN08768111	PBF_P5	Contig:18:57.356:1778,Contig:123:55.2394:5p:1:5:350,Contig:55:53.4459:37463,Contig:81:84.1311:635,Contig:105:93.2034:3p:1:15:243,Contig:8:93.2272:1881,Contig:71:55.0074:24300,Contig:32:49.1149:18961,Contig:10:85.2641:3p:1:11:262,Contig:41:55.2743:155656,Contig:26:120.583:5p:1:12:310,Contig:32:49.1149:3p:1:3:147,Contig:105:93.2034:3p:1:11:147,Contig:52:102.232:1440,Contig:107:69.2847:3p:1:5:229,Contig:26:120.583:5p:1:19:126,Contig:26:120.583:1639,Contig:91:75.3147:539,Contig:52:102.232:3p:1:3:323,Contig:26:120.583:5p:1:22:177,Contig:10:85.2641:3p:1:12:227,Contig:16:68.9288:1314,Contig:49:74.0087:1803,Contig:10:85.2641:3p:1:9:229,Contig:61:64.7061:4442,Contig:105:93.2034:3p:1:17:299,Contig:123:55.2394:5p:1:6:286,Contig:56:85.3787:1475,Contig:118:51.9741:5p:1:11:393,Contig:48:118.145:2703,Contig:26:120.583:5p:1:6:812,Contig:65:74.2019:2693,Contig:118:51.9741:5p:1:6:444,Contig:92:53.1152:43318,Contig:129:122.527:960,Contig:26:120.583:5p:1:16:177,Contig:105:93.2034:3p:1:14:147,Contig:26:120.583:5p:1:17:169,Contig:26:120.583:5p:1:13:178	5	-1.1819113771795682	4.715838666969045	0.6351472906061522	PBF_P8	Contig:101:75.085:29892,Contig:100:56.8268:3p:1:3:147,Contig:116:69.0331:5227,Contig:124:156.942:2238	4	-0.018840115243277	1.752308468499745	1.2093882108478837	0	0	0	0		1	False	0
ecol-SAMN08768111	PBF_P5	Contig:18:57.356:1778,Contig:123:55.2394:5p:1:5:350,Contig:55:53.4459:37463,Contig:81:84.1311:635,Contig:105:93.2034:3p:1:15:243,Contig:8:93.2272:1881,Contig:71:55.0074:24300,Contig:32:49.1149:18961,Contig:10:85.2641:3p:1:11:262,Contig:41:55.2743:155656,Contig:26:120.583:5p:1:12:310,Contig:32:49.1149:3p:1:3:147,Contig:105:93.2034:3p:1:11:147,Contig:52:102.232:1440,Contig:107:69.2847:3p:1:5:229,Contig:26:120.583:5p:1:19:126,Contig:26:120.583:1639,Contig:91:75.3147:539,Contig:52:102.232:3p:1:3:323,Contig:26:120.583:5p:1:22:177,Contig:10:85.2641:3p:1:12:227,Contig:16:68.9288:1314,Contig:49:74.0087:1803,Contig:10:85.2641:3p:1:9:229,Contig:61:64.7061:4442,Contig:105:93.2034:3p:1:17:299,Contig:123:55.2394:5p:1:6:286,Contig:56:85.3787:1475,Contig:118:51.9741:5p:1:11:393,Contig:48:118.145:2703,Contig:26:120.583:5p:1:6:812,Contig:65:74.2019:2693,Contig:118:51.9741:5p:1:6:444,Contig:92:53.1152:43318,Contig:129:122.527:960,Contig:26:120.583:5p:1:16:177,Contig:105:93.2034:3p:1:14:147,Contig:26:120.583:5p:1:17:169,Contig:26:120.583:5p:1:13:178	5	0	0	0	PBF_P9	Contig:26:120.583:5p:1:19:126,Contig:26:120.583:1639,Contig:48:118.145:2703,Contig:26:120.583:5p:1:6:812,Contig:26:120.583:5p:1:22:177	5	0	0	0	0	0	0	0	[]	0	1	1
ecol-SAMN08768111	PBF_P5	Contig:18:57.356:1778,Contig:123:55.2394:5p:1:5:350,Contig:55:53.4459:37463,Contig:81:84.1311:635,Contig:105:93.2034:3p:1:15:243,Contig:8:93.2272:1881,Contig:71:55.0074:24300,Contig:32:49.1149:18961,Contig:10:85.2641:3p:1:11:262,Contig:41:55.2743:155656,Contig:26:120.583:5p:1:12:310,Contig:32:49.1149:3p:1:3:147,Contig:105:93.2034:3p:1:11:147,Contig:52:102.232:1440,Contig:107:69.2847:3p:1:5:229,Contig:26:120.583:5p:1:19:126,Contig:26:120.583:1639,Contig:91:75.3147:539,Contig:52:102.232:3p:1:3:323,Contig:26:120.583:5p:1:22:177,Contig:10:85.2641:3p:1:12:227,Contig:16:68.9288:1314,Contig:49:74.0087:1803,Contig:10:85.2641:3p:1:9:229,Contig:61:64.7061:4442,Contig:105:93.2034:3p:1:17:299,Contig:123:55.2394:5p:1:6:286,Contig:56:85.3787:1475,Contig:118:51.9741:5p:1:11:393,Contig:48:118.145:2703,Contig:26:120.583:5p:1:6:812,Contig:65:74.2019:2693,Contig:118:51.9741:5p:1:6:444,Contig:92:53.1152:43318,Contig:129:122.527:960,Contig:26:120.583:5p:1:16:177,Contig:105:93.2034:3p:1:14:147,Contig:26:120.583:5p:1:17:169,Contig:26:120.583:5p:1:13:178	5	-1.1819113771795682	4.715838666969045	0.6351472906061522	PBF_P10	Contig:111:60.2096:13157,Contig:57:76.3612:4016,Contig:79:60.2811:46115,Contig:34:71.7264:5p:1:5:246,Contig:34:71.7264:5p:1:4:442,Contig:34:71.7264:5p:1:6:147	4	-0.11176009489460118	2.2435689859451524	1.047950811099196	5	-2.7847972562111662	10.423372653947347	0.2871469306282961	Contig:119:83.4148:8166,Contig:25:54.9079:28329,Contig:29:54.5799:71417,Contig:75:53.4236:225209,Contig:7:62.6618:1047,Contig:106:56.6147:3p:1:14:167,Contig:106:56.6147:3p:1:19:290,Contig:106:56.6147:3p:1:21:167,Contig:106:56.6147:3p:1:24:411,Contig:106:56.6147:3p:1:25:289,Contig:111:60.2096:5p:1:2:147,Contig:20:351.18:5p:1:15:254,Contig:20:351.18:5p:1:16:124,Contig:20:351.18:5p:1:17:167,Contig:20:351.18:5p:1:18:182,Contig:20:351.18:5p:1:21:123,Contig:20:351.18:5p:1:34:126,Contig:20:351.18:5p:1:35:257,Contig:26:120.583:5p:1:7:1245,Contig:26:120.583:5p:1:8:175,Contig:26:120.583:5p:1:20:304,Contig:26:120.583:5p:1:21:126,Contig:29:54.5799:5p:1:4:239	0	False	0
ecol-SAMN08768111	PBF_P5	Contig:18:57.356:1778,Contig:123:55.2394:5p:1:5:350,Contig:55:53.4459:37463,Contig:81:84.1311:635,Contig:105:93.2034:3p:1:15:243,Contig:8:93.2272:1881,Contig:71:55.0074:24300,Contig:32:49.1149:18961,Contig:10:85.2641:3p:1:11:262,Contig:41:55.2743:155656,Contig:26:120.583:5p:1:12:310,Contig:32:49.1149:3p:1:3:147,Contig:105:93.2034:3p:1:11:147,Contig:52:102.232:1440,Contig:107:69.2847:3p:1:5:229,Contig:26:120.583:5p:1:19:126,Contig:26:120.583:1639,Contig:91:75.3147:539,Contig:52:102.232:3p:1:3:323,Contig:26:120.583:5p:1:22:177,Contig:10:85.2641:3p:1:12:227,Contig:16:68.9288:1314,Contig:49:74.0087:1803,Contig:10:85.2641:3p:1:9:229,Contig:61:64.7061:4442,Contig:105:93.2034:3p:1:17:299,Contig:123:55.2394:5p:1:6:286,Contig:56:85.3787:1475,Contig:118:51.9741:5p:1:11:393,Contig:48:118.145:2703,Contig:26:120.583:5p:1:6:812,Contig:65:74.2019:2693,Contig:118:51.9741:5p:1:6:444,Contig:92:53.1152:43318,Contig:129:122.527:960,Contig:26:120.583:5p:1:16:177,Contig:105:93.2034:3p:1:14:147,Contig:26:120.583:5p:1:17:169,Contig:26:120.583:5p:1:13:178	5	-1.1819113771795682	4.715838666969045	0.6351472906061522	PBF_P11	Contig:35:55.0676:7375,Contig:106:56.6147:3p:1:25:289,Contig:106:56.6147:3p:1:21:167,Contig:19:56.0686:16155,Contig:63:796.419:3p:1:19:390,Contig:63:796.419:805,Contig:74:53.3381:17368,Contig:106:56.6147:3p:1:19:290,Contig:106:56.6147:3p:1:24:411,Contig:20:351.18:5p:1:21:123,Contig:20:351.18:5p:1:18:182,Contig:20:351.18:5p:1:15:254	4	-0.476178796258673	1.7699586423098106	0.9280583130225784	5	-1.932376016638648	6.815579258688491	0.2871469306282961	Contig:29:54.5799:71417,Contig:75:53.4236:225209,Contig:26:120.583:5p:1:7:1245,Contig:26:120.583:5p:1:8:175,Contig:26:120.583:5p:1:20:304,Contig:26:120.583:5p:1:21:126,Contig:29:54.5799:5p:1:4:239	0	False	0
ecol-SAMN08768111	PBF_P5	Contig:18:57.356:1778,Contig:123:55.2394:5p:1:5:350,Contig:55:53.4459:37463,Contig:81:84.1311:635,Contig:105:93.2034:3p:1:15:243,Contig:8:93.2272:1881,Contig:71:55.0074:24300,Contig:32:49.1149:18961,Contig:10:85.2641:3p:1:11:262,Contig:41:55.2743:155656,Contig:26:120.583:5p:1:12:310,Contig:32:49.1149:3p:1:3:147,Contig:105:93.2034:3p:1:11:147,Contig:52:102.232:1440,Contig:107:69.2847:3p:1:5:229,Contig:26:120.583:5p:1:19:126,Contig:26:120.583:1639,Contig:91:75.3147:539,Contig:52:102.232:3p:1:3:323,Contig:26:120.583:5p:1:22:177,Contig:10:85.2641:3p:1:12:227,Contig:16:68.9288:1314,Contig:49:74.0087:1803,Contig:10:85.2641:3p:1:9:229,Contig:61:64.7061:4442,Contig:105:93.2034:3p:1:17:299,Contig:123:55.2394:5p:1:6:286,Contig:56:85.3787:1475,Contig:118:51.9741:5p:1:11:393,Contig:48:118.145:2703,Contig:26:120.583:5p:1:6:812,Contig:65:74.2019:2693,Contig:118:51.9741:5p:1:6:444,Contig:92:53.1152:43318,Contig:129:122.527:960,Contig:26:120.583:5p:1:16:177,Contig:105:93.2034:3p:1:14:147,Contig:26:120.583:5p:1:17:169,Contig:26:120.583:5p:1:13:178	5	-1.1819113771795682	4.715838666969045	0.6351472906061522	PBF_P12	Contig:38:78.3823:8342,Contig:100:56.8268:27595,Contig:100:56.8268:3p:1:3:147,Contig:124:156.942:2238	4	-0.04107025077825538	1.8868341596157512	0.9671055176733931	5	-2.555645239932344	10.06663782761795	0.2871510490711655	Contig:119:83.4148:8166,Contig:25:54.9079:28329,Contig:29:54.5799:71417,Contig:75:53.4236:225209,Contig:7:62.6618:1047,Contig:106:56.6147:3p:1:14:167,Contig:106:56.6147:3p:1:19:290,Contig:106:56.6147:3p:1:21:167,Contig:106:56.6147:3p:1:24:411,Contig:106:56.6147:3p:1:25:289,Contig:111:60.2096:5p:1:2:147,Contig:20:351.18:5p:1:15:254,Contig:20:351.18:5p:1:16:124,Contig:20:351.18:5p:1:17:167,Contig:20:351.18:5p:1:18:182,Contig:20:351.18:5p:1:21:123,Contig:20:351.18:5p:1:34:126,Contig:20:351.18:5p:1:35:257,Contig:26:120.583:5p:1:7:1245,Contig:26:120.583:5p:1:8:175,Contig:26:120.583:5p:1:20:304,Contig:26:120.583:5p:1:21:126,Contig:29:54.5799:5p:1:4:239	0	False	0
ecol-SAMN08768111	PBF_P5	Contig:18:57.356:1778,Contig:123:55.2394:5p:1:5:350,Contig:55:53.4459:37463,Contig:81:84.1311:635,Contig:105:93.2034:3p:1:15:243,Contig:8:93.2272:1881,Contig:71:55.0074:24300,Contig:32:49.1149:18961,Contig:10:85.2641:3p:1:11:262,Contig:41:55.2743:155656,Contig:26:120.583:5p:1:12:310,Contig:32:49.1149:3p:1:3:147,Contig:105:93.2034:3p:1:11:147,Contig:52:102.232:1440,Contig:107:69.2847:3p:1:5:229,Contig:26:120.583:5p:1:19:126,Contig:26:120.583:1639,Contig:91:75.3147:539,Contig:52:102.232:3p:1:3:323,Contig:26:120.583:5p:1:22:177,Contig:10:85.2641:3p:1:12:227,Contig:16:68.9288:1314,Contig:49:74.0087:1803,Contig:10:85.2641:3p:1:9:229,Contig:61:64.7061:4442,Contig:105:93.2034:3p:1:17:299,Contig:123:55.2394:5p:1:6:286,Contig:56:85.3787:1475,Contig:118:51.9741:5p:1:11:393,Contig:48:118.145:2703,Contig:26:120.583:5p:1:6:812,Contig:65:74.2019:2693,Contig:118:51.9741:5p:1:6:444,Contig:92:53.1152:43318,Contig:129:122.527:960,Contig:26:120.583:5p:1:16:177,Contig:105:93.2034:3p:1:14:147,Contig:26:120.583:5p:1:17:169,Contig:26:120.583:5p:1:13:178	5	-1.1819113771795682	4.715838666969045	0.6351472906061522	PBF_P13	Contig:72:74.9032:3636,Contig:103:117.151:745,Contig:89:85.7834:600	5	-0.10411512454503194	0.9748500735735142	0.8703975726711812	5	-1.4071937723992816	6.343222667852416	0.5289502001687652	Contig:117:92.9933:2038,Contig:93:45.5388:2030,Contig:99:53.0221:7202,Contig:103:117.151:3p:1:2:600	0	False	0
ecol-SAMN08768111	PBF_P5	Contig:18:57.356:1778,Contig:123:55.2394:5p:1:5:350,Contig:55:53.4459:37463,Contig:81:84.1311:635,Contig:105:93.2034:3p:1:15:243,Contig:8:93.2272:1881,Contig:71:55.0074:24300,Contig:32:49.1149:18961,Contig:10:85.2641:3p:1:11:262,Contig:41:55.2743:155656,Contig:26:120.583:5p:1:12:310,Contig:32:49.1149:3p:1:3:147,Contig:105:93.2034:3p:1:11:147,Contig:52:102.232:1440,Contig:107:69.2847:3p:1:5:229,Contig:26:120.583:5p:1:19:126,Contig:26:120.583:1639,Contig:91:75.3147:539,Contig:52:102.232:3p:1:3:323,Contig:26:120.583:5p:1:22:177,Contig:10:85.2641:3p:1:12:227,Contig:16:68.9288:1314,Contig:49:74.0087:1803,Contig:10:85.2641:3p:1:9:229,Contig:61:64.7061:4442,Contig:105:93.2034:3p:1:17:299,Contig:123:55.2394:5p:1:6:286,Contig:56:85.3787:1475,Contig:118:51.9741:5p:1:11:393,Contig:48:118.145:2703,Contig:26:120.583:5p:1:6:812,Contig:65:74.2019:2693,Contig:118:51.9741:5p:1:6:444,Contig:92:53.1152:43318,Contig:129:122.527:960,Contig:26:120.583:5p:1:16:177,Contig:105:93.2034:3p:1:14:147,Contig:26:120.583:5p:1:17:169,Contig:26:120.583:5p:1:13:178	5	-1.1819113771795682	4.715838666969045	0.6351472906061522	PBF_P14	Contig:86:72.6209:680,Contig:11:104.672:959,Contig:121:83.8192:1202,Contig:114:92.4808:5769,Contig:33:86.8046:13886,Contig:11:104.672:3p:1:3:147,Contig:11:104.672:5p:1:2:147	5	-0.1016752499706351	1.2733791129668854	0.6983561791748804	5	-2.0371098005959904	8.146381854260465	0.1118606755444489	Contig:127:55.0673:43820,Contig:15:129.869:1170,Contig:29:54.5799:71417,Contig:39:54.5594:21343,Contig:43:138.539:995,Contig:66:72.8297:1856,Contig:75:53.4236:225209,Contig:88:69.6115:1367,Contig:114:92.4808:5p:1:4:257,Contig:114:92.4808:5p:1:5:130,Contig:114:92.4808:5p:1:6:130,Contig:20:351.18:5p:1:15:254,Contig:20:351.18:5p:1:16:124,Contig:20:351.18:5p:1:17:167,Contig:20:351.18:5p:1:18:182,Contig:20:351.18:5p:1:21:123,Contig:20:351.18:5p:1:34:126,Contig:20:351.18:5p:1:35:257,Contig:26:120.583:5p:1:7:1245,Contig:26:120.583:5p:1:8:175,Contig:26:120.583:5p:1:20:304,Contig:26:120.583:5p:1:21:126,Contig:29:54.5799:5p:1:4:239,Contig:39:54.5594:3p:1:5:500,Contig:43:138.539:3p:1:3:239,Contig:43:138.539:5p:1:4:938	0	False	0
ecol-SAMN08768111	PBF_P5	Contig:18:57.356:1778,Contig:123:55.2394:5p:1:5:350,Contig:55:53.4459:37463,Contig:81:84.1311:635,Contig:105:93.2034:3p:1:15:243,Contig:8:93.2272:1881,Contig:71:55.0074:24300,Contig:32:49.1149:18961,Contig:10:85.2641:3p:1:11:262,Contig:41:55.2743:155656,Contig:26:120.583:5p:1:12:310,Contig:32:49.1149:3p:1:3:147,Contig:105:93.2034:3p:1:11:147,Contig:52:102.232:1440,Contig:107:69.2847:3p:1:5:229,Contig:26:120.583:5p:1:19:126,Contig:26:120.583:1639,Contig:91:75.3147:539,Contig:52:102.232:3p:1:3:323,Contig:26:120.583:5p:1:22:177,Contig:10:85.2641:3p:1:12:227,Contig:16:68.9288:1314,Contig:49:74.0087:1803,Contig:10:85.2641:3p:1:9:229,Contig:61:64.7061:4442,Contig:105:93.2034:3p:1:17:299,Contig:123:55.2394:5p:1:6:286,Contig:56:85.3787:1475,Contig:118:51.9741:5p:1:11:393,Contig:48:118.145:2703,Contig:26:120.583:5p:1:6:812,Contig:65:74.2019:2693,Contig:118:51.9741:5p:1:6:444,Contig:92:53.1152:43318,Contig:129:122.527:960,Contig:26:120.583:5p:1:16:177,Contig:105:93.2034:3p:1:14:147,Contig:26:120.583:5p:1:17:169,Contig:26:120.583:5p:1:13:178	5	-1.1819113771795682	4.715838666969045	0.6351472906061522	PBF_P15	Contig:1:53.0403:Circ:7117	4	0.0	0.4979139091513832	0.9516111092205286	0	0	0	0		1	False	0
ecol-SAMN08768111	PBF_P5	Contig:18:57.356:1778,Contig:123:55.2394:5p:1:5:350,Contig:55:53.4459:37463,Contig:81:84.1311:635,Contig:105:93.2034:3p:1:15:243,Contig:8:93.2272:1881,Contig:71:55.0074:24300,Contig:32:49.1149:18961,Contig:10:85.2641:3p:1:11:262,Contig:41:55.2743:155656,Contig:26:120.583:5p:1:12:310,Contig:32:49.1149:3p:1:3:147,Contig:105:93.2034:3p:1:11:147,Contig:52:102.232:1440,Contig:107:69.2847:3p:1:5:229,Contig:26:120.583:5p:1:19:126,Contig:26:120.583:1639,Contig:91:75.3147:539,Contig:52:102.232:3p:1:3:323,Contig:26:120.583:5p:1:22:177,Contig:10:85.2641:3p:1:12:227,Contig:16:68.9288:1314,Contig:49:74.0087:1803,Contig:10:85.2641:3p:1:9:229,Contig:61:64.7061:4442,Contig:105:93.2034:3p:1:17:299,Contig:123:55.2394:5p:1:6:286,Contig:56:85.3787:1475,Contig:118:51.9741:5p:1:11:393,Contig:48:118.145:2703,Contig:26:120.583:5p:1:6:812,Contig:65:74.2019:2693,Contig:118:51.9741:5p:1:6:444,Contig:92:53.1152:43318,Contig:129:122.527:960,Contig:26:120.583:5p:1:16:177,Contig:105:93.2034:3p:1:14:147,Contig:26:120.583:5p:1:17:169,Contig:26:120.583:5p:1:13:178	5	-1.1819113771795682	4.715838666969045	0.6351472906061522	PBF_P16	Contig:80:69.0588:4362	4	0.0	0.1990737254928654	1.084983238031851	0	0	0	0		1	False	0
ecol-SAMN08768111	PBF_P5	Contig:18:57.356:1778,Contig:123:55.2394:5p:1:5:350,Contig:55:53.4459:37463,Contig:81:84.1311:635,Contig:105:93.2034:3p:1:15:243,Contig:8:93.2272:1881,Contig:71:55.0074:24300,Contig:32:49.1149:18961,Contig:10:85.2641:3p:1:11:262,Contig:41:55.2743:155656,Contig:26:120.583:5p:1:12:310,Contig:32:49.1149:3p:1:3:147,Contig:105:93.2034:3p:1:11:147,Contig:52:102.232:1440,Contig:107:69.2847:3p:1:5:229,Contig:26:120.583:5p:1:19:126,Contig:26:120.583:1639,Contig:91:75.3147:539,Contig:52:102.232:3p:1:3:323,Contig:26:120.583:5p:1:22:177,Contig:10:85.2641:3p:1:12:227,Contig:16:68.9288:1314,Contig:49:74.0087:1803,Contig:10:85.2641:3p:1:9:229,Contig:61:64.7061:4442,Contig:105:93.2034:3p:1:17:299,Contig:123:55.2394:5p:1:6:286,Contig:56:85.3787:1475,Contig:118:51.9741:5p:1:11:393,Contig:48:118.145:2703,Contig:26:120.583:5p:1:6:812,Contig:65:74.2019:2693,Contig:118:51.9741:5p:1:6:444,Contig:92:53.1152:43318,Contig:129:122.527:960,Contig:26:120.583:5p:1:16:177,Contig:105:93.2034:3p:1:14:147,Contig:26:120.583:5p:1:17:169,Contig:26:120.583:5p:1:13:178	5	-1.1819113771795682	4.715838666969045	0.6351472906061522	PBF_P17	Contig:2:33.9643:Circ:7769	4	0.0	0.49950813024240837	0.5911373523707915	0	0	0	0		1	False	0
ecol-SAMN08768111	PBF_P6	Contig:18:57.356:1778,Contig:105:93.2034:3p:1:8:542,Contig:123:55.2394:5p:1:5:350,Contig:55:53.4459:37463,Contig:105:93.2034:3p:1:5:147,Contig:71:55.0074:24300,Contig:41:55.2743:155656,Contig:32:49.1149:18961,Contig:10:85.2641:3p:1:11:262,Contig:105:93.2034:3p:1:11:147,Contig:32:49.1149:3p:1:3:147,Contig:107:69.2847:3p:1:5:229,Contig:52:102.232:1440,Contig:26:120.583:5p:1:19:126,Contig:105:93.2034:3p:1:13:456,Contig:26:120.583:1639,Contig:91:75.3147:539,Contig:52:102.232:3p:1:3:323,Contig:26:120.583:5p:1:22:177,Contig:10:85.2641:3p:1:12:227,Contig:16:68.9288:1314,Contig:10:85.2641:3p:1:9:229,Contig:61:64.7061:4442,Contig:105:93.2034:3p:1:6:179,Contig:123:55.2394:5p:1:6:286,Contig:56:85.3787:1475,Contig:107:69.2847:2460,Contig:118:51.9741:5p:1:11:393,Contig:48:118.145:2703,Contig:26:120.583:5p:1:6:812,Contig:118:51.9741:5p:1:6:444,Contig:92:53.1152:43318,Contig:129:122.527:960,Contig:26:120.583:5p:1:16:177	5	-1.141121316911857	3.457183671390578	0.6351472906061522	PBF_P7	Contig:86:72.6209:680,Contig:79:60.2811:46115,Contig:114:92.4808:5769,Contig:11:104.672:3p:1:3:147,Contig:11:104.672:5p:1:2:147,Contig:54:87.6427:769,Contig:130:83.0342:5p:1:3:147,Contig:121:83.8192:1202,Contig:104:81.0927:5p:1:7:271,Contig:23:50.282:3p:1:7:245,Contig:34:71.7264:5p:1:5:246,Contig:111:60.2096:13157,Contig:63:796.419:805,Contig:12:87.4985:1035,Contig:34:71.7264:5p:1:4:442,Contig:11:104.672:5p:1:9:386,Contig:23:50.282:3p:1:4:316,Contig:63:796.419:3p:1:19:390,Contig:57:76.3612:4016,Contig:42:94.677:572,Contig:97:54.7936:260023,Contig:33:86.8046:13886,Contig:34:71.7264:5p:1:6:147,Contig:23:50.282:96256	4	-0.7678128811034963	3.889727057193565	0.6983561791748804	5	-3.2738472817265425	10.810875729617294	0.2871469306282961	Contig:119:83.4148:8166,Contig:25:54.9079:28329,Contig:29:54.5799:71417,Contig:75:53.4236:225209,Contig:7:62.6618:1047,Contig:106:56.6147:3p:1:14:167,Contig:106:56.6147:3p:1:19:290,Contig:106:56.6147:3p:1:21:167,Contig:106:56.6147:3p:1:24:411,Contig:106:56.6147:3p:1:25:289,Contig:111:60.2096:5p:1:2:147,Contig:20:351.18:5p:1:15:254,Contig:20:351.18:5p:1:16:124,Contig:20:351.18:5p:1:17:167,Contig:20:351.18:5p:1:18:182,Contig:20:351.18:5p:1:21:123,Contig:20:351.18:5p:1:34:126,Contig:20:351.18:5p:1:35:257,Contig:26:120.583:5p:1:7:1245,Contig:26:120.583:5p:1:8:175,Contig:26:120.583:5p:1:20:304,Contig:26:120.583:5p:1:21:126,Contig:29:54.5799:5p:1:4:239	0	False	0
ecol-SAMN08768111	PBF_P6	Contig:18:57.356:1778,Contig:105:93.2034:3p:1:8:542,Contig:123:55.2394:5p:1:5:350,Contig:55:53.4459:37463,Contig:105:93.2034:3p:1:5:147,Contig:71:55.0074:24300,Contig:41:55.2743:155656,Contig:32:49.1149:18961,Contig:10:85.2641:3p:1:11:262,Contig:105:93.2034:3p:1:11:147,Contig:32:49.1149:3p:1:3:147,Contig:107:69.2847:3p:1:5:229,Contig:52:102.232:1440,Contig:26:120.583:5p:1:19:126,Contig:105:93.2034:3p:1:13:456,Contig:26:120.583:1639,Contig:91:75.3147:539,Contig:52:102.232:3p:1:3:323,Contig:26:120.583:5p:1:22:177,Contig:10:85.2641:3p:1:12:227,Contig:16:68.9288:1314,Contig:10:85.2641:3p:1:9:229,Contig:61:64.7061:4442,Contig:105:93.2034:3p:1:6:179,Contig:123:55.2394:5p:1:6:286,Contig:56:85.3787:1475,Contig:107:69.2847:2460,Contig:118:51.9741:5p:1:11:393,Contig:48:118.145:2703,Contig:26:120.583:5p:1:6:812,Contig:118:51.9741:5p:1:6:444,Contig:92:53.1152:43318,Contig:129:122.527:960,Contig:26:120.583:5p:1:16:177	5	-1.141121316911857	3.457183671390578	0.6351472906061522	PBF_P8	Contig:101:75.085:29892,Contig:100:56.8268:3p:1:3:147,Contig:116:69.0331:5227,Contig:124:156.942:2238	4	-0.018840115243277	1.752308468499745	1.2093882108478837	0	0	0	0		1	False	0
ecol-SAMN08768111	PBF_P6	Contig:18:57.356:1778,Contig:105:93.2034:3p:1:8:542,Contig:123:55.2394:5p:1:5:350,Contig:55:53.4459:37463,Contig:105:93.2034:3p:1:5:147,Contig:71:55.0074:24300,Contig:41:55.2743:155656,Contig:32:49.1149:18961,Contig:10:85.2641:3p:1:11:262,Contig:105:93.2034:3p:1:11:147,Contig:32:49.1149:3p:1:3:147,Contig:107:69.2847:3p:1:5:229,Contig:52:102.232:1440,Contig:26:120.583:5p:1:19:126,Contig:105:93.2034:3p:1:13:456,Contig:26:120.583:1639,Contig:91:75.3147:539,Contig:52:102.232:3p:1:3:323,Contig:26:120.583:5p:1:22:177,Contig:10:85.2641:3p:1:12:227,Contig:16:68.9288:1314,Contig:10:85.2641:3p:1:9:229,Contig:61:64.7061:4442,Contig:105:93.2034:3p:1:6:179,Contig:123:55.2394:5p:1:6:286,Contig:56:85.3787:1475,Contig:107:69.2847:2460,Contig:118:51.9741:5p:1:11:393,Contig:48:118.145:2703,Contig:26:120.583:5p:1:6:812,Contig:118:51.9741:5p:1:6:444,Contig:92:53.1152:43318,Contig:129:122.527:960,Contig:26:120.583:5p:1:16:177	5	0	0	0	PBF_P9	Contig:26:120.583:5p:1:19:126,Contig:26:120.583:1639,Contig:48:118.145:2703,Contig:26:120.583:5p:1:6:812,Contig:26:120.583:5p:1:22:177	5	0	0	0	0	0	0	0	[]	0	1	1
ecol-SAMN08768111	PBF_P6	Contig:18:57.356:1778,Contig:105:93.2034:3p:1:8:542,Contig:123:55.2394:5p:1:5:350,Contig:55:53.4459:37463,Contig:105:93.2034:3p:1:5:147,Contig:71:55.0074:24300,Contig:41:55.2743:155656,Contig:32:49.1149:18961,Contig:10:85.2641:3p:1:11:262,Contig:105:93.2034:3p:1:11:147,Contig:32:49.1149:3p:1:3:147,Contig:107:69.2847:3p:1:5:229,Contig:52:102.232:1440,Contig:26:120.583:5p:1:19:126,Contig:105:93.2034:3p:1:13:456,Contig:26:120.583:1639,Contig:91:75.3147:539,Contig:52:102.232:3p:1:3:323,Contig:26:120.583:5p:1:22:177,Contig:10:85.2641:3p:1:12:227,Contig:16:68.9288:1314,Contig:10:85.2641:3p:1:9:229,Contig:61:64.7061:4442,Contig:105:93.2034:3p:1:6:179,Contig:123:55.2394:5p:1:6:286,Contig:56:85.3787:1475,Contig:107:69.2847:2460,Contig:118:51.9741:5p:1:11:393,Contig:48:118.145:2703,Contig:26:120.583:5p:1:6:812,Contig:118:51.9741:5p:1:6:444,Contig:92:53.1152:43318,Contig:129:122.527:960,Contig:26:120.583:5p:1:16:177	5	-1.141121316911857	3.457183671390578	0.6351472906061522	PBF_P10	Contig:111:60.2096:13157,Contig:57:76.3612:4016,Contig:79:60.2811:46115,Contig:34:71.7264:5p:1:5:246,Contig:34:71.7264:5p:1:4:442,Contig:34:71.7264:5p:1:6:147	4	-0.11176009489460118	2.2435689859451524	1.047950811099196	5	-2.744007195943455	9.16471765836888	0.2871469306282961	Contig:119:83.4148:8166,Contig:25:54.9079:28329,Contig:29:54.5799:71417,Contig:75:53.4236:225209,Contig:7:62.6618:1047,Contig:106:56.6147:3p:1:14:167,Contig:106:56.6147:3p:1:19:290,Contig:106:56.6147:3p:1:21:167,Contig:106:56.6147:3p:1:24:411,Contig:106:56.6147:3p:1:25:289,Contig:111:60.2096:5p:1:2:147,Contig:20:351.18:5p:1:15:254,Contig:20:351.18:5p:1:16:124,Contig:20:351.18:5p:1:17:167,Contig:20:351.18:5p:1:18:182,Contig:20:351.18:5p:1:21:123,Contig:20:351.18:5p:1:34:126,Contig:20:351.18:5p:1:35:257,Contig:26:120.583:5p:1:7:1245,Contig:26:120.583:5p:1:8:175,Contig:26:120.583:5p:1:20:304,Contig:26:120.583:5p:1:21:126,Contig:29:54.5799:5p:1:4:239	0	False	0
ecol-SAMN08768111	PBF_P6	Contig:18:57.356:1778,Contig:105:93.2034:3p:1:8:542,Contig:123:55.2394:5p:1:5:350,Contig:55:53.4459:37463,Contig:105:93.2034:3p:1:5:147,Contig:71:55.0074:24300,Contig:41:55.2743:155656,Contig:32:49.1149:18961,Contig:10:85.2641:3p:1:11:262,Contig:105:93.2034:3p:1:11:147,Contig:32:49.1149:3p:1:3:147,Contig:107:69.2847:3p:1:5:229,Contig:52:102.232:1440,Contig:26:120.583:5p:1:19:126,Contig:105:93.2034:3p:1:13:456,Contig:26:120.583:1639,Contig:91:75.3147:539,Contig:52:102.232:3p:1:3:323,Contig:26:120.583:5p:1:22:177,Contig:10:85.2641:3p:1:12:227,Contig:16:68.9288:1314,Contig:10:85.2641:3p:1:9:229,Contig:61:64.7061:4442,Contig:105:93.2034:3p:1:6:179,Contig:123:55.2394:5p:1:6:286,Contig:56:85.3787:1475,Contig:107:69.2847:2460,Contig:118:51.9741:5p:1:11:393,Contig:48:118.145:2703,Contig:26:120.583:5p:1:6:812,Contig:118:51.9741:5p:1:6:444,Contig:92:53.1152:43318,Contig:129:122.527:960,Contig:26:120.583:5p:1:16:177	5	-1.141121316911857	3.457183671390578	0.6351472906061522	PBF_P11	Contig:35:55.0676:7375,Contig:106:56.6147:3p:1:25:289,Contig:106:56.6147:3p:1:21:167,Contig:19:56.0686:16155,Contig:63:796.419:3p:1:19:390,Contig:63:796.419:805,Contig:74:53.3381:17368,Contig:106:56.6147:3p:1:19:290,Contig:106:56.6147:3p:1:24:411,Contig:20:351.18:5p:1:21:123,Contig:20:351.18:5p:1:18:182,Contig:20:351.18:5p:1:15:254	4	-0.476178796258673	1.7699586423098106	0.9280583130225784	5	-1.891585956370937	5.556924263110024	0.2871469306282961	Contig:29:54.5799:71417,Contig:75:53.4236:225209,Contig:26:120.583:5p:1:7:1245,Contig:26:120.583:5p:1:8:175,Contig:26:120.583:5p:1:20:304,Contig:26:120.583:5p:1:21:126,Contig:29:54.5799:5p:1:4:239	0	False	0
ecol-SAMN08768111	PBF_P6	Contig:18:57.356:1778,Contig:105:93.2034:3p:1:8:542,Contig:123:55.2394:5p:1:5:350,Contig:55:53.4459:37463,Contig:105:93.2034:3p:1:5:147,Contig:71:55.0074:24300,Contig:41:55.2743:155656,Contig:32:49.1149:18961,Contig:10:85.2641:3p:1:11:262,Contig:105:93.2034:3p:1:11:147,Contig:32:49.1149:3p:1:3:147,Contig:107:69.2847:3p:1:5:229,Contig:52:102.232:1440,Contig:26:120.583:5p:1:19:126,Contig:105:93.2034:3p:1:13:456,Contig:26:120.583:1639,Contig:91:75.3147:539,Contig:52:102.232:3p:1:3:323,Contig:26:120.583:5p:1:22:177,Contig:10:85.2641:3p:1:12:227,Contig:16:68.9288:1314,Contig:10:85.2641:3p:1:9:229,Contig:61:64.7061:4442,Contig:105:93.2034:3p:1:6:179,Contig:123:55.2394:5p:1:6:286,Contig:56:85.3787:1475,Contig:107:69.2847:2460,Contig:118:51.9741:5p:1:11:393,Contig:48:118.145:2703,Contig:26:120.583:5p:1:6:812,Contig:118:51.9741:5p:1:6:444,Contig:92:53.1152:43318,Contig:129:122.527:960,Contig:26:120.583:5p:1:16:177	5	-1.141121316911857	3.457183671390578	0.6351472906061522	PBF_P12	Contig:38:78.3823:8342,Contig:100:56.8268:27595,Contig:100:56.8268:3p:1:3:147,Contig:124:156.942:2238	4	-0.04107025077825538	1.8868341596157512	0.9671055176733931	5	-2.5148551796646332	8.807982832039478	0.2871469306282961	Contig:119:83.4148:8166,Contig:25:54.9079:28329,Contig:29:54.5799:71417,Contig:75:53.4236:225209,Contig:7:62.6618:1047,Contig:106:56.6147:3p:1:14:167,Contig:106:56.6147:3p:1:19:290,Contig:106:56.6147:3p:1:21:167,Contig:106:56.6147:3p:1:24:411,Contig:106:56.6147:3p:1:25:289,Contig:111:60.2096:5p:1:2:147,Contig:20:351.18:5p:1:15:254,Contig:20:351.18:5p:1:16:124,Contig:20:351.18:5p:1:17:167,Contig:20:351.18:5p:1:18:182,Contig:20:351.18:5p:1:21:123,Contig:20:351.18:5p:1:34:126,Contig:20:351.18:5p:1:35:257,Contig:26:120.583:5p:1:7:1245,Contig:26:120.583:5p:1:8:175,Contig:26:120.583:5p:1:20:304,Contig:26:120.583:5p:1:21:126,Contig:29:54.5799:5p:1:4:239	0	False	0
ecol-SAMN08768111	PBF_P6	Contig:18:57.356:1778,Contig:105:93.2034:3p:1:8:542,Contig:123:55.2394:5p:1:5:350,Contig:55:53.4459:37463,Contig:105:93.2034:3p:1:5:147,Contig:71:55.0074:24300,Contig:41:55.2743:155656,Contig:32:49.1149:18961,Contig:10:85.2641:3p:1:11:262,Contig:105:93.2034:3p:1:11:147,Contig:32:49.1149:3p:1:3:147,Contig:107:69.2847:3p:1:5:229,Contig:52:102.232:1440,Contig:26:120.583:5p:1:19:126,Contig:105:93.2034:3p:1:13:456,Contig:26:120.583:1639,Contig:91:75.3147:539,Contig:52:102.232:3p:1:3:323,Contig:26:120.583:5p:1:22:177,Contig:10:85.2641:3p:1:12:227,Contig:16:68.9288:1314,Contig:10:85.2641:3p:1:9:229,Contig:61:64.7061:4442,Contig:105:93.2034:3p:1:6:179,Contig:123:55.2394:5p:1:6:286,Contig:56:85.3787:1475,Contig:107:69.2847:2460,Contig:118:51.9741:5p:1:11:393,Contig:48:118.145:2703,Contig:26:120.583:5p:1:6:812,Contig:118:51.9741:5p:1:6:444,Contig:92:53.1152:43318,Contig:129:122.527:960,Contig:26:120.583:5p:1:16:177	5	-1.141121316911857	3.457183671390578	0.6351472906061522	PBF_P13	Contig:72:74.9032:3636,Contig:103:117.151:745,Contig:89:85.7834:600	5	-0.10411512454503194	0.9748500735735142	0.8703975726711812	5	-1.3664037121315704	5.084567672273948	0.5289502001687652	Contig:117:92.9933:2038,Contig:93:45.5388:2030,Contig:99:53.0221:7202,Contig:103:117.151:3p:1:2:600	0	False	0
ecol-SAMN08768111	PBF_P6	Contig:18:57.356:1778,Contig:105:93.2034:3p:1:8:542,Contig:123:55.2394:5p:1:5:350,Contig:55:53.4459:37463,Contig:105:93.2034:3p:1:5:147,Contig:71:55.0074:24300,Contig:41:55.2743:155656,Contig:32:49.1149:18961,Contig:10:85.2641:3p:1:11:262,Contig:105:93.2034:3p:1:11:147,Contig:32:49.1149:3p:1:3:147,Contig:107:69.2847:3p:1:5:229,Contig:52:102.232:1440,Contig:26:120.583:5p:1:19:126,Contig:105:93.2034:3p:1:13:456,Contig:26:120.583:1639,Contig:91:75.3147:539,Contig:52:102.232:3p:1:3:323,Contig:26:120.583:5p:1:22:177,Contig:10:85.2641:3p:1:12:227,Contig:16:68.9288:1314,Contig:10:85.2641:3p:1:9:229,Contig:61:64.7061:4442,Contig:105:93.2034:3p:1:6:179,Contig:123:55.2394:5p:1:6:286,Contig:56:85.3787:1475,Contig:107:69.2847:2460,Contig:118:51.9741:5p:1:11:393,Contig:48:118.145:2703,Contig:26:120.583:5p:1:6:812,Contig:118:51.9741:5p:1:6:444,Contig:92:53.1152:43318,Contig:129:122.527:960,Contig:26:120.583:5p:1:16:177	5	-1.141121316911857	3.457183671390578	0.6351472906061522	PBF_P14	Contig:86:72.6209:680,Contig:11:104.672:959,Contig:121:83.8192:1202,Contig:114:92.4808:5769,Contig:33:86.8046:13886,Contig:11:104.672:3p:1:3:147,Contig:11:104.672:5p:1:2:147	5	-0.1016752499706351	1.2733791129668854	0.6983561791748804	5	-1.9963197403282795	6.887726858681998	0.1118606755444489	Contig:127:55.0673:43820,Contig:15:129.869:1170,Contig:29:54.5799:71417,Contig:39:54.5594:21343,Contig:43:138.539:995,Contig:66:72.8297:1856,Contig:75:53.4236:225209,Contig:88:69.6115:1367,Contig:114:92.4808:5p:1:4:257,Contig:114:92.4808:5p:1:5:130,Contig:114:92.4808:5p:1:6:130,Contig:20:351.18:5p:1:15:254,Contig:20:351.18:5p:1:16:124,Contig:20:351.18:5p:1:17:167,Contig:20:351.18:5p:1:18:182,Contig:20:351.18:5p:1:21:123,Contig:20:351.18:5p:1:34:126,Contig:20:351.18:5p:1:35:257,Contig:26:120.583:5p:1:7:1245,Contig:26:120.583:5p:1:8:175,Contig:26:120.583:5p:1:20:304,Contig:26:120.583:5p:1:21:126,Contig:29:54.5799:5p:1:4:239,Contig:39:54.5594:3p:1:5:500,Contig:43:138.539:3p:1:3:239,Contig:43:138.539:5p:1:4:938	0	False	0
ecol-SAMN08768111	PBF_P6	Contig:18:57.356:1778,Contig:105:93.2034:3p:1:8:542,Contig:123:55.2394:5p:1:5:350,Contig:55:53.4459:37463,Contig:105:93.2034:3p:1:5:147,Contig:71:55.0074:24300,Contig:41:55.2743:155656,Contig:32:49.1149:18961,Contig:10:85.2641:3p:1:11:262,Contig:105:93.2034:3p:1:11:147,Contig:32:49.1149:3p:1:3:147,Contig:107:69.2847:3p:1:5:229,Contig:52:102.232:1440,Contig:26:120.583:5p:1:19:126,Contig:105:93.2034:3p:1:13:456,Contig:26:120.583:1639,Contig:91:75.3147:539,Contig:52:102.232:3p:1:3:323,Contig:26:120.583:5p:1:22:177,Contig:10:85.2641:3p:1:12:227,Contig:16:68.9288:1314,Contig:10:85.2641:3p:1:9:229,Contig:61:64.7061:4442,Contig:105:93.2034:3p:1:6:179,Contig:123:55.2394:5p:1:6:286,Contig:56:85.3787:1475,Contig:107:69.2847:2460,Contig:118:51.9741:5p:1:11:393,Contig:48:118.145:2703,Contig:26:120.583:5p:1:6:812,Contig:118:51.9741:5p:1:6:444,Contig:92:53.1152:43318,Contig:129:122.527:960,Contig:26:120.583:5p:1:16:177	5	-1.141121316911857	3.457183671390578	0.6351472906061522	PBF_P15	Contig:1:53.0403:Circ:7117	4	0.0	0.4979139091513832	0.9516111092205286	0	0	0	0		1	False	0
ecol-SAMN08768111	PBF_P6	Contig:18:57.356:1778,Contig:105:93.2034:3p:1:8:542,Contig:123:55.2394:5p:1:5:350,Contig:55:53.4459:37463,Contig:105:93.2034:3p:1:5:147,Contig:71:55.0074:24300,Contig:41:55.2743:155656,Contig:32:49.1149:18961,Contig:10:85.2641:3p:1:11:262,Contig:105:93.2034:3p:1:11:147,Contig:32:49.1149:3p:1:3:147,Contig:107:69.2847:3p:1:5:229,Contig:52:102.232:1440,Contig:26:120.583:5p:1:19:126,Contig:105:93.2034:3p:1:13:456,Contig:26:120.583:1639,Contig:91:75.3147:539,Contig:52:102.232:3p:1:3:323,Contig:26:120.583:5p:1:22:177,Contig:10:85.2641:3p:1:12:227,Contig:16:68.9288:1314,Contig:10:85.2641:3p:1:9:229,Contig:61:64.7061:4442,Contig:105:93.2034:3p:1:6:179,Contig:123:55.2394:5p:1:6:286,Contig:56:85.3787:1475,Contig:107:69.2847:2460,Contig:118:51.9741:5p:1:11:393,Contig:48:118.145:2703,Contig:26:120.583:5p:1:6:812,Contig:118:51.9741:5p:1:6:444,Contig:92:53.1152:43318,Contig:129:122.527:960,Contig:26:120.583:5p:1:16:177	5	-1.141121316911857	3.457183671390578	0.6351472906061522	PBF_P16	Contig:80:69.0588:4362	4	0.0	0.1990737254928654	1.084983238031851	0	0	0	0		1	False	0
ecol-SAMN08768111	PBF_P6	Contig:18:57.356:1778,Contig:105:93.2034:3p:1:8:542,Contig:123:55.2394:5p:1:5:350,Contig:55:53.4459:37463,Contig:105:93.2034:3p:1:5:147,Contig:71:55.0074:24300,Contig:41:55.2743:155656,Contig:32:49.1149:18961,Contig:10:85.2641:3p:1:11:262,Contig:105:93.2034:3p:1:11:147,Contig:32:49.1149:3p:1:3:147,Contig:107:69.2847:3p:1:5:229,Contig:52:102.232:1440,Contig:26:120.583:5p:1:19:126,Contig:105:93.2034:3p:1:13:456,Contig:26:120.583:1639,Contig:91:75.3147:539,Contig:52:102.232:3p:1:3:323,Contig:26:120.583:5p:1:22:177,Contig:10:85.2641:3p:1:12:227,Contig:16:68.9288:1314,Contig:10:85.2641:3p:1:9:229,Contig:61:64.7061:4442,Contig:105:93.2034:3p:1:6:179,Contig:123:55.2394:5p:1:6:286,Contig:56:85.3787:1475,Contig:107:69.2847:2460,Contig:118:51.9741:5p:1:11:393,Contig:48:118.145:2703,Contig:26:120.583:5p:1:6:812,Contig:118:51.9741:5p:1:6:444,Contig:92:53.1152:43318,Contig:129:122.527:960,Contig:26:120.583:5p:1:16:177	5	-1.141121316911857	3.457183671390578	0.6351472906061522	PBF_P17	Contig:2:33.9643:Circ:7769	4	0.0	0.49950813024240837	0.5911373523707915	0	0	0	0		1	False	0
ecol-SAMN08768111	PBF_P7	Contig:86:72.6209:680,Contig:79:60.2811:46115,Contig:114:92.4808:5769,Contig:11:104.672:3p:1:3:147,Contig:11:104.672:5p:1:2:147,Contig:54:87.6427:769,Contig:130:83.0342:5p:1:3:147,Contig:121:83.8192:1202,Contig:104:81.0927:5p:1:7:271,Contig:23:50.282:3p:1:7:245,Contig:34:71.7264:5p:1:5:246,Contig:111:60.2096:13157,Contig:63:796.419:805,Contig:12:87.4985:1035,Contig:34:71.7264:5p:1:4:442,Contig:11:104.672:5p:1:9:386,Contig:23:50.282:3p:1:4:316,Contig:63:796.419:3p:1:19:390,Contig:57:76.3612:4016,Contig:42:94.677:572,Contig:97:54.7936:260023,Contig:33:86.8046:13886,Contig:34:71.7264:5p:1:6:147,Contig:23:50.282:96256	4	-0.7678128811034963	3.889727057193565	0.6983561791748804	PBF_P8	Contig:101:75.085:29892,Contig:100:56.8268:3p:1:3:147,Contig:116:69.0331:5227,Contig:124:156.942:2238	4	-0.018840115243277	1.752308468499745	1.2093882108478837	0	0	0	0		1	False	0
ecol-SAMN08768111	PBF_P7	Contig:86:72.6209:680,Contig:79:60.2811:46115,Contig:114:92.4808:5769,Contig:11:104.672:3p:1:3:147,Contig:11:104.672:5p:1:2:147,Contig:54:87.6427:769,Contig:130:83.0342:5p:1:3:147,Contig:121:83.8192:1202,Contig:104:81.0927:5p:1:7:271,Contig:23:50.282:3p:1:7:245,Contig:34:71.7264:5p:1:5:246,Contig:111:60.2096:13157,Contig:63:796.419:805,Contig:12:87.4985:1035,Contig:34:71.7264:5p:1:4:442,Contig:11:104.672:5p:1:9:386,Contig:23:50.282:3p:1:4:316,Contig:63:796.419:3p:1:19:390,Contig:57:76.3612:4016,Contig:42:94.677:572,Contig:97:54.7936:260023,Contig:33:86.8046:13886,Contig:34:71.7264:5p:1:6:147,Contig:23:50.282:96256	4	-0.7678128811034963	3.889727057193565	0.6983561791748804	PBF_P9	Contig:26:120.583:5p:1:19:126,Contig:26:120.583:1639,Contig:48:118.145:2703,Contig:26:120.583:5p:1:6:812,Contig:26:120.583:5p:1:22:177	5	0.0	1.8095914245763338	1.0896848545426465	5	-2.1327259648146857	9.16328348280305	0.2871469306282961	Contig:119:83.4148:8166,Contig:25:54.9079:28329,Contig:29:54.5799:71417,Contig:75:53.4236:225209,Contig:7:62.6618:1047,Contig:106:56.6147:3p:1:14:167,Contig:106:56.6147:3p:1:19:290,Contig:106:56.6147:3p:1:21:167,Contig:106:56.6147:3p:1:24:411,Contig:106:56.6147:3p:1:25:289,Contig:111:60.2096:5p:1:2:147,Contig:20:351.18:5p:1:15:254,Contig:20:351.18:5p:1:16:124,Contig:20:351.18:5p:1:17:167,Contig:20:351.18:5p:1:18:182,Contig:20:351.18:5p:1:21:123,Contig:20:351.18:5p:1:34:126,Contig:20:351.18:5p:1:35:257,Contig:26:120.583:5p:1:7:1245,Contig:26:120.583:5p:1:8:175,Contig:26:120.583:5p:1:20:304,Contig:26:120.583:5p:1:21:126,Contig:29:54.5799:5p:1:4:239	0	False	0
ecol-SAMN08768111	PBF_P7	Contig:86:72.6209:680,Contig:79:60.2811:46115,Contig:114:92.4808:5769,Contig:11:104.672:3p:1:3:147,Contig:11:104.672:5p:1:2:147,Contig:54:87.6427:769,Contig:130:83.0342:5p:1:3:147,Contig:121:83.8192:1202,Contig:104:81.0927:5p:1:7:271,Contig:23:50.282:3p:1:7:245,Contig:34:71.7264:5p:1:5:246,Contig:111:60.2096:13157,Contig:63:796.419:805,Contig:12:87.4985:1035,Contig:34:71.7264:5p:1:4:442,Contig:11:104.672:5p:1:9:386,Contig:23:50.282:3p:1:4:316,Contig:63:796.419:3p:1:19:390,Contig:57:76.3612:4016,Contig:42:94.677:572,Contig:97:54.7936:260023,Contig:33:86.8046:13886,Contig:34:71.7264:5p:1:6:147,Contig:23:50.282:96256	4	0	0	0	PBF_P10	Contig:111:60.2096:13157,Contig:57:76.3612:4016,Contig:79:60.2811:46115,Contig:34:71.7264:5p:1:5:246,Contig:34:71.7264:5p:1:4:442,Contig:34:71.7264:5p:1:6:147	4	0	0	0	0	0	0	0	[]	0	1	1
ecol-SAMN08768111	PBF_P7	Contig:86:72.6209:680,Contig:79:60.2811:46115,Contig:114:92.4808:5769,Contig:11:104.672:3p:1:3:147,Contig:11:104.672:5p:1:2:147,Contig:54:87.6427:769,Contig:130:83.0342:5p:1:3:147,Contig:121:83.8192:1202,Contig:104:81.0927:5p:1:7:271,Contig:23:50.282:3p:1:7:245,Contig:34:71.7264:5p:1:5:246,Contig:111:60.2096:13157,Contig:63:796.419:805,Contig:12:87.4985:1035,Contig:34:71.7264:5p:1:4:442,Contig:11:104.672:5p:1:9:386,Contig:23:50.282:3p:1:4:316,Contig:63:796.419:3p:1:19:390,Contig:57:76.3612:4016,Contig:42:94.677:572,Contig:97:54.7936:260023,Contig:33:86.8046:13886,Contig:34:71.7264:5p:1:6:147,Contig:23:50.282:96256	4	-0.7678128811034963	3.889727057193565	0.6983561791748804	PBF_P11	Contig:35:55.0676:7375,Contig:106:56.6147:3p:1:25:289,Contig:106:56.6147:3p:1:21:167,Contig:19:56.0686:16155,Contig:63:796.419:3p:1:19:390,Contig:63:796.419:805,Contig:74:53.3381:17368,Contig:106:56.6147:3p:1:19:290,Contig:106:56.6147:3p:1:24:411,Contig:20:351.18:5p:1:21:123,Contig:20:351.18:5p:1:18:182,Contig:20:351.18:5p:1:15:254	4	-0.476178796258673	1.7699586423098106	0.9280583130225784	4	-1.2439916773621693	6.609198838935228	0.6772111924307105	Contig:119:83.4148:8166,Contig:111:60.2096:5p:1:2:147	0	True	0
ecol-SAMN08768111	PBF_P7	Contig:86:72.6209:680,Contig:79:60.2811:46115,Contig:114:92.4808:5769,Contig:11:104.672:3p:1:3:147,Contig:11:104.672:5p:1:2:147,Contig:54:87.6427:769,Contig:130:83.0342:5p:1:3:147,Contig:121:83.8192:1202,Contig:104:81.0927:5p:1:7:271,Contig:23:50.282:3p:1:7:245,Contig:34:71.7264:5p:1:5:246,Contig:111:60.2096:13157,Contig:63:796.419:805,Contig:12:87.4985:1035,Contig:34:71.7264:5p:1:4:442,Contig:11:104.672:5p:1:9:386,Contig:23:50.282:3p:1:4:316,Contig:63:796.419:3p:1:19:390,Contig:57:76.3612:4016,Contig:42:94.677:572,Contig:97:54.7936:260023,Contig:33:86.8046:13886,Contig:34:71.7264:5p:1:6:147,Contig:23:50.282:96256	4	-0.7678128811034963	3.889727057193565	0.6983561791748804	PBF_P12	Contig:38:78.3823:8342,Contig:100:56.8268:27595,Contig:100:56.8268:3p:1:3:147,Contig:124:156.942:2238	4	-0.04107025077825538	1.8868341596157512	0.9671055176733931	5	-2.255565442587593	8.913003274706321	0.1118606755444489	Contig:119:83.4148:8166,Contig:15:129.869:1170,Contig:25:54.9079:28329,Contig:39:54.5594:21343,Contig:66:72.8297:1856,Contig:75:53.4236:225209,Contig:7:62.6618:1047,Contig:88:69.6115:1367,Contig:95:56.3009:99106,Contig:106:56.6147:3p:1:14:167,Contig:106:56.6147:3p:1:19:290,Contig:106:56.6147:3p:1:21:167,Contig:106:56.6147:3p:1:24:411,Contig:106:56.6147:3p:1:25:289,Contig:111:60.2096:5p:1:2:147,Contig:114:92.4808:5p:1:4:257,Contig:114:92.4808:5p:1:5:130,Contig:114:92.4808:5p:1:6:130,Contig:20:351.18:5p:1:15:254,Contig:20:351.18:5p:1:16:124,Contig:20:351.18:5p:1:17:167,Contig:20:351.18:5p:1:18:182,Contig:20:351.18:5p:1:21:123,Contig:20:351.18:5p:1:34:126,Contig:20:351.18:5p:1:35:257,Contig:29:54.5799:5p:1:8:239,Contig:39:54.5594:3p:1:5:500	0	False	0
ecol-SAMN08768111	PBF_P7	Contig:86:72.6209:680,Contig:79:60.2811:46115,Contig:114:92.4808:5769,Contig:11:104.672:3p:1:3:147,Contig:11:104.672:5p:1:2:147,Contig:54:87.6427:769,Contig:130:83.0342:5p:1:3:147,Contig:121:83.8192:1202,Contig:104:81.0927:5p:1:7:271,Contig:23:50.282:3p:1:7:245,Contig:34:71.7264:5p:1:5:246,Contig:111:60.2096:13157,Contig:63:796.419:805,Contig:12:87.4985:1035,Contig:34:71.7264:5p:1:4:442,Contig:11:104.672:5p:1:9:386,Contig:23:50.282:3p:1:4:316,Contig:63:796.419:3p:1:19:390,Contig:57:76.3612:4016,Contig:42:94.677:572,Contig:97:54.7936:260023,Contig:33:86.8046:13886,Contig:34:71.7264:5p:1:6:147,Contig:23:50.282:96256	4	-0.7678128811034963	3.889727057193565	0.6983561791748804	PBF_P13	Contig:72:74.9032:3636,Contig:103:117.151:745,Contig:89:85.7834:600	5	-0.10411512454503194	0.9748500735735142	0.8703975726711812	4	-0.9071969031217069	4.3645771307670795	0.6983561791748798	Contig:85:56.0699:74452	0	False	0
ecol-SAMN08768111	PBF_P7	Contig:86:72.6209:680,Contig:79:60.2811:46115,Contig:114:92.4808:5769,Contig:11:104.672:3p:1:3:147,Contig:11:104.672:5p:1:2:147,Contig:54:87.6427:769,Contig:130:83.0342:5p:1:3:147,Contig:121:83.8192:1202,Contig:104:81.0927:5p:1:7:271,Contig:23:50.282:3p:1:7:245,Contig:34:71.7264:5p:1:5:246,Contig:111:60.2096:13157,Contig:63:796.419:805,Contig:12:87.4985:1035,Contig:34:71.7264:5p:1:4:442,Contig:11:104.672:5p:1:9:386,Contig:23:50.282:3p:1:4:316,Contig:63:796.419:3p:1:19:390,Contig:57:76.3612:4016,Contig:42:94.677:572,Contig:97:54.7936:260023,Contig:33:86.8046:13886,Contig:34:71.7264:5p:1:6:147,Contig:23:50.282:96256	4	-0.7678128811034963	3.889727057193565	0.6983561791748804	PBF_P14	Contig:86:72.6209:680,Contig:11:104.672:959,Contig:121:83.8192:1202,Contig:114:92.4808:5769,Contig:33:86.8046:13886,Contig:11:104.672:3p:1:3:147,Contig:11:104.672:5p:1:2:147	5	-0.1016752499706351	1.2733791129668854	0.6983561791748804	5	-2.2394230943332367	8.299548228057455	0.1118606755444489	Contig:119:83.4148:8166,Contig:15:129.869:1170,Contig:25:54.9079:28329,Contig:39:54.5594:21343,Contig:66:72.8297:1856,Contig:75:53.4236:225209,Contig:7:62.6618:1047,Contig:88:69.6115:1367,Contig:95:56.3009:99106,Contig:106:56.6147:3p:1:14:167,Contig:106:56.6147:3p:1:19:290,Contig:106:56.6147:3p:1:21:167,Contig:106:56.6147:3p:1:24:411,Contig:106:56.6147:3p:1:25:289,Contig:111:60.2096:5p:1:2:147,Contig:114:92.4808:5p:1:4:257,Contig:114:92.4808:5p:1:5:130,Contig:114:92.4808:5p:1:6:130,Contig:20:351.18:5p:1:15:254,Contig:20:351.18:5p:1:16:124,Contig:20:351.18:5p:1:17:167,Contig:20:351.18:5p:1:18:182,Contig:20:351.18:5p:1:21:123,Contig:20:351.18:5p:1:34:126,Contig:20:351.18:5p:1:35:257,Contig:29:54.5799:5p:1:8:239,Contig:39:54.5594:3p:1:5:500	0	True	0
ecol-SAMN08768111	PBF_P7	Contig:86:72.6209:680,Contig:79:60.2811:46115,Contig:114:92.4808:5769,Contig:11:104.672:3p:1:3:147,Contig:11:104.672:5p:1:2:147,Contig:54:87.6427:769,Contig:130:83.0342:5p:1:3:147,Contig:121:83.8192:1202,Contig:104:81.0927:5p:1:7:271,Contig:23:50.282:3p:1:7:245,Contig:34:71.7264:5p:1:5:246,Contig:111:60.2096:13157,Contig:63:796.419:805,Contig:12:87.4985:1035,Contig:34:71.7264:5p:1:4:442,Contig:11:104.672:5p:1:9:386,Contig:23:50.282:3p:1:4:316,Contig:63:796.419:3p:1:19:390,Contig:57:76.3612:4016,Contig:42:94.677:572,Contig:97:54.7936:260023,Contig:33:86.8046:13886,Contig:34:71.7264:5p:1:6:147,Contig:23:50.282:96256	4	-0.7678128811034963	3.889727057193565	0.6983561791748804	PBF_P15	Contig:1:53.0403:Circ:7117	4	0.0	0.4979139091513832	0.9516111092205286	0	0	0	0		1	False	0
ecol-SAMN08768111	PBF_P7	Contig:86:72.6209:680,Contig:79:60.2811:46115,Contig:114:92.4808:5769,Contig:11:104.672:3p:1:3:147,Contig:11:104.672:5p:1:2:147,Contig:54:87.6427:769,Contig:130:83.0342:5p:1:3:147,Contig:121:83.8192:1202,Contig:104:81.0927:5p:1:7:271,Contig:23:50.282:3p:1:7:245,Contig:34:71.7264:5p:1:5:246,Contig:111:60.2096:13157,Contig:63:796.419:805,Contig:12:87.4985:1035,Contig:34:71.7264:5p:1:4:442,Contig:11:104.672:5p:1:9:386,Contig:23:50.282:3p:1:4:316,Contig:63:796.419:3p:1:19:390,Contig:57:76.3612:4016,Contig:42:94.677:572,Contig:97:54.7936:260023,Contig:33:86.8046:13886,Contig:34:71.7264:5p:1:6:147,Contig:23:50.282:96256	4	-0.7678128811034963	3.889727057193565	0.6983561791748804	PBF_P16	Contig:80:69.0588:4362	4	0.0	0.1990737254928654	1.084983238031851	4	-0.7678128811034963	4.174289679250778	0.6983561791748798	Contig:130:83.0342:1484	0	False	0
ecol-SAMN08768111	PBF_P7	Contig:86:72.6209:680,Contig:79:60.2811:46115,Contig:114:92.4808:5769,Contig:11:104.672:3p:1:3:147,Contig:11:104.672:5p:1:2:147,Contig:54:87.6427:769,Contig:130:83.0342:5p:1:3:147,Contig:121:83.8192:1202,Contig:104:81.0927:5p:1:7:271,Contig:23:50.282:3p:1:7:245,Contig:34:71.7264:5p:1:5:246,Contig:111:60.2096:13157,Contig:63:796.419:805,Contig:12:87.4985:1035,Contig:34:71.7264:5p:1:4:442,Contig:11:104.672:5p:1:9:386,Contig:23:50.282:3p:1:4:316,Contig:63:796.419:3p:1:19:390,Contig:57:76.3612:4016,Contig:42:94.677:572,Contig:97:54.7936:260023,Contig:33:86.8046:13886,Contig:34:71.7264:5p:1:6:147,Contig:23:50.282:96256	4	-0.7678128811034963	3.889727057193565	0.6983561791748804	PBF_P17	Contig:2:33.9643:Circ:7769	4	0.0	0.49950813024240837	0.5911373523707915	0	0	0	0		1	False	0
ecol-SAMN08768111	PBF_P8	Contig:101:75.085:29892,Contig:100:56.8268:3p:1:3:147,Contig:116:69.0331:5227,Contig:124:156.942:2238	4	-0.018840115243277	1.752308468499745	1.2093882108478837	PBF_P9	Contig:26:120.583:5p:1:19:126,Contig:26:120.583:1639,Contig:48:118.145:2703,Contig:26:120.583:5p:1:6:812,Contig:26:120.583:5p:1:22:177	5	0.0	1.8095914245763338	1.0896848545426465	0	0	0	0		1	False	0
ecol-SAMN08768111	PBF_P8	Contig:101:75.085:29892,Contig:100:56.8268:3p:1:3:147,Contig:116:69.0331:5227,Contig:124:156.942:2238	4	-0.018840115243277	1.752308468499745	1.2093882108478837	PBF_P10	Contig:111:60.2096:13157,Contig:57:76.3612:4016,Contig:79:60.2811:46115,Contig:34:71.7264:5p:1:5:246,Contig:34:71.7264:5p:1:4:442,Contig:34:71.7264:5p:1:6:147	4	-0.11176009489460118	2.2435689859451524	1.047950811099196	0	0	0	0		1	False	0
ecol-SAMN08768111	PBF_P8	Contig:101:75.085:29892,Contig:100:56.8268:3p:1:3:147,Contig:116:69.0331:5227,Contig:124:156.942:2238	4	-0.018840115243277	1.752308468499745	1.2093882108478837	PBF_P11	Contig:35:55.0676:7375,Contig:106:56.6147:3p:1:25:289,Contig:106:56.6147:3p:1:21:167,Contig:19:56.0686:16155,Contig:63:796.419:3p:1:19:390,Contig:63:796.419:805,Contig:74:53.3381:17368,Contig:106:56.6147:3p:1:19:290,Contig:106:56.6147:3p:1:24:411,Contig:20:351.18:5p:1:21:123,Contig:20:351.18:5p:1:18:182,Contig:20:351.18:5p:1:15:254	4	-0.476178796258673	1.7699586423098106	0.9280583130225784	0	0	0	0		1	False	0
ecol-SAMN08768111	PBF_P8	Contig:101:75.085:29892,Contig:100:56.8268:3p:1:3:147,Contig:116:69.0331:5227,Contig:124:156.942:2238	4	-0.018840115243277	1.752308468499745	1.2093882108478837	PBF_P12	Contig:38:78.3823:8342,Contig:100:56.8268:27595,Contig:100:56.8268:3p:1:3:147,Contig:124:156.942:2238	4	-0.04107025077825538	1.8868341596157512	0.9671055176733931	4	-0.05991036602153238	3.639142628115496	0.9671055176731898		0	True	0
ecol-SAMN08768111	PBF_P8	Contig:101:75.085:29892,Contig:100:56.8268:3p:1:3:147,Contig:116:69.0331:5227,Contig:124:156.942:2238	4	-0.018840115243277	1.752308468499745	1.2093882108478837	PBF_P13	Contig:72:74.9032:3636,Contig:103:117.151:745,Contig:89:85.7834:600	5	-0.10411512454503194	0.9748500735735142	0.8703975726711812	0	0	0	0		1	False	0
ecol-SAMN08768111	PBF_P8	Contig:101:75.085:29892,Contig:100:56.8268:3p:1:3:147,Contig:116:69.0331:5227,Contig:124:156.942:2238	4	-0.018840115243277	1.752308468499745	1.2093882108478837	PBF_P14	Contig:86:72.6209:680,Contig:11:104.672:959,Contig:121:83.8192:1202,Contig:114:92.4808:5769,Contig:33:86.8046:13886,Contig:11:104.672:3p:1:3:147,Contig:11:104.672:5p:1:2:147	5	-0.1016752499706351	1.2733791129668854	0.6983561791748804	0	0	0	0		1	False	0
ecol-SAMN08768111	PBF_P8	Contig:101:75.085:29892,Contig:100:56.8268:3p:1:3:147,Contig:116:69.0331:5227,Contig:124:156.942:2238	4	-0.018840115243277	1.752308468499745	1.2093882108478837	PBF_P15	Contig:1:53.0403:Circ:7117	4	0.0	0.4979139091513832	0.9516111092205286	0	0	0	0		1	False	0
ecol-SAMN08768111	PBF_P8	Contig:101:75.085:29892,Contig:100:56.8268:3p:1:3:147,Contig:116:69.0331:5227,Contig:124:156.942:2238	4	-0.018840115243277	1.752308468499745	1.2093882108478837	PBF_P16	Contig:80:69.0588:4362	4	0.0	0.1990737254928654	1.084983238031851	0	0	0	0		1	False	0
ecol-SAMN08768111	PBF_P8	Contig:101:75.085:29892,Contig:100:56.8268:3p:1:3:147,Contig:116:69.0331:5227,Contig:124:156.942:2238	4	-0.018840115243277	1.752308468499745	1.2093882108478837	PBF_P17	Contig:2:33.9643:Circ:7769	4	0.0	0.49950813024240837	0.5911373523707915	0	0	0	0		1	False	0
ecol-SAMN08768111	PBF_P9	Contig:26:120.583:5p:1:19:126,Contig:26:120.583:1639,Contig:48:118.145:2703,Contig:26:120.583:5p:1:6:812,Contig:26:120.583:5p:1:22:177	5	0.0	1.8095914245763338	1.0896848545426465	PBF_P10	Contig:111:60.2096:13157,Contig:57:76.3612:4016,Contig:79:60.2811:46115,Contig:34:71.7264:5p:1:5:246,Contig:34:71.7264:5p:1:4:442,Contig:34:71.7264:5p:1:6:147	4	-0.11176009489460118	2.2435689859451524	1.047950811099196	5	-1.602885879031598	7.5171254115546375	0.2871469306282961	Contig:119:83.4148:8166,Contig:25:54.9079:28329,Contig:29:54.5799:71417,Contig:75:53.4236:225209,Contig:7:62.6618:1047,Contig:106:56.6147:3p:1:14:167,Contig:106:56.6147:3p:1:19:290,Contig:106:56.6147:3p:1:21:167,Contig:106:56.6147:3p:1:24:411,Contig:106:56.6147:3p:1:25:289,Contig:111:60.2096:5p:1:2:147,Contig:20:351.18:5p:1:15:254,Contig:20:351.18:5p:1:16:124,Contig:20:351.18:5p:1:17:167,Contig:20:351.18:5p:1:18:182,Contig:20:351.18:5p:1:21:123,Contig:20:351.18:5p:1:34:126,Contig:20:351.18:5p:1:35:257,Contig:26:120.583:5p:1:7:1245,Contig:26:120.583:5p:1:8:175,Contig:26:120.583:5p:1:20:304,Contig:26:120.583:5p:1:21:126,Contig:29:54.5799:5p:1:4:239	0	False	0
ecol-SAMN08768111	PBF_P9	Contig:26:120.583:5p:1:19:126,Contig:26:120.583:1639,Contig:48:118.145:2703,Contig:26:120.583:5p:1:6:812,Contig:26:120.583:5p:1:22:177	5	0.0	1.8095914245763338	1.0896848545426465	PBF_P11	Contig:35:55.0676:7375,Contig:106:56.6147:3p:1:25:289,Contig:106:56.6147:3p:1:21:167,Contig:19:56.0686:16155,Contig:63:796.419:3p:1:19:390,Contig:63:796.419:805,Contig:74:53.3381:17368,Contig:106:56.6147:3p:1:19:290,Contig:106:56.6147:3p:1:24:411,Contig:20:351.18:5p:1:21:123,Contig:20:351.18:5p:1:18:182,Contig:20:351.18:5p:1:15:254	4	-0.476178796258673	1.7699586423098106	0.9280583130225784	5	-0.7504646394590799	3.9093320162957803	0.2871469306282961	Contig:29:54.5799:71417,Contig:75:53.4236:225209,Contig:26:120.583:5p:1:7:1245,Contig:26:120.583:5p:1:8:175,Contig:26:120.583:5p:1:20:304,Contig:26:120.583:5p:1:21:126,Contig:29:54.5799:5p:1:4:239	0	False	0
ecol-SAMN08768111	PBF_P9	Contig:26:120.583:5p:1:19:126,Contig:26:120.583:1639,Contig:48:118.145:2703,Contig:26:120.583:5p:1:6:812,Contig:26:120.583:5p:1:22:177	5	0.0	1.8095914245763338	1.0896848545426465	PBF_P12	Contig:38:78.3823:8342,Contig:100:56.8268:27595,Contig:100:56.8268:3p:1:3:147,Contig:124:156.942:2238	4	-0.04107025077825538	1.8868341596157512	0.9671055176733931	5	-1.3737338627527764	7.160390585225236	0.2871469306282961	Contig:119:83.4148:8166,Contig:25:54.9079:28329,Contig:29:54.5799:71417,Contig:75:53.4236:225209,Contig:7:62.6618:1047,Contig:106:56.6147:3p:1:14:167,Contig:106:56.6147:3p:1:19:290,Contig:106:56.6147:3p:1:21:167,Contig:106:56.6147:3p:1:24:411,Contig:106:56.6147:3p:1:25:289,Contig:111:60.2096:5p:1:2:147,Contig:20:351.18:5p:1:15:254,Contig:20:351.18:5p:1:16:124,Contig:20:351.18:5p:1:17:167,Contig:20:351.18:5p:1:18:182,Contig:20:351.18:5p:1:21:123,Contig:20:351.18:5p:1:34:126,Contig:20:351.18:5p:1:35:257,Contig:26:120.583:5p:1:7:1245,Contig:26:120.583:5p:1:8:175,Contig:26:120.583:5p:1:20:304,Contig:26:120.583:5p:1:21:126,Contig:29:54.5799:5p:1:4:239	0	False	0
ecol-SAMN08768111	PBF_P9	Contig:26:120.583:5p:1:19:126,Contig:26:120.583:1639,Contig:48:118.145:2703,Contig:26:120.583:5p:1:6:812,Contig:26:120.583:5p:1:22:177	5	0.0	1.8095914245763338	1.0896848545426465	PBF_P13	Contig:72:74.9032:3636,Contig:103:117.151:745,Contig:89:85.7834:600	5	-0.10411512454503194	0.9748500735735142	0.8703975726711812	5	-1.2827176753369596	3.6693276718761663	0.2871469306282961	Contig:102:53.468:57808,Contig:25:54.9079:28329,Contig:29:54.5799:71417,Contig:47:54.1218:178109,Contig:75:53.4236:225209,Contig:7:62.6618:1047,Contig:85:56.0699:74452,Contig:106:56.6147:3p:1:14:167,Contig:106:56.6147:3p:1:19:290,Contig:106:56.6147:3p:1:21:167,Contig:106:56.6147:3p:1:24:411,Contig:106:56.6147:3p:1:25:289,Contig:20:351.18:5p:1:15:254,Contig:20:351.18:5p:1:16:124,Contig:20:351.18:5p:1:17:167,Contig:20:351.18:5p:1:18:182,Contig:20:351.18:5p:1:21:123,Contig:20:351.18:5p:1:34:126,Contig:20:351.18:5p:1:35:257,Contig:26:120.583:5p:1:7:1245,Contig:26:120.583:5p:1:8:175,Contig:26:120.583:5p:1:20:304,Contig:26:120.583:5p:1:21:126,Contig:29:54.5799:5p:1:4:239,Contig:63:796.419:3p:1:19:390	0	False	0
ecol-SAMN08768111	PBF_P9	Contig:26:120.583:5p:1:19:126,Contig:26:120.583:1639,Contig:48:118.145:2703,Contig:26:120.583:5p:1:6:812,Contig:26:120.583:5p:1:22:177	5	0.0	1.8095914245763338	1.0896848545426465	PBF_P14	Contig:86:72.6209:680,Contig:11:104.672:959,Contig:121:83.8192:1202,Contig:114:92.4808:5769,Contig:33:86.8046:13886,Contig:11:104.672:3p:1:3:147,Contig:11:104.672:5p:1:2:147	5	-0.1016752499706351	1.2733791129668854	0.6983561791748804	5	-0.8551984234164225	5.240134611867755	0.1118606755444489	Contig:127:55.0673:43820,Contig:15:129.869:1170,Contig:29:54.5799:71417,Contig:39:54.5594:21343,Contig:43:138.539:995,Contig:66:72.8297:1856,Contig:75:53.4236:225209,Contig:88:69.6115:1367,Contig:114:92.4808:5p:1:4:257,Contig:114:92.4808:5p:1:5:130,Contig:114:92.4808:5p:1:6:130,Contig:20:351.18:5p:1:15:254,Contig:20:351.18:5p:1:16:124,Contig:20:351.18:5p:1:17:167,Contig:20:351.18:5p:1:18:182,Contig:20:351.18:5p:1:21:123,Contig:20:351.18:5p:1:34:126,Contig:20:351.18:5p:1:35:257,Contig:26:120.583:5p:1:7:1245,Contig:26:120.583:5p:1:8:175,Contig:26:120.583:5p:1:20:304,Contig:26:120.583:5p:1:21:126,Contig:29:54.5799:5p:1:4:239,Contig:39:54.5594:3p:1:5:500,Contig:43:138.539:3p:1:3:239,Contig:43:138.539:5p:1:4:938	0	False	0
ecol-SAMN08768111	PBF_P9	Contig:26:120.583:5p:1:19:126,Contig:26:120.583:1639,Contig:48:118.145:2703,Contig:26:120.583:5p:1:6:812,Contig:26:120.583:5p:1:22:177	5	0.0	1.8095914245763338	1.0896848545426465	PBF_P15	Contig:1:53.0403:Circ:7117	4	0.0	0.4979139091513832	0.9516111092205286	0	0	0	0		1	False	0
ecol-SAMN08768111	PBF_P9	Contig:26:120.583:5p:1:19:126,Contig:26:120.583:1639,Contig:48:118.145:2703,Contig:26:120.583:5p:1:6:812,Contig:26:120.583:5p:1:22:177	5	0.0	1.8095914245763338	1.0896848545426465	PBF_P16	Contig:80:69.0588:4362	4	0.0	0.1990737254928654	1.084983238031851	0	0	0	0		1	False	0
ecol-SAMN08768111	PBF_P9	Contig:26:120.583:5p:1:19:126,Contig:26:120.583:1639,Contig:48:118.145:2703,Contig:26:120.583:5p:1:6:812,Contig:26:120.583:5p:1:22:177	5	0.0	1.8095914245763338	1.0896848545426465	PBF_P17	Contig:2:33.9643:Circ:7769	4	0.0	0.49950813024240837	0.5911373523707915	0	0	0	0		1	False	0
ecol-SAMN08768111	PBF_P10	Contig:111:60.2096:13157,Contig:57:76.3612:4016,Contig:79:60.2811:46115,Contig:34:71.7264:5p:1:5:246,Contig:34:71.7264:5p:1:4:442,Contig:34:71.7264:5p:1:6:147	4	-0.11176009489460118	2.2435689859451524	1.047950811099196	PBF_P11	Contig:35:55.0676:7375,Contig:106:56.6147:3p:1:25:289,Contig:106:56.6147:3p:1:21:167,Contig:19:56.0686:16155,Contig:63:796.419:3p:1:19:390,Contig:63:796.419:805,Contig:74:53.3381:17368,Contig:106:56.6147:3p:1:19:290,Contig:106:56.6147:3p:1:24:411,Contig:20:351.18:5p:1:21:123,Contig:20:351.18:5p:1:18:182,Contig:20:351.18:5p:1:15:254	4	-0.476178796258673	1.7699586423098106	0.9280583130225784	4	-0.5879388911532741	4.963040767686815	0.6772111745212896	Contig:119:83.4148:8166,Contig:111:60.2096:5p:1:2:147	0	False	0
ecol-SAMN08768111	PBF_P10	Contig:111:60.2096:13157,Contig:57:76.3612:4016,Contig:79:60.2811:46115,Contig:34:71.7264:5p:1:5:246,Contig:34:71.7264:5p:1:4:442,Contig:34:71.7264:5p:1:6:147	4	-0.11176009489460118	2.2435689859451524	1.047950811099196	PBF_P12	Contig:38:78.3823:8342,Contig:100:56.8268:27595,Contig:100:56.8268:3p:1:3:147,Contig:124:156.942:2238	4	-0.04107025077825538	1.8868341596157512	0.9671055176733931	4	-0.15283034567285655	4.58789954366825	0.9671055176731898	Contig:111:60.2096:5p:1:2:147	0	False	0
ecol-SAMN08768111	PBF_P10	Contig:111:60.2096:13157,Contig:57:76.3612:4016,Contig:79:60.2811:46115,Contig:34:71.7264:5p:1:5:246,Contig:34:71.7264:5p:1:4:442,Contig:34:71.7264:5p:1:6:147	4	-0.11176009489460118	2.2435689859451524	1.047950811099196	PBF_P13	Contig:72:74.9032:3636,Contig:103:117.151:745,Contig:89:85.7834:600	5	-0.10411512454503194	0.9748500735735142	0.8703975726711812	4	-0.3987795168533546	2.303714218234385	0.6772111745212896	Contig:102:53.468:57808,Contig:119:83.4148:8166,Contig:47:54.1218:178109,Contig:85:56.0699:74452,Contig:106:56.6147:3p:1:24:411,Contig:111:60.2096:5p:1:2:147,Contig:63:796.419:3p:1:19:390	0	False	0
ecol-SAMN08768111	PBF_P10	Contig:111:60.2096:13157,Contig:57:76.3612:4016,Contig:79:60.2811:46115,Contig:34:71.7264:5p:1:5:246,Contig:34:71.7264:5p:1:4:442,Contig:34:71.7264:5p:1:6:147	4	-0.11176009489460118	2.2435689859451524	1.047950811099196	PBF_P14	Contig:86:72.6209:680,Contig:11:104.672:959,Contig:121:83.8192:1202,Contig:114:92.4808:5769,Contig:33:86.8046:13886,Contig:11:104.672:3p:1:3:147,Contig:11:104.672:5p:1:2:147	5	-0.1016752499706351	1.2733791129668854	0.6983561791748804	5	-1.7095830085501493	6.653390156809043	0.1118606755444489	Contig:119:83.4148:8166,Contig:15:129.869:1170,Contig:25:54.9079:28329,Contig:39:54.5594:21343,Contig:66:72.8297:1856,Contig:75:53.4236:225209,Contig:7:62.6618:1047,Contig:88:69.6115:1367,Contig:95:56.3009:99106,Contig:106:56.6147:3p:1:14:167,Contig:106:56.6147:3p:1:19:290,Contig:106:56.6147:3p:1:21:167,Contig:106:56.6147:3p:1:24:411,Contig:106:56.6147:3p:1:25:289,Contig:111:60.2096:5p:1:2:147,Contig:114:92.4808:5p:1:4:257,Contig:114:92.4808:5p:1:5:130,Contig:114:92.4808:5p:1:6:130,Contig:20:351.18:5p:1:15:254,Contig:20:351.18:5p:1:16:124,Contig:20:351.18:5p:1:17:167,Contig:20:351.18:5p:1:18:182,Contig:20:351.18:5p:1:21:123,Contig:20:351.18:5p:1:34:126,Contig:20:351.18:5p:1:35:257,Contig:29:54.5799:5p:1:8:239,Contig:39:54.5594:3p:1:5:500	0	False	0
ecol-SAMN08768111	PBF_P10	Contig:111:60.2096:13157,Contig:57:76.3612:4016,Contig:79:60.2811:46115,Contig:34:71.7264:5p:1:5:246,Contig:34:71.7264:5p:1:4:442,Contig:34:71.7264:5p:1:6:147	4	-0.11176009489460118	2.2435689859451524	1.047950811099196	PBF_P15	Contig:1:53.0403:Circ:7117	4	0.0	0.4979139091513832	0.9516111092205286	0	0	0	0		1	False	0
ecol-SAMN08768111	PBF_P10	Contig:111:60.2096:13157,Contig:57:76.3612:4016,Contig:79:60.2811:46115,Contig:34:71.7264:5p:1:5:246,Contig:34:71.7264:5p:1:4:442,Contig:34:71.7264:5p:1:6:147	4	-0.11176009489460118	2.2435689859451524	1.047950811099196	PBF_P16	Contig:80:69.0588:4362	4	0.0	0.1990737254928654	1.084983238031851	0	0	0	0		1	False	0
ecol-SAMN08768111	PBF_P10	Contig:111:60.2096:13157,Contig:57:76.3612:4016,Contig:79:60.2811:46115,Contig:34:71.7264:5p:1:5:246,Contig:34:71.7264:5p:1:4:442,Contig:34:71.7264:5p:1:6:147	4	-0.11176009489460118	2.2435689859451524	1.047950811099196	PBF_P17	Contig:2:33.9643:Circ:7769	4	0.0	0.49950813024240837	0.5911373523707915	0	0	0	0		1	False	0
ecol-SAMN08768111	PBF_P11	Contig:35:55.0676:7375,Contig:106:56.6147:3p:1:25:289,Contig:106:56.6147:3p:1:21:167,Contig:19:56.0686:16155,Contig:63:796.419:3p:1:19:390,Contig:63:796.419:805,Contig:74:53.3381:17368,Contig:106:56.6147:3p:1:19:290,Contig:106:56.6147:3p:1:24:411,Contig:20:351.18:5p:1:21:123,Contig:20:351.18:5p:1:18:182,Contig:20:351.18:5p:1:15:254	4	-0.476178796258673	1.7699586423098106	0.9280583130225784	PBF_P12	Contig:38:78.3823:8342,Contig:100:56.8268:27595,Contig:100:56.8268:3p:1:3:147,Contig:124:156.942:2238	4	-0.04107025077825538	1.8868341596157512	0.9671055176733931	4	-0.5172490470369284	4.606305941357414	0.6772111745212896	Contig:119:83.4148:8166,Contig:111:60.2096:5p:1:2:147	0	False	0
ecol-SAMN08768111	PBF_P11	Contig:35:55.0676:7375,Contig:106:56.6147:3p:1:25:289,Contig:106:56.6147:3p:1:21:167,Contig:19:56.0686:16155,Contig:63:796.419:3p:1:19:390,Contig:63:796.419:805,Contig:74:53.3381:17368,Contig:106:56.6147:3p:1:19:290,Contig:106:56.6147:3p:1:24:411,Contig:20:351.18:5p:1:21:123,Contig:20:351.18:5p:1:18:182,Contig:20:351.18:5p:1:15:254	4	-0.476178796258673	1.7699586423098106	0.9280583130225784	PBF_P13	Contig:72:74.9032:3636,Contig:103:117.151:745,Contig:89:85.7834:600	5	-0.10411512454503194	0.9748500735735142	0.8703975726711812	4	-0.6155628182768835	2.244808715883325	0.8703975726712088	Contig:85:56.0699:74452	0	False	0
ecol-SAMN08768111	PBF_P11	Contig:35:55.0676:7375,Contig:106:56.6147:3p:1:25:289,Contig:106:56.6147:3p:1:21:167,Contig:19:56.0686:16155,Contig:63:796.419:3p:1:19:390,Contig:63:796.419:805,Contig:74:53.3381:17368,Contig:106:56.6147:3p:1:19:290,Contig:106:56.6147:3p:1:24:411,Contig:20:351.18:5p:1:21:123,Contig:20:351.18:5p:1:18:182,Contig:20:351.18:5p:1:15:254	4	-0.476178796258673	1.7699586423098106	0.9280583130225784	PBF_P14	Contig:86:72.6209:680,Contig:11:104.672:959,Contig:121:83.8192:1202,Contig:114:92.4808:5769,Contig:33:86.8046:13886,Contig:11:104.672:3p:1:3:147,Contig:11:104.672:5p:1:2:147	5	-0.1016752499706351	1.2733791129668854	0.6983561791748804	5	-1.07738921819411	3.721959582920962	0.1118606755444489	Contig:127:55.0673:43820,Contig:15:129.869:1170,Contig:39:54.5594:21343,Contig:43:138.539:995,Contig:66:72.8297:1856,Contig:88:69.6115:1367,Contig:114:92.4808:5p:1:4:257,Contig:114:92.4808:5p:1:5:130,Contig:114:92.4808:5p:1:6:130,Contig:20:351.18:5p:1:17:167,Contig:20:351.18:5p:1:35:257,Contig:20:351.18:5p:1:36:126,Contig:39:54.5594:3p:1:5:500,Contig:43:138.539:3p:1:3:239,Contig:43:138.539:5p:1:4:938	0	False	0
ecol-SAMN08768111	PBF_P11	Contig:35:55.0676:7375,Contig:106:56.6147:3p:1:25:289,Contig:106:56.6147:3p:1:21:167,Contig:19:56.0686:16155,Contig:63:796.419:3p:1:19:390,Contig:63:796.419:805,Contig:74:53.3381:17368,Contig:106:56.6147:3p:1:19:290,Contig:106:56.6147:3p:1:24:411,Contig:20:351.18:5p:1:21:123,Contig:20:351.18:5p:1:18:182,Contig:20:351.18:5p:1:15:254	4	-0.476178796258673	1.7699586423098106	0.9280583130225784	PBF_P15	Contig:1:53.0403:Circ:7117	4	0.0	0.4979139091513832	0.9516111092205286	0	0	0	0		1	False	0
ecol-SAMN08768111	PBF_P11	Contig:35:55.0676:7375,Contig:106:56.6147:3p:1:25:289,Contig:106:56.6147:3p:1:21:167,Contig:19:56.0686:16155,Contig:63:796.419:3p:1:19:390,Contig:63:796.419:805,Contig:74:53.3381:17368,Contig:106:56.6147:3p:1:19:290,Contig:106:56.6147:3p:1:24:411,Contig:20:351.18:5p:1:21:123,Contig:20:351.18:5p:1:18:182,Contig:20:351.18:5p:1:15:254	4	-0.476178796258673	1.7699586423098106	0.9280583130225784	PBF_P16	Contig:80:69.0588:4362	4	0.0	0.1990737254928654	1.084983238031851	0	0	0	0		1	False	0
ecol-SAMN08768111	PBF_P11	Contig:35:55.0676:7375,Contig:106:56.6147:3p:1:25:289,Contig:106:56.6147:3p:1:21:167,Contig:19:56.0686:16155,Contig:63:796.419:3p:1:19:390,Contig:63:796.419:805,Contig:74:53.3381:17368,Contig:106:56.6147:3p:1:19:290,Contig:106:56.6147:3p:1:24:411,Contig:20:351.18:5p:1:21:123,Contig:20:351.18:5p:1:18:182,Contig:20:351.18:5p:1:15:254	4	-0.476178796258673	1.7699586423098106	0.9280583130225784	PBF_P17	Contig:2:33.9643:Circ:7769	4	0.0	0.49950813024240837	0.5911373523707915	0	0	0	0		1	False	0
ecol-SAMN08768111	PBF_P12	Contig:38:78.3823:8342,Contig:100:56.8268:27595,Contig:100:56.8268:3p:1:3:147,Contig:124:156.942:2238	4	-0.04107025077825538	1.8868341596157512	0.9671055176733931	PBF_P13	Contig:72:74.9032:3636,Contig:103:117.151:745,Contig:89:85.7834:600	5	-0.10411512454503194	0.9748500735735142	0.8703975726711812	4	-0.32808967273700884	1.9469793919049836	0.6772111745212896	Contig:102:53.468:57808,Contig:119:83.4148:8166,Contig:47:54.1218:178109,Contig:85:56.0699:74452,Contig:106:56.6147:3p:1:24:411,Contig:111:60.2096:5p:1:2:147,Contig:63:796.419:3p:1:19:390	0	False	0
ecol-SAMN08768111	PBF_P12	Contig:38:78.3823:8342,Contig:100:56.8268:27595,Contig:100:56.8268:3p:1:3:147,Contig:124:156.942:2238	4	-0.04107025077825538	1.8868341596157512	0.9671055176733931	PBF_P14	Contig:86:72.6209:680,Contig:11:104.672:959,Contig:121:83.8192:1202,Contig:114:92.4808:5769,Contig:33:86.8046:13886,Contig:11:104.672:3p:1:3:147,Contig:11:104.672:5p:1:2:147	5	-0.1016752499706351	1.2733791129668854	0.6983561791748804	5	-1.4804309922713277	6.296655330479642	0.1118606755444489	Contig:119:83.4148:8166,Contig:15:129.869:1170,Contig:25:54.9079:28329,Contig:39:54.5594:21343,Contig:66:72.8297:1856,Contig:75:53.4236:225209,Contig:7:62.6618:1047,Contig:88:69.6115:1367,Contig:95:56.3009:99106,Contig:106:56.6147:3p:1:14:167,Contig:106:56.6147:3p:1:19:290,Contig:106:56.6147:3p:1:21:167,Contig:106:56.6147:3p:1:24:411,Contig:106:56.6147:3p:1:25:289,Contig:111:60.2096:5p:1:2:147,Contig:114:92.4808:5p:1:4:257,Contig:114:92.4808:5p:1:5:130,Contig:114:92.4808:5p:1:6:130,Contig:20:351.18:5p:1:15:254,Contig:20:351.18:5p:1:16:124,Contig:20:351.18:5p:1:17:167,Contig:20:351.18:5p:1:18:182,Contig:20:351.18:5p:1:21:123,Contig:20:351.18:5p:1:34:126,Contig:20:351.18:5p:1:35:257,Contig:29:54.5799:5p:1:8:239,Contig:39:54.5594:3p:1:5:500	0	False	0
ecol-SAMN08768111	PBF_P12	Contig:38:78.3823:8342,Contig:100:56.8268:27595,Contig:100:56.8268:3p:1:3:147,Contig:124:156.942:2238	4	-0.04107025077825538	1.8868341596157512	0.9671055176733931	PBF_P15	Contig:1:53.0403:Circ:7117	4	0.0	0.4979139091513832	0.9516111092205286	0	0	0	0		1	False	0
ecol-SAMN08768111	PBF_P12	Contig:38:78.3823:8342,Contig:100:56.8268:27595,Contig:100:56.8268:3p:1:3:147,Contig:124:156.942:2238	4	-0.04107025077825538	1.8868341596157512	0.9671055176733931	PBF_P16	Contig:80:69.0588:4362	4	0.0	0.1990737254928654	1.084983238031851	0	0	0	0		1	False	0
ecol-SAMN08768111	PBF_P12	Contig:38:78.3823:8342,Contig:100:56.8268:27595,Contig:100:56.8268:3p:1:3:147,Contig:124:156.942:2238	4	-0.04107025077825538	1.8868341596157512	0.9671055176733931	PBF_P17	Contig:2:33.9643:Circ:7769	4	0.0	0.49950813024240837	0.5911373523707915	0	0	0	0		1	False	0
ecol-SAMN08768111	PBF_P13	Contig:72:74.9032:3636,Contig:103:117.151:745,Contig:89:85.7834:600	5	-0.10411512454503194	0.9748500735735142	0.8703975726711812	PBF_P14	Contig:86:72.6209:680,Contig:11:104.672:959,Contig:121:83.8192:1202,Contig:114:92.4808:5769,Contig:33:86.8046:13886,Contig:11:104.672:3p:1:3:147,Contig:11:104.672:5p:1:2:147	5	-0.1016752499706351	1.2733791129668854	0.6983561791748804	5	-1.3894148048555104	2.8055924171305713	0.1118606755444489	Contig:102:53.468:57808,Contig:15:129.869:1170,Contig:25:54.9079:28329,Contig:39:54.5594:21343,Contig:47:54.1218:178109,Contig:66:72.8297:1856,Contig:75:53.4236:225209,Contig:7:62.6618:1047,Contig:85:56.0699:74452,Contig:88:69.6115:1367,Contig:95:56.3009:99106,Contig:106:56.6147:3p:1:14:167,Contig:106:56.6147:3p:1:19:290,Contig:106:56.6147:3p:1:21:167,Contig:106:56.6147:3p:1:24:411,Contig:106:56.6147:3p:1:25:289,Contig:114:92.4808:5p:1:4:257,Contig:114:92.4808:5p:1:5:130,Contig:114:92.4808:5p:1:6:130,Contig:20:351.18:5p:1:15:254,Contig:20:351.18:5p:1:16:124,Contig:20:351.18:5p:1:17:167,Contig:20:351.18:5p:1:18:182,Contig:20:351.18:5p:1:21:123,Contig:20:351.18:5p:1:34:126,Contig:20:351.18:5p:1:35:257,Contig:29:54.5799:5p:1:8:239,Contig:39:54.5594:3p:1:5:500,Contig:63:796.419:3p:1:19:390	0	False	0
ecol-SAMN08768111	PBF_P13	Contig:72:74.9032:3636,Contig:103:117.151:745,Contig:89:85.7834:600	5	-0.10411512454503194	0.9748500735735142	0.8703975726711812	PBF_P15	Contig:1:53.0403:Circ:7117	4	0.0	0.4979139091513832	0.9516111092205286	0	0	0	0		1	False	0
ecol-SAMN08768111	PBF_P13	Contig:72:74.9032:3636,Contig:103:117.151:745,Contig:89:85.7834:600	5	-0.10411512454503194	0.9748500735735142	0.8703975726711812	PBF_P16	Contig:80:69.0588:4362	4	0.0	0.1990737254928654	1.084983238031851	0	0	0	0		1	False	0
ecol-SAMN08768111	PBF_P13	Contig:72:74.9032:3636,Contig:103:117.151:745,Contig:89:85.7834:600	5	-0.10411512454503194	0.9748500735735142	0.8703975726711812	PBF_P17	Contig:2:33.9643:Circ:7769	4	0.0	0.49950813024240837	0.5911373523707915	0	0	0	0		1	False	0
ecol-SAMN08768111	PBF_P14	Contig:86:72.6209:680,Contig:11:104.672:959,Contig:121:83.8192:1202,Contig:114:92.4808:5769,Contig:33:86.8046:13886,Contig:11:104.672:3p:1:3:147,Contig:11:104.672:5p:1:2:147	5	-0.1016752499706351	1.2733791129668854	0.6983561791748804	PBF_P15	Contig:1:53.0403:Circ:7117	4	0.0	0.4979139091513832	0.9516111092205286	0	0	0	0		1	False	0
ecol-SAMN08768111	PBF_P14	Contig:86:72.6209:680,Contig:11:104.672:959,Contig:121:83.8192:1202,Contig:114:92.4808:5769,Contig:33:86.8046:13886,Contig:11:104.672:3p:1:3:147,Contig:11:104.672:5p:1:2:147	5	-0.1016752499706351	1.2733791129668854	0.6983561791748804	PBF_P16	Contig:80:69.0588:4362	4	0.0	0.1990737254928654	1.084983238031851	0	0	0	0		1	False	0
ecol-SAMN08768111	PBF_P14	Contig:86:72.6209:680,Contig:11:104.672:959,Contig:121:83.8192:1202,Contig:114:92.4808:5769,Contig:33:86.8046:13886,Contig:11:104.672:3p:1:3:147,Contig:11:104.672:5p:1:2:147	5	-0.1016752499706351	1.2733791129668854	0.6983561791748804	PBF_P17	Contig:2:33.9643:Circ:7769	4	0.0	0.49950813024240837	0.5911373523707915	0	0	0	0		1	False	0
ecol-SAMN08768111	PBF_P15	Contig:1:53.0403:Circ:7117	4	0.0	0.4979139091513832	0.9516111092205286	PBF_P16	Contig:80:69.0588:4362	4	0.0	0.1990737254928654	1.084983238031851	0	0	0	0		1	False	0
ecol-SAMN08768111	PBF_P15	Contig:1:53.0403:Circ:7117	4	0.0	0.4979139091513832	0.9516111092205286	PBF_P17	Contig:2:33.9643:Circ:7769	4	0.0	0.49950813024240837	0.5911373523707915	0	0	0	0		1	False	0
ecol-SAMN08768111	PBF_P16	Contig:80:69.0588:4362	4	0.0	0.1990737254928654	1.084983238031851	PBF_P17	Contig:2:33.9643:Circ:7769	4	0.0	0.49950813024240837	0.5911373523707915	0	0	0	0		1	False	0