SAMPLE	BIN1	BIN1_CONTIGS	BIN1_GC_BIN	BIN1_GC	BIN1_GD	BIN1_RD	BIN2	BIN2_CONTIGS	BIN2_GC_BIN	BIN2_GC	BIN2_GD	BIN2_RD	MERGE_GC_BIN	MERGE_GC	MERGE_GD	MERGE_RD	MERGE_PATH	MILP_INFEASIBLE	BINS_OVERLAP	IS_SUBSET
ecol-SAMN36872530	GP_1	16:94631,37:28745,43:11458,44:11420,48:6601,53:4654,56:4088,57:3970,64:2798,66:2610,68:2428,72:1927,78:1320,95:1003,97:939,107:856,108:853,110:822,112:794,113:773,125:628,127:623,129:614,138:554,142:517,147:458,163:430,171:400,173:398,180:371,193:349,215:302,219:290,222:287,231:266,250:254,292:201,301:184,316:172,317:171,326:166,344:158,346:157,351:155,359:149,360:148,363:148,364:148,391:137,396:136,401:132,405:131,407:131,416:129,421:128,422:128,426:127,432:125,433:124,434:122,476:107,491:102	4	-2.4613930326573903	16.91204016	0.886516374873998	GP_3	46:8436,84:1146,110:822,136:564,141:520,219:290,305:182,364:148,380:142,477:107,494:101	4	-0.5156729476896126	3.7075340999999997	1.0279024316195935	5	-4.906023161274172	27.354863090000002	0.09466523723313003	24:54847,47:7093,51:5589,77:1351,88:1089,96:969,103:913,137:564,161:433,174:397,178:386,192:350,194:347,196:345,216:294,223:285,227:275,266:230,268:229,276:218,298:188,323:167,327:166,331:165,338:162,342:159,345:158,352:153,357:149,362:148,386:140,440:120,460:113,467:110,497:100,500:100,501:100	0	True	0
ecol-SAMN36872530	GP_1	16:94631,37:28745,43:11458,44:11420,48:6601,53:4654,56:4088,57:3970,64:2798,66:2610,68:2428,72:1927,78:1320,95:1003,97:939,107:856,108:853,110:822,112:794,113:773,125:628,127:623,129:614,138:554,142:517,147:458,163:430,171:400,173:398,180:371,193:349,215:302,219:290,222:287,231:266,250:254,292:201,301:184,316:172,317:171,326:166,344:158,346:157,351:155,359:149,360:148,363:148,364:148,391:137,396:136,401:132,405:131,407:131,416:129,421:128,422:128,426:127,432:125,433:124,434:122,476:107,491:102	4	-2.4613930326573903	16.91204016	0.886516374873998	GP_2	47:7093,51:5589,54:4186,77:1351,80:1274,82:1182,88:1089,93:1048,96:969,97:939,119:688,122:644,123:635,129:614,136:564,137:564,143:509,161:433,170:403,176:392,178:386,182:366,203:316,227:275,277:217,278:217,298:188,302:184,304:183,316:172,327:166,331:165,352:153,357:149,364:148,395:136,405:131,416:129,440:120,450:116,472:108,497:100	5	-0.8639056560143725	7.95389158	1.079428479265296	5	-4.593867691336237	26.41073162	0.8865163748741907	296:193,372:146,439:120,502:100	0	True	0
ecol-SAMN36872530	GP_1	16:94631,37:28745,43:11458,44:11420,48:6601,53:4654,56:4088,57:3970,64:2798,66:2610,68:2428,72:1927,78:1320,95:1003,97:939,107:856,108:853,110:822,112:794,113:773,125:628,127:623,129:614,138:554,142:517,147:458,163:430,171:400,173:398,180:371,193:349,215:302,219:290,222:287,231:266,250:254,292:201,301:184,316:172,317:171,326:166,344:158,346:157,351:155,359:149,360:148,363:148,364:148,391:137,396:136,401:132,405:131,407:131,416:129,421:128,422:128,426:127,432:125,433:124,434:122,476:107,491:102	4	-2.4613930326573903	16.91204016	0.886516374873998	GP_0	50:6059,58:3615,59:3565,63:2912,65:2743,105:867,109:827,111:801,130:606,133:575,134:572,167:407,247:258,249:257,264:230,361:148,366:147,374:144,444:119,464:111,481:105,482:105,492:101,496:100	4	-0.5013099020538072	7.890968900000001	1.3439560543817537	4	-2.9627029347111975	24.80300906	0.8865163748741907		0	False	0
ecol-SAMN36872530	GP_1	16:94631,37:28745,43:11458,44:11420,48:6601,53:4654,56:4088,57:3970,64:2798,66:2610,68:2428,72:1927,78:1320,95:1003,97:939,107:856,108:853,110:822,112:794,113:773,125:628,127:623,129:614,138:554,142:517,147:458,163:430,171:400,173:398,180:371,193:349,215:302,219:290,222:287,231:266,250:254,292:201,301:184,316:172,317:171,326:166,344:158,346:157,351:155,359:149,360:148,363:148,364:148,391:137,396:136,401:132,405:131,407:131,416:129,421:128,422:128,426:127,432:125,433:124,434:122,476:107,491:102	4	-2.4613930326573903	16.91204016	0.886516374873998	GP_unb_1	145:463	4	0.0	0.41334474	3.1597724922440533	4	-2.4894626227967533	15.6407882	0.3654924432885309	33:38580,63:2912,75:1830,124:633,175:393,212:305,264:230,273:224,444:119,459:113	0	False	0
ecol-SAMN36872530	GP_1	16:94631,37:28745,43:11458,44:11420,48:6601,53:4654,56:4088,57:3970,64:2798,66:2610,68:2428,72:1927,78:1320,95:1003,97:939,107:856,108:853,110:822,112:794,113:773,125:628,127:623,129:614,138:554,142:517,147:458,163:430,171:400,173:398,180:371,193:349,215:302,219:290,222:287,231:266,250:254,292:201,301:184,316:172,317:171,326:166,344:158,346:157,351:155,359:149,360:148,363:148,364:148,391:137,396:136,401:132,405:131,407:131,416:129,421:128,422:128,426:127,432:125,433:124,434:122,476:107,491:102	4	-2.4613930326573903	16.91204016	0.886516374873998	GP_unb_2	146:460	5	0.0	0.03813420000000001	1.837163078849748	5	-4.289760778243119	23.892503769999998	0.09466523723313003	24:54847,47:7093,51:5589,54:4186,77:1351,82:1182,88:1089,96:969,103:913,136:564,137:564,161:433,174:397,178:386,192:350,194:347,196:345,216:294,223:285,227:275,266:230,268:229,276:218,298:188,323:167,327:166,331:165,338:162,342:159,345:158,352:153,357:149,362:148,386:140,440:120,460:113,467:110,497:100,500:100,501:100	0	False	0
ecol-SAMN36872530	GP_1	16:94631,37:28745,43:11458,44:11420,48:6601,53:4654,56:4088,57:3970,64:2798,66:2610,68:2428,72:1927,78:1320,95:1003,97:939,107:856,108:853,110:822,112:794,113:773,125:628,127:623,129:614,138:554,142:517,147:458,163:430,171:400,173:398,180:371,193:349,215:302,219:290,222:287,231:266,250:254,292:201,301:184,316:172,317:171,326:166,344:158,346:157,351:155,359:149,360:148,363:148,364:148,391:137,396:136,401:132,405:131,407:131,416:129,421:128,422:128,426:127,432:125,433:124,434:122,476:107,491:102	4	-2.4613930326573903	16.91204016	0.886516374873998	GP_unb_3	149:452	5	0.0	0.32093865	3.333847233949698	0	0	0	0		1	False	0
ecol-SAMN36872530	GP_1	16:94631,37:28745,43:11458,44:11420,48:6601,53:4654,56:4088,57:3970,64:2798,66:2610,68:2428,72:1927,78:1320,95:1003,97:939,107:856,108:853,110:822,112:794,113:773,125:628,127:623,129:614,138:554,142:517,147:458,163:430,171:400,173:398,180:371,193:349,215:302,219:290,222:287,231:266,250:254,292:201,301:184,316:172,317:171,326:166,344:158,346:157,351:155,359:149,360:148,363:148,364:148,391:137,396:136,401:132,405:131,407:131,416:129,421:128,422:128,426:127,432:125,433:124,434:122,476:107,491:102	4	-2.4613930326573903	16.91204016	0.886516374873998	GP_unb_4	150:452	5	0.0	0.19685830000000004	1.062379628663321	0	0	0	0		1	False	0
ecol-SAMN36872530	GP_1	16:94631,37:28745,43:11458,44:11420,48:6601,53:4654,56:4088,57:3970,64:2798,66:2610,68:2428,72:1927,78:1320,95:1003,97:939,107:856,108:853,110:822,112:794,113:773,125:628,127:623,129:614,138:554,142:517,147:458,163:430,171:400,173:398,180:371,193:349,215:302,219:290,222:287,231:266,250:254,292:201,301:184,316:172,317:171,326:166,344:158,346:157,351:155,359:149,360:148,363:148,364:148,391:137,396:136,401:132,405:131,407:131,416:129,421:128,422:128,426:127,432:125,433:124,434:122,476:107,491:102	4	-2.4613930326573903	16.91204016	0.886516374873998	GP_unb_5	151:450	4	0.0	0.12702919999999995	1.271984668368073	4	-2.4613930326573903	17.03906936	0.8865163748741907		0	False	0
ecol-SAMN36872530	GP_1	16:94631,37:28745,43:11458,44:11420,48:6601,53:4654,56:4088,57:3970,64:2798,66:2610,68:2428,72:1927,78:1320,95:1003,97:939,107:856,108:853,110:822,112:794,113:773,125:628,127:623,129:614,138:554,142:517,147:458,163:430,171:400,173:398,180:371,193:349,215:302,219:290,222:287,231:266,250:254,292:201,301:184,316:172,317:171,326:166,344:158,346:157,351:155,359:149,360:148,363:148,364:148,391:137,396:136,401:132,405:131,407:131,416:129,421:128,422:128,426:127,432:125,433:124,434:122,476:107,491:102	4	-2.4613930326573903	16.91204016	0.886516374873998	GP_unb_6	152:447	4	0.0	0.26414669999999996	1.2956557213741544	5	-5.7677191881019425	25.351365556999998	0.09466523723313003	24:54847,40:15869,47:7093,49:6074,50:6059,51:5589,54:4186,65:2743,77:1351,82:1182,88:1089,91:1077,96:969,103:913,106:862,111:801,114:744,134:572,136:564,137:564,144:484,161:433,174:397,178:386,192:350,194:347,196:345,216:294,223:285,227:275,247:258,266:230,268:229,276:218,298:188,323:167,327:166,331:165,338:162,342:159,345:158,352:153,356:149,357:149,361:148,362:148,366:147,374:144,381:142,386:140,389:137,440:120,441:119,460:113,467:110,481:105,482:105,496:100,497:100,500:100,501:100	0	False	0
ecol-SAMN36872530	GP_1	16:94631,37:28745,43:11458,44:11420,48:6601,53:4654,56:4088,57:3970,64:2798,66:2610,68:2428,72:1927,78:1320,95:1003,97:939,107:856,108:853,110:822,112:794,113:773,125:628,127:623,129:614,138:554,142:517,147:458,163:430,171:400,173:398,180:371,193:349,215:302,219:290,222:287,231:266,250:254,292:201,301:184,316:172,317:171,326:166,344:158,346:157,351:155,359:149,360:148,363:148,364:148,391:137,396:136,401:132,405:131,407:131,416:129,421:128,422:128,426:127,432:125,433:124,434:122,476:107,491:102	4	-2.4613930326573903	16.91204016	0.886516374873998	GP_unb_7	153:442	5	0.0	0.3478029	1.1548864833069268	0	0	0	0		1	False	0
ecol-SAMN36872530	GP_1	16:94631,37:28745,43:11458,44:11420,48:6601,53:4654,56:4088,57:3970,64:2798,66:2610,68:2428,72:1927,78:1320,95:1003,97:939,107:856,108:853,110:822,112:794,113:773,125:628,127:623,129:614,138:554,142:517,147:458,163:430,171:400,173:398,180:371,193:349,215:302,219:290,222:287,231:266,250:254,292:201,301:184,316:172,317:171,326:166,344:158,346:157,351:155,359:149,360:148,363:148,364:148,391:137,396:136,401:132,405:131,407:131,416:129,421:128,422:128,426:127,432:125,433:124,434:122,476:107,491:102	4	-2.4613930326573903	16.91204016	0.886516374873998	GP_unb_8	155:441	4	0.0	0.18506310000000004	0.8849653235676403	5	-5.670441025379193	24.005778356999997	0.09466523723313003	24:54847,40:15869,47:7093,49:6074,50:6059,51:5589,54:4186,77:1351,82:1182,88:1089,91:1077,96:969,103:913,106:862,109:827,114:744,134:572,136:564,137:564,144:484,161:433,174:397,178:386,192:350,194:347,196:345,216:294,223:285,227:275,247:258,266:230,268:229,276:218,298:188,323:167,327:166,331:165,338:162,342:159,345:158,352:153,356:149,357:149,362:148,374:144,381:142,386:140,389:137,440:120,441:119,460:113,467:110,481:105,482:105,496:100,497:100,500:100,501:100	0	False	0
ecol-SAMN36872530	GP_1	16:94631,37:28745,43:11458,44:11420,48:6601,53:4654,56:4088,57:3970,64:2798,66:2610,68:2428,72:1927,78:1320,95:1003,97:939,107:856,108:853,110:822,112:794,113:773,125:628,127:623,129:614,138:554,142:517,147:458,163:430,171:400,173:398,180:371,193:349,215:302,219:290,222:287,231:266,250:254,292:201,301:184,316:172,317:171,326:166,344:158,346:157,351:155,359:149,360:148,363:148,364:148,391:137,396:136,401:132,405:131,407:131,416:129,421:128,422:128,426:127,432:125,433:124,434:122,476:107,491:102	4	-2.4613930326573903	16.91204016	0.886516374873998	GP_unb_9	162:431	5	0.0	0.4427763	3.3188761230705004	0	0	0	0		1	False	0
ecol-SAMN36872530	GP_1	16:94631,37:28745,43:11458,44:11420,48:6601,53:4654,56:4088,57:3970,64:2798,66:2610,68:2428,72:1927,78:1320,95:1003,97:939,107:856,108:853,110:822,112:794,113:773,125:628,127:623,129:614,138:554,142:517,147:458,163:430,171:400,173:398,180:371,193:349,215:302,219:290,222:287,231:266,250:254,292:201,301:184,316:172,317:171,326:166,344:158,346:157,351:155,359:149,360:148,363:148,364:148,391:137,396:136,401:132,405:131,407:131,416:129,421:128,422:128,426:127,432:125,433:124,434:122,476:107,491:102	4	-2.4613930326573903	16.91204016	0.886516374873998	GP_unb_10	168:407	5	0.0	0.34445035	1.6102340540591822	5	-5.698806802721885	25.843234706999997	0.09466523723313003	24:54847,40:15869,47:7093,49:6074,50:6059,51:5589,54:4186,65:2743,77:1351,82:1182,88:1089,91:1077,96:969,103:913,106:862,111:801,114:744,134:572,136:564,137:564,144:484,161:433,174:397,178:386,192:350,194:347,196:345,216:294,223:285,227:275,247:258,266:230,268:229,276:218,298:188,323:167,327:166,331:165,338:162,342:159,345:158,352:153,353:152,356:149,357:149,361:148,362:148,366:147,374:144,381:142,386:140,389:137,440:120,441:119,460:113,467:110,481:105,482:105,496:100,497:100,500:100,501:100	0	False	0
ecol-SAMN36872530	GP_1	16:94631,37:28745,43:11458,44:11420,48:6601,53:4654,56:4088,57:3970,64:2798,66:2610,68:2428,72:1927,78:1320,95:1003,97:939,107:856,108:853,110:822,112:794,113:773,125:628,127:623,129:614,138:554,142:517,147:458,163:430,171:400,173:398,180:371,193:349,215:302,219:290,222:287,231:266,250:254,292:201,301:184,316:172,317:171,326:166,344:158,346:157,351:155,359:149,360:148,363:148,364:148,391:137,396:136,401:132,405:131,407:131,416:129,421:128,422:128,426:127,432:125,433:124,434:122,476:107,491:102	4	-2.4613930326573903	16.91204016	0.886516374873998	GP_unb_11	181:370	5	0.0	0.42385923999999997	3.612563209775813	4	-2.6997808950486624	17.6660748	0.8865163748741907	341:160	0	False	0
ecol-SAMN36872530	GP_1	16:94631,37:28745,43:11458,44:11420,48:6601,53:4654,56:4088,57:3970,64:2798,66:2610,68:2428,72:1927,78:1320,95:1003,97:939,107:856,108:853,110:822,112:794,113:773,125:628,127:623,129:614,138:554,142:517,147:458,163:430,171:400,173:398,180:371,193:349,215:302,219:290,222:287,231:266,250:254,292:201,301:184,316:172,317:171,326:166,344:158,346:157,351:155,359:149,360:148,363:148,364:148,391:137,396:136,401:132,405:131,407:131,416:129,421:128,422:128,426:127,432:125,433:124,434:122,476:107,491:102	4	-2.4613930326573903	16.91204016	0.886516374873998	GP_unb_12	183:364	4	0.0	0.2832304	1.281823098014288	4	-2.4613930326573903	17.19527056	0.8865163748741907		0	False	0
ecol-SAMN36872530	GP_1	16:94631,37:28745,43:11458,44:11420,48:6601,53:4654,56:4088,57:3970,64:2798,66:2610,68:2428,72:1927,78:1320,95:1003,97:939,107:856,108:853,110:822,112:794,113:773,125:628,127:623,129:614,138:554,142:517,147:458,163:430,171:400,173:398,180:371,193:349,215:302,219:290,222:287,231:266,250:254,292:201,301:184,316:172,317:171,326:166,344:158,346:157,351:155,359:149,360:148,363:148,364:148,391:137,396:136,401:132,405:131,407:131,416:129,421:128,422:128,426:127,432:125,433:124,434:122,476:107,491:102	4	-2.4613930326573903	16.91204016	0.886516374873998	GP_unb_13	186:362	4	0.0	0.3835105	1.7689581890458526	0	0	0	0		1	False	0
ecol-SAMN36872530	GP_1	16:94631,37:28745,43:11458,44:11420,48:6601,53:4654,56:4088,57:3970,64:2798,66:2610,68:2428,72:1927,78:1320,95:1003,97:939,107:856,108:853,110:822,112:794,113:773,125:628,127:623,129:614,138:554,142:517,147:458,163:430,171:400,173:398,180:371,193:349,215:302,219:290,222:287,231:266,250:254,292:201,301:184,316:172,317:171,326:166,344:158,346:157,351:155,359:149,360:148,363:148,364:148,391:137,396:136,401:132,405:131,407:131,416:129,421:128,422:128,426:127,432:125,433:124,434:122,476:107,491:102	4	-2.4613930326573903	16.91204016	0.886516374873998	GP_unb_14	187:362	4	0.0	0.30035579999999995	1.2234851000445908	4	-2.480974707594931	17.54257136	0.8865163748741907	341:160	0	False	0
ecol-SAMN36872530	GP_1	16:94631,37:28745,43:11458,44:11420,48:6601,53:4654,56:4088,57:3970,64:2798,66:2610,68:2428,72:1927,78:1320,95:1003,97:939,107:856,108:853,110:822,112:794,113:773,125:628,127:623,129:614,138:554,142:517,147:458,163:430,171:400,173:398,180:371,193:349,215:302,219:290,222:287,231:266,250:254,292:201,301:184,316:172,317:171,326:166,344:158,346:157,351:155,359:149,360:148,363:148,364:148,391:137,396:136,401:132,405:131,407:131,416:129,421:128,422:128,426:127,432:125,433:124,434:122,476:107,491:102	4	-2.4613930326573903	16.91204016	0.886516374873998	GP_unb_15	188:361	4	0.0	0.40441590000000005	2.1801419314440764	0	0	0	0		1	False	0
ecol-SAMN36872530	GP_1	16:94631,37:28745,43:11458,44:11420,48:6601,53:4654,56:4088,57:3970,64:2798,66:2610,68:2428,72:1927,78:1320,95:1003,97:939,107:856,108:853,110:822,112:794,113:773,125:628,127:623,129:614,138:554,142:517,147:458,163:430,171:400,173:398,180:371,193:349,215:302,219:290,222:287,231:266,250:254,292:201,301:184,316:172,317:171,326:166,344:158,346:157,351:155,359:149,360:148,363:148,364:148,391:137,396:136,401:132,405:131,407:131,416:129,421:128,422:128,426:127,432:125,433:124,434:122,476:107,491:102	4	-2.4613930326573903	16.91204016	0.886516374873998	GP_unb_16	189:355	5	0.0	0.23708344000000003	1.1509207517812585	0	0	0	0		1	False	0
ecol-SAMN36872530	GP_1	16:94631,37:28745,43:11458,44:11420,48:6601,53:4654,56:4088,57:3970,64:2798,66:2610,68:2428,72:1927,78:1320,95:1003,97:939,107:856,108:853,110:822,112:794,113:773,125:628,127:623,129:614,138:554,142:517,147:458,163:430,171:400,173:398,180:371,193:349,215:302,219:290,222:287,231:266,250:254,292:201,301:184,316:172,317:171,326:166,344:158,346:157,351:155,359:149,360:148,363:148,364:148,391:137,396:136,401:132,405:131,407:131,416:129,421:128,422:128,426:127,432:125,433:124,434:122,476:107,491:102	4	-2.4613930326573903	16.91204016	0.886516374873998	GP_unb_17	191:350	5	0.0	0.08336204000000003	1.2595182300314034	5	-4.0909559919435	24.64475318	0.12606851797318086	24:54847,46:8436,51:5589,77:1351,86:1108,88:1089,103:913,136:564,139:549,161:433,174:397,178:386,192:350,194:347,216:294,223:285,227:275,266:230,268:229,276:218,298:188,323:167,338:162,342:159,345:158,357:149,362:148,386:140,415:129,460:113,467:110,497:100,500:100,501:100	0	False	0
ecol-SAMN36872530	GP_1	16:94631,37:28745,43:11458,44:11420,48:6601,53:4654,56:4088,57:3970,64:2798,66:2610,68:2428,72:1927,78:1320,95:1003,97:939,107:856,108:853,110:822,112:794,113:773,125:628,127:623,129:614,138:554,142:517,147:458,163:430,171:400,173:398,180:371,193:349,215:302,219:290,222:287,231:266,250:254,292:201,301:184,316:172,317:171,326:166,344:158,346:157,351:155,359:149,360:148,363:148,364:148,391:137,396:136,401:132,405:131,407:131,416:129,421:128,422:128,426:127,432:125,433:124,434:122,476:107,491:102	4	-2.4613930326573903	16.91204016	0.886516374873998	GP_unb_18	195:346	4	0.0	0.37158420000000003	1.2203542593664316	5	-5.710597806499272	24.129357356999996	0.09466523723313003	24:54847,40:15869,47:7093,49:6074,50:6059,51:5589,54:4186,65:2743,77:1351,82:1182,88:1089,91:1077,96:969,103:913,106:862,114:744,134:572,136:564,137:564,144:484,161:433,174:397,178:386,192:350,194:347,196:345,216:294,223:285,227:275,247:258,266:230,268:229,276:218,298:188,323:167,327:166,331:165,338:162,342:159,345:158,352:153,356:149,357:149,362:148,374:144,381:142,386:140,389:137,440:120,441:119,460:113,467:110,481:105,482:105,496:100,497:100,500:100,501:100	0	False	0
ecol-SAMN36872530	GP_1	16:94631,37:28745,43:11458,44:11420,48:6601,53:4654,56:4088,57:3970,64:2798,66:2610,68:2428,72:1927,78:1320,95:1003,97:939,107:856,108:853,110:822,112:794,113:773,125:628,127:623,129:614,138:554,142:517,147:458,163:430,171:400,173:398,180:371,193:349,215:302,219:290,222:287,231:266,250:254,292:201,301:184,316:172,317:171,326:166,344:158,346:157,351:155,359:149,360:148,363:148,364:148,391:137,396:136,401:132,405:131,407:131,416:129,421:128,422:128,426:127,432:125,433:124,434:122,476:107,491:102	4	-2.4613930326573903	16.91204016	0.886516374873998	GP_unb_19	197:344	5	0.0	0.42712796	2.6294412872498882	0	0	0	0		1	False	0
ecol-SAMN36872530	GP_1	16:94631,37:28745,43:11458,44:11420,48:6601,53:4654,56:4088,57:3970,64:2798,66:2610,68:2428,72:1927,78:1320,95:1003,97:939,107:856,108:853,110:822,112:794,113:773,125:628,127:623,129:614,138:554,142:517,147:458,163:430,171:400,173:398,180:371,193:349,215:302,219:290,222:287,231:266,250:254,292:201,301:184,316:172,317:171,326:166,344:158,346:157,351:155,359:149,360:148,363:148,364:148,391:137,396:136,401:132,405:131,407:131,416:129,421:128,422:128,426:127,432:125,433:124,434:122,476:107,491:102	4	-2.4613930326573903	16.91204016	0.886516374873998	GP_unb_20	198:336	5	0.0	0.3686657	1.423545819378955	4	-2.557425019353453	17.69639873	0.8865163748741907	204:316	0	False	0
ecol-SAMN36872530	GP_1	16:94631,37:28745,43:11458,44:11420,48:6601,53:4654,56:4088,57:3970,64:2798,66:2610,68:2428,72:1927,78:1320,95:1003,97:939,107:856,108:853,110:822,112:794,113:773,125:628,127:623,129:614,138:554,142:517,147:458,163:430,171:400,173:398,180:371,193:349,215:302,219:290,222:287,231:266,250:254,292:201,301:184,316:172,317:171,326:166,344:158,346:157,351:155,359:149,360:148,363:148,364:148,391:137,396:136,401:132,405:131,407:131,416:129,421:128,422:128,426:127,432:125,433:124,434:122,476:107,491:102	4	-2.4613930326573903	16.91204016	0.886516374873998	GP_unb_21	200:324	4	0.0	0.4202479	2.7509226492604575	0	0	0	0		1	False	0
ecol-SAMN36872530	GP_1	16:94631,37:28745,43:11458,44:11420,48:6601,53:4654,56:4088,57:3970,64:2798,66:2610,68:2428,72:1927,78:1320,95:1003,97:939,107:856,108:853,110:822,112:794,113:773,125:628,127:623,129:614,138:554,142:517,147:458,163:430,171:400,173:398,180:371,193:349,215:302,219:290,222:287,231:266,250:254,292:201,301:184,316:172,317:171,326:166,344:158,346:157,351:155,359:149,360:148,363:148,364:148,391:137,396:136,401:132,405:131,407:131,416:129,421:128,422:128,426:127,432:125,433:124,434:122,476:107,491:102	4	-2.4613930326573903	16.91204016	0.886516374873998	GP_unb_22	202:317	5	0.0	0.3017898	1.0665351081088774	5	-4.349551930250053	26.37612487	0.09466523723313003	24:54847,47:7093,51:5589,67:2454,77:1351,88:1089,93:1048,96:969,103:913,123:635,137:564,161:433,170:403,174:397,178:386,182:366,192:350,194:347,196:345,203:316,216:294,223:285,227:275,266:230,268:229,276:218,298:188,323:167,327:166,331:165,338:162,342:159,345:158,352:153,357:149,362:148,386:140,440:120,460:113,467:110,497:100,500:100,501:100	0	False	0
ecol-SAMN36872530	GP_1	16:94631,37:28745,43:11458,44:11420,48:6601,53:4654,56:4088,57:3970,64:2798,66:2610,68:2428,72:1927,78:1320,95:1003,97:939,107:856,108:853,110:822,112:794,113:773,125:628,127:623,129:614,138:554,142:517,147:458,163:430,171:400,173:398,180:371,193:349,215:302,219:290,222:287,231:266,250:254,292:201,301:184,316:172,317:171,326:166,344:158,346:157,351:155,359:149,360:148,363:148,364:148,391:137,396:136,401:132,405:131,407:131,416:129,421:128,422:128,426:127,432:125,433:124,434:122,476:107,491:102	4	-2.4613930326573903	16.91204016	0.886516374873998	GP_unb_23	206:311	5	0.0	0.35516119999999995	1.2266491466087301	0	0	0	0		1	False	0
ecol-SAMN36872530	GP_1	16:94631,37:28745,43:11458,44:11420,48:6601,53:4654,56:4088,57:3970,64:2798,66:2610,68:2428,72:1927,78:1320,95:1003,97:939,107:856,108:853,110:822,112:794,113:773,125:628,127:623,129:614,138:554,142:517,147:458,163:430,171:400,173:398,180:371,193:349,215:302,219:290,222:287,231:266,250:254,292:201,301:184,316:172,317:171,326:166,344:158,346:157,351:155,359:149,360:148,363:148,364:148,391:137,396:136,401:132,405:131,407:131,416:129,421:128,422:128,426:127,432:125,433:124,434:122,476:107,491:102	4	-2.4613930326573903	16.91204016	0.886516374873998	GP_unb_24	207:310	5	0.0	0.36328079999999996	1.3697570277885829	4	-2.590388486433252	17.69101383	0.8865163748741907	204:316	0	False	0
ecol-SAMN36872530	GP_1	16:94631,37:28745,43:11458,44:11420,48:6601,53:4654,56:4088,57:3970,64:2798,66:2610,68:2428,72:1927,78:1320,95:1003,97:939,107:856,108:853,110:822,112:794,113:773,125:628,127:623,129:614,138:554,142:517,147:458,163:430,171:400,173:398,180:371,193:349,215:302,219:290,222:287,231:266,250:254,292:201,301:184,316:172,317:171,326:166,344:158,346:157,351:155,359:149,360:148,363:148,364:148,391:137,396:136,401:132,405:131,407:131,416:129,421:128,422:128,426:127,432:125,433:124,434:122,476:107,491:102	4	-2.4613930326573903	16.91204016	0.886516374873998	GP_unb_25	224:283	5	0.0	0.38022940000000005	2.8093507774921016	0	0	0	0		1	False	0
ecol-SAMN36872530	GP_1	16:94631,37:28745,43:11458,44:11420,48:6601,53:4654,56:4088,57:3970,64:2798,66:2610,68:2428,72:1927,78:1320,95:1003,97:939,107:856,108:853,110:822,112:794,113:773,125:628,127:623,129:614,138:554,142:517,147:458,163:430,171:400,173:398,180:371,193:349,215:302,219:290,222:287,231:266,250:254,292:201,301:184,316:172,317:171,326:166,344:158,346:157,351:155,359:149,360:148,363:148,364:148,391:137,396:136,401:132,405:131,407:131,416:129,421:128,422:128,426:127,432:125,433:124,434:122,476:107,491:102	4	-2.4613930326573903	16.91204016	0.886516374873998	GP_unb_26	228:272	5	0.0	0.25058293	0.9616519453905487	5	-4.58292911289666	22.603735199	0.09466523723313003	9:244564,24:54847,45:9544,47:7093,49:6074,51:5589,54:4186,76:1732,77:1351,82:1182,88:1089,91:1077,96:969,103:913,115:721,121:670,136:564,137:564,161:433,174:397,178:386,192:350,194:347,196:345,216:294,223:285,227:275,266:230,268:229,276:218,298:188,323:167,327:166,331:165,338:162,342:159,345:158,352:153,357:149,362:148,386:140,440:120,460:113,463:112,467:110,497:100,500:100,501:100	0	False	0
ecol-SAMN36872530	GP_1	16:94631,37:28745,43:11458,44:11420,48:6601,53:4654,56:4088,57:3970,64:2798,66:2610,68:2428,72:1927,78:1320,95:1003,97:939,107:856,108:853,110:822,112:794,113:773,125:628,127:623,129:614,138:554,142:517,147:458,163:430,171:400,173:398,180:371,193:349,215:302,219:290,222:287,231:266,250:254,292:201,301:184,316:172,317:171,326:166,344:158,346:157,351:155,359:149,360:148,363:148,364:148,391:137,396:136,401:132,405:131,407:131,416:129,421:128,422:128,426:127,432:125,433:124,434:122,476:107,491:102	4	-2.4613930326573903	16.91204016	0.886516374873998	GP_unb_27	230:266	4	0.0	0.05602099999999999	1.1090054362779047	4	-2.4613930326573903	16.96806116	0.8865163748741907		0	False	0
ecol-SAMN36872530	GP_1	16:94631,37:28745,43:11458,44:11420,48:6601,53:4654,56:4088,57:3970,64:2798,66:2610,68:2428,72:1927,78:1320,95:1003,97:939,107:856,108:853,110:822,112:794,113:773,125:628,127:623,129:614,138:554,142:517,147:458,163:430,171:400,173:398,180:371,193:349,215:302,219:290,222:287,231:266,250:254,292:201,301:184,316:172,317:171,326:166,344:158,346:157,351:155,359:149,360:148,363:148,364:148,391:137,396:136,401:132,405:131,407:131,416:129,421:128,422:128,426:127,432:125,433:124,434:122,476:107,491:102	4	-2.4613930326573903	16.91204016	0.886516374873998	GP_unb_28	240:262	4	0.0	0.37342995	1.520217640864112	0	0	0	0		1	False	0
ecol-SAMN36872530	GP_1	16:94631,37:28745,43:11458,44:11420,48:6601,53:4654,56:4088,57:3970,64:2798,66:2610,68:2428,72:1927,78:1320,95:1003,97:939,107:856,108:853,110:822,112:794,113:773,125:628,127:623,129:614,138:554,142:517,147:458,163:430,171:400,173:398,180:371,193:349,215:302,219:290,222:287,231:266,250:254,292:201,301:184,316:172,317:171,326:166,344:158,346:157,351:155,359:149,360:148,363:148,364:148,391:137,396:136,401:132,405:131,407:131,416:129,421:128,422:128,426:127,432:125,433:124,434:122,476:107,491:102	4	-2.4613930326573903	16.91204016	0.886516374873998	GP_unb_29	241:262	5	0.0	0.4311385	3.3622430101610012	0	0	0	0		1	False	0
ecol-SAMN36872530	GP_1	16:94631,37:28745,43:11458,44:11420,48:6601,53:4654,56:4088,57:3970,64:2798,66:2610,68:2428,72:1927,78:1320,95:1003,97:939,107:856,108:853,110:822,112:794,113:773,125:628,127:623,129:614,138:554,142:517,147:458,163:430,171:400,173:398,180:371,193:349,215:302,219:290,222:287,231:266,250:254,292:201,301:184,316:172,317:171,326:166,344:158,346:157,351:155,359:149,360:148,363:148,364:148,391:137,396:136,401:132,405:131,407:131,416:129,421:128,422:128,426:127,432:125,433:124,434:122,476:107,491:102	4	-2.4613930326573903	16.91204016	0.886516374873998	GP_unb_30	243:261	5	0.0	0.26176393	1.207005493202281	4	-2.4989756194933825	17.17380409	0.8865163748741907		0	False	0
ecol-SAMN36872530	GP_1	16:94631,37:28745,43:11458,44:11420,48:6601,53:4654,56:4088,57:3970,64:2798,66:2610,68:2428,72:1927,78:1320,95:1003,97:939,107:856,108:853,110:822,112:794,113:773,125:628,127:623,129:614,138:554,142:517,147:458,163:430,171:400,173:398,180:371,193:349,215:302,219:290,222:287,231:266,250:254,292:201,301:184,316:172,317:171,326:166,344:158,346:157,351:155,359:149,360:148,363:148,364:148,391:137,396:136,401:132,405:131,407:131,416:129,421:128,422:128,426:127,432:125,433:124,434:122,476:107,491:102	4	-2.4613930326573903	16.91204016	0.886516374873998	GP_unb_31	244:261	5	0.0	0.36661862999999995	3.3684193049533695	4	-2.528151933840471	17.27865879	0.8865163748741907		0	False	0
ecol-SAMN36872530	GP_1	16:94631,37:28745,43:11458,44:11420,48:6601,53:4654,56:4088,57:3970,64:2798,66:2610,68:2428,72:1927,78:1320,95:1003,97:939,107:856,108:853,110:822,112:794,113:773,125:628,127:623,129:614,138:554,142:517,147:458,163:430,171:400,173:398,180:371,193:349,215:302,219:290,222:287,231:266,250:254,292:201,301:184,316:172,317:171,326:166,344:158,346:157,351:155,359:149,360:148,363:148,364:148,391:137,396:136,401:132,405:131,407:131,416:129,421:128,422:128,426:127,432:125,433:124,434:122,476:107,491:102	4	-2.4613930326573903	16.91204016	0.886516374873998	GP_unb_32	248:258	5	0.0	0.13952339999999996	0.5878485432103451	5	-4.349551930250053	26.15982487	0.09466523723313003	24:54847,47:7093,51:5589,77:1351,88:1089,93:1048,96:969,103:913,123:635,137:564,161:433,170:403,174:397,178:386,182:366,192:350,194:347,196:345,203:316,216:294,223:285,227:275,266:230,268:229,276:218,298:188,323:167,327:166,330:165,331:165,338:162,342:159,345:158,352:153,357:149,362:148,386:140,440:120,460:113,467:110,497:100,500:100,501:100	0	False	0
ecol-SAMN36872530	GP_1	16:94631,37:28745,43:11458,44:11420,48:6601,53:4654,56:4088,57:3970,64:2798,66:2610,68:2428,72:1927,78:1320,95:1003,97:939,107:856,108:853,110:822,112:794,113:773,125:628,127:623,129:614,138:554,142:517,147:458,163:430,171:400,173:398,180:371,193:349,215:302,219:290,222:287,231:266,250:254,292:201,301:184,316:172,317:171,326:166,344:158,346:157,351:155,359:149,360:148,363:148,364:148,391:137,396:136,401:132,405:131,407:131,416:129,421:128,422:128,426:127,432:125,433:124,434:122,476:107,491:102	4	-2.4613930326573903	16.91204016	0.886516374873998	GP_unb_33	252:253	5	0.0	0.14144902999999998	0.8808193315180782	0	0	0	0		1	False	0
ecol-SAMN36872530	GP_1	16:94631,37:28745,43:11458,44:11420,48:6601,53:4654,56:4088,57:3970,64:2798,66:2610,68:2428,72:1927,78:1320,95:1003,97:939,107:856,108:853,110:822,112:794,113:773,125:628,127:623,129:614,138:554,142:517,147:458,163:430,171:400,173:398,180:371,193:349,215:302,219:290,222:287,231:266,250:254,292:201,301:184,316:172,317:171,326:166,344:158,346:157,351:155,359:149,360:148,363:148,364:148,391:137,396:136,401:132,405:131,407:131,416:129,421:128,422:128,426:127,432:125,433:124,434:122,476:107,491:102	4	-2.4613930326573903	16.91204016	0.886516374873998	GP_unb_34	253:253	5	0.0	0.26612866	3.4283986224301017	0	0	0	0		1	False	0
ecol-SAMN36872530	GP_1	16:94631,37:28745,43:11458,44:11420,48:6601,53:4654,56:4088,57:3970,64:2798,66:2610,68:2428,72:1927,78:1320,95:1003,97:939,107:856,108:853,110:822,112:794,113:773,125:628,127:623,129:614,138:554,142:517,147:458,163:430,171:400,173:398,180:371,193:349,215:302,219:290,222:287,231:266,250:254,292:201,301:184,316:172,317:171,326:166,344:158,346:157,351:155,359:149,360:148,363:148,364:148,391:137,396:136,401:132,405:131,407:131,416:129,421:128,422:128,426:127,432:125,433:124,434:122,476:107,491:102	4	-2.4613930326573903	16.91204016	0.886516374873998	GP_unb_35	256:248	4	0.0	0.31227165	1.2360701308311905	4	-2.560782199968867	18.40262072	0.8865163748741907	291:202,376:144,418:128	0	False	0
ecol-SAMN36872530	GP_1	16:94631,37:28745,43:11458,44:11420,48:6601,53:4654,56:4088,57:3970,64:2798,66:2610,68:2428,72:1927,78:1320,95:1003,97:939,107:856,108:853,110:822,112:794,113:773,125:628,127:623,129:614,138:554,142:517,147:458,163:430,171:400,173:398,180:371,193:349,215:302,219:290,222:287,231:266,250:254,292:201,301:184,316:172,317:171,326:166,344:158,346:157,351:155,359:149,360:148,363:148,364:148,391:137,396:136,401:132,405:131,407:131,416:129,421:128,422:128,426:127,432:125,433:124,434:122,476:107,491:102	4	-2.4613930326573903	16.91204016	0.886516374873998	GP_unb_36	259:238	5	0.0	0.24546250000000003	1.1636860430917526	0	0	0	0		1	False	0
ecol-SAMN36872530	GP_1	16:94631,37:28745,43:11458,44:11420,48:6601,53:4654,56:4088,57:3970,64:2798,66:2610,68:2428,72:1927,78:1320,95:1003,97:939,107:856,108:853,110:822,112:794,113:773,125:628,127:623,129:614,138:554,142:517,147:458,163:430,171:400,173:398,180:371,193:349,215:302,219:290,222:287,231:266,250:254,292:201,301:184,316:172,317:171,326:166,344:158,346:157,351:155,359:149,360:148,363:148,364:148,391:137,396:136,401:132,405:131,407:131,416:129,421:128,422:128,426:127,432:125,433:124,434:122,476:107,491:102	4	-2.4613930326573903	16.91204016	0.886516374873998	GP_unb_37	260:237	5	0.0	0.05604050000000005	13.619204386971907	4	-2.5545331978326886	16.968080660000002	0.8865163748741907		0	False	0
ecol-SAMN36872530	GP_1	16:94631,37:28745,43:11458,44:11420,48:6601,53:4654,56:4088,57:3970,64:2798,66:2610,68:2428,72:1927,78:1320,95:1003,97:939,107:856,108:853,110:822,112:794,113:773,125:628,127:623,129:614,138:554,142:517,147:458,163:430,171:400,173:398,180:371,193:349,215:302,219:290,222:287,231:266,250:254,292:201,301:184,316:172,317:171,326:166,344:158,346:157,351:155,359:149,360:148,363:148,364:148,391:137,396:136,401:132,405:131,407:131,416:129,421:128,422:128,426:127,432:125,433:124,434:122,476:107,491:102	4	-2.4613930326573903	16.91204016	0.886516374873998	GP_unb_38	262:233	5	0.0	0.2861129	1.2442198039903987	0	0	0	0		1	False	0
ecol-SAMN36872530	GP_1	16:94631,37:28745,43:11458,44:11420,48:6601,53:4654,56:4088,57:3970,64:2798,66:2610,68:2428,72:1927,78:1320,95:1003,97:939,107:856,108:853,110:822,112:794,113:773,125:628,127:623,129:614,138:554,142:517,147:458,163:430,171:400,173:398,180:371,193:349,215:302,219:290,222:287,231:266,250:254,292:201,301:184,316:172,317:171,326:166,344:158,346:157,351:155,359:149,360:148,363:148,364:148,391:137,396:136,401:132,405:131,407:131,416:129,421:128,422:128,426:127,432:125,433:124,434:122,476:107,491:102	4	-2.4613930326573903	16.91204016	0.886516374873998	GP_unb_39	265:230	4	0.0	0.4446145	1.9082948303179226	4	-2.833309782794977	20.53143512	0.2269385121871892	50:6059,65:2743,109:827,247:258,374:144,481:105,482:105,496:100	0	False	0
ecol-SAMN36872530	GP_1	16:94631,37:28745,43:11458,44:11420,48:6601,53:4654,56:4088,57:3970,64:2798,66:2610,68:2428,72:1927,78:1320,95:1003,97:939,107:856,108:853,110:822,112:794,113:773,125:628,127:623,129:614,138:554,142:517,147:458,163:430,171:400,173:398,180:371,193:349,215:302,219:290,222:287,231:266,250:254,292:201,301:184,316:172,317:171,326:166,344:158,346:157,351:155,359:149,360:148,363:148,364:148,391:137,396:136,401:132,405:131,407:131,416:129,421:128,422:128,426:127,432:125,433:124,434:122,476:107,491:102	4	-2.4613930326573903	16.91204016	0.886516374873998	GP_unb_40	267:230	4	0.0	0.4108598	1.4864045615399941	4	-2.833309782794977	20.497680420000002	0.2269385121871892	50:6059,65:2743,109:827,247:258,374:144,481:105,482:105,496:100	0	False	0
ecol-SAMN36872530	GP_1	16:94631,37:28745,43:11458,44:11420,48:6601,53:4654,56:4088,57:3970,64:2798,66:2610,68:2428,72:1927,78:1320,95:1003,97:939,107:856,108:853,110:822,112:794,113:773,125:628,127:623,129:614,138:554,142:517,147:458,163:430,171:400,173:398,180:371,193:349,215:302,219:290,222:287,231:266,250:254,292:201,301:184,316:172,317:171,326:166,344:158,346:157,351:155,359:149,360:148,363:148,364:148,391:137,396:136,401:132,405:131,407:131,416:129,421:128,422:128,426:127,432:125,433:124,434:122,476:107,491:102	4	-2.4613930326573903	16.91204016	0.886516374873998	GP_unb_41	274:224	5	0.0	0.3802713	4.4419988045881045	0	0	0	0		1	False	0
ecol-SAMN36872530	GP_1	16:94631,37:28745,43:11458,44:11420,48:6601,53:4654,56:4088,57:3970,64:2798,66:2610,68:2428,72:1927,78:1320,95:1003,97:939,107:856,108:853,110:822,112:794,113:773,125:628,127:623,129:614,138:554,142:517,147:458,163:430,171:400,173:398,180:371,193:349,215:302,219:290,222:287,231:266,250:254,292:201,301:184,316:172,317:171,326:166,344:158,346:157,351:155,359:149,360:148,363:148,364:148,391:137,396:136,401:132,405:131,407:131,416:129,421:128,422:128,426:127,432:125,433:124,434:122,476:107,491:102	4	-2.4613930326573903	16.91204016	0.886516374873998	GP_unb_42	279:217	5	0.0	0.24067340000000004	1.1953834331091147	5	-4.0909559919435	24.80206454	0.12606851797318086	24:54847,46:8436,51:5589,77:1351,86:1108,88:1089,103:913,136:564,139:549,161:433,174:397,178:386,192:350,194:347,216:294,223:285,227:275,266:230,268:229,276:218,298:188,323:167,338:162,342:159,345:158,357:149,362:148,386:140,415:129,460:113,467:110,497:100,500:100,501:100	0	False	0
ecol-SAMN36872530	GP_1	16:94631,37:28745,43:11458,44:11420,48:6601,53:4654,56:4088,57:3970,64:2798,66:2610,68:2428,72:1927,78:1320,95:1003,97:939,107:856,108:853,110:822,112:794,113:773,125:628,127:623,129:614,138:554,142:517,147:458,163:430,171:400,173:398,180:371,193:349,215:302,219:290,222:287,231:266,250:254,292:201,301:184,316:172,317:171,326:166,344:158,346:157,351:155,359:149,360:148,363:148,364:148,391:137,396:136,401:132,405:131,407:131,416:129,421:128,422:128,426:127,432:125,433:124,434:122,476:107,491:102	4	-2.4613930326573903	16.91204016	0.886516374873998	GP_unb_43	280:217	5	0.0	0.31301	3.179027162414732	5	-4.0909559919435	24.87440114	0.12606851797318086	24:54847,46:8436,51:5589,77:1351,86:1108,88:1089,103:913,136:564,139:549,161:433,174:397,178:386,192:350,194:347,216:294,223:285,227:275,266:230,268:229,276:218,298:188,323:167,338:162,342:159,345:158,357:149,362:148,386:140,415:129,460:113,467:110,497:100,500:100,501:100	0	False	0
ecol-SAMN36872530	GP_1	16:94631,37:28745,43:11458,44:11420,48:6601,53:4654,56:4088,57:3970,64:2798,66:2610,68:2428,72:1927,78:1320,95:1003,97:939,107:856,108:853,110:822,112:794,113:773,125:628,127:623,129:614,138:554,142:517,147:458,163:430,171:400,173:398,180:371,193:349,215:302,219:290,222:287,231:266,250:254,292:201,301:184,316:172,317:171,326:166,344:158,346:157,351:155,359:149,360:148,363:148,364:148,391:137,396:136,401:132,405:131,407:131,416:129,421:128,422:128,426:127,432:125,433:124,434:122,476:107,491:102	4	-2.4613930326573903	16.91204016	0.886516374873998	GP_unb_44	283:210	5	0.0	0.1547651	0.9413726364524728	5	-4.0909559919435	24.928731239999998	0.12606851797318086	24:54847,46:8436,51:5589,77:1351,86:1108,88:1089,103:913,136:564,139:549,160:436,161:433,174:397,178:386,192:350,194:347,216:294,223:285,227:275,266:230,268:229,276:218,298:188,323:167,338:162,342:159,345:158,357:149,362:148,386:140,415:129,460:113,467:110,497:100,500:100,501:100	0	False	0
ecol-SAMN36872530	GP_1	16:94631,37:28745,43:11458,44:11420,48:6601,53:4654,56:4088,57:3970,64:2798,66:2610,68:2428,72:1927,78:1320,95:1003,97:939,107:856,108:853,110:822,112:794,113:773,125:628,127:623,129:614,138:554,142:517,147:458,163:430,171:400,173:398,180:371,193:349,215:302,219:290,222:287,231:266,250:254,292:201,301:184,316:172,317:171,326:166,344:158,346:157,351:155,359:149,360:148,363:148,364:148,391:137,396:136,401:132,405:131,407:131,416:129,421:128,422:128,426:127,432:125,433:124,434:122,476:107,491:102	4	-2.4613930326573903	16.91204016	0.886516374873998	GP_unb_45	285:208	5	0.0	0.16101325	1.032333045548988	0	0	0	0		1	False	0
ecol-SAMN36872530	GP_1	16:94631,37:28745,43:11458,44:11420,48:6601,53:4654,56:4088,57:3970,64:2798,66:2610,68:2428,72:1927,78:1320,95:1003,97:939,107:856,108:853,110:822,112:794,113:773,125:628,127:623,129:614,138:554,142:517,147:458,163:430,171:400,173:398,180:371,193:349,215:302,219:290,222:287,231:266,250:254,292:201,301:184,316:172,317:171,326:166,344:158,346:157,351:155,359:149,360:148,363:148,364:148,391:137,396:136,401:132,405:131,407:131,416:129,421:128,422:128,426:127,432:125,433:124,434:122,476:107,491:102	4	-2.4613930326573903	16.91204016	0.886516374873998	GP_unb_46	286:208	5	0.0	0.282513	3.956737474265438	0	0	0	0		1	False	0
ecol-SAMN36872530	GP_1	16:94631,37:28745,43:11458,44:11420,48:6601,53:4654,56:4088,57:3970,64:2798,66:2610,68:2428,72:1927,78:1320,95:1003,97:939,107:856,108:853,110:822,112:794,113:773,125:628,127:623,129:614,138:554,142:517,147:458,163:430,171:400,173:398,180:371,193:349,215:302,219:290,222:287,231:266,250:254,292:201,301:184,316:172,317:171,326:166,344:158,346:157,351:155,359:149,360:148,363:148,364:148,391:137,396:136,401:132,405:131,407:131,416:129,421:128,422:128,426:127,432:125,433:124,434:122,476:107,491:102	4	-2.4613930326573903	16.91204016	0.886516374873998	GP_unb_47	289:204	4	0.0	0.29595952999999997	2.057408233162244	4	-2.4613930326573903	17.20799969	0.8865163748741907		0	False	0
ecol-SAMN36872530	GP_1	16:94631,37:28745,43:11458,44:11420,48:6601,53:4654,56:4088,57:3970,64:2798,66:2610,68:2428,72:1927,78:1320,95:1003,97:939,107:856,108:853,110:822,112:794,113:773,125:628,127:623,129:614,138:554,142:517,147:458,163:430,171:400,173:398,180:371,193:349,215:302,219:290,222:287,231:266,250:254,292:201,301:184,316:172,317:171,326:166,344:158,346:157,351:155,359:149,360:148,363:148,364:148,391:137,396:136,401:132,405:131,407:131,416:129,421:128,422:128,426:127,432:125,433:124,434:122,476:107,491:102	4	-2.4613930326573903	16.91204016	0.886516374873998	GP_unb_48	309:177	5	0.0	0.008116699999999977	6.132747644753945	0	0	0	0		1	False	0
ecol-SAMN36872530	GP_1	16:94631,37:28745,43:11458,44:11420,48:6601,53:4654,56:4088,57:3970,64:2798,66:2610,68:2428,72:1927,78:1320,95:1003,97:939,107:856,108:853,110:822,112:794,113:773,125:628,127:623,129:614,138:554,142:517,147:458,163:430,171:400,173:398,180:371,193:349,215:302,219:290,222:287,231:266,250:254,292:201,301:184,316:172,317:171,326:166,344:158,346:157,351:155,359:149,360:148,363:148,364:148,391:137,396:136,401:132,405:131,407:131,416:129,421:128,422:128,426:127,432:125,433:124,434:122,476:107,491:102	4	-2.4613930326573903	16.91204016	0.886516374873998	GP_unb_49	315:173	5	0.0	0.32111144	2.611600239082379	4	-2.6184196849253665	17.73499949	0.8865163748741907	36:29711,305:182,380:142	0	False	0
ecol-SAMN36872530	GP_1	16:94631,37:28745,43:11458,44:11420,48:6601,53:4654,56:4088,57:3970,64:2798,66:2610,68:2428,72:1927,78:1320,95:1003,97:939,107:856,108:853,110:822,112:794,113:773,125:628,127:623,129:614,138:554,142:517,147:458,163:430,171:400,173:398,180:371,193:349,215:302,219:290,222:287,231:266,250:254,292:201,301:184,316:172,317:171,326:166,344:158,346:157,351:155,359:149,360:148,363:148,364:148,391:137,396:136,401:132,405:131,407:131,416:129,421:128,422:128,426:127,432:125,433:124,434:122,476:107,491:102	4	-2.4613930326573903	16.91204016	0.886516374873998	GP_unb_50	318:170	4	0.0	0.28726719999999994	1.765571188675844	4	-2.654879023361539	17.224209674	0.8865163748760096	31:40858,159:436,296:193,304:183,372:146,385:141,390:137,402:131,439:120,474:108,492:101	0	False	0
ecol-SAMN36872530	GP_1	16:94631,37:28745,43:11458,44:11420,48:6601,53:4654,56:4088,57:3970,64:2798,66:2610,68:2428,72:1927,78:1320,95:1003,97:939,107:856,108:853,110:822,112:794,113:773,125:628,127:623,129:614,138:554,142:517,147:458,163:430,171:400,173:398,180:371,193:349,215:302,219:290,222:287,231:266,250:254,292:201,301:184,316:172,317:171,326:166,344:158,346:157,351:155,359:149,360:148,363:148,364:148,391:137,396:136,401:132,405:131,407:131,416:129,421:128,422:128,426:127,432:125,433:124,434:122,476:107,491:102	4	-2.4613930326573903	16.91204016	0.886516374873998	GP_unb_51	320:168	4	0.0	0.1385227	1.2671176342229349	4	-2.4613930326573903	16.05891174	0.6286348585908854	184:362,226:278,297:189,397:133,462:113,475:108	0	False	0
ecol-SAMN36872530	GP_1	16:94631,37:28745,43:11458,44:11420,48:6601,53:4654,56:4088,57:3970,64:2798,66:2610,68:2428,72:1927,78:1320,95:1003,97:939,107:856,108:853,110:822,112:794,113:773,125:628,127:623,129:614,138:554,142:517,147:458,163:430,171:400,173:398,180:371,193:349,215:302,219:290,222:287,231:266,250:254,292:201,301:184,316:172,317:171,326:166,344:158,346:157,351:155,359:149,360:148,363:148,364:148,391:137,396:136,401:132,405:131,407:131,416:129,421:128,422:128,426:127,432:125,433:124,434:122,476:107,491:102	4	-2.4613930326573903	16.91204016	0.886516374873998	GP_unb_52	321:168	4	0.0	0.14261687	0.905035909793839	4	-2.4613930326573903	16.06300591	0.6286348585908854	184:362,226:278,297:189,397:133,462:113,475:108	0	False	0
ecol-SAMN36872530	GP_1	16:94631,37:28745,43:11458,44:11420,48:6601,53:4654,56:4088,57:3970,64:2798,66:2610,68:2428,72:1927,78:1320,95:1003,97:939,107:856,108:853,110:822,112:794,113:773,125:628,127:623,129:614,138:554,142:517,147:458,163:430,171:400,173:398,180:371,193:349,215:302,219:290,222:287,231:266,250:254,292:201,301:184,316:172,317:171,326:166,344:158,346:157,351:155,359:149,360:148,363:148,364:148,391:137,396:136,401:132,405:131,407:131,416:129,421:128,422:128,426:127,432:125,433:124,434:122,476:107,491:102	4	-2.4613930326573903	16.91204016	0.886516374873998	GP_unb_53	322:167	4	0.0	0.027093400000000045	1.6137325313321251	4	-2.4613930326573903	16.939133560000002	0.8865163748741907		0	False	0
ecol-SAMN36872530	GP_1	16:94631,37:28745,43:11458,44:11420,48:6601,53:4654,56:4088,57:3970,64:2798,66:2610,68:2428,72:1927,78:1320,95:1003,97:939,107:856,108:853,110:822,112:794,113:773,125:628,127:623,129:614,138:554,142:517,147:458,163:430,171:400,173:398,180:371,193:349,215:302,219:290,222:287,231:266,250:254,292:201,301:184,316:172,317:171,326:166,344:158,346:157,351:155,359:149,360:148,363:148,364:148,391:137,396:136,401:132,405:131,407:131,416:129,421:128,422:128,426:127,432:125,433:124,434:122,476:107,491:102	4	-2.4613930326573903	16.91204016	0.886516374873998	GP_unb_54	325:166	5	0.0	0.265622	0.8411572725633994	5	-5.694313552499022	25.352840856999997	0.09466523723313003	24:54847,40:15869,47:7093,49:6074,50:6059,51:5589,54:4186,65:2743,77:1351,82:1182,88:1089,91:1077,96:969,103:913,106:862,111:801,114:744,134:572,136:564,137:564,144:484,161:433,174:397,178:386,192:350,194:347,196:345,216:294,223:285,227:275,247:258,266:230,268:229,276:218,298:188,323:167,327:166,331:165,338:162,342:159,345:158,352:153,356:149,357:149,361:148,362:148,366:147,374:144,381:142,386:140,389:137,440:120,441:119,460:113,467:110,481:105,482:105,496:100,497:100,500:100,501:100	0	False	0
ecol-SAMN36872530	GP_1	16:94631,37:28745,43:11458,44:11420,48:6601,53:4654,56:4088,57:3970,64:2798,66:2610,68:2428,72:1927,78:1320,95:1003,97:939,107:856,108:853,110:822,112:794,113:773,125:628,127:623,129:614,138:554,142:517,147:458,163:430,171:400,173:398,180:371,193:349,215:302,219:290,222:287,231:266,250:254,292:201,301:184,316:172,317:171,326:166,344:158,346:157,351:155,359:149,360:148,363:148,364:148,391:137,396:136,401:132,405:131,407:131,416:129,421:128,422:128,426:127,432:125,433:124,434:122,476:107,491:102	4	-2.4613930326573903	16.91204016	0.886516374873998	GP_unb_55	328:166	4	0.0	0.34303170000000005	1.5768289327628244	4	-2.5657072441259583	19.21760767	0.8865163748741907	296:193,304:183,372:146,439:120,502:100	0	False	0
ecol-SAMN36872530	GP_1	16:94631,37:28745,43:11458,44:11420,48:6601,53:4654,56:4088,57:3970,64:2798,66:2610,68:2428,72:1927,78:1320,95:1003,97:939,107:856,108:853,110:822,112:794,113:773,125:628,127:623,129:614,138:554,142:517,147:458,163:430,171:400,173:398,180:371,193:349,215:302,219:290,222:287,231:266,250:254,292:201,301:184,316:172,317:171,326:166,344:158,346:157,351:155,359:149,360:148,363:148,364:148,391:137,396:136,401:132,405:131,407:131,416:129,421:128,422:128,426:127,432:125,433:124,434:122,476:107,491:102	4	-2.4613930326573903	16.91204016	0.886516374873998	GP_unb_56	334:162	5	0.0	0.11768060000000002	2.5466637571985618	5	-4.58292911289666	22.470832869	0.09466523723313003	9:244564,24:54847,45:9544,47:7093,49:6074,51:5589,54:4186,76:1732,77:1351,82:1182,88:1089,91:1077,96:969,103:913,115:721,121:670,136:564,137:564,161:433,174:397,178:386,192:350,194:347,196:345,216:294,223:285,227:275,266:230,268:229,276:218,298:188,323:167,327:166,331:165,338:162,342:159,345:158,352:153,357:149,362:148,386:140,440:120,460:113,463:112,467:110,497:100,500:100,501:100	0	False	0
ecol-SAMN36872530	GP_1	16:94631,37:28745,43:11458,44:11420,48:6601,53:4654,56:4088,57:3970,64:2798,66:2610,68:2428,72:1927,78:1320,95:1003,97:939,107:856,108:853,110:822,112:794,113:773,125:628,127:623,129:614,138:554,142:517,147:458,163:430,171:400,173:398,180:371,193:349,215:302,219:290,222:287,231:266,250:254,292:201,301:184,316:172,317:171,326:166,344:158,346:157,351:155,359:149,360:148,363:148,364:148,391:137,396:136,401:132,405:131,407:131,416:129,421:128,422:128,426:127,432:125,433:124,434:122,476:107,491:102	4	-2.4613930326573903	16.91204016	0.886516374873998	GP_unb_57	337:162	5	0.0	0.36108039999999997	2.737113744390577	0	0	0	0		1	False	0
ecol-SAMN36872530	GP_1	16:94631,37:28745,43:11458,44:11420,48:6601,53:4654,56:4088,57:3970,64:2798,66:2610,68:2428,72:1927,78:1320,95:1003,97:939,107:856,108:853,110:822,112:794,113:773,125:628,127:623,129:614,138:554,142:517,147:458,163:430,171:400,173:398,180:371,193:349,215:302,219:290,222:287,231:266,250:254,292:201,301:184,316:172,317:171,326:166,344:158,346:157,351:155,359:149,360:148,363:148,364:148,391:137,396:136,401:132,405:131,407:131,416:129,421:128,422:128,426:127,432:125,433:124,434:122,476:107,491:102	4	-2.4613930326573903	16.91204016	0.886516374873998	GP_unb_58	365:148	5	0.0	0.27870107	1.905737977097426	5	-4.1860419719028785	24.30929845	0.12606851797318086	24:54847,46:8436,51:5589,77:1351,88:1089,96:969,103:913,136:564,137:564,161:433,174:397,178:386,192:350,194:347,196:345,216:294,221:287,223:285,227:275,266:230,268:229,276:218,298:188,323:167,327:166,331:165,338:162,342:159,345:158,352:153,357:149,362:148,386:140,437:120,440:120,460:113,467:110,497:100,500:100,501:100	0	False	0
ecol-SAMN36872530	GP_1	16:94631,37:28745,43:11458,44:11420,48:6601,53:4654,56:4088,57:3970,64:2798,66:2610,68:2428,72:1927,78:1320,95:1003,97:939,107:856,108:853,110:822,112:794,113:773,125:628,127:623,129:614,138:554,142:517,147:458,163:430,171:400,173:398,180:371,193:349,215:302,219:290,222:287,231:266,250:254,292:201,301:184,316:172,317:171,326:166,344:158,346:157,351:155,359:149,360:148,363:148,364:148,391:137,396:136,401:132,405:131,407:131,416:129,421:128,422:128,426:127,432:125,433:124,434:122,476:107,491:102	4	-2.4613930326573903	16.91204016	0.886516374873998	GP_unb_59	377:144	4	0.0	0.39667739999999996	2.32049372408755	5	-4.611895025563104	23.20466013	0.09466523723313003	24:54847,47:7093,77:1351,96:969,103:913,137:564,169:404,174:397,178:386,192:350,194:347,196:345,216:294,220:287,223:285,227:275,266:230,268:229,276:218,302:184,323:167,327:166,331:165,338:162,342:159,345:158,352:153,357:149,362:148,386:140,440:120,450:116,460:113,467:110,497:100,500:100,501:100	0	False	0
ecol-SAMN36872530	GP_1	16:94631,37:28745,43:11458,44:11420,48:6601,53:4654,56:4088,57:3970,64:2798,66:2610,68:2428,72:1927,78:1320,95:1003,97:939,107:856,108:853,110:822,112:794,113:773,125:628,127:623,129:614,138:554,142:517,147:458,163:430,171:400,173:398,180:371,193:349,215:302,219:290,222:287,231:266,250:254,292:201,301:184,316:172,317:171,326:166,344:158,346:157,351:155,359:149,360:148,363:148,364:148,391:137,396:136,401:132,405:131,407:131,416:129,421:128,422:128,426:127,432:125,433:124,434:122,476:107,491:102	4	-2.4613930326573903	16.91204016	0.886516374873998	GP_unb_60	379:142	5	0.0	0.2155131	1.5176513002476208	5	-4.349551930250053	26.23581457	0.09466523723313003	24:54847,47:7093,51:5589,77:1351,88:1089,93:1048,96:969,103:913,123:635,137:564,161:433,170:403,174:397,178:386,182:366,192:350,194:347,196:345,203:316,216:294,223:285,227:275,266:230,268:229,276:218,298:188,323:167,327:166,330:165,331:165,338:162,342:159,345:158,352:153,357:149,362:148,386:140,440:120,460:113,467:110,497:100,500:100,501:100	0	False	0
ecol-SAMN36872530	GP_1	16:94631,37:28745,43:11458,44:11420,48:6601,53:4654,56:4088,57:3970,64:2798,66:2610,68:2428,72:1927,78:1320,95:1003,97:939,107:856,108:853,110:822,112:794,113:773,125:628,127:623,129:614,138:554,142:517,147:458,163:430,171:400,173:398,180:371,193:349,215:302,219:290,222:287,231:266,250:254,292:201,301:184,316:172,317:171,326:166,344:158,346:157,351:155,359:149,360:148,363:148,364:148,391:137,396:136,401:132,405:131,407:131,416:129,421:128,422:128,426:127,432:125,433:124,434:122,476:107,491:102	4	-2.4613930326573903	16.91204016	0.886516374873998	GP_unb_61	382:141	5	0.0	0.25440465999999995	2.8334867129019097	4	-2.5021287378213306	17.49246252	0.8865163748741907	457:115	0	False	0
ecol-SAMN36872530	GP_1	16:94631,37:28745,43:11458,44:11420,48:6601,53:4654,56:4088,57:3970,64:2798,66:2610,68:2428,72:1927,78:1320,95:1003,97:939,107:856,108:853,110:822,112:794,113:773,125:628,127:623,129:614,138:554,142:517,147:458,163:430,171:400,173:398,180:371,193:349,215:302,219:290,222:287,231:266,250:254,292:201,301:184,316:172,317:171,326:166,344:158,346:157,351:155,359:149,360:148,363:148,364:148,391:137,396:136,401:132,405:131,407:131,416:129,421:128,422:128,426:127,432:125,433:124,434:122,476:107,491:102	4	-2.4613930326573903	16.91204016	0.886516374873998	GP_unb_62	387:139	5	0.0	0.000331159999999997	1.387033575894424	4	-2.6087893501295047	14.588355233	0.8865163748741907	33:38580,75:1830,124:633,175:393,371:146	0	False	0
ecol-SAMN36872530	GP_1	16:94631,37:28745,43:11458,44:11420,48:6601,53:4654,56:4088,57:3970,64:2798,66:2610,68:2428,72:1927,78:1320,95:1003,97:939,107:856,108:853,110:822,112:794,113:773,125:628,127:623,129:614,138:554,142:517,147:458,163:430,171:400,173:398,180:371,193:349,215:302,219:290,222:287,231:266,250:254,292:201,301:184,316:172,317:171,326:166,344:158,346:157,351:155,359:149,360:148,363:148,364:148,391:137,396:136,401:132,405:131,407:131,416:129,421:128,422:128,426:127,432:125,433:124,434:122,476:107,491:102	4	-2.4613930326573903	16.91204016	0.886516374873998	GP_unb_63	388:138	5	0.0	0.14002669999999995	2.3312476874472265	4	-2.5688214944919254	17.05206686	0.8865163748741907		0	False	0
ecol-SAMN36872530	GP_1	16:94631,37:28745,43:11458,44:11420,48:6601,53:4654,56:4088,57:3970,64:2798,66:2610,68:2428,72:1927,78:1320,95:1003,97:939,107:856,108:853,110:822,112:794,113:773,125:628,127:623,129:614,138:554,142:517,147:458,163:430,171:400,173:398,180:371,193:349,215:302,219:290,222:287,231:266,250:254,292:201,301:184,316:172,317:171,326:166,344:158,346:157,351:155,359:149,360:148,363:148,364:148,391:137,396:136,401:132,405:131,407:131,416:129,421:128,422:128,426:127,432:125,433:124,434:122,476:107,491:102	4	-2.4613930326573903	16.91204016	0.886516374873998	GP_unb_64	398:133	5	0.0	0.4466926	2.103787368480973	5	-5.674540495705963	24.698324557	0.09466523723313003	24:54847,40:15869,47:7093,49:6074,50:6059,51:5589,54:4186,65:2743,77:1351,82:1182,88:1089,91:1077,96:969,103:913,106:862,114:744,134:572,136:564,137:564,144:484,161:433,174:397,178:386,192:350,194:347,196:345,216:294,223:285,227:275,247:258,266:230,268:229,276:218,298:188,323:167,327:166,331:165,338:162,342:159,345:158,352:153,356:149,357:149,361:148,362:148,374:144,381:142,386:140,389:137,440:120,441:119,460:113,467:110,481:105,482:105,496:100,497:100,500:100,501:100	0	False	0
ecol-SAMN36872530	GP_1	16:94631,37:28745,43:11458,44:11420,48:6601,53:4654,56:4088,57:3970,64:2798,66:2610,68:2428,72:1927,78:1320,95:1003,97:939,107:856,108:853,110:822,112:794,113:773,125:628,127:623,129:614,138:554,142:517,147:458,163:430,171:400,173:398,180:371,193:349,215:302,219:290,222:287,231:266,250:254,292:201,301:184,316:172,317:171,326:166,344:158,346:157,351:155,359:149,360:148,363:148,364:148,391:137,396:136,401:132,405:131,407:131,416:129,421:128,422:128,426:127,432:125,433:124,434:122,476:107,491:102	4	-2.4613930326573903	16.91204016	0.886516374873998	GP_unb_65	399:133	5	0.0	0.38610153999999997	1.2288644535734277	5	-5.674540495705963	24.637733497	0.09466523723313003	24:54847,40:15869,47:7093,49:6074,50:6059,51:5589,54:4186,65:2743,77:1351,82:1182,88:1089,91:1077,96:969,103:913,106:862,114:744,134:572,136:564,137:564,144:484,161:433,174:397,178:386,192:350,194:347,196:345,216:294,223:285,227:275,247:258,266:230,268:229,276:218,298:188,323:167,327:166,331:165,338:162,342:159,345:158,352:153,356:149,357:149,361:148,362:148,374:144,381:142,386:140,389:137,440:120,441:119,460:113,467:110,481:105,482:105,496:100,497:100,500:100,501:100	0	False	0
ecol-SAMN36872530	GP_1	16:94631,37:28745,43:11458,44:11420,48:6601,53:4654,56:4088,57:3970,64:2798,66:2610,68:2428,72:1927,78:1320,95:1003,97:939,107:856,108:853,110:822,112:794,113:773,125:628,127:623,129:614,138:554,142:517,147:458,163:430,171:400,173:398,180:371,193:349,215:302,219:290,222:287,231:266,250:254,292:201,301:184,316:172,317:171,326:166,344:158,346:157,351:155,359:149,360:148,363:148,364:148,391:137,396:136,401:132,405:131,407:131,416:129,421:128,422:128,426:127,432:125,433:124,434:122,476:107,491:102	4	-2.4613930326573903	16.91204016	0.886516374873998	GP_unb_66	409:130	4	0.0	0.251088	0.9851237630807472	4	-2.4930342722811756	17.62011046	0.8865163748741907	494:101	0	False	0
ecol-SAMN36872530	GP_1	16:94631,37:28745,43:11458,44:11420,48:6601,53:4654,56:4088,57:3970,64:2798,66:2610,68:2428,72:1927,78:1320,95:1003,97:939,107:856,108:853,110:822,112:794,113:773,125:628,127:623,129:614,138:554,142:517,147:458,163:430,171:400,173:398,180:371,193:349,215:302,219:290,222:287,231:266,250:254,292:201,301:184,316:172,317:171,326:166,344:158,346:157,351:155,359:149,360:148,363:148,364:148,391:137,396:136,401:132,405:131,407:131,416:129,421:128,422:128,426:127,432:125,433:124,434:122,476:107,491:102	4	-2.4613930326573903	16.91204016	0.886516374873998	GP_unb_67	420:128	4	0.0	0.37272965999999996	3.2666100585372333	4	-2.4894626227967533	15.6176986	0.5798174625015236	33:38580,59:3565,75:1830,124:633,175:393,212:305,249:257,273:224,444:119,459:113	0	False	0
ecol-SAMN36872530	GP_1	16:94631,37:28745,43:11458,44:11420,48:6601,53:4654,56:4088,57:3970,64:2798,66:2610,68:2428,72:1927,78:1320,95:1003,97:939,107:856,108:853,110:822,112:794,113:773,125:628,127:623,129:614,138:554,142:517,147:458,163:430,171:400,173:398,180:371,193:349,215:302,219:290,222:287,231:266,250:254,292:201,301:184,316:172,317:171,326:166,344:158,346:157,351:155,359:149,360:148,363:148,364:148,391:137,396:136,401:132,405:131,407:131,416:129,421:128,422:128,426:127,432:125,433:124,434:122,476:107,491:102	4	-2.4613930326573903	16.91204016	0.886516374873998	GP_unb_68	425:127	5	0.0	0.13715464	2.9436116619071564	4	-2.511094146911512	17.0491948	0.8865163748741907		0	False	0
ecol-SAMN36872530	GP_1	16:94631,37:28745,43:11458,44:11420,48:6601,53:4654,56:4088,57:3970,64:2798,66:2610,68:2428,72:1927,78:1320,95:1003,97:939,107:856,108:853,110:822,112:794,113:773,125:628,127:623,129:614,138:554,142:517,147:458,163:430,171:400,173:398,180:371,193:349,215:302,219:290,222:287,231:266,250:254,292:201,301:184,316:172,317:171,326:166,344:158,346:157,351:155,359:149,360:148,363:148,364:148,391:137,396:136,401:132,405:131,407:131,416:129,421:128,422:128,426:127,432:125,433:124,434:122,476:107,491:102	4	-2.4613930326573903	16.91204016	0.886516374873998	GP_unb_69	427:127	4	0.0	0.045962599999999965	0.9629706934337733	5	-4.5136253811741724	22.627383719999997	0.09466523723313003	24:54847,47:7093,77:1351,96:969,103:913,137:564,161:433,174:397,178:386,192:350,194:347,196:345,216:294,223:285,227:275,266:230,268:229,276:218,323:167,327:166,331:165,338:162,342:159,345:158,352:153,357:149,362:148,386:140,440:120,460:113,467:110,485:103,497:100,500:100,501:100	0	False	0
ecol-SAMN36872530	GP_1	16:94631,37:28745,43:11458,44:11420,48:6601,53:4654,56:4088,57:3970,64:2798,66:2610,68:2428,72:1927,78:1320,95:1003,97:939,107:856,108:853,110:822,112:794,113:773,125:628,127:623,129:614,138:554,142:517,147:458,163:430,171:400,173:398,180:371,193:349,215:302,219:290,222:287,231:266,250:254,292:201,301:184,316:172,317:171,326:166,344:158,346:157,351:155,359:149,360:148,363:148,364:148,391:137,396:136,401:132,405:131,407:131,416:129,421:128,422:128,426:127,432:125,433:124,434:122,476:107,491:102	4	-2.4613930326573903	16.91204016	0.886516374873998	GP_unb_70	431:125	4	0.0	0.24207497	2.8139616519453905	5	-4.123270563650252	24.80346611	0.12606851797318086	24:54847,46:8436,51:5589,77:1351,86:1108,88:1089,103:913,136:564,139:549,161:433,174:397,178:386,192:350,194:347,216:294,223:285,227:275,266:230,268:229,276:218,298:188,323:167,338:162,342:159,345:158,357:149,362:148,386:140,415:129,460:113,467:110,497:100,500:100,501:100	0	False	0
ecol-SAMN36872530	GP_1	16:94631,37:28745,43:11458,44:11420,48:6601,53:4654,56:4088,57:3970,64:2798,66:2610,68:2428,72:1927,78:1320,95:1003,97:939,107:856,108:853,110:822,112:794,113:773,125:628,127:623,129:614,138:554,142:517,147:458,163:430,171:400,173:398,180:371,193:349,215:302,219:290,222:287,231:266,250:254,292:201,301:184,316:172,317:171,326:166,344:158,346:157,351:155,359:149,360:148,363:148,364:148,391:137,396:136,401:132,405:131,407:131,416:129,421:128,422:128,426:127,432:125,433:124,434:122,476:107,491:102	4	-2.4613930326573903	16.91204016	0.886516374873998	GP_unb_71	445:118	5	0.0	0.31958412999999997	2.2879045188467124	0	0	0	0		1	False	0
ecol-SAMN36872530	GP_1	16:94631,37:28745,43:11458,44:11420,48:6601,53:4654,56:4088,57:3970,64:2798,66:2610,68:2428,72:1927,78:1320,95:1003,97:939,107:856,108:853,110:822,112:794,113:773,125:628,127:623,129:614,138:554,142:517,147:458,163:430,171:400,173:398,180:371,193:349,215:302,219:290,222:287,231:266,250:254,292:201,301:184,316:172,317:171,326:166,344:158,346:157,351:155,359:149,360:148,363:148,364:148,391:137,396:136,401:132,405:131,407:131,416:129,421:128,422:128,426:127,432:125,433:124,434:122,476:107,491:102	4	-2.4613930326573903	16.91204016	0.886516374873998	GP_unb_72	455:115	5	0.0	0.463781	3.5998500991432882	5	-5.674540495705963	24.715412956999998	0.09466523723313003	24:54847,40:15869,47:7093,49:6074,50:6059,51:5589,54:4186,65:2743,77:1351,82:1182,88:1089,91:1077,96:969,103:913,106:862,114:744,134:572,136:564,137:564,144:484,161:433,174:397,178:386,192:350,194:347,196:345,216:294,223:285,227:275,247:258,266:230,268:229,276:218,298:188,323:167,327:166,331:165,338:162,342:159,345:158,352:153,356:149,357:149,361:148,362:148,374:144,381:142,386:140,389:137,440:120,441:119,460:113,467:110,481:105,482:105,496:100,497:100,500:100,501:100	0	False	0
ecol-SAMN36872530	GP_1	16:94631,37:28745,43:11458,44:11420,48:6601,53:4654,56:4088,57:3970,64:2798,66:2610,68:2428,72:1927,78:1320,95:1003,97:939,107:856,108:853,110:822,112:794,113:773,125:628,127:623,129:614,138:554,142:517,147:458,163:430,171:400,173:398,180:371,193:349,215:302,219:290,222:287,231:266,250:254,292:201,301:184,316:172,317:171,326:166,344:158,346:157,351:155,359:149,360:148,363:148,364:148,391:137,396:136,401:132,405:131,407:131,416:129,421:128,422:128,426:127,432:125,433:124,434:122,476:107,491:102	4	-2.4613930326573903	16.91204016	0.886516374873998	GP_unb_73	458:115	5	0.0	0.14669836000000003	3.716170317732892	5	-4.0909559919435	24.9206645	0.12606851797318086	24:54847,46:8436,51:5589,77:1351,86:1108,88:1089,103:913,136:564,139:549,160:436,161:433,174:397,178:386,192:350,194:347,216:294,223:285,227:275,266:230,268:229,276:218,298:188,323:167,338:162,342:159,345:158,357:149,362:148,386:140,415:129,460:113,467:110,497:100,500:100,501:100	0	False	0
ecol-SAMN36872530	GP_1	16:94631,37:28745,43:11458,44:11420,48:6601,53:4654,56:4088,57:3970,64:2798,66:2610,68:2428,72:1927,78:1320,95:1003,97:939,107:856,108:853,110:822,112:794,113:773,125:628,127:623,129:614,138:554,142:517,147:458,163:430,171:400,173:398,180:371,193:349,215:302,219:290,222:287,231:266,250:254,292:201,301:184,316:172,317:171,326:166,344:158,346:157,351:155,359:149,360:148,363:148,364:148,391:137,396:136,401:132,405:131,407:131,416:129,421:128,422:128,426:127,432:125,433:124,434:122,476:107,491:102	4	-2.4613930326573903	16.91204016	0.886516374873998	GP_unb_74	466:110	5	0.0	0.25503220000000004	1.3772354676811855	0	0	0	0		1	False	0
ecol-SAMN36872530	GP_1	16:94631,37:28745,43:11458,44:11420,48:6601,53:4654,56:4088,57:3970,64:2798,66:2610,68:2428,72:1927,78:1320,95:1003,97:939,107:856,108:853,110:822,112:794,113:773,125:628,127:623,129:614,138:554,142:517,147:458,163:430,171:400,173:398,180:371,193:349,215:302,219:290,222:287,231:266,250:254,292:201,301:184,316:172,317:171,326:166,344:158,346:157,351:155,359:149,360:148,363:148,364:148,391:137,396:136,401:132,405:131,407:131,416:129,421:128,422:128,426:127,432:125,433:124,434:122,476:107,491:102	4	-2.4613930326573903	16.91204016	0.886516374873998	GP_unb_75	469:109	5	0.0	0.24721740000000003	1.1323301993301897	0	0	0	0		1	False	0
ecol-SAMN36872530	GP_1	16:94631,37:28745,43:11458,44:11420,48:6601,53:4654,56:4088,57:3970,64:2798,66:2610,68:2428,72:1927,78:1320,95:1003,97:939,107:856,108:853,110:822,112:794,113:773,125:628,127:623,129:614,138:554,142:517,147:458,163:430,171:400,173:398,180:371,193:349,215:302,219:290,222:287,231:266,250:254,292:201,301:184,316:172,317:171,326:166,344:158,346:157,351:155,359:149,360:148,363:148,364:148,391:137,396:136,401:132,405:131,407:131,416:129,421:128,422:128,426:127,432:125,433:124,434:122,476:107,491:102	4	-2.4613930326573903	16.91204016	0.886516374873998	GP_unb_76	470:109	4	0.0	0.42195313999999995	3.7475214177964573	5	-5.711688384540901	25.920737496999998	0.09466523723313003	24:54847,40:15869,47:7093,49:6074,50:6059,51:5589,54:4186,65:2743,77:1351,82:1182,88:1089,91:1077,96:969,103:913,106:862,111:801,114:744,134:572,136:564,137:564,144:484,161:433,174:397,178:386,192:350,194:347,196:345,216:294,223:285,227:275,247:258,266:230,268:229,276:218,298:188,323:167,327:166,331:165,338:162,342:159,345:158,352:153,353:152,356:149,357:149,361:148,362:148,366:147,374:144,381:142,386:140,389:137,440:120,441:119,460:113,467:110,481:105,482:105,496:100,497:100,500:100,501:100	0	False	0
ecol-SAMN36872530	GP_1	16:94631,37:28745,43:11458,44:11420,48:6601,53:4654,56:4088,57:3970,64:2798,66:2610,68:2428,72:1927,78:1320,95:1003,97:939,107:856,108:853,110:822,112:794,113:773,125:628,127:623,129:614,138:554,142:517,147:458,163:430,171:400,173:398,180:371,193:349,215:302,219:290,222:287,231:266,250:254,292:201,301:184,316:172,317:171,326:166,344:158,346:157,351:155,359:149,360:148,363:148,364:148,391:137,396:136,401:132,405:131,407:131,416:129,421:128,422:128,426:127,432:125,433:124,434:122,476:107,491:102	4	-2.4613930326573903	16.91204016	0.886516374873998	GP_unb_77	495:100	5	0.0	0.4406508	2.561596918493781	0	0	0	0		1	False	0
ecol-SAMN36872530	GP_1	16:94631,37:28745,43:11458,44:11420,48:6601,53:4654,56:4088,57:3970,64:2798,66:2610,68:2428,72:1927,78:1320,95:1003,97:939,107:856,108:853,110:822,112:794,113:773,125:628,127:623,129:614,138:554,142:517,147:458,163:430,171:400,173:398,180:371,193:349,215:302,219:290,222:287,231:266,250:254,292:201,301:184,316:172,317:171,326:166,344:158,346:157,351:155,359:149,360:148,363:148,364:148,391:137,396:136,401:132,405:131,407:131,416:129,421:128,422:128,426:127,432:125,433:124,434:122,476:107,491:102	4	-2.4613930326573903	16.91204016	0.886516374873998	GP_unb_78	498:100	5	0.0	0.4610982	1.8955722322894035	5	-5.674540495705963	24.218871356999998	0.09466523723313003	24:54847,40:15869,47:7093,49:6074,50:6059,51:5589,54:4186,65:2743,77:1351,82:1182,88:1089,91:1077,96:969,103:913,106:862,114:744,134:572,136:564,137:564,144:484,161:433,174:397,178:386,192:350,194:347,196:345,216:294,223:285,227:275,247:258,266:230,268:229,276:218,298:188,323:167,327:166,331:165,338:162,342:159,345:158,352:153,356:149,357:149,362:148,374:144,381:142,386:140,389:137,440:120,441:119,460:113,467:110,481:105,482:105,496:100,497:100,500:100,501:100	0	False	0
ecol-SAMN36872530	GP_1	16:94631,37:28745,43:11458,44:11420,48:6601,53:4654,56:4088,57:3970,64:2798,66:2610,68:2428,72:1927,78:1320,95:1003,97:939,107:856,108:853,110:822,112:794,113:773,125:628,127:623,129:614,138:554,142:517,147:458,163:430,171:400,173:398,180:371,193:349,215:302,219:290,222:287,231:266,250:254,292:201,301:184,316:172,317:171,326:166,344:158,346:157,351:155,359:149,360:148,363:148,364:148,391:137,396:136,401:132,405:131,407:131,416:129,421:128,422:128,426:127,432:125,433:124,434:122,476:107,491:102	4	-2.4613930326573903	16.91204016	0.886516374873998	GP_unb_79	499:100	5	0.0	0.46589329999999995	2.055762169957212	5	-5.674540495705963	24.223666457	0.09466523723313003	24:54847,40:15869,47:7093,49:6074,50:6059,51:5589,54:4186,65:2743,77:1351,82:1182,88:1089,91:1077,96:969,103:913,106:862,114:744,134:572,136:564,137:564,144:484,161:433,174:397,178:386,192:350,194:347,196:345,216:294,223:285,227:275,247:258,266:230,268:229,276:218,298:188,323:167,327:166,331:165,338:162,342:159,345:158,352:153,356:149,357:149,362:148,374:144,381:142,386:140,389:137,440:120,441:119,460:113,467:110,481:105,482:105,496:100,497:100,500:100,501:100	0	False	0
ecol-SAMN36872530	GP_3	46:8436,84:1146,110:822,136:564,141:520,219:290,305:182,364:148,380:142,477:107,494:101	4	-0.5156729476896126	3.7075340999999997	1.0279024316195935	GP_2	47:7093,51:5589,54:4186,77:1351,80:1274,82:1182,88:1089,93:1048,96:969,97:939,119:688,122:644,123:635,129:614,136:564,137:564,143:509,161:433,170:403,176:392,178:386,182:366,203:316,227:275,277:217,278:217,298:188,302:184,304:183,316:172,327:166,331:165,352:153,357:149,364:148,395:136,405:131,416:129,440:120,450:116,472:108,497:100	5	-0.8639056560143725	7.95389158	1.079428479265296	5	-4.676004402378022	29.408946880000006	0.058347623304545106	16:94631,25:49042,43:11458,50:6059,52:4816,53:4654,57:3970,61:3289,64:2798,65:2743,78:1320,85:1141,95:1003,109:827,113:773,125:628,127:623,134:572,138:554,142:517,147:458,163:430,173:398,193:349,215:302,217:290,222:287,231:266,247:258,250:254,261:236,291:202,292:201,296:193,317:171,326:166,351:155,359:149,363:148,374:144,376:144,391:137,396:136,401:132,407:131,418:128,421:128,422:128,426:127,432:125,433:124,439:120,476:107,481:105,482:105,491:102,496:100,502:100	0	True	0
ecol-SAMN36872530	GP_3	46:8436,84:1146,110:822,136:564,141:520,219:290,305:182,364:148,380:142,477:107,494:101	4	-0.5156729476896126	3.7075340999999997	1.0279024316195935	GP_0	50:6059,58:3615,59:3565,63:2912,65:2743,105:867,109:827,111:801,130:606,133:575,134:572,167:407,247:258,249:257,264:230,361:148,366:147,374:144,444:119,464:111,481:105,482:105,492:101,496:100	4	-0.5013099020538072	7.890968900000001	1.3439560543817537	5	-6.325259493823817	37.712767980000024	0.05834762330414378	16:94631,24:54847,43:11458,51:5589,52:4816,53:4654,61:3289,64:2798,66:2610,72:1927,77:1351,78:1320,85:1141,88:1089,95:1003,96:969,97:939,103:913,107:856,113:773,125:628,127:623,129:614,137:564,138:554,142:517,143:509,147:458,161:433,163:430,169:404,173:398,174:397,178:386,180:371,192:350,193:349,194:347,196:345,210:310,215:302,216:294,217:290,221:287,222:287,223:285,227:275,231:266,250:254,261:236,266:230,268:229,276:218,291:202,292:201,296:193,298:188,302:184,304:183,316:172,317:171,323:167,326:166,327:166,331:165,338:162,342:159,345:158,346:157,351:155,352:153,357:149,359:149,362:148,363:148,372:146,376:144,386:140,391:137,396:136,401:132,405:131,407:131,416:129,418:128,421:128,422:128,426:127,432:125,433:124,437:120,439:120,440:120,460:113,467:110,476:107,485:103,491:102,497:100,500:100,501:100,502:100	0	False	0
ecol-SAMN36872530	GP_3	46:8436,84:1146,110:822,136:564,141:520,219:290,305:182,364:148,380:142,477:107,494:101	4	-0.5156729476896126	3.7075340999999997	1.0279024316195935	GP_unb_1	145:463	4	0.0	0.41334474	3.1597724922440533	5	-6.071938783250932	31.758576479999988	0.05834762330414378	16:94631,24:54847,33:38580,43:11458,50:6059,51:5589,52:4816,53:4654,61:3289,63:2912,64:2798,65:2743,68:2428,72:1927,75:1830,77:1351,78:1320,85:1141,88:1089,95:1003,96:969,97:939,103:913,107:856,109:827,113:773,124:633,125:628,127:623,129:614,134:572,137:564,138:554,142:517,143:509,147:458,161:433,163:430,173:398,174:397,175:393,178:386,180:371,192:350,193:349,194:347,196:345,210:310,212:305,215:302,216:294,217:290,221:287,222:287,223:285,227:275,231:266,247:258,250:254,261:236,264:230,266:230,268:229,273:224,276:218,291:202,292:201,296:193,298:188,302:184,304:183,316:172,317:171,323:167,326:166,327:166,331:165,338:162,342:159,345:158,346:157,351:155,352:153,357:149,359:149,362:148,363:148,372:146,374:144,376:144,386:140,391:137,396:136,401:132,405:131,407:131,416:129,418:128,421:128,422:128,426:127,432:125,433:124,437:120,439:120,440:120,444:119,459:113,460:113,467:110,476:107,481:105,482:105,485:103,491:102,496:100,497:100,500:100,501:100,502:100	0	False	0
ecol-SAMN36872530	GP_3	46:8436,84:1146,110:822,136:564,141:520,219:290,305:182,364:148,380:142,477:107,494:101	4	-0.5156729476896126	3.7075340999999997	1.0279024316195935	GP_unb_2	146:460	5	0.0	0.03813420000000001	1.837163078849748	5	-4.861588890359752	31.11299696799999	0.05834762330414378	16:94631,24:54847,43:11458,50:6059,51:5589,52:4816,53:4654,61:3289,64:2798,65:2743,68:2428,72:1927,78:1320,85:1141,88:1089,95:1003,96:969,97:939,103:913,107:856,109:827,113:773,119:688,125:628,127:623,129:614,134:572,137:564,138:554,142:517,143:509,147:458,161:433,163:430,173:398,174:397,178:386,180:371,193:349,194:347,196:345,210:310,215:302,216:294,217:290,221:287,222:287,223:285,227:275,231:266,242:262,247:258,250:254,261:236,266:230,268:229,275:221,276:218,291:202,292:201,296:193,298:188,302:184,304:183,316:172,317:171,323:167,326:166,327:166,331:165,332:164,338:162,342:159,345:158,346:157,351:155,352:153,357:149,359:149,362:148,363:148,372:146,374:144,376:144,378:143,386:140,391:137,396:136,401:132,405:131,407:131,416:129,418:128,421:128,422:128,426:127,432:125,433:124,437:120,439:120,440:120,460:113,467:110,476:107,481:105,482:105,485:103,488:103,491:102,496:100,497:100,500:100,501:100,502:100	0	False	0
ecol-SAMN36872530	GP_3	46:8436,84:1146,110:822,136:564,141:520,219:290,305:182,364:148,380:142,477:107,494:101	4	-0.5156729476896126	3.7075340999999997	1.0279024316195935	GP_unb_3	149:452	5	0.0	0.32093865	3.333847233949698	0	0	0	0		1	False	0
ecol-SAMN36872530	GP_3	46:8436,84:1146,110:822,136:564,141:520,219:290,305:182,364:148,380:142,477:107,494:101	4	-0.5156729476896126	3.7075340999999997	1.0279024316195935	GP_unb_4	150:452	5	0.0	0.19685830000000004	1.062379628663321	0	0	0	0		1	False	0
ecol-SAMN36872530	GP_3	46:8436,84:1146,110:822,136:564,141:520,219:290,305:182,364:148,380:142,477:107,494:101	4	-0.5156729476896126	3.7075340999999997	1.0279024316195935	GP_unb_5	151:450	4	0.0	0.12702919999999995	1.271984668368073	5	-5.225264691714627	33.21369143999999	0.05834762330414378	16:94631,24:54847,43:11458,50:6059,51:5589,52:4816,53:4654,61:3289,64:2798,65:2743,72:1927,77:1351,78:1320,85:1141,88:1089,95:1003,96:969,97:939,103:913,107:856,109:827,113:773,125:628,127:623,129:614,134:572,137:564,138:554,142:517,143:509,147:458,161:433,163:430,169:404,173:398,174:397,178:386,180:371,192:350,193:349,194:347,196:345,210:310,215:302,216:294,217:290,221:287,222:287,223:285,227:275,231:266,247:258,250:254,261:236,266:230,268:229,276:218,291:202,292:201,296:193,298:188,302:184,304:183,316:172,317:171,323:167,326:166,327:166,331:165,338:162,342:159,345:158,346:157,351:155,352:153,357:149,359:149,362:148,363:148,372:146,374:144,376:144,386:140,391:137,396:136,401:132,405:131,407:131,416:129,418:128,421:128,422:128,426:127,432:125,433:124,437:120,439:120,440:120,460:113,467:110,476:107,481:105,482:105,485:103,491:102,496:100,497:100,500:100,501:100,502:100	0	False	0
ecol-SAMN36872530	GP_3	46:8436,84:1146,110:822,136:564,141:520,219:290,305:182,364:148,380:142,477:107,494:101	4	-0.5156729476896126	3.7075340999999997	1.0279024316195935	GP_unb_6	152:447	4	0.0	0.26414669999999996	1.2956557213741544	5	-5.291026093555174	34.62483574000001	0.058347623304143795	16:94631,24:54847,43:11458,50:6059,51:5589,52:4816,53:4654,61:3289,64:2798,65:2743,66:2610,72:1927,77:1351,78:1320,85:1141,88:1089,95:1003,96:969,97:939,103:913,107:856,111:801,113:773,125:628,127:623,129:614,134:572,137:564,138:554,142:517,143:509,147:458,161:433,163:430,169:404,173:398,174:397,178:386,180:371,192:350,193:349,194:347,196:345,210:310,215:302,216:294,217:290,221:287,222:287,223:285,227:275,231:266,247:258,250:254,261:236,266:230,268:229,276:218,291:202,292:201,296:193,298:188,302:184,304:183,316:172,317:171,323:167,326:166,327:166,331:165,338:162,342:159,345:158,346:157,351:155,352:153,357:149,359:149,361:148,362:148,363:148,366:147,372:146,374:144,376:144,386:140,391:137,396:136,401:132,405:131,407:131,416:129,418:128,421:128,422:128,426:127,432:125,433:124,437:120,439:120,440:120,460:113,467:110,476:107,481:105,482:105,485:103,491:102,496:100,497:100,500:100,501:100,502:100	0	False	0
ecol-SAMN36872530	GP_3	46:8436,84:1146,110:822,136:564,141:520,219:290,305:182,364:148,380:142,477:107,494:101	4	-0.5156729476896126	3.7075340999999997	1.0279024316195935	GP_unb_7	153:442	5	0.0	0.3478029	1.1548864833069268	0	0	0	0		1	False	0
ecol-SAMN36872530	GP_3	46:8436,84:1146,110:822,136:564,141:520,219:290,305:182,364:148,380:142,477:107,494:101	4	-0.5156729476896126	3.7075340999999997	1.0279024316195935	GP_unb_8	155:441	4	0.0	0.18506310000000004	0.8849653235676403	5	-5.193747930832424	33.27924854	0.058347623304143725	16:94631,24:54847,43:11458,50:6059,51:5589,52:4816,53:4654,61:3289,64:2798,66:2610,72:1927,77:1351,78:1320,85:1141,88:1089,95:1003,96:969,97:939,103:913,107:856,109:827,113:773,125:628,127:623,129:614,134:572,137:564,138:554,142:517,143:509,147:458,161:433,163:430,169:404,173:398,174:397,178:386,180:371,192:350,193:349,194:347,196:345,210:310,215:302,216:294,217:290,221:287,222:287,223:285,227:275,231:266,247:258,250:254,261:236,266:230,268:229,276:218,291:202,292:201,296:193,298:188,302:184,304:183,316:172,317:171,323:167,326:166,327:166,331:165,338:162,342:159,345:158,346:157,351:155,352:153,357:149,359:149,362:148,363:148,372:146,374:144,376:144,386:140,391:137,396:136,401:132,405:131,407:131,416:129,418:128,421:128,422:128,426:127,432:125,433:124,437:120,439:120,440:120,460:113,467:110,476:107,481:105,482:105,485:103,491:102,496:100,497:100,500:100,501:100,502:100	0	False	0
ecol-SAMN36872530	GP_3	46:8436,84:1146,110:822,136:564,141:520,219:290,305:182,364:148,380:142,477:107,494:101	4	-0.5156729476896126	3.7075340999999997	1.0279024316195935	GP_unb_9	162:431	5	0.0	0.4427763	3.3188761230705004	0	0	0	0		1	False	0
ecol-SAMN36872530	GP_3	46:8436,84:1146,110:822,136:564,141:520,219:290,305:182,364:148,380:142,477:107,494:101	4	-0.5156729476896126	3.7075340999999997	1.0279024316195935	GP_unb_10	168:407	5	0.0	0.34445035	1.6102340540591822	5	-5.222113708175116	35.116704889999994	0.05834762330414378	16:94631,24:54847,43:11458,50:6059,51:5589,52:4816,53:4654,61:3289,64:2798,65:2743,66:2610,72:1927,77:1351,78:1320,85:1141,88:1089,95:1003,96:969,97:939,103:913,107:856,111:801,113:773,125:628,127:623,129:614,134:572,137:564,138:554,142:517,143:509,147:458,161:433,163:430,169:404,173:398,174:397,178:386,180:371,192:350,193:349,194:347,196:345,210:310,215:302,216:294,217:290,221:287,222:287,223:285,227:275,231:266,247:258,250:254,261:236,266:230,268:229,276:218,291:202,292:201,296:193,298:188,302:184,304:183,316:172,317:171,323:167,326:166,327:166,331:165,338:162,342:159,345:158,346:157,351:155,352:153,353:152,357:149,359:149,361:148,362:148,363:148,366:147,372:146,374:144,376:144,386:140,391:137,396:136,401:132,405:131,407:131,416:129,418:128,421:128,422:128,426:127,432:125,433:124,437:120,439:120,440:120,460:113,467:110,476:107,481:105,482:105,485:103,491:102,496:100,497:100,500:100,501:100,502:100	0	False	0
ecol-SAMN36872530	GP_3	46:8436,84:1146,110:822,136:564,141:520,219:290,305:182,364:148,380:142,477:107,494:101	4	-0.5156729476896126	3.7075340999999997	1.0279024316195935	GP_unb_11	181:370	5	0.0	0.42385923999999997	3.612563209775813	5	-5.062070618317979	33.757857509999994	0.05834762330414378	16:94631,24:54847,43:11458,50:6059,51:5589,52:4816,53:4654,61:3289,64:2798,65:2743,72:1927,77:1351,78:1320,85:1141,88:1089,95:1003,96:969,97:939,103:913,107:856,109:827,113:773,125:628,127:623,129:614,134:572,137:564,138:554,142:517,143:509,147:458,161:433,163:430,173:398,174:397,178:386,180:371,192:350,193:349,194:347,196:345,210:310,215:302,216:294,217:290,221:287,222:287,223:285,227:275,231:266,247:258,250:254,261:236,266:230,268:229,276:218,291:202,292:201,296:193,298:188,302:184,304:183,316:172,317:171,323:167,326:166,327:166,331:165,338:162,341:160,342:159,345:158,346:157,351:155,352:153,357:149,359:149,362:148,363:148,372:146,374:144,376:144,386:140,391:137,396:136,401:132,405:131,407:131,416:129,418:128,421:128,422:128,426:127,432:125,433:124,437:120,439:120,440:120,460:113,467:110,476:107,481:105,482:105,485:103,491:102,496:100,497:100,500:100,501:100,502:100	0	False	0
ecol-SAMN36872530	GP_3	46:8436,84:1146,110:822,136:564,141:520,219:290,305:182,364:148,380:142,477:107,494:101	4	-0.5156729476896126	3.7075340999999997	1.0279024316195935	GP_unb_12	183:364	4	0.0	0.2832304	1.281823098014288	5	-5.335638172970081	33.36342413999999	0.058347623304143933	16:94631,24:54847,43:11458,50:6059,51:5589,52:4816,53:4654,57:3970,61:3289,64:2798,65:2743,72:1927,77:1351,78:1320,85:1141,88:1089,95:1003,96:969,97:939,103:913,107:856,109:827,113:773,125:628,127:623,129:614,134:572,137:564,138:554,142:517,143:509,147:458,161:433,163:430,169:404,173:398,174:397,178:386,180:371,192:350,193:349,194:347,196:345,215:302,216:294,217:290,221:287,222:287,223:285,227:275,231:266,247:258,250:254,261:236,266:230,268:229,276:218,291:202,292:201,296:193,298:188,302:184,304:183,316:172,317:171,323:167,326:166,327:166,331:165,338:162,342:159,345:158,346:157,351:155,352:153,357:149,359:149,362:148,363:148,372:146,374:144,376:144,386:140,391:137,396:136,401:132,405:131,407:131,416:129,418:128,421:128,422:128,426:127,432:125,433:124,437:120,439:120,440:120,460:113,467:110,476:107,481:105,482:105,485:103,491:102,496:100,497:100,500:100,501:100,502:100	0	False	0
ecol-SAMN36872530	GP_3	46:8436,84:1146,110:822,136:564,141:520,219:290,305:182,364:148,380:142,477:107,494:101	4	-0.5156729476896126	3.7075340999999997	1.0279024316195935	GP_unb_13	186:362	4	0.0	0.3835105	1.7689581890458526	0	0	0	0		1	False	0
ecol-SAMN36872530	GP_3	46:8436,84:1146,110:822,136:564,141:520,219:290,305:182,364:148,380:142,477:107,494:101	4	-0.5156729476896126	3.7075340999999997	1.0279024316195935	GP_unb_14	187:362	4	0.0	0.30035579999999995	1.2234851000445908	5	-5.108412512131809	33.63435407	0.05834762330414378	16:94631,24:54847,43:11458,50:6059,51:5589,52:4816,53:4654,61:3289,64:2798,65:2743,72:1927,77:1351,78:1320,85:1141,88:1089,95:1003,96:969,97:939,103:913,107:856,109:827,113:773,125:628,127:623,129:614,134:572,137:564,138:554,142:517,143:509,147:458,161:433,163:430,173:398,174:397,178:386,180:371,192:350,193:349,194:347,196:345,210:310,215:302,216:294,217:290,221:287,222:287,223:285,227:275,231:266,247:258,250:254,261:236,266:230,268:229,276:218,291:202,292:201,296:193,298:188,302:184,304:183,316:172,317:171,323:167,326:166,327:166,331:165,338:162,341:160,342:159,345:158,346:157,351:155,352:153,357:149,359:149,362:148,363:148,372:146,374:144,376:144,386:140,391:137,396:136,401:132,405:131,407:131,416:129,418:128,421:128,422:128,426:127,432:125,433:124,437:120,439:120,440:120,460:113,467:110,476:107,481:105,482:105,485:103,491:102,496:100,497:100,500:100,501:100,502:100	0	False	0
ecol-SAMN36872530	GP_3	46:8436,84:1146,110:822,136:564,141:520,219:290,305:182,364:148,380:142,477:107,494:101	4	-0.5156729476896126	3.7075340999999997	1.0279024316195935	GP_unb_15	188:361	4	0.0	0.40441590000000005	2.1801419314440764	0	0	0	0		1	False	0
ecol-SAMN36872530	GP_3	46:8436,84:1146,110:822,136:564,141:520,219:290,305:182,364:148,380:142,477:107,494:101	4	-0.5156729476896126	3.7075340999999997	1.0279024316195935	GP_unb_16	189:355	5	0.0	0.23708344000000003	1.1509207517812585	0	0	0	0		1	False	0
ecol-SAMN36872530	GP_3	46:8436,84:1146,110:822,136:564,141:520,219:290,305:182,364:148,380:142,477:107,494:101	4	-0.5156729476896126	3.7075340999999997	1.0279024316195935	GP_unb_17	191:350	5	0.0	0.08336204000000003	1.2595182300314034	5	-5.070703444698841	33.811460229999994	0.05834762330414378	16:94631,24:54847,43:11458,47:7093,50:6059,51:5589,52:4816,53:4654,61:3289,64:2798,65:2743,68:2428,72:1927,77:1351,78:1320,85:1141,86:1108,88:1089,95:1003,97:939,103:913,107:856,109:827,113:773,125:628,127:623,129:614,134:572,138:554,139:549,142:517,143:509,147:458,161:433,163:430,173:398,174:397,178:386,180:371,192:350,193:349,194:347,210:310,215:302,216:294,217:290,221:287,222:287,223:285,227:275,231:266,247:258,250:254,261:236,266:230,268:229,276:218,291:202,292:201,296:193,298:188,302:184,304:183,316:172,317:171,323:167,326:166,331:165,338:162,342:159,345:158,346:157,351:155,357:149,359:149,362:148,363:148,372:146,374:144,376:144,386:140,391:137,396:136,401:132,405:131,407:131,415:129,416:129,418:128,421:128,422:128,426:127,432:125,433:124,437:120,439:120,460:113,467:110,476:107,481:105,482:105,485:103,491:102,496:100,497:100,500:100,501:100,502:100	0	False	0
ecol-SAMN36872530	GP_3	46:8436,84:1146,110:822,136:564,141:520,219:290,305:182,364:148,380:142,477:107,494:101	4	-0.5156729476896126	3.7075340999999997	1.0279024316195935	GP_unb_18	195:346	4	0.0	0.37158420000000003	1.2203542593664316	5	-5.0783637101766965	33.30419873999999	0.12606851797318086	16:94631,24:54847,43:11458,50:6059,51:5589,52:4816,53:4654,61:3289,64:2798,65:2743,66:2610,72:1927,77:1351,78:1320,85:1141,88:1089,96:969,97:939,103:913,107:856,109:827,113:773,125:628,127:623,129:614,134:572,137:564,138:554,142:517,143:509,147:458,161:433,163:430,169:404,173:398,174:397,178:386,192:350,193:349,194:347,196:345,210:310,215:302,216:294,217:290,221:287,222:287,223:285,227:275,231:266,247:258,250:254,261:236,266:230,268:229,276:218,291:202,292:201,296:193,298:188,302:184,304:183,316:172,317:171,323:167,326:166,327:166,331:165,338:162,342:159,345:158,346:157,351:155,352:153,357:149,359:149,362:148,363:148,372:146,374:144,376:144,386:140,391:137,396:136,401:132,405:131,407:131,416:129,418:128,421:128,422:128,426:127,432:125,433:124,437:120,439:120,440:120,460:113,467:110,476:107,481:105,482:105,485:103,491:102,496:100,497:100,500:100,501:100,502:100	0	False	0
ecol-SAMN36872530	GP_3	46:8436,84:1146,110:822,136:564,141:520,219:290,305:182,364:148,380:142,477:107,494:101	4	-0.5156729476896126	3.7075340999999997	1.0279024316195935	GP_unb_19	197:344	5	0.0	0.42712796	2.6294412872498882	0	0	0	0		1	False	0
ecol-SAMN36872530	GP_3	46:8436,84:1146,110:822,136:564,141:520,219:290,305:182,364:148,380:142,477:107,494:101	4	-0.5156729476896126	3.7075340999999997	1.0279024316195935	GP_unb_20	198:336	5	0.0	0.3686657	1.423545819378955	5	-4.879325074911749	33.54178017999999	0.05834762330414378	16:94631,24:54847,43:11458,50:6059,51:5589,52:4816,53:4654,61:3289,64:2798,65:2743,68:2428,72:1927,77:1351,78:1320,85:1141,88:1089,95:1003,96:969,97:939,103:913,107:856,109:827,113:773,125:628,127:623,129:614,134:572,137:564,138:554,142:517,143:509,147:458,161:433,163:430,173:398,174:397,178:386,180:371,192:350,194:347,196:345,204:316,210:310,215:302,216:294,217:290,221:287,222:287,223:285,227:275,231:266,247:258,250:254,261:236,266:230,268:229,276:218,291:202,292:201,296:193,298:188,302:184,304:183,316:172,317:171,323:167,326:166,327:166,331:165,338:162,342:159,345:158,346:157,351:155,352:153,357:149,359:149,362:148,363:148,372:146,374:144,376:144,386:140,391:137,396:136,401:132,405:131,407:131,416:129,418:128,421:128,422:128,426:127,432:125,433:124,437:120,439:120,440:120,460:113,467:110,476:107,481:105,482:105,491:102,496:100,497:100,500:100,501:100,502:100	0	False	0
ecol-SAMN36872530	GP_3	46:8436,84:1146,110:822,136:564,141:520,219:290,305:182,364:148,380:142,477:107,494:101	4	-0.5156729476896126	3.7075340999999997	1.0279024316195935	GP_unb_21	200:324	4	0.0	0.4202479	2.7509226492604575	0	0	0	0		1	False	0
ecol-SAMN36872530	GP_3	46:8436,84:1146,110:822,136:564,141:520,219:290,305:182,364:148,380:142,477:107,494:101	4	-0.5156729476896126	3.7075340999999997	1.0279024316195935	GP_unb_22	202:317	5	0.0	0.3017898	1.0665351081088774	5	-5.382951964868513	36.53039113000001	0.05834762330414378	16:94631,24:54847,43:11458,44:11420,47:7093,50:6059,51:5589,52:4816,53:4654,61:3289,64:2798,65:2743,66:2610,67:2454,72:1927,77:1351,78:1320,85:1141,88:1089,93:1048,95:1003,96:969,97:939,103:913,107:856,109:827,113:773,123:635,125:628,127:623,129:614,134:572,137:564,138:554,142:517,143:509,147:458,161:433,163:430,169:404,170:403,173:398,174:397,178:386,182:366,192:350,193:349,194:347,196:345,203:316,210:310,215:302,216:294,217:290,222:287,223:285,227:275,231:266,247:258,250:254,261:236,266:230,268:229,276:218,291:202,292:201,296:193,298:188,302:184,304:183,316:172,317:171,323:167,326:166,327:166,331:165,338:162,342:159,345:158,346:157,351:155,352:153,357:149,359:149,362:148,363:148,372:146,374:144,376:144,386:140,391:137,396:136,401:132,405:131,407:131,416:129,418:128,421:128,422:128,426:127,432:125,433:124,439:120,440:120,460:113,467:110,476:107,481:105,482:105,485:103,491:102,496:100,497:100,500:100,501:100,502:100	0	False	0
ecol-SAMN36872530	GP_3	46:8436,84:1146,110:822,136:564,141:520,219:290,305:182,364:148,380:142,477:107,494:101	4	-0.5156729476896126	3.7075340999999997	1.0279024316195935	GP_unb_23	206:311	5	0.0	0.35516119999999995	1.2266491466087301	0	0	0	0		1	False	0
ecol-SAMN36872530	GP_3	46:8436,84:1146,110:822,136:564,141:520,219:290,305:182,364:148,380:142,477:107,494:101	4	-0.5156729476896126	3.7075340999999997	1.0279024316195935	GP_unb_24	207:310	5	0.0	0.36328079999999996	1.3697570277885829	5	-4.879325074911749	33.536395279999994	0.05834762330414378	16:94631,24:54847,43:11458,50:6059,51:5589,52:4816,53:4654,61:3289,64:2798,65:2743,68:2428,72:1927,77:1351,78:1320,85:1141,88:1089,95:1003,96:969,97:939,103:913,107:856,109:827,113:773,125:628,127:623,129:614,134:572,137:564,138:554,142:517,143:509,147:458,161:433,163:430,173:398,174:397,178:386,180:371,192:350,194:347,196:345,204:316,210:310,215:302,216:294,217:290,221:287,222:287,223:285,227:275,231:266,247:258,250:254,261:236,266:230,268:229,276:218,291:202,292:201,296:193,298:188,302:184,304:183,316:172,317:171,323:167,326:166,327:166,331:165,338:162,342:159,345:158,346:157,351:155,352:153,357:149,359:149,362:148,363:148,372:146,374:144,376:144,386:140,391:137,396:136,401:132,405:131,407:131,416:129,418:128,421:128,422:128,426:127,432:125,433:124,437:120,439:120,440:120,460:113,467:110,476:107,481:105,482:105,491:102,496:100,497:100,500:100,501:100,502:100	0	False	0
ecol-SAMN36872530	GP_3	46:8436,84:1146,110:822,136:564,141:520,219:290,305:182,364:148,380:142,477:107,494:101	4	-0.5156729476896126	3.7075340999999997	1.0279024316195935	GP_unb_25	224:283	5	0.0	0.38022940000000005	2.8093507774921016	0	0	0	0		1	False	0
ecol-SAMN36872530	GP_3	46:8436,84:1146,110:822,136:564,141:520,219:290,305:182,364:148,380:142,477:107,494:101	4	-0.5156729476896126	3.7075340999999997	1.0279024316195935	GP_unb_26	228:272	5	0.0	0.25058293	0.9616519453905487	5	-4.700779353201459	32.82357809999999	0.05834762330414378	16:94631,24:54847,47:7093,50:6059,51:5589,52:4816,53:4654,61:3289,64:2798,65:2743,72:1927,77:1351,78:1320,85:1141,88:1089,95:1003,96:969,97:939,103:913,109:827,113:773,125:628,127:623,129:614,134:572,137:564,138:554,142:517,143:509,147:458,161:433,163:430,174:397,178:386,192:350,193:349,194:347,196:345,210:310,215:302,216:294,217:290,222:287,223:285,227:275,231:266,247:258,250:254,266:230,268:229,276:218,291:202,292:201,296:193,298:188,302:184,304:183,316:172,317:171,323:167,326:166,327:166,331:165,338:162,342:159,345:158,346:157,351:155,352:153,357:149,359:149,362:148,363:148,372:146,374:144,376:144,386:140,391:137,396:136,401:132,405:131,407:131,416:129,418:128,421:128,422:128,426:127,432:125,433:124,439:120,440:120,460:113,467:110,476:107,481:105,482:105,485:103,491:102,496:100,497:100,500:100,501:100,502:100	0	False	0
ecol-SAMN36872530	GP_3	46:8436,84:1146,110:822,136:564,141:520,219:290,305:182,364:148,380:142,477:107,494:101	4	-0.5156729476896126	3.7075340999999997	1.0279024316195935	GP_unb_27	230:266	4	0.0	0.05602099999999999	1.1090054362779047	5	-5.102399948658904	33.061951539999995	0.05834762330414378	16:94631,24:54847,43:11458,50:6059,51:5589,52:4816,53:4654,61:3289,64:2798,65:2743,68:2428,72:1927,77:1351,78:1320,85:1141,88:1089,95:1003,96:969,97:939,103:913,107:856,109:827,113:773,125:628,127:623,129:614,134:572,137:564,138:554,142:517,143:509,147:458,161:433,163:430,173:398,174:397,178:386,180:371,192:350,194:347,196:345,210:310,215:302,216:294,217:290,221:287,222:287,223:285,227:275,231:266,247:258,250:254,261:236,266:230,268:229,276:218,291:202,292:201,296:193,298:188,302:184,304:183,316:172,317:171,323:167,326:166,327:166,331:165,338:162,342:159,345:158,346:157,351:155,352:153,357:149,359:149,362:148,363:148,372:146,374:144,376:144,386:140,391:137,396:136,401:132,405:131,407:131,416:129,418:128,421:128,422:128,426:127,432:125,433:124,437:120,439:120,440:120,460:113,467:110,476:107,481:105,482:105,485:103,491:102,496:100,497:100,500:100,501:100,502:100	0	False	0
ecol-SAMN36872530	GP_3	46:8436,84:1146,110:822,136:564,141:520,219:290,305:182,364:148,380:142,477:107,494:101	4	-0.5156729476896126	3.7075340999999997	1.0279024316195935	GP_unb_28	240:262	4	0.0	0.37342995	1.520217640864112	0	0	0	0		1	False	0
ecol-SAMN36872530	GP_3	46:8436,84:1146,110:822,136:564,141:520,219:290,305:182,364:148,380:142,477:107,494:101	4	-0.5156729476896126	3.7075340999999997	1.0279024316195935	GP_unb_29	241:262	5	0.0	0.4311385	3.3622430101610012	0	0	0	0		1	False	0
ecol-SAMN36872530	GP_3	46:8436,84:1146,110:822,136:564,141:520,219:290,305:182,364:148,380:142,477:107,494:101	4	-0.5156729476896126	3.7075340999999997	1.0279024316195935	GP_unb_30	243:261	5	0.0	0.26176393	1.207005493202281	5	-4.789582081195535	32.955162279999996	0.05834762330414378	16:94631,24:54847,43:11458,50:6059,51:5589,52:4816,53:4654,61:3289,64:2798,65:2743,68:2428,72:1927,77:1351,78:1320,85:1141,88:1089,95:1003,96:969,97:939,103:913,107:856,109:827,112:794,113:773,127:623,129:614,134:572,137:564,142:517,143:509,147:458,161:433,163:430,173:398,174:397,178:386,180:371,192:350,194:347,196:345,210:310,215:302,216:294,217:290,221:287,222:287,223:285,227:275,231:266,247:258,250:254,261:236,266:230,268:229,276:218,291:202,292:201,296:193,298:188,302:184,304:183,316:172,317:171,323:167,326:166,327:166,331:165,338:162,342:159,345:158,346:157,351:155,352:153,357:149,359:149,362:148,363:148,372:146,374:144,376:144,386:140,391:137,396:136,401:132,405:131,407:131,416:129,418:128,421:128,422:128,426:127,432:125,433:124,437:120,439:120,440:120,457:115,460:113,467:110,476:107,481:105,482:105,491:102,496:100,497:100,500:100,501:100,502:100	0	False	0
ecol-SAMN36872530	GP_3	46:8436,84:1146,110:822,136:564,141:520,219:290,305:182,364:148,380:142,477:107,494:101	4	-0.5156729476896126	3.7075340999999997	1.0279024316195935	GP_unb_31	244:261	5	0.0	0.36661862999999995	3.3684193049533695	5	-4.789582081195535	33.06001698	0.05834762330414378	16:94631,24:54847,43:11458,50:6059,51:5589,52:4816,53:4654,61:3289,64:2798,65:2743,68:2428,72:1927,77:1351,78:1320,85:1141,88:1089,95:1003,96:969,97:939,103:913,107:856,109:827,112:794,113:773,127:623,129:614,134:572,137:564,142:517,143:509,147:458,161:433,163:430,173:398,174:397,178:386,180:371,192:350,194:347,196:345,210:310,215:302,216:294,217:290,221:287,222:287,223:285,227:275,231:266,247:258,250:254,261:236,266:230,268:229,276:218,291:202,292:201,296:193,298:188,302:184,304:183,316:172,317:171,323:167,326:166,327:166,331:165,338:162,342:159,345:158,346:157,351:155,352:153,357:149,359:149,362:148,363:148,372:146,374:144,376:144,386:140,391:137,396:136,401:132,405:131,407:131,416:129,418:128,421:128,422:128,426:127,432:125,433:124,437:120,439:120,440:120,457:115,460:113,467:110,476:107,481:105,482:105,491:102,496:100,497:100,500:100,501:100,502:100	0	False	0
ecol-SAMN36872530	GP_3	46:8436,84:1146,110:822,136:564,141:520,219:290,305:182,364:148,380:142,477:107,494:101	4	-0.5156729476896126	3.7075340999999997	1.0279024316195935	GP_unb_32	248:258	5	0.0	0.13952339999999996	0.5878485432103451	5	-5.382951964868513	36.31409113000002	0.05834762330414378	16:94631,24:54847,43:11458,44:11420,47:7093,50:6059,51:5589,52:4816,53:4654,61:3289,64:2798,65:2743,66:2610,72:1927,77:1351,78:1320,85:1141,88:1089,93:1048,95:1003,96:969,97:939,103:913,107:856,109:827,113:773,123:635,125:628,127:623,129:614,134:572,137:564,138:554,142:517,143:509,147:458,161:433,163:430,169:404,170:403,173:398,174:397,178:386,182:366,192:350,193:349,194:347,196:345,203:316,210:310,215:302,216:294,217:290,222:287,223:285,227:275,231:266,247:258,250:254,261:236,266:230,268:229,276:218,291:202,292:201,296:193,298:188,302:184,304:183,316:172,317:171,323:167,326:166,327:166,330:165,331:165,338:162,342:159,345:158,346:157,351:155,352:153,357:149,359:149,362:148,363:148,372:146,374:144,376:144,386:140,391:137,396:136,401:132,405:131,407:131,416:129,418:128,421:128,422:128,426:127,432:125,433:124,439:120,440:120,460:113,467:110,476:107,481:105,482:105,485:103,491:102,496:100,497:100,500:100,501:100,502:100	0	False	0
ecol-SAMN36872530	GP_3	46:8436,84:1146,110:822,136:564,141:520,219:290,305:182,364:148,380:142,477:107,494:101	4	-0.5156729476896126	3.7075340999999997	1.0279024316195935	GP_unb_33	252:253	5	0.0	0.14144902999999998	0.8808193315180782	0	0	0	0		1	False	0
ecol-SAMN36872530	GP_3	46:8436,84:1146,110:822,136:564,141:520,219:290,305:182,364:148,380:142,477:107,494:101	4	-0.5156729476896126	3.7075340999999997	1.0279024316195935	GP_unb_34	253:253	5	0.0	0.26612866	3.4283986224301017	0	0	0	0		1	False	0
ecol-SAMN36872530	GP_3	46:8436,84:1146,110:822,136:564,141:520,219:290,305:182,364:148,380:142,477:107,494:101	4	-0.5156729476896126	3.7075340999999997	1.0279024316195935	GP_unb_35	256:248	4	0.0	0.31227165	1.2360701308311905	5	-5.088900461398855	33.024693330000005	0.05834762330414378	16:94631,24:54847,43:11458,47:7093,50:6059,51:5589,52:4816,53:4654,61:3289,64:2798,72:1927,77:1351,78:1320,85:1141,88:1089,95:1003,96:969,97:939,103:913,107:856,109:827,113:773,125:628,127:623,129:614,134:572,137:564,138:554,142:517,143:509,147:458,161:433,163:430,173:398,174:397,178:386,180:371,192:350,193:349,194:347,196:345,210:310,215:302,216:294,217:290,222:287,223:285,227:275,231:266,247:258,250:254,261:236,266:230,268:229,276:218,291:202,292:201,296:193,298:188,302:184,304:183,316:172,317:171,323:167,326:166,327:166,331:165,338:162,342:159,345:158,346:157,351:155,352:153,357:149,359:149,362:148,363:148,372:146,374:144,376:144,386:140,391:137,396:136,401:132,405:131,407:131,416:129,418:128,421:128,422:128,426:127,432:125,433:124,439:120,440:120,460:113,467:110,476:107,481:105,485:103,491:102,496:100,497:100,500:100,501:100,502:100	0	False	0
ecol-SAMN36872530	GP_3	46:8436,84:1146,110:822,136:564,141:520,219:290,305:182,364:148,380:142,477:107,494:101	4	-0.5156729476896126	3.7075340999999997	1.0279024316195935	GP_unb_36	259:238	5	0.0	0.24546250000000003	1.1636860430917526	0	0	0	0		1	False	0
ecol-SAMN36872530	GP_3	46:8436,84:1146,110:822,136:564,141:520,219:290,305:182,364:148,380:142,477:107,494:101	4	-0.5156729476896126	3.7075340999999997	1.0279024316195935	GP_unb_37	260:237	5	0.0	0.05604050000000005	13.619204386971907	5	-5.298946284515494	33.71270589999999	0.05834762330414378	16:94631,24:54847,43:11458,47:7093,50:6059,51:5589,52:4816,53:4654,61:3289,64:2798,65:2743,66:2610,72:1927,77:1351,78:1320,85:1141,88:1089,95:1003,96:969,97:939,103:913,107:856,109:827,113:773,125:628,127:623,129:614,134:572,137:564,138:554,142:517,143:509,147:458,161:433,163:430,169:404,173:398,174:397,178:386,192:350,193:349,194:347,196:345,210:310,215:302,216:294,217:290,222:287,223:285,227:275,247:258,250:254,261:236,266:230,268:229,276:218,291:202,292:201,296:193,298:188,302:184,304:183,316:172,317:171,323:167,326:166,327:166,331:165,338:162,342:159,345:158,346:157,351:155,352:153,357:149,359:149,362:148,363:148,372:146,374:144,376:144,386:140,391:137,396:136,401:132,405:131,407:131,416:129,418:128,421:128,422:128,426:127,432:125,433:124,439:120,440:120,460:113,467:110,476:107,481:105,482:105,485:103,491:102,496:100,497:100,500:100,501:100,502:100	0	False	0
ecol-SAMN36872530	GP_3	46:8436,84:1146,110:822,136:564,141:520,219:290,305:182,364:148,380:142,477:107,494:101	4	-0.5156729476896126	3.7075340999999997	1.0279024316195935	GP_unb_38	262:233	5	0.0	0.2861129	1.2442198039903987	0	0	0	0		1	False	0
ecol-SAMN36872530	GP_3	46:8436,84:1146,110:822,136:564,141:520,219:290,305:182,364:148,380:142,477:107,494:101	4	-0.5156729476896126	3.7075340999999997	1.0279024316195935	GP_unb_39	265:230	4	0.0	0.4446145	1.9082948303179226	5	-5.648067920234403	33.31224145	0.05834762330414378	16:94631,24:54847,43:11458,47:7093,50:6059,51:5589,52:4816,61:3289,65:2743,66:2610,72:1927,77:1351,78:1320,85:1141,88:1089,95:1003,96:969,97:939,103:913,107:856,109:827,113:773,125:628,127:623,129:614,137:564,138:554,142:517,143:509,147:458,161:433,163:430,169:404,173:398,174:397,178:386,192:350,193:349,194:347,196:345,210:310,215:302,216:294,217:290,220:287,222:287,223:285,227:275,231:266,247:258,250:254,261:236,266:230,268:229,276:218,291:202,292:201,296:193,298:188,302:184,304:183,316:172,317:171,323:167,326:166,327:166,331:165,338:162,342:159,344:158,345:158,346:157,351:155,352:153,357:149,359:149,362:148,363:148,372:146,374:144,376:144,386:140,391:137,396:136,401:132,405:131,407:131,416:129,418:128,421:128,422:128,426:127,432:125,433:124,439:120,440:120,450:116,460:113,467:110,476:107,481:105,482:105,485:103,491:102,496:100,497:100,500:100,501:100,502:100	0	False	0
ecol-SAMN36872530	GP_3	46:8436,84:1146,110:822,136:564,141:520,219:290,305:182,364:148,380:142,477:107,494:101	4	-0.5156729476896126	3.7075340999999997	1.0279024316195935	GP_unb_40	267:230	4	0.0	0.4108598	1.4864045615399941	5	-5.640218535231649	33.27848675	0.05834762330414378	16:94631,24:54847,43:11458,47:7093,50:6059,51:5589,52:4816,61:3289,65:2743,66:2610,72:1927,77:1351,78:1320,85:1141,88:1089,95:1003,96:969,97:939,103:913,107:856,109:827,113:773,125:628,127:623,129:614,137:564,138:554,142:517,143:509,147:458,161:433,163:430,169:404,173:398,174:397,178:386,192:350,193:349,194:347,196:345,210:310,215:302,216:294,217:290,220:287,222:287,223:285,227:275,231:266,247:258,250:254,261:236,266:230,268:229,276:218,291:202,292:201,296:193,298:188,302:184,304:183,316:172,317:171,323:167,326:166,327:166,331:165,338:162,342:159,344:158,345:158,346:157,351:155,352:153,357:149,359:149,362:148,363:148,372:146,374:144,376:144,386:140,391:137,396:136,401:132,405:131,407:131,416:129,418:128,421:128,422:128,426:127,432:125,433:124,439:120,440:120,450:116,460:113,467:110,476:107,481:105,482:105,485:103,491:102,496:100,497:100,500:100,501:100,502:100	0	False	0
ecol-SAMN36872530	GP_3	46:8436,84:1146,110:822,136:564,141:520,219:290,305:182,364:148,380:142,477:107,494:101	4	-0.5156729476896126	3.7075340999999997	1.0279024316195935	GP_unb_41	274:224	5	0.0	0.3802713	4.4419988045881045	0	0	0	0		1	False	0
ecol-SAMN36872530	GP_3	46:8436,84:1146,110:822,136:564,141:520,219:290,305:182,364:148,380:142,477:107,494:101	4	-0.5156729476896126	3.7075340999999997	1.0279024316195935	GP_unb_42	279:217	5	0.0	0.24067340000000004	1.1953834331091147	5	-5.070703444698841	33.96877159	0.05834762330414378	16:94631,24:54847,43:11458,47:7093,50:6059,51:5589,52:4816,53:4654,61:3289,64:2798,65:2743,68:2428,72:1927,77:1351,78:1320,85:1141,86:1108,88:1089,95:1003,97:939,103:913,107:856,109:827,113:773,125:628,127:623,129:614,134:572,138:554,139:549,142:517,143:509,147:458,161:433,163:430,173:398,174:397,178:386,180:371,192:350,193:349,194:347,210:310,215:302,216:294,217:290,221:287,222:287,223:285,227:275,231:266,247:258,250:254,261:236,266:230,268:229,276:218,291:202,292:201,296:193,298:188,302:184,304:183,316:172,317:171,323:167,326:166,331:165,338:162,342:159,345:158,346:157,351:155,357:149,359:149,362:148,363:148,372:146,374:144,376:144,386:140,391:137,396:136,401:132,405:131,407:131,415:129,416:129,418:128,421:128,422:128,426:127,432:125,433:124,437:120,439:120,460:113,467:110,476:107,481:105,482:105,485:103,491:102,496:100,497:100,500:100,501:100,502:100	0	False	0
ecol-SAMN36872530	GP_3	46:8436,84:1146,110:822,136:564,141:520,219:290,305:182,364:148,380:142,477:107,494:101	4	-0.5156729476896126	3.7075340999999997	1.0279024316195935	GP_unb_43	280:217	5	0.0	0.31301	3.179027162414732	5	-5.070703444698841	34.04110819	0.05834762330414378	16:94631,24:54847,43:11458,47:7093,50:6059,51:5589,52:4816,53:4654,61:3289,64:2798,65:2743,68:2428,72:1927,77:1351,78:1320,85:1141,86:1108,88:1089,95:1003,97:939,103:913,107:856,109:827,113:773,125:628,127:623,129:614,134:572,138:554,139:549,142:517,143:509,147:458,161:433,163:430,173:398,174:397,178:386,180:371,192:350,193:349,194:347,210:310,215:302,216:294,217:290,221:287,222:287,223:285,227:275,231:266,247:258,250:254,261:236,266:230,268:229,276:218,291:202,292:201,296:193,298:188,302:184,304:183,316:172,317:171,323:167,326:166,331:165,338:162,342:159,345:158,346:157,351:155,357:149,359:149,362:148,363:148,372:146,374:144,376:144,386:140,391:137,396:136,401:132,405:131,407:131,415:129,416:129,418:128,421:128,422:128,426:127,432:125,433:124,437:120,439:120,460:113,467:110,476:107,481:105,482:105,485:103,491:102,496:100,497:100,500:100,501:100,502:100	0	False	0
ecol-SAMN36872530	GP_3	46:8436,84:1146,110:822,136:564,141:520,219:290,305:182,364:148,380:142,477:107,494:101	4	-0.5156729476896126	3.7075340999999997	1.0279024316195935	GP_unb_44	283:210	5	0.0	0.1547651	0.9413726364524728	5	-5.070703444698841	34.09543828999999	0.05834762330414378	16:94631,24:54847,43:11458,47:7093,50:6059,51:5589,52:4816,53:4654,61:3289,64:2798,65:2743,68:2428,72:1927,77:1351,78:1320,85:1141,86:1108,88:1089,95:1003,97:939,103:913,107:856,109:827,113:773,125:628,127:623,129:614,134:572,138:554,139:549,142:517,143:509,147:458,160:436,161:433,163:430,173:398,174:397,178:386,180:371,192:350,193:349,194:347,210:310,215:302,216:294,217:290,221:287,222:287,223:285,227:275,231:266,247:258,250:254,261:236,266:230,268:229,276:218,291:202,292:201,296:193,298:188,302:184,304:183,316:172,317:171,323:167,326:166,331:165,338:162,342:159,345:158,346:157,351:155,357:149,359:149,362:148,363:148,372:146,374:144,376:144,386:140,391:137,396:136,401:132,405:131,407:131,415:129,416:129,418:128,421:128,422:128,426:127,432:125,433:124,437:120,439:120,460:113,467:110,476:107,481:105,482:105,485:103,491:102,496:100,497:100,500:100,501:100,502:100	0	False	0
ecol-SAMN36872530	GP_3	46:8436,84:1146,110:822,136:564,141:520,219:290,305:182,364:148,380:142,477:107,494:101	4	-0.5156729476896126	3.7075340999999997	1.0279024316195935	GP_unb_45	285:208	5	0.0	0.16101325	1.032333045548988	0	0	0	0		1	False	0
ecol-SAMN36872530	GP_3	46:8436,84:1146,110:822,136:564,141:520,219:290,305:182,364:148,380:142,477:107,494:101	4	-0.5156729476896126	3.7075340999999997	1.0279024316195935	GP_unb_46	286:208	5	0.0	0.282513	3.956737474265438	0	0	0	0		1	False	0
ecol-SAMN36872530	GP_3	46:8436,84:1146,110:822,136:564,141:520,219:290,305:182,364:148,380:142,477:107,494:101	4	-0.5156729476896126	3.7075340999999997	1.0279024316195935	GP_unb_47	289:204	4	0.0	0.29595952999999997	2.057408233162244	5	-5.459968542953823	33.69698577	0.05834774775855765	16:94631,24:54847,43:11458,50:6059,51:5589,52:4816,53:4654,61:3289,64:2798,65:2743,66:2610,72:1927,77:1351,78:1320,85:1141,88:1089,95:1003,96:969,97:939,103:913,107:856,109:827,113:773,125:628,127:623,129:614,134:572,137:564,138:554,142:517,143:509,147:458,161:433,163:430,169:404,173:398,174:397,178:386,180:371,192:350,193:349,194:347,196:345,210:310,215:302,216:294,217:290,221:287,222:287,223:285,227:275,231:266,247:258,250:254,261:236,266:230,268:229,276:218,291:202,292:201,296:193,298:188,302:184,304:183,316:172,317:171,323:167,326:166,327:166,331:165,338:162,342:159,345:158,346:157,351:155,352:153,357:149,359:149,362:148,363:148,372:146,374:144,376:144,386:140,391:137,396:136,401:132,405:131,407:131,416:129,418:128,421:128,422:128,426:127,432:125,433:124,437:120,439:120,440:120,460:113,467:110,476:107,481:105,482:105,485:103,491:102,496:100,497:100,500:100,501:100,502:100	0	False	0
ecol-SAMN36872530	GP_3	46:8436,84:1146,110:822,136:564,141:520,219:290,305:182,364:148,380:142,477:107,494:101	4	-0.5156729476896126	3.7075340999999997	1.0279024316195935	GP_unb_48	309:177	5	0.0	0.008116699999999977	6.132747644753945	0	0	0	0		1	False	0
ecol-SAMN36872530	GP_3	46:8436,84:1146,110:822,136:564,141:520,219:290,305:182,364:148,380:142,477:107,494:101	4	-0.5156729476896126	3.7075340999999997	1.0279024316195935	GP_unb_49	315:173	5	0.0	0.32111144	2.611600239082379	5	-5.0375860395089544	33.01976442	0.05834762330414378	16:94631,24:54847,43:11458,47:7093,50:6059,51:5589,52:4816,53:4654,61:3289,64:2798,72:1927,77:1351,78:1320,85:1141,88:1089,95:1003,96:969,97:939,103:913,107:856,109:827,113:773,125:628,127:623,129:614,134:572,137:564,138:554,142:517,143:509,147:458,161:433,163:430,173:398,174:397,178:386,180:371,192:350,193:349,194:347,196:345,210:310,215:302,216:294,217:290,222:287,223:285,227:275,231:266,247:258,250:254,261:236,266:230,268:229,276:218,291:202,292:201,296:193,298:188,302:184,304:183,316:172,317:171,323:167,326:166,327:166,331:165,338:162,342:159,345:158,346:157,351:155,352:153,357:149,359:149,362:148,363:148,372:146,374:144,386:140,391:137,396:136,401:132,405:131,407:131,408:131,416:129,418:128,421:128,422:128,426:127,432:125,433:124,439:120,440:120,460:113,467:110,476:107,481:105,485:103,491:102,496:100,497:100,500:100,501:100,502:100	0	False	0
ecol-SAMN36872530	GP_3	46:8436,84:1146,110:822,136:564,141:520,219:290,305:182,364:148,380:142,477:107,494:101	4	-0.5156729476896126	3.7075340999999997	1.0279024316195935	GP_unb_50	318:170	4	0.0	0.28726719999999994	1.765571188675844	5	-5.895017195989836	32.06498254399999	0.05834762330414378	16:94631,24:54847,31:40858,43:11458,50:6059,51:5589,52:4816,53:4654,61:3289,64:2798,65:2743,66:2610,72:1927,77:1351,78:1320,85:1141,88:1089,95:1003,96:969,97:939,103:913,107:856,109:827,113:773,125:628,127:623,129:614,134:572,137:564,138:554,142:517,143:509,147:458,159:436,161:433,163:430,169:404,173:398,174:397,178:386,180:371,192:350,193:349,194:347,196:345,210:310,215:302,216:294,217:290,221:287,222:287,223:285,227:275,231:266,247:258,250:254,261:236,266:230,268:229,276:218,291:202,292:201,296:193,298:188,302:184,304:183,316:172,317:171,323:167,326:166,327:166,331:165,338:162,342:159,345:158,346:157,351:155,352:153,357:149,359:149,362:148,363:148,372:146,374:144,376:144,385:141,386:140,390:137,391:137,396:136,401:132,402:131,405:131,407:131,416:129,418:128,421:128,422:128,426:127,432:125,433:124,437:120,439:120,440:120,460:113,467:110,474:108,476:107,481:105,482:105,485:103,491:102,492:101,496:100,497:100,500:100,501:100,502:100	0	False	0