SAMPLE	BIN1	BIN1_CONTIGS	BIN1_GC_BIN	BIN1_GC	BIN1_GD	BIN1_RD	BIN2	BIN2_CONTIGS	BIN2_GC_BIN	BIN2_GC	BIN2_GD	BIN2_RD	MERGE_GC_BIN	MERGE_GC	MERGE_GD	MERGE_RD	MERGE_PATH	MILP_INFEASIBLE	BINS_OVERLAP	IS_SUBSET
ecol-SAMN29011448	GP_0	Contig:100:70.8957:63403,Contig:32:105.417:1444,Contig:40:64.6735:14331,Contig:86:103.503:690,Contig:105:203.256:3p:1:17:119,Contig:54:138.163:5p:1:2:369,Contig:61:68.5792:5p:1:2:119	4	-0.09147317850962872	1.5374441399999998	1.3062074181094878	GP_Isolated_0	Contig:101:8.31593:1169	5	0.0	0.14738220000000002	0.18950651861283824	0	0	0	0		1	False	0
ecol-SAMN29011448	GP_0	Contig:100:70.8957:63403,Contig:32:105.417:1444,Contig:40:64.6735:14331,Contig:86:103.503:690,Contig:105:203.256:3p:1:17:119,Contig:54:138.163:5p:1:2:369,Contig:61:68.5792:5p:1:2:119	4	-0.09147317850962872	1.5374441399999998	1.3062074181094878	GP_Isolated_1	Contig:103:12.0494:2044	5	0.0	0.17717210000000005	0.19891642812931765	0	0	0	0		1	False	0
ecol-SAMN29011448	GP_0	Contig:100:70.8957:63403,Contig:32:105.417:1444,Contig:40:64.6735:14331,Contig:86:103.503:690,Contig:105:203.256:3p:1:17:119,Contig:54:138.163:5p:1:2:369,Contig:61:68.5792:5p:1:2:119	4	-0.09147317850962872	1.5374441399999998	1.3062074181094878	GP_Isolated_2	Contig:10:7.12921:1088	5	0.0	0.12826866000000003	0.14620384126970354	0	0	0	0		1	False	0
ecol-SAMN29011448	GP_0	Contig:100:70.8957:63403,Contig:32:105.417:1444,Contig:40:64.6735:14331,Contig:86:103.503:690,Contig:105:203.256:3p:1:17:119,Contig:54:138.163:5p:1:2:369,Contig:61:68.5792:5p:1:2:119	4	-0.09147317850962872	1.5374441399999998	1.3062074181094878	GP_2	Contig:11:246.548:1255,Contig:13:62.3389:3832,Contig:30:95.0996:9115,Contig:58:73.692:24089,Contig:72:158.177:1345,Contig:78:81.6751:40050,Contig:80:75.3795:27008,Contig:85:150.93:11764,Contig:105:203.256:3p:1:20:325,Contig:13:62.3389:3p:1:10:182	4	-0.14692005723720591	2.83265395	1.444804810111847	4	-0.26196272593702796	4.2273067300000005	1.3062074181088974	Contig:28:338.076:1006	0	False	0
ecol-SAMN29011448	GP_0	Contig:100:70.8957:63403,Contig:32:105.417:1444,Contig:40:64.6735:14331,Contig:86:103.503:690,Contig:105:203.256:3p:1:17:119,Contig:54:138.163:5p:1:2:369,Contig:61:68.5792:5p:1:2:119	4	-0.09147317850962872	1.5374441399999998	1.3062074181094878	GP_unb_1	Contig:12:14.2775:9048	4	0.0	0.22035289999999996	0.2751280097549226	4	-0.5464998815691081	2.5185146730000003	0.10143830748165783	Contig:105:203.256:754,Contig:11:246.548:1255,Contig:19:76.7354:176744,Contig:28:338.076:1006,Contig:30:95.0996:9115,Contig:50:136.55:707,Contig:71:77.0955:2660,Contig:72:158.177:1345,Contig:80:75.3795:27008,Contig:85:150.93:11764,Contig:90:108.456:1214,Contig:91:61.4824:148356,Contig:94:124.302:29731,Contig:98:450.31:1195,Contig:105:203.256:3p:1:20:325,Contig:12:14.2775:3p:1:3:351,Contig:12:14.2775:3p:1:13:146	0	False	0
ecol-SAMN29011448	GP_0	Contig:100:70.8957:63403,Contig:32:105.417:1444,Contig:40:64.6735:14331,Contig:86:103.503:690,Contig:105:203.256:3p:1:17:119,Contig:54:138.163:5p:1:2:369,Contig:61:68.5792:5p:1:2:119	4	-0.09147317850962872	1.5374441399999998	1.3062074181094878	GP_Isolated_3	Contig:14:14.7827:3937	5	0.0	0.14273230000000003	0.3330680809771743	0	0	0	0		1	False	0
ecol-SAMN29011448	GP_0	Contig:100:70.8957:63403,Contig:32:105.417:1444,Contig:40:64.6735:14331,Contig:86:103.503:690,Contig:105:203.256:3p:1:17:119,Contig:54:138.163:5p:1:2:369,Contig:61:68.5792:5p:1:2:119	4	-0.09147317850962872	1.5374441399999998	1.3062074181094878	GP_Isolated_4	Contig:17:22.2836:10823	4	0.0	0.18191206000000004	0.36862064385594945	0	0	0	0		1	False	0
ecol-SAMN29011448	GP_0	Contig:100:70.8957:63403,Contig:32:105.417:1444,Contig:40:64.6735:14331,Contig:86:103.503:690,Contig:105:203.256:3p:1:17:119,Contig:54:138.163:5p:1:2:369,Contig:61:68.5792:5p:1:2:119	4	-0.09147317850962872	1.5374441399999998	1.3062074181094878	GP_3	Contig:1:81.6609:Circ:67408	4	0.0	0.23619294000000002	1.668618837364378	0	0	0	0		1	False	0
ecol-SAMN29011448	GP_0	Contig:100:70.8957:63403,Contig:32:105.417:1444,Contig:40:64.6735:14331,Contig:86:103.503:690,Contig:105:203.256:3p:1:17:119,Contig:54:138.163:5p:1:2:369,Contig:61:68.5792:5p:1:2:119	4	-0.09147317850962872	1.5374441399999998	1.3062074181094878	GP_Isolated_5	Contig:22:11.3811:6286	4	0.0	0.22556054999999997	0.242534698084104	0	0	0	0		1	False	0
ecol-SAMN29011448	GP_0	Contig:100:70.8957:63403,Contig:32:105.417:1444,Contig:40:64.6735:14331,Contig:86:103.503:690,Contig:105:203.256:3p:1:17:119,Contig:54:138.163:5p:1:2:369,Contig:61:68.5792:5p:1:2:119	4	-0.09147317850962872	1.5374441399999998	1.3062074181094878	GP_Isolated_6	Contig:24:16.1926:22967	5	0.0	0.2725875	0.3131227038982689	0	0	0	0		1	False	0
ecol-SAMN29011448	GP_0	Contig:100:70.8957:63403,Contig:32:105.417:1444,Contig:40:64.6735:14331,Contig:86:103.503:690,Contig:105:203.256:3p:1:17:119,Contig:54:138.163:5p:1:2:369,Contig:61:68.5792:5p:1:2:119	4	-0.09147317850962872	1.5374441399999998	1.3062074181094878	GP_Isolated_7	Contig:25:18.5225:70602	4	0.0	0.30745214	0.3482891656540853	0	0	0	0		1	False	0
ecol-SAMN29011448	GP_0	Contig:100:70.8957:63403,Contig:32:105.417:1444,Contig:40:64.6735:14331,Contig:86:103.503:690,Contig:105:203.256:3p:1:17:119,Contig:54:138.163:5p:1:2:369,Contig:61:68.5792:5p:1:2:119	4	-0.09147317850962872	1.5374441399999998	1.3062074181094878	GP_unb_2	Contig:29:16.7233:12761	5	0.0	0.21713229999999994	0.3573387931960301	4	-0.48257312734355245	3.24750307	0.10143830748165783	Contig:105:203.256:754,Contig:11:246.548:1255,Contig:16:65.1478:54748,Contig:28:338.076:1006,Contig:30:95.0996:9115,Contig:62:39.8907:41017,Contig:72:158.177:1345,Contig:73:116.233:1071,Contig:74:93.7204:97303,Contig:80:75.3795:27008,Contig:85:150.93:11764,Contig:90:108.456:1214,Contig:91:61.4824:148356,Contig:94:124.302:29731,Contig:98:450.31:1195,Contig:105:203.256:3p:1:20:325,Contig:29:16.7233:3p:1:6:123,Contig:29:16.7233:3p:1:7:136	0	False	0
ecol-SAMN29011448	GP_0	Contig:100:70.8957:63403,Contig:32:105.417:1444,Contig:40:64.6735:14331,Contig:86:103.503:690,Contig:105:203.256:3p:1:17:119,Contig:54:138.163:5p:1:2:369,Contig:61:68.5792:5p:1:2:119	4	-0.09147317850962872	1.5374441399999998	1.3062074181094878	GP_Isolated_8	Contig:31:17.9153:30836	4	0.0	0.23488889999999996	0.3753913839361629	0	0	0	0		1	False	0
ecol-SAMN29011448	GP_0	Contig:100:70.8957:63403,Contig:32:105.417:1444,Contig:40:64.6735:14331,Contig:86:103.503:690,Contig:105:203.256:3p:1:17:119,Contig:54:138.163:5p:1:2:369,Contig:61:68.5792:5p:1:2:119	4	-0.09147317850962872	1.5374441399999998	1.3062074181094878	GP_Isolated_9	Contig:34:21.2832:40737	4	0.0	0.18295974000000004	0.404299335353048	0	0	0	0		1	False	0
ecol-SAMN29011448	GP_0	Contig:100:70.8957:63403,Contig:32:105.417:1444,Contig:40:64.6735:14331,Contig:86:103.503:690,Contig:105:203.256:3p:1:17:119,Contig:54:138.163:5p:1:2:369,Contig:61:68.5792:5p:1:2:119	4	-0.09147317850962872	1.5374441399999998	1.3062074181094878	GP_Isolated_10	Contig:36:20.7282:35536	4	0.0	0.20072259999999997	0.3897334978925334	0	0	0	0		1	False	0
ecol-SAMN29011448	GP_0	Contig:100:70.8957:63403,Contig:32:105.417:1444,Contig:40:64.6735:14331,Contig:86:103.503:690,Contig:105:203.256:3p:1:17:119,Contig:54:138.163:5p:1:2:369,Contig:61:68.5792:5p:1:2:119	4	-0.09147317850962872	1.5374441399999998	1.3062074181094878	GP_Isolated_11	Contig:39:16.3582:5620	5	0.0	0.15748315999999996	0.33595379902025807	0	0	0	0		1	False	0
ecol-SAMN29011448	GP_0	Contig:100:70.8957:63403,Contig:32:105.417:1444,Contig:40:64.6735:14331,Contig:86:103.503:690,Contig:105:203.256:3p:1:17:119,Contig:54:138.163:5p:1:2:369,Contig:61:68.5792:5p:1:2:119	4	-0.09147317850962872	1.5374441399999998	1.3062074181094878	GP_Isolated_12	Contig:41:9.28738:1565	4	0.0	0.11920920000000002	0.1661337031824262	0	0	0	0		1	False	0
ecol-SAMN29011448	GP_0	Contig:100:70.8957:63403,Contig:32:105.417:1444,Contig:40:64.6735:14331,Contig:86:103.503:690,Contig:105:203.256:3p:1:17:119,Contig:54:138.163:5p:1:2:369,Contig:61:68.5792:5p:1:2:119	4	-0.09147317850962872	1.5374441399999998	1.3062074181094878	GP_Isolated_13	Contig:45:10.6286:1560	5	0.0	0.16585570000000005	0.21315400194373968	0	0	0	0		1	False	0
ecol-SAMN29011448	GP_0	Contig:100:70.8957:63403,Contig:32:105.417:1444,Contig:40:64.6735:14331,Contig:86:103.503:690,Contig:105:203.256:3p:1:17:119,Contig:54:138.163:5p:1:2:369,Contig:61:68.5792:5p:1:2:119	4	-0.09147317850962872	1.5374441399999998	1.3062074181094878	GP_Isolated_14	Contig:46:22.0957:21412	5	0.0	0.17589056000000003	0.38585277670383206	0	0	0	0		1	False	0
ecol-SAMN29011448	GP_0	Contig:100:70.8957:63403,Contig:32:105.417:1444,Contig:40:64.6735:14331,Contig:86:103.503:690,Contig:105:203.256:3p:1:17:119,Contig:54:138.163:5p:1:2:369,Contig:61:68.5792:5p:1:2:119	4	-0.09147317850962872	1.5374441399999998	1.3062074181094878	GP_Isolated_15	Contig:49:7.79121:1476	5	0.0	0.16894895	0.1513753109770716	0	0	0	0		1	False	0
ecol-SAMN29011448	GP_0	Contig:100:70.8957:63403,Contig:32:105.417:1444,Contig:40:64.6735:14331,Contig:86:103.503:690,Contig:105:203.256:3p:1:17:119,Contig:54:138.163:5p:1:2:369,Contig:61:68.5792:5p:1:2:119	4	-0.09147317850962872	1.5374441399999998	1.3062074181094878	GP_unb_3	Contig:51:13.6723:5050	5	0.0	0.21375436000000003	0.279411378753512	4	-0.5559613052206903	2.5119161330000006	0.10143830748165783	Contig:105:203.256:754,Contig:11:246.548:1255,Contig:19:76.7354:176744,Contig:28:338.076:1006,Contig:30:95.0996:9115,Contig:50:136.55:707,Contig:71:77.0955:2660,Contig:72:158.177:1345,Contig:80:75.3795:27008,Contig:85:150.93:11764,Contig:90:108.456:1214,Contig:91:61.4824:148356,Contig:94:124.302:29731,Contig:98:450.31:1195,Contig:105:203.256:3p:1:20:325,Contig:12:14.2775:3p:1:3:351,Contig:12:14.2775:3p:1:13:146	0	False	0
ecol-SAMN29011448	GP_0	Contig:100:70.8957:63403,Contig:32:105.417:1444,Contig:40:64.6735:14331,Contig:86:103.503:690,Contig:105:203.256:3p:1:17:119,Contig:54:138.163:5p:1:2:369,Contig:61:68.5792:5p:1:2:119	4	-0.09147317850962872	1.5374441399999998	1.3062074181094878	GP_Isolated_16	Contig:52:10.1897:1412	4	0.0	0.13972099999999998	0.19260179944689326	0	0	0	0		1	False	0
ecol-SAMN29011448	GP_0	Contig:100:70.8957:63403,Contig:32:105.417:1444,Contig:40:64.6735:14331,Contig:86:103.503:690,Contig:105:203.256:3p:1:17:119,Contig:54:138.163:5p:1:2:369,Contig:61:68.5792:5p:1:2:119	4	-0.09147317850962872	1.5374441399999998	1.3062074181094878	GP_1	Contig:53:69.594:41573,Contig:54:138.163:13070,Contig:74:93.7204:97303,Contig:90:108.456:1214,Contig:94:124.302:29731,Contig:98:450.31:1195,Contig:54:138.163:5p:1:1:119,Contig:54:138.163:5p:1:2:369	5	-0.2794663136616158	2.37888319	1.2883451740150935	5	-0.630329701968962	3.9163273299999997	1.2883451740144665		0	True	0
ecol-SAMN29011448	GP_0	Contig:100:70.8957:63403,Contig:32:105.417:1444,Contig:40:64.6735:14331,Contig:86:103.503:690,Contig:105:203.256:3p:1:17:119,Contig:54:138.163:5p:1:2:369,Contig:61:68.5792:5p:1:2:119	4	-0.09147317850962872	1.5374441399999998	1.3062074181094878	GP_Isolated_17	Contig:55:18.7637:58783	4	0.0	0.27229749999999997	0.3747272394809079	0	0	0	0		1	False	0
ecol-SAMN29011448	GP_0	Contig:100:70.8957:63403,Contig:32:105.417:1444,Contig:40:64.6735:14331,Contig:86:103.503:690,Contig:105:203.256:3p:1:17:119,Contig:54:138.163:5p:1:2:369,Contig:61:68.5792:5p:1:2:119	4	-0.09147317850962872	1.5374441399999998	1.3062074181094878	GP_Isolated_18	Contig:5:11.5902:3573	4	0.0	0.19903510000000002	0.21995768690662262	0	0	0	0		1	False	0
ecol-SAMN29011448	GP_0	Contig:100:70.8957:63403,Contig:32:105.417:1444,Contig:40:64.6735:14331,Contig:86:103.503:690,Contig:105:203.256:3p:1:17:119,Contig:54:138.163:5p:1:2:369,Contig:61:68.5792:5p:1:2:119	4	-0.09147317850962872	1.5374441399999998	1.3062074181094878	GP_Isolated_19	Contig:65:18.3126:22016	4	0.0	0.18502799999999997	0.3885813685267616	0	0	0	0		1	False	0
ecol-SAMN29011448	GP_0	Contig:100:70.8957:63403,Contig:32:105.417:1444,Contig:40:64.6735:14331,Contig:86:103.503:690,Contig:105:203.256:3p:1:17:119,Contig:54:138.163:5p:1:2:369,Contig:61:68.5792:5p:1:2:119	4	-0.09147317850962872	1.5374441399999998	1.3062074181094878	GP_Isolated_20	Contig:67:9.96663:4335	5	0.0	0.2078774	0.20568547800442522	0	0	0	0		1	False	0
ecol-SAMN29011448	GP_0	Contig:100:70.8957:63403,Contig:32:105.417:1444,Contig:40:64.6735:14331,Contig:86:103.503:690,Contig:105:203.256:3p:1:17:119,Contig:54:138.163:5p:1:2:369,Contig:61:68.5792:5p:1:2:119	4	-0.09147317850962872	1.5374441399999998	1.3062074181094878	GP_Isolated_21	Contig:75:6.41176:1346	5	0.0	0.16754190000000002	0.12709389834240573	0	0	0	0		1	False	0
ecol-SAMN29011448	GP_0	Contig:100:70.8957:63403,Contig:32:105.417:1444,Contig:40:64.6735:14331,Contig:86:103.503:690,Contig:105:203.256:3p:1:17:119,Contig:54:138.163:5p:1:2:369,Contig:61:68.5792:5p:1:2:119	4	-0.09147317850962872	1.5374441399999998	1.3062074181094878	GP_Isolated_22	Contig:7:7.27287:1310	5	0.0	0.15454124999999996	0.15951225153812967	0	0	0	0		1	False	0
ecol-SAMN29011448	GP_0	Contig:100:70.8957:63403,Contig:32:105.417:1444,Contig:40:64.6735:14331,Contig:86:103.503:690,Contig:105:203.256:3p:1:17:119,Contig:54:138.163:5p:1:2:369,Contig:61:68.5792:5p:1:2:119	4	-0.09147317850962872	1.5374441399999998	1.3062074181094878	GP_Isolated_23	Contig:81:17.2046:6588	4	0.0	0.15662896999999998	0.35798241255099483	0	0	0	0		1	False	0
ecol-SAMN29011448	GP_0	Contig:100:70.8957:63403,Contig:32:105.417:1444,Contig:40:64.6735:14331,Contig:86:103.503:690,Contig:105:203.256:3p:1:17:119,Contig:54:138.163:5p:1:2:369,Contig:61:68.5792:5p:1:2:119	4	-0.09147317850962872	1.5374441399999998	1.3062074181094878	GP_Isolated_24	Contig:88:19.2702:31979	4	0.0	0.20090896000000003	0.3982169955288025	0	0	0	0		1	False	0
ecol-SAMN29011448	GP_0	Contig:100:70.8957:63403,Contig:32:105.417:1444,Contig:40:64.6735:14331,Contig:86:103.503:690,Contig:105:203.256:3p:1:17:119,Contig:54:138.163:5p:1:2:369,Contig:61:68.5792:5p:1:2:119	4	-0.09147317850962872	1.5374441399999998	1.3062074181094878	GP_Isolated_25	Contig:89:18.5684:12610	4	0.0	0.17035960000000006	0.3913106649869126	0	0	0	0		1	False	0
ecol-SAMN29011448	GP_0	Contig:100:70.8957:63403,Contig:32:105.417:1444,Contig:40:64.6735:14331,Contig:86:103.503:690,Contig:105:203.256:3p:1:17:119,Contig:54:138.163:5p:1:2:369,Contig:61:68.5792:5p:1:2:119	4	-0.09147317850962872	1.5374441399999998	1.3062074181094878	GP_Isolated_26	Contig:92:14.4501:3670	5	0.0	0.19545999999999997	0.26503576642597604	0	0	0	0		1	False	0
ecol-SAMN29011448	GP_0	Contig:100:70.8957:63403,Contig:32:105.417:1444,Contig:40:64.6735:14331,Contig:86:103.503:690,Contig:105:203.256:3p:1:17:119,Contig:54:138.163:5p:1:2:369,Contig:61:68.5792:5p:1:2:119	4	-0.09147317850962872	1.5374441399999998	1.3062074181094878	GP_Isolated_27	Contig:93:22.3507:12563	4	0.0	0.07894254	0.40905302631366325	0	0	0	0		1	False	0
ecol-SAMN29011448	GP_0	Contig:100:70.8957:63403,Contig:32:105.417:1444,Contig:40:64.6735:14331,Contig:86:103.503:690,Contig:105:203.256:3p:1:17:119,Contig:54:138.163:5p:1:2:369,Contig:61:68.5792:5p:1:2:119	4	-0.09147317850962872	1.5374441399999998	1.3062074181094878	GP_Isolated_28	Contig:95:6.97497:739	5	0.0	0.08078700000000005	0.1460070984426482	0	0	0	0		1	False	0
ecol-SAMN29011448	GP_0	Contig:100:70.8957:63403,Contig:32:105.417:1444,Contig:40:64.6735:14331,Contig:86:103.503:690,Contig:105:203.256:3p:1:17:119,Contig:54:138.163:5p:1:2:369,Contig:61:68.5792:5p:1:2:119	4	-0.09147317850962872	1.5374441399999998	1.3062074181094878	GP_Isolated_29	Contig:99:20.0162:23021	4	0.0	0.19715583000000003	0.3918467215733558	0	0	0	0		1	False	0
ecol-SAMN29011448	GP_Isolated_0	Contig:101:8.31593:1169	5	0.0	0.14738220000000002	0.18950651861283824	GP_Isolated_1	Contig:103:12.0494:2044	5	0.0	0.17717210000000005	0.19891642812931765	0	0	0	0		1	False	0
ecol-SAMN29011448	GP_Isolated_0	Contig:101:8.31593:1169	5	0.0	0.14738220000000002	0.18950651861283824	GP_Isolated_2	Contig:10:7.12921:1088	5	0.0	0.12826866000000003	0.14620384126970354	0	0	0	0		1	False	0
ecol-SAMN29011448	GP_Isolated_0	Contig:101:8.31593:1169	5	0.0	0.14738220000000002	0.18950651861283824	GP_2	Contig:11:246.548:1255,Contig:13:62.3389:3832,Contig:30:95.0996:9115,Contig:58:73.692:24089,Contig:72:158.177:1345,Contig:78:81.6751:40050,Contig:80:75.3795:27008,Contig:85:150.93:11764,Contig:105:203.256:3p:1:20:325,Contig:13:62.3389:3p:1:10:182	4	-0.14692005723720591	2.83265395	1.444804810111847	0	0	0	0		1	False	0
ecol-SAMN29011448	GP_Isolated_0	Contig:101:8.31593:1169	5	0.0	0.14738220000000002	0.18950651861283824	GP_unb_1	Contig:12:14.2775:9048	4	0.0	0.22035289999999996	0.2751280097549226	0	0	0	0		1	False	0
ecol-SAMN29011448	GP_Isolated_0	Contig:101:8.31593:1169	5	0.0	0.14738220000000002	0.18950651861283824	GP_Isolated_3	Contig:14:14.7827:3937	5	0.0	0.14273230000000003	0.3330680809771743	0	0	0	0		1	False	0
ecol-SAMN29011448	GP_Isolated_0	Contig:101:8.31593:1169	5	0.0	0.14738220000000002	0.18950651861283824	GP_Isolated_4	Contig:17:22.2836:10823	4	0.0	0.18191206000000004	0.36862064385594945	0	0	0	0		1	False	0
ecol-SAMN29011448	GP_Isolated_0	Contig:101:8.31593:1169	5	0.0	0.14738220000000002	0.18950651861283824	GP_3	Contig:1:81.6609:Circ:67408	4	0.0	0.23619294000000002	1.668618837364378	0	0	0	0		1	False	0
ecol-SAMN29011448	GP_Isolated_0	Contig:101:8.31593:1169	5	0.0	0.14738220000000002	0.18950651861283824	GP_Isolated_5	Contig:22:11.3811:6286	4	0.0	0.22556054999999997	0.242534698084104	0	0	0	0		1	False	0
ecol-SAMN29011448	GP_Isolated_0	Contig:101:8.31593:1169	5	0.0	0.14738220000000002	0.18950651861283824	GP_Isolated_6	Contig:24:16.1926:22967	5	0.0	0.2725875	0.3131227038982689	0	0	0	0		1	False	0
ecol-SAMN29011448	GP_Isolated_0	Contig:101:8.31593:1169	5	0.0	0.14738220000000002	0.18950651861283824	GP_Isolated_7	Contig:25:18.5225:70602	4	0.0	0.30745214	0.3482891656540853	0	0	0	0		1	False	0
ecol-SAMN29011448	GP_Isolated_0	Contig:101:8.31593:1169	5	0.0	0.14738220000000002	0.18950651861283824	GP_unb_2	Contig:29:16.7233:12761	5	0.0	0.21713229999999994	0.3573387931960301	0	0	0	0		1	False	0
ecol-SAMN29011448	GP_Isolated_0	Contig:101:8.31593:1169	5	0.0	0.14738220000000002	0.18950651861283824	GP_Isolated_8	Contig:31:17.9153:30836	4	0.0	0.23488889999999996	0.3753913839361629	0	0	0	0		1	False	0
ecol-SAMN29011448	GP_Isolated_0	Contig:101:8.31593:1169	5	0.0	0.14738220000000002	0.18950651861283824	GP_Isolated_9	Contig:34:21.2832:40737	4	0.0	0.18295974000000004	0.404299335353048	0	0	0	0		1	False	0
ecol-SAMN29011448	GP_Isolated_0	Contig:101:8.31593:1169	5	0.0	0.14738220000000002	0.18950651861283824	GP_Isolated_10	Contig:36:20.7282:35536	4	0.0	0.20072259999999997	0.3897334978925334	0	0	0	0		1	False	0
ecol-SAMN29011448	GP_Isolated_0	Contig:101:8.31593:1169	5	0.0	0.14738220000000002	0.18950651861283824	GP_Isolated_11	Contig:39:16.3582:5620	5	0.0	0.15748315999999996	0.33595379902025807	0	0	0	0		1	False	0
ecol-SAMN29011448	GP_Isolated_0	Contig:101:8.31593:1169	5	0.0	0.14738220000000002	0.18950651861283824	GP_Isolated_12	Contig:41:9.28738:1565	4	0.0	0.11920920000000002	0.1661337031824262	0	0	0	0		1	False	0
ecol-SAMN29011448	GP_Isolated_0	Contig:101:8.31593:1169	5	0.0	0.14738220000000002	0.18950651861283824	GP_Isolated_13	Contig:45:10.6286:1560	5	0.0	0.16585570000000005	0.21315400194373968	0	0	0	0		1	False	0
ecol-SAMN29011448	GP_Isolated_0	Contig:101:8.31593:1169	5	0.0	0.14738220000000002	0.18950651861283824	GP_Isolated_14	Contig:46:22.0957:21412	5	0.0	0.17589056000000003	0.38585277670383206	0	0	0	0		1	False	0
ecol-SAMN29011448	GP_Isolated_0	Contig:101:8.31593:1169	5	0.0	0.14738220000000002	0.18950651861283824	GP_Isolated_15	Contig:49:7.79121:1476	5	0.0	0.16894895	0.1513753109770716	0	0	0	0		1	False	0
ecol-SAMN29011448	GP_Isolated_0	Contig:101:8.31593:1169	5	0.0	0.14738220000000002	0.18950651861283824	GP_unb_3	Contig:51:13.6723:5050	5	0.0	0.21375436000000003	0.279411378753512	0	0	0	0		1	False	0
ecol-SAMN29011448	GP_Isolated_0	Contig:101:8.31593:1169	5	0.0	0.14738220000000002	0.18950651861283824	GP_Isolated_16	Contig:52:10.1897:1412	4	0.0	0.13972099999999998	0.19260179944689326	0	0	0	0		1	False	0
ecol-SAMN29011448	GP_Isolated_0	Contig:101:8.31593:1169	5	0.0	0.14738220000000002	0.18950651861283824	GP_1	Contig:53:69.594:41573,Contig:54:138.163:13070,Contig:74:93.7204:97303,Contig:90:108.456:1214,Contig:94:124.302:29731,Contig:98:450.31:1195,Contig:54:138.163:5p:1:1:119,Contig:54:138.163:5p:1:2:369	5	-0.2794663136616158	2.37888319	1.2883451740150935	0	0	0	0		1	False	0
ecol-SAMN29011448	GP_Isolated_0	Contig:101:8.31593:1169	5	0.0	0.14738220000000002	0.18950651861283824	GP_Isolated_17	Contig:55:18.7637:58783	4	0.0	0.27229749999999997	0.3747272394809079	0	0	0	0		1	False	0
ecol-SAMN29011448	GP_Isolated_0	Contig:101:8.31593:1169	5	0.0	0.14738220000000002	0.18950651861283824	GP_Isolated_18	Contig:5:11.5902:3573	4	0.0	0.19903510000000002	0.21995768690662262	0	0	0	0		1	False	0
ecol-SAMN29011448	GP_Isolated_0	Contig:101:8.31593:1169	5	0.0	0.14738220000000002	0.18950651861283824	GP_Isolated_19	Contig:65:18.3126:22016	4	0.0	0.18502799999999997	0.3885813685267616	0	0	0	0		1	False	0
ecol-SAMN29011448	GP_Isolated_0	Contig:101:8.31593:1169	5	0.0	0.14738220000000002	0.18950651861283824	GP_Isolated_20	Contig:67:9.96663:4335	5	0.0	0.2078774	0.20568547800442522	0	0	0	0		1	False	0
ecol-SAMN29011448	GP_Isolated_0	Contig:101:8.31593:1169	5	0.0	0.14738220000000002	0.18950651861283824	GP_Isolated_21	Contig:75:6.41176:1346	5	0.0	0.16754190000000002	0.12709389834240573	0	0	0	0		1	False	0
ecol-SAMN29011448	GP_Isolated_0	Contig:101:8.31593:1169	5	0.0	0.14738220000000002	0.18950651861283824	GP_Isolated_22	Contig:7:7.27287:1310	5	0.0	0.15454124999999996	0.15951225153812967	0	0	0	0		1	False	0
ecol-SAMN29011448	GP_Isolated_0	Contig:101:8.31593:1169	5	0.0	0.14738220000000002	0.18950651861283824	GP_Isolated_23	Contig:81:17.2046:6588	4	0.0	0.15662896999999998	0.35798241255099483	0	0	0	0		1	False	0
ecol-SAMN29011448	GP_Isolated_0	Contig:101:8.31593:1169	5	0.0	0.14738220000000002	0.18950651861283824	GP_Isolated_24	Contig:88:19.2702:31979	4	0.0	0.20090896000000003	0.3982169955288025	0	0	0	0		1	False	0
ecol-SAMN29011448	GP_Isolated_0	Contig:101:8.31593:1169	5	0.0	0.14738220000000002	0.18950651861283824	GP_Isolated_25	Contig:89:18.5684:12610	4	0.0	0.17035960000000006	0.3913106649869126	0	0	0	0		1	False	0
ecol-SAMN29011448	GP_Isolated_0	Contig:101:8.31593:1169	5	0.0	0.14738220000000002	0.18950651861283824	GP_Isolated_26	Contig:92:14.4501:3670	5	0.0	0.19545999999999997	0.26503576642597604	0	0	0	0		1	False	0
ecol-SAMN29011448	GP_Isolated_0	Contig:101:8.31593:1169	5	0.0	0.14738220000000002	0.18950651861283824	GP_Isolated_27	Contig:93:22.3507:12563	4	0.0	0.07894254	0.40905302631366325	0	0	0	0		1	False	0
ecol-SAMN29011448	GP_Isolated_0	Contig:101:8.31593:1169	5	0.0	0.14738220000000002	0.18950651861283824	GP_Isolated_28	Contig:95:6.97497:739	5	0.0	0.08078700000000005	0.1460070984426482	0	0	0	0		1	False	0
ecol-SAMN29011448	GP_Isolated_0	Contig:101:8.31593:1169	5	0.0	0.14738220000000002	0.18950651861283824	GP_Isolated_29	Contig:99:20.0162:23021	4	0.0	0.19715583000000003	0.3918467215733558	0	0	0	0		1	False	0
ecol-SAMN29011448	GP_Isolated_1	Contig:103:12.0494:2044	5	0.0	0.17717210000000005	0.19891642812931765	GP_Isolated_2	Contig:10:7.12921:1088	5	0.0	0.12826866000000003	0.14620384126970354	0	0	0	0		1	False	0
ecol-SAMN29011448	GP_Isolated_1	Contig:103:12.0494:2044	5	0.0	0.17717210000000005	0.19891642812931765	GP_2	Contig:11:246.548:1255,Contig:13:62.3389:3832,Contig:30:95.0996:9115,Contig:58:73.692:24089,Contig:72:158.177:1345,Contig:78:81.6751:40050,Contig:80:75.3795:27008,Contig:85:150.93:11764,Contig:105:203.256:3p:1:20:325,Contig:13:62.3389:3p:1:10:182	4	-0.14692005723720591	2.83265395	1.444804810111847	0	0	0	0		1	False	0
ecol-SAMN29011448	GP_Isolated_1	Contig:103:12.0494:2044	5	0.0	0.17717210000000005	0.19891642812931765	GP_unb_1	Contig:12:14.2775:9048	4	0.0	0.22035289999999996	0.2751280097549226	0	0	0	0		1	False	0
ecol-SAMN29011448	GP_Isolated_1	Contig:103:12.0494:2044	5	0.0	0.17717210000000005	0.19891642812931765	GP_Isolated_3	Contig:14:14.7827:3937	5	0.0	0.14273230000000003	0.3330680809771743	0	0	0	0		1	False	0
ecol-SAMN29011448	GP_Isolated_1	Contig:103:12.0494:2044	5	0.0	0.17717210000000005	0.19891642812931765	GP_Isolated_4	Contig:17:22.2836:10823	4	0.0	0.18191206000000004	0.36862064385594945	0	0	0	0		1	False	0
ecol-SAMN29011448	GP_Isolated_1	Contig:103:12.0494:2044	5	0.0	0.17717210000000005	0.19891642812931765	GP_3	Contig:1:81.6609:Circ:67408	4	0.0	0.23619294000000002	1.668618837364378	0	0	0	0		1	False	0
ecol-SAMN29011448	GP_Isolated_1	Contig:103:12.0494:2044	5	0.0	0.17717210000000005	0.19891642812931765	GP_Isolated_5	Contig:22:11.3811:6286	4	0.0	0.22556054999999997	0.242534698084104	0	0	0	0		1	False	0
ecol-SAMN29011448	GP_Isolated_1	Contig:103:12.0494:2044	5	0.0	0.17717210000000005	0.19891642812931765	GP_Isolated_6	Contig:24:16.1926:22967	5	0.0	0.2725875	0.3131227038982689	0	0	0	0		1	False	0
ecol-SAMN29011448	GP_Isolated_1	Contig:103:12.0494:2044	5	0.0	0.17717210000000005	0.19891642812931765	GP_Isolated_7	Contig:25:18.5225:70602	4	0.0	0.30745214	0.3482891656540853	0	0	0	0		1	False	0
ecol-SAMN29011448	GP_Isolated_1	Contig:103:12.0494:2044	5	0.0	0.17717210000000005	0.19891642812931765	GP_unb_2	Contig:29:16.7233:12761	5	0.0	0.21713229999999994	0.3573387931960301	0	0	0	0		1	False	0
ecol-SAMN29011448	GP_Isolated_1	Contig:103:12.0494:2044	5	0.0	0.17717210000000005	0.19891642812931765	GP_Isolated_8	Contig:31:17.9153:30836	4	0.0	0.23488889999999996	0.3753913839361629	0	0	0	0		1	False	0
ecol-SAMN29011448	GP_Isolated_1	Contig:103:12.0494:2044	5	0.0	0.17717210000000005	0.19891642812931765	GP_Isolated_9	Contig:34:21.2832:40737	4	0.0	0.18295974000000004	0.404299335353048	0	0	0	0		1	False	0
ecol-SAMN29011448	GP_Isolated_1	Contig:103:12.0494:2044	5	0.0	0.17717210000000005	0.19891642812931765	GP_Isolated_10	Contig:36:20.7282:35536	4	0.0	0.20072259999999997	0.3897334978925334	0	0	0	0		1	False	0
ecol-SAMN29011448	GP_Isolated_1	Contig:103:12.0494:2044	5	0.0	0.17717210000000005	0.19891642812931765	GP_Isolated_11	Contig:39:16.3582:5620	5	0.0	0.15748315999999996	0.33595379902025807	0	0	0	0		1	False	0
ecol-SAMN29011448	GP_Isolated_1	Contig:103:12.0494:2044	5	0.0	0.17717210000000005	0.19891642812931765	GP_Isolated_12	Contig:41:9.28738:1565	4	0.0	0.11920920000000002	0.1661337031824262	0	0	0	0		1	False	0
ecol-SAMN29011448	GP_Isolated_1	Contig:103:12.0494:2044	5	0.0	0.17717210000000005	0.19891642812931765	GP_Isolated_13	Contig:45:10.6286:1560	5	0.0	0.16585570000000005	0.21315400194373968	0	0	0	0		1	False	0
ecol-SAMN29011448	GP_Isolated_1	Contig:103:12.0494:2044	5	0.0	0.17717210000000005	0.19891642812931765	GP_Isolated_14	Contig:46:22.0957:21412	5	0.0	0.17589056000000003	0.38585277670383206	0	0	0	0		1	False	0
ecol-SAMN29011448	GP_Isolated_1	Contig:103:12.0494:2044	5	0.0	0.17717210000000005	0.19891642812931765	GP_Isolated_15	Contig:49:7.79121:1476	5	0.0	0.16894895	0.1513753109770716	0	0	0	0		1	False	0
ecol-SAMN29011448	GP_Isolated_1	Contig:103:12.0494:2044	5	0.0	0.17717210000000005	0.19891642812931765	GP_unb_3	Contig:51:13.6723:5050	5	0.0	0.21375436000000003	0.279411378753512	0	0	0	0		1	False	0
ecol-SAMN29011448	GP_Isolated_1	Contig:103:12.0494:2044	5	0.0	0.17717210000000005	0.19891642812931765	GP_Isolated_16	Contig:52:10.1897:1412	4	0.0	0.13972099999999998	0.19260179944689326	0	0	0	0		1	False	0
ecol-SAMN29011448	GP_Isolated_1	Contig:103:12.0494:2044	5	0.0	0.17717210000000005	0.19891642812931765	GP_1	Contig:53:69.594:41573,Contig:54:138.163:13070,Contig:74:93.7204:97303,Contig:90:108.456:1214,Contig:94:124.302:29731,Contig:98:450.31:1195,Contig:54:138.163:5p:1:1:119,Contig:54:138.163:5p:1:2:369	5	-0.2794663136616158	2.37888319	1.2883451740150935	0	0	0	0		1	False	0
ecol-SAMN29011448	GP_Isolated_1	Contig:103:12.0494:2044	5	0.0	0.17717210000000005	0.19891642812931765	GP_Isolated_17	Contig:55:18.7637:58783	4	0.0	0.27229749999999997	0.3747272394809079	0	0	0	0		1	False	0
ecol-SAMN29011448	GP_Isolated_1	Contig:103:12.0494:2044	5	0.0	0.17717210000000005	0.19891642812931765	GP_Isolated_18	Contig:5:11.5902:3573	4	0.0	0.19903510000000002	0.21995768690662262	0	0	0	0		1	False	0
ecol-SAMN29011448	GP_Isolated_1	Contig:103:12.0494:2044	5	0.0	0.17717210000000005	0.19891642812931765	GP_Isolated_19	Contig:65:18.3126:22016	4	0.0	0.18502799999999997	0.3885813685267616	0	0	0	0		1	False	0
ecol-SAMN29011448	GP_Isolated_1	Contig:103:12.0494:2044	5	0.0	0.17717210000000005	0.19891642812931765	GP_Isolated_20	Contig:67:9.96663:4335	5	0.0	0.2078774	0.20568547800442522	0	0	0	0		1	False	0
ecol-SAMN29011448	GP_Isolated_1	Contig:103:12.0494:2044	5	0.0	0.17717210000000005	0.19891642812931765	GP_Isolated_21	Contig:75:6.41176:1346	5	0.0	0.16754190000000002	0.12709389834240573	0	0	0	0		1	False	0
ecol-SAMN29011448	GP_Isolated_1	Contig:103:12.0494:2044	5	0.0	0.17717210000000005	0.19891642812931765	GP_Isolated_22	Contig:7:7.27287:1310	5	0.0	0.15454124999999996	0.15951225153812967	0	0	0	0		1	False	0
ecol-SAMN29011448	GP_Isolated_1	Contig:103:12.0494:2044	5	0.0	0.17717210000000005	0.19891642812931765	GP_Isolated_23	Contig:81:17.2046:6588	4	0.0	0.15662896999999998	0.35798241255099483	0	0	0	0		1	False	0
ecol-SAMN29011448	GP_Isolated_1	Contig:103:12.0494:2044	5	0.0	0.17717210000000005	0.19891642812931765	GP_Isolated_24	Contig:88:19.2702:31979	4	0.0	0.20090896000000003	0.3982169955288025	0	0	0	0		1	False	0
ecol-SAMN29011448	GP_Isolated_1	Contig:103:12.0494:2044	5	0.0	0.17717210000000005	0.19891642812931765	GP_Isolated_25	Contig:89:18.5684:12610	4	0.0	0.17035960000000006	0.3913106649869126	0	0	0	0		1	False	0
ecol-SAMN29011448	GP_Isolated_1	Contig:103:12.0494:2044	5	0.0	0.17717210000000005	0.19891642812931765	GP_Isolated_26	Contig:92:14.4501:3670	5	0.0	0.19545999999999997	0.26503576642597604	0	0	0	0		1	False	0
ecol-SAMN29011448	GP_Isolated_1	Contig:103:12.0494:2044	5	0.0	0.17717210000000005	0.19891642812931765	GP_Isolated_27	Contig:93:22.3507:12563	4	0.0	0.07894254	0.40905302631366325	0	0	0	0		1	False	0
ecol-SAMN29011448	GP_Isolated_1	Contig:103:12.0494:2044	5	0.0	0.17717210000000005	0.19891642812931765	GP_Isolated_28	Contig:95:6.97497:739	5	0.0	0.08078700000000005	0.1460070984426482	0	0	0	0		1	False	0
ecol-SAMN29011448	GP_Isolated_1	Contig:103:12.0494:2044	5	0.0	0.17717210000000005	0.19891642812931765	GP_Isolated_29	Contig:99:20.0162:23021	4	0.0	0.19715583000000003	0.3918467215733558	0	0	0	0		1	False	0
ecol-SAMN29011448	GP_Isolated_2	Contig:10:7.12921:1088	5	0.0	0.12826866000000003	0.14620384126970354	GP_2	Contig:11:246.548:1255,Contig:13:62.3389:3832,Contig:30:95.0996:9115,Contig:58:73.692:24089,Contig:72:158.177:1345,Contig:78:81.6751:40050,Contig:80:75.3795:27008,Contig:85:150.93:11764,Contig:105:203.256:3p:1:20:325,Contig:13:62.3389:3p:1:10:182	4	-0.14692005723720591	2.83265395	1.444804810111847	0	0	0	0		1	False	0
ecol-SAMN29011448	GP_Isolated_2	Contig:10:7.12921:1088	5	0.0	0.12826866000000003	0.14620384126970354	GP_unb_1	Contig:12:14.2775:9048	4	0.0	0.22035289999999996	0.2751280097549226	0	0	0	0		1	False	0
ecol-SAMN29011448	GP_Isolated_2	Contig:10:7.12921:1088	5	0.0	0.12826866000000003	0.14620384126970354	GP_Isolated_3	Contig:14:14.7827:3937	5	0.0	0.14273230000000003	0.3330680809771743	0	0	0	0		1	False	0
ecol-SAMN29011448	GP_Isolated_2	Contig:10:7.12921:1088	5	0.0	0.12826866000000003	0.14620384126970354	GP_Isolated_4	Contig:17:22.2836:10823	4	0.0	0.18191206000000004	0.36862064385594945	0	0	0	0		1	False	0
ecol-SAMN29011448	GP_Isolated_2	Contig:10:7.12921:1088	5	0.0	0.12826866000000003	0.14620384126970354	GP_3	Contig:1:81.6609:Circ:67408	4	0.0	0.23619294000000002	1.668618837364378	0	0	0	0		1	False	0
ecol-SAMN29011448	GP_Isolated_2	Contig:10:7.12921:1088	5	0.0	0.12826866000000003	0.14620384126970354	GP_Isolated_5	Contig:22:11.3811:6286	4	0.0	0.22556054999999997	0.242534698084104	0	0	0	0		1	False	0
ecol-SAMN29011448	GP_Isolated_2	Contig:10:7.12921:1088	5	0.0	0.12826866000000003	0.14620384126970354	GP_Isolated_6	Contig:24:16.1926:22967	5	0.0	0.2725875	0.3131227038982689	0	0	0	0		1	False	0
ecol-SAMN29011448	GP_Isolated_2	Contig:10:7.12921:1088	5	0.0	0.12826866000000003	0.14620384126970354	GP_Isolated_7	Contig:25:18.5225:70602	4	0.0	0.30745214	0.3482891656540853	0	0	0	0		1	False	0
ecol-SAMN29011448	GP_Isolated_2	Contig:10:7.12921:1088	5	0.0	0.12826866000000003	0.14620384126970354	GP_unb_2	Contig:29:16.7233:12761	5	0.0	0.21713229999999994	0.3573387931960301	0	0	0	0		1	False	0
ecol-SAMN29011448	GP_Isolated_2	Contig:10:7.12921:1088	5	0.0	0.12826866000000003	0.14620384126970354	GP_Isolated_8	Contig:31:17.9153:30836	4	0.0	0.23488889999999996	0.3753913839361629	0	0	0	0		1	False	0
ecol-SAMN29011448	GP_Isolated_2	Contig:10:7.12921:1088	5	0.0	0.12826866000000003	0.14620384126970354	GP_Isolated_9	Contig:34:21.2832:40737	4	0.0	0.18295974000000004	0.404299335353048	0	0	0	0		1	False	0
ecol-SAMN29011448	GP_Isolated_2	Contig:10:7.12921:1088	5	0.0	0.12826866000000003	0.14620384126970354	GP_Isolated_10	Contig:36:20.7282:35536	4	0.0	0.20072259999999997	0.3897334978925334	0	0	0	0		1	False	0
ecol-SAMN29011448	GP_Isolated_2	Contig:10:7.12921:1088	5	0.0	0.12826866000000003	0.14620384126970354	GP_Isolated_11	Contig:39:16.3582:5620	5	0.0	0.15748315999999996	0.33595379902025807	0	0	0	0		1	False	0
ecol-SAMN29011448	GP_Isolated_2	Contig:10:7.12921:1088	5	0.0	0.12826866000000003	0.14620384126970354	GP_Isolated_12	Contig:41:9.28738:1565	4	0.0	0.11920920000000002	0.1661337031824262	0	0	0	0		1	False	0
ecol-SAMN29011448	GP_Isolated_2	Contig:10:7.12921:1088	5	0.0	0.12826866000000003	0.14620384126970354	GP_Isolated_13	Contig:45:10.6286:1560	5	0.0	0.16585570000000005	0.21315400194373968	0	0	0	0		1	False	0
ecol-SAMN29011448	GP_Isolated_2	Contig:10:7.12921:1088	5	0.0	0.12826866000000003	0.14620384126970354	GP_Isolated_14	Contig:46:22.0957:21412	5	0.0	0.17589056000000003	0.38585277670383206	0	0	0	0		1	False	0
ecol-SAMN29011448	GP_Isolated_2	Contig:10:7.12921:1088	5	0.0	0.12826866000000003	0.14620384126970354	GP_Isolated_15	Contig:49:7.79121:1476	5	0.0	0.16894895	0.1513753109770716	0	0	0	0		1	False	0
ecol-SAMN29011448	GP_Isolated_2	Contig:10:7.12921:1088	5	0.0	0.12826866000000003	0.14620384126970354	GP_unb_3	Contig:51:13.6723:5050	5	0.0	0.21375436000000003	0.279411378753512	0	0	0	0		1	False	0
ecol-SAMN29011448	GP_Isolated_2	Contig:10:7.12921:1088	5	0.0	0.12826866000000003	0.14620384126970354	GP_Isolated_16	Contig:52:10.1897:1412	4	0.0	0.13972099999999998	0.19260179944689326	0	0	0	0		1	False	0
ecol-SAMN29011448	GP_Isolated_2	Contig:10:7.12921:1088	5	0.0	0.12826866000000003	0.14620384126970354	GP_1	Contig:53:69.594:41573,Contig:54:138.163:13070,Contig:74:93.7204:97303,Contig:90:108.456:1214,Contig:94:124.302:29731,Contig:98:450.31:1195,Contig:54:138.163:5p:1:1:119,Contig:54:138.163:5p:1:2:369	5	-0.2794663136616158	2.37888319	1.2883451740150935	0	0	0	0		1	False	0
ecol-SAMN29011448	GP_Isolated_2	Contig:10:7.12921:1088	5	0.0	0.12826866000000003	0.14620384126970354	GP_Isolated_17	Contig:55:18.7637:58783	4	0.0	0.27229749999999997	0.3747272394809079	0	0	0	0		1	False	0
ecol-SAMN29011448	GP_Isolated_2	Contig:10:7.12921:1088	5	0.0	0.12826866000000003	0.14620384126970354	GP_Isolated_18	Contig:5:11.5902:3573	4	0.0	0.19903510000000002	0.21995768690662262	0	0	0	0		1	False	0
ecol-SAMN29011448	GP_Isolated_2	Contig:10:7.12921:1088	5	0.0	0.12826866000000003	0.14620384126970354	GP_Isolated_19	Contig:65:18.3126:22016	4	0.0	0.18502799999999997	0.3885813685267616	0	0	0	0		1	False	0
ecol-SAMN29011448	GP_Isolated_2	Contig:10:7.12921:1088	5	0.0	0.12826866000000003	0.14620384126970354	GP_Isolated_20	Contig:67:9.96663:4335	5	0.0	0.2078774	0.20568547800442522	0	0	0	0		1	False	0
ecol-SAMN29011448	GP_Isolated_2	Contig:10:7.12921:1088	5	0.0	0.12826866000000003	0.14620384126970354	GP_Isolated_21	Contig:75:6.41176:1346	5	0.0	0.16754190000000002	0.12709389834240573	0	0	0	0		1	False	0
ecol-SAMN29011448	GP_Isolated_2	Contig:10:7.12921:1088	5	0.0	0.12826866000000003	0.14620384126970354	GP_Isolated_22	Contig:7:7.27287:1310	5	0.0	0.15454124999999996	0.15951225153812967	0	0	0	0		1	False	0
ecol-SAMN29011448	GP_Isolated_2	Contig:10:7.12921:1088	5	0.0	0.12826866000000003	0.14620384126970354	GP_Isolated_23	Contig:81:17.2046:6588	4	0.0	0.15662896999999998	0.35798241255099483	0	0	0	0		1	False	0
ecol-SAMN29011448	GP_Isolated_2	Contig:10:7.12921:1088	5	0.0	0.12826866000000003	0.14620384126970354	GP_Isolated_24	Contig:88:19.2702:31979	4	0.0	0.20090896000000003	0.3982169955288025	0	0	0	0		1	False	0
ecol-SAMN29011448	GP_Isolated_2	Contig:10:7.12921:1088	5	0.0	0.12826866000000003	0.14620384126970354	GP_Isolated_25	Contig:89:18.5684:12610	4	0.0	0.17035960000000006	0.3913106649869126	0	0	0	0		1	False	0
ecol-SAMN29011448	GP_Isolated_2	Contig:10:7.12921:1088	5	0.0	0.12826866000000003	0.14620384126970354	GP_Isolated_26	Contig:92:14.4501:3670	5	0.0	0.19545999999999997	0.26503576642597604	0	0	0	0		1	False	0
ecol-SAMN29011448	GP_Isolated_2	Contig:10:7.12921:1088	5	0.0	0.12826866000000003	0.14620384126970354	GP_Isolated_27	Contig:93:22.3507:12563	4	0.0	0.07894254	0.40905302631366325	0	0	0	0		1	False	0
ecol-SAMN29011448	GP_Isolated_2	Contig:10:7.12921:1088	5	0.0	0.12826866000000003	0.14620384126970354	GP_Isolated_28	Contig:95:6.97497:739	5	0.0	0.08078700000000005	0.1460070984426482	0	0	0	0		1	False	0
ecol-SAMN29011448	GP_Isolated_2	Contig:10:7.12921:1088	5	0.0	0.12826866000000003	0.14620384126970354	GP_Isolated_29	Contig:99:20.0162:23021	4	0.0	0.19715583000000003	0.3918467215733558	0	0	0	0		1	False	0
ecol-SAMN29011448	GP_2	Contig:11:246.548:1255,Contig:13:62.3389:3832,Contig:30:95.0996:9115,Contig:58:73.692:24089,Contig:72:158.177:1345,Contig:78:81.6751:40050,Contig:80:75.3795:27008,Contig:85:150.93:11764,Contig:105:203.256:3p:1:20:325,Contig:13:62.3389:3p:1:10:182	4	-0.14692005723720591	2.83265395	1.444804810111847	GP_unb_1	Contig:12:14.2775:9048	4	0.0	0.22035289999999996	0.2751280097549226	4	-0.5881700596285475	4.3273359000000005	0.1743449461500859	Contig:100:70.8957:63403,Contig:19:76.7354:176744,Contig:50:136.55:707,Contig:74:93.7204:97303,Contig:77:55.9916:35252,Contig:90:108.456:1214,Contig:12:14.2775:3p:1:3:351,Contig:12:14.2775:3p:1:13:146,Contig:54:138.163:5p:1:2:369,Contig:61:68.5792:5p:1:2:119	0	False	0
ecol-SAMN29011448	GP_2	Contig:11:246.548:1255,Contig:13:62.3389:3832,Contig:30:95.0996:9115,Contig:58:73.692:24089,Contig:72:158.177:1345,Contig:78:81.6751:40050,Contig:80:75.3795:27008,Contig:85:150.93:11764,Contig:105:203.256:3p:1:20:325,Contig:13:62.3389:3p:1:10:182	4	-0.14692005723720591	2.83265395	1.444804810111847	GP_Isolated_3	Contig:14:14.7827:3937	5	0.0	0.14273230000000003	0.3330680809771743	0	0	0	0		1	False	0
ecol-SAMN29011448	GP_2	Contig:11:246.548:1255,Contig:13:62.3389:3832,Contig:30:95.0996:9115,Contig:58:73.692:24089,Contig:72:158.177:1345,Contig:78:81.6751:40050,Contig:80:75.3795:27008,Contig:85:150.93:11764,Contig:105:203.256:3p:1:20:325,Contig:13:62.3389:3p:1:10:182	4	-0.14692005723720591	2.83265395	1.444804810111847	GP_Isolated_4	Contig:17:22.2836:10823	4	0.0	0.18191206000000004	0.36862064385594945	0	0	0	0		1	False	0
ecol-SAMN29011448	GP_2	Contig:11:246.548:1255,Contig:13:62.3389:3832,Contig:30:95.0996:9115,Contig:58:73.692:24089,Contig:72:158.177:1345,Contig:78:81.6751:40050,Contig:80:75.3795:27008,Contig:85:150.93:11764,Contig:105:203.256:3p:1:20:325,Contig:13:62.3389:3p:1:10:182	4	-0.14692005723720591	2.83265395	1.444804810111847	GP_3	Contig:1:81.6609:Circ:67408	4	0.0	0.23619294000000002	1.668618837364378	0	0	0	0		1	False	0
ecol-SAMN29011448	GP_2	Contig:11:246.548:1255,Contig:13:62.3389:3832,Contig:30:95.0996:9115,Contig:58:73.692:24089,Contig:72:158.177:1345,Contig:78:81.6751:40050,Contig:80:75.3795:27008,Contig:85:150.93:11764,Contig:105:203.256:3p:1:20:325,Contig:13:62.3389:3p:1:10:182	4	-0.14692005723720591	2.83265395	1.444804810111847	GP_Isolated_5	Contig:22:11.3811:6286	4	0.0	0.22556054999999997	0.242534698084104	0	0	0	0		1	False	0
ecol-SAMN29011448	GP_2	Contig:11:246.548:1255,Contig:13:62.3389:3832,Contig:30:95.0996:9115,Contig:58:73.692:24089,Contig:72:158.177:1345,Contig:78:81.6751:40050,Contig:80:75.3795:27008,Contig:85:150.93:11764,Contig:105:203.256:3p:1:20:325,Contig:13:62.3389:3p:1:10:182	4	-0.14692005723720591	2.83265395	1.444804810111847	GP_Isolated_6	Contig:24:16.1926:22967	5	0.0	0.2725875	0.3131227038982689	0	0	0	0		1	False	0
ecol-SAMN29011448	GP_2	Contig:11:246.548:1255,Contig:13:62.3389:3832,Contig:30:95.0996:9115,Contig:58:73.692:24089,Contig:72:158.177:1345,Contig:78:81.6751:40050,Contig:80:75.3795:27008,Contig:85:150.93:11764,Contig:105:203.256:3p:1:20:325,Contig:13:62.3389:3p:1:10:182	4	-0.14692005723720591	2.83265395	1.444804810111847	GP_Isolated_7	Contig:25:18.5225:70602	4	0.0	0.30745214	0.3482891656540853	0	0	0	0		1	False	0
ecol-SAMN29011448	GP_2	Contig:11:246.548:1255,Contig:13:62.3389:3832,Contig:30:95.0996:9115,Contig:58:73.692:24089,Contig:72:158.177:1345,Contig:78:81.6751:40050,Contig:80:75.3795:27008,Contig:85:150.93:11764,Contig:105:203.256:3p:1:20:325,Contig:13:62.3389:3p:1:10:182	4	-0.14692005723720591	2.83265395	1.444804810111847	GP_unb_2	Contig:29:16.7233:12761	5	0.0	0.21713229999999994	0.3573387931960301	4	-0.5549873380733861	4.23986634	0.1743449461500859	Contig:100:70.8957:63403,Contig:105:203.256:754,Contig:62:39.8907:41017,Contig:71:77.0955:2660,Contig:73:116.233:1071,Contig:74:93.7204:97303,Contig:77:55.9916:35252,Contig:90:108.456:1214,Contig:94:124.302:29731,Contig:98:450.31:1195,Contig:29:16.7233:3p:1:6:123,Contig:29:16.7233:3p:1:7:136,Contig:54:138.163:5p:1:2:369,Contig:61:68.5792:5p:1:2:119	0	False	0
ecol-SAMN29011448	GP_2	Contig:11:246.548:1255,Contig:13:62.3389:3832,Contig:30:95.0996:9115,Contig:58:73.692:24089,Contig:72:158.177:1345,Contig:78:81.6751:40050,Contig:80:75.3795:27008,Contig:85:150.93:11764,Contig:105:203.256:3p:1:20:325,Contig:13:62.3389:3p:1:10:182	4	-0.14692005723720591	2.83265395	1.444804810111847	GP_Isolated_8	Contig:31:17.9153:30836	4	0.0	0.23488889999999996	0.3753913839361629	0	0	0	0		1	False	0
ecol-SAMN29011448	GP_2	Contig:11:246.548:1255,Contig:13:62.3389:3832,Contig:30:95.0996:9115,Contig:58:73.692:24089,Contig:72:158.177:1345,Contig:78:81.6751:40050,Contig:80:75.3795:27008,Contig:85:150.93:11764,Contig:105:203.256:3p:1:20:325,Contig:13:62.3389:3p:1:10:182	4	-0.14692005723720591	2.83265395	1.444804810111847	GP_Isolated_9	Contig:34:21.2832:40737	4	0.0	0.18295974000000004	0.404299335353048	0	0	0	0		1	False	0
ecol-SAMN29011448	GP_2	Contig:11:246.548:1255,Contig:13:62.3389:3832,Contig:30:95.0996:9115,Contig:58:73.692:24089,Contig:72:158.177:1345,Contig:78:81.6751:40050,Contig:80:75.3795:27008,Contig:85:150.93:11764,Contig:105:203.256:3p:1:20:325,Contig:13:62.3389:3p:1:10:182	4	-0.14692005723720591	2.83265395	1.444804810111847	GP_Isolated_10	Contig:36:20.7282:35536	4	0.0	0.20072259999999997	0.3897334978925334	0	0	0	0		1	False	0
ecol-SAMN29011448	GP_2	Contig:11:246.548:1255,Contig:13:62.3389:3832,Contig:30:95.0996:9115,Contig:58:73.692:24089,Contig:72:158.177:1345,Contig:78:81.6751:40050,Contig:80:75.3795:27008,Contig:85:150.93:11764,Contig:105:203.256:3p:1:20:325,Contig:13:62.3389:3p:1:10:182	4	-0.14692005723720591	2.83265395	1.444804810111847	GP_Isolated_11	Contig:39:16.3582:5620	5	0.0	0.15748315999999996	0.33595379902025807	0	0	0	0		1	False	0
ecol-SAMN29011448	GP_2	Contig:11:246.548:1255,Contig:13:62.3389:3832,Contig:30:95.0996:9115,Contig:58:73.692:24089,Contig:72:158.177:1345,Contig:78:81.6751:40050,Contig:80:75.3795:27008,Contig:85:150.93:11764,Contig:105:203.256:3p:1:20:325,Contig:13:62.3389:3p:1:10:182	4	-0.14692005723720591	2.83265395	1.444804810111847	GP_Isolated_12	Contig:41:9.28738:1565	4	0.0	0.11920920000000002	0.1661337031824262	0	0	0	0		1	False	0
ecol-SAMN29011448	GP_2	Contig:11:246.548:1255,Contig:13:62.3389:3832,Contig:30:95.0996:9115,Contig:58:73.692:24089,Contig:72:158.177:1345,Contig:78:81.6751:40050,Contig:80:75.3795:27008,Contig:85:150.93:11764,Contig:105:203.256:3p:1:20:325,Contig:13:62.3389:3p:1:10:182	4	-0.14692005723720591	2.83265395	1.444804810111847	GP_Isolated_13	Contig:45:10.6286:1560	5	0.0	0.16585570000000005	0.21315400194373968	0	0	0	0		1	False	0
ecol-SAMN29011448	GP_2	Contig:11:246.548:1255,Contig:13:62.3389:3832,Contig:30:95.0996:9115,Contig:58:73.692:24089,Contig:72:158.177:1345,Contig:78:81.6751:40050,Contig:80:75.3795:27008,Contig:85:150.93:11764,Contig:105:203.256:3p:1:20:325,Contig:13:62.3389:3p:1:10:182	4	-0.14692005723720591	2.83265395	1.444804810111847	GP_Isolated_14	Contig:46:22.0957:21412	5	0.0	0.17589056000000003	0.38585277670383206	0	0	0	0		1	False	0
ecol-SAMN29011448	GP_2	Contig:11:246.548:1255,Contig:13:62.3389:3832,Contig:30:95.0996:9115,Contig:58:73.692:24089,Contig:72:158.177:1345,Contig:78:81.6751:40050,Contig:80:75.3795:27008,Contig:85:150.93:11764,Contig:105:203.256:3p:1:20:325,Contig:13:62.3389:3p:1:10:182	4	-0.14692005723720591	2.83265395	1.444804810111847	GP_Isolated_15	Contig:49:7.79121:1476	5	0.0	0.16894895	0.1513753109770716	0	0	0	0		1	False	0
ecol-SAMN29011448	GP_2	Contig:11:246.548:1255,Contig:13:62.3389:3832,Contig:30:95.0996:9115,Contig:58:73.692:24089,Contig:72:158.177:1345,Contig:78:81.6751:40050,Contig:80:75.3795:27008,Contig:85:150.93:11764,Contig:105:203.256:3p:1:20:325,Contig:13:62.3389:3p:1:10:182	4	-0.14692005723720591	2.83265395	1.444804810111847	GP_unb_3	Contig:51:13.6723:5050	5	0.0	0.21375436000000003	0.279411378753512	4	-0.5976314832801297	4.320737360000001	0.1743449461500859	Contig:100:70.8957:63403,Contig:19:76.7354:176744,Contig:50:136.55:707,Contig:74:93.7204:97303,Contig:77:55.9916:35252,Contig:90:108.456:1214,Contig:12:14.2775:3p:1:3:351,Contig:12:14.2775:3p:1:13:146,Contig:54:138.163:5p:1:2:369,Contig:61:68.5792:5p:1:2:119	0	False	0
ecol-SAMN29011448	GP_2	Contig:11:246.548:1255,Contig:13:62.3389:3832,Contig:30:95.0996:9115,Contig:58:73.692:24089,Contig:72:158.177:1345,Contig:78:81.6751:40050,Contig:80:75.3795:27008,Contig:85:150.93:11764,Contig:105:203.256:3p:1:20:325,Contig:13:62.3389:3p:1:10:182	4	-0.14692005723720591	2.83265395	1.444804810111847	GP_Isolated_16	Contig:52:10.1897:1412	4	0.0	0.13972099999999998	0.19260179944689326	0	0	0	0		1	False	0
ecol-SAMN29011448	GP_2	Contig:11:246.548:1255,Contig:13:62.3389:3832,Contig:30:95.0996:9115,Contig:58:73.692:24089,Contig:72:158.177:1345,Contig:78:81.6751:40050,Contig:80:75.3795:27008,Contig:85:150.93:11764,Contig:105:203.256:3p:1:20:325,Contig:13:62.3389:3p:1:10:182	4	-0.14692005723720591	2.83265395	1.444804810111847	GP_1	Contig:53:69.594:41573,Contig:54:138.163:13070,Contig:74:93.7204:97303,Contig:90:108.456:1214,Contig:94:124.302:29731,Contig:98:450.31:1195,Contig:54:138.163:5p:1:1:119,Contig:54:138.163:5p:1:2:369	5	-0.2794663136616158	2.37888319	1.2883451740150935	5	-0.8083980315380338	5.24558957	1.2883451740144665	Contig:83:57.201:5p:1:3:139	0	False	0
ecol-SAMN29011448	GP_2	Contig:11:246.548:1255,Contig:13:62.3389:3832,Contig:30:95.0996:9115,Contig:58:73.692:24089,Contig:72:158.177:1345,Contig:78:81.6751:40050,Contig:80:75.3795:27008,Contig:85:150.93:11764,Contig:105:203.256:3p:1:20:325,Contig:13:62.3389:3p:1:10:182	4	-0.14692005723720591	2.83265395	1.444804810111847	GP_Isolated_17	Contig:55:18.7637:58783	4	0.0	0.27229749999999997	0.3747272394809079	0	0	0	0		1	False	0
ecol-SAMN29011448	GP_2	Contig:11:246.548:1255,Contig:13:62.3389:3832,Contig:30:95.0996:9115,Contig:58:73.692:24089,Contig:72:158.177:1345,Contig:78:81.6751:40050,Contig:80:75.3795:27008,Contig:85:150.93:11764,Contig:105:203.256:3p:1:20:325,Contig:13:62.3389:3p:1:10:182	4	-0.14692005723720591	2.83265395	1.444804810111847	GP_Isolated_18	Contig:5:11.5902:3573	4	0.0	0.19903510000000002	0.21995768690662262	0	0	0	0		1	False	0
ecol-SAMN29011448	GP_2	Contig:11:246.548:1255,Contig:13:62.3389:3832,Contig:30:95.0996:9115,Contig:58:73.692:24089,Contig:72:158.177:1345,Contig:78:81.6751:40050,Contig:80:75.3795:27008,Contig:85:150.93:11764,Contig:105:203.256:3p:1:20:325,Contig:13:62.3389:3p:1:10:182	4	-0.14692005723720591	2.83265395	1.444804810111847	GP_Isolated_19	Contig:65:18.3126:22016	4	0.0	0.18502799999999997	0.3885813685267616	0	0	0	0		1	False	0
ecol-SAMN29011448	GP_2	Contig:11:246.548:1255,Contig:13:62.3389:3832,Contig:30:95.0996:9115,Contig:58:73.692:24089,Contig:72:158.177:1345,Contig:78:81.6751:40050,Contig:80:75.3795:27008,Contig:85:150.93:11764,Contig:105:203.256:3p:1:20:325,Contig:13:62.3389:3p:1:10:182	4	-0.14692005723720591	2.83265395	1.444804810111847	GP_Isolated_20	Contig:67:9.96663:4335	5	0.0	0.2078774	0.20568547800442522	0	0	0	0		1	False	0
ecol-SAMN29011448	GP_2	Contig:11:246.548:1255,Contig:13:62.3389:3832,Contig:30:95.0996:9115,Contig:58:73.692:24089,Contig:72:158.177:1345,Contig:78:81.6751:40050,Contig:80:75.3795:27008,Contig:85:150.93:11764,Contig:105:203.256:3p:1:20:325,Contig:13:62.3389:3p:1:10:182	4	-0.14692005723720591	2.83265395	1.444804810111847	GP_Isolated_21	Contig:75:6.41176:1346	5	0.0	0.16754190000000002	0.12709389834240573	0	0	0	0		1	False	0
ecol-SAMN29011448	GP_2	Contig:11:246.548:1255,Contig:13:62.3389:3832,Contig:30:95.0996:9115,Contig:58:73.692:24089,Contig:72:158.177:1345,Contig:78:81.6751:40050,Contig:80:75.3795:27008,Contig:85:150.93:11764,Contig:105:203.256:3p:1:20:325,Contig:13:62.3389:3p:1:10:182	4	-0.14692005723720591	2.83265395	1.444804810111847	GP_Isolated_22	Contig:7:7.27287:1310	5	0.0	0.15454124999999996	0.15951225153812967	0	0	0	0		1	False	0
ecol-SAMN29011448	GP_2	Contig:11:246.548:1255,Contig:13:62.3389:3832,Contig:30:95.0996:9115,Contig:58:73.692:24089,Contig:72:158.177:1345,Contig:78:81.6751:40050,Contig:80:75.3795:27008,Contig:85:150.93:11764,Contig:105:203.256:3p:1:20:325,Contig:13:62.3389:3p:1:10:182	4	-0.14692005723720591	2.83265395	1.444804810111847	GP_Isolated_23	Contig:81:17.2046:6588	4	0.0	0.15662896999999998	0.35798241255099483	0	0	0	0		1	False	0
ecol-SAMN29011448	GP_2	Contig:11:246.548:1255,Contig:13:62.3389:3832,Contig:30:95.0996:9115,Contig:58:73.692:24089,Contig:72:158.177:1345,Contig:78:81.6751:40050,Contig:80:75.3795:27008,Contig:85:150.93:11764,Contig:105:203.256:3p:1:20:325,Contig:13:62.3389:3p:1:10:182	4	-0.14692005723720591	2.83265395	1.444804810111847	GP_Isolated_24	Contig:88:19.2702:31979	4	0.0	0.20090896000000003	0.3982169955288025	0	0	0	0		1	False	0
ecol-SAMN29011448	GP_2	Contig:11:246.548:1255,Contig:13:62.3389:3832,Contig:30:95.0996:9115,Contig:58:73.692:24089,Contig:72:158.177:1345,Contig:78:81.6751:40050,Contig:80:75.3795:27008,Contig:85:150.93:11764,Contig:105:203.256:3p:1:20:325,Contig:13:62.3389:3p:1:10:182	4	-0.14692005723720591	2.83265395	1.444804810111847	GP_Isolated_25	Contig:89:18.5684:12610	4	0.0	0.17035960000000006	0.3913106649869126	0	0	0	0		1	False	0
ecol-SAMN29011448	GP_2	Contig:11:246.548:1255,Contig:13:62.3389:3832,Contig:30:95.0996:9115,Contig:58:73.692:24089,Contig:72:158.177:1345,Contig:78:81.6751:40050,Contig:80:75.3795:27008,Contig:85:150.93:11764,Contig:105:203.256:3p:1:20:325,Contig:13:62.3389:3p:1:10:182	4	-0.14692005723720591	2.83265395	1.444804810111847	GP_Isolated_26	Contig:92:14.4501:3670	5	0.0	0.19545999999999997	0.26503576642597604	0	0	0	0		1	False	0
ecol-SAMN29011448	GP_2	Contig:11:246.548:1255,Contig:13:62.3389:3832,Contig:30:95.0996:9115,Contig:58:73.692:24089,Contig:72:158.177:1345,Contig:78:81.6751:40050,Contig:80:75.3795:27008,Contig:85:150.93:11764,Contig:105:203.256:3p:1:20:325,Contig:13:62.3389:3p:1:10:182	4	-0.14692005723720591	2.83265395	1.444804810111847	GP_Isolated_27	Contig:93:22.3507:12563	4	0.0	0.07894254	0.40905302631366325	0	0	0	0		1	False	0
ecol-SAMN29011448	GP_2	Contig:11:246.548:1255,Contig:13:62.3389:3832,Contig:30:95.0996:9115,Contig:58:73.692:24089,Contig:72:158.177:1345,Contig:78:81.6751:40050,Contig:80:75.3795:27008,Contig:85:150.93:11764,Contig:105:203.256:3p:1:20:325,Contig:13:62.3389:3p:1:10:182	4	-0.14692005723720591	2.83265395	1.444804810111847	GP_Isolated_28	Contig:95:6.97497:739	5	0.0	0.08078700000000005	0.1460070984426482	0	0	0	0		1	False	0
ecol-SAMN29011448	GP_2	Contig:11:246.548:1255,Contig:13:62.3389:3832,Contig:30:95.0996:9115,Contig:58:73.692:24089,Contig:72:158.177:1345,Contig:78:81.6751:40050,Contig:80:75.3795:27008,Contig:85:150.93:11764,Contig:105:203.256:3p:1:20:325,Contig:13:62.3389:3p:1:10:182	4	-0.14692005723720591	2.83265395	1.444804810111847	GP_Isolated_29	Contig:99:20.0162:23021	4	0.0	0.19715583000000003	0.3918467215733558	0	0	0	0		1	False	0
ecol-SAMN29011448	GP_unb_1	Contig:12:14.2775:9048	4	0.0	0.22035289999999996	0.2751280097549226	GP_Isolated_3	Contig:14:14.7827:3937	5	0.0	0.14273230000000003	0.3330680809771743	0	0	0	0		1	False	0
ecol-SAMN29011448	GP_unb_1	Contig:12:14.2775:9048	4	0.0	0.22035289999999996	0.2751280097549226	GP_Isolated_4	Contig:17:22.2836:10823	4	0.0	0.18191206000000004	0.36862064385594945	0	0	0	0		1	False	0
ecol-SAMN29011448	GP_unb_1	Contig:12:14.2775:9048	4	0.0	0.22035289999999996	0.2751280097549226	GP_3	Contig:1:81.6609:Circ:67408	4	0.0	0.23619294000000002	1.668618837364378	0	0	0	0		1	False	0
ecol-SAMN29011448	GP_unb_1	Contig:12:14.2775:9048	4	0.0	0.22035289999999996	0.2751280097549226	GP_Isolated_5	Contig:22:11.3811:6286	4	0.0	0.22556054999999997	0.242534698084104	0	0	0	0		1	False	0
ecol-SAMN29011448	GP_unb_1	Contig:12:14.2775:9048	4	0.0	0.22035289999999996	0.2751280097549226	GP_Isolated_6	Contig:24:16.1926:22967	5	0.0	0.2725875	0.3131227038982689	0	0	0	0		1	False	0
ecol-SAMN29011448	GP_unb_1	Contig:12:14.2775:9048	4	0.0	0.22035289999999996	0.2751280097549226	GP_Isolated_7	Contig:25:18.5225:70602	4	0.0	0.30745214	0.3482891656540853	0	0	0	0		1	False	0
ecol-SAMN29011448	GP_unb_1	Contig:12:14.2775:9048	4	0.0	0.22035289999999996	0.2751280097549226	GP_unb_2	Contig:29:16.7233:12761	5	0.0	0.21713229999999994	0.3573387931960301	4	-0.5112706080622405	2.9175740029999995	0.10143830748165783	Contig:100:70.8957:63403,Contig:105:203.256:754,Contig:11:246.548:1255,Contig:19:76.7354:176744,Contig:30:95.0996:9115,Contig:50:136.55:707,Contig:62:39.8907:41017,Contig:72:158.177:1345,Contig:73:116.233:1071,Contig:74:93.7204:97303,Contig:77:55.9916:35252,Contig:80:75.3795:27008,Contig:85:150.93:11764,Contig:90:108.456:1214,Contig:91:61.4824:148356,Contig:105:203.256:3p:1:20:325,Contig:12:14.2775:3p:1:3:351,Contig:12:14.2775:3p:1:13:146,Contig:29:16.7233:3p:1:6:123,Contig:29:16.7233:3p:1:7:136,Contig:54:138.163:5p:1:2:369,Contig:61:68.5792:5p:1:2:119	0	False	0
ecol-SAMN29011448	GP_unb_1	Contig:12:14.2775:9048	4	0.0	0.22035289999999996	0.2751280097549226	GP_Isolated_8	Contig:31:17.9153:30836	4	0.0	0.23488889999999996	0.3753913839361629	0	0	0	0		1	False	0
ecol-SAMN29011448	GP_unb_1	Contig:12:14.2775:9048	4	0.0	0.22035289999999996	0.2751280097549226	GP_Isolated_9	Contig:34:21.2832:40737	4	0.0	0.18295974000000004	0.404299335353048	0	0	0	0		1	False	0
ecol-SAMN29011448	GP_unb_1	Contig:12:14.2775:9048	4	0.0	0.22035289999999996	0.2751280097549226	GP_Isolated_10	Contig:36:20.7282:35536	4	0.0	0.20072259999999997	0.3897334978925334	0	0	0	0		1	False	0
ecol-SAMN29011448	GP_unb_1	Contig:12:14.2775:9048	4	0.0	0.22035289999999996	0.2751280097549226	GP_Isolated_11	Contig:39:16.3582:5620	5	0.0	0.15748315999999996	0.33595379902025807	0	0	0	0		1	False	0
ecol-SAMN29011448	GP_unb_1	Contig:12:14.2775:9048	4	0.0	0.22035289999999996	0.2751280097549226	GP_Isolated_12	Contig:41:9.28738:1565	4	0.0	0.11920920000000002	0.1661337031824262	0	0	0	0		1	False	0
ecol-SAMN29011448	GP_unb_1	Contig:12:14.2775:9048	4	0.0	0.22035289999999996	0.2751280097549226	GP_Isolated_13	Contig:45:10.6286:1560	5	0.0	0.16585570000000005	0.21315400194373968	0	0	0	0		1	False	0
ecol-SAMN29011448	GP_unb_1	Contig:12:14.2775:9048	4	0.0	0.22035289999999996	0.2751280097549226	GP_Isolated_14	Contig:46:22.0957:21412	5	0.0	0.17589056000000003	0.38585277670383206	0	0	0	0		1	False	0
ecol-SAMN29011448	GP_unb_1	Contig:12:14.2775:9048	4	0.0	0.22035289999999996	0.2751280097549226	GP_Isolated_15	Contig:49:7.79121:1476	5	0.0	0.16894895	0.1513753109770716	0	0	0	0		1	False	0
ecol-SAMN29011448	GP_unb_1	Contig:12:14.2775:9048	4	0.0	0.22035289999999996	0.2751280097549226	GP_unb_3	Contig:51:13.6723:5050	5	0.0	0.21375436000000003	0.279411378753512	4	-0.00946142365158209	0.64360656	0.2751280097545532	Contig:12:14.2775:3p:1:3:351	0	False	0
ecol-SAMN29011448	GP_unb_1	Contig:12:14.2775:9048	4	0.0	0.22035289999999996	0.2751280097549226	GP_Isolated_16	Contig:52:10.1897:1412	4	0.0	0.13972099999999998	0.19260179944689326	0	0	0	0		1	False	0
ecol-SAMN29011448	GP_unb_1	Contig:12:14.2775:9048	4	0.0	0.22035289999999996	0.2751280097549226	GP_1	Contig:53:69.594:41573,Contig:54:138.163:13070,Contig:74:93.7204:97303,Contig:90:108.456:1214,Contig:94:124.302:29731,Contig:98:450.31:1195,Contig:54:138.163:5p:1:1:119,Contig:54:138.163:5p:1:2:369	5	-0.2794663136616158	2.37888319	1.2883451740150935	5	-0.4512942883993839	2.34950611	0.2751280097600102	Contig:19:76.7354:176744,Contig:50:136.55:707,Contig:12:14.2775:3p:1:3:351,Contig:12:14.2775:3p:1:13:146	0	False	0
ecol-SAMN29011448	GP_unb_1	Contig:12:14.2775:9048	4	0.0	0.22035289999999996	0.2751280097549226	GP_Isolated_17	Contig:55:18.7637:58783	4	0.0	0.27229749999999997	0.3747272394809079	0	0	0	0		1	False	0
ecol-SAMN29011448	GP_unb_1	Contig:12:14.2775:9048	4	0.0	0.22035289999999996	0.2751280097549226	GP_Isolated_18	Contig:5:11.5902:3573	4	0.0	0.19903510000000002	0.21995768690662262	0	0	0	0		1	False	0
ecol-SAMN29011448	GP_unb_1	Contig:12:14.2775:9048	4	0.0	0.22035289999999996	0.2751280097549226	GP_Isolated_19	Contig:65:18.3126:22016	4	0.0	0.18502799999999997	0.3885813685267616	0	0	0	0		1	False	0
ecol-SAMN29011448	GP_unb_1	Contig:12:14.2775:9048	4	0.0	0.22035289999999996	0.2751280097549226	GP_Isolated_20	Contig:67:9.96663:4335	5	0.0	0.2078774	0.20568547800442522	0	0	0	0		1	False	0
ecol-SAMN29011448	GP_unb_1	Contig:12:14.2775:9048	4	0.0	0.22035289999999996	0.2751280097549226	GP_Isolated_21	Contig:75:6.41176:1346	5	0.0	0.16754190000000002	0.12709389834240573	0	0	0	0		1	False	0
ecol-SAMN29011448	GP_unb_1	Contig:12:14.2775:9048	4	0.0	0.22035289999999996	0.2751280097549226	GP_Isolated_22	Contig:7:7.27287:1310	5	0.0	0.15454124999999996	0.15951225153812967	0	0	0	0		1	False	0
ecol-SAMN29011448	GP_unb_1	Contig:12:14.2775:9048	4	0.0	0.22035289999999996	0.2751280097549226	GP_Isolated_23	Contig:81:17.2046:6588	4	0.0	0.15662896999999998	0.35798241255099483	0	0	0	0		1	False	0
ecol-SAMN29011448	GP_unb_1	Contig:12:14.2775:9048	4	0.0	0.22035289999999996	0.2751280097549226	GP_Isolated_24	Contig:88:19.2702:31979	4	0.0	0.20090896000000003	0.3982169955288025	0	0	0	0		1	False	0
ecol-SAMN29011448	GP_unb_1	Contig:12:14.2775:9048	4	0.0	0.22035289999999996	0.2751280097549226	GP_Isolated_25	Contig:89:18.5684:12610	4	0.0	0.17035960000000006	0.3913106649869126	0	0	0	0		1	False	0
ecol-SAMN29011448	GP_unb_1	Contig:12:14.2775:9048	4	0.0	0.22035289999999996	0.2751280097549226	GP_Isolated_26	Contig:92:14.4501:3670	5	0.0	0.19545999999999997	0.26503576642597604	0	0	0	0		1	False	0
ecol-SAMN29011448	GP_unb_1	Contig:12:14.2775:9048	4	0.0	0.22035289999999996	0.2751280097549226	GP_Isolated_27	Contig:93:22.3507:12563	4	0.0	0.07894254	0.40905302631366325	0	0	0	0		1	False	0
ecol-SAMN29011448	GP_unb_1	Contig:12:14.2775:9048	4	0.0	0.22035289999999996	0.2751280097549226	GP_Isolated_28	Contig:95:6.97497:739	5	0.0	0.08078700000000005	0.1460070984426482	0	0	0	0		1	False	0
ecol-SAMN29011448	GP_unb_1	Contig:12:14.2775:9048	4	0.0	0.22035289999999996	0.2751280097549226	GP_Isolated_29	Contig:99:20.0162:23021	4	0.0	0.19715583000000003	0.3918467215733558	0	0	0	0		1	False	0
ecol-SAMN29011448	GP_Isolated_3	Contig:14:14.7827:3937	5	0.0	0.14273230000000003	0.3330680809771743	GP_Isolated_4	Contig:17:22.2836:10823	4	0.0	0.18191206000000004	0.36862064385594945	0	0	0	0		1	False	0
ecol-SAMN29011448	GP_Isolated_3	Contig:14:14.7827:3937	5	0.0	0.14273230000000003	0.3330680809771743	GP_3	Contig:1:81.6609:Circ:67408	4	0.0	0.23619294000000002	1.668618837364378	0	0	0	0		1	False	0
ecol-SAMN29011448	GP_Isolated_3	Contig:14:14.7827:3937	5	0.0	0.14273230000000003	0.3330680809771743	GP_Isolated_5	Contig:22:11.3811:6286	4	0.0	0.22556054999999997	0.242534698084104	0	0	0	0		1	False	0
ecol-SAMN29011448	GP_Isolated_3	Contig:14:14.7827:3937	5	0.0	0.14273230000000003	0.3330680809771743	GP_Isolated_6	Contig:24:16.1926:22967	5	0.0	0.2725875	0.3131227038982689	0	0	0	0		1	False	0
ecol-SAMN29011448	GP_Isolated_3	Contig:14:14.7827:3937	5	0.0	0.14273230000000003	0.3330680809771743	GP_Isolated_7	Contig:25:18.5225:70602	4	0.0	0.30745214	0.3482891656540853	0	0	0	0		1	False	0
ecol-SAMN29011448	GP_Isolated_3	Contig:14:14.7827:3937	5	0.0	0.14273230000000003	0.3330680809771743	GP_unb_2	Contig:29:16.7233:12761	5	0.0	0.21713229999999994	0.3573387931960301	0	0	0	0		1	False	0
ecol-SAMN29011448	GP_Isolated_3	Contig:14:14.7827:3937	5	0.0	0.14273230000000003	0.3330680809771743	GP_Isolated_8	Contig:31:17.9153:30836	4	0.0	0.23488889999999996	0.3753913839361629	0	0	0	0		1	False	0
ecol-SAMN29011448	GP_Isolated_3	Contig:14:14.7827:3937	5	0.0	0.14273230000000003	0.3330680809771743	GP_Isolated_9	Contig:34:21.2832:40737	4	0.0	0.18295974000000004	0.404299335353048	0	0	0	0		1	False	0
ecol-SAMN29011448	GP_Isolated_3	Contig:14:14.7827:3937	5	0.0	0.14273230000000003	0.3330680809771743	GP_Isolated_10	Contig:36:20.7282:35536	4	0.0	0.20072259999999997	0.3897334978925334	0	0	0	0		1	False	0
ecol-SAMN29011448	GP_Isolated_3	Contig:14:14.7827:3937	5	0.0	0.14273230000000003	0.3330680809771743	GP_Isolated_11	Contig:39:16.3582:5620	5	0.0	0.15748315999999996	0.33595379902025807	0	0	0	0		1	False	0
ecol-SAMN29011448	GP_Isolated_3	Contig:14:14.7827:3937	5	0.0	0.14273230000000003	0.3330680809771743	GP_Isolated_12	Contig:41:9.28738:1565	4	0.0	0.11920920000000002	0.1661337031824262	0	0	0	0		1	False	0
ecol-SAMN29011448	GP_Isolated_3	Contig:14:14.7827:3937	5	0.0	0.14273230000000003	0.3330680809771743	GP_Isolated_13	Contig:45:10.6286:1560	5	0.0	0.16585570000000005	0.21315400194373968	0	0	0	0		1	False	0
ecol-SAMN29011448	GP_Isolated_3	Contig:14:14.7827:3937	5	0.0	0.14273230000000003	0.3330680809771743	GP_Isolated_14	Contig:46:22.0957:21412	5	0.0	0.17589056000000003	0.38585277670383206	0	0	0	0		1	False	0
ecol-SAMN29011448	GP_Isolated_3	Contig:14:14.7827:3937	5	0.0	0.14273230000000003	0.3330680809771743	GP_Isolated_15	Contig:49:7.79121:1476	5	0.0	0.16894895	0.1513753109770716	0	0	0	0		1	False	0
ecol-SAMN29011448	GP_Isolated_3	Contig:14:14.7827:3937	5	0.0	0.14273230000000003	0.3330680809771743	GP_unb_3	Contig:51:13.6723:5050	5	0.0	0.21375436000000003	0.279411378753512	0	0	0	0		1	False	0
ecol-SAMN29011448	GP_Isolated_3	Contig:14:14.7827:3937	5	0.0	0.14273230000000003	0.3330680809771743	GP_Isolated_16	Contig:52:10.1897:1412	4	0.0	0.13972099999999998	0.19260179944689326	0	0	0	0		1	False	0
ecol-SAMN29011448	GP_Isolated_3	Contig:14:14.7827:3937	5	0.0	0.14273230000000003	0.3330680809771743	GP_1	Contig:53:69.594:41573,Contig:54:138.163:13070,Contig:74:93.7204:97303,Contig:90:108.456:1214,Contig:94:124.302:29731,Contig:98:450.31:1195,Contig:54:138.163:5p:1:1:119,Contig:54:138.163:5p:1:2:369	5	-0.2794663136616158	2.37888319	1.2883451740150935	0	0	0	0		1	False	0
ecol-SAMN29011448	GP_Isolated_3	Contig:14:14.7827:3937	5	0.0	0.14273230000000003	0.3330680809771743	GP_Isolated_17	Contig:55:18.7637:58783	4	0.0	0.27229749999999997	0.3747272394809079	0	0	0	0		1	False	0
ecol-SAMN29011448	GP_Isolated_3	Contig:14:14.7827:3937	5	0.0	0.14273230000000003	0.3330680809771743	GP_Isolated_18	Contig:5:11.5902:3573	4	0.0	0.19903510000000002	0.21995768690662262	0	0	0	0		1	False	0
ecol-SAMN29011448	GP_Isolated_3	Contig:14:14.7827:3937	5	0.0	0.14273230000000003	0.3330680809771743	GP_Isolated_19	Contig:65:18.3126:22016	4	0.0	0.18502799999999997	0.3885813685267616	0	0	0	0		1	False	0
ecol-SAMN29011448	GP_Isolated_3	Contig:14:14.7827:3937	5	0.0	0.14273230000000003	0.3330680809771743	GP_Isolated_20	Contig:67:9.96663:4335	5	0.0	0.2078774	0.20568547800442522	0	0	0	0		1	False	0
ecol-SAMN29011448	GP_Isolated_3	Contig:14:14.7827:3937	5	0.0	0.14273230000000003	0.3330680809771743	GP_Isolated_21	Contig:75:6.41176:1346	5	0.0	0.16754190000000002	0.12709389834240573	0	0	0	0		1	False	0
ecol-SAMN29011448	GP_Isolated_3	Contig:14:14.7827:3937	5	0.0	0.14273230000000003	0.3330680809771743	GP_Isolated_22	Contig:7:7.27287:1310	5	0.0	0.15454124999999996	0.15951225153812967	0	0	0	0		1	False	0
ecol-SAMN29011448	GP_Isolated_3	Contig:14:14.7827:3937	5	0.0	0.14273230000000003	0.3330680809771743	GP_Isolated_23	Contig:81:17.2046:6588	4	0.0	0.15662896999999998	0.35798241255099483	0	0	0	0		1	False	0
ecol-SAMN29011448	GP_Isolated_3	Contig:14:14.7827:3937	5	0.0	0.14273230000000003	0.3330680809771743	GP_Isolated_24	Contig:88:19.2702:31979	4	0.0	0.20090896000000003	0.3982169955288025	0	0	0	0		1	False	0
ecol-SAMN29011448	GP_Isolated_3	Contig:14:14.7827:3937	5	0.0	0.14273230000000003	0.3330680809771743	GP_Isolated_25	Contig:89:18.5684:12610	4	0.0	0.17035960000000006	0.3913106649869126	0	0	0	0		1	False	0
ecol-SAMN29011448	GP_Isolated_3	Contig:14:14.7827:3937	5	0.0	0.14273230000000003	0.3330680809771743	GP_Isolated_26	Contig:92:14.4501:3670	5	0.0	0.19545999999999997	0.26503576642597604	0	0	0	0		1	False	0
ecol-SAMN29011448	GP_Isolated_3	Contig:14:14.7827:3937	5	0.0	0.14273230000000003	0.3330680809771743	GP_Isolated_27	Contig:93:22.3507:12563	4	0.0	0.07894254	0.40905302631366325	0	0	0	0		1	False	0
ecol-SAMN29011448	GP_Isolated_3	Contig:14:14.7827:3937	5	0.0	0.14273230000000003	0.3330680809771743	GP_Isolated_28	Contig:95:6.97497:739	5	0.0	0.08078700000000005	0.1460070984426482	0	0	0	0		1	False	0
ecol-SAMN29011448	GP_Isolated_3	Contig:14:14.7827:3937	5	0.0	0.14273230000000003	0.3330680809771743	GP_Isolated_29	Contig:99:20.0162:23021	4	0.0	0.19715583000000003	0.3918467215733558	0	0	0	0		1	False	0
ecol-SAMN29011448	GP_Isolated_4	Contig:17:22.2836:10823	4	0.0	0.18191206000000004	0.36862064385594945	GP_3	Contig:1:81.6609:Circ:67408	4	0.0	0.23619294000000002	1.668618837364378	0	0	0	0		1	False	0
ecol-SAMN29011448	GP_Isolated_4	Contig:17:22.2836:10823	4	0.0	0.18191206000000004	0.36862064385594945	GP_Isolated_5	Contig:22:11.3811:6286	4	0.0	0.22556054999999997	0.242534698084104	0	0	0	0		1	False	0
ecol-SAMN29011448	GP_Isolated_4	Contig:17:22.2836:10823	4	0.0	0.18191206000000004	0.36862064385594945	GP_Isolated_6	Contig:24:16.1926:22967	5	0.0	0.2725875	0.3131227038982689	0	0	0	0		1	False	0
ecol-SAMN29011448	GP_Isolated_4	Contig:17:22.2836:10823	4	0.0	0.18191206000000004	0.36862064385594945	GP_Isolated_7	Contig:25:18.5225:70602	4	0.0	0.30745214	0.3482891656540853	0	0	0	0		1	False	0
ecol-SAMN29011448	GP_Isolated_4	Contig:17:22.2836:10823	4	0.0	0.18191206000000004	0.36862064385594945	GP_unb_2	Contig:29:16.7233:12761	5	0.0	0.21713229999999994	0.3573387931960301	0	0	0	0		1	False	0
ecol-SAMN29011448	GP_Isolated_4	Contig:17:22.2836:10823	4	0.0	0.18191206000000004	0.36862064385594945	GP_Isolated_8	Contig:31:17.9153:30836	4	0.0	0.23488889999999996	0.3753913839361629	0	0	0	0		1	False	0
ecol-SAMN29011448	GP_Isolated_4	Contig:17:22.2836:10823	4	0.0	0.18191206000000004	0.36862064385594945	GP_Isolated_9	Contig:34:21.2832:40737	4	0.0	0.18295974000000004	0.404299335353048	0	0	0	0		1	False	0
ecol-SAMN29011448	GP_Isolated_4	Contig:17:22.2836:10823	4	0.0	0.18191206000000004	0.36862064385594945	GP_Isolated_10	Contig:36:20.7282:35536	4	0.0	0.20072259999999997	0.3897334978925334	0	0	0	0		1	False	0
ecol-SAMN29011448	GP_Isolated_4	Contig:17:22.2836:10823	4	0.0	0.18191206000000004	0.36862064385594945	GP_Isolated_11	Contig:39:16.3582:5620	5	0.0	0.15748315999999996	0.33595379902025807	0	0	0	0		1	False	0
ecol-SAMN29011448	GP_Isolated_4	Contig:17:22.2836:10823	4	0.0	0.18191206000000004	0.36862064385594945	GP_Isolated_12	Contig:41:9.28738:1565	4	0.0	0.11920920000000002	0.1661337031824262	0	0	0	0		1	False	0
ecol-SAMN29011448	GP_Isolated_4	Contig:17:22.2836:10823	4	0.0	0.18191206000000004	0.36862064385594945	GP_Isolated_13	Contig:45:10.6286:1560	5	0.0	0.16585570000000005	0.21315400194373968	0	0	0	0		1	False	0
ecol-SAMN29011448	GP_Isolated_4	Contig:17:22.2836:10823	4	0.0	0.18191206000000004	0.36862064385594945	GP_Isolated_14	Contig:46:22.0957:21412	5	0.0	0.17589056000000003	0.38585277670383206	0	0	0	0		1	False	0
ecol-SAMN29011448	GP_Isolated_4	Contig:17:22.2836:10823	4	0.0	0.18191206000000004	0.36862064385594945	GP_Isolated_15	Contig:49:7.79121:1476	5	0.0	0.16894895	0.1513753109770716	0	0	0	0		1	False	0
ecol-SAMN29011448	GP_Isolated_4	Contig:17:22.2836:10823	4	0.0	0.18191206000000004	0.36862064385594945	GP_unb_3	Contig:51:13.6723:5050	5	0.0	0.21375436000000003	0.279411378753512	0	0	0	0		1	False	0
ecol-SAMN29011448	GP_Isolated_4	Contig:17:22.2836:10823	4	0.0	0.18191206000000004	0.36862064385594945	GP_Isolated_16	Contig:52:10.1897:1412	4	0.0	0.13972099999999998	0.19260179944689326	0	0	0	0		1	False	0
ecol-SAMN29011448	GP_Isolated_4	Contig:17:22.2836:10823	4	0.0	0.18191206000000004	0.36862064385594945	GP_1	Contig:53:69.594:41573,Contig:54:138.163:13070,Contig:74:93.7204:97303,Contig:90:108.456:1214,Contig:94:124.302:29731,Contig:98:450.31:1195,Contig:54:138.163:5p:1:1:119,Contig:54:138.163:5p:1:2:369	5	-0.2794663136616158	2.37888319	1.2883451740150935	0	0	0	0		1	False	0
ecol-SAMN29011448	GP_Isolated_4	Contig:17:22.2836:10823	4	0.0	0.18191206000000004	0.36862064385594945	GP_Isolated_17	Contig:55:18.7637:58783	4	0.0	0.27229749999999997	0.3747272394809079	0	0	0	0		1	False	0
ecol-SAMN29011448	GP_Isolated_4	Contig:17:22.2836:10823	4	0.0	0.18191206000000004	0.36862064385594945	GP_Isolated_18	Contig:5:11.5902:3573	4	0.0	0.19903510000000002	0.21995768690662262	0	0	0	0		1	False	0
ecol-SAMN29011448	GP_Isolated_4	Contig:17:22.2836:10823	4	0.0	0.18191206000000004	0.36862064385594945	GP_Isolated_19	Contig:65:18.3126:22016	4	0.0	0.18502799999999997	0.3885813685267616	0	0	0	0		1	False	0
ecol-SAMN29011448	GP_Isolated_4	Contig:17:22.2836:10823	4	0.0	0.18191206000000004	0.36862064385594945	GP_Isolated_20	Contig:67:9.96663:4335	5	0.0	0.2078774	0.20568547800442522	0	0	0	0		1	False	0
ecol-SAMN29011448	GP_Isolated_4	Contig:17:22.2836:10823	4	0.0	0.18191206000000004	0.36862064385594945	GP_Isolated_21	Contig:75:6.41176:1346	5	0.0	0.16754190000000002	0.12709389834240573	0	0	0	0		1	False	0
ecol-SAMN29011448	GP_Isolated_4	Contig:17:22.2836:10823	4	0.0	0.18191206000000004	0.36862064385594945	GP_Isolated_22	Contig:7:7.27287:1310	5	0.0	0.15454124999999996	0.15951225153812967	0	0	0	0		1	False	0
ecol-SAMN29011448	GP_Isolated_4	Contig:17:22.2836:10823	4	0.0	0.18191206000000004	0.36862064385594945	GP_Isolated_23	Contig:81:17.2046:6588	4	0.0	0.15662896999999998	0.35798241255099483	0	0	0	0		1	False	0
ecol-SAMN29011448	GP_Isolated_4	Contig:17:22.2836:10823	4	0.0	0.18191206000000004	0.36862064385594945	GP_Isolated_24	Contig:88:19.2702:31979	4	0.0	0.20090896000000003	0.3982169955288025	0	0	0	0		1	False	0
ecol-SAMN29011448	GP_Isolated_4	Contig:17:22.2836:10823	4	0.0	0.18191206000000004	0.36862064385594945	GP_Isolated_25	Contig:89:18.5684:12610	4	0.0	0.17035960000000006	0.3913106649869126	0	0	0	0		1	False	0
ecol-SAMN29011448	GP_Isolated_4	Contig:17:22.2836:10823	4	0.0	0.18191206000000004	0.36862064385594945	GP_Isolated_26	Contig:92:14.4501:3670	5	0.0	0.19545999999999997	0.26503576642597604	0	0	0	0		1	False	0
ecol-SAMN29011448	GP_Isolated_4	Contig:17:22.2836:10823	4	0.0	0.18191206000000004	0.36862064385594945	GP_Isolated_27	Contig:93:22.3507:12563	4	0.0	0.07894254	0.40905302631366325	0	0	0	0		1	False	0
ecol-SAMN29011448	GP_Isolated_4	Contig:17:22.2836:10823	4	0.0	0.18191206000000004	0.36862064385594945	GP_Isolated_28	Contig:95:6.97497:739	5	0.0	0.08078700000000005	0.1460070984426482	0	0	0	0		1	False	0
ecol-SAMN29011448	GP_Isolated_4	Contig:17:22.2836:10823	4	0.0	0.18191206000000004	0.36862064385594945	GP_Isolated_29	Contig:99:20.0162:23021	4	0.0	0.19715583000000003	0.3918467215733558	0	0	0	0		1	False	0
ecol-SAMN29011448	GP_3	Contig:1:81.6609:Circ:67408	4	0.0	0.23619294000000002	1.668618837364378	GP_Isolated_5	Contig:22:11.3811:6286	4	0.0	0.22556054999999997	0.242534698084104	0	0	0	0		1	False	0
ecol-SAMN29011448	GP_3	Contig:1:81.6609:Circ:67408	4	0.0	0.23619294000000002	1.668618837364378	GP_Isolated_6	Contig:24:16.1926:22967	5	0.0	0.2725875	0.3131227038982689	0	0	0	0		1	False	0
ecol-SAMN29011448	GP_3	Contig:1:81.6609:Circ:67408	4	0.0	0.23619294000000002	1.668618837364378	GP_Isolated_7	Contig:25:18.5225:70602	4	0.0	0.30745214	0.3482891656540853	0	0	0	0		1	False	0
ecol-SAMN29011448	GP_3	Contig:1:81.6609:Circ:67408	4	0.0	0.23619294000000002	1.668618837364378	GP_unb_2	Contig:29:16.7233:12761	5	0.0	0.21713229999999994	0.3573387931960301	0	0	0	0		1	False	0
ecol-SAMN29011448	GP_3	Contig:1:81.6609:Circ:67408	4	0.0	0.23619294000000002	1.668618837364378	GP_Isolated_8	Contig:31:17.9153:30836	4	0.0	0.23488889999999996	0.3753913839361629	0	0	0	0		1	False	0
ecol-SAMN29011448	GP_3	Contig:1:81.6609:Circ:67408	4	0.0	0.23619294000000002	1.668618837364378	GP_Isolated_9	Contig:34:21.2832:40737	4	0.0	0.18295974000000004	0.404299335353048	0	0	0	0		1	False	0
ecol-SAMN29011448	GP_3	Contig:1:81.6609:Circ:67408	4	0.0	0.23619294000000002	1.668618837364378	GP_Isolated_10	Contig:36:20.7282:35536	4	0.0	0.20072259999999997	0.3897334978925334	0	0	0	0		1	False	0
ecol-SAMN29011448	GP_3	Contig:1:81.6609:Circ:67408	4	0.0	0.23619294000000002	1.668618837364378	GP_Isolated_11	Contig:39:16.3582:5620	5	0.0	0.15748315999999996	0.33595379902025807	0	0	0	0		1	False	0
ecol-SAMN29011448	GP_3	Contig:1:81.6609:Circ:67408	4	0.0	0.23619294000000002	1.668618837364378	GP_Isolated_12	Contig:41:9.28738:1565	4	0.0	0.11920920000000002	0.1661337031824262	0	0	0	0		1	False	0
ecol-SAMN29011448	GP_3	Contig:1:81.6609:Circ:67408	4	0.0	0.23619294000000002	1.668618837364378	GP_Isolated_13	Contig:45:10.6286:1560	5	0.0	0.16585570000000005	0.21315400194373968	0	0	0	0		1	False	0
ecol-SAMN29011448	GP_3	Contig:1:81.6609:Circ:67408	4	0.0	0.23619294000000002	1.668618837364378	GP_Isolated_14	Contig:46:22.0957:21412	5	0.0	0.17589056000000003	0.38585277670383206	0	0	0	0		1	False	0
ecol-SAMN29011448	GP_3	Contig:1:81.6609:Circ:67408	4	0.0	0.23619294000000002	1.668618837364378	GP_Isolated_15	Contig:49:7.79121:1476	5	0.0	0.16894895	0.1513753109770716	0	0	0	0		1	False	0
ecol-SAMN29011448	GP_3	Contig:1:81.6609:Circ:67408	4	0.0	0.23619294000000002	1.668618837364378	GP_unb_3	Contig:51:13.6723:5050	5	0.0	0.21375436000000003	0.279411378753512	0	0	0	0		1	False	0
ecol-SAMN29011448	GP_3	Contig:1:81.6609:Circ:67408	4	0.0	0.23619294000000002	1.668618837364378	GP_Isolated_16	Contig:52:10.1897:1412	4	0.0	0.13972099999999998	0.19260179944689326	0	0	0	0		1	False	0
ecol-SAMN29011448	GP_3	Contig:1:81.6609:Circ:67408	4	0.0	0.23619294000000002	1.668618837364378	GP_1	Contig:53:69.594:41573,Contig:54:138.163:13070,Contig:74:93.7204:97303,Contig:90:108.456:1214,Contig:94:124.302:29731,Contig:98:450.31:1195,Contig:54:138.163:5p:1:1:119,Contig:54:138.163:5p:1:2:369	5	-0.2794663136616158	2.37888319	1.2883451740150935	0	0	0	0		1	False	0
ecol-SAMN29011448	GP_3	Contig:1:81.6609:Circ:67408	4	0.0	0.23619294000000002	1.668618837364378	GP_Isolated_17	Contig:55:18.7637:58783	4	0.0	0.27229749999999997	0.3747272394809079	0	0	0	0		1	False	0
ecol-SAMN29011448	GP_3	Contig:1:81.6609:Circ:67408	4	0.0	0.23619294000000002	1.668618837364378	GP_Isolated_18	Contig:5:11.5902:3573	4	0.0	0.19903510000000002	0.21995768690662262	0	0	0	0		1	False	0
ecol-SAMN29011448	GP_3	Contig:1:81.6609:Circ:67408	4	0.0	0.23619294000000002	1.668618837364378	GP_Isolated_19	Contig:65:18.3126:22016	4	0.0	0.18502799999999997	0.3885813685267616	0	0	0	0		1	False	0
ecol-SAMN29011448	GP_3	Contig:1:81.6609:Circ:67408	4	0.0	0.23619294000000002	1.668618837364378	GP_Isolated_20	Contig:67:9.96663:4335	5	0.0	0.2078774	0.20568547800442522	0	0	0	0		1	False	0
ecol-SAMN29011448	GP_3	Contig:1:81.6609:Circ:67408	4	0.0	0.23619294000000002	1.668618837364378	GP_Isolated_21	Contig:75:6.41176:1346	5	0.0	0.16754190000000002	0.12709389834240573	0	0	0	0		1	False	0
ecol-SAMN29011448	GP_3	Contig:1:81.6609:Circ:67408	4	0.0	0.23619294000000002	1.668618837364378	GP_Isolated_22	Contig:7:7.27287:1310	5	0.0	0.15454124999999996	0.15951225153812967	0	0	0	0		1	False	0
ecol-SAMN29011448	GP_3	Contig:1:81.6609:Circ:67408	4	0.0	0.23619294000000002	1.668618837364378	GP_Isolated_23	Contig:81:17.2046:6588	4	0.0	0.15662896999999998	0.35798241255099483	0	0	0	0		1	False	0
ecol-SAMN29011448	GP_3	Contig:1:81.6609:Circ:67408	4	0.0	0.23619294000000002	1.668618837364378	GP_Isolated_24	Contig:88:19.2702:31979	4	0.0	0.20090896000000003	0.3982169955288025	0	0	0	0		1	False	0
ecol-SAMN29011448	GP_3	Contig:1:81.6609:Circ:67408	4	0.0	0.23619294000000002	1.668618837364378	GP_Isolated_25	Contig:89:18.5684:12610	4	0.0	0.17035960000000006	0.3913106649869126	0	0	0	0		1	False	0
ecol-SAMN29011448	GP_3	Contig:1:81.6609:Circ:67408	4	0.0	0.23619294000000002	1.668618837364378	GP_Isolated_26	Contig:92:14.4501:3670	5	0.0	0.19545999999999997	0.26503576642597604	0	0	0	0		1	False	0
ecol-SAMN29011448	GP_3	Contig:1:81.6609:Circ:67408	4	0.0	0.23619294000000002	1.668618837364378	GP_Isolated_27	Contig:93:22.3507:12563	4	0.0	0.07894254	0.40905302631366325	0	0	0	0		1	False	0
ecol-SAMN29011448	GP_3	Contig:1:81.6609:Circ:67408	4	0.0	0.23619294000000002	1.668618837364378	GP_Isolated_28	Contig:95:6.97497:739	5	0.0	0.08078700000000005	0.1460070984426482	0	0	0	0		1	False	0
ecol-SAMN29011448	GP_3	Contig:1:81.6609:Circ:67408	4	0.0	0.23619294000000002	1.668618837364378	GP_Isolated_29	Contig:99:20.0162:23021	4	0.0	0.19715583000000003	0.3918467215733558	0	0	0	0		1	False	0
ecol-SAMN29011448	GP_Isolated_5	Contig:22:11.3811:6286	4	0.0	0.22556054999999997	0.242534698084104	GP_Isolated_6	Contig:24:16.1926:22967	5	0.0	0.2725875	0.3131227038982689	0	0	0	0		1	False	0
ecol-SAMN29011448	GP_Isolated_5	Contig:22:11.3811:6286	4	0.0	0.22556054999999997	0.242534698084104	GP_Isolated_7	Contig:25:18.5225:70602	4	0.0	0.30745214	0.3482891656540853	0	0	0	0		1	False	0
ecol-SAMN29011448	GP_Isolated_5	Contig:22:11.3811:6286	4	0.0	0.22556054999999997	0.242534698084104	GP_unb_2	Contig:29:16.7233:12761	5	0.0	0.21713229999999994	0.3573387931960301	0	0	0	0		1	False	0
ecol-SAMN29011448	GP_Isolated_5	Contig:22:11.3811:6286	4	0.0	0.22556054999999997	0.242534698084104	GP_Isolated_8	Contig:31:17.9153:30836	4	0.0	0.23488889999999996	0.3753913839361629	0	0	0	0		1	False	0
ecol-SAMN29011448	GP_Isolated_5	Contig:22:11.3811:6286	4	0.0	0.22556054999999997	0.242534698084104	GP_Isolated_9	Contig:34:21.2832:40737	4	0.0	0.18295974000000004	0.404299335353048	0	0	0	0		1	False	0
ecol-SAMN29011448	GP_Isolated_5	Contig:22:11.3811:6286	4	0.0	0.22556054999999997	0.242534698084104	GP_Isolated_10	Contig:36:20.7282:35536	4	0.0	0.20072259999999997	0.3897334978925334	0	0	0	0		1	False	0
ecol-SAMN29011448	GP_Isolated_5	Contig:22:11.3811:6286	4	0.0	0.22556054999999997	0.242534698084104	GP_Isolated_11	Contig:39:16.3582:5620	5	0.0	0.15748315999999996	0.33595379902025807	0	0	0	0		1	False	0
ecol-SAMN29011448	GP_Isolated_5	Contig:22:11.3811:6286	4	0.0	0.22556054999999997	0.242534698084104	GP_Isolated_12	Contig:41:9.28738:1565	4	0.0	0.11920920000000002	0.1661337031824262	0	0	0	0		1	False	0
ecol-SAMN29011448	GP_Isolated_5	Contig:22:11.3811:6286	4	0.0	0.22556054999999997	0.242534698084104	GP_Isolated_13	Contig:45:10.6286:1560	5	0.0	0.16585570000000005	0.21315400194373968	0	0	0	0		1	False	0
ecol-SAMN29011448	GP_Isolated_5	Contig:22:11.3811:6286	4	0.0	0.22556054999999997	0.242534698084104	GP_Isolated_14	Contig:46:22.0957:21412	5	0.0	0.17589056000000003	0.38585277670383206	0	0	0	0		1	False	0
ecol-SAMN29011448	GP_Isolated_5	Contig:22:11.3811:6286	4	0.0	0.22556054999999997	0.242534698084104	GP_Isolated_15	Contig:49:7.79121:1476	5	0.0	0.16894895	0.1513753109770716	0	0	0	0		1	False	0
ecol-SAMN29011448	GP_Isolated_5	Contig:22:11.3811:6286	4	0.0	0.22556054999999997	0.242534698084104	GP_unb_3	Contig:51:13.6723:5050	5	0.0	0.21375436000000003	0.279411378753512	0	0	0	0		1	False	0
ecol-SAMN29011448	GP_Isolated_5	Contig:22:11.3811:6286	4	0.0	0.22556054999999997	0.242534698084104	GP_Isolated_16	Contig:52:10.1897:1412	4	0.0	0.13972099999999998	0.19260179944689326	0	0	0	0		1	False	0
ecol-SAMN29011448	GP_Isolated_5	Contig:22:11.3811:6286	4	0.0	0.22556054999999997	0.242534698084104	GP_1	Contig:53:69.594:41573,Contig:54:138.163:13070,Contig:74:93.7204:97303,Contig:90:108.456:1214,Contig:94:124.302:29731,Contig:98:450.31:1195,Contig:54:138.163:5p:1:1:119,Contig:54:138.163:5p:1:2:369	5	-0.2794663136616158	2.37888319	1.2883451740150935	0	0	0	0		1	False	0
ecol-SAMN29011448	GP_Isolated_5	Contig:22:11.3811:6286	4	0.0	0.22556054999999997	0.242534698084104	GP_Isolated_17	Contig:55:18.7637:58783	4	0.0	0.27229749999999997	0.3747272394809079	0	0	0	0		1	False	0
ecol-SAMN29011448	GP_Isolated_5	Contig:22:11.3811:6286	4	0.0	0.22556054999999997	0.242534698084104	GP_Isolated_18	Contig:5:11.5902:3573	4	0.0	0.19903510000000002	0.21995768690662262	0	0	0	0		1	False	0
ecol-SAMN29011448	GP_Isolated_5	Contig:22:11.3811:6286	4	0.0	0.22556054999999997	0.242534698084104	GP_Isolated_19	Contig:65:18.3126:22016	4	0.0	0.18502799999999997	0.3885813685267616	0	0	0	0		1	False	0
ecol-SAMN29011448	GP_Isolated_5	Contig:22:11.3811:6286	4	0.0	0.22556054999999997	0.242534698084104	GP_Isolated_20	Contig:67:9.96663:4335	5	0.0	0.2078774	0.20568547800442522	0	0	0	0		1	False	0
ecol-SAMN29011448	GP_Isolated_5	Contig:22:11.3811:6286	4	0.0	0.22556054999999997	0.242534698084104	GP_Isolated_21	Contig:75:6.41176:1346	5	0.0	0.16754190000000002	0.12709389834240573	0	0	0	0		1	False	0
ecol-SAMN29011448	GP_Isolated_5	Contig:22:11.3811:6286	4	0.0	0.22556054999999997	0.242534698084104	GP_Isolated_22	Contig:7:7.27287:1310	5	0.0	0.15454124999999996	0.15951225153812967	0	0	0	0		1	False	0
ecol-SAMN29011448	GP_Isolated_5	Contig:22:11.3811:6286	4	0.0	0.22556054999999997	0.242534698084104	GP_Isolated_23	Contig:81:17.2046:6588	4	0.0	0.15662896999999998	0.35798241255099483	0	0	0	0		1	False	0
ecol-SAMN29011448	GP_Isolated_5	Contig:22:11.3811:6286	4	0.0	0.22556054999999997	0.242534698084104	GP_Isolated_24	Contig:88:19.2702:31979	4	0.0	0.20090896000000003	0.3982169955288025	0	0	0	0		1	False	0
ecol-SAMN29011448	GP_Isolated_5	Contig:22:11.3811:6286	4	0.0	0.22556054999999997	0.242534698084104	GP_Isolated_25	Contig:89:18.5684:12610	4	0.0	0.17035960000000006	0.3913106649869126	0	0	0	0		1	False	0
ecol-SAMN29011448	GP_Isolated_5	Contig:22:11.3811:6286	4	0.0	0.22556054999999997	0.242534698084104	GP_Isolated_26	Contig:92:14.4501:3670	5	0.0	0.19545999999999997	0.26503576642597604	0	0	0	0		1	False	0
ecol-SAMN29011448	GP_Isolated_5	Contig:22:11.3811:6286	4	0.0	0.22556054999999997	0.242534698084104	GP_Isolated_27	Contig:93:22.3507:12563	4	0.0	0.07894254	0.40905302631366325	0	0	0	0		1	False	0
ecol-SAMN29011448	GP_Isolated_5	Contig:22:11.3811:6286	4	0.0	0.22556054999999997	0.242534698084104	GP_Isolated_28	Contig:95:6.97497:739	5	0.0	0.08078700000000005	0.1460070984426482	0	0	0	0		1	False	0
ecol-SAMN29011448	GP_Isolated_5	Contig:22:11.3811:6286	4	0.0	0.22556054999999997	0.242534698084104	GP_Isolated_29	Contig:99:20.0162:23021	4	0.0	0.19715583000000003	0.3918467215733558	0	0	0	0		1	False	0
ecol-SAMN29011448	GP_Isolated_6	Contig:24:16.1926:22967	5	0.0	0.2725875	0.3131227038982689	GP_Isolated_7	Contig:25:18.5225:70602	4	0.0	0.30745214	0.3482891656540853	0	0	0	0		1	False	0
ecol-SAMN29011448	GP_Isolated_6	Contig:24:16.1926:22967	5	0.0	0.2725875	0.3131227038982689	GP_unb_2	Contig:29:16.7233:12761	5	0.0	0.21713229999999994	0.3573387931960301	0	0	0	0		1	False	0
ecol-SAMN29011448	GP_Isolated_6	Contig:24:16.1926:22967	5	0.0	0.2725875	0.3131227038982689	GP_Isolated_8	Contig:31:17.9153:30836	4	0.0	0.23488889999999996	0.3753913839361629	0	0	0	0		1	False	0
ecol-SAMN29011448	GP_Isolated_6	Contig:24:16.1926:22967	5	0.0	0.2725875	0.3131227038982689	GP_Isolated_9	Contig:34:21.2832:40737	4	0.0	0.18295974000000004	0.404299335353048	0	0	0	0		1	False	0
ecol-SAMN29011448	GP_Isolated_6	Contig:24:16.1926:22967	5	0.0	0.2725875	0.3131227038982689	GP_Isolated_10	Contig:36:20.7282:35536	4	0.0	0.20072259999999997	0.3897334978925334	0	0	0	0		1	False	0
ecol-SAMN29011448	GP_Isolated_6	Contig:24:16.1926:22967	5	0.0	0.2725875	0.3131227038982689	GP_Isolated_11	Contig:39:16.3582:5620	5	0.0	0.15748315999999996	0.33595379902025807	0	0	0	0		1	False	0
ecol-SAMN29011448	GP_Isolated_6	Contig:24:16.1926:22967	5	0.0	0.2725875	0.3131227038982689	GP_Isolated_12	Contig:41:9.28738:1565	4	0.0	0.11920920000000002	0.1661337031824262	0	0	0	0		1	False	0
ecol-SAMN29011448	GP_Isolated_6	Contig:24:16.1926:22967	5	0.0	0.2725875	0.3131227038982689	GP_Isolated_13	Contig:45:10.6286:1560	5	0.0	0.16585570000000005	0.21315400194373968	0	0	0	0		1	False	0
ecol-SAMN29011448	GP_Isolated_6	Contig:24:16.1926:22967	5	0.0	0.2725875	0.3131227038982689	GP_Isolated_14	Contig:46:22.0957:21412	5	0.0	0.17589056000000003	0.38585277670383206	0	0	0	0		1	False	0
ecol-SAMN29011448	GP_Isolated_6	Contig:24:16.1926:22967	5	0.0	0.2725875	0.3131227038982689	GP_Isolated_15	Contig:49:7.79121:1476	5	0.0	0.16894895	0.1513753109770716	0	0	0	0		1	False	0
ecol-SAMN29011448	GP_Isolated_6	Contig:24:16.1926:22967	5	0.0	0.2725875	0.3131227038982689	GP_unb_3	Contig:51:13.6723:5050	5	0.0	0.21375436000000003	0.279411378753512	0	0	0	0		1	False	0
ecol-SAMN29011448	GP_Isolated_6	Contig:24:16.1926:22967	5	0.0	0.2725875	0.3131227038982689	GP_Isolated_16	Contig:52:10.1897:1412	4	0.0	0.13972099999999998	0.19260179944689326	0	0	0	0		1	False	0
ecol-SAMN29011448	GP_Isolated_6	Contig:24:16.1926:22967	5	0.0	0.2725875	0.3131227038982689	GP_1	Contig:53:69.594:41573,Contig:54:138.163:13070,Contig:74:93.7204:97303,Contig:90:108.456:1214,Contig:94:124.302:29731,Contig:98:450.31:1195,Contig:54:138.163:5p:1:1:119,Contig:54:138.163:5p:1:2:369	5	-0.2794663136616158	2.37888319	1.2883451740150935	0	0	0	0		1	False	0
ecol-SAMN29011448	GP_Isolated_6	Contig:24:16.1926:22967	5	0.0	0.2725875	0.3131227038982689	GP_Isolated_17	Contig:55:18.7637:58783	4	0.0	0.27229749999999997	0.3747272394809079	0	0	0	0		1	False	0
ecol-SAMN29011448	GP_Isolated_6	Contig:24:16.1926:22967	5	0.0	0.2725875	0.3131227038982689	GP_Isolated_18	Contig:5:11.5902:3573	4	0.0	0.19903510000000002	0.21995768690662262	0	0	0	0		1	False	0
ecol-SAMN29011448	GP_Isolated_6	Contig:24:16.1926:22967	5	0.0	0.2725875	0.3131227038982689	GP_Isolated_19	Contig:65:18.3126:22016	4	0.0	0.18502799999999997	0.3885813685267616	0	0	0	0		1	False	0
ecol-SAMN29011448	GP_Isolated_6	Contig:24:16.1926:22967	5	0.0	0.2725875	0.3131227038982689	GP_Isolated_20	Contig:67:9.96663:4335	5	0.0	0.2078774	0.20568547800442522	0	0	0	0		1	False	0
ecol-SAMN29011448	GP_Isolated_6	Contig:24:16.1926:22967	5	0.0	0.2725875	0.3131227038982689	GP_Isolated_21	Contig:75:6.41176:1346	5	0.0	0.16754190000000002	0.12709389834240573	0	0	0	0		1	False	0
ecol-SAMN29011448	GP_Isolated_6	Contig:24:16.1926:22967	5	0.0	0.2725875	0.3131227038982689	GP_Isolated_22	Contig:7:7.27287:1310	5	0.0	0.15454124999999996	0.15951225153812967	0	0	0	0		1	False	0
ecol-SAMN29011448	GP_Isolated_6	Contig:24:16.1926:22967	5	0.0	0.2725875	0.3131227038982689	GP_Isolated_23	Contig:81:17.2046:6588	4	0.0	0.15662896999999998	0.35798241255099483	0	0	0	0		1	False	0
ecol-SAMN29011448	GP_Isolated_6	Contig:24:16.1926:22967	5	0.0	0.2725875	0.3131227038982689	GP_Isolated_24	Contig:88:19.2702:31979	4	0.0	0.20090896000000003	0.3982169955288025	0	0	0	0		1	False	0
ecol-SAMN29011448	GP_Isolated_6	Contig:24:16.1926:22967	5	0.0	0.2725875	0.3131227038982689	GP_Isolated_25	Contig:89:18.5684:12610	4	0.0	0.17035960000000006	0.3913106649869126	0	0	0	0		1	False	0
ecol-SAMN29011448	GP_Isolated_6	Contig:24:16.1926:22967	5	0.0	0.2725875	0.3131227038982689	GP_Isolated_26	Contig:92:14.4501:3670	5	0.0	0.19545999999999997	0.26503576642597604	0	0	0	0		1	False	0
ecol-SAMN29011448	GP_Isolated_6	Contig:24:16.1926:22967	5	0.0	0.2725875	0.3131227038982689	GP_Isolated_27	Contig:93:22.3507:12563	4	0.0	0.07894254	0.40905302631366325	0	0	0	0		1	False	0
ecol-SAMN29011448	GP_Isolated_6	Contig:24:16.1926:22967	5	0.0	0.2725875	0.3131227038982689	GP_Isolated_28	Contig:95:6.97497:739	5	0.0	0.08078700000000005	0.1460070984426482	0	0	0	0		1	False	0
ecol-SAMN29011448	GP_Isolated_6	Contig:24:16.1926:22967	5	0.0	0.2725875	0.3131227038982689	GP_Isolated_29	Contig:99:20.0162:23021	4	0.0	0.19715583000000003	0.3918467215733558	0	0	0	0		1	False	0
ecol-SAMN29011448	GP_Isolated_7	Contig:25:18.5225:70602	4	0.0	0.30745214	0.3482891656540853	GP_unb_2	Contig:29:16.7233:12761	5	0.0	0.21713229999999994	0.3573387931960301	0	0	0	0		1	False	0
ecol-SAMN29011448	GP_Isolated_7	Contig:25:18.5225:70602	4	0.0	0.30745214	0.3482891656540853	GP_Isolated_8	Contig:31:17.9153:30836	4	0.0	0.23488889999999996	0.3753913839361629	0	0	0	0		1	False	0
ecol-SAMN29011448	GP_Isolated_7	Contig:25:18.5225:70602	4	0.0	0.30745214	0.3482891656540853	GP_Isolated_9	Contig:34:21.2832:40737	4	0.0	0.18295974000000004	0.404299335353048	0	0	0	0		1	False	0
ecol-SAMN29011448	GP_Isolated_7	Contig:25:18.5225:70602	4	0.0	0.30745214	0.3482891656540853	GP_Isolated_10	Contig:36:20.7282:35536	4	0.0	0.20072259999999997	0.3897334978925334	0	0	0	0		1	False	0
ecol-SAMN29011448	GP_Isolated_7	Contig:25:18.5225:70602	4	0.0	0.30745214	0.3482891656540853	GP_Isolated_11	Contig:39:16.3582:5620	5	0.0	0.15748315999999996	0.33595379902025807	0	0	0	0		1	False	0
ecol-SAMN29011448	GP_Isolated_7	Contig:25:18.5225:70602	4	0.0	0.30745214	0.3482891656540853	GP_Isolated_12	Contig:41:9.28738:1565	4	0.0	0.11920920000000002	0.1661337031824262	0	0	0	0		1	False	0
ecol-SAMN29011448	GP_Isolated_7	Contig:25:18.5225:70602	4	0.0	0.30745214	0.3482891656540853	GP_Isolated_13	Contig:45:10.6286:1560	5	0.0	0.16585570000000005	0.21315400194373968	0	0	0	0		1	False	0
ecol-SAMN29011448	GP_Isolated_7	Contig:25:18.5225:70602	4	0.0	0.30745214	0.3482891656540853	GP_Isolated_14	Contig:46:22.0957:21412	5	0.0	0.17589056000000003	0.38585277670383206	0	0	0	0		1	False	0
ecol-SAMN29011448	GP_Isolated_7	Contig:25:18.5225:70602	4	0.0	0.30745214	0.3482891656540853	GP_Isolated_15	Contig:49:7.79121:1476	5	0.0	0.16894895	0.1513753109770716	0	0	0	0		1	False	0
ecol-SAMN29011448	GP_Isolated_7	Contig:25:18.5225:70602	4	0.0	0.30745214	0.3482891656540853	GP_unb_3	Contig:51:13.6723:5050	5	0.0	0.21375436000000003	0.279411378753512	0	0	0	0		1	False	0
ecol-SAMN29011448	GP_Isolated_7	Contig:25:18.5225:70602	4	0.0	0.30745214	0.3482891656540853	GP_Isolated_16	Contig:52:10.1897:1412	4	0.0	0.13972099999999998	0.19260179944689326	0	0	0	0		1	False	0
ecol-SAMN29011448	GP_Isolated_7	Contig:25:18.5225:70602	4	0.0	0.30745214	0.3482891656540853	GP_1	Contig:53:69.594:41573,Contig:54:138.163:13070,Contig:74:93.7204:97303,Contig:90:108.456:1214,Contig:94:124.302:29731,Contig:98:450.31:1195,Contig:54:138.163:5p:1:1:119,Contig:54:138.163:5p:1:2:369	5	-0.2794663136616158	2.37888319	1.2883451740150935	0	0	0	0		1	False	0
ecol-SAMN29011448	GP_Isolated_7	Contig:25:18.5225:70602	4	0.0	0.30745214	0.3482891656540853	GP_Isolated_17	Contig:55:18.7637:58783	4	0.0	0.27229749999999997	0.3747272394809079	0	0	0	0		1	False	0
ecol-SAMN29011448	GP_Isolated_7	Contig:25:18.5225:70602	4	0.0	0.30745214	0.3482891656540853	GP_Isolated_18	Contig:5:11.5902:3573	4	0.0	0.19903510000000002	0.21995768690662262	0	0	0	0		1	False	0
ecol-SAMN29011448	GP_Isolated_7	Contig:25:18.5225:70602	4	0.0	0.30745214	0.3482891656540853	GP_Isolated_19	Contig:65:18.3126:22016	4	0.0	0.18502799999999997	0.3885813685267616	0	0	0	0		1	False	0
ecol-SAMN29011448	GP_Isolated_7	Contig:25:18.5225:70602	4	0.0	0.30745214	0.3482891656540853	GP_Isolated_20	Contig:67:9.96663:4335	5	0.0	0.2078774	0.20568547800442522	0	0	0	0		1	False	0
ecol-SAMN29011448	GP_Isolated_7	Contig:25:18.5225:70602	4	0.0	0.30745214	0.3482891656540853	GP_Isolated_21	Contig:75:6.41176:1346	5	0.0	0.16754190000000002	0.12709389834240573	0	0	0	0		1	False	0
ecol-SAMN29011448	GP_Isolated_7	Contig:25:18.5225:70602	4	0.0	0.30745214	0.3482891656540853	GP_Isolated_22	Contig:7:7.27287:1310	5	0.0	0.15454124999999996	0.15951225153812967	0	0	0	0		1	False	0
ecol-SAMN29011448	GP_Isolated_7	Contig:25:18.5225:70602	4	0.0	0.30745214	0.3482891656540853	GP_Isolated_23	Contig:81:17.2046:6588	4	0.0	0.15662896999999998	0.35798241255099483	0	0	0	0		1	False	0
ecol-SAMN29011448	GP_Isolated_7	Contig:25:18.5225:70602	4	0.0	0.30745214	0.3482891656540853	GP_Isolated_24	Contig:88:19.2702:31979	4	0.0	0.20090896000000003	0.3982169955288025	0	0	0	0		1	False	0
ecol-SAMN29011448	GP_Isolated_7	Contig:25:18.5225:70602	4	0.0	0.30745214	0.3482891656540853	GP_Isolated_25	Contig:89:18.5684:12610	4	0.0	0.17035960000000006	0.3913106649869126	0	0	0	0		1	False	0
ecol-SAMN29011448	GP_Isolated_7	Contig:25:18.5225:70602	4	0.0	0.30745214	0.3482891656540853	GP_Isolated_26	Contig:92:14.4501:3670	5	0.0	0.19545999999999997	0.26503576642597604	0	0	0	0		1	False	0
ecol-SAMN29011448	GP_Isolated_7	Contig:25:18.5225:70602	4	0.0	0.30745214	0.3482891656540853	GP_Isolated_27	Contig:93:22.3507:12563	4	0.0	0.07894254	0.40905302631366325	0	0	0	0		1	False	0
ecol-SAMN29011448	GP_Isolated_7	Contig:25:18.5225:70602	4	0.0	0.30745214	0.3482891656540853	GP_Isolated_28	Contig:95:6.97497:739	5	0.0	0.08078700000000005	0.1460070984426482	0	0	0	0		1	False	0
ecol-SAMN29011448	GP_Isolated_7	Contig:25:18.5225:70602	4	0.0	0.30745214	0.3482891656540853	GP_Isolated_29	Contig:99:20.0162:23021	4	0.0	0.19715583000000003	0.3918467215733558	0	0	0	0		1	False	0
ecol-SAMN29011448	GP_unb_2	Contig:29:16.7233:12761	5	0.0	0.21713229999999994	0.3573387931960301	GP_Isolated_8	Contig:31:17.9153:30836	4	0.0	0.23488889999999996	0.3753913839361629	0	0	0	0		1	False	0
ecol-SAMN29011448	GP_unb_2	Contig:29:16.7233:12761	5	0.0	0.21713229999999994	0.3573387931960301	GP_Isolated_9	Contig:34:21.2832:40737	4	0.0	0.18295974000000004	0.404299335353048	0	0	0	0		1	False	0
ecol-SAMN29011448	GP_unb_2	Contig:29:16.7233:12761	5	0.0	0.21713229999999994	0.3573387931960301	GP_Isolated_10	Contig:36:20.7282:35536	4	0.0	0.20072259999999997	0.3897334978925334	0	0	0	0		1	False	0
ecol-SAMN29011448	GP_unb_2	Contig:29:16.7233:12761	5	0.0	0.21713229999999994	0.3573387931960301	GP_Isolated_11	Contig:39:16.3582:5620	5	0.0	0.15748315999999996	0.33595379902025807	0	0	0	0		1	False	0
ecol-SAMN29011448	GP_unb_2	Contig:29:16.7233:12761	5	0.0	0.21713229999999994	0.3573387931960301	GP_Isolated_12	Contig:41:9.28738:1565	4	0.0	0.11920920000000002	0.1661337031824262	0	0	0	0		1	False	0
ecol-SAMN29011448	GP_unb_2	Contig:29:16.7233:12761	5	0.0	0.21713229999999994	0.3573387931960301	GP_Isolated_13	Contig:45:10.6286:1560	5	0.0	0.16585570000000005	0.21315400194373968	0	0	0	0		1	False	0
ecol-SAMN29011448	GP_unb_2	Contig:29:16.7233:12761	5	0.0	0.21713229999999994	0.3573387931960301	GP_Isolated_14	Contig:46:22.0957:21412	5	0.0	0.17589056000000003	0.38585277670383206	0	0	0	0		1	False	0
ecol-SAMN29011448	GP_unb_2	Contig:29:16.7233:12761	5	0.0	0.21713229999999994	0.3573387931960301	GP_Isolated_15	Contig:49:7.79121:1476	5	0.0	0.16894895	0.1513753109770716	0	0	0	0		1	False	0
ecol-SAMN29011448	GP_unb_2	Contig:29:16.7233:12761	5	0.0	0.21713229999999994	0.3573387931960301	GP_unb_3	Contig:51:13.6723:5050	5	0.0	0.21375436000000003	0.279411378753512	4	-0.5207320317138224	2.9109754629999998	0.10143830748165783	Contig:100:70.8957:63403,Contig:105:203.256:754,Contig:11:246.548:1255,Contig:19:76.7354:176744,Contig:30:95.0996:9115,Contig:50:136.55:707,Contig:62:39.8907:41017,Contig:72:158.177:1345,Contig:73:116.233:1071,Contig:74:93.7204:97303,Contig:77:55.9916:35252,Contig:80:75.3795:27008,Contig:85:150.93:11764,Contig:90:108.456:1214,Contig:91:61.4824:148356,Contig:105:203.256:3p:1:20:325,Contig:12:14.2775:3p:1:3:351,Contig:12:14.2775:3p:1:13:146,Contig:29:16.7233:3p:1:6:123,Contig:29:16.7233:3p:1:7:136,Contig:54:138.163:5p:1:2:369,Contig:61:68.5792:5p:1:2:119	0	False	0
ecol-SAMN29011448	GP_unb_2	Contig:29:16.7233:12761	5	0.0	0.21713229999999994	0.3573387931960301	GP_Isolated_16	Contig:52:10.1897:1412	4	0.0	0.13972099999999998	0.19260179944689326	0	0	0	0		1	False	0
ecol-SAMN29011448	GP_unb_2	Contig:29:16.7233:12761	5	0.0	0.21713229999999994	0.3573387931960301	GP_1	Contig:53:69.594:41573,Contig:54:138.163:13070,Contig:74:93.7204:97303,Contig:90:108.456:1214,Contig:94:124.302:29731,Contig:98:450.31:1195,Contig:54:138.163:5p:1:1:119,Contig:54:138.163:5p:1:2:369	5	-0.2794663136616158	2.37888319	1.2883451740150935	4	-0.6301580161053815	4.143918773	0.10143830748165783	Contig:100:70.8957:63403,Contig:105:203.256:754,Contig:11:246.548:1255,Contig:30:95.0996:9115,Contig:62:39.8907:41017,Contig:72:158.177:1345,Contig:73:116.233:1071,Contig:77:55.9916:35252,Contig:80:75.3795:27008,Contig:85:150.93:11764,Contig:91:61.4824:148356,Contig:105:203.256:3p:1:20:325,Contig:29:16.7233:3p:1:6:123,Contig:29:16.7233:3p:1:7:136,Contig:61:68.5792:5p:1:2:119	0	False	0
ecol-SAMN29011448	GP_unb_2	Contig:29:16.7233:12761	5	0.0	0.21713229999999994	0.3573387931960301	GP_Isolated_17	Contig:55:18.7637:58783	4	0.0	0.27229749999999997	0.3747272394809079	0	0	0	0		1	False	0
ecol-SAMN29011448	GP_unb_2	Contig:29:16.7233:12761	5	0.0	0.21713229999999994	0.3573387931960301	GP_Isolated_18	Contig:5:11.5902:3573	4	0.0	0.19903510000000002	0.21995768690662262	0	0	0	0		1	False	0
ecol-SAMN29011448	GP_unb_2	Contig:29:16.7233:12761	5	0.0	0.21713229999999994	0.3573387931960301	GP_Isolated_19	Contig:65:18.3126:22016	4	0.0	0.18502799999999997	0.3885813685267616	0	0	0	0		1	False	0
ecol-SAMN29011448	GP_unb_2	Contig:29:16.7233:12761	5	0.0	0.21713229999999994	0.3573387931960301	GP_Isolated_20	Contig:67:9.96663:4335	5	0.0	0.2078774	0.20568547800442522	0	0	0	0		1	False	0
ecol-SAMN29011448	GP_unb_2	Contig:29:16.7233:12761	5	0.0	0.21713229999999994	0.3573387931960301	GP_Isolated_21	Contig:75:6.41176:1346	5	0.0	0.16754190000000002	0.12709389834240573	0	0	0	0		1	False	0
ecol-SAMN29011448	GP_unb_2	Contig:29:16.7233:12761	5	0.0	0.21713229999999994	0.3573387931960301	GP_Isolated_22	Contig:7:7.27287:1310	5	0.0	0.15454124999999996	0.15951225153812967	0	0	0	0		1	False	0
ecol-SAMN29011448	GP_unb_2	Contig:29:16.7233:12761	5	0.0	0.21713229999999994	0.3573387931960301	GP_Isolated_23	Contig:81:17.2046:6588	4	0.0	0.15662896999999998	0.35798241255099483	0	0	0	0		1	False	0
ecol-SAMN29011448	GP_unb_2	Contig:29:16.7233:12761	5	0.0	0.21713229999999994	0.3573387931960301	GP_Isolated_24	Contig:88:19.2702:31979	4	0.0	0.20090896000000003	0.3982169955288025	0	0	0	0		1	False	0
ecol-SAMN29011448	GP_unb_2	Contig:29:16.7233:12761	5	0.0	0.21713229999999994	0.3573387931960301	GP_Isolated_25	Contig:89:18.5684:12610	4	0.0	0.17035960000000006	0.3913106649869126	0	0	0	0		1	False	0
ecol-SAMN29011448	GP_unb_2	Contig:29:16.7233:12761	5	0.0	0.21713229999999994	0.3573387931960301	GP_Isolated_26	Contig:92:14.4501:3670	5	0.0	0.19545999999999997	0.26503576642597604	0	0	0	0		1	False	0
ecol-SAMN29011448	GP_unb_2	Contig:29:16.7233:12761	5	0.0	0.21713229999999994	0.3573387931960301	GP_Isolated_27	Contig:93:22.3507:12563	4	0.0	0.07894254	0.40905302631366325	0	0	0	0		1	False	0
ecol-SAMN29011448	GP_unb_2	Contig:29:16.7233:12761	5	0.0	0.21713229999999994	0.3573387931960301	GP_Isolated_28	Contig:95:6.97497:739	5	0.0	0.08078700000000005	0.1460070984426482	0	0	0	0		1	False	0
ecol-SAMN29011448	GP_unb_2	Contig:29:16.7233:12761	5	0.0	0.21713229999999994	0.3573387931960301	GP_Isolated_29	Contig:99:20.0162:23021	4	0.0	0.19715583000000003	0.3918467215733558	0	0	0	0		1	False	0
ecol-SAMN29011448	GP_Isolated_8	Contig:31:17.9153:30836	4	0.0	0.23488889999999996	0.3753913839361629	GP_Isolated_9	Contig:34:21.2832:40737	4	0.0	0.18295974000000004	0.404299335353048	0	0	0	0		1	False	0
ecol-SAMN29011448	GP_Isolated_8	Contig:31:17.9153:30836	4	0.0	0.23488889999999996	0.3753913839361629	GP_Isolated_10	Contig:36:20.7282:35536	4	0.0	0.20072259999999997	0.3897334978925334	0	0	0	0		1	False	0
ecol-SAMN29011448	GP_Isolated_8	Contig:31:17.9153:30836	4	0.0	0.23488889999999996	0.3753913839361629	GP_Isolated_11	Contig:39:16.3582:5620	5	0.0	0.15748315999999996	0.33595379902025807	0	0	0	0		1	False	0
ecol-SAMN29011448	GP_Isolated_8	Contig:31:17.9153:30836	4	0.0	0.23488889999999996	0.3753913839361629	GP_Isolated_12	Contig:41:9.28738:1565	4	0.0	0.11920920000000002	0.1661337031824262	0	0	0	0		1	False	0
ecol-SAMN29011448	GP_Isolated_8	Contig:31:17.9153:30836	4	0.0	0.23488889999999996	0.3753913839361629	GP_Isolated_13	Contig:45:10.6286:1560	5	0.0	0.16585570000000005	0.21315400194373968	0	0	0	0		1	False	0
ecol-SAMN29011448	GP_Isolated_8	Contig:31:17.9153:30836	4	0.0	0.23488889999999996	0.3753913839361629	GP_Isolated_14	Contig:46:22.0957:21412	5	0.0	0.17589056000000003	0.38585277670383206	0	0	0	0		1	False	0
ecol-SAMN29011448	GP_Isolated_8	Contig:31:17.9153:30836	4	0.0	0.23488889999999996	0.3753913839361629	GP_Isolated_15	Contig:49:7.79121:1476	5	0.0	0.16894895	0.1513753109770716	0	0	0	0		1	False	0
ecol-SAMN29011448	GP_Isolated_8	Contig:31:17.9153:30836	4	0.0	0.23488889999999996	0.3753913839361629	GP_unb_3	Contig:51:13.6723:5050	5	0.0	0.21375436000000003	0.279411378753512	0	0	0	0		1	False	0
ecol-SAMN29011448	GP_Isolated_8	Contig:31:17.9153:30836	4	0.0	0.23488889999999996	0.3753913839361629	GP_Isolated_16	Contig:52:10.1897:1412	4	0.0	0.13972099999999998	0.19260179944689326	0	0	0	0		1	False	0
ecol-SAMN29011448	GP_Isolated_8	Contig:31:17.9153:30836	4	0.0	0.23488889999999996	0.3753913839361629	GP_1	Contig:53:69.594:41573,Contig:54:138.163:13070,Contig:74:93.7204:97303,Contig:90:108.456:1214,Contig:94:124.302:29731,Contig:98:450.31:1195,Contig:54:138.163:5p:1:1:119,Contig:54:138.163:5p:1:2:369	5	-0.2794663136616158	2.37888319	1.2883451740150935	0	0	0	0		1	False	0
ecol-SAMN29011448	GP_Isolated_8	Contig:31:17.9153:30836	4	0.0	0.23488889999999996	0.3753913839361629	GP_Isolated_17	Contig:55:18.7637:58783	4	0.0	0.27229749999999997	0.3747272394809079	0	0	0	0		1	False	0
ecol-SAMN29011448	GP_Isolated_8	Contig:31:17.9153:30836	4	0.0	0.23488889999999996	0.3753913839361629	GP_Isolated_18	Contig:5:11.5902:3573	4	0.0	0.19903510000000002	0.21995768690662262	0	0	0	0		1	False	0
ecol-SAMN29011448	GP_Isolated_8	Contig:31:17.9153:30836	4	0.0	0.23488889999999996	0.3753913839361629	GP_Isolated_19	Contig:65:18.3126:22016	4	0.0	0.18502799999999997	0.3885813685267616	0	0	0	0		1	False	0
ecol-SAMN29011448	GP_Isolated_8	Contig:31:17.9153:30836	4	0.0	0.23488889999999996	0.3753913839361629	GP_Isolated_20	Contig:67:9.96663:4335	5	0.0	0.2078774	0.20568547800442522	0	0	0	0		1	False	0
ecol-SAMN29011448	GP_Isolated_8	Contig:31:17.9153:30836	4	0.0	0.23488889999999996	0.3753913839361629	GP_Isolated_21	Contig:75:6.41176:1346	5	0.0	0.16754190000000002	0.12709389834240573	0	0	0	0		1	False	0
ecol-SAMN29011448	GP_Isolated_8	Contig:31:17.9153:30836	4	0.0	0.23488889999999996	0.3753913839361629	GP_Isolated_22	Contig:7:7.27287:1310	5	0.0	0.15454124999999996	0.15951225153812967	0	0	0	0		1	False	0
ecol-SAMN29011448	GP_Isolated_8	Contig:31:17.9153:30836	4	0.0	0.23488889999999996	0.3753913839361629	GP_Isolated_23	Contig:81:17.2046:6588	4	0.0	0.15662896999999998	0.35798241255099483	0	0	0	0		1	False	0
ecol-SAMN29011448	GP_Isolated_8	Contig:31:17.9153:30836	4	0.0	0.23488889999999996	0.3753913839361629	GP_Isolated_24	Contig:88:19.2702:31979	4	0.0	0.20090896000000003	0.3982169955288025	0	0	0	0		1	False	0
ecol-SAMN29011448	GP_Isolated_8	Contig:31:17.9153:30836	4	0.0	0.23488889999999996	0.3753913839361629	GP_Isolated_25	Contig:89:18.5684:12610	4	0.0	0.17035960000000006	0.3913106649869126	0	0	0	0		1	False	0
ecol-SAMN29011448	GP_Isolated_8	Contig:31:17.9153:30836	4	0.0	0.23488889999999996	0.3753913839361629	GP_Isolated_26	Contig:92:14.4501:3670	5	0.0	0.19545999999999997	0.26503576642597604	0	0	0	0		1	False	0
ecol-SAMN29011448	GP_Isolated_8	Contig:31:17.9153:30836	4	0.0	0.23488889999999996	0.3753913839361629	GP_Isolated_27	Contig:93:22.3507:12563	4	0.0	0.07894254	0.40905302631366325	0	0	0	0		1	False	0
ecol-SAMN29011448	GP_Isolated_8	Contig:31:17.9153:30836	4	0.0	0.23488889999999996	0.3753913839361629	GP_Isolated_28	Contig:95:6.97497:739	5	0.0	0.08078700000000005	0.1460070984426482	0	0	0	0		1	False	0
ecol-SAMN29011448	GP_Isolated_8	Contig:31:17.9153:30836	4	0.0	0.23488889999999996	0.3753913839361629	GP_Isolated_29	Contig:99:20.0162:23021	4	0.0	0.19715583000000003	0.3918467215733558	0	0	0	0		1	False	0
ecol-SAMN29011448	GP_Isolated_9	Contig:34:21.2832:40737	4	0.0	0.18295974000000004	0.404299335353048	GP_Isolated_10	Contig:36:20.7282:35536	4	0.0	0.20072259999999997	0.3897334978925334	0	0	0	0		1	False	0
ecol-SAMN29011448	GP_Isolated_9	Contig:34:21.2832:40737	4	0.0	0.18295974000000004	0.404299335353048	GP_Isolated_11	Contig:39:16.3582:5620	5	0.0	0.15748315999999996	0.33595379902025807	0	0	0	0		1	False	0
ecol-SAMN29011448	GP_Isolated_9	Contig:34:21.2832:40737	4	0.0	0.18295974000000004	0.404299335353048	GP_Isolated_12	Contig:41:9.28738:1565	4	0.0	0.11920920000000002	0.1661337031824262	0	0	0	0		1	False	0
ecol-SAMN29011448	GP_Isolated_9	Contig:34:21.2832:40737	4	0.0	0.18295974000000004	0.404299335353048	GP_Isolated_13	Contig:45:10.6286:1560	5	0.0	0.16585570000000005	0.21315400194373968	0	0	0	0		1	False	0
ecol-SAMN29011448	GP_Isolated_9	Contig:34:21.2832:40737	4	0.0	0.18295974000000004	0.404299335353048	GP_Isolated_14	Contig:46:22.0957:21412	5	0.0	0.17589056000000003	0.38585277670383206	0	0	0	0		1	False	0
ecol-SAMN29011448	GP_Isolated_9	Contig:34:21.2832:40737	4	0.0	0.18295974000000004	0.404299335353048	GP_Isolated_15	Contig:49:7.79121:1476	5	0.0	0.16894895	0.1513753109770716	0	0	0	0		1	False	0
ecol-SAMN29011448	GP_Isolated_9	Contig:34:21.2832:40737	4	0.0	0.18295974000000004	0.404299335353048	GP_unb_3	Contig:51:13.6723:5050	5	0.0	0.21375436000000003	0.279411378753512	0	0	0	0		1	False	0
ecol-SAMN29011448	GP_Isolated_9	Contig:34:21.2832:40737	4	0.0	0.18295974000000004	0.404299335353048	GP_Isolated_16	Contig:52:10.1897:1412	4	0.0	0.13972099999999998	0.19260179944689326	0	0	0	0		1	False	0
ecol-SAMN29011448	GP_Isolated_9	Contig:34:21.2832:40737	4	0.0	0.18295974000000004	0.404299335353048	GP_1	Contig:53:69.594:41573,Contig:54:138.163:13070,Contig:74:93.7204:97303,Contig:90:108.456:1214,Contig:94:124.302:29731,Contig:98:450.31:1195,Contig:54:138.163:5p:1:1:119,Contig:54:138.163:5p:1:2:369	5	-0.2794663136616158	2.37888319	1.2883451740150935	0	0	0	0		1	False	0
ecol-SAMN29011448	GP_Isolated_9	Contig:34:21.2832:40737	4	0.0	0.18295974000000004	0.404299335353048	GP_Isolated_17	Contig:55:18.7637:58783	4	0.0	0.27229749999999997	0.3747272394809079	0	0	0	0		1	False	0
ecol-SAMN29011448	GP_Isolated_9	Contig:34:21.2832:40737	4	0.0	0.18295974000000004	0.404299335353048	GP_Isolated_18	Contig:5:11.5902:3573	4	0.0	0.19903510000000002	0.21995768690662262	0	0	0	0		1	False	0
ecol-SAMN29011448	GP_Isolated_9	Contig:34:21.2832:40737	4	0.0	0.18295974000000004	0.404299335353048	GP_Isolated_19	Contig:65:18.3126:22016	4	0.0	0.18502799999999997	0.3885813685267616	0	0	0	0		1	False	0
ecol-SAMN29011448	GP_Isolated_9	Contig:34:21.2832:40737	4	0.0	0.18295974000000004	0.404299335353048	GP_Isolated_20	Contig:67:9.96663:4335	5	0.0	0.2078774	0.20568547800442522	0	0	0	0		1	False	0
ecol-SAMN29011448	GP_Isolated_9	Contig:34:21.2832:40737	4	0.0	0.18295974000000004	0.404299335353048	GP_Isolated_21	Contig:75:6.41176:1346	5	0.0	0.16754190000000002	0.12709389834240573	0	0	0	0		1	False	0
ecol-SAMN29011448	GP_Isolated_9	Contig:34:21.2832:40737	4	0.0	0.18295974000000004	0.404299335353048	GP_Isolated_22	Contig:7:7.27287:1310	5	0.0	0.15454124999999996	0.15951225153812967	0	0	0	0		1	False	0
ecol-SAMN29011448	GP_Isolated_9	Contig:34:21.2832:40737	4	0.0	0.18295974000000004	0.404299335353048	GP_Isolated_23	Contig:81:17.2046:6588	4	0.0	0.15662896999999998	0.35798241255099483	0	0	0	0		1	False	0
ecol-SAMN29011448	GP_Isolated_9	Contig:34:21.2832:40737	4	0.0	0.18295974000000004	0.404299335353048	GP_Isolated_24	Contig:88:19.2702:31979	4	0.0	0.20090896000000003	0.3982169955288025	0	0	0	0		1	False	0
ecol-SAMN29011448	GP_Isolated_9	Contig:34:21.2832:40737	4	0.0	0.18295974000000004	0.404299335353048	GP_Isolated_25	Contig:89:18.5684:12610	4	0.0	0.17035960000000006	0.3913106649869126	0	0	0	0		1	False	0
ecol-SAMN29011448	GP_Isolated_9	Contig:34:21.2832:40737	4	0.0	0.18295974000000004	0.404299335353048	GP_Isolated_26	Contig:92:14.4501:3670	5	0.0	0.19545999999999997	0.26503576642597604	0	0	0	0		1	False	0
ecol-SAMN29011448	GP_Isolated_9	Contig:34:21.2832:40737	4	0.0	0.18295974000000004	0.404299335353048	GP_Isolated_27	Contig:93:22.3507:12563	4	0.0	0.07894254	0.40905302631366325	0	0	0	0		1	False	0
ecol-SAMN29011448	GP_Isolated_9	Contig:34:21.2832:40737	4	0.0	0.18295974000000004	0.404299335353048	GP_Isolated_28	Contig:95:6.97497:739	5	0.0	0.08078700000000005	0.1460070984426482	0	0	0	0		1	False	0
ecol-SAMN29011448	GP_Isolated_9	Contig:34:21.2832:40737	4	0.0	0.18295974000000004	0.404299335353048	GP_Isolated_29	Contig:99:20.0162:23021	4	0.0	0.19715583000000003	0.3918467215733558	0	0	0	0		1	False	0
ecol-SAMN29011448	GP_Isolated_10	Contig:36:20.7282:35536	4	0.0	0.20072259999999997	0.3897334978925334	GP_Isolated_11	Contig:39:16.3582:5620	5	0.0	0.15748315999999996	0.33595379902025807	0	0	0	0		1	False	0
ecol-SAMN29011448	GP_Isolated_10	Contig:36:20.7282:35536	4	0.0	0.20072259999999997	0.3897334978925334	GP_Isolated_12	Contig:41:9.28738:1565	4	0.0	0.11920920000000002	0.1661337031824262	0	0	0	0		1	False	0
ecol-SAMN29011448	GP_Isolated_10	Contig:36:20.7282:35536	4	0.0	0.20072259999999997	0.3897334978925334	GP_Isolated_13	Contig:45:10.6286:1560	5	0.0	0.16585570000000005	0.21315400194373968	0	0	0	0		1	False	0
ecol-SAMN29011448	GP_Isolated_10	Contig:36:20.7282:35536	4	0.0	0.20072259999999997	0.3897334978925334	GP_Isolated_14	Contig:46:22.0957:21412	5	0.0	0.17589056000000003	0.38585277670383206	0	0	0	0		1	False	0
ecol-SAMN29011448	GP_Isolated_10	Contig:36:20.7282:35536	4	0.0	0.20072259999999997	0.3897334978925334	GP_Isolated_15	Contig:49:7.79121:1476	5	0.0	0.16894895	0.1513753109770716	0	0	0	0		1	False	0
ecol-SAMN29011448	GP_Isolated_10	Contig:36:20.7282:35536	4	0.0	0.20072259999999997	0.3897334978925334	GP_unb_3	Contig:51:13.6723:5050	5	0.0	0.21375436000000003	0.279411378753512	0	0	0	0		1	False	0
ecol-SAMN29011448	GP_Isolated_10	Contig:36:20.7282:35536	4	0.0	0.20072259999999997	0.3897334978925334	GP_Isolated_16	Contig:52:10.1897:1412	4	0.0	0.13972099999999998	0.19260179944689326	0	0	0	0		1	False	0
ecol-SAMN29011448	GP_Isolated_10	Contig:36:20.7282:35536	4	0.0	0.20072259999999997	0.3897334978925334	GP_1	Contig:53:69.594:41573,Contig:54:138.163:13070,Contig:74:93.7204:97303,Contig:90:108.456:1214,Contig:94:124.302:29731,Contig:98:450.31:1195,Contig:54:138.163:5p:1:1:119,Contig:54:138.163:5p:1:2:369	5	-0.2794663136616158	2.37888319	1.2883451740150935	0	0	0	0		1	False	0
ecol-SAMN29011448	GP_Isolated_10	Contig:36:20.7282:35536	4	0.0	0.20072259999999997	0.3897334978925334	GP_Isolated_17	Contig:55:18.7637:58783	4	0.0	0.27229749999999997	0.3747272394809079	0	0	0	0		1	False	0
ecol-SAMN29011448	GP_Isolated_10	Contig:36:20.7282:35536	4	0.0	0.20072259999999997	0.3897334978925334	GP_Isolated_18	Contig:5:11.5902:3573	4	0.0	0.19903510000000002	0.21995768690662262	0	0	0	0		1	False	0
ecol-SAMN29011448	GP_Isolated_10	Contig:36:20.7282:35536	4	0.0	0.20072259999999997	0.3897334978925334	GP_Isolated_19	Contig:65:18.3126:22016	4	0.0	0.18502799999999997	0.3885813685267616	0	0	0	0		1	False	0
ecol-SAMN29011448	GP_Isolated_10	Contig:36:20.7282:35536	4	0.0	0.20072259999999997	0.3897334978925334	GP_Isolated_20	Contig:67:9.96663:4335	5	0.0	0.2078774	0.20568547800442522	0	0	0	0		1	False	0
ecol-SAMN29011448	GP_Isolated_10	Contig:36:20.7282:35536	4	0.0	0.20072259999999997	0.3897334978925334	GP_Isolated_21	Contig:75:6.41176:1346	5	0.0	0.16754190000000002	0.12709389834240573	0	0	0	0		1	False	0
ecol-SAMN29011448	GP_Isolated_10	Contig:36:20.7282:35536	4	0.0	0.20072259999999997	0.3897334978925334	GP_Isolated_22	Contig:7:7.27287:1310	5	0.0	0.15454124999999996	0.15951225153812967	0	0	0	0		1	False	0
ecol-SAMN29011448	GP_Isolated_10	Contig:36:20.7282:35536	4	0.0	0.20072259999999997	0.3897334978925334	GP_Isolated_23	Contig:81:17.2046:6588	4	0.0	0.15662896999999998	0.35798241255099483	0	0	0	0		1	False	0
ecol-SAMN29011448	GP_Isolated_10	Contig:36:20.7282:35536	4	0.0	0.20072259999999997	0.3897334978925334	GP_Isolated_24	Contig:88:19.2702:31979	4	0.0	0.20090896000000003	0.3982169955288025	0	0	0	0		1	False	0
ecol-SAMN29011448	GP_Isolated_10	Contig:36:20.7282:35536	4	0.0	0.20072259999999997	0.3897334978925334	GP_Isolated_25	Contig:89:18.5684:12610	4	0.0	0.17035960000000006	0.3913106649869126	0	0	0	0		1	False	0
ecol-SAMN29011448	GP_Isolated_10	Contig:36:20.7282:35536	4	0.0	0.20072259999999997	0.3897334978925334	GP_Isolated_26	Contig:92:14.4501:3670	5	0.0	0.19545999999999997	0.26503576642597604	0	0	0	0		1	False	0
ecol-SAMN29011448	GP_Isolated_10	Contig:36:20.7282:35536	4	0.0	0.20072259999999997	0.3897334978925334	GP_Isolated_27	Contig:93:22.3507:12563	4	0.0	0.07894254	0.40905302631366325	0	0	0	0		1	False	0
ecol-SAMN29011448	GP_Isolated_10	Contig:36:20.7282:35536	4	0.0	0.20072259999999997	0.3897334978925334	GP_Isolated_28	Contig:95:6.97497:739	5	0.0	0.08078700000000005	0.1460070984426482	0	0	0	0		1	False	0
ecol-SAMN29011448	GP_Isolated_10	Contig:36:20.7282:35536	4	0.0	0.20072259999999997	0.3897334978925334	GP_Isolated_29	Contig:99:20.0162:23021	4	0.0	0.19715583000000003	0.3918467215733558	0	0	0	0		1	False	0
ecol-SAMN29011448	GP_Isolated_11	Contig:39:16.3582:5620	5	0.0	0.15748315999999996	0.33595379902025807	GP_Isolated_12	Contig:41:9.28738:1565	4	0.0	0.11920920000000002	0.1661337031824262	0	0	0	0		1	False	0
ecol-SAMN29011448	GP_Isolated_11	Contig:39:16.3582:5620	5	0.0	0.15748315999999996	0.33595379902025807	GP_Isolated_13	Contig:45:10.6286:1560	5	0.0	0.16585570000000005	0.21315400194373968	0	0	0	0		1	False	0
ecol-SAMN29011448	GP_Isolated_11	Contig:39:16.3582:5620	5	0.0	0.15748315999999996	0.33595379902025807	GP_Isolated_14	Contig:46:22.0957:21412	5	0.0	0.17589056000000003	0.38585277670383206	0	0	0	0		1	False	0
ecol-SAMN29011448	GP_Isolated_11	Contig:39:16.3582:5620	5	0.0	0.15748315999999996	0.33595379902025807	GP_Isolated_15	Contig:49:7.79121:1476	5	0.0	0.16894895	0.1513753109770716	0	0	0	0		1	False	0
ecol-SAMN29011448	GP_Isolated_11	Contig:39:16.3582:5620	5	0.0	0.15748315999999996	0.33595379902025807	GP_unb_3	Contig:51:13.6723:5050	5	0.0	0.21375436000000003	0.279411378753512	0	0	0	0		1	False	0
ecol-SAMN29011448	GP_Isolated_11	Contig:39:16.3582:5620	5	0.0	0.15748315999999996	0.33595379902025807	GP_Isolated_16	Contig:52:10.1897:1412	4	0.0	0.13972099999999998	0.19260179944689326	0	0	0	0		1	False	0
ecol-SAMN29011448	GP_Isolated_11	Contig:39:16.3582:5620	5	0.0	0.15748315999999996	0.33595379902025807	GP_1	Contig:53:69.594:41573,Contig:54:138.163:13070,Contig:74:93.7204:97303,Contig:90:108.456:1214,Contig:94:124.302:29731,Contig:98:450.31:1195,Contig:54:138.163:5p:1:1:119,Contig:54:138.163:5p:1:2:369	5	-0.2794663136616158	2.37888319	1.2883451740150935	0	0	0	0		1	False	0
ecol-SAMN29011448	GP_Isolated_11	Contig:39:16.3582:5620	5	0.0	0.15748315999999996	0.33595379902025807	GP_Isolated_17	Contig:55:18.7637:58783	4	0.0	0.27229749999999997	0.3747272394809079	0	0	0	0		1	False	0
ecol-SAMN29011448	GP_Isolated_11	Contig:39:16.3582:5620	5	0.0	0.15748315999999996	0.33595379902025807	GP_Isolated_18	Contig:5:11.5902:3573	4	0.0	0.19903510000000002	0.21995768690662262	0	0	0	0		1	False	0
ecol-SAMN29011448	GP_Isolated_11	Contig:39:16.3582:5620	5	0.0	0.15748315999999996	0.33595379902025807	GP_Isolated_19	Contig:65:18.3126:22016	4	0.0	0.18502799999999997	0.3885813685267616	0	0	0	0		1	False	0
ecol-SAMN29011448	GP_Isolated_11	Contig:39:16.3582:5620	5	0.0	0.15748315999999996	0.33595379902025807	GP_Isolated_20	Contig:67:9.96663:4335	5	0.0	0.2078774	0.20568547800442522	0	0	0	0		1	False	0
ecol-SAMN29011448	GP_Isolated_11	Contig:39:16.3582:5620	5	0.0	0.15748315999999996	0.33595379902025807	GP_Isolated_21	Contig:75:6.41176:1346	5	0.0	0.16754190000000002	0.12709389834240573	0	0	0	0		1	False	0
ecol-SAMN29011448	GP_Isolated_11	Contig:39:16.3582:5620	5	0.0	0.15748315999999996	0.33595379902025807	GP_Isolated_22	Contig:7:7.27287:1310	5	0.0	0.15454124999999996	0.15951225153812967	0	0	0	0		1	False	0
ecol-SAMN29011448	GP_Isolated_11	Contig:39:16.3582:5620	5	0.0	0.15748315999999996	0.33595379902025807	GP_Isolated_23	Contig:81:17.2046:6588	4	0.0	0.15662896999999998	0.35798241255099483	0	0	0	0		1	False	0
ecol-SAMN29011448	GP_Isolated_11	Contig:39:16.3582:5620	5	0.0	0.15748315999999996	0.33595379902025807	GP_Isolated_24	Contig:88:19.2702:31979	4	0.0	0.20090896000000003	0.3982169955288025	0	0	0	0		1	False	0
ecol-SAMN29011448	GP_Isolated_11	Contig:39:16.3582:5620	5	0.0	0.15748315999999996	0.33595379902025807	GP_Isolated_25	Contig:89:18.5684:12610	4	0.0	0.17035960000000006	0.3913106649869126	0	0	0	0		1	False	0
ecol-SAMN29011448	GP_Isolated_11	Contig:39:16.3582:5620	5	0.0	0.15748315999999996	0.33595379902025807	GP_Isolated_26	Contig:92:14.4501:3670	5	0.0	0.19545999999999997	0.26503576642597604	0	0	0	0		1	False	0
ecol-SAMN29011448	GP_Isolated_11	Contig:39:16.3582:5620	5	0.0	0.15748315999999996	0.33595379902025807	GP_Isolated_27	Contig:93:22.3507:12563	4	0.0	0.07894254	0.40905302631366325	0	0	0	0		1	False	0
ecol-SAMN29011448	GP_Isolated_11	Contig:39:16.3582:5620	5	0.0	0.15748315999999996	0.33595379902025807	GP_Isolated_28	Contig:95:6.97497:739	5	0.0	0.08078700000000005	0.1460070984426482	0	0	0	0		1	False	0
ecol-SAMN29011448	GP_Isolated_11	Contig:39:16.3582:5620	5	0.0	0.15748315999999996	0.33595379902025807	GP_Isolated_29	Contig:99:20.0162:23021	4	0.0	0.19715583000000003	0.3918467215733558	0	0	0	0		1	False	0
ecol-SAMN29011448	GP_Isolated_12	Contig:41:9.28738:1565	4	0.0	0.11920920000000002	0.1661337031824262	GP_Isolated_13	Contig:45:10.6286:1560	5	0.0	0.16585570000000005	0.21315400194373968	0	0	0	0		1	False	0
ecol-SAMN29011448	GP_Isolated_12	Contig:41:9.28738:1565	4	0.0	0.11920920000000002	0.1661337031824262	GP_Isolated_14	Contig:46:22.0957:21412	5	0.0	0.17589056000000003	0.38585277670383206	0	0	0	0		1	False	0
ecol-SAMN29011448	GP_Isolated_12	Contig:41:9.28738:1565	4	0.0	0.11920920000000002	0.1661337031824262	GP_Isolated_15	Contig:49:7.79121:1476	5	0.0	0.16894895	0.1513753109770716	0	0	0	0		1	False	0
ecol-SAMN29011448	GP_Isolated_12	Contig:41:9.28738:1565	4	0.0	0.11920920000000002	0.1661337031824262	GP_unb_3	Contig:51:13.6723:5050	5	0.0	0.21375436000000003	0.279411378753512	0	0	0	0		1	False	0
ecol-SAMN29011448	GP_Isolated_12	Contig:41:9.28738:1565	4	0.0	0.11920920000000002	0.1661337031824262	GP_Isolated_16	Contig:52:10.1897:1412	4	0.0	0.13972099999999998	0.19260179944689326	0	0	0	0		1	False	0
ecol-SAMN29011448	GP_Isolated_12	Contig:41:9.28738:1565	4	0.0	0.11920920000000002	0.1661337031824262	GP_1	Contig:53:69.594:41573,Contig:54:138.163:13070,Contig:74:93.7204:97303,Contig:90:108.456:1214,Contig:94:124.302:29731,Contig:98:450.31:1195,Contig:54:138.163:5p:1:1:119,Contig:54:138.163:5p:1:2:369	5	-0.2794663136616158	2.37888319	1.2883451740150935	0	0	0	0		1	False	0
ecol-SAMN29011448	GP_Isolated_12	Contig:41:9.28738:1565	4	0.0	0.11920920000000002	0.1661337031824262	GP_Isolated_17	Contig:55:18.7637:58783	4	0.0	0.27229749999999997	0.3747272394809079	0	0	0	0		1	False	0
ecol-SAMN29011448	GP_Isolated_12	Contig:41:9.28738:1565	4	0.0	0.11920920000000002	0.1661337031824262	GP_Isolated_18	Contig:5:11.5902:3573	4	0.0	0.19903510000000002	0.21995768690662262	0	0	0	0		1	False	0
ecol-SAMN29011448	GP_Isolated_12	Contig:41:9.28738:1565	4	0.0	0.11920920000000002	0.1661337031824262	GP_Isolated_19	Contig:65:18.3126:22016	4	0.0	0.18502799999999997	0.3885813685267616	0	0	0	0		1	False	0
ecol-SAMN29011448	GP_Isolated_12	Contig:41:9.28738:1565	4	0.0	0.11920920000000002	0.1661337031824262	GP_Isolated_20	Contig:67:9.96663:4335	5	0.0	0.2078774	0.20568547800442522	0	0	0	0		1	False	0
ecol-SAMN29011448	GP_Isolated_12	Contig:41:9.28738:1565	4	0.0	0.11920920000000002	0.1661337031824262	GP_Isolated_21	Contig:75:6.41176:1346	5	0.0	0.16754190000000002	0.12709389834240573	0	0	0	0		1	False	0
ecol-SAMN29011448	GP_Isolated_12	Contig:41:9.28738:1565	4	0.0	0.11920920000000002	0.1661337031824262	GP_Isolated_22	Contig:7:7.27287:1310	5	0.0	0.15454124999999996	0.15951225153812967	0	0	0	0		1	False	0
ecol-SAMN29011448	GP_Isolated_12	Contig:41:9.28738:1565	4	0.0	0.11920920000000002	0.1661337031824262	GP_Isolated_23	Contig:81:17.2046:6588	4	0.0	0.15662896999999998	0.35798241255099483	0	0	0	0		1	False	0
ecol-SAMN29011448	GP_Isolated_12	Contig:41:9.28738:1565	4	0.0	0.11920920000000002	0.1661337031824262	GP_Isolated_24	Contig:88:19.2702:31979	4	0.0	0.20090896000000003	0.3982169955288025	0	0	0	0		1	False	0
ecol-SAMN29011448	GP_Isolated_12	Contig:41:9.28738:1565	4	0.0	0.11920920000000002	0.1661337031824262	GP_Isolated_25	Contig:89:18.5684:12610	4	0.0	0.17035960000000006	0.3913106649869126	0	0	0	0		1	False	0
ecol-SAMN29011448	GP_Isolated_12	Contig:41:9.28738:1565	4	0.0	0.11920920000000002	0.1661337031824262	GP_Isolated_26	Contig:92:14.4501:3670	5	0.0	0.19545999999999997	0.26503576642597604	0	0	0	0		1	False	0
ecol-SAMN29011448	GP_Isolated_12	Contig:41:9.28738:1565	4	0.0	0.11920920000000002	0.1661337031824262	GP_Isolated_27	Contig:93:22.3507:12563	4	0.0	0.07894254	0.40905302631366325	0	0	0	0		1	False	0
ecol-SAMN29011448	GP_Isolated_12	Contig:41:9.28738:1565	4	0.0	0.11920920000000002	0.1661337031824262	GP_Isolated_28	Contig:95:6.97497:739	5	0.0	0.08078700000000005	0.1460070984426482	0	0	0	0		1	False	0
ecol-SAMN29011448	GP_Isolated_12	Contig:41:9.28738:1565	4	0.0	0.11920920000000002	0.1661337031824262	GP_Isolated_29	Contig:99:20.0162:23021	4	0.0	0.19715583000000003	0.3918467215733558	0	0	0	0		1	False	0
ecol-SAMN29011448	GP_Isolated_13	Contig:45:10.6286:1560	5	0.0	0.16585570000000005	0.21315400194373968	GP_Isolated_14	Contig:46:22.0957:21412	5	0.0	0.17589056000000003	0.38585277670383206	0	0	0	0		1	False	0
ecol-SAMN29011448	GP_Isolated_13	Contig:45:10.6286:1560	5	0.0	0.16585570000000005	0.21315400194373968	GP_Isolated_15	Contig:49:7.79121:1476	5	0.0	0.16894895	0.1513753109770716	0	0	0	0		1	False	0
ecol-SAMN29011448	GP_Isolated_13	Contig:45:10.6286:1560	5	0.0	0.16585570000000005	0.21315400194373968	GP_unb_3	Contig:51:13.6723:5050	5	0.0	0.21375436000000003	0.279411378753512	0	0	0	0		1	False	0
ecol-SAMN29011448	GP_Isolated_13	Contig:45:10.6286:1560	5	0.0	0.16585570000000005	0.21315400194373968	GP_Isolated_16	Contig:52:10.1897:1412	4	0.0	0.13972099999999998	0.19260179944689326	0	0	0	0		1	False	0
ecol-SAMN29011448	GP_Isolated_13	Contig:45:10.6286:1560	5	0.0	0.16585570000000005	0.21315400194373968	GP_1	Contig:53:69.594:41573,Contig:54:138.163:13070,Contig:74:93.7204:97303,Contig:90:108.456:1214,Contig:94:124.302:29731,Contig:98:450.31:1195,Contig:54:138.163:5p:1:1:119,Contig:54:138.163:5p:1:2:369	5	-0.2794663136616158	2.37888319	1.2883451740150935	0	0	0	0		1	False	0
ecol-SAMN29011448	GP_Isolated_13	Contig:45:10.6286:1560	5	0.0	0.16585570000000005	0.21315400194373968	GP_Isolated_17	Contig:55:18.7637:58783	4	0.0	0.27229749999999997	0.3747272394809079	0	0	0	0		1	False	0
ecol-SAMN29011448	GP_Isolated_13	Contig:45:10.6286:1560	5	0.0	0.16585570000000005	0.21315400194373968	GP_Isolated_18	Contig:5:11.5902:3573	4	0.0	0.19903510000000002	0.21995768690662262	0	0	0	0		1	False	0
ecol-SAMN29011448	GP_Isolated_13	Contig:45:10.6286:1560	5	0.0	0.16585570000000005	0.21315400194373968	GP_Isolated_19	Contig:65:18.3126:22016	4	0.0	0.18502799999999997	0.3885813685267616	0	0	0	0		1	False	0
ecol-SAMN29011448	GP_Isolated_13	Contig:45:10.6286:1560	5	0.0	0.16585570000000005	0.21315400194373968	GP_Isolated_20	Contig:67:9.96663:4335	5	0.0	0.2078774	0.20568547800442522	0	0	0	0		1	False	0
ecol-SAMN29011448	GP_Isolated_13	Contig:45:10.6286:1560	5	0.0	0.16585570000000005	0.21315400194373968	GP_Isolated_21	Contig:75:6.41176:1346	5	0.0	0.16754190000000002	0.12709389834240573	0	0	0	0		1	False	0
ecol-SAMN29011448	GP_Isolated_13	Contig:45:10.6286:1560	5	0.0	0.16585570000000005	0.21315400194373968	GP_Isolated_22	Contig:7:7.27287:1310	5	0.0	0.15454124999999996	0.15951225153812967	0	0	0	0		1	False	0
ecol-SAMN29011448	GP_Isolated_13	Contig:45:10.6286:1560	5	0.0	0.16585570000000005	0.21315400194373968	GP_Isolated_23	Contig:81:17.2046:6588	4	0.0	0.15662896999999998	0.35798241255099483	0	0	0	0		1	False	0
ecol-SAMN29011448	GP_Isolated_13	Contig:45:10.6286:1560	5	0.0	0.16585570000000005	0.21315400194373968	GP_Isolated_24	Contig:88:19.2702:31979	4	0.0	0.20090896000000003	0.3982169955288025	0	0	0	0		1	False	0
ecol-SAMN29011448	GP_Isolated_13	Contig:45:10.6286:1560	5	0.0	0.16585570000000005	0.21315400194373968	GP_Isolated_25	Contig:89:18.5684:12610	4	0.0	0.17035960000000006	0.3913106649869126	0	0	0	0		1	False	0
ecol-SAMN29011448	GP_Isolated_13	Contig:45:10.6286:1560	5	0.0	0.16585570000000005	0.21315400194373968	GP_Isolated_26	Contig:92:14.4501:3670	5	0.0	0.19545999999999997	0.26503576642597604	0	0	0	0		1	False	0
ecol-SAMN29011448	GP_Isolated_13	Contig:45:10.6286:1560	5	0.0	0.16585570000000005	0.21315400194373968	GP_Isolated_27	Contig:93:22.3507:12563	4	0.0	0.07894254	0.40905302631366325	0	0	0	0		1	False	0
ecol-SAMN29011448	GP_Isolated_13	Contig:45:10.6286:1560	5	0.0	0.16585570000000005	0.21315400194373968	GP_Isolated_28	Contig:95:6.97497:739	5	0.0	0.08078700000000005	0.1460070984426482	0	0	0	0		1	False	0
ecol-SAMN29011448	GP_Isolated_13	Contig:45:10.6286:1560	5	0.0	0.16585570000000005	0.21315400194373968	GP_Isolated_29	Contig:99:20.0162:23021	4	0.0	0.19715583000000003	0.3918467215733558	0	0	0	0		1	False	0
ecol-SAMN29011448	GP_Isolated_14	Contig:46:22.0957:21412	5	0.0	0.17589056000000003	0.38585277670383206	GP_Isolated_15	Contig:49:7.79121:1476	5	0.0	0.16894895	0.1513753109770716	0	0	0	0		1	False	0
ecol-SAMN29011448	GP_Isolated_14	Contig:46:22.0957:21412	5	0.0	0.17589056000000003	0.38585277670383206	GP_unb_3	Contig:51:13.6723:5050	5	0.0	0.21375436000000003	0.279411378753512	0	0	0	0		1	False	0
ecol-SAMN29011448	GP_Isolated_14	Contig:46:22.0957:21412	5	0.0	0.17589056000000003	0.38585277670383206	GP_Isolated_16	Contig:52:10.1897:1412	4	0.0	0.13972099999999998	0.19260179944689326	0	0	0	0		1	False	0
ecol-SAMN29011448	GP_Isolated_14	Contig:46:22.0957:21412	5	0.0	0.17589056000000003	0.38585277670383206	GP_1	Contig:53:69.594:41573,Contig:54:138.163:13070,Contig:74:93.7204:97303,Contig:90:108.456:1214,Contig:94:124.302:29731,Contig:98:450.31:1195,Contig:54:138.163:5p:1:1:119,Contig:54:138.163:5p:1:2:369	5	-0.2794663136616158	2.37888319	1.2883451740150935	0	0	0	0		1	False	0
ecol-SAMN29011448	GP_Isolated_14	Contig:46:22.0957:21412	5	0.0	0.17589056000000003	0.38585277670383206	GP_Isolated_17	Contig:55:18.7637:58783	4	0.0	0.27229749999999997	0.3747272394809079	0	0	0	0		1	False	0
ecol-SAMN29011448	GP_Isolated_14	Contig:46:22.0957:21412	5	0.0	0.17589056000000003	0.38585277670383206	GP_Isolated_18	Contig:5:11.5902:3573	4	0.0	0.19903510000000002	0.21995768690662262	0	0	0	0		1	False	0
ecol-SAMN29011448	GP_Isolated_14	Contig:46:22.0957:21412	5	0.0	0.17589056000000003	0.38585277670383206	GP_Isolated_19	Contig:65:18.3126:22016	4	0.0	0.18502799999999997	0.3885813685267616	0	0	0	0		1	False	0
ecol-SAMN29011448	GP_Isolated_14	Contig:46:22.0957:21412	5	0.0	0.17589056000000003	0.38585277670383206	GP_Isolated_20	Contig:67:9.96663:4335	5	0.0	0.2078774	0.20568547800442522	0	0	0	0		1	False	0
ecol-SAMN29011448	GP_Isolated_14	Contig:46:22.0957:21412	5	0.0	0.17589056000000003	0.38585277670383206	GP_Isolated_21	Contig:75:6.41176:1346	5	0.0	0.16754190000000002	0.12709389834240573	0	0	0	0		1	False	0
ecol-SAMN29011448	GP_Isolated_14	Contig:46:22.0957:21412	5	0.0	0.17589056000000003	0.38585277670383206	GP_Isolated_22	Contig:7:7.27287:1310	5	0.0	0.15454124999999996	0.15951225153812967	0	0	0	0		1	False	0
ecol-SAMN29011448	GP_Isolated_14	Contig:46:22.0957:21412	5	0.0	0.17589056000000003	0.38585277670383206	GP_Isolated_23	Contig:81:17.2046:6588	4	0.0	0.15662896999999998	0.35798241255099483	0	0	0	0		1	False	0
ecol-SAMN29011448	GP_Isolated_14	Contig:46:22.0957:21412	5	0.0	0.17589056000000003	0.38585277670383206	GP_Isolated_24	Contig:88:19.2702:31979	4	0.0	0.20090896000000003	0.3982169955288025	0	0	0	0		1	False	0
ecol-SAMN29011448	GP_Isolated_14	Contig:46:22.0957:21412	5	0.0	0.17589056000000003	0.38585277670383206	GP_Isolated_25	Contig:89:18.5684:12610	4	0.0	0.17035960000000006	0.3913106649869126	0	0	0	0		1	False	0
ecol-SAMN29011448	GP_Isolated_14	Contig:46:22.0957:21412	5	0.0	0.17589056000000003	0.38585277670383206	GP_Isolated_26	Contig:92:14.4501:3670	5	0.0	0.19545999999999997	0.26503576642597604	0	0	0	0		1	False	0
ecol-SAMN29011448	GP_Isolated_14	Contig:46:22.0957:21412	5	0.0	0.17589056000000003	0.38585277670383206	GP_Isolated_27	Contig:93:22.3507:12563	4	0.0	0.07894254	0.40905302631366325	0	0	0	0		1	False	0
ecol-SAMN29011448	GP_Isolated_14	Contig:46:22.0957:21412	5	0.0	0.17589056000000003	0.38585277670383206	GP_Isolated_28	Contig:95:6.97497:739	5	0.0	0.08078700000000005	0.1460070984426482	0	0	0	0		1	False	0
ecol-SAMN29011448	GP_Isolated_14	Contig:46:22.0957:21412	5	0.0	0.17589056000000003	0.38585277670383206	GP_Isolated_29	Contig:99:20.0162:23021	4	0.0	0.19715583000000003	0.3918467215733558	0	0	0	0		1	False	0
ecol-SAMN29011448	GP_Isolated_15	Contig:49:7.79121:1476	5	0.0	0.16894895	0.1513753109770716	GP_unb_3	Contig:51:13.6723:5050	5	0.0	0.21375436000000003	0.279411378753512	0	0	0	0		1	False	0
ecol-SAMN29011448	GP_Isolated_15	Contig:49:7.79121:1476	5	0.0	0.16894895	0.1513753109770716	GP_Isolated_16	Contig:52:10.1897:1412	4	0.0	0.13972099999999998	0.19260179944689326	0	0	0	0		1	False	0
ecol-SAMN29011448	GP_Isolated_15	Contig:49:7.79121:1476	5	0.0	0.16894895	0.1513753109770716	GP_1	Contig:53:69.594:41573,Contig:54:138.163:13070,Contig:74:93.7204:97303,Contig:90:108.456:1214,Contig:94:124.302:29731,Contig:98:450.31:1195,Contig:54:138.163:5p:1:1:119,Contig:54:138.163:5p:1:2:369	5	-0.2794663136616158	2.37888319	1.2883451740150935	0	0	0	0		1	False	0
ecol-SAMN29011448	GP_Isolated_15	Contig:49:7.79121:1476	5	0.0	0.16894895	0.1513753109770716	GP_Isolated_17	Contig:55:18.7637:58783	4	0.0	0.27229749999999997	0.3747272394809079	0	0	0	0		1	False	0
ecol-SAMN29011448	GP_Isolated_15	Contig:49:7.79121:1476	5	0.0	0.16894895	0.1513753109770716	GP_Isolated_18	Contig:5:11.5902:3573	4	0.0	0.19903510000000002	0.21995768690662262	0	0	0	0		1	False	0
ecol-SAMN29011448	GP_Isolated_15	Contig:49:7.79121:1476	5	0.0	0.16894895	0.1513753109770716	GP_Isolated_19	Contig:65:18.3126:22016	4	0.0	0.18502799999999997	0.3885813685267616	0	0	0	0		1	False	0
ecol-SAMN29011448	GP_Isolated_15	Contig:49:7.79121:1476	5	0.0	0.16894895	0.1513753109770716	GP_Isolated_20	Contig:67:9.96663:4335	5	0.0	0.2078774	0.20568547800442522	0	0	0	0		1	False	0
ecol-SAMN29011448	GP_Isolated_15	Contig:49:7.79121:1476	5	0.0	0.16894895	0.1513753109770716	GP_Isolated_21	Contig:75:6.41176:1346	5	0.0	0.16754190000000002	0.12709389834240573	0	0	0	0		1	False	0
ecol-SAMN29011448	GP_Isolated_15	Contig:49:7.79121:1476	5	0.0	0.16894895	0.1513753109770716	GP_Isolated_22	Contig:7:7.27287:1310	5	0.0	0.15454124999999996	0.15951225153812967	0	0	0	0		1	False	0
ecol-SAMN29011448	GP_Isolated_15	Contig:49:7.79121:1476	5	0.0	0.16894895	0.1513753109770716	GP_Isolated_23	Contig:81:17.2046:6588	4	0.0	0.15662896999999998	0.35798241255099483	0	0	0	0		1	False	0
ecol-SAMN29011448	GP_Isolated_15	Contig:49:7.79121:1476	5	0.0	0.16894895	0.1513753109770716	GP_Isolated_24	Contig:88:19.2702:31979	4	0.0	0.20090896000000003	0.3982169955288025	0	0	0	0		1	False	0
ecol-SAMN29011448	GP_Isolated_15	Contig:49:7.79121:1476	5	0.0	0.16894895	0.1513753109770716	GP_Isolated_25	Contig:89:18.5684:12610	4	0.0	0.17035960000000006	0.3913106649869126	0	0	0	0		1	False	0
ecol-SAMN29011448	GP_Isolated_15	Contig:49:7.79121:1476	5	0.0	0.16894895	0.1513753109770716	GP_Isolated_26	Contig:92:14.4501:3670	5	0.0	0.19545999999999997	0.26503576642597604	0	0	0	0		1	False	0
ecol-SAMN29011448	GP_Isolated_15	Contig:49:7.79121:1476	5	0.0	0.16894895	0.1513753109770716	GP_Isolated_27	Contig:93:22.3507:12563	4	0.0	0.07894254	0.40905302631366325	0	0	0	0		1	False	0
ecol-SAMN29011448	GP_Isolated_15	Contig:49:7.79121:1476	5	0.0	0.16894895	0.1513753109770716	GP_Isolated_28	Contig:95:6.97497:739	5	0.0	0.08078700000000005	0.1460070984426482	0	0	0	0		1	False	0
ecol-SAMN29011448	GP_Isolated_15	Contig:49:7.79121:1476	5	0.0	0.16894895	0.1513753109770716	GP_Isolated_29	Contig:99:20.0162:23021	4	0.0	0.19715583000000003	0.3918467215733558	0	0	0	0		1	False	0
ecol-SAMN29011448	GP_unb_3	Contig:51:13.6723:5050	5	0.0	0.21375436000000003	0.279411378753512	GP_Isolated_16	Contig:52:10.1897:1412	4	0.0	0.13972099999999998	0.19260179944689326	0	0	0	0		1	False	0
ecol-SAMN29011448	GP_unb_3	Contig:51:13.6723:5050	5	0.0	0.21375436000000003	0.279411378753512	GP_1	Contig:53:69.594:41573,Contig:54:138.163:13070,Contig:74:93.7204:97303,Contig:90:108.456:1214,Contig:94:124.302:29731,Contig:98:450.31:1195,Contig:54:138.163:5p:1:1:119,Contig:54:138.163:5p:1:2:369	5	-0.2794663136616158	2.37888319	1.2883451740150935	5	-0.42798314827091033	2.34290757	0.2794113787531387	Contig:19:76.7354:176744,Contig:50:136.55:707,Contig:12:14.2775:3p:1:3:351,Contig:12:14.2775:3p:1:13:146	0	False	0
ecol-SAMN29011448	GP_unb_3	Contig:51:13.6723:5050	5	0.0	0.21375436000000003	0.279411378753512	GP_Isolated_17	Contig:55:18.7637:58783	4	0.0	0.27229749999999997	0.3747272394809079	0	0	0	0		1	False	0
ecol-SAMN29011448	GP_unb_3	Contig:51:13.6723:5050	5	0.0	0.21375436000000003	0.279411378753512	GP_Isolated_18	Contig:5:11.5902:3573	4	0.0	0.19903510000000002	0.21995768690662262	0	0	0	0		1	False	0
ecol-SAMN29011448	GP_unb_3	Contig:51:13.6723:5050	5	0.0	0.21375436000000003	0.279411378753512	GP_Isolated_19	Contig:65:18.3126:22016	4	0.0	0.18502799999999997	0.3885813685267616	0	0	0	0		1	False	0
ecol-SAMN29011448	GP_unb_3	Contig:51:13.6723:5050	5	0.0	0.21375436000000003	0.279411378753512	GP_Isolated_20	Contig:67:9.96663:4335	5	0.0	0.2078774	0.20568547800442522	0	0	0	0		1	False	0
ecol-SAMN29011448	GP_unb_3	Contig:51:13.6723:5050	5	0.0	0.21375436000000003	0.279411378753512	GP_Isolated_21	Contig:75:6.41176:1346	5	0.0	0.16754190000000002	0.12709389834240573	0	0	0	0		1	False	0
ecol-SAMN29011448	GP_unb_3	Contig:51:13.6723:5050	5	0.0	0.21375436000000003	0.279411378753512	GP_Isolated_22	Contig:7:7.27287:1310	5	0.0	0.15454124999999996	0.15951225153812967	0	0	0	0		1	False	0
ecol-SAMN29011448	GP_unb_3	Contig:51:13.6723:5050	5	0.0	0.21375436000000003	0.279411378753512	GP_Isolated_23	Contig:81:17.2046:6588	4	0.0	0.15662896999999998	0.35798241255099483	0	0	0	0		1	False	0
ecol-SAMN29011448	GP_unb_3	Contig:51:13.6723:5050	5	0.0	0.21375436000000003	0.279411378753512	GP_Isolated_24	Contig:88:19.2702:31979	4	0.0	0.20090896000000003	0.3982169955288025	0	0	0	0		1	False	0
ecol-SAMN29011448	GP_unb_3	Contig:51:13.6723:5050	5	0.0	0.21375436000000003	0.279411378753512	GP_Isolated_25	Contig:89:18.5684:12610	4	0.0	0.17035960000000006	0.3913106649869126	0	0	0	0		1	False	0
ecol-SAMN29011448	GP_unb_3	Contig:51:13.6723:5050	5	0.0	0.21375436000000003	0.279411378753512	GP_Isolated_26	Contig:92:14.4501:3670	5	0.0	0.19545999999999997	0.26503576642597604	0	0	0	0		1	False	0
ecol-SAMN29011448	GP_unb_3	Contig:51:13.6723:5050	5	0.0	0.21375436000000003	0.279411378753512	GP_Isolated_27	Contig:93:22.3507:12563	4	0.0	0.07894254	0.40905302631366325	0	0	0	0		1	False	0
ecol-SAMN29011448	GP_unb_3	Contig:51:13.6723:5050	5	0.0	0.21375436000000003	0.279411378753512	GP_Isolated_28	Contig:95:6.97497:739	5	0.0	0.08078700000000005	0.1460070984426482	0	0	0	0		1	False	0
ecol-SAMN29011448	GP_unb_3	Contig:51:13.6723:5050	5	0.0	0.21375436000000003	0.279411378753512	GP_Isolated_29	Contig:99:20.0162:23021	4	0.0	0.19715583000000003	0.3918467215733558	0	0	0	0		1	False	0
ecol-SAMN29011448	GP_Isolated_16	Contig:52:10.1897:1412	4	0.0	0.13972099999999998	0.19260179944689326	GP_1	Contig:53:69.594:41573,Contig:54:138.163:13070,Contig:74:93.7204:97303,Contig:90:108.456:1214,Contig:94:124.302:29731,Contig:98:450.31:1195,Contig:54:138.163:5p:1:1:119,Contig:54:138.163:5p:1:2:369	5	-0.2794663136616158	2.37888319	1.2883451740150935	0	0	0	0		1	False	0
ecol-SAMN29011448	GP_Isolated_16	Contig:52:10.1897:1412	4	0.0	0.13972099999999998	0.19260179944689326	GP_Isolated_17	Contig:55:18.7637:58783	4	0.0	0.27229749999999997	0.3747272394809079	0	0	0	0		1	False	0
ecol-SAMN29011448	GP_Isolated_16	Contig:52:10.1897:1412	4	0.0	0.13972099999999998	0.19260179944689326	GP_Isolated_18	Contig:5:11.5902:3573	4	0.0	0.19903510000000002	0.21995768690662262	0	0	0	0		1	False	0
ecol-SAMN29011448	GP_Isolated_16	Contig:52:10.1897:1412	4	0.0	0.13972099999999998	0.19260179944689326	GP_Isolated_19	Contig:65:18.3126:22016	4	0.0	0.18502799999999997	0.3885813685267616	0	0	0	0		1	False	0
ecol-SAMN29011448	GP_Isolated_16	Contig:52:10.1897:1412	4	0.0	0.13972099999999998	0.19260179944689326	GP_Isolated_20	Contig:67:9.96663:4335	5	0.0	0.2078774	0.20568547800442522	0	0	0	0		1	False	0
ecol-SAMN29011448	GP_Isolated_16	Contig:52:10.1897:1412	4	0.0	0.13972099999999998	0.19260179944689326	GP_Isolated_21	Contig:75:6.41176:1346	5	0.0	0.16754190000000002	0.12709389834240573	0	0	0	0		1	False	0
ecol-SAMN29011448	GP_Isolated_16	Contig:52:10.1897:1412	4	0.0	0.13972099999999998	0.19260179944689326	GP_Isolated_22	Contig:7:7.27287:1310	5	0.0	0.15454124999999996	0.15951225153812967	0	0	0	0		1	False	0
ecol-SAMN29011448	GP_Isolated_16	Contig:52:10.1897:1412	4	0.0	0.13972099999999998	0.19260179944689326	GP_Isolated_23	Contig:81:17.2046:6588	4	0.0	0.15662896999999998	0.35798241255099483	0	0	0	0		1	False	0
ecol-SAMN29011448	GP_Isolated_16	Contig:52:10.1897:1412	4	0.0	0.13972099999999998	0.19260179944689326	GP_Isolated_24	Contig:88:19.2702:31979	4	0.0	0.20090896000000003	0.3982169955288025	0	0	0	0		1	False	0
ecol-SAMN29011448	GP_Isolated_16	Contig:52:10.1897:1412	4	0.0	0.13972099999999998	0.19260179944689326	GP_Isolated_25	Contig:89:18.5684:12610	4	0.0	0.17035960000000006	0.3913106649869126	0	0	0	0		1	False	0
ecol-SAMN29011448	GP_Isolated_16	Contig:52:10.1897:1412	4	0.0	0.13972099999999998	0.19260179944689326	GP_Isolated_26	Contig:92:14.4501:3670	5	0.0	0.19545999999999997	0.26503576642597604	0	0	0	0		1	False	0
ecol-SAMN29011448	GP_Isolated_16	Contig:52:10.1897:1412	4	0.0	0.13972099999999998	0.19260179944689326	GP_Isolated_27	Contig:93:22.3507:12563	4	0.0	0.07894254	0.40905302631366325	0	0	0	0		1	False	0
ecol-SAMN29011448	GP_Isolated_16	Contig:52:10.1897:1412	4	0.0	0.13972099999999998	0.19260179944689326	GP_Isolated_28	Contig:95:6.97497:739	5	0.0	0.08078700000000005	0.1460070984426482	0	0	0	0		1	False	0
ecol-SAMN29011448	GP_Isolated_16	Contig:52:10.1897:1412	4	0.0	0.13972099999999998	0.19260179944689326	GP_Isolated_29	Contig:99:20.0162:23021	4	0.0	0.19715583000000003	0.3918467215733558	0	0	0	0		1	False	0
ecol-SAMN29011448	GP_1	Contig:53:69.594:41573,Contig:54:138.163:13070,Contig:74:93.7204:97303,Contig:90:108.456:1214,Contig:94:124.302:29731,Contig:98:450.31:1195,Contig:54:138.163:5p:1:1:119,Contig:54:138.163:5p:1:2:369	5	-0.2794663136616158	2.37888319	1.2883451740150935	GP_Isolated_17	Contig:55:18.7637:58783	4	0.0	0.27229749999999997	0.3747272394809079	0	0	0	0		1	False	0
ecol-SAMN29011448	GP_1	Contig:53:69.594:41573,Contig:54:138.163:13070,Contig:74:93.7204:97303,Contig:90:108.456:1214,Contig:94:124.302:29731,Contig:98:450.31:1195,Contig:54:138.163:5p:1:1:119,Contig:54:138.163:5p:1:2:369	5	-0.2794663136616158	2.37888319	1.2883451740150935	GP_Isolated_18	Contig:5:11.5902:3573	4	0.0	0.19903510000000002	0.21995768690662262	0	0	0	0		1	False	0
ecol-SAMN29011448	GP_1	Contig:53:69.594:41573,Contig:54:138.163:13070,Contig:74:93.7204:97303,Contig:90:108.456:1214,Contig:94:124.302:29731,Contig:98:450.31:1195,Contig:54:138.163:5p:1:1:119,Contig:54:138.163:5p:1:2:369	5	-0.2794663136616158	2.37888319	1.2883451740150935	GP_Isolated_19	Contig:65:18.3126:22016	4	0.0	0.18502799999999997	0.3885813685267616	0	0	0	0		1	False	0
ecol-SAMN29011448	GP_1	Contig:53:69.594:41573,Contig:54:138.163:13070,Contig:74:93.7204:97303,Contig:90:108.456:1214,Contig:94:124.302:29731,Contig:98:450.31:1195,Contig:54:138.163:5p:1:1:119,Contig:54:138.163:5p:1:2:369	5	-0.2794663136616158	2.37888319	1.2883451740150935	GP_Isolated_20	Contig:67:9.96663:4335	5	0.0	0.2078774	0.20568547800442522	0	0	0	0		1	False	0
ecol-SAMN29011448	GP_1	Contig:53:69.594:41573,Contig:54:138.163:13070,Contig:74:93.7204:97303,Contig:90:108.456:1214,Contig:94:124.302:29731,Contig:98:450.31:1195,Contig:54:138.163:5p:1:1:119,Contig:54:138.163:5p:1:2:369	5	-0.2794663136616158	2.37888319	1.2883451740150935	GP_Isolated_21	Contig:75:6.41176:1346	5	0.0	0.16754190000000002	0.12709389834240573	0	0	0	0		1	False	0
ecol-SAMN29011448	GP_1	Contig:53:69.594:41573,Contig:54:138.163:13070,Contig:74:93.7204:97303,Contig:90:108.456:1214,Contig:94:124.302:29731,Contig:98:450.31:1195,Contig:54:138.163:5p:1:1:119,Contig:54:138.163:5p:1:2:369	5	-0.2794663136616158	2.37888319	1.2883451740150935	GP_Isolated_22	Contig:7:7.27287:1310	5	0.0	0.15454124999999996	0.15951225153812967	0	0	0	0		1	False	0
ecol-SAMN29011448	GP_1	Contig:53:69.594:41573,Contig:54:138.163:13070,Contig:74:93.7204:97303,Contig:90:108.456:1214,Contig:94:124.302:29731,Contig:98:450.31:1195,Contig:54:138.163:5p:1:1:119,Contig:54:138.163:5p:1:2:369	5	-0.2794663136616158	2.37888319	1.2883451740150935	GP_Isolated_23	Contig:81:17.2046:6588	4	0.0	0.15662896999999998	0.35798241255099483	0	0	0	0		1	False	0
ecol-SAMN29011448	GP_1	Contig:53:69.594:41573,Contig:54:138.163:13070,Contig:74:93.7204:97303,Contig:90:108.456:1214,Contig:94:124.302:29731,Contig:98:450.31:1195,Contig:54:138.163:5p:1:1:119,Contig:54:138.163:5p:1:2:369	5	-0.2794663136616158	2.37888319	1.2883451740150935	GP_Isolated_24	Contig:88:19.2702:31979	4	0.0	0.20090896000000003	0.3982169955288025	0	0	0	0		1	False	0
ecol-SAMN29011448	GP_1	Contig:53:69.594:41573,Contig:54:138.163:13070,Contig:74:93.7204:97303,Contig:90:108.456:1214,Contig:94:124.302:29731,Contig:98:450.31:1195,Contig:54:138.163:5p:1:1:119,Contig:54:138.163:5p:1:2:369	5	-0.2794663136616158	2.37888319	1.2883451740150935	GP_Isolated_25	Contig:89:18.5684:12610	4	0.0	0.17035960000000006	0.3913106649869126	0	0	0	0		1	False	0
ecol-SAMN29011448	GP_1	Contig:53:69.594:41573,Contig:54:138.163:13070,Contig:74:93.7204:97303,Contig:90:108.456:1214,Contig:94:124.302:29731,Contig:98:450.31:1195,Contig:54:138.163:5p:1:1:119,Contig:54:138.163:5p:1:2:369	5	-0.2794663136616158	2.37888319	1.2883451740150935	GP_Isolated_26	Contig:92:14.4501:3670	5	0.0	0.19545999999999997	0.26503576642597604	0	0	0	0		1	False	0
ecol-SAMN29011448	GP_1	Contig:53:69.594:41573,Contig:54:138.163:13070,Contig:74:93.7204:97303,Contig:90:108.456:1214,Contig:94:124.302:29731,Contig:98:450.31:1195,Contig:54:138.163:5p:1:1:119,Contig:54:138.163:5p:1:2:369	5	-0.2794663136616158	2.37888319	1.2883451740150935	GP_Isolated_27	Contig:93:22.3507:12563	4	0.0	0.07894254	0.40905302631366325	0	0	0	0		1	False	0
ecol-SAMN29011448	GP_1	Contig:53:69.594:41573,Contig:54:138.163:13070,Contig:74:93.7204:97303,Contig:90:108.456:1214,Contig:94:124.302:29731,Contig:98:450.31:1195,Contig:54:138.163:5p:1:1:119,Contig:54:138.163:5p:1:2:369	5	-0.2794663136616158	2.37888319	1.2883451740150935	GP_Isolated_28	Contig:95:6.97497:739	5	0.0	0.08078700000000005	0.1460070984426482	0	0	0	0		1	False	0
ecol-SAMN29011448	GP_1	Contig:53:69.594:41573,Contig:54:138.163:13070,Contig:74:93.7204:97303,Contig:90:108.456:1214,Contig:94:124.302:29731,Contig:98:450.31:1195,Contig:54:138.163:5p:1:1:119,Contig:54:138.163:5p:1:2:369	5	-0.2794663136616158	2.37888319	1.2883451740150935	GP_Isolated_29	Contig:99:20.0162:23021	4	0.0	0.19715583000000003	0.3918467215733558	0	0	0	0		1	False	0
ecol-SAMN29011448	GP_Isolated_17	Contig:55:18.7637:58783	4	0.0	0.27229749999999997	0.3747272394809079	GP_Isolated_18	Contig:5:11.5902:3573	4	0.0	0.19903510000000002	0.21995768690662262	0	0	0	0		1	False	0
ecol-SAMN29011448	GP_Isolated_17	Contig:55:18.7637:58783	4	0.0	0.27229749999999997	0.3747272394809079	GP_Isolated_19	Contig:65:18.3126:22016	4	0.0	0.18502799999999997	0.3885813685267616	0	0	0	0		1	False	0
ecol-SAMN29011448	GP_Isolated_17	Contig:55:18.7637:58783	4	0.0	0.27229749999999997	0.3747272394809079	GP_Isolated_20	Contig:67:9.96663:4335	5	0.0	0.2078774	0.20568547800442522	0	0	0	0		1	False	0
ecol-SAMN29011448	GP_Isolated_17	Contig:55:18.7637:58783	4	0.0	0.27229749999999997	0.3747272394809079	GP_Isolated_21	Contig:75:6.41176:1346	5	0.0	0.16754190000000002	0.12709389834240573	0	0	0	0		1	False	0
ecol-SAMN29011448	GP_Isolated_17	Contig:55:18.7637:58783	4	0.0	0.27229749999999997	0.3747272394809079	GP_Isolated_22	Contig:7:7.27287:1310	5	0.0	0.15454124999999996	0.15951225153812967	0	0	0	0		1	False	0
ecol-SAMN29011448	GP_Isolated_17	Contig:55:18.7637:58783	4	0.0	0.27229749999999997	0.3747272394809079	GP_Isolated_23	Contig:81:17.2046:6588	4	0.0	0.15662896999999998	0.35798241255099483	0	0	0	0		1	False	0
ecol-SAMN29011448	GP_Isolated_17	Contig:55:18.7637:58783	4	0.0	0.27229749999999997	0.3747272394809079	GP_Isolated_24	Contig:88:19.2702:31979	4	0.0	0.20090896000000003	0.3982169955288025	0	0	0	0		1	False	0
ecol-SAMN29011448	GP_Isolated_17	Contig:55:18.7637:58783	4	0.0	0.27229749999999997	0.3747272394809079	GP_Isolated_25	Contig:89:18.5684:12610	4	0.0	0.17035960000000006	0.3913106649869126	0	0	0	0		1	False	0
ecol-SAMN29011448	GP_Isolated_17	Contig:55:18.7637:58783	4	0.0	0.27229749999999997	0.3747272394809079	GP_Isolated_26	Contig:92:14.4501:3670	5	0.0	0.19545999999999997	0.26503576642597604	0	0	0	0		1	False	0
ecol-SAMN29011448	GP_Isolated_17	Contig:55:18.7637:58783	4	0.0	0.27229749999999997	0.3747272394809079	GP_Isolated_27	Contig:93:22.3507:12563	4	0.0	0.07894254	0.40905302631366325	0	0	0	0		1	False	0
ecol-SAMN29011448	GP_Isolated_17	Contig:55:18.7637:58783	4	0.0	0.27229749999999997	0.3747272394809079	GP_Isolated_28	Contig:95:6.97497:739	5	0.0	0.08078700000000005	0.1460070984426482	0	0	0	0		1	False	0
ecol-SAMN29011448	GP_Isolated_17	Contig:55:18.7637:58783	4	0.0	0.27229749999999997	0.3747272394809079	GP_Isolated_29	Contig:99:20.0162:23021	4	0.0	0.19715583000000003	0.3918467215733558	0	0	0	0		1	False	0
ecol-SAMN29011448	GP_Isolated_18	Contig:5:11.5902:3573	4	0.0	0.19903510000000002	0.21995768690662262	GP_Isolated_19	Contig:65:18.3126:22016	4	0.0	0.18502799999999997	0.3885813685267616	0	0	0	0		1	False	0
ecol-SAMN29011448	GP_Isolated_18	Contig:5:11.5902:3573	4	0.0	0.19903510000000002	0.21995768690662262	GP_Isolated_20	Contig:67:9.96663:4335	5	0.0	0.2078774	0.20568547800442522	0	0	0	0		1	False	0
ecol-SAMN29011448	GP_Isolated_18	Contig:5:11.5902:3573	4	0.0	0.19903510000000002	0.21995768690662262	GP_Isolated_21	Contig:75:6.41176:1346	5	0.0	0.16754190000000002	0.12709389834240573	0	0	0	0		1	False	0
ecol-SAMN29011448	GP_Isolated_18	Contig:5:11.5902:3573	4	0.0	0.19903510000000002	0.21995768690662262	GP_Isolated_22	Contig:7:7.27287:1310	5	0.0	0.15454124999999996	0.15951225153812967	0	0	0	0		1	False	0
ecol-SAMN29011448	GP_Isolated_18	Contig:5:11.5902:3573	4	0.0	0.19903510000000002	0.21995768690662262	GP_Isolated_23	Contig:81:17.2046:6588	4	0.0	0.15662896999999998	0.35798241255099483	0	0	0	0		1	False	0
ecol-SAMN29011448	GP_Isolated_18	Contig:5:11.5902:3573	4	0.0	0.19903510000000002	0.21995768690662262	GP_Isolated_24	Contig:88:19.2702:31979	4	0.0	0.20090896000000003	0.3982169955288025	0	0	0	0		1	False	0
ecol-SAMN29011448	GP_Isolated_18	Contig:5:11.5902:3573	4	0.0	0.19903510000000002	0.21995768690662262	GP_Isolated_25	Contig:89:18.5684:12610	4	0.0	0.17035960000000006	0.3913106649869126	0	0	0	0		1	False	0
ecol-SAMN29011448	GP_Isolated_18	Contig:5:11.5902:3573	4	0.0	0.19903510000000002	0.21995768690662262	GP_Isolated_26	Contig:92:14.4501:3670	5	0.0	0.19545999999999997	0.26503576642597604	0	0	0	0		1	False	0
ecol-SAMN29011448	GP_Isolated_18	Contig:5:11.5902:3573	4	0.0	0.19903510000000002	0.21995768690662262	GP_Isolated_27	Contig:93:22.3507:12563	4	0.0	0.07894254	0.40905302631366325	0	0	0	0		1	False	0
ecol-SAMN29011448	GP_Isolated_18	Contig:5:11.5902:3573	4	0.0	0.19903510000000002	0.21995768690662262	GP_Isolated_28	Contig:95:6.97497:739	5	0.0	0.08078700000000005	0.1460070984426482	0	0	0	0		1	False	0
ecol-SAMN29011448	GP_Isolated_18	Contig:5:11.5902:3573	4	0.0	0.19903510000000002	0.21995768690662262	GP_Isolated_29	Contig:99:20.0162:23021	4	0.0	0.19715583000000003	0.3918467215733558	0	0	0	0		1	False	0
ecol-SAMN29011448	GP_Isolated_19	Contig:65:18.3126:22016	4	0.0	0.18502799999999997	0.3885813685267616	GP_Isolated_20	Contig:67:9.96663:4335	5	0.0	0.2078774	0.20568547800442522	0	0	0	0		1	False	0
ecol-SAMN29011448	GP_Isolated_19	Contig:65:18.3126:22016	4	0.0	0.18502799999999997	0.3885813685267616	GP_Isolated_21	Contig:75:6.41176:1346	5	0.0	0.16754190000000002	0.12709389834240573	0	0	0	0		1	False	0
ecol-SAMN29011448	GP_Isolated_19	Contig:65:18.3126:22016	4	0.0	0.18502799999999997	0.3885813685267616	GP_Isolated_22	Contig:7:7.27287:1310	5	0.0	0.15454124999999996	0.15951225153812967	0	0	0	0		1	False	0
ecol-SAMN29011448	GP_Isolated_19	Contig:65:18.3126:22016	4	0.0	0.18502799999999997	0.3885813685267616	GP_Isolated_23	Contig:81:17.2046:6588	4	0.0	0.15662896999999998	0.35798241255099483	0	0	0	0		1	False	0
ecol-SAMN29011448	GP_Isolated_19	Contig:65:18.3126:22016	4	0.0	0.18502799999999997	0.3885813685267616	GP_Isolated_24	Contig:88:19.2702:31979	4	0.0	0.20090896000000003	0.3982169955288025	0	0	0	0		1	False	0
ecol-SAMN29011448	GP_Isolated_19	Contig:65:18.3126:22016	4	0.0	0.18502799999999997	0.3885813685267616	GP_Isolated_25	Contig:89:18.5684:12610	4	0.0	0.17035960000000006	0.3913106649869126	0	0	0	0		1	False	0
ecol-SAMN29011448	GP_Isolated_19	Contig:65:18.3126:22016	4	0.0	0.18502799999999997	0.3885813685267616	GP_Isolated_26	Contig:92:14.4501:3670	5	0.0	0.19545999999999997	0.26503576642597604	0	0	0	0		1	False	0
ecol-SAMN29011448	GP_Isolated_19	Contig:65:18.3126:22016	4	0.0	0.18502799999999997	0.3885813685267616	GP_Isolated_27	Contig:93:22.3507:12563	4	0.0	0.07894254	0.40905302631366325	0	0	0	0		1	False	0
ecol-SAMN29011448	GP_Isolated_19	Contig:65:18.3126:22016	4	0.0	0.18502799999999997	0.3885813685267616	GP_Isolated_28	Contig:95:6.97497:739	5	0.0	0.08078700000000005	0.1460070984426482	0	0	0	0		1	False	0
ecol-SAMN29011448	GP_Isolated_19	Contig:65:18.3126:22016	4	0.0	0.18502799999999997	0.3885813685267616	GP_Isolated_29	Contig:99:20.0162:23021	4	0.0	0.19715583000000003	0.3918467215733558	0	0	0	0		1	False	0
ecol-SAMN29011448	GP_Isolated_20	Contig:67:9.96663:4335	5	0.0	0.2078774	0.20568547800442522	GP_Isolated_21	Contig:75:6.41176:1346	5	0.0	0.16754190000000002	0.12709389834240573	0	0	0	0		1	False	0
ecol-SAMN29011448	GP_Isolated_20	Contig:67:9.96663:4335	5	0.0	0.2078774	0.20568547800442522	GP_Isolated_22	Contig:7:7.27287:1310	5	0.0	0.15454124999999996	0.15951225153812967	0	0	0	0		1	False	0
ecol-SAMN29011448	GP_Isolated_20	Contig:67:9.96663:4335	5	0.0	0.2078774	0.20568547800442522	GP_Isolated_23	Contig:81:17.2046:6588	4	0.0	0.15662896999999998	0.35798241255099483	0	0	0	0		1	False	0
ecol-SAMN29011448	GP_Isolated_20	Contig:67:9.96663:4335	5	0.0	0.2078774	0.20568547800442522	GP_Isolated_24	Contig:88:19.2702:31979	4	0.0	0.20090896000000003	0.3982169955288025	0	0	0	0		1	False	0
ecol-SAMN29011448	GP_Isolated_20	Contig:67:9.96663:4335	5	0.0	0.2078774	0.20568547800442522	GP_Isolated_25	Contig:89:18.5684:12610	4	0.0	0.17035960000000006	0.3913106649869126	0	0	0	0		1	False	0
ecol-SAMN29011448	GP_Isolated_20	Contig:67:9.96663:4335	5	0.0	0.2078774	0.20568547800442522	GP_Isolated_26	Contig:92:14.4501:3670	5	0.0	0.19545999999999997	0.26503576642597604	0	0	0	0		1	False	0
ecol-SAMN29011448	GP_Isolated_20	Contig:67:9.96663:4335	5	0.0	0.2078774	0.20568547800442522	GP_Isolated_27	Contig:93:22.3507:12563	4	0.0	0.07894254	0.40905302631366325	0	0	0	0		1	False	0
ecol-SAMN29011448	GP_Isolated_20	Contig:67:9.96663:4335	5	0.0	0.2078774	0.20568547800442522	GP_Isolated_28	Contig:95:6.97497:739	5	0.0	0.08078700000000005	0.1460070984426482	0	0	0	0		1	False	0
ecol-SAMN29011448	GP_Isolated_20	Contig:67:9.96663:4335	5	0.0	0.2078774	0.20568547800442522	GP_Isolated_29	Contig:99:20.0162:23021	4	0.0	0.19715583000000003	0.3918467215733558	0	0	0	0		1	False	0
ecol-SAMN29011448	GP_Isolated_21	Contig:75:6.41176:1346	5	0.0	0.16754190000000002	0.12709389834240573	GP_Isolated_22	Contig:7:7.27287:1310	5	0.0	0.15454124999999996	0.15951225153812967	0	0	0	0		1	False	0
ecol-SAMN29011448	GP_Isolated_21	Contig:75:6.41176:1346	5	0.0	0.16754190000000002	0.12709389834240573	GP_Isolated_23	Contig:81:17.2046:6588	4	0.0	0.15662896999999998	0.35798241255099483	0	0	0	0		1	False	0
ecol-SAMN29011448	GP_Isolated_21	Contig:75:6.41176:1346	5	0.0	0.16754190000000002	0.12709389834240573	GP_Isolated_24	Contig:88:19.2702:31979	4	0.0	0.20090896000000003	0.3982169955288025	0	0	0	0		1	False	0
ecol-SAMN29011448	GP_Isolated_21	Contig:75:6.41176:1346	5	0.0	0.16754190000000002	0.12709389834240573	GP_Isolated_25	Contig:89:18.5684:12610	4	0.0	0.17035960000000006	0.3913106649869126	0	0	0	0		1	False	0
ecol-SAMN29011448	GP_Isolated_21	Contig:75:6.41176:1346	5	0.0	0.16754190000000002	0.12709389834240573	GP_Isolated_26	Contig:92:14.4501:3670	5	0.0	0.19545999999999997	0.26503576642597604	0	0	0	0		1	False	0
ecol-SAMN29011448	GP_Isolated_21	Contig:75:6.41176:1346	5	0.0	0.16754190000000002	0.12709389834240573	GP_Isolated_27	Contig:93:22.3507:12563	4	0.0	0.07894254	0.40905302631366325	0	0	0	0		1	False	0
ecol-SAMN29011448	GP_Isolated_21	Contig:75:6.41176:1346	5	0.0	0.16754190000000002	0.12709389834240573	GP_Isolated_28	Contig:95:6.97497:739	5	0.0	0.08078700000000005	0.1460070984426482	0	0	0	0		1	False	0
ecol-SAMN29011448	GP_Isolated_21	Contig:75:6.41176:1346	5	0.0	0.16754190000000002	0.12709389834240573	GP_Isolated_29	Contig:99:20.0162:23021	4	0.0	0.19715583000000003	0.3918467215733558	0	0	0	0		1	False	0
ecol-SAMN29011448	GP_Isolated_22	Contig:7:7.27287:1310	5	0.0	0.15454124999999996	0.15951225153812967	GP_Isolated_23	Contig:81:17.2046:6588	4	0.0	0.15662896999999998	0.35798241255099483	0	0	0	0		1	False	0
ecol-SAMN29011448	GP_Isolated_22	Contig:7:7.27287:1310	5	0.0	0.15454124999999996	0.15951225153812967	GP_Isolated_24	Contig:88:19.2702:31979	4	0.0	0.20090896000000003	0.3982169955288025	0	0	0	0		1	False	0
ecol-SAMN29011448	GP_Isolated_22	Contig:7:7.27287:1310	5	0.0	0.15454124999999996	0.15951225153812967	GP_Isolated_25	Contig:89:18.5684:12610	4	0.0	0.17035960000000006	0.3913106649869126	0	0	0	0		1	False	0
ecol-SAMN29011448	GP_Isolated_22	Contig:7:7.27287:1310	5	0.0	0.15454124999999996	0.15951225153812967	GP_Isolated_26	Contig:92:14.4501:3670	5	0.0	0.19545999999999997	0.26503576642597604	0	0	0	0		1	False	0
ecol-SAMN29011448	GP_Isolated_22	Contig:7:7.27287:1310	5	0.0	0.15454124999999996	0.15951225153812967	GP_Isolated_27	Contig:93:22.3507:12563	4	0.0	0.07894254	0.40905302631366325	0	0	0	0		1	False	0
ecol-SAMN29011448	GP_Isolated_22	Contig:7:7.27287:1310	5	0.0	0.15454124999999996	0.15951225153812967	GP_Isolated_28	Contig:95:6.97497:739	5	0.0	0.08078700000000005	0.1460070984426482	0	0	0	0		1	False	0
ecol-SAMN29011448	GP_Isolated_22	Contig:7:7.27287:1310	5	0.0	0.15454124999999996	0.15951225153812967	GP_Isolated_29	Contig:99:20.0162:23021	4	0.0	0.19715583000000003	0.3918467215733558	0	0	0	0		1	False	0
ecol-SAMN29011448	GP_Isolated_23	Contig:81:17.2046:6588	4	0.0	0.15662896999999998	0.35798241255099483	GP_Isolated_24	Contig:88:19.2702:31979	4	0.0	0.20090896000000003	0.3982169955288025	0	0	0	0		1	False	0
ecol-SAMN29011448	GP_Isolated_23	Contig:81:17.2046:6588	4	0.0	0.15662896999999998	0.35798241255099483	GP_Isolated_25	Contig:89:18.5684:12610	4	0.0	0.17035960000000006	0.3913106649869126	0	0	0	0		1	False	0
ecol-SAMN29011448	GP_Isolated_23	Contig:81:17.2046:6588	4	0.0	0.15662896999999998	0.35798241255099483	GP_Isolated_26	Contig:92:14.4501:3670	5	0.0	0.19545999999999997	0.26503576642597604	0	0	0	0		1	False	0
ecol-SAMN29011448	GP_Isolated_23	Contig:81:17.2046:6588	4	0.0	0.15662896999999998	0.35798241255099483	GP_Isolated_27	Contig:93:22.3507:12563	4	0.0	0.07894254	0.40905302631366325	0	0	0	0		1	False	0
ecol-SAMN29011448	GP_Isolated_23	Contig:81:17.2046:6588	4	0.0	0.15662896999999998	0.35798241255099483	GP_Isolated_28	Contig:95:6.97497:739	5	0.0	0.08078700000000005	0.1460070984426482	0	0	0	0		1	False	0
ecol-SAMN29011448	GP_Isolated_23	Contig:81:17.2046:6588	4	0.0	0.15662896999999998	0.35798241255099483	GP_Isolated_29	Contig:99:20.0162:23021	4	0.0	0.19715583000000003	0.3918467215733558	0	0	0	0		1	False	0
ecol-SAMN29011448	GP_Isolated_24	Contig:88:19.2702:31979	4	0.0	0.20090896000000003	0.3982169955288025	GP_Isolated_25	Contig:89:18.5684:12610	4	0.0	0.17035960000000006	0.3913106649869126	0	0	0	0		1	False	0
ecol-SAMN29011448	GP_Isolated_24	Contig:88:19.2702:31979	4	0.0	0.20090896000000003	0.3982169955288025	GP_Isolated_26	Contig:92:14.4501:3670	5	0.0	0.19545999999999997	0.26503576642597604	0	0	0	0		1	False	0
ecol-SAMN29011448	GP_Isolated_24	Contig:88:19.2702:31979	4	0.0	0.20090896000000003	0.3982169955288025	GP_Isolated_27	Contig:93:22.3507:12563	4	0.0	0.07894254	0.40905302631366325	0	0	0	0		1	False	0
ecol-SAMN29011448	GP_Isolated_24	Contig:88:19.2702:31979	4	0.0	0.20090896000000003	0.3982169955288025	GP_Isolated_28	Contig:95:6.97497:739	5	0.0	0.08078700000000005	0.1460070984426482	0	0	0	0		1	False	0
ecol-SAMN29011448	GP_Isolated_24	Contig:88:19.2702:31979	4	0.0	0.20090896000000003	0.3982169955288025	GP_Isolated_29	Contig:99:20.0162:23021	4	0.0	0.19715583000000003	0.3918467215733558	0	0	0	0		1	False	0
ecol-SAMN29011448	GP_Isolated_25	Contig:89:18.5684:12610	4	0.0	0.17035960000000006	0.3913106649869126	GP_Isolated_26	Contig:92:14.4501:3670	5	0.0	0.19545999999999997	0.26503576642597604	0	0	0	0		1	False	0
ecol-SAMN29011448	GP_Isolated_25	Contig:89:18.5684:12610	4	0.0	0.17035960000000006	0.3913106649869126	GP_Isolated_27	Contig:93:22.3507:12563	4	0.0	0.07894254	0.40905302631366325	0	0	0	0		1	False	0
ecol-SAMN29011448	GP_Isolated_25	Contig:89:18.5684:12610	4	0.0	0.17035960000000006	0.3913106649869126	GP_Isolated_28	Contig:95:6.97497:739	5	0.0	0.08078700000000005	0.1460070984426482	0	0	0	0		1	False	0
ecol-SAMN29011448	GP_Isolated_25	Contig:89:18.5684:12610	4	0.0	0.17035960000000006	0.3913106649869126	GP_Isolated_29	Contig:99:20.0162:23021	4	0.0	0.19715583000000003	0.3918467215733558	0	0	0	0		1	False	0
ecol-SAMN29011448	GP_Isolated_26	Contig:92:14.4501:3670	5	0.0	0.19545999999999997	0.26503576642597604	GP_Isolated_27	Contig:93:22.3507:12563	4	0.0	0.07894254	0.40905302631366325	0	0	0	0		1	False	0
ecol-SAMN29011448	GP_Isolated_26	Contig:92:14.4501:3670	5	0.0	0.19545999999999997	0.26503576642597604	GP_Isolated_28	Contig:95:6.97497:739	5	0.0	0.08078700000000005	0.1460070984426482	0	0	0	0		1	False	0
ecol-SAMN29011448	GP_Isolated_26	Contig:92:14.4501:3670	5	0.0	0.19545999999999997	0.26503576642597604	GP_Isolated_29	Contig:99:20.0162:23021	4	0.0	0.19715583000000003	0.3918467215733558	0	0	0	0		1	False	0
ecol-SAMN29011448	GP_Isolated_27	Contig:93:22.3507:12563	4	0.0	0.07894254	0.40905302631366325	GP_Isolated_28	Contig:95:6.97497:739	5	0.0	0.08078700000000005	0.1460070984426482	0	0	0	0		1	False	0
ecol-SAMN29011448	GP_Isolated_27	Contig:93:22.3507:12563	4	0.0	0.07894254	0.40905302631366325	GP_Isolated_29	Contig:99:20.0162:23021	4	0.0	0.19715583000000003	0.3918467215733558	0	0	0	0		1	False	0
ecol-SAMN29011448	GP_Isolated_28	Contig:95:6.97497:739	5	0.0	0.08078700000000005	0.1460070984426482	GP_Isolated_29	Contig:99:20.0162:23021	4	0.0	0.19715583000000003	0.3918467215733558	0	0	0	0		1	False	0