SAMPLE	BIN1	BIN1_CONTIGS	BIN1_GC_BIN	BIN1_GC	BIN1_GD	BIN1_RD	BIN2	BIN2_CONTIGS	BIN2_GC_BIN	BIN2_GC	BIN2_GD	BIN2_RD	MERGE_GC_BIN	MERGE_GC	MERGE_GD	MERGE_RD	MERGE_PATH	MILP_INFEASIBLE	BINS_OVERLAP	IS_SUBSET
ecol-SAMN37529175	GP_0	32:34124,34:18420,36:15703,38:12502,40:11651,42:10487,43:10423,44:9759,45:7931,46:7506,47:7425,50:4844,52:4764,53:3942,54:3539,55:2920,56:2743,57:2455,61:2144,63:1617,65:1345,66:1318,68:1063,69:1018,70:810,71:777,72:758,77:630,78:629,79:614,86:396,101:274,102:272,105:265,110:250,116:208,126:169,131:160,136:139,140:134,141:134,146:128,161:111	5	-1.9774806393706241	12.66915657178118	0.29050451778177994	GP_1	48:6222,76:680,80:581,114:214,137:136	5	-0.013438820167838567	-0.048809701482970314	0.7465977866536737	0	0	0	0		1	False	0
ecol-SAMN37529175	GP_0	32:34124,34:18420,36:15703,38:12502,40:11651,42:10487,43:10423,44:9759,45:7931,46:7506,47:7425,50:4844,52:4764,53:3942,54:3539,55:2920,56:2743,57:2455,61:2144,63:1617,65:1345,66:1318,68:1063,69:1018,70:810,71:777,72:758,77:630,78:629,79:614,86:396,101:274,102:272,105:265,110:250,116:208,126:169,131:160,136:139,140:134,141:134,146:128,161:111	5	-1.9774806393706241	12.66915657178118	0.29050451778177994	GP_2	60:2213	4	0.0	0.4372044352140484	19.144436694972562	0	0	0	0		1	False	0
ecol-SAMN37529175	GP_0	32:34124,34:18420,36:15703,38:12502,40:11651,42:10487,43:10423,44:9759,45:7931,46:7506,47:7425,50:4844,52:4764,53:3942,54:3539,55:2920,56:2743,57:2455,61:2144,63:1617,65:1345,66:1318,68:1063,69:1018,70:810,71:777,72:758,77:630,78:629,79:614,86:396,101:274,102:272,105:265,110:250,116:208,126:169,131:160,136:139,140:134,141:134,146:128,161:111	5	-1.9774806393706241	12.66915657178118	0.29050451778177994	GP_3	64:1459	4	0.0	0.4082024651817996	23.179669863876228	0	0	0	0		1	False	0
ecol-SAMN37529175	GP_0	32:34124,34:18420,36:15703,38:12502,40:11651,42:10487,43:10423,44:9759,45:7931,46:7506,47:7425,50:4844,52:4764,53:3942,54:3539,55:2920,56:2743,57:2455,61:2144,63:1617,65:1345,66:1318,68:1063,69:1018,70:810,71:777,72:758,77:630,78:629,79:614,86:396,101:274,102:272,105:265,110:250,116:208,126:169,131:160,136:139,140:134,141:134,146:128,161:111	5	-1.9774806393706241	12.66915657178118	0.29050451778177994	GP_unb_1	83:421	5	0.0	0.44262416739552923	0.7220599918972391	0	0	0	0		1	False	0
ecol-SAMN37529175	GP_0	32:34124,34:18420,36:15703,38:12502,40:11651,42:10487,43:10423,44:9759,45:7931,46:7506,47:7425,50:4844,52:4764,53:3942,54:3539,55:2920,56:2743,57:2455,61:2144,63:1617,65:1345,66:1318,68:1063,69:1018,70:810,71:777,72:758,77:630,78:629,79:614,86:396,101:274,102:272,105:265,110:250,116:208,126:169,131:160,136:139,140:134,141:134,146:128,161:111	5	-1.9774806393706241	12.66915657178118	0.29050451778177994	GP_unb_2	84:421	5	0.0	0.4846463575816954	0.646204089745486	0	0	0	0		1	False	0
ecol-SAMN37529175	GP_0	32:34124,34:18420,36:15703,38:12502,40:11651,42:10487,43:10423,44:9759,45:7931,46:7506,47:7425,50:4844,52:4764,53:3942,54:3539,55:2920,56:2743,57:2455,61:2144,63:1617,65:1345,66:1318,68:1063,69:1018,70:810,71:777,72:758,77:630,78:629,79:614,86:396,101:274,102:272,105:265,110:250,116:208,126:169,131:160,136:139,140:134,141:134,146:128,161:111	5	-1.9774806393706241	12.66915657178118	0.29050451778177994	GP_unb_3	85:398	4	0.0	0.33322273605755615	1.7604790918941553	4	-2.166629870992766	12.856252439141008	0.2905045177813008	10:148329,58:2437,74:702,88:377,123:182,138:136,139:135	0	False	0
ecol-SAMN37529175	GP_0	32:34124,34:18420,36:15703,38:12502,40:11651,42:10487,43:10423,44:9759,45:7931,46:7506,47:7425,50:4844,52:4764,53:3942,54:3539,55:2920,56:2743,57:2455,61:2144,63:1617,65:1345,66:1318,68:1063,69:1018,70:810,71:777,72:758,77:630,78:629,79:614,86:396,101:274,102:272,105:265,110:250,116:208,126:169,131:160,136:139,140:134,141:134,146:128,161:111	5	-1.9774806393706241	12.66915657178118	0.29050451778177994	GP_unb_4	89:374	5	0.0	0.443005994431384	1.224237003253466	5	-1.9774806393706241	12.618888598121977	0.2905045177813008	135:144	0	False	0
ecol-SAMN37529175	GP_0	32:34124,34:18420,36:15703,38:12502,40:11651,42:10487,43:10423,44:9759,45:7931,46:7506,47:7425,50:4844,52:4764,53:3942,54:3539,55:2920,56:2743,57:2455,61:2144,63:1617,65:1345,66:1318,68:1063,69:1018,70:810,71:777,72:758,77:630,78:629,79:614,86:396,101:274,102:272,105:265,110:250,116:208,126:169,131:160,136:139,140:134,141:134,146:128,161:111	5	-1.9774806393706241	12.66915657178118	0.29050451778177994	GP_unb_5	90:374	5	0.0	0.43551216296406603	0.7655756950563196	5	-1.9774806393706241	12.611394766654659	0.2905045177813008	135:144	0	False	0
ecol-SAMN37529175	GP_0	32:34124,34:18420,36:15703,38:12502,40:11651,42:10487,43:10423,44:9759,45:7931,46:7506,47:7425,50:4844,52:4764,53:3942,54:3539,55:2920,56:2743,57:2455,61:2144,63:1617,65:1345,66:1318,68:1063,69:1018,70:810,71:777,72:758,77:630,78:629,79:614,86:396,101:274,102:272,105:265,110:250,116:208,126:169,131:160,136:139,140:134,141:134,146:128,161:111	5	-1.9774806393706241	12.66915657178118	0.29050451778177994	GP_unb_6	91:373	5	0.0	0.17339635409487275	0.9754269094178105	5	-2.1514844212705575	11.275546059875314	0.2905045177813008	16:91515,82:510,87:395,92:373,115:213,118:201,125:176,134:144,143:131,144:131,162:102	0	False	0
ecol-SAMN37529175	GP_0	32:34124,34:18420,36:15703,38:12502,40:11651,42:10487,43:10423,44:9759,45:7931,46:7506,47:7425,50:4844,52:4764,53:3942,54:3539,55:2920,56:2743,57:2455,61:2144,63:1617,65:1345,66:1318,68:1063,69:1018,70:810,71:777,72:758,77:630,78:629,79:614,86:396,101:274,102:272,105:265,110:250,116:208,126:169,131:160,136:139,140:134,141:134,146:128,161:111	5	-1.9774806393706241	12.66915657178118	0.29050451778177994	GP_unb_7	93:358	5	0.0	0.48529580799236516	0.9644228468208529	5	-1.9774806393706241	13.154452379773545	0.2905045177813008		0	False	0
ecol-SAMN37529175	GP_0	32:34124,34:18420,36:15703,38:12502,40:11651,42:10487,43:10423,44:9759,45:7931,46:7506,47:7425,50:4844,52:4764,53:3942,54:3539,55:2920,56:2743,57:2455,61:2144,63:1617,65:1345,66:1318,68:1063,69:1018,70:810,71:777,72:758,77:630,78:629,79:614,86:396,101:274,102:272,105:265,110:250,116:208,126:169,131:160,136:139,140:134,141:134,146:128,161:111	5	-1.9774806393706241	12.66915657178118	0.29050451778177994	GP_unb_8	98:289	4	0.0	0.2560057986188964	0.7654574987839675	4	-2.00645322901347	12.925162370400077	0.2905045177813008		0	False	0
ecol-SAMN37529175	GP_0	32:34124,34:18420,36:15703,38:12502,40:11651,42:10487,43:10423,44:9759,45:7931,46:7506,47:7425,50:4844,52:4764,53:3942,54:3539,55:2920,56:2743,57:2455,61:2144,63:1617,65:1345,66:1318,68:1063,69:1018,70:810,71:777,72:758,77:630,78:629,79:614,86:396,101:274,102:272,105:265,110:250,116:208,126:169,131:160,136:139,140:134,141:134,146:128,161:111	5	-1.9774806393706241	12.66915657178118	0.29050451778177994	GP_unb_9	104:265	5	0.0	0.1624736528291617	0.8717104573545303	5	-2.099164593447395	13.00498390831148	0.2905045177813008	10:148329,21:74936,73:713,74:702,123:182,139:135	0	False	0
ecol-SAMN37529175	GP_0	32:34124,34:18420,36:15703,38:12502,40:11651,42:10487,43:10423,44:9759,45:7931,46:7506,47:7425,50:4844,52:4764,53:3942,54:3539,55:2920,56:2743,57:2455,61:2144,63:1617,65:1345,66:1318,68:1063,69:1018,70:810,71:777,72:758,77:630,78:629,79:614,86:396,101:274,102:272,105:265,110:250,116:208,126:169,131:160,136:139,140:134,141:134,146:128,161:111	5	-1.9774806393706241	12.66915657178118	0.29050451778177994	GP_unb_10	106:265	5	0.0	0.25043627558397363	0.8217426465500159	5	-2.099164593447395	13.092946531066293	0.2905045177813008	10:148329,21:74936,73:713,74:702,123:182,139:135	0	False	0
ecol-SAMN37529175	GP_0	32:34124,34:18420,36:15703,38:12502,40:11651,42:10487,43:10423,44:9759,45:7931,46:7506,47:7425,50:4844,52:4764,53:3942,54:3539,55:2920,56:2743,57:2455,61:2144,63:1617,65:1345,66:1318,68:1063,69:1018,70:810,71:777,72:758,77:630,78:629,79:614,86:396,101:274,102:272,105:265,110:250,116:208,126:169,131:160,136:139,140:134,141:134,146:128,161:111	5	-1.9774806393706241	12.66915657178118	0.29050451778177994	GP_unb_11	108:259	5	0.0	0.49113953403187105	0.5585578763489654	5	-2.1514844212705575	11.593289239812313	0.2905045177813008	16:91515,82:510,87:395,92:373,115:213,118:201,125:176,134:144,143:131,144:131,162:102	0	False	0
ecol-SAMN37529175	GP_0	32:34124,34:18420,36:15703,38:12502,40:11651,42:10487,43:10423,44:9759,45:7931,46:7506,47:7425,50:4844,52:4764,53:3942,54:3539,55:2920,56:2743,57:2455,61:2144,63:1617,65:1345,66:1318,68:1063,69:1018,70:810,71:777,72:758,77:630,78:629,79:614,86:396,101:274,102:272,105:265,110:250,116:208,126:169,131:160,136:139,140:134,141:134,146:128,161:111	5	-1.9774806393706241	12.66915657178118	0.29050451778177994	GP_unb_12	109:259	5	0.0	0.4903343965596616	0.6115168504875393	5	-2.1514844212705575	11.592484102340103	0.2905045177813008	16:91515,82:510,87:395,92:373,115:213,118:201,125:176,134:144,143:131,144:131,162:102	0	False	0
ecol-SAMN37529175	GP_0	32:34124,34:18420,36:15703,38:12502,40:11651,42:10487,43:10423,44:9759,45:7931,46:7506,47:7425,50:4844,52:4764,53:3942,54:3539,55:2920,56:2743,57:2455,61:2144,63:1617,65:1345,66:1318,68:1063,69:1018,70:810,71:777,72:758,77:630,78:629,79:614,86:396,101:274,102:272,105:265,110:250,116:208,126:169,131:160,136:139,140:134,141:134,146:128,161:111	5	-1.9774806393706241	12.66915657178118	0.29050451778177994	GP_unb_13	111:230	5	0.0	0.222712997954171	1.5502601327764423	4	-2.1298466218346754	11.718961601137265	0.2905045177813008	25:65533,117:202,147:127,156:113	0	False	0
ecol-SAMN37529175	GP_0	32:34124,34:18420,36:15703,38:12502,40:11651,42:10487,43:10423,44:9759,45:7931,46:7506,47:7425,50:4844,52:4764,53:3942,54:3539,55:2920,56:2743,57:2455,61:2144,63:1617,65:1345,66:1318,68:1063,69:1018,70:810,71:777,72:758,77:630,78:629,79:614,86:396,101:274,102:272,105:265,110:250,116:208,126:169,131:160,136:139,140:134,141:134,146:128,161:111	5	-1.9774806393706241	12.66915657178118	0.29050451778177994	GP_unb_14	113:217	5	0.0	0.14980828056124418	0.5807437621067334	5	-2.1514844212705575	11.663580740833666	0.2905045177813008	16:91515,82:510,87:395,115:213,118:201,134:144,162:102	0	False	0
ecol-SAMN37529175	GP_0	32:34124,34:18420,36:15703,38:12502,40:11651,42:10487,43:10423,44:9759,45:7931,46:7506,47:7425,50:4844,52:4764,53:3942,54:3539,55:2920,56:2743,57:2455,61:2144,63:1617,65:1345,66:1318,68:1063,69:1018,70:810,71:777,72:758,77:630,78:629,79:614,86:396,101:274,102:272,105:265,110:250,116:208,126:169,131:160,136:139,140:134,141:134,146:128,161:111	5	-1.9774806393706241	12.66915657178118	0.29050451778177994	GP_unb_15	129:160	5	0.0	0.4512299663050604	0.7237145325300218	0	0	0	0		1	False	0
ecol-SAMN37529175	GP_0	32:34124,34:18420,36:15703,38:12502,40:11651,42:10487,43:10423,44:9759,45:7931,46:7506,47:7425,50:4844,52:4764,53:3942,54:3539,55:2920,56:2743,57:2455,61:2144,63:1617,65:1345,66:1318,68:1063,69:1018,70:810,71:777,72:758,77:630,78:629,79:614,86:396,101:274,102:272,105:265,110:250,116:208,126:169,131:160,136:139,140:134,141:134,146:128,161:111	5	-1.9774806393706241	12.66915657178118	0.29050451778177994	GP_unb_16	130:160	5	0.0	0.09430305574846876	0.6962026668014365	0	0	0	0		1	False	0
ecol-SAMN37529175	GP_0	32:34124,34:18420,36:15703,38:12502,40:11651,42:10487,43:10423,44:9759,45:7931,46:7506,47:7425,50:4844,52:4764,53:3942,54:3539,55:2920,56:2743,57:2455,61:2144,63:1617,65:1345,66:1318,68:1063,69:1018,70:810,71:777,72:758,77:630,78:629,79:614,86:396,101:274,102:272,105:265,110:250,116:208,126:169,131:160,136:139,140:134,141:134,146:128,161:111	5	-1.9774806393706241	12.66915657178118	0.29050451778177994	GP_unb_17	148:120	5	0.0	0.4866024642755672	0.5952585958397819	5	-1.9774806393706241	13.530409825479623	0.2905045177813008	120:191	0	False	0
ecol-SAMN37529175	GP_0	32:34124,34:18420,36:15703,38:12502,40:11651,42:10487,43:10423,44:9759,45:7931,46:7506,47:7425,50:4844,52:4764,53:3942,54:3539,55:2920,56:2743,57:2455,61:2144,63:1617,65:1345,66:1318,68:1063,69:1018,70:810,71:777,72:758,77:630,78:629,79:614,86:396,101:274,102:272,105:265,110:250,116:208,126:169,131:160,136:139,140:134,141:134,146:128,161:111	5	-1.9774806393706241	12.66915657178118	0.29050451778177994	GP_unb_18	150:115	4	0.0	0.4376526581665672	4.860144739351594	5	-2.0229626934056064	13.57952928352661	0.2905045177813008	122:188	0	False	0
ecol-SAMN37529175	GP_0	32:34124,34:18420,36:15703,38:12502,40:11651,42:10487,43:10423,44:9759,45:7931,46:7506,47:7425,50:4844,52:4764,53:3942,54:3539,55:2920,56:2743,57:2455,61:2144,63:1617,65:1345,66:1318,68:1063,69:1018,70:810,71:777,72:758,77:630,78:629,79:614,86:396,101:274,102:272,105:265,110:250,116:208,126:169,131:160,136:139,140:134,141:134,146:128,161:111	5	-1.9774806393706241	12.66915657178118	0.29050451778177994	GP_unb_19	153:115	4	0.0	0.18728760763739005	5.458855992296977	5	-2.0229626934056064	13.329164232997433	0.2905045177813008	122:188	0	False	0
ecol-SAMN37529175	GP_0	32:34124,34:18420,36:15703,38:12502,40:11651,42:10487,43:10423,44:9759,45:7931,46:7506,47:7425,50:4844,52:4764,53:3942,54:3539,55:2920,56:2743,57:2455,61:2144,63:1617,65:1345,66:1318,68:1063,69:1018,70:810,71:777,72:758,77:630,78:629,79:614,86:396,101:274,102:272,105:265,110:250,116:208,126:169,131:160,136:139,140:134,141:134,146:128,161:111	5	-1.9774806393706241	12.66915657178118	0.29050451778177994	GP_unb_20	154:114	5	0.0	0.495703558220037	0.3744731385899791	5	-2.0365272164067045	13.30057685622457	0.2905045177813008	95:333,132:153,152:115	0	False	0
ecol-SAMN37529175	GP_0	32:34124,34:18420,36:15703,38:12502,40:11651,42:10487,43:10423,44:9759,45:7931,46:7506,47:7425,50:4844,52:4764,53:3942,54:3539,55:2920,56:2743,57:2455,61:2144,63:1617,65:1345,66:1318,68:1063,69:1018,70:810,71:777,72:758,77:630,78:629,79:614,86:396,101:274,102:272,105:265,110:250,116:208,126:169,131:160,136:139,140:134,141:134,146:128,161:111	5	-1.9774806393706241	12.66915657178118	0.29050451778177994	GP_unb_21	155:114	5	0.0	0.4998707558740636	0.4154640409199327	5	-2.0365272164067045	13.304744053878597	0.2905045177813008	95:333,132:153,152:115	0	False	0
ecol-SAMN37529175	GP_0	32:34124,34:18420,36:15703,38:12502,40:11651,42:10487,43:10423,44:9759,45:7931,46:7506,47:7425,50:4844,52:4764,53:3942,54:3539,55:2920,56:2743,57:2455,61:2144,63:1617,65:1345,66:1318,68:1063,69:1018,70:810,71:777,72:758,77:630,78:629,79:614,86:396,101:274,102:272,105:265,110:250,116:208,126:169,131:160,136:139,140:134,141:134,146:128,161:111	5	-1.9774806393706241	12.66915657178118	0.29050451778177994	GP_unb_22	158:112	4	0.0	0.4318248084245706	0.8071320955902777	5	-2.076832066722493	13.288028626355155	0.2905045177813008	112:227,120:191,127:164,128:162,149:120	0	False	0
ecol-SAMN37529175	GP_1	48:6222,76:680,80:581,114:214,137:136	5	-0.013438820167838567	-0.048809701482970314	0.7465977866536737	GP_2	60:2213	4	0.0	0.4372044352140484	19.144436694972562	0	0	0	0		1	False	0
ecol-SAMN37529175	GP_1	48:6222,76:680,80:581,114:214,137:136	5	-0.013438820167838567	-0.048809701482970314	0.7465977866536737	GP_3	64:1459	4	0.0	0.4082024651817996	23.179669863876228	0	0	0	0		1	False	0
ecol-SAMN37529175	GP_1	48:6222,76:680,80:581,114:214,137:136	5	-0.013438820167838567	-0.048809701482970314	0.7465977866536737	GP_unb_1	83:421	5	0.0	0.44262416739552923	0.7220599918972391	5	-0.013438820167838567	0.3938144659125589	0.7220599918964581		0	False	0
ecol-SAMN37529175	GP_1	48:6222,76:680,80:581,114:214,137:136	5	-0.013438820167838567	-0.048809701482970314	0.7465977866536737	GP_unb_2	84:421	5	0.0	0.4846463575816954	0.646204089745486	5	-0.013438820167838567	0.4358366560987251	0.6462040897458792		0	False	0
ecol-SAMN37529175	GP_1	48:6222,76:680,80:581,114:214,137:136	5	-0.013438820167838567	-0.048809701482970314	0.7465977866536737	GP_unb_3	85:398	4	0.0	0.33322273605755615	1.7604790918941553	0	0	0	0		1	False	0
ecol-SAMN37529175	GP_1	48:6222,76:680,80:581,114:214,137:136	5	-0.013438820167838567	-0.048809701482970314	0.7465977866536737	GP_unb_4	89:374	5	0.0	0.443005994431384	1.224237003253466	0	0	0	0		1	False	0
ecol-SAMN37529175	GP_1	48:6222,76:680,80:581,114:214,137:136	5	-0.013438820167838567	-0.048809701482970314	0.7465977866536737	GP_unb_5	90:374	5	0.0	0.43551216296406603	0.7655756950563196	0	0	0	0		1	False	0
ecol-SAMN37529175	GP_1	48:6222,76:680,80:581,114:214,137:136	5	-0.013438820167838567	-0.048809701482970314	0.7465977866536737	GP_unb_6	91:373	5	0.0	0.17339635409487275	0.9754269094178105	0	0	0	0		1	False	0
ecol-SAMN37529175	GP_1	48:6222,76:680,80:581,114:214,137:136	5	-0.013438820167838567	-0.048809701482970314	0.7465977866536737	GP_unb_7	93:358	5	0.0	0.48529580799236516	0.9644228468208529	0	0	0	0		1	False	0
ecol-SAMN37529175	GP_1	48:6222,76:680,80:581,114:214,137:136	5	-0.013438820167838567	-0.048809701482970314	0.7465977866536737	GP_unb_8	98:289	4	0.0	0.2560057986188964	0.7654574987839675	0	0	0	0		1	False	0
ecol-SAMN37529175	GP_1	48:6222,76:680,80:581,114:214,137:136	5	-0.013438820167838567	-0.048809701482970314	0.7465977866536737	GP_unb_9	104:265	5	0.0	0.1624736528291617	0.8717104573545303	5	-0.013438820167838567	0.1136639513461914	0.7465977866540925		0	False	0
ecol-SAMN37529175	GP_1	48:6222,76:680,80:581,114:214,137:136	5	-0.013438820167838567	-0.048809701482970314	0.7465977866536737	GP_unb_10	106:265	5	0.0	0.25043627558397363	0.8217426465500159	5	-0.013438820167838567	0.20162657410100332	0.7465977866540925		0	False	0
ecol-SAMN37529175	GP_1	48:6222,76:680,80:581,114:214,137:136	5	-0.013438820167838567	-0.048809701482970314	0.7465977866536737	GP_unb_11	108:259	5	0.0	0.49113953403187105	0.5585578763489654	0	0	0	0		1	False	0
ecol-SAMN37529175	GP_1	48:6222,76:680,80:581,114:214,137:136	5	-0.013438820167838567	-0.048809701482970314	0.7465977866536737	GP_unb_12	109:259	5	0.0	0.4903343965596616	0.6115168504875393	0	0	0	0		1	False	0
ecol-SAMN37529175	GP_1	48:6222,76:680,80:581,114:214,137:136	5	-0.013438820167838567	-0.048809701482970314	0.7465977866536737	GP_unb_13	111:230	5	0.0	0.222712997954171	1.5502601327764423	5	-0.013438820167838567	0.17390329647120067	0.7465977866540925		0	False	0
ecol-SAMN37529175	GP_1	48:6222,76:680,80:581,114:214,137:136	5	-0.013438820167838567	-0.048809701482970314	0.7465977866536737	GP_unb_14	113:217	5	0.0	0.14980828056124418	0.5807437621067334	0	0	0	0		1	False	0
ecol-SAMN37529175	GP_1	48:6222,76:680,80:581,114:214,137:136	5	-0.013438820167838567	-0.048809701482970314	0.7465977866536737	GP_unb_15	129:160	5	0.0	0.4512299663050604	0.7237145325300218	5	-0.013438820167838567	0.4024202648220901	0.723714532530721		0	False	0
ecol-SAMN37529175	GP_1	48:6222,76:680,80:581,114:214,137:136	5	-0.013438820167838567	-0.048809701482970314	0.7465977866536737	GP_unb_16	130:160	5	0.0	0.09430305574846876	0.6962026668014365	5	-0.013438820167838567	0.04549335426549844	0.6962026668006729		0	False	0
ecol-SAMN37529175	GP_1	48:6222,76:680,80:581,114:214,137:136	5	-0.013438820167838567	-0.048809701482970314	0.7465977866536737	GP_unb_17	148:120	5	0.0	0.4866024642755672	0.5952585958397819	0	0	0	0		1	False	0
ecol-SAMN37529175	GP_1	48:6222,76:680,80:581,114:214,137:136	5	-0.013438820167838567	-0.048809701482970314	0.7465977866536737	GP_unb_18	150:115	4	0.0	0.4376526581665672	4.860144739351594	0	0	0	0		1	False	0
ecol-SAMN37529175	GP_1	48:6222,76:680,80:581,114:214,137:136	5	-0.013438820167838567	-0.048809701482970314	0.7465977866536737	GP_unb_19	153:115	4	0.0	0.18728760763739005	5.458855992296977	0	0	0	0		1	False	0
ecol-SAMN37529175	GP_1	48:6222,76:680,80:581,114:214,137:136	5	-0.013438820167838567	-0.048809701482970314	0.7465977866536737	GP_unb_20	154:114	5	0.0	0.495703558220037	0.3744731385899791	0	0	0	0		1	False	0
ecol-SAMN37529175	GP_1	48:6222,76:680,80:581,114:214,137:136	5	-0.013438820167838567	-0.048809701482970314	0.7465977866536737	GP_unb_21	155:114	5	0.0	0.4998707558740636	0.4154640409199327	0	0	0	0		1	False	0
ecol-SAMN37529175	GP_1	48:6222,76:680,80:581,114:214,137:136	5	-0.013438820167838567	-0.048809701482970314	0.7465977866536737	GP_unb_22	158:112	4	0.0	0.4318248084245706	0.8071320955902777	0	0	0	0		1	False	0
ecol-SAMN37529175	GP_2	60:2213	4	0.0	0.4372044352140484	19.144436694972562	GP_3	64:1459	4	0.0	0.4082024651817996	23.179669863876228	0	0	0	0		1	False	0
ecol-SAMN37529175	GP_2	60:2213	4	0.0	0.4372044352140484	19.144436694972562	GP_unb_1	83:421	5	0.0	0.44262416739552923	0.7220599918972391	0	0	0	0		1	False	0
ecol-SAMN37529175	GP_2	60:2213	4	0.0	0.4372044352140484	19.144436694972562	GP_unb_2	84:421	5	0.0	0.4846463575816954	0.646204089745486	0	0	0	0		1	False	0
ecol-SAMN37529175	GP_2	60:2213	4	0.0	0.4372044352140484	19.144436694972562	GP_unb_3	85:398	4	0.0	0.33322273605755615	1.7604790918941553	0	0	0	0		1	False	0
ecol-SAMN37529175	GP_2	60:2213	4	0.0	0.4372044352140484	19.144436694972562	GP_unb_4	89:374	5	0.0	0.443005994431384	1.224237003253466	0	0	0	0		1	False	0
ecol-SAMN37529175	GP_2	60:2213	4	0.0	0.4372044352140484	19.144436694972562	GP_unb_5	90:374	5	0.0	0.43551216296406603	0.7655756950563196	0	0	0	0		1	False	0
ecol-SAMN37529175	GP_2	60:2213	4	0.0	0.4372044352140484	19.144436694972562	GP_unb_6	91:373	5	0.0	0.17339635409487275	0.9754269094178105	0	0	0	0		1	False	0
ecol-SAMN37529175	GP_2	60:2213	4	0.0	0.4372044352140484	19.144436694972562	GP_unb_7	93:358	5	0.0	0.48529580799236516	0.9644228468208529	0	0	0	0		1	False	0
ecol-SAMN37529175	GP_2	60:2213	4	0.0	0.4372044352140484	19.144436694972562	GP_unb_8	98:289	4	0.0	0.2560057986188964	0.7654574987839675	0	0	0	0		1	False	0
ecol-SAMN37529175	GP_2	60:2213	4	0.0	0.4372044352140484	19.144436694972562	GP_unb_9	104:265	5	0.0	0.1624736528291617	0.8717104573545303	0	0	0	0		1	False	0
ecol-SAMN37529175	GP_2	60:2213	4	0.0	0.4372044352140484	19.144436694972562	GP_unb_10	106:265	5	0.0	0.25043627558397363	0.8217426465500159	0	0	0	0		1	False	0
ecol-SAMN37529175	GP_2	60:2213	4	0.0	0.4372044352140484	19.144436694972562	GP_unb_11	108:259	5	0.0	0.49113953403187105	0.5585578763489654	0	0	0	0		1	False	0
ecol-SAMN37529175	GP_2	60:2213	4	0.0	0.4372044352140484	19.144436694972562	GP_unb_12	109:259	5	0.0	0.4903343965596616	0.6115168504875393	0	0	0	0		1	False	0
ecol-SAMN37529175	GP_2	60:2213	4	0.0	0.4372044352140484	19.144436694972562	GP_unb_13	111:230	5	0.0	0.222712997954171	1.5502601327764423	0	0	0	0		1	False	0
ecol-SAMN37529175	GP_2	60:2213	4	0.0	0.4372044352140484	19.144436694972562	GP_unb_14	113:217	5	0.0	0.14980828056124418	0.5807437621067334	0	0	0	0		1	False	0
ecol-SAMN37529175	GP_2	60:2213	4	0.0	0.4372044352140484	19.144436694972562	GP_unb_15	129:160	5	0.0	0.4512299663050604	0.7237145325300218	0	0	0	0		1	False	0
ecol-SAMN37529175	GP_2	60:2213	4	0.0	0.4372044352140484	19.144436694972562	GP_unb_16	130:160	5	0.0	0.09430305574846876	0.6962026668014365	0	0	0	0		1	False	0
ecol-SAMN37529175	GP_2	60:2213	4	0.0	0.4372044352140484	19.144436694972562	GP_unb_17	148:120	5	0.0	0.4866024642755672	0.5952585958397819	0	0	0	0		1	False	0
ecol-SAMN37529175	GP_2	60:2213	4	0.0	0.4372044352140484	19.144436694972562	GP_unb_18	150:115	4	0.0	0.4376526581665672	4.860144739351594	0	0	0	0		1	False	0
ecol-SAMN37529175	GP_2	60:2213	4	0.0	0.4372044352140484	19.144436694972562	GP_unb_19	153:115	4	0.0	0.18728760763739005	5.458855992296977	0	0	0	0		1	False	0
ecol-SAMN37529175	GP_2	60:2213	4	0.0	0.4372044352140484	19.144436694972562	GP_unb_20	154:114	5	0.0	0.495703558220037	0.3744731385899791	0	0	0	0		1	False	0
ecol-SAMN37529175	GP_2	60:2213	4	0.0	0.4372044352140484	19.144436694972562	GP_unb_21	155:114	5	0.0	0.4998707558740636	0.4154640409199327	0	0	0	0		1	False	0
ecol-SAMN37529175	GP_2	60:2213	4	0.0	0.4372044352140484	19.144436694972562	GP_unb_22	158:112	4	0.0	0.4318248084245706	0.8071320955902777	0	0	0	0		1	False	0
ecol-SAMN37529175	GP_3	64:1459	4	0.0	0.4082024651817996	23.179669863876228	GP_unb_1	83:421	5	0.0	0.44262416739552923	0.7220599918972391	0	0	0	0		1	False	0
ecol-SAMN37529175	GP_3	64:1459	4	0.0	0.4082024651817996	23.179669863876228	GP_unb_2	84:421	5	0.0	0.4846463575816954	0.646204089745486	0	0	0	0		1	False	0
ecol-SAMN37529175	GP_3	64:1459	4	0.0	0.4082024651817996	23.179669863876228	GP_unb_3	85:398	4	0.0	0.33322273605755615	1.7604790918941553	0	0	0	0		1	False	0
ecol-SAMN37529175	GP_3	64:1459	4	0.0	0.4082024651817996	23.179669863876228	GP_unb_4	89:374	5	0.0	0.443005994431384	1.224237003253466	0	0	0	0		1	False	0
ecol-SAMN37529175	GP_3	64:1459	4	0.0	0.4082024651817996	23.179669863876228	GP_unb_5	90:374	5	0.0	0.43551216296406603	0.7655756950563196	0	0	0	0		1	False	0
ecol-SAMN37529175	GP_3	64:1459	4	0.0	0.4082024651817996	23.179669863876228	GP_unb_6	91:373	5	0.0	0.17339635409487275	0.9754269094178105	0	0	0	0		1	False	0
ecol-SAMN37529175	GP_3	64:1459	4	0.0	0.4082024651817996	23.179669863876228	GP_unb_7	93:358	5	0.0	0.48529580799236516	0.9644228468208529	0	0	0	0		1	False	0
ecol-SAMN37529175	GP_3	64:1459	4	0.0	0.4082024651817996	23.179669863876228	GP_unb_8	98:289	4	0.0	0.2560057986188964	0.7654574987839675	0	0	0	0		1	False	0
ecol-SAMN37529175	GP_3	64:1459	4	0.0	0.4082024651817996	23.179669863876228	GP_unb_9	104:265	5	0.0	0.1624736528291617	0.8717104573545303	0	0	0	0		1	False	0
ecol-SAMN37529175	GP_3	64:1459	4	0.0	0.4082024651817996	23.179669863876228	GP_unb_10	106:265	5	0.0	0.25043627558397363	0.8217426465500159	0	0	0	0		1	False	0
ecol-SAMN37529175	GP_3	64:1459	4	0.0	0.4082024651817996	23.179669863876228	GP_unb_11	108:259	5	0.0	0.49113953403187105	0.5585578763489654	0	0	0	0		1	False	0
ecol-SAMN37529175	GP_3	64:1459	4	0.0	0.4082024651817996	23.179669863876228	GP_unb_12	109:259	5	0.0	0.4903343965596616	0.6115168504875393	0	0	0	0		1	False	0
ecol-SAMN37529175	GP_3	64:1459	4	0.0	0.4082024651817996	23.179669863876228	GP_unb_13	111:230	5	0.0	0.222712997954171	1.5502601327764423	0	0	0	0		1	False	0
ecol-SAMN37529175	GP_3	64:1459	4	0.0	0.4082024651817996	23.179669863876228	GP_unb_14	113:217	5	0.0	0.14980828056124418	0.5807437621067334	0	0	0	0		1	False	0
ecol-SAMN37529175	GP_3	64:1459	4	0.0	0.4082024651817996	23.179669863876228	GP_unb_15	129:160	5	0.0	0.4512299663050604	0.7237145325300218	0	0	0	0		1	False	0
ecol-SAMN37529175	GP_3	64:1459	4	0.0	0.4082024651817996	23.179669863876228	GP_unb_16	130:160	5	0.0	0.09430305574846876	0.6962026668014365	0	0	0	0		1	False	0
ecol-SAMN37529175	GP_3	64:1459	4	0.0	0.4082024651817996	23.179669863876228	GP_unb_17	148:120	5	0.0	0.4866024642755672	0.5952585958397819	0	0	0	0		1	False	0
ecol-SAMN37529175	GP_3	64:1459	4	0.0	0.4082024651817996	23.179669863876228	GP_unb_18	150:115	4	0.0	0.4376526581665672	4.860144739351594	0	0	0	0		1	False	0
ecol-SAMN37529175	GP_3	64:1459	4	0.0	0.4082024651817996	23.179669863876228	GP_unb_19	153:115	4	0.0	0.18728760763739005	5.458855992296977	0	0	0	0		1	False	0
ecol-SAMN37529175	GP_3	64:1459	4	0.0	0.4082024651817996	23.179669863876228	GP_unb_20	154:114	5	0.0	0.495703558220037	0.3744731385899791	0	0	0	0		1	False	0
ecol-SAMN37529175	GP_3	64:1459	4	0.0	0.4082024651817996	23.179669863876228	GP_unb_21	155:114	5	0.0	0.4998707558740636	0.4154640409199327	0	0	0	0		1	False	0
ecol-SAMN37529175	GP_3	64:1459	4	0.0	0.4082024651817996	23.179669863876228	GP_unb_22	158:112	4	0.0	0.4318248084245706	0.8071320955902777	0	0	0	0		1	False	0
ecol-SAMN37529175	GP_unb_1	83:421	5	0.0	0.44262416739552923	0.7220599918972391	GP_unb_2	84:421	5	0.0	0.4846463575816954	0.646204089745486	5	0.0	0.9049701859263228	0.6462040897476982	80:581	0	False	0
ecol-SAMN37529175	GP_unb_1	83:421	5	0.0	0.44262416739552923	0.7220599918972391	GP_unb_3	85:398	4	0.0	0.33322273605755615	1.7604790918941553	0	0	0	0		1	False	0
ecol-SAMN37529175	GP_unb_1	83:421	5	0.0	0.44262416739552923	0.7220599918972391	GP_unb_4	89:374	5	0.0	0.443005994431384	1.224237003253466	0	0	0	0		1	False	0
ecol-SAMN37529175	GP_unb_1	83:421	5	0.0	0.44262416739552923	0.7220599918972391	GP_unb_5	90:374	5	0.0	0.43551216296406603	0.7655756950563196	0	0	0	0		1	False	0
ecol-SAMN37529175	GP_unb_1	83:421	5	0.0	0.44262416739552923	0.7220599918972391	GP_unb_6	91:373	5	0.0	0.17339635409487275	0.9754269094178105	0	0	0	0		1	False	0
ecol-SAMN37529175	GP_unb_1	83:421	5	0.0	0.44262416739552923	0.7220599918972391	GP_unb_7	93:358	5	0.0	0.48529580799236516	0.9644228468208529	0	0	0	0		1	False	0
ecol-SAMN37529175	GP_unb_1	83:421	5	0.0	0.44262416739552923	0.7220599918972391	GP_unb_8	98:289	4	0.0	0.2560057986188964	0.7654574987839675	0	0	0	0		1	False	0
ecol-SAMN37529175	GP_unb_1	83:421	5	0.0	0.44262416739552923	0.7220599918972391	GP_unb_9	104:265	5	0.0	0.1624736528291617	0.8717104573545303	5	0.0	0.26149650703806626	0.5921717152796191	75:685,80:581,114:214	0	False	0
ecol-SAMN37529175	GP_unb_1	83:421	5	0.0	0.44262416739552923	0.7220599918972391	GP_unb_10	106:265	5	0.0	0.25043627558397363	0.8217426465500159	5	0.0	0.3494591297928782	0.5921717152796191	75:685,80:581,114:214	0	False	0
ecol-SAMN37529175	GP_unb_1	83:421	5	0.0	0.44262416739552923	0.7220599918972391	GP_unb_11	108:259	5	0.0	0.49113953403187105	0.5585578763489654	0	0	0	0		1	False	0
ecol-SAMN37529175	GP_unb_1	83:421	5	0.0	0.44262416739552923	0.7220599918972391	GP_unb_12	109:259	5	0.0	0.4903343965596616	0.6115168504875393	0	0	0	0		1	False	0
ecol-SAMN37529175	GP_unb_1	83:421	5	0.0	0.44262416739552923	0.7220599918972391	GP_unb_13	111:230	5	0.0	0.222712997954171	1.5502601327764423	0	0	0	0		1	False	0
ecol-SAMN37529175	GP_unb_1	83:421	5	0.0	0.44262416739552923	0.7220599918972391	GP_unb_14	113:217	5	0.0	0.14980828056124418	0.5807437621067334	0	0	0	0		1	False	0
ecol-SAMN37529175	GP_unb_1	83:421	5	0.0	0.44262416739552923	0.7220599918972391	GP_unb_15	129:160	5	0.0	0.4512299663050604	0.7237145325300218	5	0.0	0.4328002589608547	0.7220599918964581	94:337	0	False	0
ecol-SAMN37529175	GP_unb_1	83:421	5	0.0	0.44262416739552923	0.7220599918972391	GP_unb_16	130:160	5	0.0	0.09430305574846876	0.6962026668014365	5	0.0	0.07587334840426307	0.6962026668006729	94:337	0	False	0
ecol-SAMN37529175	GP_unb_1	83:421	5	0.0	0.44262416739552923	0.7220599918972391	GP_unb_17	148:120	5	0.0	0.4866024642755672	0.5952585958397819	0	0	0	0		1	False	0
ecol-SAMN37529175	GP_unb_1	83:421	5	0.0	0.44262416739552923	0.7220599918972391	GP_unb_18	150:115	4	0.0	0.4376526581665672	4.860144739351594	0	0	0	0		1	False	0
ecol-SAMN37529175	GP_unb_1	83:421	5	0.0	0.44262416739552923	0.7220599918972391	GP_unb_19	153:115	4	0.0	0.18728760763739005	5.458855992296977	0	0	0	0		1	False	0
ecol-SAMN37529175	GP_unb_1	83:421	5	0.0	0.44262416739552923	0.7220599918972391	GP_unb_20	154:114	5	0.0	0.495703558220037	0.3744731385899791	0	0	0	0		1	False	0
ecol-SAMN37529175	GP_unb_1	83:421	5	0.0	0.44262416739552923	0.7220599918972391	GP_unb_21	155:114	5	0.0	0.4998707558740636	0.4154640409199327	0	0	0	0		1	False	0
ecol-SAMN37529175	GP_unb_1	83:421	5	0.0	0.44262416739552923	0.7220599918972391	GP_unb_22	158:112	4	0.0	0.4318248084245706	0.8071320955902777	0	0	0	0		1	False	0
ecol-SAMN37529175	GP_unb_2	84:421	5	0.0	0.4846463575816954	0.646204089745486	GP_unb_3	85:398	4	0.0	0.33322273605755615	1.7604790918941553	0	0	0	0		1	False	0
ecol-SAMN37529175	GP_unb_2	84:421	5	0.0	0.4846463575816954	0.646204089745486	GP_unb_4	89:374	5	0.0	0.443005994431384	1.224237003253466	0	0	0	0		1	False	0
ecol-SAMN37529175	GP_unb_2	84:421	5	0.0	0.4846463575816954	0.646204089745486	GP_unb_5	90:374	5	0.0	0.43551216296406603	0.7655756950563196	0	0	0	0		1	False	0
ecol-SAMN37529175	GP_unb_2	84:421	5	0.0	0.4846463575816954	0.646204089745486	GP_unb_6	91:373	5	0.0	0.17339635409487275	0.9754269094178105	0	0	0	0		1	False	0
ecol-SAMN37529175	GP_unb_2	84:421	5	0.0	0.4846463575816954	0.646204089745486	GP_unb_7	93:358	5	0.0	0.48529580799236516	0.9644228468208529	0	0	0	0		1	False	0
ecol-SAMN37529175	GP_unb_2	84:421	5	0.0	0.4846463575816954	0.646204089745486	GP_unb_8	98:289	4	0.0	0.2560057986188964	0.7654574987839675	0	0	0	0		1	False	0
ecol-SAMN37529175	GP_unb_2	84:421	5	0.0	0.4846463575816954	0.646204089745486	GP_unb_9	104:265	5	0.0	0.1624736528291617	0.8717104573545303	5	0.0	0.3035186972242324	0.5921717152796191	75:685,80:581,114:214	0	False	0
ecol-SAMN37529175	GP_unb_2	84:421	5	0.0	0.4846463575816954	0.646204089745486	GP_unb_10	106:265	5	0.0	0.25043627558397363	0.8217426465500159	5	0.0	0.39148131997904434	0.5921717152796191	75:685,80:581,114:214	0	False	0
ecol-SAMN37529175	GP_unb_2	84:421	5	0.0	0.4846463575816954	0.646204089745486	GP_unb_11	108:259	5	0.0	0.49113953403187105	0.5585578763489654	0	0	0	0		1	False	0
ecol-SAMN37529175	GP_unb_2	84:421	5	0.0	0.4846463575816954	0.646204089745486	GP_unb_12	109:259	5	0.0	0.4903343965596616	0.6115168504875393	0	0	0	0		1	False	0
ecol-SAMN37529175	GP_unb_2	84:421	5	0.0	0.4846463575816954	0.646204089745486	GP_unb_13	111:230	5	0.0	0.222712997954171	1.5502601327764423	0	0	0	0		1	False	0
ecol-SAMN37529175	GP_unb_2	84:421	5	0.0	0.4846463575816954	0.646204089745486	GP_unb_14	113:217	5	0.0	0.14980828056124418	0.5807437621067334	0	0	0	0		1	False	0
ecol-SAMN37529175	GP_unb_2	84:421	5	0.0	0.4846463575816954	0.646204089745486	GP_unb_15	129:160	5	0.0	0.4512299663050604	0.7237145325300218	5	0.0	0.4748224491470209	0.6462040897458792	94:337	0	False	0
ecol-SAMN37529175	GP_unb_2	84:421	5	0.0	0.4846463575816954	0.646204089745486	GP_unb_16	130:160	5	0.0	0.09430305574846876	0.6962026668014365	5	0.0	0.11789553859042923	0.6462040897458792	94:337	0	False	0
ecol-SAMN37529175	GP_unb_2	84:421	5	0.0	0.4846463575816954	0.646204089745486	GP_unb_17	148:120	5	0.0	0.4866024642755672	0.5952585958397819	0	0	0	0		1	False	0
ecol-SAMN37529175	GP_unb_2	84:421	5	0.0	0.4846463575816954	0.646204089745486	GP_unb_18	150:115	4	0.0	0.4376526581665672	4.860144739351594	0	0	0	0		1	False	0
ecol-SAMN37529175	GP_unb_2	84:421	5	0.0	0.4846463575816954	0.646204089745486	GP_unb_19	153:115	4	0.0	0.18728760763739005	5.458855992296977	0	0	0	0		1	False	0
ecol-SAMN37529175	GP_unb_2	84:421	5	0.0	0.4846463575816954	0.646204089745486	GP_unb_20	154:114	5	0.0	0.495703558220037	0.3744731385899791	0	0	0	0		1	False	0
ecol-SAMN37529175	GP_unb_2	84:421	5	0.0	0.4846463575816954	0.646204089745486	GP_unb_21	155:114	5	0.0	0.4998707558740636	0.4154640409199327	0	0	0	0		1	False	0
ecol-SAMN37529175	GP_unb_2	84:421	5	0.0	0.4846463575816954	0.646204089745486	GP_unb_22	158:112	4	0.0	0.4318248084245706	0.8071320955902777	0	0	0	0		1	False	0
ecol-SAMN37529175	GP_unb_3	85:398	4	0.0	0.33322273605755615	1.7604790918941553	GP_unb_4	89:374	5	0.0	0.443005994431384	1.224237003253466	4	-1.2402831126750788	8.463324294773315	0.16939966410075702	4:287711,15:96092,18:79137,20:75168,32:34124,36:15703,40:11651,43:10423,46:7506,47:7425,53:3942,55:2920,57:2455,61:2144,62:1702,65:1345,66:1318,67:1258,68:1063,69:1018,71:777,72:758,74:702,77:630,78:629,86:396,102:272,105:265,110:250,116:208,131:160,134:144,135:144,141:134,142:132,146:128,161:111	0	False	0
ecol-SAMN37529175	GP_unb_3	85:398	4	0.0	0.33322273605755615	1.7604790918941553	GP_unb_5	90:374	5	0.0	0.43551216296406603	0.7655756950563196	4	-1.2288341841095762	8.455830463305999	0.1693996641006379	4:287711,15:96092,18:79137,20:75168,32:34124,36:15703,40:11651,43:10423,46:7506,47:7425,53:3942,55:2920,57:2455,61:2144,62:1702,65:1345,66:1318,67:1258,68:1063,69:1018,71:777,72:758,74:702,77:630,78:629,86:396,102:272,105:265,110:250,116:208,131:160,134:144,135:144,141:134,142:132,146:128,161:111	0	False	0
ecol-SAMN37529175	GP_unb_3	85:398	4	0.0	0.33322273605755615	1.7604790918941553	GP_unb_6	91:373	5	0.0	0.17339635409487275	0.9754269094178105	5	-1.6749351621984663	7.378853173740494	0.16939966410063786	10:148329,16:91515,26:55833,32:34124,36:15703,40:11651,43:10423,46:7506,47:7425,53:3942,54:3539,55:2920,57:2455,58:2437,61:2144,66:1318,68:1063,71:777,72:758,74:702,77:630,78:629,82:510,86:396,87:395,88:377,92:373,101:274,102:272,105:265,110:250,115:213,116:208,118:201,122:188,123:182,125:176,131:160,134:144,138:136,139:135,140:134,141:134,142:132,143:131,144:131,145:129,146:128,162:102	0	False	0
ecol-SAMN37529175	GP_unb_3	85:398	4	0.0	0.33322273605755615	1.7604790918941553	GP_unb_7	93:358	5	0.0	0.48529580799236516	0.9644228468208529	0	0	0	0		1	False	0
ecol-SAMN37529175	GP_unb_3	85:398	4	0.0	0.33322273605755615	1.7604790918941553	GP_unb_8	98:289	4	0.0	0.2560057986188964	0.7654574987839675	4	-0.7599831014802017	9.384774559405102	0.20133161462035787	4:287711,10:148329,15:96092,32:34124,40:11651,43:10423,46:7506,47:7425,53:3942,54:3539,55:2920,56:2743,57:2455,58:2437,61:2144,65:1345,66:1318,67:1258,68:1063,71:777,72:758,74:702,77:630,78:629,86:396,88:377,101:274,102:272,105:265,110:250,116:208,123:182,131:160,134:144,138:136,139:135,140:134,141:134,142:132,146:128	0	False	0
ecol-SAMN37529175	GP_unb_3	85:398	4	0.0	0.33322273605755615	1.7604790918941553	GP_unb_9	104:265	5	0.0	0.1624736528291617	0.8717104573545303	4	-0.6803906349711202	8.626733697249119	0.1693996641006379	4:287711,15:96092,18:79137,20:75168,21:74936,23:72039,32:34124,36:15703,40:11651,43:10423,46:7506,47:7425,53:3942,55:2920,57:2455,61:2144,62:1702,65:1345,66:1318,67:1258,68:1063,71:777,72:758,73:713,74:702,77:630,78:629,86:396,102:272,105:265,110:250,116:208,121:191,123:182,131:160,134:144,139:135,141:134,142:132,146:128	0	False	0
ecol-SAMN37529175	GP_unb_3	85:398	4	0.0	0.33322273605755615	1.7604790918941553	GP_unb_10	106:265	5	0.0	0.25043627558397363	0.8217426465500159	4	-0.6369317754234782	8.714696320003931	0.16939966410065999	4:287711,15:96092,18:79137,20:75168,21:74936,23:72039,32:34124,36:15703,40:11651,43:10423,46:7506,47:7425,53:3942,55:2920,57:2455,61:2144,62:1702,65:1345,66:1318,67:1258,68:1063,71:777,72:758,73:713,74:702,77:630,78:629,86:396,102:272,105:265,110:250,116:208,121:191,123:182,131:160,134:144,139:135,141:134,142:132,146:128	0	False	0
ecol-SAMN37529175	GP_unb_3	85:398	4	0.0	0.33322273605755615	1.7604790918941553	GP_unb_11	108:259	5	0.0	0.49113953403187105	0.5585578763489654	5	-1.6749351621984663	7.69659635367749	0.16939966410063786	10:148329,16:91515,26:55833,32:34124,36:15703,40:11651,43:10423,46:7506,47:7425,53:3942,54:3539,55:2920,57:2455,58:2437,61:2144,66:1318,68:1063,71:777,72:758,74:702,77:630,78:629,82:510,86:396,87:395,88:377,92:373,101:274,102:272,105:265,110:250,115:213,116:208,118:201,122:188,123:182,125:176,131:160,134:144,138:136,139:135,140:134,141:134,142:132,143:131,144:131,145:129,146:128,162:102	0	False	0
ecol-SAMN37529175	GP_unb_3	85:398	4	0.0	0.33322273605755615	1.7604790918941553	GP_unb_12	109:259	5	0.0	0.4903343965596616	0.6115168504875393	5	-1.6749351621984663	7.695791216205281	0.16939966410063795	10:148329,16:91515,26:55833,32:34124,36:15703,40:11651,43:10423,46:7506,47:7425,53:3942,54:3539,55:2920,57:2455,58:2437,61:2144,66:1318,68:1063,71:777,72:758,74:702,77:630,78:629,82:510,86:396,87:395,88:377,92:373,101:274,102:272,105:265,110:250,115:213,116:208,118:201,122:188,123:182,125:176,131:160,134:144,138:136,139:135,140:134,141:134,142:132,143:131,144:131,145:129,146:128,162:102	0	False	0
ecol-SAMN37529175	GP_unb_3	85:398	4	0.0	0.33322273605755615	1.7604790918941553	GP_unb_13	111:230	5	0.0	0.222712997954171	1.5502601327764423	4	-1.1260931874097486	7.629227664524644	0.09960012070223456	4:287711,10:148329,15:96092,25:65533,32:34124,40:11651,47:7425,52:4764,53:3942,54:3539,55:2920,56:2743,57:2455,58:2437,61:2144,65:1345,66:1318,67:1258,68:1063,70:810,71:777,72:758,74:702,77:630,78:629,86:396,88:377,101:274,102:272,105:265,110:250,116:208,117:202,123:182,131:160,134:144,138:136,139:135,140:134,141:134,142:132,147:127,156:113	0	False	0
ecol-SAMN37529175	GP_unb_3	85:398	4	0.0	0.33322273605755615	1.7604790918941553	GP_unb_14	113:217	5	0.0	0.14980828056124418	0.5807437621067334	5	-1.6749351621984663	7.766887854698846	0.16939966410063784	10:148329,16:91515,26:55833,32:34124,36:15703,40:11651,43:10423,46:7506,47:7425,53:3942,54:3539,55:2920,57:2455,58:2437,61:2144,66:1318,68:1063,71:777,72:758,74:702,77:630,78:629,82:510,86:396,87:395,88:377,101:274,102:272,105:265,110:250,115:213,116:208,118:201,122:188,123:182,131:160,134:144,138:136,139:135,140:134,141:134,142:132,145:129,146:128,162:102	0	False	0
ecol-SAMN37529175	GP_unb_3	85:398	4	0.0	0.33322273605755615	1.7604790918941553	GP_unb_15	129:160	5	0.0	0.4512299663050604	0.7237145325300218	0	0	0	0		1	False	0
ecol-SAMN37529175	GP_unb_3	85:398	4	0.0	0.33322273605755615	1.7604790918941553	GP_unb_16	130:160	5	0.0	0.09430305574846876	0.6962026668014365	0	0	0	0		1	False	0
ecol-SAMN37529175	GP_unb_3	85:398	4	0.0	0.33322273605755615	1.7604790918941553	GP_unb_17	148:120	5	0.0	0.4866024642755672	0.5952585958397819	4	-0.9811801956268522	9.725302165398933	0.1693996641010392	10:148329,26:55833,32:34124,36:15703,40:11651,43:10423,46:7506,47:7425,53:3942,55:2920,57:2455,58:2437,61:2144,66:1318,68:1063,71:777,72:758,74:702,77:630,78:629,86:396,88:377,101:274,102:272,105:265,110:250,116:208,120:191,123:182,131:160,138:136,139:135,141:134,146:128	0	False	0
ecol-SAMN37529175	GP_unb_3	85:398	4	0.0	0.33322273605755615	1.7604790918941553	GP_unb_18	150:115	4	0.0	0.4376526581665672	4.860144739351594	4	-0.7727302610792754	9.644731227355512	0.1693996641006379	10:148329,26:55833,32:34124,36:15703,40:11651,43:10423,46:7506,47:7425,53:3942,54:3539,55:2920,57:2455,58:2437,61:2144,66:1318,68:1063,71:777,72:758,74:702,77:630,78:629,86:396,88:377,101:274,102:272,105:265,110:250,116:208,122:188,123:182,131:160,138:136,139:135,140:134,141:134,146:128	0	False	0
ecol-SAMN37529175	GP_unb_3	85:398	4	0.0	0.33322273605755615	1.7604790918941553	GP_unb_19	153:115	4	0.0	0.18728760763739005	5.458855992296977	4	-0.7727302610792754	9.394366176826336	0.1693996641006379	10:148329,26:55833,32:34124,36:15703,40:11651,43:10423,46:7506,47:7425,53:3942,54:3539,55:2920,57:2455,58:2437,61:2144,66:1318,68:1063,71:777,72:758,74:702,77:630,78:629,86:396,88:377,101:274,102:272,105:265,110:250,116:208,122:188,123:182,131:160,138:136,139:135,140:134,141:134,146:128	0	False	0
ecol-SAMN37529175	GP_unb_3	85:398	4	0.0	0.33322273605755615	1.7604790918941553	GP_unb_20	154:114	5	0.0	0.495703558220037	0.3744731385899791	4	-0.9972905593002876	10.651619763778756	0.1693996641006379	4:287711,10:148329,15:96092,32:34124,34:18420,36:15703,40:11651,43:10423,46:7506,47:7425,53:3942,54:3539,55:2920,56:2743,57:2455,58:2437,61:2144,65:1345,66:1318,67:1258,68:1063,71:777,72:758,74:702,77:630,78:629,86:396,88:377,95:333,101:274,102:272,105:265,110:250,116:208,123:182,131:160,132:153,134:144,138:136,139:135,140:134,141:134,142:132,146:128,152:115	0	False	0
ecol-SAMN37529175	GP_unb_3	85:398	4	0.0	0.33322273605755615	1.7604790918941553	GP_unb_21	155:114	5	0.0	0.4998707558740636	0.4154640409199327	4	-1.0374095977989461	10.655786961432783	0.1693996641006379	4:287711,10:148329,15:96092,32:34124,34:18420,36:15703,40:11651,43:10423,46:7506,47:7425,53:3942,54:3539,55:2920,56:2743,57:2455,58:2437,61:2144,65:1345,66:1318,67:1258,68:1063,71:777,72:758,74:702,77:630,78:629,86:396,88:377,95:333,101:274,102:272,105:265,110:250,116:208,123:182,131:160,132:153,134:144,138:136,139:135,140:134,141:134,142:132,146:128,152:115	0	False	0
ecol-SAMN37529175	GP_unb_3	85:398	4	0.0	0.33322273605755615	1.7604790918941553	GP_unb_22	158:112	4	0.0	0.4318248084245706	0.8071320955902777	4	-0.5121624542044987	8.974171656488469	0.1693996641006379	4:287711,5:258767,15:96092,18:79137,20:75168,32:34124,36:15703,40:11651,43:10423,46:7506,47:7425,53:3942,55:2920,57:2455,61:2144,62:1702,65:1345,66:1318,67:1258,68:1063,71:777,72:758,74:702,77:630,78:629,86:396,102:272,105:265,110:250,116:208,131:160,134:144,141:134,146:128	0	False	0
ecol-SAMN37529175	GP_unb_4	89:374	5	0.0	0.443005994431384	1.224237003253466	GP_unb_5	90:374	5	0.0	0.43551216296406603	0.7655756950563196	5	0.0	0.422075128457476	0.7655756950571231	96:329	0	False	0
ecol-SAMN37529175	GP_unb_4	89:374	5	0.0	0.443005994431384	1.224237003253466	GP_unb_6	91:373	5	0.0	0.17339635409487275	0.9754269094178105	5	-1.7292298922845084	7.189397802942557	0.09960012070223456	4:287711,12:125922,18:79137,32:34124,40:11651,46:7506,47:7425,52:4764,53:3942,55:2920,56:2743,57:2455,61:2144,65:1345,66:1318,67:1258,68:1063,69:1018,71:777,72:758,74:702,77:630,78:629,82:510,86:396,87:395,92:373,102:272,105:265,110:250,115:213,116:208,118:201,125:176,126:169,131:160,134:144,135:144,141:134,142:132,143:131,144:131,146:128,161:111,162:102	0	False	0
ecol-SAMN37529175	GP_unb_4	89:374	5	0.0	0.443005994431384	1.224237003253466	GP_unb_7	93:358	5	0.0	0.48529580799236516	0.9644228468208529	0	0	0	0		1	False	0
ecol-SAMN37529175	GP_unb_4	89:374	5	0.0	0.443005994431384	1.224237003253466	GP_unb_8	98:289	4	0.0	0.2560057986188964	0.7654574987839675	4	-1.233259516700178	9.177495432690446	0.20133161462035787	4:287711,15:96092,18:79137,32:34124,40:11651,43:10423,46:7506,47:7425,53:3942,55:2920,56:2743,57:2455,61:2144,65:1345,66:1318,67:1258,68:1063,69:1018,71:777,72:758,74:702,77:630,78:629,86:396,102:272,105:265,110:250,116:208,131:160,134:144,135:144,141:134,142:132,146:128,161:111	0	False	0
ecol-SAMN37529175	GP_unb_4	89:374	5	0.0	0.443005994431384	1.224237003253466	GP_unb_9	104:265	5	0.0	0.1624736528291617	0.8717104573545303	5	-1.5967617303523203	8.697779425369568	0.09960012070263602	10:148329,21:74936,27:54233,32:34124,40:11651,46:7506,47:7425,52:4764,53:3942,54:3539,55:2920,56:2743,57:2455,61:2144,65:1345,66:1318,68:1063,71:777,72:758,73:713,74:702,77:630,78:629,86:396,101:274,102:272,105:265,110:250,116:208,122:188,123:182,126:169,131:160,134:144,135:144,139:135,140:134,141:134,142:132,145:129,146:128,160:111	0	False	0
ecol-SAMN37529175	GP_unb_4	89:374	5	0.0	0.443005994431384	1.224237003253466	GP_unb_10	106:265	5	0.0	0.25043627558397363	0.8217426465500159	5	-1.5967617303523203	8.78574204812438	0.09960012070223402	10:148329,21:74936,27:54233,32:34124,40:11651,46:7506,47:7425,52:4764,53:3942,54:3539,55:2920,56:2743,57:2455,61:2144,65:1345,66:1318,68:1063,71:777,72:758,73:713,74:702,77:630,78:629,86:396,101:274,102:272,105:265,110:250,116:208,122:188,123:182,126:169,131:160,134:144,135:144,139:135,140:134,141:134,142:132,145:129,146:128,160:111	0	False	0
ecol-SAMN37529175	GP_unb_4	89:374	5	0.0	0.443005994431384	1.224237003253466	GP_unb_11	108:259	5	0.0	0.49113953403187105	0.5585578763489654	5	-1.7292298922845084	7.507140982879556	0.0996001207022344	4:287711,12:125922,18:79137,32:34124,40:11651,46:7506,47:7425,52:4764,53:3942,55:2920,56:2743,57:2455,61:2144,65:1345,66:1318,67:1258,68:1063,69:1018,71:777,72:758,74:702,77:630,78:629,82:510,86:396,87:395,92:373,102:272,105:265,110:250,115:213,116:208,118:201,125:176,126:169,131:160,134:144,135:144,141:134,142:132,143:131,144:131,146:128,161:111,162:102	0	False	0
ecol-SAMN37529175	GP_unb_4	89:374	5	0.0	0.443005994431384	1.224237003253466	GP_unb_12	109:259	5	0.0	0.4903343965596616	0.6115168504875393	5	-1.7292298922845084	7.506335845407347	0.0996001207022345	4:287711,12:125922,18:79137,32:34124,40:11651,46:7506,47:7425,52:4764,53:3942,55:2920,56:2743,57:2455,61:2144,65:1345,66:1318,67:1258,68:1063,69:1018,71:777,72:758,74:702,77:630,78:629,82:510,86:396,87:395,92:373,102:272,105:265,110:250,115:213,116:208,118:201,125:176,126:169,131:160,134:144,135:144,141:134,142:132,143:131,144:131,146:128,161:111,162:102	0	False	0
ecol-SAMN37529175	GP_unb_4	89:374	5	0.0	0.443005994431384	1.224237003253466	GP_unb_13	111:230	5	0.0	0.222712997954171	1.5502601327764423	4	-1.5993696026297246	7.421948537809991	0.09960012070220202	4:287711,15:96092,18:79137,25:65533,32:34124,40:11651,47:7425,52:4764,53:3942,55:2920,56:2743,57:2455,61:2144,65:1345,66:1318,67:1258,68:1063,69:1018,70:810,71:777,72:758,74:702,77:630,78:629,86:396,102:272,105:265,110:250,116:208,117:202,131:160,134:144,135:144,141:134,142:132,147:127,156:113,161:111	0	False	0
ecol-SAMN37529175	GP_unb_4	89:374	5	0.0	0.443005994431384	1.224237003253466	GP_unb_14	113:217	5	0.0	0.14980828056124418	0.5807437621067334	5	-1.7292298922845084	7.577432483900907	0.09960012070223456	4:287711,12:125922,18:79137,32:34124,40:11651,46:7506,47:7425,52:4764,53:3942,55:2920,56:2743,57:2455,61:2144,65:1345,66:1318,67:1258,68:1063,69:1018,71:777,72:758,74:702,77:630,78:629,82:510,86:396,87:395,102:272,105:265,110:250,115:213,116:208,118:201,126:169,131:160,134:144,135:144,141:134,142:132,146:128,161:111,162:102	0	False	0
ecol-SAMN37529175	GP_unb_4	89:374	5	0.0	0.443005994431384	1.224237003253466	GP_unb_15	129:160	5	0.0	0.4512299663050604	0.7237145325300218	0	0	0	0		1	False	0
ecol-SAMN37529175	GP_unb_4	89:374	5	0.0	0.443005994431384	1.224237003253466	GP_unb_16	130:160	5	0.0	0.09430305574846876	0.6962026668014365	0	0	0	0		1	False	0
ecol-SAMN37529175	GP_unb_4	89:374	5	0.0	0.443005994431384	1.224237003253466	GP_unb_17	148:120	5	0.0	0.4866024642755672	0.5952585958397819	5	-1.2309933609732433	8.89885336432677	0.09960012070223442	10:148329,11:127712,27:54233,32:34124,40:11651,47:7425,52:4764,53:3942,55:2920,56:2743,57:2455,61:2144,65:1345,66:1318,68:1063,70:810,71:777,72:758,74:702,77:630,78:629,86:396,101:274,102:272,105:265,110:250,116:208,120:191,123:182,131:160,135:144,139:135,141:134,160:111	0	False	0
ecol-SAMN37529175	GP_unb_4	89:374	5	0.0	0.443005994431384	1.224237003253466	GP_unb_18	150:115	4	0.0	0.4376526581665672	4.860144739351594	5	-1.4641429476604189	9.24349816506225	0.09960012070223456	18:79137,27:54233,32:34124,40:11651,46:7506,47:7425,52:4764,53:3942,55:2920,56:2743,57:2455,61:2144,65:1345,66:1318,68:1063,71:777,72:758,74:702,77:630,78:629,86:396,102:272,105:265,110:250,116:208,122:188,126:169,131:160,134:144,135:144,141:134,142:132,145:129,146:128,160:111	0	False	0
ecol-SAMN37529175	GP_unb_4	89:374	5	0.0	0.443005994431384	1.224237003253466	GP_unb_19	153:115	4	0.0	0.18728760763739005	5.458855992296977	5	-1.4641429476604189	8.993133114533075	0.09960012070223456	18:79137,27:54233,32:34124,40:11651,46:7506,47:7425,52:4764,53:3942,55:2920,56:2743,57:2455,61:2144,65:1345,66:1318,68:1063,71:777,72:758,74:702,77:630,78:629,86:396,102:272,105:265,110:250,116:208,122:188,126:169,131:160,134:144,135:144,141:134,142:132,145:129,146:128,160:111	0	False	0
ecol-SAMN37529175	GP_unb_4	89:374	5	0.0	0.443005994431384	1.224237003253466	GP_unb_20	154:114	5	0.0	0.495703558220037	0.3744731385899791	5	-1.3246110318511768	9.700332045075745	0.09960012070223456	18:79137,27:54233,32:34124,34:18420,40:11651,47:7425,52:4764,53:3942,55:2920,56:2743,57:2455,61:2144,65:1345,66:1318,68:1063,70:810,71:777,72:758,74:702,77:630,78:629,86:396,95:333,102:272,105:265,110:250,116:208,131:160,132:153,135:144,141:134,146:128,152:115,160:111	0	False	0
ecol-SAMN37529175	GP_unb_4	89:374	5	0.0	0.443005994431384	1.224237003253466	GP_unb_21	155:114	5	0.0	0.4998707558740636	0.4154640409199327	5	-1.3246110318511768	9.704499242729772	0.09960012070223456	18:79137,27:54233,32:34124,34:18420,40:11651,47:7425,52:4764,53:3942,55:2920,56:2743,57:2455,61:2144,65:1345,66:1318,68:1063,70:810,71:777,72:758,74:702,77:630,78:629,86:396,95:333,102:272,105:265,110:250,116:208,131:160,132:153,135:144,141:134,146:128,152:115,160:111	0	False	0
ecol-SAMN37529175	GP_unb_4	89:374	5	0.0	0.443005994431384	1.224237003253466	GP_unb_22	158:112	4	0.0	0.4318248084245706	0.8071320955902777	4	-1.2118372184668698	8.783930801521613	0.16939966410063753	5:258767,18:79137,26:55833,32:34124,36:15703,40:11651,43:10423,46:7506,47:7425,53:3942,55:2920,57:2455,61:2144,66:1318,68:1063,69:1018,71:777,72:758,74:702,77:630,78:629,86:396,102:272,105:265,110:250,116:208,131:160,134:144,135:144,141:134,142:132,146:128,161:111	0	False	0
ecol-SAMN37529175	GP_unb_5	90:374	5	0.0	0.43551216296406603	0.7655756950563196	GP_unb_6	91:373	5	0.0	0.17339635409487275	0.9754269094178105	5	-1.7292298922845084	7.181903971475241	0.09960012070284932	4:287711,12:125922,18:79137,32:34124,40:11651,46:7506,47:7425,52:4764,53:3942,55:2920,56:2743,57:2455,61:2144,65:1345,66:1318,67:1258,68:1063,69:1018,71:777,72:758,74:702,77:630,78:629,82:510,86:396,87:395,92:373,102:272,105:265,110:250,115:213,116:208,118:201,125:176,126:169,131:160,134:144,135:144,141:134,142:132,143:131,144:131,146:128,161:111,162:102	0	False	0
ecol-SAMN37529175	GP_unb_5	90:374	5	0.0	0.43551216296406603	0.7655756950563196	GP_unb_7	93:358	5	0.0	0.48529580799236516	0.9644228468208529	0	0	0	0		1	False	0
ecol-SAMN37529175	GP_unb_5	90:374	5	0.0	0.43551216296406603	0.7655756950563196	GP_unb_8	98:289	4	0.0	0.2560057986188964	0.7654574987839675	4	-1.2218105881346752	9.170001601223127	0.20133161462035792	4:287711,15:96092,18:79137,32:34124,40:11651,43:10423,46:7506,47:7425,53:3942,55:2920,56:2743,57:2455,61:2144,65:1345,66:1318,67:1258,68:1063,69:1018,71:777,72:758,74:702,77:630,78:629,86:396,102:272,105:265,110:250,116:208,131:160,134:144,135:144,141:134,142:132,146:128,161:111	0	False	0
ecol-SAMN37529175	GP_unb_5	90:374	5	0.0	0.43551216296406603	0.7655756950563196	GP_unb_9	104:265	5	0.0	0.1624736528291617	0.8717104573545303	5	-1.5967617303523203	8.69028559390225	0.0996001207021887	10:148329,21:74936,27:54233,32:34124,40:11651,46:7506,47:7425,52:4764,53:3942,54:3539,55:2920,56:2743,57:2455,61:2144,65:1345,66:1318,68:1063,71:777,72:758,73:713,74:702,77:630,78:629,86:396,101:274,102:272,105:265,110:250,116:208,122:188,123:182,126:169,131:160,134:144,135:144,139:135,140:134,141:134,142:132,145:129,146:128,160:111	0	False	0
ecol-SAMN37529175	GP_unb_5	90:374	5	0.0	0.43551216296406603	0.7655756950563196	GP_unb_10	106:265	5	0.0	0.25043627558397363	0.8217426465500159	5	-1.5967617303523203	8.778248216657062	0.09960012070223463	10:148329,21:74936,27:54233,32:34124,40:11651,46:7506,47:7425,52:4764,53:3942,54:3539,55:2920,56:2743,57:2455,61:2144,65:1345,66:1318,68:1063,71:777,72:758,73:713,74:702,77:630,78:629,86:396,101:274,102:272,105:265,110:250,116:208,122:188,123:182,126:169,131:160,134:144,135:144,139:135,140:134,141:134,142:132,145:129,146:128,160:111	0	False	0
ecol-SAMN37529175	GP_unb_5	90:374	5	0.0	0.43551216296406603	0.7655756950563196	GP_unb_11	108:259	5	0.0	0.49113953403187105	0.5585578763489654	5	-1.7292298922845084	7.499647151412238	0.09960012070223456	4:287711,12:125922,18:79137,32:34124,40:11651,46:7506,47:7425,52:4764,53:3942,55:2920,56:2743,57:2455,61:2144,65:1345,66:1318,67:1258,68:1063,69:1018,71:777,72:758,74:702,77:630,78:629,82:510,86:396,87:395,92:373,102:272,105:265,110:250,115:213,116:208,118:201,125:176,126:169,131:160,134:144,135:144,141:134,142:132,143:131,144:131,146:128,161:111,162:102	0	False	0
ecol-SAMN37529175	GP_unb_5	90:374	5	0.0	0.43551216296406603	0.7655756950563196	GP_unb_12	109:259	5	0.0	0.4903343965596616	0.6115168504875393	5	-1.7292298922845084	7.4988420139400285	0.09960012070223456	4:287711,12:125922,18:79137,32:34124,40:11651,46:7506,47:7425,52:4764,53:3942,55:2920,56:2743,57:2455,61:2144,65:1345,66:1318,67:1258,68:1063,69:1018,71:777,72:758,74:702,77:630,78:629,82:510,86:396,87:395,92:373,102:272,105:265,110:250,115:213,116:208,118:201,125:176,126:169,131:160,134:144,135:144,141:134,142:132,143:131,144:131,146:128,161:111,162:102	0	False	0
ecol-SAMN37529175	GP_unb_5	90:374	5	0.0	0.43551216296406603	0.7655756950563196	GP_unb_13	111:230	5	0.0	0.222712997954171	1.5502601327764423	4	-1.5879206740642222	7.4144547063426725	0.09960012070223673	4:287711,15:96092,18:79137,25:65533,32:34124,40:11651,47:7425,52:4764,53:3942,55:2920,56:2743,57:2455,61:2144,65:1345,66:1318,67:1258,68:1063,69:1018,70:810,71:777,72:758,74:702,77:630,78:629,86:396,102:272,105:265,110:250,116:208,117:202,131:160,134:144,135:144,141:134,142:132,147:127,156:113,161:111	0	False	0
ecol-SAMN37529175	GP_unb_5	90:374	5	0.0	0.43551216296406603	0.7655756950563196	GP_unb_14	113:217	5	0.0	0.14980828056124418	0.5807437621067334	5	-1.7292298922845084	7.56993865243359	0.09960012070223456	4:287711,12:125922,18:79137,32:34124,40:11651,46:7506,47:7425,52:4764,53:3942,55:2920,56:2743,57:2455,61:2144,65:1345,66:1318,67:1258,68:1063,69:1018,71:777,72:758,74:702,77:630,78:629,82:510,86:396,87:395,102:272,105:265,110:250,115:213,116:208,118:201,126:169,131:160,134:144,135:144,141:134,142:132,146:128,161:111,162:102	0	False	0
ecol-SAMN37529175	GP_unb_5	90:374	5	0.0	0.43551216296406603	0.7655756950563196	GP_unb_15	129:160	5	0.0	0.4512299663050604	0.7237145325300218	0	0	0	0		1	False	0
ecol-SAMN37529175	GP_unb_5	90:374	5	0.0	0.43551216296406603	0.7655756950563196	GP_unb_16	130:160	5	0.0	0.09430305574846876	0.6962026668014365	0	0	0	0		1	False	0
ecol-SAMN37529175	GP_unb_5	90:374	5	0.0	0.43551216296406603	0.7655756950563196	GP_unb_17	148:120	5	0.0	0.4866024642755672	0.5952585958397819	5	-1.2309933609732433	8.891359532859452	0.09960012070223456	10:148329,11:127712,27:54233,32:34124,40:11651,47:7425,52:4764,53:3942,55:2920,56:2743,57:2455,61:2144,65:1345,66:1318,68:1063,70:810,71:777,72:758,74:702,77:630,78:629,86:396,101:274,102:272,105:265,110:250,116:208,120:191,123:182,131:160,135:144,139:135,141:134,160:111	0	False	0
ecol-SAMN37529175	GP_unb_5	90:374	5	0.0	0.43551216296406603	0.7655756950563196	GP_unb_18	150:115	4	0.0	0.4376526581665672	4.860144739351594	5	-1.4641429476604189	9.236004333594932	0.09960012070223456	18:79137,27:54233,32:34124,40:11651,46:7506,47:7425,52:4764,53:3942,55:2920,56:2743,57:2455,61:2144,65:1345,66:1318,68:1063,71:777,72:758,74:702,77:630,78:629,86:396,102:272,105:265,110:250,116:208,122:188,126:169,131:160,134:144,135:144,141:134,142:132,145:129,146:128,160:111	0	False	0
ecol-SAMN37529175	GP_unb_5	90:374	5	0.0	0.43551216296406603	0.7655756950563196	GP_unb_19	153:115	4	0.0	0.18728760763739005	5.458855992296977	5	-1.4641429476604189	8.985639283065757	0.09960012070223456	18:79137,27:54233,32:34124,40:11651,46:7506,47:7425,52:4764,53:3942,55:2920,56:2743,57:2455,61:2144,65:1345,66:1318,68:1063,71:777,72:758,74:702,77:630,78:629,86:396,102:272,105:265,110:250,116:208,122:188,126:169,131:160,134:144,135:144,141:134,142:132,145:129,146:128,160:111	0	False	0
ecol-SAMN37529175	GP_unb_5	90:374	5	0.0	0.43551216296406603	0.7655756950563196	GP_unb_20	154:114	5	0.0	0.495703558220037	0.3744731385899791	5	-1.3246110318511768	9.692838213608427	0.09960012070223456	18:79137,27:54233,32:34124,34:18420,40:11651,47:7425,52:4764,53:3942,55:2920,56:2743,57:2455,61:2144,65:1345,66:1318,68:1063,70:810,71:777,72:758,74:702,77:630,78:629,86:396,95:333,102:272,105:265,110:250,116:208,131:160,132:153,135:144,141:134,146:128,152:115,160:111	0	False	0
ecol-SAMN37529175	GP_unb_5	90:374	5	0.0	0.43551216296406603	0.7655756950563196	GP_unb_21	155:114	5	0.0	0.4998707558740636	0.4154640409199327	5	-1.3246110318511768	9.697005411262454	0.09960012070223456	18:79137,27:54233,32:34124,34:18420,40:11651,47:7425,52:4764,53:3942,55:2920,56:2743,57:2455,61:2144,65:1345,66:1318,68:1063,70:810,71:777,72:758,74:702,77:630,78:629,86:396,95:333,102:272,105:265,110:250,116:208,131:160,132:153,135:144,141:134,146:128,152:115,160:111	0	False	0
ecol-SAMN37529175	GP_unb_5	90:374	5	0.0	0.43551216296406603	0.7655756950563196	GP_unb_22	158:112	4	0.0	0.4318248084245706	0.8071320955902777	4	-1.200388289901367	8.776436970054295	0.1693996641006379	5:258767,18:79137,26:55833,32:34124,36:15703,40:11651,43:10423,46:7506,47:7425,53:3942,55:2920,57:2455,61:2144,66:1318,68:1063,69:1018,71:777,72:758,74:702,77:630,78:629,86:396,102:272,105:265,110:250,116:208,131:160,134:144,135:144,141:134,142:132,146:128,161:111	0	False	0
ecol-SAMN37529175	GP_unb_6	91:373	5	0.0	0.17339635409487275	0.9754269094178105	GP_unb_7	93:358	5	0.0	0.48529580799236516	0.9644228468208529	0	0	0	0		1	False	0
ecol-SAMN37529175	GP_unb_6	91:373	5	0.0	0.17339635409487275	0.9754269094178105	GP_unb_8	98:289	4	0.0	0.2560057986188964	0.7654574987839675	5	-1.7117563797292645	7.9829625136966325	0.20133161462035787	4:287711,12:125922,18:79137,32:34124,40:11651,43:10423,46:7506,47:7425,53:3942,55:2920,56:2743,57:2455,61:2144,65:1345,66:1318,67:1258,68:1063,71:777,72:758,74:702,77:630,78:629,82:510,86:396,87:395,92:373,102:272,105:265,110:250,115:213,116:208,118:201,125:176,131:160,141:134,143:131,144:131,146:128,162:102	0	False	0
ecol-SAMN37529175	GP_unb_6	91:373	5	0.0	0.17339635409487275	0.9754269094178105	GP_unb_9	104:265	5	0.0	0.1624736528291617	0.8717104573545303	5	-1.5963898905231348	7.527584642910962	0.1693996641014406	10:148329,16:91515,21:74936,26:55833,32:34124,36:15703,40:11651,43:10423,46:7506,47:7425,53:3942,54:3539,55:2920,57:2455,61:2144,66:1318,68:1063,71:777,72:758,73:713,74:702,77:630,78:629,82:510,86:396,87:395,92:373,101:274,102:272,105:265,110:250,115:213,116:208,118:201,122:188,123:182,125:176,131:160,134:144,139:135,140:134,141:134,142:132,143:131,144:131,145:129,146:128,162:102	0	False	0
ecol-SAMN37529175	GP_unb_6	91:373	5	0.0	0.17339635409487275	0.9754269094178105	GP_unb_10	106:265	5	0.0	0.25043627558397363	0.8217426465500159	5	-1.5963898905231348	7.615547265665773	0.16939966410063784	10:148329,16:91515,21:74936,26:55833,32:34124,36:15703,40:11651,43:10423,46:7506,47:7425,53:3942,54:3539,55:2920,57:2455,61:2144,66:1318,68:1063,71:777,72:758,73:713,74:702,77:630,78:629,82:510,86:396,87:395,92:373,101:274,102:272,105:265,110:250,115:213,116:208,118:201,122:188,123:182,125:176,131:160,134:144,139:135,140:134,141:134,142:132,143:131,144:131,145:129,146:128,162:102	0	False	0
ecol-SAMN37529175	GP_unb_6	91:373	5	0.0	0.17339635409487275	0.9754269094178105	GP_unb_11	108:259	5	0.0	0.49113953403187105	0.5585578763489654	5	0.0	1.0899795521194708	0.5585578763493686	125:176	0	False	0
ecol-SAMN37529175	GP_unb_6	91:373	5	0.0	0.17339635409487275	0.9754269094178105	GP_unb_12	109:259	5	0.0	0.4903343965596616	0.6115168504875393	5	0.0	1.0891744146472613	0.6115168504875328	125:176	0	False	0
ecol-SAMN37529175	GP_unb_6	91:373	5	0.0	0.17339635409487275	0.9754269094178105	GP_unb_13	111:230	5	0.0	0.222712997954171	1.5502601327764423	5	-1.5896157890613414	6.227415618816177	0.09960012070223456	4:287711,12:125922,18:79137,25:65533,32:34124,40:11651,47:7425,52:4764,53:3942,55:2920,56:2743,57:2455,61:2144,65:1345,66:1318,67:1258,68:1063,70:810,71:777,72:758,74:702,77:630,78:629,82:510,86:396,87:395,92:373,102:272,105:265,110:250,115:213,116:208,117:202,118:201,125:176,131:160,141:134,143:131,144:131,147:127,156:113,162:102	0	False	0
ecol-SAMN37529175	GP_unb_6	91:373	5	0.0	0.17339635409487275	0.9754269094178105	GP_unb_14	113:217	5	0.0	0.14980828056124418	0.5807437621067334	5	0.0	0.006095746824876458	0.5807437621060672	87:395,92:373,125:176,143:131,144:131	0	False	0
ecol-SAMN37529175	GP_unb_6	91:373	5	0.0	0.17339635409487275	0.9754269094178105	GP_unb_15	129:160	5	0.0	0.4512299663050604	0.7237145325300218	0	0	0	0		1	False	0
ecol-SAMN37529175	GP_unb_6	91:373	5	0.0	0.17339635409487275	0.9754269094178105	GP_unb_16	130:160	5	0.0	0.09430305574846876	0.6962026668014365	0	0	0	0		1	False	0
ecol-SAMN37529175	GP_unb_6	91:373	5	0.0	0.17339635409487275	0.9754269094178105	GP_unb_17	148:120	5	0.0	0.4866024642755672	0.5952585958397819	5	-1.370808144683261	7.899533383700497	0.09960012070223456	4:287711,10:148329,11:127712,12:125922,32:34124,40:11651,47:7425,52:4764,53:3942,55:2920,56:2743,57:2455,61:2144,65:1345,66:1318,67:1258,68:1063,70:810,71:777,72:758,74:702,77:630,78:629,82:510,86:396,87:395,92:373,101:274,102:272,105:265,110:250,115:213,116:208,118:201,120:191,123:182,125:176,131:160,139:135,141:134,143:131,144:131,162:102	0	False	0
ecol-SAMN37529175	GP_unb_6	91:373	5	0.0	0.17339635409487275	0.9754269094178105	GP_unb_18	150:115	4	0.0	0.4376526581665672	4.860144739351594	5	-1.6039577313704365	8.244178184435977	0.09960012070223467	4:287711,12:125922,18:79137,32:34124,40:11651,46:7506,47:7425,52:4764,53:3942,55:2920,56:2743,57:2455,61:2144,65:1345,66:1318,67:1258,68:1063,71:777,72:758,74:702,77:630,78:629,82:510,86:396,87:395,92:373,102:272,105:265,110:250,115:213,116:208,118:201,122:188,125:176,126:169,131:160,134:144,141:134,142:132,143:131,144:131,145:129,146:128,162:102	0	False	0
ecol-SAMN37529175	GP_unb_6	91:373	5	0.0	0.17339635409487275	0.9754269094178105	GP_unb_19	153:115	4	0.0	0.18728760763739005	5.458855992296977	5	-1.6039577313704365	7.9938131339068015	0.09960012070223467	4:287711,12:125922,18:79137,32:34124,40:11651,46:7506,47:7425,52:4764,53:3942,55:2920,56:2743,57:2455,61:2144,65:1345,66:1318,67:1258,68:1063,71:777,72:758,74:702,77:630,78:629,82:510,86:396,87:395,92:373,102:272,105:265,110:250,115:213,116:208,118:201,122:188,125:176,126:169,131:160,134:144,141:134,142:132,143:131,144:131,145:129,146:128,162:102	0	False	0
ecol-SAMN37529175	GP_unb_6	91:373	5	0.0	0.17339635409487275	0.9754269094178105	GP_unb_20	154:114	5	0.0	0.495703558220037	0.3744731385899791	5	-1.4644258155611944	8.701012064449472	0.09960012070223369	4:287711,12:125922,18:79137,32:34124,34:18420,40:11651,47:7425,52:4764,53:3942,55:2920,56:2743,57:2455,61:2144,65:1345,66:1318,67:1258,68:1063,70:810,71:777,72:758,74:702,77:630,78:629,82:510,86:396,87:395,92:373,95:333,102:272,105:265,110:250,115:213,116:208,118:201,125:176,131:160,132:153,141:134,143:131,144:131,146:128,152:115,162:102	0	False	0
ecol-SAMN37529175	GP_unb_6	91:373	5	0.0	0.17339635409487275	0.9754269094178105	GP_unb_21	155:114	5	0.0	0.4998707558740636	0.4154640409199327	5	-1.4644258155611944	8.7051792621035	0.09960012070223456	4:287711,12:125922,18:79137,32:34124,34:18420,40:11651,47:7425,52:4764,53:3942,55:2920,56:2743,57:2455,61:2144,65:1345,66:1318,67:1258,68:1063,70:810,71:777,72:758,74:702,77:630,78:629,82:510,86:396,87:395,92:373,95:333,102:272,105:265,110:250,115:213,116:208,118:201,125:176,131:160,132:153,141:134,143:131,144:131,146:128,152:115,162:102	0	False	0
ecol-SAMN37529175	GP_unb_6	91:373	5	0.0	0.17339635409487275	0.9754269094178105	GP_unb_22	158:112	4	0.0	0.4318248084245706	0.8071320955902777	5	-1.4701595720351297	7.657152184576027	0.09960012070223456	4:287711,10:148329,11:127712,12:125922,32:34124,40:11651,47:7425,52:4764,53:3942,55:2920,56:2743,57:2455,61:2144,65:1345,66:1318,67:1258,68:1063,70:810,71:777,72:758,74:702,77:630,78:629,82:510,86:396,87:395,92:373,101:274,102:272,105:265,110:250,112:227,115:213,116:208,118:201,120:191,123:182,125:176,127:164,128:162,131:160,139:135,141:134,143:131,144:131,149:120,162:102	0	False	0
ecol-SAMN37529175	GP_unb_7	93:358	5	0.0	0.48529580799236516	0.9644228468208529	GP_unb_8	98:289	4	0.0	0.2560057986188964	0.7654574987839675	0	0	0	0		1	False	0
ecol-SAMN37529175	GP_unb_7	93:358	5	0.0	0.48529580799236516	0.9644228468208529	GP_unb_9	104:265	5	0.0	0.1624736528291617	0.8717104573545303	0	0	0	0		1	False	0
ecol-SAMN37529175	GP_unb_7	93:358	5	0.0	0.48529580799236516	0.9644228468208529	GP_unb_10	106:265	5	0.0	0.25043627558397363	0.8217426465500159	0	0	0	0		1	False	0
ecol-SAMN37529175	GP_unb_7	93:358	5	0.0	0.48529580799236516	0.9644228468208529	GP_unb_11	108:259	5	0.0	0.49113953403187105	0.5585578763489654	0	0	0	0		1	False	0
ecol-SAMN37529175	GP_unb_7	93:358	5	0.0	0.48529580799236516	0.9644228468208529	GP_unb_12	109:259	5	0.0	0.4903343965596616	0.6115168504875393	0	0	0	0		1	False	0
ecol-SAMN37529175	GP_unb_7	93:358	5	0.0	0.48529580799236516	0.9644228468208529	GP_unb_13	111:230	5	0.0	0.222712997954171	1.5502601327764423	0	0	0	0		1	False	0
ecol-SAMN37529175	GP_unb_7	93:358	5	0.0	0.48529580799236516	0.9644228468208529	GP_unb_14	113:217	5	0.0	0.14980828056124418	0.5807437621067334	0	0	0	0		1	False	0
ecol-SAMN37529175	GP_unb_7	93:358	5	0.0	0.48529580799236516	0.9644228468208529	GP_unb_15	129:160	5	0.0	0.4512299663050604	0.7237145325300218	0	0	0	0		1	False	0
ecol-SAMN37529175	GP_unb_7	93:358	5	0.0	0.48529580799236516	0.9644228468208529	GP_unb_16	130:160	5	0.0	0.09430305574846876	0.6962026668014365	0	0	0	0		1	False	0
ecol-SAMN37529175	GP_unb_7	93:358	5	0.0	0.48529580799236516	0.9644228468208529	GP_unb_17	148:120	5	0.0	0.4866024642755672	0.5952585958397819	0	0	0	0		1	False	0
ecol-SAMN37529175	GP_unb_7	93:358	5	0.0	0.48529580799236516	0.9644228468208529	GP_unb_18	150:115	4	0.0	0.4376526581665672	4.860144739351594	0	0	0	0		1	False	0
ecol-SAMN37529175	GP_unb_7	93:358	5	0.0	0.48529580799236516	0.9644228468208529	GP_unb_19	153:115	4	0.0	0.18728760763739005	5.458855992296977	0	0	0	0		1	False	0
ecol-SAMN37529175	GP_unb_7	93:358	5	0.0	0.48529580799236516	0.9644228468208529	GP_unb_20	154:114	5	0.0	0.495703558220037	0.3744731385899791	5	0.0	1.4055576695417944	0.37447313859047426	100:274	0	False	0
ecol-SAMN37529175	GP_unb_7	93:358	5	0.0	0.48529580799236516	0.9644228468208529	GP_unb_21	155:114	5	0.0	0.4998707558740636	0.4154640409199327	5	0.0	1.409724867195821	0.41546404091968725	100:274	0	False	0
ecol-SAMN37529175	GP_unb_7	93:358	5	0.0	0.48529580799236516	0.9644228468208529	GP_unb_22	158:112	4	0.0	0.4318248084245706	0.8071320955902777	0	0	0	0		1	False	0
ecol-SAMN37529175	GP_unb_8	98:289	4	0.0	0.2560057986188964	0.7654574987839675	GP_unb_9	104:265	5	0.0	0.1624736528291617	0.8717104573545303	4	-0.8125682411331452	9.53350602857557	0.20133161462035787	4:287711,10:148329,15:96092,21:74936,32:34124,40:11651,43:10423,46:7506,47:7425,53:3942,54:3539,55:2920,56:2743,57:2455,61:2144,65:1345,66:1318,67:1258,68:1063,71:777,72:758,73:713,74:702,77:630,78:629,86:396,101:274,102:272,105:265,110:250,116:208,123:182,131:160,134:144,139:135,140:134,141:134,142:132,146:128	0	False	0
ecol-SAMN37529175	GP_unb_8	98:289	4	0.0	0.2560057986188964	0.7654574987839675	GP_unb_10	106:265	5	0.0	0.25043627558397363	0.8217426465500159	4	-0.769109381585503	9.621468651330384	0.20133161462035787	4:287711,10:148329,15:96092,21:74936,32:34124,40:11651,43:10423,46:7506,47:7425,53:3942,54:3539,55:2920,56:2743,57:2455,61:2144,65:1345,66:1318,67:1258,68:1063,71:777,72:758,73:713,74:702,77:630,78:629,86:396,101:274,102:272,105:265,110:250,116:208,123:182,131:160,134:144,139:135,140:134,141:134,142:132,146:128	0	False	0
ecol-SAMN37529175	GP_unb_8	98:289	4	0.0	0.2560057986188964	0.7654574987839675	GP_unb_11	108:259	5	0.0	0.49113953403187105	0.5585578763489654	5	-1.7117563797292645	8.30070569363363	0.20133161462035784	4:287711,12:125922,18:79137,32:34124,40:11651,43:10423,46:7506,47:7425,53:3942,55:2920,56:2743,57:2455,61:2144,65:1345,66:1318,67:1258,68:1063,71:777,72:758,74:702,77:630,78:629,82:510,86:396,87:395,92:373,102:272,105:265,110:250,115:213,116:208,118:201,125:176,131:160,141:134,143:131,144:131,146:128,162:102	0	False	0
ecol-SAMN37529175	GP_unb_8	98:289	4	0.0	0.2560057986188964	0.7654574987839675	GP_unb_12	109:259	5	0.0	0.4903343965596616	0.6115168504875393	5	-1.7117563797292645	8.29990055616142	0.2013316146194992	4:287711,12:125922,18:79137,32:34124,40:11651,43:10423,46:7506,47:7425,53:3942,55:2920,56:2743,57:2455,61:2144,65:1345,66:1318,67:1258,68:1063,71:777,72:758,74:702,77:630,78:629,82:510,86:396,87:395,92:373,102:272,105:265,110:250,115:213,116:208,118:201,125:176,131:160,141:134,143:131,144:131,146:128,162:102	0	False	0
ecol-SAMN37529175	GP_unb_8	98:289	4	0.0	0.2560057986188964	0.7654574987839675	GP_unb_13	111:230	5	0.0	0.222712997954171	1.5502601327764423	4	-0.5077207855060184	7.797936359944383	0.20133161462035787	18:79137,25:65533,26:55833,32:34124,40:11651,43:10423,46:7506,47:7425,53:3942,55:2920,57:2455,61:2144,66:1318,68:1063,71:777,72:758,74:702,77:630,78:629,86:396,102:272,105:265,110:250,116:208,117:202,131:160,141:134,146:128,147:127,156:113	0	False	0
ecol-SAMN37529175	GP_unb_8	98:289	4	0.0	0.2560057986188964	0.7654574987839675	GP_unb_14	113:217	5	0.0	0.14980828056124418	0.5807437621067334	5	-1.7117563797292645	8.370997194654985	0.20133161462035795	4:287711,12:125922,18:79137,32:34124,40:11651,43:10423,46:7506,47:7425,53:3942,55:2920,56:2743,57:2455,61:2144,65:1345,66:1318,67:1258,68:1063,71:777,72:758,74:702,77:630,78:629,82:510,86:396,87:395,102:272,105:265,110:250,115:213,116:208,118:201,131:160,141:134,146:128,162:102	0	False	0
ecol-SAMN37529175	GP_unb_8	98:289	4	0.0	0.2560057986188964	0.7654574987839675	GP_unb_15	129:160	5	0.0	0.4512299663050604	0.7237145325300218	0	0	0	0		1	False	0
ecol-SAMN37529175	GP_unb_8	98:289	4	0.0	0.2560057986188964	0.7654574987839675	GP_unb_16	130:160	5	0.0	0.09430305574846876	0.6962026668014365	0	0	0	0		1	False	0
ecol-SAMN37529175	GP_unb_8	98:289	4	0.0	0.2560057986188964	0.7654574987839675	GP_unb_17	148:120	5	0.0	0.4866024642755672	0.5952585958397819	4	-0.986348620057959	9.894642896673808	0.20133161462035773	4:287711,15:96092,18:79137,32:34124,40:11651,43:10423,46:7506,47:7425,53:3942,54:3539,55:2920,56:2743,57:2455,61:2144,65:1345,66:1318,67:1258,68:1063,71:777,72:758,74:702,77:630,78:629,86:396,101:274,102:272,105:265,110:250,116:208,120:191,131:160,134:144,140:134,141:134,142:132,146:128	0	False	0
ecol-SAMN37529175	GP_unb_8	98:289	4	0.0	0.2560057986188964	0.7654574987839675	GP_unb_18	150:115	4	0.0	0.4376526581665672	4.860144739351594	4	-0.5051388582295979	10.079224768268254	0.20133161462035787	4:287711,15:96092,18:79137,32:34124,40:11651,43:10423,46:7506,47:7425,53:3942,55:2920,56:2743,57:2455,61:2144,65:1345,66:1318,67:1258,68:1063,71:777,72:758,74:702,77:630,78:629,86:396,102:272,105:265,110:250,116:208,131:160,134:144,141:134,142:132,146:128	0	False	0
ecol-SAMN37529175	GP_unb_8	98:289	4	0.0	0.2560057986188964	0.7654574987839675	GP_unb_19	153:115	4	0.0	0.18728760763739005	5.458855992296977	4	-0.5051388582295979	9.828859717739078	0.20133161462035787	4:287711,15:96092,18:79137,32:34124,40:11651,43:10423,46:7506,47:7425,53:3942,55:2920,56:2743,57:2455,61:2144,65:1345,66:1318,67:1258,68:1063,71:777,72:758,74:702,77:630,78:629,86:396,102:272,105:265,110:250,116:208,131:160,134:144,141:134,142:132,146:128	0	False	0
ecol-SAMN37529175	GP_unb_8	98:289	4	0.0	0.2560057986188964	0.7654574987839675	GP_unb_20	154:114	5	0.0	0.495703558220037	0.3744731385899791	4	-0.621634850504899	10.591630639158097	0.1693996641006379	18:79137,26:55833,32:34124,34:18420,36:15703,40:11651,43:10423,46:7506,53:3942,55:2920,56:2743,57:2455,61:2144,65:1345,66:1318,68:1063,71:777,72:758,74:702,77:630,78:629,86:396,95:333,102:272,105:265,110:250,116:208,131:160,132:153,141:134,146:128,152:115	0	False	0
ecol-SAMN37529175	GP_unb_8	98:289	4	0.0	0.2560057986188964	0.7654574987839675	GP_unb_21	155:114	5	0.0	0.4998707558740636	0.4154640409199327	4	-0.6617538890035575	10.595797836812125	0.1693996641006379	18:79137,26:55833,32:34124,34:18420,36:15703,40:11651,43:10423,46:7506,53:3942,55:2920,56:2743,57:2455,61:2144,65:1345,66:1318,68:1063,71:777,72:758,74:702,77:630,78:629,86:396,95:333,102:272,105:265,110:250,116:208,131:160,132:153,141:134,146:128,152:115	0	False	0
ecol-SAMN37529175	GP_unb_8	98:289	4	0.0	0.2560057986188964	0.7654574987839675	GP_unb_22	158:112	4	0.0	0.4318248084245706	0.8071320955902777	4	-0.4979839038849379	9.439983035131933	0.20133161462035787	2:522795,4:287711,15:96092,18:79137,32:34124,40:11651,43:10423,46:7506,47:7425,53:3942,55:2920,56:2743,57:2455,65:1345,66:1318,67:1258,71:777,72:758,74:702,77:630,78:629,86:396,102:272,105:265,110:250,116:208,131:160,134:144,141:134,146:128	0	False	0
ecol-SAMN37529175	GP_unb_9	104:265	5	0.0	0.1624736528291617	0.8717104573545303	GP_unb_10	106:265	5	0.0	0.25043627558397363	0.8217426465500159	5	0.0	0.411391049606302	0.8217426465507742	73:713	0	False	0
ecol-SAMN37529175	GP_unb_9	104:265	5	0.0	0.1624736528291617	0.8717104573545303	GP_unb_11	108:259	5	0.0	0.49113953403187105	0.5585578763489654	5	-1.5963898905231348	7.84532782284796	0.16939966410063786	10:148329,16:91515,21:74936,26:55833,32:34124,36:15703,40:11651,43:10423,46:7506,47:7425,53:3942,54:3539,55:2920,57:2455,61:2144,66:1318,68:1063,71:777,72:758,73:713,74:702,77:630,78:629,82:510,86:396,87:395,92:373,101:274,102:272,105:265,110:250,115:213,116:208,118:201,122:188,123:182,125:176,131:160,134:144,139:135,140:134,141:134,142:132,143:131,144:131,145:129,146:128,162:102	0	False	0
ecol-SAMN37529175	GP_unb_9	104:265	5	0.0	0.1624736528291617	0.8717104573545303	GP_unb_12	109:259	5	0.0	0.4903343965596616	0.6115168504875393	5	-1.5963898905231348	7.84452268537575	0.1693996641006399	10:148329,16:91515,21:74936,26:55833,32:34124,36:15703,40:11651,43:10423,46:7506,47:7425,53:3942,54:3539,55:2920,57:2455,61:2144,66:1318,68:1063,71:777,72:758,73:713,74:702,77:630,78:629,82:510,86:396,87:395,92:373,101:274,102:272,105:265,110:250,115:213,116:208,118:201,122:188,123:182,125:176,131:160,134:144,139:135,140:134,141:134,142:132,143:131,144:131,145:129,146:128,162:102	0	False	0
ecol-SAMN37529175	GP_unb_9	104:265	5	0.0	0.1624736528291617	0.8717104573545303	GP_unb_13	111:230	5	0.0	0.222712997954171	1.5502601327764423	4	-1.1786783270626917	7.777959133695114	0.09960012070298137	4:287711,10:148329,15:96092,21:74936,25:65533,32:34124,40:11651,47:7425,52:4764,53:3942,54:3539,55:2920,56:2743,57:2455,61:2144,65:1345,66:1318,67:1258,68:1063,70:810,71:777,72:758,73:713,74:702,77:630,78:629,86:396,101:274,102:272,105:265,110:250,116:208,117:202,123:182,131:160,134:144,139:135,140:134,141:134,142:132,147:127,156:113	0	False	0
ecol-SAMN37529175	GP_unb_9	104:265	5	0.0	0.1624736528291617	0.8717104573545303	GP_unb_14	113:217	5	0.0	0.14980828056124418	0.5807437621067334	5	-1.5963898905231348	7.915619323869315	0.1693996641006379	10:148329,16:91515,21:74936,26:55833,32:34124,36:15703,40:11651,43:10423,46:7506,47:7425,53:3942,54:3539,55:2920,57:2455,61:2144,66:1318,68:1063,71:777,72:758,73:713,74:702,77:630,78:629,82:510,86:396,87:395,101:274,102:272,105:265,110:250,115:213,116:208,118:201,122:188,123:182,131:160,134:144,139:135,140:134,141:134,142:132,145:129,146:128,162:102	0	False	0
ecol-SAMN37529175	GP_unb_9	104:265	5	0.0	0.1624736528291617	0.8717104573545303	GP_unb_15	129:160	5	0.0	0.4512299663050604	0.7237145325300218	0	0	0	0		1	False	0
ecol-SAMN37529175	GP_unb_9	104:265	5	0.0	0.1624736528291617	0.8717104573545303	GP_unb_16	130:160	5	0.0	0.09430305574846876	0.6962026668014365	0	0	0	0		1	False	0
ecol-SAMN37529175	GP_unb_9	104:265	5	0.0	0.1624736528291617	0.8717104573545303	GP_unb_17	148:120	5	0.0	0.4866024642755672	0.5952585958397819	4	-1.0337653352797957	9.874033634569404	0.1693996641013469	10:148329,21:74936,26:55833,32:34124,36:15703,40:11651,43:10423,46:7506,47:7425,53:3942,55:2920,57:2455,61:2144,66:1318,68:1063,71:777,72:758,73:713,74:702,77:630,78:629,86:396,101:274,102:272,105:265,110:250,116:208,120:191,123:182,131:160,139:135,141:134,146:128	0	False	0
ecol-SAMN37529175	GP_unb_9	104:265	5	0.0	0.1624736528291617	0.8717104573545303	GP_unb_18	150:115	4	0.0	0.4376526581665672	4.860144739351594	4	-0.825315400732219	9.793462696525982	0.16939966410064045	10:148329,21:74936,26:55833,32:34124,36:15703,40:11651,43:10423,46:7506,47:7425,53:3942,54:3539,55:2920,57:2455,61:2144,66:1318,68:1063,71:777,72:758,73:713,74:702,77:630,78:629,86:396,101:274,102:272,105:265,110:250,116:208,122:188,123:182,131:160,139:135,140:134,141:134,146:128	0	False	0
ecol-SAMN37529175	GP_unb_9	104:265	5	0.0	0.1624736528291617	0.8717104573545303	GP_unb_19	153:115	4	0.0	0.18728760763739005	5.458855992296977	4	-0.825315400732219	9.543097645996806	0.16939966410064045	10:148329,21:74936,26:55833,32:34124,36:15703,40:11651,43:10423,46:7506,47:7425,53:3942,54:3539,55:2920,57:2455,61:2144,66:1318,68:1063,71:777,72:758,73:713,74:702,77:630,78:629,86:396,101:274,102:272,105:265,110:250,116:208,122:188,123:182,131:160,139:135,140:134,141:134,146:128	0	False	0
ecol-SAMN37529175	GP_unb_9	104:265	5	0.0	0.1624736528291617	0.8717104573545303	GP_unb_20	154:114	5	0.0	0.495703558220037	0.3744731385899791	4	-1.0498756989532312	10.800351232949225	0.1693996641006379	4:287711,10:148329,15:96092,21:74936,32:34124,34:18420,36:15703,40:11651,43:10423,46:7506,47:7425,53:3942,54:3539,55:2920,56:2743,57:2455,61:2144,65:1345,66:1318,67:1258,68:1063,71:777,72:758,73:713,74:702,77:630,78:629,86:396,95:333,101:274,102:272,105:265,110:250,116:208,123:182,131:160,132:153,134:144,139:135,140:134,141:134,142:132,146:128,152:115	0	False	0
ecol-SAMN37529175	GP_unb_9	104:265	5	0.0	0.1624736528291617	0.8717104573545303	GP_unb_21	155:114	5	0.0	0.4998707558740636	0.4154640409199327	4	-1.0899947374518897	10.804518430603252	0.1693996641006379	4:287711,10:148329,15:96092,21:74936,32:34124,34:18420,36:15703,40:11651,43:10423,46:7506,47:7425,53:3942,54:3539,55:2920,56:2743,57:2455,61:2144,65:1345,66:1318,67:1258,68:1063,71:777,72:758,73:713,74:702,77:630,78:629,86:396,95:333,101:274,102:272,105:265,110:250,116:208,123:182,131:160,132:153,134:144,139:135,140:134,141:134,142:132,146:128,152:115	0	False	0
ecol-SAMN37529175	GP_unb_9	104:265	5	0.0	0.1624736528291617	0.8717104573545303	GP_unb_22	158:112	4	0.0	0.4318248084245706	0.8071320955902777	4	-0.5454006191067746	8.94963691464017	0.1693996641010392	10:148329,18:79137,21:74936,26:55833,32:34124,36:15703,40:11651,43:10423,46:7506,47:7425,53:3942,55:2920,57:2455,66:1318,71:777,72:758,73:713,74:702,77:630,86:396,102:272,105:265,110:250,116:208,123:182,131:160,139:135,141:134,146:128	0	False	0
ecol-SAMN37529175	GP_unb_10	106:265	5	0.0	0.25043627558397363	0.8217426465500159	GP_unb_11	108:259	5	0.0	0.49113953403187105	0.5585578763489654	5	-1.5963898905231348	7.933290445602772	0.1693996641015283	10:148329,16:91515,21:74936,26:55833,32:34124,36:15703,40:11651,43:10423,46:7506,47:7425,53:3942,54:3539,55:2920,57:2455,61:2144,66:1318,68:1063,71:777,72:758,73:713,74:702,77:630,78:629,82:510,86:396,87:395,92:373,101:274,102:272,105:265,110:250,115:213,116:208,118:201,122:188,123:182,125:176,131:160,134:144,139:135,140:134,141:134,142:132,143:131,144:131,145:129,146:128,162:102	0	False	0
ecol-SAMN37529175	GP_unb_10	106:265	5	0.0	0.25043627558397363	0.8217426465500159	GP_unb_12	109:259	5	0.0	0.4903343965596616	0.6115168504875393	5	-1.5963898905231348	7.932485308130563	0.16939966410063784	10:148329,16:91515,21:74936,26:55833,32:34124,36:15703,40:11651,43:10423,46:7506,47:7425,53:3942,54:3539,55:2920,57:2455,61:2144,66:1318,68:1063,71:777,72:758,73:713,74:702,77:630,78:629,82:510,86:396,87:395,92:373,101:274,102:272,105:265,110:250,115:213,116:208,118:201,122:188,123:182,125:176,131:160,134:144,139:135,140:134,141:134,142:132,143:131,144:131,145:129,146:128,162:102	0	False	0
ecol-SAMN37529175	GP_unb_10	106:265	5	0.0	0.25043627558397363	0.8217426465500159	GP_unb_13	111:230	5	0.0	0.222712997954171	1.5502601327764423	4	-1.13521946751505	7.865921756449926	0.09960012070223456	4:287711,10:148329,15:96092,21:74936,25:65533,32:34124,40:11651,47:7425,52:4764,53:3942,54:3539,55:2920,56:2743,57:2455,61:2144,65:1345,66:1318,67:1258,68:1063,70:810,71:777,72:758,73:713,74:702,77:630,78:629,86:396,101:274,102:272,105:265,110:250,116:208,117:202,123:182,131:160,134:144,139:135,140:134,141:134,142:132,147:127,156:113	0	False	0
ecol-SAMN37529175	GP_unb_10	106:265	5	0.0	0.25043627558397363	0.8217426465500159	GP_unb_14	113:217	5	0.0	0.14980828056124418	0.5807437621067334	5	-1.5963898905231348	8.003581946624125	0.1693996641006379	10:148329,16:91515,21:74936,26:55833,32:34124,36:15703,40:11651,43:10423,46:7506,47:7425,53:3942,54:3539,55:2920,57:2455,61:2144,66:1318,68:1063,71:777,72:758,73:713,74:702,77:630,78:629,82:510,86:396,87:395,101:274,102:272,105:265,110:250,115:213,116:208,118:201,122:188,123:182,131:160,134:144,139:135,140:134,141:134,142:132,145:129,146:128,162:102	0	False	0
ecol-SAMN37529175	GP_unb_10	106:265	5	0.0	0.25043627558397363	0.8217426465500159	GP_unb_15	129:160	5	0.0	0.4512299663050604	0.7237145325300218	0	0	0	0		1	False	0
ecol-SAMN37529175	GP_unb_10	106:265	5	0.0	0.25043627558397363	0.8217426465500159	GP_unb_16	130:160	5	0.0	0.09430305574846876	0.6962026668014365	0	0	0	0		1	False	0
ecol-SAMN37529175	GP_unb_10	106:265	5	0.0	0.25043627558397363	0.8217426465500159	GP_unb_17	148:120	5	0.0	0.4866024642755672	0.5952585958397819	4	-0.9903064757321536	9.961996257324216	0.16939966410063795	10:148329,21:74936,26:55833,32:34124,36:15703,40:11651,43:10423,46:7506,47:7425,53:3942,55:2920,57:2455,61:2144,66:1318,68:1063,71:777,72:758,73:713,74:702,77:630,78:629,86:396,101:274,102:272,105:265,110:250,116:208,120:191,123:182,131:160,139:135,141:134,146:128	0	False	0
ecol-SAMN37529175	GP_unb_10	106:265	5	0.0	0.25043627558397363	0.8217426465500159	GP_unb_18	150:115	4	0.0	0.4376526581665672	4.860144739351594	4	-0.7818565411845768	9.881425319280794	0.1693996641006379	10:148329,21:74936,26:55833,32:34124,36:15703,40:11651,43:10423,46:7506,47:7425,53:3942,54:3539,55:2920,57:2455,61:2144,66:1318,68:1063,71:777,72:758,73:713,74:702,77:630,78:629,86:396,101:274,102:272,105:265,110:250,116:208,122:188,123:182,131:160,139:135,140:134,141:134,146:128	0	False	0
ecol-SAMN37529175	GP_unb_10	106:265	5	0.0	0.25043627558397363	0.8217426465500159	GP_unb_19	153:115	4	0.0	0.18728760763739005	5.458855992296977	4	-0.7818565411845768	9.631060268751618	0.1693996641006379	10:148329,21:74936,26:55833,32:34124,36:15703,40:11651,43:10423,46:7506,47:7425,53:3942,54:3539,55:2920,57:2455,61:2144,66:1318,68:1063,71:777,72:758,73:713,74:702,77:630,78:629,86:396,101:274,102:272,105:265,110:250,116:208,122:188,123:182,131:160,139:135,140:134,141:134,146:128	0	False	0
ecol-SAMN37529175	GP_unb_10	106:265	5	0.0	0.25043627558397363	0.8217426465500159	GP_unb_20	154:114	5	0.0	0.495703558220037	0.3744731385899791	4	-1.006416839405589	10.888313855704038	0.16939966410063795	4:287711,10:148329,15:96092,21:74936,32:34124,34:18420,36:15703,40:11651,43:10423,46:7506,47:7425,53:3942,54:3539,55:2920,56:2743,57:2455,61:2144,65:1345,66:1318,67:1258,68:1063,71:777,72:758,73:713,74:702,77:630,78:629,86:396,95:333,101:274,102:272,105:265,110:250,116:208,123:182,131:160,132:153,134:144,139:135,140:134,141:134,142:132,146:128,152:115	0	False	0
ecol-SAMN37529175	GP_unb_10	106:265	5	0.0	0.25043627558397363	0.8217426465500159	GP_unb_21	155:114	5	0.0	0.4998707558740636	0.4154640409199327	4	-1.0465358779042475	10.892481053358065	0.1693996641006379	4:287711,10:148329,15:96092,21:74936,32:34124,34:18420,36:15703,40:11651,43:10423,46:7506,47:7425,53:3942,54:3539,55:2920,56:2743,57:2455,61:2144,65:1345,66:1318,67:1258,68:1063,71:777,72:758,73:713,74:702,77:630,78:629,86:396,95:333,101:274,102:272,105:265,110:250,116:208,123:182,131:160,132:153,134:144,139:135,140:134,141:134,142:132,146:128,152:115	0	False	0
ecol-SAMN37529175	GP_unb_10	106:265	5	0.0	0.25043627558397363	0.8217426465500159	GP_unb_22	158:112	4	0.0	0.4318248084245706	0.8071320955902777	4	-0.5019417595591327	9.037599537394982	0.16939966410063784	10:148329,18:79137,21:74936,26:55833,32:34124,36:15703,40:11651,43:10423,46:7506,47:7425,53:3942,55:2920,57:2455,66:1318,71:777,72:758,73:713,74:702,77:630,86:396,102:272,105:265,110:250,116:208,123:182,131:160,139:135,141:134,146:128	0	False	0
ecol-SAMN37529175	GP_unb_11	108:259	5	0.0	0.49113953403187105	0.5585578763489654	GP_unb_12	109:259	5	0.0	0.4903343965596616	0.6115168504875393	5	0.0	1.413645337345681	0.5585578763493686	103:267	0	False	0
ecol-SAMN37529175	GP_unb_11	108:259	5	0.0	0.49113953403187105	0.5585578763489654	GP_unb_13	111:230	5	0.0	0.222712997954171	1.5502601327764423	5	-1.5896157890613414	6.545158798753175	0.09960012070223456	4:287711,12:125922,18:79137,25:65533,32:34124,40:11651,47:7425,52:4764,53:3942,55:2920,56:2743,57:2455,61:2144,65:1345,66:1318,67:1258,68:1063,70:810,71:777,72:758,74:702,77:630,78:629,82:510,86:396,87:395,92:373,102:272,105:265,110:250,115:213,116:208,117:202,118:201,125:176,131:160,141:134,143:131,144:131,147:127,156:113,162:102	0	False	0
ecol-SAMN37529175	GP_unb_11	108:259	5	0.0	0.49113953403187105	0.5585578763489654	GP_unb_14	113:217	5	0.0	0.14980828056124418	0.5807437621067334	5	0.0	0.6166761924092896	0.5585578763493686	96:329,103:267	0	False	0
ecol-SAMN37529175	GP_unb_11	108:259	5	0.0	0.49113953403187105	0.5585578763489654	GP_unb_15	129:160	5	0.0	0.4512299663050604	0.7237145325300218	0	0	0	0		1	False	0
ecol-SAMN37529175	GP_unb_11	108:259	5	0.0	0.49113953403187105	0.5585578763489654	GP_unb_16	130:160	5	0.0	0.09430305574846876	0.6962026668014365	0	0	0	0		1	False	0
ecol-SAMN37529175	GP_unb_11	108:259	5	0.0	0.49113953403187105	0.5585578763489654	GP_unb_17	148:120	5	0.0	0.4866024642755672	0.5952585958397819	5	-1.370808144683261	8.217276563637494	0.09960012070240849	4:287711,10:148329,11:127712,12:125922,32:34124,40:11651,47:7425,52:4764,53:3942,55:2920,56:2743,57:2455,61:2144,65:1345,66:1318,67:1258,68:1063,70:810,71:777,72:758,74:702,77:630,78:629,82:510,86:396,87:395,92:373,101:274,102:272,105:265,110:250,115:213,116:208,118:201,120:191,123:182,125:176,131:160,139:135,141:134,143:131,144:131,162:102	0	False	0
ecol-SAMN37529175	GP_unb_11	108:259	5	0.0	0.49113953403187105	0.5585578763489654	GP_unb_18	150:115	4	0.0	0.4376526581665672	4.860144739351594	5	-1.6039577313704365	8.561921364372976	0.09960012070223456	4:287711,12:125922,18:79137,32:34124,40:11651,46:7506,47:7425,52:4764,53:3942,55:2920,56:2743,57:2455,61:2144,65:1345,66:1318,67:1258,68:1063,71:777,72:758,74:702,77:630,78:629,82:510,86:396,87:395,92:373,102:272,105:265,110:250,115:213,116:208,118:201,122:188,125:176,126:169,131:160,134:144,141:134,142:132,143:131,144:131,145:129,146:128,162:102	0	False	0
ecol-SAMN37529175	GP_unb_11	108:259	5	0.0	0.49113953403187105	0.5585578763489654	GP_unb_19	153:115	4	0.0	0.18728760763739005	5.458855992296977	5	-1.6039577313704365	8.3115563138438	0.09960012070223456	4:287711,12:125922,18:79137,32:34124,40:11651,46:7506,47:7425,52:4764,53:3942,55:2920,56:2743,57:2455,61:2144,65:1345,66:1318,67:1258,68:1063,71:777,72:758,74:702,77:630,78:629,82:510,86:396,87:395,92:373,102:272,105:265,110:250,115:213,116:208,118:201,122:188,125:176,126:169,131:160,134:144,141:134,142:132,143:131,144:131,145:129,146:128,162:102	0	False	0
ecol-SAMN37529175	GP_unb_11	108:259	5	0.0	0.49113953403187105	0.5585578763489654	GP_unb_20	154:114	5	0.0	0.495703558220037	0.3744731385899791	5	-1.4644258155611944	9.01875524438647	0.09960012070223405	4:287711,12:125922,18:79137,32:34124,34:18420,40:11651,47:7425,52:4764,53:3942,55:2920,56:2743,57:2455,61:2144,65:1345,66:1318,67:1258,68:1063,70:810,71:777,72:758,74:702,77:630,78:629,82:510,86:396,87:395,92:373,95:333,102:272,105:265,110:250,115:213,116:208,118:201,125:176,131:160,132:153,141:134,143:131,144:131,146:128,152:115,162:102	0	False	0
ecol-SAMN37529175	GP_unb_11	108:259	5	0.0	0.49113953403187105	0.5585578763489654	GP_unb_21	155:114	5	0.0	0.4998707558740636	0.4154640409199327	5	-1.4644258155611944	9.022922442040498	0.09960012070223456	4:287711,12:125922,18:79137,32:34124,34:18420,40:11651,47:7425,52:4764,53:3942,55:2920,56:2743,57:2455,61:2144,65:1345,66:1318,67:1258,68:1063,70:810,71:777,72:758,74:702,77:630,78:629,82:510,86:396,87:395,92:373,95:333,102:272,105:265,110:250,115:213,116:208,118:201,125:176,131:160,132:153,141:134,143:131,144:131,146:128,152:115,162:102	0	False	0
ecol-SAMN37529175	GP_unb_11	108:259	5	0.0	0.49113953403187105	0.5585578763489654	GP_unb_22	158:112	4	0.0	0.4318248084245706	0.8071320955902777	5	-1.4701595720351297	7.974895364513028	0.09960012070223467	4:287711,10:148329,11:127712,12:125922,32:34124,40:11651,47:7425,52:4764,53:3942,55:2920,56:2743,57:2455,61:2144,65:1345,66:1318,67:1258,68:1063,70:810,71:777,72:758,74:702,77:630,78:629,82:510,86:396,87:395,92:373,101:274,102:272,105:265,110:250,112:227,115:213,116:208,118:201,120:191,123:182,125:176,127:164,128:162,131:160,139:135,141:134,143:131,144:131,149:120,162:102	0	False	0
ecol-SAMN37529175	GP_unb_12	109:259	5	0.0	0.4903343965596616	0.6115168504875393	GP_unb_13	111:230	5	0.0	0.222712997954171	1.5502601327764423	5	-1.5896157890613414	6.544353661280966	0.09960012070223456	4:287711,12:125922,18:79137,25:65533,32:34124,40:11651,47:7425,52:4764,53:3942,55:2920,56:2743,57:2455,61:2144,65:1345,66:1318,67:1258,68:1063,70:810,71:777,72:758,74:702,77:630,78:629,82:510,86:396,87:395,92:373,102:272,105:265,110:250,115:213,116:208,117:202,118:201,125:176,131:160,141:134,143:131,144:131,147:127,156:113,162:102	0	False	0
ecol-SAMN37529175	GP_unb_12	109:259	5	0.0	0.4903343965596616	0.6115168504875393	GP_unb_14	113:217	5	0.0	0.14980828056124418	0.5807437621067334	5	0.0	0.6158710549370803	0.5807437621060672	96:329,103:267	0	False	0
ecol-SAMN37529175	GP_unb_12	109:259	5	0.0	0.4903343965596616	0.6115168504875393	GP_unb_15	129:160	5	0.0	0.4512299663050604	0.7237145325300218	0	0	0	0		1	False	0
ecol-SAMN37529175	GP_unb_12	109:259	5	0.0	0.4903343965596616	0.6115168504875393	GP_unb_16	130:160	5	0.0	0.09430305574846876	0.6962026668014365	0	0	0	0		1	False	0
ecol-SAMN37529175	GP_unb_12	109:259	5	0.0	0.4903343965596616	0.6115168504875393	GP_unb_17	148:120	5	0.0	0.4866024642755672	0.5952585958397819	5	-1.370808144683261	8.216471426165285	0.09960012070223456	4:287711,10:148329,11:127712,12:125922,32:34124,40:11651,47:7425,52:4764,53:3942,55:2920,56:2743,57:2455,61:2144,65:1345,66:1318,67:1258,68:1063,70:810,71:777,72:758,74:702,77:630,78:629,82:510,86:396,87:395,92:373,101:274,102:272,105:265,110:250,115:213,116:208,118:201,120:191,123:182,125:176,131:160,139:135,141:134,143:131,144:131,162:102	0	False	0
ecol-SAMN37529175	GP_unb_12	109:259	5	0.0	0.4903343965596616	0.6115168504875393	GP_unb_18	150:115	4	0.0	0.4376526581665672	4.860144739351594	5	-1.6039577313704365	8.561116226900767	0.09960012070223456	4:287711,12:125922,18:79137,32:34124,40:11651,46:7506,47:7425,52:4764,53:3942,55:2920,56:2743,57:2455,61:2144,65:1345,66:1318,67:1258,68:1063,71:777,72:758,74:702,77:630,78:629,82:510,86:396,87:395,92:373,102:272,105:265,110:250,115:213,116:208,118:201,122:188,125:176,126:169,131:160,134:144,141:134,142:132,143:131,144:131,145:129,146:128,162:102	0	False	0
ecol-SAMN37529175	GP_unb_12	109:259	5	0.0	0.4903343965596616	0.6115168504875393	GP_unb_19	153:115	4	0.0	0.18728760763739005	5.458855992296977	5	-1.6039577313704365	8.31075117637159	0.09960012070223456	4:287711,12:125922,18:79137,32:34124,40:11651,46:7506,47:7425,52:4764,53:3942,55:2920,56:2743,57:2455,61:2144,65:1345,66:1318,67:1258,68:1063,71:777,72:758,74:702,77:630,78:629,82:510,86:396,87:395,92:373,102:272,105:265,110:250,115:213,116:208,118:201,122:188,125:176,126:169,131:160,134:144,141:134,142:132,143:131,144:131,145:129,146:128,162:102	0	False	0
ecol-SAMN37529175	GP_unb_12	109:259	5	0.0	0.4903343965596616	0.6115168504875393	GP_unb_20	154:114	5	0.0	0.495703558220037	0.3744731385899791	5	-1.4644258155611944	9.017950106914261	0.09960012070282405	4:287711,12:125922,18:79137,32:34124,34:18420,40:11651,47:7425,52:4764,53:3942,55:2920,56:2743,57:2455,61:2144,65:1345,66:1318,67:1258,68:1063,70:810,71:777,72:758,74:702,77:630,78:629,82:510,86:396,87:395,92:373,95:333,102:272,105:265,110:250,115:213,116:208,118:201,125:176,131:160,132:153,141:134,143:131,144:131,146:128,152:115,162:102	0	False	0
ecol-SAMN37529175	GP_unb_12	109:259	5	0.0	0.4903343965596616	0.6115168504875393	GP_unb_21	155:114	5	0.0	0.4998707558740636	0.4154640409199327	5	-1.4644258155611944	9.022117304568289	0.09960012070223456	4:287711,12:125922,18:79137,32:34124,34:18420,40:11651,47:7425,52:4764,53:3942,55:2920,56:2743,57:2455,61:2144,65:1345,66:1318,67:1258,68:1063,70:810,71:777,72:758,74:702,77:630,78:629,82:510,86:396,87:395,92:373,95:333,102:272,105:265,110:250,115:213,116:208,118:201,125:176,131:160,132:153,141:134,143:131,144:131,146:128,152:115,162:102	0	False	0
ecol-SAMN37529175	GP_unb_12	109:259	5	0.0	0.4903343965596616	0.6115168504875393	GP_unb_22	158:112	4	0.0	0.4318248084245706	0.8071320955902777	5	-1.4701595720351297	7.9740902270408185	0.09960012070223456	4:287711,10:148329,11:127712,12:125922,32:34124,40:11651,47:7425,52:4764,53:3942,55:2920,56:2743,57:2455,61:2144,65:1345,66:1318,67:1258,68:1063,70:810,71:777,72:758,74:702,77:630,78:629,82:510,86:396,87:395,92:373,101:274,102:272,105:265,110:250,112:227,115:213,116:208,118:201,120:191,123:182,125:176,127:164,128:162,131:160,139:135,141:134,143:131,144:131,149:120,162:102	0	False	0
ecol-SAMN37529175	GP_unb_13	111:230	5	0.0	0.222712997954171	1.5502601327764423	GP_unb_14	113:217	5	0.0	0.14980828056124418	0.5807437621067334	5	-1.5896157890613414	6.615450299774529	0.09960012070223456	4:287711,12:125922,18:79137,25:65533,32:34124,40:11651,47:7425,52:4764,53:3942,55:2920,56:2743,57:2455,61:2144,65:1345,66:1318,67:1258,68:1063,70:810,71:777,72:758,74:702,77:630,78:629,82:510,86:396,87:395,102:272,105:265,110:250,115:213,116:208,117:202,118:201,131:160,141:134,147:127,156:113,162:102	0	False	0
ecol-SAMN37529175	GP_unb_13	111:230	5	0.0	0.222712997954171	1.5502601327764423	GP_unb_15	129:160	5	0.0	0.4512299663050604	0.7237145325300218	5	-0.013438820167838567	0.585114658465137	0.5790105966098054	76:680,137:136	0	False	0
ecol-SAMN37529175	GP_unb_13	111:230	5	0.0	0.222712997954171	1.5502601327764423	GP_unb_16	130:160	5	0.0	0.09430305574846876	0.6962026668014365	5	-0.013438820167838567	0.2281877479085453	0.5790105966098054	76:680,137:136	0	False	0
ecol-SAMN37529175	GP_unb_13	111:230	5	0.0	0.222712997954171	1.5502601327764423	GP_unb_17	148:120	5	0.0	0.4866024642755672	0.5952585958397819	4	-1.352458705987506	8.139096001793353	0.09960012070223458	4:287711,15:96092,18:79137,25:65533,32:34124,40:11651,47:7425,52:4764,53:3942,54:3539,55:2920,56:2743,57:2455,61:2144,65:1345,66:1318,67:1258,68:1063,70:810,71:777,72:758,74:702,77:630,78:629,86:396,101:274,102:272,105:265,110:250,116:208,117:202,120:191,131:160,134:144,140:134,141:134,142:132,147:127,156:113	0	False	0
ecol-SAMN37529175	GP_unb_13	111:230	5	0.0	0.222712997954171	1.5502601327764423	GP_unb_18	150:115	4	0.0	0.4376526581665672	4.860144739351594	4	-0.8712489441591446	8.3236778733878	0.09960012070263599	4:287711,15:96092,18:79137,25:65533,32:34124,40:11651,47:7425,52:4764,53:3942,55:2920,56:2743,57:2455,61:2144,65:1345,66:1318,67:1258,68:1063,70:810,71:777,72:758,74:702,77:630,78:629,86:396,102:272,105:265,110:250,116:208,117:202,131:160,134:144,141:134,142:132,147:127,156:113	0	False	0
ecol-SAMN37529175	GP_unb_13	111:230	5	0.0	0.222712997954171	1.5502601327764423	GP_unb_19	153:115	4	0.0	0.18728760763739005	5.458855992296977	4	-0.8712489441591446	8.073312822858624	0.09960012070263599	4:287711,15:96092,18:79137,25:65533,32:34124,40:11651,47:7425,52:4764,53:3942,55:2920,56:2743,57:2455,61:2144,65:1345,66:1318,67:1258,68:1063,70:810,71:777,72:758,74:702,77:630,78:629,86:396,102:272,105:265,110:250,116:208,117:202,131:160,134:144,141:134,142:132,147:127,156:113	0	False	0
ecol-SAMN37529175	GP_unb_13	111:230	5	0.0	0.222712997954171	1.5502601327764423	GP_unb_20	154:114	5	0.0	0.495703558220037	0.3744731385899791	4	-0.7450282433261044	9.064781564318036	0.1693996641006379	18:79137,25:65533,26:55833,32:34124,34:18420,36:15703,40:11651,43:10423,46:7506,47:7425,53:3942,55:2920,57:2455,61:2144,66:1318,68:1063,71:777,72:758,74:702,77:630,78:629,86:396,95:333,102:272,105:265,110:250,116:208,117:202,131:160,132:153,141:134,146:128,147:127,152:115,156:113	0	False	0
ecol-SAMN37529175	GP_unb_13	111:230	5	0.0	0.222712997954171	1.5502601327764423	GP_unb_21	155:114	5	0.0	0.4998707558740636	0.4154640409199327	4	-0.7851472818247628	9.068948761972063	0.1693996641006379	18:79137,25:65533,26:55833,32:34124,34:18420,36:15703,40:11651,43:10423,46:7506,47:7425,53:3942,55:2920,57:2455,61:2144,66:1318,68:1063,71:777,72:758,74:702,77:630,78:629,86:396,95:333,102:272,105:265,110:250,116:208,117:202,131:160,132:153,141:134,146:128,147:127,152:115,156:113	0	False	0
ecol-SAMN37529175	GP_unb_13	111:230	5	0.0	0.222712997954171	1.5502601327764423	GP_unb_22	158:112	4	0.0	0.4318248084245706	0.8071320955902777	4	-0.757241057478805	7.686919753974226	0.09960012070223447	4:287711,5:258767,15:96092,18:79137,25:65533,32:34124,40:11651,46:7506,47:7425,52:4764,53:3942,55:2920,57:2455,61:2144,66:1318,67:1258,68:1063,71:777,72:758,74:702,77:630,78:629,86:396,102:272,105:265,110:250,116:208,117:202,131:160,134:144,141:134,146:128,147:127,156:113	0	False	0
ecol-SAMN37529175	GP_unb_14	113:217	5	0.0	0.14980828056124418	0.5807437621067334	GP_unb_15	129:160	5	0.0	0.4512299663050604	0.7237145325300218	0	0	0	0		1	False	0
ecol-SAMN37529175	GP_unb_14	113:217	5	0.0	0.14980828056124418	0.5807437621067334	GP_unb_16	130:160	5	0.0	0.09430305574846876	0.6962026668014365	0	0	0	0		1	False	0
ecol-SAMN37529175	GP_unb_14	113:217	5	0.0	0.14980828056124418	0.5807437621067334	GP_unb_17	148:120	5	0.0	0.4866024642755672	0.5952585958397819	5	-1.370808144683261	8.28756806465885	0.09960012070301211	4:287711,10:148329,11:127712,12:125922,32:34124,40:11651,47:7425,52:4764,53:3942,55:2920,56:2743,57:2455,61:2144,65:1345,66:1318,67:1258,68:1063,70:810,71:777,72:758,74:702,77:630,78:629,82:510,86:396,87:395,101:274,102:272,105:265,110:250,115:213,116:208,118:201,120:191,123:182,131:160,139:135,141:134,162:102	0	False	0
ecol-SAMN37529175	GP_unb_14	113:217	5	0.0	0.14980828056124418	0.5807437621067334	GP_unb_18	150:115	4	0.0	0.4376526581665672	4.860144739351594	5	-1.6039577313704365	8.63221286539433	0.09960012070263596	4:287711,12:125922,18:79137,32:34124,40:11651,46:7506,47:7425,52:4764,53:3942,55:2920,56:2743,57:2455,61:2144,65:1345,66:1318,67:1258,68:1063,71:777,72:758,74:702,77:630,78:629,82:510,86:396,87:395,102:272,105:265,110:250,115:213,116:208,118:201,122:188,126:169,131:160,134:144,141:134,142:132,145:129,146:128,162:102	0	False	0
ecol-SAMN37529175	GP_unb_14	113:217	5	0.0	0.14980828056124418	0.5807437621067334	GP_unb_19	153:115	4	0.0	0.18728760763739005	5.458855992296977	5	-1.6039577313704365	8.381847814865154	0.09960012070263596	4:287711,12:125922,18:79137,32:34124,40:11651,46:7506,47:7425,52:4764,53:3942,55:2920,56:2743,57:2455,61:2144,65:1345,66:1318,67:1258,68:1063,71:777,72:758,74:702,77:630,78:629,82:510,86:396,87:395,102:272,105:265,110:250,115:213,116:208,118:201,122:188,126:169,131:160,134:144,141:134,142:132,145:129,146:128,162:102	0	False	0
ecol-SAMN37529175	GP_unb_14	113:217	5	0.0	0.14980828056124418	0.5807437621067334	GP_unb_20	154:114	5	0.0	0.495703558220037	0.3744731385899791	5	-1.4644258155611944	9.089046745407824	0.09960012070223456	4:287711,12:125922,18:79137,32:34124,34:18420,40:11651,47:7425,52:4764,53:3942,55:2920,56:2743,57:2455,61:2144,65:1345,66:1318,67:1258,68:1063,70:810,71:777,72:758,74:702,77:630,78:629,82:510,86:396,87:395,95:333,102:272,105:265,110:250,115:213,116:208,118:201,131:160,132:153,141:134,146:128,152:115,162:102	0	False	0
ecol-SAMN37529175	GP_unb_14	113:217	5	0.0	0.14980828056124418	0.5807437621067334	GP_unb_21	155:114	5	0.0	0.4998707558740636	0.4154640409199327	5	-1.4644258155611944	9.093213943061851	0.09960012070223456	4:287711,12:125922,18:79137,32:34124,34:18420,40:11651,47:7425,52:4764,53:3942,55:2920,56:2743,57:2455,61:2144,65:1345,66:1318,67:1258,68:1063,70:810,71:777,72:758,74:702,77:630,78:629,82:510,86:396,87:395,95:333,102:272,105:265,110:250,115:213,116:208,118:201,131:160,132:153,141:134,146:128,152:115,162:102	0	False	0
ecol-SAMN37529175	GP_unb_14	113:217	5	0.0	0.14980828056124418	0.5807437621067334	GP_unb_22	158:112	4	0.0	0.4318248084245706	0.8071320955902777	5	-1.4701595720351297	8.04518686553438	0.09960012070223456	4:287711,10:148329,11:127712,12:125922,32:34124,40:11651,47:7425,52:4764,53:3942,55:2920,56:2743,57:2455,61:2144,65:1345,66:1318,67:1258,68:1063,70:810,71:777,72:758,74:702,77:630,78:629,82:510,86:396,87:395,101:274,102:272,105:265,110:250,112:227,115:213,116:208,118:201,120:191,123:182,127:164,128:162,131:160,139:135,141:134,149:120,162:102	0	False	0
ecol-SAMN37529175	GP_unb_15	129:160	5	0.0	0.4512299663050604	0.7237145325300218	GP_unb_16	130:160	5	0.0	0.09430305574846876	0.6962026668014365	5	0.0	0.08447914731379425	0.6962026668006729	94:337	0	False	0
ecol-SAMN37529175	GP_unb_15	129:160	5	0.0	0.4512299663050604	0.7237145325300218	GP_unb_17	148:120	5	0.0	0.4866024642755672	0.5952585958397819	0	0	0	0		1	False	0
ecol-SAMN37529175	GP_unb_15	129:160	5	0.0	0.4512299663050604	0.7237145325300218	GP_unb_18	150:115	4	0.0	0.4376526581665672	4.860144739351594	0	0	0	0		1	False	0
ecol-SAMN37529175	GP_unb_15	129:160	5	0.0	0.4512299663050604	0.7237145325300218	GP_unb_19	153:115	4	0.0	0.18728760763739005	5.458855992296977	0	0	0	0		1	False	0
ecol-SAMN37529175	GP_unb_15	129:160	5	0.0	0.4512299663050604	0.7237145325300218	GP_unb_20	154:114	5	0.0	0.495703558220037	0.3744731385899791	0	0	0	0		1	False	0
ecol-SAMN37529175	GP_unb_15	129:160	5	0.0	0.4512299663050604	0.7237145325300218	GP_unb_21	155:114	5	0.0	0.4998707558740636	0.4154640409199327	0	0	0	0		1	False	0
ecol-SAMN37529175	GP_unb_15	129:160	5	0.0	0.4512299663050604	0.7237145325300218	GP_unb_22	158:112	4	0.0	0.4318248084245706	0.8071320955902777	0	0	0	0		1	False	0
ecol-SAMN37529175	GP_unb_16	130:160	5	0.0	0.09430305574846876	0.6962026668014365	GP_unb_17	148:120	5	0.0	0.4866024642755672	0.5952585958397819	0	0	0	0		1	False	0
ecol-SAMN37529175	GP_unb_16	130:160	5	0.0	0.09430305574846876	0.6962026668014365	GP_unb_18	150:115	4	0.0	0.4376526581665672	4.860144739351594	0	0	0	0		1	False	0
ecol-SAMN37529175	GP_unb_16	130:160	5	0.0	0.09430305574846876	0.6962026668014365	GP_unb_19	153:115	4	0.0	0.18728760763739005	5.458855992296977	0	0	0	0		1	False	0
ecol-SAMN37529175	GP_unb_16	130:160	5	0.0	0.09430305574846876	0.6962026668014365	GP_unb_20	154:114	5	0.0	0.495703558220037	0.3744731385899791	0	0	0	0		1	False	0
ecol-SAMN37529175	GP_unb_16	130:160	5	0.0	0.09430305574846876	0.6962026668014365	GP_unb_21	155:114	5	0.0	0.4998707558740636	0.4154640409199327	0	0	0	0		1	False	0
ecol-SAMN37529175	GP_unb_16	130:160	5	0.0	0.09430305574846876	0.6962026668014365	GP_unb_22	158:112	4	0.0	0.4318248084245706	0.8071320955902777	0	0	0	0		1	False	0
ecol-SAMN37529175	GP_unb_17	148:120	5	0.0	0.4866024642755672	0.5952585958397819	GP_unb_18	150:115	4	0.0	0.4376526581665672	4.860144739351594	4	-0.920392720959033	9.800968600911887	0.1693996641006379	2:522795,26:55833,32:34124,36:15703,40:11651,43:10423,46:7506,47:7425,53:3942,55:2920,57:2455,61:2144,66:1318,68:1063,71:777,72:758,77:630,78:629,86:396,101:274,102:272,105:265,110:250,116:208,120:191,131:160,134:144,141:134,142:132,146:128	0	False	0
ecol-SAMN37529175	GP_unb_17	148:120	5	0.0	0.4866024642755672	0.5952585958397819	GP_unb_19	153:115	4	0.0	0.18728760763739005	5.458855992296977	4	-0.920392720959033	9.55060355038271	0.1693996641006379	2:522795,26:55833,32:34124,36:15703,40:11651,43:10423,46:7506,47:7425,53:3942,55:2920,57:2455,61:2144,66:1318,68:1063,71:777,72:758,77:630,78:629,86:396,101:274,102:272,105:265,110:250,116:208,120:191,131:160,134:144,141:134,142:132,146:128	0	False	0
ecol-SAMN37529175	GP_unb_17	148:120	5	0.0	0.4866024642755672	0.5952585958397819	GP_unb_20	154:114	5	0.0	0.495703558220037	0.3744731385899791	4	-1.1791224770124273	11.070496462591713	0.16939966410103927	2:522795,4:287711,15:96092,32:34124,34:18420,36:15703,40:11651,43:10423,46:7506,47:7425,53:3942,55:2920,56:2743,57:2455,61:2144,65:1345,66:1318,67:1258,68:1063,71:777,72:758,77:630,78:629,86:396,95:333,101:274,102:272,105:265,110:250,116:208,120:191,131:160,132:153,134:144,141:134,146:128,152:115	0	False	0
ecol-SAMN37529175	GP_unb_17	148:120	5	0.0	0.4866024642755672	0.5952585958397819	GP_unb_21	155:114	5	0.0	0.4998707558740636	0.4154640409199327	4	-1.2192415155110858	11.07466366024574	0.1693996641006379	2:522795,4:287711,15:96092,32:34124,34:18420,36:15703,40:11651,43:10423,46:7506,47:7425,53:3942,55:2920,56:2743,57:2455,61:2144,65:1345,66:1318,67:1258,68:1063,71:777,72:758,77:630,78:629,86:396,95:333,101:274,102:272,105:265,110:250,116:208,120:191,131:160,132:153,134:144,141:134,146:128,152:115	0	False	0
ecol-SAMN37529175	GP_unb_17	148:120	5	0.0	0.4866024642755672	0.5952585958397819	GP_unb_22	158:112	4	0.0	0.4318248084245706	0.8071320955902777	4	-0.8138485993028965	9.496570760445842	0.16939966410063795	26:55833,32:34124,36:15703,40:11651,43:10423,46:7506,47:7425,53:3942,55:2920,57:2455,66:1318,71:777,72:758,77:630,86:396,101:274,102:272,105:265,110:250,116:208,120:191,131:160,141:134,146:128	0	False	0
ecol-SAMN37529175	GP_unb_18	150:115	4	0.0	0.4376526581665672	4.860144739351594	GP_unb_19	153:115	4	0.0	0.18728760763739005	5.458855992296977	4	-0.882530531418652	9.806444794533393	0.09960012070223496	18:79137,32:34124,39:12084,40:11651,46:7506,47:7425,52:4764,53:3942,55:2920,56:2743,57:2455,61:2144,65:1345,66:1318,68:1063,71:777,72:758,74:702,77:630,78:629,86:396,102:272,105:265,110:250,116:208,122:188,126:169,131:160,134:144,140:134,141:134,142:132,146:128	0	False	0
ecol-SAMN37529175	GP_unb_18	150:115	4	0.0	0.4376526581665672	4.860144739351594	GP_unb_20	154:114	5	0.0	0.495703558220037	0.3744731385899791	4	-0.9706725424648504	10.989925524548292	0.1693996641006379	2:522795,4:287711,15:96092,32:34124,34:18420,36:15703,40:11651,43:10423,46:7506,47:7425,53:3942,54:3539,55:2920,56:2743,57:2455,61:2144,65:1345,66:1318,67:1258,68:1063,71:777,72:758,77:630,78:629,86:396,95:333,101:274,102:272,105:265,110:250,116:208,122:188,131:160,132:153,134:144,140:134,141:134,146:128,152:115	0	False	0
ecol-SAMN37529175	GP_unb_18	150:115	4	0.0	0.4376526581665672	4.860144739351594	GP_unb_21	155:114	5	0.0	0.4998707558740636	0.4154640409199327	4	-1.0107915809635089	10.99409272220232	0.1693996641006379	2:522795,4:287711,15:96092,32:34124,34:18420,36:15703,40:11651,43:10423,46:7506,47:7425,53:3942,54:3539,55:2920,56:2743,57:2455,61:2144,65:1345,66:1318,67:1258,68:1063,71:777,72:758,77:630,78:629,86:396,95:333,101:274,102:272,105:265,110:250,116:208,122:188,131:160,132:153,134:144,140:134,141:134,146:128,152:115	0	False	0
ecol-SAMN37529175	GP_unb_18	150:115	4	0.0	0.4376526581665672	4.860144739351594	GP_unb_22	158:112	4	0.0	0.4318248084245706	0.8071320955902777	4	-0.48371655999628954	9.68566013709942	0.16939966410063775	5:258767,18:79137,26:55833,32:34124,36:15703,40:11651,43:10423,46:7506,47:7425,53:3942,55:2920,57:2455,61:2144,66:1318,68:1063,71:777,72:758,74:702,77:630,78:629,86:396,102:272,105:265,110:250,116:208,131:160,134:144,141:134,142:132,146:128	0	False	0
ecol-SAMN37529175	GP_unb_19	153:115	4	0.0	0.18728760763739005	5.458855992296977	GP_unb_20	154:114	5	0.0	0.495703558220037	0.3744731385899791	4	-0.9706725424648504	10.739560474019116	0.1693996641006379	2:522795,4:287711,15:96092,32:34124,34:18420,36:15703,40:11651,43:10423,46:7506,47:7425,53:3942,54:3539,55:2920,56:2743,57:2455,61:2144,65:1345,66:1318,67:1258,68:1063,71:777,72:758,77:630,78:629,86:396,95:333,101:274,102:272,105:265,110:250,116:208,122:188,131:160,132:153,134:144,140:134,141:134,146:128,152:115	0	False	0
ecol-SAMN37529175	GP_unb_19	153:115	4	0.0	0.18728760763739005	5.458855992296977	GP_unb_21	155:114	5	0.0	0.4998707558740636	0.4154640409199327	4	-1.0107915809635089	10.743727671673144	0.1693996641006379	2:522795,4:287711,15:96092,32:34124,34:18420,36:15703,40:11651,43:10423,46:7506,47:7425,53:3942,54:3539,55:2920,56:2743,57:2455,61:2144,65:1345,66:1318,67:1258,68:1063,71:777,72:758,77:630,78:629,86:396,95:333,101:274,102:272,105:265,110:250,116:208,122:188,131:160,132:153,134:144,140:134,141:134,146:128,152:115	0	False	0
ecol-SAMN37529175	GP_unb_19	153:115	4	0.0	0.18728760763739005	5.458855992296977	GP_unb_22	158:112	4	0.0	0.4318248084245706	0.8071320955902777	4	-0.48371655999628954	9.435295086570244	0.16939966410063773	5:258767,18:79137,26:55833,32:34124,36:15703,40:11651,43:10423,46:7506,47:7425,53:3942,55:2920,57:2455,61:2144,66:1318,68:1063,71:777,72:758,74:702,77:630,78:629,86:396,102:272,105:265,110:250,116:208,131:160,134:144,141:134,142:132,146:128	0	False	0
ecol-SAMN37529175	GP_unb_20	154:114	5	0.0	0.495703558220037	0.3744731385899791	GP_unb_21	155:114	5	0.0	0.4998707558740636	0.4154640409199327	5	0.0	1.4201326174234927	0.37447313859047426	100:274	0	False	0
ecol-SAMN37529175	GP_unb_20	154:114	5	0.0	0.495703558220037	0.3744731385899791	GP_unb_22	158:112	4	0.0	0.4318248084245706	0.8071320955902777	4	-0.7424463160496837	10.955187998779248	0.1693996641006379	4:287711,5:258767,15:96092,18:79137,32:34124,34:18420,36:15703,40:11651,43:10423,46:7506,47:7425,53:3942,55:2920,56:2743,57:2455,61:2144,65:1345,66:1318,67:1258,68:1063,71:777,72:758,74:702,77:630,78:629,86:396,95:333,102:272,105:265,110:250,116:208,131:160,132:153,134:144,141:134,146:128,152:115	0	False	0
ecol-SAMN37529175	GP_unb_21	155:114	5	0.0	0.4998707558740636	0.4154640409199327	GP_unb_22	158:112	4	0.0	0.4318248084245706	0.8071320955902777	4	-0.7825653545483422	10.959355196433275	0.16939966410063792	4:287711,5:258767,15:96092,18:79137,32:34124,34:18420,36:15703,40:11651,43:10423,46:7506,47:7425,53:3942,55:2920,56:2743,57:2455,61:2144,65:1345,66:1318,67:1258,68:1063,71:777,72:758,74:702,77:630,78:629,86:396,95:333,102:272,105:265,110:250,116:208,131:160,132:153,134:144,141:134,146:128,152:115	0	False	0