SAMPLE	BIN1	BIN1_CONTIGS	BIN1_GC_BIN	BIN1_GC	BIN1_GD	BIN1_RD	BIN2	BIN2_CONTIGS	BIN2_GC_BIN	BIN2_GC	BIN2_GD	BIN2_RD	MERGE_GC_BIN	MERGE_GC	MERGE_GD	MERGE_RD	MERGE_PATH	MILP_INFEASIBLE	BINS_OVERLAP	IS_SUBSET
ecol-SAMN01112512	GP_0	19:99628,61:3997,74:2317,87:1296,93:1113,98:945,100:930,102:915,103:914,120:699,124:660,139:517,169:407,218:274,254:216,256:214,257:212,275:187,303:149,319:141	4	-0.4974841095036435	2.2167804019524002	0.9677089057240573	GP_2	28:47207,45:15794,46:15685,48:12045,51:9636,53:6602,54:6169,56:4890,60:4091,62:3894,66:2910,72:2390,82:1671,84:1444,87:1296,89:1277,91:1214,96:1077,99:942,101:918,111:744,117:704,122:680,124:660,134:564,145:484,169:407,223:254,255:215,263:210,275:187,287:170,304:149,313:145,317:141,321:140,329:136,346:129,357:122,372:110,375:104,376:104	4	-1.5226121622181963	6.686538163491189	0.9415012926646908	5	-3.9015820906920493	15.997075997489114	0.12548005753231287	5:278359,25:65417,26:58284,69:2663,77:1892,95:1081,121:691,129:608,171:403,175:391,201:311,209:296,225:250,240:230,244:227,245:227,258:212,262:210,271:195,288:168,296:158,302:150,320:141,334:133,341:131,343:130,352:127,353:125,370:115,371:112,380:102,383:102	0	True	0
ecol-SAMN01112512	GP_0	19:99628,61:3997,74:2317,87:1296,93:1113,98:945,100:930,102:915,103:914,120:699,124:660,139:517,169:407,218:274,254:216,256:214,257:212,275:187,303:149,319:141	4	-0.4974841095036435	2.2167804019524002	0.9677089057240573	GP_3	34:31389,39:25407,42:20060,49:11306,57:4638,75:2184,87:1296,99:942,124:660,195:333,272:194,275:187,357:122	5	-0.5153831557314763	5.089250668679542	0.800890602432792	5	-2.4362691298649577	16.10793823433926	0.06861121312249453	5:278359,25:65417,26:58284,46:15685,56:4890,62:3894,69:2663,77:1892,95:1081,121:691,129:608,171:403,174:392,175:391,201:311,209:296,225:250,240:230,244:227,245:227,255:215,258:212,262:210,271:195,288:168,296:158,302:150,320:141,334:133,341:131,343:130,346:129,352:127,353:125,370:115,371:112,372:110,373:108,380:102,383:102	0	True	0
ecol-SAMN01112512	GP_0	19:99628,61:3997,74:2317,87:1296,93:1113,98:945,100:930,102:915,103:914,120:699,124:660,139:517,169:407,218:274,254:216,256:214,257:212,275:187,303:149,319:141	4	-0.4974841095036435	2.2167804019524002	0.9677089057240573	GP_4	43:18850,50:9764,55:4932,58:4615,65:3153,70:2536,86:1351,122:680,127:635,134:564,135:562,137:542,140:510,141:510,151:452,162:417,184:366,229:247,243:227,274:188,277:184,280:176,282:174,283:173,324:137	5	-0.8471346767327117	4.451077307442613	1.0283365312146244	5	-3.2517079172243313	16.634142778527146	0.06861121312249452	5:278359,9:208141,18:109063,26:58284,28:47207,56:4890,62:3894,69:2663,77:1892,95:1081,121:691,129:608,171:403,174:392,175:391,195:333,201:311,209:296,223:254,225:250,227:247,238:236,240:230,244:227,245:227,255:215,258:212,260:211,262:210,271:195,288:168,296:158,302:150,320:141,334:133,338:131,341:131,343:130,346:129,352:127,353:125,357:122,370:115,371:112,372:110,373:108,375:104,380:102,383:102	0	False	0
ecol-SAMN01112512	GP_0	19:99628,61:3997,74:2317,87:1296,93:1113,98:945,100:930,102:915,103:914,120:699,124:660,139:517,169:407,218:274,254:216,256:214,257:212,275:187,303:149,319:141	4	-0.4974841095036435	2.2167804019524002	0.9677089057240573	GP_1	64:3376,75:2184,85:1369,94:1095,95:1081,112:743,114:732,115:732,119:700,123:668,128:612,129:608,130:605,132:571,138:521,178:383,179:382,189:336,201:311,225:250,226:248,245:227,258:212,259:212,269:200,272:194,288:168,289:167,296:158,312:146,340:131,349:129,381:102	5	-0.1935346793074418	7.90564862564831	0.850480282734744	5	-2.0708074815438073	17.653046970113806	0.6188395744557055	20:94955,25:65417,69:2663,92:1149,117:704,122:680,131:601,162:417,171:403,174:392,195:333,222:260,227:247,260:211,263:210,270:200,271:195,277:184,287:170,297:157,320:141,329:136,334:133,338:131,341:131,343:130,346:129,347:129,350:128,353:125,357:122,369:117,372:110,373:108,380:102	0	False	0
ecol-SAMN01112512	GP_0	19:99628,61:3997,74:2317,87:1296,93:1113,98:945,100:930,102:915,103:914,120:699,124:660,139:517,169:407,218:274,254:216,256:214,257:212,275:187,303:149,319:141	4	-0.4974841095036435	2.2167804019524002	0.9677089057240573	GP_unb_1	73:2386	5	0.0	0.2760778200571202	1.9493593727948884	5	-2.2462257171277913	10.501096162869445	0.06861121312249452	5:278359,20:94955,25:65417,26:58284,52:6680,56:4890,62:3894,69:2663,77:1892,95:1081,117:704,121:691,125:646,129:608,171:403,174:392,175:391,195:333,201:311,209:296,225:250,227:247,240:230,244:227,245:227,255:215,258:212,260:211,262:210,263:210,271:195,274:188,287:170,288:168,296:158,302:150,320:141,329:136,334:133,338:131,341:131,343:130,346:129,347:129,350:128,352:127,353:125,357:122,369:117,370:115,371:112,372:110,373:108,380:102,383:102	0	False	0
ecol-SAMN01112512	GP_0	19:99628,61:3997,74:2317,87:1296,93:1113,98:945,100:930,102:915,103:914,120:699,124:660,139:517,169:407,218:274,254:216,256:214,257:212,275:187,303:149,319:141	4	-0.4974841095036435	2.2167804019524002	0.9677089057240573	GP_unb_2	105:867	5	0.0	0.4830018916810376	2.06306281960046	4	-0.5040499923348079	2.699782293633438	0.9677089057240664		0	False	0
ecol-SAMN01112512	GP_0	19:99628,61:3997,74:2317,87:1296,93:1113,98:945,100:930,102:915,103:914,120:699,124:660,139:517,169:407,218:274,254:216,256:214,257:212,275:187,303:149,319:141	4	-0.4974841095036435	2.2167804019524002	0.9677089057240573	GP_unb_3	142:507	5	0.0	0.3245251361530843	9.544519612170564	4	-0.8560171065119947	3.3813953520069107	0.9677089057240664	47:14926,99:942	0	False	0
ecol-SAMN01112512	GP_0	19:99628,61:3997,74:2317,87:1296,93:1113,98:945,100:930,102:915,103:914,120:699,124:660,139:517,169:407,218:274,254:216,256:214,257:212,275:187,303:149,319:141	4	-0.4974841095036435	2.2167804019524002	0.9677089057240573	GP_unb_4	146:468	5	0.0	0.06046954653248682	0.8870352187320776	0	0	0	0		1	False	0
ecol-SAMN01112512	GP_0	19:99628,61:3997,74:2317,87:1296,93:1113,98:945,100:930,102:915,103:914,120:699,124:660,139:517,169:407,218:274,254:216,256:214,257:212,275:187,303:149,319:141	4	-0.4974841095036435	2.2167804019524002	0.9677089057240573	GP_unb_5	149:454	5	0.0	0.43020733534872635	0.9983334984821324	5	-1.093232266792589	3.4400046254988026	0.9677089057240664	11:156317,31:39302,112:743,115:732,128:612,178:383,183:369,226:248,269:200,309:147,349:129	0	False	0
ecol-SAMN01112512	GP_0	19:99628,61:3997,74:2317,87:1296,93:1113,98:945,100:930,102:915,103:914,120:699,124:660,139:517,169:407,218:274,254:216,256:214,257:212,275:187,303:149,319:141	4	-0.4974841095036435	2.2167804019524002	0.9677089057240573	GP_unb_6	150:454	5	0.0	0.3082487470736095	2.2394177153615407	5	-1.093232266792589	3.3180460372236857	0.9677089057240664	11:156317,31:39302,112:743,115:732,128:612,178:383,183:369,226:248,269:200,309:147,349:129	0	False	0
ecol-SAMN01112512	GP_0	19:99628,61:3997,74:2317,87:1296,93:1113,98:945,100:930,102:915,103:914,120:699,124:660,139:517,169:407,218:274,254:216,256:214,257:212,275:187,303:149,319:141	4	-0.4974841095036435	2.2167804019524002	0.9677089057240573	GP_unb_7	152:450	5	0.0	0.4897447344363828	1.705089285446187	0	0	0	0		1	False	0
ecol-SAMN01112512	GP_0	19:99628,61:3997,74:2317,87:1296,93:1113,98:945,100:930,102:915,103:914,120:699,124:660,139:517,169:407,218:274,254:216,256:214,257:212,275:187,303:149,319:141	4	-0.4974841095036435	2.2167804019524002	0.9677089057240573	GP_unb_8	153:450	5	0.0	0.478133321407228	0.9926613879105074	0	0	0	0		1	False	0
ecol-SAMN01112512	GP_0	19:99628,61:3997,74:2317,87:1296,93:1113,98:945,100:930,102:915,103:914,120:699,124:660,139:517,169:407,218:274,254:216,256:214,257:212,275:187,303:149,319:141	4	-0.4974841095036435	2.2167804019524002	0.9677089057240573	GP_unb_9	154:450	4	0.0	0.46156657280855484	1.1445142073007781	5	-2.3976564326934366	12.575711130707809	0.06861121312249452	5:278359,20:94955,25:65417,26:58284,56:4890,62:3894,69:2663,77:1892,92:1149,95:1081,117:704,121:691,122:680,129:608,171:403,174:392,175:391,195:333,201:311,209:296,222:260,225:250,227:247,240:230,244:227,245:227,255:215,258:212,260:211,262:210,263:210,271:195,287:170,288:168,296:158,302:150,320:141,329:136,334:133,338:131,341:131,343:130,346:129,347:129,350:128,352:127,353:125,357:122,369:117,370:115,371:112,372:110,373:108,380:102,383:102	0	False	0
ecol-SAMN01112512	GP_0	19:99628,61:3997,74:2317,87:1296,93:1113,98:945,100:930,102:915,103:914,120:699,124:660,139:517,169:407,218:274,254:216,256:214,257:212,275:187,303:149,319:141	4	-0.4974841095036435	2.2167804019524002	0.9677089057240573	GP_unb_10	156:442	4	0.0	0.46965951554863716	1.073217969390421	5	-2.5686431635722147	13.250368784451737	0.06861121312249452	5:278359,20:94955,25:65417,26:58284,56:4890,62:3894,69:2663,77:1892,92:1149,95:1081,117:704,121:691,122:680,129:608,171:403,174:392,175:391,195:333,201:311,209:296,222:260,225:250,227:247,240:230,244:227,245:227,255:215,258:212,260:211,262:210,263:210,271:195,277:184,280:176,287:170,288:168,296:158,297:157,302:150,320:141,329:136,334:133,338:131,341:131,342:130,343:130,346:129,347:129,350:128,352:127,353:125,357:122,369:117,370:115,371:112,372:110,373:108,380:102,383:102	0	False	0
ecol-SAMN01112512	GP_0	19:99628,61:3997,74:2317,87:1296,93:1113,98:945,100:930,102:915,103:914,120:699,124:660,139:517,169:407,218:274,254:216,256:214,257:212,275:187,303:149,319:141	4	-0.4974841095036435	2.2167804019524002	0.9677089057240573	GP_unb_11	157:439	5	0.0	0.49792362478415275	2.0017085393939937	4	-0.5800395459586889	2.7147040267365528	0.9677089057240664		0	False	0
ecol-SAMN01112512	GP_0	19:99628,61:3997,74:2317,87:1296,93:1113,98:945,100:930,102:915,103:914,120:699,124:660,139:517,169:407,218:274,254:216,256:214,257:212,275:187,303:149,319:141	4	-0.4974841095036435	2.2167804019524002	0.9677089057240573	GP_unb_12	158:439	4	0.0	0.34662022859837394	4.421033351049296	5	-2.5701245979153993	13.12732949750147	0.06861121312249452	5:278359,20:94955,25:65417,26:58284,56:4890,62:3894,69:2663,77:1892,92:1149,95:1081,117:704,121:691,122:680,129:608,171:403,174:392,175:391,195:333,201:311,209:296,222:260,225:250,227:247,240:230,244:227,245:227,255:215,258:212,260:211,262:210,263:210,271:195,277:184,280:176,287:170,288:168,296:158,297:157,302:150,320:141,329:136,334:133,338:131,341:131,342:130,343:130,346:129,347:129,350:128,352:127,353:125,357:122,369:117,370:115,371:112,372:110,373:108,380:102,383:102	0	False	0
ecol-SAMN01112512	GP_0	19:99628,61:3997,74:2317,87:1296,93:1113,98:945,100:930,102:915,103:914,120:699,124:660,139:517,169:407,218:274,254:216,256:214,257:212,275:187,303:149,319:141	4	-0.4974841095036435	2.2167804019524002	0.9677089057240573	GP_unb_13	160:420	5	0.0	0.17657091414047899	1.150141277290839	5	-1.0872295375260648	1.0113784760131987	0.9677089057240664	11:156317,31:39302,189:336,279:179,309:147,325:136,349:129	0	False	0
ecol-SAMN01112512	GP_0	19:99628,61:3997,74:2317,87:1296,93:1113,98:945,100:930,102:915,103:914,120:699,124:660,139:517,169:407,218:274,254:216,256:214,257:212,275:187,303:149,319:141	4	-0.4974841095036435	2.2167804019524002	0.9677089057240573	GP_unb_14	161:420	5	0.0	0.18973607844175633	2.8294042932682344	5	-1.0872295375260648	1.024543640314476	0.9677089057240664	11:156317,31:39302,189:336,279:179,309:147,325:136,349:129	0	False	0
ecol-SAMN01112512	GP_0	19:99628,61:3997,74:2317,87:1296,93:1113,98:945,100:930,102:915,103:914,120:699,124:660,139:517,169:407,218:274,254:216,256:214,257:212,275:187,303:149,319:141	4	-0.4974841095036435	2.2167804019524002	0.9677089057240573	GP_unb_15	163:416	5	0.0	0.46224048193324485	3.22298390850156	0	0	0	0		1	False	0
ecol-SAMN01112512	GP_0	19:99628,61:3997,74:2317,87:1296,93:1113,98:945,100:930,102:915,103:914,120:699,124:660,139:517,169:407,218:274,254:216,256:214,257:212,275:187,303:149,319:141	4	-0.4974841095036435	2.2167804019524002	0.9677089057240573	GP_unb_16	164:416	5	0.0	0.4329869782589292	1.0446682460897267	5	-2.5211061545833817	14.419023088888494	0.06861121312249452	5:278359,20:94955,25:65417,26:58284,56:4890,62:3894,69:2663,75:2184,77:1892,92:1149,95:1081,117:704,121:691,122:680,129:608,131:601,162:417,171:403,174:392,175:391,195:333,201:311,209:296,222:260,225:250,227:247,240:230,244:227,245:227,255:215,258:212,260:211,262:210,263:210,271:195,277:184,287:170,288:168,296:158,297:157,302:150,320:141,329:136,334:133,338:131,341:131,343:130,346:129,347:129,350:128,352:127,353:125,357:122,369:117,370:115,371:112,372:110,373:108,380:102,383:102	0	False	0
ecol-SAMN01112512	GP_0	19:99628,61:3997,74:2317,87:1296,93:1113,98:945,100:930,102:915,103:914,120:699,124:660,139:517,169:407,218:274,254:216,256:214,257:212,275:187,303:149,319:141	4	-0.4974841095036435	2.2167804019524002	0.9677089057240573	GP_unb_17	165:414	5	0.0	0.1364548168339883	1.1496308173664471	5	-2.116199978748058	10.591274811357819	0.12548005753160388	17:112208,20:94955,23:92039,25:65417,26:58284,30:43162,36:28745,67:2812,69:2663,77:1892,81:1698,92:1149,95:1081,109:829,116:711,117:704,121:691,122:680,129:608,171:403,186:353,195:333,198:325,201:311,209:296,222:260,225:250,227:247,240:230,244:227,245:227,258:212,260:211,262:210,263:210,271:195,277:184,287:170,288:168,296:158,297:157,302:150,320:141,329:136,334:133,338:131,341:131,343:130,346:129,347:129,350:128,352:127,353:125,357:122,369:117,370:115,371:112,372:110,380:102,383:102	0	False	0
ecol-SAMN01112512	GP_0	19:99628,61:3997,74:2317,87:1296,93:1113,98:945,100:930,102:915,103:914,120:699,124:660,139:517,169:407,218:274,254:216,256:214,257:212,275:187,303:149,319:141	4	-0.4974841095036435	2.2167804019524002	0.9677089057240573	GP_unb_18	172:402	5	0.0	0.2119799037016563	0.7225800446202028	5	-1.8568714177579582	13.295275147925473	0.3316368047617288	20:94955,25:65417,69:2663,92:1149,95:1081,117:704,121:691,122:680,171:403,174:392,195:333,198:325,201:311,209:296,222:260,225:250,227:247,240:230,244:227,245:227,258:212,260:211,262:210,263:210,271:195,277:184,287:170,288:168,296:158,297:157,302:150,320:141,329:136,334:133,338:131,341:131,343:130,346:129,347:129,350:128,352:127,353:125,357:122,369:117,370:115,371:112,372:110,373:108,380:102,383:102	0	False	0
ecol-SAMN01112512	GP_0	19:99628,61:3997,74:2317,87:1296,93:1113,98:945,100:930,102:915,103:914,120:699,124:660,139:517,169:407,218:274,254:216,256:214,257:212,275:187,303:149,319:141	4	-0.4974841095036435	2.2167804019524002	0.9677089057240573	GP_unb_19	177:383	5	0.0	0.05509597189143711	1.0647833698162044	4	-0.834267117019626	2.2587004672640907	0.9677089057240664	176:383,327:136,344:129	0	False	0
ecol-SAMN01112512	GP_0	19:99628,61:3997,74:2317,87:1296,93:1113,98:945,100:930,102:915,103:914,120:699,124:660,139:517,169:407,218:274,254:216,256:214,257:212,275:187,303:149,319:141	4	-0.4974841095036435	2.2167804019524002	0.9677089057240573	GP_unb_20	182:371	4	0.0	0.3211643251171751	1.0163377202859776	5	-1.93070266619492	13.760627251532354	0.33163680476172885	20:94955,25:65417,69:2663,92:1149,95:1081,117:704,121:691,122:680,171:403,174:392,195:333,198:325,209:296,222:260,225:250,227:247,240:230,244:227,245:227,247:224,258:212,259:212,260:211,262:210,263:210,271:195,277:184,287:170,288:168,289:167,296:158,297:157,302:150,320:141,329:136,334:133,338:131,341:131,343:130,346:129,347:129,350:128,352:127,353:125,357:122,369:117,370:115,371:112,372:110,373:108,380:102,381:102,383:102	0	False	0
ecol-SAMN01112512	GP_0	19:99628,61:3997,74:2317,87:1296,93:1113,98:945,100:930,102:915,103:914,120:699,124:660,139:517,169:407,218:274,254:216,256:214,257:212,275:187,303:149,319:141	4	-0.4974841095036435	2.2167804019524002	0.9677089057240573	GP_unb_21	185:354	5	0.0	0.4913840660203582	0.7431065389916315	5	-1.8568714177579582	12.950135053043901	0.33163680476172885	20:94955,25:65417,69:2663,92:1149,95:1081,117:704,121:691,122:680,171:403,174:392,195:333,198:325,209:296,222:260,225:250,227:247,240:230,244:227,245:227,258:212,260:211,262:210,263:210,271:195,277:184,287:170,288:168,289:167,296:158,297:157,302:150,320:141,329:136,334:133,338:131,341:131,343:130,346:129,347:129,350:128,352:127,353:125,357:122,369:117,370:115,371:112,372:110,373:108,380:102,383:102	0	False	0
ecol-SAMN01112512	GP_0	19:99628,61:3997,74:2317,87:1296,93:1113,98:945,100:930,102:915,103:914,120:699,124:660,139:517,169:407,218:274,254:216,256:214,257:212,275:187,303:149,319:141	4	-0.4974841095036435	2.2167804019524002	0.9677089057240573	GP_unb_22	187:352	4	0.0	0.15791602210087818	1.040290301561707	5	-2.8194757861226427	12.937377430734003	0.12548005753160396	5:278359,20:94955,25:65417,26:58284,62:3894,69:2663,77:1892,92:1149,95:1081,117:704,118:700,121:691,122:680,129:608,171:403,174:392,175:391,190:335,195:333,198:325,201:311,209:296,222:260,225:250,227:247,240:230,244:227,245:227,255:215,258:212,260:211,262:210,263:210,271:195,277:184,287:170,288:168,296:158,297:157,302:150,320:141,329:136,334:133,338:131,341:131,343:130,346:129,347:129,350:128,352:127,353:125,357:122,369:117,370:115,371:112,372:110,373:108,380:102,383:102	0	False	0
ecol-SAMN01112512	GP_0	19:99628,61:3997,74:2317,87:1296,93:1113,98:945,100:930,102:915,103:914,120:699,124:660,139:517,169:407,218:274,254:216,256:214,257:212,275:187,303:149,319:141	4	-0.4974841095036435	2.2167804019524002	0.9677089057240573	GP_unb_23	193:334	5	0.0	0.17300503337316187	1.2369074536157079	5	-2.091410053183559	11.317601884745343	0.06861121312249452	5:278359,20:94955,25:65417,26:58284,56:4890,62:3894,69:2663,77:1892,95:1081,121:691,129:608,171:403,174:392,175:391,195:333,201:311,209:296,217:274,225:250,227:247,240:230,244:227,245:227,255:215,258:212,260:211,262:210,271:195,288:168,296:158,302:150,320:141,329:136,334:133,338:131,341:131,343:130,346:129,352:127,353:125,357:122,370:115,371:112,372:110,373:108,380:102,383:102	0	False	0
ecol-SAMN01112512	GP_0	19:99628,61:3997,74:2317,87:1296,93:1113,98:945,100:930,102:915,103:914,120:699,124:660,139:517,169:407,218:274,254:216,256:214,257:212,275:187,303:149,319:141	4	-0.4974841095036435	2.2167804019524002	0.9677089057240573	GP_unb_24	196:325	5	0.0	0.3159559188188914	1.5547348160692784	5	-2.306016869134725	11.80875477999447	0.06861121312249452	5:278359,20:94955,25:65417,26:58284,52:6680,56:4890,62:3894,69:2663,77:1892,95:1081,117:704,121:691,125:646,127:635,129:608,170:403,171:403,174:392,175:391,184:366,195:333,201:311,209:296,225:250,227:247,240:230,244:227,245:227,255:215,258:212,260:211,262:210,263:210,271:195,274:188,287:170,288:168,296:158,302:150,320:141,329:136,334:133,338:131,341:131,343:130,346:129,347:129,350:128,352:127,353:125,357:122,369:117,370:115,371:112,372:110,373:108,380:102,383:102	0	False	0
ecol-SAMN01112512	GP_0	19:99628,61:3997,74:2317,87:1296,93:1113,98:945,100:930,102:915,103:914,120:699,124:660,139:517,169:407,218:274,254:216,256:214,257:212,275:187,303:149,319:141	4	-0.4974841095036435	2.2167804019524002	0.9677089057240573	GP_unb_25	199:323	5	0.0	0.4678830282264288	1.0223731582155522	5	-2.0431750860291324	12.481373960070835	0.12548005753160396	20:94955,23:92039,25:65417,26:58284,30:43162,36:28745,67:2812,69:2663,77:1892,81:1698,92:1149,95:1081,109:829,117:704,121:691,122:680,129:608,171:403,174:392,195:333,198:325,201:311,209:296,222:260,225:250,227:247,240:230,244:227,245:227,258:212,260:211,262:210,263:210,270:200,271:195,277:184,287:170,288:168,296:158,297:157,302:150,320:141,329:136,334:133,338:131,341:131,343:130,346:129,347:129,350:128,352:127,353:125,357:122,369:117,370:115,371:112,372:110,373:108,380:102	0	False	0
ecol-SAMN01112512	GP_0	19:99628,61:3997,74:2317,87:1296,93:1113,98:945,100:930,102:915,103:914,120:699,124:660,139:517,169:407,218:274,254:216,256:214,257:212,275:187,303:149,319:141	4	-0.4974841095036435	2.2167804019524002	0.9677089057240573	GP_unb_26	200:313	4	0.0	0.36762863761215747	0.9918476547369178	5	-2.289792698671452	12.019743331784756	0.06861121312249463	5:278359,20:94955,25:65417,26:58284,56:4890,62:3894,69:2663,77:1892,95:1081,117:704,121:691,122:680,129:608,171:403,174:392,175:391,195:333,201:311,209:296,225:250,227:247,240:230,244:227,245:227,255:215,258:212,260:211,262:210,263:210,271:195,287:170,288:168,296:158,302:150,320:141,329:136,334:133,338:131,341:131,343:130,346:129,347:129,350:128,352:127,353:125,357:122,369:117,370:115,371:112,372:110,373:108,380:102,383:102	0	False	0
ecol-SAMN01112512	GP_0	19:99628,61:3997,74:2317,87:1296,93:1113,98:945,100:930,102:915,103:914,120:699,124:660,139:517,169:407,218:274,254:216,256:214,257:212,275:187,303:149,319:141	4	-0.4974841095036435	2.2167804019524002	0.9677089057240573	GP_unb_27	203:309	4	0.0	0.23686272894935378	1.1601042539327935	5	-2.563439207922054	12.7857839927652	0.06861121312249452	5:278359,20:94955,25:65417,26:58284,56:4890,62:3894,69:2663,77:1892,92:1149,95:1081,117:704,121:691,122:680,129:608,171:403,174:392,175:391,195:333,201:311,209:296,222:260,225:250,227:247,240:230,244:227,245:227,255:215,258:212,260:211,262:210,263:210,271:195,277:184,280:176,287:170,288:168,296:158,297:157,302:150,320:141,329:136,334:133,338:131,341:131,343:130,346:129,347:129,350:128,352:127,353:125,357:122,369:117,370:115,371:112,372:110,373:108,380:102,383:102	0	False	0
ecol-SAMN01112512	GP_0	19:99628,61:3997,74:2317,87:1296,93:1113,98:945,100:930,102:915,103:914,120:699,124:660,139:517,169:407,218:274,254:216,256:214,257:212,275:187,303:149,319:141	4	-0.4974841095036435	2.2167804019524002	0.9677089057240573	GP_unb_28	205:307	4	0.0	0.11910076686278126	1.1863448967519734	0	0	0	0		1	False	0
ecol-SAMN01112512	GP_0	19:99628,61:3997,74:2317,87:1296,93:1113,98:945,100:930,102:915,103:914,120:699,124:660,139:517,169:407,218:274,254:216,256:214,257:212,275:187,303:149,319:141	4	-0.4974841095036435	2.2167804019524002	0.9677089057240573	GP_unb_29	206:305	5	0.0	0.48346626369272283	0.8287617143045884	5	-1.8568714177579582	12.9874281584686	0.33163680476172885	20:94955,25:65417,69:2663,92:1149,95:1081,117:704,122:680,171:403,174:392,195:333,198:325,209:296,222:260,225:250,227:247,240:230,244:227,245:227,258:212,260:211,262:210,263:210,271:195,277:184,287:170,288:168,296:158,297:157,302:150,320:141,329:136,334:133,338:131,341:131,343:130,346:129,347:129,350:128,352:127,353:125,357:122,369:117,370:115,371:112,372:110,373:108,380:102,383:102	0	False	0
ecol-SAMN01112512	GP_0	19:99628,61:3997,74:2317,87:1296,93:1113,98:945,100:930,102:915,103:914,120:699,124:660,139:517,169:407,218:274,254:216,256:214,257:212,275:187,303:149,319:141	4	-0.4974841095036435	2.2167804019524002	0.9677089057240573	GP_unb_30	207:305	4	0.0	0.06726916394455662	1.4923175781379023	0	0	0	0		1	False	0
ecol-SAMN01112512	GP_0	19:99628,61:3997,74:2317,87:1296,93:1113,98:945,100:930,102:915,103:914,120:699,124:660,139:517,169:407,218:274,254:216,256:214,257:212,275:187,303:149,319:141	4	-0.4974841095036435	2.2167804019524002	0.9677089057240573	GP_unb_31	211:290	5	0.0	0.3053852483317213	2.5806691829338235	5	-1.971250164762646	14.06577109655428	0.2187230694853497	20:94955,25:65417,69:2663,92:1149,94:1095,95:1081,113:737,117:704,121:691,122:680,133:569,171:403,174:392,195:333,198:325,209:296,222:260,225:250,227:247,240:230,244:227,245:227,247:224,258:212,259:212,260:211,262:210,263:210,271:195,277:184,287:170,288:168,289:167,296:158,297:157,302:150,320:141,329:136,334:133,338:131,340:131,341:131,343:130,346:129,347:129,350:128,352:127,353:125,357:122,361:120,369:117,370:115,371:112,372:110,373:108,380:102,381:102,383:102	0	False	0
ecol-SAMN01112512	GP_0	19:99628,61:3997,74:2317,87:1296,93:1113,98:945,100:930,102:915,103:914,120:699,124:660,139:517,169:407,218:274,254:216,256:214,257:212,275:187,303:149,319:141	4	-0.4974841095036435	2.2167804019524002	0.9677089057240573	GP_unb_32	212:288	4	0.0	0.1621704164157417	1.9053757435449339	5	-2.0674522704603446	10.819122887379812	0.06861121312249452	5:278359,20:94955,25:65417,26:58284,56:4890,62:3894,69:2663,77:1892,95:1081,121:691,129:608,171:403,174:392,175:391,195:333,201:311,209:296,225:250,227:247,240:230,244:227,245:227,255:215,258:212,260:211,262:210,271:195,288:168,296:158,302:150,320:141,329:136,334:133,338:131,341:131,343:130,346:129,352:127,353:125,357:122,370:115,371:112,372:110,373:108,380:102,383:102	0	False	0
ecol-SAMN01112512	GP_0	19:99628,61:3997,74:2317,87:1296,93:1113,98:945,100:930,102:915,103:914,120:699,124:660,139:517,169:407,218:274,254:216,256:214,257:212,275:187,303:149,319:141	4	-0.4974841095036435	2.2167804019524002	0.9677089057240573	GP_unb_33	213:287	4	0.0	0.49850254240803005	1.03992397149832	5	-2.5641786336085803	13.047423806223875	0.06861121312249452	5:278359,20:94955,25:65417,26:58284,56:4890,62:3894,69:2663,77:1892,92:1149,95:1081,117:704,121:691,122:680,129:608,171:403,174:392,175:391,195:333,201:311,209:296,222:260,225:250,227:247,240:230,244:227,245:227,255:215,258:212,260:211,262:210,263:210,271:195,277:184,280:176,287:170,288:168,296:158,297:157,302:150,320:141,329:136,334:133,338:131,341:131,343:130,346:129,347:129,350:128,352:127,353:125,357:122,369:117,370:115,371:112,372:110,373:108,380:102,383:102	0	False	0
ecol-SAMN01112512	GP_0	19:99628,61:3997,74:2317,87:1296,93:1113,98:945,100:930,102:915,103:914,120:699,124:660,139:517,169:407,218:274,254:216,256:214,257:212,275:187,303:149,319:141	4	-0.4974841095036435	2.2167804019524002	0.9677089057240573	GP_unb_34	215:286	4	0.0	0.47086832844672477	2.1005726159269504	5	-3.073014078075319	12.621676100731662	0.12548005753160396	5:278359,20:94955,25:65417,26:58284,62:3894,69:2663,77:1892,92:1149,95:1081,117:704,118:700,121:691,122:680,129:608,171:403,174:392,175:391,188:340,190:335,195:333,198:325,201:311,209:296,222:260,225:250,227:247,240:230,244:227,245:227,248:222,255:215,258:212,260:211,262:210,263:210,271:195,277:184,287:170,288:168,296:158,297:157,302:150,320:141,329:136,334:133,338:131,341:131,343:130,346:129,347:129,350:128,352:127,353:125,357:122,369:117,370:115,371:112,372:110,373:108,380:102,383:102	0	False	0
ecol-SAMN01112512	GP_0	19:99628,61:3997,74:2317,87:1296,93:1113,98:945,100:930,102:915,103:914,120:699,124:660,139:517,169:407,218:274,254:216,256:214,257:212,275:187,303:149,319:141	4	-0.4974841095036435	2.2167804019524002	0.9677089057240573	GP_unb_35	219:274	5	0.0	0.4991032585312828	0.7305342113244033	4	-0.9764909335743384	2.3305121381737006	0.7305342113249935	11:156317,31:39302,112:743,183:369,309:147,349:129	0	False	0
ecol-SAMN01112512	GP_0	19:99628,61:3997,74:2317,87:1296,93:1113,98:945,100:930,102:915,103:914,120:699,124:660,139:517,169:407,218:274,254:216,256:214,257:212,275:187,303:149,319:141	4	-0.4974841095036435	2.2167804019524002	0.9677089057240573	GP_unb_36	224:253	4	0.0	0.49754567536635763	1.0863397921527296	5	-2.274375433828752	12.149660369538953	0.06861121312249448	5:278359,20:94955,25:65417,26:58284,56:4890,62:3894,69:2663,77:1892,95:1081,117:704,121:691,122:680,129:608,171:403,174:392,175:391,195:333,201:311,209:296,225:250,227:247,240:230,244:227,245:227,255:215,258:212,260:211,262:210,263:210,271:195,287:170,288:168,296:158,302:150,320:141,329:136,334:133,338:131,341:131,343:130,346:129,347:129,350:128,352:127,353:125,357:122,369:117,370:115,371:112,372:110,373:108,380:102,383:102	0	False	0
ecol-SAMN01112512	GP_0	19:99628,61:3997,74:2317,87:1296,93:1113,98:945,100:930,102:915,103:914,120:699,124:660,139:517,169:407,218:274,254:216,256:214,257:212,275:187,303:149,319:141	4	-0.4974841095036435	2.2167804019524002	0.9677089057240573	GP_unb_37	233:241	4	0.0	0.2307152384743133	5.300045340852107	5	-2.038216629312529	11.887582482160624	0.12548005753160396	20:94955,23:92039,25:65417,26:58284,30:43162,67:2812,69:2663,77:1892,81:1698,92:1149,95:1081,109:829,117:704,121:691,122:680,129:608,171:403,174:392,195:333,198:325,201:311,209:296,222:260,225:250,227:247,240:230,244:227,245:227,258:212,260:211,262:210,263:210,271:195,277:184,287:170,288:168,296:158,297:157,302:150,320:141,329:136,334:133,338:131,341:131,343:130,346:129,347:129,350:128,352:127,353:125,357:122,369:117,370:115,371:112,372:110,373:108,380:102,383:102	0	False	0
ecol-SAMN01112512	GP_0	19:99628,61:3997,74:2317,87:1296,93:1113,98:945,100:930,102:915,103:914,120:699,124:660,139:517,169:407,218:274,254:216,256:214,257:212,275:187,303:149,319:141	4	-0.4974841095036435	2.2167804019524002	0.9677089057240573	GP_unb_38	234:240	4	0.0	0.014985838747219926	0.9672915296682311	5	-2.0780858112647502	11.083614303708933	0.12548005753160396	20:94955,23:92039,25:65417,26:58284,30:43162,36:28745,67:2812,69:2663,77:1892,81:1698,92:1149,95:1081,109:829,117:704,121:691,122:680,129:608,171:403,195:333,198:325,201:311,209:296,222:260,225:250,227:247,240:230,244:227,245:227,258:212,260:211,262:210,263:210,271:195,277:184,287:170,288:168,296:158,297:157,302:150,320:141,329:136,334:133,338:131,341:131,343:130,346:129,347:129,350:128,352:127,353:125,357:122,369:117,370:115,371:112,372:110,380:102,383:102	0	False	0
ecol-SAMN01112512	GP_0	19:99628,61:3997,74:2317,87:1296,93:1113,98:945,100:930,102:915,103:914,120:699,124:660,139:517,169:407,218:274,254:216,256:214,257:212,275:187,303:149,319:141	4	-0.4974841095036435	2.2167804019524002	0.9677089057240573	GP_unb_39	239:235	5	0.0	0.05523044894165485	2.568982653370687	5	-0.8418207908752877	2.2588349443143083	0.9677089057240664	176:383,327:136,344:129	0	False	0
ecol-SAMN01112512	GP_0	19:99628,61:3997,74:2317,87:1296,93:1113,98:945,100:930,102:915,103:914,120:699,124:660,139:517,169:407,218:274,254:216,256:214,257:212,275:187,303:149,319:141	4	-0.4974841095036435	2.2167804019524002	0.9677089057240573	GP_unb_40	251:217	5	0.0	0.33087371860253345	0.727456438250864	5	-1.8817149062867091	13.910662326403466	0.2187230694853497	20:94955,25:65417,69:2663,92:1149,94:1095,95:1081,117:704,121:691,122:680,171:403,174:392,195:333,198:325,209:296,222:260,225:250,227:247,240:230,244:227,245:227,247:224,258:212,259:212,260:211,262:210,263:210,271:195,277:184,287:170,288:168,289:167,296:158,297:157,302:150,320:141,329:136,334:133,338:131,340:131,341:131,343:130,346:129,347:129,350:128,352:127,353:125,357:122,369:117,370:115,371:112,372:110,373:108,380:102,381:102,383:102	0	False	0
ecol-SAMN01112512	GP_0	19:99628,61:3997,74:2317,87:1296,93:1113,98:945,100:930,102:915,103:914,120:699,124:660,139:517,169:407,218:274,254:216,256:214,257:212,275:187,303:149,319:141	4	-0.4974841095036435	2.2167804019524002	0.9677089057240573	GP_unb_41	253:217	5	0.0	0.3983657488877117	1.2484798803722152	5	-1.8817149062867091	13.978154356688647	0.21872306948534975	20:94955,25:65417,69:2663,92:1149,94:1095,95:1081,117:704,121:691,122:680,171:403,174:392,195:333,198:325,209:296,222:260,225:250,227:247,240:230,244:227,245:227,247:224,258:212,259:212,260:211,262:210,263:210,271:195,277:184,287:170,288:168,289:167,296:158,297:157,302:150,320:141,329:136,334:133,338:131,340:131,341:131,343:130,346:129,347:129,350:128,352:127,353:125,357:122,369:117,370:115,371:112,372:110,373:108,380:102,381:102,383:102	0	False	0
ecol-SAMN01112512	GP_0	19:99628,61:3997,74:2317,87:1296,93:1113,98:945,100:930,102:915,103:914,120:699,124:660,139:517,169:407,218:274,254:216,256:214,257:212,275:187,303:149,319:141	4	-0.4974841095036435	2.2167804019524002	0.9677089057240573	GP_unb_42	261:211	4	0.0	0.48208854903427056	1.0107046448850414	5	-2.084775894106332	11.644536117889924	0.12548005753160396	20:94955,23:92039,25:65417,26:58284,30:43162,36:28745,67:2812,69:2663,77:1892,81:1698,92:1149,95:1081,109:829,117:704,121:691,122:680,129:608,171:403,174:392,195:333,198:325,201:311,209:296,222:260,225:250,227:247,240:230,244:227,245:227,258:212,260:211,262:210,263:210,271:195,277:184,287:170,288:168,296:158,297:157,302:150,320:141,329:136,334:133,338:131,341:131,343:130,346:129,347:129,350:128,352:127,353:125,357:122,369:117,370:115,371:112,372:110,373:108,380:102,383:102	0	False	0
ecol-SAMN01112512	GP_0	19:99628,61:3997,74:2317,87:1296,93:1113,98:945,100:930,102:915,103:914,120:699,124:660,139:517,169:407,218:274,254:216,256:214,257:212,275:187,303:149,319:141	4	-0.4974841095036435	2.2167804019524002	0.9677089057240573	GP_unb_43	268:200	5	0.0	0.49866384026374844	1.6398645179306555	5	-2.5211061545833817	15.201263832142082	0.06861121312249452	5:278359,20:94955,25:65417,26:58284,56:4890,57:4638,62:3894,64:3376,69:2663,75:2184,77:1892,92:1149,95:1081,117:704,121:691,122:680,129:608,131:601,162:417,171:403,174:392,175:391,195:333,201:311,209:296,222:260,225:250,227:247,240:230,244:227,245:227,255:215,258:212,260:211,262:210,263:210,271:195,272:194,277:184,287:170,288:168,296:158,297:157,302:150,320:141,329:136,334:133,338:131,341:131,343:130,346:129,347:129,350:128,352:127,353:125,357:122,369:117,370:115,371:112,372:110,373:108,380:102,383:102	0	False	0
ecol-SAMN01112512	GP_0	19:99628,61:3997,74:2317,87:1296,93:1113,98:945,100:930,102:915,103:914,120:699,124:660,139:517,169:407,218:274,254:216,256:214,257:212,275:187,303:149,319:141	4	-0.4974841095036435	2.2167804019524002	0.9677089057240573	GP_unb_44	273:193	4	0.0	0.43106627873838343	0.7908645689766479	5	-2.2104188471761614	12.486908252426886	0.06861121312249452	5:278359,20:94955,25:65417,26:58284,56:4890,62:3894,69:2663,77:1892,95:1081,117:704,121:691,122:680,129:608,171:403,174:392,175:391,195:333,201:311,209:296,225:250,227:247,240:230,244:227,245:227,255:215,258:212,260:211,262:210,263:210,271:195,287:170,288:168,296:158,301:154,302:150,320:141,329:136,334:133,338:131,341:131,343:130,346:129,347:129,350:128,352:127,353:125,357:122,369:117,370:115,371:112,372:110,373:108,380:102,383:102	0	False	0
ecol-SAMN01112512	GP_0	19:99628,61:3997,74:2317,87:1296,93:1113,98:945,100:930,102:915,103:914,120:699,124:660,139:517,169:407,218:274,254:216,256:214,257:212,275:187,303:149,319:141	4	-0.4974841095036435	2.2167804019524002	0.9677089057240573	GP_unb_45	278:183	5	0.0	0.19925047760085512	1.7989418466037899	0	0	0	0		1	False	0
ecol-SAMN01112512	GP_0	19:99628,61:3997,74:2317,87:1296,93:1113,98:945,100:930,102:915,103:914,120:699,124:660,139:517,169:407,218:274,254:216,256:214,257:212,275:187,303:149,319:141	4	-0.4974841095036435	2.2167804019524002	0.9677089057240573	GP_unb_46	285:171	5	0.0	0.4106151985703018	3.4276483111283267	5	-1.0872295375260648	1.6971970049581606	0.9677089057240664	11:156317,31:39302,132:571,309:147,312:146,349:129	0	False	0
ecol-SAMN01112512	GP_0	19:99628,61:3997,74:2317,87:1296,93:1113,98:945,100:930,102:915,103:914,120:699,124:660,139:517,169:407,218:274,254:216,256:214,257:212,275:187,303:149,319:141	4	-0.4974841095036435	2.2167804019524002	0.9677089057240573	GP_unb_47	286:170	4	0.0	0.49988530574486256	2.064465083039819	5	-1.9471702881003494	13.979913639213564	0.3316368047617285	20:94955,25:65417,69:2663,92:1149,95:1081,117:704,121:691,122:680,123:668,171:403,174:392,195:333,198:325,201:311,209:296,222:260,225:250,227:247,240:230,244:227,245:227,258:212,260:211,262:210,263:210,271:195,277:184,287:170,288:168,296:158,297:157,302:150,320:141,329:136,334:133,338:131,341:131,343:130,346:129,347:129,350:128,352:127,353:125,357:122,369:117,370:115,371:112,372:110,373:108,380:102,383:102	0	False	0
ecol-SAMN01112512	GP_0	19:99628,61:3997,74:2317,87:1296,93:1113,98:945,100:930,102:915,103:914,120:699,124:660,139:517,169:407,218:274,254:216,256:214,257:212,275:187,303:149,319:141	4	-0.4974841095036435	2.2167804019524002	0.9677089057240573	GP_unb_48	290:166	4	0.0	0.4756751119523188	1.0018106313788724	5	-2.397586179633531	11.637424555771844	0.06861121312249452	5:278359,20:94955,25:65417,26:58284,56:4890,62:3894,69:2663,77:1892,95:1081,117:704,121:691,125:646,129:608,171:403,174:392,175:391,195:333,201:311,209:296,225:250,227:247,240:230,244:227,245:227,255:215,258:212,260:211,262:210,263:210,271:195,287:170,288:168,296:158,302:150,320:141,329:136,334:133,338:131,341:131,343:130,346:129,347:129,350:128,352:127,353:125,357:122,369:117,370:115,371:112,372:110,373:108,380:102,383:102	0	False	0
ecol-SAMN01112512	GP_0	19:99628,61:3997,74:2317,87:1296,93:1113,98:945,100:930,102:915,103:914,120:699,124:660,139:517,169:407,218:274,254:216,256:214,257:212,275:187,303:149,319:141	4	-0.4974841095036435	2.2167804019524002	0.9677089057240573	GP_unb_49	292:163	5	0.0	0.3991831381705384	1.0584806911026836	5	-2.1810749642974048	12.455025111859044	0.06861121312249452	5:278359,20:94955,25:65417,26:58284,56:4890,62:3894,69:2663,77:1892,95:1081,117:704,121:691,122:680,129:608,171:403,174:392,175:391,195:333,201:311,209:296,225:250,227:247,240:230,244:227,245:227,255:215,258:212,260:211,262:210,263:210,271:195,287:170,288:168,296:158,301:154,302:150,320:141,329:136,334:133,338:131,341:131,343:130,346:129,347:129,350:128,352:127,353:125,357:122,369:117,370:115,371:112,372:110,373:108,380:102,383:102	0	False	0
ecol-SAMN01112512	GP_0	19:99628,61:3997,74:2317,87:1296,93:1113,98:945,100:930,102:915,103:914,120:699,124:660,139:517,169:407,218:274,254:216,256:214,257:212,275:187,303:149,319:141	4	-0.4974841095036435	2.2167804019524002	0.9677089057240573	GP_unb_50	294:159	5	0.0	0.40659751383693765	1.0624772920401282	5	-2.0431750860291324	11.1206224929926	0.1254800575316039	20:94955,23:92039,25:65417,26:58284,30:43162,36:28745,67:2812,69:2663,77:1892,81:1698,92:1149,95:1081,109:829,117:704,121:691,122:680,129:608,171:403,174:392,195:333,198:325,201:311,209:296,222:260,227:247,240:230,244:227,245:227,258:212,260:211,262:210,263:210,270:200,271:195,277:184,287:170,288:168,296:158,297:157,320:141,329:136,334:133,338:131,341:131,343:130,346:129,347:129,350:128,352:127,353:125,357:122,369:117,372:110,373:108,380:102	0	False	0
ecol-SAMN01112512	GP_0	19:99628,61:3997,74:2317,87:1296,93:1113,98:945,100:930,102:915,103:914,120:699,124:660,139:517,169:407,218:274,254:216,256:214,257:212,275:187,303:149,319:141	4	-0.4974841095036435	2.2167804019524002	0.9677089057240573	GP_unb_51	295:158	5	0.0	0.4868353133390596	0.8009326403089183	5	-2.4385775187227305	11.877113431847988	0.05473678124144499	5:278359,20:94955,25:65417,26:58284,56:4890,58:4615,62:3894,69:2663,77:1892,95:1081,110:773,117:704,121:691,122:680,129:608,171:403,174:392,175:391,191:335,195:333,201:311,209:296,221:261,225:250,227:247,228:247,240:230,244:227,245:227,255:215,258:212,260:211,262:210,263:210,271:195,287:170,288:168,296:158,302:150,320:141,324:137,329:136,334:133,338:131,341:131,343:130,346:129,347:129,350:128,352:127,353:125,357:122,369:117,370:115,371:112,372:110,373:108,380:102,383:102	0	False	0
ecol-SAMN01112512	GP_0	19:99628,61:3997,74:2317,87:1296,93:1113,98:945,100:930,102:915,103:914,120:699,124:660,139:517,169:407,218:274,254:216,256:214,257:212,275:187,303:149,319:141	4	-0.4974841095036435	2.2167804019524002	0.9677089057240573	GP_unb_52	306:149	4	0.0	0.12152955326403547	1.1240898049142276	5	-2.3872872721207483	12.170308183614711	0.12548005753160396	20:94955,23:92039,25:65417,26:58284,67:2812,68:2802,69:2663,77:1892,92:1149,95:1081,109:829,117:704,121:691,122:680,129:608,171:403,174:392,195:333,198:325,201:311,209:296,222:260,225:250,227:247,240:230,244:227,245:227,258:212,260:211,262:210,263:210,267:201,271:195,277:184,287:170,288:168,296:158,297:157,302:150,320:141,329:136,334:133,338:131,341:131,343:130,346:129,347:129,350:128,352:127,353:125,357:122,369:117,370:115,371:112,372:110,373:108,380:102,383:102	0	False	0
ecol-SAMN01112512	GP_0	19:99628,61:3997,74:2317,87:1296,93:1113,98:945,100:930,102:915,103:914,120:699,124:660,139:517,169:407,218:274,254:216,256:214,257:212,275:187,303:149,319:141	4	-0.4974841095036435	2.2167804019524002	0.9677089057240573	GP_unb_53	308:147	5	0.0	0.4999524396595292	2.194977674885071	5	-1.8568714177579582	12.95870342668307	0.33163680476172885	20:94955,25:65417,69:2663,92:1149,95:1081,117:704,121:691,122:680,171:403,174:392,195:333,198:325,209:296,222:260,225:250,227:247,240:230,244:227,245:227,258:212,260:211,262:210,263:210,271:195,277:184,287:170,288:168,289:167,296:158,297:157,302:150,320:141,329:136,334:133,338:131,341:131,343:130,346:129,347:129,350:128,352:127,353:125,357:122,369:117,370:115,371:112,372:110,373:108,380:102,383:102	0	False	0
ecol-SAMN01112512	GP_0	19:99628,61:3997,74:2317,87:1296,93:1113,98:945,100:930,102:915,103:914,120:699,124:660,139:517,169:407,218:274,254:216,256:214,257:212,275:187,303:149,319:141	4	-0.4974841095036435	2.2167804019524002	0.9677089057240573	GP_unb_54	310:146	4	0.0	0.4856807593758524	2.075028600769293	0	0	0	0		1	False	0
ecol-SAMN01112512	GP_0	19:99628,61:3997,74:2317,87:1296,93:1113,98:945,100:930,102:915,103:914,120:699,124:660,139:517,169:407,218:274,254:216,256:214,257:212,275:187,303:149,319:141	4	-0.4974841095036435	2.2167804019524002	0.9677089057240573	GP_unb_55	311:146	5	0.0	0.46383632140430675	3.078507235018752	5	-2.0986689557005627	12.888027721944967	0.12548005753160396	20:94955,23:92039,25:65417,26:58284,30:43162,36:28745,67:2812,69:2663,77:1892,81:1698,92:1149,95:1081,109:829,117:704,121:691,122:680,129:608,138:521,171:403,174:392,179:382,195:333,198:325,201:311,209:296,222:260,225:250,227:247,240:230,244:227,245:227,258:212,260:211,262:210,263:210,270:200,271:195,277:184,287:170,288:168,296:158,297:157,302:150,320:141,329:136,334:133,338:131,341:131,343:130,346:129,347:129,350:128,352:127,353:125,357:122,369:117,370:115,371:112,372:110,373:108,380:102	0	False	0
ecol-SAMN01112512	GP_0	19:99628,61:3997,74:2317,87:1296,93:1113,98:945,100:930,102:915,103:914,120:699,124:660,139:517,169:407,218:274,254:216,256:214,257:212,275:187,303:149,319:141	4	-0.4974841095036435	2.2167804019524002	0.9677089057240573	GP_unb_56	314:145	4	0.0	0.4841734857396268	2.2882387030714675	5	-2.30325699566354	12.136288179912224	0.06861121312249463	5:278359,20:94955,25:65417,26:58284,56:4890,62:3894,69:2663,77:1892,95:1081,117:704,121:691,122:680,129:608,171:403,174:392,175:391,195:333,201:311,209:296,225:250,227:247,240:230,244:227,245:227,255:215,258:212,260:211,262:210,263:210,271:195,287:170,288:168,296:158,302:150,320:141,329:136,334:133,338:131,341:131,343:130,346:129,347:129,350:128,352:127,353:125,357:122,369:117,370:115,371:112,372:110,373:108,380:102,383:102	0	False	0
ecol-SAMN01112512	GP_0	19:99628,61:3997,74:2317,87:1296,93:1113,98:945,100:930,102:915,103:914,120:699,124:660,139:517,169:407,218:274,254:216,256:214,257:212,275:187,303:149,319:141	4	-0.4974841095036435	2.2167804019524002	0.9677089057240573	GP_unb_57	322:139	5	0.0	0.4867046665458492	1.7390679001780605	4	-0.5933007829621364	2.7034850684982494	0.9677089057240664		0	False	0
ecol-SAMN01112512	GP_0	19:99628,61:3997,74:2317,87:1296,93:1113,98:945,100:930,102:915,103:914,120:699,124:660,139:517,169:407,218:274,254:216,256:214,257:212,275:187,303:149,319:141	4	-0.4974841095036435	2.2167804019524002	0.9677089057240573	GP_unb_58	326:136	4	0.0	0.46092298778148244	0.8756940002942651	5	-3.4132672422770587	10.555196840978292	0.06861121312249452	5:278359,7:244541,25:65417,26:58284,28:47207,44:16011,56:4890,62:3894,69:2663,77:1892,78:1732,91:1214,95:1081,96:1077,97:949,111:744,121:691,129:608,135:562,145:484,171:403,174:392,175:391,195:333,201:311,209:296,225:250,227:247,240:230,244:227,245:227,255:215,258:212,260:211,262:210,271:195,288:168,296:158,302:150,305:149,320:141,323:137,328:136,334:133,338:131,341:131,343:130,346:129,352:127,353:125,357:122,359:121,370:115,371:112,372:110,373:108,375:104,380:102,383:102	0	False	0
ecol-SAMN01112512	GP_0	19:99628,61:3997,74:2317,87:1296,93:1113,98:945,100:930,102:915,103:914,120:699,124:660,139:517,169:407,218:274,254:216,256:214,257:212,275:187,303:149,319:141	4	-0.4974841095036435	2.2167804019524002	0.9677089057240573	GP_unb_59	332:134	4	0.0	0.19898619631969083	1.024255854524927	4	-0.4974841095036435	1.4244634960563052	0.9677089057240664	11:156317,309:147	0	False	0
ecol-SAMN01112512	GP_0	19:99628,61:3997,74:2317,87:1296,93:1113,98:945,100:930,102:915,103:914,120:699,124:660,139:517,169:407,218:274,254:216,256:214,257:212,275:187,303:149,319:141	4	-0.4974841095036435	2.2167804019524002	0.9677089057240573	GP_unb_60	333:134	4	0.0	0.47074537300663244	1.0965039500590033	4	-0.4974841095036435	1.6962226727432468	0.9677089057240664	11:156317,309:147	0	False	0
ecol-SAMN01112512	GP_0	19:99628,61:3997,74:2317,87:1296,93:1113,98:945,100:930,102:915,103:914,120:699,124:660,139:517,169:407,218:274,254:216,256:214,257:212,275:187,303:149,319:141	4	-0.4974841095036435	2.2167804019524002	0.9677089057240573	GP_unb_61	337:131	5	0.0	0.31824610481183213	2.1374938819876705	5	-1.8568714177579582	13.558358143078637	0.33163680476172863	20:94955,25:65417,69:2663,92:1149,95:1081,117:704,121:691,122:680,171:403,174:392,195:333,198:325,209:296,222:260,225:250,227:247,240:230,244:227,245:227,247:224,258:212,260:211,262:210,263:210,271:195,277:184,287:170,288:168,289:167,296:158,297:157,302:150,320:141,329:136,334:133,338:131,341:131,343:130,346:129,347:129,350:128,352:127,353:125,357:122,369:117,370:115,371:112,372:110,373:108,380:102,381:102,383:102	0	False	0
ecol-SAMN01112512	GP_0	19:99628,61:3997,74:2317,87:1296,93:1113,98:945,100:930,102:915,103:914,120:699,124:660,139:517,169:407,218:274,254:216,256:214,257:212,275:187,303:149,319:141	4	-0.4974841095036435	2.2167804019524002	0.9677089057240573	GP_unb_62	339:131	4	0.0	0.33822618651826997	1.906717952875541	5	-2.579187353625653	14.913136034506753	0.06861121312249452	5:278359,20:94955,25:65417,26:58284,56:4890,57:4638,62:3894,69:2663,75:2184,77:1892,92:1149,95:1081,117:704,121:691,122:680,129:608,131:601,162:417,171:403,174:392,175:391,195:333,201:311,209:296,222:260,225:250,227:247,240:230,244:227,245:227,255:215,258:212,260:211,262:210,263:210,271:195,272:194,277:184,287:170,288:168,296:158,297:157,302:150,320:141,329:136,334:133,338:131,341:131,343:130,346:129,347:129,350:128,352:127,353:125,357:122,369:117,370:115,371:112,372:110,373:108,380:102,383:102	0	False	0
ecol-SAMN01112512	GP_0	19:99628,61:3997,74:2317,87:1296,93:1113,98:945,100:930,102:915,103:914,120:699,124:660,139:517,169:407,218:274,254:216,256:214,257:212,275:187,303:149,319:141	4	-0.4974841095036435	2.2167804019524002	0.9677089057240573	GP_unb_63	348:129	4	0.0	0.40496560246745616	1.1240898049142276	5	-2.414253971427412	11.228928998512094	0.12548005753160396	17:112208,20:94955,23:92039,25:65417,26:58284,29:44548,30:43162,36:28745,67:2812,69:2663,77:1892,81:1698,92:1149,95:1081,109:829,117:704,121:691,122:680,129:608,171:403,186:353,195:333,198:325,201:311,202:310,209:296,222:260,225:250,227:247,240:230,244:227,245:227,258:212,260:211,262:210,263:210,271:195,277:184,287:170,288:168,296:158,297:157,302:150,320:141,329:136,334:133,338:131,341:131,343:130,346:129,347:129,350:128,352:127,353:125,357:122,369:117,370:115,371:112,372:110,380:102,383:102	0	False	0
ecol-SAMN01112512	GP_0	19:99628,61:3997,74:2317,87:1296,93:1113,98:945,100:930,102:915,103:914,120:699,124:660,139:517,169:407,218:274,254:216,256:214,257:212,275:187,303:149,319:141	4	-0.4974841095036435	2.2167804019524002	0.9677089057240573	GP_unb_64	360:121	4	0.0	0.015340682866147981	7.541808169160413	5	-1.9520736901136335	12.481133646580535	0.12548005753160396	20:94955,25:65417,26:58284,69:2663,77:1892,92:1149,95:1081,106:864,117:704,121:691,122:680,129:608,171:403,174:392,195:333,198:325,201:311,209:296,222:260,225:250,227:247,240:230,244:227,245:227,258:212,260:211,262:210,263:210,271:195,277:184,287:170,288:168,296:158,297:157,302:150,320:141,329:136,334:133,338:131,341:131,343:130,346:129,347:129,350:128,352:127,353:125,357:122,369:117,370:115,371:112,372:110,373:108,380:102,383:102	0	False	0
ecol-SAMN01112512	GP_0	19:99628,61:3997,74:2317,87:1296,93:1113,98:945,100:930,102:915,103:914,120:699,124:660,139:517,169:407,218:274,254:216,256:214,257:212,275:187,303:149,319:141	4	-0.4974841095036435	2.2167804019524002	0.9677089057240573	GP_unb_65	362:120	4	0.0	0.49507029606137076	0.9845720994616148	5	-2.28405713851476	11.986450831813222	0.05473678124144499	5:278359,20:94955,25:65417,26:58284,56:4890,58:4615,62:3894,69:2663,77:1892,95:1081,117:704,121:691,122:680,129:608,171:403,174:392,175:391,181:374,191:335,195:333,201:311,209:296,214:287,225:250,227:247,240:230,244:227,245:227,255:215,258:212,260:211,262:210,263:210,271:195,287:170,288:168,296:158,302:150,320:141,324:137,329:136,334:133,338:131,341:131,343:130,346:129,347:129,350:128,352:127,353:125,356:123,357:122,369:117,370:115,371:112,372:110,373:108,380:102,383:102	0	False	0
ecol-SAMN01112512	GP_0	19:99628,61:3997,74:2317,87:1296,93:1113,98:945,100:930,102:915,103:914,120:699,124:660,139:517,169:407,218:274,254:216,256:214,257:212,275:187,303:149,319:141	4	-0.4974841095036435	2.2167804019524002	0.9677089057240573	GP_unb_66	363:120	5	0.0	0.4944025655749814	1.859854729110929	5	-2.2452962282288866	11.985783101326835	0.05473678124144504	5:278359,20:94955,25:65417,26:58284,56:4890,58:4615,62:3894,69:2663,77:1892,95:1081,117:704,121:691,122:680,129:608,171:403,174:392,175:391,181:374,191:335,195:333,201:311,209:296,214:287,225:250,227:247,240:230,244:227,245:227,255:215,258:212,260:211,262:210,263:210,271:195,287:170,288:168,296:158,302:150,320:141,324:137,329:136,334:133,338:131,341:131,343:130,346:129,347:129,350:128,352:127,353:125,356:123,357:122,369:117,370:115,371:112,372:110,373:108,380:102,383:102	0	False	0
ecol-SAMN01112512	GP_0	19:99628,61:3997,74:2317,87:1296,93:1113,98:945,100:930,102:915,103:914,120:699,124:660,139:517,169:407,218:274,254:216,256:214,257:212,275:187,303:149,319:141	4	-0.4974841095036435	2.2167804019524002	0.9677089057240573	GP_unb_67	364:120	5	0.0	0.492363952444446	1.9500079571694096	5	-2.582841165600082	12.646789667215772	0.06861121312249452	5:278359,9:208141,18:109063,26:58284,28:47207,56:4890,62:3894,69:2663,77:1892,95:1081,121:691,129:608,137:542,171:403,174:392,175:391,195:333,201:311,209:296,223:254,225:250,227:247,238:236,240:230,244:227,245:227,255:215,258:212,260:211,262:210,271:195,281:174,288:168,296:158,302:150,320:141,334:133,338:131,341:131,343:130,346:129,352:127,353:125,357:122,370:115,371:112,372:110,373:108,375:104,380:102,383:102	0	False	0
ecol-SAMN01112512	GP_0	19:99628,61:3997,74:2317,87:1296,93:1113,98:945,100:930,102:915,103:914,120:699,124:660,139:517,169:407,218:274,254:216,256:214,257:212,275:187,303:149,319:141	4	-0.4974841095036435	2.2167804019524002	0.9677089057240573	GP_unb_68	367:118	5	0.0	0.16404894896900601	0.9318896325589356	5	-2.0431750860291324	12.674145797894328	0.12548005753160393	20:94955,23:92039,25:65417,26:58284,30:43162,36:28745,67:2812,69:2663,77:1892,81:1698,92:1149,95:1081,109:829,117:704,121:691,122:680,129:608,171:403,174:392,195:333,198:325,201:311,209:296,222:260,225:250,227:247,240:230,244:227,245:227,258:212,260:211,262:210,263:210,270:200,271:195,277:184,287:170,288:168,296:158,297:157,302:150,320:141,329:136,334:133,336:132,338:131,341:131,343:130,346:129,347:129,350:128,352:127,353:125,357:122,369:117,370:115,371:112,372:110,373:108,380:102	0	False	0
ecol-SAMN01112512	GP_0	19:99628,61:3997,74:2317,87:1296,93:1113,98:945,100:930,102:915,103:914,120:699,124:660,139:517,169:407,218:274,254:216,256:214,257:212,275:187,303:149,319:141	4	-0.4974841095036435	2.2167804019524002	0.9677089057240573	GP_unb_69	377:103	5	0.0	0.49966419986763255	1.1397218894223695	5	-2.2462257171277913	9.71565137334622	0.06861121312249452	5:278359,20:94955,25:65417,26:58284,52:6680,56:4890,60:4091,62:3894,69:2663,77:1892,89:1277,95:1081,117:704,121:691,125:646,129:608,134:564,148:460,155:448,171:403,174:392,175:391,195:333,201:311,208:303,209:296,225:250,227:247,236:239,240:230,244:227,245:227,249:221,255:215,258:212,260:211,262:210,263:210,271:195,274:188,287:170,288:168,296:158,302:150,315:143,320:141,329:136,334:133,338:131,341:131,343:130,346:129,347:129,350:128,352:127,353:125,354:123,357:122,369:117,370:115,371:112,372:110,373:108,380:102,383:102	0	False	0
ecol-SAMN01112512	GP_0	19:99628,61:3997,74:2317,87:1296,93:1113,98:945,100:930,102:915,103:914,120:699,124:660,139:517,169:407,218:274,254:216,256:214,257:212,275:187,303:149,319:141	4	-0.4974841095036435	2.2167804019524002	0.9677089057240573	GP_unb_70	378:103	4	0.0	0.49998835869741776	0.9566889767680681	5	-2.2747676188087445	9.715975532176007	0.06861121312249456	5:278359,20:94955,25:65417,26:58284,52:6680,56:4890,60:4091,62:3894,69:2663,77:1892,89:1277,95:1081,117:704,121:691,125:646,129:608,134:564,148:460,155:448,171:403,174:392,175:391,195:333,201:311,208:303,209:296,225:250,227:247,236:239,240:230,244:227,245:227,249:221,255:215,258:212,260:211,262:210,263:210,271:195,274:188,287:170,288:168,296:158,302:150,315:143,320:141,329:136,334:133,338:131,341:131,343:130,346:129,347:129,350:128,352:127,353:125,354:123,357:122,369:117,370:115,371:112,372:110,373:108,380:102,383:102	0	False	0
ecol-SAMN01112512	GP_0	19:99628,61:3997,74:2317,87:1296,93:1113,98:945,100:930,102:915,103:914,120:699,124:660,139:517,169:407,218:274,254:216,256:214,257:212,275:187,303:149,319:141	4	-0.4974841095036435	2.2167804019524002	0.9677089057240573	GP_unb_71	379:103	5	0.0	0.2259983118032789	1.9261694787003092	5	-2.0431750860291324	12.736095160728603	0.12548005753160396	20:94955,23:92039,25:65417,26:58284,30:43162,36:28745,67:2812,69:2663,77:1892,81:1698,92:1149,95:1081,109:829,117:704,121:691,122:680,129:608,171:403,174:392,195:333,198:325,201:311,209:296,222:260,225:250,227:247,240:230,244:227,245:227,258:212,260:211,262:210,263:210,270:200,271:195,277:184,287:170,288:168,296:158,297:157,302:150,320:141,329:136,334:133,336:132,338:131,341:131,343:130,346:129,347:129,350:128,352:127,353:125,357:122,369:117,370:115,371:112,372:110,373:108,380:102	0	False	0
ecol-SAMN01112512	GP_2	28:47207,45:15794,46:15685,48:12045,51:9636,53:6602,54:6169,56:4890,60:4091,62:3894,66:2910,72:2390,82:1671,84:1444,87:1296,89:1277,91:1214,96:1077,99:942,101:918,111:744,117:704,122:680,124:660,134:564,145:484,169:407,223:254,255:215,263:210,275:187,287:170,304:149,313:145,317:141,321:140,329:136,346:129,357:122,372:110,375:104,376:104	4	-1.5226121622181963	6.686538163491189	0.9415012926646908	GP_3	34:31389,39:25407,42:20060,49:11306,57:4638,75:2184,87:1296,99:942,124:660,195:333,272:194,275:187,357:122	5	-0.5153831557314763	5.089250668679542	0.800890602432792	5	-3.7446832988777476	18.902695674650285	0.12548005753160396	5:278359,18:109063,26:58284,69:2663,77:1892,95:1081,121:691,129:608,171:403,175:391,201:311,209:296,225:250,238:236,240:230,244:227,245:227,258:212,262:210,271:195,288:168,296:158,302:150,320:141,334:133,341:131,343:130,352:127,353:125,370:115,371:112,383:102	0	True	0
ecol-SAMN01112512	GP_2	28:47207,45:15794,46:15685,48:12045,51:9636,53:6602,54:6169,56:4890,60:4091,62:3894,66:2910,72:2390,82:1671,84:1444,87:1296,89:1277,91:1214,96:1077,99:942,101:918,111:744,117:704,122:680,124:660,134:564,145:484,169:407,223:254,255:215,263:210,275:187,287:170,304:149,313:145,317:141,321:140,329:136,346:129,357:122,372:110,375:104,376:104	4	-1.5226121622181963	6.686538163491189	0.9415012926646908	GP_4	43:18850,50:9764,55:4932,58:4615,65:3153,70:2536,86:1351,122:680,127:635,134:564,135:562,137:542,140:510,141:510,151:452,162:417,184:366,229:247,243:227,274:188,277:184,280:176,282:174,283:173,324:137	5	-0.8471346767327117	4.451077307442613	1.0283365312146244	5	-4.007471757712537	17.731372902979327	0.12548005753160396	5:278359,9:208141,25:65417,26:58284,69:2663,77:1892,95:1081,121:691,129:608,171:403,175:391,201:311,209:296,225:250,240:230,244:227,245:227,258:212,262:210,271:195,288:168,296:158,302:150,320:141,334:133,341:131,343:130,352:127,353:125,370:115,371:112,380:102,383:102	0	True	0
ecol-SAMN01112512	GP_2	28:47207,45:15794,46:15685,48:12045,51:9636,53:6602,54:6169,56:4890,60:4091,62:3894,66:2910,72:2390,82:1671,84:1444,87:1296,89:1277,91:1214,96:1077,99:942,101:918,111:744,117:704,122:680,124:660,134:564,145:484,169:407,223:254,255:215,263:210,275:187,287:170,304:149,313:145,317:141,321:140,329:136,346:129,357:122,372:110,375:104,376:104	4	-1.5226121622181963	6.686538163491189	0.9415012926646908	GP_1	64:3376,75:2184,85:1369,94:1095,95:1081,112:743,114:732,115:732,119:700,123:668,128:612,129:608,130:605,132:571,138:521,178:383,179:382,189:336,201:311,225:250,226:248,245:227,258:212,259:212,269:200,272:194,288:168,289:167,296:158,312:146,340:131,349:129,381:102	5	-0.1935346793074418	7.90564862564831	0.850480282734744	5	-3.061649172864835	17.21811230204764	0.8504802827355888	25:65417,69:2663,171:403,271:195,320:141,334:133,341:131,343:130,353:125,380:102,383:102	0	False	0
ecol-SAMN01112512	GP_2	28:47207,45:15794,46:15685,48:12045,51:9636,53:6602,54:6169,56:4890,60:4091,62:3894,66:2910,72:2390,82:1671,84:1444,87:1296,89:1277,91:1214,96:1077,99:942,101:918,111:744,117:704,122:680,124:660,134:564,145:484,169:407,223:254,255:215,263:210,275:187,287:170,304:149,313:145,317:141,321:140,329:136,346:129,357:122,372:110,375:104,376:104	4	-1.5226121622181963	6.686538163491189	0.9415012926646908	GP_unb_1	73:2386	5	0.0	0.2760778200571202	1.9493593727948884	4	-1.695614479073839	6.520529075970586	0.9415012926638155	274:188	0	False	0
ecol-SAMN01112512	GP_2	28:47207,45:15794,46:15685,48:12045,51:9636,53:6602,54:6169,56:4890,60:4091,62:3894,66:2910,72:2390,82:1671,84:1444,87:1296,89:1277,91:1214,96:1077,99:942,101:918,111:744,117:704,122:680,124:660,134:564,145:484,169:407,223:254,255:215,263:210,275:187,287:170,304:149,313:145,317:141,321:140,329:136,346:129,357:122,372:110,375:104,376:104	4	-1.5226121622181963	6.686538163491189	0.9415012926646908	GP_unb_2	105:867	5	0.0	0.4830018916810376	2.06306281960046	4	-1.5291780450493606	7.169540055172226	0.9415012926638155		0	False	0
ecol-SAMN01112512	GP_2	28:47207,45:15794,46:15685,48:12045,51:9636,53:6602,54:6169,56:4890,60:4091,62:3894,66:2910,72:2390,82:1671,84:1444,87:1296,89:1277,91:1214,96:1077,99:942,101:918,111:744,117:704,122:680,124:660,134:564,145:484,169:407,223:254,255:215,263:210,275:187,287:170,304:149,313:145,317:141,321:140,329:136,346:129,357:122,372:110,375:104,376:104	4	-1.5226121622181963	6.686538163491189	0.9415012926646908	GP_unb_3	142:507	5	0.0	0.3245251361530843	9.544519612170564	4	-1.7545090065944748	7.011063299644274	0.9415012926638155		0	False	0
ecol-SAMN01112512	GP_2	28:47207,45:15794,46:15685,48:12045,51:9636,53:6602,54:6169,56:4890,60:4091,62:3894,66:2910,72:2390,82:1671,84:1444,87:1296,89:1277,91:1214,96:1077,99:942,101:918,111:744,117:704,122:680,124:660,134:564,145:484,169:407,223:254,255:215,263:210,275:187,287:170,304:149,313:145,317:141,321:140,329:136,346:129,357:122,372:110,375:104,376:104	4	-1.5226121622181963	6.686538163491189	0.9415012926646908	GP_unb_4	146:468	5	0.0	0.06046954653248682	0.8870352187320776	0	0	0	0		1	False	0
ecol-SAMN01112512	GP_2	28:47207,45:15794,46:15685,48:12045,51:9636,53:6602,54:6169,56:4890,60:4091,62:3894,66:2910,72:2390,82:1671,84:1444,87:1296,89:1277,91:1214,96:1077,99:942,101:918,111:744,117:704,122:680,124:660,134:564,145:484,169:407,223:254,255:215,263:210,275:187,287:170,304:149,313:145,317:141,321:140,329:136,346:129,357:122,372:110,375:104,376:104	4	-1.5226121622181963	6.686538163491189	0.9415012926646908	GP_unb_5	149:454	5	0.0	0.43020733534872635	0.9983334984821324	4	-2.5822074734276774	7.909762387037589	0.9415012926638155	11:156317,31:39302,112:743,115:732,128:612,178:383,183:369,226:248,269:200,309:147,349:129	0	False	0
ecol-SAMN01112512	GP_2	28:47207,45:15794,46:15685,48:12045,51:9636,53:6602,54:6169,56:4890,60:4091,62:3894,66:2910,72:2390,82:1671,84:1444,87:1296,89:1277,91:1214,96:1077,99:942,101:918,111:744,117:704,122:680,124:660,134:564,145:484,169:407,223:254,255:215,263:210,275:187,287:170,304:149,313:145,317:141,321:140,329:136,346:129,357:122,372:110,375:104,376:104	4	-1.5226121622181963	6.686538163491189	0.9415012926646908	GP_unb_6	150:454	5	0.0	0.3082487470736095	2.2394177153615407	4	-2.6121370668786286	7.787803798762472	0.9415012926638155	11:156317,31:39302,112:743,115:732,128:612,178:383,183:369,226:248,269:200,309:147,349:129	0	False	0
ecol-SAMN01112512	GP_2	28:47207,45:15794,46:15685,48:12045,51:9636,53:6602,54:6169,56:4890,60:4091,62:3894,66:2910,72:2390,82:1671,84:1444,87:1296,89:1277,91:1214,96:1077,99:942,101:918,111:744,117:704,122:680,124:660,134:564,145:484,169:407,223:254,255:215,263:210,275:187,287:170,304:149,313:145,317:141,321:140,329:136,346:129,357:122,372:110,375:104,376:104	4	-1.5226121622181963	6.686538163491189	0.9415012926646908	GP_unb_7	152:450	5	0.0	0.4897447344363828	1.705089285446187	0	0	0	0		1	False	0
ecol-SAMN01112512	GP_2	28:47207,45:15794,46:15685,48:12045,51:9636,53:6602,54:6169,56:4890,60:4091,62:3894,66:2910,72:2390,82:1671,84:1444,87:1296,89:1277,91:1214,96:1077,99:942,101:918,111:744,117:704,122:680,124:660,134:564,145:484,169:407,223:254,255:215,263:210,275:187,287:170,304:149,313:145,317:141,321:140,329:136,346:129,357:122,372:110,375:104,376:104	4	-1.5226121622181963	6.686538163491189	0.9415012926646908	GP_unb_8	153:450	5	0.0	0.478133321407228	0.9926613879105074	0	0	0	0		1	False	0
ecol-SAMN01112512	GP_2	28:47207,45:15794,46:15685,48:12045,51:9636,53:6602,54:6169,56:4890,60:4091,62:3894,66:2910,72:2390,82:1671,84:1444,87:1296,89:1277,91:1214,96:1077,99:942,101:918,111:744,117:704,122:680,124:660,134:564,145:484,169:407,223:254,255:215,263:210,275:187,287:170,304:149,313:145,317:141,321:140,329:136,346:129,357:122,372:110,375:104,376:104	4	-1.5226121622181963	6.686538163491189	0.9415012926646908	GP_unb_9	154:450	4	0.0	0.46156657280855484	1.1445142073007781	4	-1.7584963030807164	8.52945473120343	0.8964246786363219	198:325,222:260,277:184,297:157	0	False	0
ecol-SAMN01112512	GP_2	28:47207,45:15794,46:15685,48:12045,51:9636,53:6602,54:6169,56:4890,60:4091,62:3894,66:2910,72:2390,82:1671,84:1444,87:1296,89:1277,91:1214,96:1077,99:942,101:918,111:744,117:704,122:680,124:660,134:564,145:484,169:407,223:254,255:215,263:210,275:187,287:170,304:149,313:145,317:141,321:140,329:136,346:129,357:122,372:110,375:104,376:104	4	-1.5226121622181963	6.686538163491189	0.9415012926646908	GP_unb_10	156:442	4	0.0	0.46965951554863716	1.073217969390421	4	-1.8256459721632625	8.284792253770327	0.9415012926638201	92:1149,222:260,277:184,280:176,297:157,342:130	0	False	0
ecol-SAMN01112512	GP_2	28:47207,45:15794,46:15685,48:12045,51:9636,53:6602,54:6169,56:4890,60:4091,62:3894,66:2910,72:2390,82:1671,84:1444,87:1296,89:1277,91:1214,96:1077,99:942,101:918,111:744,117:704,122:680,124:660,134:564,145:484,169:407,223:254,255:215,263:210,275:187,287:170,304:149,313:145,317:141,321:140,329:136,346:129,357:122,372:110,375:104,376:104	4	-1.5226121622181963	6.686538163491189	0.9415012926646908	GP_unb_11	157:439	5	0.0	0.49792362478415275	2.0017085393939937	4	-1.6539328501923771	7.769933958689872	0.050079121288945316	19:99628,32:38595,63:3508,76:2044,90:1233,93:1113,98:945,103:914,218:274,254:216,319:141	0	False	0
ecol-SAMN01112512	GP_2	28:47207,45:15794,46:15685,48:12045,51:9636,53:6602,54:6169,56:4890,60:4091,62:3894,66:2910,72:2390,82:1671,84:1444,87:1296,89:1277,91:1214,96:1077,99:942,101:918,111:744,117:704,122:680,124:660,134:564,145:484,169:407,223:254,255:215,263:210,275:187,287:170,304:149,313:145,317:141,321:140,329:136,346:129,357:122,372:110,375:104,376:104	4	-1.5226121622181963	6.686538163491189	0.9415012926646908	GP_unb_12	158:439	4	0.0	0.34662022859837394	4.421033351049296	4	-1.8256459721632625	8.161752966820064	0.9415012926638201	92:1149,222:260,277:184,280:176,297:157,342:130	0	False	0
ecol-SAMN01112512	GP_2	28:47207,45:15794,46:15685,48:12045,51:9636,53:6602,54:6169,56:4890,60:4091,62:3894,66:2910,72:2390,82:1671,84:1444,87:1296,89:1277,91:1214,96:1077,99:942,101:918,111:744,117:704,122:680,124:660,134:564,145:484,169:407,223:254,255:215,263:210,275:187,287:170,304:149,313:145,317:141,321:140,329:136,346:129,357:122,372:110,375:104,376:104	4	-1.5226121622181963	6.686538163491189	0.9415012926646908	GP_unb_13	160:420	5	0.0	0.17657091414047899	1.150141277290839	4	-2.6196665558796406	5.481136237551987	0.9415012926638155	11:156317,31:39302,189:336,279:179,309:147,325:136,349:129	0	False	0
ecol-SAMN01112512	GP_2	28:47207,45:15794,46:15685,48:12045,51:9636,53:6602,54:6169,56:4890,60:4091,62:3894,66:2910,72:2390,82:1671,84:1444,87:1296,89:1277,91:1214,96:1077,99:942,101:918,111:744,117:704,122:680,124:660,134:564,145:484,169:407,223:254,255:215,263:210,275:187,287:170,304:149,313:145,317:141,321:140,329:136,346:129,357:122,372:110,375:104,376:104	4	-1.5226121622181963	6.686538163491189	0.9415012926646908	GP_unb_14	161:420	5	0.0	0.18973607844175633	2.8294042932682344	4	-2.6715636751931906	5.4943014018532645	0.9415012926638155	11:156317,31:39302,189:336,279:179,309:147,325:136,349:129	0	False	0
ecol-SAMN01112512	GP_2	28:47207,45:15794,46:15685,48:12045,51:9636,53:6602,54:6169,56:4890,60:4091,62:3894,66:2910,72:2390,82:1671,84:1444,87:1296,89:1277,91:1214,96:1077,99:942,101:918,111:744,117:704,122:680,124:660,134:564,145:484,169:407,223:254,255:215,263:210,275:187,287:170,304:149,313:145,317:141,321:140,329:136,346:129,357:122,372:110,375:104,376:104	4	-1.5226121622181963	6.686538163491189	0.9415012926646908	GP_unb_15	163:416	5	0.0	0.46224048193324485	3.22298390850156	0	0	0	0		1	False	0
ecol-SAMN01112512	GP_2	28:47207,45:15794,46:15685,48:12045,51:9636,53:6602,54:6169,56:4890,60:4091,62:3894,66:2910,72:2390,82:1671,84:1444,87:1296,89:1277,91:1214,96:1077,99:942,101:918,111:744,117:704,122:680,124:660,134:564,145:484,169:407,223:254,255:215,263:210,275:187,287:170,304:149,313:145,317:141,321:140,329:136,346:129,357:122,372:110,375:104,376:104	4	-1.5226121622181963	6.686538163491189	0.9415012926646908	GP_unb_16	164:416	5	0.0	0.4329869782589292	1.0446682460897267	4	-2.04787161294787	9.453446558207085	0.7935129551733553	75:2184,92:1149,131:601,162:417,222:260,277:184,297:157	0	False	0
ecol-SAMN01112512	GP_2	28:47207,45:15794,46:15685,48:12045,51:9636,53:6602,54:6169,56:4890,60:4091,62:3894,66:2910,72:2390,82:1671,84:1444,87:1296,89:1277,91:1214,96:1077,99:942,101:918,111:744,117:704,122:680,124:660,134:564,145:484,169:407,223:254,255:215,263:210,275:187,287:170,304:149,313:145,317:141,321:140,329:136,346:129,357:122,372:110,375:104,376:104	4	-1.5226121622181963	6.686538163491189	0.9415012926646908	GP_unb_17	165:414	5	0.0	0.1364548168339883	1.1496308173664471	5	-2.7848206643036226	10.695981378916734	0.12548005753160396	5:278359,17:112208,26:58284,77:1892,95:1081,116:711,121:691,129:608,175:391,186:353,201:311,209:296,225:250,240:230,244:227,245:227,258:212,262:210,288:168,296:158,302:150,341:131,352:127,370:115,371:112,383:102	0	False	0
ecol-SAMN01112512	GP_2	28:47207,45:15794,46:15685,48:12045,51:9636,53:6602,54:6169,56:4890,60:4091,62:3894,66:2910,72:2390,82:1671,84:1444,87:1296,89:1277,91:1214,96:1077,99:942,101:918,111:744,117:704,122:680,124:660,134:564,145:484,169:407,223:254,255:215,263:210,275:187,287:170,304:149,313:145,317:141,321:140,329:136,346:129,357:122,372:110,375:104,376:104	4	-1.5226121622181963	6.686538163491189	0.9415012926646908	GP_unb_18	172:402	5	0.0	0.2119799037016563	0.7225800446202028	5	-2.9546199646863296	14.551956875585189	0.33163680476172885	25:65417,69:2663,95:1081,121:691,171:403,201:311,209:296,225:250,240:230,244:227,245:227,258:212,262:210,271:195,288:168,296:158,302:150,320:141,334:133,341:131,343:130,352:127,353:125,370:115,371:112,380:102,383:102	0	False	0
ecol-SAMN01112512	GP_2	28:47207,45:15794,46:15685,48:12045,51:9636,53:6602,54:6169,56:4890,60:4091,62:3894,66:2910,72:2390,82:1671,84:1444,87:1296,89:1277,91:1214,96:1077,99:942,101:918,111:744,117:704,122:680,124:660,134:564,145:484,169:407,223:254,255:215,263:210,275:187,287:170,304:149,313:145,317:141,321:140,329:136,346:129,357:122,372:110,375:104,376:104	4	-1.5226121622181963	6.686538163491189	0.9415012926646908	GP_unb_19	177:383	5	0.0	0.05509597189143711	1.0647833698162044	0	0	0	0		1	False	0
ecol-SAMN01112512	GP_2	28:47207,45:15794,46:15685,48:12045,51:9636,53:6602,54:6169,56:4890,60:4091,62:3894,66:2910,72:2390,82:1671,84:1444,87:1296,89:1277,91:1214,96:1077,99:942,101:918,111:744,117:704,122:680,124:660,134:564,145:484,169:407,223:254,255:215,263:210,275:187,287:170,304:149,313:145,317:141,321:140,329:136,346:129,357:122,372:110,375:104,376:104	4	-1.5226121622181963	6.686538163491189	0.9415012926646908	GP_unb_20	182:371	4	0.0	0.3211643251171751	1.0163377202859776	5	-3.0284512131232915	15.017308979192066	0.33163680476172885	25:65417,69:2663,95:1081,121:691,171:403,209:296,225:250,240:230,244:227,245:227,247:224,258:212,259:212,262:210,271:195,288:168,289:167,296:158,302:150,320:141,334:133,341:131,343:130,352:127,353:125,370:115,371:112,380:102,381:102,383:102	0	False	0
ecol-SAMN01112512	GP_2	28:47207,45:15794,46:15685,48:12045,51:9636,53:6602,54:6169,56:4890,60:4091,62:3894,66:2910,72:2390,82:1671,84:1444,87:1296,89:1277,91:1214,96:1077,99:942,101:918,111:744,117:704,122:680,124:660,134:564,145:484,169:407,223:254,255:215,263:210,275:187,287:170,304:149,313:145,317:141,321:140,329:136,346:129,357:122,372:110,375:104,376:104	4	-1.5226121622181963	6.686538163491189	0.9415012926646908	GP_unb_21	185:354	5	0.0	0.4913840660203582	0.7431065389916315	5	-2.9546199646863296	14.206816780703614	0.3316368047617291	25:65417,69:2663,95:1081,121:691,171:403,209:296,225:250,240:230,244:227,245:227,258:212,262:210,271:195,288:168,289:167,296:158,302:150,320:141,334:133,341:131,343:130,352:127,353:125,370:115,371:112,380:102,383:102	0	False	0
ecol-SAMN01112512	GP_2	28:47207,45:15794,46:15685,48:12045,51:9636,53:6602,54:6169,56:4890,60:4091,62:3894,66:2910,72:2390,82:1671,84:1444,87:1296,89:1277,91:1214,96:1077,99:942,101:918,111:744,117:704,122:680,124:660,134:564,145:484,169:407,223:254,255:215,263:210,275:187,287:170,304:149,313:145,317:141,321:140,329:136,346:129,357:122,372:110,375:104,376:104	4	-1.5226121622181963	6.686538163491189	0.9415012926646908	GP_unb_22	187:352	4	0.0	0.15791602210087818	1.040290301561707	4	-1.5226121622181963	6.777554203428479	0.9415012926638155	118:700,190:335	0	False	0
ecol-SAMN01112512	GP_2	28:47207,45:15794,46:15685,48:12045,51:9636,53:6602,54:6169,56:4890,60:4091,62:3894,66:2910,72:2390,82:1671,84:1444,87:1296,89:1277,91:1214,96:1077,99:942,101:918,111:744,117:704,122:680,124:660,134:564,145:484,169:407,223:254,255:215,263:210,275:187,287:170,304:149,313:145,317:141,321:140,329:136,346:129,357:122,372:110,375:104,376:104	4	-1.5226121622181963	6.686538163491189	0.9415012926646908	GP_unb_23	193:334	5	0.0	0.17300503337316187	1.2369074536157079	5	-3.3246212435345277	14.119670389410713	0.12548005753160396	5:278359,25:65417,26:58284,69:2663,77:1892,95:1081,121:691,129:608,139:517,167:413,171:403,175:391,201:311,209:296,217:274,225:250,240:230,244:227,245:227,258:212,262:210,271:195,288:168,296:158,302:150,320:141,334:133,341:131,343:130,352:127,353:125,370:115,371:112,380:102,383:102	0	False	0
ecol-SAMN01112512	GP_2	28:47207,45:15794,46:15685,48:12045,51:9636,53:6602,54:6169,56:4890,60:4091,62:3894,66:2910,72:2390,82:1671,84:1444,87:1296,89:1277,91:1214,96:1077,99:942,101:918,111:744,117:704,122:680,124:660,134:564,145:484,169:407,223:254,255:215,263:210,275:187,287:170,304:149,313:145,317:141,321:140,329:136,346:129,357:122,372:110,375:104,376:104	4	-1.5226121622181963	6.686538163491189	0.9415012926646908	GP_unb_24	196:325	5	0.0	0.3159559188188914	1.5547348160692784	4	-1.9218517782085265	7.252625186944925	0.9315443214327388	126:644,170:403,184:366,274:188	0	False	0
ecol-SAMN01112512	GP_2	28:47207,45:15794,46:15685,48:12045,51:9636,53:6602,54:6169,56:4890,60:4091,62:3894,66:2910,72:2390,82:1671,84:1444,87:1296,89:1277,91:1214,96:1077,99:942,101:918,111:744,117:704,122:680,124:660,134:564,145:484,169:407,223:254,255:215,263:210,275:187,287:170,304:149,313:145,317:141,321:140,329:136,346:129,357:122,372:110,375:104,376:104	4	-1.5226121622181963	6.686538163491189	0.9415012926646908	GP_unb_25	199:323	5	0.0	0.4678830282264288	1.0223731582155522	5	-3.0256558901571813	13.858147074048798	0.12548005753160396	5:278359,26:58284,69:2663,77:1892,95:1081,121:691,129:608,171:403,174:392,175:391,201:311,209:296,225:250,240:230,244:227,245:227,258:212,262:210,271:195,288:168,296:158,302:150,334:133,341:131,352:127,353:125,370:115,371:112,373:108,383:102	0	False	0
ecol-SAMN01112512	GP_2	28:47207,45:15794,46:15685,48:12045,51:9636,53:6602,54:6169,56:4890,60:4091,62:3894,66:2910,72:2390,82:1671,84:1444,87:1296,89:1277,91:1214,96:1077,99:942,101:918,111:744,117:704,122:680,124:660,134:564,145:484,169:407,223:254,255:215,263:210,275:187,287:170,304:149,313:145,317:141,321:140,329:136,346:129,357:122,372:110,375:104,376:104	4	-1.5226121622181963	6.686538163491189	0.9415012926646908	GP_unb_26	200:313	4	0.0	0.36762863761215747	0.9918476547369178	4	-1.5226121622181963	7.054166801103347	0.9415012926638155		0	False	0
ecol-SAMN01112512	GP_2	28:47207,45:15794,46:15685,48:12045,51:9636,53:6602,54:6169,56:4890,60:4091,62:3894,66:2910,72:2390,82:1671,84:1444,87:1296,89:1277,91:1214,96:1077,99:942,101:918,111:744,117:704,122:680,124:660,134:564,145:484,169:407,223:254,255:215,263:210,275:187,287:170,304:149,313:145,317:141,321:140,329:136,346:129,357:122,372:110,375:104,376:104	4	-1.5226121622181963	6.686538163491189	0.9415012926646908	GP_unb_27	203:309	4	0.0	0.23686272894935378	1.1601042539327935	4	-1.5226121622181963	7.916369490847662	0.9415012926638155	237:237,300:155	0	False	0
ecol-SAMN01112512	GP_2	28:47207,45:15794,46:15685,48:12045,51:9636,53:6602,54:6169,56:4890,60:4091,62:3894,66:2910,72:2390,82:1671,84:1444,87:1296,89:1277,91:1214,96:1077,99:942,101:918,111:744,117:704,122:680,124:660,134:564,145:484,169:407,223:254,255:215,263:210,275:187,287:170,304:149,313:145,317:141,321:140,329:136,346:129,357:122,372:110,375:104,376:104	4	-1.5226121622181963	6.686538163491189	0.9415012926646908	GP_unb_28	205:307	4	0.0	0.11910076686278126	1.1863448967519734	0	0	0	0		1	False	0
ecol-SAMN01112512	GP_2	28:47207,45:15794,46:15685,48:12045,51:9636,53:6602,54:6169,56:4890,60:4091,62:3894,66:2910,72:2390,82:1671,84:1444,87:1296,89:1277,91:1214,96:1077,99:942,101:918,111:744,117:704,122:680,124:660,134:564,145:484,169:407,223:254,255:215,263:210,275:187,287:170,304:149,313:145,317:141,321:140,329:136,346:129,357:122,372:110,375:104,376:104	4	-1.5226121622181963	6.686538163491189	0.9415012926646908	GP_unb_29	206:305	5	0.0	0.48346626369272283	0.8287617143045884	5	-2.9546199646863296	14.244109886128312	0.33163680476172885	25:65417,69:2663,95:1081,171:403,209:296,225:250,240:230,244:227,245:227,258:212,262:210,271:195,288:168,296:158,302:150,320:141,334:133,341:131,343:130,352:127,353:125,370:115,371:112,380:102,383:102	0	False	0
ecol-SAMN01112512	GP_2	28:47207,45:15794,46:15685,48:12045,51:9636,53:6602,54:6169,56:4890,60:4091,62:3894,66:2910,72:2390,82:1671,84:1444,87:1296,89:1277,91:1214,96:1077,99:942,101:918,111:744,117:704,122:680,124:660,134:564,145:484,169:407,223:254,255:215,263:210,275:187,287:170,304:149,313:145,317:141,321:140,329:136,346:129,357:122,372:110,375:104,376:104	4	-1.5226121622181963	6.686538163491189	0.9415012926646908	GP_unb_30	207:305	4	0.0	0.06726916394455662	1.4923175781379023	0	0	0	0		1	False	0
ecol-SAMN01112512	GP_2	28:47207,45:15794,46:15685,48:12045,51:9636,53:6602,54:6169,56:4890,60:4091,62:3894,66:2910,72:2390,82:1671,84:1444,87:1296,89:1277,91:1214,96:1077,99:942,101:918,111:744,117:704,122:680,124:660,134:564,145:484,169:407,223:254,255:215,263:210,275:187,287:170,304:149,313:145,317:141,321:140,329:136,346:129,357:122,372:110,375:104,376:104	4	-1.5226121622181963	6.686538163491189	0.9415012926646908	GP_unb_31	211:290	5	0.0	0.3053852483317213	2.5806691829338235	5	-3.0689987116910165	15.322452824213993	0.2187230694853497	25:65417,69:2663,94:1095,95:1081,113:737,121:691,133:569,171:403,209:296,225:250,240:230,244:227,245:227,247:224,258:212,259:212,262:210,271:195,288:168,289:167,296:158,302:150,320:141,334:133,340:131,341:131,343:130,352:127,353:125,361:120,370:115,371:112,380:102,381:102,383:102	0	False	0
ecol-SAMN01112512	GP_2	28:47207,45:15794,46:15685,48:12045,51:9636,53:6602,54:6169,56:4890,60:4091,62:3894,66:2910,72:2390,82:1671,84:1444,87:1296,89:1277,91:1214,96:1077,99:942,101:918,111:744,117:704,122:680,124:660,134:564,145:484,169:407,223:254,255:215,263:210,275:187,287:170,304:149,313:145,317:141,321:140,329:136,346:129,357:122,372:110,375:104,376:104	4	-1.5226121622181963	6.686538163491189	0.9415012926646908	GP_unb_32	212:288	4	0.0	0.1621704164157417	1.9053757435449339	4	-1.5226121622181963	6.848708579906931	0.9415012926638155		0	False	0
ecol-SAMN01112512	GP_2	28:47207,45:15794,46:15685,48:12045,51:9636,53:6602,54:6169,56:4890,60:4091,62:3894,66:2910,72:2390,82:1671,84:1444,87:1296,89:1277,91:1214,96:1077,99:942,101:918,111:744,117:704,122:680,124:660,134:564,145:484,169:407,223:254,255:215,263:210,275:187,287:170,304:149,313:145,317:141,321:140,329:136,346:129,357:122,372:110,375:104,376:104	4	-1.5226121622181963	6.686538163491189	0.9415012926646908	GP_unb_33	213:287	4	0.0	0.49850254240803005	1.03992397149832	4	-1.5226121622181963	8.178009304306338	0.9415012926638155	237:237,300:155	0	False	0
ecol-SAMN01112512	GP_2	28:47207,45:15794,46:15685,48:12045,51:9636,53:6602,54:6169,56:4890,60:4091,62:3894,66:2910,72:2390,82:1671,84:1444,87:1296,89:1277,91:1214,96:1077,99:942,101:918,111:744,117:704,122:680,124:660,134:564,145:484,169:407,223:254,255:215,263:210,275:187,287:170,304:149,313:145,317:141,321:140,329:136,346:129,357:122,372:110,375:104,376:104	4	-1.5226121622181963	6.686538163491189	0.9415012926646908	GP_unb_34	215:286	4	0.0	0.47086832844672477	2.1005726159269504	4	-1.5226121622181963	6.461852873426137	0.9415012926638155	118:700,188:340,190:335,248:222	0	False	0
ecol-SAMN01112512	GP_2	28:47207,45:15794,46:15685,48:12045,51:9636,53:6602,54:6169,56:4890,60:4091,62:3894,66:2910,72:2390,82:1671,84:1444,87:1296,89:1277,91:1214,96:1077,99:942,101:918,111:744,117:704,122:680,124:660,134:564,145:484,169:407,223:254,255:215,263:210,275:187,287:170,304:149,313:145,317:141,321:140,329:136,346:129,357:122,372:110,375:104,376:104	4	-1.5226121622181963	6.686538163491189	0.9415012926646908	GP_unb_35	219:274	5	0.0	0.4991032585312828	0.7305342113244033	4	-2.001618986288891	6.800269899712489	0.7305342113249935	11:156317,31:39302,112:743,183:369,309:147,349:129	0	False	0
ecol-SAMN01112512	GP_2	28:47207,45:15794,46:15685,48:12045,51:9636,53:6602,54:6169,56:4890,60:4091,62:3894,66:2910,72:2390,82:1671,84:1444,87:1296,89:1277,91:1214,96:1077,99:942,101:918,111:744,117:704,122:680,124:660,134:564,145:484,169:407,223:254,255:215,263:210,275:187,287:170,304:149,313:145,317:141,321:140,329:136,346:129,357:122,372:110,375:104,376:104	4	-1.5226121622181963	6.686538163491189	0.9415012926646908	GP_unb_36	224:253	4	0.0	0.49754567536635763	1.0863397921527296	4	-1.5226121622181963	7.184083838857546	0.9415012926638155		0	False	0
ecol-SAMN01112512	GP_2	28:47207,45:15794,46:15685,48:12045,51:9636,53:6602,54:6169,56:4890,60:4091,62:3894,66:2910,72:2390,82:1671,84:1444,87:1296,89:1277,91:1214,96:1077,99:942,101:918,111:744,117:704,122:680,124:660,134:564,145:484,169:407,223:254,255:215,263:210,275:187,287:170,304:149,313:145,317:141,321:140,329:136,346:129,357:122,372:110,375:104,376:104	4	-1.5226121622181963	6.686538163491189	0.9415012926646908	GP_unb_37	233:241	4	0.0	0.2307152384743133	5.300045340852107	5	-3.1359651762409	13.14426420982034	0.12548005753160396	23:92039,25:65417,26:58284,30:43162,67:2812,69:2663,77:1892,81:1698,95:1081,109:829,121:691,129:608,171:403,201:311,209:296,225:250,240:230,244:227,245:227,258:212,262:210,271:195,288:168,296:158,302:150,320:141,334:133,341:131,343:130,352:127,353:125,370:115,371:112,380:102,383:102	0	False	0
ecol-SAMN01112512	GP_2	28:47207,45:15794,46:15685,48:12045,51:9636,53:6602,54:6169,56:4890,60:4091,62:3894,66:2910,72:2390,82:1671,84:1444,87:1296,89:1277,91:1214,96:1077,99:942,101:918,111:744,117:704,122:680,124:660,134:564,145:484,169:407,223:254,255:215,263:210,275:187,287:170,304:149,313:145,317:141,321:140,329:136,346:129,357:122,372:110,375:104,376:104	4	-1.5226121622181963	6.686538163491189	0.9415012926646908	GP_unb_38	234:240	4	0.0	0.014985838747219926	0.9672915296682311	5	-3.0700649670585163	12.908610736535007	0.12548005753160396	5:278359,26:58284,69:2663,77:1892,95:1081,121:691,129:608,171:403,175:391,201:311,209:296,225:250,240:230,244:227,245:227,258:212,262:210,271:195,288:168,296:158,302:150,334:133,341:131,352:127,353:125,370:115,371:112,373:108,383:102	0	False	0
ecol-SAMN01112512	GP_2	28:47207,45:15794,46:15685,48:12045,51:9636,53:6602,54:6169,56:4890,60:4091,62:3894,66:2910,72:2390,82:1671,84:1444,87:1296,89:1277,91:1214,96:1077,99:942,101:918,111:744,117:704,122:680,124:660,134:564,145:484,169:407,223:254,255:215,263:210,275:187,287:170,304:149,313:145,317:141,321:140,329:136,346:129,357:122,372:110,375:104,376:104	4	-1.5226121622181963	6.686538163491189	0.9415012926646908	GP_unb_39	239:235	5	0.0	0.05523044894165485	2.568982653370687	0	0	0	0		1	False	0
ecol-SAMN01112512	GP_2	28:47207,45:15794,46:15685,48:12045,51:9636,53:6602,54:6169,56:4890,60:4091,62:3894,66:2910,72:2390,82:1671,84:1444,87:1296,89:1277,91:1214,96:1077,99:942,101:918,111:744,117:704,122:680,124:660,134:564,145:484,169:407,223:254,255:215,263:210,275:187,287:170,304:149,313:145,317:141,321:140,329:136,346:129,357:122,372:110,375:104,376:104	4	-1.5226121622181963	6.686538163491189	0.9415012926646908	GP_unb_40	251:217	5	0.0	0.33087371860253345	0.727456438250864	5	-2.97946345321508	15.167344054063179	0.2187230694853497	25:65417,69:2663,94:1095,95:1081,121:691,171:403,209:296,225:250,240:230,244:227,245:227,247:224,258:212,259:212,262:210,271:195,288:168,289:167,296:158,302:150,320:141,334:133,340:131,341:131,343:130,352:127,353:125,370:115,371:112,380:102,381:102,383:102	0	False	0
ecol-SAMN01112512	GP_2	28:47207,45:15794,46:15685,48:12045,51:9636,53:6602,54:6169,56:4890,60:4091,62:3894,66:2910,72:2390,82:1671,84:1444,87:1296,89:1277,91:1214,96:1077,99:942,101:918,111:744,117:704,122:680,124:660,134:564,145:484,169:407,223:254,255:215,263:210,275:187,287:170,304:149,313:145,317:141,321:140,329:136,346:129,357:122,372:110,375:104,376:104	4	-1.5226121622181963	6.686538163491189	0.9415012926646908	GP_unb_41	253:217	5	0.0	0.3983657488877117	1.2484798803722152	5	-2.97946345321508	15.234836084348359	0.2187230694853497	25:65417,69:2663,94:1095,95:1081,121:691,171:403,209:296,225:250,240:230,244:227,245:227,247:224,258:212,259:212,262:210,271:195,288:168,289:167,296:158,302:150,320:141,334:133,340:131,341:131,343:130,352:127,353:125,370:115,371:112,380:102,381:102,383:102	0	False	0
ecol-SAMN01112512	GP_2	28:47207,45:15794,46:15685,48:12045,51:9636,53:6602,54:6169,56:4890,60:4091,62:3894,66:2910,72:2390,82:1671,84:1444,87:1296,89:1277,91:1214,96:1077,99:942,101:918,111:744,117:704,122:680,124:660,134:564,145:484,169:407,223:254,255:215,263:210,275:187,287:170,304:149,313:145,317:141,321:140,329:136,346:129,357:122,372:110,375:104,376:104	4	-1.5226121622181963	6.686538163491189	0.9415012926646908	GP_unb_42	261:211	4	0.0	0.48208854903427056	1.0107046448850414	5	-3.073259427500905	13.375713446822054	0.12548005753160396	5:278359,26:58284,69:2663,77:1892,95:1081,121:691,129:608,171:403,175:391,201:311,209:296,225:250,240:230,244:227,245:227,258:212,262:210,271:195,288:168,296:158,302:150,334:133,341:131,352:127,353:125,370:115,371:112,373:108,383:102	0	False	0
ecol-SAMN01112512	GP_2	28:47207,45:15794,46:15685,48:12045,51:9636,53:6602,54:6169,56:4890,60:4091,62:3894,66:2910,72:2390,82:1671,84:1444,87:1296,89:1277,91:1214,96:1077,99:942,101:918,111:744,117:704,122:680,124:660,134:564,145:484,169:407,223:254,255:215,263:210,275:187,287:170,304:149,313:145,317:141,321:140,329:136,346:129,357:122,372:110,375:104,376:104	4	-1.5226121622181963	6.686538163491189	0.9415012926646908	GP_unb_43	268:200	5	0.0	0.49866384026374844	1.6398645179306555	4	-2.1767572723511828	9.579399448881434	0.7935129551733553	75:2184,85:1369,92:1149,131:601,162:417,222:260,277:184,297:157,316:143	0	False	0
ecol-SAMN01112512	GP_2	28:47207,45:15794,46:15685,48:12045,51:9636,53:6602,54:6169,56:4890,60:4091,62:3894,66:2910,72:2390,82:1671,84:1444,87:1296,89:1277,91:1214,96:1077,99:942,101:918,111:744,117:704,122:680,124:660,134:564,145:484,169:407,223:254,255:215,263:210,275:187,287:170,304:149,313:145,317:141,321:140,329:136,346:129,357:122,372:110,375:104,376:104	4	-1.5226121622181963	6.686538163491189	0.9415012926646908	GP_unb_44	273:193	4	0.0	0.43106627873838343	0.7908645689766479	4	-1.5760866533786355	7.521331721745477	0.7908645689767582	301:154	0	False	0
ecol-SAMN01112512	GP_2	28:47207,45:15794,46:15685,48:12045,51:9636,53:6602,54:6169,56:4890,60:4091,62:3894,66:2910,72:2390,82:1671,84:1444,87:1296,89:1277,91:1214,96:1077,99:942,101:918,111:744,117:704,122:680,124:660,134:564,145:484,169:407,223:254,255:215,263:210,275:187,287:170,304:149,313:145,317:141,321:140,329:136,346:129,357:122,372:110,375:104,376:104	4	-1.5226121622181963	6.686538163491189	0.9415012926646908	GP_unb_45	278:183	5	0.0	0.19925047760085512	1.7989418466037899	0	0	0	0		1	False	0
ecol-SAMN01112512	GP_2	28:47207,45:15794,46:15685,48:12045,51:9636,53:6602,54:6169,56:4890,60:4091,62:3894,66:2910,72:2390,82:1671,84:1444,87:1296,89:1277,91:1214,96:1077,99:942,101:918,111:744,117:704,122:680,124:660,134:564,145:484,169:407,223:254,255:215,263:210,275:187,287:170,304:149,313:145,317:141,321:140,329:136,346:129,357:122,372:110,375:104,376:104	4	-1.5226121622181963	6.686538163491189	0.9415012926646908	GP_unb_46	285:171	5	0.0	0.4106151985703018	3.4276483111283267	4	-2.1461812172500503	6.166954766496948	0.9415012926638155	11:156317,31:39302,132:571,309:147,312:146,349:129	0	False	0
ecol-SAMN01112512	GP_2	28:47207,45:15794,46:15685,48:12045,51:9636,53:6602,54:6169,56:4890,60:4091,62:3894,66:2910,72:2390,82:1671,84:1444,87:1296,89:1277,91:1214,96:1077,99:942,101:918,111:744,117:704,122:680,124:660,134:564,145:484,169:407,223:254,255:215,263:210,275:187,287:170,304:149,313:145,317:141,321:140,329:136,346:129,357:122,372:110,375:104,376:104	4	-1.5226121622181963	6.686538163491189	0.9415012926646908	GP_unb_47	286:170	4	0.0	0.49988530574486256	2.064465083039819	5	-3.0449188350287204	15.236595366873276	0.33163680476172885	25:65417,69:2663,95:1081,121:691,123:668,171:403,201:311,209:296,225:250,240:230,244:227,245:227,258:212,262:210,271:195,288:168,296:158,302:150,320:141,334:133,341:131,343:130,352:127,353:125,370:115,371:112,380:102,383:102	0	False	0
ecol-SAMN01112512	GP_2	28:47207,45:15794,46:15685,48:12045,51:9636,53:6602,54:6169,56:4890,60:4091,62:3894,66:2910,72:2390,82:1671,84:1444,87:1296,89:1277,91:1214,96:1077,99:942,101:918,111:744,117:704,122:680,124:660,134:564,145:484,169:407,223:254,255:215,263:210,275:187,287:170,304:149,313:145,317:141,321:140,329:136,346:129,357:122,372:110,375:104,376:104	4	-1.5226121622181963	6.686538163491189	0.9415012926646908	GP_unb_48	290:166	4	0.0	0.4756751119523188	1.0018106313788724	4	-1.5226121622181963	7.656041699377139	0.9415012926638155	237:237	0	False	0
ecol-SAMN01112512	GP_2	28:47207,45:15794,46:15685,48:12045,51:9636,53:6602,54:6169,56:4890,60:4091,62:3894,66:2910,72:2390,82:1671,84:1444,87:1296,89:1277,91:1214,96:1077,99:942,101:918,111:744,117:704,122:680,124:660,134:564,145:484,169:407,223:254,255:215,263:210,275:187,287:170,304:149,313:145,317:141,321:140,329:136,346:129,357:122,372:110,375:104,376:104	4	-1.5226121622181963	6.686538163491189	0.9415012926646908	GP_unb_49	292:163	5	0.0	0.3991831381705384	1.0584806911026836	4	-1.60115236667733	7.489448581177633	0.9415012926638155	301:154	0	False	0
ecol-SAMN01112512	GP_2	28:47207,45:15794,46:15685,48:12045,51:9636,53:6602,54:6169,56:4890,60:4091,62:3894,66:2910,72:2390,82:1671,84:1444,87:1296,89:1277,91:1214,96:1077,99:942,101:918,111:744,117:704,122:680,124:660,134:564,145:484,169:407,223:254,255:215,263:210,275:187,287:170,304:149,313:145,317:141,321:140,329:136,346:129,357:122,372:110,375:104,376:104	4	-1.5226121622181963	6.686538163491189	0.9415012926646908	GP_unb_50	294:159	5	0.0	0.40659751383693765	1.0624772920401282	5	-2.868114493557393	11.018527142925006	0.8927283482425992	25:65417,69:2663,171:403,225:250,271:195,302:150,320:141,334:133,341:131,343:130,353:125,370:115,371:112,380:102,383:102	0	False	0
ecol-SAMN01112512	GP_2	28:47207,45:15794,46:15685,48:12045,51:9636,53:6602,54:6169,56:4890,60:4091,62:3894,66:2910,72:2390,82:1671,84:1444,87:1296,89:1277,91:1214,96:1077,99:942,101:918,111:744,117:704,122:680,124:660,134:564,145:484,169:407,223:254,255:215,263:210,275:187,287:170,304:149,313:145,317:141,321:140,329:136,346:129,357:122,372:110,375:104,376:104	4	-1.5226121622181963	6.686538163491189	0.9415012926646908	GP_unb_51	295:158	5	0.0	0.4868353133390596	0.8009326403089183	4	-1.6060100372954158	6.911536901166578	0.05473678124144499	58:4615,110:773,191:335,221:261,228:247,324:137	0	False	0
ecol-SAMN01112512	GP_2	28:47207,45:15794,46:15685,48:12045,51:9636,53:6602,54:6169,56:4890,60:4091,62:3894,66:2910,72:2390,82:1671,84:1444,87:1296,89:1277,91:1214,96:1077,99:942,101:918,111:744,117:704,122:680,124:660,134:564,145:484,169:407,223:254,255:215,263:210,275:187,287:170,304:149,313:145,317:141,321:140,329:136,346:129,357:122,372:110,375:104,376:104	4	-1.5226121622181963	6.686538163491189	0.9415012926646908	GP_unb_52	306:149	4	0.0	0.12152955326403547	1.1240898049142276	5	-3.4850358190491195	13.42698991127442	0.12548005753160396	23:92039,25:65417,26:58284,67:2812,68:2802,69:2663,77:1892,95:1081,109:829,121:691,129:608,171:403,201:311,209:296,225:250,240:230,244:227,245:227,258:212,262:210,267:201,271:195,288:168,296:158,302:150,320:141,334:133,341:131,343:130,352:127,353:125,370:115,371:112,380:102,383:102	0	False	0
ecol-SAMN01112512	GP_2	28:47207,45:15794,46:15685,48:12045,51:9636,53:6602,54:6169,56:4890,60:4091,62:3894,66:2910,72:2390,82:1671,84:1444,87:1296,89:1277,91:1214,96:1077,99:942,101:918,111:744,117:704,122:680,124:660,134:564,145:484,169:407,223:254,255:215,263:210,275:187,287:170,304:149,313:145,317:141,321:140,329:136,346:129,357:122,372:110,375:104,376:104	4	-1.5226121622181963	6.686538163491189	0.9415012926646908	GP_unb_53	308:147	5	0.0	0.4999524396595292	2.194977674885071	5	-2.9546199646863296	14.215385154342785	0.33163680476172885	25:65417,69:2663,95:1081,121:691,171:403,209:296,225:250,240:230,244:227,245:227,258:212,262:210,271:195,288:168,289:167,296:158,302:150,320:141,334:133,341:131,343:130,352:127,353:125,370:115,371:112,380:102,383:102	0	False	0
ecol-SAMN01112512	GP_2	28:47207,45:15794,46:15685,48:12045,51:9636,53:6602,54:6169,56:4890,60:4091,62:3894,66:2910,72:2390,82:1671,84:1444,87:1296,89:1277,91:1214,96:1077,99:942,101:918,111:744,117:704,122:680,124:660,134:564,145:484,169:407,223:254,255:215,263:210,275:187,287:170,304:149,313:145,317:141,321:140,329:136,346:129,357:122,372:110,375:104,376:104	4	-1.5226121622181963	6.686538163491189	0.9415012926646908	GP_unb_54	310:146	4	0.0	0.4856807593758524	2.075028600769293	0	0	0	0		1	False	0
ecol-SAMN01112512	GP_2	28:47207,45:15794,46:15685,48:12045,51:9636,53:6602,54:6169,56:4890,60:4091,62:3894,66:2910,72:2390,82:1671,84:1444,87:1296,89:1277,91:1214,96:1077,99:942,101:918,111:744,117:704,122:680,124:660,134:564,145:484,169:407,223:254,255:215,263:210,275:187,287:170,304:149,313:145,317:141,321:140,329:136,346:129,357:122,372:110,375:104,376:104	4	-1.5226121622181963	6.686538163491189	0.9415012926646908	GP_unb_55	311:146	5	0.0	0.46383632140430675	3.078507235018752	5	-2.7577912895904095	12.028906872729136	0.12548005753160396	5:278359,26:58284,77:1892,95:1081,121:691,129:608,138:521,175:391,179:382,201:311,209:296,225:250,240:230,244:227,245:227,258:212,262:210,288:168,296:158,302:150,352:127,370:115,371:112	0	False	0
ecol-SAMN01112512	GP_2	28:47207,45:15794,46:15685,48:12045,51:9636,53:6602,54:6169,56:4890,60:4091,62:3894,66:2910,72:2390,82:1671,84:1444,87:1296,89:1277,91:1214,96:1077,99:942,101:918,111:744,117:704,122:680,124:660,134:564,145:484,169:407,223:254,255:215,263:210,275:187,287:170,304:149,313:145,317:141,321:140,329:136,346:129,357:122,372:110,375:104,376:104	4	-1.5226121622181963	6.686538163491189	0.9415012926646908	GP_unb_56	314:145	4	0.0	0.4841734857396268	2.2882387030714675	4	-1.5226121622181963	7.170711649230816	0.9415012926638155		0	False	0
ecol-SAMN01112512	GP_2	28:47207,45:15794,46:15685,48:12045,51:9636,53:6602,54:6169,56:4890,60:4091,62:3894,66:2910,72:2390,82:1671,84:1444,87:1296,89:1277,91:1214,96:1077,99:942,101:918,111:744,117:704,122:680,124:660,134:564,145:484,169:407,223:254,255:215,263:210,275:187,287:170,304:149,313:145,317:141,321:140,329:136,346:129,357:122,372:110,375:104,376:104	4	-1.5226121622181963	6.686538163491189	0.9415012926646908	GP_unb_57	322:139	5	0.0	0.4867046665458492	1.7390679001780605	4	-1.7559081809644308	7.336645835714292	0.9415012926638155	301:154,303:149	0	False	0
ecol-SAMN01112512	GP_2	28:47207,45:15794,46:15685,48:12045,51:9636,53:6602,54:6169,56:4890,60:4091,62:3894,66:2910,72:2390,82:1671,84:1444,87:1296,89:1277,91:1214,96:1077,99:942,101:918,111:744,117:704,122:680,124:660,134:564,145:484,169:407,223:254,255:215,263:210,275:187,287:170,304:149,313:145,317:141,321:140,329:136,346:129,357:122,372:110,375:104,376:104	4	-1.5226121622181963	6.686538163491189	0.9415012926646908	GP_unb_58	326:136	4	0.0	0.46092298778148244	0.8756940002942651	4	-1.5226121622181963	7.202239629887456	0.779223079995063	40:24871,78:1732,135:562,328:136	0	False	0
ecol-SAMN01112512	GP_2	28:47207,45:15794,46:15685,48:12045,51:9636,53:6602,54:6169,56:4890,60:4091,62:3894,66:2910,72:2390,82:1671,84:1444,87:1296,89:1277,91:1214,96:1077,99:942,101:918,111:744,117:704,122:680,124:660,134:564,145:484,169:407,223:254,255:215,263:210,275:187,287:170,304:149,313:145,317:141,321:140,329:136,346:129,357:122,372:110,375:104,376:104	4	-1.5226121622181963	6.686538163491189	0.9415012926646908	GP_unb_59	332:134	4	0.0	0.19898619631969083	1.024255854524927	4	-1.5226121622181963	5.894221257595094	0.9415012926638155	11:156317,309:147	0	False	0
ecol-SAMN01112512	GP_2	28:47207,45:15794,46:15685,48:12045,51:9636,53:6602,54:6169,56:4890,60:4091,62:3894,66:2910,72:2390,82:1671,84:1444,87:1296,89:1277,91:1214,96:1077,99:942,101:918,111:744,117:704,122:680,124:660,134:564,145:484,169:407,223:254,255:215,263:210,275:187,287:170,304:149,313:145,317:141,321:140,329:136,346:129,357:122,372:110,375:104,376:104	4	-1.5226121622181963	6.686538163491189	0.9415012926646908	GP_unb_60	333:134	4	0.0	0.47074537300663244	1.0965039500590033	4	-1.5226121622181963	6.1659804342820355	0.9415012926638155	11:156317,309:147	0	False	0
ecol-SAMN01112512	GP_2	28:47207,45:15794,46:15685,48:12045,51:9636,53:6602,54:6169,56:4890,60:4091,62:3894,66:2910,72:2390,82:1671,84:1444,87:1296,89:1277,91:1214,96:1077,99:942,101:918,111:744,117:704,122:680,124:660,134:564,145:484,169:407,223:254,255:215,263:210,275:187,287:170,304:149,313:145,317:141,321:140,329:136,346:129,357:122,372:110,375:104,376:104	4	-1.5226121622181963	6.686538163491189	0.9415012926646908	GP_unb_61	337:131	5	0.0	0.31824610481183213	2.1374938819876705	5	-2.9546199646863296	14.815039870738353	0.33163680476172874	25:65417,69:2663,95:1081,121:691,171:403,209:296,225:250,240:230,244:227,245:227,247:224,258:212,262:210,271:195,288:168,289:167,296:158,302:150,320:141,334:133,341:131,343:130,352:127,353:125,370:115,371:112,380:102,381:102,383:102	0	False	0
ecol-SAMN01112512	GP_2	28:47207,45:15794,46:15685,48:12045,51:9636,53:6602,54:6169,56:4890,60:4091,62:3894,66:2910,72:2390,82:1671,84:1444,87:1296,89:1277,91:1214,96:1077,99:942,101:918,111:744,117:704,122:680,124:660,134:564,145:484,169:407,223:254,255:215,263:210,275:187,287:170,304:149,313:145,317:141,321:140,329:136,346:129,357:122,372:110,375:104,376:104	4	-1.5226121622181963	6.686538163491189	0.9415012926646908	GP_unb_62	339:131	4	0.0	0.33822618651826997	1.906717952875541	4	-2.2662032893135144	9.947559503825346	0.10706312592992617	57:4638,75:2184,92:1149,131:601,162:417,222:260,272:194,277:184,297:157	0	False	0
ecol-SAMN01112512	GP_2	28:47207,45:15794,46:15685,48:12045,51:9636,53:6602,54:6169,56:4890,60:4091,62:3894,66:2910,72:2390,82:1671,84:1444,87:1296,89:1277,91:1214,96:1077,99:942,101:918,111:744,117:704,122:680,124:660,134:564,145:484,169:407,223:254,255:215,263:210,275:187,287:170,304:149,313:145,317:141,321:140,329:136,346:129,357:122,372:110,375:104,376:104	4	-1.5226121622181963	6.686538163491189	0.9415012926646908	GP_unb_63	348:129	4	0.0	0.40496560246745616	1.1240898049142276	5	-3.0828746569829755	11.33363556607101	0.12548005753160396	5:278359,17:112208,26:58284,29:44548,77:1892,95:1081,121:691,129:608,175:391,186:353,201:311,202:310,209:296,225:250,240:230,244:227,245:227,258:212,262:210,288:168,296:158,302:150,341:131,352:127,370:115,371:112,383:102	0	False	0
ecol-SAMN01112512	GP_2	28:47207,45:15794,46:15685,48:12045,51:9636,53:6602,54:6169,56:4890,60:4091,62:3894,66:2910,72:2390,82:1671,84:1444,87:1296,89:1277,91:1214,96:1077,99:942,101:918,111:744,117:704,122:680,124:660,134:564,145:484,169:407,223:254,255:215,263:210,275:187,287:170,304:149,313:145,317:141,321:140,329:136,346:129,357:122,372:110,375:104,376:104	4	-1.5226121622181963	6.686538163491189	0.9415012926646908	GP_unb_64	360:121	4	0.0	0.015340682866147981	7.541808169160413	5	-3.0498222370420045	13.737815374240249	0.12548005753160396	25:65417,26:58284,69:2663,77:1892,95:1081,106:864,121:691,129:608,171:403,201:311,209:296,225:250,240:230,244:227,245:227,258:212,262:210,271:195,288:168,296:158,302:150,320:141,334:133,341:131,343:130,352:127,353:125,370:115,371:112,380:102,383:102	0	False	0
ecol-SAMN01112512	GP_2	28:47207,45:15794,46:15685,48:12045,51:9636,53:6602,54:6169,56:4890,60:4091,62:3894,66:2910,72:2390,82:1671,84:1444,87:1296,89:1277,91:1214,96:1077,99:942,101:918,111:744,117:704,122:680,124:660,134:564,145:484,169:407,223:254,255:215,263:210,275:187,287:170,304:149,313:145,317:141,321:140,329:136,346:129,357:122,372:110,375:104,376:104	4	-1.5226121622181963	6.686538163491189	0.9415012926646908	GP_unb_65	362:120	4	0.0	0.49507029606137076	0.9845720994616148	4	-1.635882396185362	7.020874301131815	0.05473678124144499	58:4615,181:374,191:335,214:287,324:137,356:123	0	False	0
ecol-SAMN01112512	GP_2	28:47207,45:15794,46:15685,48:12045,51:9636,53:6602,54:6169,56:4890,60:4091,62:3894,66:2910,72:2390,82:1671,84:1444,87:1296,89:1277,91:1214,96:1077,99:942,101:918,111:744,117:704,122:680,124:660,134:564,145:484,169:407,223:254,255:215,263:210,275:187,287:170,304:149,313:145,317:141,321:140,329:136,346:129,357:122,372:110,375:104,376:104	4	-1.5226121622181963	6.686538163491189	0.9415012926646908	GP_unb_66	363:120	5	0.0	0.4944025655749814	1.859854729110929	4	-1.6444885460760987	7.020206570645425	0.05473678124144499	58:4615,181:374,191:335,214:287,324:137,356:123	0	False	0
ecol-SAMN01112512	GP_2	28:47207,45:15794,46:15685,48:12045,51:9636,53:6602,54:6169,56:4890,60:4091,62:3894,66:2910,72:2390,82:1671,84:1444,87:1296,89:1277,91:1214,96:1077,99:942,101:918,111:744,117:704,122:680,124:660,134:564,145:484,169:407,223:254,255:215,263:210,275:187,287:170,304:149,313:145,317:141,321:140,329:136,346:129,357:122,372:110,375:104,376:104	4	-1.5226121622181963	6.686538163491189	0.9415012926646908	GP_unb_67	364:120	5	0.0	0.492363952444446	1.9500079571694096	5	-3.338605006088287	13.744019791667954	0.12548005753160396	5:278359,9:208141,25:65417,26:58284,69:2663,77:1892,95:1081,121:691,129:608,137:542,171:403,175:391,201:311,209:296,225:250,240:230,244:227,245:227,258:212,262:210,271:195,281:174,288:168,296:158,302:150,320:141,334:133,341:131,343:130,352:127,353:125,370:115,371:112,380:102,383:102	0	False	0
ecol-SAMN01112512	GP_2	28:47207,45:15794,46:15685,48:12045,51:9636,53:6602,54:6169,56:4890,60:4091,62:3894,66:2910,72:2390,82:1671,84:1444,87:1296,89:1277,91:1214,96:1077,99:942,101:918,111:744,117:704,122:680,124:660,134:564,145:484,169:407,223:254,255:215,263:210,275:187,287:170,304:149,313:145,317:141,321:140,329:136,346:129,357:122,372:110,375:104,376:104	4	-1.5226121622181963	6.686538163491189	0.9415012926646908	GP_unb_68	367:118	5	0.0	0.16404894896900601	0.9318896325589356	5	-2.7022974199189793	11.815024948678499	0.12548005753160396	5:278359,26:58284,77:1892,95:1081,121:691,129:608,175:391,201:311,209:296,225:250,240:230,244:227,245:227,258:212,262:210,288:168,296:158,302:150,336:132,352:127,370:115,371:112	0	False	0
ecol-SAMN01112512	GP_2	28:47207,45:15794,46:15685,48:12045,51:9636,53:6602,54:6169,56:4890,60:4091,62:3894,66:2910,72:2390,82:1671,84:1444,87:1296,89:1277,91:1214,96:1077,99:942,101:918,111:744,117:704,122:680,124:660,134:564,145:484,169:407,223:254,255:215,263:210,275:187,287:170,304:149,313:145,317:141,321:140,329:136,346:129,357:122,372:110,375:104,376:104	4	-1.5226121622181963	6.686538163491189	0.9415012926646908	GP_unb_69	377:103	5	0.0	0.49966419986763255	1.1397218894223695	4	-1.531411140069298	7.186202363358822	0.9415012926692725		0	False	0
ecol-SAMN01112512	GP_2	28:47207,45:15794,46:15685,48:12045,51:9636,53:6602,54:6169,56:4890,60:4091,62:3894,66:2910,72:2390,82:1671,84:1444,87:1296,89:1277,91:1214,96:1077,99:942,101:918,111:744,117:704,122:680,124:660,134:564,145:484,169:407,223:254,255:215,263:210,275:187,287:170,304:149,313:145,317:141,321:140,329:136,346:129,357:122,372:110,375:104,376:104	4	-1.5226121622181963	6.686538163491189	0.9415012926646908	GP_unb_70	378:103	4	0.0	0.49998835869741776	0.9566889767680681	4	-1.5226121622181963	7.186526522188607	0.9415012926692725		0	False	0
ecol-SAMN01112512	GP_2	28:47207,45:15794,46:15685,48:12045,51:9636,53:6602,54:6169,56:4890,60:4091,62:3894,66:2910,72:2390,82:1671,84:1444,87:1296,89:1277,91:1214,96:1077,99:942,101:918,111:744,117:704,122:680,124:660,134:564,145:484,169:407,223:254,255:215,263:210,275:187,287:170,304:149,313:145,317:141,321:140,329:136,346:129,357:122,372:110,375:104,376:104	4	-1.5226121622181963	6.686538163491189	0.9415012926646908	GP_unb_71	379:103	5	0.0	0.2259983118032789	1.9261694787003092	5	-2.7022974199189793	11.876974311512772	0.12548005753160396	5:278359,26:58284,77:1892,95:1081,121:691,129:608,175:391,201:311,209:296,225:250,240:230,244:227,245:227,258:212,262:210,288:168,296:158,302:150,336:132,352:127,370:115,371:112	0	False	0
ecol-SAMN01112512	GP_3	34:31389,39:25407,42:20060,49:11306,57:4638,75:2184,87:1296,99:942,124:660,195:333,272:194,275:187,357:122	5	-0.5153831557314763	5.089250668679542	0.800890602432792	GP_4	43:18850,50:9764,55:4932,58:4615,65:3153,70:2536,86:1351,122:680,127:635,134:564,135:562,137:542,140:510,141:510,151:452,162:417,184:366,229:247,243:227,274:188,277:184,280:176,282:174,283:173,324:137	5	-0.8471346767327117	4.451077307442613	1.0283365312146244	5	-2.5771805093749776	18.79066842216256	0.0875438770326582	5:278359,25:65417,26:58284,46:15685,61:3997,69:2663,77:1892,95:1081,117:704,121:691,129:608,139:517,167:413,169:407,171:403,174:392,175:391,201:311,209:296,217:274,225:250,240:230,244:227,245:227,258:212,262:210,263:210,271:195,287:170,288:168,296:158,302:150,320:141,329:136,334:133,341:131,343:130,346:129,347:129,350:128,352:127,353:125,369:117,370:115,371:112,372:110,373:108,380:102,383:102	0	False	0
ecol-SAMN01112512	GP_3	34:31389,39:25407,42:20060,49:11306,57:4638,75:2184,87:1296,99:942,124:660,195:333,272:194,275:187,357:122	5	-0.5153831557314763	5.089250668679542	0.800890602432792	GP_1	64:3376,75:2184,85:1369,94:1095,95:1081,112:743,114:732,115:732,119:700,123:668,128:612,129:608,130:605,132:571,138:521,178:383,179:382,189:336,201:311,225:250,226:248,245:227,258:212,259:212,269:200,272:194,288:168,289:167,296:158,312:146,340:131,349:129,381:102	5	-0.1935346793074418	7.90564862564831	0.850480282734744	5	-2.3150499392317694	19.415429842373598	0.0875438770326582	5:278359,23:92039,25:65417,30:43162,36:28745,46:15685,61:3997,67:2812,69:2663,77:1892,81:1698,92:1149,109:829,117:704,122:680,131:601,139:517,162:417,167:413,169:407,171:403,174:392,175:391,217:274,222:260,263:210,270:200,271:195,277:184,287:170,297:157,320:141,329:136,334:133,341:131,343:130,346:129,347:129,350:128,353:125,369:117,372:110,373:108,380:102	0	True	0
ecol-SAMN01112512	GP_3	34:31389,39:25407,42:20060,49:11306,57:4638,75:2184,87:1296,99:942,124:660,195:333,272:194,275:187,357:122	5	-0.5153831557314763	5.089250668679542	0.800890602432792	GP_unb_1	73:2386	5	0.0	0.2760778200571202	1.9493593727948884	5	-1.8458179371140397	13.648797808052816	0.0875438770326582	5:278359,25:65417,26:58284,46:15685,52:6680,61:3997,69:2663,77:1892,95:1081,117:704,121:691,125:646,129:608,139:517,167:413,169:407,171:403,174:392,175:391,201:311,209:296,217:274,225:250,240:230,244:227,245:227,258:212,262:210,263:210,271:195,274:188,287:170,288:168,296:158,302:150,320:141,329:136,334:133,341:131,343:130,346:129,347:129,350:128,352:127,353:125,369:117,370:115,371:112,372:110,373:108,380:102,383:102	0	False	0
ecol-SAMN01112512	GP_3	34:31389,39:25407,42:20060,49:11306,57:4638,75:2184,87:1296,99:942,124:660,195:333,272:194,275:187,357:122	5	-0.5153831557314763	5.089250668679542	0.800890602432792	GP_unb_2	105:867	5	0.0	0.4830018916810376	2.06306281960046	5	-1.9842979927065842	17.168349363478846	0.1019799901823717	5:278359,25:65417,26:58284,46:15685,69:2663,77:1892,92:1149,95:1081,117:704,121:691,122:680,129:608,131:601,139:517,162:417,167:413,169:407,171:403,174:392,175:391,201:311,209:296,217:274,222:260,225:250,240:230,244:227,245:227,258:212,262:210,263:210,271:195,277:184,287:170,288:168,296:158,297:157,302:150,320:141,329:136,334:133,341:131,343:130,346:129,347:129,350:128,352:127,353:125,369:117,370:115,371:112,372:110,373:108,380:102,383:102	0	False	0
ecol-SAMN01112512	GP_3	34:31389,39:25407,42:20060,49:11306,57:4638,75:2184,87:1296,99:942,124:660,195:333,272:194,275:187,357:122	5	-0.5153831557314763	5.089250668679542	0.800890602432792	GP_unb_3	142:507	5	0.0	0.3245251361530843	9.544519612170564	5	-0.5153831557314763	5.4137758048326265	0.8008906024333555		0	False	0
ecol-SAMN01112512	GP_3	34:31389,39:25407,42:20060,49:11306,57:4638,75:2184,87:1296,99:942,124:660,195:333,272:194,275:187,357:122	5	-0.5153831557314763	5.089250668679542	0.800890602432792	GP_unb_4	146:468	5	0.0	0.06046954653248682	0.8870352187320776	0	0	0	0		1	False	0
ecol-SAMN01112512	GP_3	34:31389,39:25407,42:20060,49:11306,57:4638,75:2184,87:1296,99:942,124:660,195:333,272:194,275:187,357:122	5	-0.5153831557314763	5.089250668679542	0.800890602432792	GP_unb_5	149:454	5	0.0	0.43020733534872635	0.9983334984821324	5	-0.8189055715030747	6.312474892225945	0.8008906024333555	11:156317,31:39302,112:743,115:732,128:612,178:383,183:369,226:248,269:200,309:147,349:129	0	False	0
ecol-SAMN01112512	GP_3	34:31389,39:25407,42:20060,49:11306,57:4638,75:2184,87:1296,99:942,124:660,195:333,272:194,275:187,357:122	5	-0.5153831557314763	5.089250668679542	0.800890602432792	GP_unb_6	150:454	5	0.0	0.3082487470736095	2.2394177153615407	5	-0.8189055715030747	6.190516303950828	0.8008906024333555	11:156317,31:39302,112:743,115:732,128:612,178:383,183:369,226:248,269:200,309:147,349:129	0	False	0
ecol-SAMN01112512	GP_3	34:31389,39:25407,42:20060,49:11306,57:4638,75:2184,87:1296,99:942,124:660,195:333,272:194,275:187,357:122	5	-0.5153831557314763	5.089250668679542	0.800890602432792	GP_unb_7	152:450	5	0.0	0.4897447344363828	1.705089285446187	0	0	0	0		1	False	0
ecol-SAMN01112512	GP_3	34:31389,39:25407,42:20060,49:11306,57:4638,75:2184,87:1296,99:942,124:660,195:333,272:194,275:187,357:122	5	-0.5153831557314763	5.089250668679542	0.800890602432792	GP_unb_8	153:450	5	0.0	0.478133321407228	0.9926613879105074	0	0	0	0		1	False	0
ecol-SAMN01112512	GP_3	34:31389,39:25407,42:20060,49:11306,57:4638,75:2184,87:1296,99:942,124:660,195:333,272:194,275:187,357:122	5	-0.5153831557314763	5.089250668679542	0.800890602432792	GP_unb_9	154:450	4	0.0	0.46156657280855484	1.1445142073007781	5	-1.9972486526796855	15.723412775891186	0.0875438770326582	5:278359,25:65417,26:58284,46:15685,61:3997,69:2663,77:1892,92:1149,95:1081,117:704,121:691,122:680,129:608,139:517,167:413,169:407,171:403,174:392,175:391,201:311,209:296,217:274,222:260,225:250,240:230,244:227,245:227,258:212,262:210,263:210,271:195,287:170,288:168,296:158,302:150,320:141,329:136,334:133,341:131,343:130,346:129,347:129,350:128,352:127,353:125,369:117,370:115,371:112,372:110,373:108,380:102,383:102	0	False	0
ecol-SAMN01112512	GP_3	34:31389,39:25407,42:20060,49:11306,57:4638,75:2184,87:1296,99:942,124:660,195:333,272:194,275:187,357:122	5	-0.5153831557314763	5.089250668679542	0.800890602432792	GP_unb_10	156:442	4	0.0	0.46965951554863716	1.073217969390421	5	-2.168235383558463	16.398070429635105	0.0875438770326582	5:278359,25:65417,26:58284,46:15685,61:3997,69:2663,77:1892,92:1149,95:1081,117:704,121:691,122:680,129:608,139:517,167:413,169:407,171:403,174:392,175:391,201:311,209:296,217:274,222:260,225:250,240:230,244:227,245:227,258:212,262:210,263:210,271:195,277:184,280:176,287:170,288:168,296:158,297:157,302:150,320:141,329:136,334:133,341:131,342:130,343:130,346:129,347:129,350:128,352:127,353:125,369:117,370:115,371:112,372:110,373:108,380:102,383:102	0	False	0
ecol-SAMN01112512	GP_3	34:31389,39:25407,42:20060,49:11306,57:4638,75:2184,87:1296,99:942,124:660,195:333,272:194,275:187,357:122	5	-0.5153831557314763	5.089250668679542	0.800890602432792	GP_unb_11	157:439	5	0.0	0.49792362478415275	2.0017085393939937	5	-2.1433234540976045	14.840805287767441	0.050079121288945316	5:278359,19:99628,24:75448,26:58284,69:2663,76:2044,77:1892,92:1149,93:1113,95:1081,98:945,103:914,117:704,121:691,122:680,129:608,131:601,139:517,162:417,167:413,171:403,174:392,175:391,201:311,209:296,217:274,218:274,222:260,225:250,240:230,244:227,245:227,254:216,258:212,262:210,263:210,271:195,277:184,287:170,288:168,296:158,297:157,302:150,319:141,329:136,334:133,341:131,347:129,350:128,352:127,353:125,369:117,370:115,371:112,372:110,373:108,383:102	0	False	0
ecol-SAMN01112512	GP_3	34:31389,39:25407,42:20060,49:11306,57:4638,75:2184,87:1296,99:942,124:660,195:333,272:194,275:187,357:122	5	-0.5153831557314763	5.089250668679542	0.800890602432792	GP_unb_12	158:439	4	0.0	0.34662022859837394	4.421033351049296	5	-2.1697168179016466	16.275031142684842	0.0875438770326582	5:278359,25:65417,26:58284,46:15685,61:3997,69:2663,77:1892,92:1149,95:1081,117:704,121:691,122:680,129:608,139:517,167:413,169:407,171:403,174:392,175:391,201:311,209:296,217:274,222:260,225:250,240:230,244:227,245:227,258:212,262:210,263:210,271:195,277:184,280:176,287:170,288:168,296:158,297:157,302:150,320:141,329:136,334:133,341:131,342:130,343:130,346:129,347:129,350:128,352:127,353:125,369:117,370:115,371:112,372:110,373:108,380:102,383:102	0	False	0
ecol-SAMN01112512	GP_3	34:31389,39:25407,42:20060,49:11306,57:4638,75:2184,87:1296,99:942,124:660,195:333,272:194,275:187,357:122	5	-0.5153831557314763	5.089250668679542	0.800890602432792	GP_unb_13	160:420	5	0.0	0.17657091414047899	1.150141277290839	5	-0.8129028422365506	3.8838487427403403	0.8008906024333555	11:156317,31:39302,189:336,279:179,309:147,325:136,349:129	0	False	0
ecol-SAMN01112512	GP_3	34:31389,39:25407,42:20060,49:11306,57:4638,75:2184,87:1296,99:942,124:660,195:333,272:194,275:187,357:122	5	-0.5153831557314763	5.089250668679542	0.800890602432792	GP_unb_14	161:420	5	0.0	0.18973607844175633	2.8294042932682344	5	-0.8129028422365506	3.8970139070416177	0.8008906024333555	11:156317,31:39302,189:336,279:179,309:147,325:136,349:129	0	False	0
ecol-SAMN01112512	GP_3	34:31389,39:25407,42:20060,49:11306,57:4638,75:2184,87:1296,99:942,124:660,195:333,272:194,275:187,357:122	5	-0.5153831557314763	5.089250668679542	0.800890602432792	GP_unb_15	163:416	5	0.0	0.46224048193324485	3.22298390850156	0	0	0	0		1	False	0
ecol-SAMN01112512	GP_3	34:31389,39:25407,42:20060,49:11306,57:4638,75:2184,87:1296,99:942,124:660,195:333,272:194,275:187,357:122	5	-0.5153831557314763	5.089250668679542	0.800890602432792	GP_unb_16	164:416	5	0.0	0.4329869782589292	1.0446682460897267	5	-2.12069837456963	16.96996994801751	0.08754387703265812	5:278359,25:65417,26:58284,46:15685,61:3997,69:2663,77:1892,92:1149,95:1081,117:704,121:691,122:680,129:608,131:601,139:517,167:413,169:407,171:403,174:392,175:391,201:311,209:296,217:274,222:260,225:250,240:230,244:227,245:227,258:212,262:210,263:210,271:195,277:184,287:170,288:168,296:158,297:157,302:150,320:141,329:136,334:133,341:131,343:130,346:129,347:129,350:128,352:127,353:125,369:117,370:115,371:112,372:110,373:108,380:102,383:102	0	False	0
ecol-SAMN01112512	GP_3	34:31389,39:25407,42:20060,49:11306,57:4638,75:2184,87:1296,99:942,124:660,195:333,272:194,275:187,357:122	5	-0.5153831557314763	5.089250668679542	0.800890602432792	GP_unb_17	165:414	5	0.0	0.1364548168339883	1.1496308173664471	5	-1.4789576112125091	12.201485714360976	0.0875438770326582	17:112208,23:92039,25:65417,26:58284,30:43162,36:28745,46:15685,61:3997,67:2812,69:2663,77:1892,81:1698,95:1081,109:829,116:711,121:691,129:608,169:407,171:403,186:353,201:311,209:296,225:250,240:230,244:227,245:227,258:212,262:210,271:195,288:168,296:158,302:150,320:141,334:133,341:131,343:130,346:129,352:127,353:125,370:115,371:112,372:110,380:102,383:102	0	False	0
ecol-SAMN01112512	GP_3	34:31389,39:25407,42:20060,49:11306,57:4638,75:2184,87:1296,99:942,124:660,195:333,272:194,275:187,357:122	5	-0.5153831557314763	5.089250668679542	0.800890602432792	GP_unb_18	172:402	5	0.0	0.2119799037016563	0.7225800446202028	5	-1.2196290502224088	14.90548605092863	0.0875438770326582	25:65417,46:15685,61:3997,69:2663,95:1081,121:691,169:407,171:403,174:392,201:311,209:296,225:250,240:230,244:227,245:227,258:212,262:210,271:195,288:168,296:158,302:150,320:141,334:133,341:131,343:130,346:129,352:127,353:125,370:115,371:112,372:110,373:108,380:102,383:102	0	False	0
ecol-SAMN01112512	GP_3	34:31389,39:25407,42:20060,49:11306,57:4638,75:2184,87:1296,99:942,124:660,195:333,272:194,275:187,357:122	5	-0.5153831557314763	5.089250668679542	0.800890602432792	GP_unb_19	177:383	5	0.0	0.05509597189143711	1.0647833698162044	0	0	0	0		1	False	0
ecol-SAMN01112512	GP_3	34:31389,39:25407,42:20060,49:11306,57:4638,75:2184,87:1296,99:942,124:660,195:333,272:194,275:187,357:122	5	-0.5153831557314763	5.089250668679542	0.800890602432792	GP_unb_20	182:371	4	0.0	0.3211643251171751	1.0163377202859776	5	-1.2934602986593706	15.37083815453551	0.0875438770326582	25:65417,46:15685,61:3997,69:2663,95:1081,121:691,169:407,171:403,174:392,209:296,225:250,240:230,244:227,245:227,247:224,258:212,259:212,262:210,271:195,288:168,289:167,296:158,302:150,320:141,334:133,341:131,343:130,346:129,352:127,353:125,370:115,371:112,372:110,373:108,380:102,381:102,383:102	0	False	0
ecol-SAMN01112512	GP_3	34:31389,39:25407,42:20060,49:11306,57:4638,75:2184,87:1296,99:942,124:660,195:333,272:194,275:187,357:122	5	-0.5153831557314763	5.089250668679542	0.800890602432792	GP_unb_21	185:354	5	0.0	0.4913840660203582	0.7431065389916315	5	-1.2196290502224088	14.560345956047055	0.08754387703265822	25:65417,46:15685,61:3997,69:2663,95:1081,121:691,169:407,171:403,174:392,209:296,225:250,240:230,244:227,245:227,258:212,262:210,271:195,288:168,289:167,296:158,302:150,320:141,334:133,341:131,343:130,346:129,352:127,353:125,370:115,371:112,372:110,373:108,380:102,383:102	0	False	0
ecol-SAMN01112512	GP_3	34:31389,39:25407,42:20060,49:11306,57:4638,75:2184,87:1296,99:942,124:660,195:333,272:194,275:187,357:122	5	-0.5153831557314763	5.089250668679542	0.800890602432792	GP_unb_22	187:352	4	0.0	0.15791602210087818	1.040290301561707	5	-2.1822334185870935	14.547588333737163	0.0875438770326582	5:278359,25:65417,26:58284,46:15685,61:3997,62:3894,69:2663,77:1892,95:1081,118:700,121:691,129:608,169:407,171:403,174:392,175:391,190:335,201:311,209:296,225:250,240:230,244:227,245:227,255:215,258:212,262:210,271:195,288:168,296:158,302:150,320:141,334:133,341:131,343:130,346:129,352:127,353:125,370:115,371:112,372:110,373:108,380:102,383:102	0	False	0
ecol-SAMN01112512	GP_3	34:31389,39:25407,42:20060,49:11306,57:4638,75:2184,87:1296,99:942,124:660,195:333,272:194,275:187,357:122	5	-0.5153831557314763	5.089250668679542	0.800890602432792	GP_unb_23	193:334	5	0.0	0.17300503337316187	1.2369074536157079	5	-1.5896303290706073	14.473199564754154	0.0875438770326582	5:278359,25:65417,26:58284,46:15685,61:3997,69:2663,77:1892,95:1081,121:691,129:608,139:517,167:413,169:407,171:403,174:392,175:391,201:311,209:296,217:274,225:250,240:230,244:227,245:227,258:212,262:210,271:195,288:168,296:158,302:150,320:141,334:133,341:131,343:130,346:129,352:127,353:125,370:115,371:112,372:110,373:108,380:102,383:102	0	False	0
ecol-SAMN01112512	GP_3	34:31389,39:25407,42:20060,49:11306,57:4638,75:2184,87:1296,99:942,124:660,195:333,272:194,275:187,357:122	5	-0.5153831557314763	5.089250668679542	0.800890602432792	GP_unb_24	196:325	5	0.0	0.3159559188188914	1.5547348160692784	5	-1.9056090891209736	14.95645642517784	0.0875438770326582	5:278359,25:65417,26:58284,46:15685,52:6680,61:3997,69:2663,77:1892,95:1081,117:704,121:691,125:646,127:635,129:608,139:517,167:413,169:407,170:403,171:403,174:392,175:391,184:366,201:311,209:296,217:274,225:250,240:230,244:227,245:227,258:212,262:210,263:210,271:195,274:188,287:170,288:168,296:158,302:150,320:141,329:136,334:133,341:131,343:130,346:129,347:129,350:128,352:127,353:125,369:117,370:115,371:112,372:110,373:108,380:102,383:102	0	False	0
ecol-SAMN01112512	GP_3	34:31389,39:25407,42:20060,49:11306,57:4638,75:2184,87:1296,99:942,124:660,195:333,272:194,275:187,357:122	5	-0.5153831557314763	5.089250668679542	0.800890602432792	GP_unb_25	199:323	5	0.0	0.4678830282264288	1.0223731582155522	5	-1.8263164214458356	15.343266853328647	0.12548005753204022	5:278359,26:58284,69:2663,77:1892,92:1149,95:1081,117:704,121:691,122:680,129:608,131:601,139:517,162:417,167:413,171:403,174:392,175:391,201:311,209:296,217:274,222:260,225:250,240:230,244:227,245:227,258:212,262:210,263:210,271:195,277:184,287:170,288:168,296:158,297:157,302:150,329:136,334:133,341:131,347:129,350:128,352:127,353:125,369:117,370:115,371:112,372:110,373:108,383:102	0	False	0
ecol-SAMN01112512	GP_3	34:31389,39:25407,42:20060,49:11306,57:4638,75:2184,87:1296,99:942,124:660,195:333,272:194,275:187,357:122	5	-0.5153831557314763	5.089250668679542	0.800890602432792	GP_unb_26	200:313	4	0.0	0.36762863761215747	0.9918476547369178	5	-1.889384918657701	15.167444976968127	0.0875438770326582	5:278359,25:65417,26:58284,46:15685,61:3997,69:2663,77:1892,95:1081,117:704,121:691,122:680,129:608,139:517,167:413,169:407,171:403,174:392,175:391,201:311,209:296,217:274,225:250,240:230,244:227,245:227,258:212,262:210,263:210,271:195,287:170,288:168,296:158,302:150,320:141,329:136,334:133,341:131,343:130,346:129,347:129,350:128,352:127,353:125,369:117,370:115,371:112,372:110,373:108,380:102,383:102	0	False	0
ecol-SAMN01112512	GP_3	34:31389,39:25407,42:20060,49:11306,57:4638,75:2184,87:1296,99:942,124:660,195:333,272:194,275:187,357:122	5	-0.5153831557314763	5.089250668679542	0.800890602432792	GP_unb_27	203:309	4	0.0	0.23686272894935378	1.1601042539327935	5	-2.163031427908303	15.933485637948573	0.0875438770326582	5:278359,25:65417,26:58284,46:15685,61:3997,69:2663,77:1892,92:1149,95:1081,117:704,121:691,122:680,129:608,139:517,167:413,169:407,171:403,174:392,175:391,201:311,209:296,217:274,222:260,225:250,240:230,244:227,245:227,258:212,262:210,263:210,271:195,277:184,280:176,287:170,288:168,296:158,297:157,302:150,320:141,329:136,334:133,341:131,343:130,346:129,347:129,350:128,352:127,353:125,369:117,370:115,371:112,372:110,373:108,380:102,383:102	0	False	0
ecol-SAMN01112512	GP_3	34:31389,39:25407,42:20060,49:11306,57:4638,75:2184,87:1296,99:942,124:660,195:333,272:194,275:187,357:122	5	-0.5153831557314763	5.089250668679542	0.800890602432792	GP_unb_28	205:307	4	0.0	0.11910076686278126	1.1863448967519734	0	0	0	0		1	False	0
ecol-SAMN01112512	GP_3	34:31389,39:25407,42:20060,49:11306,57:4638,75:2184,87:1296,99:942,124:660,195:333,272:194,275:187,357:122	5	-0.5153831557314763	5.089250668679542	0.800890602432792	GP_unb_29	206:305	5	0.0	0.48346626369272283	0.8287617143045884	5	-1.2196290502224088	14.597639061471757	0.08754387703265823	25:65417,46:15685,61:3997,69:2663,95:1081,169:407,171:403,174:392,209:296,225:250,240:230,244:227,245:227,258:212,262:210,271:195,288:168,296:158,302:150,320:141,334:133,341:131,343:130,346:129,352:127,353:125,370:115,371:112,372:110,373:108,380:102,383:102	0	False	0
ecol-SAMN01112512	GP_3	34:31389,39:25407,42:20060,49:11306,57:4638,75:2184,87:1296,99:942,124:660,195:333,272:194,275:187,357:122	5	-0.5153831557314763	5.089250668679542	0.800890602432792	GP_unb_30	207:305	4	0.0	0.06726916394455662	1.4923175781379023	0	0	0	0		1	False	0
ecol-SAMN01112512	GP_3	34:31389,39:25407,42:20060,49:11306,57:4638,75:2184,87:1296,99:942,124:660,195:333,272:194,275:187,357:122	5	-0.5153831557314763	5.089250668679542	0.800890602432792	GP_unb_31	211:290	5	0.0	0.3053852483317213	2.5806691829338235	5	-1.3340077972270965	15.675981999557438	0.08754387703267712	25:65417,46:15685,61:3997,69:2663,94:1095,95:1081,113:737,121:691,133:569,169:407,171:403,174:392,209:296,225:250,240:230,244:227,245:227,247:224,258:212,259:212,262:210,271:195,288:168,289:167,296:158,302:150,320:141,334:133,340:131,341:131,343:130,346:129,352:127,353:125,361:120,370:115,371:112,372:110,373:108,380:102,381:102,383:102	0	False	0
ecol-SAMN01112512	GP_3	34:31389,39:25407,42:20060,49:11306,57:4638,75:2184,87:1296,99:942,124:660,195:333,272:194,275:187,357:122	5	-0.5153831557314763	5.089250668679542	0.800890602432792	GP_unb_32	212:288	4	0.0	0.1621704164157417	1.9053757435449339	5	-1.6670444904465933	13.966824532563187	0.0875438770326582	5:278359,25:65417,26:58284,46:15685,61:3997,69:2663,77:1892,95:1081,121:691,129:608,139:517,167:413,169:407,171:403,174:392,175:391,201:311,209:296,217:274,225:250,240:230,244:227,245:227,258:212,262:210,271:195,288:168,296:158,302:150,320:141,329:136,334:133,341:131,343:130,346:129,352:127,353:125,370:115,371:112,372:110,373:108,380:102,383:102	0	False	0
ecol-SAMN01112512	GP_3	34:31389,39:25407,42:20060,49:11306,57:4638,75:2184,87:1296,99:942,124:660,195:333,272:194,275:187,357:122	5	-0.5153831557314763	5.089250668679542	0.800890602432792	GP_unb_33	213:287	4	0.0	0.49850254240803005	1.03992397149832	5	-2.1637708535948286	16.195125451407247	0.0875438770326582	5:278359,25:65417,26:58284,46:15685,61:3997,69:2663,77:1892,92:1149,95:1081,117:704,121:691,122:680,129:608,139:517,167:413,169:407,171:403,174:392,175:391,201:311,209:296,217:274,222:260,225:250,240:230,244:227,245:227,258:212,262:210,263:210,271:195,277:184,280:176,287:170,288:168,296:158,297:157,302:150,320:141,329:136,334:133,341:131,343:130,346:129,347:129,350:128,352:127,353:125,369:117,370:115,371:112,372:110,373:108,380:102,383:102	0	False	0
ecol-SAMN01112512	GP_3	34:31389,39:25407,42:20060,49:11306,57:4638,75:2184,87:1296,99:942,124:660,195:333,272:194,275:187,357:122	5	-0.5153831557314763	5.089250668679542	0.800890602432792	GP_unb_34	215:286	4	0.0	0.47086832844672477	2.1005726159269504	5	-2.4357717105397696	14.231887003734823	0.08754387703265819	5:278359,25:65417,26:58284,46:15685,61:3997,62:3894,69:2663,77:1892,95:1081,118:700,121:691,129:608,169:407,171:403,174:392,175:391,188:340,190:335,201:311,209:296,225:250,240:230,244:227,245:227,248:222,255:215,258:212,262:210,271:195,288:168,296:158,302:150,320:141,334:133,341:131,343:130,346:129,352:127,353:125,370:115,371:112,372:110,373:108,380:102,383:102	0	False	0
ecol-SAMN01112512	GP_3	34:31389,39:25407,42:20060,49:11306,57:4638,75:2184,87:1296,99:942,124:660,195:333,272:194,275:187,357:122	5	-0.5153831557314763	5.089250668679542	0.800890602432792	GP_unb_35	219:274	5	0.0	0.4991032585312828	0.7305342113244033	5	-0.8129028422365506	5.202982404900842	0.7305342113304505	11:156317,31:39302,112:743,183:369,309:147,349:129	0	False	0
ecol-SAMN01112512	GP_3	34:31389,39:25407,42:20060,49:11306,57:4638,75:2184,87:1296,99:942,124:660,195:333,272:194,275:187,357:122	5	-0.5153831557314763	5.089250668679542	0.800890602432792	GP_unb_36	224:253	4	0.0	0.49754567536635763	1.0863397921527296	5	-1.8739676538150014	15.297362014722328	0.0875438770326582	5:278359,25:65417,26:58284,46:15685,61:3997,69:2663,77:1892,95:1081,117:704,121:691,122:680,129:608,139:517,167:413,169:407,171:403,174:392,175:391,201:311,209:296,217:274,225:250,240:230,244:227,245:227,258:212,262:210,263:210,271:195,287:170,288:168,296:158,302:150,320:141,329:136,334:133,341:131,343:130,346:129,347:129,350:128,352:127,353:125,369:117,370:115,371:112,372:110,373:108,380:102,383:102	0	False	0
ecol-SAMN01112512	GP_3	34:31389,39:25407,42:20060,49:11306,57:4638,75:2184,87:1296,99:942,124:660,195:333,272:194,275:187,357:122	5	-0.5153831557314763	5.089250668679542	0.800890602432792	GP_unb_37	233:241	4	0.0	0.2307152384743133	5.300045340852107	5	-1.9836769249832107	14.223054577443822	0.1254800575317116	5:278359,26:58284,36:28745,69:2663,77:1892,81:1698,92:1149,95:1081,117:704,121:691,122:680,129:608,131:601,139:517,162:417,167:413,171:403,174:392,175:391,201:311,209:296,217:274,222:260,225:250,240:230,244:227,245:227,258:212,262:210,263:210,271:195,277:184,287:170,288:168,296:158,297:157,302:150,329:136,334:133,341:131,347:129,350:128,352:127,353:125,369:117,370:115,371:112,372:110,373:108,383:102	0	False	0
ecol-SAMN01112512	GP_3	34:31389,39:25407,42:20060,49:11306,57:4638,75:2184,87:1296,99:942,124:660,195:333,272:194,275:187,357:122	5	-0.5153831557314763	5.089250668679542	0.800890602432792	GP_unb_38	234:240	4	0.0	0.014985838747219926	0.9672915296682311	5	-1.8707254983471702	14.890369663849437	0.12548005753240604	5:278359,26:58284,69:2663,77:1892,92:1149,95:1081,117:704,121:691,122:680,129:608,131:601,139:517,162:417,167:413,171:403,174:392,175:391,201:311,209:296,217:274,222:260,225:250,240:230,244:227,245:227,258:212,262:210,263:210,271:195,277:184,287:170,288:168,296:158,297:157,302:150,329:136,334:133,341:131,347:129,350:128,352:127,353:125,369:117,370:115,371:112,372:110,373:108,383:102	0	False	0
ecol-SAMN01112512	GP_3	34:31389,39:25407,42:20060,49:11306,57:4638,75:2184,87:1296,99:942,124:660,195:333,272:194,275:187,357:122	5	-0.5153831557314763	5.089250668679542	0.800890602432792	GP_unb_39	239:235	5	0.0	0.05523044894165485	2.568982653370687	0	0	0	0		1	False	0
ecol-SAMN01112512	GP_3	34:31389,39:25407,42:20060,49:11306,57:4638,75:2184,87:1296,99:942,124:660,195:333,272:194,275:187,357:122	5	-0.5153831557314763	5.089250668679542	0.800890602432792	GP_unb_40	251:217	5	0.0	0.33087371860253345	0.727456438250864	5	-1.2444725387511597	15.520873229406623	0.0875438770326582	25:65417,46:15685,61:3997,69:2663,94:1095,95:1081,121:691,169:407,171:403,174:392,209:296,225:250,240:230,244:227,245:227,247:224,258:212,259:212,262:210,271:195,288:168,289:167,296:158,302:150,320:141,334:133,340:131,341:131,343:130,346:129,352:127,353:125,370:115,371:112,372:110,373:108,380:102,381:102,383:102	0	False	0
ecol-SAMN01112512	GP_3	34:31389,39:25407,42:20060,49:11306,57:4638,75:2184,87:1296,99:942,124:660,195:333,272:194,275:187,357:122	5	-0.5153831557314763	5.089250668679542	0.800890602432792	GP_unb_41	253:217	5	0.0	0.3983657488877117	1.2484798803722152	5	-1.2444725387511597	15.588365259691804	0.08754387703296576	25:65417,46:15685,61:3997,69:2663,94:1095,95:1081,121:691,169:407,171:403,174:392,209:296,225:250,240:230,244:227,245:227,247:224,258:212,259:212,262:210,271:195,288:168,289:167,296:158,302:150,320:141,334:133,340:131,341:131,343:130,346:129,352:127,353:125,370:115,371:112,372:110,373:108,380:102,381:102,383:102	0	False	0
ecol-SAMN01112512	GP_3	34:31389,39:25407,42:20060,49:11306,57:4638,75:2184,87:1296,99:942,124:660,195:333,272:194,275:187,357:122	5	-0.5153831557314763	5.089250668679542	0.800890602432792	GP_unb_42	261:211	4	0.0	0.48208854903427056	1.0107046448850414	5	-1.8739199587895599	14.860833226101903	0.12548005753160396	5:278359,26:58284,69:2663,77:1892,92:1149,95:1081,117:704,121:691,122:680,129:608,131:601,139:517,162:417,167:413,171:403,175:391,201:311,209:296,217:274,222:260,225:250,240:230,244:227,245:227,258:212,262:210,263:210,271:195,277:184,287:170,288:168,296:158,297:157,302:150,329:136,334:133,341:131,347:129,350:128,352:127,353:125,369:117,370:115,371:112,372:110,373:108,383:102	0	False	0
ecol-SAMN01112512	GP_3	34:31389,39:25407,42:20060,49:11306,57:4638,75:2184,87:1296,99:942,124:660,195:333,272:194,275:187,357:122	5	-0.5153831557314763	5.089250668679542	0.800890602432792	GP_unb_43	268:200	5	0.0	0.49866384026374844	1.6398645179306555	5	-0.5153831557314763	5.715604652833142	0.8008906024333555	64:3376	0	False	0
ecol-SAMN01112512	GP_3	34:31389,39:25407,42:20060,49:11306,57:4638,75:2184,87:1296,99:942,124:660,195:333,272:194,275:187,357:122	5	-0.5153831557314763	5.089250668679542	0.800890602432792	GP_unb_44	273:193	4	0.0	0.43106627873838343	0.7908645689766479	5	-1.8100110671624106	15.63460989761026	0.0875438770326582	5:278359,25:65417,26:58284,46:15685,61:3997,69:2663,77:1892,95:1081,117:704,121:691,122:680,129:608,139:517,167:413,169:407,171:403,174:392,175:391,201:311,209:296,217:274,225:250,240:230,244:227,245:227,258:212,262:210,263:210,271:195,287:170,288:168,296:158,301:154,302:150,320:141,329:136,334:133,341:131,343:130,346:129,347:129,350:128,352:127,353:125,369:117,370:115,371:112,372:110,373:108,380:102,383:102	0	False	0
ecol-SAMN01112512	GP_3	34:31389,39:25407,42:20060,49:11306,57:4638,75:2184,87:1296,99:942,124:660,195:333,272:194,275:187,357:122	5	-0.5153831557314763	5.089250668679542	0.800890602432792	GP_unb_45	278:183	5	0.0	0.19925047760085512	1.7989418466037899	0	0	0	0		1	False	0
ecol-SAMN01112512	GP_3	34:31389,39:25407,42:20060,49:11306,57:4638,75:2184,87:1296,99:942,124:660,195:333,272:194,275:187,357:122	5	-0.5153831557314763	5.089250668679542	0.800890602432792	GP_unb_46	285:171	5	0.0	0.4106151985703018	3.4276483111283267	5	-0.8129028422365506	4.569667271685303	0.8008906024333555	11:156317,31:39302,132:571,309:147,312:146,349:129	0	False	0
ecol-SAMN01112512	GP_3	34:31389,39:25407,42:20060,49:11306,57:4638,75:2184,87:1296,99:942,124:660,195:333,272:194,275:187,357:122	5	-0.5153831557314763	5.089250668679542	0.800890602432792	GP_unb_47	286:170	4	0.0	0.49988530574486256	2.064465083039819	5	-1.3099279205648	15.590124542216723	0.0875438770326583	25:65417,46:15685,61:3997,69:2663,95:1081,121:691,123:668,169:407,171:403,174:392,201:311,209:296,225:250,240:230,244:227,245:227,258:212,262:210,271:195,288:168,296:158,302:150,320:141,334:133,341:131,343:130,346:129,352:127,353:125,370:115,371:112,372:110,373:108,380:102,383:102	0	False	0
ecol-SAMN01112512	GP_3	34:31389,39:25407,42:20060,49:11306,57:4638,75:2184,87:1296,99:942,124:660,195:333,272:194,275:187,357:122	5	-0.5153831557314763	5.089250668679542	0.800890602432792	GP_unb_48	290:166	4	0.0	0.4756751119523188	1.0018106313788724	5	-1.9971783996197792	14.785126200955215	0.0875438770326582	5:278359,25:65417,26:58284,46:15685,61:3997,69:2663,77:1892,95:1081,117:704,121:691,125:646,129:608,139:517,167:413,169:407,171:403,174:392,175:391,201:311,209:296,217:274,225:250,240:230,244:227,245:227,258:212,262:210,263:210,271:195,287:170,288:168,296:158,302:150,320:141,329:136,334:133,341:131,343:130,346:129,347:129,350:128,352:127,353:125,369:117,370:115,371:112,372:110,373:108,380:102,383:102	0	False	0
ecol-SAMN01112512	GP_3	34:31389,39:25407,42:20060,49:11306,57:4638,75:2184,87:1296,99:942,124:660,195:333,272:194,275:187,357:122	5	-0.5153831557314763	5.089250668679542	0.800890602432792	GP_unb_49	292:163	5	0.0	0.3991831381705384	1.0584806911026836	5	-1.7806671842836537	15.602726757042413	0.0875438770326582	5:278359,25:65417,26:58284,46:15685,61:3997,69:2663,77:1892,95:1081,117:704,121:691,122:680,129:608,139:517,167:413,169:407,171:403,174:392,175:391,201:311,209:296,217:274,225:250,240:230,244:227,245:227,258:212,262:210,263:210,271:195,287:170,288:168,296:158,301:154,302:150,320:141,329:136,334:133,341:131,343:130,346:129,347:129,350:128,352:127,353:125,369:117,370:115,371:112,372:110,373:108,380:102,383:102	0	False	0
ecol-SAMN01112512	GP_3	34:31389,39:25407,42:20060,49:11306,57:4638,75:2184,87:1296,99:942,124:660,195:333,272:194,275:187,357:122	5	-0.5153831557314763	5.089250668679542	0.800890602432792	GP_unb_50	294:159	5	0.0	0.40659751383693765	1.0624772920401282	5	-1.4059327184935833	12.730833395995761	0.08754387703263847	23:92039,25:65417,26:58284,30:43162,36:28745,46:15685,61:3997,67:2812,69:2663,77:1892,81:1698,95:1081,109:829,121:691,129:608,169:407,171:403,174:392,201:311,209:296,240:230,244:227,245:227,258:212,262:210,270:200,271:195,288:168,296:158,320:141,334:133,341:131,343:130,346:129,352:127,353:125,372:110,373:108,380:102	0	False	0
ecol-SAMN01112512	GP_3	34:31389,39:25407,42:20060,49:11306,57:4638,75:2184,87:1296,99:942,124:660,195:333,272:194,275:187,357:122	5	-0.5153831557314763	5.089250668679542	0.800890602432792	GP_unb_51	295:158	5	0.0	0.4868353133390596	0.8009326403089183	5	-2.038169738708978	15.02481507703136	0.05473678124141908	5:278359,25:65417,26:58284,46:15685,58:4615,61:3997,69:2663,77:1892,95:1081,110:773,117:704,121:691,122:680,129:608,139:517,167:413,169:407,171:403,174:392,175:391,191:335,201:311,209:296,217:274,221:261,225:250,228:247,240:230,244:227,245:227,258:212,262:210,263:210,271:195,287:170,288:168,296:158,302:150,320:141,324:137,329:136,334:133,341:131,343:130,346:129,347:129,350:128,352:127,353:125,369:117,370:115,371:112,372:110,373:108,380:102,383:102	0	False	0
ecol-SAMN01112512	GP_3	34:31389,39:25407,42:20060,49:11306,57:4638,75:2184,87:1296,99:942,124:660,195:333,272:194,275:187,357:122	5	-0.5153831557314763	5.089250668679542	0.800890602432792	GP_unb_52	306:149	4	0.0	0.12152955326403547	1.1240898049142276	5	-1.7500449045851996	13.780519086617868	0.0875438770326582	23:92039,25:65417,26:58284,46:15685,61:3997,67:2812,68:2802,69:2663,77:1892,95:1081,109:829,121:691,129:608,169:407,171:403,174:392,201:311,209:296,225:250,240:230,244:227,245:227,258:212,262:210,267:201,271:195,288:168,296:158,302:150,320:141,334:133,341:131,343:130,346:129,352:127,353:125,370:115,371:112,372:110,373:108,380:102,383:102	0	False	0
ecol-SAMN01112512	GP_3	34:31389,39:25407,42:20060,49:11306,57:4638,75:2184,87:1296,99:942,124:660,195:333,272:194,275:187,357:122	5	-0.5153831557314763	5.089250668679542	0.800890602432792	GP_unb_53	308:147	5	0.0	0.4999524396595292	2.194977674885071	5	-1.2196290502224088	14.568914329686226	0.0875438770326582	25:65417,46:15685,61:3997,69:2663,95:1081,121:691,169:407,171:403,174:392,209:296,225:250,240:230,244:227,245:227,258:212,262:210,271:195,288:168,289:167,296:158,302:150,320:141,334:133,341:131,343:130,346:129,352:127,353:125,370:115,371:112,372:110,373:108,380:102,383:102	0	False	0
ecol-SAMN01112512	GP_3	34:31389,39:25407,42:20060,49:11306,57:4638,75:2184,87:1296,99:942,124:660,195:333,272:194,275:187,357:122	5	-0.5153831557314763	5.089250668679542	0.800890602432792	GP_unb_54	310:146	4	0.0	0.4856807593758524	2.075028600769293	0	0	0	0		1	False	0
ecol-SAMN01112512	GP_3	34:31389,39:25407,42:20060,49:11306,57:4638,75:2184,87:1296,99:942,124:660,195:333,272:194,275:187,357:122	5	-0.5153831557314763	5.089250668679542	0.800890602432792	GP_unb_55	311:146	5	0.0	0.46383632140430675	3.078507235018752	5	-1.461426588165013	14.498238624948128	0.0875438770326582	23:92039,25:65417,26:58284,30:43162,36:28745,46:15685,61:3997,67:2812,69:2663,77:1892,81:1698,95:1081,109:829,121:691,129:608,138:521,169:407,171:403,174:392,179:382,201:311,209:296,225:250,240:230,244:227,245:227,258:212,262:210,270:200,271:195,288:168,296:158,302:150,320:141,334:133,341:131,343:130,346:129,352:127,353:125,370:115,371:112,372:110,373:108,380:102	0	False	0
ecol-SAMN01112512	GP_3	34:31389,39:25407,42:20060,49:11306,57:4638,75:2184,87:1296,99:942,124:660,195:333,272:194,275:187,357:122	5	-0.5153831557314763	5.089250668679542	0.800890602432792	GP_unb_56	314:145	4	0.0	0.4841734857396268	2.2882387030714675	5	-1.9028492156497887	15.283989825095595	0.0875438770326582	5:278359,25:65417,26:58284,46:15685,61:3997,69:2663,77:1892,95:1081,117:704,121:691,122:680,129:608,139:517,167:413,169:407,171:403,174:392,175:391,201:311,209:296,217:274,225:250,240:230,244:227,245:227,258:212,262:210,263:210,271:195,287:170,288:168,296:158,302:150,320:141,329:136,334:133,341:131,343:130,346:129,347:129,350:128,352:127,353:125,369:117,370:115,371:112,372:110,373:108,380:102,383:102	0	False	0
ecol-SAMN01112512	GP_3	34:31389,39:25407,42:20060,49:11306,57:4638,75:2184,87:1296,99:942,124:660,195:333,272:194,275:187,357:122	5	-0.5153831557314763	5.089250668679542	0.800890602432792	GP_unb_57	322:139	5	0.0	0.4867046665458492	1.7390679001780605	5	-1.7806671842836537	15.449924011579075	0.08754387703265809	5:278359,25:65417,26:58284,46:15685,61:3997,69:2663,77:1892,95:1081,117:704,121:691,122:680,129:608,139:517,167:413,169:407,171:403,174:392,175:391,201:311,209:296,217:274,225:250,240:230,244:227,245:227,258:212,262:210,263:210,271:195,287:170,288:168,296:158,301:154,302:150,303:149,320:141,329:136,334:133,341:131,343:130,346:129,347:129,350:128,352:127,353:125,369:117,370:115,371:112,372:110,373:108,380:102,383:102	0	False	0
ecol-SAMN01112512	GP_3	34:31389,39:25407,42:20060,49:11306,57:4638,75:2184,87:1296,99:942,124:660,195:333,272:194,275:187,357:122	5	-0.5153831557314763	5.089250668679542	0.800890602432792	GP_unb_58	326:136	4	0.0	0.46092298778148244	0.8756940002942651	5	-3.4679491790640586	14.529000658669572	0.08714151450476487	5:278359,7:244541,18:109063,26:58284,44:16011,69:2663,77:1892,78:1732,91:1214,92:1149,95:1081,96:1077,97:949,111:744,117:704,121:691,122:680,129:608,131:601,135:562,139:517,145:484,162:417,167:413,171:403,174:392,175:391,201:311,209:296,217:274,222:260,223:254,225:250,238:236,240:230,244:227,245:227,258:212,262:210,263:210,271:195,277:184,287:170,288:168,296:158,297:157,302:150,305:149,320:141,323:137,328:136,329:136,334:133,341:131,343:130,347:129,350:128,352:127,353:125,359:121,369:117,370:115,371:112,372:110,373:108,375:104,383:102	0	False	0
ecol-SAMN01112512	GP_3	34:31389,39:25407,42:20060,49:11306,57:4638,75:2184,87:1296,99:942,124:660,195:333,272:194,275:187,357:122	5	-0.5153831557314763	5.089250668679542	0.800890602432792	GP_unb_59	332:134	4	0.0	0.19898619631969083	1.024255854524927	4	-0.7563027471292161	4.296933762783446	0.8008906024333555	11:156317,309:147	0	False	0
ecol-SAMN01112512	GP_3	34:31389,39:25407,42:20060,49:11306,57:4638,75:2184,87:1296,99:942,124:660,195:333,272:194,275:187,357:122	5	-0.5153831557314763	5.089250668679542	0.800890602432792	GP_unb_60	333:134	4	0.0	0.47074537300663244	1.0965039500590033	4	-0.7563027471292161	4.568692939470388	0.8008906024333555	11:156317,309:147	0	False	0
ecol-SAMN01112512	GP_3	34:31389,39:25407,42:20060,49:11306,57:4638,75:2184,87:1296,99:942,124:660,195:333,272:194,275:187,357:122	5	-0.5153831557314763	5.089250668679542	0.800890602432792	GP_unb_61	337:131	5	0.0	0.31824610481183213	2.1374938819876705	5	-1.2196290502224088	15.168569046081794	0.0875438770326582	25:65417,46:15685,61:3997,69:2663,95:1081,121:691,169:407,171:403,174:392,209:296,225:250,240:230,244:227,245:227,247:224,258:212,262:210,271:195,288:168,289:167,296:158,302:150,320:141,334:133,341:131,343:130,346:129,352:127,353:125,370:115,371:112,372:110,373:108,380:102,381:102,383:102	0	False	0
ecol-SAMN01112512	GP_3	34:31389,39:25407,42:20060,49:11306,57:4638,75:2184,87:1296,99:942,124:660,195:333,272:194,275:187,357:122	5	-0.5153831557314763	5.089250668679542	0.800890602432792	GP_unb_62	339:131	4	0.0	0.33822618651826997	1.906717952875541	5	-0.5734643547737471	5.427476855197812	0.8008906024333555		0	False	0
ecol-SAMN01112512	GP_3	34:31389,39:25407,42:20060,49:11306,57:4638,75:2184,87:1296,99:942,124:660,195:333,272:194,275:187,357:122	5	-0.5153831557314763	5.089250668679542	0.800890602432792	GP_unb_63	348:129	4	0.0	0.40496560246745616	1.1240898049142276	5	-1.7770116038918626	12.839139901515248	0.0875438770326582	17:112208,23:92039,25:65417,26:58284,29:44548,30:43162,36:28745,46:15685,61:3997,67:2812,69:2663,77:1892,81:1698,95:1081,109:829,121:691,129:608,169:407,171:403,186:353,201:311,202:310,209:296,225:250,240:230,244:227,245:227,258:212,262:210,271:195,288:168,296:158,302:150,320:141,334:133,341:131,343:130,346:129,352:127,353:125,370:115,371:112,372:110,380:102,383:102	0	False	0
ecol-SAMN01112512	GP_3	34:31389,39:25407,42:20060,49:11306,57:4638,75:2184,87:1296,99:942,124:660,195:333,272:194,275:187,357:122	5	-0.5153831557314763	5.089250668679542	0.800890602432792	GP_unb_64	360:121	4	0.0	0.015340682866147981	7.541808169160413	5	-1.314831322578084	14.091344549583695	0.0875438770326582	25:65417,26:58284,46:15685,61:3997,69:2663,77:1892,95:1081,106:864,121:691,129:608,169:407,171:403,174:392,201:311,209:296,225:250,240:230,244:227,245:227,258:212,262:210,271:195,288:168,296:158,302:150,320:141,334:133,341:131,343:130,346:129,352:127,353:125,370:115,371:112,372:110,373:108,380:102,383:102	0	False	0
ecol-SAMN01112512	GP_3	34:31389,39:25407,42:20060,49:11306,57:4638,75:2184,87:1296,99:942,124:660,195:333,272:194,275:187,357:122	5	-0.5153831557314763	5.089250668679542	0.800890602432792	GP_unb_65	362:120	4	0.0	0.49507029606137076	0.9845720994616148	5	-1.883649358501008	15.134152476996597	0.05473678124144499	5:278359,25:65417,26:58284,46:15685,58:4615,61:3997,69:2663,77:1892,95:1081,117:704,121:691,122:680,129:608,139:517,167:413,169:407,171:403,174:392,175:391,181:374,191:335,201:311,209:296,214:287,217:274,225:250,240:230,244:227,245:227,258:212,262:210,263:210,271:195,287:170,288:168,296:158,302:150,320:141,324:137,329:136,334:133,341:131,343:130,346:129,347:129,350:128,352:127,353:125,356:123,369:117,370:115,371:112,372:110,373:108,380:102,383:102	0	False	0
ecol-SAMN01112512	GP_3	34:31389,39:25407,42:20060,49:11306,57:4638,75:2184,87:1296,99:942,124:660,195:333,272:194,275:187,357:122	5	-0.5153831557314763	5.089250668679542	0.800890602432792	GP_unb_66	363:120	5	0.0	0.4944025655749814	1.859854729110929	5	-1.844888448215135	15.133484746510206	0.05473678124144499	5:278359,25:65417,26:58284,46:15685,58:4615,61:3997,69:2663,77:1892,95:1081,117:704,121:691,122:680,129:608,139:517,167:413,169:407,171:403,174:392,175:391,181:374,191:335,201:311,209:296,214:287,217:274,225:250,240:230,244:227,245:227,258:212,262:210,263:210,271:195,287:170,288:168,296:158,302:150,320:141,324:137,329:136,334:133,341:131,343:130,346:129,347:129,350:128,352:127,353:125,356:123,369:117,370:115,371:112,372:110,373:108,380:102,383:102	0	False	0
ecol-SAMN01112512	GP_3	34:31389,39:25407,42:20060,49:11306,57:4638,75:2184,87:1296,99:942,124:660,195:333,272:194,275:187,357:122	5	-0.5153831557314763	5.089250668679542	0.800890602432792	GP_unb_67	364:120	5	0.0	0.492363952444446	1.9500079571694096	5	-2.1427611597761342	15.322958674841743	0.12548005753160396	5:278359,9:208141,25:65417,26:58284,69:2663,77:1892,92:1149,95:1081,117:704,121:691,122:680,129:608,131:601,137:542,139:517,162:417,167:413,171:403,174:392,175:391,201:311,209:296,217:274,222:260,225:250,240:230,244:227,245:227,258:212,262:210,263:210,271:195,277:184,281:174,287:170,288:168,296:158,297:157,302:150,320:141,329:136,334:133,341:131,343:130,347:129,350:128,352:127,353:125,369:117,370:115,371:112,372:110,373:108,380:102,383:102	0	False	0
ecol-SAMN01112512	GP_3	34:31389,39:25407,42:20060,49:11306,57:4638,75:2184,87:1296,99:942,124:660,195:333,272:194,275:187,357:122	5	-0.5153831557314763	5.089250668679542	0.800890602432792	GP_unb_68	367:118	5	0.0	0.16404894896900601	0.9318896325589356	5	-1.4059327184935833	14.284356700897488	0.0875438770326582	23:92039,25:65417,26:58284,30:43162,36:28745,46:15685,61:3997,67:2812,69:2663,77:1892,81:1698,95:1081,109:829,121:691,129:608,169:407,171:403,174:392,201:311,209:296,225:250,240:230,244:227,245:227,258:212,262:210,270:200,271:195,288:168,296:158,302:150,320:141,334:133,336:132,341:131,343:130,346:129,352:127,353:125,370:115,371:112,372:110,373:108,380:102	0	False	0
ecol-SAMN01112512	GP_3	34:31389,39:25407,42:20060,49:11306,57:4638,75:2184,87:1296,99:942,124:660,195:333,272:194,275:187,357:122	5	-0.5153831557314763	5.089250668679542	0.800890602432792	GP_unb_69	377:103	5	0.0	0.49966419986763255	1.1397218894223695	5	-1.8458179371140397	12.863353018529592	0.06979488519209553	5:278359,25:65417,26:58284,46:15685,52:6680,60:4091,61:3997,69:2663,77:1892,89:1277,95:1081,117:704,121:691,125:646,129:608,134:564,139:517,148:460,155:448,167:413,169:407,171:403,174:392,175:391,201:311,208:303,209:296,217:274,225:250,236:239,240:230,244:227,245:227,249:221,258:212,262:210,263:210,271:195,274:188,287:170,288:168,296:158,302:150,315:143,320:141,329:136,334:133,341:131,343:130,346:129,347:129,350:128,352:127,353:125,354:123,369:117,370:115,371:112,372:110,373:108,380:102,383:102	0	False	0
ecol-SAMN01112512	GP_3	34:31389,39:25407,42:20060,49:11306,57:4638,75:2184,87:1296,99:942,124:660,195:333,272:194,275:187,357:122	5	-0.5153831557314763	5.089250668679542	0.800890602432792	GP_unb_70	378:103	4	0.0	0.49998835869741776	0.9566889767680681	5	-1.8743598387949927	12.863677177359378	0.06979488519209553	5:278359,25:65417,26:58284,46:15685,52:6680,60:4091,61:3997,69:2663,77:1892,89:1277,95:1081,117:704,121:691,125:646,129:608,134:564,139:517,148:460,155:448,167:413,169:407,171:403,174:392,175:391,201:311,208:303,209:296,217:274,225:250,236:239,240:230,244:227,245:227,249:221,258:212,262:210,263:210,271:195,274:188,287:170,288:168,296:158,302:150,315:143,320:141,329:136,334:133,341:131,343:130,346:129,347:129,350:128,352:127,353:125,354:123,369:117,370:115,371:112,372:110,373:108,380:102,383:102	0	False	0
ecol-SAMN01112512	GP_3	34:31389,39:25407,42:20060,49:11306,57:4638,75:2184,87:1296,99:942,124:660,195:333,272:194,275:187,357:122	5	-0.5153831557314763	5.089250668679542	0.800890602432792	GP_unb_71	379:103	5	0.0	0.2259983118032789	1.9261694787003092	5	-1.4059327184935833	14.34630606373176	0.0875438770326582	23:92039,25:65417,26:58284,30:43162,36:28745,46:15685,61:3997,67:2812,69:2663,77:1892,81:1698,95:1081,109:829,121:691,129:608,169:407,171:403,174:392,201:311,209:296,225:250,240:230,244:227,245:227,258:212,262:210,270:200,271:195,288:168,296:158,302:150,320:141,334:133,336:132,341:131,343:130,346:129,352:127,353:125,370:115,371:112,372:110,373:108,380:102	0	False	0
ecol-SAMN01112512	GP_4	43:18850,50:9764,55:4932,58:4615,65:3153,70:2536,86:1351,122:680,127:635,134:564,135:562,137:542,140:510,141:510,151:452,162:417,184:366,229:247,243:227,274:188,277:184,280:176,282:174,283:173,324:137	5	-0.8471346767327117	4.451077307442613	1.0283365312146244	GP_1	64:3376,75:2184,85:1369,94:1095,95:1081,112:743,114:732,115:732,119:700,123:668,128:612,129:608,130:605,132:571,138:521,178:383,179:382,189:336,201:311,225:250,226:248,245:227,258:212,259:212,269:200,272:194,288:168,289:167,296:158,312:146,340:131,349:129,381:102	5	-0.1935346793074418	7.90564862564831	0.850480282734744	5	-2.3719408049110196	21.572494284273702	0.07017622878265684	25:65417,39:25407,46:15685,47:14926,49:11306,61:3997,69:2663,87:1296,99:942,117:704,124:660,169:407,171:403,174:392,195:333,260:211,271:195,275:187,287:170,320:141,334:133,338:131,341:131,343:130,346:129,353:125,357:122,372:110,373:108,380:102,383:102	0	False	0
ecol-SAMN01112512	GP_4	43:18850,50:9764,55:4932,58:4615,65:3153,70:2536,86:1351,122:680,127:635,134:564,135:562,137:542,140:510,141:510,151:452,162:417,184:366,229:247,243:227,274:188,277:184,280:176,282:174,283:173,324:137	5	-0.8471346767327117	4.451077307442613	1.0283365312146244	GP_unb_1	73:2386	5	0.0	0.2760778200571202	1.9493593727948884	5	-0.8471346767327117	4.727155127499733	1.0283365312152455		0	False	0
ecol-SAMN01112512	GP_4	43:18850,50:9764,55:4932,58:4615,65:3153,70:2536,86:1351,122:680,127:635,134:564,135:562,137:542,140:510,141:510,151:452,162:417,184:366,229:247,243:227,274:188,277:184,280:176,282:174,283:173,324:137	5	-0.8471346767327117	4.451077307442613	1.0283365312146244	GP_unb_2	105:867	5	0.0	0.4830018916810376	2.06306281960046	5	-2.861766700431812	18.800945723944057	0.06861121312249642	5:278359,25:65417,26:58284,28:47207,39:25407,46:15685,47:14926,56:4890,62:3894,69:2663,77:1892,87:1296,95:1081,99:942,121:691,124:660,129:608,169:407,171:403,174:392,175:391,195:333,201:311,209:296,223:254,225:250,238:236,240:230,244:227,245:227,255:215,258:212,260:211,262:210,271:195,275:187,288:168,296:158,302:150,320:141,334:133,338:131,341:131,343:130,346:129,352:127,353:125,357:122,370:115,371:112,372:110,373:108,375:104,380:102,383:102	0	False	0
ecol-SAMN01112512	GP_4	43:18850,50:9764,55:4932,58:4615,65:3153,70:2536,86:1351,122:680,127:635,134:564,135:562,137:542,140:510,141:510,151:452,162:417,184:366,229:247,243:227,274:188,277:184,280:176,282:174,283:173,324:137	5	-0.8471346767327117	4.451077307442613	1.0283365312146244	GP_unb_3	142:507	5	0.0	0.3245251361530843	9.544519612170564	5	-2.818671155619715	18.985981809155966	0.0701762287829823	5:278359,25:65417,26:58284,39:25407,46:15685,47:14926,49:11306,61:3997,69:2663,77:1892,87:1296,95:1081,99:942,117:704,121:691,124:660,129:608,139:517,167:413,169:407,171:403,174:392,175:391,195:333,201:311,209:296,217:274,223:254,225:250,238:236,240:230,244:227,245:227,258:212,260:211,262:210,263:210,271:195,275:187,287:170,288:168,296:158,302:150,320:141,329:136,334:133,338:131,341:131,343:130,346:129,347:129,350:128,352:127,353:125,357:122,369:117,370:115,371:112,372:110,373:108,380:102,383:102	0	False	0
ecol-SAMN01112512	GP_4	43:18850,50:9764,55:4932,58:4615,65:3153,70:2536,86:1351,122:680,127:635,134:564,135:562,137:542,140:510,141:510,151:452,162:417,184:366,229:247,243:227,274:188,277:184,280:176,282:174,283:173,324:137	5	-0.8471346767327117	4.451077307442613	1.0283365312146244	GP_unb_4	146:468	5	0.0	0.06046954653248682	0.8870352187320776	0	0	0	0		1	False	0
ecol-SAMN01112512	GP_4	43:18850,50:9764,55:4932,58:4615,65:3153,70:2536,86:1351,122:680,127:635,134:564,135:562,137:542,140:510,141:510,151:452,162:417,184:366,229:247,243:227,274:188,277:184,280:176,282:174,283:173,324:137	5	-0.8471346767327117	4.451077307442613	1.0283365312146244	GP_unb_5	149:454	5	0.0	0.43020733534872635	0.9983334984821324	5	-2.946679063557062	19.034441290760217	0.0701762287826573	5:278359,11:156317,25:65417,26:58284,31:39302,39:25407,46:15685,47:14926,49:11306,61:3997,69:2663,77:1892,87:1296,95:1081,99:942,112:743,115:732,117:704,121:691,124:660,128:612,129:608,139:517,167:413,169:407,171:403,174:392,175:391,178:383,183:369,195:333,201:311,209:296,217:274,225:250,226:248,240:230,244:227,245:227,258:212,260:211,262:210,263:210,269:200,271:195,275:187,287:170,288:168,296:158,302:150,309:147,320:141,329:136,334:133,338:131,341:131,343:130,346:129,347:129,349:129,350:128,352:127,353:125,357:122,369:117,370:115,371:112,372:110,373:108,380:102,383:102	0	False	0
ecol-SAMN01112512	GP_4	43:18850,50:9764,55:4932,58:4615,65:3153,70:2536,86:1351,122:680,127:635,134:564,135:562,137:542,140:510,141:510,151:452,162:417,184:366,229:247,243:227,274:188,277:184,280:176,282:174,283:173,324:137	5	-0.8471346767327117	4.451077307442613	1.0283365312146244	GP_unb_6	150:454	5	0.0	0.3082487470736095	2.2394177153615407	5	-2.946679063557062	18.9124827024851	0.07017622878265684	5:278359,11:156317,25:65417,26:58284,31:39302,39:25407,46:15685,47:14926,49:11306,61:3997,69:2663,77:1892,87:1296,95:1081,99:942,112:743,115:732,117:704,121:691,124:660,128:612,129:608,139:517,167:413,169:407,171:403,174:392,175:391,178:383,183:369,195:333,201:311,209:296,217:274,225:250,226:248,240:230,244:227,245:227,258:212,260:211,262:210,263:210,269:200,271:195,275:187,287:170,288:168,296:158,302:150,309:147,320:141,329:136,334:133,338:131,341:131,343:130,346:129,347:129,349:129,350:128,352:127,353:125,357:122,369:117,370:115,371:112,372:110,373:108,380:102,383:102	0	False	0
ecol-SAMN01112512	GP_4	43:18850,50:9764,55:4932,58:4615,65:3153,70:2536,86:1351,122:680,127:635,134:564,135:562,137:542,140:510,141:510,151:452,162:417,184:366,229:247,243:227,274:188,277:184,280:176,282:174,283:173,324:137	5	-0.8471346767327117	4.451077307442613	1.0283365312146244	GP_unb_7	152:450	5	0.0	0.4897447344363828	1.705089285446187	0	0	0	0		1	False	0
ecol-SAMN01112512	GP_4	43:18850,50:9764,55:4932,58:4615,65:3153,70:2536,86:1351,122:680,127:635,134:564,135:562,137:542,140:510,141:510,151:452,162:417,184:366,229:247,243:227,274:188,277:184,280:176,282:174,283:173,324:137	5	-0.8471346767327117	4.451077307442613	1.0283365312146244	GP_unb_8	153:450	5	0.0	0.478133321407228	0.9926613879105074	0	0	0	0		1	False	0
ecol-SAMN01112512	GP_4	43:18850,50:9764,55:4932,58:4615,65:3153,70:2536,86:1351,122:680,127:635,134:564,135:562,137:542,140:510,141:510,151:452,162:417,184:366,229:247,243:227,274:188,277:184,280:176,282:174,283:173,324:137	5	-0.8471346767327117	4.451077307442613	1.0283365312146244	GP_unb_9	154:450	4	0.0	0.46156657280855484	1.1445142073007781	5	-3.163392627974243	19.783332193216562	0.07017622878265688	5:278359,25:65417,26:58284,39:25407,46:15685,47:14926,49:11306,61:3997,66:2910,69:2663,77:1892,80:1701,87:1296,95:1081,99:942,117:704,121:691,124:660,129:608,139:517,167:413,169:407,171:403,174:392,175:391,195:333,201:311,209:296,217:274,225:250,237:237,240:230,244:227,245:227,258:212,260:211,262:210,263:210,271:195,275:187,287:170,288:168,296:158,300:155,302:150,304:149,320:141,329:136,334:133,338:131,341:131,343:130,346:129,347:129,350:128,352:127,353:125,357:122,369:117,370:115,371:112,372:110,373:108,380:102,383:102	0	False	0
ecol-SAMN01112512	GP_4	43:18850,50:9764,55:4932,58:4615,65:3153,70:2536,86:1351,122:680,127:635,134:564,135:562,137:542,140:510,141:510,151:452,162:417,184:366,229:247,243:227,274:188,277:184,280:176,282:174,283:173,324:137	5	-0.8471346767327117	4.451077307442613	1.0283365312146244	GP_unb_10	156:442	4	0.0	0.46965951554863716	1.073217969390421	5	-2.8421370205416587	18.012664588839392	0.07017622878263222	5:278359,15:132189,25:65417,26:58284,39:25407,46:15685,47:14926,49:11306,61:3997,69:2663,77:1892,87:1296,95:1081,99:942,117:704,121:691,124:660,129:608,139:517,167:413,169:407,171:403,174:392,175:391,195:333,201:311,209:296,217:274,225:250,240:230,244:227,245:227,258:212,260:211,262:210,263:210,271:195,275:187,287:170,288:168,296:158,302:150,320:141,329:136,334:133,338:131,341:131,342:130,343:130,346:129,347:129,350:128,352:127,353:125,357:122,369:117,370:115,371:112,372:110,373:108,380:102,383:102	0	False	0
ecol-SAMN01112512	GP_4	43:18850,50:9764,55:4932,58:4615,65:3153,70:2536,86:1351,122:680,127:635,134:564,135:562,137:542,140:510,141:510,151:452,162:417,184:366,229:247,243:227,274:188,277:184,280:176,282:174,283:173,324:137	5	-0.8471346767327117	4.451077307442613	1.0283365312146244	GP_unb_11	157:439	5	0.0	0.49792362478415275	2.0017085393939937	5	-3.4675537169040367	19.4336470453012	0.050079121288945316	5:278359,19:99628,25:65417,26:58284,28:47207,32:38595,39:25407,46:15685,47:14926,61:3997,63:3508,69:2663,76:2044,77:1892,87:1296,90:1233,93:1113,95:1081,98:945,99:942,103:914,117:704,121:691,124:660,129:608,139:517,167:413,169:407,171:403,174:392,175:391,195:333,201:311,209:296,217:274,218:274,223:254,225:250,238:236,240:230,244:227,245:227,254:216,258:212,260:211,262:210,263:210,271:195,275:187,287:170,288:168,296:158,302:150,319:141,320:141,329:136,334:133,338:131,341:131,343:130,346:129,347:129,350:128,352:127,353:125,357:122,369:117,370:115,371:112,372:110,373:108,375:104,380:102,383:102	0	False	0
ecol-SAMN01112512	GP_4	43:18850,50:9764,55:4932,58:4615,65:3153,70:2536,86:1351,122:680,127:635,134:564,135:562,137:542,140:510,141:510,151:452,162:417,184:366,229:247,243:227,274:188,277:184,280:176,282:174,283:173,324:137	5	-0.8471346767327117	4.451077307442613	1.0283365312146244	GP_unb_12	158:439	4	0.0	0.34662022859837394	4.421033351049296	5	-2.8436184548848433	17.88962530188913	0.07017622878265684	5:278359,15:132189,25:65417,26:58284,39:25407,46:15685,47:14926,49:11306,61:3997,69:2663,77:1892,87:1296,95:1081,99:942,117:704,121:691,124:660,129:608,139:517,167:413,169:407,171:403,174:392,175:391,195:333,201:311,209:296,217:274,225:250,240:230,244:227,245:227,258:212,260:211,262:210,263:210,271:195,275:187,287:170,288:168,296:158,302:150,320:141,329:136,334:133,338:131,341:131,342:130,343:130,346:129,347:129,350:128,352:127,353:125,357:122,369:117,370:115,371:112,372:110,373:108,380:102,383:102	0	False	0
ecol-SAMN01112512	GP_4	43:18850,50:9764,55:4932,58:4615,65:3153,70:2536,86:1351,122:680,127:635,134:564,135:562,137:542,140:510,141:510,151:452,162:417,184:366,229:247,243:227,274:188,277:184,280:176,282:174,283:173,324:137	5	-0.8471346767327117	4.451077307442613	1.0283365312146244	GP_unb_13	160:420	5	0.0	0.17657091414047899	1.150141277290839	5	-2.9406763342905378	16.60581514127461	0.07017622878265724	5:278359,11:156317,25:65417,26:58284,31:39302,39:25407,46:15685,47:14926,49:11306,61:3997,69:2663,77:1892,87:1296,95:1081,99:942,117:704,121:691,124:660,129:608,139:517,167:413,169:407,171:403,174:392,175:391,189:336,195:333,201:311,209:296,217:274,225:250,240:230,244:227,245:227,258:212,260:211,262:210,263:210,271:195,275:187,279:179,287:170,288:168,296:158,302:150,309:147,320:141,325:136,329:136,334:133,338:131,341:131,343:130,346:129,347:129,349:129,350:128,352:127,353:125,357:122,369:117,370:115,371:112,372:110,373:108,380:102,383:102	0	False	0
ecol-SAMN01112512	GP_4	43:18850,50:9764,55:4932,58:4615,65:3153,70:2536,86:1351,122:680,127:635,134:564,135:562,137:542,140:510,141:510,151:452,162:417,184:366,229:247,243:227,274:188,277:184,280:176,282:174,283:173,324:137	5	-0.8471346767327117	4.451077307442613	1.0283365312146244	GP_unb_14	161:420	5	0.0	0.18973607844175633	2.8294042932682344	5	-2.9406763342905378	16.61898030557589	0.07017622878265684	5:278359,11:156317,25:65417,26:58284,31:39302,39:25407,46:15685,47:14926,49:11306,61:3997,69:2663,77:1892,87:1296,95:1081,99:942,117:704,121:691,124:660,129:608,139:517,167:413,169:407,171:403,174:392,175:391,189:336,195:333,201:311,209:296,217:274,225:250,240:230,244:227,245:227,258:212,260:211,262:210,263:210,271:195,275:187,279:179,287:170,288:168,296:158,302:150,309:147,320:141,325:136,329:136,334:133,338:131,341:131,343:130,346:129,347:129,349:129,350:128,352:127,353:125,357:122,369:117,370:115,371:112,372:110,373:108,380:102,383:102	0	False	0
ecol-SAMN01112512	GP_4	43:18850,50:9764,55:4932,58:4615,65:3153,70:2536,86:1351,122:680,127:635,134:564,135:562,137:542,140:510,141:510,151:452,162:417,184:366,229:247,243:227,274:188,277:184,280:176,282:174,283:173,324:137	5	-0.8471346767327117	4.451077307442613	1.0283365312146244	GP_unb_15	163:416	5	0.0	0.46224048193324485	3.22298390850156	0	0	0	0		1	False	0
ecol-SAMN01112512	GP_4	43:18850,50:9764,55:4932,58:4615,65:3153,70:2536,86:1351,122:680,127:635,134:564,135:562,137:542,140:510,141:510,151:452,162:417,184:366,229:247,243:227,274:188,277:184,280:176,282:174,283:173,324:137	5	-0.8471346767327117	4.451077307442613	1.0283365312146244	GP_unb_16	164:416	5	0.0	0.4329869782589292	1.0446682460897267	5	-0.9746678148730523	5.249617296766377	1.0283365312152455	131:601	0	False	0
ecol-SAMN01112512	GP_4	43:18850,50:9764,55:4932,58:4615,65:3153,70:2536,86:1351,122:680,127:635,134:564,135:562,137:542,140:510,141:510,151:452,162:417,184:366,229:247,243:227,274:188,277:184,280:176,282:174,283:173,324:137	5	-0.8471346767327117	4.451077307442613	1.0283365312146244	GP_unb_17	165:414	5	0.0	0.1364548168339883	1.1496308173664471	5	-3.001013730365895	18.14053794200818	0.08672613507405913	5:278359,10:183739,25:65417,26:58284,28:47207,39:25407,46:15685,47:14926,61:3997,69:2663,77:1892,83:1524,87:1296,95:1081,99:942,117:704,121:691,124:660,129:608,139:517,167:413,169:407,171:403,174:392,175:391,195:333,201:311,209:296,217:274,223:254,225:250,238:236,240:230,244:227,245:227,258:212,260:211,262:210,263:210,271:195,275:187,287:170,288:168,296:158,302:150,320:141,329:136,334:133,338:131,341:131,343:130,346:129,347:129,350:128,352:127,353:125,357:122,369:117,370:115,371:112,372:110,373:108,375:104,380:102,383:102	0	False	0
ecol-SAMN01112512	GP_4	43:18850,50:9764,55:4932,58:4615,65:3153,70:2536,86:1351,122:680,127:635,134:564,135:562,137:542,140:510,141:510,151:452,162:417,184:366,229:247,243:227,274:188,277:184,280:176,282:174,283:173,324:137	5	-0.8471346767327117	4.451077307442613	1.0283365312146244	GP_unb_18	172:402	5	0.0	0.2119799037016563	0.7225800446202028	5	-2.2649115967325133	18.906338857811246	0.07017622878265684	25:65417,39:25407,46:15685,47:14926,49:11306,61:3997,69:2663,87:1296,95:1081,99:942,117:704,121:691,124:660,169:407,171:403,174:392,195:333,201:311,209:296,225:250,240:230,244:227,245:227,258:212,260:211,262:210,271:195,275:187,287:170,288:168,296:158,302:150,320:141,334:133,338:131,341:131,343:130,346:129,352:127,353:125,357:122,370:115,371:112,372:110,373:108,380:102,383:102	0	False	0
ecol-SAMN01112512	GP_4	43:18850,50:9764,55:4932,58:4615,65:3153,70:2536,86:1351,122:680,127:635,134:564,135:562,137:542,140:510,141:510,151:452,162:417,184:366,229:247,243:227,274:188,277:184,280:176,282:174,283:173,324:137	5	-0.8471346767327117	4.451077307442613	1.0283365312146244	GP_unb_19	177:383	5	0.0	0.05509597189143711	1.0647833698162044	0	0	0	0		1	False	0
ecol-SAMN01112512	GP_4	43:18850,50:9764,55:4932,58:4615,65:3153,70:2536,86:1351,122:680,127:635,134:564,135:562,137:542,140:510,141:510,151:452,162:417,184:366,229:247,243:227,274:188,277:184,280:176,282:174,283:173,324:137	5	-0.8471346767327117	4.451077307442613	1.0283365312146244	GP_unb_20	182:371	4	0.0	0.3211643251171751	1.0163377202859776	5	-2.338742845169475	19.37169096141813	0.07017622878265652	25:65417,39:25407,46:15685,47:14926,49:11306,61:3997,69:2663,87:1296,95:1081,99:942,117:704,121:691,124:660,169:407,171:403,174:392,195:333,209:296,225:250,240:230,244:227,245:227,247:224,258:212,259:212,260:211,262:210,271:195,275:187,287:170,288:168,289:167,296:158,302:150,320:141,334:133,338:131,341:131,343:130,346:129,352:127,353:125,357:122,370:115,371:112,372:110,373:108,380:102,381:102,383:102	0	False	0
ecol-SAMN01112512	GP_4	43:18850,50:9764,55:4932,58:4615,65:3153,70:2536,86:1351,122:680,127:635,134:564,135:562,137:542,140:510,141:510,151:452,162:417,184:366,229:247,243:227,274:188,277:184,280:176,282:174,283:173,324:137	5	-0.8471346767327117	4.451077307442613	1.0283365312146244	GP_unb_21	185:354	5	0.0	0.4913840660203582	0.7431065389916315	5	-2.999860863987832	19.913038010288798	0.06861121312249452	5:278359,9:208141,18:109063,26:58284,39:25407,46:15685,49:11306,53:6602,56:4890,61:3997,62:3894,69:2663,77:1892,79:1726,87:1296,95:1081,121:691,124:660,129:608,138:521,169:407,171:403,174:392,175:391,179:382,195:333,201:311,209:296,223:254,225:250,238:236,240:230,244:227,245:227,255:215,258:212,260:211,262:210,270:200,271:195,275:187,288:168,296:158,302:150,320:141,334:133,338:131,341:131,343:130,346:129,352:127,353:125,357:122,370:115,371:112,372:110,373:108,380:102	0	False	0
ecol-SAMN01112512	GP_4	43:18850,50:9764,55:4932,58:4615,65:3153,70:2536,86:1351,122:680,127:635,134:564,135:562,137:542,140:510,141:510,151:452,162:417,184:366,229:247,243:227,274:188,277:184,280:176,282:174,283:173,324:137	5	-0.8471346767327117	4.451077307442613	1.0283365312146244	GP_unb_22	187:352	4	0.0	0.15791602210087818	1.040290301561707	5	-3.2275159650971985	18.54844114061978	0.07017622878265684	5:278359,25:65417,26:58284,39:25407,46:15685,47:14926,49:11306,61:3997,62:3894,69:2663,77:1892,87:1296,95:1081,99:942,117:704,118:700,121:691,124:660,129:608,169:407,171:403,174:392,175:391,190:335,195:333,201:311,209:296,225:250,240:230,244:227,245:227,255:215,258:212,260:211,262:210,271:195,275:187,287:170,288:168,296:158,302:150,320:141,334:133,338:131,341:131,343:130,346:129,352:127,353:125,357:122,370:115,371:112,372:110,373:108,380:102,383:102	0	False	0
ecol-SAMN01112512	GP_4	43:18850,50:9764,55:4932,58:4615,65:3153,70:2536,86:1351,122:680,127:635,134:564,135:562,137:542,140:510,141:510,151:452,162:417,184:366,229:247,243:227,274:188,277:184,280:176,282:174,283:173,324:137	5	-0.8471346767327117	4.451077307442613	1.0283365312146244	GP_unb_23	193:334	5	0.0	0.17300503337316187	1.2369074536157079	5	-2.6349128755807114	18.474052371636773	0.07017622878223312	5:278359,25:65417,26:58284,39:25407,46:15685,47:14926,49:11306,61:3997,69:2663,77:1892,87:1296,95:1081,99:942,117:704,121:691,124:660,129:608,139:517,167:413,169:407,171:403,174:392,175:391,195:333,201:311,209:296,217:274,225:250,240:230,244:227,245:227,258:212,260:211,262:210,271:195,275:187,287:170,288:168,296:158,302:150,320:141,334:133,338:131,341:131,343:130,346:129,352:127,353:125,357:122,370:115,371:112,372:110,373:108,380:102,383:102	0	False	0
ecol-SAMN01112512	GP_4	43:18850,50:9764,55:4932,58:4615,65:3153,70:2536,86:1351,122:680,127:635,134:564,135:562,137:542,140:510,141:510,151:452,162:417,184:366,229:247,243:227,274:188,277:184,280:176,282:174,283:173,324:137	5	-0.8471346767327117	4.451077307442613	1.0283365312146244	GP_unb_24	196:325	5	0.0	0.3159559188188914	1.5547348160692784	5	-0.8471346767327117	5.248870481682053	1.0283365312152455	170:403	0	False	0
ecol-SAMN01112512	GP_4	43:18850,50:9764,55:4932,58:4615,65:3153,70:2536,86:1351,122:680,127:635,134:564,135:562,137:542,140:510,141:510,151:452,162:417,184:366,229:247,243:227,274:188,277:184,280:176,282:174,283:173,324:137	5	-0.8471346767327117	4.451077307442613	1.0283365312146244	GP_unb_25	199:323	5	0.0	0.4678830282264288	1.0223731582155522	5	-2.944146962312511	19.301266604123303	0.06861121312249452	5:278359,9:208141,18:109063,26:58284,39:25407,46:15685,49:11306,53:6602,56:4890,61:3997,62:3894,69:2663,77:1892,87:1296,95:1081,121:691,124:660,129:608,169:407,171:403,174:392,175:391,195:333,201:311,209:296,223:254,225:250,238:236,240:230,244:227,245:227,255:215,258:212,260:211,262:210,270:200,271:195,275:187,288:168,296:158,302:150,320:141,334:133,338:131,341:131,343:130,346:129,352:127,353:125,357:122,370:115,371:112,372:110,373:108,380:102	0	False	0
ecol-SAMN01112512	GP_4	43:18850,50:9764,55:4932,58:4615,65:3153,70:2536,86:1351,122:680,127:635,134:564,135:562,137:542,140:510,141:510,151:452,162:417,184:366,229:247,243:227,274:188,277:184,280:176,282:174,283:173,324:137	5	-0.8471346767327117	4.451077307442613	1.0283365312146244	GP_unb_26	200:313	4	0.0	0.36762863761215747	0.9918476547369178	5	-2.9217992572372506	18.6642863091425	0.0867261350740592	5:278359,25:65417,26:58284,28:47207,39:25407,46:15685,47:14926,61:3997,69:2663,77:1892,87:1296,95:1081,99:942,117:704,121:691,124:660,129:608,139:517,167:413,169:407,171:403,174:392,175:391,195:333,201:311,209:296,217:274,223:254,225:250,238:236,240:230,244:227,245:227,258:212,260:211,262:210,263:210,271:195,275:187,288:168,296:158,302:150,320:141,329:136,334:133,338:131,341:131,343:130,346:129,347:129,350:128,352:127,353:125,357:122,369:117,370:115,371:112,372:110,373:108,375:104,380:102,383:102	0	False	0
ecol-SAMN01112512	GP_4	43:18850,50:9764,55:4932,58:4615,65:3153,70:2536,86:1351,122:680,127:635,134:564,135:562,137:542,140:510,141:510,151:452,162:417,184:366,229:247,243:227,274:188,277:184,280:176,282:174,283:173,324:137	5	-0.8471346767327117	4.451077307442613	1.0283365312146244	GP_unb_27	203:309	4	0.0	0.23686272894935378	1.1601042539327935	5	-3.161899083710281	19.558628349357363	0.07017622878265684	5:278359,25:65417,26:58284,39:25407,46:15685,47:14926,49:11306,61:3997,66:2910,69:2663,77:1892,80:1701,87:1296,95:1081,99:942,117:704,121:691,124:660,129:608,139:517,167:413,169:407,171:403,174:392,175:391,195:333,201:311,209:296,217:274,225:250,237:237,240:230,244:227,245:227,258:212,260:211,262:210,263:210,271:195,275:187,287:170,288:168,296:158,300:155,302:150,304:149,320:141,329:136,334:133,338:131,341:131,343:130,346:129,347:129,350:128,352:127,353:125,357:122,369:117,370:115,371:112,372:110,373:108,380:102,383:102	0	False	0
ecol-SAMN01112512	GP_4	43:18850,50:9764,55:4932,58:4615,65:3153,70:2536,86:1351,122:680,127:635,134:564,135:562,137:542,140:510,141:510,151:452,162:417,184:366,229:247,243:227,274:188,277:184,280:176,282:174,283:173,324:137	5	-0.8471346767327117	4.451077307442613	1.0283365312146244	GP_unb_28	205:307	4	0.0	0.11910076686278126	1.1863448967519734	0	0	0	0		1	False	0
ecol-SAMN01112512	GP_4	43:18850,50:9764,55:4932,58:4615,65:3153,70:2536,86:1351,122:680,127:635,134:564,135:562,137:542,140:510,141:510,151:452,162:417,184:366,229:247,243:227,274:188,277:184,280:176,282:174,283:173,324:137	5	-0.8471346767327117	4.451077307442613	1.0283365312146244	GP_unb_29	206:305	5	0.0	0.48346626369272283	0.8287617143045884	5	-2.999860863987832	19.90512020796116	0.06861121312249452	5:278359,9:208141,18:109063,26:58284,39:25407,46:15685,49:11306,53:6602,56:4890,61:3997,62:3894,69:2663,77:1892,79:1726,87:1296,95:1081,121:691,124:660,129:608,138:521,169:407,171:403,174:392,175:391,179:382,195:333,201:311,209:296,223:254,225:250,238:236,240:230,244:227,245:227,255:215,258:212,260:211,262:210,270:200,271:195,275:187,288:168,296:158,302:150,320:141,334:133,338:131,341:131,343:130,346:129,352:127,353:125,357:122,370:115,371:112,372:110,373:108,380:102	0	False	0
ecol-SAMN01112512	GP_4	43:18850,50:9764,55:4932,58:4615,65:3153,70:2536,86:1351,122:680,127:635,134:564,135:562,137:542,140:510,141:510,151:452,162:417,184:366,229:247,243:227,274:188,277:184,280:176,282:174,283:173,324:137	5	-0.8471346767327117	4.451077307442613	1.0283365312146244	GP_unb_30	207:305	4	0.0	0.06726916394455662	1.4923175781379023	0	0	0	0		1	False	0
ecol-SAMN01112512	GP_4	43:18850,50:9764,55:4932,58:4615,65:3153,70:2536,86:1351,122:680,127:635,134:564,135:562,137:542,140:510,141:510,151:452,162:417,184:366,229:247,243:227,274:188,277:184,280:176,282:174,283:173,324:137	5	-0.8471346767327117	4.451077307442613	1.0283365312146244	GP_unb_31	211:290	5	0.0	0.3053852483317213	2.5806691829338235	5	-2.379290343737201	19.676834806440052	0.07017622878296417	25:65417,39:25407,46:15685,47:14926,49:11306,61:3997,69:2663,87:1296,94:1095,95:1081,99:942,113:737,117:704,121:691,124:660,133:569,169:407,171:403,174:392,195:333,209:296,225:250,240:230,244:227,245:227,247:224,258:212,259:212,260:211,262:210,271:195,275:187,287:170,288:168,289:167,296:158,302:150,320:141,334:133,338:131,340:131,341:131,343:130,346:129,352:127,353:125,357:122,361:120,370:115,371:112,372:110,373:108,380:102,381:102,383:102	0	False	0
ecol-SAMN01112512	GP_4	43:18850,50:9764,55:4932,58:4615,65:3153,70:2536,86:1351,122:680,127:635,134:564,135:562,137:542,140:510,141:510,151:452,162:417,184:366,229:247,243:227,274:188,277:184,280:176,282:174,283:173,324:137	5	-0.8471346767327117	4.451077307442613	1.0283365312146244	GP_unb_32	212:288	4	0.0	0.1621704164157417	1.9053757435449339	5	-2.712327036956698	17.967677339445803	0.0701762287826567	5:278359,25:65417,26:58284,39:25407,46:15685,47:14926,49:11306,61:3997,69:2663,77:1892,87:1296,95:1081,99:942,117:704,121:691,124:660,129:608,139:517,167:413,169:407,171:403,174:392,175:391,195:333,201:311,209:296,217:274,225:250,240:230,244:227,245:227,258:212,260:211,262:210,271:195,275:187,287:170,288:168,296:158,302:150,320:141,329:136,334:133,338:131,341:131,343:130,346:129,352:127,353:125,357:122,370:115,371:112,372:110,373:108,380:102,383:102	0	False	0
ecol-SAMN01112512	GP_4	43:18850,50:9764,55:4932,58:4615,65:3153,70:2536,86:1351,122:680,127:635,134:564,135:562,137:542,140:510,141:510,151:452,162:417,184:366,229:247,243:227,274:188,277:184,280:176,282:174,283:173,324:137	5	-0.8471346767327117	4.451077307442613	1.0283365312146244	GP_unb_33	213:287	4	0.0	0.49850254240803005	1.03992397149832	5	-3.1626385093968064	19.82026816281604	0.0701762287826567	5:278359,25:65417,26:58284,39:25407,46:15685,47:14926,49:11306,61:3997,66:2910,69:2663,77:1892,80:1701,87:1296,95:1081,99:942,117:704,121:691,124:660,129:608,139:517,167:413,169:407,171:403,174:392,175:391,195:333,201:311,209:296,217:274,225:250,237:237,240:230,244:227,245:227,258:212,260:211,262:210,263:210,271:195,275:187,287:170,288:168,296:158,300:155,302:150,304:149,320:141,329:136,334:133,338:131,341:131,343:130,346:129,347:129,350:128,352:127,353:125,357:122,369:117,370:115,371:112,372:110,373:108,380:102,383:102	0	False	0
ecol-SAMN01112512	GP_4	43:18850,50:9764,55:4932,58:4615,65:3153,70:2536,86:1351,122:680,127:635,134:564,135:562,137:542,140:510,141:510,151:452,162:417,184:366,229:247,243:227,274:188,277:184,280:176,282:174,283:173,324:137	5	-0.8471346767327117	4.451077307442613	1.0283365312146244	GP_unb_34	215:286	4	0.0	0.47086832844672477	2.1005726159269504	5	-3.4810542570498746	18.232739810617435	0.0701762287834157	5:278359,25:65417,26:58284,39:25407,46:15685,47:14926,49:11306,61:3997,62:3894,69:2663,77:1892,87:1296,95:1081,99:942,117:704,118:700,121:691,124:660,129:608,169:407,171:403,174:392,175:391,188:340,190:335,195:333,201:311,209:296,225:250,240:230,244:227,245:227,248:222,255:215,258:212,260:211,262:210,271:195,275:187,287:170,288:168,296:158,302:150,320:141,334:133,338:131,341:131,343:130,346:129,352:127,353:125,357:122,370:115,371:112,372:110,373:108,380:102,383:102	0	False	0
ecol-SAMN01112512	GP_4	43:18850,50:9764,55:4932,58:4615,65:3153,70:2536,86:1351,122:680,127:635,134:564,135:562,137:542,140:510,141:510,151:452,162:417,184:366,229:247,243:227,274:188,277:184,280:176,282:174,283:173,324:137	5	-0.8471346767327117	4.451077307442613	1.0283365312146244	GP_unb_35	219:274	5	0.0	0.4991032585312828	0.7305342113244033	5	-2.9406763342905378	17.924948803435115	0.07017622878299602	5:278359,11:156317,25:65417,26:58284,31:39302,39:25407,46:15685,47:14926,49:11306,61:3997,69:2663,77:1892,87:1296,95:1081,99:942,112:743,117:704,121:691,124:660,129:608,139:517,167:413,169:407,171:403,174:392,175:391,183:369,195:333,201:311,209:296,217:274,225:250,240:230,244:227,245:227,258:212,260:211,262:210,263:210,271:195,275:187,287:170,288:168,296:158,302:150,309:147,320:141,329:136,334:133,338:131,341:131,343:130,346:129,347:129,349:129,350:128,352:127,353:125,357:122,369:117,370:115,371:112,372:110,373:108,380:102,383:102	0	False	0
ecol-SAMN01112512	GP_4	43:18850,50:9764,55:4932,58:4615,65:3153,70:2536,86:1351,122:680,127:635,134:564,135:562,137:542,140:510,141:510,151:452,162:417,184:366,229:247,243:227,274:188,277:184,280:176,282:174,283:173,324:137	5	-0.8471346767327117	4.451077307442613	1.0283365312146244	GP_unb_36	224:253	4	0.0	0.49754567536635763	1.0863397921527296	5	-2.7364571173168115	18.308762742580168	0.07017622878265684	5:278359,25:65417,26:58284,39:25407,46:15685,47:14926,49:11306,61:3997,69:2663,77:1892,87:1296,95:1081,99:942,117:704,121:691,124:660,129:608,139:517,167:413,169:407,171:403,174:392,175:391,195:333,201:311,209:296,217:274,225:250,240:230,244:227,245:227,258:212,260:211,262:210,263:210,271:195,275:187,287:170,288:168,296:158,302:150,320:141,329:136,334:133,338:131,341:131,343:130,346:129,347:129,350:128,352:127,353:125,357:122,369:117,370:115,371:112,372:110,373:108,380:102,383:102	0	False	0
ecol-SAMN01112512	GP_4	43:18850,50:9764,55:4932,58:4615,65:3153,70:2536,86:1351,122:680,127:635,134:564,135:562,137:542,140:510,141:510,151:452,162:417,184:366,229:247,243:227,274:188,277:184,280:176,282:174,283:173,324:137	5	-0.8471346767327117	4.451077307442613	1.0283365312146244	GP_unb_37	233:241	4	0.0	0.2307152384743133	5.300045340852107	5	-2.446256808287084	17.4986461920464	0.07017622878265684	23:92039,25:65417,26:58284,30:43162,39:25407,46:15685,47:14926,49:11306,61:3997,67:2812,69:2663,77:1892,81:1698,87:1296,95:1081,99:942,109:829,117:704,121:691,124:660,129:608,169:407,171:403,174:392,195:333,201:311,209:296,225:250,240:230,244:227,245:227,258:212,260:211,262:210,271:195,275:187,287:170,288:168,296:158,302:150,320:141,334:133,338:131,341:131,343:130,346:129,352:127,353:125,357:122,370:115,371:112,372:110,373:108,380:102,383:102	0	False	0
ecol-SAMN01112512	GP_4	43:18850,50:9764,55:4932,58:4615,65:3153,70:2536,86:1351,122:680,127:635,134:564,135:562,137:542,140:510,141:510,151:452,162:417,184:366,229:247,243:227,274:188,277:184,280:176,282:174,283:173,324:137	5	-0.8471346767327117	4.451077307442613	1.0283365312146244	GP_unb_38	234:240	4	0.0	0.014985838747219926	0.9672915296682311	5	-3.070876102135782	18.1931711322903	0.07017622878340962	5:278359,18:109063,26:58284,28:47207,39:25407,46:15685,47:14926,49:11306,61:3997,69:2663,77:1892,87:1296,95:1081,99:942,117:704,121:691,124:660,129:608,139:517,167:413,169:407,171:403,175:391,195:333,201:311,209:296,217:274,223:254,225:250,227:247,238:236,240:230,244:227,245:227,258:212,262:210,263:210,270:200,271:195,275:187,287:170,288:168,296:158,302:150,320:141,329:136,334:133,341:131,343:130,346:129,347:129,350:128,352:127,353:125,357:122,369:117,370:115,371:112,372:110,375:104,383:102	0	False	0
ecol-SAMN01112512	GP_4	43:18850,50:9764,55:4932,58:4615,65:3153,70:2536,86:1351,122:680,127:635,134:564,135:562,137:542,140:510,141:510,151:452,162:417,184:366,229:247,243:227,274:188,277:184,280:176,282:174,283:173,324:137	5	-0.8471346767327117	4.451077307442613	1.0283365312146244	GP_unb_39	239:235	5	0.0	0.05523044894165485	2.568982653370687	0	0	0	0		1	False	0
ecol-SAMN01112512	GP_4	43:18850,50:9764,55:4932,58:4615,65:3153,70:2536,86:1351,122:680,127:635,134:564,135:562,137:542,140:510,141:510,151:452,162:417,184:366,229:247,243:227,274:188,277:184,280:176,282:174,283:173,324:137	5	-0.8471346767327117	4.451077307442613	1.0283365312146244	GP_unb_40	251:217	5	0.0	0.33087371860253345	0.727456438250864	5	-2.289755085261264	19.52172603628924	0.07017622878265661	25:65417,39:25407,46:15685,47:14926,49:11306,61:3997,69:2663,87:1296,94:1095,95:1081,99:942,117:704,121:691,124:660,169:407,171:403,174:392,195:333,209:296,225:250,240:230,244:227,245:227,247:224,258:212,259:212,260:211,262:210,271:195,275:187,287:170,288:168,289:167,296:158,302:150,320:141,334:133,338:131,340:131,341:131,343:130,346:129,352:127,353:125,357:122,370:115,371:112,372:110,373:108,380:102,381:102,383:102	0	False	0
ecol-SAMN01112512	GP_4	43:18850,50:9764,55:4932,58:4615,65:3153,70:2536,86:1351,122:680,127:635,134:564,135:562,137:542,140:510,141:510,151:452,162:417,184:366,229:247,243:227,274:188,277:184,280:176,282:174,283:173,324:137	5	-0.8471346767327117	4.451077307442613	1.0283365312146244	GP_unb_41	253:217	5	0.0	0.3983657488877117	1.2484798803722152	5	-2.289755085261264	19.58921806657442	0.07017622878265684	25:65417,39:25407,46:15685,47:14926,49:11306,61:3997,69:2663,87:1296,94:1095,95:1081,99:942,117:704,121:691,124:660,169:407,171:403,174:392,195:333,209:296,225:250,240:230,244:227,245:227,247:224,258:212,259:212,260:211,262:210,271:195,275:187,287:170,288:168,289:167,296:158,302:150,320:141,334:133,338:131,340:131,341:131,343:130,346:129,352:127,353:125,357:122,370:115,371:112,372:110,373:108,380:102,381:102,383:102	0	False	0
ecol-SAMN01112512	GP_4	43:18850,50:9764,55:4932,58:4615,65:3153,70:2536,86:1351,122:680,127:635,134:564,135:562,137:542,140:510,141:510,151:452,162:417,184:366,229:247,243:227,274:188,277:184,280:176,282:174,283:173,324:137	5	-0.8471346767327117	4.451077307442613	1.0283365312146244	GP_unb_42	261:211	4	0.0	0.48208854903427056	1.0107046448850414	5	-2.9857477703897115	18.46442876194239	0.06861121312300882	5:278359,9:208141,18:109063,26:58284,39:25407,46:15685,49:11306,53:6602,56:4890,61:3997,62:3894,69:2663,77:1892,87:1296,95:1081,121:691,124:660,129:608,169:407,171:403,174:392,175:391,195:333,201:311,209:296,223:254,225:250,238:236,240:230,244:227,245:227,255:215,258:212,260:211,262:210,271:195,275:187,288:168,296:158,302:150,320:141,334:133,338:131,341:131,343:130,346:129,352:127,353:125,357:122,370:115,371:112,372:110,373:108,380:102,383:102	0	False	0
ecol-SAMN01112512	GP_4	43:18850,50:9764,55:4932,58:4615,65:3153,70:2536,86:1351,122:680,127:635,134:564,135:562,137:542,140:510,141:510,151:452,162:417,184:366,229:247,243:227,274:188,277:184,280:176,282:174,283:173,324:137	5	-0.8471346767327117	4.451077307442613	1.0283365312146244	GP_unb_43	268:200	5	0.0	0.49866384026374844	1.6398645179306555	5	-0.8471346767327117	5.136613688261577	1.0130827875909745	75:2184,85:1369,316:143	0	False	0
ecol-SAMN01112512	GP_4	43:18850,50:9764,55:4932,58:4615,65:3153,70:2536,86:1351,122:680,127:635,134:564,135:562,137:542,140:510,141:510,151:452,162:417,184:366,229:247,243:227,274:188,277:184,280:176,282:174,283:173,324:137	5	-0.8471346767327117	4.451077307442613	1.0283365312146244	GP_unb_44	273:193	4	0.0	0.43106627873838343	0.7908645689766479	5	-2.840634179011667	17.292765966021037	0.07622881784306049	5:278359,25:65417,26:58284,39:25407,46:15685,47:14926,49:11306,61:3997,69:2663,77:1892,87:1296,95:1081,99:942,117:704,121:691,124:660,129:608,139:517,167:413,169:407,171:403,174:392,175:391,195:333,197:325,201:311,209:296,217:274,225:250,240:230,244:227,245:227,258:212,260:211,262:210,263:210,271:195,275:187,287:170,288:168,296:158,302:150,320:141,329:136,334:133,335:133,338:131,341:131,343:130,346:129,347:129,350:128,352:127,353:125,357:122,369:117,370:115,371:112,372:110,373:108,380:102,383:102	0	False	0
ecol-SAMN01112512	GP_4	43:18850,50:9764,55:4932,58:4615,65:3153,70:2536,86:1351,122:680,127:635,134:564,135:562,137:542,140:510,141:510,151:452,162:417,184:366,229:247,243:227,274:188,277:184,280:176,282:174,283:173,324:137	5	-0.8471346767327117	4.451077307442613	1.0283365312146244	GP_unb_45	278:183	5	0.0	0.19925047760085512	1.7989418466037899	0	0	0	0		1	False	0
ecol-SAMN01112512	GP_4	43:18850,50:9764,55:4932,58:4615,65:3153,70:2536,86:1351,122:680,127:635,134:564,135:562,137:542,140:510,141:510,151:452,162:417,184:366,229:247,243:227,274:188,277:184,280:176,282:174,283:173,324:137	5	-0.8471346767327117	4.451077307442613	1.0283365312146244	GP_unb_46	285:171	5	0.0	0.4106151985703018	3.4276483111283267	5	-2.9406763342905378	17.29163367021957	0.07017622878309551	5:278359,11:156317,25:65417,26:58284,31:39302,39:25407,46:15685,47:14926,49:11306,61:3997,69:2663,77:1892,87:1296,95:1081,99:942,117:704,121:691,124:660,129:608,132:571,139:517,167:413,169:407,171:403,174:392,175:391,195:333,201:311,209:296,217:274,225:250,240:230,244:227,245:227,258:212,260:211,262:210,263:210,271:195,275:187,287:170,288:168,296:158,302:150,309:147,312:146,320:141,329:136,334:133,338:131,341:131,343:130,346:129,347:129,349:129,350:128,352:127,353:125,357:122,369:117,370:115,371:112,372:110,373:108,380:102,383:102	0	False	0
ecol-SAMN01112512	GP_4	43:18850,50:9764,55:4932,58:4615,65:3153,70:2536,86:1351,122:680,127:635,134:564,135:562,137:542,140:510,141:510,151:452,162:417,184:366,229:247,243:227,274:188,277:184,280:176,282:174,283:173,324:137	5	-0.8471346767327117	4.451077307442613	1.0283365312146244	GP_unb_47	286:170	4	0.0	0.49988530574486256	2.064465083039819	5	-2.355210467074904	19.590977349099333	0.07017622878265684	25:65417,39:25407,46:15685,47:14926,49:11306,61:3997,69:2663,87:1296,95:1081,99:942,117:704,121:691,123:668,124:660,169:407,171:403,174:392,195:333,201:311,209:296,225:250,240:230,244:227,245:227,258:212,260:211,262:210,271:195,275:187,287:170,288:168,296:158,302:150,320:141,334:133,338:131,341:131,343:130,346:129,352:127,353:125,357:122,370:115,371:112,372:110,373:108,380:102,383:102	0	False	0
ecol-SAMN01112512	GP_4	43:18850,50:9764,55:4932,58:4615,65:3153,70:2536,86:1351,122:680,127:635,134:564,135:562,137:542,140:510,141:510,151:452,162:417,184:366,229:247,243:227,274:188,277:184,280:176,282:174,283:173,324:137	5	-0.8471346767327117	4.451077307442613	1.0283365312146244	GP_unb_48	290:166	4	0.0	0.4756751119523188	1.0018106313788724	5	-3.131547705688798	19.29830055788684	0.07017622878270423	5:278359,25:65417,26:58284,39:25407,46:15685,47:14926,49:11306,61:3997,66:2910,69:2663,77:1892,80:1701,87:1296,95:1081,99:942,117:704,121:691,124:660,129:608,139:517,167:413,169:407,171:403,174:392,175:391,195:333,201:311,209:296,217:274,225:250,237:237,240:230,244:227,245:227,258:212,260:211,262:210,263:210,271:195,275:187,287:170,288:168,296:158,302:150,304:149,320:141,329:136,334:133,338:131,341:131,343:130,346:129,347:129,350:128,352:127,353:125,357:122,369:117,370:115,371:112,372:110,373:108,380:102,383:102	0	False	0
ecol-SAMN01112512	GP_4	43:18850,50:9764,55:4932,58:4615,65:3153,70:2536,86:1351,122:680,127:635,134:564,135:562,137:542,140:510,141:510,151:452,162:417,184:366,229:247,243:227,274:188,277:184,280:176,282:174,283:173,324:137	5	-0.8471346767327117	4.451077307442613	1.0283365312146244	GP_unb_49	292:163	5	0.0	0.3991831381705384	1.0584806911026836	5	-2.8112902961329103	17.260882825453194	0.07017622878265684	5:278359,25:65417,26:58284,39:25407,46:15685,47:14926,49:11306,61:3997,69:2663,77:1892,87:1296,95:1081,99:942,117:704,121:691,124:660,129:608,139:517,167:413,169:407,171:403,174:392,175:391,195:333,197:325,201:311,209:296,217:274,225:250,240:230,244:227,245:227,258:212,260:211,262:210,263:210,271:195,275:187,287:170,288:168,296:158,302:150,320:141,329:136,334:133,335:133,338:131,341:131,343:130,346:129,347:129,350:128,352:127,353:125,357:122,369:117,370:115,371:112,372:110,373:108,380:102,383:102	0	False	0
ecol-SAMN01112512	GP_4	43:18850,50:9764,55:4932,58:4615,65:3153,70:2536,86:1351,122:680,127:635,134:564,135:562,137:542,140:510,141:510,151:452,162:417,184:366,229:247,243:227,274:188,277:184,280:176,282:174,283:173,324:137	5	-0.8471346767327117	4.451077307442613	1.0283365312146244	GP_unb_50	294:159	5	0.0	0.40659751383693765	1.0624772920401282	5	-2.944146962312511	17.940515137045075	0.06861121312249452	5:278359,9:208141,18:109063,26:58284,39:25407,46:15685,49:11306,53:6602,56:4890,61:3997,62:3894,69:2663,77:1892,87:1296,95:1081,121:691,124:660,129:608,169:407,171:403,174:392,175:391,195:333,201:311,209:296,223:254,238:236,240:230,244:227,245:227,255:215,258:212,260:211,262:210,270:200,271:195,275:187,288:168,296:158,320:141,334:133,338:131,341:131,343:130,346:129,352:127,353:125,357:122,372:110,373:108,380:102	0	False	0
ecol-SAMN01112512	GP_4	43:18850,50:9764,55:4932,58:4615,65:3153,70:2536,86:1351,122:680,127:635,134:564,135:562,137:542,140:510,141:510,151:452,162:417,184:366,229:247,243:227,274:188,277:184,280:176,282:174,283:173,324:137	5	-0.8471346767327117	4.451077307442613	1.0283365312146244	GP_unb_51	295:158	5	0.0	0.4868353133390596	0.8009326403089183	5	-2.748405030681274	16.37375220977926	0.07017622878265684	5:278359,25:65417,26:58284,39:25407,46:15685,47:14926,49:11306,61:3997,69:2663,77:1892,87:1296,95:1081,99:942,117:704,121:691,124:660,129:608,139:517,144:501,167:413,169:407,171:403,174:392,175:391,195:333,201:311,209:296,217:274,225:250,232:242,240:230,244:227,245:227,258:212,260:211,262:210,271:195,275:187,287:170,288:168,296:158,298:156,302:150,320:141,321:140,329:136,334:133,338:131,341:131,343:130,346:129,352:127,353:125,357:122,370:115,371:112,372:110,373:108,380:102,383:102,384:101	0	False	0
ecol-SAMN01112512	GP_4	43:18850,50:9764,55:4932,58:4615,65:3153,70:2536,86:1351,122:680,127:635,134:564,135:562,137:542,140:510,141:510,151:452,162:417,184:366,229:247,243:227,274:188,277:184,280:176,282:174,283:173,324:137	5	-0.8471346767327117	4.451077307442613	1.0283365312146244	GP_unb_52	306:149	4	0.0	0.12152955326403547	1.1240898049142276	5	-2.795327451095304	17.78137189350048	0.07017622878345971	23:92039,25:65417,26:58284,39:25407,46:15685,47:14926,49:11306,61:3997,67:2812,68:2802,69:2663,77:1892,87:1296,95:1081,99:942,109:829,117:704,121:691,124:660,129:608,169:407,171:403,174:392,195:333,201:311,209:296,225:250,240:230,244:227,245:227,258:212,260:211,262:210,267:201,271:195,275:187,287:170,288:168,296:158,302:150,320:141,334:133,338:131,341:131,343:130,346:129,352:127,353:125,357:122,370:115,371:112,372:110,373:108,380:102,383:102	0	False	0
ecol-SAMN01112512	GP_4	43:18850,50:9764,55:4932,58:4615,65:3153,70:2536,86:1351,122:680,127:635,134:564,135:562,137:542,140:510,141:510,151:452,162:417,184:366,229:247,243:227,274:188,277:184,280:176,282:174,283:173,324:137	5	-0.8471346767327117	4.451077307442613	1.0283365312146244	GP_unb_53	308:147	5	0.0	0.4999524396595292	2.194977674885071	5	-2.2649115967325133	18.569767136568846	0.07017622878265684	25:65417,39:25407,46:15685,47:14926,49:11306,61:3997,69:2663,87:1296,95:1081,99:942,117:704,121:691,124:660,169:407,171:403,174:392,195:333,209:296,225:250,240:230,244:227,245:227,258:212,260:211,262:210,271:195,275:187,287:170,288:168,289:167,296:158,302:150,320:141,334:133,338:131,341:131,343:130,346:129,352:127,353:125,357:122,370:115,371:112,372:110,373:108,380:102,383:102	0	False	0
ecol-SAMN01112512	GP_4	43:18850,50:9764,55:4932,58:4615,65:3153,70:2536,86:1351,122:680,127:635,134:564,135:562,137:542,140:510,141:510,151:452,162:417,184:366,229:247,243:227,274:188,277:184,280:176,282:174,283:173,324:137	5	-0.8471346767327117	4.451077307442613	1.0283365312146244	GP_unb_54	310:146	4	0.0	0.4856807593758524	2.075028600769293	0	0	0	0		1	False	0
ecol-SAMN01112512	GP_4	43:18850,50:9764,55:4932,58:4615,65:3153,70:2536,86:1351,122:680,127:635,134:564,135:562,137:542,140:510,141:510,151:452,162:417,184:366,229:247,243:227,274:188,277:184,280:176,282:174,283:173,324:137	5	-0.8471346767327117	4.451077307442613	1.0283365312146244	GP_unb_55	311:146	5	0.0	0.46383632140430675	3.078507235018752	5	-2.999640831983941	19.707920365997435	0.06861121312249452	5:278359,9:208141,18:109063,26:58284,39:25407,46:15685,49:11306,53:6602,56:4890,61:3997,62:3894,69:2663,77:1892,87:1296,95:1081,121:691,124:660,129:608,138:521,169:407,171:403,174:392,175:391,179:382,195:333,201:311,209:296,223:254,225:250,238:236,240:230,244:227,245:227,255:215,258:212,260:211,262:210,270:200,271:195,275:187,288:168,296:158,302:150,320:141,334:133,338:131,341:131,343:130,346:129,352:127,353:125,357:122,370:115,371:112,372:110,373:108,380:102	0	False	0
ecol-SAMN01112512	GP_4	43:18850,50:9764,55:4932,58:4615,65:3153,70:2536,86:1351,122:680,127:635,134:564,135:562,137:542,140:510,141:510,151:452,162:417,184:366,229:247,243:227,274:188,277:184,280:176,282:174,283:173,324:137	5	-0.8471346767327117	4.451077307442613	1.0283365312146244	GP_unb_56	314:145	4	0.0	0.4841734857396268	2.2882387030714675	5	-2.9352635542293384	18.780831157269972	0.08672613507440083	5:278359,25:65417,26:58284,28:47207,39:25407,46:15685,47:14926,61:3997,69:2663,77:1892,87:1296,95:1081,99:942,117:704,121:691,124:660,129:608,139:517,167:413,169:407,171:403,174:392,175:391,195:333,201:311,209:296,217:274,223:254,225:250,238:236,240:230,244:227,245:227,258:212,260:211,262:210,263:210,271:195,275:187,288:168,296:158,302:150,320:141,329:136,334:133,338:131,341:131,343:130,346:129,347:129,350:128,352:127,353:125,357:122,369:117,370:115,371:112,372:110,373:108,375:104,380:102,383:102	0	False	0
ecol-SAMN01112512	GP_4	43:18850,50:9764,55:4932,58:4615,65:3153,70:2536,86:1351,122:680,127:635,134:564,135:562,137:542,140:510,141:510,151:452,162:417,184:366,229:247,243:227,274:188,277:184,280:176,282:174,283:173,324:137	5	-0.8471346767327117	4.451077307442613	1.0283365312146244	GP_unb_57	322:139	5	0.0	0.4867046665458492	1.7390679001780605	5	-0.8471346767327117	5.1011849796657165	0.9963336966611678	301:154,303:149	0	False	0
ecol-SAMN01112512	GP_4	43:18850,50:9764,55:4932,58:4615,65:3153,70:2536,86:1351,122:680,127:635,134:564,135:562,137:542,140:510,141:510,151:452,162:417,184:366,229:247,243:227,274:188,277:184,280:176,282:174,283:173,324:137	5	-0.8471346767327117	4.451077307442613	1.0283365312146244	GP_unb_58	326:136	4	0.0	0.46092298778148244	0.8756940002942651	5	-3.1209279158601633	18.522300863968816	0.08672613507405913	5:278359,25:65417,26:58284,28:47207,39:25407,40:24871,46:15685,47:14926,61:3997,69:2663,77:1892,78:1732,87:1296,95:1081,99:942,117:704,121:691,124:660,129:608,139:517,167:413,169:407,171:403,174:392,175:391,195:333,201:311,209:296,217:274,223:254,225:250,238:236,240:230,244:227,245:227,258:212,260:211,262:210,263:210,271:195,275:187,287:170,288:168,296:158,302:150,320:141,329:136,334:133,338:131,341:131,343:130,346:129,347:129,350:128,352:127,353:125,357:122,369:117,370:115,371:112,372:110,373:108,375:104,380:102,383:102	0	False	0
ecol-SAMN01112512	GP_4	43:18850,50:9764,55:4932,58:4615,65:3153,70:2536,86:1351,122:680,127:635,134:564,135:562,137:542,140:510,141:510,151:452,162:417,184:366,229:247,243:227,274:188,277:184,280:176,282:174,283:173,324:137	5	-0.8471346767327117	4.451077307442613	1.0283365312146244	GP_unb_59	332:134	4	0.0	0.19898619631969083	1.024255854524927	5	-2.9694601311501034	17.018900161317717	0.07017622878265704	5:278359,11:156317,25:65417,26:58284,39:25407,46:15685,47:14926,49:11306,61:3997,69:2663,77:1892,87:1296,95:1081,99:942,117:704,121:691,124:660,129:608,139:517,167:413,169:407,171:403,174:392,175:391,195:333,201:311,209:296,217:274,225:250,240:230,244:227,245:227,258:212,260:211,262:210,263:210,271:195,275:187,287:170,288:168,296:158,302:150,309:147,320:141,329:136,334:133,338:131,341:131,343:130,346:129,347:129,350:128,352:127,353:125,357:122,369:117,370:115,371:112,372:110,373:108,380:102,383:102	0	False	0
ecol-SAMN01112512	GP_4	43:18850,50:9764,55:4932,58:4615,65:3153,70:2536,86:1351,122:680,127:635,134:564,135:562,137:542,140:510,141:510,151:452,162:417,184:366,229:247,243:227,274:188,277:184,280:176,282:174,283:173,324:137	5	-0.8471346767327117	4.451077307442613	1.0283365312146244	GP_unb_60	333:134	4	0.0	0.47074537300663244	1.0965039500590033	5	-2.9639822928186317	17.29065933800466	0.07017622878265653	5:278359,11:156317,25:65417,26:58284,39:25407,46:15685,47:14926,49:11306,61:3997,69:2663,77:1892,87:1296,95:1081,99:942,117:704,121:691,124:660,129:608,139:517,167:413,169:407,171:403,174:392,175:391,195:333,201:311,209:296,217:274,225:250,240:230,244:227,245:227,258:212,260:211,262:210,263:210,271:195,275:187,287:170,288:168,296:158,302:150,309:147,320:141,329:136,334:133,338:131,341:131,343:130,346:129,347:129,350:128,352:127,353:125,357:122,369:117,370:115,371:112,372:110,373:108,380:102,383:102	0	False	0
ecol-SAMN01112512	GP_4	43:18850,50:9764,55:4932,58:4615,65:3153,70:2536,86:1351,122:680,127:635,134:564,135:562,137:542,140:510,141:510,151:452,162:417,184:366,229:247,243:227,274:188,277:184,280:176,282:174,283:173,324:137	5	-0.8471346767327117	4.451077307442613	1.0283365312146244	GP_unb_61	337:131	5	0.0	0.31824610481183213	2.1374938819876705	5	-2.2649115967325133	19.169421852964415	0.07017622878269479	25:65417,39:25407,46:15685,47:14926,49:11306,61:3997,69:2663,87:1296,95:1081,99:942,117:704,121:691,124:660,169:407,171:403,174:392,195:333,209:296,225:250,240:230,244:227,245:227,247:224,258:212,260:211,262:210,271:195,275:187,287:170,288:168,289:167,296:158,302:150,320:141,334:133,338:131,341:131,343:130,346:129,352:127,353:125,357:122,370:115,371:112,372:110,373:108,380:102,381:102,383:102	0	False	0
ecol-SAMN01112512	GP_4	43:18850,50:9764,55:4932,58:4615,65:3153,70:2536,86:1351,122:680,127:635,134:564,135:562,137:542,140:510,141:510,151:452,162:417,184:366,229:247,243:227,274:188,277:184,280:176,282:174,283:173,324:137	5	-0.8471346767327117	4.451077307442613	1.0283365312146244	GP_unb_62	339:131	4	0.0	0.33822618651826997	1.906717952875541	5	-0.9052158757749825	5.504773743205488	0.1070631259244692	57:4638,75:2184,272:194	0	False	0
ecol-SAMN01112512	GP_4	43:18850,50:9764,55:4932,58:4615,65:3153,70:2536,86:1351,122:680,127:635,134:564,135:562,137:542,140:510,141:510,151:452,162:417,184:366,229:247,243:227,274:188,277:184,280:176,282:174,283:173,324:137	5	-0.8471346767327117	4.451077307442613	1.0283365312146244	GP_unb_63	348:129	4	0.0	0.40496560246745616	1.1240898049142276	5	-2.949110976657862	18.315822108099706	0.07017622878266118	5:278359,25:65417,26:58284,37:27666,39:25407,46:15685,47:14926,49:11306,61:3997,69:2663,77:1892,87:1296,95:1081,99:942,117:704,121:691,124:660,129:608,139:517,167:413,169:407,171:403,174:392,175:391,195:333,201:311,202:310,209:296,217:274,225:250,240:230,244:227,245:227,258:212,260:211,262:210,263:210,271:195,275:187,287:170,288:168,296:158,302:150,320:141,329:136,334:133,338:131,341:131,343:130,346:129,347:129,350:128,352:127,353:125,357:122,369:117,370:115,371:112,372:110,373:108,380:102,383:102	0	False	0
ecol-SAMN01112512	GP_4	43:18850,50:9764,55:4932,58:4615,65:3153,70:2536,86:1351,122:680,127:635,134:564,135:562,137:542,140:510,141:510,151:452,162:417,184:366,229:247,243:227,274:188,277:184,280:176,282:174,283:173,324:137	5	-0.8471346767327117	4.451077307442613	1.0283365312146244	GP_unb_64	360:121	4	0.0	0.015340682866147981	7.541808169160413	5	-2.3601138690881887	18.09219735646631	0.07017622878265684	25:65417,26:58284,39:25407,46:15685,47:14926,49:11306,61:3997,69:2663,77:1892,87:1296,95:1081,99:942,106:864,117:704,121:691,124:660,129:608,169:407,171:403,174:392,195:333,201:311,209:296,225:250,240:230,244:227,245:227,258:212,260:211,262:210,271:195,275:187,287:170,288:168,296:158,302:150,320:141,334:133,338:131,341:131,343:130,346:129,352:127,353:125,357:122,370:115,371:112,372:110,373:108,380:102,383:102	0	False	0
ecol-SAMN01112512	GP_4	43:18850,50:9764,55:4932,58:4615,65:3153,70:2536,86:1351,122:680,127:635,134:564,135:562,137:542,140:510,141:510,151:452,162:417,184:366,229:247,243:227,274:188,277:184,280:176,282:174,283:173,324:137	5	-0.8471346767327117	4.451077307442613	1.0283365312146244	GP_unb_65	362:120	4	0.0	0.49507029606137076	0.9845720994616148	5	-2.8856142092479264	16.62372618327067	0.07017622878265684	5:278359,25:65417,26:58284,39:25407,46:15685,47:14926,49:11306,61:3997,69:2663,71:2506,77:1892,87:1296,95:1081,99:942,117:704,121:691,124:660,129:608,139:517,144:501,167:413,169:407,171:403,174:392,175:391,181:374,191:335,195:333,201:311,209:296,214:287,217:274,225:250,232:242,240:230,244:227,245:227,258:212,260:211,262:210,271:195,275:187,287:170,288:168,296:158,298:156,302:150,320:141,321:140,329:136,334:133,338:131,341:131,343:130,346:129,352:127,353:125,356:123,357:122,370:115,371:112,372:110,373:108,380:102,383:102	0	False	0
ecol-SAMN01112512	GP_4	43:18850,50:9764,55:4932,58:4615,65:3153,70:2536,86:1351,122:680,127:635,134:564,135:562,137:542,140:510,141:510,151:452,162:417,184:366,229:247,243:227,274:188,277:184,280:176,282:174,283:173,324:137	5	-0.8471346767327117	4.451077307442613	1.0283365312146244	GP_unb_66	363:120	5	0.0	0.4944025655749814	1.859854729110929	5	-2.846853298962053	16.62305845278428	0.07017622878265674	5:278359,25:65417,26:58284,39:25407,46:15685,47:14926,49:11306,61:3997,69:2663,71:2506,77:1892,87:1296,95:1081,99:942,117:704,121:691,124:660,129:608,139:517,144:501,167:413,169:407,171:403,174:392,175:391,181:374,191:335,195:333,201:311,209:296,214:287,217:274,225:250,232:242,240:230,244:227,245:227,258:212,260:211,262:210,271:195,275:187,287:170,288:168,296:158,298:156,302:150,320:141,321:140,329:136,334:133,338:131,341:131,343:130,346:129,352:127,353:125,356:123,357:122,370:115,371:112,372:110,373:108,380:102,383:102	0	False	0
ecol-SAMN01112512	GP_4	43:18850,50:9764,55:4932,58:4615,65:3153,70:2536,86:1351,122:680,127:635,134:564,135:562,137:542,140:510,141:510,151:452,162:417,184:366,229:247,243:227,274:188,277:184,280:176,282:174,283:173,324:137	5	-0.8471346767327117	4.451077307442613	1.0283365312146244	GP_unb_67	364:120	5	0.0	0.492363952444446	1.9500079571694096	5	-0.8471346767327117	4.943441259887059	1.0283365312152455		0	False	0
ecol-SAMN01112512	GP_4	43:18850,50:9764,55:4932,58:4615,65:3153,70:2536,86:1351,122:680,127:635,134:564,135:562,137:542,140:510,141:510,151:452,162:417,184:366,229:247,243:227,274:188,277:184,280:176,282:174,283:173,324:137	5	-0.8471346767327117	4.451077307442613	1.0283365312146244	GP_unb_68	367:118	5	0.0	0.16404894896900601	0.9318896325589356	5	-2.944146962312511	19.4940384419468	0.06861121312320327	5:278359,9:208141,18:109063,26:58284,39:25407,46:15685,49:11306,53:6602,56:4890,61:3997,62:3894,69:2663,77:1892,87:1296,95:1081,121:691,124:660,129:608,169:407,171:403,174:392,175:391,195:333,201:311,209:296,223:254,225:250,238:236,240:230,244:227,245:227,255:215,258:212,260:211,262:210,270:200,271:195,275:187,288:168,296:158,302:150,320:141,334:133,336:132,338:131,341:131,343:130,346:129,352:127,353:125,357:122,370:115,371:112,372:110,373:108,380:102	0	False	0
ecol-SAMN01112512	GP_4	43:18850,50:9764,55:4932,58:4615,65:3153,70:2536,86:1351,122:680,127:635,134:564,135:562,137:542,140:510,141:510,151:452,162:417,184:366,229:247,243:227,274:188,277:184,280:176,282:174,283:173,324:137	5	-0.8471346767327117	4.451077307442613	1.0283365312146244	GP_unb_69	377:103	5	0.0	0.49966419986763255	1.1397218894223695	5	-2.7557790490454583	19.04881997152268	0.0701762287826619	5:278359,25:65417,26:58284,39:25407,46:15685,47:14926,49:11306,61:3997,66:2910,69:2663,77:1892,87:1296,95:1081,99:942,117:704,121:691,124:660,129:608,139:517,167:413,169:407,171:403,174:392,175:391,195:333,201:311,209:296,217:274,225:250,240:230,244:227,245:227,258:212,260:211,262:210,263:210,271:195,275:187,287:170,288:168,296:158,302:150,304:149,320:141,329:136,334:133,338:131,341:131,343:130,346:129,347:129,350:128,352:127,353:125,357:122,369:117,370:115,371:112,372:110,373:108,380:102,383:102	0	False	0
ecol-SAMN01112512	GP_4	43:18850,50:9764,55:4932,58:4615,65:3153,70:2536,86:1351,122:680,127:635,134:564,135:562,137:542,140:510,141:510,151:452,162:417,184:366,229:247,243:227,274:188,277:184,280:176,282:174,283:173,324:137	5	-0.8471346767327117	4.451077307442613	1.0283365312146244	GP_unb_70	378:103	4	0.0	0.49998835869741776	0.9566889767680681	5	-2.7843209507264115	19.049144130352467	0.07017622878265728	5:278359,25:65417,26:58284,39:25407,46:15685,47:14926,49:11306,61:3997,66:2910,69:2663,77:1892,87:1296,95:1081,99:942,117:704,121:691,124:660,129:608,139:517,167:413,169:407,171:403,174:392,175:391,195:333,201:311,209:296,217:274,225:250,240:230,244:227,245:227,258:212,260:211,262:210,263:210,271:195,275:187,287:170,288:168,296:158,302:150,304:149,320:141,329:136,334:133,338:131,341:131,343:130,346:129,347:129,350:128,352:127,353:125,357:122,369:117,370:115,371:112,372:110,373:108,380:102,383:102	0	False	0
ecol-SAMN01112512	GP_4	43:18850,50:9764,55:4932,58:4615,65:3153,70:2536,86:1351,122:680,127:635,134:564,135:562,137:542,140:510,141:510,151:452,162:417,184:366,229:247,243:227,274:188,277:184,280:176,282:174,283:173,324:137	5	-0.8471346767327117	4.451077307442613	1.0283365312146244	GP_unb_71	379:103	5	0.0	0.2259983118032789	1.9261694787003092	5	-2.944146962312511	19.555987804781072	0.06861121312249452	5:278359,9:208141,18:109063,26:58284,39:25407,46:15685,49:11306,53:6602,56:4890,61:3997,62:3894,69:2663,77:1892,87:1296,95:1081,121:691,124:660,129:608,169:407,171:403,174:392,175:391,195:333,201:311,209:296,223:254,225:250,238:236,240:230,244:227,245:227,255:215,258:212,260:211,262:210,270:200,271:195,275:187,288:168,296:158,302:150,320:141,334:133,336:132,338:131,341:131,343:130,346:129,352:127,353:125,357:122,370:115,371:112,372:110,373:108,380:102	0	False	0
ecol-SAMN01112512	GP_1	64:3376,75:2184,85:1369,94:1095,95:1081,112:743,114:732,115:732,119:700,123:668,128:612,129:608,130:605,132:571,138:521,178:383,179:382,189:336,201:311,225:250,226:248,245:227,258:212,259:212,269:200,272:194,288:168,289:167,296:158,312:146,340:131,349:129,381:102	5	-0.1935346793074418	7.90564862564831	0.850480282734744	GP_unb_1	73:2386	5	0.0	0.2760778200571202	1.9493593727948884	5	-2.4300051212675706	19.571314882297184	0.07017622878345976	18:109063,28:47207,39:25407,46:15685,49:11306,52:6680,53:6602,61:3997,69:2663,87:1296,92:1149,117:704,122:680,124:660,125:646,131:601,162:417,169:407,171:403,174:392,195:333,222:260,223:254,227:247,238:236,270:200,271:195,274:188,275:187,277:184,287:170,297:157,320:141,334:133,341:131,343:130,346:129,353:125,357:122,372:110,373:108,375:104	0	False	0
ecol-SAMN01112512	GP_1	64:3376,75:2184,85:1369,94:1095,95:1081,112:743,114:732,115:732,119:700,123:668,128:612,129:608,130:605,132:571,138:521,178:383,179:382,189:336,201:311,225:250,226:248,245:227,258:212,259:212,269:200,272:194,288:168,289:167,296:158,312:146,340:131,349:129,381:102	5	-0.1935346793074418	7.90564862564831	0.850480282734744	GP_unb_2	105:867	5	0.0	0.4830018916810376	2.06306281960046	5	-1.9376955498562751	21.172705509599766	0.07017622878345971	25:65417,39:25407,46:15685,47:14926,49:11306,53:6602,69:2663,87:1296,92:1149,99:942,117:704,122:680,124:660,131:601,162:417,169:407,171:403,174:392,195:333,222:260,260:211,270:200,271:195,275:187,277:184,287:170,297:157,320:141,334:133,338:131,341:131,343:130,346:129,353:125,357:122,372:110,373:108,380:102	0	False	0
ecol-SAMN01112512	GP_1	64:3376,75:2184,85:1369,94:1095,95:1081,112:743,114:732,115:732,119:700,123:668,128:612,129:608,130:605,132:571,138:521,178:383,179:382,189:336,201:311,225:250,226:248,245:227,258:212,259:212,269:200,272:194,288:168,289:167,296:158,312:146,340:131,349:129,381:102	5	-0.1935346793074418	7.90564862564831	0.850480282734744	GP_unb_3	142:507	5	0.0	0.3245251361530843	9.544519612170564	5	-2.3142330167957974	20.988356509741447	0.07025295096772205	18:109063,28:47207,39:25407,46:15685,49:11306,53:6602,61:3997,69:2663,87:1296,92:1149,99:942,117:704,122:680,124:660,131:601,162:417,169:407,171:403,174:392,195:333,222:260,223:254,227:247,238:236,270:200,271:195,275:187,277:184,287:170,297:157,320:141,334:133,341:131,343:130,346:129,353:125,357:122,372:110,373:108,375:104	0	False	0
ecol-SAMN01112512	GP_1	64:3376,75:2184,85:1369,94:1095,95:1081,112:743,114:732,115:732,119:700,123:668,128:612,129:608,130:605,132:571,138:521,178:383,179:382,189:336,201:311,225:250,226:248,245:227,258:212,259:212,269:200,272:194,288:168,289:167,296:158,312:146,340:131,349:129,381:102	5	-0.1935346793074418	7.90564862564831	0.850480282734744	GP_unb_4	146:468	5	0.0	0.06046954653248682	0.8870352187320776	0	0	0	0		1	False	0
ecol-SAMN01112512	GP_1	64:3376,75:2184,85:1369,94:1095,95:1081,112:743,114:732,115:732,119:700,123:668,128:612,129:608,130:605,132:571,138:521,178:383,179:382,189:336,201:311,225:250,226:248,245:227,258:212,259:212,269:200,272:194,288:168,289:167,296:158,312:146,340:131,349:129,381:102	5	-0.1935346793074418	7.90564862564831	0.850480282734744	GP_unb_5	149:454	5	0.0	0.43020733534872635	0.9983334984821324	5	-0.1935346793074418	8.335855960997037	0.8504802827355888		0	False	0
ecol-SAMN01112512	GP_1	64:3376,75:2184,85:1369,94:1095,95:1081,112:743,114:732,115:732,119:700,123:668,128:612,129:608,130:605,132:571,138:521,178:383,179:382,189:336,201:311,225:250,226:248,245:227,258:212,259:212,269:200,272:194,288:168,289:167,296:158,312:146,340:131,349:129,381:102	5	-0.1935346793074418	7.90564862564831	0.850480282734744	GP_unb_6	150:454	5	0.0	0.3082487470736095	2.2394177153615407	5	-0.1935346793074418	8.21389737272192	0.8504802827355888		0	False	0
ecol-SAMN01112512	GP_1	64:3376,75:2184,85:1369,94:1095,95:1081,112:743,114:732,115:732,119:700,123:668,128:612,129:608,130:605,132:571,138:521,178:383,179:382,189:336,201:311,225:250,226:248,245:227,258:212,259:212,269:200,272:194,288:168,289:167,296:158,312:146,340:131,349:129,381:102	5	-0.1935346793074418	7.90564862564831	0.850480282734744	GP_unb_7	152:450	5	0.0	0.4897447344363828	1.705089285446187	0	0	0	0		1	False	0
ecol-SAMN01112512	GP_1	64:3376,75:2184,85:1369,94:1095,95:1081,112:743,114:732,115:732,119:700,123:668,128:612,129:608,130:605,132:571,138:521,178:383,179:382,189:336,201:311,225:250,226:248,245:227,258:212,259:212,269:200,272:194,288:168,289:167,296:158,312:146,340:131,349:129,381:102	5	-0.1935346793074418	7.90564862564831	0.850480282734744	GP_unb_8	153:450	5	0.0	0.478133321407228	0.9926613879105074	0	0	0	0		1	False	0
ecol-SAMN01112512	GP_1	64:3376,75:2184,85:1369,94:1095,95:1081,112:743,114:732,115:732,119:700,123:668,128:612,129:608,130:605,132:571,138:521,178:383,179:382,189:336,201:311,225:250,226:248,245:227,258:212,259:212,269:200,272:194,288:168,289:167,296:158,312:146,340:131,349:129,381:102	5	-0.1935346793074418	7.90564862564831	0.850480282734744	GP_unb_9	154:450	4	0.0	0.46156657280855484	1.1445142073007781	5	-2.702297265617668	21.704996460578315	0.07017622878265693	18:109063,28:47207,39:25407,46:15685,49:11306,53:6602,61:3997,66:2910,69:2663,80:1701,87:1296,92:1149,122:680,124:660,131:601,162:417,169:407,171:403,174:392,195:333,222:260,223:254,227:247,237:237,238:236,270:200,271:195,275:187,277:184,297:157,300:155,304:149,320:141,334:133,341:131,343:130,346:129,353:125,357:122,372:110,373:108,375:104	0	False	0
ecol-SAMN01112512	GP_1	64:3376,75:2184,85:1369,94:1095,95:1081,112:743,114:732,115:732,119:700,123:668,128:612,129:608,130:605,132:571,138:521,178:383,179:382,189:336,201:311,225:250,226:248,245:227,258:212,259:212,269:200,272:194,288:168,289:167,296:158,312:146,340:131,349:129,381:102	5	-0.1935346793074418	7.90564862564831	0.850480282734744	GP_unb_10	156:442	4	0.0	0.46965951554863716	1.073217969390421	5	-2.381041658185084	19.934328856201144	0.07017622878265668	15:132189,18:109063,28:47207,39:25407,46:15685,49:11306,53:6602,61:3997,69:2663,87:1296,92:1149,122:680,124:660,131:601,162:417,169:407,171:403,174:392,195:333,222:260,223:254,227:247,238:236,270:200,271:195,275:187,277:184,297:157,320:141,334:133,341:131,342:130,343:130,346:129,353:125,357:122,372:110,373:108,375:104	0	False	0
ecol-SAMN01112512	GP_1	64:3376,75:2184,85:1369,94:1095,95:1081,112:743,114:732,115:732,119:700,123:668,128:612,129:608,130:605,132:571,138:521,178:383,179:382,189:336,201:311,225:250,226:248,245:227,258:212,259:212,269:200,272:194,288:168,289:167,296:158,312:146,340:131,349:129,381:102	5	-0.1935346793074418	7.90564862564831	0.850480282734744	GP_unb_11	157:439	5	0.0	0.49792362478415275	2.0017085393939937	5	-2.836533479469722	21.345503984163003	0.050079121288945316	18:109063,19:99628,28:47207,32:38595,39:25407,46:15685,49:11306,53:6602,61:3997,63:3508,69:2663,76:2044,87:1296,90:1233,92:1149,93:1113,98:945,103:914,117:704,122:680,124:660,131:601,162:417,169:407,171:403,174:392,195:333,218:274,222:260,223:254,227:247,238:236,254:216,270:200,271:195,275:187,277:184,287:170,297:157,319:141,320:141,334:133,341:131,343:130,346:129,353:125,357:122,372:110,373:108,375:104	0	False	0
ecol-SAMN01112512	GP_1	64:3376,75:2184,85:1369,94:1095,95:1081,112:743,114:732,115:732,119:700,123:668,128:612,129:608,130:605,132:571,138:521,178:383,179:382,189:336,201:311,225:250,226:248,245:227,258:212,259:212,269:200,272:194,288:168,289:167,296:158,312:146,340:131,349:129,381:102	5	-0.1935346793074418	7.90564862564831	0.850480282734744	GP_unb_12	158:439	4	0.0	0.34662022859837394	4.421033351049296	5	-2.3825230925282685	19.81128956925088	0.07017622878265684	15:132189,18:109063,28:47207,39:25407,46:15685,49:11306,53:6602,61:3997,69:2663,87:1296,92:1149,122:680,124:660,131:601,162:417,169:407,171:403,174:392,195:333,222:260,223:254,227:247,238:236,270:200,271:195,275:187,277:184,297:157,320:141,334:133,341:131,342:130,343:130,346:129,353:125,357:122,372:110,373:108,375:104	0	False	0
ecol-SAMN01112512	GP_1	64:3376,75:2184,85:1369,94:1095,95:1081,112:743,114:732,115:732,119:700,123:668,128:612,129:608,130:605,132:571,138:521,178:383,179:382,189:336,201:311,225:250,226:248,245:227,258:212,259:212,269:200,272:194,288:168,289:167,296:158,312:146,340:131,349:129,381:102	5	-0.1935346793074418	7.90564862564831	0.850480282734744	GP_unb_13	160:420	5	0.0	0.17657091414047899	1.150141277290839	5	-0.1935346793074418	8.08221953978879	0.8504802827355888		0	False	0
ecol-SAMN01112512	GP_1	64:3376,75:2184,85:1369,94:1095,95:1081,112:743,114:732,115:732,119:700,123:668,128:612,129:608,130:605,132:571,138:521,178:383,179:382,189:336,201:311,225:250,226:248,245:227,258:212,259:212,269:200,272:194,288:168,289:167,296:158,312:146,340:131,349:129,381:102	5	-0.1935346793074418	7.90564862564831	0.850480282734744	GP_unb_14	161:420	5	0.0	0.18973607844175633	2.8294042932682344	5	-0.1935346793074418	8.095384704090067	0.8504802827355888		0	False	0
ecol-SAMN01112512	GP_1	64:3376,75:2184,85:1369,94:1095,95:1081,112:743,114:732,115:732,119:700,123:668,128:612,129:608,130:605,132:571,138:521,178:383,179:382,189:336,201:311,225:250,226:248,245:227,258:212,259:212,269:200,272:194,288:168,289:167,296:158,312:146,340:131,349:129,381:102	5	-0.1935346793074418	7.90564862564831	0.850480282734744	GP_unb_15	163:416	5	0.0	0.46224048193324485	3.22298390850156	0	0	0	0		1	False	0
ecol-SAMN01112512	GP_1	64:3376,75:2184,85:1369,94:1095,95:1081,112:743,114:732,115:732,119:700,123:668,128:612,129:608,130:605,132:571,138:521,178:383,179:382,189:336,201:311,225:250,226:248,245:227,258:212,259:212,269:200,272:194,288:168,289:167,296:158,312:146,340:131,349:129,381:102	5	-0.1935346793074418	7.90564862564831	0.850480282734744	GP_unb_16	164:416	5	0.0	0.4329869782589292	1.0446682460897267	5	-1.9154586701056713	19.75179581012865	0.07017622878336573	25:65417,39:25407,46:15685,47:14926,49:11306,61:3997,69:2663,87:1296,92:1149,99:942,117:704,122:680,124:660,131:601,169:407,171:403,174:392,195:333,222:260,260:211,271:195,275:187,277:184,287:170,297:157,320:141,334:133,338:131,341:131,343:130,346:129,353:125,357:122,372:110,373:108,380:102,383:102	0	False	0
ecol-SAMN01112512	GP_1	64:3376,75:2184,85:1369,94:1095,95:1081,112:743,114:732,115:732,119:700,123:668,128:612,129:608,130:605,132:571,138:521,178:383,179:382,189:336,201:311,225:250,226:248,245:227,258:212,259:212,269:200,272:194,288:168,289:167,296:158,312:146,340:131,349:129,381:102	5	-0.1935346793074418	7.90564862564831	0.850480282734744	GP_unb_17	165:414	5	0.0	0.1364548168339883	1.1496308173664471	5	-1.9979819144903146	19.792570098017624	0.070176228782657	17:112208,25:65417,39:25407,46:15685,47:14926,49:11306,61:3997,69:2663,87:1296,92:1149,99:942,116:711,117:704,122:680,124:660,131:601,162:417,169:407,171:403,174:392,186:353,195:333,222:260,260:211,271:195,275:187,277:184,287:170,297:157,320:141,334:133,338:131,341:131,343:130,346:129,353:125,357:122,372:110,373:108,380:102	0	False	0
ecol-SAMN01112512	GP_1	64:3376,75:2184,85:1369,94:1095,95:1081,112:743,114:732,115:732,119:700,123:668,128:612,129:608,130:605,132:571,138:521,178:383,179:382,189:336,201:311,225:250,226:248,245:227,258:212,259:212,269:200,272:194,288:168,289:167,296:158,312:146,340:131,349:129,381:102	5	-0.1935346793074418	7.90564862564831	0.850480282734744	GP_unb_18	172:402	5	0.0	0.2119799037016563	0.7225800446202028	5	-0.1935346793074418	8.117628529349966	0.7225800446194626		0	False	0
ecol-SAMN01112512	GP_1	64:3376,75:2184,85:1369,94:1095,95:1081,112:743,114:732,115:732,119:700,123:668,128:612,129:608,130:605,132:571,138:521,178:383,179:382,189:336,201:311,225:250,226:248,245:227,258:212,259:212,269:200,272:194,288:168,289:167,296:158,312:146,340:131,349:129,381:102	5	-0.1935346793074418	7.90564862564831	0.850480282734744	GP_unb_19	177:383	5	0.0	0.05509597189143711	1.0647833698162044	0	0	0	0		1	False	0
ecol-SAMN01112512	GP_1	64:3376,75:2184,85:1369,94:1095,95:1081,112:743,114:732,115:732,119:700,123:668,128:612,129:608,130:605,132:571,138:521,178:383,179:382,189:336,201:311,225:250,226:248,245:227,258:212,259:212,269:200,272:194,288:168,289:167,296:158,312:146,340:131,349:129,381:102	5	-0.1935346793074418	7.90564862564831	0.850480282734744	GP_unb_20	182:371	4	0.0	0.3211643251171751	1.0163377202859776	5	-0.26736592774440376	8.719526337506203	0.8504802827355888	183:369	0	False	0
ecol-SAMN01112512	GP_1	64:3376,75:2184,85:1369,94:1095,95:1081,112:743,114:732,115:732,119:700,123:668,128:612,129:608,130:605,132:571,138:521,178:383,179:382,189:336,201:311,225:250,226:248,245:227,258:212,259:212,269:200,272:194,288:168,289:167,296:158,312:146,340:131,349:129,381:102	5	-0.1935346793074418	7.90564862564831	0.850480282734744	GP_unb_21	185:354	5	0.0	0.4913840660203582	0.7431065389916315	5	-0.1937547113113324	8.574602591343979	0.743106538991924	79:1726	0	False	0
ecol-SAMN01112512	GP_1	64:3376,75:2184,85:1369,94:1095,95:1081,112:743,114:732,115:732,119:700,123:668,128:612,129:608,130:605,132:571,138:521,178:383,179:382,189:336,201:311,225:250,226:248,245:227,258:212,259:212,269:200,272:194,288:168,289:167,296:158,312:146,340:131,349:129,381:102	5	-0.1935346793074418	7.90564862564831	0.850480282734744	GP_unb_22	187:352	4	0.0	0.15791602210087818	1.040290301561707	5	-3.284786961985483	20.612382190284467	0.07017622878265684	18:109063,28:47207,39:25407,46:15685,49:11306,53:6602,61:3997,62:3894,69:2663,87:1296,92:1149,117:704,118:700,122:680,124:660,131:601,139:517,162:417,167:413,169:407,171:403,174:392,175:391,190:335,195:333,217:274,222:260,223:254,227:247,238:236,255:215,263:210,270:200,271:195,275:187,277:184,297:157,320:141,329:136,334:133,341:131,343:130,346:129,347:129,350:128,353:125,357:122,369:117,372:110,373:108,375:104	0	False	0
ecol-SAMN01112512	GP_1	64:3376,75:2184,85:1369,94:1095,95:1081,112:743,114:732,115:732,119:700,123:668,128:612,129:608,130:605,132:571,138:521,178:383,179:382,189:336,201:311,225:250,226:248,245:227,258:212,259:212,269:200,272:194,288:168,289:167,296:158,312:146,340:131,349:129,381:102	5	-0.1935346793074418	7.90564862564831	0.850480282734744	GP_unb_23	193:334	5	0.0	0.17300503337316187	1.2369074536157079	5	-2.2916770017328414	20.37933375312363	0.07017622878265684	18:109063,28:47207,39:25407,46:15685,49:11306,53:6602,61:3997,69:2663,87:1296,92:1149,117:704,122:680,124:660,131:601,162:417,169:407,171:403,174:392,195:333,217:274,222:260,223:254,227:247,238:236,263:210,270:200,271:195,275:187,277:184,297:157,320:141,329:136,334:133,341:131,343:130,346:129,347:129,350:128,353:125,357:122,369:117,372:110,373:108,375:104	0	False	0
ecol-SAMN01112512	GP_1	64:3376,75:2184,85:1369,94:1095,95:1081,112:743,114:732,115:732,119:700,123:668,128:612,129:608,130:605,132:571,138:521,178:383,179:382,189:336,201:311,225:250,226:248,245:227,258:212,259:212,269:200,272:194,288:168,289:167,296:158,312:146,340:131,349:129,381:102	5	-0.1935346793074418	7.90564862564831	0.850480282734744	GP_unb_24	196:325	5	0.0	0.3159559188188914	1.5547348160692784	5	-2.4897962732745045	20.87897349942221	0.07017622878265685	18:109063,28:47207,39:25407,46:15685,49:11306,52:6680,53:6602,61:3997,69:2663,87:1296,92:1149,117:704,122:680,124:660,125:646,127:635,131:601,162:417,169:407,170:403,171:403,174:392,184:366,195:333,222:260,223:254,227:247,238:236,270:200,271:195,274:188,275:187,277:184,287:170,297:157,320:141,334:133,341:131,343:130,346:129,353:125,357:122,372:110,373:108,375:104	0	False	0
ecol-SAMN01112512	GP_1	64:3376,75:2184,85:1369,94:1095,95:1081,112:743,114:732,115:732,119:700,123:668,128:612,129:608,130:605,132:571,138:521,178:383,179:382,189:336,201:311,225:250,226:248,245:227,258:212,259:212,269:200,272:194,288:168,289:167,296:158,312:146,340:131,349:129,381:102	5	-0.1935346793074418	7.90564862564831	0.850480282734744	GP_unb_25	199:323	5	0.0	0.4678830282264288	1.0223731582155522	5	-1.9119630477064784	21.14062682398859	0.07017622878265672	25:65417,39:25407,46:15685,47:14926,49:11306,61:3997,69:2663,87:1296,92:1149,99:942,117:704,122:680,124:660,131:601,162:417,169:407,171:403,174:392,195:333,222:260,260:211,271:195,275:187,277:184,287:170,297:157,320:141,334:133,338:131,341:131,343:130,346:129,353:125,357:122,372:110,380:102	0	False	0
ecol-SAMN01112512	GP_1	64:3376,75:2184,85:1369,94:1095,95:1081,112:743,114:732,115:732,119:700,123:668,128:612,129:608,130:605,132:571,138:521,178:383,179:382,189:336,201:311,225:250,226:248,245:227,258:212,259:212,269:200,272:194,288:168,289:167,296:158,312:146,340:131,349:129,381:102	5	-0.1935346793074418	7.90564862564831	0.850480282734744	GP_unb_26	200:313	4	0.0	0.36762863761215747	0.9918476547369178	5	-2.2907790198029367	20.57614324800431	0.07017622878265684	18:109063,28:47207,39:25407,46:15685,49:11306,53:6602,61:3997,69:2663,87:1296,92:1149,117:704,122:680,124:660,131:601,162:417,169:407,171:403,174:392,195:333,222:260,223:254,227:247,238:236,270:200,271:195,275:187,277:184,297:157,320:141,334:133,341:131,343:130,346:129,353:125,357:122,372:110,373:108,375:104	0	False	0
ecol-SAMN01112512	GP_1	64:3376,75:2184,85:1369,94:1095,95:1081,112:743,114:732,115:732,119:700,123:668,128:612,129:608,130:605,132:571,138:521,178:383,179:382,189:336,201:311,225:250,226:248,245:227,258:212,259:212,269:200,272:194,288:168,289:167,296:158,312:146,340:131,349:129,381:102	5	-0.1935346793074418	7.90564862564831	0.850480282734744	GP_unb_27	203:309	4	0.0	0.23686272894935378	1.1601042539327935	5	-2.700803721353707	21.480292616719115	0.07017622878265684	18:109063,28:47207,39:25407,46:15685,49:11306,53:6602,61:3997,66:2910,69:2663,80:1701,87:1296,92:1149,122:680,124:660,131:601,162:417,169:407,171:403,174:392,195:333,222:260,223:254,227:247,237:237,238:236,270:200,271:195,275:187,277:184,297:157,300:155,304:149,320:141,334:133,341:131,343:130,346:129,353:125,357:122,372:110,373:108,375:104	0	False	0
ecol-SAMN01112512	GP_1	64:3376,75:2184,85:1369,94:1095,95:1081,112:743,114:732,115:732,119:700,123:668,128:612,129:608,130:605,132:571,138:521,178:383,179:382,189:336,201:311,225:250,226:248,245:227,258:212,259:212,269:200,272:194,288:168,289:167,296:158,312:146,340:131,349:129,381:102	5	-0.1935346793074418	7.90564862564831	0.850480282734744	GP_unb_28	205:307	4	0.0	0.11910076686278126	1.1863448967519734	0	0	0	0		1	False	0
ecol-SAMN01112512	GP_1	64:3376,75:2184,85:1369,94:1095,95:1081,112:743,114:732,115:732,119:700,123:668,128:612,129:608,130:605,132:571,138:521,178:383,179:382,189:336,201:311,225:250,226:248,245:227,258:212,259:212,269:200,272:194,288:168,289:167,296:158,312:146,340:131,349:129,381:102	5	-0.1935346793074418	7.90564862564831	0.850480282734744	GP_unb_29	206:305	5	0.0	0.48346626369272283	0.8287617143045884	5	-0.1935346793074418	9.296099966778254	0.8287617143050738	121:691,209:296,352:127	0	False	0
ecol-SAMN01112512	GP_1	64:3376,75:2184,85:1369,94:1095,95:1081,112:743,114:732,115:732,119:700,123:668,128:612,129:608,130:605,132:571,138:521,178:383,179:382,189:336,201:311,225:250,226:248,245:227,258:212,259:212,269:200,272:194,288:168,289:167,296:158,312:146,340:131,349:129,381:102	5	-0.1935346793074418	7.90564862564831	0.850480282734744	GP_unb_30	207:305	4	0.0	0.06726916394455662	1.4923175781379023	0	0	0	0		1	False	0
ecol-SAMN01112512	GP_1	64:3376,75:2184,85:1369,94:1095,95:1081,112:743,114:732,115:732,119:700,123:668,128:612,129:608,130:605,132:571,138:521,178:383,179:382,189:336,201:311,225:250,226:248,245:227,258:212,259:212,269:200,272:194,288:168,289:167,296:158,312:146,340:131,349:129,381:102	5	-0.1935346793074418	7.90564862564831	0.850480282734744	GP_unb_31	211:290	5	0.0	0.3053852483317213	2.5806691829338235	5	-0.2830699377833785	8.391631114401658	0.8504802827355888	113:737,133:569,361:120	0	False	0
ecol-SAMN01112512	GP_1	64:3376,75:2184,85:1369,94:1095,95:1081,112:743,114:732,115:732,119:700,123:668,128:612,129:608,130:605,132:571,138:521,178:383,179:382,189:336,201:311,225:250,226:248,245:227,258:212,259:212,269:200,272:194,288:168,289:167,296:158,312:146,340:131,349:129,381:102	5	-0.1935346793074418	7.90564862564831	0.850480282734744	GP_unb_32	212:288	4	0.0	0.1621704164157417	1.9053757435449339	5	-2.267719219009627	19.8808547557581	0.07017622878265684	18:109063,28:47207,39:25407,46:15685,49:11306,53:6602,61:3997,69:2663,87:1296,92:1149,117:704,122:680,124:660,131:601,162:417,169:407,171:403,174:392,195:333,222:260,223:254,227:247,238:236,263:210,270:200,271:195,275:187,277:184,297:157,320:141,329:136,334:133,341:131,343:130,346:129,347:129,350:128,353:125,357:122,369:117,372:110,373:108,375:104	0	False	0
ecol-SAMN01112512	GP_1	64:3376,75:2184,85:1369,94:1095,95:1081,112:743,114:732,115:732,119:700,123:668,128:612,129:608,130:605,132:571,138:521,178:383,179:382,189:336,201:311,225:250,226:248,245:227,258:212,259:212,269:200,272:194,288:168,289:167,296:158,312:146,340:131,349:129,381:102	5	-0.1935346793074418	7.90564862564831	0.850480282734744	GP_unb_33	213:287	4	0.0	0.49850254240803005	1.03992397149832	5	-2.7015431470402325	21.74193243017779	0.07017622878265684	18:109063,28:47207,39:25407,46:15685,49:11306,53:6602,61:3997,66:2910,69:2663,80:1701,87:1296,92:1149,122:680,124:660,131:601,162:417,169:407,171:403,174:392,195:333,222:260,223:254,227:247,237:237,238:236,270:200,271:195,275:187,277:184,297:157,300:155,304:149,320:141,334:133,341:131,343:130,346:129,353:125,357:122,372:110,373:108,375:104	0	False	0
ecol-SAMN01112512	GP_1	64:3376,75:2184,85:1369,94:1095,95:1081,112:743,114:732,115:732,119:700,123:668,128:612,129:608,130:605,132:571,138:521,178:383,179:382,189:336,201:311,225:250,226:248,245:227,258:212,259:212,269:200,272:194,288:168,289:167,296:158,312:146,340:131,349:129,381:102	5	-0.1935346793074418	7.90564862564831	0.850480282734744	GP_unb_34	215:286	4	0.0	0.47086832844672477	2.1005726159269504	5	-3.538325253938159	20.296680860282123	0.07017622878265685	18:109063,28:47207,39:25407,46:15685,49:11306,53:6602,61:3997,62:3894,69:2663,87:1296,92:1149,117:704,118:700,122:680,124:660,131:601,139:517,162:417,167:413,169:407,171:403,174:392,175:391,188:340,190:335,195:333,217:274,222:260,223:254,227:247,238:236,248:222,255:215,263:210,270:200,271:195,275:187,277:184,297:157,320:141,329:136,334:133,341:131,343:130,346:129,347:129,350:128,353:125,357:122,369:117,372:110,373:108,375:104	0	False	0
ecol-SAMN01112512	GP_1	64:3376,75:2184,85:1369,94:1095,95:1081,112:743,114:732,115:732,119:700,123:668,128:612,129:608,130:605,132:571,138:521,178:383,179:382,189:336,201:311,225:250,226:248,245:227,258:212,259:212,269:200,272:194,288:168,289:167,296:158,312:146,340:131,349:129,381:102	5	-0.1935346793074418	7.90564862564831	0.850480282734744	GP_unb_35	219:274	5	0.0	0.4991032585312828	0.7305342113244033	5	-0.1935346793074418	8.404751884179593	0.7305342113249935		0	False	0
ecol-SAMN01112512	GP_1	64:3376,75:2184,85:1369,94:1095,95:1081,112:743,114:732,115:732,119:700,123:668,128:612,129:608,130:605,132:571,138:521,178:383,179:382,189:336,201:311,225:250,226:248,245:227,258:212,259:212,269:200,272:194,288:168,289:167,296:158,312:146,340:131,349:129,381:102	5	-0.1935346793074418	7.90564862564831	0.850480282734744	GP_unb_36	224:253	4	0.0	0.49754567536635763	1.0863397921527296	5	-2.2753617549602376	20.230427009941923	0.07017622878265678	18:109063,28:47207,39:25407,46:15685,49:11306,53:6602,61:3997,69:2663,87:1296,92:1149,122:680,124:660,131:601,162:417,169:407,171:403,174:392,195:333,222:260,223:254,227:247,238:236,270:200,271:195,275:187,277:184,297:157,320:141,334:133,341:131,343:130,346:129,353:125,357:122,372:110,373:108,375:104	0	False	0
ecol-SAMN01112512	GP_1	64:3376,75:2184,85:1369,94:1095,95:1081,112:743,114:732,115:732,119:700,123:668,128:612,129:608,130:605,132:571,138:521,178:383,179:382,189:336,201:311,225:250,226:248,245:227,258:212,259:212,269:200,272:194,288:168,289:167,296:158,312:146,340:131,349:129,381:102	5	-0.1935346793074418	7.90564862564831	0.850480282734744	GP_unb_37	233:241	4	0.0	0.2307152384743133	5.300045340852107	5	-2.0788219029095703	19.987681221368753	0.07017622878265684	25:65417,36:28745,39:25407,46:15685,47:14926,49:11306,61:3997,69:2663,81:1698,87:1296,92:1149,99:942,117:704,122:680,124:660,131:601,162:417,169:407,171:403,174:392,195:333,222:260,260:211,270:200,271:195,275:187,277:184,287:170,297:157,320:141,334:133,338:131,341:131,343:130,346:129,353:125,357:122,372:110,373:108,380:102	0	False	0
ecol-SAMN01112512	GP_1	64:3376,75:2184,85:1369,94:1095,95:1081,112:743,114:732,115:732,119:700,123:668,128:612,129:608,130:605,132:571,138:521,178:383,179:382,189:336,201:311,225:250,226:248,245:227,258:212,259:212,269:200,272:194,288:168,289:167,296:158,312:146,340:131,349:129,381:102	5	-0.1935346793074418	7.90564862564831	0.850480282734744	GP_unb_38	234:240	4	0.0	0.014985838747219926	0.9672915296682311	5	-1.96587047627353	20.654996307774372	0.07017622878265681	25:65417,39:25407,46:15685,47:14926,49:11306,61:3997,69:2663,87:1296,92:1149,99:942,117:704,122:680,124:660,131:601,162:417,169:407,171:403,174:392,195:333,222:260,260:211,270:200,271:195,275:187,277:184,287:170,297:157,320:141,334:133,338:131,341:131,343:130,346:129,353:125,357:122,372:110,373:108,380:102	0	False	0
ecol-SAMN01112512	GP_1	64:3376,75:2184,85:1369,94:1095,95:1081,112:743,114:732,115:732,119:700,123:668,128:612,129:608,130:605,132:571,138:521,178:383,179:382,189:336,201:311,225:250,226:248,245:227,258:212,259:212,269:200,272:194,288:168,289:167,296:158,312:146,340:131,349:129,381:102	5	-0.1935346793074418	7.90564862564831	0.850480282734744	GP_unb_39	239:235	5	0.0	0.05523044894165485	2.568982653370687	0	0	0	0		1	False	0
ecol-SAMN01112512	GP_1	64:3376,75:2184,85:1369,94:1095,95:1081,112:743,114:732,115:732,119:700,123:668,128:612,129:608,130:605,132:571,138:521,178:383,179:382,189:336,201:311,225:250,226:248,245:227,258:212,259:212,269:200,272:194,288:168,289:167,296:158,312:146,340:131,349:129,381:102	5	-0.1935346793074418	7.90564862564831	0.850480282734744	GP_unb_40	251:217	5	0.0	0.33087371860253345	0.727456438250864	5	-0.1935346793074418	8.236522344250844	0.7274564382514654		0	False	0
ecol-SAMN01112512	GP_1	64:3376,75:2184,85:1369,94:1095,95:1081,112:743,114:732,115:732,119:700,123:668,128:612,129:608,130:605,132:571,138:521,178:383,179:382,189:336,201:311,225:250,226:248,245:227,258:212,259:212,269:200,272:194,288:168,289:167,296:158,312:146,340:131,349:129,381:102	5	-0.1935346793074418	7.90564862564831	0.850480282734744	GP_unb_41	253:217	5	0.0	0.3983657488877117	1.2484798803722152	5	-0.1935346793074418	8.304014374536022	0.8504802827355888		0	False	0
ecol-SAMN01112512	GP_1	64:3376,75:2184,85:1369,94:1095,95:1081,112:743,114:732,115:732,119:700,123:668,128:612,129:608,130:605,132:571,138:521,178:383,179:382,189:336,201:311,225:250,226:248,245:227,258:212,259:212,269:200,272:194,288:168,289:167,296:158,312:146,340:131,349:129,381:102	5	-0.1935346793074418	7.90564862564831	0.850480282734744	GP_unb_42	261:211	4	0.0	0.48208854903427056	1.0107046448850414	5	-1.9630622074493955	20.75201230065579	0.07017622878265684	25:65417,39:25407,46:15685,47:14926,49:11306,61:3997,69:2663,87:1296,92:1149,99:942,117:704,122:680,124:660,131:601,162:417,169:407,171:403,174:392,195:333,222:260,260:211,271:195,275:187,277:184,287:170,297:157,320:141,334:133,338:131,341:131,343:130,346:129,353:125,357:122,372:110,373:108,380:102	0	False	0
ecol-SAMN01112512	GP_1	64:3376,75:2184,85:1369,94:1095,95:1081,112:743,114:732,115:732,119:700,123:668,128:612,129:608,130:605,132:571,138:521,178:383,179:382,189:336,201:311,225:250,226:248,245:227,258:212,259:212,269:200,272:194,288:168,289:167,296:158,312:146,340:131,349:129,381:102	5	-0.1935346793074418	7.90564862564831	0.850480282734744	GP_unb_43	268:200	5	0.0	0.49866384026374844	1.6398645179306555	5	-0.1935346793074418	8.404312465912058	0.8504802827355888		0	False	0
ecol-SAMN01112512	GP_1	64:3376,75:2184,85:1369,94:1095,95:1081,112:743,114:732,115:732,119:700,123:668,128:612,129:608,130:605,132:571,138:521,178:383,179:382,189:336,201:311,225:250,226:248,245:227,258:212,259:212,269:200,272:194,288:168,289:167,296:158,312:146,340:131,349:129,381:102	5	-0.1935346793074418	7.90564862564831	0.850480282734744	GP_unb_44	273:193	4	0.0	0.43106627873838343	0.7908645689766479	5	-2.0255361279615314	19.686954249033036	0.0701762287826568	18:109063,28:47207,39:25407,46:15685,49:11306,53:6602,61:3997,69:2663,87:1296,122:680,124:660,131:601,162:417,169:407,171:403,174:392,195:333,198:325,223:254,227:247,238:236,270:200,271:195,275:187,277:184,301:154,320:141,334:133,341:131,343:130,346:129,353:125,357:122,372:110,373:108,375:104	0	False	0
ecol-SAMN01112512	GP_1	64:3376,75:2184,85:1369,94:1095,95:1081,112:743,114:732,115:732,119:700,123:668,128:612,129:608,130:605,132:571,138:521,178:383,179:382,189:336,201:311,225:250,226:248,245:227,258:212,259:212,269:200,272:194,288:168,289:167,296:158,312:146,340:131,349:129,381:102	5	-0.1935346793074418	7.90564862564831	0.850480282734744	GP_unb_45	278:183	5	0.0	0.19925047760085512	1.7989418466037899	0	0	0	0		1	False	0
ecol-SAMN01112512	GP_1	64:3376,75:2184,85:1369,94:1095,95:1081,112:743,114:732,115:732,119:700,123:668,128:612,129:608,130:605,132:571,138:521,178:383,179:382,189:336,201:311,225:250,226:248,245:227,258:212,259:212,269:200,272:194,288:168,289:167,296:158,312:146,340:131,349:129,381:102	5	-0.1935346793074418	7.90564862564831	0.850480282734744	GP_unb_46	285:171	5	0.0	0.4106151985703018	3.4276483111283267	5	-0.1935346793074418	8.316263824218613	0.8504802827355888		0	False	0
ecol-SAMN01112512	GP_1	64:3376,75:2184,85:1369,94:1095,95:1081,112:743,114:732,115:732,119:700,123:668,128:612,129:608,130:605,132:571,138:521,178:383,179:382,189:336,201:311,225:250,226:248,245:227,258:212,259:212,269:200,272:194,288:168,289:167,296:158,312:146,340:131,349:129,381:102	5	-0.1935346793074418	7.90564862564831	0.850480282734744	GP_unb_47	286:170	4	0.0	0.49988530574486256	2.064465083039819	5	-0.263144428938032	8.77834230544999	0.8504802827355888	244:227,302:150,370:115,371:112	0	False	0
ecol-SAMN01112512	GP_1	64:3376,75:2184,85:1369,94:1095,95:1081,112:743,114:732,115:732,119:700,123:668,128:612,129:608,130:605,132:571,138:521,178:383,179:382,189:336,201:311,225:250,226:248,245:227,258:212,259:212,269:200,272:194,288:168,289:167,296:158,312:146,340:131,349:129,381:102	5	-0.1935346793074418	7.90564862564831	0.850480282734744	GP_unb_48	290:166	4	0.0	0.4756751119523188	1.0018106313788724	5	-2.670452343332223	21.219964825248596	0.07017622878265692	18:109063,28:47207,39:25407,46:15685,49:11306,53:6602,61:3997,66:2910,69:2663,80:1701,87:1296,92:1149,122:680,124:660,131:601,162:417,169:407,171:403,174:392,195:333,222:260,223:254,227:247,237:237,238:236,270:200,271:195,275:187,277:184,297:157,304:149,320:141,334:133,341:131,343:130,346:129,353:125,357:122,372:110,373:108,375:104	0	False	0
ecol-SAMN01112512	GP_1	64:3376,75:2184,85:1369,94:1095,95:1081,112:743,114:732,115:732,119:700,123:668,128:612,129:608,130:605,132:571,138:521,178:383,179:382,189:336,201:311,225:250,226:248,245:227,258:212,259:212,269:200,272:194,288:168,289:167,296:158,312:146,340:131,349:129,381:102	5	-0.1935346793074418	7.90564862564831	0.850480282734744	GP_unb_49	292:163	5	0.0	0.3991831381705384	1.0584806911026836	5	-1.9961922450827743	19.65507110846519	0.0701762287830582	18:109063,28:47207,39:25407,46:15685,49:11306,53:6602,61:3997,69:2663,87:1296,122:680,124:660,131:601,162:417,169:407,171:403,174:392,195:333,198:325,223:254,227:247,238:236,270:200,271:195,275:187,277:184,301:154,320:141,334:133,341:131,343:130,346:129,353:125,357:122,372:110,373:108,375:104	0	False	0
ecol-SAMN01112512	GP_1	64:3376,75:2184,85:1369,94:1095,95:1081,112:743,114:732,115:732,119:700,123:668,128:612,129:608,130:605,132:571,138:521,178:383,179:382,189:336,201:311,225:250,226:248,245:227,258:212,259:212,269:200,272:194,288:168,289:167,296:158,312:146,340:131,349:129,381:102	5	-0.1935346793074418	7.90564862564831	0.850480282734744	GP_unb_50	294:159	5	0.0	0.40659751383693765	1.0624772920401282	5	-0.1935346793074418	9.126959793745723	0.8504802827410458	302:150,370:115,371:112	0	False	0
ecol-SAMN01112512	GP_1	64:3376,75:2184,85:1369,94:1095,95:1081,112:743,114:732,115:732,119:700,123:668,128:612,129:608,130:605,132:571,138:521,178:383,179:382,189:336,201:311,225:250,226:248,245:227,258:212,259:212,269:200,272:194,288:168,289:167,296:158,312:146,340:131,349:129,381:102	5	-0.1935346793074418	7.90564862564831	0.850480282734744	GP_unb_51	295:158	5	0.0	0.4868353133390596	0.8009326403089183	5	-2.253694799508099	19.077159428454138	0.05473678124144499	18:109063,28:47207,39:25407,46:15685,49:11306,53:6602,58:4615,61:3997,69:2663,87:1296,110:773,122:680,124:660,131:601,162:417,169:407,171:403,174:392,191:335,195:333,198:325,221:261,223:254,227:247,228:247,238:236,270:200,271:195,275:187,277:184,320:141,324:137,334:133,341:131,343:130,346:129,353:125,357:122,372:110,373:108,375:104	0	False	0
ecol-SAMN01112512	GP_1	64:3376,75:2184,85:1369,94:1095,95:1081,112:743,114:732,115:732,119:700,123:668,128:612,129:608,130:605,132:571,138:521,178:383,179:382,189:336,201:311,225:250,226:248,245:227,258:212,259:212,269:200,272:194,288:168,289:167,296:158,312:146,340:131,349:129,381:102	5	-0.1935346793074418	7.90564862564831	0.850480282734744	GP_unb_52	306:149	4	0.0	0.12152955326403547	1.1240898049142276	5	-2.8112260169674226	19.793362437074006	0.07041317873755619	18:109063,21:93324,28:47207,39:25407,46:15685,49:11306,53:6602,61:3997,68:2802,69:2663,87:1296,92:1149,109:829,117:704,122:680,124:660,131:601,162:417,169:407,171:403,174:392,195:333,222:260,223:254,227:247,238:236,267:201,270:200,271:195,275:187,277:184,287:170,297:157,320:141,334:133,341:131,343:130,346:129,353:125,357:122,372:110,373:108,375:104	0	False	0
ecol-SAMN01112512	GP_1	64:3376,75:2184,85:1369,94:1095,95:1081,112:743,114:732,115:732,119:700,123:668,128:612,129:608,130:605,132:571,138:521,178:383,179:382,189:336,201:311,225:250,226:248,245:227,258:212,259:212,269:200,272:194,288:168,289:167,296:158,312:146,340:131,349:129,381:102	5	-0.1935346793074418	7.90564862564831	0.850480282734744	GP_unb_53	308:147	5	0.0	0.4999524396595292	2.194977674885071	5	-0.1935346793074418	8.40560106530784	0.8504802827355888		0	False	0
ecol-SAMN01112512	GP_1	64:3376,75:2184,85:1369,94:1095,95:1081,112:743,114:732,115:732,119:700,123:668,128:612,129:608,130:605,132:571,138:521,178:383,179:382,189:336,201:311,225:250,226:248,245:227,258:212,259:212,269:200,272:194,288:168,289:167,296:158,312:146,340:131,349:129,381:102	5	-0.1935346793074418	7.90564862564831	0.850480282734744	GP_unb_54	310:146	4	0.0	0.4856807593758524	2.075028600769293	0	0	0	0		1	False	0
ecol-SAMN01112512	GP_1	64:3376,75:2184,85:1369,94:1095,95:1081,112:743,114:732,115:732,119:700,123:668,128:612,129:608,130:605,132:571,138:521,178:383,179:382,189:336,201:311,225:250,226:248,245:227,258:212,259:212,269:200,272:194,288:168,289:167,296:158,312:146,340:131,349:129,381:102	5	-0.1935346793074418	7.90564862564831	0.850480282734744	GP_unb_55	311:146	5	0.0	0.46383632140430675	3.078507235018752	5	-0.1935346793074418	9.303591046693214	0.8504802827355888	370:115,371:112	0	False	0
ecol-SAMN01112512	GP_1	64:3376,75:2184,85:1369,94:1095,95:1081,112:743,114:732,115:732,119:700,123:668,128:612,129:608,130:605,132:571,138:521,178:383,179:382,189:336,201:311,225:250,226:248,245:227,258:212,259:212,269:200,272:194,288:168,289:167,296:158,312:146,340:131,349:129,381:102	5	-0.1935346793074418	7.90564862564831	0.850480282734744	GP_unb_56	314:145	4	0.0	0.4841734857396268	2.2882387030714675	5	-2.3042433167950245	20.692688096131782	0.07017622878265684	18:109063,28:47207,39:25407,46:15685,49:11306,53:6602,61:3997,69:2663,87:1296,92:1149,117:704,122:680,124:660,131:601,162:417,169:407,171:403,174:392,195:333,222:260,223:254,227:247,238:236,270:200,271:195,275:187,277:184,297:157,320:141,334:133,341:131,343:130,346:129,353:125,357:122,372:110,373:108,375:104	0	False	0
ecol-SAMN01112512	GP_1	64:3376,75:2184,85:1369,94:1095,95:1081,112:743,114:732,115:732,119:700,123:668,128:612,129:608,130:605,132:571,138:521,178:383,179:382,189:336,201:311,225:250,226:248,245:227,258:212,259:212,269:200,272:194,288:168,289:167,296:158,312:146,340:131,349:129,381:102	5	-0.1935346793074418	7.90564862564831	0.850480282734744	GP_unb_57	322:139	5	0.0	0.4867046665458492	1.7390679001780605	5	-1.9961922450827743	19.502268363001853	0.07017622878265684	18:109063,28:47207,39:25407,46:15685,49:11306,53:6602,61:3997,69:2663,87:1296,122:680,124:660,131:601,162:417,169:407,171:403,174:392,195:333,198:325,223:254,227:247,238:236,270:200,271:195,275:187,277:184,301:154,303:149,320:141,334:133,341:131,343:130,346:129,353:125,357:122,372:110,373:108,375:104	0	False	0
ecol-SAMN01112512	GP_1	64:3376,75:2184,85:1369,94:1095,95:1081,112:743,114:732,115:732,119:700,123:668,128:612,129:608,130:605,132:571,138:521,178:383,179:382,189:336,201:311,225:250,226:248,245:227,258:212,259:212,269:200,272:194,288:168,289:167,296:158,312:146,340:131,349:129,381:102	5	-0.1935346793074418	7.90564862564831	0.850480282734744	GP_unb_58	326:136	4	0.0	0.46092298778148244	0.8756940002942651	5	-2.6070249328563637	20.777809655360585	0.07017622878265684	18:109063,28:47207,39:25407,40:24871,46:15685,49:11306,53:6602,61:3997,69:2663,78:1732,87:1296,92:1149,117:704,122:680,124:660,131:601,135:562,162:417,169:407,171:403,174:392,195:333,222:260,223:254,227:247,238:236,270:200,271:195,275:187,277:184,287:170,297:157,320:141,328:136,334:133,341:131,343:130,346:129,353:125,357:122,372:110,373:108,375:104	0	False	0
ecol-SAMN01112512	GP_1	64:3376,75:2184,85:1369,94:1095,95:1081,112:743,114:732,115:732,119:700,123:668,128:612,129:608,130:605,132:571,138:521,178:383,179:382,189:336,201:311,225:250,226:248,245:227,258:212,259:212,269:200,272:194,288:168,289:167,296:158,312:146,340:131,349:129,381:102	5	-0.1935346793074418	7.90564862564831	0.850480282734744	GP_unb_59	332:134	4	0.0	0.19898619631969083	1.024255854524927	5	-2.5083647687935295	18.940564428679465	0.07017622878265684	11:156317,18:109063,28:47207,39:25407,46:15685,49:11306,53:6602,61:3997,69:2663,87:1296,92:1149,122:680,124:660,131:601,162:417,169:407,171:403,174:392,195:333,222:260,223:254,227:247,238:236,270:200,271:195,275:187,277:184,297:157,309:147,320:141,334:133,341:131,343:130,346:129,353:125,357:122,372:110,373:108,375:104	0	False	0
ecol-SAMN01112512	GP_1	64:3376,75:2184,85:1369,94:1095,95:1081,112:743,114:732,115:732,119:700,123:668,128:612,129:608,130:605,132:571,138:521,178:383,179:382,189:336,201:311,225:250,226:248,245:227,258:212,259:212,269:200,272:194,288:168,289:167,296:158,312:146,340:131,349:129,381:102	5	-0.1935346793074418	7.90564862564831	0.850480282734744	GP_unb_60	333:134	4	0.0	0.47074537300663244	1.0965039500590033	5	-2.502886930462058	19.212323605366407	0.07017622878265684	11:156317,18:109063,28:47207,39:25407,46:15685,49:11306,53:6602,61:3997,69:2663,87:1296,92:1149,122:680,124:660,131:601,162:417,169:407,171:403,174:392,195:333,222:260,223:254,227:247,238:236,270:200,271:195,275:187,277:184,297:157,309:147,320:141,334:133,341:131,343:130,346:129,353:125,357:122,372:110,373:108,375:104	0	False	0
ecol-SAMN01112512	GP_1	64:3376,75:2184,85:1369,94:1095,95:1081,112:743,114:732,115:732,119:700,123:668,128:612,129:608,130:605,132:571,138:521,178:383,179:382,189:336,201:311,225:250,226:248,245:227,258:212,259:212,269:200,272:194,288:168,289:167,296:158,312:146,340:131,349:129,381:102	5	-0.1935346793074418	7.90564862564831	0.850480282734744	GP_unb_61	337:131	5	0.0	0.31824610481183213	2.1374938819876705	5	-0.1935346793074418	8.223894730460142	0.8504802827355888		0	False	0
ecol-SAMN01112512	GP_1	64:3376,75:2184,85:1369,94:1095,95:1081,112:743,114:732,115:732,119:700,123:668,128:612,129:608,130:605,132:571,138:521,178:383,179:382,189:336,201:311,225:250,226:248,245:227,258:212,259:212,269:200,272:194,288:168,289:167,296:158,312:146,340:131,349:129,381:102	5	-0.1935346793074418	7.90564862564831	0.850480282734744	GP_unb_62	339:131	4	0.0	0.33822618651826997	1.906717952875541	5	-0.25161587834971266	8.243874812166581	0.8504802827355888		0	False	0
ecol-SAMN01112512	GP_1	64:3376,75:2184,85:1369,94:1095,95:1081,112:743,114:732,115:732,119:700,123:668,128:612,129:608,130:605,132:571,138:521,178:383,179:382,189:336,201:311,225:250,226:248,245:227,258:212,259:212,269:200,272:194,288:168,289:167,296:158,312:146,340:131,349:129,381:102	5	-0.1935346793074418	7.90564862564831	0.850480282734744	GP_unb_63	348:129	4	0.0	0.40496560246745616	1.1240898049142276	5	-2.2960359071696677	20.430224285171896	0.07017622878345976	17:112208,25:65417,29:44548,39:25407,46:15685,47:14926,49:11306,61:3997,69:2663,87:1296,92:1149,99:942,117:704,122:680,124:660,131:601,162:417,169:407,171:403,174:392,186:353,195:333,202:310,222:260,260:211,271:195,275:187,277:184,287:170,297:157,320:141,334:133,338:131,341:131,343:130,346:129,353:125,357:122,372:110,373:108,380:102	0	False	0
ecol-SAMN01112512	GP_1	64:3376,75:2184,85:1369,94:1095,95:1081,112:743,114:732,115:732,119:700,123:668,128:612,129:608,130:605,132:571,138:521,178:383,179:382,189:336,201:311,225:250,226:248,245:227,258:212,259:212,269:200,272:194,288:168,289:167,296:158,312:146,340:131,349:129,381:102	5	-0.1935346793074418	7.90564862564831	0.850480282734744	GP_unb_64	360:121	4	0.0	0.015340682866147981	7.541808169160413	5	-2.2181870118651283	19.56663855939744	0.07017622878265684	25:65417,36:28745,39:25407,46:15685,47:14926,49:11306,61:3997,69:2663,81:1698,87:1296,92:1149,99:942,117:704,122:680,124:660,131:601,162:417,169:407,171:403,174:392,194:333,195:333,222:260,260:211,265:205,270:200,271:195,275:187,277:184,287:170,297:157,320:141,334:133,338:131,341:131,343:130,346:129,353:125,357:122,372:110,373:108,380:102	0	False	0
ecol-SAMN01112512	GP_1	64:3376,75:2184,85:1369,94:1095,95:1081,112:743,114:732,115:732,119:700,123:668,128:612,129:608,130:605,132:571,138:521,178:383,179:382,189:336,201:311,225:250,226:248,245:227,258:212,259:212,269:200,272:194,288:168,289:167,296:158,312:146,340:131,349:129,381:102	5	-0.1935346793074418	7.90564862564831	0.850480282734744	GP_unb_65	362:120	4	0.0	0.49507029606137076	0.9845720994616148	5	-2.099174419300129	19.186496828419376	0.05473678124144499	18:109063,28:47207,39:25407,46:15685,49:11306,53:6602,58:4615,61:3997,69:2663,87:1296,122:680,124:660,131:601,162:417,169:407,171:403,174:392,181:374,191:335,195:333,198:325,214:287,223:254,227:247,238:236,270:200,271:195,275:187,277:184,320:141,324:137,334:133,341:131,343:130,346:129,353:125,356:123,357:122,372:110,373:108,375:104	0	False	0
ecol-SAMN01112512	GP_1	64:3376,75:2184,85:1369,94:1095,95:1081,112:743,114:732,115:732,119:700,123:668,128:612,129:608,130:605,132:571,138:521,178:383,179:382,189:336,201:311,225:250,226:248,245:227,258:212,259:212,269:200,272:194,288:168,289:167,296:158,312:146,340:131,349:129,381:102	5	-0.1935346793074418	7.90564862564831	0.850480282734744	GP_unb_66	363:120	5	0.0	0.4944025655749814	1.859854729110929	5	-2.060413509014256	19.185829097932984	0.054736781241444876	18:109063,28:47207,39:25407,46:15685,49:11306,53:6602,58:4615,61:3997,69:2663,87:1296,122:680,124:660,131:601,162:417,169:407,171:403,174:392,181:374,191:335,195:333,198:325,214:287,223:254,227:247,238:236,270:200,271:195,275:187,277:184,320:141,324:137,334:133,341:131,343:130,346:129,353:125,356:123,357:122,372:110,373:108,375:104	0	False	0
ecol-SAMN01112512	GP_1	64:3376,75:2184,85:1369,94:1095,95:1081,112:743,114:732,115:732,119:700,123:668,128:612,129:608,130:605,132:571,138:521,178:383,179:382,189:336,201:311,225:250,226:248,245:227,258:212,259:212,269:200,272:194,288:168,289:167,296:158,312:146,340:131,349:129,381:102	5	-0.1935346793074418	7.90564862564831	0.850480282734744	GP_unb_67	364:120	5	0.0	0.492363952444446	1.9500079571694096	5	-2.3418030816764346	20.985371456562735	0.070176228782657	9:208141,18:109063,39:25407,46:15685,49:11306,53:6602,61:3997,69:2663,87:1296,92:1149,117:704,122:680,124:660,131:601,137:542,162:417,169:407,171:403,174:392,195:333,222:260,223:254,238:236,260:211,270:200,271:195,275:187,277:184,281:174,287:170,297:157,320:141,334:133,338:131,341:131,343:130,346:129,353:125,357:122,372:110,373:108,380:102	0	False	0
ecol-SAMN01112512	GP_1	64:3376,75:2184,85:1369,94:1095,95:1081,112:743,114:732,115:732,119:700,123:668,128:612,129:608,130:605,132:571,138:521,178:383,179:382,189:336,201:311,225:250,226:248,245:227,258:212,259:212,269:200,272:194,288:168,289:167,296:158,312:146,340:131,349:129,381:102	5	-0.1935346793074418	7.90564862564831	0.850480282734744	GP_unb_68	367:118	5	0.0	0.16404894896900601	0.9318896325589356	5	-1.9154586701056713	20.433972700590527	0.07017622878265684	25:65417,39:25407,46:15685,47:14926,49:11306,61:3997,69:2663,87:1296,92:1149,99:942,117:704,122:680,124:660,131:601,162:417,169:407,171:403,174:392,195:333,222:260,260:211,271:195,275:187,277:184,287:170,297:157,320:141,334:133,338:131,341:131,343:130,346:129,353:125,357:122,372:110,373:108,380:102	0	False	0
ecol-SAMN01112512	GP_1	64:3376,75:2184,85:1369,94:1095,95:1081,112:743,114:732,115:732,119:700,123:668,128:612,129:608,130:605,132:571,138:521,178:383,179:382,189:336,201:311,225:250,226:248,245:227,258:212,259:212,269:200,272:194,288:168,289:167,296:158,312:146,340:131,349:129,381:102	5	-0.1935346793074418	7.90564862564831	0.850480282734744	GP_unb_69	377:103	5	0.0	0.49966419986763255	1.1397218894223695	5	-2.2946836866888844	20.97048423888444	0.07017622878265672	18:109063,28:47207,39:25407,46:15685,49:11306,53:6602,61:3997,66:2910,69:2663,87:1296,92:1149,122:680,124:660,131:601,162:417,169:407,171:403,174:392,195:333,222:260,223:254,227:247,238:236,270:200,271:195,275:187,277:184,297:157,304:149,320:141,334:133,341:131,343:130,346:129,353:125,357:122,372:110,373:108,375:104	0	False	0
ecol-SAMN01112512	GP_1	64:3376,75:2184,85:1369,94:1095,95:1081,112:743,114:732,115:732,119:700,123:668,128:612,129:608,130:605,132:571,138:521,178:383,179:382,189:336,201:311,225:250,226:248,245:227,258:212,259:212,269:200,272:194,288:168,289:167,296:158,312:146,340:131,349:129,381:102	5	-0.1935346793074418	7.90564862564831	0.850480282734744	GP_unb_70	378:103	4	0.0	0.49998835869741776	0.9566889767680681	5	-2.3232255883698376	20.970808397714226	0.07017622878265684	18:109063,28:47207,39:25407,46:15685,49:11306,53:6602,61:3997,66:2910,69:2663,87:1296,92:1149,122:680,124:660,131:601,162:417,169:407,171:403,174:392,195:333,222:260,223:254,227:247,238:236,270:200,271:195,275:187,277:184,297:157,304:149,320:141,334:133,341:131,343:130,346:129,353:125,357:122,372:110,373:108,375:104	0	False	0
ecol-SAMN01112512	GP_1	64:3376,75:2184,85:1369,94:1095,95:1081,112:743,114:732,115:732,119:700,123:668,128:612,129:608,130:605,132:571,138:521,178:383,179:382,189:336,201:311,225:250,226:248,245:227,258:212,259:212,269:200,272:194,288:168,289:167,296:158,312:146,340:131,349:129,381:102	5	-0.1935346793074418	7.90564862564831	0.850480282734744	GP_unb_71	379:103	5	0.0	0.2259983118032789	1.9261694787003092	5	-1.9154586701056713	20.495922063424796	0.07017622878265684	25:65417,39:25407,46:15685,47:14926,49:11306,61:3997,69:2663,87:1296,92:1149,99:942,117:704,122:680,124:660,131:601,162:417,169:407,171:403,174:392,195:333,222:260,260:211,271:195,275:187,277:184,287:170,297:157,320:141,334:133,338:131,341:131,343:130,346:129,353:125,357:122,372:110,373:108,380:102	0	False	0
ecol-SAMN01112512	GP_unb_1	73:2386	5	0.0	0.2760778200571202	1.9493593727948884	GP_unb_2	105:867	5	0.0	0.4830018916810376	2.06306281960046	5	-2.3672387156926704	15.196565852014535	0.08672613507405914	5:278359,25:65417,26:58284,28:47207,39:25407,46:15685,47:14926,52:6680,69:2663,77:1892,87:1296,92:1149,95:1081,99:942,117:704,121:691,122:680,124:660,125:646,129:608,139:517,167:413,169:407,171:403,174:392,175:391,195:333,198:325,201:311,209:296,217:274,222:260,223:254,225:250,238:236,240:230,244:227,245:227,258:212,260:211,262:210,263:210,271:195,274:188,275:187,277:184,287:170,288:168,296:158,297:157,302:150,320:141,329:136,334:133,338:131,341:131,343:130,346:129,347:129,350:128,352:127,353:125,357:122,369:117,370:115,371:112,372:110,373:108,375:104,380:102,383:102	0	False	0
ecol-SAMN01112512	GP_unb_1	73:2386	5	0.0	0.2760778200571202	1.9493593727948884	GP_unb_3	142:507	5	0.0	0.3245251361530843	9.544519612170564	5	-2.2015424911110695	14.82084868572733	0.07017622878265684	5:278359,25:65417,26:58284,39:25407,46:15685,47:14926,49:11306,52:6680,61:3997,69:2663,77:1892,87:1296,92:1149,95:1081,99:942,117:704,121:691,122:680,124:660,125:646,129:608,139:517,167:413,169:407,171:403,174:392,175:391,195:333,198:325,201:311,209:296,217:274,222:260,225:250,240:230,244:227,245:227,258:212,260:211,262:210,263:210,271:195,274:188,275:187,277:184,287:170,288:168,296:158,297:157,302:150,320:141,329:136,334:133,338:131,341:131,343:130,346:129,347:129,350:128,352:127,353:125,357:122,369:117,370:115,371:112,372:110,373:108,380:102,383:102	0	False	0
ecol-SAMN01112512	GP_unb_1	73:2386	5	0.0	0.2760778200571202	1.9493593727948884	GP_unb_4	146:468	5	0.0	0.06046954653248682	0.8870352187320776	0	0	0	0		1	False	0
ecol-SAMN01112512	GP_unb_1	73:2386	5	0.0	0.2760778200571202	1.9493593727948884	GP_unb_5	149:454	5	0.0	0.43020733534872635	0.9983334984821324	5	-2.658855815690531	15.102804583919061	0.08754387703266225	5:278359,11:156317,18:109063,26:58284,28:47207,31:39302,46:15685,47:14926,52:6680,61:3997,69:2663,77:1892,87:1296,92:1149,95:1081,99:942,112:743,115:732,117:704,121:691,122:680,124:660,125:646,128:612,129:608,139:517,167:413,169:407,171:403,174:392,175:391,178:383,183:369,195:333,198:325,201:311,209:296,217:274,222:260,223:254,225:250,226:248,227:247,238:236,240:230,244:227,245:227,258:212,260:211,262:210,263:210,269:200,271:195,274:188,275:187,277:184,287:170,288:168,296:158,297:157,302:150,309:147,320:141,329:136,334:133,338:131,341:131,343:130,346:129,347:129,349:129,350:128,352:127,353:125,357:122,369:117,370:115,371:112,372:110,373:108,375:104,383:102	0	False	0
ecol-SAMN01112512	GP_unb_1	73:2386	5	0.0	0.2760778200571202	1.9493593727948884	GP_unb_6	150:454	5	0.0	0.3082487470736095	2.2394177153615407	5	-2.658855815690531	14.980845995643945	0.0875438770326582	5:278359,11:156317,18:109063,26:58284,28:47207,31:39302,46:15685,47:14926,52:6680,61:3997,69:2663,77:1892,87:1296,92:1149,95:1081,99:942,112:743,115:732,117:704,121:691,122:680,124:660,125:646,128:612,129:608,139:517,167:413,169:407,171:403,174:392,175:391,178:383,183:369,195:333,198:325,201:311,209:296,217:274,222:260,223:254,225:250,226:248,227:247,238:236,240:230,244:227,245:227,258:212,260:211,262:210,263:210,269:200,271:195,274:188,275:187,277:184,287:170,288:168,296:158,297:157,302:150,309:147,320:141,329:136,334:133,338:131,341:131,343:130,346:129,347:129,349:129,350:128,352:127,353:125,357:122,369:117,370:115,371:112,372:110,373:108,375:104,383:102	0	False	0
ecol-SAMN01112512	GP_unb_1	73:2386	5	0.0	0.2760778200571202	1.9493593727948884	GP_unb_7	152:450	5	0.0	0.4897447344363828	1.705089285446187	0	0	0	0		1	False	0
ecol-SAMN01112512	GP_unb_1	73:2386	5	0.0	0.2760778200571202	1.9493593727948884	GP_unb_8	153:450	5	0.0	0.478133321407228	0.9926613879105074	0	0	0	0		1	False	0
ecol-SAMN01112512	GP_unb_1	73:2386	5	0.0	0.2760778200571202	1.9493593727948884	GP_unb_9	154:450	4	0.0	0.46156657280855484	1.1445142073007781	5	-2.875569380107712	15.851695486375407	0.07822483083913682	5:278359,18:109063,26:58284,28:47207,46:15685,47:14926,52:6680,61:3997,66:2910,69:2663,77:1892,80:1701,87:1296,92:1149,95:1081,99:942,117:704,121:691,122:680,124:660,125:646,129:608,139:517,167:413,169:407,171:403,174:392,175:391,195:333,198:325,201:311,209:296,217:274,222:260,223:254,225:250,227:247,237:237,238:236,240:230,244:227,245:227,258:212,260:211,262:210,263:210,271:195,274:188,275:187,277:184,287:170,288:168,296:158,297:157,300:155,302:150,304:149,320:141,329:136,334:133,338:131,341:131,343:130,346:129,347:129,350:128,352:127,353:125,357:122,369:117,370:115,371:112,372:110,373:108,375:104,383:102	0	False	0
ecol-SAMN01112512	GP_unb_1	73:2386	5	0.0	0.2760778200571202	1.9493593727948884	GP_unb_10	156:442	4	0.0	0.46965951554863716	1.073217969390421	5	-2.652080232885369	15.266859950907923	0.08672613507405913	5:278359,25:65417,26:58284,28:47207,39:25407,46:15685,47:14926,52:6680,61:3997,69:2663,77:1892,87:1296,92:1149,95:1081,99:942,117:704,121:691,122:680,124:660,125:646,129:608,139:517,167:413,169:407,171:403,174:392,175:391,195:333,201:311,209:296,217:274,222:260,223:254,225:250,238:236,240:230,244:227,245:227,258:212,260:211,262:210,263:210,271:195,274:188,275:187,277:184,280:176,287:170,288:168,296:158,297:157,302:150,320:141,329:136,334:133,338:131,341:131,342:130,343:130,346:129,347:129,350:128,352:127,353:125,357:122,369:117,370:115,371:112,372:110,373:108,375:104,380:102,383:102	0	False	0
ecol-SAMN01112512	GP_unb_1	73:2386	5	0.0	0.2760778200571202	1.9493593727948884	GP_unb_11	157:439	5	0.0	0.49792362478415275	2.0017085393939937	5	-2.885273374724464	15.278663713760201	0.050079121288945316	5:278359,19:99628,25:65417,26:58284,28:47207,32:38595,39:25407,46:15685,52:6680,61:3997,63:3508,69:2663,76:2044,77:1892,87:1296,90:1233,92:1149,93:1113,95:1081,98:945,103:914,117:704,121:691,122:680,124:660,125:646,129:608,139:517,167:413,169:407,171:403,174:392,175:391,195:333,198:325,201:311,209:296,217:274,218:274,222:260,223:254,225:250,238:236,240:230,244:227,245:227,254:216,258:212,260:211,262:210,263:210,271:195,274:188,275:187,277:184,287:170,288:168,296:158,297:157,302:150,319:141,320:141,329:136,334:133,338:131,341:131,343:130,346:129,347:129,350:128,352:127,353:125,357:122,369:117,370:115,371:112,372:110,373:108,375:104,380:102,383:102	0	False	0
ecol-SAMN01112512	GP_unb_1	73:2386	5	0.0	0.2760778200571202	1.9493593727948884	GP_unb_12	158:439	4	0.0	0.34662022859837394	4.421033351049296	5	-2.6535616672285536	15.14382066395766	0.08672613507405903	5:278359,25:65417,26:58284,28:47207,39:25407,46:15685,47:14926,52:6680,61:3997,69:2663,77:1892,87:1296,92:1149,95:1081,99:942,117:704,121:691,122:680,124:660,125:646,129:608,139:517,167:413,169:407,171:403,174:392,175:391,195:333,201:311,209:296,217:274,222:260,223:254,225:250,238:236,240:230,244:227,245:227,258:212,260:211,262:210,263:210,271:195,274:188,275:187,277:184,280:176,287:170,288:168,296:158,297:157,302:150,320:141,329:136,334:133,338:131,341:131,342:130,343:130,346:129,347:129,350:128,352:127,353:125,357:122,369:117,370:115,371:112,372:110,373:108,375:104,380:102,383:102	0	False	0
ecol-SAMN01112512	GP_unb_1	73:2386	5	0.0	0.2760778200571202	1.9493593727948884	GP_unb_13	160:420	5	0.0	0.17657091414047899	1.150141277290839	5	-2.652853086424007	12.674178434433463	0.08754387703320188	5:278359,11:156317,18:109063,26:58284,28:47207,31:39302,46:15685,47:14926,52:6680,61:3997,69:2663,77:1892,87:1296,92:1149,95:1081,99:942,117:704,121:691,122:680,124:660,125:646,129:608,139:517,167:413,169:407,171:403,174:392,175:391,189:336,195:333,198:325,201:311,209:296,217:274,222:260,223:254,225:250,227:247,238:236,240:230,244:227,245:227,258:212,260:211,262:210,263:210,271:195,274:188,275:187,277:184,279:179,287:170,288:168,296:158,297:157,302:150,309:147,320:141,325:136,329:136,334:133,338:131,341:131,343:130,346:129,347:129,349:129,350:128,352:127,353:125,357:122,369:117,370:115,371:112,372:110,373:108,375:104,383:102	0	False	0
ecol-SAMN01112512	GP_unb_1	73:2386	5	0.0	0.2760778200571202	1.9493593727948884	GP_unb_14	161:420	5	0.0	0.18973607844175633	2.8294042932682344	5	-2.652853086424007	12.68734359873474	0.08754387703265816	5:278359,11:156317,18:109063,26:58284,28:47207,31:39302,46:15685,47:14926,52:6680,61:3997,69:2663,77:1892,87:1296,92:1149,95:1081,99:942,117:704,121:691,122:680,124:660,125:646,129:608,139:517,167:413,169:407,171:403,174:392,175:391,189:336,195:333,198:325,201:311,209:296,217:274,222:260,223:254,225:250,227:247,238:236,240:230,244:227,245:227,258:212,260:211,262:210,263:210,271:195,274:188,275:187,277:184,279:179,287:170,288:168,296:158,297:157,302:150,309:147,320:141,325:136,329:136,334:133,338:131,341:131,343:130,346:129,347:129,349:129,350:128,352:127,353:125,357:122,369:117,370:115,371:112,372:110,373:108,375:104,383:102	0	False	0
ecol-SAMN01112512	GP_unb_1	73:2386	5	0.0	0.2760778200571202	1.9493593727948884	GP_unb_15	163:416	5	0.0	0.46224048193324485	3.22298390850156	0	0	0	0		1	False	0
ecol-SAMN01112512	GP_unb_1	73:2386	5	0.0	0.2760778200571202	1.9493593727948884	GP_unb_16	164:416	5	0.0	0.4329869782589292	1.0446682460897267	5	-2.604543223896536	16.435514255344682	0.08672613507446009	5:278359,25:65417,26:58284,28:47207,39:25407,46:15685,47:14926,52:6680,61:3997,69:2663,75:2184,77:1892,87:1296,92:1149,95:1081,99:942,117:704,121:691,122:680,124:660,125:646,129:608,131:601,139:517,162:417,167:413,169:407,171:403,174:392,175:391,195:333,201:311,209:296,217:274,222:260,223:254,225:250,238:236,240:230,244:227,245:227,258:212,260:211,262:210,263:210,271:195,274:188,275:187,277:184,287:170,288:168,296:158,297:157,302:150,320:141,329:136,334:133,338:131,341:131,343:130,346:129,347:129,350:128,352:127,353:125,357:122,369:117,370:115,371:112,372:110,373:108,375:104,380:102,383:102	0	False	0
ecol-SAMN01112512	GP_unb_1	73:2386	5	0.0	0.2760778200571202	1.9493593727948884	GP_unb_17	165:414	5	0.0	0.1364548168339883	1.1496308173664471	5	-2.418733388186323	13.985554610467192	0.08672613507405913	5:278359,10:183739,25:65417,26:58284,28:47207,39:25407,46:15685,52:6680,61:3997,69:2663,77:1892,83:1524,87:1296,92:1149,95:1081,117:704,121:691,122:680,124:660,125:646,129:608,139:517,167:413,169:407,171:403,174:392,175:391,195:333,198:325,201:311,209:296,217:274,222:260,223:254,225:250,238:236,240:230,244:227,245:227,258:212,260:211,262:210,263:210,271:195,274:188,275:187,277:184,287:170,288:168,296:158,297:157,302:150,320:141,329:136,334:133,338:131,341:131,343:130,346:129,347:129,350:128,352:127,353:125,357:122,369:117,370:115,371:112,372:110,373:108,375:104,380:102,383:102	0	False	0
ecol-SAMN01112512	GP_unb_1	73:2386	5	0.0	0.2760778200571202	1.9493593727948884	GP_unb_18	172:402	5	0.0	0.2119799037016563	0.7225800446202028	5	-1.8232974400581192	15.115812064355094	0.07017622878265671	25:65417,39:25407,46:15685,47:14926,49:11306,52:6680,61:3997,69:2663,87:1296,92:1149,95:1081,99:942,121:691,122:680,124:660,125:646,169:407,171:403,174:392,195:333,198:325,201:311,209:296,222:260,225:250,240:230,244:227,245:227,258:212,260:211,262:210,271:195,274:188,275:187,277:184,287:170,288:168,296:158,297:157,302:150,320:141,334:133,338:131,341:131,343:130,346:129,352:127,353:125,357:122,370:115,371:112,372:110,373:108,380:102,383:102	0	False	0
ecol-SAMN01112512	GP_unb_1	73:2386	5	0.0	0.2760778200571202	1.9493593727948884	GP_unb_19	177:383	5	0.0	0.05509597189143711	1.0647833698162044	0	0	0	0		1	False	0
ecol-SAMN01112512	GP_unb_1	73:2386	5	0.0	0.2760778200571202	1.9493593727948884	GP_unb_20	182:371	4	0.0	0.3211643251171751	1.0163377202859776	5	-1.897128688495081	15.581164167961974	0.07017622878265678	25:65417,39:25407,46:15685,47:14926,49:11306,52:6680,61:3997,69:2663,87:1296,92:1149,95:1081,99:942,121:691,122:680,124:660,125:646,169:407,171:403,174:392,195:333,198:325,209:296,222:260,225:250,240:230,244:227,245:227,247:224,258:212,259:212,260:211,262:210,271:195,274:188,275:187,277:184,287:170,288:168,289:167,296:158,297:157,302:150,320:141,334:133,338:131,341:131,343:130,346:129,352:127,353:125,357:122,370:115,371:112,372:110,373:108,380:102,381:102,383:102	0	False	0
ecol-SAMN01112512	GP_unb_1	73:2386	5	0.0	0.2760778200571202	1.9493593727948884	GP_unb_21	185:354	5	0.0	0.4913840660203582	0.7431065389916315	5	-2.656030739476516	16.049119066892093	0.07017622878265681	5:278359,18:109063,26:58284,28:47207,39:25407,46:15685,49:11306,52:6680,53:6602,61:3997,69:2663,77:1892,79:1726,87:1296,92:1149,95:1081,117:704,121:691,122:680,124:660,125:646,129:608,138:521,139:517,167:413,169:407,171:403,174:392,175:391,179:382,195:333,198:325,201:311,209:296,217:274,222:260,223:254,225:250,227:247,238:236,240:230,244:227,245:227,258:212,262:210,263:210,270:200,271:195,274:188,275:187,277:184,287:170,288:168,296:158,297:157,302:150,320:141,329:136,334:133,341:131,343:130,346:129,347:129,350:128,352:127,353:125,357:122,369:117,370:115,371:112,372:110,373:108,375:104	0	False	0
ecol-SAMN01112512	GP_unb_1	73:2386	5	0.0	0.2760778200571202	1.9493593727948884	GP_unb_22	187:352	4	0.0	0.15791602210087818	1.040290301561707	5	-2.7859018084228038	14.757914347163624	0.07017622878265684	5:278359,25:65417,26:58284,39:25407,46:15685,47:14926,49:11306,52:6680,61:3997,62:3894,69:2663,77:1892,87:1296,92:1149,95:1081,99:942,118:700,121:691,122:680,124:660,125:646,129:608,169:407,171:403,174:392,175:391,190:335,195:333,198:325,201:311,209:296,222:260,225:250,240:230,244:227,245:227,255:215,258:212,260:211,262:210,271:195,274:188,275:187,277:184,287:170,288:168,296:158,297:157,302:150,320:141,334:133,338:131,341:131,343:130,346:129,352:127,353:125,357:122,370:115,371:112,372:110,373:108,380:102,383:102	0	False	0
ecol-SAMN01112512	GP_unb_1	73:2386	5	0.0	0.2760778200571202	1.9493593727948884	GP_unb_23	193:334	5	0.0	0.17300503337316187	1.2369074536157079	5	-2.1932987189063176	14.683525578180618	0.07017622878265684	5:278359,25:65417,26:58284,39:25407,46:15685,47:14926,49:11306,52:6680,61:3997,69:2663,77:1892,87:1296,92:1149,95:1081,99:942,121:691,122:680,124:660,125:646,129:608,139:517,167:413,169:407,171:403,174:392,175:391,195:333,198:325,201:311,209:296,217:274,222:260,225:250,240:230,244:227,245:227,258:212,260:211,262:210,271:195,274:188,275:187,277:184,287:170,288:168,296:158,297:157,302:150,320:141,334:133,338:131,341:131,343:130,346:129,352:127,353:125,357:122,370:115,371:112,372:110,373:108,380:102,383:102	0	False	0
ecol-SAMN01112512	GP_unb_1	73:2386	5	0.0	0.2760778200571202	1.9493593727948884	GP_unb_24	196:325	5	0.0	0.3159559188188914	1.5547348160692784	5	-0.05979115200693372	0.842164843510856	0.9315443214327388	126:644,170:403,184:366,274:188	0	False	0
ecol-SAMN01112512	GP_unb_1	73:2386	5	0.0	0.2760778200571202	1.9493593727948884	GP_unb_25	199:323	5	0.0	0.4678830282264288	1.0223731582155522	5	-2.600316837801196	15.437347660726598	0.07017622878265684	5:278359,18:109063,26:58284,28:47207,39:25407,46:15685,49:11306,52:6680,53:6602,61:3997,69:2663,77:1892,87:1296,92:1149,95:1081,117:704,121:691,122:680,124:660,125:646,129:608,139:517,167:413,169:407,171:403,174:392,175:391,195:333,198:325,201:311,209:296,217:274,222:260,223:254,225:250,227:247,238:236,240:230,244:227,245:227,258:212,262:210,263:210,270:200,271:195,274:188,275:187,277:184,287:170,288:168,296:158,297:157,302:150,320:141,329:136,334:133,341:131,343:130,346:129,347:129,350:128,352:127,353:125,357:122,369:117,370:115,371:112,372:110,373:108,375:104	0	False	0
ecol-SAMN01112512	GP_unb_1	73:2386	5	0.0	0.2760778200571202	1.9493593727948884	GP_unb_26	200:313	4	0.0	0.36762863761215747	0.9918476547369178	5	-2.310260225485117	14.863952187186403	0.07017622878265628	5:278359,25:65417,26:58284,39:25407,46:15685,47:14926,49:11306,52:6680,61:3997,69:2663,77:1892,87:1296,92:1149,95:1081,99:942,117:704,121:691,122:680,124:660,125:646,129:608,139:517,167:413,169:407,171:403,174:392,175:391,195:333,198:325,201:311,209:296,217:274,222:260,225:250,240:230,244:227,245:227,258:212,260:211,262:210,263:210,271:195,274:188,275:187,277:184,287:170,288:168,296:158,297:157,302:150,320:141,329:136,334:133,338:131,341:131,343:130,346:129,347:129,350:128,352:127,353:125,357:122,369:117,370:115,371:112,372:110,373:108,380:102,383:102	0	False	0
ecol-SAMN01112512	GP_unb_1	73:2386	5	0.0	0.2760778200571202	1.9493593727948884	GP_unb_27	203:309	4	0.0	0.23686272894935378	1.1601042539327935	5	-2.87407583584375	15.626991642516208	0.07822483083873505	5:278359,18:109063,26:58284,28:47207,46:15685,47:14926,52:6680,61:3997,66:2910,69:2663,77:1892,80:1701,87:1296,92:1149,95:1081,99:942,117:704,121:691,122:680,124:660,125:646,129:608,139:517,167:413,169:407,171:403,174:392,175:391,195:333,198:325,201:311,209:296,217:274,222:260,223:254,225:250,227:247,237:237,238:236,240:230,244:227,245:227,258:212,260:211,262:210,263:210,271:195,274:188,275:187,277:184,287:170,288:168,296:158,297:157,300:155,302:150,304:149,320:141,329:136,334:133,338:131,341:131,343:130,346:129,347:129,350:128,352:127,353:125,357:122,369:117,370:115,371:112,372:110,373:108,375:104,383:102	0	False	0
ecol-SAMN01112512	GP_unb_1	73:2386	5	0.0	0.2760778200571202	1.9493593727948884	GP_unb_28	205:307	4	0.0	0.11910076686278126	1.1863448967519734	0	0	0	0		1	False	0
ecol-SAMN01112512	GP_unb_1	73:2386	5	0.0	0.2760778200571202	1.9493593727948884	GP_unb_29	206:305	5	0.0	0.48346626369272283	0.8287617143045884	5	-2.656030739476516	16.041201264564457	0.07017622878265675	5:278359,18:109063,26:58284,28:47207,39:25407,46:15685,49:11306,52:6680,53:6602,61:3997,69:2663,77:1892,79:1726,87:1296,92:1149,95:1081,117:704,121:691,122:680,124:660,125:646,129:608,138:521,139:517,167:413,169:407,171:403,174:392,175:391,179:382,195:333,198:325,201:311,209:296,217:274,222:260,223:254,225:250,227:247,238:236,240:230,244:227,245:227,258:212,262:210,263:210,270:200,271:195,274:188,275:187,277:184,287:170,288:168,296:158,297:157,302:150,320:141,329:136,334:133,341:131,343:130,346:129,347:129,350:128,352:127,353:125,357:122,369:117,370:115,371:112,372:110,373:108,375:104	0	False	0
ecol-SAMN01112512	GP_unb_1	73:2386	5	0.0	0.2760778200571202	1.9493593727948884	GP_unb_30	207:305	4	0.0	0.06726916394455662	1.4923175781379023	0	0	0	0		1	False	0
ecol-SAMN01112512	GP_unb_1	73:2386	5	0.0	0.2760778200571202	1.9493593727948884	GP_unb_31	211:290	5	0.0	0.3053852483317213	2.5806691829338235	5	-1.937676187062807	15.886308012983898	0.07017622878265684	25:65417,39:25407,46:15685,47:14926,49:11306,52:6680,61:3997,69:2663,87:1296,92:1149,94:1095,95:1081,99:942,113:737,121:691,122:680,124:660,125:646,133:569,169:407,171:403,174:392,195:333,198:325,209:296,222:260,225:250,240:230,244:227,245:227,247:224,258:212,259:212,260:211,262:210,271:195,274:188,275:187,277:184,287:170,288:168,289:167,296:158,297:157,302:150,320:141,334:133,338:131,340:131,341:131,343:130,346:129,352:127,353:125,357:122,361:120,370:115,371:112,372:110,373:108,380:102,381:102,383:102	0	False	0
ecol-SAMN01112512	GP_unb_1	73:2386	5	0.0	0.2760778200571202	1.9493593727948884	GP_unb_32	212:288	4	0.0	0.1621704164157417	1.9053757435449339	5	-2.270712880282303	14.177150545989647	0.07017622878265684	5:278359,25:65417,26:58284,39:25407,46:15685,47:14926,49:11306,52:6680,61:3997,69:2663,77:1892,87:1296,92:1149,95:1081,99:942,121:691,122:680,124:660,125:646,129:608,139:517,167:413,169:407,171:403,174:392,175:391,195:333,198:325,201:311,209:296,217:274,222:260,225:250,240:230,244:227,245:227,258:212,260:211,262:210,271:195,274:188,275:187,277:184,287:170,288:168,296:158,297:157,302:150,320:141,329:136,334:133,338:131,341:131,343:130,346:129,352:127,353:125,357:122,370:115,371:112,372:110,373:108,380:102,383:102	0	False	0
ecol-SAMN01112512	GP_unb_1	73:2386	5	0.0	0.2760778200571202	1.9493593727948884	GP_unb_33	213:287	4	0.0	0.49850254240803005	1.03992397149832	5	-2.8748152615302764	15.888631455974883	0.07822483083873522	5:278359,18:109063,26:58284,28:47207,46:15685,47:14926,52:6680,61:3997,66:2910,69:2663,77:1892,80:1701,87:1296,92:1149,95:1081,99:942,117:704,121:691,122:680,124:660,125:646,129:608,139:517,167:413,169:407,171:403,174:392,175:391,195:333,198:325,201:311,209:296,217:274,222:260,223:254,225:250,227:247,237:237,238:236,240:230,244:227,245:227,258:212,260:211,262:210,263:210,271:195,274:188,275:187,277:184,287:170,288:168,296:158,297:157,300:155,302:150,304:149,320:141,329:136,334:133,338:131,341:131,343:130,346:129,347:129,350:128,352:127,353:125,357:122,369:117,370:115,371:112,372:110,373:108,375:104,383:102	0	False	0
ecol-SAMN01112512	GP_unb_1	73:2386	5	0.0	0.2760778200571202	1.9493593727948884	GP_unb_34	215:286	4	0.0	0.47086832844672477	2.1005726159269504	5	-3.03944010037548	14.442213017161283	0.07017622878265684	5:278359,25:65417,26:58284,39:25407,46:15685,47:14926,49:11306,52:6680,61:3997,62:3894,69:2663,77:1892,87:1296,92:1149,95:1081,99:942,118:700,121:691,122:680,124:660,125:646,129:608,169:407,171:403,174:392,175:391,188:340,190:335,195:333,198:325,201:311,209:296,222:260,225:250,240:230,244:227,245:227,248:222,255:215,258:212,260:211,262:210,271:195,274:188,275:187,277:184,287:170,288:168,296:158,297:157,302:150,320:141,334:133,338:131,341:131,343:130,346:129,352:127,353:125,357:122,370:115,371:112,372:110,373:108,380:102,383:102	0	False	0
ecol-SAMN01112512	GP_unb_1	73:2386	5	0.0	0.2760778200571202	1.9493593727948884	GP_unb_35	219:274	5	0.0	0.4991032585312828	0.7305342113244033	5	-2.652853086424007	13.993312096593963	0.08754387703265808	5:278359,11:156317,18:109063,26:58284,28:47207,31:39302,46:15685,47:14926,52:6680,61:3997,69:2663,77:1892,87:1296,92:1149,95:1081,99:942,112:743,117:704,121:691,122:680,124:660,125:646,129:608,139:517,167:413,169:407,171:403,174:392,175:391,183:369,195:333,198:325,201:311,209:296,217:274,222:260,223:254,225:250,227:247,238:236,240:230,244:227,245:227,258:212,260:211,262:210,263:210,271:195,274:188,275:187,277:184,287:170,288:168,296:158,297:157,302:150,309:147,320:141,329:136,334:133,338:131,341:131,343:130,346:129,347:129,349:129,350:128,352:127,353:125,357:122,369:117,370:115,371:112,372:110,373:108,375:104,383:102	0	False	0
ecol-SAMN01112512	GP_unb_1	73:2386	5	0.0	0.2760778200571202	1.9493593727948884	GP_unb_36	224:253	4	0.0	0.49754567536635763	1.0863397921527296	5	-2.2948429606424168	14.993869224940603	0.07017622878265672	5:278359,25:65417,26:58284,39:25407,46:15685,47:14926,49:11306,52:6680,61:3997,69:2663,77:1892,87:1296,92:1149,95:1081,99:942,117:704,121:691,122:680,124:660,125:646,129:608,139:517,167:413,169:407,171:403,174:392,175:391,195:333,198:325,201:311,209:296,217:274,222:260,225:250,240:230,244:227,245:227,258:212,260:211,262:210,263:210,271:195,274:188,275:187,277:184,287:170,288:168,296:158,297:157,302:150,320:141,329:136,334:133,338:131,341:131,343:130,346:129,347:129,350:128,352:127,353:125,357:122,369:117,370:115,371:112,372:110,373:108,380:102,383:102	0	False	0
ecol-SAMN01112512	GP_unb_1	73:2386	5	0.0	0.2760778200571202	1.9493593727948884	GP_unb_37	233:241	4	0.0	0.2307152384743133	5.300045340852107	5	-2.00464265161269	13.708119398590245	0.07017622878265684	23:92039,25:65417,26:58284,30:43162,39:25407,46:15685,47:14926,49:11306,52:6680,61:3997,67:2812,69:2663,77:1892,81:1698,87:1296,92:1149,95:1081,99:942,109:829,121:691,122:680,124:660,125:646,129:608,169:407,171:403,174:392,195:333,198:325,201:311,209:296,222:260,225:250,240:230,244:227,245:227,258:212,260:211,262:210,271:195,274:188,275:187,277:184,287:170,288:168,296:158,297:157,302:150,320:141,334:133,338:131,341:131,343:130,346:129,352:127,353:125,357:122,370:115,371:112,372:110,373:108,380:102,383:102	0	False	0
ecol-SAMN01112512	GP_unb_1	73:2386	5	0.0	0.2760778200571202	1.9493593727948884	GP_unb_38	234:240	4	0.0	0.014985838747219926	0.9672915296682311	5	-2.107792489374558	13.947487187931733	0.07017622878265684	5:278359,25:65417,26:58284,39:25407,46:15685,49:11306,52:6680,61:3997,69:2663,77:1892,87:1296,92:1149,95:1081,117:704,121:691,122:680,124:660,125:646,129:608,139:517,167:413,169:407,171:403,175:391,195:333,198:325,201:311,209:296,217:274,222:260,225:250,240:230,244:227,245:227,258:212,260:211,262:210,263:210,270:200,271:195,274:188,275:187,277:184,287:170,288:168,296:158,297:157,302:150,320:141,329:136,334:133,338:131,341:131,343:130,346:129,347:129,350:128,352:127,353:125,357:122,369:117,370:115,371:112,372:110,380:102,383:102	0	False	0
ecol-SAMN01112512	GP_unb_1	73:2386	5	0.0	0.2760778200571202	1.9493593727948884	GP_unb_39	239:235	5	0.0	0.05523044894165485	2.568982653370687	0	0	0	0		1	False	0
ecol-SAMN01112512	GP_unb_1	73:2386	5	0.0	0.2760778200571202	1.9493593727948884	GP_unb_40	251:217	5	0.0	0.33087371860253345	0.727456438250864	5	-1.8481409285868702	15.731199242833084	0.07017622878265688	25:65417,39:25407,46:15685,47:14926,49:11306,52:6680,61:3997,69:2663,87:1296,92:1149,94:1095,95:1081,99:942,121:691,122:680,124:660,125:646,169:407,171:403,174:392,195:333,198:325,209:296,222:260,225:250,240:230,244:227,245:227,247:224,258:212,259:212,260:211,262:210,271:195,274:188,275:187,277:184,287:170,288:168,289:167,296:158,297:157,302:150,320:141,334:133,338:131,340:131,341:131,343:130,346:129,352:127,353:125,357:122,370:115,371:112,372:110,373:108,380:102,381:102,383:102	0	False	0
ecol-SAMN01112512	GP_unb_1	73:2386	5	0.0	0.2760778200571202	1.9493593727948884	GP_unb_41	253:217	5	0.0	0.3983657488877117	1.2484798803722152	5	-1.8481409285868702	15.798691273118264	0.07017622878265685	25:65417,39:25407,46:15685,47:14926,49:11306,52:6680,61:3997,69:2663,87:1296,92:1149,94:1095,95:1081,99:942,121:691,122:680,124:660,125:646,169:407,171:403,174:392,195:333,198:325,209:296,222:260,225:250,240:230,244:227,245:227,247:224,258:212,259:212,260:211,262:210,271:195,274:188,275:187,277:184,287:170,288:168,289:167,296:158,297:157,302:150,320:141,334:133,338:131,340:131,341:131,343:130,346:129,352:127,353:125,357:122,370:115,371:112,372:110,373:108,380:102,381:102,383:102	0	False	0
ecol-SAMN01112512	GP_unb_1	73:2386	5	0.0	0.2760778200571202	1.9493593727948884	GP_unb_42	261:211	4	0.0	0.48208854903427056	1.0107046448850414	5	-2.267117104563266	14.38325677509916	0.0701762287833096	5:278359,25:65417,26:58284,39:25407,46:15685,49:11306,52:6680,53:6602,61:3997,69:2663,77:1892,87:1296,92:1149,95:1081,117:704,121:691,122:680,124:660,125:646,129:608,139:517,167:413,169:407,171:403,175:391,195:333,198:325,201:311,209:296,217:274,222:260,225:250,240:230,244:227,245:227,258:212,260:211,262:210,263:210,270:200,271:195,274:188,275:187,277:184,287:170,288:168,296:158,297:157,302:150,320:141,329:136,334:133,338:131,341:131,343:130,346:129,347:129,350:128,352:127,353:125,357:122,369:117,370:115,371:112,372:110,373:108,380:102,383:102	0	False	0
ecol-SAMN01112512	GP_unb_1	73:2386	5	0.0	0.2760778200571202	1.9493593727948884	GP_unb_43	268:200	5	0.0	0.49866384026374844	1.6398645179306555	5	-2.604543223896536	17.21775499859827	0.08672613507457066	5:278359,25:65417,26:58284,28:47207,39:25407,46:15685,47:14926,52:6680,57:4638,61:3997,64:3376,69:2663,75:2184,77:1892,87:1296,92:1149,95:1081,99:942,117:704,121:691,122:680,124:660,125:646,129:608,131:601,139:517,162:417,167:413,169:407,171:403,174:392,175:391,195:333,201:311,209:296,217:274,222:260,223:254,225:250,238:236,240:230,244:227,245:227,258:212,260:211,262:210,263:210,271:195,272:194,274:188,275:187,277:184,287:170,288:168,296:158,297:157,302:150,320:141,329:136,334:133,338:131,341:131,343:130,346:129,347:129,350:128,352:127,353:125,357:122,369:117,370:115,371:112,372:110,373:108,375:104,380:102,383:102	0	False	0
ecol-SAMN01112512	GP_unb_1	73:2386	5	0.0	0.2760778200571202	1.9493593727948884	GP_unb_44	273:193	4	0.0	0.43106627873838343	0.7908645689766479	5	-2.230886373989826	15.331117107828533	0.07017622878265695	5:278359,25:65417,26:58284,39:25407,46:15685,47:14926,49:11306,52:6680,61:3997,69:2663,77:1892,87:1296,92:1149,95:1081,99:942,117:704,121:691,122:680,124:660,125:646,129:608,139:517,167:413,169:407,171:403,174:392,175:391,195:333,198:325,201:311,209:296,217:274,222:260,225:250,240:230,244:227,245:227,258:212,260:211,262:210,263:210,271:195,274:188,275:187,277:184,287:170,288:168,296:158,297:157,301:154,302:150,320:141,329:136,334:133,338:131,341:131,343:130,346:129,347:129,350:128,352:127,353:125,357:122,369:117,370:115,371:112,372:110,373:108,380:102,383:102	0	False	0
ecol-SAMN01112512	GP_unb_1	73:2386	5	0.0	0.2760778200571202	1.9493593727948884	GP_unb_45	278:183	5	0.0	0.19925047760085512	1.7989418466037899	0	0	0	0		1	False	0
ecol-SAMN01112512	GP_unb_1	73:2386	5	0.0	0.2760778200571202	1.9493593727948884	GP_unb_46	285:171	5	0.0	0.4106151985703018	3.4276483111283267	5	-2.652853086424007	13.359996963378423	0.0875438770326582	5:278359,11:156317,18:109063,26:58284,28:47207,31:39302,46:15685,47:14926,52:6680,61:3997,69:2663,77:1892,87:1296,92:1149,95:1081,99:942,117:704,121:691,122:680,124:660,125:646,129:608,132:571,139:517,167:413,169:407,171:403,174:392,175:391,195:333,198:325,201:311,209:296,217:274,222:260,223:254,225:250,227:247,238:236,240:230,244:227,245:227,258:212,260:211,262:210,263:210,271:195,274:188,275:187,277:184,287:170,288:168,296:158,297:157,302:150,309:147,312:146,320:141,329:136,334:133,338:131,341:131,343:130,346:129,347:129,349:129,350:128,352:127,353:125,357:122,369:117,370:115,371:112,372:110,373:108,375:104,383:102	0	False	0
ecol-SAMN01112512	GP_unb_1	73:2386	5	0.0	0.2760778200571202	1.9493593727948884	GP_unb_47	286:170	4	0.0	0.49988530574486256	2.064465083039819	5	-1.9135963104005105	15.800450555643183	0.07017622878265682	25:65417,39:25407,46:15685,47:14926,49:11306,52:6680,61:3997,69:2663,87:1296,92:1149,95:1081,99:942,121:691,122:680,123:668,124:660,125:646,169:407,171:403,174:392,195:333,198:325,201:311,209:296,222:260,225:250,240:230,244:227,245:227,258:212,260:211,262:210,271:195,274:188,275:187,277:184,287:170,288:168,296:158,297:157,302:150,320:141,334:133,338:131,341:131,343:130,346:129,352:127,353:125,357:122,370:115,371:112,372:110,373:108,380:102,383:102	0	False	0
ecol-SAMN01112512	GP_unb_1	73:2386	5	0.0	0.2760778200571202	1.9493593727948884	GP_unb_48	290:166	4	0.0	0.4756751119523188	1.0018106313788724	5	-2.8437244578222662	15.366663851045688	0.07822483083997189	5:278359,18:109063,26:58284,28:47207,46:15685,47:14926,52:6680,61:3997,66:2910,69:2663,77:1892,80:1701,87:1296,92:1149,95:1081,99:942,117:704,121:691,122:680,124:660,125:646,129:608,139:517,167:413,169:407,171:403,174:392,175:391,195:333,198:325,201:311,209:296,217:274,222:260,223:254,225:250,227:247,237:237,238:236,240:230,244:227,245:227,258:212,260:211,262:210,263:210,271:195,274:188,275:187,277:184,287:170,288:168,296:158,297:157,302:150,304:149,320:141,329:136,334:133,338:131,341:131,343:130,346:129,347:129,350:128,352:127,353:125,357:122,369:117,370:115,371:112,372:110,373:108,375:104,383:102	0	False	0
ecol-SAMN01112512	GP_unb_1	73:2386	5	0.0	0.2760778200571202	1.9493593727948884	GP_unb_49	292:163	5	0.0	0.3991831381705384	1.0584806911026836	5	-2.2015424911110695	15.29923396726069	0.07017622878265674	5:278359,25:65417,26:58284,39:25407,46:15685,47:14926,49:11306,52:6680,61:3997,69:2663,77:1892,87:1296,92:1149,95:1081,99:942,117:704,121:691,122:680,124:660,125:646,129:608,139:517,167:413,169:407,171:403,174:392,175:391,195:333,198:325,201:311,209:296,217:274,222:260,225:250,240:230,244:227,245:227,258:212,260:211,262:210,263:210,271:195,274:188,275:187,277:184,287:170,288:168,296:158,297:157,301:154,302:150,320:141,329:136,334:133,338:131,341:131,343:130,346:129,347:129,350:128,352:127,353:125,357:122,369:117,370:115,371:112,372:110,373:108,380:102,383:102	0	False	0
ecol-SAMN01112512	GP_unb_1	73:2386	5	0.0	0.2760778200571202	1.9493593727948884	GP_unb_50	294:159	5	0.0	0.40659751383693765	1.0624772920401282	5	-2.600316837801196	14.076596193648363	0.07017622878265697	5:278359,18:109063,26:58284,28:47207,39:25407,46:15685,49:11306,52:6680,53:6602,61:3997,69:2663,77:1892,87:1296,92:1149,95:1081,117:704,121:691,122:680,124:660,125:646,129:608,139:517,167:413,169:407,171:403,174:392,175:391,195:333,198:325,201:311,209:296,217:274,222:260,223:254,227:247,238:236,240:230,244:227,245:227,258:212,262:210,263:210,270:200,271:195,274:188,275:187,277:184,287:170,288:168,296:158,297:157,320:141,329:136,334:133,341:131,343:130,346:129,347:129,350:128,352:127,353:125,357:122,369:117,372:110,373:108,375:104	0	False	0
ecol-SAMN01112512	GP_unb_1	73:2386	5	0.0	0.2760778200571202	1.9493593727948884	GP_unb_51	295:158	5	0.0	0.4868353133390596	0.8009326403089183	5	-2.4590450455363935	14.721322287249635	0.05473678124144506	5:278359,25:65417,26:58284,39:25407,46:15685,47:14926,49:11306,52:6680,58:4615,61:3997,69:2663,77:1892,87:1296,92:1149,95:1081,99:942,110:773,117:704,121:691,122:680,124:660,125:646,129:608,139:517,167:413,169:407,171:403,174:392,175:391,191:335,195:333,198:325,201:311,209:296,217:274,221:261,222:260,225:250,228:247,240:230,244:227,245:227,258:212,260:211,262:210,263:210,271:195,274:188,275:187,277:184,287:170,288:168,296:158,297:157,302:150,320:141,324:137,329:136,334:133,338:131,341:131,343:130,346:129,347:129,350:128,352:127,353:125,357:122,369:117,370:115,371:112,372:110,373:108,380:102,383:102	0	False	0
ecol-SAMN01112512	GP_unb_1	73:2386	5	0.0	0.2760778200571202	1.9493593727948884	GP_unb_52	306:149	4	0.0	0.12152955326403547	1.1240898049142276	5	-2.3537132944209094	13.990845100044329	0.0701762287826544	23:92039,25:65417,26:58284,39:25407,46:15685,47:14926,49:11306,52:6680,61:3997,67:2812,68:2802,69:2663,77:1892,87:1296,92:1149,95:1081,99:942,109:829,121:691,122:680,124:660,125:646,129:608,169:407,171:403,174:392,195:333,198:325,201:311,209:296,222:260,225:250,240:230,244:227,245:227,258:212,260:211,262:210,267:201,271:195,274:188,275:187,277:184,287:170,288:168,296:158,297:157,302:150,320:141,334:133,338:131,341:131,343:130,346:129,352:127,353:125,357:122,370:115,371:112,372:110,373:108,380:102,383:102	0	False	0
ecol-SAMN01112512	GP_unb_1	73:2386	5	0.0	0.2760778200571202	1.9493593727948884	GP_unb_53	308:147	5	0.0	0.4999524396595292	2.194977674885071	5	-1.8232974400581192	14.77924034311269	0.07017622878265684	25:65417,39:25407,46:15685,47:14926,49:11306,52:6680,61:3997,69:2663,87:1296,92:1149,95:1081,99:942,121:691,122:680,124:660,125:646,169:407,171:403,174:392,195:333,198:325,209:296,222:260,225:250,240:230,244:227,245:227,258:212,260:211,262:210,271:195,274:188,275:187,277:184,287:170,288:168,289:167,296:158,297:157,302:150,320:141,334:133,338:131,341:131,343:130,346:129,352:127,353:125,357:122,370:115,371:112,372:110,373:108,380:102,383:102	0	False	0
ecol-SAMN01112512	GP_unb_1	73:2386	5	0.0	0.2760778200571202	1.9493593727948884	GP_unb_54	310:146	4	0.0	0.4856807593758524	2.075028600769293	5	-0.04075803640354955	0.7059985646237295	1.9493593727947882	192:334,242:230	0	False	0
ecol-SAMN01112512	GP_unb_1	73:2386	5	0.0	0.2760778200571202	1.9493593727948884	GP_unb_55	311:146	5	0.0	0.46383632140430675	3.078507235018752	5	-2.655810707472625	15.84400142260073	0.07017622878265695	5:278359,18:109063,26:58284,28:47207,39:25407,46:15685,49:11306,52:6680,53:6602,61:3997,69:2663,77:1892,87:1296,92:1149,95:1081,117:704,121:691,122:680,124:660,125:646,129:608,138:521,139:517,167:413,169:407,171:403,174:392,175:391,179:382,195:333,198:325,201:311,209:296,217:274,222:260,223:254,225:250,227:247,238:236,240:230,244:227,245:227,258:212,262:210,263:210,270:200,271:195,274:188,275:187,277:184,287:170,288:168,296:158,297:157,302:150,320:141,329:136,334:133,341:131,343:130,346:129,347:129,350:128,352:127,353:125,357:122,369:117,370:115,371:112,372:110,373:108,375:104	0	False	0
ecol-SAMN01112512	GP_unb_1	73:2386	5	0.0	0.2760778200571202	1.9493593727948884	GP_unb_56	314:145	4	0.0	0.4841734857396268	2.2882387030714675	5	-2.3237245224772045	14.98049703531387	0.07017622878265682	5:278359,25:65417,26:58284,39:25407,46:15685,47:14926,49:11306,52:6680,61:3997,69:2663,77:1892,87:1296,92:1149,95:1081,99:942,117:704,121:691,122:680,124:660,125:646,129:608,139:517,167:413,169:407,171:403,174:392,175:391,195:333,198:325,201:311,209:296,217:274,222:260,225:250,240:230,244:227,245:227,258:212,260:211,262:210,263:210,271:195,274:188,275:187,277:184,287:170,288:168,296:158,297:157,302:150,320:141,329:136,334:133,338:131,341:131,343:130,346:129,347:129,350:128,352:127,353:125,357:122,369:117,370:115,371:112,372:110,373:108,380:102,383:102	0	False	0
ecol-SAMN01112512	GP_unb_1	73:2386	5	0.0	0.2760778200571202	1.9493593727948884	GP_unb_57	322:139	5	0.0	0.4867046665458492	1.7390679001780605	5	-2.2015424911110695	15.14643122179735	0.07017622878265653	5:278359,25:65417,26:58284,39:25407,46:15685,47:14926,49:11306,52:6680,61:3997,69:2663,77:1892,87:1296,92:1149,95:1081,99:942,117:704,121:691,122:680,124:660,125:646,129:608,139:517,167:413,169:407,171:403,174:392,175:391,195:333,198:325,201:311,209:296,217:274,222:260,225:250,240:230,244:227,245:227,258:212,260:211,262:210,263:210,271:195,274:188,275:187,277:184,287:170,288:168,296:158,297:157,301:154,302:150,303:149,320:141,329:136,334:133,338:131,341:131,343:130,346:129,347:129,350:128,352:127,353:125,357:122,369:117,370:115,371:112,372:110,373:108,380:102,383:102	0	False	0
ecol-SAMN01112512	GP_unb_1	73:2386	5	0.0	0.2760778200571202	1.9493593727948884	GP_unb_58	326:136	4	0.0	0.46092298778148244	0.8756940002942651	5	-2.655764828111106	14.710969384957783	0.08672613507405905	5:278359,25:65417,26:58284,28:47207,39:25407,40:24871,46:15685,52:6680,61:3997,69:2663,77:1892,78:1732,87:1296,92:1149,95:1081,117:704,121:691,122:680,124:660,125:646,129:608,135:562,139:517,167:413,169:407,171:403,174:392,175:391,195:333,198:325,201:311,209:296,217:274,222:260,223:254,225:250,238:236,240:230,244:227,245:227,258:212,260:211,262:210,263:210,271:195,274:188,275:187,277:184,287:170,288:168,296:158,297:157,302:150,320:141,328:136,329:136,334:133,338:131,341:131,343:130,346:129,347:129,350:128,352:127,353:125,357:122,369:117,370:115,371:112,372:110,373:108,375:104,380:102,383:102	0	False	0
ecol-SAMN01112512	GP_unb_1	73:2386	5	0.0	0.2760778200571202	1.9493593727948884	GP_unb_59	332:134	4	0.0	0.19898619631969083	1.024255854524927	5	-2.6816368832835726	13.087263454476568	0.0875438770326582	5:278359,11:156317,18:109063,26:58284,28:47207,46:15685,47:14926,52:6680,61:3997,69:2663,77:1892,87:1296,92:1149,95:1081,99:942,117:704,121:691,122:680,124:660,125:646,129:608,139:517,167:413,169:407,171:403,174:392,175:391,195:333,198:325,201:311,209:296,217:274,222:260,223:254,225:250,227:247,238:236,240:230,244:227,245:227,258:212,260:211,262:210,263:210,271:195,274:188,275:187,277:184,287:170,288:168,296:158,297:157,302:150,309:147,320:141,329:136,334:133,338:131,341:131,343:130,346:129,347:129,350:128,352:127,353:125,357:122,369:117,370:115,371:112,372:110,373:108,375:104,383:102	0	False	0
ecol-SAMN01112512	GP_unb_1	73:2386	5	0.0	0.2760778200571202	1.9493593727948884	GP_unb_60	333:134	4	0.0	0.47074537300663244	1.0965039500590033	5	-2.676159044952101	13.35902263116351	0.08754387703265816	5:278359,11:156317,18:109063,26:58284,28:47207,46:15685,47:14926,52:6680,61:3997,69:2663,77:1892,87:1296,92:1149,95:1081,99:942,117:704,121:691,122:680,124:660,125:646,129:608,139:517,167:413,169:407,171:403,174:392,175:391,195:333,198:325,201:311,209:296,217:274,222:260,223:254,225:250,227:247,238:236,240:230,244:227,245:227,258:212,260:211,262:210,263:210,271:195,274:188,275:187,277:184,287:170,288:168,296:158,297:157,302:150,309:147,320:141,329:136,334:133,338:131,341:131,343:130,346:129,347:129,350:128,352:127,353:125,357:122,369:117,370:115,371:112,372:110,373:108,375:104,383:102	0	False	0
ecol-SAMN01112512	GP_unb_1	73:2386	5	0.0	0.2760778200571202	1.9493593727948884	GP_unb_61	337:131	5	0.0	0.31824610481183213	2.1374938819876705	5	-1.8232974400581192	15.378895059508258	0.07517619327185562	25:65417,39:25407,46:15685,47:14926,49:11306,52:6680,61:3997,69:2663,87:1296,92:1149,95:1081,99:942,121:691,122:680,124:660,125:646,169:407,171:403,174:392,195:333,198:325,209:296,222:260,225:250,240:230,244:227,245:227,247:224,258:212,260:211,262:210,271:195,274:188,275:187,277:184,287:170,288:168,289:167,296:158,297:157,302:150,320:141,334:133,338:131,341:131,343:130,346:129,352:127,353:125,357:122,370:115,371:112,372:110,373:108,380:102,381:102,383:102	0	False	0
ecol-SAMN01112512	GP_unb_1	73:2386	5	0.0	0.2760778200571202	1.9493593727948884	GP_unb_62	339:131	4	0.0	0.33822618651826997	1.906717952875541	5	-2.662624422938807	16.929627200962933	0.08672613507405913	5:278359,25:65417,26:58284,28:47207,39:25407,46:15685,47:14926,52:6680,57:4638,61:3997,69:2663,75:2184,77:1892,87:1296,92:1149,95:1081,99:942,117:704,121:691,122:680,124:660,125:646,129:608,131:601,139:517,162:417,167:413,169:407,171:403,174:392,175:391,195:333,201:311,209:296,217:274,222:260,223:254,225:250,238:236,240:230,244:227,245:227,258:212,260:211,262:210,263:210,271:195,272:194,274:188,275:187,277:184,287:170,288:168,296:158,297:157,302:150,320:141,329:136,334:133,338:131,341:131,343:130,346:129,347:129,350:128,352:127,353:125,357:122,369:117,370:115,371:112,372:110,373:108,375:104,380:102,383:102	0	False	0
ecol-SAMN01112512	GP_unb_1	73:2386	5	0.0	0.2760778200571202	1.9493593727948884	GP_unb_63	348:129	4	0.0	0.40496560246745616	1.1240898049142276	5	-2.66128772879133	14.384185401258557	0.08754387703265855	5:278359,18:109063,26:58284,28:47207,37:27666,46:15685,47:14926,52:6680,61:3997,69:2663,77:1892,87:1296,92:1149,95:1081,99:942,117:704,121:691,122:680,124:660,125:646,129:608,139:517,167:413,169:407,171:403,174:392,175:391,195:333,198:325,201:311,202:310,209:296,217:274,222:260,223:254,225:250,227:247,238:236,240:230,244:227,245:227,258:212,260:211,262:210,263:210,271:195,274:188,275:187,277:184,287:170,288:168,296:158,297:157,302:150,320:141,329:136,334:133,338:131,341:131,343:130,346:129,347:129,350:128,352:127,353:125,357:122,369:117,370:115,371:112,372:110,373:108,375:104,383:102	0	False	0
ecol-SAMN01112512	GP_unb_1	73:2386	5	0.0	0.2760778200571202	1.9493593727948884	GP_unb_64	360:121	4	0.0	0.015340682866147981	7.541808169160413	5	-1.9184997124137946	14.301670563010152	0.07017622878265663	25:65417,26:58284,39:25407,46:15685,47:14926,49:11306,52:6680,61:3997,69:2663,77:1892,87:1296,92:1149,95:1081,99:942,106:864,121:691,122:680,124:660,125:646,129:608,169:407,171:403,174:392,195:333,198:325,201:311,209:296,222:260,225:250,240:230,244:227,245:227,258:212,260:211,262:210,271:195,274:188,275:187,277:184,287:170,288:168,296:158,297:157,302:150,320:141,334:133,338:131,341:131,343:130,346:129,352:127,353:125,357:122,370:115,371:112,372:110,373:108,380:102,383:102	0	False	0
ecol-SAMN01112512	GP_unb_1	73:2386	5	0.0	0.2760778200571202	1.9493593727948884	GP_unb_65	362:120	4	0.0	0.49507029606137076	0.9845720994616148	5	-2.3045246653284237	14.830659687214869	0.05473678124144499	5:278359,25:65417,26:58284,39:25407,46:15685,47:14926,49:11306,52:6680,58:4615,61:3997,69:2663,77:1892,87:1296,92:1149,95:1081,99:942,117:704,121:691,122:680,124:660,125:646,129:608,139:517,167:413,169:407,171:403,174:392,175:391,181:374,191:335,195:333,198:325,201:311,209:296,214:287,217:274,222:260,225:250,240:230,244:227,245:227,258:212,260:211,262:210,263:210,271:195,274:188,275:187,277:184,287:170,288:168,296:158,297:157,302:150,320:141,324:137,329:136,334:133,338:131,341:131,343:130,346:129,347:129,350:128,352:127,353:125,356:123,357:122,369:117,370:115,371:112,372:110,373:108,380:102,383:102	0	False	0
ecol-SAMN01112512	GP_unb_1	73:2386	5	0.0	0.2760778200571202	1.9493593727948884	GP_unb_66	363:120	5	0.0	0.4944025655749814	1.859854729110929	5	-2.2657637550425505	14.829991956728481	0.05473678124144503	5:278359,25:65417,26:58284,39:25407,46:15685,47:14926,49:11306,52:6680,58:4615,61:3997,69:2663,77:1892,87:1296,92:1149,95:1081,99:942,117:704,121:691,122:680,124:660,125:646,129:608,139:517,167:413,169:407,171:403,174:392,175:391,181:374,191:335,195:333,198:325,201:311,209:296,214:287,217:274,222:260,225:250,240:230,244:227,245:227,258:212,260:211,262:210,263:210,271:195,274:188,275:187,277:184,287:170,288:168,296:158,297:157,302:150,320:141,324:137,329:136,334:133,338:131,341:131,343:130,346:129,347:129,350:128,352:127,353:125,356:123,357:122,369:117,370:115,371:112,372:110,373:108,380:102,383:102	0	False	0
ecol-SAMN01112512	GP_unb_1	73:2386	5	0.0	0.2760778200571202	1.9493593727948884	GP_unb_67	364:120	5	0.0	0.492363952444446	1.9500079571694096	5	-2.736497925183756	14.999082007089863	0.08672613507405913	5:278359,9:208141,18:109063,26:58284,28:47207,39:25407,46:15685,47:14926,52:6680,61:3997,69:2663,77:1892,87:1296,92:1149,95:1081,99:942,117:704,121:691,122:680,124:660,125:646,129:608,137:542,139:517,167:413,169:407,171:403,174:392,175:391,195:333,198:325,201:311,209:296,217:274,222:260,223:254,225:250,238:236,240:230,244:227,245:227,258:212,260:211,262:210,263:210,271:195,274:188,275:187,277:184,281:174,287:170,288:168,296:158,297:157,302:150,320:141,329:136,334:133,338:131,341:131,343:130,346:129,347:129,350:128,352:127,353:125,357:122,369:117,370:115,371:112,372:110,373:108,375:104,380:102,383:102	0	False	0
ecol-SAMN01112512	GP_unb_1	73:2386	5	0.0	0.2760778200571202	1.9493593727948884	GP_unb_68	367:118	5	0.0	0.16404894896900601	0.9318896325589356	5	-2.600316837801196	15.63011949855009	0.07017622878265489	5:278359,18:109063,26:58284,28:47207,39:25407,46:15685,49:11306,52:6680,53:6602,61:3997,69:2663,77:1892,87:1296,92:1149,95:1081,117:704,121:691,122:680,124:660,125:646,129:608,139:517,167:413,169:407,171:403,174:392,175:391,195:333,198:325,201:311,209:296,217:274,222:260,223:254,225:250,227:247,238:236,240:230,244:227,245:227,258:212,262:210,263:210,270:200,271:195,274:188,275:187,277:184,287:170,288:168,296:158,297:157,302:150,320:141,329:136,334:133,336:132,341:131,343:130,346:129,347:129,350:128,352:127,353:125,357:122,369:117,370:115,371:112,372:110,373:108,375:104	0	False	0
ecol-SAMN01112512	GP_unb_1	73:2386	5	0.0	0.2760778200571202	1.9493593727948884	GP_unb_69	377:103	5	0.0	0.49966419986763255	1.1397218894223695	5	-2.4679558011789275	15.117183264681533	0.07822483083873509	5:278359,18:109063,26:58284,28:47207,46:15685,47:14926,52:6680,61:3997,66:2910,69:2663,77:1892,87:1296,92:1149,95:1081,99:942,117:704,121:691,122:680,124:660,125:646,129:608,139:517,167:413,169:407,171:403,174:392,175:391,195:333,198:325,201:311,209:296,217:274,222:260,223:254,225:250,227:247,238:236,240:230,244:227,245:227,258:212,260:211,262:210,263:210,271:195,274:188,275:187,277:184,287:170,288:168,296:158,297:157,302:150,304:149,320:141,329:136,334:133,338:131,341:131,343:130,346:129,347:129,350:128,352:127,353:125,357:122,369:117,370:115,371:112,372:110,373:108,375:104,383:102	0	False	0
ecol-SAMN01112512	GP_unb_1	73:2386	5	0.0	0.2760778200571202	1.9493593727948884	GP_unb_70	378:103	4	0.0	0.49998835869741776	0.9566889767680681	5	-2.4964977028598807	15.117507423511318	0.07822483083873522	5:278359,18:109063,26:58284,28:47207,46:15685,47:14926,52:6680,61:3997,66:2910,69:2663,77:1892,87:1296,92:1149,95:1081,99:942,117:704,121:691,122:680,124:660,125:646,129:608,139:517,167:413,169:407,171:403,174:392,175:391,195:333,198:325,201:311,209:296,217:274,222:260,223:254,225:250,227:247,238:236,240:230,244:227,245:227,258:212,260:211,262:210,263:210,271:195,274:188,275:187,277:184,287:170,288:168,296:158,297:157,302:150,304:149,320:141,329:136,334:133,338:131,341:131,343:130,346:129,347:129,350:128,352:127,353:125,357:122,369:117,370:115,371:112,372:110,373:108,375:104,383:102	0	False	0
ecol-SAMN01112512	GP_unb_1	73:2386	5	0.0	0.2760778200571202	1.9493593727948884	GP_unb_71	379:103	5	0.0	0.2259983118032789	1.9261694787003092	5	-2.600316837801196	15.692068861384366	0.07017622878265707	5:278359,18:109063,26:58284,28:47207,39:25407,46:15685,49:11306,52:6680,53:6602,61:3997,69:2663,77:1892,87:1296,92:1149,95:1081,117:704,121:691,122:680,124:660,125:646,129:608,139:517,167:413,169:407,171:403,174:392,175:391,195:333,198:325,201:311,209:296,217:274,222:260,223:254,225:250,227:247,238:236,240:230,244:227,245:227,258:212,262:210,263:210,270:200,271:195,274:188,275:187,277:184,287:170,288:168,296:158,297:157,302:150,320:141,329:136,334:133,336:132,341:131,343:130,346:129,347:129,350:128,352:127,353:125,357:122,369:117,370:115,371:112,372:110,373:108,375:104	0	False	0
ecol-SAMN01112512	GP_unb_2	105:867	5	0.0	0.4830018916810376	2.06306281960046	GP_unb_3	142:507	5	0.0	0.3245251361530843	9.544519612170564	5	-2.124884512610502	16.523089717735125	0.07017622878265684	5:278359,25:65417,26:58284,39:25407,46:15685,47:14926,49:11306,69:2663,77:1892,87:1296,92:1149,95:1081,99:942,117:704,121:691,122:680,124:660,129:608,139:517,167:413,169:407,171:403,174:392,175:391,195:333,198:325,201:311,209:296,217:274,222:260,223:254,225:250,238:236,240:230,244:227,245:227,258:212,260:211,262:210,263:210,271:195,275:187,277:184,287:170,288:168,296:158,297:157,302:150,320:141,329:136,334:133,338:131,341:131,343:130,346:129,347:129,350:128,352:127,353:125,357:122,369:117,370:115,371:112,372:110,373:108,380:102,383:102	0	False	0
ecol-SAMN01112512	GP_unb_2	105:867	5	0.0	0.4830018916810376	2.06306281960046	GP_unb_4	146:468	5	0.0	0.06046954653248682	0.8870352187320776	0	0	0	0		1	False	0
ecol-SAMN01112512	GP_unb_2	105:867	5	0.0	0.4830018916810376	2.06306281960046	GP_unb_5	149:454	5	0.0	0.43020733534872635	0.9983334984821324	5	-2.235377083698209	15.897926343852317	0.07017622878265899	5:278359,11:156317,18:109063,26:58284,31:39302,46:15685,47:14926,49:11306,69:2663,77:1892,87:1296,92:1149,95:1081,99:942,112:743,115:732,117:704,121:691,122:680,124:660,128:612,129:608,139:517,167:413,169:407,171:403,174:392,175:391,178:383,183:369,195:333,198:325,201:311,209:296,217:274,222:260,225:250,226:248,227:247,238:236,240:230,244:227,245:227,258:212,260:211,262:210,263:210,269:200,271:195,275:187,277:184,287:170,288:168,296:158,297:157,302:150,309:147,320:141,329:136,334:133,338:131,341:131,343:130,346:129,347:129,349:129,350:128,352:127,353:125,357:122,369:117,370:115,371:112,372:110,373:108,383:102	0	False	0
ecol-SAMN01112512	GP_unb_2	105:867	5	0.0	0.4830018916810376	2.06306281960046	GP_unb_6	150:454	5	0.0	0.3082487470736095	2.2394177153615407	5	-2.235377083698209	15.7759677555772	0.07017622878265684	5:278359,11:156317,18:109063,26:58284,31:39302,46:15685,47:14926,49:11306,69:2663,77:1892,87:1296,92:1149,95:1081,99:942,112:743,115:732,117:704,121:691,122:680,124:660,128:612,129:608,139:517,167:413,169:407,171:403,174:392,175:391,178:383,183:369,195:333,198:325,201:311,209:296,217:274,222:260,225:250,226:248,227:247,238:236,240:230,244:227,245:227,258:212,260:211,262:210,263:210,269:200,271:195,275:187,277:184,287:170,288:168,296:158,297:157,302:150,309:147,320:141,329:136,334:133,338:131,341:131,343:130,346:129,347:129,349:129,350:128,352:127,353:125,357:122,369:117,370:115,371:112,372:110,373:108,383:102	0	False	0
ecol-SAMN01112512	GP_unb_2	105:867	5	0.0	0.4830018916810376	2.06306281960046	GP_unb_7	152:450	5	0.0	0.4897447344363828	1.705089285446187	0	0	0	0		1	False	0
ecol-SAMN01112512	GP_unb_2	105:867	5	0.0	0.4830018916810376	2.06306281960046	GP_unb_8	153:450	5	0.0	0.478133321407228	0.9926613879105074	0	0	0	0		1	False	0
ecol-SAMN01112512	GP_unb_2	105:867	5	0.0	0.4830018916810376	2.06306281960046	GP_unb_9	154:450	4	0.0	0.46156657280855484	1.1445142073007781	5	-2.45209064811539	16.64681724630866	0.07017622878265684	5:278359,18:109063,26:58284,46:15685,47:14926,49:11306,66:2910,69:2663,77:1892,80:1701,87:1296,92:1149,95:1081,99:942,117:704,121:691,122:680,124:660,129:608,139:517,167:413,169:407,171:403,174:392,175:391,195:333,198:325,201:311,209:296,217:274,222:260,225:250,227:247,237:237,238:236,240:230,244:227,245:227,258:212,260:211,262:210,263:210,271:195,275:187,277:184,287:170,288:168,296:158,297:157,300:155,302:150,304:149,320:141,329:136,334:133,338:131,341:131,343:130,346:129,347:129,350:128,352:127,353:125,357:122,369:117,370:115,371:112,372:110,373:108,383:102	0	False	0
ecol-SAMN01112512	GP_unb_2	105:867	5	0.0	0.4830018916810376	2.06306281960046	GP_unb_10	156:442	4	0.0	0.46965951554863716	1.073217969390421	5	-2.4528215746152973	16.40834773141661	0.06861121312249452	5:278359,25:65417,26:58284,28:47207,39:25407,46:15685,47:14926,56:4890,62:3894,69:2663,77:1892,87:1296,92:1149,95:1081,99:942,121:691,122:680,124:660,129:608,169:407,171:403,174:392,175:391,195:333,201:311,209:296,222:260,223:254,225:250,238:236,240:230,244:227,245:227,255:215,258:212,260:211,262:210,271:195,275:187,277:184,280:176,288:168,296:158,297:157,302:150,320:141,334:133,338:131,341:131,342:130,343:130,346:129,352:127,353:125,357:122,370:115,371:112,372:110,373:108,375:104,380:102,383:102	0	False	0
ecol-SAMN01112512	GP_unb_2	105:867	5	0.0	0.4830018916810376	2.06306281960046	GP_unb_11	157:439	5	0.0	0.49792362478415275	2.0017085393939937	5	-2.7737670738948226	16.970754953880352	0.050079121288945316	5:278359,19:99628,25:65417,26:58284,28:47207,32:38595,39:25407,46:15685,47:14926,63:3508,69:2663,76:2044,77:1892,87:1296,90:1233,92:1149,93:1113,95:1081,98:945,99:942,103:914,117:704,121:691,122:680,124:660,129:608,139:517,167:413,169:407,171:403,174:392,175:391,195:333,198:325,201:311,209:296,217:274,218:274,222:260,223:254,225:250,238:236,240:230,244:227,245:227,254:216,258:212,260:211,262:210,263:210,271:195,275:187,277:184,287:170,288:168,296:158,297:157,302:150,319:141,320:141,329:136,334:133,338:131,341:131,343:130,346:129,347:129,350:128,352:127,353:125,357:122,369:117,370:115,371:112,372:110,373:108,375:104,380:102,383:102	0	False	0
ecol-SAMN01112512	GP_unb_2	105:867	5	0.0	0.4830018916810376	2.06306281960046	GP_unb_12	158:439	4	0.0	0.34662022859837394	4.421033351049296	5	-2.454303008958481	16.28530844446635	0.06861121312249452	5:278359,25:65417,26:58284,28:47207,39:25407,46:15685,47:14926,56:4890,62:3894,69:2663,77:1892,87:1296,92:1149,95:1081,99:942,121:691,122:680,124:660,129:608,169:407,171:403,174:392,175:391,195:333,201:311,209:296,222:260,223:254,225:250,238:236,240:230,244:227,245:227,255:215,258:212,260:211,262:210,271:195,275:187,277:184,280:176,288:168,296:158,297:157,302:150,320:141,334:133,338:131,341:131,342:130,343:130,346:129,352:127,353:125,357:122,370:115,371:112,372:110,373:108,375:104,380:102,383:102	0	False	0
ecol-SAMN01112512	GP_unb_2	105:867	5	0.0	0.4830018916810376	2.06306281960046	GP_unb_13	160:420	5	0.0	0.17657091414047899	1.150141277290839	5	-2.229374354431685	13.469300194366717	0.07017622878265684	5:278359,11:156317,18:109063,26:58284,31:39302,46:15685,47:14926,49:11306,69:2663,77:1892,87:1296,92:1149,95:1081,99:942,117:704,121:691,122:680,124:660,129:608,139:517,167:413,169:407,171:403,174:392,175:391,189:336,195:333,198:325,201:311,209:296,217:274,222:260,225:250,227:247,238:236,240:230,244:227,245:227,258:212,260:211,262:210,263:210,271:195,275:187,277:184,279:179,287:170,288:168,296:158,297:157,302:150,309:147,320:141,325:136,329:136,334:133,338:131,341:131,343:130,346:129,347:129,349:129,350:128,352:127,353:125,357:122,369:117,370:115,371:112,372:110,373:108,383:102	0	False	0
ecol-SAMN01112512	GP_unb_2	105:867	5	0.0	0.4830018916810376	2.06306281960046	GP_unb_14	161:420	5	0.0	0.18973607844175633	2.8294042932682344	5	-2.229374354431685	13.482465358667994	0.07017622878265684	5:278359,11:156317,18:109063,26:58284,31:39302,46:15685,47:14926,49:11306,69:2663,77:1892,87:1296,92:1149,95:1081,99:942,117:704,121:691,122:680,124:660,129:608,139:517,167:413,169:407,171:403,174:392,175:391,189:336,195:333,198:325,201:311,209:296,217:274,222:260,225:250,227:247,238:236,240:230,244:227,245:227,258:212,260:211,262:210,263:210,271:195,275:187,277:184,279:179,287:170,288:168,296:158,297:157,302:150,309:147,320:141,325:136,329:136,334:133,338:131,341:131,343:130,346:129,347:129,349:129,350:128,352:127,353:125,357:122,369:117,370:115,371:112,372:110,373:108,383:102	0	False	0
ecol-SAMN01112512	GP_unb_2	105:867	5	0.0	0.4830018916810376	2.06306281960046	GP_unb_15	163:416	5	0.0	0.46224048193324485	3.22298390850156	0	0	0	0		1	False	0
ecol-SAMN01112512	GP_unb_2	105:867	5	0.0	0.4830018916810376	2.06306281960046	GP_unb_16	164:416	5	0.0	0.4329869782589292	1.0446682460897267	5	-2.4052845656264634	17.577002035853372	0.06861121312249452	5:278359,25:65417,26:58284,28:47207,39:25407,46:15685,47:14926,56:4890,62:3894,69:2663,75:2184,77:1892,87:1296,92:1149,95:1081,99:942,121:691,122:680,124:660,129:608,131:601,162:417,169:407,171:403,174:392,175:391,195:333,201:311,209:296,222:260,223:254,225:250,238:236,240:230,244:227,245:227,255:215,258:212,260:211,262:210,271:195,275:187,277:184,288:168,296:158,297:157,302:150,320:141,334:133,338:131,341:131,343:130,346:129,352:127,353:125,357:122,370:115,371:112,372:110,373:108,375:104,380:102,383:102	0	False	0
ecol-SAMN01112512	GP_unb_2	105:867	5	0.0	0.4830018916810376	2.06306281960046	GP_unb_17	165:414	5	0.0	0.1364548168339883	1.1496308173664471	5	-2.3072270873566807	15.677645850587341	0.08672613507405913	5:278359,10:183739,25:65417,26:58284,28:47207,39:25407,46:15685,47:14926,69:2663,77:1892,83:1524,87:1296,92:1149,95:1081,99:942,117:704,121:691,122:680,124:660,129:608,139:517,167:413,169:407,171:403,174:392,175:391,195:333,198:325,201:311,209:296,217:274,222:260,223:254,225:250,238:236,240:230,244:227,245:227,258:212,260:211,262:210,263:210,271:195,275:187,277:184,287:170,288:168,296:158,297:157,302:150,320:141,329:136,334:133,338:131,341:131,343:130,346:129,347:129,350:128,352:127,353:125,357:122,369:117,370:115,371:112,372:110,373:108,375:104,380:102,383:102	0	False	0
ecol-SAMN01112512	GP_unb_2	105:867	5	0.0	0.4830018916810376	2.06306281960046	GP_unb_18	172:402	5	0.0	0.2119799037016563	0.7225800446202028	5	-1.836999658406411	15.979274708751715	0.08672613507446057	18:109063,28:47207,39:25407,41:21232,46:15685,47:14926,69:2663,87:1296,92:1149,95:1081,99:942,121:691,122:680,124:660,169:407,171:403,174:392,195:333,198:325,201:311,209:296,222:260,223:254,225:250,238:236,240:230,244:227,245:227,258:212,260:211,262:210,271:195,275:187,277:184,288:168,296:158,297:157,302:150,320:141,334:133,338:131,341:131,343:130,346:129,352:127,353:125,357:122,370:115,371:112,372:110,373:108,375:104,380:102,383:102	0	False	0
ecol-SAMN01112512	GP_unb_2	105:867	5	0.0	0.4830018916810376	2.06306281960046	GP_unb_19	177:383	5	0.0	0.05509597189143711	1.0647833698162044	0	0	0	0		1	False	0
ecol-SAMN01112512	GP_unb_2	105:867	5	0.0	0.4830018916810376	2.06306281960046	GP_unb_20	182:371	4	0.0	0.3211643251171751	1.0163377202859776	5	-1.9108309068433729	16.444626812358596	0.08672613507405912	18:109063,28:47207,39:25407,41:21232,46:15685,47:14926,69:2663,87:1296,92:1149,95:1081,99:942,121:691,122:680,124:660,169:407,171:403,174:392,195:333,198:325,209:296,222:260,223:254,225:250,238:236,240:230,244:227,245:227,247:224,258:212,259:212,260:211,262:210,271:195,275:187,277:184,288:168,289:167,296:158,297:157,302:150,320:141,334:133,338:131,341:131,343:130,346:129,352:127,353:125,357:122,370:115,371:112,372:110,373:108,375:104,380:102,381:102,383:102	0	False	0
ecol-SAMN01112512	GP_unb_2	105:867	5	0.0	0.4830018916810376	2.06306281960046	GP_unb_21	185:354	5	0.0	0.4913840660203582	0.7431065389916315	5	-2.1637211680652206	17.65050969419467	0.07017622878265684	5:278359,25:65417,26:58284,39:25407,46:15685,47:14926,49:11306,53:6602,69:2663,77:1892,79:1726,87:1296,92:1149,95:1081,99:942,117:704,121:691,122:680,124:660,129:608,138:521,139:517,167:413,169:407,171:403,174:392,175:391,179:382,195:333,198:325,201:311,209:296,217:274,222:260,225:250,240:230,244:227,245:227,258:212,260:211,262:210,263:210,270:200,271:195,275:187,277:184,287:170,288:168,296:158,297:157,302:150,320:141,329:136,334:133,338:131,341:131,343:130,346:129,347:129,350:128,352:127,353:125,357:122,369:117,370:115,371:112,372:110,373:108,380:102	0	False	0
ecol-SAMN01112512	GP_unb_2	105:867	5	0.0	0.4830018916810376	2.06306281960046	GP_unb_22	187:352	4	0.0	0.15791602210087818	1.040290301561707	5	-2.7477440099478962	15.762088538649975	0.0701762287832093	4:284609,25:65417,26:58284,39:25407,46:15685,47:14926,49:11306,62:3894,69:2663,77:1892,87:1296,92:1149,95:1081,99:942,117:704,118:700,121:691,122:680,124:660,129:608,139:517,167:413,169:407,171:403,174:392,175:391,190:335,195:333,198:325,201:311,209:296,217:274,222:260,225:250,240:230,244:227,245:227,255:215,258:212,260:211,262:210,263:210,271:195,275:187,277:184,287:170,288:168,296:158,297:157,302:150,320:141,329:136,334:133,338:131,341:131,343:130,346:129,347:129,350:128,352:127,353:125,357:122,369:117,370:115,371:112,372:110,373:108,380:102,383:102	0	False	0
ecol-SAMN01112512	GP_unb_2	105:867	5	0.0	0.4830018916810376	2.06306281960046	GP_unb_23	193:334	5	0.0	0.17300503337316187	1.2369074536157079	5	-1.7546340496952537	15.529040101489139	0.07017622878265684	4:284609,25:65417,26:58284,39:25407,46:15685,47:14926,49:11306,69:2663,77:1892,87:1296,92:1149,95:1081,99:942,117:704,121:691,122:680,124:660,129:608,169:407,171:403,174:392,195:333,198:325,201:311,209:296,217:274,222:260,225:250,240:230,244:227,245:227,258:212,260:211,262:210,263:210,271:195,275:187,277:184,287:170,288:168,296:158,297:157,302:150,320:141,329:136,334:133,338:131,341:131,343:130,346:129,347:129,350:128,352:127,353:125,357:122,369:117,370:115,371:112,372:110,373:108,380:102,383:102	0	False	0
ecol-SAMN01112512	GP_unb_2	105:867	5	0.0	0.4830018916810376	2.06306281960046	GP_unb_24	196:325	5	0.0	0.3159559188188914	1.5547348160692784	5	-2.4270298676996043	16.50422446913956	0.08672613507405913	5:278359,25:65417,26:58284,28:47207,39:25407,46:15685,47:14926,52:6680,69:2663,77:1892,87:1296,92:1149,95:1081,99:942,117:704,121:691,122:680,124:660,125:646,127:635,129:608,139:517,167:413,169:407,170:403,171:403,174:392,175:391,184:366,195:333,198:325,201:311,209:296,217:274,222:260,223:254,225:250,238:236,240:230,244:227,245:227,258:212,260:211,262:210,263:210,271:195,274:188,275:187,277:184,287:170,288:168,296:158,297:157,302:150,320:141,329:136,334:133,338:131,341:131,343:130,346:129,347:129,350:128,352:127,353:125,357:122,369:117,370:115,371:112,372:110,373:108,375:104,380:102,383:102	0	False	0
ecol-SAMN01112512	GP_unb_2	105:867	5	0.0	0.4830018916810376	2.06306281960046	GP_unb_25	199:323	5	0.0	0.4678830282264288	1.0223731582155522	5	-2.1080072663898997	17.03873828802918	0.07017622878265686	5:278359,25:65417,26:58284,39:25407,46:15685,47:14926,49:11306,53:6602,69:2663,77:1892,87:1296,92:1149,95:1081,99:942,117:704,121:691,122:680,124:660,129:608,139:517,167:413,169:407,171:403,174:392,175:391,195:333,198:325,201:311,209:296,217:274,222:260,225:250,240:230,244:227,245:227,258:212,260:211,262:210,263:210,270:200,271:195,275:187,277:184,287:170,288:168,296:158,297:157,302:150,320:141,329:136,334:133,338:131,341:131,343:130,346:129,347:129,350:128,352:127,353:125,357:122,369:117,370:115,371:112,372:110,373:108,380:102	0	False	0
ecol-SAMN01112512	GP_unb_2	105:867	5	0.0	0.4830018916810376	2.06306281960046	GP_unb_26	200:313	4	0.0	0.36762863761215747	0.9918476547369178	5	-1.75373606776535	15.725849596369825	0.07017622878265684	4:284609,25:65417,26:58284,39:25407,46:15685,47:14926,49:11306,69:2663,77:1892,87:1296,92:1149,95:1081,99:942,117:704,121:691,122:680,124:660,129:608,169:407,171:403,174:392,195:333,198:325,201:311,209:296,222:260,225:250,240:230,244:227,245:227,258:212,260:211,262:210,271:195,275:187,277:184,287:170,288:168,296:158,297:157,302:150,320:141,334:133,338:131,341:131,343:130,346:129,352:127,353:125,357:122,370:115,371:112,372:110,373:108,380:102,383:102	0	False	0
ecol-SAMN01112512	GP_unb_2	105:867	5	0.0	0.4830018916810376	2.06306281960046	GP_unb_27	203:309	4	0.0	0.23686272894935378	1.1601042539327935	5	-2.450597103851429	16.422113402449455	0.07017622878265685	5:278359,18:109063,26:58284,46:15685,47:14926,49:11306,66:2910,69:2663,77:1892,80:1701,87:1296,92:1149,95:1081,99:942,117:704,121:691,122:680,124:660,129:608,139:517,167:413,169:407,171:403,174:392,175:391,195:333,198:325,201:311,209:296,217:274,222:260,225:250,227:247,237:237,238:236,240:230,244:227,245:227,258:212,260:211,262:210,263:210,271:195,275:187,277:184,287:170,288:168,296:158,297:157,300:155,302:150,304:149,320:141,329:136,334:133,338:131,341:131,343:130,346:129,347:129,350:128,352:127,353:125,357:122,369:117,370:115,371:112,372:110,373:108,383:102	0	False	0
ecol-SAMN01112512	GP_unb_2	105:867	5	0.0	0.4830018916810376	2.06306281960046	GP_unb_28	205:307	4	0.0	0.11910076686278126	1.1863448967519734	0	0	0	0		1	False	0
ecol-SAMN01112512	GP_unb_2	105:867	5	0.0	0.4830018916810376	2.06306281960046	GP_unb_29	206:305	5	0.0	0.48346626369272283	0.8287617143045884	5	-2.1637211680652206	17.642591891867035	0.07017622878265684	5:278359,25:65417,26:58284,39:25407,46:15685,47:14926,49:11306,53:6602,69:2663,77:1892,79:1726,87:1296,92:1149,95:1081,99:942,117:704,121:691,122:680,124:660,129:608,138:521,139:517,167:413,169:407,171:403,174:392,175:391,179:382,195:333,198:325,201:311,209:296,217:274,222:260,225:250,240:230,244:227,245:227,258:212,260:211,262:210,263:210,270:200,271:195,275:187,277:184,287:170,288:168,296:158,297:157,302:150,320:141,329:136,334:133,338:131,341:131,343:130,346:129,347:129,350:128,352:127,353:125,357:122,369:117,370:115,371:112,372:110,373:108,380:102	0	False	0
ecol-SAMN01112512	GP_unb_2	105:867	5	0.0	0.4830018916810376	2.06306281960046	GP_unb_30	207:305	4	0.0	0.06726916394455662	1.4923175781379023	0	0	0	0		1	False	0
ecol-SAMN01112512	GP_unb_2	105:867	5	0.0	0.4830018916810376	2.06306281960046	GP_unb_31	211:290	5	0.0	0.3053852483317213	2.5806691829338235	5	-1.9513784054110983	16.74977065738052	0.08672613507405913	18:109063,28:47207,39:25407,41:21232,46:15685,47:14926,69:2663,87:1296,92:1149,94:1095,95:1081,99:942,113:737,121:691,122:680,124:660,133:569,169:407,171:403,174:392,195:333,198:325,209:296,222:260,223:254,225:250,238:236,240:230,244:227,245:227,247:224,258:212,259:212,260:211,262:210,271:195,275:187,277:184,288:168,289:167,296:158,297:157,302:150,320:141,334:133,338:131,340:131,341:131,343:130,346:129,352:127,353:125,357:122,361:120,370:115,371:112,372:110,373:108,375:104,380:102,381:102,383:102	0	False	0
ecol-SAMN01112512	GP_unb_2	105:867	5	0.0	0.4830018916810376	2.06306281960046	GP_unb_32	212:288	4	0.0	0.1621704164157417	1.9053757435449339	5	-1.7306762669720397	15.03056110412361	0.07017622878265684	4:284609,25:65417,26:58284,39:25407,46:15685,47:14926,49:11306,69:2663,77:1892,87:1296,92:1149,95:1081,99:942,117:704,121:691,122:680,124:660,129:608,169:407,171:403,174:392,195:333,198:325,201:311,209:296,222:260,225:250,240:230,244:227,245:227,258:212,260:211,262:210,263:210,271:195,275:187,277:184,287:170,288:168,296:158,297:157,302:150,320:141,329:136,334:133,338:131,341:131,343:130,346:129,347:129,350:128,352:127,353:125,357:122,369:117,370:115,371:112,372:110,373:108,380:102,383:102	0	False	0
ecol-SAMN01112512	GP_unb_2	105:867	5	0.0	0.4830018916810376	2.06306281960046	GP_unb_33	213:287	4	0.0	0.49850254240803005	1.03992397149832	5	-2.4513365295379543	16.683753215908133	0.07017622878265682	5:278359,18:109063,26:58284,46:15685,47:14926,49:11306,66:2910,69:2663,77:1892,80:1701,87:1296,92:1149,95:1081,99:942,117:704,121:691,122:680,124:660,129:608,139:517,167:413,169:407,171:403,174:392,175:391,195:333,198:325,201:311,209:296,217:274,222:260,225:250,227:247,237:237,238:236,240:230,244:227,245:227,258:212,260:211,262:210,263:210,271:195,275:187,277:184,287:170,288:168,296:158,297:157,300:155,302:150,304:149,320:141,329:136,334:133,338:131,341:131,343:130,346:129,347:129,350:128,352:127,353:125,357:122,369:117,370:115,371:112,372:110,373:108,383:102	0	False	0
ecol-SAMN01112512	GP_unb_2	105:867	5	0.0	0.4830018916810376	2.06306281960046	GP_unb_34	215:286	4	0.0	0.47086832844672477	2.1005726159269504	5	-3.0012823019005723	15.446387208647632	0.07017622878336562	4:284609,25:65417,26:58284,39:25407,46:15685,47:14926,49:11306,62:3894,69:2663,77:1892,87:1296,92:1149,95:1081,99:942,117:704,118:700,121:691,122:680,124:660,129:608,139:517,167:413,169:407,171:403,174:392,175:391,188:340,190:335,195:333,198:325,201:311,209:296,217:274,222:260,225:250,240:230,244:227,245:227,248:222,255:215,258:212,260:211,262:210,263:210,271:195,275:187,277:184,287:170,288:168,296:158,297:157,302:150,320:141,329:136,334:133,338:131,341:131,343:130,346:129,347:129,350:128,352:127,353:125,357:122,369:117,370:115,371:112,372:110,373:108,380:102,383:102	0	False	0
ecol-SAMN01112512	GP_unb_2	105:867	5	0.0	0.4830018916810376	2.06306281960046	GP_unb_35	219:274	5	0.0	0.4991032585312828	0.7305342113244033	5	-2.229374354431685	14.788433856527217	0.07017622878265684	5:278359,11:156317,18:109063,26:58284,31:39302,46:15685,47:14926,49:11306,69:2663,77:1892,87:1296,92:1149,95:1081,99:942,112:743,117:704,121:691,122:680,124:660,129:608,139:517,167:413,169:407,171:403,174:392,175:391,183:369,195:333,198:325,201:311,209:296,217:274,222:260,225:250,227:247,238:236,240:230,244:227,245:227,258:212,260:211,262:210,263:210,271:195,275:187,277:184,287:170,288:168,296:158,297:157,302:150,309:147,320:141,329:136,334:133,338:131,341:131,343:130,346:129,347:129,349:129,350:128,352:127,353:125,357:122,369:117,370:115,371:112,372:110,373:108,383:102	0	False	0
ecol-SAMN01112512	GP_unb_2	105:867	5	0.0	0.4830018916810376	2.06306281960046	GP_unb_36	224:253	4	0.0	0.49754567536635763	1.0863397921527296	5	-2.4605391852240186	16.35476480833097	0.08672613507405913	5:278359,25:65417,26:58284,28:47207,39:25407,46:15685,47:14926,69:2663,77:1892,87:1296,92:1149,95:1081,99:942,117:704,121:691,122:680,124:660,125:646,129:608,139:517,167:413,169:407,171:403,174:392,175:391,195:333,198:325,201:311,209:296,217:274,222:260,223:254,225:250,238:236,240:230,244:227,245:227,258:212,260:211,262:210,263:210,271:195,275:187,277:184,287:170,288:168,296:158,297:157,302:150,320:141,329:136,334:133,338:131,341:131,343:130,346:129,347:129,350:128,352:127,353:125,357:122,369:117,370:115,371:112,372:110,373:108,375:104,380:102,383:102	0	False	0
ecol-SAMN01112512	GP_unb_2	105:867	5	0.0	0.4830018916810376	2.06306281960046	GP_unb_37	233:241	4	0.0	0.2307152384743133	5.300045340852107	5	-2.1092376151809558	14.97226334164627	0.07017622878265684	5:278359,25:65417,26:58284,36:28745,39:25407,46:15685,47:14926,49:11306,69:2663,77:1892,81:1698,87:1296,92:1149,95:1081,99:942,117:704,121:691,122:680,124:660,129:608,139:517,167:413,169:407,171:403,175:391,195:333,198:325,201:311,209:296,217:274,222:260,225:250,240:230,244:227,245:227,258:212,260:211,262:210,263:210,270:200,271:195,275:187,277:184,287:170,288:168,296:158,297:157,302:150,320:141,329:136,334:133,338:131,341:131,343:130,346:129,347:129,350:128,352:127,353:125,357:122,369:117,370:115,371:112,372:110,380:102,383:102	0	False	0
ecol-SAMN01112512	GP_unb_2	105:867	5	0.0	0.4830018916810376	2.06306281960046	GP_unb_38	234:240	4	0.0	0.014985838747219926	0.9672915296682311	5	-1.9962861885449157	15.63957842805189	0.07017622878265684	5:278359,25:65417,26:58284,39:25407,46:15685,47:14926,49:11306,69:2663,77:1892,87:1296,92:1149,95:1081,99:942,117:704,121:691,122:680,124:660,129:608,139:517,167:413,169:407,171:403,175:391,195:333,198:325,201:311,209:296,217:274,222:260,225:250,240:230,244:227,245:227,258:212,260:211,262:210,263:210,270:200,271:195,275:187,277:184,287:170,288:168,296:158,297:157,302:150,320:141,329:136,334:133,338:131,341:131,343:130,346:129,347:129,350:128,352:127,353:125,357:122,369:117,370:115,371:112,372:110,380:102,383:102	0	False	0
ecol-SAMN01112512	GP_unb_2	105:867	5	0.0	0.4830018916810376	2.06306281960046	GP_unb_39	239:235	5	0.0	0.05523044894165485	2.568982653370687	0	0	0	0		1	False	0
ecol-SAMN01112512	GP_unb_2	105:867	5	0.0	0.4830018916810376	2.06306281960046	GP_unb_40	251:217	5	0.0	0.33087371860253345	0.727456438250864	5	-1.861843146935162	16.59466188722971	0.08672613507405913	18:109063,28:47207,39:25407,41:21232,46:15685,47:14926,69:2663,87:1296,92:1149,94:1095,95:1081,99:942,121:691,122:680,124:660,169:407,171:403,174:392,195:333,198:325,209:296,222:260,223:254,225:250,238:236,240:230,244:227,245:227,247:224,258:212,259:212,260:211,262:210,271:195,275:187,277:184,288:168,289:167,296:158,297:157,302:150,320:141,334:133,338:131,340:131,341:131,343:130,346:129,352:127,353:125,357:122,370:115,371:112,372:110,373:108,375:104,380:102,381:102,383:102	0	False	0
ecol-SAMN01112512	GP_unb_2	105:867	5	0.0	0.4830018916810376	2.06306281960046	GP_unb_41	253:217	5	0.0	0.3983657488877117	1.2484798803722152	5	-1.861843146935162	16.66215391751489	0.08672613507405913	18:109063,28:47207,39:25407,41:21232,46:15685,47:14926,69:2663,87:1296,92:1149,94:1095,95:1081,99:942,121:691,122:680,124:660,169:407,171:403,174:392,195:333,198:325,209:296,222:260,223:254,225:250,238:236,240:230,244:227,245:227,247:224,258:212,259:212,260:211,262:210,271:195,275:187,277:184,288:168,289:167,296:158,297:157,302:150,320:141,334:133,338:131,340:131,341:131,343:130,346:129,352:127,353:125,357:122,370:115,371:112,372:110,373:108,375:104,380:102,381:102,383:102	0	False	0
ecol-SAMN01112512	GP_unb_2	105:867	5	0.0	0.4830018916810376	2.06306281960046	GP_unb_42	261:211	4	0.0	0.48208854903427056	1.0107046448850414	5	-2.1496080744671002	16.201900445848263	0.07017622878265684	5:278359,25:65417,26:58284,39:25407,46:15685,47:14926,49:11306,53:6602,69:2663,77:1892,87:1296,92:1149,95:1081,99:942,117:704,121:691,122:680,124:660,129:608,139:517,167:413,169:407,171:403,174:392,175:391,195:333,198:325,201:311,209:296,217:274,222:260,225:250,240:230,244:227,245:227,258:212,260:211,262:210,263:210,271:195,275:187,277:184,287:170,288:168,296:158,297:157,302:150,320:141,329:136,334:133,338:131,341:131,343:130,346:129,347:129,350:128,352:127,353:125,357:122,369:117,370:115,371:112,372:110,373:108,380:102,383:102	0	False	0
ecol-SAMN01112512	GP_unb_2	105:867	5	0.0	0.4830018916810376	2.06306281960046	GP_unb_43	268:200	5	0.0	0.49866384026374844	1.6398645179306555	5	-2.4052845656264634	18.35924277910696	0.0686112131224952	5:278359,25:65417,26:58284,28:47207,39:25407,46:15685,47:14926,56:4890,57:4638,62:3894,64:3376,69:2663,75:2184,77:1892,87:1296,92:1149,95:1081,99:942,121:691,122:680,124:660,129:608,131:601,162:417,169:407,171:403,174:392,175:391,195:333,201:311,209:296,222:260,223:254,225:250,238:236,240:230,244:227,245:227,255:215,258:212,260:211,262:210,271:195,272:194,275:187,277:184,288:168,296:158,297:157,302:150,320:141,334:133,338:131,341:131,343:130,346:129,352:127,353:125,357:122,370:115,371:112,372:110,373:108,375:104,380:102,383:102	0	False	0
ecol-SAMN01112512	GP_unb_2	105:867	5	0.0	0.4830018916810376	2.06306281960046	GP_unb_44	273:193	4	0.0	0.43106627873838343	0.7908645689766479	5	-2.396582598571428	16.692012691218903	0.08672613507405913	5:278359,25:65417,26:58284,28:47207,39:25407,46:15685,47:14926,69:2663,77:1892,87:1296,92:1149,95:1081,99:942,117:704,121:691,122:680,124:660,125:646,129:608,139:517,167:413,169:407,171:403,174:392,175:391,195:333,198:325,201:311,209:296,217:274,222:260,223:254,225:250,238:236,240:230,244:227,245:227,258:212,260:211,262:210,263:210,271:195,275:187,277:184,287:170,288:168,296:158,297:157,301:154,302:150,320:141,329:136,334:133,338:131,341:131,343:130,346:129,347:129,350:128,352:127,353:125,357:122,369:117,370:115,371:112,372:110,373:108,375:104,380:102,383:102	0	False	0
ecol-SAMN01112512	GP_unb_2	105:867	5	0.0	0.4830018916810376	2.06306281960046	GP_unb_45	278:183	5	0.0	0.19925047760085512	1.7989418466037899	0	0	0	0		1	False	0
ecol-SAMN01112512	GP_unb_2	105:867	5	0.0	0.4830018916810376	2.06306281960046	GP_unb_46	285:171	5	0.0	0.4106151985703018	3.4276483111283267	5	-2.229374354431685	14.155118723311677	0.07017622878265684	5:278359,11:156317,18:109063,26:58284,31:39302,46:15685,47:14926,49:11306,69:2663,77:1892,87:1296,92:1149,95:1081,99:942,117:704,121:691,122:680,124:660,129:608,132:571,139:517,167:413,169:407,171:403,174:392,175:391,195:333,198:325,201:311,209:296,217:274,222:260,225:250,227:247,238:236,240:230,244:227,245:227,258:212,260:211,262:210,263:210,271:195,275:187,277:184,287:170,288:168,296:158,297:157,302:150,309:147,312:146,320:141,329:136,334:133,338:131,341:131,343:130,346:129,347:129,349:129,350:128,352:127,353:125,357:122,369:117,370:115,371:112,372:110,373:108,383:102	0	False	0
ecol-SAMN01112512	GP_unb_2	105:867	5	0.0	0.4830018916810376	2.06306281960046	GP_unb_47	286:170	4	0.0	0.49988530574486256	2.064465083039819	5	-1.9272985287488023	16.663913200039804	0.08672613507405913	18:109063,28:47207,39:25407,41:21232,46:15685,47:14926,69:2663,87:1296,92:1149,95:1081,99:942,121:691,122:680,123:668,124:660,169:407,171:403,174:392,195:333,198:325,201:311,209:296,222:260,223:254,225:250,238:236,240:230,244:227,245:227,258:212,260:211,262:210,271:195,275:187,277:184,288:168,296:158,297:157,302:150,320:141,334:133,338:131,341:131,343:130,346:129,352:127,353:125,357:122,370:115,371:112,372:110,373:108,375:104,380:102,383:102	0	False	0
ecol-SAMN01112512	GP_unb_2	105:867	5	0.0	0.4830018916810376	2.06306281960046	GP_unb_48	290:166	4	0.0	0.4756751119523188	1.0018106313788724	5	-2.5185991781984103	16.332894244916933	0.08672613507405913	5:278359,25:65417,26:58284,28:47207,39:25407,46:15685,47:14926,69:2663,77:1892,87:1296,92:1149,95:1081,99:942,117:704,121:691,122:680,124:660,125:646,129:608,139:517,167:413,169:407,171:403,174:392,175:391,195:333,198:325,201:311,209:296,217:274,222:260,223:254,225:250,238:236,240:230,244:227,245:227,258:212,260:211,262:210,263:210,271:195,275:187,277:184,287:170,288:168,296:158,297:157,302:150,320:141,329:136,334:133,338:131,341:131,343:130,346:129,347:129,350:128,352:127,353:125,357:122,369:117,370:115,371:112,372:110,373:108,375:104,380:102,383:102	0	False	0
ecol-SAMN01112512	GP_unb_2	105:867	5	0.0	0.4830018916810376	2.06306281960046	GP_unb_49	292:163	5	0.0	0.3991831381705384	1.0584806911026836	5	-2.3672387156926704	16.660129550651057	0.08672613507405913	5:278359,25:65417,26:58284,28:47207,39:25407,46:15685,47:14926,69:2663,77:1892,87:1296,92:1149,95:1081,99:942,117:704,121:691,122:680,124:660,125:646,129:608,139:517,167:413,169:407,171:403,174:392,175:391,195:333,198:325,201:311,209:296,217:274,222:260,223:254,225:250,238:236,240:230,244:227,245:227,258:212,260:211,262:210,263:210,271:195,275:187,277:184,287:170,288:168,296:158,297:157,301:154,302:150,320:141,329:136,334:133,338:131,341:131,343:130,346:129,347:129,350:128,352:127,353:125,357:122,369:117,370:115,371:112,372:110,373:108,375:104,380:102,383:102	0	False	0
ecol-SAMN01112512	GP_unb_2	105:867	5	0.0	0.4830018916810376	2.06306281960046	GP_unb_50	294:159	5	0.0	0.40659751383693765	1.0624772920401282	5	-2.1080072663898997	15.677986820950943	0.07017622878265684	5:278359,25:65417,26:58284,39:25407,46:15685,47:14926,49:11306,53:6602,69:2663,77:1892,87:1296,92:1149,95:1081,99:942,117:704,121:691,122:680,124:660,129:608,139:517,167:413,169:407,171:403,174:392,175:391,195:333,198:325,201:311,209:296,217:274,222:260,240:230,244:227,245:227,258:212,260:211,262:210,263:210,270:200,271:195,275:187,277:184,287:170,288:168,296:158,297:157,320:141,329:136,334:133,338:131,341:131,343:130,346:129,347:129,350:128,352:127,353:125,357:122,369:117,372:110,373:108,380:102	0	False	0
ecol-SAMN01112512	GP_unb_2	105:867	5	0.0	0.4830018916810376	2.06306281960046	GP_unb_51	295:158	5	0.0	0.4868353133390596	0.8009326403089183	5	-2.624741270117996	16.082217870640005	0.05473678124144499	5:278359,25:65417,26:58284,28:47207,39:25407,46:15685,47:14926,58:4615,69:2663,77:1892,87:1296,92:1149,95:1081,99:942,110:773,117:704,121:691,122:680,124:660,125:646,129:608,139:517,167:413,169:407,171:403,174:392,175:391,191:335,195:333,198:325,201:311,209:296,217:274,221:261,222:260,223:254,225:250,228:247,238:236,240:230,244:227,245:227,258:212,260:211,262:210,263:210,271:195,275:187,277:184,287:170,288:168,296:158,297:157,302:150,320:141,324:137,329:136,334:133,338:131,341:131,343:130,346:129,347:129,350:128,352:127,353:125,357:122,369:117,370:115,371:112,372:110,373:108,375:104,380:102,383:102	0	False	0
ecol-SAMN01112512	GP_unb_2	105:867	5	0.0	0.4830018916810376	2.06306281960046	GP_unb_52	306:149	4	0.0	0.12152955326403547	1.1240898049142276	5	-2.748459611392524	15.418613406791357	0.0867261350740586	5:278359,21:93324,25:65417,26:58284,28:47207,39:25407,46:15685,47:14926,68:2802,69:2663,77:1892,87:1296,92:1149,95:1081,99:942,109:829,117:704,121:691,122:680,124:660,129:608,139:517,167:413,169:407,171:403,174:392,175:391,195:333,198:325,201:311,209:296,217:274,222:260,223:254,225:250,238:236,240:230,244:227,245:227,258:212,260:211,262:210,263:210,267:201,271:195,275:187,277:184,287:170,288:168,296:158,297:157,302:150,320:141,329:136,334:133,338:131,341:131,343:130,346:129,347:129,350:128,352:127,353:125,357:122,369:117,370:115,371:112,372:110,373:108,375:104,380:102,383:102	0	False	0
ecol-SAMN01112512	GP_unb_2	105:867	5	0.0	0.4830018916810376	2.06306281960046	GP_unb_53	308:147	5	0.0	0.4999524396595292	2.194977674885071	5	-1.836999658406411	15.642702987509315	0.08672613507405912	18:109063,28:47207,39:25407,41:21232,46:15685,47:14926,69:2663,87:1296,92:1149,95:1081,99:942,121:691,122:680,124:660,169:407,171:403,174:392,195:333,198:325,209:296,222:260,223:254,225:250,238:236,240:230,244:227,245:227,258:212,260:211,262:210,271:195,275:187,277:184,288:168,289:167,296:158,297:157,302:150,320:141,334:133,338:131,341:131,343:130,346:129,352:127,353:125,357:122,370:115,371:112,372:110,373:108,375:104,380:102,383:102	0	False	0
ecol-SAMN01112512	GP_unb_2	105:867	5	0.0	0.4830018916810376	2.06306281960046	GP_unb_54	310:146	4	0.0	0.4856807593758524	2.075028600769293	0	0	0	0		1	False	0
ecol-SAMN01112512	GP_unb_2	105:867	5	0.0	0.4830018916810376	2.06306281960046	GP_unb_55	311:146	5	0.0	0.46383632140430675	3.078507235018752	5	-2.16350113606133	17.445392049903308	0.07017622878265681	5:278359,25:65417,26:58284,39:25407,46:15685,47:14926,49:11306,53:6602,69:2663,77:1892,87:1296,92:1149,95:1081,99:942,117:704,121:691,122:680,124:660,129:608,138:521,139:517,167:413,169:407,171:403,174:392,175:391,179:382,195:333,198:325,201:311,209:296,217:274,222:260,225:250,240:230,244:227,245:227,258:212,260:211,262:210,263:210,270:200,271:195,275:187,277:184,287:170,288:168,296:158,297:157,302:150,320:141,329:136,334:133,338:131,341:131,343:130,346:129,347:129,350:128,352:127,353:125,357:122,369:117,370:115,371:112,372:110,373:108,380:102	0	False	0
ecol-SAMN01112512	GP_unb_2	105:867	5	0.0	0.4830018916810376	2.06306281960046	GP_unb_56	314:145	4	0.0	0.4841734857396268	2.2882387030714675	5	-1.7672003647574372	15.842394444497296	0.07017622878265685	4:284609,25:65417,26:58284,39:25407,46:15685,47:14926,49:11306,69:2663,77:1892,87:1296,92:1149,95:1081,99:942,117:704,121:691,122:680,124:660,129:608,169:407,171:403,174:392,195:333,198:325,201:311,209:296,222:260,225:250,240:230,244:227,245:227,258:212,260:211,262:210,271:195,275:187,277:184,287:170,288:168,296:158,297:157,302:150,320:141,334:133,338:131,341:131,343:130,346:129,352:127,353:125,357:122,370:115,371:112,372:110,373:108,380:102,383:102	0	False	0
ecol-SAMN01112512	GP_unb_2	105:867	5	0.0	0.4830018916810376	2.06306281960046	GP_unb_57	322:139	5	0.0	0.4867046665458492	1.7390679001780605	5	-2.3672387156926704	16.507326805187716	0.08672613507462693	5:278359,25:65417,26:58284,28:47207,39:25407,46:15685,47:14926,69:2663,77:1892,87:1296,92:1149,95:1081,99:942,117:704,121:691,122:680,124:660,125:646,129:608,139:517,167:413,169:407,171:403,174:392,175:391,195:333,198:325,201:311,209:296,217:274,222:260,223:254,225:250,238:236,240:230,244:227,245:227,258:212,260:211,262:210,263:210,271:195,275:187,277:184,287:170,288:168,296:158,297:157,301:154,302:150,303:149,320:141,329:136,334:133,338:131,341:131,343:130,346:129,347:129,350:128,352:127,353:125,357:122,369:117,370:115,371:112,372:110,373:108,375:104,380:102,383:102	0	False	0
ecol-SAMN01112512	GP_unb_2	105:867	5	0.0	0.4830018916810376	2.06306281960046	GP_unb_58	326:136	4	0.0	0.46092298778148244	0.8756940002942651	5	-2.5442585272814644	16.403060625077934	0.08672613507406705	5:278359,25:65417,26:58284,28:47207,39:25407,40:24871,46:15685,47:14926,69:2663,77:1892,78:1732,87:1296,92:1149,95:1081,99:942,117:704,121:691,122:680,124:660,129:608,135:562,139:517,167:413,169:407,171:403,174:392,175:391,195:333,198:325,201:311,209:296,217:274,222:260,223:254,225:250,238:236,240:230,244:227,245:227,258:212,260:211,262:210,263:210,271:195,275:187,277:184,287:170,288:168,296:158,297:157,302:150,320:141,328:136,329:136,334:133,338:131,341:131,343:130,346:129,347:129,350:128,352:127,353:125,357:122,369:117,370:115,371:112,372:110,373:108,375:104,380:102,383:102	0	False	0
ecol-SAMN01112512	GP_unb_2	105:867	5	0.0	0.4830018916810376	2.06306281960046	GP_unb_59	332:134	4	0.0	0.19898619631969083	1.024255854524927	5	-2.2581581512912505	13.882385214409819	0.07017622878265684	5:278359,11:156317,18:109063,26:58284,46:15685,47:14926,49:11306,69:2663,77:1892,87:1296,92:1149,95:1081,99:942,117:704,121:691,122:680,124:660,129:608,139:517,167:413,169:407,171:403,174:392,175:391,195:333,198:325,201:311,209:296,217:274,222:260,225:250,227:247,238:236,240:230,244:227,245:227,258:212,260:211,262:210,263:210,271:195,275:187,277:184,287:170,288:168,296:158,297:157,302:150,309:147,320:141,329:136,334:133,338:131,341:131,343:130,346:129,347:129,350:128,352:127,353:125,357:122,369:117,370:115,371:112,372:110,373:108,383:102	0	False	0
ecol-SAMN01112512	GP_unb_2	105:867	5	0.0	0.4830018916810376	2.06306281960046	GP_unb_60	333:134	4	0.0	0.47074537300663244	1.0965039500590033	5	-2.2526803129597797	14.15414439109676	0.07017622878265684	5:278359,11:156317,18:109063,26:58284,46:15685,47:14926,49:11306,69:2663,77:1892,87:1296,92:1149,95:1081,99:942,117:704,121:691,122:680,124:660,129:608,139:517,167:413,169:407,171:403,174:392,175:391,195:333,198:325,201:311,209:296,217:274,222:260,225:250,227:247,238:236,240:230,244:227,245:227,258:212,260:211,262:210,263:210,271:195,275:187,277:184,287:170,288:168,296:158,297:157,302:150,309:147,320:141,329:136,334:133,338:131,341:131,343:130,346:129,347:129,350:128,352:127,353:125,357:122,369:117,370:115,371:112,372:110,373:108,383:102	0	False	0
ecol-SAMN01112512	GP_unb_2	105:867	5	0.0	0.4830018916810376	2.06306281960046	GP_unb_61	337:131	5	0.0	0.31824610481183213	2.1374938819876705	5	-1.836999658406411	16.242357703904883	0.08672613507405913	18:109063,28:47207,39:25407,41:21232,46:15685,47:14926,69:2663,87:1296,92:1149,95:1081,99:942,121:691,122:680,124:660,169:407,171:403,174:392,195:333,198:325,209:296,222:260,223:254,225:250,238:236,240:230,244:227,245:227,247:224,258:212,260:211,262:210,271:195,275:187,277:184,288:168,289:167,296:158,297:157,302:150,320:141,334:133,338:131,341:131,343:130,346:129,352:127,353:125,357:122,370:115,371:112,372:110,373:108,375:104,380:102,381:102,383:102	0	False	0
ecol-SAMN01112512	GP_unb_2	105:867	5	0.0	0.4830018916810376	2.06306281960046	GP_unb_62	339:131	4	0.0	0.33822618651826997	1.906717952875541	5	-2.4633657646687346	18.07111498147163	0.06861121312249452	5:278359,25:65417,26:58284,28:47207,39:25407,46:15685,47:14926,56:4890,57:4638,62:3894,69:2663,75:2184,77:1892,87:1296,92:1149,95:1081,99:942,121:691,122:680,124:660,129:608,131:601,162:417,169:407,171:403,174:392,175:391,195:333,201:311,209:296,222:260,223:254,225:250,238:236,240:230,244:227,245:227,255:215,258:212,260:211,262:210,271:195,272:194,275:187,277:184,288:168,296:158,297:157,302:150,320:141,334:133,338:131,341:131,343:130,346:129,352:127,353:125,357:122,370:115,371:112,372:110,373:108,375:104,380:102,383:102	0	False	0
ecol-SAMN01112512	GP_unb_2	105:867	5	0.0	0.4830018916810376	2.06306281960046	GP_unb_63	348:129	4	0.0	0.40496560246745616	1.1240898049142276	5	-2.47908615178818	15.786293326470433	0.07017622878266043	5:278359,17:112208,25:65417,26:58284,29:44548,39:25407,46:15685,47:14926,49:11306,53:6602,69:2663,77:1892,87:1296,92:1149,95:1081,99:942,117:704,121:691,122:680,124:660,129:608,139:517,167:413,169:407,171:403,175:391,186:353,195:333,198:325,201:311,202:310,209:296,217:274,222:260,225:250,240:230,244:227,245:227,258:212,260:211,262:210,263:210,271:195,275:187,277:184,287:170,288:168,296:158,297:157,302:150,320:141,329:136,334:133,338:131,341:131,343:130,346:129,347:129,350:128,352:127,353:125,357:122,369:117,370:115,371:112,372:110,380:102,383:102	0	False	0
ecol-SAMN01112512	GP_unb_2	105:867	5	0.0	0.4830018916810376	2.06306281960046	GP_unb_64	360:121	4	0.0	0.015340682866147981	7.541808169160413	5	-1.9322019307620864	15.165133207406777	0.08672613507405913	18:109063,26:58284,28:47207,39:25407,41:21232,46:15685,47:14926,69:2663,77:1892,87:1296,92:1149,95:1081,99:942,106:864,121:691,122:680,124:660,129:608,169:407,171:403,174:392,195:333,198:325,201:311,209:296,222:260,223:254,225:250,238:236,240:230,244:227,245:227,258:212,260:211,262:210,271:195,275:187,277:184,288:168,296:158,297:157,302:150,320:141,334:133,338:131,341:131,343:130,346:129,352:127,353:125,357:122,370:115,371:112,372:110,373:108,375:104,380:102,383:102	0	False	0
ecol-SAMN01112512	GP_unb_2	105:867	5	0.0	0.4830018916810376	2.06306281960046	GP_unb_65	362:120	4	0.0	0.49507029606137076	0.9845720994616148	5	-2.4702208899100255	16.19155527060524	0.05473678124144499	5:278359,25:65417,26:58284,28:47207,39:25407,46:15685,47:14926,58:4615,69:2663,77:1892,87:1296,92:1149,95:1081,99:942,117:704,121:691,122:680,124:660,125:646,129:608,139:517,167:413,169:407,171:403,174:392,175:391,181:374,191:335,195:333,198:325,201:311,209:296,214:287,217:274,222:260,223:254,225:250,238:236,240:230,244:227,245:227,258:212,260:211,262:210,263:210,271:195,275:187,277:184,287:170,288:168,296:158,297:157,302:150,320:141,324:137,329:136,334:133,338:131,341:131,343:130,346:129,347:129,350:128,352:127,353:125,356:123,357:122,369:117,370:115,371:112,372:110,373:108,375:104,380:102,383:102	0	False	0
ecol-SAMN01112512	GP_unb_2	105:867	5	0.0	0.4830018916810376	2.06306281960046	GP_unb_66	363:120	5	0.0	0.4944025655749814	1.859854729110929	5	-2.4314599796241523	16.19088754011885	0.05473678124144499	5:278359,25:65417,26:58284,28:47207,39:25407,46:15685,47:14926,58:4615,69:2663,77:1892,87:1296,92:1149,95:1081,99:942,117:704,121:691,122:680,124:660,125:646,129:608,139:517,167:413,169:407,171:403,174:392,175:391,181:374,191:335,195:333,198:325,201:311,209:296,214:287,217:274,222:260,223:254,225:250,238:236,240:230,244:227,245:227,258:212,260:211,262:210,263:210,271:195,275:187,277:184,287:170,288:168,296:158,297:157,302:150,320:141,324:137,329:136,334:133,338:131,341:131,343:130,346:129,347:129,350:128,352:127,353:125,356:123,357:122,369:117,370:115,371:112,372:110,373:108,375:104,380:102,383:102	0	False	0
ecol-SAMN01112512	GP_unb_2	105:867	5	0.0	0.4830018916810376	2.06306281960046	GP_unb_67	364:120	5	0.0	0.492363952444446	1.9500079571694096	5	-2.216674038702878	15.455516511792194	0.07017622878265685	5:278359,9:208141,25:65417,26:58284,46:15685,47:14926,49:11306,69:2663,77:1892,87:1296,92:1149,95:1081,99:942,117:704,121:691,122:680,124:660,129:608,137:542,139:517,167:413,169:407,171:403,174:392,175:391,195:333,198:325,201:311,209:296,217:274,222:260,223:254,225:250,227:247,238:236,240:230,244:227,245:227,258:212,260:211,262:210,263:210,271:195,275:187,277:184,281:174,287:170,288:168,296:158,297:157,302:150,320:141,329:136,334:133,338:131,341:131,343:130,346:129,347:129,350:128,352:127,353:125,357:122,369:117,370:115,371:112,372:110,373:108,380:102,383:102	0	False	0
ecol-SAMN01112512	GP_unb_2	105:867	5	0.0	0.4830018916810376	2.06306281960046	GP_unb_68	367:118	5	0.0	0.16404894896900601	0.9318896325589356	5	-2.1080072663898997	17.231510125852672	0.07017622878265663	5:278359,25:65417,26:58284,39:25407,46:15685,47:14926,49:11306,53:6602,69:2663,77:1892,87:1296,92:1149,95:1081,99:942,117:704,121:691,122:680,124:660,129:608,139:517,167:413,169:407,171:403,174:392,175:391,195:333,198:325,201:311,209:296,217:274,222:260,225:250,240:230,244:227,245:227,258:212,260:211,262:210,263:210,270:200,271:195,275:187,277:184,287:170,288:168,296:158,297:157,302:150,320:141,329:136,334:133,336:132,338:131,341:131,343:130,346:129,347:129,350:128,352:127,353:125,357:122,369:117,370:115,371:112,372:110,373:108,380:102	0	False	0
ecol-SAMN01112512	GP_unb_2	105:867	5	0.0	0.4830018916810376	2.06306281960046	GP_unb_69	377:103	5	0.0	0.49966419986763255	1.1397218894223695	5	-2.0444770691866063	15.912305024614787	0.07017622878265684	5:278359,18:109063,26:58284,46:15685,47:14926,49:11306,66:2910,69:2663,77:1892,87:1296,92:1149,95:1081,99:942,117:704,121:691,122:680,124:660,129:608,139:517,167:413,169:407,171:403,174:392,175:391,195:333,198:325,201:311,209:296,217:274,222:260,225:250,227:247,238:236,240:230,244:227,245:227,258:212,260:211,262:210,263:210,271:195,275:187,277:184,287:170,288:168,296:158,297:157,302:150,304:149,320:141,329:136,334:133,338:131,341:131,343:130,346:129,347:129,350:128,352:127,353:125,357:122,369:117,370:115,371:112,372:110,373:108,383:102	0	False	0
ecol-SAMN01112512	GP_unb_2	105:867	5	0.0	0.4830018916810376	2.06306281960046	GP_unb_70	378:103	4	0.0	0.49998835869741776	0.9566889767680681	5	-2.0730189708675595	15.91262918344457	0.07017622878265684	5:278359,18:109063,26:58284,46:15685,47:14926,49:11306,66:2910,69:2663,77:1892,87:1296,92:1149,95:1081,99:942,117:704,121:691,122:680,124:660,129:608,139:517,167:413,169:407,171:403,174:392,175:391,195:333,198:325,201:311,209:296,217:274,222:260,225:250,227:247,238:236,240:230,244:227,245:227,258:212,260:211,262:210,263:210,271:195,275:187,277:184,287:170,288:168,296:158,297:157,302:150,304:149,320:141,329:136,334:133,338:131,341:131,343:130,346:129,347:129,350:128,352:127,353:125,357:122,369:117,370:115,371:112,372:110,373:108,383:102	0	False	0
ecol-SAMN01112512	GP_unb_2	105:867	5	0.0	0.4830018916810376	2.06306281960046	GP_unb_71	379:103	5	0.0	0.2259983118032789	1.9261694787003092	5	-2.1080072663898997	17.293459488686945	0.07017622878265684	5:278359,25:65417,26:58284,39:25407,46:15685,47:14926,49:11306,53:6602,69:2663,77:1892,87:1296,92:1149,95:1081,99:942,117:704,121:691,122:680,124:660,129:608,139:517,167:413,169:407,171:403,174:392,175:391,195:333,198:325,201:311,209:296,217:274,222:260,225:250,240:230,244:227,245:227,258:212,260:211,262:210,263:210,270:200,271:195,275:187,277:184,287:170,288:168,296:158,297:157,302:150,320:141,329:136,334:133,336:132,338:131,341:131,343:130,346:129,347:129,350:128,352:127,353:125,357:122,369:117,370:115,371:112,372:110,373:108,380:102	0	False	0
ecol-SAMN01112512	GP_unb_3	142:507	5	0.0	0.3245251361530843	9.544519612170564	GP_unb_4	146:468	5	0.0	0.06046954653248682	0.8870352187320776	0	0	0	0		1	False	0
ecol-SAMN01112512	GP_unb_3	142:507	5	0.0	0.3245251361530843	9.544519612170564	GP_unb_5	149:454	5	0.0	0.43020733534872635	0.9983334984821324	5	-2.4165016126083625	16.42932844963965	0.07017622878263075	5:278359,11:156317,18:109063,26:58284,31:39302,46:15685,47:14926,49:11306,61:3997,69:2663,77:1892,87:1296,92:1149,95:1081,99:942,112:743,115:732,117:704,121:691,122:680,124:660,128:612,129:608,139:517,167:413,169:407,171:403,174:392,175:391,178:383,183:369,195:333,198:325,201:311,209:296,217:274,222:260,223:254,225:250,226:248,227:247,238:236,240:230,244:227,245:227,258:212,260:211,262:210,263:210,269:200,271:195,275:187,277:184,287:170,288:168,296:158,297:157,302:150,309:147,320:141,329:136,334:133,338:131,341:131,343:130,346:129,347:129,349:129,350:128,352:127,353:125,357:122,369:117,370:115,371:112,372:110,373:108,383:102	0	False	0